t_s,fresh_pos,fresh_force,pos0,pos1,pos2,pos3,pos4,pos5,force0,force1,force2,force3,force4,force5,cur
2.710599,1,1,94,60,126,98,245,51,-1,0,25,0,0,0,47
2.723464,0,0,94,60,126,98,245,51,-1,0,25,0,0,0,47
2.727484,0,0,94,60,126,98,245,51,-1,0,25,0,0,0,47
2.735350,0,1,94,60,126,98,245,51,0,0,25,0,0,0,47
2.739484,0,0,94,60,126,98,245,51,0,0,25,0,0,0,47
2.743564,0,0,94,60,126,98,245,51,0,0,25,0,0,0,47
2.755210,0,0,94,60,126,98,245,51,0,0,25,0,0,0,47
2.759348,0,0,94,60,126,98,245,51,0,0,25,0,0,0,60
2.766631,1,1,94,60,129,98,245,51,0,0,27,0,0,0,60
2.770735,1,0,94,60,129,98,245,50,0,0,27,0,0,0,60
2.774813,0,0,94,60,129,98,245,50,0,0,27,0,0,0,60
2.787339,0,0,94,60,129,98,245,50,0,0,27,0,0,0,60
2.797194,1,1,94,60,133,98,245,50,0,0,25,0,0,0,57
2.801792,0,0,94,60,133,98,245,50,0,0,25,0,0,0,57
2.815818,0,0,94,60,133,98,245,50,0,0,25,0,0,0,57
2.820775,0,1,94,60,133,98,245,50,0,0,27,0,0,0,75
2.828443,1,0,94,60,135,98,245,50,0,0,27,0,0,0,75
2.832980,1,0,94,60,135,98,245,51,0,0,27,0,0,0,75
2.837238,0,0,94,60,135,98,245,51,0,0,27,0,0,0,75
2.848482,0,0,94,60,135,98,245,51,0,0,27,0,0,0,75
2.857995,1,1,94,60,137,98,245,51,0,0,25,0,0,0,49
2.862214,0,0,94,60,137,98,245,51,0,0,25,0,0,0,49
2.866473,0,0,94,60,137,98,245,51,0,0,25,0,0,0,49
2.879081,0,0,94,60,137,98,245,51,0,0,25,0,0,0,68
2.883159,1,0,94,60,140,98,245,51,0,0,25,0,0,0,68
2.890311,0,0,94,60,140,98,245,51,0,0,25,0,0,0,68
2.894410,1,0,94,60,140,98,245,50,0,0,25,0,0,0,68
2.898502,0,0,94,60,140,98,245,50,0,0,25,0,0,0,68
2.909986,0,0,94,60,140,98,245,50,0,0,25,0,0,0,68
2.914041,1,1,94,60,142,98,245,50,0,0,26,0,0,0,73
2.921002,0,0,94,60,142,98,245,50,0,0,26,0,0,0,73
2.924990,0,0,94,60,142,98,245,50,0,0,26,0,0,0,73
2.929085,0,0,94,60,142,98,245,50,0,0,26,0,0,0,73
2.940773,0,0,94,60,142,98,245,50,0,0,26,0,0,0,61
2.944853,1,1,94,60,144,98,245,50,0,0,24,0,0,0,61
2.951946,0,0,94,60,144,98,245,50,0,0,24,0,0,0,61
2.956018,0,0,94,60,144,98,245,50,0,0,24,0,0,0,61
2.960167,0,0,94,60,144,98,245,50,0,0,24,0,0,0,61
2.971610,0,0,94,60,144,98,245,50,0,0,24,0,0,0,102
2.975803,1,1,94,60,147,98,245,50,0,0,27,0,0,0,102
2.983153,1,0,94,60,147,98,245,51,0,0,27,0,0,0,102
2.987760,0,0,94,60,147,98,245,51,0,0,27,0,0,0,102
2.991872,0,0,94,60,147,98,245,51,0,0,27,0,0,0,102
3.003560,1,1,94,60,148,98,245,51,0,0,25,0,0,0,83
3.012822,0,0,94,60,148,98,245,51,0,0,25,0,0,0,83
3.017001,0,0,94,60,148,98,245,51,0,0,25,0,0,0,83
3.021678,0,0,94,60,148,98,245,51,0,0,25,0,0,0,83
3.034453,1,0,94,60,150,98,245,51,0,0,25,0,0,0,83
3.043910,0,0,94,60,150,98,245,51,0,0,25,0,0,0,83
3.048470,0,0,94,60,150,98,245,51,0,0,25,0,0,0,83
3.052777,0,0,94,60,150,98,245,51,0,0,25,0,0,0,83
3.065122,1,1,94,60,151,98,245,51,0,0,26,0,0,0,116
3.074770,0,0,94,60,151,98,245,51,0,0,26,0,0,0,116
3.078997,0,0,94,60,151,98,245,51,0,0,26,0,0,0,116
3.083556,0,0,94,60,151,98,245,51,0,0,26,0,0,0,147
3.095634,1,1,94,60,153,98,245,51,0,0,25,0,0,0,147
3.105758,0,0,94,60,153,98,245,51,0,0,25,0,0,0,147
3.111055,0,0,94,60,153,98,245,51,0,0,25,0,0,0,147
3.115758,1,1,94,60,156,98,245,51,0,0,24,0,0,0,82
3.126550,0,0,94,60,156,98,245,51,0,0,24,0,0,0,82
3.130714,0,0,94,60,156,98,245,51,0,0,24,0,0,0,82
3.138123,0,0,94,60,156,98,245,51,0,0,24,0,0,0,82
3.143292,0,0,94,60,156,98,245,51,0,0,24,0,0,0,86
3.156912,1,0,94,60,159,98,245,51,0,0,24,0,0,0,86
3.161798,1,0,94,60,159,98,245,50,0,0,24,0,0,0,86
3.169312,0,0,94,60,159,98,245,50,0,0,24,0,0,0,86
3.173479,0,0,94,60,159,98,245,50,0,0,24,0,0,0,16
3.177747,1,1,94,60,164,98,245,50,0,0,26,0,0,0,16
3.189442,0,0,94,60,164,98,245,50,0,0,26,0,0,0,16
3.198856,0,0,94,60,164,98,245,50,0,0,26,0,0,0,16
3.203320,0,0,94,60,164,98,245,50,0,0,26,0,0,0,26
3.207488,1,0,94,60,166,98,245,50,0,0,26,0,0,0,26
3.220290,1,0,94,60,166,98,245,51,0,0,26,0,0,0,26
3.229915,0,0,94,60,166,98,245,51,0,0,26,0,0,0,26
3.234601,1,1,94,60,168,98,245,51,0,0,24,0,0,0,147
3.239782,0,0,94,60,168,98,245,51,0,0,24,0,0,0,147
3.251033,0,0,94,60,168,98,245,51,0,0,24,0,0,0,147
3.260754,0,0,94,60,168,98,245,51,0,0,24,0,0,0,147
3.265241,1,1,94,60,170,98,245,51,0,0,25,0,0,0,91
3.270467,0,0,94,60,170,98,245,51,0,0,25,0,0,0,91
3.282344,0,0,94,60,170,98,245,51,0,0,25,0,0,0,91
3.291798,0,0,94,60,170,98,245,51,0,0,25,0,0,0,91
3.295943,0,0,94,60,170,98,245,51,0,0,25,0,0,0,91
3.300450,0,0,94,60,170,98,245,51,0,0,25,0,0,0,91
3.313244,0,0,94,60,170,98,245,51,0,0,25,0,0,0,91
3.322720,0,0,94,60,170,98,245,51,0,0,25,0,0,0,91
3.326800,1,1,94,60,172,98,245,51,0,0,24,0,0,0,74
3.331667,0,0,94,60,172,98,245,51,0,0,24,0,0,0,74
3.344189,0,0,94,60,172,98,245,51,0,0,24,0,0,0,74
3.354124,0,0,94,60,172,98,245,51,0,0,24,0,0,0,74
3.359332,1,1,94,60,175,98,245,51,0,0,25,0,0,0,91
3.363460,0,0,94,60,175,98,245,51,0,0,25,0,0,0,91
3.374940,0,0,94,60,175,98,245,51,0,0,25,0,0,0,91
3.384477,0,0,94,60,175,98,245,51,0,0,25,0,0,0,91
3.388993,1,1,94,60,179,98,245,51,0,0,24,0,0,0,72
3.393122,1,0,94,60,179,98,245,50,0,0,24,0,0,0,72
3.406148,0,0,94,60,179,98,245,50,0,0,24,0,0,0,72
3.415613,0,0,94,60,179,98,245,50,0,0,24,0,0,0,72
3.420094,1,1,94,60,180,98,245,50,0,0,27,0,0,0,84
3.424599,0,0,94,60,180,98,245,50,0,0,27,0,0,0,84
3.436787,0,0,94,60,180,98,245,50,0,0,27,0,0,0,84
3.446613,0,0,94,60,180,98,245,50,0,0,27,0,0,0,65
3.450767,1,1,94,60,182,98,245,50,0,0,25,0,0,0,65
3.455308,0,0,94,60,182,98,245,50,0,0,25,0,0,0,65
3.468386,0,0,94,60,182,98,245,50,0,0,25,0,0,0,65
3.478247,0,1,94,60,182,98,245,50,0,0,26,0,0,0,68
3.482359,1,0,94,60,184,98,245,50,0,0,26,0,0,0,68
3.486918,0,0,94,60,184,98,245,50,0,0,26,0,0,0,68
3.498444,0,0,94,60,184,98,245,50,0,0,26,0,0,0,68
3.502505,1,1,94,60,186,98,245,50,0,0,27,0,0,0,83
3.509940,0,0,94,60,186,98,245,50,0,0,27,0,0,0,83
3.513988,0,0,94,60,186,98,245,50,0,0,27,0,0,0,83
3.518046,0,0,94,60,186,98,245,50,0,0,27,0,0,0,83
3.529640,0,0,94,60,186,98,245,50,0,0,27,0,0,0,83
3.533794,0,1,94,60,186,98,245,50,0,0,24,0,0,0,61
3.541264,1,0,94,60,189,98,245,50,0,0,24,0,0,0,61
3.545383,1,0,94,60,189,98,245,51,0,0,24,0,0,0,61
3.549495,0,0,94,60,189,98,245,51,0,0,24,0,0,0,61
3.560331,0,0,94,60,189,98,245,51,0,0,24,0,0,0,61
3.564445,1,1,94,60,192,98,245,51,0,0,27,0,0,0,70
3.571439,0,0,94,60,192,98,245,51,0,0,27,0,0,0,70
3.575570,0,0,94,60,192,98,245,51,0,0,27,0,0,0,70
3.579666,0,0,94,60,192,98,245,51,0,0,27,0,0,0,70
3.591309,0,0,94,60,192,98,245,51,0,0,27,0,0,0,70
3.595430,0,1,94,60,192,98,245,51,0,0,24,0,0,0,58
3.602486,1,0,94,60,194,98,245,51,0,0,24,0,0,0,58
3.607212,0,0,94,60,194,98,245,51,0,0,24,0,0,0,58
3.611294,0,0,94,60,194,98,245,51,0,0,24,0,0,0,58
3.622660,0,0,94,60,194,98,245,51,0,0,24,0,0,0,58
3.632448,1,1,94,60,196,98,245,51,0,0,25,1,0,0,74
3.636984,0,0,94,60,196,98,245,51,0,0,25,1,0,0,74
3.641511,0,0,94,60,196,98,245,51,0,0,25,1,0,0,74
3.653733,0,0,94,60,196,98,245,51,0,0,25,1,0,0,74
3.663438,1,1,94,60,199,98,245,51,0,0,25,0,0,0,82
3.668053,0,0,94,60,199,98,245,51,0,0,25,0,0,0,82
3.672575,0,0,94,60,199,98,245,51,0,0,25,0,0,0,82
3.685164,0,0,94,60,199,98,245,51,0,0,25,0,0,0,82
3.694539,0,0,94,60,199,98,245,51,0,0,25,0,0,0,82
3.699828,0,0,94,60,199,98,245,51,0,0,25,0,0,0,82
3.704377,0,0,94,60,199,98,245,51,0,0,25,0,0,0,82
3.715817,0,0,94,60,199,98,245,51,0,0,25,0,0,0,90
3.725616,1,1,94,60,203,98,245,51,0,0,27,0,0,0,90
3.730820,0,0,94,60,203,98,245,51,0,0,27,0,0,0,90
3.735773,0,0,94,60,203,98,245,51,0,0,27,0,0,0,90
3.747283,0,0,94,60,203,98,245,51,0,0,27,0,0,0,47
3.757193,1,1,94,60,205,98,245,51,0,0,23,0,0,0,47
3.761809,0,0,94,60,205,98,245,51,0,0,23,0,0,0,47
3.776162,0,0,94,60,205,98,245,51,0,0,23,0,0,0,47
3.781209,1,1,94,60,208,98,245,51,0,0,25,0,0,0,70
3.788760,1,0,94,60,208,98,245,50,0,0,25,0,0,0,70
3.792869,0,0,94,60,208,98,245,50,0,0,25,0,0,0,70
3.807173,0,0,94,60,208,98,245,50,0,0,25,0,0,0,83
3.811341,1,0,94,60,210,98,245,50,0,0,25,0,0,0,83
3.820468,0,0,94,60,210,98,245,50,0,0,25,0,0,0,83
3.824970,0,0,94,60,210,98,245,50,0,0,25,0,0,0,83
3.838320,0,1,94,60,210,98,245,50,0,0,22,0,0,0,64
3.842793,1,0,94,60,212,98,245,50,0,0,22,0,0,0,64
3.851188,0,0,94,60,212,98,245,50,0,0,22,0,0,0,64
3.856819,0,0,94,60,212,98,245,50,0,0,22,0,0,0,64
3.871082,1,1,94,60,214,98,245,50,0,0,25,0,0,0,84
3.881148,1,0,94,60,214,98,245,51,0,0,25,0,0,0,84
3.885360,0,0,94,60,214,98,245,51,0,0,25,0,0,0,84
3.889873,0,1,94,60,214,98,245,51,0,0,23,0,0,0,62
3.901611,1,0,94,60,216,98,245,51,0,0,23,0,0,0,62
3.911537,0,0,94,60,216,98,245,51,0,0,23,0,0,0,62
3.916110,0,0,94,60,216,98,245,51,0,0,23,0,0,0,62
3.920783,0,0,94,60,216,98,245,51,0,0,23,0,0,0,84
3.932807,1,1,94,60,218,98,245,51,0,0,24,0,0,0,84
3.942237,0,0,94,60,218,98,245,51,0,0,24,0,0,0,84
3.946353,0,0,94,60,218,98,245,51,0,0,24,0,0,0,84
3.950903,0,0,94,60,218,98,245,51,0,0,24,0,0,0,97
3.963482,1,0,94,60,221,98,245,51,0,0,24,0,0,0,97
3.973198,0,0,94,60,221,98,245,51,0,0,24,0,0,0,97
3.977670,0,0,94,60,221,98,245,51,0,0,24,0,0,0,97
3.982130,0,1,94,60,221,98,245,51,0,0,22,0,0,0,74
3.994926,1,0,94,60,224,98,245,51,0,0,22,0,0,0,74
4.004716,0,0,94,60,224,98,245,51,0,0,22,0,0,0,74
4.008888,0,0,94,60,224,98,245,51,0,0,22,0,0,0,74
4.012998,1,1,94,60,226,98,245,51,0,0,25,0,0,0,100
4.025065,0,0,94,60,226,98,245,51,0,0,25,0,0,0,100
4.029576,0,0,94,60,226,98,245,51,0,0,25,0,0,0,100
4.036390,0,0,94,60,226,98,245,51,0,0,25,0,0,0,100
4.040908,0,0,94,60,226,98,245,51,0,0,25,0,0,0,73
4.045385,1,1,94,60,229,98,245,51,0,0,22,0,0,0,73
4.056457,0,0,94,60,229,98,245,51,0,0,22,0,0,0,73
4.065943,0,0,94,60,229,98,245,51,0,0,22,0,0,0,73
4.070466,0,0,94,60,229,98,245,51,0,0,22,0,0,0,90
4.074953,1,1,94,60,231,98,245,51,0,0,23,0,0,0,90
4.087369,0,0,94,60,231,98,245,51,0,0,23,0,0,0,90
4.091444,0,0,94,60,231,98,245,51,0,0,23,0,0,0,90
4.098942,0,0,94,60,231,98,245,51,0,0,23,0,0,0,90
4.102954,1,1,94,59,231,98,245,51,0,0,22,0,0,0,81
4.107021,1,0,94,59,233,98,245,51,0,0,22,0,0,0,81
4.118381,0,0,94,59,233,98,245,51,0,0,22,0,0,0,81
4.122472,0,0,94,59,233,98,245,51,0,0,22,0,0,0,81
4.129391,0,0,94,59,233,98,245,51,0,0,22,0,0,0,81
4.133571,0,1,94,59,233,98,245,51,0,0,21,0,0,0,63
4.137703,1,0,94,59,235,98,245,51,0,0,21,0,0,0,63
4.149613,0,0,94,59,235,98,245,51,0,0,21,0,0,0,63
4.159129,0,0,94,59,235,98,245,51,0,0,21,0,0,0,63
4.163169,0,1,94,59,235,98,245,51,0,0,24,0,0,0,85
4.167281,1,0,94,59,238,98,245,51,0,0,24,0,0,0,85
4.180965,1,0,94,59,238,98,245,50,0,0,24,0,0,0,85
4.191080,0,0,94,59,238,98,245,50,0,0,24,0,0,0,85
4.195274,1,1,94,59,240,98,245,50,0,0,21,0,0,0,51
4.200127,0,0,94,59,240,98,245,50,0,0,21,0,0,0,51
4.211478,0,0,94,59,240,98,245,50,0,0,21,0,0,0,51
4.221103,0,0,94,59,240,98,245,50,0,0,21,0,0,0,51
4.225607,1,1,94,59,242,98,245,50,0,0,24,0,0,0,63
4.230551,0,0,94,59,242,98,245,50,0,0,24,0,0,0,63
4.242237,0,0,94,59,242,98,245,50,0,0,24,0,0,0,63
4.252027,0,0,94,59,242,98,245,50,0,0,24,0,0,0,63
4.256964,1,1,94,59,244,98,245,50,0,0,22,0,0,0,72
4.261836,1,0,94,59,244,98,245,51,0,0,22,0,0,0,72
4.273350,0,0,94,59,244,98,245,51,0,0,22,0,0,0,72
4.283298,0,0,94,59,244,98,245,51,0,0,22,0,0,0,72
4.288194,1,0,94,59,248,98,245,51,0,0,22,0,0,0,65
4.292344,0,0,94,59,248,98,245,51,0,0,22,0,0,0,65
4.304866,0,0,94,59,248,98,245,51,0,0,22,0,0,0,65
4.314236,0,1,94,59,248,98,245,51,0,0,25,0,0,0,82
4.318810,1,1,94,59,250,98,245,51,0,0,25,0,0,1,82
4.322865,0,0,94,59,250,98,245,51,0,0,25,0,0,1,82
4.335742,0,0,94,59,250,98,245,51,0,0,25,0,0,1,82
4.345114,0,0,94,59,250,98,245,51,0,0,25,0,0,1,52
4.349712,1,1,94,59,251,98,245,51,0,0,22,0,0,0,52
4.354687,0,0,94,59,251,98,245,51,0,0,22,0,0,0,52
4.366745,0,0,94,59,251,98,245,51,0,0,22,0,0,0,52
4.376357,1,1,94,59,252,98,245,51,0,0,23,1,0,0,67
4.380898,1,1,94,59,252,98,245,50,0,0,23,1,0,1,67
4.385438,0,0,94,59,252,98,245,50,0,0,23,1,0,1,67
4.397763,0,0,94,59,252,98,245,50,0,0,23,1,0,1,67
4.407118,1,0,94,59,254,98,245,50,0,0,23,1,0,1,73
4.411674,0,1,94,59,254,98,245,50,0,0,23,0,0,1,73
4.416121,0,0,94,59,254,98,245,50,0,0,23,0,0,1,73
4.427823,0,0,94,59,254,98,245,50,0,0,23,0,0,1,73
4.432277,1,1,94,59,256,98,245,50,0,0,22,0,0,1,67
4.439624,0,1,94,59,256,98,245,50,0,0,22,0,0,0,67
4.444736,0,0,94,59,256,98,245,50,0,0,22,0,0,0,67
4.458563,0,0,94,59,256,98,245,50,0,0,22,0,0,0,67
4.463061,1,1,94,59,259,98,245,50,0,0,24,0,0,0,89
4.470251,0,0,94,59,259,98,245,50,0,0,24,0,0,0,89
4.474427,0,0,94,59,259,98,245,50,0,0,24,0,0,0,89
4.478967,0,0,94,59,259,98,245,50,0,0,24,0,0,0,89
4.490155,0,0,94,59,259,98,245,50,0,0,24,0,0,0,89
4.494307,0,0,94,59,259,98,245,50,0,0,24,0,0,0,89
4.501990,0,1,94,59,259,98,245,50,0,0,24,0,0,1,89
4.506618,0,0,94,59,259,98,245,50,0,0,24,0,0,1,89
4.519946,0,0,94,59,259,98,245,50,0,0,24,0,0,1,89
4.524500,1,1,94,59,264,98,245,50,0,0,25,0,0,1,67
4.532289,0,0,94,59,264,98,245,50,0,0,25,0,0,1,67
4.536461,0,0,94,59,264,98,245,50,0,0,25,0,0,1,67
4.540640,0,0,94,59,264,98,245,50,0,0,25,0,0,1,67
4.552123,1,1,94,60,266,98,245,50,0,0,23,0,0,1,72
4.561893,1,0,94,60,266,98,245,51,0,0,23,0,0,1,72
4.566074,0,0,94,60,266,98,245,51,0,0,23,0,0,1,72
4.570221,0,0,94,60,266,98,245,51,0,0,23,0,0,1,72
4.583522,1,1,94,60,269,98,245,51,0,0,21,0,0,1,48
4.592954,0,0,94,60,269,98,245,51,0,0,21,0,0,1,48
4.597120,0,0,94,60,269,98,245,51,0,0,21,0,0,1,48
4.601722,0,0,94,60,269,98,245,51,0,0,21,0,0,1,48
4.614120,1,1,94,60,271,98,245,51,0,0,24,0,0,1,70
4.623772,0,1,94,60,271,98,245,51,0,0,24,0,0,0,70
4.628195,0,0,94,60,271,98,245,51,0,0,24,0,0,0,70
4.632356,0,0,94,60,271,98,245,51,0,0,24,0,0,0,50
4.645449,1,1,94,60,273,98,245,51,0,0,21,0,0,0,50
4.655063,1,1,94,60,273,98,245,50,0,0,21,0,0,1,50
4.659565,0,0,94,60,273,98,245,50,0,0,21,0,0,1,50
4.664445,0,0,94,60,273,98,245,50,0,0,21,0,0,1,63
4.675794,1,1,94,60,275,98,245,50,0,0,24,0,0,1,63
4.685600,0,1,94,60,275,98,245,50,0,0,24,0,0,0,63
4.689744,0,0,94,60,275,98,245,50,0,0,24,0,0,0,63
4.693882,0,0,94,60,275,98,245,50,0,0,24,0,0,0,64
4.707092,1,1,94,60,277,98,245,50,0,0,22,0,0,0,64
4.716813,1,0,94,60,277,98,245,51,0,0,22,0,0,0,64
4.721824,0,0,94,60,277,98,245,51,0,0,22,0,0,0,64
4.726344,1,1,94,60,278,98,245,51,0,0,21,0,0,0,50
4.738083,0,0,94,60,278,98,245,51,0,0,21,0,0,0,50
4.742200,0,0,94,60,278,98,245,51,0,0,21,0,0,0,50
4.749394,0,0,94,60,278,98,245,51,0,0,21,0,0,0,50
4.753505,0,0,94,60,278,98,245,51,0,0,21,0,0,0,50
4.757579,1,1,94,60,280,98,245,51,0,0,24,0,0,0,66
4.768621,0,0,94,60,280,98,245,51,0,0,24,0,0,0,66
4.772713,0,0,94,60,280,98,245,51,0,0,24,0,0,0,66
4.780171,0,0,94,60,280,98,245,51,0,0,24,0,0,0,66
4.784268,0,0,94,60,280,98,245,51,0,0,24,0,0,0,60
4.788421,1,1,94,60,283,98,245,51,0,0,22,0,0,0,60
4.799971,0,1,94,60,283,98,245,51,0,0,22,0,0,1,60
4.804025,0,0,94,60,283,98,245,51,0,0,22,0,0,1,60
4.810961,0,0,94,60,283,98,245,51,0,0,22,0,0,1,60
4.815051,0,1,94,60,283,98,245,51,0,0,23,0,0,1,89
4.819484,1,0,94,60,285,98,245,51,0,0,23,0,0,1,89
4.831108,1,1,94,60,285,98,245,50,0,0,23,0,0,0,89
4.840812,0,0,94,60,285,98,245,50,0,0,23,0,0,0,89
4.844944,0,1,94,60,285,98,245,50,0,0,20,0,0,0,59
4.849133,1,0,94,60,288,98,245,50,0,0,20,0,0,0,59
4.861777,0,0,94,60,288,98,245,50,0,0,20,0,0,0,59
4.866246,0,0,94,60,288,98,245,50,0,0,20,0,0,0,59
4.872937,0,0,94,60,288,98,245,50,0,0,20,0,0,0,59
4.877478,1,1,94,60,292,98,245,50,0,0,23,0,0,0,79
4.891360,1,1,94,60,292,98,245,51,0,0,23,0,0,1,79
4.895608,0,0,94,60,292,98,245,51,0,0,23,0,0,1,79
4.903797,0,0,94,60,292,98,245,51,0,0,23,0,0,1,79
4.907887,0,0,94,60,292,98,245,51,0,0,23,0,0,1,79
4.912337,0,1,94,60,292,98,245,51,0,0,23,0,0,0,79
4.923962,0,0,94,60,292,98,245,51,0,0,23,0,0,0,79
4.933791,0,0,94,60,292,98,245,51,0,0,23,0,0,0,79
4.938291,1,1,94,60,297,98,245,51,0,0,22,0,0,0,79
4.942479,0,1,94,60,297,98,245,51,0,0,22,0,0,1,79
4.954912,0,0,94,60,297,98,245,51,0,0,22,0,0,1,79
4.959071,0,0,94,60,297,98,245,51,0,0,22,0,0,1,79
4.966463,0,0,94,60,297,98,245,51,0,0,22,0,0,1,85
4.970577,1,1,94,60,299,98,245,51,0,0,21,0,0,1,85
4.974764,0,0,94,60,299,98,245,51,0,0,21,0,0,1,85
4.986243,0,0,94,60,299,98,245,51,0,0,21,0,0,1,85
4.995733,0,0,94,60,299,98,245,51,0,0,21,0,0,1,85
4.999933,1,1,94,60,301,98,245,51,0,0,19,0,0,1,81
5.004113,0,0,94,60,301,98,245,51,0,0,19,0,0,1,81
5.017096,0,0,94,60,301,98,245,51,0,0,19,0,0,1,81
5.026862,0,0,94,60,301,98,245,51,0,0,19,0,0,1,81
5.031525,1,1,94,60,303,98,245,51,0,0,22,0,0,1,99
5.036010,0,1,94,60,303,98,245,51,0,0,22,0,0,0,99
5.048371,0,0,94,60,303,98,245,51,0,0,22,0,0,0,99
5.057802,0,0,94,60,303,98,245,51,0,0,22,0,0,0,99
5.062233,1,1,94,60,306,98,245,51,0,0,19,0,0,0,75
5.066383,0,1,94,60,306,98,245,51,0,0,19,0,0,1,75
5.079228,0,0,94,60,306,98,245,51,0,0,19,0,0,1,75
5.088604,0,0,94,60,306,98,245,51,0,0,19,0,0,1,75
5.092791,0,0,94,60,306,98,245,51,0,0,19,0,0,1,75
5.097759,0,0,94,60,306,98,245,51,0,0,19,0,0,1,75
5.109842,0,0,94,60,306,98,245,51,0,0,19,0,0,1,75
5.119866,0,0,94,60,306,98,245,51,0,0,19,0,0,1,92
5.124065,1,1,94,60,310,98,245,51,0,0,21,0,0,1,92
5.128133,0,0,94,60,310,98,245,51,0,0,21,0,0,1,92
5.140860,0,0,94,60,310,98,245,51,0,0,21,0,0,1,92
5.150499,0,0,94,60,310,98,245,51,0,0,21,0,0,1,66
5.154684,1,1,94,60,312,98,245,51,0,0,20,0,0,0,66
5.158738,1,0,94,60,312,98,245,50,0,0,20,0,0,0,66
5.172217,0,0,94,60,312,98,245,50,0,0,20,0,0,0,66
5.181717,1,1,94,60,314,98,245,50,0,0,22,0,0,0,75
5.186306,0,1,94,60,314,98,245,50,0,0,22,0,0,1,75
5.190501,0,0,94,60,314,98,245,50,0,0,22,0,0,1,75
5.203166,0,0,94,60,314,98,245,50,0,0,22,0,0,1,75
5.212892,1,1,94,60,317,98,245,50,0,0,19,0,0,1,49
5.217103,1,0,94,60,317,98,245,51,0,0,19,0,0,1,49
5.222015,0,0,94,60,317,98,245,51,0,0,19,0,0,1,49
5.233836,0,0,94,60,317,98,245,51,0,0,19,0,0,1,49
5.243462,1,1,94,60,319,98,245,51,0,0,22,0,0,1,71
5.248633,0,1,94,60,319,98,245,51,0,0,22,0,0,0,71
5.253140,0,0,94,60,319,98,245,51,0,0,22,0,0,0,71
5.264801,0,0,94,60,319,98,245,51,0,0,22,0,0,0,71
5.274463,0,1,94,60,319,98,245,51,0,0,20,0,0,0,64
5.279007,1,0,94,60,322,98,245,51,0,0,20,0,0,0,64
5.284090,0,0,94,60,322,98,245,51,0,0,20,0,0,0,64
5.296148,0,0,94,60,322,98,245,51,0,0,20,0,0,0,51
5.305882,1,1,94,60,324,98,245,51,0,0,19,0,0,0,51
5.309997,1,0,94,60,324,98,245,50,0,0,19,0,0,0,51
5.314825,0,0,94,60,324,98,245,50,0,0,19,0,0,0,51
5.327187,0,0,94,60,324,98,245,50,0,0,19,0,0,0,51
5.337345,1,1,94,60,326,98,245,50,0,0,22,0,0,0,85
5.343916,0,0,94,60,326,98,245,50,0,0,22,0,0,0,85
5.357245,0,0,94,60,326,98,245,50,0,0,22,0,0,0,85
5.361598,0,0,94,60,326,98,245,50,0,0,22,0,0,0,85
5.369116,0,0,94,60,326,98,245,50,0,0,22,0,0,0,85
5.373263,0,0,94,60,326,98,245,50,0,0,22,0,0,0,85
5.377347,0,0,94,60,326,98,245,50,0,0,22,0,0,0,85
5.389156,0,0,94,60,326,98,245,50,0,0,22,0,0,0,74
5.398966,1,0,94,60,329,98,245,50,0,0,22,0,0,0,74
5.403447,1,0,94,60,329,98,245,51,0,0,22,0,0,0,74
5.408037,0,0,94,60,329,98,245,51,0,0,22,0,0,0,74
5.419366,0,0,94,60,329,98,245,51,0,0,22,0,0,0,50
5.423457,1,1,94,60,331,98,245,51,0,0,20,0,0,0,50
5.430465,0,1,94,60,331,98,245,51,0,0,20,0,0,1,50
5.434554,0,0,94,60,331,98,245,51,0,0,20,0,0,1,50
5.438577,0,0,94,60,331,98,245,51,0,0,20,0,0,1,50
5.450251,0,0,94,60,331,98,245,51,0,0,20,0,0,1,66
5.454377,1,0,94,60,334,98,245,51,0,0,20,0,0,1,66
5.462000,0,0,94,60,334,98,245,51,0,0,20,0,0,1,66
5.466924,0,0,94,60,334,98,245,51,0,0,20,0,0,1,66
5.480168,0,0,94,60,334,98,245,51,0,0,20,0,0,1,73
5.484355,1,1,94,60,335,98,245,51,0,0,21,0,0,1,73
5.493025,0,0,94,60,335,98,245,51,0,0,21,0,0,1,73
5.497574,0,0,94,60,335,98,245,51,0,0,21,0,0,1,73
5.511037,0,0,94,60,335,98,245,51,0,0,21,0,0,1,41
5.515906,1,1,94,60,338,98,245,51,0,0,19,0,0,1,41
5.524061,0,0,94,60,338,98,245,51,0,0,19,0,0,1,41
5.528182,0,0,94,60,338,98,245,51,0,0,19,0,0,1,41
5.542086,0,1,94,60,338,98,245,51,0,0,21,0,0,1,66
5.546605,1,0,94,60,341,98,245,51,0,0,21,0,0,1,66
5.554942,0,0,94,60,341,98,245,51,0,0,21,0,0,1,66
5.559104,0,0,94,60,341,98,245,51,0,0,21,0,0,1,66
5.563276,1,1,94,60,344,98,245,51,0,0,19,0,0,1,68
5.575035,0,0,94,60,344,98,245,51,0,0,19,0,0,1,68
5.584734,0,1,94,60,344,98,245,51,0,0,19,0,0,0,68
5.588972,0,0,94,60,344,98,245,51,0,0,19,0,0,0,68
5.593078,0,0,94,60,344,98,245,51,0,0,19,0,0,0,68
5.606035,1,1,94,60,347,98,245,51,0,0,18,0,0,0,3
5.615557,1,1,94,60,347,98,245,50,0,0,18,0,0,1,3
5.620161,0,0,94,60,347,98,245,50,0,0,18,0,0,1,3
5.624306,0,1,94,60,347,98,245,50,0,0,19,0,0,1,71
5.637115,1,0,94,60,348,98,245,50,0,0,19,0,0,1,71
5.647333,0,0,94,60,348,98,245,50,0,0,19,0,0,1,71
5.652303,0,0,94,60,348,98,245,50,0,0,19,0,0,1,71
5.656831,1,1,94,60,350,98,245,50,0,0,20,0,0,1,69
5.668282,0,0,94,60,350,98,245,50,0,0,20,0,0,1,69
5.678389,1,0,94,60,350,98,245,51,0,0,20,0,0,1,69
5.683396,0,0,94,60,350,98,245,51,0,0,20,0,0,1,69
5.697112,1,1,94,60,353,98,245,51,0,0,18,0,0,1,54
5.701646,0,0,94,60,353,98,245,51,0,0,18,0,0,1,54
5.709714,0,0,94,60,353,98,245,51,0,0,18,0,0,1,54
5.714240,0,0,94,60,353,98,245,51,0,0,18,0,0,1,73
5.728069,1,1,94,60,355,98,245,51,0,0,20,0,0,1,73
5.732293,0,0,94,60,355,98,245,51,0,0,20,0,0,1,73
5.740726,0,0,94,60,355,98,245,51,0,0,20,0,0,1,73
5.745236,1,1,94,60,357,98,245,51,0,0,18,0,0,1,43
5.759097,0,0,94,60,357,98,245,51,0,0,18,0,0,1,43
5.763306,0,0,94,60,357,98,245,51,0,0,18,0,0,1,43
5.771857,0,0,94,60,357,98,245,51,0,0,18,0,0,1,43
5.775986,1,1,94,60,360,98,245,51,0,0,19,0,0,1,34
5.780170,0,0,94,60,360,98,245,51,0,0,19,0,0,1,34
5.791549,0,0,94,60,360,98,245,51,0,0,19,0,0,1,34
5.801124,0,0,94,60,360,98,245,51,0,0,19,0,0,1,34
5.805642,1,0,94,60,362,98,245,51,0,0,19,0,0,1,90
5.810168,0,0,94,60,362,98,245,51,0,0,19,0,0,1,90
5.822530,0,0,94,60,362,98,245,51,0,0,19,0,0,1,90
5.832027,0,0,94,60,362,98,245,51,0,0,19,0,0,1,90
5.836199,1,1,94,60,365,98,245,51,0,0,17,0,0,1,34
5.840420,0,0,94,60,365,98,245,51,0,0,17,0,0,1,34
5.853464,0,0,94,60,365,98,245,51,0,0,17,0,0,1,34
5.857568,0,0,94,60,365,98,245,51,0,0,17,0,0,1,34
5.864765,0,0,94,60,365,98,245,51,0,0,17,0,0,1,74
5.869230,1,1,94,60,366,98,245,51,0,0,18,0,0,1,74
5.873380,0,0,94,60,366,98,245,51,0,0,18,0,0,1,74
5.884897,0,0,94,60,366,98,245,51,0,0,18,0,0,1,74
5.894215,0,0,94,60,366,98,245,51,0,0,18,0,0,1,74
5.899093,1,1,94,60,368,98,245,51,0,0,19,0,0,1,96
5.904050,0,0,94,60,368,98,245,51,0,0,19,0,0,1,96
5.916029,0,0,94,60,368,98,245,51,0,0,19,0,0,1,96
5.925941,0,1,94,60,368,98,245,51,0,0,17,0,0,1,58
5.930106,1,0,94,60,370,98,245,51,0,0,17,0,0,1,58
5.935245,0,0,94,60,370,98,245,51,0,0,17,0,0,1,58
5.946305,0,0,94,60,370,98,245,51,0,0,17,0,0,1,58
5.950395,0,0,94,60,370,98,245,51,0,0,17,0,0,1,58
5.957546,1,1,94,60,372,98,245,51,0,0,20,0,0,1,69
5.961650,0,0,94,60,372,98,245,51,0,0,20,0,0,1,69
5.965666,0,0,94,60,372,98,245,51,0,0,20,0,0,1,69
5.977375,0,0,94,60,372,98,245,51,0,0,20,0,0,1,69
5.981434,0,0,94,60,372,98,245,51,0,0,20,0,0,1,72
5.988335,1,1,94,60,373,98,245,51,0,0,18,0,0,1,72
5.992357,0,1,94,60,373,98,245,51,0,0,18,0,-1,1,72
5.996389,0,0,94,60,373,98,245,51,0,0,18,0,-1,1,72
6.008344,0,0,94,60,373,98,245,51,0,0,18,0,-1,1,72
6.012410,0,0,94,60,373,98,245,51,0,0,18,0,-1,1,72
6.019327,1,1,94,60,375,98,245,51,0,0,19,0,-1,1,65
6.023387,0,1,94,60,375,98,245,51,0,0,19,0,0,1,65
6.027466,0,0,94,60,375,98,245,51,0,0,19,0,0,1,65
6.038933,0,0,94,60,375,98,245,51,0,0,19,0,0,1,65
6.042950,1,1,94,60,376,98,245,51,0,0,20,0,0,1,152
6.050376,0,0,94,60,376,98,245,51,0,0,20,0,0,1,152
6.054464,1,0,94,60,376,98,245,50,0,0,20,0,0,1,152
6.058551,0,0,94,60,376,98,245,50,0,0,20,0,0,1,152
6.070368,0,0,94,60,376,98,245,50,0,0,20,0,0,1,152
6.079994,0,1,94,60,376,98,245,50,0,0,18,0,0,1,35
6.084171,1,0,94,60,379,98,245,50,0,0,18,0,0,1,35
6.088276,0,0,94,60,379,98,245,50,0,0,18,0,0,1,35
6.102028,0,0,94,60,379,98,245,50,0,0,18,0,0,1,35
6.112002,0,0,94,60,379,98,245,50,0,0,18,0,0,1,35
6.116579,1,0,94,60,379,98,245,51,0,0,18,0,0,1,35
6.120799,0,0,94,60,379,98,245,51,0,0,18,0,0,1,35
6.132003,0,0,94,60,379,98,245,51,0,0,18,0,0,1,35
6.136484,1,1,94,60,384,98,245,51,0,0,16,0,0,1,55
6.143445,0,0,94,60,384,98,245,51,0,0,16,0,0,1,55
6.147591,0,0,94,60,384,98,245,51,0,0,16,0,0,1,55
6.161877,0,0,94,60,384,98,245,51,0,0,16,0,0,1,55
6.167163,1,1,94,60,386,98,245,51,0,0,18,0,0,1,62
6.174111,0,0,94,60,386,98,245,51,0,0,18,0,0,1,62
6.178251,0,0,94,60,386,98,245,51,0,0,18,0,0,1,62
6.182427,0,0,94,60,386,98,245,51,0,0,18,0,0,1,62
6.194316,0,0,94,60,386,98,245,51,0,0,18,0,0,1,62
6.203821,1,1,94,60,388,98,245,51,0,0,13,0,0,1,109
6.207988,0,0,94,60,388,98,245,51,0,0,13,0,0,1,109
6.212160,0,0,94,60,388,98,245,51,0,0,13,0,0,1,109
6.224938,0,0,94,60,388,98,245,51,0,0,13,0,0,1,81
6.235293,1,1,94,60,391,98,245,51,0,0,19,0,0,1,81
6.239885,0,0,94,60,391,98,245,51,0,0,19,0,0,1,81
6.244379,0,0,94,60,391,98,245,51,0,0,19,0,0,1,81
6.256306,0,0,94,60,391,98,245,51,0,0,19,0,0,1,51
6.265838,1,1,94,60,393,98,245,51,0,0,15,0,0,1,51
6.270012,0,0,94,60,393,98,245,51,0,0,15,0,0,1,51
6.274154,0,0,94,60,393,98,245,51,0,0,15,0,0,1,51
6.287948,1,1,94,60,395,98,245,51,0,0,18,0,0,1,73
6.297390,0,0,94,60,395,98,245,51,0,0,18,0,0,1,73
6.301578,0,0,94,60,395,98,245,51,0,0,18,0,0,1,73
6.306456,0,0,94,60,395,98,245,51,0,0,18,0,0,1,73
6.319165,1,1,94,60,399,98,245,51,0,0,19,0,0,1,72
6.329096,0,0,94,60,399,98,245,51,0,0,19,0,0,1,72
6.333673,0,0,94,60,399,98,245,51,0,0,19,0,0,1,72
6.337841,0,1,94,60,399,98,245,51,0,0,17,0,0,1,64
6.349398,1,1,94,60,401,98,245,51,0,0,17,1,0,1,64
6.359052,0,0,94,60,401,98,245,51,0,0,17,1,0,1,64
6.363772,0,0,94,60,401,98,245,51,0,0,17,1,0,1,64
6.368449,0,1,94,60,401,98,245,51,0,0,19,1,0,1,83
6.380849,1,1,94,60,404,98,245,51,0,0,19,0,0,1,83
6.390834,0,0,94,60,404,98,245,51,0,0,19,0,0,1,83
6.395065,0,0,94,60,404,98,245,51,0,0,19,0,0,1,83
6.399236,1,1,94,60,406,98,245,51,0,0,16,0,0,1,45
6.411555,0,0,94,60,406,98,245,51,0,0,16,0,0,1,45
6.421407,0,0,94,60,406,98,245,51,0,0,16,0,0,1,45
6.425596,0,0,94,60,406,98,245,51,0,0,16,0,0,1,45
6.429767,1,1,94,60,408,98,245,51,0,0,19,1,0,1,72
6.442794,0,0,94,60,408,98,245,51,0,0,19,1,0,1,72
6.452743,0,0,94,60,408,98,245,51,0,0,19,1,0,1,72
6.457233,0,0,94,60,408,98,245,51,0,0,19,1,0,1,66
6.461787,1,1,94,60,411,98,245,51,0,0,18,0,0,1,66
6.472851,0,0,94,60,411,98,245,51,0,0,18,0,0,1,66
6.476975,0,0,94,60,411,98,245,51,0,0,18,0,0,1,66
6.483996,0,0,94,60,411,98,245,51,0,0,18,0,0,1,66
6.488142,0,1,94,60,411,98,245,51,0,0,17,0,0,1,56
6.492678,1,0,94,60,412,98,245,51,0,0,17,0,0,1,56
6.503756,1,0,94,60,412,98,245,50,0,0,17,0,0,1,56
6.507848,0,0,94,60,412,98,245,50,0,0,17,0,0,1,56
6.515564,0,0,94,60,412,98,245,50,0,0,17,0,0,1,56
6.520079,1,1,94,60,413,98,245,50,0,0,19,0,0,1,94
6.524230,0,0,94,60,413,98,245,50,0,0,19,0,0,1,94
6.535866,0,0,94,60,413,98,245,50,0,0,19,0,0,1,94
6.545701,0,0,94,60,413,98,245,50,0,0,19,0,0,1,94
6.550134,1,1,94,60,416,98,245,50,0,0,16,0,0,1,41
6.554579,0,0,94,60,416,98,245,50,0,0,16,0,0,1,41
6.566013,0,0,94,60,416,98,245,50,0,0,16,0,0,1,41
6.570197,0,0,94,60,416,98,245,50,0,0,16,0,0,1,41
6.577480,0,0,94,60,416,98,245,50,0,0,16,0,0,1,77
6.581609,1,1,94,60,419,98,245,50,0,0,18,0,0,1,77
6.585719,0,0,94,60,419,98,245,50,0,0,18,0,0,1,77
6.597097,0,0,94,60,419,98,245,50,0,0,18,0,0,1,77
6.601225,0,0,94,60,419,98,245,50,0,0,18,0,0,1,77
6.608751,0,0,94,60,419,98,245,50,0,0,18,0,0,1,66
6.613276,1,1,94,60,422,98,245,50,0,0,17,0,0,1,66
6.626507,1,0,94,60,422,98,245,51,0,0,17,0,0,1,66
6.630708,0,0,94,60,422,98,245,51,0,0,17,0,0,1,66
6.638875,0,0,94,60,422,98,245,51,0,0,17,0,0,1,66
6.643649,1,0,94,60,424,98,245,51,0,0,17,0,0,1,62
6.647738,0,0,94,60,424,98,245,51,0,0,17,0,0,1,62
6.658746,0,0,94,60,424,98,245,51,0,0,17,0,0,1,62
6.663240,0,0,94,60,424,98,245,51,0,0,17,0,0,1,73
6.670496,1,1,94,60,426,98,245,51,0,0,18,0,0,1,73
6.674624,1,0,94,60,426,98,245,50,0,0,18,0,0,1,73
6.678730,0,0,94,60,426,98,245,50,0,0,18,0,0,1,73
6.690490,0,0,94,60,426,98,245,50,0,0,18,0,0,1,73
6.700124,0,0,94,60,426,98,245,50,0,0,18,0,0,1,56
6.704597,1,1,94,60,428,98,245,50,0,0,15,0,0,1,56
6.708688,0,0,94,60,428,98,245,50,0,0,15,0,0,1,56
6.721292,0,0,94,60,428,98,245,50,0,0,15,0,0,1,56
6.730766,0,0,94,60,428,98,245,50,0,0,15,0,0,1,62
6.735339,1,1,94,60,430,98,245,50,0,0,17,1,0,1,62
6.739566,0,0,94,60,430,98,245,50,0,0,17,1,0,1,62
6.752676,0,0,94,60,430,98,245,50,0,0,17,1,0,1,62
6.762243,0,1,94,60,430,98,245,50,0,0,16,1,0,1,62
6.766385,1,1,94,60,431,98,245,51,0,0,16,0,0,1,62
6.770506,0,0,94,60,431,98,245,51,0,0,16,0,0,1,62
6.783412,0,0,94,60,431,98,245,51,0,0,16,0,0,1,62
6.793109,1,1,94,60,433,98,245,51,0,0,16,1,0,1,76
6.797264,0,0,94,60,433,98,245,51,0,0,16,1,0,1,76
6.801404,0,0,94,60,433,98,245,51,0,0,16,1,0,1,76
6.814324,0,0,94,60,433,98,245,51,0,0,16,1,0,1,76
6.823749,1,1,94,60,437,98,245,51,0,0,17,1,0,1,104
6.828248,0,1,94,60,437,98,245,51,0,0,17,0,0,1,104
6.832577,0,0,94,60,437,98,245,51,0,0,17,0,0,1,104
6.845369,0,0,94,60,437,98,245,51,0,0,17,0,0,1,104
6.854757,0,0,94,60,437,98,245,51,0,0,17,0,0,1,104
6.859442,0,0,94,60,437,98,245,51,0,0,17,0,0,1,104
6.863641,0,0,94,60,437,98,245,51,0,0,17,0,0,1,104
6.875931,0,0,94,60,437,98,245,51,0,0,17,0,0,1,104
6.885771,1,1,94,60,444,98,245,51,0,0,19,0,0,1,52
6.889910,0,0,94,60,444,98,245,51,0,0,19,0,0,1,52
6.894393,0,0,94,60,444,98,245,51,0,0,19,0,0,1,52
6.906524,0,0,94,60,444,98,245,51,0,0,19,0,0,1,94
6.910638,1,1,94,60,446,98,245,51,0,0,15,0,0,1,94
6.917758,0,1,94,60,446,98,245,51,0,0,15,0,0,0,94
6.922590,0,0,94,60,446,98,245,51,0,0,15,0,0,0,94
6.927142,0,0,94,60,446,98,245,51,0,0,15,0,0,0,94
6.937645,0,0,94,60,446,98,245,51,0,0,15,0,0,0,19
6.947586,1,1,94,60,448,98,245,51,0,0,14,0,0,0,19
6.952089,0,0,94,60,448,98,245,51,0,0,14,0,0,0,19
6.956258,0,0,94,60,448,98,245,51,0,0,14,0,0,0,19
6.969323,1,1,94,60,449,98,245,51,0,0,17,0,0,0,65
6.979078,1,1,94,60,449,98,245,50,0,0,17,0,0,1,65
6.983296,0,0,94,60,449,98,245,50,0,0,17,0,0,1,65
6.987848,0,0,94,60,449,98,245,50,0,0,17,0,0,1,65
7.000423,1,0,94,60,451,98,245,50,0,0,17,0,0,1,74
7.010693,0,0,94,60,451,98,245,50,0,0,17,0,0,1,74
7.015179,0,0,94,60,451,98,245,50,0,0,17,0,0,1,74
7.019356,0,0,94,60,451,98,245,50,0,0,17,0,0,1,61
7.030925,1,1,94,60,453,98,245,50,0,0,15,0,0,1,61
7.040613,1,0,94,60,453,98,245,51,0,0,15,0,0,1,61
7.045108,0,0,94,60,453,98,245,51,0,0,15,0,0,1,61
7.049609,0,0,94,60,453,98,245,51,0,0,15,0,0,1,82
7.062257,1,1,94,60,455,98,245,51,0,0,18,0,0,1,82
7.072090,0,0,94,60,455,98,245,51,0,0,18,0,0,1,82
7.077064,0,0,94,60,455,98,245,51,0,0,18,0,0,1,82
7.081719,1,0,94,59,455,98,245,51,0,0,18,0,0,1,55
7.093304,1,1,94,59,458,98,245,51,0,0,15,0,0,1,55
7.102640,0,0,94,59,458,98,245,51,0,0,15,0,0,1,55
7.107189,0,0,94,59,458,98,245,51,0,0,15,0,0,1,55
7.111435,0,0,94,59,458,98,245,51,0,0,15,0,0,1,78
7.124226,1,1,94,59,460,98,245,51,0,0,16,0,0,1,78
7.133801,0,0,94,59,460,98,245,51,0,0,16,0,0,1,78
7.138311,0,0,94,59,460,98,245,51,0,0,16,0,0,1,78
7.143162,0,0,94,59,460,98,245,51,0,0,16,0,0,1,77
7.154930,1,0,94,59,464,98,245,51,0,0,16,0,0,1,77
7.164787,0,0,94,59,464,98,245,51,0,0,16,0,0,1,77
7.169354,0,0,94,59,464,98,245,51,0,0,16,0,0,1,77
7.173698,0,0,94,59,464,98,245,51,0,0,16,0,0,1,56
7.185771,1,0,94,59,465,98,245,51,0,0,16,0,0,1,56
7.190048,1,0,94,59,465,98,245,50,0,0,16,0,0,1,56
7.197879,0,0,94,59,465,98,245,50,0,0,16,0,0,1,56
7.202486,0,0,94,59,465,98,245,50,0,0,16,0,0,1,56
7.216219,1,1,94,59,467,98,245,50,0,0,18,0,0,1,75
7.220782,0,0,94,59,467,98,245,50,0,0,18,0,0,1,75
7.228230,0,0,94,59,467,98,245,50,0,0,18,0,0,1,75
7.232420,0,0,94,59,467,98,245,50,0,0,18,0,0,1,75
7.236900,1,1,94,59,468,98,245,50,0,0,15,0,0,1,46
7.247861,0,0,94,59,468,98,245,50,0,0,15,0,0,1,46
7.257764,0,0,94,59,468,98,245,50,0,0,15,0,0,1,46
7.261868,0,0,94,59,468,98,245,50,0,0,15,0,0,1,46
7.265914,0,0,94,59,468,98,245,50,0,0,15,0,0,1,46
7.278758,1,1,94,59,471,98,245,50,0,0,17,0,0,1,71
7.288285,0,0,94,59,471,98,245,50,0,0,17,0,0,1,71
7.292737,0,0,94,59,471,98,245,50,0,0,17,0,0,1,71
7.297189,0,0,94,59,471,98,245,50,0,0,17,0,0,1,66
7.309454,1,1,94,59,473,98,245,50,0,0,16,0,0,1,66
7.313624,0,0,94,59,473,98,245,50,0,0,16,0,0,1,66
7.321480,0,0,94,59,473,98,245,50,0,0,16,0,0,1,66
7.326325,0,0,94,59,473,98,245,50,0,0,16,0,0,1,66
7.340295,1,0,94,59,476,98,245,50,0,0,16,0,0,1,59
7.350556,1,0,94,59,476,98,245,51,0,0,16,0,0,1,59
7.355153,0,0,94,59,476,98,245,51,0,0,16,0,0,1,59
7.359266,1,1,94,59,478,98,245,51,0,0,17,0,0,1,85
7.372203,0,0,94,59,478,98,245,51,0,0,17,0,0,1,85
7.381798,0,0,94,59,478,98,245,51,0,0,17,0,0,1,85
7.386385,0,0,94,59,478,98,245,51,0,0,17,0,0,1,85
7.390865,1,1,94,59,481,98,245,51,0,0,15,0,0,1,52
7.403184,0,0,94,59,481,98,245,51,0,0,15,0,0,1,52
7.412833,0,0,94,59,481,98,245,51,0,0,15,0,0,1,52
7.417377,0,0,94,59,481,98,245,51,0,0,15,0,0,1,52
7.421513,1,1,94,59,483,98,245,51,0,0,18,0,0,1,67
7.434310,0,0,94,59,483,98,245,51,0,0,18,0,0,1,67
7.444500,1,0,94,59,483,98,245,50,0,0,18,0,0,1,67
7.449114,0,0,94,59,483,98,245,50,0,0,18,0,0,1,64
7.453351,1,1,94,59,485,98,245,50,0,0,16,0,0,1,64
7.464743,0,0,94,59,485,98,245,50,0,0,16,0,0,1,64
7.474292,0,0,94,59,485,98,245,50,0,0,16,0,0,1,64
7.479730,0,0,94,59,485,98,245,50,0,0,16,0,0,1,65
7.483898,1,0,94,59,488,98,245,50,0,0,16,0,0,1,65
7.495809,0,0,94,59,488,98,245,50,0,0,16,0,0,1,65
7.505268,0,0,94,59,488,98,245,50,0,0,16,0,0,1,65
7.509541,0,1,94,59,488,98,245,50,0,0,17,0,0,1,28
7.514594,1,0,94,59,492,98,245,50,0,0,17,0,0,1,28
7.526798,1,0,94,59,492,98,245,51,0,0,17,0,0,1,28
7.536527,0,0,94,59,492,98,245,51,0,0,17,0,0,1,28
7.541120,1,1,94,59,494,98,245,51,0,0,15,0,0,1,123
7.546432,0,0,94,59,494,98,245,51,0,0,15,0,0,1,123
7.557562,0,0,94,59,494,98,245,51,0,0,15,0,0,1,123
7.561728,0,0,94,59,494,98,245,51,0,0,15,0,0,1,123
7.569102,0,0,94,59,494,98,245,51,0,0,15,0,0,1,123
7.573678,1,1,94,59,495,98,245,51,0,0,14,0,0,1,51
7.587270,0,0,94,59,495,98,245,51,0,0,14,0,0,1,51
7.591445,0,0,94,59,495,98,245,51,0,0,14,0,0,1,51
7.600100,0,0,94,59,495,98,245,51,0,0,14,0,0,1,51
7.604230,1,1,94,59,498,98,245,51,0,0,16,0,0,1,77
7.608806,0,0,94,59,498,98,245,51,0,0,16,0,0,1,77
7.619597,0,0,94,59,498,98,245,51,0,0,16,0,0,1,77
7.623756,0,0,94,59,498,98,245,51,0,0,16,0,0,1,77
7.631319,0,0,94,59,498,98,245,51,0,0,16,0,0,1,77
7.635417,0,1,94,59,498,98,245,51,0,0,13,0,0,1,56
7.639567,0,0,94,59,498,98,245,51,0,0,13,0,0,1,56
7.651313,0,0,94,59,498,98,245,51,0,0,13,0,0,1,56
7.661362,0,0,94,59,498,98,245,51,0,0,13,0,0,1,56
7.665572,1,1,94,59,500,98,245,51,0,0,15,1,0,1,136
7.670088,1,0,94,59,500,98,245,50,0,0,15,1,0,1,136
7.681606,0,0,94,59,500,98,245,50,0,0,15,1,0,1,136
7.691199,0,0,94,59,500,98,245,50,0,0,15,1,0,1,136
7.695341,1,1,94,59,501,98,245,50,0,0,12,1,0,1,42
7.699940,0,0,94,59,501,98,245,50,0,0,12,1,0,1,42
7.712966,0,0,94,59,501,98,245,50,0,0,12,1,0,1,42
7.722600,0,0,94,59,501,98,245,50,0,0,12,1,0,1,42
7.726771,1,1,94,59,505,98,245,50,0,0,12,0,0,1,72
7.731251,1,0,94,59,505,98,245,51,0,0,12,0,0,1,72
7.743667,0,0,94,59,505,98,245,51,0,0,12,0,0,1,72
7.753136,0,0,94,59,505,98,245,51,0,0,12,0,0,1,72
7.757271,1,1,94,59,507,98,245,51,0,0,14,1,0,1,78
7.761428,0,0,94,59,507,98,245,51,0,0,14,1,0,1,78
7.774600,0,0,94,59,507,98,245,51,0,0,14,1,0,1,78
7.784250,0,0,94,59,507,98,245,51,0,0,14,1,0,1,103
7.788458,1,1,94,59,509,98,245,51,0,0,15,0,0,1,103
7.792935,0,0,94,59,509,98,245,51,0,0,15,0,0,1,103
7.805566,0,0,94,59,509,98,245,51,0,0,15,0,0,1,103
7.815469,0,0,94,59,509,98,245,51,0,0,15,0,0,1,76
7.820069,1,1,94,59,512,98,245,51,0,0,12,0,0,2,76
7.824146,0,0,94,59,512,98,245,51,0,0,12,0,0,2,76
7.836514,0,0,94,59,512,98,245,51,0,0,12,0,0,2,76
7.846118,1,1,94,59,514,98,245,51,0,0,15,1,0,2,90
7.850573,0,0,94,59,514,98,245,51,0,0,15,1,0,2,90
7.854645,0,0,94,59,514,98,245,51,0,0,15,1,0,2,90
7.867547,0,0,94,59,514,98,245,51,0,0,15,1,0,2,90
7.877161,0,1,94,59,514,98,245,51,0,0,13,1,0,2,75
7.882101,1,1,94,59,517,98,245,51,0,0,13,0,0,2,75
7.886643,0,0,94,59,517,98,245,51,0,0,13,0,0,2,75
7.898172,0,0,94,59,517,98,245,51,0,0,13,0,0,2,75
7.902236,1,0,94,59,519,98,245,51,0,0,13,0,0,2,81
7.909539,0,0,94,59,519,98,245,51,0,0,13,0,0,2,81
7.913645,0,1,94,59,519,98,245,51,0,0,13,0,0,1,81
7.917667,0,0,94,59,519,98,245,51,0,0,13,0,0,1,81
7.929065,0,0,94,59,519,98,245,51,0,0,13,0,0,1,81
7.933134,1,1,94,59,520,98,245,51,0,0,15,0,0,1,91
7.940668,0,0,94,59,520,98,245,51,0,0,15,0,0,1,91
7.944795,0,0,94,59,520,98,245,51,0,0,15,0,0,1,91
7.948862,0,0,94,59,520,98,245,51,0,0,15,0,0,1,91
7.960491,0,0,94,59,520,98,245,51,0,0,15,0,0,1,91
7.970055,0,0,94,59,520,98,245,51,0,0,15,0,0,1,91
7.978957,0,0,94,59,520,98,245,51,0,0,15,0,0,1,91
7.991444,0,0,94,59,520,98,245,51,0,0,15,0,0,1,81
8.001336,1,0,94,59,526,98,245,51,0,0,15,0,0,1,81
8.005551,0,0,94,59,526,98,245,51,0,0,15,0,0,1,81
8.010094,0,0,94,59,526,98,245,51,0,0,15,0,0,1,81
8.022086,1,1,94,59,528,98,245,51,0,0,14,0,0,1,77
8.026217,0,0,94,59,528,98,245,51,0,0,14,0,0,1,77
8.033290,0,0,94,59,528,98,245,51,0,0,14,0,0,1,77
8.038370,0,0,94,59,528,98,245,51,0,0,14,0,0,1,77
8.051962,0,0,94,59,528,98,245,51,0,0,14,0,0,1,72
8.056596,1,1,94,59,530,98,245,51,0,0,12,0,0,1,72
8.065034,0,1,94,59,530,98,245,51,0,0,12,0,0,2,72
8.070283,0,0,94,59,530,98,245,51,0,0,12,0,0,2,72
8.084182,1,1,94,59,533,98,245,51,0,0,15,0,0,2,93
8.094414,0,1,94,59,533,98,245,51,0,0,15,0,0,1,93
8.099610,0,0,94,59,533,98,245,51,0,0,15,0,0,1,93
8.104103,0,1,94,59,533,98,245,51,0,0,12,0,0,1,55
8.115995,1,0,94,59,536,98,245,51,0,0,12,0,0,1,55
8.125977,0,0,94,59,536,98,245,51,0,0,12,0,0,1,55
8.130460,0,0,94,59,536,98,245,51,0,0,12,0,0,1,55
8.134638,1,1,94,59,538,98,245,51,0,0,14,0,0,1,75
8.146840,0,1,94,59,538,98,245,51,0,0,14,1,0,1,75
8.156500,0,0,94,59,538,98,245,51,0,0,14,1,0,1,75
8.161646,0,0,94,59,538,98,245,51,0,0,14,1,0,1,75
8.165884,1,1,94,59,541,98,245,51,0,0,13,0,0,1,10
8.177719,0,0,94,59,541,98,245,51,0,0,13,0,0,1,10
8.187479,0,0,94,59,541,98,245,51,0,0,13,0,0,1,10
8.191640,0,0,94,59,541,98,245,51,0,0,13,0,0,1,10
8.195727,0,1,94,59,541,98,245,51,0,0,12,0,0,1,67
8.208289,1,0,94,59,543,98,245,51,0,0,12,0,0,1,67
8.218023,0,0,94,59,543,98,245,51,0,0,12,0,0,1,67
8.222200,0,0,94,59,543,98,245,51,0,0,12,0,0,1,67
8.226778,1,1,94,59,545,98,245,51,0,0,15,0,0,1,88
8.239351,0,0,94,59,545,98,245,51,0,0,15,0,0,1,88
8.249089,1,0,94,59,545,98,245,50,0,0,15,0,0,1,88
8.253282,0,0,94,59,545,98,245,50,0,0,15,0,0,1,88
8.257470,1,1,94,59,548,98,245,50,0,0,12,0,0,1,125
8.270878,0,1,94,59,548,98,245,50,0,0,12,0,0,2,125
8.281206,0,0,94,59,548,98,245,50,0,0,12,0,0,2,125
8.285771,0,0,94,59,548,98,245,50,0,0,12,0,0,2,56
8.290287,1,1,94,59,550,98,245,50,0,0,12,1,0,2,56
8.301762,1,1,94,59,550,98,245,51,0,0,12,1,0,1,56
8.311242,0,0,94,59,550,98,245,51,0,0,12,1,0,1,56
8.316248,0,1,94,59,550,98,245,51,0,0,13,1,0,1,82
8.320834,1,1,94,59,551,98,245,51,0,0,13,0,0,1,82
8.332807,0,0,94,59,551,98,245,51,0,0,13,0,0,1,82
8.342264,0,0,94,59,551,98,245,51,0,0,13,0,0,1,82
8.347239,1,1,94,59,553,98,245,51,0,0,11,0,0,1,46
8.352161,0,0,94,59,553,98,245,51,0,0,11,0,0,1,46
8.363251,0,0,94,59,553,98,245,51,0,0,11,0,0,1,46
8.373239,0,0,94,59,553,98,245,51,0,0,11,0,0,1,46
8.378214,1,0,94,60,553,98,245,51,0,0,11,0,0,1,46
8.382746,1,0,94,60,553,98,245,50,0,0,11,0,0,1,46
8.394879,0,0,94,60,553,98,245,50,0,0,11,0,0,1,46
8.404858,0,0,94,60,553,98,245,50,0,0,11,0,0,1,46
8.409348,1,1,94,60,557,98,245,50,0,0,12,0,0,1,70
8.413915,0,0,94,60,557,98,245,50,0,0,12,0,0,1,70
8.425664,0,0,94,60,557,98,245,50,0,0,12,0,0,1,70
8.435119,0,0,94,60,557,98,245,50,0,0,12,0,0,1,70
8.439269,1,0,94,60,560,98,245,50,0,0,12,0,0,1,63
8.443773,1,0,94,60,560,98,245,51,0,0,12,0,0,1,63
8.456818,0,0,94,60,560,98,245,51,0,0,12,0,0,1,63
8.467099,0,1,94,60,560,98,245,51,0,0,14,0,0,1,72
8.471620,1,0,94,60,561,98,245,51,0,0,14,0,0,1,72
8.476489,0,0,94,60,561,98,245,51,0,0,14,0,0,1,72
8.487248,0,0,94,60,561,98,245,51,0,0,14,0,0,1,72
8.496831,0,0,94,60,561,98,245,51,0,0,14,0,0,1,50
8.500957,1,1,94,60,563,98,245,51,0,0,11,0,0,1,50
8.505388,0,0,94,60,563,98,245,51,0,0,11,0,0,1,50
8.518197,0,0,94,60,563,98,245,51,0,0,11,0,0,1,50
8.522279,1,1,94,60,564,98,245,51,0,0,12,0,0,1,70
8.529273,0,0,94,60,564,98,245,51,0,0,12,0,0,1,70
8.533457,0,0,94,60,564,98,245,51,0,0,12,0,0,1,70
8.537568,0,0,94,60,564,98,245,51,0,0,12,0,0,1,70
8.548803,0,0,94,60,564,98,245,51,0,0,12,0,0,1,70
8.553161,0,0,94,60,564,98,245,51,0,0,12,0,0,1,76
8.560446,1,0,94,60,568,98,245,51,0,0,12,0,0,1,76
8.564504,0,0,94,60,568,98,245,51,0,0,12,0,0,1,76
8.568595,0,0,94,60,568,98,245,51,0,0,12,0,0,1,76
8.579834,0,0,94,60,568,98,245,51,0,0,12,0,0,1,76
8.583953,1,1,94,60,571,98,245,51,0,0,11,0,0,1,62
8.591686,0,0,94,60,571,98,245,51,0,0,11,0,0,1,62
8.595836,0,0,94,60,571,98,245,51,0,0,11,0,0,1,62
8.599897,0,0,94,60,571,98,245,51,0,0,11,0,0,1,62
8.611273,0,0,94,60,571,98,245,51,0,0,11,0,0,1,62
8.620881,0,1,94,60,571,98,245,51,0,0,13,0,0,1,99
8.625400,1,0,94,60,573,98,245,51,0,0,13,0,0,1,99
8.629998,0,0,94,60,573,98,245,51,0,0,13,0,0,1,99
8.642182,0,0,94,60,573,98,245,51,0,0,13,0,0,1,99
8.652207,1,1,94,60,575,98,245,51,0,0,10,0,0,1,74
8.656755,0,0,94,60,575,98,245,51,0,0,10,0,0,1,74
8.661221,0,0,94,60,575,98,245,51,0,0,10,0,0,1,74
8.673674,0,0,94,60,575,98,245,51,0,0,10,0,0,1,74
8.683125,1,1,94,60,577,98,245,51,0,0,13,0,0,1,87
8.687796,0,1,94,60,577,98,245,51,0,0,13,0,0,2,87
8.692216,0,0,94,60,577,98,245,51,0,0,13,0,0,2,87
8.704509,0,0,94,60,577,98,245,51,0,0,13,0,0,2,87
8.713929,1,1,94,60,578,98,245,51,0,0,10,0,0,2,87
8.718439,0,1,94,60,578,98,245,51,0,0,10,0,0,1,87
8.722590,0,0,94,60,578,98,245,51,0,0,10,0,0,1,87
8.734822,0,0,94,60,578,98,245,51,0,0,10,0,0,1,87
8.739425,1,1,94,60,582,98,245,51,0,0,12,0,0,1,102
8.746890,0,0,94,60,582,98,245,51,0,0,12,0,0,1,102
8.751059,0,0,94,60,582,98,245,51,0,0,12,0,0,1,102
8.764906,0,0,94,60,582,98,245,51,0,0,12,0,0,1,102
8.769453,1,1,94,60,585,98,245,51,0,0,10,0,0,1,58
8.776973,0,0,94,60,585,98,245,51,0,0,10,0,0,1,58
8.781121,1,0,94,60,585,98,245,50,0,0,10,0,0,1,58
8.785651,0,0,94,60,585,98,245,50,0,0,10,0,0,1,58
8.797486,0,0,94,60,585,98,245,50,0,0,10,0,0,1,58
8.807674,1,1,94,60,587,98,245,50,0,0,12,0,0,1,86
8.812508,0,0,94,60,587,98,245,50,0,0,12,0,0,1,86
8.816705,0,0,94,60,587,98,245,50,0,0,12,0,0,1,86
8.828446,0,1,94,60,587,98,245,50,0,0,11,0,0,1,88
8.838119,1,1,94,60,590,98,245,50,0,0,11,0,0,2,88
8.842697,0,0,94,60,590,98,245,50,0,0,11,0,0,2,88
8.846897,0,0,94,60,590,98,245,50,0,0,11,0,0,2,88
8.859081,0,0,94,60,590,98,245,50,0,0,11,0,0,2,78
8.868750,1,1,94,60,592,98,245,50,0,0,10,0,0,2,78
8.873051,0,1,94,60,592,98,245,50,0,0,10,0,0,1,78
8.877728,0,0,94,60,592,98,245,50,0,0,10,0,0,1,78
8.889720,1,1,94,60,595,98,245,50,0,0,13,0,0,1,97
8.899701,0,0,94,60,595,98,245,50,0,0,13,0,0,1,97
8.903827,0,0,94,60,595,98,245,50,0,0,13,0,0,1,97
8.908340,0,0,94,60,595,98,245,50,0,0,13,0,0,1,97
8.920744,1,1,94,60,598,98,245,50,0,0,10,0,0,1,154
8.924864,0,1,94,60,598,98,245,50,0,0,10,0,0,2,154
8.933050,1,0,94,60,598,98,245,51,0,0,10,0,0,2,154
8.937183,0,0,94,60,598,98,245,51,0,0,10,0,0,2,154
8.950602,0,0,94,60,598,98,245,51,0,0,10,0,0,2,67
8.955063,1,1,94,60,599,98,245,51,0,0,9,0,0,2,67
8.963792,0,0,94,60,599,98,245,51,0,0,9,0,0,2,67
8.968766,0,0,94,60,599,98,245,51,0,0,9,0,0,2,67
8.982444,0,1,94,60,599,98,245,51,0,0,12,0,0,2,86
8.986591,0,0,94,60,599,98,245,51,0,0,12,0,0,2,86
8.993997,0,0,94,60,599,98,245,51,0,0,12,0,0,2,86
8.998130,0,0,94,60,599,98,245,51,0,0,12,0,0,2,86
9.002251,0,0,94,60,599,98,245,51,0,0,12,0,0,2,75
9.014002,1,1,94,60,602,98,245,51,0,0,10,0,0,2,75
9.023890,0,1,94,60,602,98,245,51,0,0,10,0,0,1,75
9.028487,0,0,94,60,602,98,245,51,0,0,10,0,0,1,75
9.032643,0,1,94,60,602,98,245,51,0,0,13,0,0,1,84
9.045123,0,1,94,60,602,98,245,51,0,0,13,1,0,1,84
9.054836,0,1,94,60,602,98,245,51,0,0,13,1,0,2,84
9.059333,0,0,94,60,602,98,245,51,0,0,13,1,0,2,84
9.063491,0,1,94,60,602,98,245,51,0,0,9,1,0,2,-13
9.076442,1,1,94,60,606,98,245,51,0,0,9,0,0,1,-13
9.086562,0,0,94,60,606,98,245,51,0,0,9,0,0,1,-13
9.091209,0,0,94,60,606,98,245,51,0,0,9,0,0,1,-13
9.095834,1,1,94,60,609,98,245,51,0,0,11,0,0,1,83
9.107007,0,1,94,60,609,98,245,51,0,0,11,0,0,2,83
9.116936,0,0,94,60,609,98,245,51,0,0,11,0,0,2,83
9.121090,0,0,94,60,609,98,245,51,0,0,11,0,0,2,83
9.125227,1,1,94,60,612,98,245,51,0,0,9,0,0,2,50
9.138286,0,0,94,60,612,98,245,51,0,0,9,0,0,2,50
9.147732,0,0,94,60,612,98,245,51,0,0,9,0,0,2,50
9.152242,0,0,94,60,612,98,245,51,0,0,9,0,0,2,68
9.156381,1,1,94,60,615,98,245,51,0,0,12,0,0,2,68
9.169503,1,0,94,60,615,98,245,50,0,0,12,0,0,2,68
9.178824,0,0,94,60,615,98,245,50,0,0,12,0,0,2,68
9.182922,0,1,94,60,615,98,245,50,0,0,9,0,0,2,107
9.186987,1,0,94,60,618,98,245,50,0,0,9,0,0,2,107
9.200069,0,0,94,60,618,98,245,50,0,0,9,0,0,2,107
9.209757,0,0,94,60,618,98,245,50,0,0,9,0,0,2,107
9.213801,1,0,94,60,620,98,245,50,0,0,9,0,0,2,93
9.217859,0,0,94,60,620,98,245,50,0,0,9,0,0,2,93
9.230919,0,0,94,60,620,98,245,50,0,0,9,0,0,2,93
9.234928,0,0,94,60,620,98,245,50,0,0,9,0,0,2,93
9.242009,0,0,94,60,620,98,245,50,0,0,9,0,0,2,93
9.246114,0,1,94,60,620,98,245,50,0,1,9,0,0,2,93
9.250249,1,0,94,60,620,98,245,51,0,1,9,0,0,2,93
9.261980,0,0,94,60,620,98,245,51,0,1,9,0,0,2,93
9.271597,0,1,94,60,620,98,245,51,0,0,9,0,0,2,93
9.276181,1,1,94,60,625,98,245,51,0,0,12,0,0,2,79
9.280377,0,0,94,60,625,98,245,51,0,0,12,0,0,2,79
9.292979,0,0,94,60,625,98,245,51,0,0,12,0,0,2,79
9.302937,0,0,94,60,625,98,245,51,0,0,12,0,0,2,79
9.308469,1,1,94,60,627,98,245,51,0,0,9,0,0,2,135
9.322511,0,0,94,60,627,98,245,51,0,0,9,0,0,2,135
9.328297,0,0,94,60,627,98,245,51,0,0,9,0,0,2,135
9.335926,1,0,94,60,629,98,245,51,0,0,9,0,0,2,58
9.340967,0,1,94,60,629,98,245,51,0,0,9,0,0,1,58
9.354572,0,0,94,60,629,98,245,51,0,0,9,0,0,1,58
9.359187,0,0,94,60,629,98,245,51,0,0,9,0,0,1,58
9.366842,1,1,94,60,631,98,245,51,0,0,11,0,0,1,69
9.371739,0,1,94,60,631,98,245,51,0,0,11,0,0,2,69
9.385337,0,0,94,60,631,98,245,51,0,0,11,0,0,2,69
9.395829,1,1,94,60,635,98,245,51,0,0,9,0,0,2,-25
9.400875,0,0,94,60,635,98,245,51,0,0,9,0,0,2,-25
9.405922,0,0,94,60,635,98,245,51,0,0,9,0,0,2,-25
9.417537,0,0,94,60,635,98,245,51,0,0,9,0,0,2,-25
9.427567,0,1,94,60,635,98,245,51,0,0,8,0,0,2,51
9.432474,0,1,94,60,635,98,245,51,0,0,8,0,0,1,51
9.446537,0,0,94,60,635,98,245,51,0,0,8,0,0,1,51
9.451345,1,1,94,60,638,98,245,51,0,0,11,0,0,1,105
9.458934,0,1,94,60,638,98,245,51,0,0,11,0,0,2,105
9.463105,0,0,94,60,638,98,245,51,0,0,11,0,0,2,105
9.467251,0,0,94,60,638,98,245,51,0,0,11,0,0,2,105
9.478476,0,0,94,60,638,98,245,51,0,0,11,0,0,2,105
9.482696,1,1,94,60,640,98,245,51,0,0,9,0,0,2,63
9.490996,0,0,94,60,640,98,245,51,0,0,9,0,0,2,63
9.495584,0,0,94,60,640,98,245,51,0,0,9,0,0,2,63
9.509374,0,0,94,60,640,98,245,51,0,0,9,0,0,2,63
9.519586,1,1,94,60,643,98,245,51,0,0,10,0,0,2,75
9.523812,1,0,94,60,643,98,245,50,0,0,10,0,0,2,75
9.528890,0,0,94,60,643,98,245,50,0,0,10,0,0,2,75
9.541195,0,0,94,60,643,98,245,50,0,0,10,0,0,2,75
9.550792,1,0,94,60,644,98,245,50,0,0,10,0,0,2,81
9.555702,1,0,94,60,644,98,245,51,0,0,10,0,0,2,81
9.560222,0,0,94,60,644,98,245,51,0,0,10,0,0,2,81
9.571841,0,0,94,60,644,98,245,51,0,0,10,0,0,2,81
9.581995,0,0,94,60,644,98,245,51,0,0,10,0,0,2,81
9.586633,0,0,94,60,644,98,245,51,0,0,10,0,0,2,81
9.591575,0,0,94,60,644,98,245,51,0,0,10,0,0,2,81
9.602855,0,0,94,60,644,98,245,51,0,0,10,0,0,2,95
9.612697,1,0,94,60,648,98,245,51,0,0,10,0,0,2,95
9.617676,0,0,94,60,648,98,245,51,0,0,10,0,0,2,95
9.621807,0,0,94,60,648,98,245,51,0,0,10,0,0,2,95
9.634241,1,1,94,60,650,98,245,51,0,0,9,0,0,2,89
9.643722,0,0,94,60,650,98,245,51,0,0,9,0,0,2,89
9.647855,0,0,94,60,650,98,245,51,0,0,9,0,0,2,89
9.652048,0,0,94,60,650,98,245,51,0,0,9,0,0,2,89
9.664361,1,1,94,60,653,98,245,51,0,0,8,0,0,2,77
9.668807,0,0,94,60,653,98,245,51,0,0,8,0,0,2,77
9.676467,0,0,94,60,653,98,245,51,0,0,8,0,0,2,77
9.680645,0,0,94,60,653,98,245,51,0,0,8,0,0,2,77
9.684805,0,0,94,60,653,98,245,51,0,0,8,0,0,2,77
9.695977,1,1,94,60,655,98,245,51,0,0,9,0,0,2,113
9.705258,1,0,94,60,655,98,245,50,0,0,9,0,0,2,113
9.709426,0,0,94,60,655,98,245,50,0,0,9,0,0,2,113
9.713948,0,0,94,60,655,98,245,50,0,0,9,0,0,2,113
9.726367,1,1,94,60,657,98,245,50,0,1,7,0,0,2,71
9.730872,0,1,94,60,657,98,245,50,0,1,7,0,0,1,71
9.737679,0,0,94,60,657,98,245,50,0,1,7,0,0,1,71
9.741757,0,0,94,60,657,98,245,50,0,1,7,0,0,1,71
9.746289,0,1,94,60,657,98,245,50,0,0,7,0,0,1,96
9.758166,1,1,94,60,659,98,245,50,0,0,10,1,0,1,96
9.767795,0,0,94,60,659,98,245,50,0,0,10,1,0,1,96
9.771813,0,0,94,60,659,98,245,50,0,0,10,1,0,1,96
9.776290,0,0,94,60,659,98,245,50,0,0,10,1,0,1,80
9.788765,1,1,94,60,661,98,245,50,0,0,9,0,0,1,80
9.798360,1,1,94,60,661,98,245,51,0,0,9,0,0,2,80
9.802501,0,0,94,60,661,98,245,51,0,0,9,0,0,2,80
9.806593,0,0,94,60,661,98,245,51,0,0,9,0,0,2,70
9.819692,1,0,94,60,664,98,245,51,0,0,9,0,0,2,70
9.829238,0,0,94,60,664,98,245,51,0,0,9,0,0,2,70
9.833781,0,0,94,60,664,98,245,51,0,0,9,0,0,2,70
9.838271,1,0,94,60,666,98,245,51,0,0,9,0,0,2,98
9.851396,0,0,94,60,666,98,245,51,0,0,9,0,0,2,98
9.861871,0,0,94,60,666,98,245,51,0,0,9,0,0,2,98
9.866406,0,0,94,60,666,98,245,51,0,0,9,0,0,2,69
9.870540,1,1,94,60,668,98,245,51,0,0,7,0,0,2,69
9.881724,1,0,94,60,668,98,245,50,0,0,7,0,0,2,69
9.885832,0,0,94,60,668,98,245,50,0,0,7,0,0,2,69
9.892783,0,0,94,60,668,98,245,50,0,0,7,0,0,2,69
9.896929,1,1,94,60,669,98,245,50,0,0,10,0,0,2,75
9.901084,0,0,94,60,669,98,245,50,0,0,10,0,0,2,75
9.912646,0,0,94,60,669,98,245,50,0,0,10,0,0,2,75
9.922082,0,0,94,60,669,98,245,50,0,0,10,0,0,2,75
9.926146,0,0,94,60,669,98,245,50,0,0,10,0,0,2,59
9.930271,1,1,94,60,671,98,245,50,0,0,8,0,0,2,59
9.944220,0,0,94,60,671,98,245,50,0,0,8,0,0,2,59
9.953826,0,0,94,60,671,98,245,50,0,0,8,0,0,2,59
9.958380,1,0,94,60,673,98,245,50,0,0,8,0,0,2,70
9.962920,1,0,94,60,673,98,245,51,0,0,8,0,0,2,70
9.974748,0,0,94,60,673,98,245,51,0,0,8,0,0,2,70
9.984301,0,0,94,60,673,98,245,51,0,0,8,0,0,2,70
9.988494,0,0,94,60,673,98,245,51,0,0,8,0,0,2,70
9.993065,0,0,94,60,673,98,245,51,0,0,8,0,0,2,70
10.005626,0,0,94,60,673,98,245,51,0,0,8,0,0,2,70
10.015229,0,0,94,60,673,98,245,51,0,0,8,0,0,2,70
10.019800,1,0,94,60,678,98,245,51,0,0,8,0,0,2,27
10.024826,0,0,94,60,678,98,245,51,0,0,8,0,0,2,27
10.036672,0,0,94,60,678,98,245,51,0,0,8,0,0,2,27
10.046626,0,0,94,60,678,98,245,51,0,0,8,0,0,2,27
10.051548,1,0,94,60,682,98,245,51,0,0,8,0,0,2,71
10.055828,0,0,94,60,682,98,245,51,0,0,8,0,0,2,71
10.067252,0,0,94,60,682,98,245,51,0,0,8,0,0,2,71
10.071447,0,0,94,60,682,98,245,51,0,0,8,0,0,2,71
10.078511,1,1,94,60,683,98,245,51,0,0,6,0,0,2,67
10.082638,0,0,94,60,683,98,245,51,0,0,6,0,0,2,67
10.086753,0,0,94,60,683,98,245,51,0,0,6,0,0,2,67
10.098602,0,0,94,60,683,98,245,51,0,0,6,0,0,2,67
10.108379,0,0,94,60,683,98,245,51,0,0,6,0,0,2,95
10.113279,1,1,94,60,685,98,245,51,0,0,9,0,0,2,95
10.117793,0,0,94,60,685,98,245,51,0,0,9,0,0,2,95
10.129590,0,0,94,60,685,98,245,51,0,0,9,0,0,2,95
10.139550,1,1,94,60,688,98,245,51,0,0,6,0,0,2,46
10.144137,0,0,94,60,688,98,245,51,0,0,6,0,0,2,46
10.148630,0,0,94,60,688,98,245,51,0,0,6,0,0,2,46
10.160966,0,0,94,60,688,98,245,51,0,0,6,0,0,2,46
10.170587,0,1,94,60,688,98,245,51,0,0,9,0,0,2,65
10.175152,1,0,94,60,690,98,245,51,0,0,9,0,0,2,65
10.179783,0,0,94,60,690,98,245,51,0,0,9,0,0,2,65
10.191934,0,1,94,60,690,98,245,51,0,1,9,0,0,2,85
10.201502,1,1,94,60,691,98,245,51,0,1,8,0,0,2,85
10.206085,0,0,94,60,691,98,245,51,0,1,8,0,0,2,85
10.211011,0,0,94,60,691,98,245,51,0,1,8,0,0,2,85
10.222880,0,0,94,60,691,98,245,51,0,1,8,0,0,2,85
10.232700,1,1,94,60,694,98,245,51,0,1,7,0,0,2,68
10.237298,0,0,94,60,694,98,245,51,0,1,7,0,0,2,68
10.241830,0,0,94,60,694,98,245,51,0,1,7,0,0,2,68
10.253622,0,0,94,60,694,98,245,51,0,1,7,0,0,2,72
10.263227,1,1,94,60,696,98,245,51,0,1,6,0,0,2,72
10.267810,1,0,94,60,696,98,245,50,0,1,6,0,0,2,72
10.272724,0,0,94,60,696,98,245,50,0,1,6,0,0,2,72
10.285031,0,0,94,60,696,98,245,50,0,1,6,0,0,2,72
10.294452,1,1,94,60,699,98,245,50,0,1,7,0,0,2,70
10.299064,1,0,94,60,699,98,245,51,0,1,7,0,0,2,70
10.303946,0,0,94,60,699,98,245,51,0,1,7,0,0,2,70
10.316159,0,0,94,60,699,98,245,51,0,1,7,0,0,2,84
10.326348,1,1,94,60,701,98,245,51,0,1,8,0,0,2,84
10.330447,0,0,94,60,701,98,245,51,0,1,8,0,0,2,84
10.334527,0,0,94,60,701,98,245,51,0,1,8,0,0,2,84
10.346840,0,0,94,60,701,98,245,51,0,1,8,0,0,2,84
10.356157,1,1,94,60,705,98,245,51,0,1,6,0,0,2,65
10.360285,0,1,94,60,705,98,245,51,0,1,6,0,0,3,65
10.364787,0,0,94,60,705,98,245,51,0,1,6,0,0,3,65
10.377692,0,0,94,60,705,98,245,51,0,1,6,0,0,3,65
10.387199,0,1,94,60,705,98,245,51,0,1,6,0,0,2,65
10.391667,1,0,94,60,705,98,245,50,0,1,6,0,0,2,65
10.395762,0,0,94,60,705,98,245,50,0,1,6,0,0,2,65
10.408054,0,0,94,60,705,98,245,50,0,1,6,0,0,2,62
10.412113,1,0,94,60,711,98,245,50,0,1,6,0,0,2,62
10.419473,0,0,94,60,711,98,245,50,0,1,6,0,0,2,62
10.423466,0,0,94,60,711,98,245,50,0,1,6,0,0,2,62
10.428006,0,0,94,60,711,98,245,50,0,1,6,0,0,2,62
10.439132,1,0,94,60,712,98,245,50,0,1,6,0,0,2,80
10.443571,1,0,94,60,712,98,245,51,0,1,6,0,0,2,80
10.450845,0,0,94,60,712,98,245,51,0,1,6,0,0,2,80
10.455002,0,0,94,60,712,98,245,51,0,1,6,0,0,2,80
10.459072,0,0,94,60,712,98,245,51,0,1,6,0,0,2,80
10.470398,1,1,94,60,715,98,245,51,0,1,8,0,0,2,96
10.474447,0,0,94,60,715,98,245,51,0,1,8,0,0,2,96
10.481743,0,0,94,60,715,98,245,51,0,1,8,0,0,2,96
10.486281,0,0,94,60,715,98,245,51,0,1,8,0,0,2,96
10.490376,0,1,94,60,715,98,245,51,0,1,6,0,0,2,55
10.501662,1,0,94,60,716,98,245,51,0,1,6,0,0,2,55
10.511305,0,0,94,60,716,98,245,51,0,1,6,0,0,2,55
10.515422,0,0,94,60,716,98,245,51,0,1,6,0,0,2,55
10.519504,0,0,94,60,716,98,245,51,0,1,6,0,0,2,55
10.532051,1,1,94,60,718,98,245,51,0,1,8,0,0,2,92
10.536190,1,0,94,60,718,98,245,50,0,1,8,0,0,2,92
10.543671,0,0,94,60,718,98,245,50,0,1,8,0,0,2,92
10.547814,0,0,94,60,718,98,245,50,0,1,8,0,0,2,92
10.551968,1,1,94,60,720,98,245,50,0,1,7,0,0,2,93
10.563862,0,0,94,60,720,98,245,50,0,1,7,0,0,2,93
10.573216,0,0,94,60,720,98,245,50,0,1,7,0,0,2,93
10.577807,0,0,94,60,720,98,245,50,0,1,7,0,0,2,93
10.581916,1,1,94,60,722,98,245,50,0,1,6,0,0,2,88
10.594743,0,0,94,60,722,98,245,50,0,1,6,0,0,2,88
10.604446,0,0,94,60,722,98,245,50,0,1,6,0,0,2,88
10.612467,0,1,94,60,722,98,245,50,0,1,8,0,0,2,114
10.625709,1,0,94,60,724,98,245,50,0,1,8,0,0,2,114
10.635049,1,0,94,60,724,98,245,51,0,1,8,0,0,2,114
10.639576,0,0,94,60,724,98,245,51,0,1,8,0,0,2,114
10.644096,1,1,94,60,727,98,245,51,0,1,5,0,0,2,87
10.656055,0,0,94,60,727,98,245,51,0,1,5,0,0,2,87
10.660215,0,0,94,60,727,98,245,51,0,1,5,0,0,2,87
10.667580,0,0,94,60,727,98,245,51,0,1,5,0,0,2,87
10.672421,0,0,94,60,727,98,245,51,0,1,5,0,0,2,98
10.685982,1,1,94,60,729,98,245,51,0,1,8,0,0,2,98
10.690528,0,0,94,60,729,98,245,51,0,1,8,0,0,2,98
10.699074,0,0,94,60,729,98,245,51,0,1,8,0,0,2,98
10.703999,1,1,94,60,733,98,245,51,0,1,6,0,0,2,81
10.717804,1,0,94,60,733,98,245,50,0,1,6,0,0,2,81
10.722362,0,0,94,60,733,98,245,50,0,1,6,0,0,2,81
10.729741,0,0,94,60,733,98,245,50,0,1,6,0,0,2,81
10.733773,1,0,94,60,734,98,245,50,0,1,6,0,0,2,73
10.737826,0,0,94,60,734,98,245,50,0,1,6,0,0,2,73
10.749141,0,0,94,60,734,98,245,50,0,1,6,0,0,2,73
10.753253,0,0,94,60,734,98,245,50,0,1,6,0,0,2,73
10.760246,0,1,94,60,734,98,245,50,0,0,6,0,0,2,73
10.764286,1,1,94,60,737,98,245,50,0,0,7,0,0,2,98
10.768415,0,0,94,60,737,98,245,50,0,0,7,0,0,2,98
10.780026,0,0,94,60,737,98,245,50,0,0,7,0,0,2,98
10.784170,0,0,94,60,737,98,245,50,0,0,7,0,0,2,98
10.791402,0,0,94,60,737,98,245,50,0,0,7,0,0,2,98
10.795540,0,1,94,60,737,98,245,50,0,1,7,0,0,2,98
10.799597,1,0,94,60,737,98,245,51,0,1,7,0,0,2,98
10.811391,0,0,94,60,737,98,245,51,0,1,7,0,0,2,98
10.820811,0,1,94,60,737,98,245,51,0,0,7,0,0,2,98
10.824921,1,1,94,60,743,98,245,51,0,0,6,0,0,2,-2
10.829132,0,1,94,60,743,98,245,51,0,0,6,0,0,3,-2
10.842630,0,0,94,60,743,98,245,51,0,0,6,0,0,3,-2
10.851985,0,0,94,60,743,98,245,51,0,0,6,0,0,3,-2
10.856107,0,1,94,60,743,98,245,51,0,1,6,0,0,3,-2
10.860708,0,0,94,60,743,98,245,51,0,1,6,0,0,3,-2
10.873705,0,0,94,60,743,98,245,51,0,1,6,0,0,3,-2
10.883354,0,0,94,60,743,98,245,51,0,1,6,0,0,3,-2
10.887514,0,1,94,60,743,98,245,51,0,1,6,0,0,2,-2
10.892404,0,0,94,60,743,98,245,51,0,1,6,0,0,2,-2
10.904722,0,0,94,60,743,98,245,51,0,1,6,0,0,2,-2
10.914990,0,1,94,60,743,98,245,51,0,0,7,0,0,2,83
10.919940,1,0,94,60,749,98,245,51,0,0,7,0,0,2,83
10.924107,0,0,94,60,749,98,245,51,0,0,7,0,0,2,83
10.935320,0,0,94,60,749,98,245,51,0,0,7,0,0,2,83
10.945055,1,1,94,60,750,98,245,51,0,0,5,0,0,2,71
10.950272,0,0,94,60,750,98,245,51,0,0,5,0,0,2,71
10.954868,0,0,94,60,750,98,245,51,0,0,5,0,0,2,71
10.966867,0,0,94,60,750,98,245,51,0,0,5,0,0,2,71
10.976965,1,1,94,60,752,98,245,51,0,1,6,1,0,2,75
10.981068,0,0,94,60,752,98,245,51,0,1,6,1,0,2,75
10.985187,0,0,94,60,752,98,245,51,0,1,6,1,0,2,75
10.997638,0,0,94,60,752,98,245,51,0,1,6,1,0,2,85
11.006928,1,1,94,60,754,98,245,51,0,1,7,0,0,2,85
11.011788,0,0,94,60,754,98,245,51,0,1,7,0,0,2,85
11.016632,0,0,94,60,754,98,245,51,0,1,7,0,0,2,85
11.028279,0,0,94,60,754,98,245,51,0,1,7,0,0,2,85
11.037980,1,1,94,60,756,98,245,51,0,1,5,1,0,2,54
11.042524,0,0,94,60,756,98,245,51,0,1,5,1,0,2,54
11.046698,0,0,94,60,756,98,245,51,0,1,5,1,0,2,54
11.059247,0,0,94,60,756,98,245,51,0,1,5,1,0,2,54
11.069146,0,0,94,60,756,98,245,51,0,1,5,1,0,2,54
11.074120,0,0,94,60,756,98,245,51,0,1,5,1,0,2,54
11.078634,0,0,94,60,756,98,245,51,0,1,5,1,0,2,54
11.090471,0,0,94,60,756,98,245,51,0,1,5,1,0,2,48
11.099789,1,1,94,60,761,98,245,51,0,1,5,0,0,2,48
11.103898,0,0,94,60,761,98,245,51,0,1,5,0,0,2,48
11.108018,0,0,94,60,761,98,245,51,0,1,5,0,0,2,48
11.121673,1,1,94,60,762,98,245,51,0,1,6,0,0,2,58
11.131838,0,0,94,60,762,98,245,51,0,1,6,0,0,2,58
11.136282,0,0,94,60,762,98,245,51,0,1,6,0,0,2,58
11.140973,0,0,94,60,762,98,245,51,0,1,6,0,0,2,58
11.152477,1,1,94,60,764,98,245,51,0,1,7,0,0,2,80
11.162129,0,0,94,60,764,98,245,51,0,1,7,0,0,2,80
11.166231,0,0,94,60,764,98,245,51,0,1,7,0,0,2,80
11.170728,0,1,94,60,764,98,245,51,0,0,7,0,0,2,80
11.183130,1,1,94,60,767,98,245,51,0,0,5,0,0,2,50
11.187234,0,0,94,60,767,98,245,51,0,0,5,0,0,2,50
11.194557,0,0,94,60,767,98,245,51,0,0,5,0,0,2,50
11.198731,0,0,94,60,767,98,245,51,0,0,5,0,0,2,50
11.203216,1,1,94,60,769,98,245,51,0,0,7,0,0,2,73
11.214431,0,0,94,60,769,98,245,51,0,0,7,0,0,2,73
11.223800,1,0,94,60,769,98,245,50,0,0,7,0,0,2,73
11.228866,0,0,94,60,769,98,245,50,0,0,7,0,0,2,73
11.233793,1,1,94,60,772,98,245,50,0,1,6,0,0,2,70
11.245413,0,0,94,60,772,98,245,50,0,1,6,0,0,2,70
11.254983,0,0,94,60,772,98,245,50,0,1,6,0,0,2,70
11.259181,0,0,94,60,772,98,245,50,0,1,6,0,0,2,70
11.263745,1,1,94,60,775,98,245,50,0,0,6,1,0,2,66
11.276785,0,0,94,60,775,98,245,50,0,0,6,1,0,2,66
11.286411,1,0,94,60,775,98,245,51,0,0,6,1,0,2,66
11.290566,0,0,94,60,775,98,245,51,0,0,6,1,0,2,66
11.294781,1,1,94,60,776,98,245,51,0,0,7,0,0,2,92
11.307239,0,1,94,60,776,98,245,51,0,0,7,0,0,3,92
11.316782,0,0,94,60,776,98,245,51,0,0,7,0,0,3,92
11.320848,0,1,94,60,776,98,245,51,0,1,7,0,0,3,92
11.325420,1,1,94,60,779,98,245,51,0,1,5,0,0,3,57
11.338442,0,0,94,60,779,98,245,51,0,1,5,0,0,3,57
11.347979,0,0,94,60,779,98,245,51,0,1,5,0,0,3,57
11.352119,0,1,94,60,779,98,245,51,0,1,7,0,0,3,74
11.356280,1,0,94,60,781,98,245,51,0,1,7,0,0,3,74
11.368889,1,0,94,60,781,98,245,50,0,1,7,0,0,3,74
11.373074,0,0,94,60,781,98,245,50,0,1,7,0,0,3,74
11.380133,0,1,94,60,781,98,245,50,0,0,7,0,0,3,74
11.384632,1,1,94,60,784,98,245,50,0,0,6,0,0,3,65
11.389477,1,0,94,60,784,98,245,51,0,0,6,0,0,3,65
11.401031,0,0,94,60,784,98,245,51,0,0,6,0,0,3,65
11.410791,0,0,94,60,784,98,245,51,0,0,6,0,0,3,65
11.415340,1,1,94,60,787,98,245,51,0,1,6,0,0,3,63
11.419517,0,1,94,60,787,98,245,51,0,1,6,0,0,2,63
11.431802,0,0,94,60,787,98,245,51,0,1,6,0,0,2,63
11.441837,0,0,94,60,787,98,245,51,0,1,6,0,0,2,63
11.446390,1,1,94,60,788,98,245,51,0,1,7,0,0,2,106
11.451382,0,1,94,60,788,98,245,51,0,1,7,0,0,3,106
11.462421,0,0,94,60,788,98,245,51,0,1,7,0,0,3,106
11.471960,0,0,94,60,788,98,245,51,0,1,7,0,0,3,106
11.476184,1,1,94,60,791,98,245,51,0,0,5,0,0,3,64
11.480385,0,1,94,60,791,98,245,51,0,0,5,0,0,2,64
11.493077,0,0,94,60,791,98,245,51,0,0,5,0,0,2,64
11.502754,0,0,94,60,791,98,245,51,0,0,5,0,0,2,88
11.507621,1,1,94,60,793,98,245,51,0,0,6,0,0,2,88
11.512471,1,0,94,60,793,98,245,50,0,0,6,0,0,2,88
11.524156,0,0,94,60,793,98,245,50,0,0,6,0,0,2,88
11.533996,0,0,94,60,793,98,245,50,0,0,6,0,0,2,88
11.538892,1,1,94,60,795,98,245,51,0,0,6,0,0,3,88
11.543472,0,0,94,60,795,98,245,51,0,0,6,0,0,3,88
11.555091,0,0,94,60,795,98,245,51,0,0,6,0,0,3,88
11.564646,1,1,94,60,797,98,245,51,0,0,5,0,0,3,71
11.569574,0,0,94,60,797,98,245,51,0,0,5,0,0,3,71
11.574471,0,0,94,60,797,98,245,51,0,0,5,0,0,3,71
11.586045,0,0,94,60,797,98,245,51,0,0,5,0,0,3,71
11.595898,0,1,94,60,797,98,245,51,0,1,6,0,0,3,107
11.600846,1,0,94,60,799,98,245,51,0,1,6,0,0,3,107
11.605737,0,0,94,60,799,98,245,51,0,1,6,0,0,3,107
11.617405,0,1,94,60,799,98,245,51,0,0,6,0,0,3,52
11.626974,1,1,94,60,801,98,245,51,0,0,5,0,0,3,52
11.631420,0,0,94,60,801,98,245,51,0,0,5,0,0,3,52
11.635563,0,0,94,60,801,98,245,51,0,0,5,0,0,3,52
11.648063,0,1,94,60,801,98,245,51,0,1,5,0,0,3,52
11.657871,1,1,94,60,803,98,245,51,0,1,6,0,0,3,75
11.662635,0,0,94,60,803,98,245,51,0,1,6,0,0,3,75
11.666737,0,0,94,60,803,98,245,51,0,1,6,0,0,3,75
11.679763,0,1,94,60,803,98,245,51,0,0,6,0,0,3,85
11.689591,1,0,94,60,806,98,245,50,0,0,6,0,0,3,85
11.693816,0,0,94,60,806,98,245,50,0,0,6,0,0,3,85
11.698291,0,0,94,60,806,98,245,50,0,0,6,0,0,3,85
11.710080,0,0,94,60,806,98,245,50,0,0,6,0,0,3,68
11.719770,1,1,94,60,808,98,245,50,0,0,5,0,0,3,68
11.723855,0,0,94,60,808,98,245,50,0,0,5,0,0,3,68
11.728231,0,0,94,60,808,98,245,50,0,0,5,0,0,3,68
11.740717,1,1,94,60,810,98,245,50,0,1,7,0,0,3,85
11.744829,1,0,94,60,810,98,245,51,0,1,7,0,0,3,85
11.752475,0,0,94,60,810,98,245,51,0,1,7,0,0,3,85
11.756605,0,0,94,60,810,98,245,51,0,1,7,0,0,3,85
11.770537,0,1,94,60,810,98,245,51,0,0,7,0,0,3,69
11.775043,1,1,94,60,812,98,245,51,0,0,5,0,0,3,69
11.783574,0,0,94,60,812,98,245,51,0,0,5,0,0,3,69
11.788063,0,0,94,60,812,98,245,51,0,0,5,0,0,3,69
11.801407,0,1,94,60,812,98,245,51,0,1,6,0,0,3,85
11.805479,1,1,94,60,814,98,245,51,0,1,6,1,0,3,85
11.813924,0,0,94,60,814,98,245,51,0,1,6,1,0,3,85
11.817939,0,0,94,60,814,98,245,51,0,1,6,1,0,3,85
11.822030,0,1,94,60,814,98,245,51,0,0,6,1,0,3,84
11.833614,1,1,94,60,817,98,245,51,0,0,6,0,0,3,84
11.837685,0,1,94,60,817,98,245,51,0,0,6,0,0,2,84
11.844854,0,0,94,60,817,98,245,51,0,0,6,0,0,2,84
11.848997,0,0,94,60,817,98,245,51,0,0,6,0,0,2,84
11.853161,1,1,94,60,818,98,245,51,0,1,4,0,0,2,58
11.865142,0,0,94,60,818,98,245,51,0,1,4,0,0,2,58
11.874663,0,0,94,60,818,98,245,51,0,1,4,0,0,2,58
11.879496,0,0,94,60,818,98,245,51,0,1,4,0,0,2,58
11.884545,1,1,94,60,820,98,245,51,0,1,7,1,0,2,81
11.895899,0,1,94,60,820,98,245,51,0,1,7,1,0,3,81
11.905850,0,0,94,60,820,98,245,51,0,1,7,1,0,3,81
11.910386,0,1,94,60,820,98,245,51,0,0,7,1,0,3,81
11.914886,1,1,94,60,821,98,245,51,0,0,4,0,0,3,118
11.927479,0,0,94,60,821,98,245,51,0,0,4,0,0,3,118
11.937585,0,0,94,60,821,98,245,51,0,0,4,0,0,3,118
11.942185,0,1,94,60,821,98,245,51,0,1,5,0,0,3,-15
11.946731,1,0,94,60,824,98,245,51,0,1,5,0,0,3,-15
11.958110,0,0,94,60,824,98,245,51,0,1,5,0,0,3,-15
11.967903,0,0,94,60,824,98,245,51,0,1,5,0,0,3,-15
11.972603,0,0,94,60,824,98,245,51,0,1,5,0,0,3,60
11.977633,1,0,94,60,827,98,245,51,0,1,5,0,0,3,60
11.989066,0,0,94,60,827,98,245,51,0,1,5,0,0,3,60
11.998885,0,0,94,60,827,98,245,51,0,1,5,0,0,3,60
12.003147,1,1,94,60,830,98,245,51,0,0,6,0,0,3,88
12.007716,0,1,94,60,830,98,245,51,0,0,6,0,0,2,88
12.019939,0,0,94,60,830,98,245,51,0,0,6,0,0,2,88
12.029617,0,0,94,60,830,98,245,51,0,0,6,0,0,2,88
12.034553,0,1,94,60,830,98,245,51,0,1,6,0,0,2,88
12.039452,0,1,94,60,830,98,245,51,0,1,6,0,0,3,88
12.050596,0,0,94,60,830,98,245,51,0,1,6,0,0,3,88
12.054740,0,0,94,60,830,98,245,51,0,1,6,0,0,3,88
12.061775,0,0,94,60,830,98,245,51,0,1,6,0,0,3,109
12.065919,1,1,94,60,836,98,245,51,0,1,6,1,0,3,109
12.070381,0,0,94,60,836,98,245,51,0,1,6,1,0,3,109
12.081880,0,0,94,60,836,98,245,51,0,1,6,1,0,3,109
12.085948,0,0,94,60,836,98,245,51,0,1,6,1,0,3,109
12.093604,0,1,94,60,836,98,245,51,0,0,6,1,0,3,74
12.098450,1,1,94,60,838,98,245,51,0,0,6,0,0,3,74
12.111900,0,0,94,60,838,98,245,51,0,0,6,0,0,3,74
12.116135,0,0,94,60,838,98,245,51,0,0,6,0,0,3,74
12.123925,0,0,94,60,838,98,245,51,0,0,6,0,0,3,48
12.128667,1,1,94,60,840,98,245,51,0,0,5,0,0,3,48
12.132825,0,0,94,60,840,98,245,51,0,0,5,0,0,3,48
12.144125,0,0,94,60,840,98,245,51,0,0,5,0,0,3,48
12.153846,0,0,94,60,840,98,245,51,0,0,5,0,0,3,48
12.158736,1,1,94,60,843,98,245,51,0,0,7,0,0,3,87
12.163269,0,0,94,60,843,98,245,51,0,0,7,0,0,3,87
12.174744,0,0,94,60,843,98,245,51,0,0,7,0,0,3,87
12.179203,0,1,94,60,843,98,245,51,0,1,7,0,0,3,64
12.186139,1,1,94,60,845,98,245,51,0,1,5,0,0,3,64
12.190273,0,0,94,60,845,98,245,51,0,1,5,0,0,3,64
12.194375,0,0,94,60,845,98,245,51,0,1,5,0,0,3,64
12.205757,0,0,94,60,845,98,245,51,0,1,5,0,0,3,64
12.209809,0,0,94,60,845,98,245,51,0,1,5,0,0,3,64
12.217469,1,1,94,60,847,98,245,51,0,1,6,1,0,3,84
12.221627,0,0,94,60,847,98,245,51,0,1,6,1,0,3,84
12.226077,0,0,94,60,847,98,245,51,0,1,6,1,0,3,84
12.237529,0,0,94,60,847,98,245,51,0,1,6,1,0,3,84
12.247433,1,1,94,60,848,98,245,51,0,0,6,0,0,3,92
12.252828,0,0,94,60,848,98,245,51,0,0,6,0,0,3,92
12.266446,0,0,94,60,848,98,245,51,0,0,6,0,0,3,92
12.271385,0,1,94,60,848,98,245,51,0,1,6,0,0,3,66
12.279554,1,1,94,60,852,98,245,51,0,1,4,0,0,3,66
12.283669,0,0,94,60,852,98,245,51,0,1,4,0,0,3,66
12.287825,0,0,94,60,852,98,245,51,0,1,4,0,0,3,66
12.299073,0,0,94,60,852,98,245,51,0,1,4,0,0,3,66
12.308353,0,0,94,60,852,98,245,51,0,1,4,0,0,3,66
12.312532,0,0,94,60,852,98,245,51,0,1,4,0,0,3,66
12.317074,0,0,94,60,852,98,245,51,0,1,4,0,0,3,66
12.329966,0,0,94,60,852,98,245,51,0,1,4,0,0,3,66
12.339431,1,0,94,60,855,98,245,51,0,1,4,0,0,3,58
12.343930,0,0,94,60,855,98,245,51,0,1,4,0,0,3,58
12.348091,0,0,94,60,855,98,245,51,0,1,4,0,0,3,58
12.361127,0,0,94,60,855,98,245,51,0,1,4,0,0,3,84
12.370734,1,1,94,60,857,98,245,51,0,1,6,0,0,3,84
12.374823,0,0,94,60,857,98,245,51,0,1,6,0,0,3,84
12.378822,0,0,94,60,857,98,245,51,0,1,6,0,0,3,84
12.391748,0,0,94,60,857,98,245,51,0,1,6,0,0,3,92
12.395776,1,0,94,60,859,98,245,51,0,1,6,0,0,3,92
12.402748,0,0,94,60,859,98,245,51,0,1,6,0,0,3,92
12.406882,0,0,94,60,859,98,245,51,0,1,6,0,0,3,92
12.411422,0,0,94,60,859,98,245,51,0,1,6,0,0,3,92
12.422819,1,1,94,60,860,98,245,51,0,1,4,1,0,3,74
12.432340,0,0,94,60,860,98,245,51,0,1,4,1,0,3,74
12.436516,0,0,94,60,860,98,245,51,0,1,4,1,0,3,74
12.440966,0,0,94,60,860,98,245,51,0,1,4,1,0,3,74
12.453312,1,1,94,60,862,98,245,51,0,1,6,0,0,3,132
12.457328,0,0,94,60,862,98,245,51,0,1,6,0,0,3,132
12.464900,1,0,94,60,862,98,245,50,0,1,6,0,0,3,132
12.468981,0,0,94,60,862,98,245,50,0,1,6,0,0,3,132
12.473119,0,0,94,60,862,98,245,50,0,1,6,0,0,3,132
12.484783,1,1,94,60,868,98,245,50,0,1,4,0,0,3,76
12.494359,0,0,94,60,868,98,245,50,0,1,4,0,0,3,76
12.498601,0,0,94,60,868,98,245,50,0,1,4,0,0,3,76
12.502800,0,0,94,60,868,98,245,50,0,1,4,0,0,3,76
12.515770,1,1,94,60,870,98,245,50,0,1,5,1,0,3,74
12.525511,0,0,94,60,870,98,245,50,0,1,5,1,0,3,74
12.530080,0,0,94,60,870,98,245,50,0,1,5,1,0,3,74
12.534308,0,0,94,60,870,98,245,50,0,1,5,1,0,3,74
12.546794,1,1,94,60,873,98,245,50,0,1,5,0,0,3,68
12.556531,0,0,94,60,873,98,245,50,0,1,5,0,0,3,68
12.561716,0,0,94,60,873,98,245,50,0,1,5,0,0,3,68
12.566242,1,1,94,60,875,98,245,50,0,1,4,0,0,3,88
12.578070,0,0,94,60,875,98,245,50,0,1,4,0,0,3,88
12.587530,1,0,94,60,875,98,245,51,0,1,4,0,0,3,88
12.591729,0,0,94,60,875,98,245,51,0,1,4,0,0,3,88
12.596207,0,0,94,60,875,98,245,51,0,1,4,0,0,3,75
12.609071,1,1,94,60,876,98,245,51,0,1,4,1,0,3,75
12.618439,0,0,94,60,876,98,245,51,0,1,4,1,0,3,75
12.623076,0,0,94,60,876,98,245,51,0,1,4,1,0,3,75
12.627602,1,1,94,60,878,98,245,51,0,1,6,0,0,3,95
12.639715,0,0,94,60,878,98,245,51,0,1,6,0,0,3,95
12.649492,0,0,94,60,878,98,245,51,0,1,6,0,0,3,95
12.654098,0,0,94,60,878,98,245,51,0,1,6,0,0,3,95
12.658279,1,1,94,60,880,98,245,51,0,1,4,0,0,3,57
12.670761,0,0,94,60,880,98,245,51,0,1,4,0,0,3,57
12.680252,0,0,94,60,880,98,245,51,0,1,4,0,0,3,57
12.685268,0,0,94,60,880,98,245,51,0,1,4,0,0,3,57
12.689501,1,1,94,60,884,98,245,51,0,1,6,1,0,3,37
12.702127,0,0,94,60,884,98,245,51,0,1,6,1,0,3,37
12.711493,0,0,94,60,884,98,245,51,0,1,6,1,0,3,37
12.715629,0,1,94,60,884,98,245,51,0,1,5,1,0,3,151
12.719933,1,1,94,60,886,98,245,51,0,1,5,0,0,3,151
12.732763,0,0,94,60,886,98,245,51,0,1,5,0,0,3,151
12.742514,0,0,94,60,886,98,245,51,0,1,5,0,0,3,151
12.746706,1,1,94,60,887,98,245,51,0,1,3,0,0,3,51
12.750867,0,0,94,60,887,98,245,51,0,1,3,0,0,3,51
12.763751,0,0,94,60,887,98,245,51,0,1,3,0,0,3,51
12.773306,0,0,94,60,887,98,245,51,0,1,3,0,0,3,51
12.777475,1,1,94,60,890,98,245,51,0,1,6,1,0,3,74
12.781690,0,1,94,60,890,98,245,51,0,1,6,1,0,4,74
12.794784,1,0,94,60,890,98,245,50,0,1,6,1,0,4,74
12.804219,0,0,94,60,890,98,245,50,0,1,6,1,0,4,74
12.808700,1,1,94,60,893,98,245,50,0,1,5,0,0,4,59
12.812876,0,1,94,60,893,98,245,50,0,1,5,0,0,3,59
12.825982,0,0,94,60,893,98,245,50,0,1,5,0,0,3,59
12.835550,0,0,94,60,893,98,245,50,0,1,5,0,0,3,59
12.840468,1,1,94,60,895,98,245,50,0,1,4,1,0,3,53
12.844633,0,1,94,60,895,98,245,50,0,1,4,1,0,4,53
12.857538,0,0,94,60,895,98,245,50,0,1,4,1,0,4,53
12.866745,0,0,94,60,895,98,245,50,0,1,4,1,0,4,53
12.871276,1,1,94,60,897,98,245,50,0,1,6,0,0,4,95
12.875859,0,0,94,60,897,98,245,50,0,1,6,0,0,4,95
12.888158,0,0,94,60,897,98,245,50,0,1,6,0,0,4,95
12.898531,0,1,94,60,897,98,245,50,0,0,6,0,0,4,95
12.903924,1,1,94,60,898,98,245,50,0,0,3,0,0,3,59
12.918453,1,0,94,60,898,98,245,51,0,0,3,0,0,3,59
12.928979,0,1,94,60,898,98,245,51,0,1,3,0,0,3,75
12.934305,1,1,94,60,899,98,245,51,0,1,5,0,0,3,75
12.948209,0,0,94,60,899,98,245,51,0,1,5,0,0,3,75
12.953138,0,0,94,60,899,98,245,51,0,1,5,0,0,3,75
12.960690,1,0,94,60,902,98,245,51,0,1,5,0,0,3,76
12.964744,0,1,94,60,902,98,245,51,0,1,5,0,0,4,76
12.968805,0,0,94,60,902,98,245,51,0,1,5,0,0,4,76
12.980228,0,0,94,60,902,98,245,51,0,1,5,0,0,4,76
12.984286,1,1,94,60,904,98,245,51,0,1,4,0,0,4,57
12.991309,0,1,94,60,904,98,245,51,0,1,4,1,0,4,57
12.995449,1,0,94,60,904,98,245,50,0,1,4,1,0,4,57
12.999503,0,0,94,60,904,98,245,50,0,1,4,1,0,4,57
13.011575,0,0,94,60,904,98,245,50,0,1,4,1,0,4,57
13.015764,0,1,94,60,904,98,245,50,0,1,6,1,0,4,86
13.023735,1,1,94,60,906,98,245,50,0,1,6,0,0,4,86
13.027823,0,1,94,60,906,98,245,50,0,1,6,0,0,3,86
13.040997,0,0,94,60,906,98,245,50,0,1,6,0,0,3,86
13.045142,0,1,94,60,906,98,245,50,0,1,3,0,0,3,42
13.053659,1,0,94,60,910,98,245,50,0,1,3,0,0,3,42
13.057699,0,0,94,60,910,98,245,50,0,1,3,0,0,3,42
13.061743,0,0,94,60,910,98,245,50,0,1,3,0,0,3,42
13.074019,0,0,94,60,910,98,245,50,0,1,3,0,0,3,42
13.083498,0,1,94,60,910,98,245,50,0,1,6,0,0,3,79
13.088344,0,1,94,60,910,98,245,50,0,1,6,1,0,3,79
13.092917,0,0,94,60,910,98,245,50,0,1,6,1,0,3,79
13.104685,0,1,94,60,910,98,245,50,0,0,6,1,0,3,74
13.114553,1,1,94,60,912,98,245,50,0,0,5,0,0,3,74
13.119619,0,1,94,60,912,98,245,50,0,0,5,0,0,4,74
13.124115,0,0,94,60,912,98,245,50,0,0,5,0,0,4,74
13.136126,0,1,94,60,912,98,245,50,0,1,5,0,0,4,74
13.146170,1,1,94,60,915,98,245,50,0,1,4,1,0,4,63
13.150709,0,0,94,60,915,98,245,50,0,1,4,1,0,4,63
13.154888,0,0,94,60,915,98,245,50,0,1,4,1,0,4,63
13.166607,0,0,94,60,915,98,245,50,0,1,4,1,0,4,78
13.176362,1,1,94,60,917,98,245,50,0,1,5,0,0,4,78
13.180870,1,0,94,60,917,98,245,51,0,1,5,0,0,4,78
13.185802,0,0,94,60,917,98,245,51,0,1,5,0,0,4,78
13.197527,0,0,94,60,917,98,245,51,0,1,5,0,0,4,70
13.207396,1,1,94,60,920,98,245,51,0,1,4,1,0,4,70
13.211571,0,0,94,60,920,98,245,51,0,1,4,1,0,4,70
13.215770,0,0,94,60,920,98,245,51,0,1,4,1,0,4,70
13.228943,1,1,94,60,922,98,245,51,0,1,6,0,0,4,89
13.238446,0,0,94,60,922,98,245,51,0,1,6,0,0,4,89
13.245799,0,0,94,60,922,98,245,51,0,1,6,0,0,4,89
13.259351,0,1,94,60,922,98,245,51,0,1,4,0,0,4,76
13.269260,1,0,94,60,926,98,245,51,0,1,4,0,0,4,76
13.274525,0,0,94,60,926,98,245,51,0,1,4,0,0,4,76
13.279581,0,0,94,60,926,98,245,51,0,1,4,0,0,4,80
13.290637,1,1,94,60,929,98,245,51,0,1,4,1,0,4,80
13.300379,0,0,94,60,929,98,245,51,0,1,4,1,0,4,80
13.304691,0,0,94,60,929,98,245,51,0,1,4,1,0,4,80
13.309969,0,1,94,60,929,98,245,51,0,1,6,1,0,4,119
13.321988,0,1,94,60,929,98,245,51,0,1,6,0,0,4,119
13.332288,0,0,94,60,929,98,245,51,0,1,6,0,0,4,119
13.337526,0,0,94,60,929,98,245,51,0,1,6,0,0,4,119
13.351187,1,1,94,60,931,98,245,51,0,1,4,0,0,4,69
13.356192,0,0,94,60,931,98,245,51,0,1,4,0,0,4,69
13.363632,0,0,94,60,931,98,245,51,0,1,4,0,0,4,69
13.367802,0,0,94,60,931,98,245,51,0,1,4,0,0,4,69
13.372254,1,1,94,60,933,98,245,51,0,1,6,0,0,4,101
13.383482,0,0,94,60,933,98,245,51,0,1,6,0,0,4,101
13.393243,0,0,94,60,933,98,245,51,0,1,6,0,0,4,101
13.397389,0,0,94,60,933,98,245,51,0,1,6,0,0,4,101
13.401674,1,1,94,60,935,98,245,51,0,1,5,0,0,4,83
13.414496,0,0,94,60,935,98,245,51,0,1,5,0,0,4,83
13.424045,0,0,94,60,935,98,245,51,0,1,5,0,0,4,83
13.428224,0,0,94,60,935,98,245,51,0,1,5,0,0,4,83
13.432387,1,1,94,60,937,98,245,51,0,1,5,1,0,4,84
13.446104,0,0,94,60,937,98,245,51,0,1,5,1,0,4,84
13.455924,0,0,94,60,937,98,245,51,0,1,5,1,0,4,84
13.460461,1,1,94,60,940,98,245,51,0,1,6,1,0,4,100
13.464724,0,1,94,60,940,98,245,51,0,1,6,0,0,4,100
13.476599,0,0,94,60,940,98,245,51,0,1,6,0,0,4,100
13.486446,0,0,94,60,940,98,245,51,0,1,6,0,0,4,100
13.491013,1,1,94,60,944,98,245,51,0,1,4,1,0,4,59
13.495875,0,0,94,60,944,98,245,51,0,1,4,1,0,4,59
13.507020,0,0,94,60,944,98,245,51,0,1,4,1,0,4,59
13.511154,0,0,94,60,944,98,245,51,0,1,4,1,0,4,59
13.518843,0,0,94,60,944,98,245,51,0,1,4,1,0,4,59
13.522955,1,1,94,60,948,98,245,51,0,1,6,1,0,4,26
13.527082,0,0,94,60,948,98,245,51,0,1,6,1,0,4,26
13.538459,0,0,94,60,948,98,245,51,0,1,6,1,0,4,26
13.548071,0,0,94,60,948,98,245,51,0,1,6,1,0,4,26
13.552224,0,1,94,60,948,98,245,51,0,1,4,0,0,4,87
13.556337,1,0,94,60,948,98,245,50,0,1,4,0,0,4,87
13.569812,0,0,94,60,948,98,245,50,0,1,4,0,0,4,87
13.579638,0,0,94,60,948,98,245,50,0,1,4,0,0,4,87
13.584571,1,1,94,60,950,98,245,50,0,1,4,1,0,4,79
13.588771,0,0,94,60,950,98,245,50,0,1,4,1,0,4,79
13.600529,0,0,94,60,950,98,245,50,0,1,4,1,0,4,79
13.609974,0,0,94,60,950,98,245,50,0,1,4,1,0,4,79
13.614417,1,1,94,60,952,98,245,50,0,1,6,0,0,4,107
13.618462,1,0,94,60,952,98,245,51,0,1,6,0,0,4,107
13.631379,0,0,94,60,952,98,245,51,0,1,6,0,0,4,107
13.635480,0,0,94,60,952,98,245,51,0,1,6,0,0,4,107
13.642783,0,0,94,60,952,98,245,51,0,1,6,0,0,4,67
13.646882,1,1,94,60,954,98,245,51,0,1,4,0,0,4,67
13.651031,0,0,94,60,954,98,245,51,0,1,4,0,0,4,67
13.662333,0,0,94,60,954,98,245,51,0,1,4,0,0,4,67
13.666389,0,0,94,60,954,98,245,51,0,1,4,0,0,4,67
13.674472,1,1,94,60,956,98,245,51,0,1,6,1,0,4,84
13.679178,0,0,94,60,956,98,245,51,0,1,6,1,0,4,84
13.692335,0,0,94,60,956,98,245,51,0,1,6,1,0,4,84
13.696475,0,0,94,60,956,98,245,51,0,1,6,1,0,4,84
13.704160,1,1,94,60,957,98,245,51,0,1,5,0,0,4,141
13.709038,0,0,94,60,957,98,245,51,0,1,5,0,0,4,141
13.713567,0,0,94,60,957,98,245,51,0,1,5,0,0,4,141
13.724153,0,0,94,60,957,98,245,51,0,1,5,0,0,4,141
13.733886,1,1,94,60,960,98,245,51,0,1,4,1,0,4,75
13.738029,0,0,94,60,960,98,245,51,0,1,4,1,0,4,75
13.742572,0,0,94,60,960,98,245,51,0,1,4,1,0,4,75
13.755925,0,0,94,60,960,98,245,51,0,1,4,1,0,4,75
13.766127,1,1,94,60,963,98,245,51,0,1,5,0,0,4,89
13.770321,0,0,94,60,963,98,245,51,0,1,5,0,0,4,89
13.774553,0,0,94,60,963,98,245,51,0,1,5,0,0,4,89
13.787128,0,0,94,60,963,98,245,51,0,1,5,0,0,4,89
13.797006,0,0,94,60,963,98,245,51,0,1,5,0,0,4,89
13.801525,0,0,94,60,963,98,245,51,0,1,5,0,0,4,89
13.805772,0,0,94,60,963,98,245,51,0,1,5,0,0,4,89
13.817376,0,0,94,60,963,98,245,51,0,1,5,0,0,4,89
13.827013,1,1,94,60,967,98,245,51,0,1,6,0,0,4,81
13.831203,1,0,94,60,967,98,245,50,0,1,6,0,0,4,81
13.835729,0,0,94,60,967,98,245,50,0,1,6,0,0,4,81
13.848377,0,0,94,60,967,98,245,50,0,1,6,0,0,4,81
13.858319,0,0,94,60,967,98,245,50,0,1,6,0,0,4,81
13.862557,0,0,94,60,967,98,245,50,0,1,6,0,0,4,81
13.866790,0,0,94,60,967,98,245,50,0,1,6,0,0,4,81
13.879407,0,0,94,60,967,98,245,50,0,1,6,0,0,4,80
13.888906,1,0,94,60,973,98,245,50,0,1,6,0,0,4,80
13.893103,1,0,94,60,973,98,245,51,0,1,6,0,0,4,80
13.897639,0,0,94,60,973,98,245,51,0,1,6,0,0,4,80
13.910338,0,0,94,60,973,98,245,51,0,1,6,0,0,4,70
13.919869,0,0,94,60,973,98,245,51,0,1,6,0,0,4,70
13.924309,0,0,94,60,973,98,245,51,0,1,6,0,0,4,70
13.928476,0,0,94,60,973,98,245,51,0,1,6,0,0,4,70
13.941750,1,0,94,60,975,98,245,51,0,1,6,0,0,4,-9
13.951390,0,0,94,60,975,98,245,51,0,1,6,0,0,4,-9
13.955895,0,0,94,60,975,98,245,51,0,1,6,0,0,4,-9
13.960026,0,0,94,60,975,98,245,51,0,1,6,0,0,4,-9
13.972690,1,1,94,60,978,98,245,51,0,1,5,0,0,4,79
13.982057,0,0,94,60,978,98,245,51,0,1,5,0,0,4,79
13.986257,0,0,94,60,978,98,245,51,0,1,5,0,0,4,79
13.990394,0,0,94,60,978,98,245,51,0,1,5,0,0,4,79
14.003342,1,0,94,60,980,98,245,51,0,1,5,0,0,4,63
14.012950,0,0,94,60,980,98,245,51,0,1,5,0,0,4,63
14.017008,0,0,94,60,980,98,245,51,0,1,5,0,0,4,63
14.021164,0,0,94,60,980,98,245,51,0,1,5,0,0,4,63
14.034665,1,1,94,60,982,98,245,51,0,1,6,0,0,4,86
14.044386,0,0,94,60,982,98,245,51,0,1,6,0,0,4,86
14.048616,0,0,94,60,982,98,245,51,0,1,6,0,0,4,86
14.052807,0,0,94,60,982,98,245,51,0,1,6,0,0,4,54
14.066099,1,1,94,60,985,98,245,51,0,1,4,0,0,4,54
14.076020,0,0,94,60,985,98,245,51,0,1,4,0,0,4,54
14.080218,0,0,94,60,985,98,245,51,0,1,4,0,0,4,54
14.084296,1,1,94,60,988,98,245,51,0,1,6,0,0,4,71
14.096351,0,0,94,60,988,98,245,51,0,1,6,0,0,4,71
14.105850,0,0,94,60,988,98,245,51,0,1,6,0,0,4,71
14.110341,0,0,94,60,988,98,245,51,0,1,6,0,0,4,71
14.114479,1,1,94,60,990,98,245,51,0,1,5,0,0,4,64
14.128307,0,0,94,60,990,98,245,51,0,1,5,0,0,4,64
14.138835,0,0,94,60,990,98,245,51,0,1,5,0,0,4,64
14.144493,0,0,94,60,990,98,245,51,0,1,5,0,0,4,64
14.157896,1,1,94,60,992,98,245,51,0,1,6,0,0,4,71
14.162078,0,0,94,60,992,98,245,51,0,1,6,0,0,4,71
14.169399,0,0,94,60,992,98,245,51,0,1,6,0,0,4,71
14.173869,0,0,94,60,992,98,245,51,0,1,6,0,0,4,71
14.187631,1,0,94,60,994,98,245,51,0,1,6,0,0,4,88
14.192499,0,0,94,60,994,98,245,51,0,1,6,0,0,4,88
14.200042,0,0,94,60,994,98,245,51,0,1,6,0,0,4,88
14.204169,0,0,94,60,994,98,245,51,0,1,6,0,0,4,88
14.208291,1,1,94,60,996,98,245,51,0,1,5,1,0,4,72
14.219821,0,0,94,60,996,98,245,51,0,1,5,1,0,4,72
14.224296,0,0,94,60,996,98,245,51,0,1,5,1,0,4,72
14.232180,0,0,94,60,996,98,245,51,0,1,5,1,0,4,72
14.236308,1,1,94,60,999,98,245,51,0,1,7,0,0,4,96
14.249729,0,0,94,60,999,98,245,51,0,1,7,0,0,4,96
14.254764,0,0,94,60,999,98,245,51,0,1,7,0,0,4,96
14.262728,0,0,94,60,999,98,245,51,0,1,7,0,0,4,96
14.267281,1,1,94,60,1001,98,245,51,0,1,5,0,0,4,73
14.280866,0,0,94,60,1001,98,245,51,0,1,5,0,0,4,73
14.285350,0,0,94,60,1001,98,245,51,0,1,5,0,0,4,73
14.293663,0,0,94,60,1001,98,245,51,0,1,5,0,0,4,73
14.298579,1,1,94,60,1004,98,245,51,0,1,6,0,0,4,98
14.312684,0,0,94,60,1004,98,245,51,0,1,6,0,0,4,98
14.317017,0,0,94,60,1004,98,245,51,0,1,6,0,0,4,98
14.324931,0,1,94,60,1004,98,245,51,0,0,6,0,0,4,98
14.329033,0,0,94,60,1004,98,245,51,0,0,6,0,0,4,98
14.333102,1,0,94,60,1004,98,245,50,0,0,6,0,0,4,98
14.344280,0,0,94,60,1004,98,245,50,0,0,6,0,0,4,98
14.353725,0,1,94,60,1004,98,245,50,0,1,6,0,0,4,98
14.357778,1,1,94,60,1008,98,245,50,0,1,5,0,0,4,83
14.361782,0,1,94,60,1008,98,245,50,0,1,5,0,0,5,83
14.374781,0,0,94,60,1008,98,245,50,0,1,5,0,0,5,83
14.378870,0,0,94,60,1008,98,245,50,0,1,5,0,0,5,83
14.386412,0,0,94,60,1008,98,245,50,0,1,5,0,0,5,83
14.390832,0,1,94,60,1008,98,245,50,0,1,5,0,0,4,83
14.395033,0,0,94,60,1008,98,245,50,0,1,5,0,0,4,83
14.406566,0,0,94,60,1008,98,245,50,0,1,5,0,0,4,83
14.416278,0,0,94,60,1008,98,245,50,0,1,5,0,0,4,59
14.420836,1,0,94,60,1012,98,245,50,0,1,5,0,0,4,59
14.425784,0,0,94,60,1012,98,245,50,0,1,5,0,0,4,59
14.436783,0,0,94,60,1012,98,245,50,0,1,5,0,0,4,59
14.440899,0,0,94,60,1012,98,245,50,0,1,5,0,0,4,59
14.448300,1,1,94,60,1015,98,245,50,0,1,6,1,0,4,75
14.453169,0,0,94,60,1015,98,245,50,0,1,6,1,0,4,75
14.466706,0,0,94,60,1015,98,245,50,0,1,6,1,0,4,75
14.471255,0,0,94,60,1015,98,245,50,0,1,6,1,0,4,84
14.479222,1,1,94,60,1017,98,245,50,0,1,6,0,0,4,84
14.483410,0,0,94,60,1017,98,245,50,0,1,6,0,0,4,84
14.487540,0,0,94,60,1017,98,245,50,0,1,6,0,0,4,84
14.499137,0,0,94,60,1017,98,245,50,0,1,6,0,0,4,84
14.508999,0,1,94,60,1017,98,245,50,0,1,5,0,0,4,77
14.513112,1,0,94,60,1020,98,245,50,0,1,5,0,0,4,77
14.517164,0,0,94,60,1020,98,245,50,0,1,5,0,0,4,77
14.530096,0,0,94,60,1020,98,245,50,0,1,5,0,0,4,77
14.539813,1,1,94,60,1022,98,245,50,0,1,7,0,0,4,103
14.544724,0,1,94,60,1022,98,245,50,0,1,7,0,0,5,103
14.548918,0,0,94,60,1022,98,245,50,0,1,7,0,0,5,103
14.561636,0,0,94,60,1022,98,245,50,0,1,7,0,0,5,103
14.571637,1,1,94,60,1024,98,245,50,0,1,5,0,0,5,48
14.575878,1,0,94,60,1024,98,245,51,0,1,5,0,0,5,48
14.580359,0,0,94,60,1024,98,245,51,0,1,5,0,0,5,48
14.592147,0,0,94,60,1024,98,245,51,0,1,5,0,0,5,86
14.601970,0,1,94,60,1024,98,245,51,0,1,8,0,0,4,86
14.606515,0,0,94,60,1024,98,245,51,0,1,8,0,0,4,86
14.610641,0,0,94,60,1024,98,245,51,0,1,8,0,0,4,86
14.622785,0,0,94,60,1024,98,245,51,0,1,8,0,0,4,86
14.627270,1,1,94,60,1029,98,245,51,0,1,5,0,0,4,59
14.634600,0,0,94,60,1029,98,245,51,0,1,5,0,0,4,59
14.638801,0,0,94,60,1029,98,245,51,0,1,5,0,0,4,59
14.642961,0,0,94,60,1029,98,245,51,0,1,5,0,0,4,59
14.654618,0,0,94,60,1029,98,245,51,0,1,5,0,0,4,59
14.664305,0,0,94,60,1029,98,245,51,0,1,5,0,0,4,59
14.668884,0,0,94,60,1029,98,245,51,0,1,5,0,0,4,59
14.673397,0,0,94,60,1029,98,245,51,0,1,5,0,0,4,59
14.685133,0,1,94,60,1029,98,245,51,0,0,5,0,0,4,71
14.694939,1,1,94,60,1034,98,245,51,0,0,6,0,0,4,71
14.699106,0,1,94,60,1034,98,245,51,0,0,6,0,0,5,71
14.703286,0,0,94,60,1034,98,245,51,0,0,6,0,0,5,71
14.716087,1,1,94,60,1036,98,245,51,0,1,6,0,0,5,62
14.725677,0,1,94,60,1036,98,245,51,0,1,6,0,0,4,62
14.729802,0,0,94,60,1036,98,245,51,0,1,6,0,0,4,62
14.734279,0,0,94,60,1036,98,245,51,0,1,6,0,0,4,62
14.746649,1,1,94,60,1038,98,245,51,0,1,8,0,0,4,75
14.751118,0,0,94,60,1038,98,245,51,0,1,8,0,0,4,75
14.758538,1,0,94,60,1038,98,245,50,0,1,8,0,0,4,75
14.763032,0,0,94,60,1038,98,245,50,0,1,8,0,0,4,75
14.776490,0,0,94,60,1038,98,245,50,0,1,8,0,0,4,49
14.780635,1,1,94,60,1041,98,245,50,0,1,6,0,0,5,49
14.789471,0,0,94,60,1041,98,245,50,0,1,6,0,0,5,49
14.793670,0,0,94,60,1041,98,245,50,0,1,6,0,0,5,49
14.798144,0,1,94,60,1041,98,245,50,0,2,6,0,0,5,49
14.809709,1,1,94,60,1043,98,245,50,0,2,8,0,0,5,75
14.819737,0,1,94,60,1043,98,245,50,0,2,8,0,0,4,75
14.824315,0,0,94,60,1043,98,245,50,0,2,8,0,0,4,75
14.828846,0,1,94,60,1043,98,245,50,0,1,8,0,0,4,72
14.840528,1,1,94,60,1045,98,245,50,0,1,7,0,0,4,72
14.850167,0,0,94,60,1045,98,245,50,0,1,7,0,0,4,72
14.855029,0,0,94,60,1045,98,245,50,0,1,7,0,0,4,72
14.859606,0,1,94,60,1045,98,245,50,0,1,6,0,0,4,52
14.870974,1,0,94,60,1047,98,245,50,0,1,6,0,0,4,52
14.875152,1,0,94,60,1047,98,245,51,0,1,6,0,0,4,52
14.883170,0,0,94,60,1047,98,245,51,0,1,6,0,0,4,52
14.887746,0,0,94,60,1047,98,245,51,0,1,6,0,0,4,52
14.901514,1,1,94,60,1048,98,245,51,0,1,8,0,0,4,91
14.905697,0,0,94,60,1048,98,245,51,0,1,8,0,0,4,91
14.912737,0,0,94,60,1048,98,245,51,0,1,8,0,0,4,91
14.917634,0,0,94,60,1048,98,245,51,0,1,8,0,0,4,91
14.931428,1,1,94,60,1050,98,245,51,0,1,6,0,0,4,38
14.935633,0,0,94,60,1050,98,245,51,0,1,6,0,0,4,38
14.944265,0,0,94,60,1050,98,245,51,0,1,6,0,0,4,38
14.948476,0,0,94,60,1050,98,245,51,0,1,6,0,0,4,38
14.952579,1,1,94,60,1053,98,245,51,0,1,8,0,0,4,86
14.964062,0,0,94,60,1053,98,245,51,0,1,8,0,0,4,86
14.973909,0,0,94,60,1053,98,245,51,0,1,8,0,0,4,86
14.978447,0,0,94,60,1053,98,245,51,0,1,8,0,0,4,86
14.983304,1,1,94,60,1057,98,245,51,0,1,6,0,0,4,57
14.994928,0,0,94,60,1057,98,245,51,0,1,6,0,0,4,57
14.999122,0,0,94,60,1057,98,245,51,0,1,6,0,0,4,57
15.005997,0,0,94,60,1057,98,245,51,0,1,6,0,0,4,57
15.010464,0,0,94,60,1057,98,245,51,0,1,6,0,0,4,69
15.014615,1,1,94,60,1059,98,245,51,0,1,8,1,0,4,69
15.026257,0,0,94,60,1059,98,245,51,0,1,8,1,0,4,69
15.035647,0,0,94,60,1059,98,245,51,0,1,8,1,0,4,69
15.040225,0,1,94,60,1059,98,245,51,0,0,8,1,0,4,105
15.044360,1,1,94,60,1062,98,245,51,0,0,8,0,0,4,105
15.057026,0,0,94,60,1062,98,245,51,0,0,8,0,0,4,105
15.066844,0,0,94,60,1062,98,245,51,0,0,8,0,0,4,105
15.071403,0,0,94,60,1062,98,245,51,0,0,8,0,0,4,76
15.076268,1,1,94,60,1064,98,245,51,0,0,6,0,0,4,76
15.088462,0,0,94,60,1064,98,245,51,0,0,6,0,0,4,76
15.098129,0,0,94,60,1064,98,245,51,0,0,6,0,0,4,76
15.102629,1,1,94,60,1067,98,245,51,0,1,8,0,0,4,72
15.107477,1,0,94,60,1067,98,245,50,0,1,8,0,0,4,72
15.118698,0,0,94,60,1067,98,245,50,0,1,8,0,0,4,72
15.122891,0,0,94,60,1067,98,245,50,0,1,8,0,0,4,72
15.130610,0,0,94,60,1067,98,245,50,0,1,8,0,0,4,72
15.135113,0,0,94,60,1067,98,245,50,0,1,8,0,0,4,72
15.148613,0,0,94,60,1067,98,245,50,0,1,8,0,0,4,72
15.153138,0,0,94,60,1067,98,245,50,0,1,8,0,0,4,72
15.161807,0,0,94,60,1067,98,245,50,0,1,8,0,0,4,20
15.166663,1,1,94,60,1073,98,245,50,0,1,7,0,0,4,20
15.180390,1,1,94,60,1073,98,245,51,0,1,7,0,0,5,20
15.184546,0,0,94,60,1073,98,245,51,0,1,7,0,0,5,20
15.192517,0,0,94,60,1073,98,245,51,0,1,7,0,0,5,20
15.197066,0,1,94,60,1073,98,245,51,0,1,7,0,0,4,20
15.210402,0,0,94,60,1073,98,245,51,0,1,7,0,0,4,20
15.214623,0,0,94,60,1073,98,245,51,0,1,7,0,0,4,20
15.223129,1,1,94,60,1074,98,245,51,0,1,9,0,0,4,107
15.228174,0,1,94,60,1074,98,245,51,0,1,9,0,0,5,107
15.242871,0,0,94,60,1074,98,245,51,0,1,9,0,0,5,107
15.253087,0,0,94,60,1074,98,245,51,0,1,9,0,0,5,73
15.258315,1,1,94,60,1076,98,245,51,0,1,6,0,0,5,73
15.262497,0,0,94,60,1076,98,245,51,0,1,6,0,0,5,73
15.274618,0,0,94,60,1076,98,245,51,0,1,6,0,0,5,73
15.284726,1,1,94,60,1077,98,245,51,0,1,8,0,0,5,94
15.289980,0,1,94,60,1077,98,245,51,0,1,8,0,0,4,94
15.303356,0,0,94,60,1077,98,245,51,0,1,8,0,0,4,94
15.307583,0,0,94,60,1077,98,245,51,0,1,8,0,0,4,94
15.315743,1,1,94,60,1080,98,245,51,0,1,6,0,0,4,-3
15.319874,1,0,94,60,1080,98,245,50,0,1,6,0,0,4,-3
15.324062,0,0,94,60,1080,98,245,50,0,1,6,0,0,4,-3
15.336320,0,0,94,60,1080,98,245,50,0,1,6,0,0,4,117
15.346011,0,1,94,60,1080,98,245,50,0,1,8,0,0,4,117
15.350287,0,0,94,60,1080,98,245,50,0,1,8,0,0,4,117
15.354445,0,0,94,60,1080,98,245,50,0,1,8,0,0,4,117
15.367285,0,0,94,60,1080,98,245,50,0,1,8,0,0,4,117
15.376757,1,1,94,60,1085,98,245,50,0,1,6,0,0,4,83
15.381598,0,0,94,60,1085,98,245,50,0,1,6,0,0,4,83
15.385803,0,0,94,60,1085,98,245,50,0,1,6,0,0,4,83
15.398264,0,0,94,60,1085,98,245,50,0,1,6,0,0,4,89
15.407731,1,1,94,60,1087,98,245,50,0,1,9,0,0,4,89
15.412215,0,0,94,60,1087,98,245,50,0,1,9,0,0,4,89
15.416773,0,0,94,60,1087,98,245,50,0,1,9,0,0,4,89
15.428910,0,0,94,60,1087,98,245,50,0,1,9,0,0,4,60
15.438973,1,1,94,60,1091,98,245,50,0,1,6,0,0,4,60
15.443548,1,0,94,60,1091,98,245,51,0,1,6,0,0,4,60
15.448183,0,0,94,60,1091,98,245,51,0,1,6,0,0,4,60
15.460402,1,1,94,60,1092,98,245,51,0,1,7,0,0,4,61
15.469765,0,1,94,60,1092,98,245,51,0,1,7,0,0,5,61
15.475085,0,0,94,60,1092,98,245,51,0,1,7,0,0,5,61
15.479230,0,0,94,60,1092,98,245,51,0,1,7,0,0,5,61
15.490925,1,1,94,60,1093,98,245,51,0,1,9,0,0,5,96
15.500549,0,1,94,60,1093,98,245,51,0,1,9,0,0,4,96
15.505895,0,0,94,60,1093,98,245,51,0,1,9,0,0,4,96
15.510149,0,0,94,60,1093,98,245,51,0,1,9,0,0,4,42
15.522770,1,1,94,60,1095,98,245,51,0,1,7,0,0,4,42
15.532599,0,0,94,60,1095,98,245,51,0,1,7,0,0,4,42
15.536777,0,0,94,60,1095,98,245,51,0,1,7,0,0,4,42
15.541259,0,1,94,60,1095,98,245,51,0,1,9,0,0,4,81
15.552539,1,0,94,60,1099,98,245,51,0,1,9,0,0,4,81
15.562587,0,0,94,60,1099,98,245,51,0,1,9,0,0,4,81
15.566743,0,0,94,60,1099,98,245,51,0,1,9,0,0,4,81
15.570832,0,1,94,60,1099,98,245,51,0,1,8,0,0,4,62
15.583823,1,0,94,60,1101,98,245,51,0,1,8,0,0,4,62
15.593352,1,0,94,60,1101,98,245,50,0,1,8,0,0,4,62
15.597480,0,0,94,60,1101,98,245,50,0,1,8,0,0,4,62
15.601542,0,0,94,60,1101,98,245,50,0,1,8,0,0,4,-4
15.614425,1,0,94,60,1105,98,245,50,0,1,8,0,0,4,-4
15.618531,0,0,94,60,1105,98,245,50,0,1,8,0,0,4,-4
15.626243,0,0,94,60,1105,98,245,50,0,1,8,0,0,4,-4
15.630375,0,0,94,60,1105,98,245,50,0,1,8,0,0,4,94
15.634486,1,1,94,60,1106,98,245,50,0,1,9,0,0,4,94
15.646183,0,0,94,60,1106,98,245,50,0,1,9,0,0,4,94
15.655499,0,0,94,60,1106,98,245,50,0,1,9,0,0,4,94
15.660420,0,0,94,60,1106,98,245,50,0,1,9,0,0,4,94
15.664914,1,1,94,60,1110,98,245,50,0,1,7,0,0,4,76
15.677300,1,0,94,60,1110,98,245,51,0,1,7,0,0,4,76
15.687533,0,0,94,60,1110,98,245,51,0,1,7,0,0,4,76
15.692645,0,1,94,60,1110,98,245,51,0,1,9,0,0,4,79
15.697200,0,0,94,60,1110,98,245,51,0,1,9,0,0,4,79
15.708615,0,0,94,60,1110,98,245,51,0,1,9,0,0,4,79
15.718576,0,0,94,60,1110,98,245,51,0,1,9,0,0,4,79
15.723956,1,0,94,60,1113,98,245,51,0,1,9,0,0,4,84
15.737388,0,1,94,60,1113,98,245,51,0,1,9,0,0,5,84
15.742048,0,0,94,60,1113,98,245,51,0,1,9,0,0,5,84
15.749650,0,0,94,60,1113,98,245,51,0,1,9,0,0,5,84
15.753896,0,0,94,60,1113,98,245,51,0,1,9,0,0,5,84
15.758080,0,1,94,60,1113,98,245,51,0,1,9,0,0,4,84
15.769530,0,0,94,60,1113,98,245,51,0,1,9,0,0,4,84
15.779433,0,0,94,60,1113,98,245,51,0,1,9,0,0,4,84
15.784062,1,1,94,60,1117,98,245,51,0,1,10,0,0,4,87
15.788301,0,1,94,60,1117,98,245,51,0,1,10,0,0,5,87
15.800729,0,0,94,60,1117,98,245,51,0,1,10,0,0,5,87
15.805218,0,0,94,60,1117,98,245,51,0,1,10,0,0,5,87
15.812852,0,0,94,60,1117,98,245,51,0,1,10,0,0,5,53
15.817363,1,1,94,60,1120,98,245,51,0,1,8,0,0,5,53
15.831398,0,1,94,60,1120,98,245,51,0,1,8,0,0,4,53
15.835803,0,0,94,60,1120,98,245,51,0,1,8,0,0,4,53
15.842765,0,0,94,60,1120,98,245,51,0,1,8,0,0,4,53
15.846861,1,1,94,60,1122,98,245,51,0,1,10,0,0,4,77
15.850959,1,1,94,60,1122,98,245,50,0,1,10,0,0,5,77
15.862425,0,0,94,60,1122,98,245,50,0,1,10,0,0,5,77
15.874173,0,0,94,60,1122,98,245,50,0,1,10,0,0,5,72
15.878393,1,1,94,60,1124,98,245,50,0,1,9,0,0,4,72
15.882542,0,0,94,60,1124,98,245,50,0,1,9,0,0,4,72
15.893832,0,0,94,60,1124,98,245,50,0,1,9,0,0,4,72
15.903599,0,0,94,60,1124,98,245,50,0,1,9,0,0,4,61
15.908176,1,1,94,60,1126,98,245,50,0,1,8,0,0,4,61
15.913411,1,0,94,60,1126,98,245,51,0,1,8,0,0,4,61
15.926068,0,0,94,60,1126,98,245,51,0,1,8,0,0,4,61
15.935746,0,1,94,60,1126,98,245,51,0,1,10,0,0,4,103
15.939847,1,0,94,60,1127,98,245,51,0,1,10,0,0,4,103
15.943898,0,0,94,60,1127,98,245,51,0,1,10,0,0,4,103
15.955332,0,0,94,60,1127,98,245,51,0,1,10,0,0,4,103
15.959407,0,1,94,60,1127,98,245,51,0,1,8,0,0,4,63
15.966503,1,0,94,60,1130,98,245,51,0,1,8,0,0,4,63
15.970626,0,0,94,60,1130,98,245,51,0,1,8,0,0,4,63
15.974729,0,0,94,60,1130,98,245,51,0,1,8,0,0,4,63
15.986440,0,0,94,60,1130,98,245,51,0,1,8,0,0,4,63
15.990472,0,0,94,60,1130,98,245,51,0,1,8,0,0,4,93
15.997729,1,1,94,60,1133,98,245,51,0,1,9,0,0,4,93
16.001730,0,0,94,60,1133,98,245,51,0,1,9,0,0,4,93
16.005745,0,0,94,60,1133,98,245,51,0,1,9,0,0,4,93
16.017408,0,0,94,60,1133,98,245,51,0,1,9,0,0,4,93
16.021473,1,0,94,60,1136,98,245,51,0,1,9,0,0,4,116
16.028580,0,0,94,60,1136,98,245,51,0,1,9,0,0,4,116
16.033408,0,0,94,60,1136,98,245,51,0,1,9,0,0,4,116
16.037467,0,0,94,60,1136,98,245,51,0,1,9,0,0,4,116
16.048357,0,0,94,60,1136,98,245,51,0,1,9,0,0,4,116
16.052481,1,1,94,60,1138,98,245,51,0,1,8,0,0,4,12
16.059791,0,1,94,60,1138,98,245,51,0,1,8,0,0,5,12
16.063899,0,0,94,60,1138,98,245,51,0,1,8,0,0,5,12
16.068034,0,0,94,60,1138,98,245,51,0,1,8,0,0,5,12
16.079780,0,0,94,60,1138,98,245,51,0,1,8,0,0,5,12
16.089574,0,0,94,60,1138,98,245,51,0,1,8,0,0,5,12
16.094140,0,0,94,60,1138,98,245,51,0,1,8,0,0,5,12
16.098330,0,0,94,60,1138,98,245,51,0,1,8,0,0,5,12
16.110689,0,0,94,60,1138,98,245,51,0,1,8,0,0,5,86
16.120268,1,0,94,60,1141,98,245,51,0,1,8,0,0,5,86
16.124838,0,0,94,60,1141,98,245,51,0,1,8,0,0,5,86
16.128993,0,0,94,60,1141,98,245,51,0,1,8,0,0,5,86
16.141736,1,0,94,60,1142,98,245,51,0,1,8,0,0,5,89
16.151347,1,0,94,60,1142,98,245,50,0,1,8,0,0,5,89
16.155828,0,0,94,60,1142,98,245,50,0,1,8,0,0,5,89
16.159902,0,0,94,60,1142,98,245,50,0,1,8,0,0,5,89
16.172312,1,1,94,60,1144,98,245,50,0,1,9,0,0,5,117
16.176394,0,0,94,60,1144,98,245,50,0,1,9,0,0,5,117
16.184446,0,0,94,60,1144,98,245,50,0,1,9,0,0,5,117
16.188636,0,0,94,60,1144,98,245,50,0,1,9,0,0,5,117
16.202113,0,1,94,60,1144,98,245,50,0,0,8,0,0,5,68
16.206209,1,0,94,60,1147,98,245,50,0,0,8,0,0,5,68
16.214772,0,0,94,60,1147,98,245,50,0,0,8,0,0,5,68
16.218800,0,0,94,60,1147,98,245,50,0,0,8,0,0,5,68
16.222844,0,1,94,60,1147,98,245,50,0,1,10,0,0,5,94
16.234781,1,0,94,60,1150,98,245,50,0,1,10,0,0,5,94
16.244297,0,1,94,60,1150,98,245,50,0,1,10,0,0,4,94
16.248446,0,0,94,60,1150,98,245,50,0,1,10,0,0,4,94
16.252556,0,1,94,60,1150,98,245,50,0,1,9,0,0,4,89
16.265606,1,0,94,60,1152,98,245,50,0,1,9,0,0,4,89
16.270062,0,0,94,60,1152,98,245,50,0,1,9,0,0,4,89
16.276984,0,0,94,60,1152,98,245,50,0,1,9,0,0,4,89
16.281044,0,0,94,60,1152,98,245,50,0,1,9,0,0,4,89
16.285237,1,0,94,60,1154,98,245,50,0,1,9,0,0,4,84
16.297059,0,0,94,60,1154,98,245,50,0,1,9,0,0,4,84
16.306496,1,0,94,60,1154,98,245,51,0,1,9,0,0,4,84
16.310712,0,0,94,60,1154,98,245,51,0,1,9,0,0,4,84
16.315270,1,1,94,60,1157,98,245,51,0,1,11,0,0,4,114
16.328074,0,0,94,60,1157,98,245,51,0,1,11,0,0,4,114
16.337530,0,0,94,60,1157,98,245,51,0,1,11,0,0,4,114
16.341768,0,0,94,60,1157,98,245,51,0,1,11,0,0,4,79
16.345941,1,1,94,60,1159,98,245,51,0,1,9,0,0,4,79
16.358873,0,1,94,60,1159,98,245,51,0,1,9,0,0,5,79
16.368735,0,0,94,60,1159,98,245,51,0,1,9,0,0,5,79
16.373687,0,1,94,60,1159,98,245,51,0,1,11,0,0,5,95
16.378141,1,0,94,60,1161,98,245,51,0,1,11,0,0,5,95
16.390168,1,0,94,60,1161,98,245,50,0,1,11,0,0,5,95
16.399556,0,0,94,60,1161,98,245,50,0,1,11,0,0,5,95
16.404259,1,1,94,60,1164,98,245,50,0,1,10,0,0,5,83
16.408466,0,1,94,60,1164,98,245,50,0,1,10,0,0,4,83
16.421209,0,0,94,60,1164,98,245,50,0,1,10,0,0,4,83
16.431147,0,0,94,60,1164,98,245,50,0,1,10,0,0,4,83
16.436201,0,0,94,60,1164,98,245,50,0,1,10,0,0,4,83
16.450135,0,0,94,60,1164,98,245,50,0,1,10,0,0,4,83
16.454813,0,0,94,60,1164,98,245,50,0,1,10,0,0,4,83
16.463004,0,0,94,60,1164,98,245,50,0,1,10,0,0,4,81
16.467537,1,1,94,60,1169,98,245,50,0,1,12,0,0,4,81
16.481018,1,0,94,60,1169,98,245,51,0,1,12,0,0,4,81
16.485650,0,0,94,60,1169,98,245,51,0,1,12,0,0,4,81
16.493760,0,1,94,60,1169,98,245,51,0,0,12,0,0,4,81
16.498750,0,0,94,60,1169,98,245,51,0,0,12,0,0,4,81
16.512053,0,0,94,60,1169,98,245,51,0,0,12,0,0,4,81
16.516249,0,1,94,60,1169,98,245,51,0,1,12,0,0,4,81
16.524771,1,1,94,60,1171,98,245,51,0,1,10,0,0,4,65
16.528933,1,1,94,60,1171,98,245,50,0,1,10,0,0,5,65
16.533160,0,0,94,60,1171,98,245,50,0,1,10,0,0,5,65
16.545166,0,0,94,60,1171,98,245,50,0,1,10,0,0,5,65
16.555432,0,1,94,60,1171,98,245,50,0,1,12,0,0,5,134
16.560339,1,1,94,60,1172,98,245,50,0,1,12,0,0,4,134
16.564447,0,0,94,60,1172,98,245,50,0,1,12,0,0,4,134
16.576147,0,0,94,60,1172,98,245,50,0,1,12,0,0,4,134
16.586178,1,1,94,60,1175,98,245,50,0,1,10,0,0,4,64
16.590390,0,0,94,60,1175,98,245,50,0,1,10,0,0,4,64
16.594972,0,0,94,60,1175,98,245,50,0,1,10,0,0,4,64
16.606186,0,0,94,60,1175,98,245,50,0,1,10,0,0,4,64
16.616195,0,1,94,60,1175,98,245,50,0,1,12,0,0,4,93
16.621091,1,0,94,60,1178,98,245,51,0,1,12,0,0,4,93
16.625588,0,0,94,60,1178,98,245,51,0,1,12,0,0,4,93
16.637994,0,0,94,60,1178,98,245,51,0,1,12,0,0,4,93
16.647620,0,0,94,60,1178,98,245,51,0,1,12,0,0,4,93
16.652444,0,0,94,60,1178,98,245,51,0,1,12,0,0,4,93
16.656955,0,0,94,60,1178,98,245,51,0,1,12,0,0,4,93
16.668249,0,0,94,60,1178,98,245,51,0,1,12,0,0,4,93
16.678120,1,1,94,60,1182,98,245,51,0,0,12,0,0,4,81
16.682307,0,1,94,60,1182,98,245,51,0,0,12,0,0,5,81
16.686974,0,0,94,60,1182,98,245,51,0,0,12,0,0,5,81
16.699930,0,0,94,60,1182,98,245,51,0,0,12,0,0,5,81
16.709473,0,0,94,60,1182,98,245,51,0,0,12,0,0,5,81
16.714414,0,0,94,60,1182,98,245,51,0,0,12,0,0,5,81
16.718923,0,0,94,60,1182,98,245,51,0,0,12,0,0,5,81
16.731003,0,0,94,60,1182,98,245,51,0,0,12,0,0,5,81
16.740899,0,0,94,60,1182,98,245,51,0,0,12,0,0,5,81
16.745836,1,1,94,60,1182,98,245,50,0,0,12,0,0,4,81
16.750344,0,0,94,60,1182,98,245,50,0,0,12,0,0,4,81
16.761603,0,1,94,60,1182,98,245,50,0,1,12,0,0,4,81
16.771120,0,1,94,60,1182,98,245,50,0,1,12,0,0,5,81
16.776022,0,0,94,60,1182,98,245,50,0,1,12,0,0,5,81
16.780613,0,0,94,60,1182,98,245,50,0,1,12,0,0,5,81
16.793046,0,0,94,60,1182,98,245,50,0,1,12,0,0,5,53
16.802481,1,1,94,60,1194,98,245,50,0,1,10,0,0,5,53
16.807462,1,1,94,60,1194,98,245,51,0,1,10,0,0,4,53
16.812642,0,1,94,60,1194,98,245,51,0,0,10,0,0,4,53
16.823566,1,1,94,60,1196,98,245,51,0,0,12,0,0,4,83
16.833337,0,1,94,60,1196,98,245,51,0,0,12,0,0,5,83
16.837473,0,0,94,60,1196,98,245,51,0,0,12,0,0,5,83
16.841558,0,0,94,60,1196,98,245,51,0,0,12,0,0,5,83
16.854103,1,1,94,60,1199,98,245,51,0,0,13,0,0,5,35
16.858621,0,0,94,60,1199,98,245,51,0,0,13,0,0,5,35
16.865766,0,0,94,60,1199,98,245,51,0,0,13,0,0,5,35
16.870281,0,0,94,60,1199,98,245,51,0,0,13,0,0,5,35
16.874460,0,1,94,60,1199,98,245,51,0,0,10,0,0,5,140
16.885579,1,0,94,60,1201,98,245,51,0,0,10,0,0,5,140
16.894987,0,1,94,60,1201,98,245,51,0,0,10,0,0,4,140
16.899040,0,0,94,60,1201,98,245,51,0,0,10,0,0,4,140
16.903213,0,1,94,60,1201,98,245,51,0,1,10,0,0,4,140
16.916186,1,1,94,60,1202,98,245,51,0,1,13,0,0,4,85
16.920296,0,0,94,60,1202,98,245,51,0,1,13,0,0,4,85
16.927664,0,0,94,60,1202,98,245,51,0,1,13,0,0,4,85
16.932504,0,0,94,60,1202,98,245,51,0,1,13,0,0,4,85
16.945980,0,1,94,60,1202,98,245,51,0,1,12,0,0,4,89
16.950554,1,0,94,60,1204,98,245,50,0,1,12,0,0,4,89
16.958670,0,0,94,60,1204,98,245,50,0,1,12,0,0,4,89
16.963216,0,0,94,60,1204,98,245,50,0,1,12,0,0,4,89
16.976989,1,0,94,60,1207,98,245,50,0,1,12,0,0,4,75
16.981757,1,0,94,60,1207,98,245,51,0,1,12,0,0,4,75
16.989727,0,0,94,60,1207,98,245,51,0,1,12,0,0,4,75
16.994544,0,0,94,60,1207,98,245,51,0,1,12,0,0,4,75
17.007940,1,1,94,60,1209,98,245,51,0,1,13,0,0,4,106
17.012430,0,0,94,60,1209,98,245,51,0,1,13,0,0,4,106
17.020809,0,0,94,60,1209,98,245,51,0,1,13,0,0,4,106
17.024962,0,0,94,60,1209,98,245,51,0,1,13,0,0,4,106
17.029152,1,1,94,60,1210,98,245,51,0,1,12,0,0,4,85
17.040430,0,0,94,60,1210,98,245,51,0,1,12,0,0,4,85
17.044533,0,0,94,60,1210,98,245,51,0,1,12,0,0,4,85
17.051530,0,0,94,60,1210,98,245,51,0,1,12,0,0,4,85
17.056025,0,0,94,60,1210,98,245,51,0,1,12,0,0,4,85
17.060159,1,1,94,60,1212,98,245,51,0,1,13,0,0,4,111
17.071906,0,0,94,60,1212,98,245,51,0,1,13,0,0,4,111
17.081258,0,0,94,60,1212,98,245,51,0,1,13,0,0,4,111
17.086308,0,0,94,60,1212,98,245,51,0,1,13,0,0,4,89
17.090841,0,0,94,60,1212,98,245,51,0,1,13,0,0,4,89
17.102188,0,0,94,60,1212,98,245,51,0,1,13,0,0,4,89
17.112250,0,0,94,60,1212,98,245,51,0,1,13,0,0,4,89
17.116575,0,0,94,60,1212,98,245,51,0,1,13,0,0,4,110
17.121578,1,0,94,60,1217,98,245,51,0,1,13,0,0,4,110
17.133882,0,0,94,60,1217,98,245,51,0,1,13,0,0,4,110
17.143273,0,0,94,60,1217,98,245,51,0,1,13,0,0,4,110
17.148159,1,0,94,60,1219,98,245,51,0,1,13,0,0,4,94
17.152757,0,0,94,60,1219,98,245,51,0,1,13,0,0,4,94
17.164079,1,0,94,60,1219,98,245,50,0,1,13,0,0,4,94
17.168589,0,0,94,60,1219,98,245,50,0,1,13,0,0,4,94
17.176109,0,1,94,60,1219,98,245,50,0,0,13,0,0,4,94
17.180257,0,0,94,60,1219,98,245,50,0,0,13,0,0,4,94
17.184492,0,0,94,60,1219,98,245,50,0,0,13,0,0,4,94
17.196146,0,0,94,60,1219,98,245,50,0,0,13,0,0,4,94
17.206304,0,1,94,60,1219,98,245,50,0,1,13,0,0,4,94
17.210827,1,1,94,60,1224,98,245,50,0,1,14,0,0,4,117
17.214956,0,0,94,60,1224,98,245,50,0,1,14,0,0,4,117
17.226506,0,0,94,60,1224,98,245,50,0,1,14,0,0,4,117
17.236118,0,0,94,60,1224,98,245,50,0,1,14,0,0,4,117
17.240355,1,1,94,60,1225,98,245,50,0,0,12,0,0,4,77
17.244902,1,0,94,60,1225,98,245,51,0,0,12,0,0,4,77
17.257825,0,0,94,60,1225,98,245,51,0,0,12,0,0,4,77
17.267197,0,1,94,60,1225,98,245,51,0,1,12,0,0,4,140
17.272150,1,1,94,60,1226,98,245,51,0,1,15,0,0,4,140
17.277022,0,0,94,60,1226,98,245,51,0,1,15,0,0,4,140
17.288691,0,0,94,60,1226,98,245,51,0,1,15,0,0,4,140
17.298419,0,1,94,60,1226,98,245,51,0,0,15,0,0,4,77
17.303306,1,1,94,60,1230,98,245,51,0,0,12,0,0,4,77
17.307773,0,0,94,60,1230,98,245,51,0,0,12,0,0,4,77
17.319742,0,0,94,60,1230,98,245,51,0,0,12,0,0,4,77
17.329158,0,1,94,60,1230,98,245,51,0,1,12,0,0,4,88
17.334054,1,1,94,60,1231,98,245,51,0,1,16,0,0,4,88
17.338631,0,1,94,60,1231,98,245,51,0,1,16,0,0,5,88
17.350380,0,0,94,60,1231,98,245,51,0,1,16,0,0,5,88
17.359990,0,1,94,60,1231,98,245,51,0,0,16,0,0,5,32
17.364862,1,1,94,60,1235,98,245,51,0,0,13,0,0,4,32
17.369756,0,0,94,60,1235,98,245,51,0,0,13,0,0,4,32
17.381724,0,0,94,60,1235,98,245,51,0,0,13,0,0,4,32
17.391488,1,1,94,60,1238,98,245,51,0,1,16,0,0,4,74
17.395702,1,0,94,60,1238,98,245,50,0,1,16,0,0,4,74
17.400214,0,0,94,60,1238,98,245,50,0,1,16,0,0,4,74
17.412443,0,0,94,60,1238,98,245,50,0,1,16,0,0,4,74
17.422003,0,1,94,60,1238,98,245,50,0,0,15,0,0,4,77
17.426222,1,0,94,60,1240,98,245,50,0,0,15,0,0,4,77
17.430352,0,0,94,60,1240,98,245,50,0,0,15,0,0,4,77
17.443133,0,0,94,60,1240,98,245,50,0,0,15,0,0,4,77
17.447275,0,1,94,60,1240,98,245,50,0,0,15,1,0,4,77
17.455046,0,0,94,60,1240,98,245,50,0,0,15,1,0,4,77
17.459138,1,0,94,60,1240,98,245,51,0,0,15,1,0,4,77
17.463193,0,0,94,60,1240,98,245,51,0,0,15,1,0,4,77
17.474297,0,0,94,60,1240,98,245,51,0,0,15,1,0,4,77
17.478376,1,1,94,60,1244,98,245,51,0,0,17,0,0,4,92
17.485998,0,0,94,60,1244,98,245,51,0,0,17,0,0,4,92
17.490101,0,0,94,60,1244,98,245,51,0,0,17,0,0,4,92
17.494264,0,0,94,60,1244,98,245,51,0,0,17,0,0,4,92
17.505779,0,0,94,60,1244,98,245,51,0,0,17,0,0,4,92
17.515353,1,1,94,60,1246,98,245,51,0,0,15,0,0,4,51
17.519969,0,0,94,60,1246,98,245,51,0,0,15,0,0,4,51
17.524072,0,0,94,60,1246,98,245,51,0,0,15,0,0,4,51
17.535988,0,0,94,60,1246,98,245,51,0,0,15,0,0,4,51
17.540085,1,1,94,60,1248,98,245,51,0,0,18,0,0,4,77
17.547395,0,1,94,60,1248,98,245,51,0,0,18,0,0,5,77
17.551871,0,0,94,60,1248,98,245,51,0,0,18,0,0,5,77
17.555969,0,0,94,60,1248,98,245,51,0,0,18,0,0,5,77
17.566948,0,0,94,60,1248,98,245,51,0,0,18,0,0,5,77
17.571470,0,0,94,60,1248,98,245,51,0,0,18,0,0,5,77
17.578777,0,0,94,60,1248,98,245,51,0,0,18,0,0,5,77
17.583689,0,0,94,60,1248,98,245,51,0,0,18,0,0,5,77
17.596962,0,0,94,60,1248,98,245,51,0,0,18,0,0,5,77
17.601563,1,1,94,60,1253,98,245,51,0,0,17,0,0,5,-26
17.609558,0,1,94,60,1253,98,245,51,0,0,17,0,0,4,-26
17.613783,0,0,94,60,1253,98,245,51,0,0,17,0,0,4,-26
17.617981,0,0,94,60,1253,98,245,51,0,0,17,0,0,4,-26
17.629612,1,1,94,60,1254,98,245,51,0,0,15,0,0,4,0
17.639070,0,0,94,60,1254,98,245,51,0,0,15,0,0,4,0
17.643635,0,0,94,60,1254,98,245,51,0,0,15,0,0,4,0
17.648132,0,0,94,60,1254,98,245,51,0,0,15,0,0,4,0
17.660265,0,0,94,60,1254,98,245,51,0,0,15,0,0,4,0
17.670243,0,0,94,60,1254,98,245,51,0,0,15,0,0,4,0
17.675119,0,0,94,60,1254,98,245,51,0,0,15,0,0,4,0
17.679625,0,1,94,60,1254,98,245,51,0,1,15,0,0,4,0
17.691818,0,0,94,60,1254,98,245,51,0,1,15,0,0,4,0
17.702212,0,0,94,60,1254,98,245,51,0,1,15,0,0,4,0
17.706374,0,0,94,60,1254,98,245,51,0,1,15,0,0,4,0
17.710556,0,1,94,60,1254,98,245,51,0,0,14,0,0,4,0
17.723083,0,0,94,60,1254,98,245,51,0,0,14,0,0,4,0
17.732857,0,0,94,60,1254,98,245,51,0,0,14,0,0,4,0
17.737336,0,0,94,60,1254,98,245,51,0,0,14,0,0,4,0
17.741530,0,1,94,60,1254,98,245,51,0,0,15,0,0,4,0
17.753792,0,0,94,60,1254,98,245,51,0,0,15,0,0,4,0
17.755893,0,0,94,60,1254,98,245,51,0,0,15,0,0,4,0
17.764704,0,0,94,60,1254,98,245,51,0,0,15,0,0,4,0
17.768851,0,0,94,60,1254,98,245,51,0,0,15,0,0,4,0
17.773349,0,1,94,60,1254,98,245,51,0,0,14,0,0,4,0
17.784529,0,0,94,60,1254,98,245,51,0,0,14,0,0,4,0
17.793813,0,0,94,60,1254,98,245,51,0,0,14,0,0,4,0
17.798196,0,0,94,60,1254,98,245,51,0,0,14,0,0,4,0
17.803230,0,1,94,60,1254,98,245,51,0,0,15,0,0,4,0
17.815460,0,0,94,60,1254,98,245,51,0,0,15,0,0,4,0
17.825047,0,0,94,60,1254,98,245,51,0,0,15,0,0,4,0
17.829205,0,1,94,60,1254,98,245,51,0,1,15,0,0,4,0
17.833701,0,1,94,60,1254,98,245,51,0,1,14,0,0,4,0
17.845931,1,0,94,60,1254,98,245,50,0,1,14,0,0,4,0
17.850152,0,0,94,60,1254,98,245,50,0,1,14,0,0,4,0
17.857395,0,0,94,60,1254,98,245,50,0,1,14,0,0,4,0
17.861554,0,1,94,60,1254,98,245,50,0,0,15,0,0,4,0
17.866420,0,0,94,60,1254,98,245,50,0,0,15,0,0,4,0
17.877398,0,0,94,60,1254,98,245,50,0,0,15,0,0,4,0
17.890371,0,0,94,60,1254,98,245,50,0,0,15,0,0,4,0
17.894541,0,1,94,60,1254,98,245,50,0,0,15,1,0,4,0
17.907548,0,0,94,60,1254,98,245,50,0,0,15,1,0,4,0
17.911770,0,0,94,60,1254,98,245,50,0,0,15,1,0,4,0
17.919129,0,0,94,60,1254,98,245,50,0,0,15,1,0,4,0
17.923620,0,1,94,60,1254,98,245,50,0,0,18,1,0,4,95
17.927880,0,1,94,60,1254,98,245,50,0,0,18,0,0,4,95
17.938940,0,0,94,60,1254,98,245,50,0,0,18,0,0,4,95
17.943400,0,0,94,60,1254,98,245,50,0,0,18,0,0,4,95
17.950764,0,0,94,60,1254,98,245,50,0,0,18,0,0,4,95
17.954959,1,1,94,60,1257,98,245,50,0,0,16,0,0,4,0
17.959540,1,0,94,60,1257,98,245,51,0,0,16,0,0,4,0
17.970775,0,0,94,60,1257,98,245,51,0,0,16,0,0,4,0
17.980099,0,0,94,60,1257,98,245,51,0,0,16,0,0,4,0
17.984638,0,0,94,60,1257,98,245,51,0,0,16,0,0,4,0
17.989182,0,0,94,60,1257,98,245,51,0,0,16,0,0,4,0
18.001712,0,0,94,60,1257,98,245,51,0,0,16,0,0,4,0
18.011016,0,0,94,60,1257,98,245,51,0,0,16,0,0,4,0
18.015175,0,1,94,60,1257,98,245,51,0,0,15,0,0,4,0
18.019383,0,0,94,60,1257,98,245,51,0,0,15,0,0,4,0
18.032249,0,0,94,60,1257,98,245,51,0,0,15,0,0,4,0
18.042127,0,0,94,60,1257,98,245,51,0,0,15,0,0,4,0
18.047160,0,0,94,60,1257,98,245,51,0,0,15,0,0,4,0
18.051849,0,0,94,60,1257,98,245,51,0,0,15,0,0,4,0
18.063214,0,0,94,60,1257,98,245,51,0,0,15,0,0,4,0
18.072913,0,0,94,60,1257,98,245,51,0,0,15,0,0,4,0
18.077828,0,0,94,60,1257,98,245,51,0,0,15,0,0,4,0
18.081931,0,0,94,60,1257,98,245,51,0,0,15,0,0,4,0
18.093811,0,0,94,60,1257,98,245,51,0,0,15,0,0,4,0
18.097912,0,0,94,60,1257,98,245,51,0,0,15,0,0,4,0
18.105293,0,0,94,60,1257,98,245,51,0,0,15,0,0,4,0
18.107158,0,0,94,60,1257,98,245,51,0,0,15,0,0,4,0
18.111276,0,0,94,60,1257,98,245,51,0,0,15,0,0,4,0
18.124541,0,0,94,60,1257,98,245,51,0,0,15,0,0,4,0
18.129313,0,0,94,60,1257,98,245,51,0,0,15,0,0,4,0
18.136266,0,0,94,60,1257,98,245,51,0,0,15,0,0,4,0
18.140330,0,0,94,60,1257,98,245,51,0,0,15,0,0,4,0
18.144441,0,0,94,60,1257,98,245,51,0,0,15,0,0,4,0
18.155779,0,0,94,60,1257,98,245,51,0,0,15,0,0,4,0
18.159835,0,0,94,60,1257,98,245,51,0,0,15,0,0,4,0
18.167638,0,0,94,60,1257,98,245,51,0,0,15,0,0,4,0
18.171828,0,0,94,60,1257,98,245,51,0,0,15,0,0,4,0
18.175908,0,0,94,60,1257,98,245,51,0,0,15,0,0,4,0
18.187232,0,0,94,60,1257,98,245,51,0,0,15,0,0,4,0
18.196740,0,0,94,60,1257,98,245,51,0,0,15,0,0,4,0
18.200870,0,0,94,60,1257,98,245,51,0,0,15,0,0,4,0
18.204981,0,0,94,60,1257,98,245,51,0,0,15,0,0,4,0
18.218776,0,0,94,60,1257,98,245,51,0,0,15,0,0,4,0
18.229056,0,0,94,60,1257,98,245,51,0,0,15,0,0,4,0
18.237801,0,0,94,60,1257,98,245,51,0,0,15,0,0,4,0
18.249309,0,0,94,60,1257,98,245,51,0,0,15,0,0,4,0
18.258895,0,0,94,60,1257,98,245,51,0,0,15,0,0,4,0
18.263010,0,0,94,60,1257,98,245,51,0,0,15,0,0,4,0
18.267134,0,0,94,60,1257,98,245,51,0,0,15,0,0,4,0
18.280164,0,0,94,60,1257,98,245,51,0,0,15,0,0,4,60
18.289893,1,1,94,60,1258,98,245,51,0,0,16,0,0,4,60
18.294852,0,0,94,60,1258,98,245,51,0,0,16,0,0,4,60
18.299898,0,0,94,60,1258,98,245,51,0,0,16,0,0,4,60
18.311560,1,1,94,60,1259,98,245,51,0,0,17,0,0,4,78
18.321295,0,0,94,60,1259,98,245,51,0,0,17,0,0,4,78
18.325896,0,0,94,60,1259,98,245,51,0,0,17,0,0,4,78
18.330456,0,1,94,60,1259,98,245,51,0,1,17,0,0,4,78
18.342574,1,1,94,60,1261,98,245,51,0,1,15,0,0,4,0
18.353060,0,0,94,60,1261,98,245,51,0,1,15,0,0,4,0
18.358528,0,0,94,60,1261,98,245,51,0,1,15,0,0,4,0
18.371811,1,0,94,60,1260,98,245,51,0,1,15,0,0,4,0
18.376586,0,0,94,60,1260,98,245,51,0,1,15,0,0,4,0
18.384289,0,0,94,60,1260,98,245,51,0,1,15,0,0,4,0
18.388828,0,0,94,60,1260,98,245,51,0,1,15,0,0,4,0
18.393283,0,1,94,60,1260,98,245,51,0,0,15,0,0,4,0
18.405011,0,0,94,60,1260,98,245,51,0,0,15,0,0,4,0
18.415391,0,0,94,60,1260,98,245,51,0,0,15,0,0,4,0
18.420517,0,0,94,60,1260,98,245,51,0,0,15,0,0,4,0
18.433841,0,0,94,60,1260,98,245,51,0,0,15,0,0,4,0
18.438091,0,0,94,60,1260,98,245,51,0,0,15,0,0,4,0
18.446638,0,0,94,60,1260,98,245,51,0,0,15,0,0,4,0
18.451223,0,0,94,60,1260,98,245,51,0,0,15,0,0,4,0
18.464773,0,0,94,60,1260,98,245,51,0,0,15,0,0,4,0
18.469805,0,0,94,60,1260,98,245,51,0,0,15,0,0,4,0
18.477764,0,0,94,60,1260,98,245,51,0,0,15,0,0,4,0
18.482667,0,0,94,60,1260,98,245,51,0,0,15,0,0,4,0
18.496561,0,0,94,60,1260,98,245,51,0,0,15,0,0,4,0
18.499166,0,0,94,60,1260,98,245,51,0,0,15,0,0,4,0
18.508540,0,0,94,60,1260,98,245,51,0,0,15,0,0,4,0
18.513117,0,1,94,60,1260,98,245,51,0,1,15,0,0,4,0
18.526675,0,0,94,60,1260,98,245,51,0,1,15,0,0,4,0
18.531179,0,0,94,60,1260,98,245,51,0,1,15,0,0,4,0
18.539666,0,0,94,60,1260,98,245,51,0,1,15,0,0,4,0
18.544159,0,0,94,60,1260,98,245,51,0,1,15,0,0,4,0
18.557807,0,0,94,60,1260,98,245,51,0,1,15,0,0,4,0
18.562802,1,0,94,60,1260,98,245,50,0,1,15,0,0,4,0
18.570338,0,0,94,60,1260,98,245,50,0,1,15,0,0,4,0
18.574894,0,1,94,60,1260,98,245,50,0,0,15,0,0,4,0
18.579411,0,0,94,60,1260,98,245,50,0,0,15,0,0,4,0
18.590777,0,0,94,60,1260,98,245,50,0,0,15,0,0,4,0
18.600611,0,0,94,60,1260,98,245,50,0,0,15,0,0,4,0
18.605155,0,0,94,60,1260,98,245,50,0,0,15,0,0,4,0
18.609786,0,0,94,60,1260,98,245,50,0,0,15,0,0,4,0
18.621487,0,0,94,60,1260,98,245,50,0,0,15,0,0,4,0
18.634415,0,1,94,60,1260,98,245,50,0,1,15,0,0,4,0
18.638608,0,0,94,60,1260,98,245,50,0,1,15,0,0,4,0
18.652498,0,0,94,60,1260,98,245,50,0,1,15,0,0,4,0
18.661908,0,0,94,60,1260,98,245,50,0,1,15,0,0,4,0
18.666121,0,0,94,60,1260,98,245,50,0,1,15,0,0,4,0
18.671090,0,0,94,60,1260,98,245,50,0,1,15,0,0,4,0
18.683601,0,0,94,60,1260,98,245,50,0,1,15,0,0,4,0
18.693543,0,1,94,60,1260,98,245,50,0,0,15,0,0,4,0
18.697725,1,1,94,60,1264,98,245,50,0,0,16,0,0,4,12
18.702807,0,0,94,60,1264,98,245,50,0,0,16,0,0,4,12
18.714126,0,0,94,60,1264,98,245,50,0,0,16,0,0,4,12
18.723839,0,0,94,60,1264,98,245,50,0,0,16,0,0,4,12
18.728022,0,1,94,60,1264,98,245,50,0,1,15,0,0,4,0
18.732619,1,0,94,60,1264,98,245,51,0,1,15,0,0,4,0
18.745172,0,0,94,60,1264,98,245,51,0,1,15,0,0,4,0
18.754866,0,1,94,60,1264,98,245,51,0,0,15,0,0,4,0
18.759382,0,0,94,60,1264,98,245,51,0,0,15,0,0,4,0
18.763454,0,0,94,60,1264,98,245,51,0,0,15,0,0,4,0
18.776042,0,0,94,60,1264,98,245,51,0,0,15,0,0,4,0
18.786004,0,0,94,60,1264,98,245,51,0,0,15,0,0,4,0
18.790099,0,0,94,60,1264,98,245,51,0,0,15,0,0,4,0
18.794189,0,0,94,60,1264,98,245,51,0,0,15,0,0,4,0
18.807307,0,0,94,60,1264,98,245,51,0,0,15,0,0,4,0
18.816744,0,0,94,60,1264,98,245,51,0,0,15,0,0,4,0
18.821570,0,0,94,60,1264,98,245,51,0,0,15,0,0,4,0
18.826310,0,0,94,60,1264,98,245,51,0,0,15,0,0,4,0
18.838742,0,0,94,60,1264,98,245,51,0,0,15,0,0,4,0
18.848528,0,0,94,60,1264,98,245,51,0,0,15,0,0,4,0
18.850798,0,0,94,60,1264,98,245,51,0,0,15,0,0,4,0
18.855188,0,0,94,60,1264,98,245,51,0,0,15,0,0,4,0
18.868108,0,0,94,60,1264,98,245,51,0,0,15,0,0,4,0
18.872175,0,0,94,60,1264,98,245,51,0,0,15,0,0,4,0
18.880066,0,0,94,60,1264,98,245,51,0,0,15,0,0,4,0
18.884920,0,0,94,60,1264,98,245,51,0,0,15,0,0,4,0
18.898528,0,0,94,60,1264,98,245,51,0,0,15,0,0,4,0
18.903529,0,0,94,60,1264,98,245,51,0,0,15,0,0,4,0
18.911590,0,0,94,60,1264,98,245,51,0,0,15,0,0,4,0
18.915814,0,0,94,60,1264,98,245,51,0,0,15,0,0,4,0
18.929688,0,0,94,60,1264,98,245,51,0,0,15,0,0,4,0
18.934226,0,1,94,60,1264,98,245,51,0,1,15,0,0,4,0
18.942727,0,0,94,60,1264,98,245,51,0,1,15,0,0,4,0
18.946886,0,0,94,60,1264,98,245,51,0,1,15,0,0,4,0
18.951048,0,0,94,60,1264,98,245,51,0,1,15,0,0,4,0
18.962770,0,1,94,60,1264,98,245,51,0,0,15,0,0,4,0
18.972892,0,0,94,60,1264,98,245,51,0,0,15,0,0,4,0
18.980730,0,0,94,60,1264,98,245,51,0,0,15,0,0,4,0
18.993539,0,0,94,60,1264,98,245,51,0,0,15,0,0,4,0
19.004005,0,0,94,60,1264,98,245,51,0,0,15,0,0,4,0
19.008679,0,0,94,60,1264,98,245,51,0,0,15,0,0,4,0
19.012876,0,0,94,60,1264,98,245,51,0,0,15,0,0,4,0
19.024587,0,1,94,60,1264,98,245,51,0,0,18,0,0,4,86
19.034751,0,0,94,60,1264,98,245,51,0,0,18,0,0,4,86
19.039701,0,0,94,60,1264,98,245,51,0,0,18,0,0,4,86
19.053516,0,1,94,60,1264,98,245,51,0,0,16,0,0,4,0
19.058434,1,1,94,60,1266,98,245,51,0,0,16,0,1,4,0
19.066868,0,0,94,60,1266,98,245,51,0,0,16,0,1,4,0
19.071733,0,0,94,60,1266,98,245,51,0,0,16,0,1,4,0
19.085481,0,1,94,60,1266,98,245,51,0,0,15,0,1,4,0
19.089977,0,1,94,60,1266,98,245,51,0,0,15,0,0,4,0
19.097403,0,0,94,60,1266,98,245,51,0,0,15,0,0,4,0
19.101951,0,0,94,60,1266,98,245,51,0,0,15,0,0,4,0
19.115414,0,0,94,60,1266,98,245,51,0,0,15,0,0,4,0
19.120008,0,0,94,60,1266,98,245,51,0,0,15,0,0,4,0
19.128155,0,0,94,60,1266,98,245,51,0,0,15,0,0,4,0
19.132329,0,1,94,60,1266,98,245,51,0,1,15,0,0,4,0
19.136846,0,0,94,60,1266,98,245,51,0,1,15,0,0,4,0
19.148761,0,0,94,60,1266,98,245,51,0,1,15,0,0,4,0
19.158829,0,0,94,60,1266,98,245,51,0,1,15,0,0,4,0
19.162981,0,1,94,60,1266,98,245,51,0,0,15,0,0,4,0
19.167965,0,0,94,60,1266,98,245,51,0,0,15,0,0,4,0
19.179389,0,0,94,60,1266,98,245,51,0,0,15,0,0,4,0
19.188880,0,0,94,60,1266,98,245,51,0,0,15,0,0,4,0
19.193090,0,0,94,60,1266,98,245,51,0,0,15,0,0,4,0
19.197605,0,0,94,60,1266,98,245,51,0,0,15,0,0,4,0
19.210012,1,0,94,60,1266,98,245,50,0,0,15,0,0,4,0
19.212579,0,0,94,60,1266,98,245,50,0,0,15,0,0,4,0
19.220860,0,0,94,60,1266,98,245,50,0,0,15,0,0,4,0
19.225735,0,0,94,60,1266,98,245,50,0,0,15,0,0,4,0
19.239531,0,0,94,60,1266,98,245,50,0,0,15,0,0,4,0
19.243715,0,0,94,60,1266,98,245,50,0,0,15,0,0,4,0
19.252412,0,0,94,60,1266,98,245,50,0,0,15,0,0,4,0
19.256650,0,0,94,60,1266,98,245,50,0,0,15,0,0,4,0
19.270719,0,0,94,60,1266,98,245,50,0,0,15,0,0,4,0
19.275280,0,0,94,60,1266,98,245,50,0,0,15,0,0,4,0
19.282907,0,0,94,60,1266,98,245,50,0,0,15,0,0,4,0
19.287475,0,0,94,60,1266,98,245,50,0,0,15,0,0,4,0
19.291577,0,0,94,60,1266,98,245,50,0,0,15,0,0,4,0
19.303389,0,0,94,60,1266,98,245,50,0,0,15,0,0,4,0
19.312811,0,1,94,60,1266,98,245,50,0,1,15,0,0,4,0
19.317712,0,0,94,60,1266,98,245,50,0,1,15,0,0,4,0
19.322198,1,0,94,60,1266,98,245,51,0,1,15,0,0,4,0
19.334066,0,0,94,60,1266,98,245,51,0,1,15,0,0,4,0
19.347287,0,1,94,60,1266,98,245,51,0,0,15,0,0,4,0
19.352237,0,0,94,60,1266,98,245,51,0,0,15,0,0,4,0
19.365225,0,0,94,60,1266,98,245,51,0,0,15,0,0,4,0
19.374841,0,0,94,60,1266,98,245,51,0,0,15,0,0,4,0
19.378999,0,0,94,60,1266,98,245,51,0,0,15,0,0,4,0
19.383179,0,0,94,60,1266,98,245,51,0,0,15,0,0,4,0
19.395892,0,0,94,60,1266,98,245,51,0,0,15,0,0,4,0
19.399954,0,0,94,60,1266,98,245,51,0,0,15,0,0,4,0
19.407289,1,1,94,60,1267,98,245,51,0,0,17,0,0,4,89
19.412180,0,0,94,60,1267,98,245,51,0,0,17,0,0,4,89
19.425508,0,0,94,60,1267,98,245,51,0,0,17,0,0,4,89
19.430714,0,1,94,60,1267,98,245,51,0,1,16,0,0,4,-12
19.438726,1,0,94,60,1271,98,245,51,0,1,16,0,0,4,-12
19.442840,0,0,94,60,1271,98,245,51,0,1,16,0,0,4,-12
19.446926,0,0,94,60,1271,98,245,51,0,1,16,0,0,4,-12
19.457702,0,0,94,60,1271,98,245,51,0,1,16,0,0,4,-12
19.467509,0,1,94,60,1271,98,245,51,0,0,16,0,0,4,0
19.472446,0,0,94,60,1271,98,245,51,0,0,16,0,0,4,0
19.476937,0,0,94,60,1271,98,245,51,0,0,16,0,0,4,0
19.489185,0,0,94,60,1271,98,245,51,0,0,16,0,0,4,0
19.498556,0,0,94,60,1271,98,245,51,0,0,16,0,0,4,0
19.502750,0,0,94,60,1271,98,245,51,0,0,16,0,0,4,0
19.506839,0,0,94,60,1271,98,245,51,0,0,16,0,0,4,0
19.519877,0,0,94,60,1271,98,245,51,0,0,16,0,0,4,0
19.523919,0,1,94,60,1271,98,245,51,0,0,15,0,0,4,0
19.531119,0,0,94,60,1271,98,245,51,0,0,15,0,0,4,0
19.535588,1,0,94,60,1271,98,245,50,0,0,15,0,0,4,0
19.539761,0,0,94,60,1271,98,245,50,0,0,15,0,0,4,0
19.551483,0,0,94,60,1271,98,245,50,0,0,15,0,0,4,0
19.561423,0,1,94,60,1271,98,245,50,0,0,16,0,0,4,0
19.566304,0,0,94,60,1271,98,245,50,0,0,16,0,0,4,0
19.580409,0,0,94,60,1271,98,245,50,0,0,16,0,0,4,0
19.585097,0,1,94,60,1271,98,245,50,0,0,15,0,0,4,0
19.593440,0,0,94,60,1271,98,245,50,0,0,15,0,0,4,0
19.596327,0,0,94,60,1271,98,245,50,0,0,15,0,0,4,0
19.600511,0,0,94,60,1271,98,245,50,0,0,15,0,0,4,0
19.613377,0,0,94,60,1271,98,245,50,0,0,15,0,0,4,0
19.623258,0,0,94,60,1271,98,245,50,0,0,15,0,0,4,0
19.627754,0,0,94,60,1271,98,245,50,0,0,15,0,0,4,0
19.632239,0,0,94,60,1271,98,245,50,0,0,15,0,0,4,0
19.643854,0,1,94,60,1271,98,245,50,0,0,16,0,0,4,0
19.653479,0,0,94,60,1271,98,245,50,0,0,16,0,0,4,0
19.658363,0,0,94,60,1271,98,245,50,0,0,16,0,0,4,0
19.662877,0,0,94,60,1271,98,245,50,0,0,16,0,0,4,0
19.674884,0,1,94,60,1271,98,245,50,0,1,16,0,0,4,0
19.684480,0,0,94,60,1271,98,245,50,0,1,16,0,0,4,0
19.688622,0,0,94,60,1271,98,245,50,0,1,16,0,0,4,0
19.692764,0,0,94,60,1271,98,245,50,0,1,16,0,0,4,0
19.705520,0,1,94,60,1271,98,245,50,0,1,15,0,0,4,0
19.710000,0,0,94,60,1271,98,245,50,0,1,15,0,0,4,0
19.717329,1,0,94,60,1271,98,245,51,0,1,15,0,0,4,0
19.724347,0,0,94,60,1271,98,245,51,0,1,15,0,0,4,0
19.736882,0,0,94,60,1271,98,245,51,0,1,15,0,0,4,0
19.746474,0,0,94,60,1271,98,245,51,0,1,15,0,0,4,0
19.750689,0,0,94,60,1271,98,245,51,0,1,15,0,0,4,0
19.755220,0,0,94,60,1271,98,245,51,0,1,15,0,0,4,0
19.767897,1,1,94,60,1272,98,245,51,0,1,17,0,0,4,8
19.777564,0,0,94,60,1272,98,245,51,0,1,17,0,0,4,8
19.782735,0,0,94,60,1272,98,245,51,0,1,17,0,0,4,8
19.787217,0,1,94,60,1272,98,245,51,0,0,17,0,0,4,0
19.799244,1,1,94,60,1273,98,245,51,0,0,16,0,0,4,0
19.808923,0,0,94,60,1273,98,245,51,0,0,16,0,0,4,0
19.813137,0,0,94,60,1273,98,245,51,0,0,16,0,0,4,0
19.817334,0,1,94,60,1273,98,245,51,0,1,16,0,0,4,0
19.829900,0,0,94,60,1273,98,245,51,0,1,16,0,0,4,0
19.839528,1,0,94,60,1273,98,245,50,0,1,16,0,0,4,0
19.844081,0,0,94,60,1273,98,245,50,0,1,16,0,0,4,0
19.848228,0,0,94,60,1273,98,245,50,0,1,16,0,0,4,0
19.861212,0,1,94,60,1273,98,245,50,0,1,16,1,0,4,0
19.870705,0,0,94,60,1273,98,245,50,0,1,16,1,0,4,0
19.875194,0,0,94,60,1273,98,245,50,0,1,16,1,0,4,0
19.879422,0,1,94,60,1273,98,245,50,0,1,16,0,0,4,0
19.891928,0,0,94,60,1273,98,245,50,0,1,16,0,0,4,0
19.901876,0,0,94,60,1273,98,245,50,0,1,16,0,0,4,0
19.906056,0,0,94,60,1273,98,245,50,0,1,16,0,0,4,0
19.911005,0,0,94,60,1273,98,245,50,0,1,16,0,0,4,0
19.923212,0,0,94,60,1273,98,245,50,0,1,16,0,0,4,0
19.932569,0,0,94,60,1273,98,245,50,0,1,16,0,0,4,0
19.937113,0,0,94,60,1273,98,245,50,0,1,16,0,0,4,0
19.941264,0,1,94,60,1273,98,245,50,0,1,16,1,0,4,0
19.953447,0,0,94,60,1273,98,245,50,0,1,16,1,0,4,0
19.955628,0,0,94,60,1273,98,245,50,0,1,16,1,0,4,0
19.964729,0,0,94,60,1273,98,245,50,0,1,16,1,0,4,0
19.969251,0,0,94,60,1273,98,245,50,0,1,16,1,0,4,0
19.973455,0,1,94,60,1273,98,245,50,0,1,16,0,0,4,0
19.985201,0,0,94,60,1273,98,245,50,0,1,16,0,0,4,0
19.994897,0,0,94,60,1273,98,245,50,0,1,16,0,0,4,0
19.999171,0,1,94,60,1273,98,245,50,0,0,16,0,0,4,0
20.003374,0,0,94,60,1273,98,245,50,0,0,16,0,0,4,0
20.015489,0,0,94,60,1273,98,245,50,0,0,16,0,0,4,0
20.025423,0,0,94,60,1273,98,245,50,0,0,16,0,0,4,0
20.029547,0,1,94,60,1273,98,245,50,0,1,15,0,0,4,0
20.034158,0,0,94,60,1273,98,245,50,0,1,15,0,0,4,0
20.046448,0,0,94,60,1273,98,245,50,0,1,15,0,0,4,0
20.050608,0,0,94,60,1273,98,245,50,0,1,15,0,0,4,0
20.057644,0,1,94,60,1273,98,245,50,0,1,16,0,0,4,0
20.061753,0,0,94,60,1273,98,245,50,0,1,16,0,0,4,0
20.066222,0,0,94,60,1273,98,245,50,0,1,16,0,0,4,0
20.077814,0,0,94,60,1273,98,245,50,0,1,16,0,0,4,0
20.089991,0,0,94,60,1273,98,245,50,0,1,16,0,0,4,0
20.094108,0,0,94,60,1273,98,245,50,0,1,16,0,0,4,0
20.107290,0,0,94,60,1273,98,245,50,0,1,16,0,0,4,0
20.111446,0,0,94,60,1273,98,245,50,0,1,16,0,0,4,0
20.119612,0,0,94,60,1273,98,245,50,0,1,16,0,0,4,0
20.123642,0,1,94,60,1273,98,245,50,0,1,16,1,0,4,0
20.127747,0,0,94,60,1273,98,245,50,0,1,16,1,0,4,0
20.139358,0,0,94,60,1273,98,245,50,0,1,16,1,0,4,0
20.143417,0,0,94,60,1273,98,245,50,0,1,16,1,0,4,0
20.150898,1,1,94,60,1275,98,245,50,0,1,19,1,0,4,115
20.155009,0,1,94,60,1275,98,245,50,0,1,19,0,0,5,115
20.159130,0,0,94,60,1275,98,245,50,0,1,19,0,0,5,115
20.170770,0,0,94,60,1275,98,245,50,0,1,19,0,0,5,115
20.180668,1,1,94,60,1277,98,245,50,0,1,17,0,0,5,0
20.185259,0,1,94,60,1277,98,245,50,0,1,17,0,0,4,0
20.189410,0,0,94,60,1277,98,245,50,0,1,17,0,0,4,0
20.201753,0,0,94,60,1277,98,245,50,0,1,17,0,0,4,0
20.211350,0,1,94,60,1277,98,245,50,0,1,16,0,0,4,0
20.215530,0,0,94,60,1277,98,245,50,0,1,16,0,0,4,0
20.219667,0,0,94,60,1277,98,245,50,0,1,16,0,0,4,0
20.232770,0,1,94,60,1277,98,245,50,0,0,16,0,0,4,0
20.242369,0,0,94,60,1277,98,245,50,0,0,16,0,0,4,0
20.247220,1,0,94,60,1277,98,245,51,0,0,16,0,0,4,0
20.251426,0,0,94,60,1277,98,245,51,0,0,16,0,0,4,0
20.263816,0,1,94,60,1277,98,245,51,0,1,16,0,0,4,0
20.273666,0,0,94,60,1277,98,245,51,0,1,16,0,0,4,0
20.277781,0,0,94,60,1277,98,245,51,0,1,16,0,0,4,0
20.282263,0,0,94,60,1277,98,245,51,0,1,16,0,0,4,0
20.294797,0,0,94,60,1277,98,245,51,0,1,16,0,0,4,0
20.304441,0,0,94,60,1277,98,245,51,0,1,16,0,0,4,0
20.308978,0,0,94,60,1277,98,245,51,0,1,16,0,0,4,0
20.313491,0,0,94,60,1277,98,245,51,0,1,16,0,0,4,0
20.326153,0,0,94,60,1277,98,245,51,0,1,16,0,0,4,0
20.335671,0,0,94,60,1277,98,245,51,0,1,16,0,0,4,0
20.338120,0,0,94,60,1277,98,245,51,0,1,16,0,0,4,0
20.342660,0,0,94,60,1277,98,245,51,0,1,16,0,0,4,0
20.356297,0,0,94,60,1277,98,245,51,0,1,16,0,0,4,0
20.366648,0,0,94,60,1277,98,245,51,0,1,16,0,0,4,0
20.370764,1,0,94,60,1277,98,245,50,0,1,16,0,0,4,0
20.374888,0,0,94,60,1277,98,245,50,0,1,16,0,0,4,0
20.387734,0,1,94,60,1277,98,245,50,0,0,16,0,0,4,0
20.397315,0,0,94,60,1277,98,245,50,0,0,16,0,0,4,0
20.401839,0,0,94,60,1277,98,245,50,0,0,16,0,0,4,0
20.406329,0,0,94,60,1277,98,245,50,0,0,16,0,0,4,0
20.419173,1,1,94,59,1277,98,245,50,0,1,16,0,0,4,0
20.428569,1,0,94,59,1277,98,245,51,0,1,16,0,0,4,0
20.433460,0,0,94,59,1277,98,245,51,0,1,16,0,0,4,0
20.437687,0,0,94,59,1277,98,245,51,0,1,16,0,0,4,0
20.449442,0,0,94,59,1277,98,245,51,0,1,16,0,0,4,0
20.453625,0,0,94,59,1277,98,245,51,0,1,16,0,0,4,0
20.461636,0,0,94,59,1277,98,245,51,0,1,16,0,0,4,0
20.468644,0,0,94,59,1277,98,245,51,0,1,16,0,0,4,0
20.480694,0,0,94,59,1277,98,245,51,0,1,16,0,0,4,0
20.490261,0,1,94,59,1277,98,245,51,0,1,16,0,0,5,0
20.494481,0,0,94,59,1277,98,245,51,0,1,16,0,0,5,0
20.498679,0,0,94,59,1277,98,245,51,0,1,16,0,0,5,0
20.511477,1,1,94,59,1278,98,245,51,0,0,17,0,0,5,84
20.521281,0,0,94,59,1278,98,245,51,0,0,17,0,0,5,84
20.525512,0,0,94,59,1278,98,245,51,0,0,17,0,0,5,84
20.529962,0,0,94,59,1278,98,245,51,0,0,17,0,0,5,84
20.542775,1,1,94,59,1279,98,245,51,0,0,16,0,0,5,0
20.552494,0,1,94,59,1279,98,245,51,0,0,16,0,0,4,0
20.557005,0,0,94,59,1279,98,245,51,0,0,16,0,0,4,0
20.561546,0,0,94,59,1279,98,245,51,0,0,16,0,0,4,0
20.573983,0,0,94,59,1279,98,245,51,0,0,16,0,0,4,0
20.583611,1,0,94,59,1279,98,245,50,0,0,16,0,0,4,0
20.587789,0,0,94,59,1279,98,245,50,0,0,16,0,0,4,0
20.592266,0,1,94,59,1279,98,245,50,0,1,16,0,0,4,0
20.604777,0,0,94,59,1279,98,245,50,0,1,16,0,0,4,0
20.614252,0,0,94,59,1279,98,245,50,0,1,16,0,0,4,0
20.618461,0,0,94,59,1279,98,245,50,0,1,16,0,0,4,0
20.622914,0,1,94,59,1279,98,245,50,0,0,16,0,0,4,0
20.635709,0,0,94,59,1279,98,245,50,0,0,16,0,0,4,0
20.645584,0,0,94,59,1279,98,245,50,0,0,16,0,0,4,0
20.650069,0,0,94,59,1279,98,245,50,0,0,16,0,0,4,0
20.654572,0,0,94,59,1279,98,245,50,0,0,16,0,0,4,0
20.666701,1,0,94,59,1279,98,245,51,0,0,16,0,0,4,0
20.670786,0,0,94,59,1279,98,245,51,0,0,16,0,0,4,0
20.678076,0,0,94,59,1279,98,245,51,0,0,16,0,0,4,0
20.682211,0,0,94,59,1279,98,245,51,0,0,16,0,0,4,0
20.686324,0,0,94,59,1279,98,245,51,0,0,16,0,0,4,0
20.697275,0,0,94,59,1279,98,245,51,0,0,16,0,0,4,0
20.699134,0,0,94,59,1279,98,245,51,0,0,16,0,0,4,0
20.708473,0,0,94,59,1279,98,245,51,0,0,16,0,0,4,0
20.712519,0,0,94,59,1279,98,245,51,0,0,16,0,0,4,0
20.716635,0,0,94,59,1279,98,245,51,0,0,16,0,0,4,0
20.728866,0,0,94,59,1279,98,245,51,0,0,16,0,0,4,0
20.738797,0,0,94,59,1279,98,245,51,0,0,16,0,0,4,0
20.743325,0,0,94,59,1279,98,245,51,0,0,16,0,0,4,0
20.748089,0,0,94,59,1279,98,245,51,0,0,16,0,0,4,0
20.759678,0,0,94,59,1279,98,245,51,0,0,16,0,0,4,0
20.769286,0,0,94,59,1279,98,245,51,0,0,16,0,0,4,0
20.773393,0,0,94,59,1279,98,245,51,0,0,16,0,0,4,0
20.777502,0,0,94,59,1279,98,245,51,0,0,16,0,0,4,0
20.790444,1,0,94,59,1279,98,245,50,0,0,16,0,0,4,0
20.794643,0,0,94,59,1279,98,245,50,0,0,16,0,0,4,0
20.801574,0,0,94,59,1279,98,245,50,0,0,16,0,0,4,0
20.806172,0,0,94,59,1279,98,245,50,0,0,16,0,0,4,0
20.811094,0,0,94,59,1279,98,245,50,0,0,16,0,0,4,0
20.822444,0,0,94,59,1279,98,245,50,0,0,16,0,0,4,0
20.835733,0,0,94,59,1279,98,245,50,0,0,16,0,0,4,0
20.840270,0,1,94,59,1279,98,245,50,0,0,16,0,0,5,0
20.853061,0,0,94,59,1279,98,245,50,0,0,16,0,0,5,0
20.862446,0,0,94,59,1279,98,245,50,0,0,16,0,0,5,0
20.866602,0,0,94,59,1279,98,245,50,0,0,16,0,0,5,0
20.871039,0,1,94,59,1279,98,245,50,0,0,16,0,0,4,0
20.883240,0,0,94,59,1279,98,245,50,0,0,16,0,0,4,0
20.887354,0,0,94,59,1279,98,245,50,0,0,16,0,0,4,0
20.894759,1,1,94,59,1280,98,245,50,0,0,20,0,0,4,100
20.899149,1,0,94,59,1280,98,245,51,0,0,20,0,0,4,100
20.903328,0,0,94,59,1280,98,245,51,0,0,20,0,0,4,100
20.914787,0,0,94,59,1280,98,245,51,0,0,20,0,0,4,100
20.924431,1,1,94,59,1281,98,245,51,0,0,17,0,0,4,0
20.928617,0,0,94,59,1281,98,245,51,0,0,17,0,0,4,0
20.932834,0,0,94,59,1281,98,245,51,0,0,17,0,0,4,0
20.945770,0,0,94,59,1281,98,245,51,0,0,17,0,0,4,0
20.955251,0,0,94,59,1281,98,245,51,0,0,17,0,0,4,0
20.959501,1,0,94,59,1282,98,245,51,0,0,17,0,0,4,0
20.964037,0,0,94,59,1282,98,245,51,0,0,17,0,0,4,0
20.976636,0,0,94,59,1282,98,245,51,0,0,17,0,0,4,0
20.980758,0,0,94,59,1282,98,245,51,0,0,17,0,0,4,0
20.988119,0,0,94,59,1282,98,245,51,0,0,17,0,0,4,0
20.993012,0,0,94,59,1282,98,245,51,0,0,17,0,0,4,0
21.007041,0,0,94,59,1282,98,245,51,0,0,17,0,0,4,0
21.011596,0,0,94,59,1282,98,245,51,0,0,17,0,0,4,0
21.019111,0,0,94,59,1282,98,245,51,0,0,17,0,0,4,0
21.023803,0,0,94,59,1282,98,245,51,0,0,17,0,0,4,0
21.037219,0,0,94,59,1282,98,245,51,0,0,17,0,0,4,0
21.042063,0,0,94,59,1282,98,245,51,0,0,17,0,0,4,0
21.050158,0,0,94,59,1282,98,245,51,0,0,17,0,0,4,0
21.055059,0,0,94,59,1282,98,245,51,0,0,17,0,0,4,0
21.068273,0,0,94,59,1282,98,245,51,0,0,17,0,0,4,0
21.072735,0,0,94,59,1282,98,245,51,0,0,17,0,0,4,0
21.080459,0,0,94,59,1282,98,245,51,0,0,17,0,0,4,0
21.082313,0,0,94,59,1282,98,245,51,0,0,17,0,0,4,0
21.086800,0,0,94,59,1282,98,245,51,0,0,17,0,0,4,0
21.099828,0,0,94,59,1282,98,245,51,0,0,17,0,0,4,0
21.103945,0,1,94,59,1282,98,245,51,0,0,17,0,0,5,0
21.112367,0,0,94,59,1282,98,245,51,0,0,17,0,0,5,0
21.116949,0,0,94,59,1282,98,245,51,0,0,17,0,0,5,0
21.130123,0,0,94,59,1282,98,245,51,0,0,17,0,0,5,0
21.135006,0,0,94,59,1282,98,245,51,0,0,17,0,0,5,0
21.143098,0,1,94,59,1282,98,245,51,0,0,17,0,0,4,0
21.147628,0,0,94,59,1282,98,245,51,0,0,17,0,0,4,0
21.160992,0,1,94,59,1282,98,245,51,0,0,16,0,0,4,0
21.165221,0,0,94,59,1282,98,245,51,0,0,16,0,0,4,0
21.174121,0,0,94,59,1282,98,245,51,0,0,16,0,0,4,0
21.178622,0,0,94,59,1282,98,245,51,0,0,16,0,0,4,0
21.192178,1,1,94,60,1282,98,245,51,0,0,17,0,0,4,0
21.196694,0,0,94,60,1282,98,245,51,0,0,17,0,0,4,0
21.205012,0,0,94,60,1282,98,245,51,0,0,17,0,0,4,0
21.212307,0,0,94,60,1282,98,245,51,0,0,17,0,0,4,0
21.224255,0,0,94,60,1282,98,245,51,0,0,17,0,0,4,0
21.228513,0,0,94,60,1282,98,245,51,0,0,17,0,0,4,0
21.235865,0,0,94,60,1282,98,245,51,0,0,17,0,0,4,0
21.239952,0,0,94,60,1282,98,245,51,0,0,17,0,0,4,0
21.244468,0,1,94,60,1282,98,245,51,0,0,18,0,0,4,82
21.255134,0,0,94,60,1282,98,245,51,0,0,18,0,0,4,82
21.259354,0,0,94,60,1282,98,245,51,0,0,18,0,0,4,82
21.266929,0,0,94,60,1282,98,245,51,0,0,18,0,0,4,82
21.271887,0,0,94,60,1282,98,245,51,0,0,18,0,0,4,82
21.285089,1,1,94,60,1285,98,245,51,0,0,19,0,0,4,77
21.289237,0,0,94,60,1285,98,245,51,0,0,19,0,0,4,77
21.297997,0,0,94,60,1285,98,245,51,0,0,19,0,0,4,77
21.302511,0,0,94,60,1285,98,245,51,0,0,19,0,0,4,0
21.316022,0,1,94,60,1285,98,245,51,0,0,18,0,0,4,0
21.320142,0,0,94,60,1285,98,245,51,0,0,18,0,0,4,0
21.328931,0,0,94,60,1285,98,245,51,0,0,18,0,0,4,0
21.333027,0,0,94,60,1285,98,245,51,0,0,18,0,0,4,0
21.337128,0,0,94,60,1285,98,245,51,0,0,18,0,0,4,0
21.348209,0,0,94,60,1285,98,245,51,0,0,18,0,0,4,0
21.352288,0,0,94,60,1285,98,245,51,0,0,18,0,0,4,0
21.359365,0,0,94,60,1285,98,245,51,0,0,18,0,0,4,0
21.363957,0,0,94,60,1285,98,245,51,0,0,18,0,0,4,0
21.368932,0,0,94,60,1285,98,245,51,0,0,18,0,0,4,0
21.379770,0,0,94,60,1285,98,245,51,0,0,18,0,0,4,0
21.389324,0,0,94,60,1285,98,245,51,0,0,18,0,0,4,0
21.393442,0,1,94,60,1285,98,245,51,0,0,17,0,0,4,0
21.397551,0,0,94,60,1285,98,245,51,0,0,17,0,0,4,0
21.410591,0,0,94,60,1285,98,245,51,0,0,17,0,0,4,0
21.420237,0,0,94,60,1285,98,245,51,0,0,17,0,0,4,0
21.424499,0,0,94,60,1285,98,245,51,0,0,17,0,0,4,0
21.429244,0,0,94,60,1285,98,245,51,0,0,17,0,0,4,0
21.441141,0,0,94,60,1285,98,245,51,0,0,17,0,0,4,0
21.443343,0,0,94,60,1285,98,245,51,0,0,17,0,0,4,0
21.453301,0,0,94,60,1285,98,245,51,0,0,17,0,0,4,0
21.457888,0,1,94,60,1285,98,245,51,0,0,18,0,0,4,0
21.471227,0,0,94,60,1285,98,245,51,0,0,18,0,0,4,0
21.475443,0,0,94,60,1285,98,245,51,0,0,18,0,0,4,0
21.483900,0,0,94,60,1285,98,245,51,0,0,18,0,0,4,0
21.488483,0,0,94,60,1285,98,245,51,0,0,18,0,0,4,0
21.501999,0,0,94,60,1285,98,245,51,0,0,18,0,0,4,0
21.506152,0,0,94,60,1285,98,245,51,0,0,18,0,0,4,0
21.514699,0,0,94,60,1285,98,245,51,0,0,18,0,0,4,0
21.518782,0,0,94,60,1285,98,245,51,0,0,18,0,0,4,0
21.522858,0,0,94,60,1285,98,245,51,0,0,18,0,0,4,0
21.534172,0,0,94,60,1285,98,245,51,0,0,18,0,0,4,0
21.538629,0,0,94,60,1285,98,245,51,0,0,18,0,0,4,0
21.546322,0,1,94,60,1285,98,245,51,0,0,17,0,0,4,0
21.550792,0,0,94,60,1285,98,245,51,0,0,17,0,0,4,0
21.564026,0,0,94,60,1285,98,245,51,0,0,17,0,0,4,0
21.576966,0,0,94,60,1285,98,245,51,0,0,17,0,0,4,0
21.581184,0,0,94,60,1285,98,245,51,0,0,17,0,0,4,0
21.594967,0,0,94,60,1285,98,245,51,0,0,17,0,0,4,0
21.600113,0,1,94,60,1285,98,245,51,0,0,20,0,0,4,111
21.607731,1,0,94,60,1286,98,245,51,0,0,20,0,0,4,111
21.611873,0,0,94,60,1286,98,245,51,0,0,20,0,0,4,111
21.626068,0,0,94,60,1286,98,245,51,0,0,20,0,0,4,111
21.630386,0,0,94,60,1286,98,245,51,0,0,20,0,0,4,111
21.638704,1,1,94,60,1288,98,245,51,0,0,18,0,0,4,-10
21.643244,0,0,94,60,1288,98,245,51,0,0,18,0,0,4,-10
21.657087,0,0,94,60,1288,98,245,51,0,0,18,0,0,4,-10
21.661978,0,1,94,60,1288,98,245,51,0,0,17,0,0,4,0
21.670344,0,0,94,60,1288,98,245,51,0,0,17,0,0,4,0
21.675248,1,0,94,60,1288,98,245,50,0,0,17,0,0,4,0
21.689061,0,0,94,60,1288,98,245,50,0,0,17,0,0,4,0
21.693576,0,0,94,60,1288,98,245,50,0,0,17,0,0,4,0
21.701517,0,1,94,60,1288,98,245,50,0,0,17,0,0,5,0
21.706436,0,0,94,60,1288,98,245,50,0,0,17,0,0,5,0
21.720094,0,0,94,60,1288,98,245,50,0,0,17,0,0,5,0
21.730111,0,0,94,60,1288,98,245,50,0,0,17,0,0,5,0
21.734620,0,1,94,60,1288,98,245,50,0,0,17,0,0,4,0
21.739505,0,0,94,60,1288,98,245,50,0,0,17,0,0,4,0
21.751559,0,0,94,60,1288,98,245,50,0,0,17,0,0,4,0
21.761281,1,0,94,60,1288,99,245,50,0,0,17,0,0,4,0
21.766204,1,0,94,60,1288,99,245,51,0,0,17,0,0,4,0
21.770718,0,0,94,60,1288,99,245,51,0,0,17,0,0,4,0
21.782907,0,1,94,60,1288,99,245,51,0,0,18,0,0,4,0
21.792670,1,1,94,60,1288,98,245,51,0,0,18,0,0,5,0
21.794847,0,0,94,60,1288,98,245,51,0,0,18,0,0,5,0
21.799079,0,0,94,60,1288,98,245,51,0,0,18,0,0,5,0
21.812874,0,1,94,60,1288,98,245,51,0,0,17,0,0,5,0
21.817206,0,0,94,60,1288,98,245,51,0,0,17,0,0,5,0
21.824680,0,0,94,60,1288,98,245,51,0,0,17,0,0,5,0
21.829517,0,0,94,60,1288,98,245,51,0,0,17,0,0,5,0
21.843046,0,0,94,60,1288,98,245,51,0,0,17,0,0,5,0
21.847585,0,1,94,60,1288,98,245,51,0,0,17,0,0,4,0
21.856324,0,0,94,60,1288,98,245,51,0,0,17,0,0,4,0
21.861225,0,0,94,60,1288,98,245,51,0,0,17,0,0,4,0
21.874945,0,0,94,60,1288,98,245,51,0,0,17,0,0,4,0
21.879450,0,0,94,60,1288,98,245,51,0,0,17,0,0,4,0
21.886962,0,0,94,60,1288,98,245,51,0,0,17,0,0,4,0
21.891135,0,0,94,60,1288,98,245,51,0,0,17,0,0,4,0
21.895593,0,0,94,60,1288,98,245,51,0,0,17,0,0,4,0
21.906614,0,0,94,60,1288,98,245,51,0,0,17,0,0,4,0
21.916039,0,0,94,60,1288,98,245,51,0,0,17,0,0,4,0
21.924117,0,1,94,60,1288,98,245,51,0,1,17,0,0,4,0
21.937494,0,0,94,60,1288,98,245,51,0,1,17,0,0,4,0
21.947312,0,0,94,60,1288,98,245,51,0,1,17,0,0,4,0
21.951501,0,0,94,60,1288,98,245,51,0,1,17,0,0,4,0
21.955733,1,1,94,60,1289,98,245,51,0,1,20,0,0,4,100
21.969019,0,0,94,60,1289,98,245,51,0,1,20,0,0,4,100
21.978735,0,0,94,60,1289,98,245,51,0,1,20,0,0,4,100
21.983334,0,1,94,60,1289,98,245,51,0,0,20,0,0,4,106
21.987522,1,0,94,60,1290,98,245,51,0,0,20,0,0,4,106
21.999557,0,0,94,60,1290,98,245,51,0,0,20,0,0,4,106
22.009003,0,0,94,60,1290,98,245,51,0,0,20,0,0,4,106
22.013146,0,0,94,60,1290,98,245,51,0,0,20,0,0,4,99
22.018064,1,1,94,60,1291,98,245,51,0,0,19,0,0,4,99
22.030175,0,0,94,60,1291,98,245,51,0,0,19,0,0,4,99
22.034307,0,0,94,60,1291,98,245,51,0,0,19,0,0,4,99
22.041553,0,0,94,60,1291,98,245,51,0,0,19,0,0,4,99
22.046486,1,0,94,60,1293,98,245,51,0,0,19,0,0,4,7
22.059957,0,0,94,60,1293,98,245,51,0,0,19,0,0,4,7
22.064496,0,0,94,60,1293,98,245,51,0,0,19,0,0,4,7
22.072595,0,1,94,60,1293,98,245,51,0,1,19,0,0,4,0
22.077136,1,1,94,60,1294,98,245,51,0,1,18,0,0,4,0
22.081612,0,0,94,60,1294,98,245,51,0,1,18,0,0,4,0
22.093144,0,0,94,60,1294,98,245,51,0,1,18,0,0,4,0
22.103223,0,0,94,60,1294,98,245,51,0,1,18,0,0,4,0
22.108263,1,1,94,60,1293,98,245,51,0,1,18,1,0,4,0
22.122079,0,1,94,60,1293,98,245,51,0,1,18,1,0,5,0
22.127063,0,0,94,60,1293,98,245,51,0,1,18,1,0,5,0
22.135290,0,1,94,60,1293,98,245,51,0,0,18,1,0,5,0
22.140282,0,1,94,60,1293,98,245,51,0,0,18,1,0,4,0
22.153916,0,0,94,60,1293,98,245,51,0,0,18,1,0,4,0
22.164062,0,0,94,60,1293,98,245,51,0,0,18,1,0,4,0
22.169080,1,1,94,60,1294,98,245,51,0,0,18,0,0,4,0
22.174279,0,0,94,60,1294,98,245,51,0,0,18,0,0,4,0
22.185866,0,0,94,60,1294,98,245,51,0,0,18,0,0,4,0
22.196008,0,0,94,60,1294,98,245,51,0,0,18,0,0,4,0
22.200969,1,0,94,60,1293,98,245,51,0,0,18,0,0,4,0
22.204741,0,0,94,60,1293,98,245,51,0,0,18,0,0,4,0
22.217624,0,0,94,60,1293,98,245,51,0,0,18,0,0,4,0
22.229044,0,0,94,60,1293,98,245,51,0,0,18,0,0,4,0
22.234151,0,0,94,60,1293,98,245,51,0,0,18,0,0,4,0
22.247854,0,0,94,60,1293,98,245,51,0,0,18,0,0,4,0
22.257941,0,0,94,60,1293,98,245,51,0,0,18,0,0,4,0
22.262489,0,0,94,60,1293,98,245,51,0,0,18,0,0,4,0
22.266650,0,0,94,60,1293,98,245,51,0,0,18,0,0,4,0
22.278425,0,0,94,60,1293,98,245,51,0,0,18,0,0,4,0
22.288232,0,0,94,60,1293,98,245,51,0,0,18,0,0,4,0
22.293174,0,0,94,60,1293,98,245,51,0,0,18,0,0,4,0
22.297738,0,0,94,60,1293,98,245,51,0,0,18,0,0,4,0
22.309860,0,0,94,60,1293,98,245,51,0,0,18,0,0,4,0
22.319532,0,0,94,60,1293,98,245,51,0,0,18,0,0,4,0
22.327631,0,0,94,60,1293,98,245,50,0,0,18,0,0,4,0
22.340595,0,0,94,60,1293,98,245,50,0,0,18,0,0,4,0
22.350045,0,0,94,60,1293,98,245,50,0,0,18,0,0,4,0
22.354294,0,0,94,60,1293,98,245,50,0,0,18,0,0,4,0
22.358487,0,0,94,60,1293,98,245,50,0,0,18,0,0,4,0
22.371387,0,0,94,60,1293,98,245,50,0,0,18,0,0,4,0
22.381054,1,1,94,60,1294,98,245,50,0,0,21,0,0,4,104
22.385561,1,0,94,60,1294,98,245,51,0,0,21,0,0,4,104
22.390096,0,0,94,60,1294,98,245,51,0,0,21,0,0,4,104
22.402405,0,1,94,60,1294,98,245,51,0,0,19,0,0,4,0
22.412247,1,0,94,60,1295,98,245,51,0,0,19,0,0,4,0
22.416474,0,0,94,60,1295,98,245,51,0,0,19,0,0,4,0
22.420721,0,0,94,60,1295,98,245,51,0,0,19,0,0,4,0
22.433769,0,0,94,60,1295,98,245,51,0,0,19,0,0,4,0
22.443196,0,1,94,60,1295,98,245,51,0,0,19,0,1,4,0
22.447357,0,0,94,60,1295,98,245,51,0,0,19,0,1,4,0
22.452289,0,0,94,60,1295,98,245,51,0,0,19,0,1,4,0
22.464745,0,0,94,60,1295,98,245,51,0,0,19,0,1,4,0
22.475228,0,1,94,60,1295,98,245,51,0,0,19,0,0,4,0
22.479761,0,0,94,60,1295,98,245,51,0,0,19,0,0,4,0
22.493977,0,0,94,60,1295,98,245,51,0,0,19,0,0,4,0
22.498194,0,1,94,60,1295,98,245,51,0,0,19,0,1,4,0
22.507148,1,0,94,60,1295,98,245,50,0,0,19,0,1,4,0
22.511283,0,0,94,60,1295,98,245,50,0,0,19,0,1,4,0
22.515490,0,1,94,60,1295,98,245,50,0,1,19,0,1,4,0
22.527105,0,1,94,60,1295,98,245,50,0,1,18,0,1,4,0
22.537369,0,1,94,60,1295,98,245,50,0,1,18,0,1,5,0
22.541987,0,0,94,60,1295,98,245,50,0,1,18,0,1,5,0
22.546176,0,1,94,60,1295,98,245,50,0,0,18,0,1,5,0
22.557444,0,1,94,60,1295,98,245,50,0,0,19,0,1,5,0
22.567021,1,1,94,60,1295,98,245,51,0,0,19,0,0,4,0
22.569791,0,0,94,60,1295,98,245,51,0,0,19,0,0,4,0
22.573912,0,0,94,60,1295,98,245,51,0,0,19,0,0,4,0
22.587693,0,0,94,60,1295,98,245,51,0,0,19,0,0,4,0
22.592194,0,0,94,60,1295,98,245,51,0,0,19,0,0,4,0
22.599503,0,0,94,60,1295,98,245,51,0,0,19,0,0,4,0
22.603990,0,0,94,60,1295,98,245,51,0,0,19,0,0,4,0
22.608125,0,1,94,60,1295,98,245,51,0,0,18,0,0,4,0
22.619524,0,0,94,60,1295,98,245,51,0,0,18,0,0,4,0
22.630053,0,0,94,60,1295,98,245,51,0,0,18,0,0,4,0
22.634728,0,0,94,60,1295,98,245,51,0,0,18,0,0,4,0
22.638803,0,0,94,60,1295,98,245,51,0,0,18,0,0,4,0
22.649997,0,0,94,60,1295,98,245,51,0,0,18,0,0,4,0
22.659883,0,0,94,60,1295,98,245,51,0,0,18,0,0,4,0
22.664003,0,0,94,60,1295,98,245,51,0,0,18,0,0,4,0
22.668066,0,0,94,60,1295,98,245,51,0,0,18,0,0,4,0
22.680933,0,0,94,60,1295,98,245,51,0,0,18,0,0,4,0
22.685102,0,0,94,60,1295,98,245,51,0,0,18,0,0,4,0
22.695228,0,0,94,60,1295,98,245,51,0,0,18,0,0,4,0
22.699290,0,0,94,60,1295,98,245,51,0,0,18,0,0,4,0
22.711886,1,0,94,60,1295,98,245,50,0,0,18,0,0,4,0
22.715948,0,0,94,60,1295,98,245,50,0,0,18,0,0,4,0
22.722990,0,0,94,60,1295,98,245,50,0,0,18,0,0,4,0
22.727128,0,0,94,60,1295,98,245,50,0,0,18,0,0,4,83
22.731279,1,1,94,60,1296,98,245,50,0,0,20,1,0,4,83
22.743706,0,1,94,60,1296,98,245,50,0,0,20,1,0,5,83
22.753332,0,0,94,60,1296,98,245,50,0,0,20,1,0,5,83
22.758251,0,1,94,60,1296,98,245,50,0,0,22,1,0,5,97
22.763338,1,1,94,60,1297,98,245,50,0,0,22,0,0,5,97
22.774431,0,0,94,60,1297,98,245,50,0,0,22,0,0,5,97
22.784316,0,0,94,60,1297,98,245,50,0,0,22,0,0,5,97
22.789296,1,1,94,60,1298,98,245,50,0,0,19,0,0,5,57
22.793542,1,1,94,60,1298,98,245,51,0,0,19,0,0,4,57
22.805814,0,0,94,60,1298,98,245,51,0,0,19,0,0,4,57
22.815177,0,0,94,60,1298,98,245,51,0,0,19,0,0,4,57
22.819716,0,0,94,60,1298,98,245,51,0,0,19,0,0,4,57
22.823887,0,1,94,60,1298,98,245,51,0,0,19,0,0,5,57
22.836758,0,0,94,60,1298,98,245,51,0,0,19,0,0,5,57
22.846027,0,1,94,60,1298,98,245,51,0,1,19,0,0,5,57
22.850910,1,1,94,60,1299,98,245,51,0,1,20,0,0,5,0
22.855812,0,1,94,60,1299,98,245,51,0,1,20,0,0,4,0
22.867626,0,0,94,60,1299,98,245,51,0,1,20,0,0,4,0
22.877218,0,0,94,60,1299,98,245,51,0,1,20,0,0,4,0
22.881744,0,1,94,60,1299,98,245,51,0,0,20,0,0,4,0
22.885993,1,0,94,60,1299,98,245,50,0,0,20,0,0,4,0
22.898794,0,0,94,60,1299,98,245,50,0,0,20,0,0,4,0
22.908764,0,0,94,60,1299,98,245,50,0,0,20,0,0,4,0
22.913262,0,0,94,60,1299,98,245,50,0,0,20,0,0,4,0
22.918113,0,0,94,60,1299,98,245,50,0,0,20,0,0,4,0
22.929619,0,0,94,60,1299,98,245,50,0,0,20,0,0,4,0
22.939043,0,0,94,60,1299,98,245,50,0,0,20,0,0,4,0
22.943201,0,0,94,60,1299,98,245,50,0,0,20,0,0,4,0
22.947734,1,0,94,60,1299,98,245,51,0,0,20,0,0,4,0
22.960749,0,0,94,60,1299,98,245,51,0,0,20,0,0,4,0
22.970370,0,1,94,60,1299,98,245,51,0,0,19,0,0,4,0
22.974524,0,0,94,60,1299,98,245,51,0,0,19,0,0,4,0
22.978786,0,0,94,60,1299,98,245,51,0,0,19,0,0,4,0
22.991718,0,0,94,60,1299,98,245,51,0,0,19,0,0,4,0
23.001853,0,0,94,60,1299,98,245,51,0,0,19,0,0,4,0
23.004735,0,0,94,60,1299,98,245,51,0,0,19,0,0,4,0
23.008867,0,0,94,60,1299,98,245,51,0,0,19,0,0,4,0
23.022308,0,0,94,60,1299,98,245,51,0,0,19,0,0,4,0
23.031893,0,1,94,60,1299,98,245,51,0,1,20,0,0,4,0
23.036799,0,0,94,60,1299,98,245,51,0,1,20,0,0,4,0
23.041700,0,0,94,60,1299,98,245,51,0,1,20,0,0,4,0
23.053671,0,0,94,60,1299,98,245,51,0,1,20,0,0,4,0
23.063419,0,1,94,60,1299,98,245,51,0,0,20,0,0,4,0
23.067967,1,0,94,60,1299,98,245,50,0,0,20,0,0,4,0
23.072169,0,0,94,60,1299,98,245,50,0,0,20,0,0,4,0
23.085165,0,0,94,60,1299,98,245,50,0,0,20,0,0,4,0
23.094784,0,1,94,60,1299,98,245,50,0,1,20,0,0,4,0
23.099835,0,1,94,60,1299,98,245,50,0,1,20,0,0,5,0
23.104035,0,0,94,60,1299,98,245,50,0,1,20,0,0,5,0
23.115322,0,0,94,60,1299,98,245,50,0,1,20,0,0,5,0
23.124813,0,0,94,60,1299,98,245,50,0,1,20,0,0,5,0
23.132862,0,0,94,60,1299,98,245,50,0,1,20,0,0,4,0
23.146615,0,0,94,60,1299,98,245,50,0,1,20,0,0,4,0
23.156438,0,0,94,60,1299,98,245,50,0,1,20,0,0,4,0
23.160672,0,1,94,60,1299,98,245,50,0,1,20,0,0,5,0
23.164780,0,0,94,60,1299,98,245,50,0,1,20,0,0,5,0
23.177197,0,1,94,60,1299,98,245,50,0,0,20,0,0,5,0
23.181302,1,1,94,60,1301,98,245,50,0,0,24,0,0,5,77
23.188271,0,0,94,60,1301,98,245,50,0,0,24,0,0,5,77
23.192372,1,0,94,60,1301,98,245,51,0,0,24,0,0,5,77
23.196567,0,0,94,60,1301,98,245,51,0,0,24,0,0,5,77
23.208696,0,1,94,60,1301,98,245,51,0,0,21,0,0,5,0
23.218106,1,0,94,60,1303,98,245,51,0,0,21,0,0,5,0
23.222762,0,0,94,60,1303,98,245,51,0,0,21,0,0,5,0
23.227559,0,0,94,60,1303,98,245,51,0,0,21,0,0,5,0
23.239797,0,1,94,60,1303,98,245,51,0,0,20,0,0,5,0
23.249430,0,0,94,60,1303,98,245,51,0,0,20,0,0,5,0
23.253572,0,0,94,60,1303,98,245,51,0,0,20,0,0,5,0
23.257804,0,0,94,60,1303,98,245,51,0,0,20,0,0,5,0
23.269859,0,0,94,60,1303,98,245,51,0,0,20,0,0,5,0
23.273973,1,0,94,60,1302,98,245,51,0,0,20,0,0,5,0
23.280954,0,1,94,60,1302,98,245,51,0,0,20,0,0,4,0
23.285081,0,0,94,60,1302,98,245,51,0,0,20,0,0,4,0
23.289203,0,0,94,60,1302,98,245,51,0,0,20,0,0,4,0
23.300859,0,0,94,60,1302,98,245,51,0,0,20,0,0,4,0
23.304956,0,0,94,60,1302,98,245,51,0,0,20,0,0,4,0
23.312314,0,0,94,60,1302,98,245,51,0,0,20,0,0,4,0
23.316392,0,0,94,60,1302,98,245,51,0,0,20,0,0,4,0
23.320674,0,0,94,60,1302,98,245,51,0,0,20,0,0,4,0
23.331865,0,0,94,60,1302,98,245,51,0,0,20,0,0,4,0
23.341994,0,0,94,60,1302,98,245,51,0,0,20,0,0,4,0
23.346125,0,0,94,60,1302,98,245,51,0,0,20,0,0,4,0
23.350264,0,0,94,60,1302,98,245,51,0,0,20,0,0,4,0
23.362850,0,0,94,60,1302,98,245,51,0,0,20,0,0,4,0
23.366963,0,0,94,60,1302,98,245,51,0,0,20,0,0,4,0
23.374026,0,0,94,60,1302,98,245,51,0,0,20,0,0,4,0
23.375883,0,0,94,60,1302,98,245,51,0,0,20,0,0,4,0
23.380389,0,0,94,60,1302,98,245,51,0,0,20,0,0,4,0
23.393791,0,0,94,60,1302,98,245,51,0,0,20,0,0,4,0
23.397862,0,0,94,60,1302,98,245,51,0,0,20,0,0,4,0
23.405752,0,0,94,60,1302,98,245,51,0,0,20,0,0,4,0
23.409857,0,0,94,60,1302,98,245,51,0,0,20,0,0,4,0
23.424042,0,0,94,60,1302,98,245,51,0,0,20,0,0,4,0
23.429306,1,0,94,60,1302,98,245,50,0,0,20,0,0,4,0
23.436738,0,0,94,60,1302,98,245,50,0,0,20,0,0,4,0
23.440896,0,0,94,60,1302,98,245,50,0,0,20,0,0,4,0
23.445052,0,0,94,60,1302,98,245,50,0,0,20,0,0,4,0
23.456810,0,0,94,60,1302,98,245,50,0,0,20,0,0,4,0
23.466895,0,0,94,60,1302,98,245,50,0,0,20,0,0,4,0
23.471175,0,0,94,60,1302,98,245,50,0,0,20,0,0,4,0
23.476103,0,0,94,60,1302,98,245,50,0,0,20,0,0,4,0
23.487715,0,0,94,60,1302,98,245,50,0,0,20,0,0,4,0
23.497151,1,0,94,60,1302,98,245,51,0,0,20,0,0,4,0
23.505295,0,0,94,60,1302,98,245,51,0,0,20,0,0,4,0
23.518853,0,0,94,60,1302,98,245,51,0,0,20,0,0,4,0
23.529012,0,0,94,60,1302,98,245,51,0,0,20,0,0,4,0
23.533635,0,0,94,60,1302,98,245,51,0,0,20,0,0,4,0
23.537982,1,1,94,60,1303,98,245,51,0,0,22,0,0,4,84
23.549303,0,1,94,60,1303,98,245,51,0,0,22,0,1,4,84
23.558892,0,0,94,60,1303,98,245,51,0,0,22,0,1,4,84
23.563779,0,0,94,60,1303,98,245,51,0,0,22,0,1,4,84
23.567977,1,1,94,60,1304,98,245,51,0,0,21,0,1,4,0
23.580569,1,1,94,60,1304,99,245,51,0,0,21,0,0,4,0
23.589930,0,0,94,60,1304,99,245,51,0,0,21,0,0,4,0
23.594809,0,0,94,60,1304,99,245,51,0,0,21,0,0,4,0
23.599685,0,0,94,60,1304,99,245,51,0,0,21,0,0,4,0
23.611544,0,0,94,60,1304,99,245,51,0,0,21,0,0,4,0
23.621223,0,0,94,60,1304,99,245,51,0,0,21,0,0,4,0
23.625829,0,0,94,60,1304,99,245,51,0,0,21,0,0,4,0
23.630667,0,0,94,60,1304,99,245,51,0,0,21,0,0,4,0
23.641823,0,0,94,60,1304,99,245,51,0,0,21,0,0,4,0
23.645959,0,0,94,60,1304,99,245,51,0,0,21,0,0,4,0
23.653712,0,0,94,60,1304,99,245,51,0,0,21,0,0,4,0
23.658190,0,0,94,60,1304,99,245,51,0,0,21,0,0,4,0
23.671567,0,0,94,60,1304,99,245,51,0,0,21,0,0,4,0
23.676928,0,0,94,60,1304,99,245,51,0,0,21,0,0,4,0
23.684745,0,0,94,60,1304,99,245,51,0,0,21,0,0,4,0
23.689615,0,0,94,60,1304,99,245,51,0,0,21,0,0,4,0
23.702866,0,0,94,60,1304,99,245,51,0,0,21,0,0,4,0
23.707405,0,0,94,60,1304,99,245,51,0,0,21,0,0,4,0
23.715154,0,0,94,60,1304,99,245,51,0,0,21,0,0,4,0
23.719328,0,0,94,60,1304,99,245,51,0,0,21,0,0,4,0
23.721897,0,0,94,60,1304,99,245,51,0,0,21,0,0,4,0
23.734817,0,0,94,60,1304,99,245,51,0,0,21,0,0,4,0
23.739319,0,0,94,60,1304,99,245,51,0,0,21,0,0,4,0
23.746462,0,0,94,60,1304,99,245,51,0,0,21,0,0,4,0
23.751015,0,0,94,60,1304,99,245,51,0,0,21,0,0,4,0
23.764735,0,0,94,60,1304,99,245,51,0,0,21,0,0,4,0
23.769311,0,0,94,60,1304,99,245,51,0,0,21,0,0,4,0
23.777352,0,0,94,60,1304,99,245,51,0,0,21,0,0,4,0
23.781885,0,0,94,60,1304,99,245,51,0,0,21,0,0,4,0
23.786454,0,0,94,60,1304,99,245,51,0,0,21,0,0,4,0
23.797204,0,0,94,60,1304,99,245,51,0,0,21,0,0,4,0
23.807008,0,0,94,60,1304,99,245,51,0,0,21,0,0,4,0
23.811828,0,0,94,60,1304,99,245,51,0,0,21,0,0,4,0
23.815977,0,0,94,60,1304,99,245,51,0,0,21,0,0,4,0
23.828906,0,0,94,60,1304,99,245,51,0,0,21,0,0,4,0
23.838665,0,0,94,60,1304,99,245,51,0,0,21,0,0,4,0
23.845699,0,0,94,60,1304,99,245,51,0,0,20,0,0,4,0
23.859554,0,0,94,60,1304,99,245,51,0,0,20,0,0,4,0
23.868983,0,0,94,60,1304,99,245,51,0,0,20,0,0,4,0
23.873099,0,1,94,60,1304,99,245,51,0,0,21,0,0,4,0
23.877206,1,0,94,60,1304,99,245,50,0,0,21,0,0,4,0
23.890205,0,0,94,60,1304,99,245,50,0,0,21,0,0,4,0
23.900225,0,0,94,60,1304,99,245,50,0,0,21,0,0,4,74
23.904734,1,1,94,60,1305,99,245,50,0,0,22,0,0,4,74
23.908863,0,0,94,60,1305,99,245,50,0,0,22,0,0,4,74
23.921132,0,0,94,60,1305,99,245,50,0,0,22,0,0,4,74
23.930744,0,0,94,60,1305,99,245,50,0,0,22,0,0,4,23
23.934837,1,1,94,60,1308,99,245,50,0,0,24,0,0,4,23
23.938926,1,0,94,60,1308,99,245,51,0,0,24,0,0,4,23
23.952394,0,0,94,60,1308,99,245,51,0,0,24,0,0,4,23
23.961730,0,1,94,60,1308,99,245,51,0,0,22,0,0,4,0
23.966164,0,0,94,60,1308,99,245,51,0,0,22,0,0,4,0
23.970264,0,0,94,60,1308,99,245,51,0,0,22,0,0,4,0
23.983061,0,0,94,60,1308,99,245,51,0,0,22,0,0,4,0
23.992961,0,0,94,60,1308,99,245,51,0,0,22,0,0,4,0
23.997055,0,0,94,60,1308,99,245,51,0,0,22,0,0,4,0
24.001176,0,0,94,60,1308,99,245,51,0,0,22,0,0,4,0
24.014142,0,0,94,60,1308,99,245,51,0,0,22,0,0,4,0
24.023642,0,0,94,60,1308,99,245,51,0,0,22,0,0,4,0
24.027734,0,0,94,60,1308,99,245,51,0,0,22,0,0,4,0
24.031839,0,0,94,60,1308,99,245,51,0,0,22,0,0,4,0
24.044820,0,0,94,60,1308,99,245,51,0,0,22,0,0,4,0
24.049028,0,0,94,60,1308,99,245,51,0,0,22,0,0,4,0
24.056067,0,0,94,60,1308,99,245,51,0,0,22,0,0,4,0
24.060625,0,0,94,60,1308,99,245,51,0,0,22,0,0,4,0
24.065127,0,0,94,60,1308,99,245,51,0,0,22,0,0,4,0
24.076020,0,0,94,60,1308,99,245,51,0,0,22,0,0,4,0
24.085891,0,1,94,60,1308,99,245,51,0,0,21,0,0,4,0
24.087685,0,0,94,60,1308,99,245,51,0,0,21,0,0,4,0
24.091820,0,0,94,60,1308,99,245,51,0,0,21,0,0,4,0
24.096310,0,0,94,60,1308,99,245,51,0,0,21,0,0,4,0
24.107246,0,0,94,60,1308,99,245,51,0,0,21,0,0,4,0
24.116727,0,0,94,60,1308,99,245,51,0,0,21,0,0,4,0
24.120911,0,0,94,60,1308,99,245,51,0,0,21,0,0,4,0
24.125419,0,0,94,60,1308,99,245,51,0,0,21,0,0,4,0
24.137759,0,0,94,60,1308,99,245,51,0,0,21,0,0,4,0
24.147735,0,0,94,60,1308,99,245,51,0,0,21,0,0,4,0
24.152273,0,0,94,60,1308,99,245,51,0,0,21,0,0,4,0
24.157108,0,0,94,60,1308,99,245,51,0,0,21,0,0,4,0
24.169472,0,0,94,60,1308,99,245,51,0,0,21,0,0,4,0
24.179158,0,0,94,60,1308,99,245,51,0,0,21,0,0,4,0
24.183744,0,0,94,60,1308,99,245,51,0,0,21,0,0,4,0
24.188248,0,0,94,60,1308,99,245,51,0,0,21,0,0,4,0
24.200201,0,1,94,60,1308,99,245,51,0,0,22,0,0,4,0
24.209712,0,0,94,60,1308,99,245,51,0,0,22,0,0,4,0
24.218388,0,0,94,60,1308,99,245,51,0,0,22,0,0,4,0
24.231191,0,1,94,60,1308,99,245,51,0,0,21,0,0,4,0
24.240761,0,0,94,60,1308,99,245,51,0,0,21,0,0,4,0
24.245308,0,0,94,60,1308,99,245,51,0,0,21,0,0,4,0
24.249817,0,0,94,60,1308,99,245,51,0,0,21,0,0,4,0
24.262751,1,1,94,60,1310,99,245,51,0,0,25,0,0,4,86
24.273409,0,0,94,60,1310,99,245,51,0,0,25,0,0,4,86
24.278908,0,0,94,60,1310,99,245,51,0,0,25,0,0,4,86
24.292563,1,1,94,60,1312,99,245,51,0,0,23,0,0,4,0
24.303050,1,0,94,60,1312,99,245,50,0,0,23,0,0,4,0
24.308607,0,0,94,60,1312,99,245,50,0,0,23,0,0,4,0
24.312844,0,1,94,60,1312,99,245,50,0,0,22,0,0,4,0
24.324948,0,0,94,60,1312,99,245,50,0,0,22,0,0,4,0
24.334730,1,0,94,60,1312,99,245,51,0,0,22,0,0,4,0
24.339816,0,0,94,60,1312,99,245,51,0,0,22,0,0,4,0
24.353538,0,0,94,60,1312,99,245,51,0,0,22,0,0,4,0
24.358513,0,0,94,60,1312,99,245,51,0,0,22,0,0,4,0
24.366730,0,0,94,60,1312,99,245,51,0,0,22,0,0,4,0
24.370782,0,0,94,60,1312,99,245,51,0,0,22,0,0,4,0
24.374850,0,0,94,60,1312,99,245,51,0,0,22,0,0,4,0
24.385783,0,0,94,60,1312,99,245,51,0,0,22,0,0,4,0
24.395700,0,0,94,60,1312,99,245,51,0,0,22,0,0,4,0
24.399833,0,0,94,60,1312,99,245,51,0,0,22,0,0,4,0
24.404811,0,0,94,60,1312,99,245,51,0,0,22,0,0,4,0
24.416735,0,0,94,60,1312,99,245,51,0,0,22,0,0,4,0
24.421211,0,0,94,60,1312,99,245,51,0,0,22,0,0,4,0
24.428316,0,0,94,60,1312,99,245,51,0,0,22,0,0,4,0
24.433256,0,0,94,60,1312,99,245,51,0,0,22,0,0,4,0
24.446678,0,0,94,60,1312,99,245,51,0,0,22,0,0,4,0
24.449548,0,0,94,60,1312,99,245,51,0,0,22,0,0,4,0
24.459818,0,0,94,60,1312,99,245,51,0,0,22,0,0,4,0
24.464679,0,0,94,60,1312,99,245,51,0,0,22,0,0,4,0
24.478529,0,0,94,60,1312,99,245,51,0,0,22,0,0,4,0
24.483460,0,0,94,60,1312,99,245,51,0,0,22,0,0,4,0
24.490528,0,0,94,60,1312,99,245,51,0,0,22,0,0,4,0
24.494743,0,0,94,60,1312,99,245,51,0,0,22,0,0,4,0
24.508729,0,0,94,60,1312,99,245,51,0,0,22,0,0,4,0
24.513822,0,0,94,60,1312,99,245,51,0,0,22,0,0,4,0
24.520751,0,0,94,60,1312,99,245,51,0,0,22,0,0,4,0
24.525239,0,1,94,60,1312,99,245,51,0,0,23,0,0,4,0
24.529359,0,0,94,60,1312,99,245,51,0,0,23,0,0,4,0
24.541626,0,0,94,60,1312,99,245,51,0,0,23,0,0,4,0
24.551258,0,0,94,60,1312,99,245,51,0,0,23,0,0,4,0
24.555921,0,1,94,60,1312,99,245,51,0,0,22,0,0,4,0
24.560400,0,0,94,60,1312,99,245,51,0,0,22,0,0,4,0
24.571762,0,0,94,60,1312,99,245,51,0,0,22,0,0,4,0
24.583391,0,0,94,60,1312,99,245,51,0,0,22,0,0,4,0
24.587518,0,0,94,60,1312,99,245,51,0,0,22,0,0,4,0
24.591602,0,0,94,60,1312,99,245,51,0,0,22,0,0,4,0
24.602672,0,0,94,60,1312,99,245,51,0,0,22,0,0,4,0
24.606747,0,0,94,60,1312,99,245,51,0,0,22,0,0,4,0
24.613855,0,0,94,60,1312,99,245,51,0,0,22,0,0,4,0
24.618262,0,0,94,60,1312,99,245,51,0,0,22,0,0,4,0
24.623061,0,0,94,60,1312,99,245,51,0,0,22,0,0,4,0
24.633713,0,0,94,60,1312,99,245,51,0,0,22,0,0,4,0
24.637754,0,0,94,60,1312,99,245,51,0,0,22,0,0,4,0
24.644955,0,1,94,60,1312,99,245,51,0,0,23,0,0,4,0
24.649011,1,0,94,60,1315,99,245,51,0,0,23,0,0,4,0
24.653148,0,0,94,60,1315,99,245,51,0,0,23,0,0,4,0
24.664705,0,0,94,60,1315,99,245,51,0,0,23,0,0,4,0
24.674606,0,0,94,60,1315,99,245,51,0,0,23,0,0,4,0
24.679149,1,0,94,60,1314,99,245,51,0,0,23,0,0,4,0
24.684400,1,0,94,60,1314,99,245,50,0,0,23,0,0,4,0
24.696042,0,0,94,60,1314,99,245,50,0,0,23,0,0,4,0
24.705762,0,1,94,60,1314,99,245,50,0,0,22,0,0,4,0
24.710344,0,0,94,60,1314,99,245,50,0,0,22,0,0,4,0
24.714597,0,0,94,60,1314,99,245,50,0,0,22,0,0,4,0
24.727575,0,0,94,60,1314,99,245,50,0,0,22,0,0,4,0
24.737918,0,0,94,60,1314,99,245,50,0,0,22,0,0,4,0
24.742811,0,0,94,60,1314,99,245,50,0,0,22,0,0,4,0
24.746974,0,0,94,60,1314,99,245,50,0,0,22,0,0,4,0
24.758172,0,0,94,60,1314,99,245,50,0,0,22,0,0,4,0
24.767867,0,0,94,60,1314,99,245,50,0,0,22,0,0,4,0
24.772804,1,1,94,60,1314,99,245,51,0,0,22,0,1,4,0
24.777640,0,0,94,60,1314,99,245,51,0,0,22,0,1,4,0
24.789471,0,0,94,60,1314,99,245,51,0,0,22,0,1,4,0
24.798797,0,1,94,60,1314,99,245,51,0,0,23,0,1,4,0
24.803629,0,1,94,60,1314,99,245,51,0,0,23,0,0,4,0
24.805802,0,0,94,60,1314,99,245,51,0,0,23,0,0,4,0
24.819423,0,0,94,60,1314,99,245,51,0,0,23,0,0,4,0
24.823635,0,0,94,60,1314,99,245,51,0,0,23,0,0,4,0
24.831376,0,0,94,60,1314,99,245,51,0,0,23,0,0,4,0
24.835581,0,0,94,60,1314,99,245,51,0,0,23,0,0,4,0
24.839808,0,0,94,60,1314,99,245,51,0,0,23,0,0,4,0
24.851025,0,0,94,60,1314,99,245,51,0,0,23,0,0,4,0
24.860666,0,1,94,60,1314,99,245,51,0,0,22,0,0,4,0
24.864837,0,0,94,60,1314,99,245,51,0,0,22,0,0,4,0
24.869314,0,0,94,60,1314,99,245,51,0,0,22,0,0,4,0
24.882363,0,0,94,60,1314,99,245,51,0,0,22,0,0,4,0
24.891755,0,0,94,60,1314,99,245,51,0,0,22,0,0,4,0
24.896276,0,0,94,60,1314,99,245,51,0,0,22,0,0,4,0
24.900803,0,0,94,60,1314,99,245,51,0,0,22,0,0,4,0
24.912552,0,0,94,60,1314,99,245,51,0,0,22,0,0,4,0
24.916674,0,0,94,60,1314,99,245,51,0,0,22,0,0,4,0
24.924419,0,0,94,60,1314,99,245,51,0,0,22,0,0,4,0
24.932144,0,0,94,60,1314,99,245,51,0,0,22,0,0,4,0
24.944009,0,0,94,60,1314,99,245,51,0,0,22,0,0,4,0
24.953610,0,0,94,60,1314,99,245,51,0,0,22,0,0,4,0
24.957789,0,0,94,60,1314,99,245,51,0,0,22,0,0,4,0
24.962659,0,0,94,60,1314,99,245,51,0,0,22,0,0,4,0
24.975038,0,0,94,60,1314,99,245,51,0,0,22,0,0,4,91
24.984566,1,1,94,60,1315,99,245,51,0,0,27,0,0,4,91
24.988798,0,0,94,60,1315,99,245,51,0,0,27,0,0,4,91
24.992962,0,0,94,60,1315,99,245,51,0,0,27,0,0,4,91
25.006568,1,1,94,60,1317,99,245,51,0,0,26,0,0,4,77
25.016769,1,0,94,60,1317,98,245,51,0,0,26,0,0,4,77
25.021280,0,0,94,60,1317,98,245,51,0,0,26,0,0,4,77
25.025725,0,0,94,60,1317,98,245,51,0,0,26,0,0,4,77
25.037152,0,1,94,60,1317,98,245,51,0,0,24,0,0,4,0
25.046708,1,0,94,60,1317,97,245,51,0,0,24,0,0,4,0
25.051220,0,0,94,60,1317,97,245,51,0,0,24,0,0,4,0
25.055441,0,0,94,60,1317,97,245,51,0,0,24,0,0,4,0
25.068506,1,0,94,60,1317,98,245,51,0,0,24,0,0,4,0
25.078463,0,0,94,60,1317,98,245,51,0,0,24,0,0,4,0
25.083074,0,0,94,60,1317,98,245,51,0,0,24,0,0,4,0
25.087290,0,0,94,60,1317,98,245,51,0,0,24,0,0,4,0
25.099370,0,0,94,60,1317,98,245,51,0,0,24,0,0,4,0
25.109160,1,0,94,60,1317,98,245,50,0,0,24,0,0,4,0
25.113743,0,0,94,60,1317,98,245,50,0,0,24,0,0,4,0
25.118242,0,0,94,60,1317,98,245,50,0,0,24,0,0,4,0
25.129649,0,0,94,60,1317,98,245,50,0,0,24,0,0,4,0
25.139548,0,0,94,60,1317,98,245,50,0,0,24,0,0,4,0
25.144031,0,0,94,60,1317,98,245,50,0,0,24,0,0,4,0
25.148263,0,1,94,60,1317,98,245,50,0,1,24,0,0,4,0
25.161324,0,0,94,60,1317,98,245,50,0,1,24,0,0,4,0
25.163514,0,0,94,60,1317,98,245,50,0,1,24,0,0,4,0
25.172078,0,0,94,60,1317,98,245,50,0,1,24,0,0,4,0
25.176219,0,0,94,60,1317,98,245,50,0,1,24,0,0,4,0
25.180347,0,1,94,60,1317,98,245,50,0,0,24,0,0,4,0
25.191932,0,0,94,60,1317,98,245,50,0,0,24,0,0,4,0
25.201712,1,0,94,60,1317,98,245,51,0,0,24,0,0,4,0
25.205787,0,0,94,60,1317,98,245,51,0,0,24,0,0,4,0
25.209852,0,0,94,60,1317,98,245,51,0,0,24,0,0,4,0
25.222948,0,0,94,60,1317,98,245,51,0,0,24,0,0,4,0
25.232539,0,0,94,60,1317,98,245,51,0,0,24,0,0,4,0
25.236724,0,0,94,60,1317,98,245,51,0,0,24,0,0,4,0
25.240828,0,0,94,60,1317,98,245,51,0,0,24,0,0,4,0
25.254503,0,0,94,60,1317,98,245,51,0,0,24,0,0,4,0
25.264479,0,0,94,60,1317,98,245,51,0,0,24,0,0,4,0
25.269023,0,1,94,60,1317,98,245,51,0,0,23,0,0,4,0
25.273584,0,0,94,60,1317,98,245,51,0,0,23,0,0,4,0
25.284878,0,1,94,60,1317,98,245,51,0,0,23,0,0,5,0
25.296830,0,0,94,60,1317,98,245,51,0,0,23,0,0,5,0
25.300920,0,0,94,60,1317,98,245,51,0,0,23,0,0,5,0
25.305034,0,0,94,60,1317,98,245,51,0,0,23,0,0,5,0
25.316183,0,1,94,60,1317,98,245,51,0,0,23,0,0,4,0
25.325588,0,0,94,60,1317,98,245,51,0,0,23,0,0,4,0
25.330131,0,0,94,60,1317,98,245,51,0,0,23,0,0,4,0
25.335539,1,1,94,60,1319,98,245,51,0,0,27,0,0,4,79
25.347349,0,0,94,60,1319,98,245,51,0,0,27,0,0,4,79
25.356841,0,0,94,60,1319,98,245,51,0,0,27,0,0,4,79
25.361355,0,1,94,60,1319,98,245,51,0,0,26,0,0,4,18
25.365906,1,0,94,60,1321,98,245,51,0,0,26,0,0,4,18
25.378373,0,1,94,60,1321,98,245,51,0,0,26,0,0,5,18
25.388180,0,0,94,60,1321,98,245,51,0,0,26,0,0,5,18
25.392760,0,1,94,60,1321,98,245,51,0,0,25,0,0,5,0
25.397628,0,0,94,60,1321,98,245,51,0,0,25,0,0,5,0
25.408836,0,0,94,60,1321,98,245,51,0,0,25,0,0,5,0
25.413013,0,0,94,60,1321,98,245,51,0,0,25,0,0,5,0
25.420992,0,0,94,60,1321,98,245,51,0,0,25,0,0,5,0
25.427029,0,0,94,60,1321,98,245,51,0,0,25,0,0,5,0
25.440240,0,1,94,60,1321,98,245,51,0,0,25,0,0,4,0
25.449738,0,0,94,60,1321,98,245,51,0,0,25,0,0,4,0
25.454692,0,0,94,60,1321,98,245,51,0,0,25,0,0,4,0
25.459526,0,1,94,60,1321,98,245,51,0,0,25,0,0,5,0
25.471309,0,0,94,60,1321,98,245,51,0,0,25,0,0,5,0
25.481023,0,0,94,60,1321,98,245,51,0,0,25,0,0,5,0
25.485968,0,1,94,60,1321,98,245,51,0,0,24,0,0,5,0
25.490531,0,1,94,60,1321,98,245,51,0,0,24,0,1,5,0
25.501640,0,0,94,60,1321,98,245,51,0,0,24,0,1,5,0
25.506185,0,0,94,60,1321,98,245,51,0,0,24,0,1,5,0
25.513279,0,0,94,60,1321,98,245,51,0,0,24,0,1,5,0
25.518243,0,0,94,60,1321,98,245,51,0,0,24,0,1,5,0
25.520729,0,1,94,60,1321,98,245,51,0,0,24,0,0,5,0
25.532613,0,0,94,60,1321,98,245,51,0,0,24,0,0,5,0
25.536771,0,0,94,60,1321,98,245,51,0,0,24,0,0,5,0
25.544057,0,0,94,60,1321,98,245,51,0,0,24,0,0,5,0
25.548248,0,0,94,60,1321,98,245,51,0,0,24,0,0,5,0
25.552800,0,1,94,60,1321,98,245,51,0,0,24,0,0,4,0
25.564124,0,0,94,60,1321,98,245,51,0,0,24,0,0,4,0
25.573820,0,0,94,60,1321,98,245,51,0,0,24,0,0,4,0
25.578676,0,0,94,60,1321,98,245,51,0,0,24,0,0,4,0
25.583190,1,1,94,60,1321,98,245,50,0,0,24,0,0,5,0
25.594964,0,0,94,60,1321,98,245,50,0,0,24,0,0,5,0
25.604563,0,1,94,60,1321,98,245,50,1,0,24,0,0,5,0
25.608805,0,0,94,60,1321,98,245,50,1,0,24,0,0,5,0
25.613302,0,0,94,60,1321,98,245,50,1,0,24,0,0,5,0
25.626240,0,0,94,60,1321,98,245,50,1,0,24,0,0,5,0
25.635594,0,1,94,60,1321,98,245,50,0,0,24,0,0,5,0
25.639799,0,1,94,60,1321,98,245,50,0,0,24,0,1,5,0
25.657270,0,0,94,60,1321,98,245,50,0,0,24,0,1,4,0
25.666963,0,0,94,60,1321,98,245,50,0,0,24,0,1,4,0
25.671533,0,0,94,60,1321,98,245,50,0,0,24,0,1,4,0
25.676066,0,1,94,60,1321,98,245,50,0,0,24,0,1,5,0
25.687987,0,0,94,60,1321,98,245,50,0,0,24,0,1,5,0
25.697460,0,0,94,60,1321,98,245,50,0,0,24,0,1,5,75
25.702351,1,1,94,60,1322,98,245,50,0,0,26,0,0,5,75
25.706567,0,0,94,60,1322,98,245,50,0,0,26,0,0,5,75
25.718888,0,0,94,60,1322,98,245,50,0,0,26,0,0,5,75
25.728498,0,0,94,60,1322,98,245,50,0,0,26,0,0,5,0
25.732669,1,1,94,60,1324,98,245,50,0,0,25,0,0,4,0
25.737168,1,0,94,60,1324,98,245,51,0,0,25,0,0,4,0
25.750343,0,0,94,60,1324,98,245,51,0,0,25,0,0,4,0
25.761077,0,1,94,60,1324,98,245,51,0,0,24,0,0,4,0
25.766361,0,0,94,60,1324,98,245,51,0,0,24,0,0,4,0
25.780313,0,0,94,60,1324,98,245,51,0,0,24,0,0,4,0
25.790525,0,0,94,60,1324,98,245,51,0,0,24,0,0,4,0
25.795471,0,0,94,60,1324,98,245,51,0,0,24,0,0,4,0
25.800338,0,0,94,60,1324,98,245,51,0,0,24,0,0,4,0
25.811978,0,0,94,60,1324,98,245,51,0,0,24,0,0,4,0
25.821580,0,0,94,60,1324,98,245,51,0,0,24,0,0,4,0
25.826152,1,0,94,60,1324,98,245,50,0,0,24,0,0,4,0
25.830625,0,0,94,60,1324,98,245,50,0,0,24,0,0,4,0
25.842829,0,0,94,60,1324,98,245,50,0,0,24,0,0,4,0
25.846884,0,0,94,60,1324,98,245,50,0,0,24,0,0,4,0
25.854873,0,0,94,60,1324,98,245,50,0,0,24,0,0,4,0
25.859010,1,0,94,60,1324,98,245,51,0,0,24,0,0,4,0
25.872246,0,0,94,60,1324,98,245,51,0,0,24,0,0,4,0
25.876761,0,1,94,60,1324,98,245,51,0,0,25,0,0,4,96
25.885444,0,0,94,60,1324,98,245,51,0,0,25,0,0,4,96
25.887600,0,0,94,60,1324,98,245,51,0,0,25,0,0,4,96
25.891751,0,0,94,60,1324,98,245,51,0,0,25,0,0,4,96
25.904831,0,0,94,60,1324,98,245,51,0,0,25,0,0,4,96
25.908857,1,1,94,60,1326,98,245,51,0,0,26,0,0,4,0
25.916629,0,0,94,60,1326,98,245,51,0,0,26,0,0,4,0
25.921516,0,0,94,60,1326,98,245,51,0,0,26,0,0,4,0
25.935260,0,0,94,60,1326,98,245,51,0,0,26,0,0,4,0
25.939323,0,0,94,60,1326,98,245,51,0,0,26,0,0,4,0
25.947523,0,0,94,60,1326,98,245,51,0,0,26,0,0,4,0
25.951981,0,0,94,60,1326,98,245,51,0,0,26,0,0,4,0
25.965319,0,0,94,60,1326,98,245,51,0,0,26,0,0,4,0
25.969857,1,0,94,60,1325,98,245,51,0,0,26,0,0,4,0
25.977933,1,0,94,60,1325,98,245,50,0,0,26,0,0,4,0
25.982675,0,0,94,60,1325,98,245,50,0,0,26,0,0,4,0
25.996258,0,0,94,60,1325,98,245,50,0,0,26,0,0,4,0
26.000501,0,1,94,60,1325,98,245,50,0,0,25,0,0,4,0
26.008935,0,0,94,60,1325,98,245,50,0,0,25,0,0,4,0
26.017039,0,1,94,60,1325,98,245,50,1,0,25,0,0,4,0
26.029264,0,0,94,60,1325,98,245,50,1,0,25,0,0,4,0
26.039025,0,0,94,60,1325,98,245,50,1,0,25,0,0,4,0
26.043233,0,0,94,60,1325,98,245,50,1,0,25,0,0,4,0
26.047740,0,1,94,60,1325,98,245,50,0,0,25,0,0,4,0
26.059500,1,1,94,60,1327,98,245,50,0,0,29,0,0,4,99
26.063624,1,1,94,60,1327,98,245,51,0,0,29,0,1,4,99
26.070499,0,0,94,60,1327,98,245,51,0,0,29,0,1,4,99
26.074525,0,0,94,60,1327,98,245,51,0,0,29,0,1,4,99
26.078620,0,0,94,60,1327,98,245,51,0,0,29,0,1,4,99
26.090381,1,1,94,60,1328,98,245,51,0,0,25,0,1,4,0
26.094419,0,1,94,60,1328,98,245,51,0,0,25,0,0,4,0
26.101690,0,0,94,60,1328,98,245,51,0,0,25,0,0,4,0
26.105749,0,0,94,60,1328,98,245,51,0,0,25,0,0,4,0
26.109803,0,0,94,60,1328,98,245,51,0,0,25,0,0,4,0
26.121383,0,0,94,60,1328,98,245,51,0,0,25,0,0,4,0
26.125508,1,0,94,60,1328,98,245,50,0,0,25,0,0,4,0
26.132812,0,0,94,60,1328,98,245,50,0,0,25,0,0,4,0
26.136887,0,0,94,60,1328,98,245,50,0,0,25,0,0,4,0
26.140960,0,0,94,60,1328,98,245,50,0,0,25,0,0,4,0
26.152458,0,0,94,60,1328,98,245,50,0,0,25,0,0,4,0
26.156516,0,0,94,60,1328,98,245,50,0,0,25,0,0,4,0
26.163674,0,0,94,60,1328,98,245,50,0,0,25,0,0,4,0
26.167703,0,0,94,60,1328,98,245,50,0,0,25,0,0,4,0
26.171784,0,0,94,60,1328,98,245,50,0,0,25,0,0,4,0
26.183503,0,0,94,60,1328,98,245,50,0,0,25,0,0,4,0
26.187679,0,0,94,60,1328,98,245,50,0,0,25,0,0,4,0
26.194660,0,0,94,60,1328,98,245,50,0,0,25,0,0,4,0
26.198783,0,0,94,60,1328,98,245,50,0,0,25,0,0,4,0
26.202910,0,0,94,60,1328,98,245,50,0,0,25,0,0,4,0
26.214579,0,0,94,60,1328,98,245,50,0,0,25,0,0,4,0
26.217106,1,0,94,60,1328,98,245,51,0,0,25,0,0,4,0
26.226262,0,0,94,60,1328,98,245,51,0,0,25,0,0,4,0
26.232042,0,0,94,60,1328,98,245,51,0,0,25,0,0,4,0
26.246331,0,0,94,60,1328,98,245,51,0,0,25,0,0,4,0
26.256280,0,0,94,60,1328,98,245,51,0,0,25,0,0,4,0
26.260862,0,0,94,60,1328,98,245,51,0,0,25,0,0,4,0
26.265399,0,0,94,60,1328,98,245,51,0,0,25,0,0,4,0
26.277178,0,0,94,60,1328,98,245,51,0,0,25,0,0,4,0
26.286607,0,0,94,60,1328,98,245,51,0,0,25,0,0,4,0
26.291183,0,0,94,60,1328,98,245,51,0,0,25,0,0,4,0
26.295315,0,0,94,60,1328,98,245,51,0,0,25,0,0,4,0
26.308358,0,0,94,60,1328,98,245,51,0,0,25,0,0,4,0
26.318664,0,0,94,60,1328,98,245,51,0,0,25,0,0,4,0
26.323592,0,0,94,60,1328,98,245,51,0,0,25,0,0,4,0
26.327835,1,0,94,60,1328,98,245,50,0,0,25,0,0,4,0
26.339080,0,0,94,60,1328,98,245,50,0,0,25,0,0,4,0
26.351992,0,0,94,60,1328,98,245,50,0,0,25,0,0,4,0
26.356527,0,0,94,60,1328,98,245,50,0,0,25,0,0,4,0
26.369966,0,0,94,60,1328,98,245,50,0,0,25,0,0,4,0
26.379400,0,0,94,60,1328,98,245,50,0,0,25,0,0,4,0
26.384342,0,0,94,60,1328,98,245,50,0,0,25,0,0,4,0
26.388829,1,0,94,60,1328,98,245,51,0,0,25,0,0,4,0
26.401253,0,0,94,60,1328,98,245,51,0,0,25,0,0,4,0
26.410890,0,0,94,60,1328,98,245,51,0,0,25,0,0,4,0
26.415426,1,1,94,60,1329,98,245,51,0,0,28,0,0,4,100
26.420090,0,0,94,60,1329,98,245,51,0,0,28,0,0,4,100
26.432215,0,0,94,60,1329,98,245,51,0,0,28,0,0,4,100
26.441643,0,0,94,60,1329,98,245,51,0,0,28,0,0,4,100
26.445793,1,1,94,60,1330,98,245,51,0,0,26,0,0,4,0
26.450335,0,0,94,60,1330,98,245,51,0,0,26,0,0,4,0
26.463052,0,0,94,60,1330,98,245,51,0,0,26,0,0,4,0
26.472305,0,0,94,60,1330,98,245,51,0,0,26,0,0,4,0
26.476463,0,1,94,60,1330,98,245,51,0,0,25,0,0,4,0
26.480590,0,0,94,60,1330,98,245,51,0,0,25,0,0,4,0
26.494122,0,0,94,60,1330,98,245,51,0,0,25,0,0,4,0
26.503745,0,0,94,60,1330,98,245,51,0,0,25,0,0,4,0
26.507792,0,0,94,60,1330,98,245,51,0,0,25,0,0,4,0
26.511814,0,0,94,60,1330,98,245,51,0,0,25,0,0,4,0
26.524332,0,0,94,60,1330,98,245,51,0,0,25,0,0,4,0
26.528480,0,0,94,60,1330,98,245,51,0,0,25,0,0,4,0
26.535891,0,0,94,60,1330,98,245,51,0,0,25,0,0,4,0
26.539965,1,0,94,60,1330,98,245,50,0,0,25,0,0,4,0
26.544065,0,0,94,60,1330,98,245,50,0,0,25,0,0,4,0
26.555403,0,0,94,60,1330,98,245,50,0,0,25,0,0,4,0
26.559502,0,0,94,60,1330,98,245,50,0,0,25,0,0,4,0
26.567287,0,0,94,60,1330,98,245,50,0,0,25,0,0,4,0
26.571826,0,1,94,60,1330,98,245,50,0,0,25,0,0,5,0
26.585147,0,0,94,60,1330,98,245,50,0,0,25,0,0,5,0
26.589307,0,0,94,60,1330,98,245,50,0,0,25,0,0,5,0
26.598179,0,0,94,60,1330,98,245,50,0,0,25,0,0,5,0
26.600064,0,0,94,60,1330,98,245,50,0,0,25,0,0,5,0
26.604108,0,0,94,60,1330,98,245,50,0,0,25,0,0,5,0
26.617398,0,0,94,60,1330,98,245,50,0,0,25,0,0,5,0
26.627321,0,0,94,60,1330,98,245,50,0,0,25,0,0,5,0
26.632150,1,1,94,60,1330,98,245,51,0,0,25,0,0,4,0
26.636932,0,0,94,60,1330,98,245,51,0,0,25,0,0,4,0
26.648406,0,0,94,60,1330,98,245,51,0,0,25,0,0,4,0
26.652637,0,0,94,60,1330,98,245,51,0,0,25,0,0,4,0
26.660356,0,0,94,60,1330,98,245,51,0,0,25,0,0,4,0
26.665217,0,0,94,60,1330,98,245,51,0,0,25,0,0,4,0
26.678503,0,0,94,60,1330,98,245,51,0,0,25,0,0,4,0
26.683037,0,0,94,60,1330,98,245,51,0,0,25,0,0,4,0
26.691083,0,0,94,60,1330,98,245,51,0,0,25,0,0,4,0
26.695300,0,0,94,60,1330,98,245,51,0,0,25,0,0,4,0
26.699799,0,0,94,60,1330,98,245,51,0,0,25,0,0,4,0
26.710773,0,0,94,60,1330,98,245,51,0,0,25,0,0,4,0
26.720362,0,0,94,60,1330,98,245,51,0,0,25,0,0,4,0
26.727380,0,0,94,60,1330,98,245,51,0,0,25,0,0,4,0
26.741135,0,0,94,60,1330,98,245,51,0,0,25,0,0,4,0
26.745983,0,1,94,60,1330,98,245,51,0,0,25,0,0,3,0
26.753024,0,0,94,60,1330,98,245,51,0,0,25,0,0,3,0
26.757445,0,0,94,60,1330,98,245,51,0,0,25,0,0,3,0
26.761596,0,0,94,60,1330,98,245,51,0,0,25,0,0,3,0
26.772465,1,1,94,60,1332,98,245,51,0,0,27,0,0,3,93
26.782681,0,1,94,60,1332,98,245,51,0,0,27,0,0,4,93
26.787198,0,0,94,60,1332,98,245,51,0,0,27,0,0,4,93
26.791732,0,0,94,60,1332,98,245,51,0,0,27,0,0,4,93
26.803814,1,1,94,60,1334,98,245,51,0,0,30,0,0,4,115
26.813329,0,0,94,60,1334,98,245,51,0,0,30,0,0,4,115
26.817893,0,0,94,60,1334,98,245,51,0,0,30,0,0,4,115
26.822067,0,0,94,60,1334,98,245,51,0,0,30,0,0,4,115
26.834687,1,1,94,60,1336,98,245,51,0,0,27,0,0,4,0
26.844322,0,0,94,60,1336,98,245,51,0,0,27,0,0,4,0
26.848461,0,0,94,60,1336,98,245,51,0,0,27,0,0,4,0
26.852626,0,0,94,60,1336,98,245,51,0,0,27,0,0,4,0
26.865421,0,1,94,60,1336,98,245,51,0,0,26,0,0,4,0
26.869647,0,0,94,60,1336,98,245,51,0,0,26,0,0,4,0
26.877239,0,0,94,60,1336,98,245,51,0,0,26,0,0,4,0
26.881460,0,0,94,60,1336,98,245,51,0,0,26,0,0,4,0
26.885610,0,0,94,60,1336,98,245,51,0,0,26,0,0,4,0
26.896842,0,0,94,60,1336,98,245,51,0,0,26,0,0,4,0
26.906364,0,0,94,60,1336,98,245,51,0,0,26,0,0,4,0
26.910886,0,0,94,60,1336,98,245,51,0,0,26,0,0,4,0
26.915368,0,0,94,60,1336,98,245,51,0,0,26,0,0,4,0
26.928120,0,0,94,60,1336,98,245,51,0,0,26,0,0,4,0
26.937514,0,0,94,60,1336,98,245,51,0,0,26,0,0,4,0
26.941731,0,0,94,60,1336,98,245,51,0,0,26,0,0,4,0
26.946551,0,0,94,60,1336,98,245,51,0,0,26,0,0,4,0
26.958731,0,0,94,60,1336,98,245,51,0,0,26,0,0,4,0
26.968481,0,0,94,60,1336,98,245,51,0,0,26,0,0,4,0
26.972719,0,0,94,60,1336,98,245,51,0,0,26,0,0,4,0
26.977217,0,0,94,60,1336,98,245,51,0,0,26,0,0,4,0
26.990094,0,0,94,60,1336,98,245,51,0,0,26,0,0,4,0
26.992337,0,0,94,60,1336,98,245,51,0,0,26,0,0,4,0
27.000464,0,0,94,60,1336,98,245,51,0,0,26,0,0,4,0
27.004681,0,0,94,60,1336,98,245,51,0,0,26,0,0,4,0
27.008855,0,0,94,60,1336,98,245,51,0,0,26,0,0,4,0
27.020368,0,0,94,60,1336,98,245,51,0,0,26,0,0,4,0
27.024856,0,0,94,60,1336,98,245,51,0,0,26,0,0,4,0
27.032291,0,0,94,60,1336,98,245,51,0,0,26,0,0,4,0
27.036825,0,1,94,60,1336,98,245,51,0,0,26,1,0,4,0
27.050163,0,0,94,60,1336,98,245,51,0,0,26,1,0,4,0
27.054364,0,0,94,60,1336,98,245,51,0,0,26,1,0,4,0
27.063120,0,0,94,60,1336,98,245,51,0,0,26,1,0,4,0
27.067616,0,1,94,60,1336,98,245,51,0,0,26,0,0,4,0
27.071774,0,0,94,60,1336,98,245,51,0,0,26,0,0,4,0
27.082761,0,0,94,60,1336,98,245,51,0,0,26,0,0,4,0
27.092251,0,0,94,60,1336,98,245,51,0,0,26,0,0,4,0
27.096485,0,0,94,60,1336,98,245,51,0,0,26,0,0,4,0
27.100618,0,0,94,60,1336,98,245,51,0,0,26,0,0,4,0
27.113397,0,0,94,60,1336,98,245,51,0,0,26,0,0,4,0
27.125648,0,0,94,60,1336,98,245,51,0,0,26,0,0,4,0
27.130064,0,0,94,60,1336,98,245,51,0,0,26,0,0,4,0
27.143237,1,0,94,60,1336,98,245,50,0,0,26,0,0,4,0
27.147787,0,0,94,60,1336,98,245,50,0,0,26,0,0,4,0
27.156470,0,0,94,60,1336,98,245,50,0,0,26,0,0,4,0
27.161350,0,0,94,60,1336,98,245,50,0,0,26,0,0,4,0
27.175319,0,0,94,60,1336,98,245,50,0,0,26,0,0,4,0
27.179513,0,0,94,60,1336,98,245,50,0,0,26,0,0,4,0
27.187216,1,1,94,60,1337,98,245,50,0,0,29,0,0,4,6
27.191360,0,0,94,60,1337,98,245,50,0,0,29,0,0,4,6
27.195486,0,0,94,60,1337,98,245,50,0,0,29,0,0,4,6
27.207069,0,0,94,60,1337,98,245,50,0,0,29,0,0,4,6
27.216418,0,0,94,60,1337,98,245,50,0,0,29,0,0,4,0
27.220678,1,1,94,60,1338,98,245,51,0,0,26,0,0,4,0
27.224782,0,0,94,60,1338,98,245,51,0,0,26,0,0,4,0
27.237751,0,0,94,60,1338,98,245,51,0,0,26,0,0,4,0
27.247466,0,0,94,60,1338,98,245,51,0,0,26,0,0,4,0
27.251649,0,0,94,60,1338,98,245,51,0,0,26,0,0,4,0
27.255719,0,0,94,60,1338,98,245,51,0,0,26,0,0,4,0
27.268705,0,0,94,60,1338,98,245,51,0,0,26,0,0,4,0
27.278258,0,0,94,60,1338,98,245,51,0,0,26,0,0,4,0
27.282370,0,0,94,60,1338,98,245,51,0,0,26,0,0,4,0
27.286558,0,0,94,60,1338,98,245,51,0,0,26,0,0,4,0
27.299684,0,0,94,60,1338,98,245,51,0,0,26,0,0,4,0
27.309293,0,0,94,60,1338,98,245,51,0,0,26,0,0,4,0
27.313792,0,0,94,60,1338,98,245,51,0,0,26,0,0,4,0
27.319107,0,0,94,60,1338,98,245,51,0,0,26,0,0,4,0
27.331074,0,1,94,60,1338,98,245,51,0,1,26,0,0,4,0
27.341536,0,0,94,60,1338,98,245,51,0,1,26,0,0,4,0
27.346750,0,0,94,60,1338,98,245,51,0,1,26,0,0,4,0
27.360193,0,0,94,60,1338,98,245,51,0,1,26,0,0,4,0
27.364736,0,1,94,60,1338,98,245,51,0,0,26,0,0,4,0
27.373100,0,0,94,60,1338,98,245,51,0,0,26,0,0,4,0
27.374972,0,0,94,60,1338,98,245,51,0,0,26,0,0,4,0
27.379519,0,0,94,60,1338,98,245,51,0,0,26,0,0,4,0
27.392649,0,0,94,60,1338,98,245,51,0,0,26,0,0,4,0
27.402397,0,0,94,60,1338,98,245,51,0,0,26,0,0,4,0
27.406639,0,0,94,60,1338,98,245,51,0,0,26,0,0,4,0
27.411135,0,0,94,60,1338,98,245,51,0,0,26,0,0,4,0
27.423760,0,0,94,60,1338,98,245,51,0,0,26,0,0,4,0
27.433512,0,0,94,60,1338,98,245,51,0,0,26,0,0,4,0
27.437659,0,0,94,60,1338,98,245,51,0,0,26,0,0,4,0
27.441801,0,0,94,60,1338,98,245,51,0,0,26,0,0,4,0
27.454675,0,0,94,60,1338,98,245,51,0,0,26,0,0,4,0
27.464529,0,0,94,60,1338,98,245,51,0,0,26,0,0,4,0
27.469075,0,0,94,60,1338,98,245,51,0,0,26,0,0,4,0
27.473608,0,0,94,60,1338,98,245,51,0,0,26,0,0,4,0
27.485736,0,0,94,60,1338,98,245,51,0,0,26,0,0,4,0
27.495256,0,0,94,60,1338,98,245,51,0,0,26,0,0,4,0
27.502591,0,0,94,60,1338,98,245,51,0,0,26,0,0,4,0
27.516039,0,0,94,60,1338,98,245,51,0,0,26,0,0,4,0
27.520640,0,0,94,60,1338,98,245,51,0,0,26,0,0,4,0
27.528249,0,0,94,60,1338,98,245,51,0,0,26,0,0,4,0
27.532426,0,0,94,60,1338,98,245,51,0,0,26,0,0,4,0
27.536659,0,1,94,60,1338,98,245,51,0,0,28,0,0,4,-50
27.547582,1,0,94,60,1340,98,245,51,0,0,28,0,0,4,-50
27.557241,0,0,94,60,1340,98,245,51,0,0,28,0,0,4,-50
27.561757,0,0,94,60,1340,98,245,51,0,0,28,0,0,4,-50
27.566307,0,0,94,60,1340,98,245,51,0,0,28,0,0,4,0
27.578641,0,1,94,60,1340,98,245,51,0,0,27,0,0,4,0
27.588292,0,0,94,60,1340,98,245,51,0,0,27,0,0,4,0
27.592824,0,0,94,60,1340,98,245,51,0,0,27,0,0,4,0
27.597266,0,0,94,60,1340,98,245,51,0,0,27,0,0,4,0
27.609998,0,0,94,60,1340,98,245,51,0,0,27,0,0,4,0
27.619775,1,0,94,60,1340,98,245,50,0,0,27,0,0,4,0
27.623949,0,0,94,60,1340,98,245,50,0,0,27,0,0,4,0
27.628111,0,0,94,60,1340,98,245,50,0,0,27,0,0,4,0
27.640651,0,0,94,60,1340,98,245,50,0,0,27,0,0,4,0
27.650296,0,0,94,60,1340,98,245,50,0,0,27,0,0,4,0
27.654935,0,0,94,60,1340,98,245,50,0,0,27,0,0,4,0
27.659140,0,0,94,60,1340,98,245,50,0,0,27,0,0,4,0
27.672026,0,0,94,60,1340,98,245,50,0,0,27,0,0,4,0
27.681483,0,0,94,60,1340,98,245,50,0,0,27,0,0,4,0
27.686028,0,0,94,60,1340,98,245,50,0,0,27,0,0,4,0
27.690209,0,0,94,60,1340,98,245,50,0,0,27,0,0,4,0
27.703028,1,0,94,60,1340,98,245,51,0,0,27,0,0,4,0
27.705957,0,0,94,60,1340,98,245,51,0,0,27,0,0,4,0
27.713979,0,0,94,60,1340,98,245,51,0,0,27,0,0,4,0
27.718879,0,1,94,60,1340,98,245,51,0,0,28,0,0,4,0
27.732181,0,0,94,60,1340,98,245,51,0,0,28,0,0,4,0
27.736734,0,0,94,60,1340,98,245,51,0,0,28,0,0,4,0
27.744738,0,0,94,60,1340,98,245,51,0,0,28,0,0,4,0
27.749620,0,0,94,60,1340,98,245,51,0,0,28,0,0,4,0
27.763222,1,0,94,60,1340,98,245,50,0,0,28,0,0,4,0
27.768200,0,0,94,60,1340,98,245,50,0,0,28,0,0,4,0
27.775848,0,0,94,60,1340,98,245,50,0,0,28,0,0,4,0
27.780059,0,0,94,60,1340,98,245,50,0,0,28,0,0,4,0
27.784191,0,0,94,60,1340,98,245,50,0,0,28,0,0,4,0
27.796034,0,0,94,60,1340,98,245,50,0,0,28,0,0,4,0
27.806381,0,0,94,60,1340,98,245,50,0,0,28,0,0,4,0
27.810641,0,0,94,60,1340,98,245,50,0,0,28,0,0,4,0
27.815450,0,0,94,60,1340,98,245,50,0,0,28,0,0,4,0
27.826801,0,0,94,60,1340,98,245,50,0,0,28,0,0,4,0
27.838838,0,0,94,60,1340,98,245,50,0,0,28,0,0,4,0
27.842912,1,0,94,60,1340,98,245,51,0,0,28,0,0,4,0
27.856120,0,0,94,60,1340,98,245,51,0,0,28,0,0,4,0
27.860618,0,0,94,60,1340,98,245,51,0,0,28,0,0,4,0
27.869271,0,1,94,60,1340,98,245,51,0,0,27,0,0,4,0
27.874167,0,0,94,60,1340,98,245,51,0,0,27,0,0,4,0
27.887253,0,0,94,60,1340,98,245,51,0,0,27,0,0,4,0
27.891396,0,0,94,60,1340,98,245,51,0,0,27,0,0,4,0
27.900247,1,1,94,60,1341,98,245,51,0,0,31,1,0,4,103
27.904405,0,0,94,60,1341,98,245,51,0,0,31,1,0,4,103
27.908472,0,0,94,60,1341,98,245,51,0,0,31,1,0,4,103
27.919680,0,0,94,60,1341,98,245,51,0,0,31,1,0,4,103
27.929047,1,1,94,60,1344,98,245,51,0,0,28,1,0,4,-4
27.933075,0,1,94,60,1344,98,245,51,0,0,28,0,0,4,-4
27.937191,0,0,94,60,1344,98,245,51,0,0,28,0,0,4,-4
27.951173,0,0,94,60,1344,98,245,51,0,0,28,0,0,4,-4
27.961077,0,0,94,60,1344,98,245,51,0,0,28,0,0,4,0
27.966043,0,0,94,60,1344,98,245,51,0,0,28,0,0,4,0
27.970285,0,0,94,60,1344,98,245,51,0,0,28,0,0,4,0
27.981747,0,0,94,60,1344,98,245,51,0,0,28,0,0,4,0
27.991548,0,0,94,60,1344,98,245,51,0,0,28,0,0,4,0
27.996637,0,0,94,60,1344,98,245,51,0,0,28,0,0,4,0
28.001176,0,0,94,60,1344,98,245,51,0,0,28,0,0,4,0
28.012537,0,0,94,60,1344,98,245,51,0,0,28,0,0,4,0
28.022203,0,0,94,60,1344,98,245,51,0,0,28,0,0,4,0
28.027102,0,0,94,60,1344,98,245,51,0,0,28,0,0,4,0
28.031313,0,0,94,60,1344,98,245,51,0,0,28,0,0,4,0
28.043732,0,0,94,60,1344,98,245,51,0,0,28,0,0,4,0
28.053247,0,0,94,60,1344,98,245,51,0,0,28,0,0,4,0
28.057793,0,0,94,60,1344,98,245,51,0,0,28,0,0,4,0
28.062791,0,0,94,60,1344,98,245,51,0,0,28,0,0,4,0
28.075019,0,0,94,60,1344,98,245,51,0,0,28,0,0,4,0
28.084593,0,0,94,60,1344,98,245,51,0,0,28,0,0,4,0
28.086775,0,0,94,60,1344,98,245,51,0,0,28,0,0,4,0
28.091243,0,0,94,60,1344,98,245,51,0,0,28,0,0,4,0
28.105113,0,0,94,60,1344,98,245,51,0,0,28,0,0,4,0
28.109727,0,1,94,60,1344,98,245,51,0,0,27,0,0,4,0
28.117014,0,0,94,60,1344,98,245,51,0,0,27,0,0,4,0
28.121206,0,0,94,60,1344,98,245,51,0,0,27,0,0,4,0
28.125991,0,0,94,60,1344,98,245,51,0,0,27,0,0,4,0
28.137531,0,0,94,60,1344,98,245,51,0,0,27,0,0,4,0
28.147395,0,0,94,60,1344,98,245,51,0,0,27,0,0,4,0
28.151932,0,0,94,60,1344,98,245,51,0,0,27,0,0,4,0
28.156114,0,1,94,60,1344,98,245,51,0,1,27,0,0,4,0
28.167638,0,0,94,60,1344,98,245,51,0,1,27,0,0,4,0
28.177376,0,0,94,60,1344,98,245,51,0,1,27,0,0,4,0
28.181854,0,0,94,60,1344,98,245,51,0,1,27,0,0,4,0
28.186008,0,1,94,60,1344,98,245,51,0,0,27,0,0,4,0
28.198586,0,0,94,60,1344,98,245,51,0,0,27,0,0,4,0
28.208235,0,0,94,60,1344,98,245,51,0,0,27,0,0,4,0
28.215644,0,0,94,60,1344,98,245,51,0,0,27,0,0,4,0
28.228688,0,0,94,60,1344,98,245,51,0,0,27,0,0,4,0
28.233326,0,1,94,60,1344,98,245,51,0,0,27,0,0,5,0
28.240707,0,0,94,60,1344,98,245,51,0,0,27,0,0,5,0
28.245195,0,0,94,60,1344,98,245,51,0,0,27,0,0,5,0
28.249712,1,1,94,60,1345,98,245,51,0,0,29,0,0,5,83
28.260992,0,0,94,60,1345,98,245,51,0,0,29,0,0,5,83
28.270735,0,0,94,60,1345,98,245,51,0,0,29,0,0,5,83
28.275259,0,0,94,60,1345,98,245,51,0,0,29,0,0,5,83
28.279481,0,0,94,60,1345,98,245,51,0,0,29,0,0,5,0
28.291585,1,1,94,60,1347,98,245,51,0,0,28,0,0,5,0
28.301076,0,0,94,60,1347,98,245,51,0,0,28,0,0,5,0
28.305211,0,0,94,60,1347,98,245,51,0,0,28,0,0,5,0
28.309761,0,1,94,60,1347,98,245,51,1,0,28,0,0,5,0
28.322457,0,0,94,60,1347,98,245,51,1,0,28,0,0,5,0
28.332512,0,1,94,60,1347,98,245,51,1,0,28,0,0,4,0
28.337111,0,1,94,60,1347,98,245,51,0,0,28,0,0,4,0
28.341303,0,1,94,60,1347,98,245,51,0,0,27,0,0,4,0
28.353628,0,0,94,60,1347,98,245,51,0,0,27,0,0,4,0
28.357696,0,0,94,60,1347,98,245,51,0,0,27,0,0,4,0
28.365888,0,0,94,60,1347,98,245,51,0,0,27,0,0,4,0
28.370762,0,0,94,60,1347,98,245,51,0,0,27,0,0,4,0
28.384046,0,0,94,60,1347,98,245,51,0,0,27,0,0,4,0
28.388540,0,0,94,60,1347,98,245,51,0,0,27,0,0,4,0
28.395516,0,0,94,60,1347,98,245,51,0,0,27,0,0,4,0
28.399998,0,0,94,60,1347,98,245,51,0,0,27,0,0,4,0
28.404158,0,0,94,60,1347,98,245,51,0,0,27,0,0,4,0
28.415631,0,0,94,60,1347,98,245,51,0,0,27,0,0,4,0
28.425132,0,0,94,60,1347,98,245,51,0,0,27,0,0,4,0
28.429670,0,0,94,60,1347,98,245,51,0,0,27,0,0,4,0
28.434545,0,0,94,60,1347,98,245,51,0,0,27,0,0,4,0
28.446114,1,0,94,60,1347,98,245,50,0,0,27,0,0,4,0
28.447948,0,0,94,60,1347,98,245,50,0,0,27,0,0,4,0
28.457229,0,0,94,60,1347,98,245,50,0,0,27,0,0,4,0
28.461872,0,0,94,60,1347,98,245,50,0,0,27,0,0,4,0
28.466879,0,0,94,60,1347,98,245,50,0,0,27,0,0,4,0
28.477800,0,0,94,60,1347,98,245,50,0,0,27,0,0,4,0
28.487254,0,0,94,60,1347,98,245,50,0,0,27,0,0,4,0
28.491772,0,1,94,60,1347,98,245,50,1,0,27,0,0,4,0
28.496217,0,0,94,60,1347,98,245,50,1,0,27,0,0,4,0
28.508237,0,0,94,60,1347,98,245,50,1,0,27,0,0,4,0
28.518146,0,0,94,60,1347,98,245,50,1,0,27,0,0,4,0
28.522353,0,0,94,60,1347,98,245,50,1,0,27,0,0,4,0
28.526495,0,0,94,60,1347,98,245,50,1,0,27,0,0,4,0
28.539282,1,0,94,60,1347,98,245,51,1,0,27,0,0,4,0
28.543360,0,0,94,60,1347,98,245,51,1,0,27,0,0,4,0
28.550658,0,1,94,60,1347,98,245,51,0,0,27,0,0,4,0
28.554763,0,0,94,60,1347,98,245,51,0,0,27,0,0,4,0
28.558807,0,0,94,60,1347,98,245,51,0,0,27,0,0,4,0
28.570144,0,0,94,60,1347,98,245,51,0,0,27,0,0,4,0
28.581976,0,0,94,60,1347,98,245,51,0,0,27,0,0,4,0
28.586068,0,0,94,60,1347,98,245,51,0,0,27,0,0,4,0
28.590134,0,0,94,60,1347,98,245,51,0,0,27,0,0,4,0
28.601217,0,0,94,60,1347,98,245,51,0,0,27,0,0,4,0
28.605288,0,0,94,60,1347,98,245,51,0,0,27,0,0,4,0
28.612268,0,0,94,60,1347,98,245,51,0,0,27,0,0,4,0
28.616325,1,1,94,60,1348,98,245,51,0,0,31,0,0,4,116
28.621320,0,0,94,60,1348,98,245,51,0,0,31,0,0,4,116
28.632910,0,0,94,60,1348,98,245,51,0,0,31,0,0,4,116
28.642583,0,0,94,60,1348,98,245,51,0,0,31,0,0,4,116
28.647650,1,0,94,60,1350,98,245,51,0,0,31,0,0,4,15
28.652119,0,0,94,60,1350,98,245,51,0,0,31,0,0,4,15
28.663241,0,0,94,60,1350,98,245,51,0,0,31,0,0,4,15
28.673054,0,0,94,60,1350,98,245,51,0,0,31,0,0,4,15
28.677197,0,1,94,60,1350,98,245,51,0,0,28,0,0,4,0
28.681420,0,0,94,60,1350,98,245,51,0,0,28,0,0,4,0
28.694163,0,0,94,60,1350,98,245,51,0,0,28,0,0,4,0
28.698613,0,0,94,60,1350,98,245,51,0,0,28,0,0,4,0
28.705676,0,0,94,60,1350,98,245,51,0,0,28,0,0,4,0
28.709777,0,0,94,60,1350,98,245,51,0,0,28,0,0,4,0
28.713825,0,0,94,60,1350,98,245,51,0,0,28,0,0,4,0
28.725161,0,0,94,60,1350,98,245,51,0,0,28,0,0,4,0
28.735248,0,0,94,60,1350,98,245,51,0,0,28,0,0,4,0
28.739444,0,0,94,60,1350,98,245,51,0,0,28,0,0,4,0
28.743565,0,0,94,60,1350,98,245,51,0,0,28,0,0,4,0
28.756198,0,0,94,60,1350,98,245,51,0,0,28,0,0,4,0
28.760706,0,0,94,60,1350,98,245,51,0,0,28,0,0,4,0
28.768119,0,0,94,60,1350,98,245,51,0,0,28,0,0,4,0
28.773006,0,0,94,60,1350,98,245,51,0,0,28,0,0,4,0
28.786192,0,0,94,60,1350,98,245,51,0,0,28,0,0,4,0
28.790342,0,0,94,60,1350,98,245,51,0,0,28,0,0,4,0
28.798925,0,0,94,60,1350,98,245,51,0,0,28,0,0,4,0
28.801126,0,0,94,60,1350,98,245,51,0,0,28,0,0,4,0
28.805280,0,0,94,60,1350,98,245,51,0,0,28,0,0,4,0
28.818491,0,0,94,60,1350,98,245,51,0,0,28,0,0,4,0
28.828300,0,0,94,60,1350,98,245,51,0,0,28,0,0,4,0
28.832471,0,0,94,60,1350,98,245,51,0,0,28,0,0,4,0
28.836935,0,0,94,60,1350,98,245,51,0,0,28,0,0,4,0
28.849518,0,1,94,60,1350,98,245,51,1,0,28,0,0,4,0
28.859059,0,0,94,60,1350,98,245,51,1,0,28,0,0,4,0
28.863881,0,0,94,60,1350,98,245,51,1,0,28,0,0,4,0
28.868109,0,0,94,60,1350,98,245,51,1,0,28,0,0,4,0
28.880198,0,0,94,60,1350,98,245,51,1,0,28,0,0,4,0
28.884405,0,0,94,60,1350,98,245,51,1,0,28,0,0,4,0
28.892138,0,0,94,60,1350,98,245,51,1,0,28,0,0,4,0
28.897101,1,0,94,60,1350,98,245,50,1,0,28,0,0,4,0
28.911088,0,1,94,60,1350,98,245,50,0,0,28,0,0,4,0
28.915690,0,0,94,60,1350,98,245,50,0,0,28,0,0,4,0
28.922993,0,0,94,60,1350,98,245,50,0,0,28,0,0,4,0
28.930783,0,0,94,60,1350,98,245,50,0,0,28,0,0,4,0
28.942085,0,0,94,60,1350,98,245,50,0,0,28,0,0,4,0
28.952047,0,0,94,60,1350,98,245,50,0,0,28,0,0,4,0
28.956204,1,0,94,60,1350,98,245,51,0,0,28,0,0,4,0
28.960739,0,0,94,60,1350,98,245,51,0,0,28,0,0,4,0
28.973884,1,1,94,60,1351,98,245,51,0,0,30,0,0,4,110
28.983288,0,0,94,60,1351,98,245,51,0,0,30,0,0,4,110
28.987815,0,0,94,60,1351,98,245,51,0,0,30,0,0,4,110
28.991951,0,0,94,60,1351,98,245,51,0,0,30,0,0,4,110
29.004894,1,1,94,60,1353,98,245,51,0,0,29,0,0,4,0
29.014823,0,0,94,60,1353,98,245,51,0,0,29,0,0,4,0
29.019837,0,0,94,60,1353,98,245,51,0,0,29,0,0,4,0
29.024751,0,0,94,60,1353,98,245,51,0,0,29,0,0,4,0
29.035627,0,1,94,60,1353,98,245,51,0,0,26,0,0,4,0
29.045286,0,0,94,60,1353,98,245,51,0,0,26,0,0,4,0
29.049974,0,0,94,60,1353,98,245,51,0,0,26,0,0,4,0
29.054506,0,0,94,60,1353,98,245,51,0,0,26,0,0,4,0
29.066614,0,0,94,60,1353,98,245,51,0,0,26,0,0,4,0
29.076149,0,0,94,60,1353,98,245,51,0,0,26,0,0,4,0
29.080579,0,0,94,60,1353,98,245,51,0,0,26,0,0,4,0
29.084647,0,0,94,60,1353,98,245,51,0,0,26,0,0,4,0
29.097854,0,0,94,60,1353,98,245,51,0,0,26,0,0,4,0
29.107422,0,0,94,60,1353,98,245,51,0,0,26,0,0,4,0
29.111531,0,0,94,60,1353,98,245,51,0,0,26,0,0,4,0
29.115646,0,0,94,60,1353,98,245,51,0,0,26,0,0,4,0
29.128381,1,0,94,60,1352,98,245,51,0,0,26,0,0,4,0
29.132514,0,0,94,60,1352,98,245,51,0,0,26,0,0,4,0
29.139562,0,0,94,60,1352,98,245,51,0,0,26,0,0,4,0
29.143632,0,0,94,60,1352,98,245,51,0,0,26,0,0,4,0
29.147740,0,0,94,60,1352,98,245,51,0,0,26,0,0,4,0
29.159580,0,0,94,60,1352,98,245,51,0,0,26,0,0,4,0
29.162106,0,0,94,60,1352,98,245,51,0,0,26,0,0,4,0
29.170552,0,0,94,60,1352,98,245,51,0,0,26,0,0,4,0
29.174736,0,0,94,60,1352,98,245,51,0,0,26,0,0,4,0
29.179168,0,0,94,60,1352,98,245,51,0,0,26,0,0,4,0
29.190482,0,0,94,60,1352,98,245,51,0,0,26,0,0,4,0
29.200282,0,0,94,60,1352,98,245,51,0,0,26,0,0,4,0
29.204473,0,0,94,60,1352,98,245,51,0,0,26,0,0,4,0
29.208561,0,0,94,60,1352,98,245,51,0,0,26,0,0,4,0
29.221877,0,0,94,60,1352,98,245,51,0,0,26,0,0,4,0
29.231370,0,0,94,60,1352,98,245,51,0,0,26,0,0,4,0
29.235557,0,0,94,60,1352,98,245,51,0,0,26,0,0,4,0
29.239630,0,0,94,60,1352,98,245,51,0,0,26,0,0,4,0
29.252494,0,0,94,60,1352,98,245,51,0,0,26,0,0,4,0
29.262018,1,0,94,60,1352,98,245,50,0,0,26,0,0,4,0
29.266199,0,0,94,60,1352,98,245,50,0,0,26,0,0,4,0
29.270779,0,0,94,60,1352,98,245,50,0,0,26,0,0,4,0
29.283454,0,0,94,60,1352,98,245,50,0,0,26,0,0,4,0
29.297090,0,0,94,60,1352,98,245,50,0,0,26,0,0,4,0
29.301950,0,0,94,60,1352,98,245,50,0,0,26,0,0,4,0
29.314069,0,0,94,60,1352,98,245,50,0,0,26,0,0,4,0
29.318254,0,0,94,60,1352,98,245,50,0,0,26,0,0,4,0
29.325983,0,0,94,60,1352,98,245,50,0,0,26,0,0,4,0
29.330878,1,1,94,60,1354,98,245,50,0,0,30,0,0,4,117
29.344120,0,0,94,60,1354,98,245,50,0,0,30,0,0,4,117
29.348648,0,0,94,60,1354,98,245,50,0,0,30,0,0,4,117
29.356867,0,0,94,60,1354,98,245,50,0,0,30,0,0,4,117
29.361406,1,1,94,60,1356,98,245,50,0,0,29,0,0,4,0
29.374818,1,0,94,60,1356,98,245,51,0,0,29,0,0,4,0
29.379403,0,0,94,60,1356,98,245,51,0,0,29,0,0,4,0
29.387855,0,0,94,60,1356,98,245,51,0,0,29,0,0,4,0
29.392711,0,0,94,60,1356,98,245,51,0,0,29,0,0,4,0
29.406303,0,0,94,60,1356,98,245,51,0,0,29,0,0,4,0
29.411026,0,0,94,60,1356,98,245,51,0,0,29,0,0,4,0
29.418905,0,1,94,60,1356,98,245,51,0,0,28,0,0,4,0
29.423821,0,0,94,60,1356,98,245,51,0,0,28,0,0,4,0
29.437066,0,0,94,60,1356,98,245,51,0,0,28,0,0,4,0
29.441599,0,0,94,60,1356,98,245,51,0,0,28,0,0,4,0
29.449553,0,0,94,60,1356,98,245,51,0,0,28,0,0,4,0
29.453752,0,0,94,60,1356,98,245,51,0,0,28,0,0,4,0
29.458253,0,0,94,60,1356,98,245,51,0,0,28,0,0,4,0
29.469474,0,0,94,60,1356,98,245,51,0,0,28,0,0,4,0
29.479241,0,0,94,60,1356,98,245,51,0,0,28,0,0,4,0
29.484249,0,0,94,60,1356,98,245,51,0,0,28,0,0,4,0
29.488781,0,0,94,60,1356,98,245,51,0,0,28,0,0,4,0
29.500809,0,0,94,60,1356,98,245,51,0,0,28,0,0,4,0
29.510310,0,0,94,60,1356,98,245,51,0,0,28,0,0,4,0
29.515178,0,0,94,60,1356,98,245,51,0,0,28,0,0,4,0
29.517388,0,0,94,60,1356,98,245,51,0,0,28,0,0,4,0
29.530912,0,0,94,60,1356,98,245,51,0,0,28,0,0,4,0
29.540955,0,0,94,60,1356,98,245,51,0,0,28,0,0,4,0
29.545799,0,0,94,60,1356,98,245,51,0,0,28,0,0,4,0
29.550005,0,0,94,60,1356,98,245,51,0,0,28,0,0,4,0
29.562483,0,0,94,60,1356,98,245,51,0,0,28,0,0,4,0
29.572248,0,0,94,60,1356,98,245,51,0,0,28,0,0,4,0
29.577111,0,0,94,60,1356,98,245,51,0,0,28,0,0,4,0
29.581251,0,0,94,60,1356,98,245,51,0,0,28,0,0,4,0
29.593781,0,0,94,60,1356,98,245,51,0,0,28,0,0,4,0
29.603172,0,0,94,60,1356,98,245,51,0,0,28,0,0,4,0
29.608045,0,0,94,60,1356,98,245,51,0,0,28,0,0,4,0
29.612212,0,0,94,60,1356,98,245,51,0,0,28,0,0,4,0
29.624470,0,0,94,60,1356,98,245,51,0,0,28,0,0,4,0
29.634046,0,0,94,60,1356,98,245,51,0,0,28,0,0,4,0
29.641351,0,0,94,60,1356,98,245,51,0,0,28,0,0,4,0
29.654388,0,0,94,60,1356,98,245,51,0,0,28,0,0,4,0
29.658592,0,0,94,60,1356,98,245,51,0,0,28,0,0,4,0
29.666470,0,0,94,60,1356,98,245,51,0,0,28,0,0,4,0
29.670643,0,0,94,60,1356,98,245,51,0,0,28,0,0,4,0
29.675433,0,0,94,60,1356,98,245,51,0,0,28,0,0,4,0
29.686871,0,0,94,60,1356,98,245,51,0,0,28,0,0,4,159
29.696279,0,1,94,60,1356,98,245,51,0,0,30,0,0,4,159
29.700430,0,0,94,60,1356,98,245,51,0,0,30,0,0,4,159
29.704688,0,0,94,60,1356,98,245,51,0,0,30,0,0,4,159
29.717455,1,1,94,60,1359,98,245,51,0,0,30,1,0,4,97
29.726945,1,0,94,60,1359,98,245,50,0,0,30,1,0,4,97
29.731169,0,0,94,60,1359,98,245,50,0,0,30,1,0,4,97
29.735718,0,0,94,60,1359,98,245,50,0,0,30,1,0,4,97
29.748363,1,1,94,60,1361,98,245,50,0,1,30,0,0,4,4
29.752483,0,0,94,60,1361,98,245,50,0,1,30,0,0,4,4
29.760432,0,0,94,60,1361,98,245,50,0,1,30,0,0,4,4
29.765040,0,0,94,60,1361,98,245,50,0,1,30,0,0,4,4
29.778764,0,1,94,60,1361,98,245,50,0,0,29,0,0,4,0
29.782855,1,0,94,60,1361,98,245,51,0,0,29,0,0,4,0
29.790122,0,0,94,60,1361,98,245,51,0,0,29,0,0,4,0
29.794256,0,0,94,60,1361,98,245,51,0,0,29,0,0,4,0
29.798390,0,0,94,60,1361,98,245,51,0,0,29,0,0,4,0
29.810042,0,0,94,60,1361,98,245,51,0,0,29,0,0,4,0
29.814122,0,0,94,60,1361,98,245,51,0,0,29,0,0,4,0
29.821538,0,0,94,60,1361,98,245,51,0,0,29,0,0,4,0
29.825767,0,0,94,60,1361,98,245,51,0,0,29,0,0,4,0
29.830247,0,1,94,60,1361,98,245,51,0,1,29,0,0,4,0
29.841059,0,0,94,60,1361,98,245,51,0,1,29,0,0,4,0
29.851215,0,0,94,60,1361,98,245,51,0,1,29,0,0,4,0
29.855319,0,0,94,60,1361,98,245,51,0,1,29,0,0,4,0
29.859439,0,1,94,60,1361,98,245,51,0,0,29,0,0,4,0
29.871970,0,0,94,60,1361,98,245,51,0,0,29,0,0,4,0
29.876030,0,0,94,60,1361,98,245,51,0,0,29,0,0,4,0
29.883272,0,0,94,60,1361,98,245,51,0,0,29,0,0,4,0
29.887411,0,0,94,60,1361,98,245,51,0,0,29,0,0,4,0
29.891600,0,1,94,60,1361,98,245,51,0,0,28,0,0,4,0
29.903046,0,0,94,60,1361,98,245,51,0,0,28,0,0,4,0
29.904864,0,0,94,60,1361,98,245,51,0,0,28,0,0,4,0
29.914454,0,0,94,60,1361,98,245,51,0,0,28,0,0,4,0
29.918675,0,1,94,60,1361,98,245,51,0,1,28,0,0,4,0
29.922847,0,0,94,60,1361,98,245,51,0,1,28,0,0,4,0
29.934327,0,0,94,60,1361,98,245,51,0,1,28,0,0,4,0
29.944220,0,0,94,60,1361,98,245,51,0,1,28,0,0,4,0
29.949116,0,1,94,60,1361,98,245,51,0,0,28,0,0,4,0
29.953274,0,0,94,60,1361,98,245,51,0,0,28,0,0,4,0
29.966013,1,0,94,60,1361,98,245,50,0,0,28,0,0,4,0
29.975557,0,0,94,60,1361,98,245,50,0,0,28,0,0,4,0
29.980144,0,1,94,60,1361,98,245,50,0,1,28,0,0,4,0
29.984346,1,1,94,60,1361,99,245,50,0,1,29,0,0,4,0
29.996012,0,0,94,60,1361,99,245,50,0,1,29,0,0,4,0
30.005922,0,0,94,60,1361,99,245,50,0,1,29,0,0,4,0
30.010082,0,0,94,60,1361,99,245,50,0,1,29,0,0,4,0
30.014533,0,0,94,60,1361,99,245,50,0,1,29,0,0,4,0
30.027171,1,0,94,60,1361,99,245,51,0,1,29,0,0,4,0
30.040040,0,0,94,60,1361,99,245,51,0,1,29,0,0,4,0
30.044267,0,0,94,60,1361,99,245,51,0,1,29,0,0,4,0
30.057403,0,0,94,60,1361,99,245,51,0,1,29,0,0,4,0
30.061896,0,0,94,60,1361,99,245,51,0,1,29,0,0,4,0
30.069795,0,0,94,60,1361,99,245,51,0,1,29,0,0,4,0
30.073913,0,1,94,60,1361,99,245,51,0,1,32,0,0,4,116
30.087869,0,0,94,60,1361,99,245,51,0,1,32,0,0,4,116
30.092046,0,0,94,60,1361,99,245,51,0,1,32,0,0,4,116
30.100507,0,0,94,60,1361,99,245,51,0,1,32,0,0,4,0
30.104736,1,1,94,60,1363,99,245,51,0,1,30,0,0,4,0
30.108909,0,0,94,60,1363,99,245,51,0,1,30,0,0,4,0
30.119999,0,0,94,60,1363,99,245,51,0,1,30,0,0,4,0
30.124232,0,1,94,60,1363,99,245,51,1,1,30,0,0,4,0
30.131462,0,1,94,60,1363,99,245,51,1,0,30,0,0,4,0
30.135674,0,0,94,60,1363,99,245,51,1,0,30,0,0,4,0
30.140121,0,0,94,60,1363,99,245,51,1,0,30,0,0,4,0
30.151070,0,0,94,60,1363,99,245,51,1,0,30,0,0,4,0
30.155237,0,1,94,60,1363,99,245,51,0,0,30,0,0,4,0
30.162251,0,1,94,60,1363,99,245,51,0,0,29,0,0,4,0
30.166409,0,1,94,60,1363,99,245,51,0,0,29,1,0,4,0
30.170887,0,0,94,60,1363,99,245,51,0,0,29,1,0,4,0
30.182024,0,0,94,60,1363,99,245,51,0,0,29,1,0,4,0
30.186174,0,0,94,60,1363,99,245,51,0,0,29,1,0,4,0
30.193532,0,0,94,60,1363,99,245,51,0,0,29,1,0,4,0
30.197722,0,0,94,60,1363,99,245,51,0,0,29,1,0,4,0
30.202258,0,0,94,60,1363,99,245,51,0,0,29,1,0,4,0
30.213771,0,0,94,60,1363,99,245,51,0,0,29,1,0,4,0
30.223451,0,1,94,60,1363,99,245,51,0,0,30,1,0,4,0
30.227945,0,1,94,60,1363,99,245,51,0,0,30,0,0,4,0
30.232807,1,0,94,60,1363,99,245,50,0,0,30,0,0,4,0
30.244776,0,0,94,60,1363,99,245,50,0,0,30,0,0,4,0
30.254178,0,0,94,60,1363,99,245,50,0,0,30,0,0,4,0
30.258763,0,1,94,60,1363,99,245,50,0,0,29,0,0,4,0
30.260649,0,0,94,60,1363,99,245,50,0,0,29,0,0,4,0
30.274187,0,0,94,60,1363,99,245,50,0,0,29,0,0,4,0
30.278711,0,1,94,60,1363,99,245,50,1,0,29,0,0,4,0
30.286473,0,0,94,60,1363,99,245,50,1,0,29,0,0,4,0
30.291008,0,0,94,60,1363,99,245,50,1,0,29,0,0,4,0
30.304806,0,0,94,60,1363,99,245,50,1,0,29,0,0,4,0
30.309004,0,1,94,60,1363,99,245,50,0,1,29,0,0,4,0
30.317719,0,0,94,60,1363,99,245,50,0,1,29,0,0,4,0
30.322280,0,0,94,60,1363,99,245,50,0,1,29,0,0,4,0
30.335812,0,0,94,60,1363,99,245,50,0,1,29,0,0,4,0
30.340904,0,1,94,60,1363,99,245,50,1,1,29,0,0,4,0
30.348087,0,0,94,60,1363,99,245,50,1,1,29,0,0,4,0
30.352761,1,0,94,60,1363,99,245,51,1,1,29,0,0,4,0
30.356961,0,0,94,60,1363,99,245,51,1,1,29,0,0,4,0
30.368407,0,0,94,60,1363,99,245,51,1,1,29,0,0,4,0
30.377936,0,0,94,60,1363,99,245,51,1,1,29,0,0,4,0
30.388511,0,1,94,60,1363,99,245,51,0,1,29,0,0,4,0
30.399801,0,1,94,60,1363,99,245,51,0,0,29,0,0,4,0
30.409570,0,0,94,60,1363,99,245,51,0,0,29,0,0,4,0
30.414135,0,0,94,60,1363,99,245,51,0,0,29,0,0,4,0
30.419095,0,1,94,60,1363,99,245,51,1,0,29,0,0,4,0
30.430183,0,0,94,60,1363,99,245,51,1,0,29,0,0,4,0
30.434417,1,1,94,60,1364,99,245,51,1,0,32,0,0,4,98
30.441292,1,0,94,60,1364,99,245,50,1,0,32,0,0,4,98
30.445400,0,0,94,60,1364,99,245,50,1,0,32,0,0,4,98
30.450257,0,1,94,60,1364,99,245,50,0,1,32,0,0,4,98
30.461838,1,1,94,60,1366,99,245,50,0,1,30,0,0,4,0
30.471423,0,0,94,60,1366,99,245,50,0,1,30,0,0,4,0
30.475632,0,0,94,60,1366,99,245,50,0,1,30,0,0,4,0
30.480115,0,0,94,60,1366,99,245,50,0,1,30,0,0,4,0
30.492271,1,0,94,60,1365,99,245,50,0,1,30,0,0,4,0
30.496390,0,0,94,60,1365,99,245,50,0,1,30,0,0,4,0
30.503713,0,0,94,60,1365,99,245,50,0,1,30,0,0,4,0
30.507817,0,0,94,60,1365,99,245,50,0,1,30,0,0,4,0
30.511978,0,1,94,60,1365,99,245,50,0,0,30,0,0,4,0
30.523306,0,0,94,60,1365,99,245,50,0,0,30,0,0,4,0
30.532876,0,0,94,60,1365,99,245,50,0,0,30,0,0,4,0
30.536982,0,0,94,60,1365,99,245,50,0,0,30,0,0,4,0
30.541036,0,0,94,60,1365,99,245,50,0,0,30,0,0,4,0
30.554638,0,1,94,60,1365,99,245,50,0,1,30,0,0,4,0
30.564038,0,0,94,60,1365,99,245,50,0,1,30,0,0,4,0
30.568602,0,0,94,60,1365,99,245,50,0,1,30,0,0,4,0
30.572819,0,1,94,60,1365,99,245,50,0,0,30,0,0,4,0
30.585508,0,0,94,60,1365,99,245,50,0,0,30,0,0,4,0
30.595414,1,0,94,60,1365,99,245,51,0,0,30,0,0,4,0
30.599503,0,0,94,60,1365,99,245,51,0,0,30,0,0,4,0
30.603609,0,0,94,60,1365,99,245,51,0,0,30,0,0,4,0
30.615947,0,0,94,60,1365,99,245,51,0,0,30,0,0,4,0
30.617829,0,0,94,60,1365,99,245,51,0,0,30,0,0,4,0
30.627601,0,0,94,60,1365,99,245,51,0,0,30,0,0,4,0
30.631848,0,0,94,60,1365,99,245,51,0,0,30,0,0,4,0
30.635917,0,1,94,60,1365,99,245,51,0,0,29,0,0,4,0
30.646950,0,0,94,60,1365,99,245,51,0,0,29,0,0,4,0
30.651035,1,0,94,60,1365,99,245,50,0,0,29,0,0,4,0
30.657935,0,0,94,60,1365,99,245,50,0,0,29,0,0,4,0
30.662060,0,0,94,60,1365,99,245,50,0,0,29,0,0,4,0
30.666036,0,0,94,60,1365,99,245,50,0,0,29,0,0,4,0
30.677896,0,0,94,60,1365,99,245,50,0,0,29,0,0,4,0
30.682069,0,0,94,60,1365,99,245,50,0,0,29,0,0,4,0
30.689327,0,0,94,60,1365,99,245,50,0,0,29,0,0,4,0
30.693368,0,0,94,60,1365,99,245,50,0,0,29,0,0,4,0
30.697384,0,0,94,60,1365,99,245,50,0,0,29,0,0,4,0
30.708875,1,0,94,60,1365,99,245,51,0,0,29,0,0,4,0
30.712931,0,0,94,60,1365,99,245,51,0,0,29,0,0,4,0
30.720091,0,0,94,60,1365,99,245,51,0,0,29,0,0,4,0
30.724229,0,0,94,60,1365,99,245,51,0,0,29,0,0,4,0
30.728304,0,0,94,60,1365,99,245,51,0,0,29,0,0,4,0
30.739782,0,0,94,60,1365,99,245,51,0,0,29,0,0,4,0
30.751720,0,0,94,60,1365,99,245,51,0,0,29,0,0,4,0
30.755753,0,0,94,60,1365,99,245,51,0,0,29,0,0,4,0
30.759812,0,0,94,60,1365,99,245,51,0,0,29,0,0,4,0
30.770928,0,0,94,60,1365,99,245,51,0,0,29,0,0,4,0
30.775008,0,0,94,60,1365,99,245,51,0,0,29,0,0,4,0
30.782292,0,0,94,60,1365,99,245,51,0,0,29,0,0,4,0
30.786371,1,1,94,60,1366,99,245,51,0,0,33,0,0,4,127
30.790417,0,0,94,60,1366,99,245,51,0,0,33,0,0,4,127
30.801901,0,0,94,60,1366,99,245,51,0,0,33,0,0,4,127
30.805934,0,0,94,60,1366,99,245,51,0,0,33,0,0,4,127
30.813116,0,0,94,60,1366,99,245,51,0,0,33,0,0,4,127
30.817216,0,0,94,60,1366,99,245,51,0,0,33,0,0,4,127
30.821299,0,0,94,60,1366,99,245,51,0,0,33,0,0,4,127
30.833331,0,0,94,60,1366,99,245,51,0,0,33,0,0,4,127
30.837349,0,0,94,60,1366,99,245,51,0,0,33,0,0,4,127
30.844291,0,1,94,60,1366,99,245,51,0,0,30,0,0,4,0
30.848382,1,0,94,60,1369,99,245,51,0,0,30,0,0,4,0
30.852529,1,0,94,60,1369,99,245,50,0,0,30,0,0,4,0
30.863868,0,0,94,60,1369,99,245,50,0,0,30,0,0,4,0
30.867908,0,0,94,60,1369,99,245,50,0,0,30,0,0,4,0
30.875686,0,1,94,60,1369,99,245,50,0,1,30,0,0,4,0
30.879828,0,0,94,60,1369,99,245,50,0,1,30,0,0,4,0
30.883963,0,0,94,60,1369,99,245,50,0,1,30,0,0,4,0
30.895627,0,0,94,60,1369,99,245,50,0,1,30,0,0,4,0
30.904956,0,1,94,60,1369,99,245,50,1,0,30,0,0,4,0
30.909436,0,0,94,60,1369,99,245,50,1,0,30,0,0,4,0
30.913932,0,0,94,60,1369,99,245,50,1,0,30,0,0,4,0
30.926629,0,0,94,60,1369,99,245,50,1,0,30,0,0,4,0
30.936005,0,1,94,60,1369,99,245,50,0,0,30,0,0,4,0
30.940535,0,0,94,60,1369,99,245,50,0,0,30,0,0,4,0
30.944724,0,0,94,60,1369,99,245,50,0,0,30,0,0,4,0
30.957427,0,0,94,60,1369,99,245,50,0,0,30,0,0,4,0
30.967296,0,0,94,60,1369,99,245,50,0,0,30,0,0,4,0
30.971823,0,0,94,60,1369,99,245,50,0,0,30,0,0,4,0
30.976315,0,0,94,60,1369,99,245,50,0,0,30,0,0,4,0
30.988269,0,0,94,60,1369,99,245,50,0,0,30,0,0,4,0
30.997873,0,0,94,60,1369,99,245,50,0,0,30,0,0,4,0
31.002801,0,0,94,60,1369,99,245,50,0,0,30,0,0,4,0
31.004685,0,0,94,60,1369,99,245,50,0,0,30,0,0,4,0
31.018060,0,0,94,60,1369,99,245,50,0,0,30,0,0,4,0
31.022717,0,0,94,60,1369,99,245,50,0,0,30,0,0,4,0
31.030497,0,0,94,60,1369,99,245,50,0,0,30,0,0,4,0
31.034650,0,0,94,60,1369,99,245,50,0,0,30,0,0,4,0
31.039173,0,0,94,60,1369,99,245,50,0,0,30,0,0,4,0
31.050815,0,0,94,60,1369,99,245,50,0,0,30,0,0,4,0
31.060317,0,0,94,60,1369,99,245,50,0,0,30,0,0,4,0
31.064423,0,0,94,60,1369,99,245,50,0,0,30,0,0,4,0
31.068458,0,0,94,60,1369,99,245,50,0,0,30,0,0,4,0
31.081186,0,0,94,60,1369,99,245,50,0,0,30,0,0,4,0
31.085329,0,0,94,60,1369,99,245,50,0,0,30,0,0,4,0
31.093052,0,0,94,60,1369,99,245,50,0,0,30,0,0,4,0
31.097545,1,0,94,60,1369,99,245,51,0,0,30,0,0,4,0
31.110848,0,0,94,60,1369,99,245,51,0,0,30,0,0,4,0
31.115656,0,1,94,60,1369,99,245,51,0,0,29,0,0,4,0
31.123324,0,0,94,60,1369,99,245,51,0,0,29,0,0,4,0
31.130288,0,0,94,60,1369,99,245,51,0,0,29,0,0,4,0
31.142872,0,0,94,60,1369,99,245,51,0,0,29,0,0,4,0
31.147202,0,0,94,60,1369,99,245,51,0,0,29,0,0,4,0
31.154729,0,0,94,60,1369,99,245,51,0,0,29,0,0,4,0
31.158850,0,0,94,60,1369,99,245,51,0,0,29,0,0,4,0
31.162903,0,0,94,60,1369,99,245,51,0,0,29,0,0,4,0
31.174582,0,0,94,60,1369,99,245,51,0,0,29,0,0,4,-43
31.184030,1,1,94,60,1371,99,245,51,0,0,33,1,0,4,-43
31.188533,0,0,94,60,1371,99,245,51,0,0,33,1,0,4,-43
31.192798,0,0,94,60,1371,99,245,51,0,0,33,1,0,4,-43
31.205616,0,1,94,60,1371,99,245,51,0,0,31,0,0,4,0
31.214992,0,0,94,60,1371,99,245,51,0,0,31,0,0,4,0
31.219204,0,0,94,60,1371,99,245,51,0,0,31,0,0,4,0
31.223355,0,0,94,60,1371,99,245,51,0,0,31,0,0,4,0
31.236249,0,1,94,60,1371,99,245,51,0,0,30,0,0,4,0
31.246165,0,0,94,60,1371,99,245,51,0,0,30,0,0,4,0
31.250594,0,0,94,60,1371,99,245,51,0,0,30,0,0,4,0
31.255097,0,1,94,60,1371,99,245,51,1,0,30,0,0,4,0
31.267891,0,0,94,60,1371,99,245,51,1,0,30,0,0,4,0
31.277764,1,0,94,60,1371,99,245,50,1,0,30,0,0,4,0
31.282560,0,0,94,60,1371,99,245,50,1,0,30,0,0,4,0
31.286765,0,0,94,60,1371,99,245,50,1,0,30,0,0,4,0
31.298816,0,0,94,60,1371,99,245,50,1,0,30,0,0,4,0
31.308834,0,0,94,60,1371,99,245,50,1,0,30,0,0,4,0
31.313352,0,0,94,60,1371,99,245,50,1,0,30,0,0,4,0
31.317666,0,1,94,60,1371,99,245,50,0,1,31,0,0,4,0
31.329747,0,0,94,60,1371,99,245,50,0,1,31,0,0,4,0
31.339965,0,0,94,60,1371,99,245,50,0,1,31,0,0,4,0
31.341796,0,0,94,60,1371,99,245,50,0,1,31,0,0,4,0
31.346325,0,1,94,60,1371,99,245,50,1,0,31,0,0,4,0
31.359919,0,1,94,60,1371,99,245,50,1,0,30,0,0,4,0
31.364161,1,0,94,60,1371,99,245,51,1,0,30,0,0,4,0
31.371567,0,0,94,60,1371,99,245,51,1,0,30,0,0,4,0
31.376430,0,0,94,60,1371,99,245,51,1,0,30,0,0,4,0
31.389738,0,0,94,60,1371,99,245,51,1,0,30,0,0,4,0
31.393882,1,0,94,60,1371,99,245,50,1,0,30,0,0,4,0
31.402270,0,0,94,60,1371,99,245,50,1,0,30,0,0,4,0
31.406779,0,0,94,60,1371,99,245,50,1,0,30,0,0,4,0
31.420785,0,1,94,60,1371,99,245,50,1,0,31,0,0,4,0
31.425336,0,0,94,60,1371,99,245,50,1,0,31,0,0,4,0
31.434088,0,0,94,60,1371,99,245,50,1,0,31,0,0,4,0
31.438636,0,1,94,60,1371,99,245,50,1,0,30,0,0,4,0
31.451793,0,0,94,60,1371,99,245,50,1,0,30,0,0,4,0
31.455903,0,0,94,60,1371,99,245,50,1,0,30,0,0,4,0
31.463999,0,0,94,60,1371,99,245,50,1,0,30,0,0,4,0
31.471471,0,0,94,60,1371,99,245,50,1,0,31,0,0,4,0
31.484200,1,0,94,60,1371,99,245,51,1,0,31,0,0,4,0
31.493871,0,0,94,60,1371,99,245,51,1,0,31,0,0,4,0
31.498072,0,1,94,60,1371,99,245,51,1,1,30,0,0,4,0
31.502212,0,0,94,60,1371,99,245,51,1,1,30,0,0,4,0
31.514932,0,0,94,60,1371,99,245,51,1,1,30,0,0,4,0
31.519105,0,0,94,60,1371,99,245,51,1,1,30,0,0,4,0
31.526740,0,0,94,60,1371,99,245,51,1,1,30,0,0,4,0
31.531338,1,1,94,60,1372,99,245,51,1,0,34,0,0,4,128
31.544764,0,0,94,60,1372,99,245,51,1,0,34,0,0,4,128
31.548999,0,0,94,60,1372,99,245,51,1,0,34,0,0,4,128
31.557319,0,0,94,60,1372,99,245,51,1,0,34,0,0,4,128
31.561434,1,1,94,60,1374,99,245,51,1,0,33,0,0,4,87
31.565955,0,0,94,60,1374,99,245,51,1,0,33,0,0,4,87
31.577276,0,0,94,60,1374,99,245,51,1,0,33,0,0,4,87
31.586766,0,0,94,60,1374,99,245,51,1,0,33,0,0,4,87
31.591243,1,1,94,60,1375,99,245,51,1,0,32,0,0,4,0
31.595699,0,0,94,60,1375,99,245,51,1,0,32,0,0,4,0
31.608556,0,0,94,60,1375,99,245,51,1,0,32,0,0,4,0
31.618102,0,1,94,60,1375,99,245,51,0,0,32,0,0,4,0
31.622314,0,0,94,60,1375,99,245,51,0,0,32,0,0,4,0
31.626494,0,0,94,60,1375,99,245,51,0,0,32,0,0,4,0
31.639340,0,0,94,60,1375,99,245,51,0,0,32,0,0,4,0
31.648729,0,0,94,60,1375,99,245,51,0,0,32,0,0,4,0
31.652823,0,0,94,60,1375,99,245,51,0,0,32,0,0,4,0
31.657637,0,0,94,60,1375,99,245,51,0,0,32,0,0,4,0
31.670186,0,0,94,60,1375,99,245,51,0,0,32,0,0,4,0
31.679769,0,0,94,60,1375,99,245,51,0,0,32,0,0,4,0
31.683835,0,0,94,60,1375,99,245,51,0,0,32,0,0,4,0
31.688237,0,1,94,60,1375,99,245,51,0,0,32,0,0,5,0
31.701093,0,0,94,60,1375,99,245,51,0,0,32,0,0,5,0
31.705276,0,1,94,60,1375,99,245,51,1,0,32,0,0,5,0
31.712384,0,0,94,60,1375,99,245,51,1,0,32,0,0,5,0
31.714445,0,1,94,60,1375,99,245,51,1,0,32,1,0,5,0
31.718649,0,1,94,60,1375,99,245,51,1,0,32,1,0,4,0
31.731779,0,0,94,60,1375,99,245,51,1,0,32,1,0,4,0
31.735878,0,1,94,60,1375,99,245,51,0,0,32,1,0,4,0
31.743035,0,1,94,60,1375,99,245,51,0,0,31,0,0,4,0
31.747161,1,0,94,60,1375,99,245,50,0,0,31,0,0,4,0
31.751306,0,0,94,60,1375,99,245,50,0,0,31,0,0,4,0
31.763167,0,0,94,60,1375,99,245,50,0,0,31,0,0,4,0
31.772779,0,1,94,60,1375,99,245,50,0,0,32,0,0,4,0
31.777280,0,0,94,60,1375,99,245,50,0,0,32,0,0,4,0
31.781812,0,0,94,60,1375,99,245,50,0,0,32,0,0,4,0
31.794110,0,0,94,60,1375,99,245,50,0,0,32,0,0,4,0
31.803988,0,0,94,60,1375,99,245,50,0,0,32,0,0,4,0
31.808122,0,0,94,60,1375,99,245,50,0,0,32,0,0,4,0
31.812231,0,0,94,60,1375,99,245,50,0,0,32,0,0,4,0
31.824813,0,0,94,60,1375,99,245,50,0,0,32,0,0,4,0
31.828836,0,0,94,60,1375,99,245,50,0,0,32,0,0,4,0
31.835891,0,0,94,60,1375,99,245,50,0,0,32,0,0,4,0
31.842447,0,0,94,60,1375,99,245,50,0,0,32,0,0,4,0
31.855734,0,1,94,60,1375,99,245,50,1,0,32,0,0,4,0
31.859904,0,1,94,60,1375,99,245,50,1,0,31,0,0,4,0
31.867267,0,0,94,60,1375,99,245,50,1,0,31,0,0,4,0
31.871448,0,0,94,60,1375,99,245,50,1,0,31,0,0,4,0
31.875965,0,1,94,60,1375,99,245,50,0,0,31,0,0,4,0
31.886828,0,1,94,60,1375,99,245,50,0,1,31,0,0,4,0
31.891328,0,0,94,60,1375,99,245,50,0,1,31,0,0,4,0
31.898884,0,0,94,60,1375,99,245,50,0,1,31,0,0,4,0
31.902995,0,0,94,60,1375,99,245,50,0,1,31,0,0,4,0
31.907159,0,1,94,60,1375,99,245,50,1,1,31,0,0,4,0
31.917995,0,1,94,60,1375,99,245,50,1,0,31,0,0,4,0
31.922177,1,1,94,60,1378,99,245,50,1,0,35,0,0,4,93
31.929468,0,0,94,60,1378,99,245,50,1,0,35,0,0,4,93
31.933611,0,0,94,60,1378,99,245,50,1,0,35,0,0,4,93
31.937784,0,0,94,60,1378,99,245,50,1,0,35,0,0,4,93
31.948785,1,1,94,60,1379,99,245,50,1,0,33,0,0,4,0
31.953562,1,1,94,60,1379,99,245,51,1,0,33,1,0,4,0
31.960636,0,0,94,60,1379,99,245,51,1,0,33,1,0,4,0
31.965112,0,0,94,60,1379,99,245,51,1,0,33,1,0,4,0
31.969260,0,1,94,60,1379,99,245,51,1,1,33,1,0,4,0
31.981147,0,0,94,60,1379,99,245,51,1,1,33,1,0,4,0
31.991044,0,0,94,60,1379,99,245,51,1,1,33,1,0,4,0
31.995271,0,0,94,60,1379,99,245,51,1,1,33,1,0,4,0
31.999852,0,1,94,60,1379,99,245,51,0,0,33,1,0,4,0
32.011644,1,1,94,60,1378,99,245,51,0,0,33,0,0,4,0
32.020896,0,0,94,60,1378,99,245,51,0,0,33,0,0,4,0
32.025041,0,0,94,60,1378,99,245,51,0,0,33,0,0,4,0
32.029149,0,0,94,60,1378,99,245,51,0,0,33,0,0,4,0
32.041749,0,0,94,60,1378,99,245,51,0,0,33,0,0,4,0
32.045819,0,0,94,60,1378,99,245,51,0,0,33,0,0,4,0
32.053038,1,0,94,60,1378,99,245,50,0,0,33,0,0,4,0
32.057126,0,0,94,60,1378,99,245,50,0,0,33,0,0,4,0
32.061249,0,1,94,60,1378,99,245,50,0,1,33,0,0,4,0
32.072766,0,0,94,60,1378,99,245,50,0,1,33,0,0,4,0
32.074667,1,0,94,60,1378,99,245,51,0,1,33,0,0,4,0
32.084185,0,0,94,60,1378,99,245,51,0,1,33,0,0,4,0
32.088226,0,0,94,60,1378,99,245,51,0,1,33,0,0,4,0
32.092288,0,1,94,60,1378,99,245,51,0,0,32,0,0,4,0
32.103739,0,0,94,60,1378,99,245,51,0,0,32,0,0,4,0
32.107778,0,0,94,60,1378,99,245,51,0,0,32,0,0,4,0
32.114909,0,0,94,60,1378,99,245,51,0,0,32,0,0,4,0
32.119004,0,0,94,60,1378,99,245,51,0,0,32,0,0,4,0
32.123067,0,1,94,60,1378,99,245,51,0,1,32,0,0,4,0
32.134832,0,1,94,60,1378,99,245,51,0,1,32,0,0,3,0
32.138973,0,0,94,60,1378,99,245,51,0,1,32,0,0,3,0
32.146329,0,0,94,60,1378,99,245,51,0,1,32,0,0,3,0
32.150465,0,0,94,60,1378,99,245,51,0,1,32,0,0,3,0
32.154543,1,0,94,60,1379,99,245,51,0,1,32,0,0,3,0
32.165813,0,1,94,60,1379,99,245,51,0,1,32,0,0,4,0
32.169934,0,0,94,60,1379,99,245,51,0,1,32,0,0,4,0
32.177599,0,0,94,60,1379,99,245,51,0,1,32,0,0,4,0
32.181768,0,0,94,60,1379,99,245,51,0,1,32,0,0,4,0
32.186414,1,0,94,60,1378,99,245,51,0,1,32,0,0,4,0
32.198483,1,1,94,60,1378,99,245,50,0,1,32,0,0,3,0
32.214223,0,1,94,60,1378,99,245,50,0,0,32,0,0,3,0
32.228237,0,1,94,60,1378,99,245,50,0,0,32,0,0,4,0
32.237967,0,0,94,60,1378,99,245,50,0,0,32,0,0,4,0
32.242136,0,1,94,60,1378,99,245,50,0,1,32,0,0,4,0
32.246575,0,1,94,60,1378,99,245,50,0,1,32,1,0,4,0
32.259187,0,1,94,60,1378,99,245,50,0,1,32,1,0,3,0
32.268967,0,0,94,60,1378,99,245,50,0,1,32,1,0,3,0
32.273851,0,1,94,60,1378,99,245,50,0,1,36,1,0,3,87
32.277975,1,0,94,60,1380,99,245,50,0,1,36,1,0,3,87
32.290153,0,0,94,60,1380,99,245,50,0,1,36,1,0,3,87
32.299674,0,0,94,60,1380,99,245,50,0,1,36,1,0,3,87
32.303762,0,1,94,60,1380,99,245,50,0,0,36,0,0,3,87
32.307901,0,0,94,60,1380,99,245,50,0,0,36,0,0,3,87
32.321770,1,0,94,60,1380,99,245,51,0,0,36,0,0,3,87
32.331361,0,0,94,60,1380,99,245,51,0,0,36,0,0,3,0
32.335510,1,1,94,60,1382,99,245,51,0,0,34,0,0,3,0
32.339669,0,0,94,60,1382,99,245,51,0,0,34,0,0,3,0
32.351693,0,0,94,60,1382,99,245,51,0,0,34,0,0,3,0
32.355859,0,1,94,60,1382,99,245,51,1,0,34,0,0,3,0
32.363632,0,0,94,60,1382,99,245,51,1,0,34,0,0,3,0
32.367788,0,1,94,60,1382,99,245,51,1,0,34,0,0,4,0
32.371875,0,0,94,60,1382,99,245,51,1,0,34,0,0,4,0
32.383146,0,0,94,60,1382,99,245,51,1,0,34,0,0,4,0
32.392763,0,1,94,60,1382,99,245,51,1,1,34,0,0,4,0
32.396864,0,1,94,60,1382,99,245,51,1,1,34,1,0,4,0
32.401267,0,0,94,60,1382,99,245,51,1,1,34,1,0,4,0
32.414131,0,0,94,60,1382,99,245,51,1,1,34,1,0,4,0
32.418244,0,1,94,60,1382,99,245,51,0,0,34,1,0,4,0
32.425241,0,0,94,60,1382,99,245,51,0,0,34,1,0,4,0
32.429300,0,1,94,60,1382,99,245,51,0,0,34,0,0,4,0
32.433453,0,0,94,60,1382,99,245,51,0,0,34,0,0,4,0
32.445243,0,0,94,60,1382,99,245,51,0,0,34,0,0,4,0
32.454849,0,0,94,60,1382,99,245,51,0,0,34,0,0,4,0
32.459725,0,0,94,60,1382,99,245,51,0,0,34,0,0,4,0
32.464782,1,0,94,60,1382,99,245,50,0,0,34,0,0,4,0
32.476508,0,0,94,60,1382,99,245,50,0,0,34,0,0,4,0
32.486196,0,0,94,60,1382,99,245,50,0,0,34,0,0,4,0
32.489177,0,1,94,60,1382,99,245,50,0,0,34,1,0,4,0
32.495687,0,0,94,60,1382,99,245,50,0,0,34,1,0,4,0
32.507628,0,0,94,60,1382,99,245,50,0,0,34,1,0,4,0
32.516714,0,1,94,60,1382,99,245,50,0,0,33,0,0,4,0
32.520775,1,0,94,60,1382,99,245,51,0,0,33,0,0,4,0
32.524872,0,0,94,60,1382,99,245,51,0,0,33,0,0,4,0
32.537763,0,0,94,60,1382,99,245,51,0,0,33,0,0,4,0
32.541854,0,1,94,60,1382,99,245,51,0,0,34,0,0,4,0
32.549156,0,0,94,60,1382,99,245,51,0,0,34,0,0,4,0
32.553249,0,0,94,60,1382,99,245,51,0,0,34,0,0,4,0
32.557330,0,0,94,60,1382,99,245,51,0,0,34,0,0,4,0
32.568820,0,0,94,60,1382,99,245,51,0,0,34,0,0,4,0
32.572896,0,0,94,60,1382,99,245,51,0,0,34,0,0,4,0
32.579878,0,0,94,60,1382,99,245,51,0,0,34,0,0,4,0
32.583927,0,0,94,60,1382,99,245,51,0,0,34,0,0,4,0
32.588023,0,0,94,60,1382,99,245,51,0,0,34,0,0,4,0
32.599731,0,0,94,60,1382,99,245,51,0,0,34,0,0,4,0
32.603815,0,0,94,60,1382,99,245,51,0,0,34,0,0,4,0
32.611163,0,0,94,60,1382,99,245,51,0,0,34,0,0,4,0
32.617768,0,0,94,60,1382,99,245,51,0,0,34,0,0,4,0
32.630689,0,0,94,60,1382,99,245,51,0,0,34,0,0,4,0
32.634771,1,0,94,60,1382,100,245,51,0,0,34,0,0,4,0
32.642101,0,1,94,60,1382,100,245,51,0,0,34,0,0,3,0
32.646195,0,0,94,60,1382,100,245,51,0,0,34,0,0,3,0
32.650316,0,0,94,60,1382,100,245,51,0,0,34,0,0,3,0
32.661757,0,0,94,60,1382,100,245,51,0,0,34,0,0,3,80
32.671733,1,1,94,60,1384,98,245,51,0,0,36,0,0,3,80
32.675875,0,0,94,60,1384,98,245,51,0,0,36,0,0,3,80
32.680007,0,0,94,60,1384,98,245,51,0,0,36,0,0,3,80
32.693112,0,1,94,60,1384,98,245,51,0,0,36,1,0,3,77
32.702726,1,1,94,60,1384,99,245,51,0,0,36,1,0,4,77
32.707225,0,0,94,60,1384,99,245,51,0,0,36,1,0,4,77
32.711771,0,0,94,60,1384,99,245,51,0,0,36,1,0,4,77
32.724070,1,1,94,60,1385,99,245,51,0,0,36,0,0,4,0
32.733984,1,1,94,60,1385,98,245,50,0,0,36,0,0,3,0
32.738190,0,0,94,60,1385,98,245,50,0,0,36,0,0,3,0
32.742413,0,0,94,60,1385,98,245,50,0,0,36,0,0,3,0
32.755107,0,0,94,60,1385,98,245,50,0,0,36,0,0,3,0
32.764635,0,1,94,60,1385,98,245,50,0,0,36,0,0,4,0
32.769142,0,0,94,60,1385,98,245,50,0,0,36,0,0,4,0
32.773237,0,0,94,60,1385,98,245,50,0,0,36,0,0,4,0
32.785756,0,1,94,60,1385,98,245,50,0,0,36,1,0,4,0
32.789967,0,0,94,60,1385,98,245,50,0,0,36,1,0,4,0
32.797459,0,0,94,60,1385,98,245,50,0,0,36,1,0,4,0
32.802006,0,0,94,60,1385,98,245,50,0,0,36,1,0,4,0
32.815486,0,1,94,60,1385,98,245,50,0,0,35,1,0,4,0
32.819705,0,1,94,60,1385,98,245,50,0,0,35,1,0,3,0
32.828161,0,0,94,60,1385,98,245,50,0,0,35,1,0,3,0
32.830056,0,0,94,60,1385,98,245,50,0,0,35,1,0,3,0
32.834575,0,1,94,60,1385,98,245,50,0,0,34,1,0,3,0
32.847762,0,1,94,60,1385,98,245,50,0,0,34,1,0,4,0
32.852281,0,0,94,60,1385,98,245,50,0,0,34,1,0,4,0
32.859443,0,0,94,60,1385,98,245,50,0,0,34,1,0,4,0
32.863597,0,1,94,60,1385,98,245,50,1,0,34,1,0,4,0
32.867815,0,1,94,60,1385,98,245,50,1,0,35,1,0,4,0
32.879107,0,1,94,60,1385,98,245,50,1,0,35,1,0,3,0
32.888602,0,0,94,60,1385,98,245,50,1,0,35,1,0,3,0
32.892786,0,1,94,60,1385,98,245,50,0,0,35,1,0,3,0
32.896971,0,1,94,60,1385,98,245,50,0,0,34,0,0,3,0
32.909794,1,0,94,60,1385,98,245,51,0,0,34,0,0,3,0
32.914283,0,0,94,60,1385,98,245,51,0,0,34,0,0,3,0
32.921227,0,0,94,60,1385,98,245,51,0,0,34,0,0,3,0
32.925388,0,0,94,60,1385,98,245,51,0,0,34,0,0,3,0
32.929916,0,1,94,60,1385,98,245,51,0,0,34,1,0,3,0
32.941082,0,1,94,60,1385,98,245,51,0,0,34,1,0,4,0
32.950739,0,0,94,60,1385,98,245,51,0,0,34,1,0,4,0
32.957656,0,1,94,60,1385,98,245,51,0,0,35,1,0,4,0
32.970726,0,1,94,60,1385,98,245,51,0,0,35,1,0,3,0
32.975261,0,0,94,60,1385,98,245,51,0,0,35,1,0,3,0
32.982831,0,0,94,60,1385,98,245,51,0,0,35,1,0,3,0
32.986839,0,1,94,60,1385,98,245,51,0,0,34,1,0,3,0
32.991271,0,0,94,60,1385,98,245,51,0,0,34,1,0,3,0
33.003120,0,0,94,60,1385,98,245,51,0,0,34,1,0,3,0
33.012852,0,0,94,60,1385,98,245,51,0,0,34,1,0,3,0
33.016988,1,1,94,60,1386,98,245,51,0,0,39,1,0,3,110
33.021158,0,1,94,60,1386,98,245,51,0,0,39,0,0,3,110
33.033990,0,0,94,60,1386,98,245,51,0,0,39,0,0,3,110
33.038185,0,0,94,60,1386,98,245,51,0,0,39,0,0,3,110
33.045112,0,0,94,60,1386,98,245,51,0,0,39,0,0,3,110
33.049948,0,0,94,60,1386,98,245,51,0,0,39,0,0,3,110
33.063635,0,0,94,60,1386,98,245,51,0,0,39,0,0,3,110
33.067737,0,0,94,60,1386,98,245,51,0,0,39,0,0,3,110
33.075876,0,1,94,60,1386,98,245,51,0,0,36,0,0,3,0
33.080721,1,1,94,60,1388,98,245,51,0,0,36,1,0,3,0
33.094397,0,1,94,60,1388,98,245,51,0,0,36,1,0,4,0
33.098529,0,0,94,60,1388,98,245,51,0,0,36,1,0,4,0
33.107386,0,0,94,60,1388,98,245,51,0,0,36,1,0,4,0
33.111859,0,0,94,60,1388,98,245,51,0,0,36,1,0,4,0
33.116332,0,0,94,60,1388,98,245,51,0,0,36,1,0,4,0
33.126881,0,0,94,60,1388,98,245,51,0,0,36,1,0,4,0
33.131097,0,0,94,60,1388,98,245,51,0,0,36,1,0,4,0
33.138011,0,1,94,60,1388,98,245,51,0,0,36,0,0,4,0
33.142121,0,1,94,60,1388,98,245,51,0,0,36,0,0,3,0
33.146304,0,0,94,60,1388,98,245,51,0,0,36,0,0,3,0
33.157667,0,0,94,60,1388,98,245,51,0,0,36,0,0,3,0
33.161748,0,1,94,60,1388,98,245,51,1,0,36,0,0,3,0
33.168851,0,0,94,60,1388,98,245,51,1,0,36,0,0,3,0
33.172930,0,0,94,60,1388,98,245,51,1,0,36,0,0,3,0
33.177044,0,0,94,60,1388,98,245,51,1,0,36,0,0,3,0
33.188583,0,1,94,60,1388,98,245,51,0,0,36,0,0,3,0
33.192723,0,1,94,60,1388,98,245,51,0,0,35,0,0,3,0
33.200008,0,0,94,60,1388,98,245,51,0,0,35,0,0,3,0
33.204040,0,1,94,60,1388,98,245,51,0,0,35,0,0,4,0
33.208130,0,0,94,60,1388,98,245,51,0,0,35,0,0,4,0
33.219586,0,0,94,60,1388,98,245,51,0,0,35,0,0,4,0
33.223698,0,1,94,60,1388,98,245,51,0,0,36,0,0,4,0
33.230966,0,0,94,60,1388,98,245,51,0,0,36,0,0,4,0
33.233432,0,0,94,60,1388,98,245,51,0,0,36,0,0,4,0
33.237531,0,0,94,60,1388,98,245,51,0,0,36,0,0,4,0
33.250708,0,0,94,60,1388,98,245,51,0,0,36,0,0,4,0
33.254754,0,0,94,60,1388,98,245,51,0,0,36,0,0,4,0
33.261859,0,0,94,60,1388,98,245,51,0,0,36,0,0,4,0
33.265980,0,0,94,60,1388,98,245,51,0,0,36,0,0,4,0
33.270069,0,0,94,60,1388,98,245,51,0,0,36,0,0,4,0
33.282055,0,0,94,60,1388,98,245,51,0,0,36,0,0,4,0
33.291808,1,0,94,60,1389,98,245,51,0,0,36,0,0,4,0
33.295889,0,0,94,60,1389,98,245,51,0,0,36,0,0,4,0
33.299996,0,0,94,60,1389,98,245,51,0,0,36,0,0,4,0
33.312721,0,0,94,60,1389,98,245,51,0,0,36,0,0,4,0
33.316824,0,0,94,60,1389,98,245,51,0,0,36,0,0,4,0
33.323837,0,1,94,60,1389,98,245,51,0,0,36,0,0,3,0
33.328236,0,0,94,60,1389,98,245,51,0,0,36,0,0,3,0
33.332332,0,0,94,60,1389,98,245,51,0,0,36,0,0,3,0
33.343707,0,0,94,60,1389,98,245,51,0,0,36,0,0,3,0
33.347802,0,0,94,60,1389,98,245,51,0,0,36,0,0,3,0
33.355100,0,0,94,60,1389,98,245,51,0,0,36,0,0,3,0
33.361746,0,0,94,60,1389,98,245,51,0,0,36,0,0,3,0
33.374619,0,0,94,60,1389,98,245,51,0,0,36,0,0,3,0
33.378719,0,0,94,60,1389,98,245,51,0,0,36,0,0,3,0
33.386023,0,0,94,60,1389,98,245,51,0,0,36,0,0,3,0
33.390132,0,0,94,60,1389,98,245,51,0,0,36,0,0,3,0
33.394242,0,0,94,60,1389,98,245,51,0,0,36,0,0,3,0
33.405639,0,1,94,60,1389,98,245,51,0,0,39,1,0,3,87
33.409731,0,1,94,60,1389,98,245,51,0,0,39,1,0,4,87
33.417232,0,0,94,60,1389,98,245,51,0,0,39,1,0,4,87
33.421317,0,0,94,60,1389,98,245,51,0,0,39,1,0,4,87
33.425450,0,0,94,60,1389,98,245,51,0,0,39,1,0,4,-46
33.436640,1,1,94,60,1390,98,245,51,0,0,40,0,0,4,-46
33.440745,0,0,94,60,1390,98,245,51,0,0,40,0,0,4,-46
33.447833,0,0,94,60,1390,98,245,51,0,0,40,0,0,4,-46
33.451902,0,0,94,60,1390,98,245,51,0,0,40,0,0,4,-46
33.455979,0,1,94,60,1390,98,245,51,0,0,37,0,0,4,0
33.467618,1,0,94,60,1391,98,245,51,0,0,37,0,0,4,0
33.471741,0,1,94,60,1391,98,245,51,0,0,37,0,0,3,0
33.479482,0,0,94,60,1391,98,245,51,0,0,37,0,0,3,0
33.483565,0,0,94,60,1391,98,245,51,0,0,37,0,0,3,0
33.487724,0,0,94,60,1391,98,245,51,0,0,37,0,0,3,0
33.498658,0,1,94,60,1391,98,245,51,0,0,37,0,0,4,0
33.502778,0,0,94,60,1391,98,245,51,0,0,37,0,0,4,0
33.509819,0,0,94,60,1391,98,245,51,0,0,37,0,0,4,0
33.513950,0,0,94,60,1391,98,245,51,0,0,37,0,0,4,0
33.518069,0,0,94,60,1391,98,245,51,0,0,37,0,0,4,0
33.529643,0,0,94,60,1391,98,245,51,0,0,37,0,0,4,0
33.533686,0,0,94,60,1391,98,245,51,0,0,37,0,0,4,0
33.540804,0,0,94,60,1391,98,245,51,0,0,37,0,0,4,0
33.544947,0,0,94,60,1391,98,245,51,0,0,37,0,0,4,0
33.549073,0,0,94,60,1391,98,245,51,0,0,37,0,0,4,0
33.560688,0,1,94,60,1391,98,245,51,0,0,37,0,0,3,0
33.564763,0,0,94,60,1391,98,245,51,0,0,37,0,0,3,0
33.572070,0,0,94,60,1391,98,245,51,0,0,37,0,0,3,0
33.576160,0,0,94,60,1391,98,245,51,0,0,37,0,0,3,0
33.580606,0,0,94,60,1391,98,245,51,0,0,37,0,0,3,0
33.592039,0,0,94,60,1391,98,245,51,0,0,37,0,0,3,0
33.601545,0,0,94,60,1391,98,245,51,0,0,37,0,0,3,0
33.605657,0,0,94,60,1391,98,245,51,0,0,37,0,0,3,0
33.609736,0,0,94,60,1391,98,245,51,0,0,37,0,0,3,0
33.623149,0,0,94,60,1391,98,245,51,0,0,37,0,0,3,0
33.625324,0,0,94,60,1391,98,245,51,0,0,37,0,0,3,0
33.633799,0,0,94,60,1391,98,245,51,0,0,37,0,0,3,0
33.637886,0,1,94,60,1391,98,245,51,0,0,36,0,0,3,0
33.642029,0,1,94,60,1391,98,245,51,0,0,36,0,0,4,0
33.653678,0,0,94,60,1391,98,245,51,0,0,36,0,0,4,0
33.657707,0,0,94,60,1391,98,245,51,0,0,36,0,0,4,0
33.665311,0,0,94,60,1391,98,245,51,0,0,36,0,0,4,0
33.669415,0,0,94,60,1391,98,245,51,0,0,36,0,0,4,0
33.673517,0,0,94,60,1391,98,245,51,0,0,36,0,0,4,0
33.684718,0,0,94,60,1391,98,245,51,0,0,36,0,0,4,0
33.688735,0,0,94,60,1391,98,245,51,0,0,36,0,0,4,0
33.695783,0,0,94,60,1391,98,245,51,0,0,36,0,0,4,0
33.699843,0,0,94,60,1391,98,245,51,0,0,36,0,0,4,0
33.703919,1,0,94,60,1391,98,245,50,0,0,36,0,0,4,0
33.715714,0,0,94,60,1391,98,245,50,0,0,36,0,0,4,0
33.719775,0,0,94,60,1391,98,245,50,0,0,36,0,0,4,0
33.727161,0,0,94,60,1391,98,245,50,0,0,36,0,0,4,0
33.731610,0,0,94,60,1391,98,245,50,0,0,36,0,0,4,0
33.735701,0,0,94,60,1391,98,245,50,0,0,36,0,0,4,0
33.746586,0,0,94,60,1391,98,245,50,0,0,36,0,0,4,0
33.758701,0,1,94,60,1391,98,245,50,0,0,36,1,0,4,0
33.763149,0,0,94,60,1391,98,245,50,0,0,36,1,0,4,0
33.776405,0,0,94,60,1391,98,245,50,0,0,36,1,0,4,0
33.780579,0,0,94,60,1391,98,245,50,0,0,36,1,0,4,0
33.788871,0,1,94,60,1391,98,245,50,0,0,36,0,0,4,0
33.792910,0,0,94,60,1391,98,245,50,0,0,36,0,0,4,0
33.797099,0,0,94,60,1391,98,245,50,0,0,36,0,0,4,0
33.808561,0,0,94,60,1391,98,245,50,0,0,36,0,0,4,0
33.818648,0,1,94,60,1391,98,245,50,0,0,39,0,0,4,72
33.823175,1,0,94,60,1392,98,245,51,0,0,39,0,0,4,72
33.827352,0,0,94,60,1392,98,245,51,0,0,39,0,0,4,72
33.839947,0,0,94,60,1392,98,245,51,0,0,39,0,0,4,72
33.849851,0,1,94,60,1392,98,245,51,0,0,41,0,0,4,83
33.856000,1,1,94,60,1394,98,245,51,0,0,41,1,-1,4,83
33.871321,0,0,94,60,1394,98,245,51,0,0,41,1,-1,4,83
33.882114,0,1,94,60,1394,98,245,51,0,0,41,1,0,4,83
33.888077,0,1,94,60,1394,98,245,51,0,0,41,1,0,3,83
33.902202,0,0,94,60,1394,98,245,51,0,0,41,1,0,3,83
33.913208,1,1,94,60,1395,98,245,51,0,0,39,0,-1,3,0
33.919269,0,1,94,60,1395,98,245,51,0,0,39,0,-1,4,0
33.934063,0,0,94,60,1395,98,245,51,0,0,39,0,-1,4,0
33.943364,0,1,94,60,1395,98,245,51,0,0,39,1,0,3,0
33.947426,0,0,94,60,1395,98,245,51,0,0,39,1,0,3,0
33.951525,0,0,94,60,1395,98,245,51,0,0,39,1,0,3,0
33.963619,0,1,94,60,1395,98,245,51,0,0,38,1,0,3,0
33.967687,0,1,94,60,1395,98,245,51,0,0,38,0,0,3,0
33.975052,1,1,94,60,1395,98,245,50,0,0,38,0,0,4,0
33.979147,0,0,94,60,1395,98,245,50,0,0,38,0,0,4,0
33.983332,0,0,94,60,1395,98,245,50,0,0,38,0,0,4,0
33.995010,0,0,94,60,1395,98,245,50,0,0,38,0,0,4,0
34.004617,0,1,94,60,1395,98,245,50,0,0,38,0,0,3,0
34.009458,0,0,94,60,1395,98,245,50,0,0,38,0,0,3,0
34.012045,0,0,94,60,1395,98,245,50,0,0,38,0,0,3,0
34.025089,0,0,94,60,1395,98,245,50,0,0,38,0,0,3,0
34.029262,1,0,94,60,1395,99,245,50,0,0,38,0,0,3,0
34.037775,1,0,94,60,1395,99,245,51,0,0,38,0,0,3,0
34.041947,0,0,94,60,1395,99,245,51,0,0,38,0,0,3,0
34.055416,0,1,94,60,1395,99,245,51,0,0,37,0,0,3,0
34.059945,0,0,94,60,1395,99,245,51,0,0,37,0,0,3,0
34.068134,0,0,94,60,1395,99,245,51,0,0,37,0,0,3,0
34.072728,0,0,94,60,1395,99,245,51,0,0,37,0,0,3,0
34.077202,0,1,94,60,1395,99,245,51,0,0,38,0,0,3,0
34.087782,0,1,94,60,1395,99,245,51,0,0,38,1,0,3,0
34.097800,0,0,94,60,1395,99,245,51,0,0,38,1,0,3,0
34.101985,0,0,94,60,1395,99,245,51,0,0,38,1,0,3,0
34.106506,0,0,94,60,1395,99,245,51,0,0,38,1,0,3,0
34.118756,0,1,94,60,1395,99,245,51,0,0,38,0,0,3,0
34.122933,0,0,94,60,1395,99,245,51,0,0,38,0,0,3,0
34.130578,0,0,94,60,1395,99,245,51,0,0,38,0,0,3,0
34.138407,0,1,94,60,1395,99,245,51,0,0,38,1,0,3,0
34.149641,0,0,94,60,1395,99,245,51,0,0,38,1,0,3,0
34.159532,0,0,94,60,1395,99,245,51,0,0,38,1,0,3,0
34.164090,0,0,94,60,1395,99,245,51,0,0,38,1,0,3,0
34.168596,0,1,94,60,1395,99,245,51,0,0,37,0,0,3,0
34.180617,0,0,94,60,1395,99,245,51,0,0,37,0,0,3,0
34.190615,0,0,94,60,1395,99,245,51,0,0,37,0,0,3,0
34.195100,0,0,94,60,1395,99,245,51,0,0,37,0,0,3,0
34.199232,1,1,94,60,1396,99,245,51,0,0,41,0,0,3,93
34.211549,0,0,94,60,1396,99,245,51,0,0,41,0,0,3,93
34.215688,0,0,94,60,1396,99,245,51,0,0,41,0,0,3,93
34.223251,0,0,94,60,1396,99,245,51,0,0,41,0,0,3,93
34.227383,1,1,94,60,1398,99,245,51,0,0,39,0,0,3,0
34.231843,0,0,94,60,1398,99,245,51,0,0,39,0,0,3,0
34.243488,0,0,94,60,1398,99,245,51,0,0,39,0,0,3,0
34.252751,0,0,94,60,1398,99,245,51,0,0,39,0,0,3,0
34.256857,0,1,94,60,1398,99,245,51,0,0,38,0,0,3,0
34.260905,0,0,94,60,1398,99,245,51,0,0,38,0,0,3,0
34.273646,0,1,94,60,1398,99,245,51,0,0,38,0,0,4,0
34.277768,0,0,94,60,1398,99,245,51,0,0,38,0,0,4,0
34.284669,0,0,94,60,1398,99,245,51,0,0,38,0,0,4,0
34.288742,0,1,94,60,1398,99,245,51,0,0,38,1,0,4,0
34.292840,0,1,94,60,1398,99,245,51,0,0,38,1,0,3,0
34.304623,0,0,94,60,1398,99,245,51,0,0,38,1,0,3,0
34.308724,0,0,94,60,1398,99,245,51,0,0,38,1,0,3,0
34.315921,0,0,94,60,1398,99,245,51,0,0,38,1,0,3,0
34.320066,0,0,94,60,1398,99,245,51,0,0,38,1,0,3,0
34.324220,0,0,94,60,1398,99,245,51,0,0,38,1,0,3,0
34.336410,0,0,94,60,1398,99,245,51,0,0,38,1,0,3,0
34.345806,0,0,94,60,1398,99,245,51,0,0,38,1,0,3,0
34.350273,0,0,94,60,1398,99,245,51,0,0,38,1,0,3,0
34.354806,0,0,94,60,1398,99,245,51,0,0,38,1,0,3,0
34.366998,0,0,94,60,1398,99,245,51,0,0,38,1,0,3,0
34.376526,0,1,94,60,1398,99,245,51,0,0,37,1,0,3,0
34.380688,0,1,94,60,1398,99,245,51,0,0,37,0,0,3,0
34.382836,0,1,94,60,1398,99,245,51,0,0,37,0,0,4,0
34.386947,0,0,94,60,1398,99,245,51,0,0,37,0,0,4,0
34.399264,0,0,94,60,1398,99,245,51,0,0,37,0,0,4,0
34.410485,0,0,94,60,1398,99,245,51,0,0,37,0,0,4,0
34.416404,0,1,94,60,1398,99,245,51,0,0,37,0,0,3,0
34.430142,0,0,94,60,1398,99,245,51,0,0,37,0,0,3,0
34.440785,0,0,94,60,1398,99,245,51,0,0,37,0,0,3,0
34.446386,0,1,94,60,1398,99,245,51,0,0,37,0,0,4,0
34.461146,0,0,94,60,1398,99,245,51,0,0,37,0,0,4,0
34.472418,0,1,94,60,1398,99,245,51,0,0,37,0,0,3,0
34.478212,1,0,94,60,1398,99,245,50,0,0,37,0,0,3,0
34.492171,0,0,94,60,1398,99,245,50,0,0,37,0,0,3,0
34.502350,0,0,94,60,1398,99,245,50,0,0,37,0,0,3,0
34.521961,0,0,94,60,1398,99,245,50,0,0,37,0,0,4,0
34.533064,0,0,94,60,1398,99,245,50,0,0,37,0,0,4,0
34.538966,1,0,94,60,1398,99,245,51,0,0,37,0,0,4,0
34.553002,0,1,94,60,1398,99,245,51,0,1,37,0,0,4,0
34.564027,1,1,94,60,1399,99,245,51,0,1,40,0,0,4,75
34.569934,0,0,94,60,1399,99,245,51,0,1,40,0,0,4,75
34.584026,0,1,94,60,1399,99,245,51,0,0,40,0,0,4,0
34.595351,1,1,94,60,1400,99,245,51,0,0,39,0,0,4,0
34.601363,0,0,94,60,1400,99,245,51,0,0,39,0,0,4,0
34.615543,0,0,94,60,1400,99,245,51,0,0,39,0,0,4,0
34.625184,0,0,94,60,1400,99,245,51,0,0,39,0,0,4,0
34.630039,0,0,94,60,1400,99,245,51,0,0,39,0,0,4,0
34.634229,0,1,94,60,1400,99,245,51,0,1,39,0,0,4,0
34.645930,0,0,94,60,1400,99,245,51,0,1,39,0,0,4,0
34.655596,0,0,94,60,1400,99,245,51,0,1,39,0,0,4,0
34.660121,0,0,94,60,1400,99,245,51,0,1,39,0,0,4,0
34.664629,0,1,94,60,1400,99,245,51,0,0,39,0,0,4,0
34.676874,0,1,94,60,1400,99,245,51,0,0,38,0,0,4,0
34.687446,0,0,94,60,1400,99,245,51,0,0,38,0,0,4,0
34.693619,0,0,94,60,1400,99,245,51,0,0,38,0,0,4,0
34.708142,0,1,94,60,1400,99,245,51,0,0,39,0,0,4,0
34.718688,0,0,94,60,1400,99,245,51,0,0,39,0,0,4,0
34.723165,0,0,94,60,1400,99,245,51,0,0,39,0,0,4,0
34.727710,0,0,94,60,1400,99,245,51,0,0,39,0,0,4,0
34.738587,0,0,94,60,1400,99,245,51,0,0,39,0,0,4,0
34.748544,0,0,94,60,1400,99,245,51,0,0,39,0,0,4,0
34.751051,0,0,94,60,1400,99,245,51,0,0,39,0,0,4,0
34.755595,0,1,94,60,1400,99,245,51,0,1,38,0,0,4,0
34.768931,0,0,94,60,1400,99,245,51,0,1,38,0,0,4,0
34.773375,0,0,94,60,1400,99,245,51,0,1,38,0,0,4,0
34.781296,0,0,94,60,1400,99,245,51,0,1,38,0,0,4,0
34.785415,0,1,94,60,1400,99,245,51,0,0,39,0,0,4,0
34.789499,0,0,94,60,1400,99,245,51,0,0,39,0,0,4,0
34.800489,0,1,94,60,1400,99,245,51,0,0,39,0,0,3,0
34.804567,0,0,94,60,1400,99,245,51,0,0,39,0,0,3,0
34.811658,0,0,94,60,1400,99,245,51,0,0,39,0,0,3,0
34.815780,0,1,94,60,1400,99,245,51,0,0,38,0,0,3,0
34.819764,0,0,94,60,1400,99,245,51,0,0,38,0,0,3,0
34.831539,0,1,94,60,1400,99,245,51,0,0,38,0,0,4,0
34.835570,0,0,94,60,1400,99,245,51,0,0,38,0,0,4,0
34.842628,0,0,94,60,1400,99,245,51,0,0,38,0,0,4,0
34.846760,0,0,94,60,1400,99,245,51,0,0,38,0,0,4,0
34.850808,0,0,94,60,1400,99,245,51,0,0,38,0,0,4,0
34.862577,1,1,94,60,1400,99,245,50,0,0,38,0,0,3,0
34.866629,0,0,94,60,1400,99,245,50,0,0,38,0,0,3,0
34.876469,0,0,94,60,1400,99,245,50,1,1,38,0,0,3,0
34.880607,0,0,94,60,1400,99,245,50,1,1,38,0,0,3,0
34.893512,0,0,94,60,1400,99,245,50,1,1,38,0,0,3,0
34.897642,0,0,94,60,1400,99,245,50,1,1,38,0,0,3,0
34.904682,0,1,94,60,1400,99,245,50,0,1,38,0,0,3,0
34.908733,0,1,94,60,1400,99,245,50,0,1,38,1,0,3,0
34.912774,0,1,94,60,1400,99,245,50,0,1,38,1,0,4,0
34.924557,0,0,94,60,1400,99,245,50,0,1,38,1,0,4,0
34.928700,0,0,94,60,1400,99,245,50,0,1,38,1,0,4,0
34.935687,0,0,94,60,1400,99,245,50,0,1,38,1,0,4,0
34.939762,0,0,94,60,1400,99,245,50,0,1,38,1,0,4,0
34.943830,0,0,94,60,1400,99,245,50,0,1,38,1,0,4,0
34.956273,0,0,94,60,1400,99,245,50,0,1,38,1,0,4,0
34.965929,0,0,94,60,1400,99,245,50,0,1,38,1,0,4,0
34.971041,1,1,94,60,1401,99,245,50,0,1,43,0,0,4,102
34.985749,0,1,94,60,1401,99,245,50,0,1,43,0,0,3,102
34.991030,0,0,94,60,1401,99,245,50,0,1,43,0,0,3,102
34.998207,0,1,94,60,1401,99,245,50,0,0,43,0,0,3,57
35.002711,1,1,94,60,1403,99,245,50,0,0,40,0,0,3,57
35.006862,1,0,94,60,1403,99,245,51,0,0,40,0,0,3,57
35.018117,0,0,94,60,1403,99,245,51,0,0,40,0,0,3,57
35.027508,0,0,94,60,1403,99,245,51,0,0,40,0,0,3,57
35.031688,1,1,94,60,1405,99,245,51,0,1,39,0,0,3,0
35.037038,0,1,94,60,1405,99,245,51,0,1,39,0,0,4,0
35.049839,0,0,94,60,1405,99,245,51,0,1,39,0,0,4,0
35.060044,0,1,94,60,1405,99,245,51,0,0,39,0,0,4,0
35.065605,0,0,94,60,1405,99,245,51,0,0,39,0,0,4,0
35.079941,0,0,94,60,1405,99,245,51,0,0,39,0,0,4,0
35.091048,0,0,94,60,1405,99,245,51,0,0,39,0,0,4,0
35.096757,0,1,94,60,1405,99,245,51,0,0,39,1,0,4,0
35.110844,0,0,94,60,1405,99,245,51,0,0,39,1,0,4,0
35.120981,0,1,94,60,1405,99,245,51,0,1,39,0,0,4,0
35.125704,0,1,94,60,1405,99,245,51,0,1,39,0,0,3,0
35.130265,0,0,94,60,1405,99,245,51,0,1,39,0,0,3,0
35.141528,0,0,94,60,1405,99,245,51,0,1,39,0,0,3,0
35.146077,0,0,94,60,1405,99,245,51,0,1,39,0,0,3,0
35.153377,0,0,94,60,1405,99,245,51,0,1,39,0,0,3,0
35.157913,1,0,94,60,1405,99,245,50,0,1,39,0,0,3,0
35.171266,0,0,94,60,1405,99,245,50,0,1,39,0,0,3,0
35.175455,0,1,94,60,1405,99,245,50,0,0,39,0,0,3,0
35.183686,0,0,94,60,1405,99,245,50,0,0,39,0,0,3,0
35.186256,0,0,94,60,1405,99,245,50,0,0,39,0,0,3,0
35.190428,0,0,94,60,1405,99,245,50,0,0,39,0,0,3,0
35.203538,0,0,94,60,1405,99,245,50,0,0,39,0,0,3,0
35.207742,0,0,94,60,1405,99,245,50,0,0,39,0,0,3,0
35.215488,0,1,94,60,1405,99,245,50,0,0,39,1,0,3,0
35.219991,0,0,94,60,1405,99,245,50,0,0,39,1,0,3,0
35.233334,0,0,94,60,1405,99,245,50,0,0,39,1,0,3,0
35.238203,0,1,94,60,1405,99,245,50,0,0,39,0,0,3,0
35.245937,0,0,94,60,1405,99,245,50,0,0,39,0,0,3,0
35.250078,1,0,94,60,1405,99,245,51,0,0,39,0,0,3,0
35.254601,0,0,94,60,1405,99,245,51,0,0,39,0,0,3,0
35.265646,0,0,94,60,1405,99,245,51,0,0,39,0,0,3,0
35.275489,0,0,94,60,1405,99,245,51,0,0,39,0,0,3,0
35.279617,0,0,94,60,1405,99,245,51,0,0,39,0,0,3,0
35.283747,0,0,94,60,1405,99,245,51,0,0,39,0,0,3,0
35.297348,0,0,94,60,1405,99,245,51,0,0,39,0,0,3,0
35.306766,0,1,94,60,1405,99,245,51,0,0,39,1,0,3,0
35.314829,0,0,94,60,1405,99,245,51,0,0,39,1,0,3,0
35.327910,0,1,94,60,1405,99,245,51,0,1,39,1,0,3,0
35.337776,0,1,94,60,1405,99,245,51,0,1,38,0,0,3,0
35.341916,0,0,94,60,1405,99,245,51,0,1,38,0,0,3,0
35.346415,0,0,94,60,1405,99,245,51,0,1,38,0,0,3,0
35.358521,1,1,94,60,1406,99,245,51,0,1,41,0,0,3,-51
35.362570,0,0,94,60,1406,99,245,51,0,1,41,0,0,3,-51
35.369690,0,0,94,60,1406,99,245,51,0,1,41,0,0,3,-51
35.373738,0,0,94,60,1406,99,245,51,0,1,41,0,0,3,-51
35.377789,0,1,94,60,1406,99,245,51,0,0,41,0,0,3,-51
35.389510,1,1,94,60,1407,99,245,51,0,0,39,0,0,3,0
35.399508,0,0,94,60,1407,99,245,51,0,0,39,0,0,3,0
35.403643,0,0,94,60,1407,99,245,51,0,0,39,0,0,3,0
35.407656,0,0,94,60,1407,99,245,51,0,0,39,0,0,3,0
35.420846,0,0,94,60,1407,99,245,51,0,0,39,0,0,3,0
35.424903,0,0,94,60,1407,99,245,51,0,0,39,0,0,3,0
35.432188,0,0,94,60,1407,99,245,51,0,0,39,0,0,3,0
35.436320,0,0,94,60,1407,99,245,51,0,0,39,0,0,3,0
35.440809,0,0,94,60,1407,99,245,51,0,0,39,0,0,3,0
35.451610,0,0,94,60,1407,99,245,51,0,0,39,0,0,3,0
35.455764,0,1,94,60,1407,99,245,51,0,0,39,0,0,4,0
35.462694,0,0,94,60,1407,99,245,51,0,0,39,0,0,4,0
35.466751,0,0,94,60,1407,99,245,51,0,0,39,0,0,4,0
35.470795,0,0,94,60,1407,99,245,51,0,0,39,0,0,4,0
35.482509,0,1,94,60,1407,99,245,51,0,0,39,0,0,3,0
35.486585,0,0,94,60,1407,99,245,51,0,0,39,0,0,3,0
35.493603,0,0,94,60,1407,99,245,51,0,0,39,0,0,3,0
35.497714,0,0,94,60,1407,99,245,51,0,0,39,0,0,3,0
35.501788,0,0,94,60,1407,99,245,51,0,0,39,0,0,3,0
35.513542,0,1,94,60,1407,99,245,51,0,0,39,0,0,4,0
35.517695,0,0,94,60,1407,99,245,51,0,0,39,0,0,4,0
35.525357,0,0,94,60,1407,99,245,51,0,0,39,0,0,4,0
35.529548,0,1,94,60,1407,99,245,51,0,1,39,0,0,4,0
35.533747,0,0,94,60,1407,99,245,51,0,1,39,0,0,4,0
35.545374,0,1,94,60,1407,99,245,51,0,1,39,0,0,3,0
35.547577,0,0,94,60,1407,99,245,51,0,1,39,0,0,3,0
35.555721,0,0,94,60,1407,99,245,51,0,1,39,0,0,3,0
35.559893,0,1,94,60,1407,99,245,51,0,0,39,0,0,3,0
35.564780,0,1,94,60,1407,99,245,51,0,0,39,1,0,3,0
35.575558,1,0,94,60,1407,99,245,50,0,0,39,1,0,3,0
35.579771,0,0,94,60,1407,99,245,50,0,0,39,1,0,3,0
35.586837,0,0,94,60,1407,99,245,50,0,0,39,1,0,3,0
35.590998,0,1,94,60,1407,99,245,50,0,0,39,0,0,3,0
35.595210,0,1,94,60,1407,99,245,50,0,0,39,0,0,4,0
35.606973,0,0,94,60,1407,99,245,50,0,0,39,0,0,4,0
35.616712,0,0,94,60,1407,99,245,50,0,0,39,0,0,4,0
35.621176,0,0,94,60,1407,99,245,50,0,0,39,0,0,4,0
35.626031,0,1,94,60,1407,99,245,50,0,0,39,1,0,4,0
35.637572,0,0,94,60,1407,99,245,50,0,0,39,1,0,4,0
35.642128,0,0,94,60,1407,99,245,50,0,0,39,1,0,4,0
35.648921,0,0,94,60,1407,99,245,50,0,0,39,1,0,4,0
35.653062,0,1,94,60,1407,99,245,50,0,0,39,0,0,4,0
35.657626,0,0,94,60,1407,99,245,50,0,0,39,0,0,4,0
35.669326,0,0,94,60,1407,99,245,50,0,0,39,0,0,4,0
35.681809,0,0,94,60,1407,99,245,50,0,0,39,0,0,4,0
35.685938,0,1,94,60,1407,99,245,50,0,0,39,0,0,3,0
35.699271,0,0,94,60,1407,99,245,50,0,0,39,0,0,3,0
35.703484,0,0,94,60,1407,99,245,50,0,0,39,0,0,3,0
35.710961,0,0,94,60,1407,99,245,50,0,0,39,0,0,3,0
35.715411,0,0,94,60,1407,99,245,50,0,0,39,0,0,3,0
35.719628,0,0,94,60,1407,99,245,50,0,0,39,0,0,3,0
35.730876,0,0,94,60,1407,99,245,50,0,0,39,0,0,3,0
35.740444,0,0,94,60,1407,99,245,50,0,0,39,0,0,3,91
35.745329,1,1,94,60,1408,99,245,50,0,0,43,1,0,3,91
35.749520,1,0,94,60,1408,99,245,51,0,0,43,1,0,3,91
35.762204,0,0,94,60,1408,99,245,51,0,0,43,1,0,3,91
35.771564,0,0,94,60,1408,99,245,51,0,0,43,1,0,3,0
35.776070,1,1,94,60,1410,99,245,51,0,0,39,1,0,4,0
35.780316,0,0,94,60,1410,99,245,51,0,0,39,1,0,4,0
35.793247,0,0,94,60,1410,99,245,51,0,0,39,1,0,4,0
35.802908,0,1,94,60,1410,99,245,51,0,0,40,1,0,4,0
35.807060,0,1,94,60,1410,99,245,51,0,0,40,1,0,3,0
35.811257,0,0,94,60,1410,99,245,51,0,0,40,1,0,3,0
35.823529,0,0,94,60,1410,99,245,51,0,0,40,1,0,3,0
35.827687,0,1,94,60,1410,99,245,51,0,1,39,1,0,3,0
35.834665,0,1,94,60,1410,99,245,51,0,1,39,0,0,3,0
35.839482,0,0,94,60,1410,99,245,51,0,1,39,0,0,3,0
35.843619,0,0,94,60,1410,99,245,51,0,1,39,0,0,3,0
35.854922,0,1,94,60,1410,99,245,51,0,0,39,0,0,3,0
35.864392,0,0,94,60,1410,99,245,51,0,0,39,0,0,3,0
35.869264,1,0,94,60,1410,99,245,50,0,0,39,0,0,3,0
35.873797,0,0,94,60,1410,99,245,50,0,0,39,0,0,3,0
35.885867,0,0,94,60,1410,99,245,50,0,0,39,0,0,3,0
35.895801,0,0,94,60,1410,99,245,50,0,0,39,0,0,3,0
35.900323,0,1,94,60,1410,99,245,50,0,0,39,0,0,4,0
35.904481,0,0,94,60,1410,99,245,50,0,0,39,0,0,4,0
35.917274,0,0,94,60,1410,99,245,50,0,0,39,0,0,4,0
35.926716,0,1,94,60,1410,99,245,50,0,0,39,0,0,3,0
35.929624,0,0,94,60,1410,99,245,50,0,0,39,0,0,3,0
35.933871,0,0,94,60,1410,99,245,50,0,0,39,0,0,3,0
35.947258,0,0,94,60,1410,99,245,50,0,0,39,0,0,3,0
35.951395,0,1,94,60,1410,99,245,50,0,0,40,1,0,3,0
35.959399,0,0,94,60,1410,99,245,50,0,0,40,1,0,3,0
35.964240,0,0,94,60,1410,99,245,50,0,0,40,1,0,3,0
35.977492,0,1,94,60,1410,99,245,50,0,1,40,1,0,3,0
35.982009,0,1,94,60,1410,99,245,50,0,1,39,0,0,3,0
35.991698,1,0,94,60,1410,99,245,51,0,1,39,0,0,3,0
35.997938,0,0,94,60,1410,99,245,51,0,1,39,0,0,3,0
36.011010,0,1,94,60,1410,99,245,51,0,1,39,1,0,3,0
36.020770,0,0,94,60,1410,99,245,51,0,1,39,1,0,3,0
36.025892,0,0,94,60,1410,99,245,51,0,1,39,1,0,3,0
36.039270,0,0,94,60,1410,99,245,51,0,1,39,1,0,3,0
36.043505,0,1,94,60,1410,99,245,51,0,1,39,0,0,3,0
36.051529,0,0,94,60,1410,99,245,51,0,1,39,0,0,3,0
36.058116,0,0,94,60,1410,99,245,51,0,1,39,0,0,3,0
36.071073,0,0,94,60,1410,99,245,51,0,1,39,0,0,3,0
36.075443,1,0,94,60,1410,99,245,50,0,1,39,0,0,3,0
36.083282,0,0,94,60,1410,99,245,50,0,1,39,0,0,3,0
36.087412,0,0,94,60,1410,99,245,50,0,1,39,0,0,3,0
36.091530,1,1,94,60,1411,99,245,50,0,1,42,0,0,3,95
36.102464,0,1,94,60,1411,99,245,50,0,1,42,0,0,4,95
36.106911,0,0,94,60,1411,99,245,50,0,1,42,0,0,4,95
36.113857,0,0,94,60,1411,99,245,50,0,1,42,0,0,4,95
36.117891,0,0,94,60,1411,99,245,50,0,1,42,0,0,4,95
36.121958,1,0,94,60,1413,99,245,50,0,1,42,0,0,4,4
36.133498,0,0,94,60,1413,99,245,50,0,1,42,0,0,4,4
36.137543,1,0,94,60,1413,99,245,51,0,1,42,0,0,4,4
36.144693,0,0,94,60,1413,99,245,51,0,1,42,0,0,4,4
36.148857,0,0,94,60,1413,99,245,51,0,1,42,0,0,4,0
36.153310,0,1,94,60,1413,99,245,51,0,1,41,0,0,4,0
36.164577,0,1,94,60,1413,99,245,51,0,1,41,0,0,3,0
36.174624,0,0,94,60,1413,99,245,51,0,1,41,0,0,3,0
36.178794,0,1,94,60,1413,99,245,51,0,0,41,0,0,3,0
36.183331,0,1,94,60,1413,99,245,51,0,0,40,0,0,3,0
36.195907,0,1,94,60,1413,99,245,51,0,0,40,0,0,4,0
36.205394,0,0,94,60,1413,99,245,51,0,0,40,0,0,4,0
36.209909,0,0,94,60,1413,99,245,51,0,0,40,0,0,4,0
36.214427,0,0,94,60,1413,99,245,51,0,0,40,0,0,4,0
36.227281,0,0,94,60,1413,99,245,51,0,0,40,0,0,4,0
36.237474,0,0,94,60,1413,99,245,51,0,0,40,0,0,4,0
36.242021,0,1,94,60,1413,99,245,51,0,1,40,0,0,4,0
36.246546,1,0,94,60,1413,99,245,50,0,1,40,0,0,4,0
36.257825,0,0,94,60,1413,99,245,50,0,1,40,0,0,4,0
36.268151,0,0,94,60,1413,99,245,50,0,1,40,0,0,4,0
36.273608,0,0,94,60,1413,99,245,50,0,1,40,0,0,4,0
36.276113,0,0,94,60,1413,99,245,50,0,1,40,0,0,4,0
36.288565,1,0,94,60,1413,99,245,51,0,1,40,0,0,4,0
36.298400,0,0,94,60,1413,99,245,51,0,1,40,0,0,4,0
36.302939,0,1,94,60,1413,99,245,51,0,0,40,0,0,4,0
36.307477,0,0,94,60,1413,99,245,51,0,0,40,0,0,4,0
36.319543,0,0,94,60,1413,99,245,51,0,0,40,0,0,4,0
36.323784,0,0,94,60,1413,99,245,51,0,0,40,0,0,4,0
36.330774,0,1,94,60,1413,99,245,51,0,1,40,0,0,4,0
36.334774,0,1,94,60,1413,99,245,51,0,1,40,1,0,4,0
36.338773,0,0,94,60,1413,99,245,51,0,1,40,1,0,4,0
36.350442,0,0,94,60,1413,99,245,51,0,1,40,1,0,4,0
36.354442,0,0,94,60,1413,99,245,51,0,1,40,1,0,4,0
36.361794,0,1,94,60,1413,99,245,51,0,0,40,1,0,4,0
36.365864,0,1,94,60,1413,99,245,51,0,0,40,0,0,4,0
36.369871,1,0,94,60,1413,99,245,50,0,0,40,0,0,4,0
36.381354,0,0,94,60,1413,99,245,50,0,0,40,0,0,4,0
36.385498,0,0,94,60,1413,99,245,50,0,0,40,0,0,4,0
36.392977,0,0,94,60,1413,99,245,50,0,0,40,0,0,4,0
36.399434,0,0,94,60,1413,99,245,50,0,0,40,0,0,3,0
36.412390,0,0,94,60,1413,99,245,50,0,0,40,0,0,3,0
36.416466,0,0,94,60,1413,99,245,50,0,0,40,0,0,3,0
36.423599,0,0,94,60,1413,99,245,50,0,0,40,0,0,3,0
36.427723,1,0,94,60,1413,99,245,51,0,0,40,0,0,3,0
36.431755,0,0,94,60,1413,99,245,51,0,0,40,0,0,3,0
36.443336,0,0,94,60,1413,99,245,51,0,0,40,0,0,3,0
36.447377,0,1,94,60,1413,99,245,51,0,1,40,0,0,3,0
36.454782,1,1,94,60,1415,99,245,51,0,1,44,0,0,3,98
36.458825,0,1,94,60,1415,99,245,51,0,1,44,1,0,3,98
36.462862,0,0,94,60,1415,99,245,51,0,1,44,1,0,3,98
36.474884,0,0,94,60,1415,99,245,51,0,1,44,1,0,3,98
36.484422,1,1,94,60,1416,99,245,51,0,1,43,0,0,3,15
36.488919,1,0,94,60,1416,99,245,50,0,1,43,0,0,3,15
36.493124,0,0,94,60,1416,99,245,50,0,1,43,0,0,3,15
36.505455,0,0,94,60,1416,99,245,50,0,1,43,0,0,3,15
36.509604,0,1,94,60,1416,99,245,50,0,1,41,0,0,3,0
36.517380,1,0,94,60,1417,99,245,50,0,1,41,0,0,3,0
36.522283,0,0,94,60,1417,99,245,50,0,1,41,0,0,3,0
36.536191,0,0,94,60,1417,99,245,50,0,1,41,0,0,3,0
36.540713,0,0,94,60,1417,99,245,50,0,1,41,0,0,3,0
36.548613,0,0,94,60,1417,99,245,50,0,1,41,0,0,3,0
36.553476,0,0,94,60,1417,99,245,50,0,1,41,0,0,3,0
36.567194,0,0,94,60,1417,99,245,50,0,1,41,0,0,3,0
36.571359,0,1,94,60,1417,99,245,50,0,0,41,0,0,3,0
36.579360,1,1,94,60,1417,98,245,50,0,0,41,0,0,4,0
36.583848,1,0,94,60,1417,98,245,51,0,0,41,0,0,4,0
36.597244,0,0,94,60,1417,98,245,51,0,0,41,0,0,4,0
36.601806,1,1,94,60,1417,99,245,51,0,1,41,0,0,4,0
36.609693,0,1,94,60,1417,99,245,51,0,1,41,0,0,3,0
36.614182,0,0,94,60,1417,99,245,51,0,1,41,0,0,3,0
36.618665,0,0,94,60,1417,99,245,51,0,1,41,0,0,3,0
36.629478,0,0,94,60,1417,99,245,51,0,1,41,0,0,3,0
36.639786,1,0,94,60,1417,98,245,51,0,1,41,0,0,3,0
36.643899,0,0,94,60,1417,98,245,51,0,1,41,0,0,3,0
36.647993,0,0,94,60,1417,98,245,51,0,1,41,0,0,3,0
36.660396,0,1,94,60,1417,98,245,51,0,0,41,0,0,3,0
36.664558,0,1,94,60,1417,98,245,51,0,0,41,1,0,3,0
36.671543,0,0,94,60,1417,98,245,51,0,0,41,1,0,3,0
36.673422,0,0,94,60,1417,98,245,51,0,0,41,1,0,3,0
36.677538,0,0,94,60,1417,98,245,51,0,0,41,1,0,3,0
36.691131,0,1,94,60,1417,98,245,51,0,1,41,1,0,3,0
36.695378,0,1,94,60,1417,98,245,51,0,1,41,0,0,3,0
36.702591,1,0,94,60,1417,98,245,50,0,1,41,0,0,3,0
36.706723,0,0,94,60,1417,98,245,50,0,1,41,0,0,3,0
36.710850,0,0,94,60,1417,98,245,50,0,1,41,0,0,3,0
36.723411,0,0,94,60,1417,98,245,50,0,1,41,0,0,3,0
36.733186,1,1,94,60,1417,98,245,51,0,1,41,1,0,4,0
36.737782,0,0,94,60,1417,98,245,51,0,1,41,1,0,4,0
36.742300,0,1,94,60,1417,98,245,51,0,0,41,1,0,4,0
36.753816,0,0,94,60,1417,98,245,51,0,0,41,1,0,4,0
36.763466,1,0,94,60,1417,99,245,51,0,0,41,1,0,4,0
36.767970,0,0,94,60,1417,99,245,51,0,0,41,1,0,4,0
36.772126,0,0,94,60,1417,99,245,51,0,0,41,1,0,4,0
36.785111,0,1,94,60,1417,99,245,51,0,0,40,1,0,4,0
36.794578,0,0,94,60,1417,99,245,51,0,0,40,1,0,4,0
36.803058,0,1,94,60,1417,99,245,51,0,1,41,1,0,4,0
36.816264,0,0,94,60,1417,99,245,51,0,1,41,1,0,4,0
36.826011,1,0,94,60,1417,99,245,50,0,1,41,1,0,4,0
36.830500,0,0,94,60,1417,99,245,50,0,1,41,1,0,4,0
36.834651,0,0,94,60,1417,99,245,50,0,1,41,1,0,4,0
36.847190,0,1,94,60,1417,99,245,50,0,1,42,1,0,4,89
36.856565,0,0,94,60,1417,99,245,50,0,1,42,1,0,4,89
36.861081,0,0,94,60,1417,99,245,50,0,1,42,1,0,4,89
36.865195,0,0,94,60,1417,99,245,50,0,1,42,1,0,4,89
36.877485,1,1,94,60,1419,99,245,50,0,1,45,1,0,4,111
36.887429,0,0,94,60,1419,99,245,50,0,1,45,1,0,4,111
36.891935,0,0,94,60,1419,99,245,50,0,1,45,1,0,4,111
36.896476,1,1,94,60,1420,99,245,50,0,0,42,1,0,4,0
36.909186,0,0,94,60,1420,99,245,50,0,0,42,1,0,4,0
36.918754,1,0,94,60,1420,99,245,51,0,0,42,1,0,4,0
36.922871,0,0,94,60,1420,99,245,51,0,0,42,1,0,4,0
36.927390,1,1,94,60,1421,99,245,51,0,1,41,1,0,4,0
36.939765,0,0,94,60,1421,99,245,51,0,1,41,1,0,4,0
36.949395,0,0,94,60,1421,99,245,51,0,1,41,1,0,4,0
36.954302,0,0,94,60,1421,99,245,51,0,1,41,1,0,4,0
36.958800,0,1,94,60,1421,99,245,51,0,1,42,1,0,4,0
36.970482,0,0,94,60,1421,99,245,51,0,1,42,1,0,4,0
36.974996,0,0,94,60,1421,99,245,51,0,1,42,1,0,4,0
36.981815,0,0,94,60,1421,99,245,51,0,1,42,1,0,4,0
36.986683,0,0,94,60,1421,99,245,51,0,1,42,1,0,4,0
37.000208,0,0,94,60,1421,99,245,51,0,1,42,1,0,4,0
37.004793,1,0,94,60,1421,99,245,50,0,1,42,1,0,4,0
37.012846,0,0,94,60,1421,99,245,50,0,1,42,1,0,4,0
37.017721,0,1,94,60,1421,99,245,50,0,1,41,1,0,4,0
37.031257,0,0,94,60,1421,99,245,50,0,1,41,1,0,4,0
37.035860,0,0,94,60,1421,99,245,50,0,1,41,1,0,4,0
37.044301,0,0,94,60,1421,99,245,50,0,1,41,1,0,4,0
37.048790,0,1,94,60,1421,99,245,50,0,1,41,0,0,4,0
37.062265,0,0,94,60,1421,99,245,50,0,1,41,0,0,4,0
37.066803,0,0,94,60,1421,99,245,50,0,1,41,0,0,4,0
37.074609,0,0,94,60,1421,99,245,50,0,1,41,0,0,4,0
37.079467,0,0,94,60,1421,99,245,50,0,1,41,0,0,4,0
37.081959,0,0,94,60,1421,99,245,50,0,1,41,0,0,4,0
37.095246,1,0,94,60,1421,99,245,51,0,1,41,0,0,4,0
37.104803,0,0,94,60,1421,99,245,51,0,1,41,0,0,4,0
37.108965,1,1,94,60,1421,98,245,51,0,1,42,0,0,4,0
37.113493,0,0,94,60,1421,98,245,51,0,1,42,0,0,4,0
37.126121,0,0,94,60,1421,98,245,51,0,1,42,0,0,4,0
37.135407,0,0,94,60,1421,98,245,51,0,1,42,0,0,4,0
37.139604,0,1,94,60,1421,98,245,51,0,0,42,0,0,4,0
37.143826,0,1,94,60,1421,98,245,51,0,0,42,0,0,3,0
37.156778,0,0,94,60,1421,98,245,51,0,0,42,0,0,3,0
37.166358,0,1,94,60,1421,98,245,51,0,1,42,0,0,3,0
37.170557,0,1,94,60,1421,98,245,51,0,1,41,0,0,3,0
37.174742,0,1,94,60,1421,98,245,51,0,1,41,0,0,4,0
37.188147,0,0,94,60,1421,98,245,51,0,1,41,0,0,4,0
37.197870,0,0,94,60,1421,98,245,51,0,1,41,0,0,4,0
37.205293,0,0,94,60,1421,98,245,51,0,1,41,1,0,4,0
37.218878,0,0,94,60,1421,98,245,51,0,1,41,1,0,4,0
37.228325,0,1,94,60,1421,98,245,51,0,0,41,1,0,4,0
37.233386,0,1,94,60,1421,98,245,51,0,0,41,0,0,4,0
37.237635,0,0,94,60,1421,98,245,51,0,0,41,0,0,4,0
37.249889,0,0,94,60,1421,98,245,51,0,0,41,0,0,4,0
37.259338,0,0,94,60,1421,98,245,51,0,0,41,0,0,4,110
37.263481,1,1,94,60,1422,98,245,51,0,0,43,0,0,3,110
37.267983,0,0,94,60,1422,98,245,51,0,0,43,0,0,3,110
37.281054,0,0,94,60,1422,98,245,51,0,0,43,0,0,3,110
37.290575,1,1,94,60,1424,98,245,51,0,0,42,0,0,3,0
37.294700,0,1,94,60,1424,98,245,51,0,0,42,1,0,3,0
37.298777,0,0,94,60,1424,98,245,51,0,0,42,1,0,3,0
37.311702,0,0,94,60,1424,98,245,51,0,0,42,1,0,3,0
37.315810,0,1,94,60,1424,98,245,51,0,0,41,1,0,3,0
37.323100,0,0,94,60,1424,98,245,51,0,0,41,1,0,3,0
37.327185,0,1,94,60,1424,98,245,51,0,0,41,1,0,4,0
37.331295,0,0,94,60,1424,98,245,51,0,0,41,1,0,4,0
37.342750,0,0,94,60,1424,98,245,51,0,0,41,1,0,4,0
37.352401,0,0,94,60,1424,98,245,51,0,0,41,1,0,4,0
37.356886,0,1,94,60,1424,98,245,51,0,0,41,1,0,3,0
37.360953,0,0,94,60,1424,98,245,51,0,0,41,1,0,3,0
37.373446,0,0,94,60,1424,98,245,51,0,0,41,1,0,3,0
37.377579,0,0,94,60,1424,98,245,51,0,0,41,1,0,3,0
37.384866,0,0,94,60,1424,98,245,51,0,0,41,1,0,3,0
37.388951,0,1,94,60,1424,98,245,51,0,0,41,1,0,4,0
37.393033,0,0,94,60,1424,98,245,51,0,0,41,1,0,4,0
37.404693,0,0,94,60,1424,98,245,51,0,0,41,1,0,4,0
37.408792,0,0,94,60,1424,98,245,51,0,0,41,1,0,4,0
37.416716,0,0,94,60,1424,98,245,51,0,0,41,1,0,4,0
37.421807,0,0,94,60,1424,98,245,51,0,0,41,1,0,4,0
37.435157,0,0,94,60,1424,98,245,51,0,0,41,1,0,4,0
37.439266,0,1,94,60,1424,98,245,51,0,1,42,0,0,4,0
37.446942,0,0,94,60,1424,98,245,51,0,1,42,0,0,4,0
37.449851,0,0,94,60,1424,98,245,51,0,1,42,0,0,4,0
37.454419,0,0,94,60,1424,98,245,51,0,1,42,0,0,4,0
37.466803,0,1,94,60,1424,98,245,51,0,0,42,0,0,4,0
37.476559,0,0,94,60,1424,98,245,51,0,0,42,0,0,4,0
37.481108,0,0,94,60,1424,98,245,51,0,0,42,0,0,4,0
37.485640,0,0,94,60,1424,98,245,51,0,0,42,0,0,4,0
37.498045,0,1,94,60,1424,98,245,51,0,1,41,0,0,4,0
37.508611,0,1,94,60,1424,98,245,51,0,1,41,1,0,4,0
37.513571,0,0,94,60,1424,98,245,51,0,1,41,1,0,4,0
37.517809,0,1,94,60,1424,98,245,51,0,0,41,1,0,4,0
37.528797,0,0,94,60,1424,98,245,51,0,0,41,1,0,4,0
37.538335,1,0,94,60,1424,98,245,50,0,0,41,1,0,4,0
37.542526,0,0,94,60,1424,98,245,50,0,0,41,1,0,4,0
37.547378,0,0,94,60,1424,98,245,50,0,0,41,1,0,4,0
37.559794,0,1,94,60,1424,98,245,50,0,0,41,0,0,4,0
37.569637,0,0,94,60,1424,98,245,50,0,0,41,0,0,4,0
37.577467,0,0,94,60,1424,98,245,50,0,0,41,0,0,4,0
37.590459,0,0,94,60,1424,98,245,50,0,0,41,0,0,4,0
37.594683,0,0,94,60,1424,98,245,50,0,0,41,0,0,4,0
37.601648,0,0,94,60,1424,98,245,50,0,0,41,0,0,4,0
37.606162,0,0,94,60,1424,98,245,50,0,0,41,0,0,4,0
37.610729,0,1,94,60,1424,98,245,50,0,1,44,0,0,4,133
37.621432,0,1,94,60,1424,98,245,50,0,1,44,1,0,4,133
37.625595,0,1,94,60,1424,98,245,50,0,1,44,1,0,3,133
37.633449,0,0,94,60,1424,98,245,50,0,1,44,1,0,3,133
37.637679,0,1,94,60,1424,98,245,50,0,0,44,1,0,3,133
37.651126,1,1,94,60,1426,98,245,50,0,0,42,0,0,3,0
37.655693,0,0,94,60,1426,98,245,50,0,0,42,0,0,3,0
37.664184,0,0,94,60,1426,98,245,50,0,0,42,0,0,3,0
37.668781,0,0,94,60,1426,98,245,50,0,0,42,0,0,3,0
37.682172,0,0,94,60,1426,98,245,50,0,0,42,0,0,3,0
37.686743,1,0,94,60,1426,98,245,51,0,0,42,0,0,3,0
37.694626,0,0,94,60,1426,98,245,51,0,0,42,0,0,3,0
37.698770,0,0,94,60,1426,98,245,51,0,0,42,0,0,3,7
37.703250,0,1,94,60,1426,98,245,51,0,0,43,0,0,3,7
37.714455,0,1,94,60,1426,98,245,51,0,0,43,0,0,4,7
37.724254,0,0,94,60,1426,98,245,51,0,0,43,0,0,4,7
37.728781,0,0,94,60,1426,98,245,51,0,0,43,0,0,4,0
37.733634,0,1,94,60,1426,98,245,51,0,0,42,0,0,4,0
37.746084,0,0,94,60,1426,98,245,51,0,0,42,0,0,4,0
37.755590,0,0,94,60,1426,98,245,51,0,0,42,0,0,4,0
37.759830,0,0,94,60,1426,98,245,51,0,0,42,0,0,4,0
37.763981,0,0,94,60,1426,98,245,51,0,0,42,0,0,4,0
37.776497,0,0,94,60,1426,98,245,51,0,0,42,0,0,4,0
37.786408,0,0,94,60,1426,98,245,51,0,0,42,0,0,4,0
37.790901,0,0,94,60,1426,98,245,51,0,0,42,0,0,4,0
37.795087,0,0,94,60,1426,98,245,51,0,0,42,0,0,4,0
37.807783,0,1,94,60,1426,98,245,51,0,0,42,0,0,3,0
37.810302,0,0,94,60,1426,98,245,51,0,0,42,0,0,3,0
37.818847,0,0,94,60,1426,98,245,51,0,0,42,0,0,3,0
37.822980,0,0,94,60,1426,98,245,51,0,0,42,0,0,3,0
37.827514,0,1,94,60,1426,98,245,51,0,0,42,0,0,4,0
37.838397,0,0,94,60,1426,98,245,51,0,0,42,0,0,4,0
37.842870,0,0,94,60,1426,98,245,51,0,0,42,0,0,4,0
37.849842,0,1,94,60,1426,98,245,51,0,1,42,0,0,4,0
37.854332,0,0,94,60,1426,98,245,51,0,1,42,0,0,4,0
37.858510,1,0,94,60,1426,98,245,50,0,1,42,0,0,4,0
37.869779,0,0,94,60,1426,98,245,50,0,1,42,0,0,4,0
37.879290,0,0,94,60,1426,98,245,50,0,1,42,0,0,4,0
37.883777,0,0,94,60,1426,98,245,50,0,1,42,0,0,4,0
37.888581,0,0,94,60,1426,98,245,50,0,1,42,0,0,4,0
37.900775,0,0,94,60,1426,98,245,50,0,1,42,0,0,4,0
37.910294,0,1,94,60,1426,98,245,50,0,0,42,0,0,4,0
37.914461,0,0,94,60,1426,98,245,50,0,0,42,0,0,4,0
37.918588,0,0,94,60,1426,98,245,50,0,0,42,0,0,4,0
37.931759,0,0,94,60,1426,98,245,50,0,0,42,0,0,4,0
37.944015,0,1,94,60,1426,98,245,50,0,1,42,0,0,4,0
37.948270,1,0,94,60,1426,98,245,51,0,1,42,0,0,4,0
37.961320,0,0,94,60,1426,98,245,51,0,1,42,0,0,4,0
37.965570,0,0,94,60,1426,98,245,51,0,1,42,0,0,4,0
37.973475,0,0,94,60,1426,98,245,51,0,1,42,0,0,4,0
37.977584,0,0,94,60,1426,98,245,51,0,1,42,0,0,4,0
37.981687,0,0,94,60,1426,98,245,51,0,1,42,0,0,4,0
37.993422,0,0,94,60,1426,98,245,51,0,1,42,0,0,4,0
37.997454,0,0,94,60,1426,98,245,51,0,1,42,0,0,4,0
38.004471,0,1,94,60,1426,98,245,51,0,1,45,0,0,4,156
38.008579,0,1,94,60,1426,98,245,51,0,1,45,0,0,3,156
38.013186,0,0,94,60,1426,98,245,51,0,1,45,0,0,3,156
38.024766,0,0,94,60,1426,98,245,51,0,1,45,0,0,3,156
38.034571,1,1,94,60,1427,98,245,51,0,0,43,0,0,3,117
38.039479,0,1,94,60,1427,98,245,51,0,0,43,0,0,4,117
38.043984,0,0,94,60,1427,98,245,51,0,0,43,0,0,4,117
38.055730,0,0,94,60,1427,98,245,51,0,0,43,0,0,4,117
38.065244,0,1,94,60,1427,98,245,51,0,1,47,0,0,4,119
38.069791,1,0,94,60,1429,98,245,51,0,1,47,0,0,4,119
38.074232,0,0,94,60,1429,98,245,51,0,1,47,0,0,4,119
38.086422,0,0,94,60,1429,98,245,51,0,1,47,0,0,4,119
38.090624,1,1,94,60,1430,98,245,51,0,1,43,0,0,4,0
38.097677,0,0,94,60,1430,98,245,51,0,1,43,0,0,4,0
38.102909,0,0,94,60,1430,98,245,51,0,1,43,0,0,4,0
38.116294,0,0,94,60,1430,98,245,51,0,1,43,0,0,4,0
38.120835,0,0,94,60,1430,98,245,51,0,1,43,0,0,4,0
38.128882,0,0,94,60,1430,98,245,51,0,1,43,0,0,4,0
38.133058,0,0,94,60,1430,98,245,51,0,1,43,0,0,4,0
38.137587,0,0,94,60,1430,98,245,51,0,1,43,0,0,4,0
38.148669,0,0,94,60,1430,98,245,51,0,1,43,0,0,4,0
38.158346,0,1,94,60,1430,98,245,51,0,1,43,0,0,3,0
38.162553,0,0,94,60,1430,98,245,51,0,1,43,0,0,3,0
38.166764,0,0,94,60,1430,98,245,51,0,1,43,0,0,3,0
38.179311,0,1,94,60,1430,98,245,51,0,0,43,0,0,3,0
38.183521,0,0,94,60,1430,98,245,51,0,0,43,0,0,3,0
38.190901,0,1,94,60,1430,98,245,51,0,0,43,0,0,4,0
38.195429,0,0,94,60,1430,98,245,51,0,0,43,0,0,4,0
38.209223,0,0,94,60,1430,98,245,51,0,0,43,0,0,4,0
38.213417,0,0,94,60,1430,98,245,51,0,0,43,0,0,4,0
38.222391,0,0,94,60,1430,98,245,51,0,0,43,0,0,4,0
38.224955,0,0,94,60,1430,98,245,51,0,0,43,0,0,4,0
38.229450,0,0,94,60,1430,98,245,51,0,0,43,0,0,4,0
38.241625,0,1,94,60,1430,98,245,51,0,0,42,0,0,4,0
38.251313,1,0,94,60,1430,98,245,50,0,0,42,0,0,4,0
38.255844,0,0,94,60,1430,98,245,50,0,0,42,0,0,4,0
38.260397,0,0,94,60,1430,98,245,50,0,0,42,0,0,4,0
38.272465,0,0,94,60,1430,98,245,50,0,0,42,0,0,4,0
38.282186,0,1,94,60,1430,98,245,50,0,0,42,0,0,3,0
38.286732,0,0,94,60,1430,98,245,50,0,0,42,0,0,3,0
38.291249,0,0,94,60,1430,98,245,50,0,0,42,0,0,3,0
38.304132,0,0,94,60,1430,98,245,50,0,0,42,0,0,3,0
38.313919,0,1,94,60,1430,98,245,50,0,0,42,0,0,4,0
38.318415,0,0,94,60,1430,98,245,50,0,0,42,0,0,4,0
38.322931,0,0,94,60,1430,98,245,50,0,0,42,0,0,4,0
38.335058,0,0,94,60,1430,98,245,50,0,0,42,0,0,4,0
38.344478,1,0,94,60,1430,98,245,51,0,0,42,0,0,4,0
38.352637,0,0,94,60,1430,98,245,51,0,0,42,0,0,4,0
38.365198,0,1,94,60,1430,98,245,51,0,0,43,0,0,4,0
38.369318,0,0,94,60,1430,98,245,51,0,0,43,0,0,4,0
38.376509,0,0,94,60,1430,98,245,51,0,0,43,0,0,4,0
38.380561,0,0,94,60,1430,98,245,51,0,0,43,0,0,4,0
38.384618,1,1,94,60,1431,98,245,51,0,1,46,0,0,4,118
38.396396,0,0,94,60,1431,98,245,51,0,1,46,0,0,4,118
38.400542,0,0,94,60,1431,98,245,51,0,1,46,0,0,4,118
38.408172,0,0,94,60,1431,98,245,51,0,1,46,0,0,4,118
38.412716,0,0,94,60,1431,98,245,51,0,1,46,0,0,4,118
38.426209,1,1,94,60,1433,98,245,51,0,1,44,0,0,4,-8
38.431071,0,1,94,60,1433,98,245,51,0,1,44,0,0,3,-8
38.438502,0,0,94,60,1433,98,245,51,0,1,44,0,0,3,-8
38.442630,0,0,94,60,1433,98,245,51,0,1,44,0,0,3,0
38.446737,0,1,94,60,1433,98,245,51,0,1,45,0,0,3,0
38.458718,0,0,94,60,1433,98,245,51,0,1,45,0,0,3,0
38.468563,0,0,94,60,1433,98,245,51,0,1,45,0,0,3,0
38.474320,0,1,94,60,1433,98,245,51,0,1,44,0,0,3,0
38.478585,0,0,94,60,1433,98,245,51,0,1,44,0,0,3,0
38.489510,0,1,94,60,1433,98,245,51,0,1,44,0,0,4,0
38.499463,0,0,94,60,1433,98,245,51,0,1,44,0,0,4,0
38.503976,0,0,94,60,1433,98,245,51,0,1,44,0,0,4,0
38.508923,0,0,94,60,1433,98,245,51,0,1,44,0,0,4,0
38.521135,0,0,94,60,1433,98,245,51,0,1,44,0,0,4,0
38.530455,0,0,94,60,1433,98,245,51,0,1,44,0,0,4,0
38.534589,0,1,94,60,1433,98,245,51,0,0,44,0,0,4,0
38.538780,0,0,94,60,1433,98,245,51,0,0,44,0,0,4,0
38.551900,0,0,94,60,1433,98,245,51,0,0,44,0,0,4,0
38.561251,0,0,94,60,1433,98,245,51,0,0,44,0,0,4,0
38.565365,0,0,94,60,1433,98,245,51,0,0,44,0,0,4,0
38.569485,0,1,94,60,1433,98,245,51,0,0,44,0,0,3,0
38.582755,0,0,94,60,1433,98,245,51,0,0,44,0,0,3,0
38.584576,0,0,94,60,1433,98,245,51,0,0,44,0,0,3,0
38.593738,0,0,94,60,1433,98,245,51,0,0,44,0,0,3,0
38.597876,0,0,94,60,1433,98,245,51,0,0,44,0,0,3,0
38.602018,1,1,94,60,1433,98,245,50,0,0,44,0,0,4,0
38.613284,0,0,94,60,1433,98,245,50,0,0,44,0,0,4,0
38.617413,0,0,94,60,1433,98,245,50,0,0,44,0,0,4,0
38.624764,0,0,94,60,1433,98,245,50,0,0,44,0,0,4,0
38.628836,0,0,94,60,1433,98,245,50,0,0,44,0,0,4,0
38.632895,0,0,94,60,1433,98,245,50,0,0,44,0,0,4,0
38.644247,0,0,94,60,1433,98,245,50,0,0,44,0,0,4,0
38.648386,0,0,94,60,1433,98,245,50,0,0,44,0,0,4,0
38.655506,0,0,94,60,1433,98,245,50,0,0,44,0,0,4,0
38.659684,0,0,94,60,1433,98,245,50,0,0,44,0,0,4,0
38.663799,0,0,94,60,1433,98,245,50,0,0,44,0,0,4,0
38.675728,0,0,94,60,1433,98,245,50,0,0,44,0,0,4,0
38.685627,0,0,94,60,1433,98,245,50,0,0,44,0,0,4,0
38.690559,1,1,94,60,1433,98,245,51,0,0,44,0,0,3,0
38.695765,0,0,94,60,1433,98,245,51,0,0,44,0,0,3,0
38.707047,0,0,94,60,1433,98,245,51,0,0,44,0,0,3,0
38.722948,0,0,94,60,1433,98,245,51,0,0,44,0,0,3,0
38.737337,0,0,94,60,1433,98,245,51,0,0,44,0,0,3,0
38.747748,0,1,94,60,1433,98,245,51,0,0,43,0,0,3,0
38.753650,0,0,94,60,1433,98,245,51,0,0,43,0,0,3,0
38.767730,0,0,94,60,1433,98,245,51,0,0,43,0,0,3,0
38.778797,1,1,94,60,1435,98,245,51,0,1,47,0,0,3,101
38.784040,0,0,94,60,1435,98,245,51,0,1,47,0,0,3,101
38.798438,0,0,94,60,1435,98,245,51,0,1,47,0,0,3,101
38.809520,0,1,94,60,1435,98,245,51,0,0,45,0,0,3,0
38.815462,0,0,94,60,1435,98,245,51,0,0,45,0,0,3,0
38.829522,0,0,94,60,1435,98,245,51,0,0,45,0,0,3,0
38.835051,0,0,94,60,1435,98,245,51,0,0,45,0,0,3,0
38.843103,0,0,94,60,1435,98,245,51,0,0,45,0,0,3,0
38.848959,0,0,94,60,1435,98,245,51,0,0,45,0,0,3,0
38.862844,0,0,94,60,1435,98,245,51,0,0,45,0,0,3,0
38.874084,0,0,94,60,1435,98,245,51,0,0,45,0,0,3,0
38.879937,0,0,94,60,1435,98,245,51,0,0,45,0,0,3,0
38.893858,0,1,94,60,1435,98,245,51,0,0,44,0,0,3,0
38.904101,1,0,94,60,1435,98,245,50,0,0,44,0,0,3,0
38.909920,0,0,94,60,1435,98,245,50,0,0,44,0,0,3,0
38.924338,0,0,94,60,1435,98,245,50,0,0,44,0,0,3,0
38.934426,0,0,94,60,1435,98,245,50,0,0,44,0,0,3,0
38.937711,0,0,94,60,1435,98,245,50,0,0,44,0,0,3,0
38.943431,0,0,94,60,1435,98,245,50,0,0,44,0,0,3,0
38.955900,0,0,94,60,1435,98,245,50,0,0,44,0,0,3,0
38.967291,0,1,94,60,1435,98,245,50,0,0,44,0,0,4,0
38.973247,0,0,94,60,1435,98,245,50,0,0,44,0,0,4,0
38.986814,0,0,94,60,1435,98,245,50,0,0,44,0,0,4,0
38.997116,0,0,94,60,1435,98,245,50,0,0,44,0,0,4,0
39.002990,0,0,94,60,1435,98,245,50,0,0,44,0,0,4,0
39.017762,0,0,94,60,1435,98,245,50,0,0,44,0,0,4,0
39.027891,1,0,94,60,1435,98,245,51,0,0,44,0,0,4,0
39.033629,0,0,94,60,1435,98,245,51,0,0,44,0,0,4,0
39.048847,0,0,94,60,1435,98,245,51,0,0,44,0,0,4,0
39.059374,0,0,94,60,1435,98,245,51,0,0,44,0,0,4,0
39.078650,0,0,94,60,1435,98,245,51,0,0,44,0,0,4,0
39.088626,1,0,94,60,1435,99,245,50,0,0,44,0,0,4,0
39.094432,0,0,94,60,1435,99,245,50,0,0,44,0,0,4,0
39.108535,0,1,94,60,1435,99,245,50,0,1,44,0,0,4,0
39.119596,0,1,94,60,1435,99,245,50,0,1,44,0,0,3,0
39.125473,0,0,94,60,1435,99,245,50,0,1,44,0,0,3,0
39.139146,1,1,94,60,1436,99,245,50,0,0,48,0,0,3,125
39.143700,0,1,94,60,1436,99,245,50,0,0,48,0,0,4,125
39.151675,0,0,94,60,1436,99,245,50,0,0,48,0,0,4,125
39.156152,0,0,94,60,1436,99,245,50,0,0,48,0,0,4,125
39.160307,1,1,94,60,1440,99,245,50,0,0,46,0,0,4,-26
39.171276,0,1,94,60,1440,99,245,50,0,0,46,0,0,3,-26
39.175364,1,0,94,60,1440,99,245,51,0,0,46,0,0,3,-26
39.182744,0,0,94,60,1440,99,245,51,0,0,46,0,0,3,-26
39.186801,0,1,94,60,1440,99,245,51,0,0,45,0,0,3,0
39.190868,0,0,94,60,1440,99,245,51,0,0,45,0,0,3,0
39.202955,0,0,94,60,1440,99,245,51,0,0,45,0,0,3,0
39.212417,0,0,94,60,1440,99,245,51,0,0,45,0,0,3,0
39.216562,0,0,94,60,1440,99,245,51,0,0,45,0,0,3,0
39.220851,0,0,94,60,1440,99,245,51,0,0,45,0,0,3,0
39.233884,0,0,94,60,1440,99,245,51,0,0,45,0,0,3,0
39.243509,0,0,94,60,1440,99,245,51,0,0,45,0,0,3,0
39.247632,0,1,94,60,1440,99,245,51,0,0,44,0,0,3,0
39.251773,0,0,94,60,1440,99,245,51,0,0,44,0,0,3,0
39.264635,1,0,94,60,1440,99,245,50,0,0,44,0,0,3,0
39.268779,0,0,94,60,1440,99,245,50,0,0,44,0,0,3,0
39.275701,0,0,94,60,1440,99,245,50,0,0,44,0,0,3,0
39.280134,0,0,94,60,1440,99,245,50,0,0,44,0,0,3,0
39.284268,0,1,94,60,1440,99,245,50,0,0,44,0,0,4,0
39.295250,0,0,94,60,1440,99,245,50,0,0,44,0,0,4,0
39.305187,0,0,94,60,1440,99,245,50,0,0,44,0,0,4,0
39.309773,0,1,94,60,1440,99,245,50,0,1,44,0,0,4,0
39.315335,1,0,94,60,1440,99,245,51,0,1,44,0,0,4,0
39.327912,0,0,94,60,1440,99,245,51,0,1,44,0,0,4,0
39.338116,0,1,94,60,1440,99,245,51,0,0,44,0,0,4,0
39.343220,0,1,94,60,1440,99,245,51,0,0,43,0,0,4,0
39.356955,0,0,94,60,1440,99,245,51,0,0,43,0,0,4,0
39.361817,0,0,94,60,1440,99,245,51,0,0,43,0,0,4,0
39.368862,0,0,94,60,1440,99,245,51,0,0,43,0,0,4,0
39.373929,0,0,94,60,1440,99,245,51,0,0,43,0,0,4,0
39.387141,0,0,94,60,1440,99,245,51,0,0,43,0,0,4,0
39.391633,0,0,94,60,1440,99,245,51,0,0,43,0,0,4,0
39.399746,0,1,94,60,1440,99,245,51,0,0,44,0,0,4,0
39.404246,0,0,94,60,1440,99,245,51,0,0,44,0,0,4,0
39.408807,0,0,94,60,1440,99,245,51,0,0,44,0,0,4,0
39.419966,0,0,94,60,1440,99,245,51,0,0,44,0,0,4,0
39.431089,0,0,94,60,1440,99,245,51,0,0,44,0,0,4,0
39.436539,0,1,94,60,1440,99,245,51,0,0,44,0,0,3,0
39.454911,0,0,94,60,1440,99,245,51,0,0,44,0,0,3,0
39.462420,0,0,94,60,1440,99,245,51,0,0,44,0,0,3,0
39.466612,0,0,94,60,1440,99,245,51,0,0,44,0,0,3,0
39.480106,0,0,94,60,1440,99,245,51,0,0,44,0,0,3,0
39.484646,0,0,94,60,1440,99,245,51,0,0,44,0,0,3,0
39.492809,1,1,94,60,1441,99,245,51,0,0,49,1,0,3,105
39.496984,0,0,94,60,1441,99,245,51,0,0,49,1,0,3,105
39.501532,0,0,94,60,1441,99,245,51,0,0,49,1,0,3,105
39.512751,0,0,94,60,1441,99,245,51,0,0,49,1,0,3,0
39.522474,1,1,94,60,1443,99,245,51,0,0,46,0,0,3,0
39.526708,0,0,94,60,1443,99,245,51,0,0,46,0,0,3,0
39.530865,0,0,94,60,1443,99,245,51,0,0,46,0,0,3,0
39.543618,0,0,94,60,1443,99,245,51,0,0,46,0,0,3,0
39.553207,0,1,94,60,1443,99,245,51,0,0,45,0,0,3,0
39.557416,0,0,94,60,1443,99,245,51,0,0,45,0,0,3,0
39.561628,0,0,94,60,1443,99,245,51,0,0,45,0,0,3,0
39.574415,0,0,94,60,1443,99,245,51,0,0,45,0,0,3,0
39.578594,0,0,94,60,1443,99,245,51,0,0,45,0,0,3,0
39.585950,0,0,94,60,1443,99,245,51,0,0,45,0,0,3,0
39.590166,0,0,94,60,1443,99,245,51,0,0,45,0,0,3,0
39.594703,0,0,94,60,1443,99,245,51,0,0,45,0,0,3,0
39.605901,0,1,94,60,1443,99,245,51,0,0,44,0,0,3,0
39.615543,0,0,94,60,1443,99,245,51,0,0,44,0,0,3,0
39.619725,1,0,94,60,1443,99,245,50,0,0,44,0,0,3,0
39.623834,0,0,94,60,1443,99,245,50,0,0,44,0,0,3,0
39.636353,0,1,94,60,1443,99,245,50,0,0,45,0,0,3,0
39.640548,0,0,94,60,1443,99,245,50,0,0,45,0,0,3,0
39.647807,0,0,94,60,1443,99,245,50,0,0,45,0,0,3,0
39.651927,0,0,94,60,1443,99,245,50,0,0,45,0,0,3,0
39.656113,0,0,94,60,1443,99,245,50,0,0,45,0,0,3,0
39.667614,0,0,94,60,1443,99,245,50,0,0,45,0,0,3,0
39.677178,0,1,94,60,1443,99,245,50,0,0,44,0,0,3,0
39.679426,0,1,94,60,1443,99,245,50,0,0,44,0,0,4,0
39.683677,0,0,94,60,1443,99,245,50,0,0,44,0,0,4,0
39.697069,0,0,94,60,1443,99,245,50,0,0,44,0,0,4,0
39.701370,0,0,94,60,1443,99,245,50,0,0,44,0,0,4,0
39.709753,0,0,94,60,1443,99,245,50,0,0,44,0,0,4,0
39.714231,0,0,94,60,1443,99,245,50,0,0,44,0,0,4,0
39.718495,0,0,94,60,1443,99,245,50,0,0,44,0,0,4,0
39.729363,0,0,94,60,1443,99,245,50,0,0,44,0,0,4,0
39.733895,0,1,94,60,1443,99,245,50,0,0,44,0,0,3,0
39.741321,1,0,94,60,1443,99,245,51,0,0,44,0,0,3,0
39.745520,0,0,94,60,1443,99,245,51,0,0,44,0,0,3,0
39.749711,0,0,94,60,1443,99,245,51,0,0,44,0,0,3,0
39.760599,0,0,94,60,1443,99,245,51,0,0,44,0,0,3,0
39.770158,0,0,94,60,1443,99,245,51,0,0,44,0,0,3,0
39.774343,0,0,94,60,1443,99,245,51,0,0,44,0,0,3,0
39.778816,0,1,94,60,1443,99,245,51,0,1,44,0,0,3,0
39.792386,0,0,94,60,1443,99,245,51,0,1,44,0,0,3,0
39.802040,0,0,94,60,1443,99,245,51,0,1,44,0,0,3,0
39.808942,0,1,94,60,1443,99,245,51,0,0,44,0,0,3,0
39.821930,0,0,94,60,1443,99,245,51,0,0,44,0,0,3,0
39.826034,0,1,94,60,1443,99,245,51,0,0,44,0,0,4,0
39.833284,0,0,94,60,1443,99,245,51,0,0,44,0,0,4,0
39.837805,0,0,94,60,1443,99,245,51,0,0,44,0,0,4,0
39.841834,0,1,94,60,1443,99,245,51,0,0,47,0,0,4,111
39.853363,0,1,94,60,1443,99,245,51,0,0,47,0,0,3,111
39.857848,0,0,94,60,1443,99,245,51,0,0,47,0,0,3,111
39.864538,0,0,94,60,1443,99,245,51,0,0,47,0,0,3,111
39.869035,0,0,94,60,1443,99,245,51,0,0,47,0,0,3,0
39.873213,1,1,94,60,1445,99,245,51,0,0,45,0,0,3,0
39.884700,0,0,94,60,1445,99,245,51,0,0,45,0,0,3,0
39.894355,0,0,94,60,1445,99,245,51,0,0,45,0,0,3,0
39.898456,0,1,94,60,1445,99,245,51,0,1,45,0,0,3,0
39.903300,0,0,94,60,1445,99,245,51,0,1,45,0,0,3,0
39.915551,0,1,94,60,1445,99,245,51,0,1,45,0,0,4,0
39.925242,0,0,94,60,1445,99,245,51,0,1,45,0,0,4,0
39.929878,0,1,94,60,1445,99,245,51,0,0,45,0,0,4,0
39.934480,0,0,94,60,1445,99,245,51,0,0,45,0,0,4,0
39.946597,0,1,94,60,1445,99,245,51,0,0,45,0,0,3,0
39.956237,0,0,94,60,1445,99,245,51,0,0,45,0,0,3,0
39.960833,0,1,94,60,1445,99,245,51,0,1,45,0,0,3,0
39.966459,0,1,94,60,1445,99,245,51,0,1,45,0,0,4,0
39.978772,0,0,94,60,1445,99,245,51,0,1,45,0,0,4,0
39.989219,0,0,94,60,1445,99,245,51,0,1,45,0,0,4,0
39.995133,0,0,94,60,1445,99,245,51,0,1,45,0,0,4,0
40.009698,0,0,94,60,1445,99,245,51,0,1,45,0,0,4,0
40.019847,0,0,94,60,1445,99,245,51,0,1,45,0,0,4,0
40.025506,0,1,94,60,1445,99,245,51,0,0,45,0,0,4,0
40.028952,0,1,94,60,1445,99,245,51,0,0,45,0,0,3,0
40.040845,0,0,94,60,1445,99,245,51,0,0,45,0,0,3,0
40.051945,0,0,94,60,1445,99,245,51,0,0,45,0,0,3,0
40.057841,0,0,94,60,1445,99,245,51,0,0,45,0,0,3,0
40.071868,0,1,94,60,1445,99,245,51,0,0,45,0,0,4,0
40.083180,0,0,94,60,1445,99,245,51,0,0,45,0,0,4,0
40.089108,0,1,94,60,1445,99,245,51,0,0,45,0,0,3,0
40.102884,0,0,94,60,1445,99,245,51,0,0,45,0,0,3,0
40.114006,0,1,94,60,1445,99,245,51,0,0,44,0,0,3,0
40.119859,0,0,94,60,1445,99,245,51,0,0,44,0,0,3,0
40.133750,0,0,94,60,1445,99,245,51,0,0,44,0,0,3,0
40.143898,0,1,94,60,1445,99,245,51,0,0,45,0,0,3,0
40.163293,0,0,94,60,1445,98,245,51,0,0,45,1,0,3,0
40.173893,0,0,94,60,1445,98,245,51,0,0,45,1,0,3,0
40.179423,0,1,94,60,1445,98,245,51,0,0,45,0,0,3,0
40.193012,0,0,94,60,1445,98,245,51,0,0,45,0,0,3,0
40.197236,0,0,94,60,1445,98,245,51,0,0,45,0,0,3,0
40.205329,1,1,94,60,1446,98,245,51,0,0,47,0,0,3,94
40.209818,0,0,94,60,1446,98,245,51,0,0,47,0,0,3,94
40.213982,0,0,94,60,1446,98,245,51,0,0,47,0,0,3,94
40.225297,0,0,94,60,1446,98,245,51,0,0,47,0,0,3,94
40.229501,0,0,94,60,1446,98,245,51,0,0,47,0,0,3,94
40.237373,1,1,94,60,1448,98,245,51,0,0,51,0,0,3,-45
40.241851,1,1,94,60,1448,98,245,50,0,0,51,0,0,4,-45
40.255173,0,0,94,60,1448,98,245,50,0,0,51,0,0,4,-45
40.259975,0,1,94,60,1448,98,245,50,0,0,46,0,0,4,0
40.268499,0,0,94,60,1448,98,245,50,0,0,46,0,0,4,0
40.273097,0,0,94,60,1448,98,245,50,0,0,46,0,0,4,0
40.286515,0,0,94,60,1448,98,245,50,0,0,46,0,0,4,0
40.290573,0,0,94,60,1448,98,245,50,0,0,46,0,0,4,0
40.298340,0,0,94,60,1448,98,245,50,0,0,46,0,0,4,0
40.302458,1,1,94,60,1448,98,245,51,0,0,46,0,0,3,0
40.306549,0,0,94,60,1448,98,245,51,0,0,46,0,0,3,0
40.318272,0,0,94,60,1448,98,245,51,0,0,46,0,0,3,0
40.322398,0,0,94,60,1448,98,245,51,0,0,46,0,0,3,0
40.329434,0,0,94,60,1448,98,245,51,0,0,46,0,0,3,0
40.333549,0,0,94,60,1448,98,245,51,0,0,46,0,0,3,0
40.338112,0,0,94,60,1448,98,245,51,0,0,46,0,0,3,0
40.349215,0,0,94,60,1448,98,245,51,0,0,46,0,0,3,0
40.353668,0,0,94,60,1448,98,245,51,0,0,46,0,0,3,0
40.361021,0,0,94,60,1448,98,245,51,0,0,46,0,0,3,0
40.365792,0,0,94,60,1448,98,245,51,0,0,46,0,0,3,0
40.379065,0,0,94,60,1448,98,245,51,0,0,46,0,0,3,0
40.383586,0,0,94,60,1448,98,245,51,0,0,46,0,0,3,0
40.391774,1,0,94,60,1448,98,245,50,0,0,46,0,0,3,0
40.393934,0,0,94,60,1448,98,245,50,0,0,46,0,0,3,0
40.398126,0,0,94,60,1448,98,245,50,0,0,46,0,0,3,0
40.412063,0,0,94,60,1448,98,245,50,0,0,46,0,0,3,0
40.422132,0,1,94,60,1448,98,245,50,0,0,46,0,0,4,0
40.426294,0,0,94,60,1448,98,245,50,0,0,46,0,0,4,0
40.430387,0,0,94,60,1448,98,245,50,0,0,46,0,0,4,0
40.442873,0,1,94,60,1448,98,245,50,0,0,45,0,0,4,0
40.452324,1,0,94,60,1448,98,245,51,0,0,45,0,0,4,0
40.456417,0,0,94,60,1448,98,245,51,0,0,45,0,0,4,0
40.460503,0,0,94,60,1448,98,245,51,0,0,45,0,0,4,0
40.473579,0,0,94,60,1448,98,245,51,0,0,45,0,0,4,0
40.477732,0,0,94,60,1448,98,245,51,0,0,45,0,0,4,0
40.484709,0,0,94,60,1448,98,245,51,0,0,45,0,0,4,0
40.488726,0,0,94,60,1448,98,245,51,0,0,45,0,0,4,0
40.492772,0,0,94,60,1448,98,245,51,0,0,45,0,0,4,0
40.504147,0,0,94,60,1448,98,245,51,0,0,45,0,0,4,0
40.508277,0,0,94,60,1448,98,245,51,0,0,45,0,0,4,0
40.515343,0,0,94,60,1448,98,245,51,0,0,45,0,0,4,0
40.521934,0,0,94,60,1448,98,245,51,0,0,45,0,0,4,0
40.534829,0,1,94,60,1448,98,245,51,0,0,46,0,0,4,0
40.538939,0,0,94,60,1448,98,245,51,0,0,46,0,0,4,0
40.546620,0,0,94,60,1448,98,245,51,0,0,46,0,0,4,0
40.550689,0,0,94,60,1448,98,245,51,0,0,46,0,0,4,0
40.555115,0,0,94,60,1448,98,245,51,0,0,46,0,0,4,99
40.566481,1,1,94,60,1450,98,245,51,0,0,49,0,0,4,99
40.576118,0,0,94,60,1450,98,245,51,0,0,49,0,0,4,99
40.580644,0,0,94,60,1450,98,245,51,0,0,49,0,0,4,99
40.585486,0,1,94,60,1450,98,245,51,0,0,47,0,0,4,0
40.597643,1,0,94,60,1452,98,245,51,0,0,47,0,0,4,0
40.607171,0,0,94,60,1452,98,245,51,0,0,47,0,0,4,0
40.611384,0,0,94,60,1452,98,245,51,0,0,47,0,0,4,0
40.615822,0,0,94,60,1452,98,245,51,0,0,47,0,0,4,0
40.628627,0,0,94,60,1452,98,245,51,0,0,47,0,0,4,0
40.638403,1,0,94,60,1452,98,245,50,0,0,47,0,0,4,0
40.642945,0,0,94,60,1452,98,245,50,0,0,47,0,0,4,0
40.648688,1,1,94,60,1451,98,245,50,0,0,46,0,0,4,0
40.660731,0,0,94,60,1451,98,245,50,0,0,46,0,0,4,0
40.671010,0,0,94,60,1451,98,245,50,0,0,46,0,0,4,0
40.676960,0,0,94,60,1451,98,245,50,0,0,46,0,0,4,0
40.691746,1,0,94,60,1451,99,245,51,0,0,46,0,0,4,0
40.701971,0,0,94,60,1451,99,245,51,0,0,46,0,0,4,0
40.707057,0,0,94,60,1451,99,245,51,0,0,46,0,0,4,0
40.720711,0,0,94,60,1451,99,245,51,0,0,46,0,0,4,0
40.725584,0,0,94,60,1451,99,245,51,0,0,46,0,0,4,0
40.733298,0,0,94,60,1451,99,245,51,0,0,46,0,0,4,0
40.737795,0,0,94,60,1451,99,245,51,0,0,46,0,0,4,0
40.751028,0,0,94,60,1451,99,245,51,0,0,46,0,0,4,0
40.753275,0,0,94,60,1451,99,245,51,0,0,46,0,0,4,0
40.762698,0,0,94,60,1451,99,245,51,0,0,46,0,0,4,0
40.766869,0,0,94,60,1451,99,245,51,0,0,46,0,0,4,0
40.771735,0,0,94,60,1451,99,245,51,0,0,46,0,0,4,0
40.783286,0,0,94,60,1451,99,245,51,0,0,46,0,0,4,0
40.793239,0,0,94,60,1451,99,245,51,0,0,46,0,0,4,0
40.797809,0,0,94,60,1451,99,245,51,0,0,46,0,0,4,0
40.801945,0,0,94,60,1451,99,245,51,0,0,46,0,0,4,0
40.814934,0,0,94,60,1451,99,245,51,0,0,46,0,0,4,0
40.824401,0,0,94,60,1451,99,245,51,0,0,46,0,0,4,0
40.828911,1,0,94,60,1452,99,245,51,0,0,46,0,0,4,0
40.833039,1,0,94,60,1452,99,245,50,0,0,46,0,0,4,0
40.845458,0,0,94,60,1452,99,245,50,0,0,46,0,0,4,0
40.849607,0,0,94,60,1452,99,245,50,0,0,46,0,0,4,0
40.856695,0,0,94,60,1452,99,245,50,0,0,46,0,0,4,0
40.861177,0,1,94,60,1452,99,245,50,0,0,46,0,0,3,0
40.865349,0,0,94,60,1452,99,245,50,0,0,46,0,0,3,0
40.876582,0,0,94,60,1452,99,245,50,0,0,46,0,0,3,0
40.889156,1,0,94,60,1451,99,245,50,0,0,46,0,0,3,0
40.894016,1,1,94,60,1451,99,245,51,0,0,46,0,0,4,0
40.907599,0,0,94,60,1451,99,245,51,0,0,46,0,0,4,0
40.917405,0,0,94,60,1451,99,245,51,0,0,46,0,0,4,0
40.921592,0,0,94,60,1451,99,245,51,0,0,46,0,0,4,0
40.926508,0,0,94,60,1451,99,245,51,0,0,46,0,0,4,0
40.938652,0,0,94,60,1451,99,245,51,0,0,46,0,0,4,0
40.948126,1,1,94,60,1453,99,245,51,0,0,48,0,0,4,84
40.953059,0,0,94,60,1453,99,245,51,0,0,48,0,0,4,84
40.957910,0,0,94,60,1453,99,245,51,0,0,48,0,0,4,84
40.969648,0,0,94,60,1453,99,245,51,0,0,48,0,0,4,84
40.979064,1,0,94,60,1454,99,245,51,0,0,48,0,0,4,0
40.983332,0,0,94,60,1454,99,245,51,0,0,48,0,0,4,0
40.988194,0,0,94,60,1454,99,245,51,0,0,48,0,0,4,0
41.000518,0,0,94,60,1454,99,245,51,0,0,48,0,0,4,0
41.010440,0,1,94,60,1454,99,245,51,0,0,47,0,0,4,0
41.015272,1,0,94,60,1454,99,245,50,0,0,47,0,0,4,0
41.019794,0,0,94,60,1454,99,245,50,0,0,47,0,0,4,0
41.031244,0,0,94,60,1454,99,245,50,0,0,47,0,0,4,0
41.041180,0,0,94,60,1454,99,245,50,0,0,47,0,0,4,0
41.045723,0,0,94,60,1454,99,245,50,0,0,47,0,0,4,0
41.050255,0,0,94,60,1454,99,245,50,0,0,47,0,0,4,0
41.062173,0,0,94,60,1454,99,245,50,0,0,47,0,0,4,0
41.066263,0,0,94,60,1454,99,245,50,0,0,47,0,0,4,0
41.073338,0,0,94,60,1454,99,245,50,0,0,47,0,0,4,0
41.078221,0,0,94,60,1454,99,245,50,0,0,47,0,0,4,0
41.082346,0,0,94,60,1454,99,245,50,0,0,47,0,0,4,0
41.093180,0,0,94,60,1454,99,245,50,0,0,47,0,0,4,0
41.097326,0,1,94,60,1454,99,245,50,0,0,46,0,0,4,0
41.104571,0,0,94,60,1454,99,245,50,0,0,46,0,0,4,0
41.106475,0,0,94,60,1454,99,245,50,0,0,46,0,0,4,0
41.110668,0,0,94,60,1454,99,245,50,0,0,46,0,0,4,0
41.123710,0,1,94,60,1454,99,245,50,0,0,47,0,0,4,0
41.127859,0,1,94,60,1454,99,245,50,0,0,47,0,0,3,0
41.136036,0,0,94,60,1454,99,245,50,0,0,47,0,0,3,0
41.140182,0,0,94,60,1454,99,245,50,0,0,47,0,0,3,0
41.144715,0,0,94,60,1454,99,245,50,0,0,47,0,0,3,0
41.155259,0,0,94,60,1454,99,245,50,0,0,47,0,0,3,0
41.159319,0,0,94,60,1454,99,245,50,0,0,47,0,0,3,0
41.166459,0,0,94,60,1454,99,245,50,0,0,47,0,0,3,0
41.170572,0,0,94,60,1454,99,245,50,0,0,47,0,0,3,0
41.174661,0,0,94,60,1454,99,245,50,0,0,47,0,0,3,0
41.186545,0,0,94,60,1454,99,245,50,0,0,47,0,0,3,0
41.196394,1,0,94,60,1454,99,245,51,0,0,47,0,0,3,0
41.200853,0,0,94,60,1454,99,245,51,0,0,47,0,0,3,0
41.205748,0,0,94,60,1454,99,245,51,0,0,47,0,0,3,0
41.217177,0,0,94,60,1454,99,245,51,0,0,47,0,0,3,0
41.221420,0,0,94,60,1454,99,245,51,0,0,47,0,0,3,0
41.229210,0,0,94,60,1454,99,245,51,0,0,47,0,0,3,0
41.237002,0,0,94,60,1454,99,245,51,0,0,47,0,0,3,0
41.248484,0,0,94,60,1454,99,245,51,0,0,47,0,0,3,0
41.258173,1,0,94,60,1454,99,245,50,0,0,47,0,0,3,0
41.262395,0,0,94,60,1454,99,245,50,0,0,47,0,0,3,0
41.266547,0,0,94,60,1454,99,245,50,0,0,47,0,0,3,0
41.279491,0,0,94,60,1454,99,245,50,0,0,47,0,0,3,0
41.289386,0,0,94,60,1454,99,245,50,0,0,47,0,0,3,0
41.293922,0,0,94,60,1454,99,245,50,0,0,47,0,0,3,0
41.298111,1,1,94,60,1456,99,245,50,0,0,52,0,0,3,107
41.310145,0,0,94,60,1456,99,245,50,0,0,52,0,0,3,107
41.314358,0,0,94,60,1456,99,245,50,0,0,52,0,0,3,107
41.321737,0,0,94,60,1456,99,245,50,0,0,52,0,0,3,107
41.326443,0,1,94,60,1456,99,245,50,0,0,51,0,0,3,61
41.340118,1,0,94,60,1457,98,245,50,0,0,51,0,0,3,61
41.344722,1,0,94,60,1457,98,245,51,0,0,51,0,0,3,61
41.352663,0,0,94,60,1457,98,245,51,0,0,51,0,0,3,61
41.357200,1,1,94,60,1458,98,245,51,0,0,49,0,0,3,0
41.370998,0,0,94,60,1458,98,245,51,0,0,49,0,0,3,0
41.375477,0,0,94,60,1458,98,245,51,0,0,49,0,0,3,0
41.384296,0,0,94,60,1458,98,245,51,0,0,49,0,0,3,0
41.388520,0,0,94,60,1458,98,245,51,0,0,49,0,0,3,0
41.402075,0,1,94,60,1458,98,245,51,0,0,49,0,0,4,0
41.407012,0,0,94,60,1458,98,245,51,0,0,49,0,0,4,0
41.415316,0,0,94,60,1458,98,245,51,0,0,49,0,0,4,0
41.421269,0,0,94,60,1458,98,245,51,0,0,49,0,0,4,0
41.435396,0,1,94,60,1458,98,245,51,0,0,49,0,0,3,0
41.444778,0,0,94,60,1458,98,245,51,0,0,49,0,0,3,0
41.449686,1,0,94,60,1458,99,245,51,0,0,49,0,0,3,0
41.453807,0,1,94,60,1458,99,245,51,0,0,49,0,0,4,0
41.465817,0,0,94,60,1458,99,245,51,0,0,49,0,0,4,0
41.475506,0,0,94,60,1458,99,245,51,0,0,49,0,0,4,0
41.480019,0,1,94,60,1458,99,245,51,0,0,48,0,0,4,0
41.484566,0,0,94,60,1458,99,245,51,0,0,48,0,0,4,0
41.496614,0,0,94,60,1458,99,245,51,0,0,48,0,0,4,0
41.506161,0,0,94,60,1458,99,245,51,0,0,48,0,0,4,0
41.511003,1,0,94,60,1458,98,245,51,0,0,48,0,0,4,0
41.514712,0,1,94,60,1458,98,245,51,0,0,48,0,0,3,0
41.528507,0,0,94,60,1458,98,245,51,0,0,48,0,0,3,0
41.538770,0,0,94,60,1458,98,245,51,0,0,48,0,0,3,0
41.544550,0,1,94,60,1458,98,245,51,0,0,48,0,0,4,0
41.558644,0,0,94,60,1458,98,245,51,0,0,48,0,0,4,0
41.569831,0,0,94,60,1458,98,245,51,0,0,48,0,0,4,0
41.575586,1,0,94,60,1458,99,245,51,0,0,48,0,0,4,0
41.589636,0,0,94,60,1458,99,245,51,0,0,48,0,0,4,0
41.600618,0,0,94,60,1458,99,245,51,0,0,48,0,0,4,0
41.606223,0,0,94,60,1458,99,245,51,0,0,48,0,0,4,0
41.620467,0,0,94,60,1458,99,245,51,0,0,48,0,0,4,0
41.630743,0,0,94,60,1458,99,245,51,0,0,48,0,0,4,0
41.640067,0,0,94,60,1458,99,245,51,0,0,48,0,0,4,0
41.651090,0,0,94,60,1458,99,245,51,0,0,48,0,0,4,0
41.655242,0,0,94,60,1458,99,245,51,0,0,48,0,0,4,0
41.662926,0,0,94,60,1458,99,245,51,0,0,48,0,0,4,0
41.667013,0,0,94,60,1458,99,245,51,0,0,48,0,0,4,0
41.671034,0,0,94,60,1458,99,245,51,0,0,48,0,0,4,0
41.682509,0,0,94,60,1458,99,245,51,0,0,48,0,0,4,0
41.686614,0,0,94,60,1458,99,245,51,0,0,48,0,0,4,0
41.693482,0,1,94,60,1458,99,245,51,0,0,48,0,0,3,0
41.697923,1,0,94,60,1458,99,245,50,0,0,48,0,0,3,0
41.702024,0,0,94,60,1458,99,245,50,0,0,48,0,0,3,0
41.713161,0,0,94,60,1458,99,245,50,0,0,48,0,0,3,0
41.717310,1,1,94,60,1460,99,245,50,0,0,52,0,0,3,11
41.724355,0,0,94,60,1460,99,245,50,0,0,52,0,0,3,11
41.728420,0,1,94,60,1460,99,245,50,0,0,52,0,0,4,11
41.732485,0,0,94,60,1460,99,245,50,0,0,52,0,0,4,11
41.744060,0,0,94,60,1460,99,245,50,0,0,52,0,0,4,0
41.748461,0,1,94,60,1460,99,245,50,0,0,50,0,0,4,0
41.755725,1,1,94,60,1460,99,245,51,0,0,50,0,0,3,0
41.759790,0,0,94,60,1460,99,245,51,0,0,50,0,0,3,0
41.763948,0,0,94,60,1460,99,245,51,0,0,50,0,0,3,0
41.775168,0,0,94,60,1460,99,245,51,0,0,50,0,0,3,0
41.779262,1,0,94,60,1460,98,245,51,0,0,50,0,0,3,0
41.786643,0,0,94,60,1460,98,245,51,0,0,50,0,0,3,0
41.791125,0,0,94,60,1460,98,245,51,0,0,50,0,0,3,0
41.795697,0,0,94,60,1460,98,245,51,0,0,50,0,0,3,0
41.806636,0,1,94,60,1460,98,245,51,0,0,49,0,0,3,0
41.816146,1,0,94,60,1460,99,245,51,0,0,49,0,0,3,0
41.820368,0,0,94,60,1460,99,245,51,0,0,49,0,0,3,0
41.825303,0,0,94,60,1460,99,245,51,0,0,49,0,0,3,0
41.837091,0,0,94,60,1460,99,245,51,0,0,49,0,0,3,0
41.841290,0,0,94,60,1460,99,245,51,0,0,49,0,0,3,0
41.848649,1,0,94,60,1460,99,245,50,0,0,49,0,0,3,0
41.853205,0,0,94,60,1460,99,245,50,0,0,49,0,0,3,0
41.857432,0,0,94,60,1460,99,245,50,0,0,49,0,0,3,0
41.869024,0,0,94,60,1460,99,245,50,0,0,49,0,0,3,0
41.871207,0,0,94,60,1460,99,245,50,0,0,49,0,0,3,0
41.879368,0,0,94,60,1460,99,245,50,0,0,49,0,0,3,0
41.883890,0,0,94,60,1460,99,245,50,0,0,49,0,0,3,0
41.888073,0,0,94,60,1460,99,245,50,0,0,49,0,0,3,0
41.899174,0,0,94,60,1460,99,245,50,0,0,49,0,0,3,0
41.903735,0,0,94,60,1460,99,245,50,0,0,49,0,0,3,0
41.910818,1,0,94,60,1460,99,245,51,0,0,49,0,0,3,0
41.915034,0,0,94,60,1460,99,245,51,0,0,49,0,0,3,0
41.929035,1,0,94,59,1460,99,245,51,0,0,49,0,0,3,0
41.934137,0,0,94,59,1460,99,245,51,0,0,49,0,0,3,0
41.942293,0,0,94,59,1460,99,245,51,0,0,49,0,0,3,0
41.946805,0,0,94,59,1460,99,245,51,0,0,49,0,0,3,0
41.960113,0,0,94,59,1460,99,245,51,0,0,49,0,0,3,0
41.964649,0,0,94,59,1460,99,245,51,0,0,49,0,0,3,0
41.972699,0,0,94,59,1460,99,245,51,0,0,49,0,0,3,0
41.977199,0,0,94,59,1460,99,245,51,0,0,49,0,0,3,0
41.990980,0,1,94,59,1460,99,245,51,0,0,48,0,0,3,0
42.003681,0,0,94,59,1460,99,245,51,0,0,48,0,0,3,0
42.008214,0,0,94,59,1460,99,245,51,0,0,48,0,0,3,0
42.021944,0,1,94,59,1460,99,245,51,0,0,49,0,0,3,0
42.026484,1,0,94,59,1460,99,245,50,0,0,49,0,0,3,0
42.034512,0,0,94,59,1460,99,245,50,0,0,49,0,0,3,0
42.038786,0,0,94,59,1460,99,245,50,0,0,49,0,0,3,0
42.043663,1,1,94,59,1461,99,245,50,0,0,51,0,0,3,68
42.054583,0,0,94,59,1461,99,245,50,0,0,51,0,0,3,68
42.064101,0,0,94,59,1461,99,245,50,0,0,51,0,0,3,68
42.068983,0,0,94,59,1461,99,245,50,0,0,51,0,0,3,68
42.073178,1,1,94,59,1462,99,245,50,0,0,54,1,0,3,84
42.085874,1,0,94,59,1462,99,245,51,0,0,54,1,0,3,84
42.095623,0,0,94,59,1462,99,245,51,0,0,54,1,0,3,84
42.100172,1,1,94,59,1463,99,245,51,0,0,51,1,0,3,0
42.104736,0,1,94,59,1463,99,245,51,0,0,51,0,0,3,0
42.116164,0,0,94,59,1463,99,245,51,0,0,51,0,0,3,0
42.120639,0,0,94,59,1463,99,245,51,0,0,51,0,0,3,0
42.127642,0,0,94,59,1463,99,245,51,0,0,51,0,0,3,0
42.132149,0,1,94,59,1463,99,245,51,0,0,50,0,0,3,0
42.136278,1,0,94,59,1463,99,245,50,0,0,50,0,0,3,0
42.147181,0,0,94,59,1463,99,245,50,0,0,50,0,0,3,0
42.151411,0,0,94,59,1463,99,245,50,0,0,50,0,0,3,0
42.159083,0,0,94,59,1463,99,245,50,0,0,50,0,0,3,0
42.163238,0,0,94,59,1463,99,245,50,0,0,50,0,0,3,0
42.177084,0,0,94,59,1463,99,245,50,0,0,50,0,0,3,0
42.181969,0,0,94,59,1463,99,245,50,0,0,50,0,0,3,0
42.189708,0,1,94,59,1463,99,245,50,0,0,49,0,0,3,0
42.194269,0,0,94,59,1463,99,245,50,0,0,49,0,0,3,0
42.207862,1,0,94,59,1463,99,245,51,0,0,49,0,0,3,0
42.212061,0,0,94,59,1463,99,245,51,0,0,49,0,0,3,0
42.221199,0,0,94,59,1463,99,245,51,0,0,49,0,0,3,0
42.226054,0,0,94,59,1463,99,245,51,0,0,49,0,0,3,0
42.228278,0,0,94,59,1463,99,245,51,0,0,49,0,0,3,0
42.240533,0,0,94,59,1463,99,245,51,0,0,49,0,0,3,0
42.250038,0,0,94,59,1463,99,245,51,0,0,49,0,0,3,0
42.254563,0,1,94,59,1463,99,245,51,0,0,49,1,0,3,0
42.259065,0,0,94,59,1463,99,245,51,0,0,49,1,0,3,0
42.271989,0,0,94,59,1463,99,245,51,0,0,49,1,0,3,0
42.281679,0,0,94,59,1463,99,245,51,0,0,49,1,0,3,0
42.285750,0,1,94,59,1463,99,245,51,0,0,49,0,0,3,0
42.289822,0,0,94,59,1463,99,245,51,0,0,49,0,0,3,0
42.302508,0,0,94,59,1463,99,245,51,0,0,49,0,0,3,0
42.306719,0,0,94,59,1463,99,245,51,0,0,49,0,0,3,0
42.313808,0,0,94,59,1463,99,245,51,0,0,49,0,0,3,0
42.317913,0,0,94,59,1463,99,245,51,0,0,49,0,0,3,0
42.322068,0,0,94,59,1463,99,245,51,0,0,49,0,0,3,0
42.333080,0,0,94,59,1463,99,245,51,0,0,49,0,0,3,0
42.337202,0,0,94,59,1463,99,245,51,0,0,49,0,0,3,0
42.344676,0,1,94,59,1463,99,245,51,0,0,49,1,0,3,0
42.351658,0,0,94,59,1463,99,245,51,0,0,49,1,0,3,0
42.364140,0,0,94,59,1463,99,245,51,0,0,49,1,0,3,0
42.368266,0,1,94,59,1463,99,245,51,0,0,49,0,0,3,0
42.375289,0,0,94,59,1463,99,245,51,0,0,49,0,0,3,0
42.379389,0,0,94,59,1463,99,245,51,0,0,49,0,0,3,0
42.383450,0,0,94,59,1463,99,245,51,0,0,49,0,0,3,0
42.395142,0,0,94,59,1463,99,245,51,0,0,49,0,0,3,0
42.399261,1,1,94,59,1464,99,245,51,0,0,53,0,0,3,66
42.406568,0,0,94,59,1464,99,245,51,0,0,53,0,0,3,66
42.410673,0,0,94,59,1464,99,245,51,0,0,53,0,0,3,66
42.414863,0,0,94,59,1464,99,245,51,0,0,53,0,0,3,66
42.426940,0,0,94,59,1464,99,245,51,0,0,53,0,0,3,82
42.436722,1,1,94,59,1466,99,245,51,0,0,53,1,0,3,82
42.440887,0,0,94,59,1466,99,245,51,0,0,53,1,0,3,82
42.445006,0,0,94,59,1466,99,245,51,0,0,53,1,0,3,82
42.457547,0,1,94,59,1466,99,245,51,0,0,52,1,0,3,0
42.467112,1,1,94,59,1468,99,245,51,0,0,52,0,0,3,0
42.471699,0,0,94,59,1468,99,245,51,0,0,52,0,0,3,0
42.476217,0,0,94,59,1468,99,245,51,0,0,52,0,0,3,0
42.488788,0,1,94,59,1468,99,245,51,0,0,51,0,0,3,0
42.498486,0,0,94,59,1468,99,245,51,0,0,51,0,0,3,0
42.503378,0,0,94,59,1468,99,245,51,0,0,51,0,0,3,0
42.507852,0,0,94,59,1468,99,245,51,0,0,51,0,0,3,0
42.519780,0,0,94,59,1468,99,245,51,0,0,51,0,0,3,0
42.529193,0,0,94,59,1468,99,245,51,0,0,51,0,0,3,0
42.533406,0,0,94,59,1468,99,245,51,0,0,51,0,0,3,0
42.537928,0,0,94,59,1468,99,245,51,0,0,51,0,0,3,0
42.550803,0,0,94,59,1468,99,245,51,0,0,51,0,0,3,0
42.560127,0,0,94,59,1468,99,245,51,0,0,51,0,0,3,0
42.564341,0,0,94,59,1468,99,245,51,0,0,51,0,0,3,0
42.568516,0,0,94,59,1468,99,245,51,0,0,51,0,0,3,0
42.581189,0,1,94,59,1468,99,245,51,0,0,50,0,0,3,0
42.585348,0,0,94,59,1468,99,245,51,0,0,50,0,0,3,0
42.593088,0,0,94,59,1468,99,245,51,0,0,50,0,0,3,0
42.597294,0,0,94,59,1468,99,245,51,0,0,50,0,0,3,0
42.610902,0,0,94,59,1468,99,245,51,0,0,50,0,0,3,0
42.615488,0,0,94,59,1468,99,245,51,0,0,50,0,0,3,0
42.623707,0,0,94,59,1468,99,245,51,0,0,50,0,0,3,0
42.625895,0,0,94,59,1468,99,245,51,0,0,50,0,0,3,0
42.630374,0,0,94,59,1468,99,245,51,0,0,50,0,0,3,0
42.643528,0,0,94,59,1468,99,245,51,0,0,50,0,0,3,0
42.653127,0,0,94,59,1468,99,245,51,0,0,50,0,0,3,0
42.657637,0,0,94,59,1468,99,245,51,0,0,50,0,0,3,0
42.662101,0,0,94,59,1468,99,245,51,0,0,50,0,0,3,0
42.674178,0,0,94,59,1468,99,245,51,0,0,50,0,0,3,0
42.678681,0,0,94,59,1468,99,245,51,0,0,50,0,0,3,0
42.686055,0,0,94,59,1468,99,245,51,0,0,50,0,0,3,0
42.690628,0,0,94,59,1468,99,245,51,0,0,50,0,0,3,0
42.703910,0,0,94,59,1468,99,245,51,0,0,50,0,0,3,0
42.708041,0,0,94,59,1468,99,245,51,0,0,50,0,0,3,0
42.716255,0,0,94,59,1468,99,245,51,0,0,50,0,0,3,0
42.720724,0,0,94,59,1468,99,245,51,0,0,50,0,0,3,0
42.725262,0,0,94,59,1468,99,245,51,0,0,50,0,0,3,0
42.736283,0,0,94,59,1468,99,245,51,0,0,50,0,0,3,0
42.746028,0,0,94,59,1468,99,245,51,0,0,50,0,0,3,0
42.753350,0,0,94,59,1468,99,245,51,0,0,50,0,0,3,0
42.766592,0,0,94,59,1468,99,245,51,0,0,50,0,0,3,0
42.770784,0,0,94,59,1468,99,245,51,0,0,50,0,0,3,0
42.778562,0,0,94,59,1468,99,245,51,0,0,50,0,0,3,0
42.782730,0,0,94,59,1468,99,245,51,0,0,50,0,0,3,0
42.787478,0,0,94,59,1468,99,245,51,0,0,50,0,0,3,0
42.798570,0,0,94,59,1468,99,245,51,0,0,50,0,0,3,0
42.808033,0,0,94,59,1468,99,245,51,0,0,50,0,0,3,0
42.812568,1,1,94,59,1470,99,245,51,0,0,55,0,0,3,-37
42.816720,0,0,94,59,1470,99,245,51,0,0,55,0,0,3,-37
42.829075,0,0,94,59,1470,99,245,51,0,0,55,0,0,3,-37
42.833265,0,0,94,59,1470,99,245,51,0,0,55,0,0,3,-37
42.840771,0,0,94,59,1470,99,245,51,0,0,55,0,0,3,0
42.845727,0,1,94,59,1470,99,245,51,0,0,52,0,0,3,0
42.859047,0,0,94,59,1470,99,245,51,0,0,52,0,0,3,0
42.863227,0,0,94,59,1470,99,245,51,0,0,52,0,0,3,0
42.871875,0,0,94,59,1470,99,245,51,0,0,52,0,0,3,0
42.876347,0,1,94,59,1470,99,245,51,0,0,52,1,0,3,0
42.880545,1,0,94,59,1470,99,245,50,0,0,52,1,0,3,0
42.892130,0,0,94,59,1470,99,245,50,0,0,52,1,0,3,0
42.901947,0,0,94,59,1470,99,245,50,0,0,52,1,0,3,0
42.906114,0,0,94,59,1470,99,245,50,0,0,52,1,0,3,0
42.910558,0,0,94,59,1470,99,245,50,0,0,52,1,0,3,0
42.922069,0,0,94,59,1470,99,245,50,0,0,52,1,0,3,0
42.926159,0,0,94,59,1470,99,245,50,0,0,52,1,0,3,0
42.933566,0,1,94,59,1470,99,245,50,0,0,51,0,0,3,0
42.937716,0,0,94,59,1470,99,245,50,0,0,51,0,0,3,0
42.941814,0,0,94,59,1470,99,245,50,0,0,51,0,0,3,0
42.953180,0,0,94,59,1470,99,245,50,0,0,51,0,0,3,0
42.957339,0,0,94,59,1470,99,245,50,0,0,51,0,0,3,0
42.964565,0,0,94,59,1470,99,245,50,0,0,51,0,0,3,0
42.966446,0,0,94,59,1470,99,245,50,0,0,51,0,0,3,0
42.970577,1,0,94,59,1470,99,245,51,0,0,51,0,0,3,0
42.983737,0,0,94,59,1470,99,245,51,0,0,51,0,0,3,0
42.987855,0,0,94,59,1470,99,245,51,0,0,51,0,0,3,0
42.995234,0,0,94,59,1470,99,245,51,0,0,51,0,0,3,0
42.999847,0,0,94,59,1470,99,245,51,0,0,51,0,0,3,0
43.003940,0,0,94,59,1470,99,245,51,0,0,51,0,0,3,0
43.015178,0,0,94,59,1470,99,245,51,0,0,51,0,0,3,0
43.019353,0,0,94,59,1470,99,245,51,0,0,51,0,0,3,0
43.026708,0,0,94,59,1470,99,245,51,0,0,51,0,0,3,0
43.030838,0,0,94,59,1470,99,245,51,0,0,51,0,0,3,0
43.035002,0,0,94,59,1470,99,245,51,0,0,51,0,0,3,0
43.046809,0,0,94,59,1470,99,245,51,0,0,51,0,0,3,0
43.056388,0,0,94,59,1470,99,245,51,0,0,51,0,0,3,0
43.060566,0,1,94,59,1470,99,245,51,0,0,51,1,0,3,0
43.064737,0,0,94,59,1470,99,245,51,0,0,51,1,0,3,0
43.077142,0,0,94,59,1470,99,245,51,0,0,51,1,0,3,0
43.081710,0,0,94,59,1470,99,245,51,0,0,51,1,0,3,0
43.088810,0,1,94,59,1470,99,245,51,0,0,51,0,0,3,0
43.096870,0,0,94,59,1470,99,245,51,0,0,51,0,0,3,0
43.108417,0,0,94,59,1470,99,245,51,0,0,51,0,0,3,0
43.112564,0,0,94,59,1470,99,245,51,0,0,51,0,0,3,0
43.119944,0,0,94,59,1470,99,245,51,0,0,51,0,0,3,0
43.124210,0,1,94,59,1470,99,245,51,0,0,51,0,0,4,0
43.137857,0,0,94,59,1470,99,245,51,0,0,51,0,0,4,0
43.142381,0,1,94,59,1470,99,245,51,0,0,54,0,0,4,69
43.151275,1,1,94,59,1473,99,245,51,0,0,54,0,0,3,69
43.155776,0,0,94,59,1473,99,245,51,0,0,54,0,0,3,69
43.168983,0,0,94,59,1473,99,245,51,0,0,54,0,0,3,69
43.173120,1,1,94,59,1475,99,245,51,0,0,53,0,0,3,0
43.181255,0,0,94,59,1475,99,245,51,0,0,53,0,0,3,0
43.185452,0,0,94,59,1475,99,245,51,0,0,53,0,0,3,0
43.189617,0,0,94,59,1475,99,245,51,0,0,53,0,0,3,0
43.201483,0,1,94,59,1475,99,245,51,0,0,52,0,0,3,0
43.211079,1,0,94,59,1474,99,245,51,0,0,52,0,0,3,0
43.215325,0,0,94,59,1474,99,245,51,0,0,52,0,0,3,0
43.219479,0,0,94,59,1474,99,245,51,0,0,52,0,0,3,0
43.232442,1,0,94,59,1473,99,245,51,0,0,52,0,0,3,0
43.242322,0,1,94,59,1473,99,245,51,0,0,52,0,0,4,0
43.246519,0,0,94,59,1473,99,245,51,0,0,52,0,0,4,0
43.250740,0,0,94,59,1473,99,245,51,0,0,52,0,0,4,0
43.263424,0,0,94,59,1473,99,245,51,0,0,52,0,0,4,0
43.273142,0,1,94,59,1473,99,245,51,0,0,52,0,0,3,0
43.277651,0,0,94,59,1473,99,245,51,0,0,52,0,0,3,0
43.281799,0,0,94,59,1473,99,245,51,0,0,52,0,0,3,0
43.294452,1,1,94,59,1474,99,245,51,0,0,51,0,0,3,0
43.304010,0,0,94,59,1474,99,245,51,0,0,51,0,0,3,0
43.308547,0,0,94,59,1474,99,245,51,0,0,51,0,0,3,0
43.312823,0,0,94,59,1474,99,245,51,0,0,51,0,0,3,0
43.325714,0,1,94,59,1474,99,245,51,0,0,52,0,0,3,0
43.335430,1,1,94,59,1474,99,245,50,0,0,52,0,0,4,0
43.339933,0,0,94,59,1474,99,245,50,0,0,52,0,0,4,0
43.344429,0,0,94,59,1474,99,245,50,0,0,52,0,0,4,0
43.356489,0,1,94,59,1474,99,245,50,0,0,51,0,0,4,0
43.366066,0,0,94,59,1474,99,245,50,0,0,51,0,0,4,0
43.370241,0,0,94,59,1474,99,245,50,0,0,51,0,0,4,0
43.374713,0,0,94,59,1474,99,245,50,0,0,51,0,0,4,0
43.387462,0,0,94,59,1474,99,245,50,0,0,51,0,0,4,0
43.389677,0,0,94,59,1474,99,245,50,0,0,51,0,0,4,0
43.398651,0,0,94,59,1474,99,245,50,0,0,51,0,0,4,0
43.403173,0,0,94,59,1474,99,245,50,0,0,51,0,0,4,0
43.407364,0,1,94,59,1474,99,245,50,0,0,52,0,0,4,0
43.418634,1,0,94,59,1474,100,245,50,0,0,52,0,0,4,0
43.428308,1,0,94,59,1474,100,245,51,0,0,52,0,0,4,0
43.432821,0,0,94,59,1474,100,245,51,0,0,52,0,0,4,0
43.436947,0,1,94,59,1474,100,245,51,0,0,51,0,0,4,0
43.449394,1,0,94,59,1474,98,245,51,0,0,51,0,0,4,0
43.453616,0,0,94,59,1474,98,245,51,0,0,51,0,0,4,0
43.460887,0,0,94,59,1474,98,245,51,0,0,51,0,0,4,0
43.465067,0,1,94,59,1474,98,245,51,0,0,52,0,0,4,0
43.469608,1,0,94,59,1473,99,245,51,0,0,52,0,0,4,0
43.480892,0,0,94,59,1473,99,245,51,0,0,52,0,0,4,0
43.490256,0,0,94,59,1473,99,245,51,0,0,52,0,0,4,0
43.494780,0,0,94,59,1473,99,245,51,0,0,52,0,0,4,0
43.499696,1,1,94,59,1474,97,245,51,0,0,51,0,0,4,0
43.511695,0,1,94,59,1474,97,245,51,0,0,51,0,0,3,0
43.525234,0,0,94,59,1474,97,245,51,0,0,51,0,0,3,0
43.529419,1,0,94,59,1474,98,245,51,0,0,51,0,0,3,0
43.542389,0,1,94,59,1474,98,245,51,0,0,51,0,0,4,0
43.552048,0,0,94,59,1474,98,245,51,0,0,51,0,0,4,0
43.556754,0,0,94,59,1474,98,245,51,0,0,51,0,0,4,0
43.560906,1,1,94,59,1477,98,245,51,0,0,56,0,0,4,-41
43.572955,0,0,94,59,1477,98,245,51,0,0,56,0,0,4,-41
43.576917,0,0,94,59,1477,98,245,51,0,0,56,0,0,4,-41
43.584594,0,0,94,59,1477,98,245,51,0,0,56,0,0,4,-41
43.588755,0,1,94,59,1477,98,245,51,0,0,53,0,0,4,0
43.592837,0,0,94,59,1477,98,245,51,0,0,53,0,0,4,0
43.604157,0,0,94,59,1477,98,245,51,0,0,53,0,0,4,0
43.608292,0,0,94,59,1477,98,245,51,0,0,53,0,0,4,0
43.615455,0,0,94,59,1477,98,245,51,0,0,53,0,0,4,0
43.619518,1,0,94,59,1478,98,245,51,0,0,53,0,0,4,0
43.623542,0,0,94,59,1478,98,245,51,0,0,53,0,0,4,0
43.635098,0,0,94,59,1478,98,245,51,0,0,53,0,0,4,0
43.639167,0,0,94,59,1478,98,245,51,0,0,53,0,0,4,0
43.646197,0,0,94,59,1478,98,245,51,0,0,53,0,0,4,0
43.650303,0,1,94,59,1478,98,245,51,0,0,52,0,0,4,0
43.654466,0,0,94,59,1478,98,245,51,0,0,52,0,0,4,0
43.666560,0,0,94,59,1478,98,245,51,0,0,52,0,0,4,0
43.675948,0,0,94,59,1478,98,245,51,0,0,52,0,0,4,0
43.680470,0,0,94,59,1478,98,245,51,0,0,52,0,0,4,0
43.685264,0,0,94,59,1478,98,245,51,0,0,52,0,0,4,0
43.697426,0,0,94,59,1478,98,245,51,0,0,52,0,0,4,0
43.707303,0,0,94,59,1478,98,245,51,0,0,52,0,0,4,0
43.711855,0,0,94,59,1478,98,245,51,0,0,52,0,0,4,0
43.713718,1,0,94,59,1478,98,245,50,0,0,52,0,0,4,0
43.726891,0,0,94,59,1478,98,245,50,0,0,52,0,0,4,0
43.731083,0,0,94,59,1478,98,245,50,0,0,52,0,0,4,0
43.739228,0,1,94,59,1478,98,245,50,0,0,53,0,0,4,0
43.744091,0,0,94,59,1478,98,245,50,0,0,53,0,0,4,0
43.757815,0,0,94,59,1478,98,245,50,0,0,53,0,0,4,0
43.762293,0,0,94,59,1478,98,245,50,0,0,53,0,0,4,0
43.770624,0,1,94,59,1478,98,245,50,0,0,52,0,0,4,0
43.775133,1,0,94,59,1478,98,245,51,0,0,52,0,0,4,0
43.779303,0,0,94,59,1478,98,245,51,0,0,52,0,0,4,0
43.790196,0,0,94,59,1478,98,245,51,0,0,52,0,0,4,0
43.794403,0,0,94,59,1478,98,245,51,0,0,52,0,0,4,0
43.801692,0,0,94,59,1478,98,245,51,0,0,52,0,0,4,0
43.805830,0,0,94,59,1478,98,245,51,0,0,52,0,0,4,0
43.809997,0,0,94,59,1478,98,245,51,0,0,52,0,0,4,0
43.821391,0,0,94,59,1478,98,245,51,0,0,52,0,0,4,0
43.831000,1,0,94,59,1477,98,245,51,0,0,52,0,0,4,0
43.837636,0,0,94,59,1477,98,245,51,0,0,52,0,0,4,0
43.850886,0,0,94,59,1477,98,245,51,0,0,52,0,0,4,0
43.855032,0,0,94,59,1477,98,245,51,0,0,52,0,0,4,0
43.863256,0,0,94,59,1477,98,245,51,0,0,52,0,0,4,0
43.867381,0,0,94,59,1477,98,245,51,0,0,52,0,0,4,0
43.871503,0,0,94,59,1477,98,245,51,0,0,52,0,0,4,0
43.883165,0,0,94,59,1477,98,245,51,0,0,52,0,0,4,0
43.893282,1,0,94,59,1478,98,245,51,0,0,52,0,0,4,0
43.897806,0,0,94,59,1478,98,245,51,0,0,52,0,0,4,0
43.901992,0,0,94,59,1478,98,245,51,0,0,52,0,0,4,0
43.914369,0,0,94,59,1478,98,245,51,0,0,52,0,0,4,0
43.923922,0,1,94,59,1478,98,245,51,0,0,57,0,0,4,107
43.928092,0,0,94,59,1478,98,245,51,0,0,57,0,0,4,107
43.932258,0,0,94,59,1478,98,245,51,0,0,57,0,0,4,107
43.944982,0,0,94,59,1478,98,245,51,0,0,57,0,0,4,0
43.949123,1,1,94,59,1480,98,245,51,0,0,54,0,1,4,0
43.956641,0,0,94,59,1480,98,245,51,0,0,54,0,1,4,0
43.960822,0,0,94,59,1480,98,245,51,0,0,54,0,1,4,0
43.975201,0,0,94,59,1480,98,245,51,0,0,54,0,1,4,0
43.986563,0,1,94,59,1480,98,245,51,0,0,53,0,1,4,0
43.992444,0,0,94,59,1480,98,245,51,0,0,53,0,1,4,0
44.006441,0,0,94,59,1480,98,245,51,0,0,53,0,1,4,0
44.010456,0,1,94,59,1480,98,245,51,0,0,53,0,0,4,0
44.018214,0,0,94,59,1480,98,245,51,0,0,53,0,0,4,0
44.022557,0,0,94,59,1480,98,245,51,0,0,53,0,0,4,0
44.026789,0,0,94,59,1480,98,245,51,0,0,53,0,0,4,0
44.038072,0,0,94,59,1480,98,245,51,0,0,53,0,0,4,0
44.042238,0,1,94,59,1480,98,245,51,0,0,53,0,0,3,0
44.049251,0,0,94,59,1480,98,245,51,0,0,53,0,0,3,0
44.053477,0,0,94,59,1480,98,245,51,0,0,53,0,0,3,0
44.057591,0,0,94,59,1480,98,245,51,0,0,53,0,0,3,0
44.069850,0,0,94,59,1480,98,245,51,0,0,53,0,0,3,0
44.079605,0,0,94,59,1480,98,245,51,0,0,53,0,0,3,0
44.084170,0,0,94,59,1480,98,245,51,0,0,53,0,0,3,0
44.088673,0,0,94,59,1480,98,245,51,0,0,53,0,0,3,0
44.100424,0,0,94,59,1480,98,245,51,0,0,53,0,0,3,0
44.102308,0,0,94,59,1480,98,245,51,0,0,53,0,0,3,0
44.111577,0,0,94,59,1480,98,245,51,0,0,53,0,0,3,0
44.116107,0,0,94,59,1480,98,245,51,0,0,53,0,0,3,0
44.120641,0,0,94,59,1480,98,245,51,0,0,53,0,0,3,0
44.131329,0,0,94,59,1480,98,245,51,0,0,53,0,0,3,0
44.135443,0,0,94,59,1480,98,245,51,0,0,53,0,0,3,0
44.142458,0,0,94,59,1480,98,245,51,0,0,53,0,0,3,0
44.146585,0,0,94,59,1480,98,245,51,0,0,53,0,0,3,0
44.150720,0,0,94,59,1480,98,245,51,0,0,53,0,0,3,0
44.162447,0,1,94,59,1480,98,245,51,0,0,53,0,0,4,0
44.166510,0,0,94,59,1480,98,245,51,0,0,53,0,0,4,0
44.174123,0,0,94,59,1480,98,245,51,0,0,53,0,0,4,0
44.178246,0,0,94,59,1480,98,245,51,0,0,53,0,0,4,0
44.182330,0,0,94,59,1480,98,245,51,0,0,53,0,0,4,0
44.193890,0,1,94,59,1480,98,245,51,0,0,53,0,0,3,0
44.203167,0,0,94,59,1480,98,245,51,0,0,53,0,0,3,0
44.207275,0,0,94,59,1480,98,245,51,0,0,53,0,0,3,0
44.211769,0,0,94,59,1480,98,245,51,0,0,53,0,0,3,0
44.224149,1,0,94,59,1480,98,245,50,0,0,53,0,0,3,0
44.237102,0,0,94,59,1480,98,245,50,0,0,53,0,0,3,0
44.242206,0,1,94,59,1480,98,245,50,0,0,52,0,0,3,0
44.255594,0,1,94,59,1480,98,245,50,0,0,52,0,0,4,0
44.265453,0,0,94,59,1480,98,245,50,0,0,52,0,0,4,0
44.270341,0,0,94,59,1480,98,245,50,0,0,52,0,0,4,74
44.274869,1,1,94,59,1481,99,245,50,0,0,56,0,0,3,74
44.286601,1,0,94,59,1481,99,245,51,0,0,56,0,0,3,74
44.296229,0,0,94,59,1481,99,245,51,0,0,56,0,0,3,74
44.300717,1,1,94,59,1484,99,245,51,0,0,64,0,0,3,8
44.304905,0,1,94,59,1484,99,245,51,0,0,64,0,0,4,8
44.317274,0,0,94,59,1484,99,245,51,0,0,64,0,0,4,8
44.321442,0,0,94,59,1484,99,245,51,0,0,64,0,0,4,8
44.329626,0,1,94,59,1484,99,245,51,0,1,63,0,0,4,0
44.334797,1,0,94,59,1484,98,245,51,0,1,63,0,0,4,0
44.348186,0,0,94,59,1484,98,245,51,0,1,63,0,0,4,0
44.358495,0,0,94,59,1484,98,245,51,0,1,63,0,0,4,0
44.362970,0,1,94,59,1484,98,245,51,0,0,63,0,0,4,0
44.367515,0,0,94,59,1484,98,245,51,0,0,63,0,0,4,0
44.379723,0,0,94,59,1484,98,245,51,0,0,63,0,0,4,0
44.389241,0,0,94,59,1484,98,245,51,0,0,63,0,0,4,0
44.394067,0,0,94,59,1484,98,245,51,0,0,63,0,0,4,0
44.398231,0,0,94,59,1484,98,245,51,0,0,63,0,0,4,0
44.411089,0,0,94,59,1484,98,245,51,0,0,63,0,0,4,0
44.421301,0,0,94,59,1484,98,245,51,0,0,63,0,0,4,0
44.425862,1,1,94,59,1484,99,245,51,0,0,63,0,0,3,0
44.430014,0,0,94,59,1484,99,245,51,0,0,63,0,0,3,0
44.442182,0,0,94,59,1484,99,245,51,0,0,63,0,0,3,0
44.451895,0,0,94,59,1484,99,245,51,0,0,63,0,0,3,0
44.454345,0,1,94,59,1484,99,245,51,0,0,62,0,0,3,0
44.458918,1,1,94,59,1484,99,245,50,0,0,62,0,1,3,0
44.472372,0,0,94,59,1484,99,245,50,0,0,62,0,1,3,0
44.482467,0,0,94,59,1484,99,245,50,0,0,62,0,1,3,0
44.487458,0,1,94,59,1484,99,245,50,0,0,62,0,0,3,0
44.492425,0,1,94,59,1484,99,245,50,0,0,62,0,0,4,0
44.504169,0,0,94,59,1484,99,245,50,0,0,62,0,0,4,0
44.514009,0,0,94,59,1484,99,245,50,0,0,62,0,0,4,0
44.518753,0,0,94,59,1484,99,245,50,0,0,62,0,0,4,0
44.523274,0,0,94,59,1484,99,245,50,0,0,62,0,0,4,0
44.534799,0,0,94,59,1484,99,245,50,0,0,62,0,0,4,0
44.544681,0,0,94,59,1484,99,245,50,0,0,62,0,0,4,0
44.548798,0,1,94,59,1484,99,245,50,0,0,61,0,0,4,0
44.553302,1,0,94,59,1484,99,245,51,0,0,61,0,0,4,0
44.565591,0,0,94,59,1484,99,245,51,0,0,61,0,0,4,0
44.569805,0,0,94,59,1484,99,245,51,0,0,61,0,0,4,0
44.577563,0,0,94,59,1484,99,245,51,0,0,61,0,0,4,0
44.585308,0,0,94,59,1484,99,245,51,0,0,61,0,0,4,0
44.597101,0,0,94,59,1484,99,245,51,0,0,61,0,0,4,0
44.606582,0,1,94,59,1484,99,245,51,0,0,62,0,0,4,0
44.610837,0,0,94,59,1484,99,245,51,0,0,62,0,0,4,0
44.615337,0,0,94,59,1484,99,245,51,0,0,62,0,0,4,0
44.627956,0,0,94,59,1484,99,245,51,0,0,62,0,0,4,0
44.637834,0,1,94,59,1484,99,245,51,0,0,72,0,0,4,113
44.643428,1,0,94,59,1484,98,245,51,0,0,72,0,0,4,113
44.657760,0,0,94,59,1484,98,245,51,0,0,72,0,0,4,113
44.668857,1,1,94,59,1487,98,245,51,0,0,78,0,0,4,0
44.674341,0,1,94,59,1487,98,245,51,0,0,78,0,1,4,0
44.678888,0,0,94,59,1487,98,245,51,0,0,78,0,1,4,0
44.689789,0,0,94,59,1487,98,245,51,0,0,78,0,1,4,0
44.694287,0,0,94,59,1487,98,245,51,0,0,78,0,1,4,0
44.701719,0,1,94,59,1487,98,245,51,0,0,78,0,0,4,0
44.706249,0,0,94,59,1487,98,245,51,0,0,78,0,0,4,0
44.719590,0,0,94,59,1487,98,245,51,0,0,78,0,0,4,0
44.723765,0,1,94,59,1487,98,245,51,0,0,77,0,0,4,0
44.732553,0,1,94,59,1487,98,245,51,0,0,77,0,0,3,0
44.737508,0,0,94,59,1487,98,245,51,0,0,77,0,0,3,0
44.750748,0,0,94,59,1487,98,245,51,0,0,77,0,0,3,0
44.754922,0,0,94,59,1487,98,245,51,0,0,77,0,0,3,0
44.763234,0,1,94,59,1487,98,245,51,0,0,77,0,1,4,0
44.767347,0,0,94,59,1487,98,245,51,0,0,77,0,1,4,0
44.771471,0,0,94,59,1487,98,245,51,0,0,77,0,1,4,0
44.783169,0,1,94,59,1487,98,245,51,0,0,76,0,1,4,0
44.792708,0,1,94,59,1487,98,245,51,0,0,76,0,0,3,0
44.796775,0,0,94,59,1487,98,245,51,0,0,76,0,0,3,0
44.800842,0,0,94,59,1487,98,245,51,0,0,76,0,0,3,0
44.813833,0,1,94,59,1487,98,245,51,0,0,77,0,0,3,0
44.817962,0,1,94,59,1487,98,245,51,0,0,77,0,0,4,0
44.825318,0,0,94,59,1487,98,245,51,0,0,77,0,0,4,0
44.827254,0,0,94,59,1487,98,245,51,0,0,77,0,0,4,0
44.831855,0,0,94,59,1487,98,245,51,0,0,77,0,0,4,0
44.845706,0,1,94,59,1487,98,245,51,0,0,76,0,0,4,0
44.855019,0,0,94,59,1487,98,245,51,0,0,76,0,0,4,0
44.859192,0,0,94,59,1487,98,245,51,0,0,76,0,0,4,0
44.863290,0,0,94,59,1487,98,245,51,0,0,76,0,0,4,0
44.875744,0,0,94,59,1487,98,245,51,0,0,76,0,0,4,0
44.879925,0,1,94,59,1487,98,245,51,0,0,76,0,1,4,0
44.887127,0,0,94,59,1487,98,245,51,0,0,76,0,1,4,0
44.891279,0,0,94,59,1487,98,245,51,0,0,76,0,1,4,0
44.895784,0,0,94,59,1487,98,245,51,0,0,76,0,1,4,0
44.908416,0,1,94,59,1487,98,245,51,0,0,76,0,0,4,0
44.920012,0,0,94,59,1487,98,245,51,0,0,76,0,0,4,0
44.926034,0,0,94,59,1487,98,245,51,0,0,76,0,0,4,0
44.938327,0,0,94,59,1487,98,245,51,0,0,76,0,0,4,0
44.947819,0,1,94,59,1487,98,245,51,0,0,76,0,0,3,0
44.955131,0,0,94,59,1487,98,245,51,0,0,76,0,0,3,0
44.968360,0,0,94,59,1487,98,245,51,0,0,76,0,0,3,0
44.972854,0,0,94,59,1487,98,245,51,0,0,76,0,0,3,0
44.980478,0,0,94,59,1487,98,245,51,0,0,76,0,0,3,0
44.985057,0,0,94,59,1487,98,245,51,0,0,76,0,0,3,0
44.998701,1,1,94,59,1488,98,245,51,0,0,88,0,0,3,97
45.002818,0,0,94,59,1488,98,245,51,0,0,88,0,0,3,97
45.011786,0,0,94,59,1488,98,245,51,0,0,88,0,0,3,97
45.015901,0,1,94,59,1488,98,245,51,0,0,99,0,0,3,0
45.020424,1,0,94,59,1489,98,245,51,0,0,99,0,0,3,0
45.031422,0,1,94,59,1489,98,245,51,0,0,99,0,0,4,0
45.041039,0,0,94,59,1489,98,245,51,0,0,99,0,0,4,0
45.045250,0,0,94,59,1489,98,245,51,0,0,99,0,0,4,0
45.049802,0,1,94,59,1489,98,245,51,0,0,98,0,0,4,0
45.062462,1,1,94,59,1489,98,245,50,0,0,98,0,0,3,0
45.071986,0,0,94,59,1489,98,245,50,0,0,98,0,0,3,0
45.076147,0,1,94,59,1489,98,245,50,0,0,97,0,0,3,0
45.080359,0,0,94,59,1489,98,245,50,0,0,97,0,0,3,0
45.093764,0,0,94,59,1489,98,245,50,0,0,97,0,0,3,0
45.103423,0,0,94,59,1489,98,245,50,0,0,97,0,0,3,0
45.108339,0,0,94,59,1489,98,245,50,0,0,97,0,0,3,0
45.112484,0,1,94,59,1489,98,245,50,0,0,97,0,0,4,0
45.124157,0,0,94,59,1489,98,245,50,0,0,97,0,0,4,0
45.134054,0,0,94,59,1489,98,245,50,0,0,97,0,0,4,0
45.138211,0,1,94,59,1489,98,245,50,0,0,96,0,0,4,0
45.142723,1,1,94,59,1489,99,245,50,0,0,96,0,0,3,0
45.155935,0,0,94,59,1489,99,245,50,0,0,96,0,0,3,0
45.165224,0,0,94,59,1489,99,245,50,0,0,96,0,0,3,0
45.169367,0,0,94,59,1489,99,245,50,0,0,96,0,0,3,0
45.173510,1,1,94,59,1489,99,245,51,0,0,96,0,0,4,0
45.175385,0,0,94,59,1489,99,245,51,0,0,96,0,0,4,0
45.186590,0,0,94,59,1489,99,245,51,0,0,96,0,0,4,0
45.196379,0,0,94,59,1489,99,245,51,0,0,96,0,0,4,0
45.200949,0,1,94,59,1489,99,245,51,0,1,95,0,0,4,0
45.205147,0,0,94,59,1489,99,245,51,0,1,95,0,0,4,0
45.217627,0,0,94,59,1489,99,245,51,0,1,95,0,0,4,0
45.227099,0,1,94,59,1489,99,245,51,0,0,96,0,0,4,0
45.231628,0,0,94,59,1489,99,245,51,0,0,96,0,0,4,0
45.237476,0,0,94,59,1489,99,245,51,0,0,96,0,0,4,0
45.249460,0,0,94,59,1489,99,245,51,0,0,96,0,0,4,0
45.259992,0,0,94,59,1489,99,245,51,0,0,96,0,0,4,0
45.266284,0,0,94,59,1489,99,245,51,0,0,96,0,0,4,0
45.280190,0,0,94,59,1489,99,245,51,0,0,96,0,0,4,0
45.290484,0,1,94,59,1489,99,245,51,0,0,95,0,0,4,0
45.295466,1,1,94,59,1489,98,245,51,0,0,95,0,0,3,0
45.313202,0,0,94,59,1489,98,245,51,0,0,95,0,0,3,0
45.322287,0,1,94,59,1489,98,245,51,0,0,96,0,0,3,0
45.327302,0,0,94,59,1489,98,245,51,0,0,96,0,0,3,0
45.341552,0,0,94,59,1489,98,245,51,0,0,96,0,0,3,0
45.351856,1,1,94,59,1491,99,245,51,0,0,108,0,0,3,139
45.356906,0,0,94,59,1491,99,245,51,0,0,108,0,0,3,139
45.361365,0,0,94,59,1491,99,245,51,0,0,108,0,0,3,139
45.373447,0,0,94,59,1491,99,245,51,0,0,108,0,0,3,139
45.383785,1,1,94,59,1493,99,245,51,0,0,120,0,0,3,0
45.388887,1,0,94,59,1493,99,245,50,0,0,120,0,0,3,0
45.402189,0,0,94,59,1493,99,245,50,0,0,120,0,0,3,0
45.406325,0,1,94,59,1493,99,245,50,0,0,118,0,0,3,0
45.414796,0,0,94,59,1493,99,245,50,0,0,118,0,0,3,0
45.419962,0,0,94,59,1493,99,245,50,0,0,118,0,0,3,0
45.433282,0,1,94,59,1493,99,245,50,0,1,118,0,0,3,0
45.438337,1,1,94,59,1492,99,245,50,0,1,117,0,0,3,0
45.445908,1,0,94,59,1492,99,245,51,0,1,117,0,0,3,0
45.450015,0,0,94,59,1492,99,245,51,0,1,117,0,0,3,0
45.454214,0,1,94,59,1492,99,245,51,0,0,117,0,0,3,0
45.466178,0,0,94,59,1492,99,245,51,0,0,117,0,0,3,0
45.475849,0,0,94,59,1492,99,245,51,0,0,117,0,0,3,0
45.480878,0,0,94,59,1492,99,245,51,0,0,117,0,0,3,0
45.485743,0,0,94,59,1492,99,245,51,0,0,117,0,0,3,0
45.496434,0,1,94,59,1492,99,245,51,0,0,115,0,0,3,0
45.500501,0,0,94,59,1492,99,245,51,0,0,115,0,0,3,0
45.507710,0,0,94,59,1492,99,245,51,0,0,115,0,0,3,0
45.511757,0,0,94,59,1492,99,245,51,0,0,115,0,0,3,0
45.516135,0,0,94,59,1492,99,245,51,0,0,115,0,0,3,0
45.527610,0,1,94,59,1492,99,245,51,0,0,116,0,0,3,0
45.531810,0,1,94,59,1492,99,245,51,0,0,116,0,0,4,0
45.539505,0,0,94,59,1492,99,245,51,0,0,116,0,0,4,0
45.541753,0,0,94,59,1492,99,245,51,0,0,116,0,0,4,0
45.546247,0,1,94,59,1492,99,245,51,0,1,116,0,0,4,0
45.559073,0,0,94,59,1492,99,245,51,0,1,116,0,0,4,0
45.570391,1,1,94,59,1492,99,245,50,0,1,116,0,0,3,0
45.576108,0,0,94,59,1492,99,245,50,0,1,116,0,0,3,0
45.589572,0,0,94,59,1492,99,245,50,0,1,116,0,0,3,0
45.600008,0,0,94,59,1492,99,245,50,0,1,116,0,0,3,0
45.605792,0,1,94,59,1492,99,245,50,0,0,116,0,0,3,0
45.619714,0,1,94,59,1492,99,245,50,0,0,115,0,0,3,0
45.625545,1,0,94,59,1492,99,245,51,0,0,115,0,0,3,0
45.633578,0,0,94,59,1492,99,245,51,0,0,115,0,0,3,0
45.639456,0,0,94,59,1492,99,245,51,0,0,115,0,0,3,0
45.653197,0,0,94,59,1492,99,245,51,0,0,115,0,0,3,0
45.664502,0,0,94,59,1492,99,245,51,0,0,115,0,0,3,0
45.683553,0,0,94,59,1492,99,245,51,0,0,115,0,0,3,0
45.693585,0,0,94,59,1492,99,245,51,0,0,115,0,0,3,0
45.698124,0,0,94,59,1492,99,245,51,0,0,115,0,0,3,0
45.702310,0,0,94,59,1492,99,245,51,0,0,115,0,0,3,0
45.714531,0,0,94,59,1492,99,245,51,0,0,115,0,0,3,0
45.723862,0,0,94,59,1492,99,245,51,0,0,115,0,0,3,0
45.728039,1,1,94,59,1495,99,245,51,0,0,128,0,0,3,-35
45.732207,0,0,94,59,1495,99,245,51,0,0,128,0,0,3,-35
45.745177,1,0,94,59,1495,99,245,50,0,0,128,0,0,3,-35
45.755003,0,0,94,59,1495,99,245,50,0,0,128,0,0,3,-35
45.759543,0,0,94,59,1495,99,245,50,0,0,128,0,0,3,-35
45.764067,0,1,94,59,1495,99,245,50,0,0,128,0,0,4,-35
45.776618,0,0,94,59,1495,99,245,50,0,0,128,0,0,4,-35
45.785886,0,1,94,59,1495,99,245,50,0,1,128,0,0,4,-35
45.790380,1,1,94,59,1496,99,245,50,0,1,132,0,0,4,0
45.794927,1,1,94,59,1496,99,245,51,0,1,132,0,0,3,0
45.807283,0,0,94,59,1496,99,245,51,0,1,132,0,0,3,0
45.816729,0,0,94,59,1496,99,245,51,0,1,132,0,0,3,0
45.820937,0,0,94,59,1496,99,245,51,0,1,132,0,0,3,0
45.825128,0,0,94,59,1496,99,245,51,0,1,132,0,0,3,0
45.838222,0,0,94,59,1496,99,245,51,0,1,132,0,0,3,0
45.848066,0,0,94,59,1496,99,245,51,0,1,132,0,0,3,0
45.852233,0,0,94,59,1496,99,245,51,0,1,132,0,0,3,0
45.856769,1,1,94,59,1496,99,245,50,0,1,132,0,0,4,0
45.869218,0,0,94,59,1496,99,245,50,0,1,132,0,0,4,0
45.873324,0,0,94,59,1496,99,245,50,0,1,132,0,0,4,0
45.880254,1,0,94,59,1495,99,245,50,0,1,132,0,0,4,0
45.882146,0,0,94,59,1495,99,245,50,0,1,132,0,0,4,0
45.886245,0,1,94,59,1495,99,245,50,0,1,132,0,0,3,0
45.899697,0,0,94,59,1495,99,245,50,0,1,132,0,0,3,0
45.904527,0,1,94,59,1495,99,245,50,0,1,131,0,0,3,0
45.912150,1,0,94,59,1495,100,245,50,0,1,131,0,0,3,0
45.916993,1,0,94,59,1495,100,245,51,0,1,131,0,0,3,0
45.930651,0,0,94,59,1495,100,245,51,0,1,131,0,0,3,0
45.934856,0,0,94,59,1495,100,245,51,0,1,131,0,0,3,0
45.943189,1,0,94,59,1495,98,245,51,0,1,131,0,0,3,0
45.947944,0,0,94,59,1495,98,245,51,0,1,131,0,0,3,0
45.961821,0,0,94,59,1495,98,245,51,0,1,131,0,0,3,0
45.966004,0,1,94,59,1495,98,245,51,0,0,130,0,0,3,0
45.973170,0,0,94,59,1495,98,245,51,0,0,130,0,0,3,0
45.977798,0,0,94,59,1495,98,245,51,0,0,130,0,0,3,0
45.982280,0,0,94,59,1495,98,245,51,0,0,130,0,0,3,0
45.993237,0,1,94,59,1495,98,245,51,0,1,130,0,0,3,0
45.997434,1,0,94,59,1495,99,245,51,0,1,130,0,0,3,0
46.004869,0,0,94,59,1495,99,245,51,0,1,130,0,0,3,0
46.012215,0,0,94,59,1495,99,245,51,0,1,130,0,0,3,0
46.024033,0,0,94,59,1495,99,245,51,0,1,130,0,0,3,0
46.028191,0,0,94,59,1495,99,245,51,0,1,130,0,0,3,0
46.035418,0,0,94,59,1495,99,245,51,0,1,130,0,0,3,0
46.039556,0,0,94,59,1495,99,245,51,0,1,130,0,0,3,0
46.043795,0,0,94,59,1495,99,245,51,0,1,130,0,0,3,0
46.055061,0,0,94,59,1495,99,245,51,0,1,130,0,0,3,0
46.059230,0,0,94,59,1495,99,245,51,0,1,130,0,0,3,0
46.066316,0,1,94,59,1495,99,245,51,0,1,130,0,0,4,0
46.070578,0,0,94,59,1495,99,245,51,0,1,130,0,0,4,0
46.085040,0,1,94,59,1495,99,245,51,0,0,130,0,0,4,147
46.090121,1,1,94,59,1498,99,245,51,0,0,168,0,0,3,147
46.097954,0,0,94,59,1498,99,245,51,0,0,168,0,0,3,147
46.102794,0,0,94,59,1498,99,245,51,0,0,168,0,0,3,147
46.116021,0,1,94,59,1498,99,245,51,0,1,172,0,0,3,0
46.120969,0,0,94,59,1498,99,245,51,0,1,172,0,0,3,0
46.129314,0,0,94,59,1498,99,245,51,0,1,172,0,0,3,0
46.133510,0,0,94,59,1498,99,245,51,0,1,172,0,0,3,0
46.146967,0,1,94,59,1498,99,245,51,0,0,172,0,0,3,0
46.151214,0,1,94,59,1498,99,245,51,0,0,171,0,0,3,0
46.159419,0,0,94,59,1498,99,245,51,0,0,171,0,0,3,0
46.163698,0,0,94,59,1498,99,245,51,0,0,171,0,0,3,0
46.168175,0,0,94,59,1498,99,245,51,0,0,171,0,0,3,0
46.180356,0,1,94,59,1498,99,245,51,0,0,170,0,0,3,0
46.190128,0,1,94,59,1498,99,245,51,0,0,170,0,0,4,0
46.194739,0,0,94,59,1498,99,245,51,0,0,170,0,0,4,0
46.199257,0,0,94,59,1498,99,245,51,0,0,170,0,0,4,0
46.210561,0,1,94,59,1498,99,245,51,0,0,169,0,0,4,0
46.220390,0,0,94,59,1498,99,245,51,0,0,169,0,0,4,0
46.224573,0,0,94,59,1498,99,245,51,0,0,169,0,0,4,0
46.229081,0,0,94,59,1498,99,245,51,0,0,169,0,0,4,0
46.241701,0,0,94,59,1498,99,245,51,0,0,169,0,0,4,0
46.243525,0,1,94,59,1498,99,245,51,0,0,169,0,0,3,0
46.253192,0,0,94,59,1498,99,245,51,0,0,169,0,0,3,0
46.258065,0,0,94,59,1498,99,245,51,0,0,169,0,0,3,0
46.271293,0,0,94,59,1498,99,245,51,0,0,169,0,0,3,0
46.276155,1,0,94,59,1498,99,245,50,0,0,169,0,0,3,0
46.283786,0,0,94,59,1498,99,245,50,0,0,169,0,0,3,0
46.287905,0,0,94,59,1498,99,245,50,0,0,169,0,0,3,0
46.292394,0,1,94,59,1498,99,245,50,0,0,168,0,0,3,0
46.303975,0,0,94,59,1498,99,245,50,0,0,168,0,0,3,0
46.313728,0,0,94,59,1498,99,245,50,0,0,168,0,0,3,0
46.318239,0,0,94,59,1498,99,245,50,0,0,168,0,0,3,0
46.323177,0,0,94,59,1498,99,245,50,0,0,168,0,0,3,0
46.334631,0,0,94,59,1498,99,245,50,0,0,168,0,0,3,0
46.338871,1,0,94,59,1498,99,245,51,0,0,168,0,0,3,0
46.346584,0,0,94,59,1498,99,245,51,0,0,168,0,0,3,0
46.350798,0,0,94,59,1498,99,245,51,0,0,168,0,0,3,0
46.364199,0,0,94,59,1498,99,245,51,0,0,168,0,0,3,0
46.377600,0,0,94,59,1498,99,245,51,0,0,168,0,0,3,0
46.382492,0,1,94,59,1498,99,245,51,0,0,167,0,0,3,0
46.395910,0,0,94,59,1498,99,245,51,0,0,167,0,0,3,0
46.400472,0,0,94,59,1498,99,245,51,0,0,167,0,0,3,0
46.407837,0,0,94,59,1498,99,245,51,0,0,167,0,0,3,0
46.412746,0,1,94,59,1498,99,245,51,0,0,183,0,0,3,118
46.426161,1,0,94,59,1499,99,245,51,0,0,183,0,0,3,118
46.431068,0,0,94,59,1499,99,245,51,0,0,183,0,0,3,118
46.438596,0,0,94,59,1499,99,245,51,0,0,183,0,0,3,118
46.442979,0,1,94,59,1499,99,245,51,0,0,216,0,0,3,152
46.447084,1,1,94,59,1500,99,245,51,0,0,216,0,1,3,152
46.459261,0,0,94,59,1500,99,245,51,0,0,216,0,1,3,152
46.468635,0,0,94,59,1500,99,245,51,0,0,216,0,1,3,152
46.473141,1,1,94,59,1501,99,245,51,0,0,244,0,1,3,176
46.477690,1,0,94,59,1501,100,245,51,0,0,244,0,1,3,176
46.489953,0,0,94,59,1501,100,245,51,0,0,244,0,1,3,176
46.499747,0,0,94,59,1501,100,245,51,0,0,244,0,1,3,176
46.504221,1,0,94,59,1501,98,245,51,0,0,244,0,1,3,176
46.508768,0,0,94,59,1501,98,245,51,0,0,244,0,1,3,176
46.521390,0,0,94,59,1501,98,245,51,0,0,244,0,1,3,176
46.530778,0,0,94,59,1501,98,245,51,0,0,244,0,1,3,176
46.535236,0,1,94,59,1501,98,245,51,0,0,246,0,1,3,0
46.539701,1,0,94,59,1501,98,245,50,0,0,246,0,1,3,0
46.551919,0,0,94,59,1501,98,245,50,0,0,246,0,1,3,0
46.561517,0,0,94,59,1501,98,245,50,0,0,246,0,1,3,0
46.565718,1,1,94,59,1501,99,245,50,0,0,245,0,0,3,0
46.570579,0,0,94,59,1501,99,245,50,0,0,245,0,0,3,0
46.582568,0,0,94,59,1501,99,245,50,0,0,245,0,0,3,0
46.586767,0,0,94,59,1501,99,245,50,0,0,245,0,0,3,0
46.594371,0,0,94,59,1501,99,245,50,0,0,245,0,0,3,0
46.598556,1,1,94,59,1501,99,245,51,0,0,245,0,1,3,0
46.600463,0,0,94,59,1501,99,245,51,0,0,245,0,1,3,0
46.614061,0,0,94,59,1501,99,245,51,0,0,245,0,1,3,0
46.623571,0,0,94,59,1501,99,245,51,0,0,245,0,1,3,0
46.627741,0,1,94,59,1501,99,245,51,0,0,244,0,1,4,0
46.632293,0,0,94,59,1501,99,245,51,0,0,244,0,1,4,0
46.644664,0,0,94,59,1501,99,245,51,0,0,244,0,1,4,0
46.654635,0,0,94,59,1501,99,245,51,0,0,244,0,1,4,0
46.659488,0,0,94,59,1501,99,245,51,0,0,244,0,1,4,0
46.663975,0,0,94,59,1501,99,245,51,0,0,244,0,1,4,0
46.675725,0,0,94,59,1501,99,245,51,0,0,244,0,1,4,0
46.685960,0,0,94,59,1501,99,245,51,0,0,244,0,1,4,0
46.690163,0,1,94,59,1501,99,245,51,0,0,244,1,0,4,0
46.694295,0,0,94,59,1501,99,245,51,0,0,244,1,0,4,0
46.706751,0,0,94,59,1501,99,245,51,0,0,244,1,0,4,0
46.710857,0,1,94,59,1501,99,245,51,0,0,243,0,0,4,0
46.718621,0,0,94,59,1501,99,245,51,0,0,243,0,0,4,0
46.725516,0,0,94,59,1501,99,245,50,0,0,243,0,0,4,0
46.737676,0,0,94,59,1501,99,245,50,0,0,243,0,0,4,0
46.747830,0,0,94,59,1501,99,245,50,0,0,243,0,0,4,0
46.752797,1,1,94,59,1501,99,245,51,0,0,243,0,1,3,0
46.757597,0,0,94,59,1501,99,245,51,0,0,243,0,1,3,0
46.769707,0,0,94,59,1501,99,245,51,0,0,243,0,1,3,171
46.779184,1,1,94,59,1502,99,245,51,0,0,259,0,1,3,171
46.783312,0,0,94,59,1502,99,245,51,0,0,259,0,1,3,171
46.787446,0,0,94,59,1502,99,245,51,0,0,259,0,1,3,171
46.799751,0,0,94,59,1502,99,245,51,0,0,259,0,1,3,171
46.803811,1,1,94,59,1503,99,245,51,0,0,301,0,1,3,200
46.811268,0,0,94,59,1503,99,245,51,0,0,301,0,1,3,200
46.815394,0,0,94,59,1503,99,245,51,0,0,301,0,1,3,200
46.819876,0,0,94,59,1503,99,245,51,0,0,301,0,1,3,200
46.831250,1,1,94,59,1504,99,245,51,0,0,325,0,1,3,236
46.835439,0,1,94,59,1504,99,245,51,0,0,325,0,1,4,236
46.842384,0,0,94,59,1504,99,245,51,0,0,325,0,1,4,236
46.846902,0,0,94,59,1504,99,245,51,0,0,325,0,1,4,236
46.851074,0,0,94,59,1504,99,245,51,0,0,325,0,1,4,236
46.862344,1,1,94,59,1505,99,245,51,0,0,355,0,1,4,1
46.872162,0,1,94,59,1505,99,245,51,0,0,355,0,1,3,1
46.876642,0,0,94,59,1505,99,245,51,0,0,355,0,1,3,1
46.881080,0,0,94,59,1505,99,245,51,0,0,355,0,1,3,0
46.893228,0,1,94,59,1505,99,245,51,0,0,352,1,1,3,0
46.902862,0,0,94,59,1505,99,245,51,0,0,352,1,1,3,0
46.907033,0,0,94,59,1505,99,245,51,0,0,352,1,1,3,0
46.911553,0,0,94,59,1505,99,245,51,0,0,352,1,1,3,0
46.924246,0,1,94,59,1505,99,245,51,0,0,350,0,1,3,0
46.933922,0,0,94,59,1505,99,245,51,0,0,350,0,1,3,0
46.938091,0,0,94,59,1505,99,245,51,0,0,350,0,1,3,0
46.942613,0,1,94,59,1505,99,245,51,0,0,349,0,1,3,0
46.955040,0,1,94,59,1505,99,245,51,0,0,349,1,1,2,0
46.959227,0,0,94,59,1505,99,245,51,0,0,349,1,1,2,0
46.966440,0,0,94,59,1505,99,245,51,0,0,349,1,1,2,0
46.970939,0,0,94,59,1505,99,245,51,0,0,349,1,1,2,0
46.975494,0,1,94,59,1505,99,245,51,0,0,348,1,1,2,0
46.987212,0,0,94,59,1505,99,245,51,0,0,348,1,1,2,0
46.997562,0,1,94,59,1505,99,245,51,0,0,348,1,1,3,0
47.003540,0,0,94,59,1505,99,245,51,0,0,348,1,1,3,0
47.017647,0,0,94,59,1505,99,245,51,0,0,348,1,1,3,0
47.021371,0,0,94,59,1505,99,245,51,0,0,348,1,1,3,0
47.028617,0,0,94,59,1505,99,245,51,0,0,348,1,1,3,0
47.032772,0,1,94,59,1505,99,245,51,0,0,347,1,1,3,0
47.036926,0,0,94,59,1505,99,245,51,0,0,347,1,1,3,0
47.048674,0,0,94,59,1505,99,245,51,0,0,347,1,1,3,0
47.058339,0,0,94,59,1505,99,245,51,0,0,347,1,1,3,0
47.062530,0,0,94,59,1505,99,245,51,0,0,347,1,1,3,0
47.067142,0,0,94,59,1505,99,245,51,0,0,347,1,1,3,0
47.079469,1,0,94,59,1505,99,245,50,0,0,347,1,1,3,0
47.089077,0,0,94,59,1505,99,245,50,0,0,347,1,1,3,0
47.093558,0,1,94,59,1505,99,245,50,0,0,346,1,1,3,0
47.098078,0,1,94,59,1505,99,245,50,0,0,346,0,1,3,0
47.110165,0,0,94,59,1505,99,245,50,0,0,346,0,1,3,0
47.120081,0,0,94,59,1505,99,245,50,0,0,346,0,1,3,0
47.124232,0,0,94,59,1505,99,245,50,0,0,346,0,1,3,0
47.128750,0,0,94,59,1505,99,245,50,0,0,346,0,1,3,0
47.141525,0,0,94,59,1505,99,245,50,0,0,346,0,1,3,0
47.154918,0,1,94,59,1505,99,245,50,0,0,346,1,1,3,0
47.159115,0,0,94,59,1505,99,245,50,0,0,346,1,1,3,0
47.172876,0,0,94,59,1505,99,245,50,0,0,346,1,1,3,0
47.182320,0,0,94,59,1505,99,245,50,0,0,346,1,1,3,0
47.187021,0,0,94,59,1505,99,245,50,0,0,346,1,1,3,0
47.192694,1,1,94,59,1505,99,245,51,0,0,346,1,1,4,0
47.204784,0,0,94,59,1505,99,245,51,0,0,346,1,1,4,0
47.214686,0,1,94,59,1505,99,245,51,0,0,354,1,1,4,199
47.218846,0,1,94,59,1505,99,245,51,0,0,354,0,1,4,199
47.223325,0,0,94,59,1505,99,245,51,0,0,354,0,1,4,199
47.234781,0,0,94,59,1505,99,245,51,0,0,354,0,1,4,199
47.244704,0,0,94,59,1505,99,245,51,0,0,354,0,1,4,234
47.249200,1,1,94,59,1506,99,245,51,0,0,410,0,1,4,234
47.253699,0,1,94,59,1506,99,245,51,0,0,410,0,1,3,234
47.265585,0,0,94,59,1506,99,245,51,0,0,410,0,1,3,234
47.275270,0,1,94,59,1506,99,245,51,0,0,453,0,1,3,229
47.281067,1,0,94,59,1508,99,245,51,0,0,453,0,1,3,229
47.295331,0,0,94,59,1508,99,245,51,0,0,453,0,1,3,229
47.301227,0,0,94,59,1508,99,245,51,0,0,453,0,1,3,229
47.308575,1,1,94,59,1509,99,245,51,0,0,479,0,1,3,0
47.312764,0,0,94,59,1509,99,245,51,0,0,479,0,1,3,0
47.316881,0,0,94,59,1509,99,245,51,0,0,479,0,1,3,0
47.327982,0,0,94,59,1509,99,245,51,0,0,479,0,1,3,0
47.337570,0,1,94,59,1509,99,245,51,0,0,475,1,1,3,0
47.341743,0,0,94,59,1509,99,245,51,0,0,475,1,1,3,0
47.345830,0,0,94,59,1509,99,245,51,0,0,475,1,1,3,0
47.358374,0,0,94,59,1509,99,245,51,0,0,475,1,1,3,0
47.362519,0,1,94,59,1509,99,245,51,0,0,473,1,1,3,0
47.369940,1,1,94,59,1510,99,245,51,0,0,473,0,1,3,0
47.374049,0,0,94,59,1510,99,245,51,0,0,473,0,1,3,0
47.378164,0,0,94,59,1510,99,245,51,0,0,473,0,1,3,0
47.390212,0,0,94,59,1510,99,245,51,0,0,473,0,1,3,0
47.399660,0,1,94,59,1510,99,245,51,0,0,472,1,1,3,0
47.404370,0,0,94,59,1510,99,245,51,0,0,472,1,1,3,0
47.408547,0,0,94,59,1510,99,245,51,0,0,472,1,1,3,0
47.420813,0,0,94,59,1510,99,245,51,0,0,472,1,1,3,0
47.430636,0,1,94,59,1510,99,245,51,0,0,471,1,1,3,0
47.434781,0,1,94,59,1510,99,245,51,0,0,471,1,2,3,0
47.439284,0,0,94,59,1510,99,245,51,0,0,471,1,2,3,0
47.451504,0,0,94,59,1510,99,245,51,0,0,471,1,2,3,0
47.455610,1,1,94,59,1509,99,245,51,0,0,470,1,1,3,0
47.463260,0,0,94,59,1509,99,245,51,0,0,470,1,1,3,0
47.467499,0,0,94,59,1509,99,245,51,0,0,470,1,1,3,0
47.471690,0,0,94,59,1509,99,245,51,0,0,470,1,1,3,0
47.482990,0,0,94,59,1509,99,245,51,0,0,470,1,1,3,0
47.492448,1,0,94,59,1510,99,245,51,0,0,470,1,1,3,0
47.496987,0,0,94,59,1510,99,245,51,0,0,470,1,1,3,0
47.501834,0,0,94,59,1510,99,245,51,0,0,470,1,1,3,0
47.513835,0,1,94,59,1510,99,245,51,0,0,469,1,1,3,0
47.517972,0,0,94,59,1510,99,245,51,0,0,469,1,1,3,0
47.525229,0,0,94,59,1510,99,245,51,0,0,469,1,1,3,0
47.527483,0,0,94,59,1510,99,245,51,0,0,469,1,1,3,0
47.531711,0,0,94,59,1510,99,245,51,0,0,469,1,1,3,0
47.544565,1,1,94,59,1509,99,245,51,0,0,469,0,1,3,0
47.554575,0,0,94,59,1509,99,245,51,0,0,469,0,1,3,0
47.559650,0,0,94,59,1509,99,245,51,0,0,469,0,1,3,0
47.565021,0,0,94,59,1509,99,245,51,0,0,469,0,1,3,0
47.577540,1,1,94,59,1510,99,245,51,0,0,469,0,1,4,0
47.587511,0,0,94,59,1510,99,245,51,0,0,469,0,1,4,0
47.593337,0,0,94,59,1510,99,245,51,0,0,469,0,1,4,0
47.608634,0,1,94,59,1510,99,245,51,0,0,468,0,2,4,0
47.619583,0,1,94,59,1510,99,245,51,0,0,468,0,2,3,0
47.625882,0,0,94,59,1510,99,245,51,0,0,468,0,2,3,0
47.639180,1,1,94,59,1510,98,245,51,0,0,468,1,2,3,0
47.649452,0,0,94,59,1510,98,245,51,0,0,468,1,2,3,0
47.668612,1,0,94,59,1509,98,245,51,0,0,468,1,2,3,0
47.678995,0,0,94,59,1509,98,245,51,0,0,468,1,2,3,0
47.684947,0,0,94,59,1509,98,245,51,0,0,468,1,2,3,0
47.699000,1,0,94,59,1509,99,245,51,0,0,468,1,2,3,0
47.710260,0,0,94,59,1509,99,245,51,0,0,468,1,2,3,0
47.716227,0,0,94,59,1509,99,245,51,0,0,468,1,2,3,222
47.731105,1,1,94,59,1510,99,245,51,0,0,491,1,1,3,222
47.742259,0,0,94,59,1510,99,245,51,0,0,491,1,1,3,222
47.748311,0,1,94,59,1510,99,245,51,0,0,541,1,1,3,14
47.762816,1,0,94,59,1510,99,245,50,0,0,541,1,1,3,14
47.773013,0,0,94,59,1510,99,245,50,0,0,541,1,1,3,14
47.778722,0,1,94,59,1510,99,245,50,0,0,536,1,1,3,0
47.793011,0,1,94,59,1510,99,245,50,0,0,536,1,1,2,0
47.803423,0,0,94,59,1510,99,245,50,0,0,536,1,1,2,0
47.809320,0,1,94,59,1510,99,245,50,0,0,534,1,1,2,0
47.823853,0,0,94,59,1510,99,245,50,0,0,534,1,1,2,0
47.826358,0,0,94,59,1510,99,245,50,0,0,534,1,1,2,0
47.835034,0,0,94,59,1510,99,245,50,0,0,534,1,1,2,0
47.839215,0,1,94,59,1510,99,245,50,0,0,533,1,1,2,0
47.843774,1,1,94,59,1510,99,245,51,0,0,533,1,2,2,0
47.854882,0,0,94,59,1510,99,245,51,0,0,533,1,2,2,0
47.859094,0,0,94,59,1510,99,245,51,0,0,533,1,2,2,0
47.866402,0,0,94,59,1510,99,245,51,0,0,533,1,2,2,0
47.871466,0,0,94,59,1510,99,245,51,0,0,533,1,2,2,0
47.884772,0,1,94,59,1510,99,245,51,0,0,533,1,2,3,0
47.889019,0,0,94,59,1510,99,245,51,0,0,533,1,2,3,0
47.898065,0,0,94,59,1510,99,245,51,0,0,533,1,2,3,0
47.902609,0,1,94,59,1510,99,245,51,0,0,531,1,1,3,0
47.915825,0,0,94,59,1510,99,245,51,0,0,531,1,1,3,0
47.920732,0,0,94,59,1510,99,245,51,0,0,531,1,1,3,0
47.928416,0,0,94,59,1510,99,245,51,0,0,531,1,1,3,0
47.932569,0,1,94,59,1510,99,245,51,0,0,531,1,2,2,0
47.937469,1,0,94,59,1510,99,245,50,0,0,531,1,2,2,0
47.949410,0,0,94,59,1510,99,245,50,0,0,531,1,2,2,0
47.962775,1,1,94,59,1510,98,245,50,0,0,530,1,1,3,0
47.966827,0,0,94,59,1510,98,245,50,0,0,530,1,1,3,0
47.979675,0,0,94,59,1510,98,245,50,0,0,530,1,1,3,0
47.989172,0,0,94,59,1510,98,245,50,0,0,530,1,1,3,0
47.993337,1,0,94,59,1510,98,245,51,0,0,530,1,1,3,0
47.997444,0,0,94,59,1510,98,245,51,0,0,530,1,1,3,0
48.010309,0,0,94,59,1510,98,245,51,0,0,530,1,1,3,0
48.014459,0,1,94,59,1510,98,245,51,0,0,545,1,1,3,338
48.021436,1,0,94,59,1510,99,245,51,0,0,545,1,1,3,338
48.025563,0,1,94,59,1510,99,245,51,0,0,545,1,1,2,338
48.030768,0,0,94,59,1510,99,245,51,0,0,545,1,1,2,338
48.041222,0,0,94,59,1510,99,245,51,0,0,545,1,1,2,338
48.051032,0,1,94,59,1510,99,245,51,0,0,611,1,1,2,260
48.055253,1,0,94,59,1513,99,245,51,0,0,611,1,1,2,260
48.059402,0,0,94,59,1513,99,245,51,0,0,611,1,1,2,260
48.072532,0,0,94,59,1513,99,245,51,0,0,611,1,1,2,260
48.082195,0,0,94,59,1513,99,245,51,0,0,611,1,1,2,260
48.086311,1,0,94,59,1513,99,245,50,0,0,611,1,1,2,260
48.090437,0,0,94,59,1513,99,245,50,0,0,611,1,1,2,260
48.103567,0,0,94,59,1513,99,245,50,0,0,611,1,1,2,260
48.113127,1,1,94,59,1514,99,245,50,0,0,619,1,1,2,0
48.118002,1,1,94,59,1514,99,245,51,0,0,619,1,0,2,0
48.122569,0,0,94,59,1514,99,245,51,0,0,619,1,0,2,0
48.134552,0,1,94,59,1514,99,245,51,0,0,617,1,0,2,0
48.144054,1,1,94,59,1515,99,245,51,0,0,617,1,1,2,0
48.148982,0,0,94,59,1515,99,245,51,0,0,617,1,1,2,0
48.153224,0,0,94,59,1515,99,245,51,0,0,617,1,1,2,0
48.165189,0,1,94,59,1515,99,245,51,0,0,615,1,1,2,0
48.169721,1,0,94,59,1514,99,245,51,0,0,615,1,1,2,0
48.176829,0,0,94,59,1514,99,245,51,0,0,615,1,1,2,0
48.181035,0,0,94,59,1514,99,245,51,0,0,615,1,1,2,0
48.185927,0,0,94,59,1514,99,245,51,0,0,615,1,1,2,0
48.196857,0,0,94,59,1514,99,245,51,0,0,615,1,1,2,0
48.206589,0,0,94,59,1514,99,245,51,0,0,615,1,1,2,0
48.212354,0,0,94,59,1514,99,245,51,0,0,615,1,1,2,0
48.226435,0,0,94,59,1514,99,245,51,0,0,615,1,1,2,0
48.237202,0,1,94,59,1514,99,245,51,0,0,614,1,1,2,0
48.241728,0,0,94,59,1514,99,245,51,0,0,614,1,1,2,0
48.246212,0,0,94,59,1514,99,245,51,0,0,614,1,1,2,0
48.259021,0,1,94,59,1514,99,245,51,0,0,613,1,1,2,0
48.268707,0,0,94,59,1514,99,245,51,0,0,613,1,1,2,0
48.272874,0,0,94,59,1514,99,245,51,0,0,613,1,1,2,0
48.277101,0,0,94,59,1514,99,245,51,0,0,613,1,1,2,0
48.289755,0,0,94,59,1514,99,245,51,0,0,613,1,1,2,0
48.299387,1,0,94,59,1514,100,245,51,0,0,613,1,1,2,0
48.301557,0,0,94,59,1514,100,245,51,0,0,613,1,1,2,0
48.306075,0,1,94,59,1514,100,245,51,1,0,613,1,1,2,0
48.319338,0,0,94,59,1514,100,245,51,1,0,613,1,1,2,0
48.323503,1,0,94,59,1514,98,245,51,1,0,613,1,1,2,0
48.331795,0,0,94,59,1514,98,245,51,1,0,613,1,1,2,0
48.335954,0,1,94,59,1514,98,245,51,0,0,613,1,1,2,0
48.340096,0,1,94,59,1514,98,245,51,0,0,611,1,1,2,0
48.351822,1,0,94,59,1514,99,245,51,0,0,611,1,1,2,0
48.361948,0,0,94,59,1514,99,245,51,0,0,611,1,1,2,0
48.367726,0,0,94,59,1514,99,245,51,0,0,611,1,1,2,0
48.381749,1,0,94,59,1515,99,245,51,0,0,611,1,1,2,0
48.386382,1,0,94,59,1515,98,245,51,0,0,611,1,1,2,0
48.394264,0,0,94,59,1515,98,245,51,0,0,611,1,1,2,0
48.398475,0,0,94,59,1515,98,245,51,0,0,611,1,1,2,0
48.403000,1,0,94,59,1514,98,245,51,0,0,611,1,1,2,0
48.413602,0,0,94,59,1514,98,245,51,0,0,611,1,1,2,0
48.417854,0,0,94,59,1514,98,245,51,0,0,611,1,1,2,0
48.428677,0,0,94,59,1514,98,245,51,0,0,611,1,1,2,0
48.433279,0,0,94,59,1514,98,245,51,0,0,611,1,1,2,0
48.444413,1,0,94,59,1514,99,245,51,0,0,611,1,1,2,0
48.448589,0,0,94,59,1514,99,245,51,0,0,611,1,1,2,0
48.456172,0,0,94,59,1514,99,245,51,0,0,611,1,1,2,0
48.460740,0,0,94,59,1514,99,245,51,0,0,611,1,1,2,0
48.465203,0,0,94,59,1514,99,245,51,0,0,611,1,1,2,0
48.476188,0,0,94,59,1514,99,245,51,0,0,611,1,1,2,0
48.485567,0,0,94,59,1514,99,245,51,0,0,611,1,1,2,0
48.490453,0,0,94,59,1514,99,245,51,0,0,611,1,1,2,0
48.495403,0,0,94,59,1514,99,245,51,0,0,611,1,1,2,0
48.506597,0,0,94,59,1514,99,245,51,0,0,611,1,1,2,0
48.510772,0,0,94,59,1514,99,245,51,0,0,611,1,1,2,0
48.518475,0,0,94,59,1514,99,245,51,0,0,611,1,1,2,0
48.522983,0,0,94,59,1514,99,245,51,0,0,611,1,1,2,0
48.536305,0,1,94,59,1514,99,245,51,0,0,611,2,1,2,0
48.540487,0,0,94,59,1514,99,245,51,0,0,611,2,1,2,0
48.549602,0,0,94,59,1514,99,245,51,0,0,611,2,1,2,0
48.553797,0,0,94,59,1514,99,245,51,0,0,611,2,1,2,0
48.567805,0,0,94,59,1514,99,245,51,0,0,611,2,1,2,0
48.573534,0,0,94,59,1514,99,245,51,0,0,611,2,1,2,0
48.580709,0,0,94,59,1514,99,245,51,0,0,611,2,1,2,0
48.582530,0,0,94,59,1514,99,245,51,0,0,611,2,1,2,0
48.587387,0,0,94,59,1514,99,245,51,0,0,611,2,1,2,0
48.600080,0,0,94,59,1514,99,245,51,0,0,611,2,1,2,0
48.609587,0,0,94,59,1514,99,245,51,0,0,611,2,1,2,0
48.613784,0,1,94,59,1514,99,245,51,0,0,611,1,1,2,0
48.617870,0,0,94,59,1514,99,245,51,0,0,611,1,1,2,0
48.630583,0,0,94,59,1514,99,245,51,0,0,611,1,1,2,0
48.634755,0,0,94,59,1514,99,245,51,0,0,611,1,1,2,0
48.642049,0,0,94,59,1514,99,245,51,0,0,611,1,1,2,0
48.646177,1,1,94,59,1517,99,245,51,0,0,691,2,2,2,0
48.650255,0,0,94,59,1517,99,245,51,0,0,691,2,2,2,0
48.661998,0,0,94,59,1517,99,245,51,0,0,691,2,2,2,0
48.666123,0,0,94,59,1517,99,245,51,0,0,691,2,2,2,0
48.673077,0,0,94,59,1517,99,245,51,0,0,691,2,2,2,0
48.677146,0,0,94,59,1517,99,245,51,0,0,691,2,2,2,0
48.681285,0,0,94,59,1517,99,245,51,0,0,691,2,2,2,0
48.692622,0,0,94,59,1517,99,245,51,0,0,691,2,2,2,0
48.696681,0,0,94,59,1517,99,245,51,0,0,691,2,2,2,0
48.703882,0,1,94,59,1517,99,245,51,0,0,689,2,2,2,0
48.710426,0,0,94,59,1517,99,245,51,0,0,689,2,2,2,0
48.723357,0,0,94,59,1517,99,245,51,0,0,689,2,2,2,0
48.727538,0,0,94,59,1517,99,245,51,0,0,689,2,2,2,0
48.735577,0,0,94,59,1517,99,245,51,0,0,689,2,2,2,0
48.741233,1,0,94,59,1517,98,245,51,0,0,689,2,2,2,0
48.755234,0,0,94,59,1517,98,245,51,0,0,689,2,2,2,0
48.764922,1,1,94,59,1518,98,245,51,0,0,700,1,2,2,301
48.769145,1,1,94,59,1518,99,245,51,0,0,700,1,2,1,301
48.773356,0,0,94,59,1518,99,245,51,0,0,700,1,2,1,301
48.786128,0,0,94,59,1518,99,245,51,0,0,700,1,2,1,301
48.795749,1,1,94,59,1520,99,245,51,0,0,743,1,2,1,0
48.800240,0,1,94,59,1520,99,245,51,0,0,743,2,2,1,0
48.806353,0,0,94,59,1520,99,245,51,0,0,743,2,2,1,0
48.818250,0,0,94,59,1520,99,245,51,0,0,743,2,2,1,0
48.828713,0,1,94,59,1520,99,245,51,0,0,739,2,2,1,0
48.834394,1,0,94,59,1520,99,245,50,0,0,739,2,2,1,0
48.849304,0,0,94,59,1520,99,245,50,0,0,739,2,2,1,0
48.860611,0,1,94,59,1520,99,245,50,0,0,737,2,2,1,0
48.866503,0,0,94,59,1520,99,245,50,0,0,737,2,2,1,0
48.880051,0,1,94,59,1520,99,245,50,0,0,735,2,2,1,0
48.889468,0,1,94,59,1520,99,245,50,0,0,735,2,1,2,0
48.893716,0,0,94,59,1520,99,245,50,0,0,735,2,1,2,0
48.897854,0,0,94,59,1520,99,245,50,0,0,735,2,1,2,0
48.909897,0,0,94,59,1520,99,245,50,0,0,735,2,1,2,0
48.920075,0,0,94,59,1520,99,245,50,0,0,735,2,1,2,0
48.924264,0,0,94,59,1520,99,245,50,0,0,735,2,1,2,0
48.928797,0,0,94,59,1520,99,245,50,0,0,735,2,1,2,0
48.941031,1,1,94,59,1519,99,245,50,0,0,734,2,1,2,205
48.950901,0,1,94,59,1519,99,245,50,0,0,734,2,1,1,205
48.953120,0,0,94,59,1519,99,245,50,0,0,734,2,1,1,205
48.957307,0,0,94,59,1519,99,245,50,0,0,734,2,1,1,205
48.970795,0,0,94,59,1519,99,245,50,0,0,734,2,1,1,0
48.975269,1,1,94,59,1520,99,245,50,0,0,735,2,2,1,0
48.983553,1,0,94,59,1520,99,245,51,0,0,735,2,2,1,0
48.987817,0,0,94,59,1520,99,245,51,0,0,735,2,2,1,0
48.992319,0,1,94,59,1520,99,245,51,0,0,733,2,2,1,0
49.003507,1,0,94,59,1520,98,245,51,0,0,733,2,2,1,0
49.013228,0,0,94,59,1520,98,245,51,0,0,733,2,2,1,0
49.017418,0,0,94,59,1520,98,245,51,0,0,733,2,2,1,0
49.021603,0,0,94,59,1520,98,245,51,0,0,733,2,2,1,0
49.034451,1,0,94,59,1519,98,245,51,0,0,733,2,2,1,0
49.044143,0,1,94,59,1519,98,245,51,0,0,733,2,1,1,0
49.048727,0,0,94,59,1519,98,245,51,0,0,733,2,1,1,0
49.053269,0,1,94,59,1519,98,245,51,0,0,732,2,1,1,0
49.065784,0,0,94,59,1519,98,245,51,0,0,732,2,1,1,0
49.075184,1,0,94,59,1519,98,245,50,0,0,732,2,1,1,0
49.082816,0,1,94,59,1519,98,245,50,0,0,731,2,1,1,0
49.096105,1,0,94,59,1519,99,245,50,0,0,731,2,1,1,0
49.106424,0,0,94,59,1519,99,245,50,0,0,731,2,1,1,0
49.110982,0,0,94,59,1519,99,245,50,0,0,731,2,1,1,0
49.115165,1,1,94,59,1522,98,245,50,0,0,750,2,1,1,296
49.127907,1,0,94,59,1522,98,245,51,0,0,750,2,1,1,296
49.137129,0,0,94,59,1522,98,245,51,0,0,750,2,1,1,296
49.141313,0,0,94,59,1522,98,245,51,0,0,750,2,1,1,296
49.145417,1,1,94,59,1524,98,245,51,0,0,815,2,1,1,22
49.158595,0,1,94,59,1524,98,245,51,0,0,815,2,2,0,22
49.168059,0,0,94,59,1524,98,245,51,0,0,815,2,2,0,22
49.172214,0,0,94,59,1524,98,245,51,0,0,815,2,2,0,22
49.176341,1,1,94,59,1522,98,245,51,0,0,802,2,1,0,244
49.189131,0,1,94,59,1522,98,245,51,0,0,802,2,1,1,244
49.193197,0,0,94,59,1522,98,245,51,0,0,802,2,1,1,244
49.200550,0,0,94,59,1522,98,245,51,0,0,802,2,1,1,244
49.204584,1,1,94,59,1526,99,245,51,0,0,843,2,1,1,0
49.208648,0,1,94,59,1526,99,245,51,0,0,843,2,1,0,0
49.220229,0,0,94,59,1526,99,245,51,0,0,843,2,1,0,0
49.224359,0,0,94,59,1526,99,245,51,0,0,843,2,1,0,0
49.231316,0,0,94,59,1526,99,245,51,0,0,843,2,1,0,0
49.235463,1,1,94,59,1524,99,245,51,0,0,829,2,1,0,0
49.239660,0,1,94,59,1524,99,245,51,0,0,829,2,1,1,0
49.251510,0,0,94,59,1524,99,245,51,0,0,829,2,1,1,0
49.261185,0,0,94,59,1524,99,245,51,0,0,829,2,1,1,0
49.265240,1,1,94,59,1521,99,245,51,0,0,823,2,1,1,337
49.269764,0,0,94,59,1521,99,245,51,0,0,823,2,1,1,337
49.282560,0,0,94,59,1521,99,245,51,0,0,823,2,1,1,337
49.286564,0,0,94,59,1521,99,245,51,0,0,823,2,1,1,337
49.294160,0,0,94,59,1521,99,245,51,0,0,823,2,1,1,0
49.298632,1,1,94,59,1526,99,245,51,0,0,855,2,1,1,0
49.302721,0,0,94,59,1526,99,245,51,0,0,855,2,1,1,0
49.313643,0,0,94,59,1526,99,245,51,0,0,855,2,1,1,0
49.323179,0,0,94,59,1526,99,245,51,0,0,855,2,1,1,0
49.327260,1,1,94,59,1522,99,245,51,0,0,835,2,1,1,0
49.331736,0,1,94,59,1522,99,245,51,0,0,835,2,1,0,0
49.344998,0,0,94,59,1522,99,245,51,0,0,835,2,1,0,0
49.355901,0,0,94,59,1522,99,245,51,0,0,835,2,1,0,0
49.361802,1,1,94,59,1526,99,245,51,0,0,878,2,1,0,204
49.375937,0,0,94,59,1526,99,245,51,0,0,878,2,1,0,204
49.387209,0,1,94,59,1526,99,245,51,0,0,879,2,1,0,207
49.393128,1,0,94,59,1527,99,245,51,0,0,879,2,1,0,207
49.407098,0,0,94,59,1527,99,245,51,0,0,879,2,1,0,207
49.416455,0,0,94,59,1527,99,245,51,0,0,879,2,1,0,207
49.421027,0,1,94,59,1527,99,245,51,0,0,876,2,1,0,207
49.425572,0,0,94,59,1527,99,245,51,0,0,876,2,1,0,207
49.438109,0,0,94,59,1527,99,245,51,0,0,876,2,1,0,207
49.447399,0,1,94,59,1527,99,245,51,0,0,875,2,1,0,205
49.451981,1,1,94,59,1527,99,245,50,0,0,875,2,2,0,205
49.456550,0,0,94,59,1527,99,245,50,0,0,875,2,2,0,205
49.468799,0,0,94,59,1527,99,245,50,0,0,875,2,2,0,205
49.478616,0,1,94,59,1527,99,245,50,0,0,873,2,2,0,205
49.484411,0,0,94,59,1527,99,245,50,0,0,873,2,2,0,205
49.498780,0,0,94,59,1527,99,245,50,0,0,873,2,2,0,205
49.503494,0,1,94,59,1527,99,245,50,0,0,872,2,2,0,208
49.510581,0,1,94,59,1527,99,245,50,0,0,872,2,1,0,208
49.514792,1,0,94,59,1527,99,245,51,0,0,872,2,1,0,208
49.517020,0,0,94,59,1527,99,245,51,0,0,872,2,1,0,208
49.530420,0,0,94,59,1527,99,245,51,0,0,872,2,1,0,208
49.540450,0,1,94,59,1527,99,245,51,0,0,871,2,1,0,206
49.545441,1,0,94,59,1527,100,245,51,0,0,871,2,1,0,206
49.550367,0,0,94,59,1527,100,245,51,0,0,871,2,1,0,206
49.561584,0,0,94,59,1527,100,245,51,0,0,871,2,1,0,206
49.572202,0,1,94,59,1527,100,245,51,0,0,870,2,1,0,206
49.577778,0,0,94,59,1527,100,245,51,0,0,870,2,1,0,206
49.591496,0,0,94,59,1527,100,245,51,0,0,870,2,1,0,206
49.596132,1,1,94,59,1527,98,245,51,0,0,869,2,1,0,202
49.604049,0,0,94,59,1527,98,245,51,0,0,869,2,1,0,202
49.608268,0,0,94,59,1527,98,245,51,0,0,869,2,1,0,202
49.612488,0,0,94,59,1527,98,245,51,0,0,869,2,1,0,202
49.623649,0,0,94,59,1527,98,245,51,0,0,869,2,1,0,207
49.633556,1,0,94,59,1527,99,245,51,0,0,869,2,1,0,207
49.641568,0,0,94,59,1527,99,245,51,0,0,869,2,1,0,207
49.654546,0,1,94,59,1527,99,245,51,0,0,868,2,1,0,204
49.658717,0,1,94,59,1527,99,245,51,0,0,868,2,1,1,204
49.666101,0,0,94,59,1527,99,245,51,0,0,868,2,1,1,204
49.670209,0,0,94,59,1527,99,245,51,0,0,868,2,1,1,204
49.674404,0,0,94,59,1527,99,245,51,0,0,868,2,1,1,204
49.686075,1,1,94,59,1528,99,245,51,0,0,901,2,1,1,37
49.695602,0,1,94,59,1528,99,245,51,0,0,901,2,1,0,37
49.699803,0,0,94,59,1528,99,245,51,0,0,901,2,1,0,37
49.704237,0,0,94,59,1528,99,245,51,0,0,901,2,1,0,37
49.716679,0,1,94,59,1528,99,245,51,0,0,907,2,1,0,0
49.726688,0,0,94,59,1528,99,245,51,0,0,907,2,1,0,0
49.731564,0,0,94,59,1528,99,245,51,0,0,907,2,1,0,0
49.736168,0,0,94,59,1528,99,245,51,0,0,907,2,1,0,0
49.748039,1,1,94,59,1527,99,245,51,0,0,902,2,1,0,0
49.757930,0,0,94,59,1527,99,245,51,0,0,902,2,1,0,0
49.762109,0,0,94,59,1527,99,245,51,0,0,902,2,1,0,0
49.766918,0,1,94,59,1527,99,245,51,0,0,899,2,1,0,0
49.778745,0,0,94,59,1527,99,245,51,0,0,899,2,1,0,0
49.788711,0,0,94,59,1527,99,245,51,0,0,899,2,1,0,0
49.793234,0,0,94,59,1527,99,245,51,0,0,899,2,1,0,0
49.795169,0,0,94,59,1527,99,245,51,0,0,899,2,1,0,0
49.808534,1,1,94,59,1527,98,245,51,0,0,898,2,1,0,0
49.812707,0,0,94,59,1527,98,245,51,0,0,898,2,1,0,0
49.821251,0,0,94,59,1527,98,245,51,0,0,898,2,1,0,0
49.825784,0,0,94,59,1527,98,245,51,0,0,898,2,1,0,0
49.830265,1,1,94,59,1527,99,245,51,0,0,906,2,1,0,319
49.841065,0,0,94,59,1527,99,245,51,0,0,906,2,1,0,319
49.850982,0,0,94,59,1527,99,245,51,0,0,906,2,1,0,319
49.855095,0,0,94,59,1527,99,245,51,0,0,906,2,1,0,319
49.859757,1,1,94,59,1528,99,245,51,0,0,927,3,1,0,0
49.872588,0,0,94,59,1528,99,245,51,0,0,927,3,1,0,0
49.881893,0,0,94,59,1528,99,245,51,0,0,927,3,1,0,0
49.886443,0,0,94,59,1528,99,245,51,0,0,927,3,1,0,0
49.891353,1,1,94,59,1526,99,245,51,0,0,918,2,1,0,0
49.903088,0,0,94,59,1526,99,245,51,0,0,918,2,1,0,0
49.907208,0,0,94,59,1526,99,245,51,0,0,918,2,1,0,0
49.914465,0,0,94,59,1526,99,245,51,0,0,918,2,1,0,0
49.921506,0,0,94,59,1526,99,245,51,0,0,915,3,1,0,0
49.933903,0,0,94,59,1526,99,245,51,0,0,915,3,1,0,0
49.938040,0,0,94,59,1526,99,245,51,0,0,915,3,1,0,0
49.945592,0,0,94,59,1526,99,245,51,0,0,915,3,1,0,0
49.950142,0,1,94,59,1526,99,245,51,0,0,913,3,1,0,0
49.963723,0,0,94,59,1526,99,245,51,0,0,913,3,1,0,0
49.967776,0,0,94,59,1526,99,245,51,0,0,913,3,1,0,0
49.976399,0,0,94,59,1526,99,245,51,0,0,913,3,1,0,0
49.981381,0,1,94,59,1526,99,245,51,0,0,913,2,1,0,0
49.995162,0,0,94,59,1526,99,245,51,0,0,913,2,1,0,0
50.006071,0,0,94,59,1526,99,245,51,0,0,913,2,1,0,0
50.011148,1,1,94,59,1528,99,245,51,0,0,1007,2,2,0,375
50.015321,0,0,94,59,1528,99,245,51,0,0,1007,2,2,0,375
50.027691,0,0,94,59,1528,99,245,51,0,0,1007,2,2,0,375
50.037341,0,0,94,59,1528,99,245,51,0,0,1007,2,2,0,375
50.041500,1,1,94,59,1528,100,245,51,0,0,1008,3,2,0,0
50.045649,1,1,94,59,1528,100,245,50,0,0,1008,3,1,0,0
50.059702,0,0,94,59,1528,100,245,50,0,0,1008,3,1,0,0
50.070590,0,0,94,59,1528,100,245,50,0,0,1008,3,1,0,359
50.076482,1,1,94,59,1526,100,245,50,0,0,983,3,2,0,359
50.090271,0,0,94,59,1526,100,245,50,0,0,983,3,2,0,359
50.100347,0,0,94,59,1526,100,245,50,0,0,983,3,2,0,359
50.105776,1,1,94,59,1531,98,245,50,0,0,1058,2,1,0,316
50.119040,0,0,94,59,1531,98,245,50,0,0,1058,2,1,0,316
50.123777,0,0,94,59,1531,98,245,50,0,0,1058,2,1,0,316
50.131436,1,1,94,59,1529,98,245,50,0,0,1045,2,1,0,0
50.135995,0,1,94,59,1529,98,245,50,0,0,1045,2,2,0,0
50.140197,0,0,94,59,1529,98,245,50,0,0,1045,2,2,0,0
50.151459,0,0,94,59,1529,98,245,50,0,0,1045,2,2,0,0
50.160985,0,0,94,59,1529,98,245,50,0,0,1045,2,2,0,0
50.165158,1,1,94,59,1528,99,245,50,0,0,1032,2,2,0,0
50.169730,0,0,94,59,1528,99,245,50,0,0,1032,2,2,0,0
50.182757,0,0,94,59,1528,99,245,50,0,0,1032,2,2,0,0
50.192217,0,1,94,59,1528,99,245,50,0,0,1029,3,2,0,0
50.196755,1,0,94,59,1528,99,245,51,0,0,1029,3,2,0,0
50.201251,0,0,94,59,1528,99,245,51,0,0,1029,3,2,0,0
50.213062,0,0,94,59,1528,99,245,51,0,0,1029,3,2,0,0
50.217247,0,1,94,59,1528,99,245,51,0,0,1027,3,2,0,0
50.224569,1,0,94,59,1528,100,245,51,0,0,1027,3,2,0,0
50.229121,0,0,94,59,1528,100,245,51,0,0,1027,3,2,0,0
50.242931,0,0,94,59,1528,100,245,51,0,0,1027,3,2,0,0
50.247148,0,0,94,59,1528,100,245,51,0,0,1027,3,2,0,0
50.255339,1,0,94,59,1528,98,245,51,0,0,1027,3,2,0,0
50.259796,0,0,94,59,1528,98,245,51,0,0,1027,3,2,0,0
50.264316,0,0,94,59,1528,98,245,51,0,0,1027,3,2,0,0
50.275490,0,0,94,59,1528,98,245,51,0,0,1027,3,2,0,0
50.285190,0,1,94,59,1528,98,245,51,0,0,1025,3,2,0,0
50.287767,0,0,94,59,1528,98,245,51,0,0,1025,3,2,0,0
50.292637,0,0,94,59,1528,98,245,51,0,0,1025,3,2,0,0
50.306044,0,0,94,59,1528,98,245,51,0,0,1025,3,2,0,0
50.310888,0,0,94,59,1528,98,245,51,0,0,1025,3,2,0,0
50.319269,1,0,94,59,1528,98,245,50,0,0,1025,3,2,0,0
50.324299,0,0,94,59,1528,98,245,50,0,0,1025,3,2,0,0
50.337248,0,0,94,59,1528,98,245,50,0,0,1025,3,2,0,0
50.341450,0,1,94,59,1528,98,245,50,0,0,1024,3,2,0,0
50.349158,0,0,94,59,1528,98,245,50,0,0,1024,3,2,0,0
50.353742,0,0,94,59,1528,98,245,50,0,0,1024,3,2,0,0
50.367016,0,0,94,59,1528,98,245,50,0,0,1024,3,2,0,0
50.371180,0,1,94,59,1528,98,245,50,0,0,1023,3,2,0,0
50.379824,0,0,94,59,1528,98,245,50,0,0,1023,3,2,0,0
50.384268,0,0,94,59,1528,98,245,50,0,0,1023,3,2,0,0
50.388431,0,0,94,59,1528,98,245,50,0,0,1023,3,2,0,0
50.399311,0,1,94,59,1528,98,245,50,0,0,1022,3,2,0,0
50.403539,1,1,94,59,1528,99,245,50,0,0,1022,2,2,0,0
50.417319,0,0,94,59,1528,99,245,50,0,0,1022,2,2,0,0
50.430979,0,1,94,59,1528,99,245,50,0,0,1021,3,2,0,0
50.440466,0,0,94,59,1528,99,245,50,0,0,1021,3,2,0,0
50.444607,0,0,94,59,1528,99,245,50,0,0,1021,3,2,0,0
50.448769,0,0,94,59,1528,99,245,50,0,0,1021,3,2,0,0
50.461282,0,0,94,59,1528,99,245,50,0,0,1021,3,2,0,0
50.465376,0,0,94,59,1528,99,245,50,0,0,1021,3,2,0,0
50.472450,1,0,94,59,1528,99,245,51,0,0,1021,3,2,0,0
50.476615,0,0,94,59,1528,99,245,51,0,0,1021,3,2,0,0
50.480773,0,0,94,59,1528,99,245,51,0,0,1021,3,2,0,0
50.492215,0,1,94,59,1528,99,245,51,0,0,1021,2,2,0,0
50.496275,0,0,94,59,1528,99,245,51,0,0,1021,2,2,0,0
50.503687,0,0,94,59,1528,99,245,51,0,0,1021,2,2,0,0
50.507767,0,0,94,59,1528,99,245,51,0,0,1021,2,2,0,0
50.511850,0,1,94,59,1528,99,245,51,0,0,1020,2,2,0,0
50.523636,0,1,94,59,1528,99,245,51,0,0,1020,3,2,0,0
50.533354,1,0,94,59,1528,99,245,50,0,0,1020,3,2,0,0
50.537818,0,0,94,59,1528,99,245,50,0,0,1020,3,2,0,0
50.541901,0,1,94,59,1528,99,245,50,0,0,1019,3,2,0,0
50.554673,1,1,94,59,1528,98,245,50,0,0,1019,2,2,0,0
50.558749,0,0,94,59,1528,98,245,50,0,0,1019,2,2,0,0
50.565765,0,0,94,59,1528,98,245,50,0,0,1019,2,2,0,0
50.570248,0,0,94,59,1528,98,245,50,0,0,1019,2,2,0,0
50.574352,0,0,94,59,1528,98,245,50,0,0,1019,2,2,0,0
50.585445,0,0,94,59,1528,98,245,50,0,0,1019,2,2,0,0
50.589563,0,0,94,59,1528,98,245,50,0,0,1019,2,2,0,0
50.597295,0,0,94,59,1528,98,245,50,0,0,1019,2,2,0,0
50.602164,0,0,94,59,1528,98,245,50,0,0,1019,2,2,0,0
50.615441,0,1,94,59,1528,98,245,50,0,0,1019,3,2,0,0
50.620405,1,0,94,59,1528,98,245,51,0,0,1019,3,2,0,0
50.627725,0,0,94,59,1528,98,245,51,0,0,1019,3,2,0,0
50.631883,0,1,94,59,1528,98,245,51,0,0,1018,3,2,0,0
50.636473,0,0,94,59,1528,98,245,51,0,0,1018,3,2,0,0
50.648217,0,0,94,59,1528,98,245,51,0,0,1018,3,2,0,0
50.657611,0,0,94,59,1528,98,245,51,0,0,1018,3,2,0,0
50.661817,0,0,94,59,1528,98,245,51,0,0,1018,3,2,0,0
50.666370,1,0,94,59,1528,100,245,51,0,0,1018,3,2,0,0
50.678631,0,0,94,59,1528,100,245,51,0,0,1018,3,2,0,0
50.683135,0,0,94,59,1528,100,245,51,0,0,1018,3,2,0,0
50.690149,0,0,94,59,1528,100,245,51,0,0,1018,3,2,0,0
50.694742,1,1,94,59,1528,98,245,51,0,0,1018,2,2,0,0
50.708373,0,0,94,59,1528,98,245,51,0,0,1018,2,2,0,0
50.712890,0,0,94,59,1528,98,245,51,0,0,1018,2,2,0,0
50.973329,1,1,94,59,1527,98,245,50,0,0,944,2,2,0,0
50.987909,0,0,94,59,1527,98,245,50,0,0,944,2,2,0,0
50.992540,1,1,94,59,1524,98,245,50,0,0,929,2,2,0,0
51.000031,0,0,94,59,1524,98,245,50,0,0,929,2,2,0,0
51.004237,0,0,94,59,1524,98,245,50,0,0,929,2,2,0,0
51.008796,0,0,94,59,1524,98,245,50,0,0,929,2,2,0,0
51.020699,0,1,94,59,1524,98,245,50,0,0,919,2,2,0,0
51.030044,0,0,94,59,1524,98,245,50,0,0,919,2,2,0,0
51.034257,0,0,94,59,1524,98,245,50,0,0,919,2,2,0,0
51.038757,0,0,94,59,1524,98,245,50,0,0,919,2,2,0,0
51.052317,0,1,94,59,1524,98,245,50,0,0,912,2,2,0,0
51.062903,1,0,94,59,1524,99,245,50,0,0,912,2,2,0,0
51.068891,0,0,94,59,1524,99,245,50,0,0,912,2,2,0,0
51.083344,0,1,94,59,1524,99,245,50,0,0,902,2,2,0,0
51.093298,0,0,94,59,1524,99,245,50,0,0,902,2,2,0,0
51.097425,0,0,94,59,1524,99,245,50,0,0,902,2,2,0,0
51.101508,0,0,94,59,1524,99,245,50,0,0,902,2,2,0,0
51.112903,0,1,94,59,1524,99,245,50,0,0,894,2,2,0,0
51.122720,0,0,94,59,1524,99,245,50,0,0,894,2,2,0,0
51.126771,0,0,94,59,1524,99,245,50,0,0,894,2,2,0,0
51.130851,0,0,94,59,1524,99,245,50,0,0,894,2,2,0,0
51.143868,0,1,94,59,1524,99,245,50,0,0,890,2,2,0,0
51.145748,0,0,94,59,1524,99,245,50,0,0,890,2,2,0,0
51.155428,0,0,94,59,1524,99,245,50,0,0,890,2,2,0,0
51.159536,0,0,94,59,1524,99,245,50,0,0,890,2,2,0,0
51.163940,0,0,94,59,1524,99,245,50,0,0,890,2,2,0,0
51.175366,1,1,94,59,1523,99,245,50,0,0,884,2,2,0,0
51.179493,1,0,94,59,1523,99,245,51,0,0,884,2,2,0,0
51.186386,0,0,94,59,1523,99,245,51,0,0,884,2,2,0,0
51.190473,0,0,94,59,1523,99,245,51,0,0,884,2,2,0,0
51.194590,0,0,94,59,1523,99,245,51,0,0,884,2,2,0,0
51.206034,0,1,94,59,1523,99,245,51,0,0,883,2,2,0,0
51.210138,0,0,94,59,1523,99,245,51,0,0,883,2,2,0,0
51.217615,0,0,94,59,1523,99,245,51,0,0,883,2,2,0,0
51.222095,0,0,94,59,1523,99,245,51,0,0,883,2,2,0,0
51.226614,0,0,94,59,1523,99,245,51,0,0,883,2,2,0,0
51.238103,0,0,94,59,1523,99,245,51,0,0,883,2,2,0,0
51.248175,0,0,94,59,1523,99,245,51,0,0,883,2,2,0,0
51.252382,0,0,94,59,1523,99,245,51,0,0,883,2,2,0,0
51.256622,0,1,94,59,1523,99,245,51,0,0,882,2,2,0,0
51.268491,0,0,94,59,1523,99,245,51,0,0,882,2,2,0,0
51.278158,0,0,94,59,1523,99,245,51,0,0,882,2,2,0,0
51.282315,0,0,94,59,1523,99,245,51,0,0,882,2,2,0,0
51.286795,0,1,94,59,1523,99,245,51,0,0,883,2,2,0,0
51.299487,0,0,94,59,1523,99,245,51,0,0,883,2,2,0,0
51.309000,0,0,94,59,1523,99,245,51,0,0,883,2,2,0,0
51.313884,0,0,94,59,1523,99,245,51,0,0,883,2,2,0,0
51.320051,0,1,94,59,1523,99,245,51,0,0,882,2,2,0,0
51.332129,0,0,94,59,1523,99,245,51,0,0,882,2,2,0,0
51.342830,0,0,94,59,1523,99,245,51,0,0,882,2,2,0,0
51.348882,0,0,94,59,1523,99,245,51,0,0,882,2,2,0,0
51.362649,0,0,94,59,1523,99,245,51,0,0,882,2,2,0,0
51.372734,0,0,94,59,1523,99,245,51,0,0,882,2,2,0,0
51.378263,0,0,94,59,1523,99,245,51,0,0,882,2,2,0,0
51.392513,0,0,94,59,1523,99,245,51,0,0,882,2,2,0,0
51.402242,0,0,94,59,1523,99,245,51,0,0,882,2,2,0,0
51.406798,0,1,94,59,1523,99,245,51,0,0,883,2,2,0,0
51.411424,0,0,94,59,1523,99,245,51,0,0,883,2,2,0,0
51.423767,0,0,94,59,1523,99,245,51,0,0,883,2,2,0,0
51.433459,0,0,94,59,1523,99,245,51,0,0,883,2,2,0,0
51.438038,0,0,94,59,1523,99,245,51,0,0,883,2,2,0,0
51.442530,0,0,94,59,1523,99,245,51,0,0,883,2,2,0,0
51.714699,1,1,94,59,1529,98,245,50,0,0,1018,3,2,0,0
51.719013,1,0,94,59,1529,98,245,51,0,0,1018,3,2,0,0
51.732227,0,0,94,59,1529,98,245,51,0,0,1018,3,2,0,0
51.736370,1,1,94,59,1528,98,245,51,0,0,1013,3,2,0,0
51.744661,0,0,94,59,1528,98,245,51,0,0,1013,3,2,0,0
51.748757,0,0,94,59,1528,98,245,51,0,0,1013,3,2,0,0
51.752861,0,0,94,59,1528,98,245,51,0,0,1013,3,2,0,0
51.764491,0,0,94,59,1528,98,245,51,0,0,1013,3,2,0,0
51.768567,0,1,94,59,1528,98,245,51,0,0,1011,3,2,0,0
51.775984,0,0,94,59,1528,98,245,51,0,0,1011,3,2,0,0
51.780100,0,0,94,59,1528,98,245,51,0,0,1011,3,2,0,0
51.784255,0,0,94,59,1528,98,245,51,0,0,1011,3,2,0,0
51.795511,0,1,94,59,1528,98,245,51,0,0,1010,3,2,0,0
51.799676,0,0,94,59,1528,98,245,51,0,0,1010,3,2,0,0
51.806952,0,0,94,59,1528,98,245,51,0,0,1010,3,2,0,0
51.811098,0,0,94,59,1528,98,245,51,0,0,1010,3,2,0,0
51.815195,0,0,94,59,1528,98,245,51,0,0,1010,3,2,0,0
51.826846,0,1,94,59,1528,98,245,51,0,0,1009,3,2,0,0
51.830740,1,0,94,59,1528,98,245,50,0,0,1009,3,2,0,0
51.838100,0,0,94,59,1528,98,245,50,0,0,1009,3,2,0,0
51.842644,0,0,94,59,1528,98,245,50,0,0,1009,3,2,0,0
51.846705,0,0,94,59,1528,98,245,50,0,0,1009,3,2,0,0
51.857989,0,0,94,59,1528,98,245,50,0,0,1009,3,2,0,0
51.867575,0,0,94,59,1528,98,245,50,0,0,1009,3,2,0,0
51.869768,0,0,94,59,1528,98,245,50,0,0,1009,3,2,0,0
51.874294,0,0,94,59,1528,98,245,50,0,0,1009,3,2,0,0
51.887603,0,1,94,59,1528,98,245,50,0,0,1008,3,2,0,0
51.892222,0,1,94,59,1528,98,245,50,0,0,1008,2,2,0,0
51.900831,0,0,94,59,1528,98,245,50,0,0,1008,2,2,0,0
51.905332,0,0,94,59,1528,98,245,50,0,0,1008,2,2,0,0
51.918648,0,1,94,59,1528,98,245,50,0,0,1008,3,2,0,0
51.923163,1,0,94,59,1528,98,245,51,0,0,1008,3,2,0,0
51.931182,0,0,94,59,1528,98,245,51,0,0,1008,3,2,0,0
51.935639,0,0,94,59,1528,98,245,51,0,0,1008,3,2,0,0
51.939850,1,0,94,59,1528,99,245,51,0,0,1008,3,2,0,0
51.951059,0,0,94,59,1528,99,245,51,0,0,1008,3,2,0,0
51.960596,0,0,94,59,1528,99,245,51,0,0,1008,3,2,0,0
51.965536,0,0,94,59,1528,99,245,51,0,0,1008,3,2,0,0
51.970067,0,0,94,59,1528,99,245,51,0,0,1008,3,2,0,0
51.982459,0,0,94,59,1528,99,245,51,0,0,1008,3,2,0,0
51.992111,0,0,94,59,1528,99,245,51,0,0,1008,3,2,0,0
51.996993,0,0,94,59,1528,99,245,51,0,0,1008,3,2,0,0
52.001159,0,0,94,59,1528,99,245,51,0,0,1008,3,2,0,0
52.012805,0,0,94,59,1528,99,245,51,0,0,1008,3,2,0,0
52.022619,0,0,94,59,1528,99,245,51,0,0,1008,3,2,0,0
52.026786,0,1,94,59,1528,99,245,51,0,0,1007,3,2,0,0
52.030951,0,0,94,59,1528,99,245,51,0,0,1007,3,2,0,0
52.044209,0,0,94,59,1528,99,245,51,0,0,1007,3,2,0,0
52.053691,0,0,94,59,1528,99,245,51,0,0,1007,3,2,0,0
52.058365,0,0,94,59,1528,99,245,51,0,0,1007,3,2,0,0
52.062525,0,1,94,59,1528,99,245,51,0,0,1007,2,2,0,0
52.075448,0,0,94,59,1528,99,245,51,0,0,1007,2,2,0,0
52.085150,0,0,94,59,1528,99,245,51,0,0,1007,2,2,0,0
52.090034,0,0,94,59,1528,99,245,51,0,0,1007,2,2,0,0
52.094528,0,1,94,59,1528,99,245,51,0,0,1007,3,2,0,0
52.105914,0,0,94,59,1528,99,245,51,0,0,1007,3,2,0,0
52.110159,0,0,94,59,1528,99,245,51,0,0,1007,3,2,0,0
52.117086,0,0,94,59,1528,99,245,51,0,0,1007,3,2,0,0
52.121294,0,1,94,59,1528,99,245,51,0,0,1007,2,2,0,0
52.125473,0,0,94,59,1528,99,245,51,0,0,1007,2,2,0,0
52.136905,0,0,94,59,1528,99,245,51,0,0,1007,2,2,0,0
52.146800,0,0,94,59,1528,99,245,51,0,0,1007,2,2,0,0
52.150968,0,1,94,59,1528,99,245,51,0,0,1007,3,2,0,0
52.155455,0,0,94,59,1528,99,245,51,0,0,1007,3,2,0,0
52.167992,0,0,94,59,1528,99,245,51,0,0,1007,3,2,0,0
52.427824,1,1,94,59,1537,99,245,51,0,0,1309,4,3,-1,0
52.432354,0,0,94,59,1537,99,245,51,0,0,1309,4,3,-1,0
52.445824,0,0,94,59,1537,99,245,51,0,0,1309,4,3,-1,0
52.450177,1,1,94,59,1538,99,245,51,0,0,1345,4,3,-1,323
52.458464,0,1,94,59,1538,99,245,51,0,0,1345,4,4,-1,323
52.462965,0,0,94,59,1538,99,245,51,0,0,1345,4,4,-1,323
52.467157,0,0,94,59,1538,99,245,51,0,0,1345,4,4,-1,323
52.478101,0,1,94,59,1538,99,245,51,0,0,1341,4,4,-1,326
52.482215,0,1,94,59,1538,99,245,51,0,0,1341,4,3,-1,326
52.489308,0,0,94,59,1538,99,245,51,0,0,1341,4,3,-1,326
52.493738,0,0,94,59,1538,99,245,51,0,0,1341,4,3,-1,326
52.497898,0,0,94,59,1538,99,245,51,0,0,1341,4,3,-1,326
52.509486,0,1,94,59,1538,99,245,51,0,0,1337,4,3,-1,325
52.519198,0,0,94,59,1538,99,245,51,0,0,1337,4,3,-1,325
52.523761,0,0,94,59,1538,99,245,51,0,0,1337,4,3,-1,325
52.527937,0,0,94,59,1538,99,245,51,0,0,1337,4,3,-1,325
52.540615,0,1,94,59,1538,99,245,51,0,0,1335,4,3,-1,326
52.550286,0,0,94,59,1538,99,245,51,0,0,1335,4,3,-1,326
52.554418,0,0,94,59,1538,99,245,51,0,0,1335,4,3,-1,326
52.558536,0,0,94,59,1538,99,245,51,0,0,1335,4,3,-1,326
52.571086,0,1,94,59,1538,99,245,51,0,0,1333,4,2,-1,324
52.575164,0,0,94,59,1538,99,245,51,0,0,1333,4,2,-1,324
52.582435,0,0,94,59,1538,99,245,51,0,0,1333,4,2,-1,324
52.584321,0,0,94,59,1538,99,245,51,0,0,1333,4,2,-1,324
52.588332,0,0,94,59,1538,99,245,51,0,0,1333,4,2,-1,324
52.601641,0,1,94,59,1538,99,245,51,0,0,1331,4,2,-1,327
52.605719,0,0,94,59,1538,99,245,51,0,0,1331,4,2,-1,327
52.613275,0,0,94,59,1538,99,245,51,0,0,1331,4,2,-1,327
52.617306,0,0,94,59,1538,99,245,51,0,0,1331,4,2,-1,327
52.621440,0,1,94,59,1538,99,245,51,0,0,1330,4,2,-1,325
52.633167,0,1,94,59,1538,99,245,51,0,0,1330,4,3,-1,325
52.637339,1,0,94,59,1538,99,245,50,0,0,1330,4,3,-1,325
52.644578,0,0,94,59,1538,99,245,50,0,0,1330,4,3,-1,325
52.648741,0,0,94,59,1538,99,245,50,0,0,1330,4,3,-1,325
52.652863,1,1,94,59,1538,100,245,50,0,0,1329,4,3,-1,323
52.664607,0,0,94,59,1538,100,245,50,0,0,1329,4,3,-1,323
52.674243,0,0,94,59,1538,100,245,50,0,0,1329,4,3,-1,323
52.678827,0,0,94,59,1538,100,245,50,0,0,1329,4,3,-1,323
52.684509,1,1,94,59,1538,99,245,50,0,0,1328,4,3,-1,325
52.696938,0,0,94,59,1538,99,245,50,0,0,1328,4,3,-1,325
52.708163,0,0,94,59,1538,99,245,50,0,0,1328,4,3,-1,325
52.714095,0,1,94,59,1538,99,245,50,0,0,1327,4,3,-1,325
52.727237,1,0,94,59,1538,99,245,51,0,0,1327,4,3,-1,325
52.737117,0,0,94,59,1538,99,245,51,0,0,1327,4,3,-1,325
52.741293,0,1,94,59,1538,99,245,51,0,0,1326,4,3,-1,325
52.745463,0,0,94,59,1538,99,245,51,0,0,1326,4,3,-1,325
52.757408,0,0,94,59,1538,99,245,51,0,0,1326,4,3,-1,325
52.761926,0,0,94,59,1538,99,245,51,0,0,1326,4,3,-1,325
52.768726,0,0,94,59,1538,99,245,51,0,0,1326,4,3,-1,325
52.772870,0,0,94,59,1538,99,245,51,0,0,1326,4,3,-1,325
52.777050,0,0,94,59,1538,99,245,51,0,0,1326,4,3,-1,325
52.789144,0,0,94,59,1538,99,245,51,0,0,1326,4,3,-1,325
52.798483,0,0,94,59,1538,99,245,51,0,0,1326,4,3,-1,325
52.802976,0,1,94,59,1538,99,245,51,0,0,1325,4,3,-1,327
52.807181,0,0,94,59,1538,99,245,51,0,0,1325,4,3,-1,327
52.819744,0,0,94,59,1538,99,245,51,0,0,1325,4,3,-1,327
52.829669,0,0,94,59,1538,99,245,51,0,0,1325,4,3,-1,327
52.834157,0,0,94,59,1538,99,245,51,0,0,1325,4,3,-1,327
52.838662,1,0,94,59,1538,99,245,50,0,0,1325,4,3,-1,327
52.850707,0,0,94,59,1538,99,245,50,0,0,1325,4,3,-1,327
52.860386,0,0,94,59,1538,99,245,50,0,0,1325,4,3,-1,323
52.864932,0,1,94,59,1538,99,245,50,0,0,1324,4,3,-1,323
52.869793,0,0,94,59,1538,99,245,50,0,0,1324,4,3,-1,323
52.881812,0,0,94,59,1538,99,245,50,0,0,1324,4,3,-1,323
53.146990,1,1,94,59,1529,99,245,51,0,0,1117,4,2,0,0
53.160118,1,1,94,59,1528,99,245,51,0,0,1111,4,2,0,0
53.164783,0,0,94,59,1528,99,245,51,0,0,1111,4,2,0,0
53.172664,0,0,94,59,1528,99,245,51,0,0,1111,4,2,0,0
53.177593,0,0,94,59,1528,99,245,51,0,0,1111,4,2,0,0
53.191070,0,1,94,59,1528,99,245,51,0,0,1107,4,2,0,0
53.195931,0,1,94,59,1528,99,245,51,0,0,1107,4,3,0,0
53.203687,0,0,94,59,1528,99,245,51,0,0,1107,4,3,0,0
53.207833,0,0,94,59,1528,99,245,51,0,0,1107,4,3,0,0
53.212378,0,1,94,59,1528,99,245,51,0,0,1105,4,3,0,0
53.223568,0,1,94,59,1528,99,245,51,0,0,1105,4,2,0,0
53.233031,0,0,94,59,1528,99,245,51,0,0,1105,4,2,0,0
53.238484,0,0,94,59,1528,99,245,51,0,0,1105,4,2,0,0
53.242666,1,1,94,59,1528,100,245,51,0,0,1105,6,2,0,0
53.254122,0,1,94,59,1528,100,245,51,0,0,1105,6,3,0,0
53.263798,0,0,94,59,1528,100,245,51,0,0,1105,6,3,0,0
53.267990,0,0,94,59,1528,100,245,51,0,0,1105,6,3,0,0
53.272878,1,1,94,59,1528,99,245,51,0,0,1105,8,3,0,0
53.284798,1,1,94,59,1528,99,245,50,0,0,1105,8,2,0,0
53.288994,0,0,94,59,1528,99,245,50,0,0,1105,8,2,0,0
53.296628,0,0,94,59,1528,99,245,50,0,0,1105,8,2,0,0
53.301129,0,0,94,59,1528,99,245,50,0,0,1105,8,2,0,0
53.303800,0,1,94,59,1528,99,245,50,0,0,1105,9,2,0,0
53.316219,0,1,94,59,1528,99,245,50,0,0,1105,9,3,0,0
53.325792,0,0,94,59,1528,99,245,50,0,0,1105,9,3,0,0
53.329914,0,1,94,59,1528,99,245,50,0,0,1104,9,3,0,0
53.334158,1,1,94,59,1528,100,245,50,0,0,1104,8,2,0,0
53.346905,0,0,94,59,1528,100,245,50,0,0,1104,8,2,0,0
53.351051,0,0,94,59,1528,100,245,50,0,0,1104,8,2,0,0
53.358535,0,0,94,59,1528,100,245,50,0,0,1104,8,2,0,0
53.363123,1,1,94,59,1528,98,245,50,0,0,1105,8,2,0,0
53.376638,0,1,94,59,1528,98,245,50,0,0,1105,8,3,0,0
53.380985,0,0,94,59,1528,98,245,50,0,0,1105,8,3,0,0
53.389984,0,0,94,59,1528,98,245,50,0,0,1105,8,3,0,0
53.394145,1,1,94,59,1528,99,245,50,0,0,1105,9,2,0,0
53.398384,1,0,94,59,1528,99,245,51,0,0,1105,9,2,0,0
53.409692,0,0,94,59,1528,99,245,51,0,0,1105,9,2,0,0
53.419028,0,0,94,59,1528,99,245,51,0,0,1105,9,2,0,0
53.423597,0,1,94,59,1528,99,245,51,0,0,1104,9,2,0,0
53.428116,0,0,94,59,1528,99,245,51,0,0,1104,9,2,0,0
53.440693,0,0,94,59,1528,99,245,51,0,0,1104,9,2,0,0
53.450012,0,0,94,59,1528,99,245,51,0,0,1104,9,2,0,0
53.454561,0,1,94,59,1528,99,245,51,0,0,1104,9,3,0,0
53.458762,0,1,94,59,1528,99,245,51,0,0,1104,9,3,-1,0
53.471283,0,0,94,59,1528,99,245,51,0,0,1104,9,3,-1,0
53.481151,0,0,94,59,1528,99,245,51,0,0,1104,9,3,-1,0
53.485304,0,0,94,59,1528,99,245,51,0,0,1104,9,3,-1,0
53.490171,0,1,94,59,1528,99,245,51,0,0,1104,9,3,0,0
53.502286,0,0,94,59,1528,99,245,51,0,0,1104,9,3,0,0
53.511877,0,0,94,59,1528,99,245,51,0,0,1104,9,3,0,0
53.516098,0,1,94,59,1528,99,245,51,0,0,1104,8,3,0,0
53.520288,0,0,94,59,1528,99,245,51,0,0,1104,8,3,0,0
53.533343,0,0,94,59,1528,99,245,51,0,0,1104,8,3,0,0
53.542931,0,0,94,59,1528,99,245,51,0,0,1104,8,3,0,0
53.547780,0,0,94,59,1528,99,245,51,0,0,1104,8,3,0,0
53.552641,0,0,94,59,1528,99,245,51,0,0,1104,8,3,0,0
53.564774,0,0,94,59,1528,99,245,51,0,0,1104,8,3,0,0
53.574339,0,0,94,59,1528,99,245,51,0,0,1104,8,3,0,0
53.579189,0,0,94,59,1528,99,245,51,0,0,1104,8,3,0,0
53.583711,0,0,94,59,1528,99,245,51,0,0,1104,8,3,0,0
53.595459,0,0,94,59,1528,99,245,51,0,0,1104,8,3,0,0
53.605017,0,0,94,59,1528,99,245,51,0,0,1104,8,3,0,0
53.861720,1,1,94,59,1538,99,245,51,0,0,1308,8,2,-1,0
53.874393,1,1,94,59,1531,99,245,51,0,0,1253,9,2,-1,460
53.878599,0,0,94,59,1531,99,245,51,0,0,1253,9,2,-1,460
53.886375,0,0,94,59,1531,99,245,51,0,0,1253,9,2,-1,460
53.890550,0,0,94,59,1531,99,245,51,0,0,1253,9,2,-1,460
53.894732,1,1,94,59,1539,99,245,51,0,0,1342,9,2,-1,346
53.906312,0,1,94,59,1539,99,245,51,0,0,1342,9,3,-1,346
53.916254,0,0,94,59,1539,99,245,51,0,0,1342,9,3,-1,346
53.920564,0,0,94,59,1539,99,245,51,0,0,1342,9,3,-1,346
53.924847,1,1,94,59,1540,99,245,51,0,0,1341,9,3,-1,344
53.936359,0,0,94,59,1540,99,245,51,0,0,1341,9,3,-1,344
53.946550,0,0,94,59,1540,99,245,51,0,0,1341,9,3,-1,344
53.950746,0,0,94,59,1540,99,245,51,0,0,1341,9,3,-1,344
53.955232,0,0,94,59,1540,99,245,51,0,0,1341,9,3,-1,344
53.967469,0,0,94,59,1540,99,245,51,0,0,1341,9,3,-1,344
53.971625,0,0,94,59,1540,99,245,51,0,0,1341,9,3,-1,344
53.978743,0,0,94,59,1540,99,245,51,0,0,1341,9,3,-1,344
53.983309,0,0,94,59,1540,99,245,51,0,0,1341,9,3,-1,344
53.997152,0,1,94,59,1540,99,245,51,0,0,1338,9,4,-1,344
54.001317,0,0,94,59,1540,99,245,51,0,0,1338,9,4,-1,344
54.009585,0,0,94,59,1540,99,245,51,0,0,1338,9,4,-1,344
54.014112,0,0,94,59,1540,99,245,51,0,0,1338,9,4,-1,341
54.018334,0,1,94,59,1540,99,245,51,0,0,1338,9,3,-1,341
54.029521,0,0,94,59,1540,99,245,51,0,0,1338,9,3,-1,341
54.033736,0,0,94,59,1540,99,245,51,0,0,1338,9,3,-1,341
54.041337,0,0,94,59,1540,99,245,51,0,0,1338,9,3,-1,341
54.045928,0,1,94,59,1540,99,245,51,0,0,1337,8,3,-1,341
54.048147,0,0,94,59,1540,99,245,51,0,0,1337,8,3,-1,341
54.060401,0,0,94,59,1540,99,245,51,0,0,1337,8,3,-1,341
54.064679,0,0,94,59,1540,99,245,51,0,0,1337,8,3,-1,341
54.072067,0,0,94,59,1540,99,245,51,0,0,1337,8,3,-1,341
54.076259,1,1,94,59,1540,98,245,51,0,0,1337,9,4,-1,341
54.080472,0,0,94,59,1540,98,245,51,0,0,1337,9,4,-1,341
54.092257,0,0,94,59,1540,98,245,51,0,0,1337,9,4,-1,341
54.101649,0,0,94,59,1540,98,245,51,0,0,1337,9,4,-1,341
54.105804,0,0,94,59,1540,98,245,51,0,0,1337,9,4,-1,341
54.109921,0,0,94,59,1540,98,245,51,0,0,1337,9,4,-1,341
54.122432,0,0,94,59,1540,98,245,51,0,0,1337,9,4,-1,341
54.126568,0,0,94,59,1540,98,245,51,0,0,1337,9,4,-1,341
54.134232,0,0,94,59,1540,98,245,51,0,0,1337,9,4,-1,341
54.139145,0,1,94,59,1540,98,245,51,0,0,1335,9,4,-2,341
54.152372,0,0,94,59,1540,98,245,51,0,0,1335,9,4,-2,341
54.157219,0,0,94,59,1540,98,245,51,0,0,1335,9,4,-2,341
54.164709,0,1,94,59,1540,98,245,51,0,0,1334,9,4,-2,341
54.168860,0,1,94,59,1540,98,245,51,0,0,1334,9,3,-1,341
54.173036,0,0,94,59,1540,98,245,51,0,0,1334,9,3,-1,341
54.184961,0,0,94,59,1540,98,245,51,0,0,1334,9,3,-1,341
54.194553,0,0,94,59,1540,98,245,51,0,0,1334,9,3,-1,344
54.199135,1,1,94,59,1540,99,245,51,0,0,1334,8,3,-1,344
54.203749,0,0,94,59,1540,99,245,51,0,0,1334,8,3,-1,344
54.216263,0,0,94,59,1540,99,245,51,0,0,1334,8,3,-1,344
54.225847,0,1,94,59,1540,99,245,51,0,0,1334,9,3,-1,343
54.229964,0,0,94,59,1540,99,245,51,0,0,1334,9,3,-1,343
54.234245,0,0,94,59,1540,99,245,51,0,0,1334,9,3,-1,343
54.246726,0,0,94,59,1540,99,245,51,0,0,1334,9,3,-1,343
54.250865,0,0,94,59,1540,99,245,51,0,0,1334,9,3,-1,341
54.257853,0,1,94,59,1540,99,245,51,0,0,1333,9,3,-1,341
54.261947,0,0,94,59,1540,99,245,51,0,0,1333,9,3,-1,341
54.266072,0,0,94,59,1540,99,245,51,0,0,1333,9,3,-1,341
54.277909,0,0,94,59,1540,99,245,51,0,0,1333,9,3,-1,341
54.287609,0,0,94,59,1540,99,245,51,0,0,1333,9,3,-1,341
54.292175,0,0,94,59,1540,99,245,51,0,0,1333,9,3,-1,341
54.296323,0,0,94,59,1540,99,245,51,0,0,1333,9,3,-1,341
54.309345,0,0,94,59,1540,99,245,51,0,0,1333,9,3,-1,341
54.319008,0,0,94,59,1540,99,245,51,0,0,1333,9,3,-1,340
54.323518,0,0,94,59,1540,99,245,51,0,0,1333,9,3,-1,340
54.327646,0,0,94,59,1540,99,245,51,0,0,1333,9,3,-1,340
54.339668,0,0,94,59,1540,99,245,51,0,0,1333,9,3,-1,340
54.343750,0,1,94,59,1540,99,245,51,0,0,1332,9,3,-1,344
54.350833,0,1,94,59,1540,99,245,51,0,0,1332,9,3,-2,344
54.619430,1,1,94,59,1531,99,245,51,0,1,1134,9,2,0,0
54.630127,0,0,94,59,1531,99,245,51,0,1,1134,9,2,0,0
54.634624,0,1,94,59,1531,99,245,51,0,0,1133,9,2,0,0
54.639106,1,0,94,59,1531,98,245,51,0,0,1133,9,2,0,0
54.650466,0,0,94,59,1531,98,245,51,0,0,1133,9,2,0,0
54.659886,0,0,94,59,1531,98,245,51,0,0,1133,9,2,0,0
54.664851,0,0,94,59,1531,98,245,51,0,0,1133,9,2,0,0
54.669057,1,0,94,59,1531,99,245,51,0,0,1133,9,2,0,0
54.681614,1,0,94,59,1531,99,245,50,0,0,1133,9,2,0,0
54.691347,0,0,94,59,1531,99,245,50,0,0,1133,9,2,0,0
54.695904,1,1,94,59,1529,99,245,50,0,0,1132,9,2,0,0
54.700427,0,0,94,59,1529,99,245,50,0,0,1132,9,2,0,0
54.712040,0,0,94,59,1529,99,245,50,0,0,1132,9,2,0,0
54.716228,0,0,94,59,1529,99,245,50,0,0,1132,9,2,0,0
54.723253,0,0,94,59,1529,99,245,50,0,0,1132,9,2,0,0
54.727445,1,0,94,59,1529,100,245,50,0,0,1132,9,2,0,0
54.731595,0,0,94,59,1529,100,245,50,0,0,1132,9,2,0,0
54.743129,0,0,94,59,1529,100,245,50,0,0,1132,9,2,0,0
54.753029,0,0,94,59,1529,100,245,50,0,0,1132,9,2,0,0
54.757198,0,0,94,59,1529,100,245,50,0,0,1132,9,2,0,0
54.761371,1,0,94,59,1529,98,245,51,0,0,1132,9,2,0,0
54.774583,0,0,94,59,1529,98,245,51,0,0,1132,9,2,0,0
54.784224,0,1,94,59,1529,98,245,51,1,0,1132,9,2,0,0
54.788745,1,0,94,59,1531,98,245,51,1,0,1132,9,2,0,0
54.792990,0,0,94,59,1531,98,245,51,1,0,1132,9,2,0,0
54.805028,0,0,94,59,1531,98,245,51,1,0,1132,9,2,0,0
54.809163,0,1,94,59,1531,98,245,51,0,0,1132,9,2,0,0
54.816232,0,0,94,59,1531,98,245,51,0,0,1132,9,2,0,0
54.820788,1,1,94,59,1531,97,245,51,0,0,1131,9,2,0,0
54.825669,0,0,94,59,1531,97,245,51,0,0,1131,9,2,0,0
54.836646,0,0,94,59,1531,97,245,51,0,0,1131,9,2,0,0
54.846161,0,0,94,59,1531,97,245,51,0,0,1131,9,2,0,0
54.850714,1,0,94,59,1531,98,245,51,0,0,1131,9,2,0,0
54.854847,0,0,94,59,1531,98,245,51,0,0,1131,9,2,0,0
54.867477,0,0,94,59,1531,98,245,51,0,0,1131,9,2,0,0
54.877316,0,0,94,59,1531,98,245,51,0,0,1131,9,2,0,0
54.881457,1,1,94,59,1529,99,245,51,0,0,1131,9,2,-1,0
54.885480,0,0,94,59,1529,99,245,51,0,0,1131,9,2,-1,0
54.898464,0,1,94,59,1529,99,245,51,1,0,1131,9,2,-1,0
54.908093,0,0,94,59,1529,99,245,51,1,0,1131,9,2,-1,0
54.912245,0,0,94,59,1529,99,245,51,1,0,1131,9,2,-1,0
54.916329,0,0,94,59,1529,99,245,51,1,0,1131,9,2,-1,0
54.929455,0,0,94,59,1529,99,245,51,1,0,1131,9,2,-1,0
54.933578,0,0,94,59,1529,99,245,51,1,0,1131,9,2,-1,0
54.940619,0,0,94,59,1529,99,245,51,1,0,1131,9,2,-1,0
54.944659,0,0,94,59,1529,99,245,51,1,0,1131,9,2,-1,0
54.948779,0,0,94,59,1529,99,245,51,1,0,1131,9,2,-1,0
54.960495,0,0,94,59,1529,99,245,51,1,0,1131,9,2,-1,0
54.964580,0,0,94,59,1529,99,245,51,1,0,1131,9,2,-1,0
54.971765,0,0,94,59,1529,99,245,51,1,0,1131,9,2,-1,0
54.975863,0,1,94,59,1529,99,245,51,1,0,1131,9,2,0,0
54.979901,0,0,94,59,1529,99,245,51,1,0,1131,9,2,0,0
54.991180,0,1,94,59,1529,99,245,51,0,0,1131,9,2,0,0
54.995260,0,0,94,59,1529,99,245,51,0,0,1131,9,2,0,0
55.002689,0,0,94,59,1529,99,245,51,0,0,1131,9,2,0,0
55.006758,0,0,94,59,1529,99,245,51,0,0,1131,9,2,0,0
55.010802,0,0,94,59,1529,99,245,51,0,0,1131,9,2,0,0
55.022213,0,0,94,59,1529,99,245,51,0,0,1131,9,2,0,0
55.026423,0,0,94,59,1529,99,245,51,0,0,1131,9,2,0,0
55.033505,0,0,94,59,1529,99,245,51,0,0,1131,9,2,0,0
55.036029,0,0,94,59,1529,99,245,51,0,0,1131,9,2,0,0
55.040870,0,0,94,59,1529,99,245,51,0,0,1131,9,2,0,0
55.054038,0,1,94,59,1529,99,245,51,1,0,1131,9,2,0,0
55.063687,0,0,94,59,1529,99,245,51,1,0,1131,9,2,0,0
55.067861,1,1,94,59,1529,99,245,50,1,0,1131,9,2,-1,0
55.072687,0,0,94,59,1529,99,245,50,1,0,1131,9,2,-1,0
55.084664,0,0,94,59,1529,99,245,50,1,0,1131,9,2,-1,0
55.094201,0,1,94,59,1529,99,245,50,1,0,1131,8,2,0,0
55.098836,0,0,94,59,1529,99,245,50,1,0,1131,8,2,0,0
55.103398,0,1,94,59,1529,99,245,50,0,0,1131,8,2,0,0
55.115385,0,0,94,59,1529,99,245,50,0,0,1131,8,2,0,0
55.119584,0,1,94,59,1529,99,245,50,0,0,1131,9,2,0,0
55.126616,1,0,94,59,1529,99,245,51,0,0,1131,9,2,0,0
55.130818,0,0,94,59,1529,99,245,51,0,0,1131,9,2,0,0
55.135004,0,1,94,59,1529,99,245,51,1,0,1131,9,2,0,0
55.147077,0,0,94,59,1529,99,245,51,1,0,1131,9,2,0,0
55.156759,0,1,94,59,1529,99,245,51,1,0,1131,9,2,-1,0
55.161272,0,0,94,59,1529,99,245,51,1,0,1131,9,2,-1,0
55.165438,0,0,94,59,1529,99,245,51,1,0,1131,9,2,-1,0
55.177406,0,0,94,59,1529,99,245,51,1,0,1131,9,2,-1,0
55.181606,0,1,94,59,1529,99,245,51,1,0,1131,9,2,0,0
55.189010,0,0,94,59,1529,99,245,51,1,0,1131,9,2,0,0
55.193690,0,1,94,59,1529,99,245,51,0,0,1131,9,2,0,0
55.207103,0,0,94,59,1529,99,245,51,0,0,1131,9,2,0,0
55.211613,0,0,94,59,1529,99,245,51,0,0,1131,9,2,0,0
55.220302,0,0,94,59,1529,99,245,51,0,0,1131,9,2,0,0
55.224813,0,0,94,59,1529,99,245,51,0,0,1131,9,2,0,0
55.238300,0,0,94,59,1529,99,245,51,0,0,1131,9,2,0,0
55.242494,1,0,94,59,1529,100,245,51,0,0,1131,9,2,0,0
55.251706,0,0,94,59,1529,100,245,51,0,0,1131,9,2,0,0
55.256127,0,0,94,59,1529,100,245,51,0,0,1131,9,2,0,0
55.269521,1,0,94,60,1529,100,245,51,0,0,1131,9,2,0,0
55.274518,1,1,94,60,1529,99,245,51,0,0,1131,8,2,0,0
55.281627,0,0,94,60,1529,99,245,51,0,0,1131,8,2,0,0
55.286092,0,0,94,60,1529,99,245,51,0,0,1131,8,2,0,0
55.290641,0,0,94,60,1529,99,245,51,0,0,1131,8,2,0,0
55.301856,0,0,94,60,1529,99,245,51,0,0,1131,8,2,0,0
55.311544,0,0,94,60,1529,99,245,51,0,0,1131,8,2,0,0
55.316100,0,0,94,60,1529,99,245,51,0,0,1131,8,2,0,0
55.320688,0,0,94,60,1529,99,245,51,0,0,1131,8,2,0,0
55.332484,0,0,94,60,1529,99,245,51,0,0,1131,8,2,0,0
55.592258,1,1,94,60,1526,99,245,51,0,1,867,8,1,0,0
55.596355,0,1,94,60,1526,99,245,51,0,1,867,8,2,0,0
55.600888,0,0,94,60,1526,99,245,51,0,1,867,8,2,0,0
55.612013,0,0,94,60,1526,99,245,51,0,1,867,8,2,0,0
55.621899,0,0,94,60,1526,99,245,51,0,1,867,8,2,0,0
55.626387,0,1,94,60,1526,99,245,51,0,1,868,9,2,0,0
55.630580,0,0,94,60,1526,99,245,51,0,1,868,9,2,0,0
55.644271,0,0,94,60,1526,99,245,51,0,1,868,9,2,0,0
55.654490,0,0,94,60,1526,99,245,51,0,1,868,9,2,0,0
55.660899,0,1,94,60,1526,99,245,51,0,1,868,9,1,0,0
55.675515,0,0,94,60,1526,99,245,51,0,1,868,9,1,0,0
55.686539,0,1,94,60,1526,99,245,51,0,1,869,9,2,0,0
55.692417,0,0,94,60,1526,99,245,51,0,1,869,9,2,0,0
55.706368,0,0,94,60,1526,99,245,51,0,1,869,9,2,0,0
55.717784,1,1,94,60,1526,100,245,51,0,1,869,9,1,0,0
55.723641,0,0,94,60,1526,100,245,51,0,1,869,9,1,0,0
55.737326,0,0,94,60,1526,100,245,51,0,1,869,9,1,0,0
55.748201,1,1,94,60,1526,98,245,51,0,1,869,9,2,0,0
55.751891,0,0,94,60,1526,98,245,51,0,1,869,9,2,0,0
55.766027,0,0,94,60,1526,98,245,51,0,1,869,9,2,0,0
55.777101,0,0,94,60,1526,98,245,51,0,1,869,9,2,0,0
55.782972,0,0,94,60,1526,98,245,51,0,1,869,9,2,0,0
55.797134,0,1,94,60,1526,98,245,51,1,0,869,9,2,0,0
55.808348,0,0,94,60,1526,98,245,51,1,0,869,9,2,0,0
55.813324,0,0,94,60,1526,98,245,51,1,0,869,9,2,0,0
55.817567,0,1,94,60,1526,98,245,51,1,1,869,9,2,0,0
55.830100,0,0,94,60,1526,98,245,51,1,1,869,9,2,0,0
55.839978,0,0,94,60,1526,98,245,51,1,1,869,9,2,0,0
55.844192,0,0,94,60,1526,98,245,51,1,1,869,9,2,0,0
55.848756,0,0,94,60,1526,98,245,51,1,1,869,9,2,0,0
55.859925,0,1,94,60,1526,98,245,51,1,1,870,9,2,0,0
55.864138,1,0,94,60,1526,99,245,51,1,1,870,9,2,0,0
55.871873,0,0,94,60,1526,99,245,51,1,1,870,9,2,0,0
55.875989,0,1,94,60,1526,99,245,51,0,1,870,9,2,0,0
55.880177,0,0,94,60,1526,99,245,51,0,1,870,9,2,0,0
55.891113,0,0,94,60,1526,99,245,51,0,1,870,9,2,0,0
55.901174,0,0,94,60,1526,99,245,51,0,1,870,9,2,0,0
55.905745,0,0,94,60,1526,99,245,51,0,1,870,9,2,0,0
55.909857,0,0,94,60,1526,99,245,51,0,1,870,9,2,0,0
55.922315,0,1,94,60,1526,99,245,51,0,1,870,8,2,0,0
55.932010,0,0,94,60,1526,99,245,51,0,1,870,8,2,0,0
55.936147,0,1,94,60,1526,99,245,51,1,1,870,8,2,0,0
55.940240,0,0,94,60,1526,99,245,51,1,1,870,8,2,0,0
55.953344,0,0,94,60,1526,99,245,51,1,1,870,8,2,0,0
55.962890,0,0,94,60,1526,99,245,51,1,1,870,8,2,0,0
55.967433,0,0,94,60,1526,99,245,51,1,1,870,8,2,0,0
55.971987,0,1,94,60,1526,99,245,51,1,1,870,9,2,0,0
55.984002,0,0,94,60,1526,99,245,51,1,1,870,9,2,0,0
55.988542,1,0,94,60,1526,99,245,50,1,1,870,9,2,0,0
55.996242,0,0,94,60,1526,99,245,50,1,1,870,9,2,0,0
56.000781,0,0,94,60,1526,99,245,50,1,1,870,9,2,0,0
56.013943,0,0,94,60,1526,99,245,50,1,1,870,9,2,0,0
56.018086,0,0,94,60,1526,99,245,50,1,1,870,9,2,0,0
56.026886,0,0,94,60,1526,99,245,50,1,1,870,9,2,0,0
56.031011,0,1,94,60,1526,99,245,50,0,1,870,9,2,0,0
56.035523,0,1,94,60,1526,99,245,50,0,1,870,8,2,0,0
56.046758,0,1,94,60,1526,99,245,50,0,1,870,8,1,0,0
56.312070,1,1,94,60,1531,99,245,50,0,0,923,8,2,0,0
56.326918,0,1,94,60,1531,99,245,50,0,1,923,8,2,0,0
56.337408,0,1,94,60,1531,99,245,50,0,1,922,8,2,0,0
56.342828,0,0,94,60,1531,99,245,50,0,1,922,8,2,0,0
56.356818,0,0,94,60,1531,99,245,50,0,1,922,8,2,0,0
56.368146,0,1,94,60,1531,99,245,50,1,1,922,8,2,0,0
56.374105,0,0,94,60,1531,99,245,50,1,1,922,8,2,0,0
56.389037,0,1,94,60,1531,99,245,50,1,1,923,8,2,0,0
56.399737,0,1,94,60,1531,99,245,50,1,1,923,8,1,0,0
56.405407,0,0,94,60,1531,99,245,50,1,1,923,8,1,0,0
56.420003,0,1,94,60,1531,99,245,50,1,0,923,8,1,0,0
56.430449,0,1,94,60,1531,99,245,50,1,0,922,8,2,0,0
56.434961,1,0,94,60,1531,99,245,51,1,0,922,8,2,0,0
56.448260,0,0,94,60,1531,99,245,51,1,0,922,8,2,0,0
56.453205,0,1,94,60,1531,99,245,51,1,1,922,8,2,0,0
56.460826,0,0,94,60,1531,99,245,51,1,1,922,8,2,0,0
56.464998,0,0,94,60,1531,99,245,51,1,1,922,8,2,0,0
56.467516,0,0,94,60,1531,99,245,51,1,1,922,8,2,0,0
56.480410,0,0,94,60,1531,99,245,51,1,1,922,8,2,0,0
56.484612,0,0,94,60,1531,99,245,51,1,1,922,8,2,0,0
56.491589,0,0,94,60,1531,99,245,51,1,1,922,8,2,0,0
56.495797,0,0,94,60,1531,99,245,51,1,1,922,8,2,0,0
56.501330,0,1,94,60,1531,99,245,51,0,1,922,8,2,0,0
56.513321,0,0,94,60,1531,99,245,51,0,1,922,8,2,0,0
56.524125,0,0,94,60,1531,99,245,51,0,1,922,8,2,0,0
56.529709,0,1,94,60,1531,99,245,51,1,1,922,8,2,0,0
56.542380,0,0,94,60,1531,99,245,51,1,1,922,8,2,0,0
56.546871,0,0,94,60,1531,99,245,51,1,1,922,8,2,0,0
56.554203,0,0,94,60,1531,99,245,51,1,1,922,8,2,0,0
56.558719,0,0,94,60,1531,99,245,51,1,1,922,8,2,0,0
56.572212,0,0,94,60,1531,99,245,51,1,1,922,8,2,0,0
56.576368,1,0,94,60,1532,99,245,51,1,1,922,8,2,0,0
56.584666,0,0,94,60,1532,99,245,51,1,1,922,8,2,0,0
56.588917,0,0,94,60,1532,99,245,51,1,1,922,8,2,0,0
56.593433,0,1,94,60,1532,99,245,51,0,1,922,8,2,0,0
56.604850,1,0,94,60,1531,99,245,51,0,1,922,8,2,0,0
56.614486,0,1,94,60,1531,99,245,51,0,1,922,8,1,0,0
56.619034,0,0,94,60,1531,99,245,51,0,1,922,8,1,0,0
56.623539,0,0,94,60,1531,99,245,51,0,1,922,8,1,0,0
56.635842,0,1,94,60,1531,99,245,51,0,1,921,8,1,0,0
56.645703,0,1,94,60,1531,99,245,51,0,1,921,8,2,0,0
56.649885,0,0,94,60,1531,99,245,51,0,1,921,8,2,0,0
56.654742,0,0,94,60,1531,99,245,51,0,1,921,8,2,0,0
56.666915,0,0,94,60,1531,99,245,51,0,1,921,8,2,0,0
56.676555,0,0,94,60,1531,99,245,51,0,1,921,8,2,0,0
56.680794,0,0,94,60,1531,99,245,51,0,1,921,8,2,0,0
56.685266,0,1,94,60,1531,99,245,51,0,1,922,8,2,0,0
56.697516,0,0,94,60,1531,99,245,51,0,1,922,8,2,0,0
56.702093,0,0,94,60,1531,99,245,51,0,1,922,8,2,0,0
56.709474,0,0,94,60,1531,99,245,51,0,1,922,8,2,0,0
56.713980,0,0,94,60,1531,99,245,51,0,1,922,8,2,0,0
56.727458,0,0,94,60,1531,99,245,51,0,1,922,8,2,0,0
56.731968,0,0,94,60,1531,99,245,51,0,1,922,8,2,0,0
56.740360,0,0,94,60,1531,99,245,51,0,1,922,8,2,0,0
56.744834,0,1,94,60,1531,99,245,51,0,1,921,8,2,0,0
56.748941,1,0,94,60,1531,100,245,51,0,1,921,8,2,0,0
56.759878,0,0,94,60,1531,100,245,51,0,1,921,8,2,0,0
56.763853,0,0,94,60,1531,100,245,51,0,1,921,8,2,0,0
57.022231,1,1,94,60,1529,98,245,51,0,0,1071,8,2,0,181
57.026878,0,0,94,60,1529,98,245,51,0,0,1071,8,2,0,181
57.038786,0,0,94,60,1529,98,245,51,0,0,1071,8,2,0,181
57.042855,0,0,94,60,1529,98,245,51,0,0,1071,8,2,0,288
57.050045,1,1,94,60,1533,98,245,51,0,0,1140,7,2,0,288
57.054160,0,1,94,60,1533,98,245,51,0,0,1140,7,2,-1,288
57.058302,0,0,94,60,1533,98,245,51,0,0,1140,7,2,-1,288
57.069720,0,0,94,60,1533,98,245,51,0,0,1140,7,2,-1,288
57.073794,1,1,94,60,1534,98,245,51,0,0,1164,8,2,-1,290
57.081006,0,1,94,60,1534,98,245,51,0,0,1164,8,3,-1,290
57.085216,0,0,94,60,1534,98,245,51,0,0,1164,8,3,-1,290
57.089415,0,0,94,60,1534,98,245,51,0,0,1164,8,3,-1,290
57.101246,0,0,94,60,1534,98,245,51,0,0,1164,8,3,-1,290
57.111135,0,1,94,60,1534,98,245,51,0,0,1163,8,3,-1,291
57.115645,0,0,94,60,1534,98,245,51,0,0,1163,8,3,-1,291
57.120063,0,0,94,60,1534,98,245,51,0,0,1163,8,3,-1,291
57.132253,0,0,94,60,1534,98,245,51,0,0,1163,8,3,-1,290
57.141863,0,1,94,60,1534,98,245,51,0,0,1162,8,3,-1,290
57.146087,0,0,94,60,1534,98,245,51,0,0,1162,8,3,-1,290
57.150599,0,0,94,60,1534,98,245,51,0,0,1162,8,3,-1,290
57.163338,0,0,94,60,1534,98,245,51,0,0,1162,8,3,-1,287
57.172947,0,1,94,60,1534,98,245,51,0,0,1162,8,2,-1,287
57.177480,0,0,94,60,1534,98,245,51,0,0,1162,8,2,-1,287
57.181990,0,0,94,60,1534,98,245,51,0,0,1162,8,2,-1,287
57.194721,0,0,94,60,1534,98,245,51,0,0,1162,8,2,-1,286
57.204399,1,0,94,60,1534,99,245,51,0,0,1162,8,2,-1,286
57.206267,0,0,94,60,1534,99,245,51,0,0,1162,8,2,-1,286
57.211178,0,0,94,60,1534,99,245,51,0,0,1162,8,2,-1,286
57.225318,0,1,94,60,1534,99,245,51,0,0,1161,8,2,-1,291
57.236700,0,0,94,60,1534,99,245,51,0,0,1161,8,2,-1,291
57.242011,0,0,94,60,1534,99,245,51,0,0,1161,8,2,-1,291
57.256402,0,0,94,60,1534,99,245,51,0,0,1161,8,2,-1,291
57.267696,1,1,94,60,1534,98,245,51,0,0,1161,8,3,-1,291
57.273967,0,0,94,60,1534,98,245,51,0,0,1161,8,3,-1,291
57.287732,0,1,94,60,1534,98,245,51,0,0,1161,8,2,-1,289
57.297629,0,0,94,60,1534,98,245,51,0,0,1161,8,2,-1,289
57.302270,0,0,94,60,1534,98,245,51,0,0,1161,8,2,-1,289
57.307482,0,0,94,60,1534,98,245,51,0,0,1161,8,2,-1,286
57.318951,1,0,94,60,1534,99,245,51,0,0,1161,8,2,-1,286
57.328991,0,0,94,60,1534,99,245,51,0,0,1161,8,2,-1,286
57.333254,0,0,94,60,1534,99,245,51,0,0,1161,8,2,-1,286
57.337779,0,0,94,60,1534,99,245,51,0,0,1161,8,2,-1,290
57.349101,1,0,94,60,1534,98,245,51,0,0,1161,8,2,-1,290
57.353313,0,0,94,60,1534,98,245,51,0,0,1161,8,2,-1,290
57.360795,0,0,94,60,1534,98,245,51,0,0,1161,8,2,-1,290
57.365707,0,0,94,60,1534,98,245,51,0,0,1161,8,2,-1,290
57.379019,1,1,94,60,1534,99,245,51,0,0,1160,8,2,-1,291
57.383220,0,0,94,60,1534,99,245,51,0,0,1160,8,2,-1,291
57.391798,0,0,94,60,1534,99,245,51,0,0,1160,8,2,-1,291
57.395921,0,0,94,60,1534,99,245,51,0,0,1160,8,2,-1,291
57.400026,1,0,94,60,1534,98,245,51,0,0,1160,8,2,-1,290
57.411492,0,0,94,60,1534,98,245,51,0,0,1160,8,2,-1,290
57.421030,0,0,94,60,1534,98,245,51,0,0,1160,8,2,-1,290
57.425514,0,0,94,60,1534,98,245,51,0,0,1160,8,2,-1,290
57.429698,0,0,94,60,1534,98,245,51,0,0,1160,8,2,-1,286
57.442524,0,0,94,60,1534,98,245,51,0,0,1160,8,2,-1,286
57.452005,0,0,94,60,1534,98,245,51,0,0,1160,8,2,-1,286
57.456141,0,0,94,60,1534,98,245,51,0,0,1160,8,2,-1,286
57.460748,0,0,94,60,1534,98,245,51,0,0,1160,8,2,-1,292
57.473197,0,0,94,60,1534,98,245,51,0,0,1160,8,2,-1,292
57.477476,0,0,94,60,1534,98,245,51,0,0,1160,8,2,-1,292
57.485021,0,0,94,60,1534,98,245,51,0,0,1160,8,2,-1,292
57.489166,0,0,94,60,1534,98,245,51,0,0,1160,8,2,-1,288
57.493237,1,1,94,60,1534,99,245,51,0,0,1159,8,3,-1,288
57.504184,0,0,94,60,1534,99,245,51,0,0,1159,8,3,-1,288
57.768885,1,1,94,60,1528,99,245,50,0,1,1027,9,2,0,0
57.783180,0,0,94,60,1528,99,245,50,0,1,1027,9,2,0,0
57.787352,0,0,94,60,1528,99,245,50,0,1,1027,9,2,0,386
57.795223,1,1,94,60,1526,99,245,50,0,1,1026,8,2,0,386
57.799737,0,0,94,60,1526,99,245,50,0,1,1026,8,2,0,386
57.813303,0,0,94,60,1526,99,245,50,0,1,1026,8,2,0,386
57.818255,0,1,94,60,1526,99,245,50,0,0,1026,8,2,0,386
57.825885,0,0,94,60,1526,99,245,50,0,0,1026,8,2,0,386
57.830072,0,0,94,60,1526,99,245,50,0,0,1026,8,2,0,386
57.834278,0,0,94,60,1526,99,245,50,0,0,1026,8,2,0,386
57.845718,0,0,94,60,1526,99,245,50,0,0,1026,8,2,0,386
57.849935,1,1,94,60,1531,99,245,50,0,0,1049,9,2,0,0
57.857146,0,0,94,60,1531,99,245,50,0,0,1049,9,2,0,0
57.861730,1,0,94,60,1531,99,245,51,0,0,1049,9,2,0,0
57.875228,0,0,94,60,1531,99,245,51,0,0,1049,9,2,0,0
57.879371,1,1,94,60,1528,99,245,51,0,1,1032,8,2,0,0
57.887677,0,0,94,60,1528,99,245,51,0,1,1032,8,2,0,0
57.892174,0,1,94,60,1528,99,245,51,0,1,1032,8,2,-1,0
57.896820,0,0,94,60,1528,99,245,51,0,1,1032,8,2,-1,0
57.908378,0,0,94,60,1528,99,245,51,0,1,1032,8,2,-1,0
57.917767,0,1,94,60,1528,99,245,51,0,1,1027,9,2,-1,0
57.921938,0,1,94,60,1528,99,245,51,0,1,1027,9,2,0,0
57.926472,0,0,94,60,1528,99,245,51,0,1,1027,9,2,0,0
57.938560,0,0,94,60,1528,99,245,51,0,1,1027,9,2,0,0
57.948649,0,1,94,60,1528,99,245,51,0,1,1026,9,2,0,0
57.952804,0,0,94,60,1528,99,245,51,0,1,1026,9,2,0,0
57.956980,0,0,94,60,1528,99,245,51,0,1,1026,9,2,0,0
57.969607,0,0,94,60,1528,99,245,51,0,1,1026,9,2,0,0
57.973811,0,0,94,60,1528,99,245,51,0,1,1026,9,2,0,0
57.981177,0,0,94,60,1528,99,245,51,0,1,1026,9,2,0,0
57.985276,0,0,94,60,1528,99,245,51,0,1,1026,9,2,0,0
57.989457,0,1,94,60,1528,99,245,51,0,0,1026,9,2,0,0
58.000917,0,1,94,60,1528,99,245,51,0,0,1025,8,2,0,0
58.010470,0,0,94,60,1528,99,245,51,0,0,1025,8,2,0,0
58.015028,0,0,94,60,1528,99,245,51,0,0,1025,8,2,0,0
58.019246,0,1,94,60,1528,99,245,51,0,1,1025,8,2,0,0
58.031572,0,0,94,60,1528,99,245,51,0,1,1025,8,2,0,0
58.033721,0,0,94,60,1528,99,245,51,0,1,1025,8,2,0,0
58.043025,1,1,94,60,1528,99,245,50,0,1,1025,8,2,-1,0
58.047175,0,0,94,60,1528,99,245,50,0,1,1025,8,2,-1,0
58.052205,0,0,94,60,1528,99,245,50,0,1,1025,8,2,-1,0
58.063063,0,0,94,60,1528,99,245,50,0,1,1025,8,2,-1,0
58.072580,0,1,94,60,1528,99,245,50,0,1,1025,8,2,0,0
58.077023,0,0,94,60,1528,99,245,50,0,1,1025,8,2,0,0
58.081198,0,0,94,60,1528,99,245,50,0,1,1025,8,2,0,0
58.093997,0,1,94,60,1528,99,245,50,0,1,1025,9,2,0,0
58.103621,0,0,94,60,1528,99,245,50,0,1,1025,9,2,0,0
58.107757,0,0,94,60,1528,99,245,50,0,1,1025,9,2,0,0
58.111794,0,0,94,60,1528,99,245,50,0,1,1025,9,2,0,0
58.124640,0,1,94,60,1528,99,245,50,0,1,1025,8,2,0,0
58.128815,1,1,94,60,1528,99,245,51,0,1,1025,8,2,-1,0
58.136131,0,0,94,60,1528,99,245,51,0,1,1025,8,2,-1,0
58.140248,0,0,94,60,1528,99,245,51,0,1,1025,8,2,-1,0
58.144308,0,1,94,60,1528,99,245,51,0,1,1024,8,2,-1,0
58.156060,0,0,94,60,1528,99,245,51,0,1,1024,8,2,-1,0
58.165693,0,0,94,60,1528,99,245,51,0,1,1024,8,2,-1,0
58.170207,0,0,94,60,1528,99,245,51,0,1,1024,8,2,-1,0
58.174748,0,1,94,60,1528,99,245,51,0,1,1025,8,2,-1,0
58.187090,0,1,94,60,1528,99,245,51,0,1,1025,8,2,0,0
58.196717,0,0,94,60,1528,99,245,51,0,1,1025,8,2,0,0
58.201268,0,1,94,60,1528,99,245,51,1,1,1025,8,2,0,0
58.205805,0,1,94,60,1528,99,245,51,1,1,1024,9,2,0,0
58.218059,0,0,94,60,1528,99,245,51,1,1,1024,9,2,0,0
58.228417,0,0,94,60,1528,99,245,51,1,1,1024,9,2,0,0
58.234256,0,1,94,60,1528,99,245,51,0,1,1024,9,2,0,0
58.247671,0,0,94,60,1528,99,245,51,0,1,1024,9,2,0,0
58.253316,0,1,94,60,1528,99,245,51,0,1,1024,9,2,-1,0
58.261489,0,1,94,60,1528,99,245,51,1,1,1024,9,2,-1,0
58.267524,1,1,94,60,1527,99,245,51,1,1,1024,8,2,-1,0
58.280054,1,1,94,60,1527,99,245,50,1,1,1024,8,3,0,0
58.289747,0,0,94,60,1527,99,245,50,1,1,1024,8,3,0,0
58.293979,0,0,94,60,1527,99,245,50,1,1,1024,8,3,0,0
58.298196,1,1,94,60,1528,99,245,50,1,1,1024,8,2,0,0
58.311247,0,1,94,60,1528,99,245,50,1,1,1024,8,2,-1,0
58.320976,0,1,94,60,1528,99,245,50,0,1,1024,8,2,-1,0
58.325888,1,1,94,60,1527,99,245,50,0,1,1024,9,2,-1,0
58.330410,1,1,94,60,1527,99,245,51,0,1,1024,9,2,0,0
58.594341,1,1,94,60,1528,99,245,51,0,1,1023,8,2,0,0
58.603233,0,0,94,60,1528,99,245,51,0,1,1023,8,2,0,0
58.609084,0,0,94,60,1528,99,245,51,0,1,1023,8,2,0,0
58.622725,0,1,94,60,1528,99,245,51,0,1,1024,8,2,0,0
58.633598,0,1,94,60,1528,99,245,51,0,1,1024,9,2,0,0
58.637885,0,0,94,60,1528,99,245,51,0,1,1024,9,2,0,0
58.651069,0,0,94,60,1528,99,245,51,0,1,1024,9,2,0,0
58.655231,0,1,94,60,1528,99,245,51,0,1,1023,9,2,0,0
58.663611,0,0,94,60,1528,99,245,51,0,1,1023,9,2,0,0
58.667854,0,0,94,60,1528,99,245,51,0,1,1023,9,2,0,0
58.671967,0,0,94,60,1528,99,245,51,0,1,1023,9,2,0,0
58.683472,0,0,94,60,1528,99,245,51,0,1,1023,9,2,0,0
58.693289,0,0,94,60,1528,99,245,51,0,1,1023,9,2,0,0
58.697392,0,0,94,60,1528,99,245,51,0,1,1023,9,2,0,0
58.701586,0,0,94,60,1528,99,245,51,0,1,1023,9,2,0,0
58.714096,0,1,94,60,1528,99,245,51,1,1,1023,9,2,0,0
58.718189,0,0,94,60,1528,99,245,51,1,1,1023,9,2,0,0
58.725272,0,0,94,60,1528,99,245,51,1,1,1023,9,2,0,0
58.729362,0,0,94,60,1528,99,245,51,1,1,1023,9,2,0,0
58.733385,0,1,94,60,1528,99,245,51,0,1,1023,9,2,0,0
58.745505,0,1,94,60,1528,99,245,51,0,0,1023,8,2,0,0
58.747406,1,0,94,60,1528,100,245,51,0,0,1023,8,2,0,0
58.756265,0,1,94,60,1528,100,245,51,0,0,1023,8,2,-1,0
58.760357,0,0,94,60,1528,100,245,51,0,0,1023,8,2,-1,0
58.764375,0,1,94,60,1528,100,245,51,0,1,1023,8,2,-1,0
58.776157,0,1,94,60,1528,100,245,51,0,1,1022,8,2,-1,0
58.780284,1,1,94,60,1528,98,245,51,0,1,1022,8,2,0,0
58.787689,0,0,94,60,1528,98,245,51,0,1,1022,8,2,0,0
58.791813,0,0,94,60,1528,98,245,51,0,1,1022,8,2,0,0
58.795961,0,0,94,60,1528,98,245,51,0,1,1022,8,2,0,0
58.807840,0,1,94,60,1528,98,245,51,0,1,1023,9,2,0,0
58.817251,1,0,94,60,1528,99,245,51,0,1,1023,9,2,0,0
58.821425,0,0,94,60,1528,99,245,51,0,1,1023,9,2,0,0
58.825567,0,0,94,60,1528,99,245,51,0,1,1023,9,2,0,0
58.838156,0,0,94,60,1528,99,245,51,0,1,1023,9,2,0,0
58.848148,0,0,94,60,1528,99,245,51,0,1,1023,9,2,0,0
58.852371,0,0,94,60,1528,99,245,51,0,1,1023,9,2,0,0
58.856897,0,0,94,60,1528,99,245,51,0,1,1023,9,2,0,0
58.869646,0,0,94,60,1528,99,245,51,0,1,1023,9,2,0,0
58.879454,0,0,94,60,1528,99,245,51,0,1,1023,9,2,0,0
58.883953,0,1,94,60,1528,99,245,51,1,1,1023,9,2,0,0
58.888482,0,1,94,60,1528,99,245,51,1,0,1023,9,2,0,0
58.900169,0,1,94,60,1528,99,245,51,1,0,1023,8,2,0,0
58.910529,0,0,94,60,1528,99,245,51,1,0,1023,8,2,0,0
58.916486,0,1,94,60,1528,99,245,51,0,0,1023,8,2,0,0
58.931431,0,0,94,60,1528,99,245,51,0,0,1023,8,2,0,0
58.941786,0,0,94,60,1528,99,245,51,0,0,1023,8,2,0,0
58.947269,0,0,94,60,1528,99,245,51,0,0,1023,8,2,0,0
58.961475,0,1,94,60,1528,99,245,51,0,0,1023,9,2,0,0
58.972842,0,0,94,60,1528,99,245,51,0,0,1023,9,2,0,0
58.978631,0,1,94,60,1528,99,245,51,0,1,1023,9,2,0,0
58.993564,0,0,94,60,1528,99,245,51,0,1,1023,9,2,0,0
59.004760,0,0,94,60,1528,99,245,51,0,1,1023,9,2,0,0
59.010298,0,0,94,60,1528,99,245,51,0,1,1023,9,2,0,0
59.023768,0,0,94,60,1528,99,245,51,0,1,1023,9,2,0,0
59.028689,0,0,94,60,1528,99,245,51,0,1,1023,9,2,0,0
59.035471,0,0,94,60,1528,99,245,51,0,1,1023,9,2,0,0
59.040113,0,0,94,60,1528,99,245,51,0,1,1023,9,2,0,0
59.054089,0,0,94,60,1528,99,245,51,0,1,1023,9,2,0,0
59.314904,1,1,94,60,1528,99,245,50,1,1,1023,9,2,0,0
59.318953,0,0,94,60,1528,99,245,50,1,1,1023,9,2,0,0
59.323014,0,0,94,60,1528,99,245,50,1,1,1023,9,2,0,0
59.334457,0,1,94,60,1528,99,245,50,0,1,1023,9,2,0,0
59.338473,1,1,94,60,1527,99,245,50,0,0,1022,9,2,0,0
59.346303,0,1,94,60,1527,99,245,50,0,0,1022,9,3,0,0
59.350432,1,0,94,60,1527,99,245,51,0,0,1022,9,3,0,0
59.354474,0,0,94,60,1527,99,245,51,0,0,1022,9,3,0,0
59.365837,0,0,94,60,1527,99,245,51,0,0,1022,9,3,0,0
59.369907,0,0,94,60,1527,99,245,51,0,0,1022,9,3,0,0
59.376949,0,0,94,60,1527,99,245,51,0,0,1022,9,3,0,0
59.381103,0,0,94,60,1527,99,245,51,0,0,1022,9,3,0,0
59.385173,0,0,94,60,1527,99,245,51,0,0,1022,9,3,0,0
59.396562,0,0,94,60,1527,99,245,51,0,0,1022,9,3,0,0
59.400700,0,0,94,60,1527,99,245,51,0,0,1022,9,3,0,0
59.408513,0,0,94,60,1527,99,245,51,0,0,1022,9,3,0,0
59.412744,0,0,94,60,1527,99,245,51,0,0,1022,9,3,0,0
59.416944,0,1,94,60,1527,99,245,51,0,1,1022,9,3,0,0
59.427841,1,1,94,60,1531,99,245,51,0,1,1035,9,3,0,0
59.432018,0,0,94,60,1531,99,245,51,0,1,1035,9,3,0,0
59.439613,0,0,94,60,1531,99,245,51,0,1,1035,9,3,0,0
59.443788,0,0,94,60,1531,99,245,51,0,1,1035,9,3,0,0
59.457437,0,1,94,60,1531,99,245,51,0,0,1035,9,3,0,0
59.461564,1,1,94,60,1528,99,245,51,0,0,1025,9,2,0,0
59.469934,0,0,94,60,1528,99,245,51,0,0,1025,9,2,0,0
59.474826,0,0,94,60,1528,99,245,51,0,0,1025,9,2,0,0
59.488826,0,1,94,60,1528,99,245,51,1,1,1023,9,2,0,0
59.493574,1,0,94,60,1528,100,245,51,1,1,1023,9,2,0,0
59.501145,0,0,94,60,1528,100,245,51,1,1,1023,9,2,0,0
59.506032,0,0,94,60,1528,100,245,51,1,1,1023,9,2,0,0
59.520988,0,1,94,60,1528,100,245,51,1,0,1022,9,2,0,0
59.532327,1,0,94,60,1528,98,245,51,1,0,1022,9,2,0,0
59.538178,0,1,94,60,1528,98,245,51,0,1,1022,9,2,0,0
59.552206,0,1,94,60,1528,98,245,51,0,1,1021,9,2,0,0
59.562925,0,0,94,60,1528,98,245,51,0,1,1021,9,2,0,0
59.568774,0,1,94,60,1528,98,245,51,1,1,1021,9,2,0,0
59.582717,0,1,94,60,1528,98,245,51,1,1,1021,8,2,0,0
59.592969,0,0,94,60,1528,98,245,51,1,1,1021,8,2,0,0
59.598788,0,1,94,60,1528,98,245,51,0,1,1021,8,2,0,0
59.612805,0,1,94,60,1528,98,245,51,0,1,1020,8,2,0,0
59.616484,0,0,94,60,1528,98,245,51,0,1,1020,8,2,0,0
59.626741,0,0,94,60,1528,98,245,51,0,1,1020,8,2,0,0
59.632543,0,0,94,60,1528,98,245,51,0,1,1020,8,2,0,0
59.646215,0,0,94,60,1528,98,245,51,0,1,1020,8,2,0,0
59.656309,0,0,94,60,1528,98,245,51,0,1,1020,8,2,0,0
59.661469,0,0,94,60,1528,98,245,51,0,1,1020,8,2,0,0
59.674808,0,0,94,60,1528,98,245,51,0,1,1020,8,2,0,0
59.679849,0,0,94,60,1528,98,245,51,0,1,1020,8,2,0,0
59.686879,0,0,94,60,1528,98,245,51,0,1,1020,8,2,0,0
59.691782,1,1,94,60,1527,98,245,51,0,1,1019,8,2,0,0
59.696274,0,0,94,60,1527,98,245,51,0,1,1019,8,2,0,0
59.707466,0,0,94,60,1527,98,245,51,0,1,1019,8,2,0,0
59.717120,0,0,94,60,1527,98,245,51,0,1,1019,8,2,0,0
59.721635,1,0,94,60,1528,98,245,51,0,1,1019,8,2,0,0
59.725819,0,1,94,60,1528,98,245,51,0,1,1019,9,2,0,0
59.738502,0,0,94,60,1528,98,245,51,0,1,1019,9,2,0,0
59.747899,0,0,94,60,1528,98,245,51,0,1,1019,9,2,0,0
59.752425,0,1,94,60,1528,98,245,51,0,0,1019,9,2,0,0
59.756573,0,1,94,60,1528,98,245,51,0,0,1019,8,2,0,0
59.768866,0,0,94,60,1528,98,245,51,0,0,1019,8,2,0,0
59.772944,0,0,94,60,1528,98,245,51,0,0,1019,8,2,0,0
59.780403,0,1,94,60,1528,98,245,51,0,1,1019,8,2,0,0
59.784925,1,1,94,60,1527,98,245,51,0,1,1019,9,2,0,0
59.789138,0,0,94,60,1527,98,245,51,0,1,1019,9,2,0,0
59.800325,0,0,94,60,1527,98,245,51,0,1,1019,9,2,0,0
59.810076,0,1,94,60,1527,98,245,51,0,0,1019,9,2,0,0
59.814223,1,1,94,60,1528,98,245,51,0,0,1018,9,2,0,0
59.819094,0,0,94,60,1528,98,245,51,0,0,1018,9,2,0,0
59.831228,0,0,94,60,1528,98,245,51,0,0,1018,9,2,0,0
59.840844,0,0,94,60,1528,98,245,51,0,0,1018,9,2,0,0
59.844956,0,0,94,60,1528,98,245,51,0,0,1018,9,2,0,0
59.849162,0,0,94,60,1528,98,245,51,0,0,1018,9,2,0,0
59.862284,0,0,94,60,1528,98,245,51,0,0,1018,9,2,0,0
59.871872,0,0,94,60,1528,98,245,51,0,0,1018,9,2,0,0
59.876036,1,1,94,60,1527,98,245,51,0,0,1019,8,2,0,0
59.880289,0,0,94,60,1527,98,245,51,0,0,1019,8,2,0,0
59.893240,0,0,94,60,1527,98,245,51,0,0,1019,8,2,0,0
59.903111,0,1,94,60,1527,98,245,51,0,1,1019,8,2,0,0
59.907256,1,0,94,60,1528,98,245,51,0,1,1019,8,2,0,0
59.911393,0,0,94,60,1528,98,245,51,0,1,1019,8,2,0,0
60.182495,1,1,94,60,1540,98,245,51,0,0,1367,8,3,-1,414
60.187631,0,0,94,60,1540,98,245,51,0,0,1367,8,3,-1,414
60.192595,1,1,94,60,1538,98,245,51,0,0,1343,8,3,-1,0
60.203173,0,1,94,60,1538,98,245,51,0,0,1343,9,3,-1,0
60.207231,0,0,94,60,1538,98,245,51,0,0,1343,9,3,-1,0
60.214322,0,0,94,60,1538,98,245,51,0,0,1343,9,3,-1,0
60.218798,0,0,94,60,1538,98,245,51,0,0,1343,9,3,-1,0
60.223319,1,1,94,60,1536,98,245,51,0,0,1352,8,3,-1,425
60.234203,0,0,94,60,1536,98,245,51,0,0,1352,8,3,-1,425
60.238404,0,0,94,60,1536,98,245,51,0,0,1352,8,3,-1,425
60.245450,0,0,94,60,1536,98,245,51,0,0,1352,8,3,-1,425
60.249593,0,0,94,60,1536,98,245,51,0,0,1352,8,3,-1,425
60.254521,1,1,94,60,1540,99,245,51,0,0,1397,8,3,-1,330
60.265584,0,0,94,60,1540,99,245,51,0,0,1397,8,3,-1,330
60.275448,0,0,94,60,1540,99,245,51,0,0,1397,8,3,-1,330
60.280307,0,0,94,60,1540,99,245,51,0,0,1397,8,3,-1,330
60.284484,0,1,94,60,1540,99,245,51,0,0,1394,8,3,-1,329
60.296542,0,0,94,60,1540,99,245,51,0,0,1394,8,3,-1,329
60.306717,0,0,94,60,1540,99,245,51,0,0,1394,8,3,-1,329
60.312351,0,0,94,60,1540,99,245,51,0,0,1394,8,3,-1,330
60.316659,0,1,94,60,1540,99,245,51,0,0,1392,8,4,-1,330
60.327523,0,0,94,60,1540,99,245,51,0,0,1392,8,4,-1,330
60.331755,0,0,94,60,1540,99,245,51,0,0,1392,8,4,-1,330
60.338733,0,0,94,60,1540,99,245,51,0,0,1392,8,4,-1,330
60.343046,0,0,94,60,1540,99,245,51,0,0,1392,8,4,-1,325
60.347200,0,1,94,60,1540,99,245,51,0,0,1390,8,3,-1,325
60.358604,0,0,94,60,1540,99,245,51,0,0,1390,8,3,-1,325
60.368427,0,0,94,60,1540,99,245,51,0,0,1390,8,3,-1,325
60.372932,0,0,94,60,1540,99,245,51,0,0,1390,8,3,-1,325
60.377486,0,0,94,60,1540,99,245,51,0,0,1390,8,3,-1,330
60.389669,0,0,94,60,1540,99,245,51,0,0,1390,8,3,-1,330
60.399150,0,0,94,60,1540,99,245,51,0,0,1390,8,3,-1,330
60.403330,0,0,94,60,1540,99,245,51,0,0,1390,8,3,-1,325
60.408165,0,1,94,60,1540,99,245,51,0,0,1388,8,3,-1,325
60.419350,0,1,94,60,1540,99,245,51,0,0,1388,8,3,-2,325
60.423867,0,0,94,60,1540,99,245,51,0,0,1388,8,3,-2,325
60.431511,0,0,94,60,1540,99,245,51,0,0,1388,8,3,-2,325
60.435723,0,0,94,60,1540,99,245,51,0,0,1388,8,3,-2,331
60.440594,0,1,94,60,1540,99,245,51,0,0,1388,8,3,-1,331
60.451347,0,0,94,60,1540,99,245,51,0,0,1388,8,3,-1,331
60.461491,0,0,94,60,1540,99,245,51,0,0,1388,8,3,-1,331
60.466056,0,0,94,60,1540,99,245,51,0,0,1388,8,3,-1,331
60.470243,0,1,94,60,1540,99,245,51,0,0,1388,8,2,-1,331
60.482718,0,0,94,60,1540,99,245,51,0,0,1388,8,2,-1,331
60.492291,0,0,94,60,1540,99,245,51,0,0,1388,8,2,-1,331
60.497253,0,1,94,60,1540,99,245,51,0,0,1386,9,2,-1,329
60.501483,0,1,94,60,1540,99,245,51,0,0,1386,9,3,-1,329
60.513758,0,0,94,60,1540,99,245,51,0,0,1386,9,3,-1,329
60.523399,0,0,94,60,1540,99,245,51,0,0,1386,9,3,-1,329
60.527993,0,1,94,60,1540,99,245,51,0,0,1386,8,3,-1,326
60.532182,0,1,94,60,1540,99,245,51,0,0,1386,8,3,-2,326
60.544700,0,0,94,60,1540,99,245,51,0,0,1386,8,3,-2,326
60.548830,0,0,94,60,1540,99,245,51,0,0,1386,8,3,-2,330
60.556059,0,1,94,60,1540,99,245,51,0,0,1385,8,3,-2,330
60.560269,1,1,94,60,1540,99,245,50,0,0,1385,8,4,-1,330
60.564391,0,0,94,60,1540,99,245,50,0,0,1385,8,4,-1,330
60.575340,0,0,94,60,1540,99,245,50,0,0,1385,8,4,-1,330
60.579449,0,0,94,60,1540,99,245,50,0,0,1385,8,4,-1,330
60.586595,0,0,94,60,1540,99,245,50,0,0,1385,8,4,-1,329
60.590778,0,0,94,60,1540,99,245,50,0,0,1385,8,4,-1,329
60.595142,0,0,94,60,1540,99,245,50,0,0,1385,8,4,-1,329
60.607048,0,0,94,60,1540,99,245,50,0,0,1385,8,4,-1,329
60.616369,0,0,94,60,1540,99,245,50,0,0,1385,8,4,-1,330
60.620508,1,1,94,60,1540,99,245,51,0,0,1385,8,3,-1,330
60.624684,0,0,94,60,1540,99,245,51,0,0,1385,8,3,-1,330
60.637446,0,0,94,60,1540,99,245,51,0,0,1385,8,3,-1,330
60.641590,0,0,94,60,1540,99,245,51,0,0,1385,8,3,-1,329
60.648851,0,1,94,60,1540,99,245,51,0,0,1384,8,3,-1,329
60.652944,0,0,94,60,1540,99,245,51,0,0,1384,8,3,-1,329
60.657101,0,0,94,60,1540,99,245,51,0,0,1384,8,3,-1,329
60.668458,0,0,94,60,1540,99,245,51,0,0,1384,8,3,-1,329
60.672500,0,1,94,60,1540,99,245,51,0,0,1383,8,3,-1,329
60.679625,0,0,94,60,1540,99,245,51,0,0,1383,8,3,-1,329
60.683734,0,0,94,60,1540,99,245,51,0,0,1383,8,3,-1,329
60.687771,0,0,94,60,1540,99,245,51,0,0,1383,8,3,-1,329
60.699494,0,0,94,60,1540,99,245,51,0,0,1383,8,3,-1,329
60.703681,0,0,94,60,1540,99,245,51,0,0,1383,8,3,-1,326
60.711425,0,0,94,60,1540,99,245,51,0,0,1383,8,3,-1,326
60.979359,1,1,94,60,1529,99,245,50,0,0,1119,9,2,0,0
60.988744,0,0,94,60,1529,99,245,50,0,0,1119,9,2,0,0
60.993267,0,0,94,60,1529,99,245,50,0,0,1119,9,2,0,0
60.997776,0,0,94,60,1529,99,245,50,0,0,1119,9,2,0,0
61.010317,1,0,94,60,1529,99,245,51,0,0,1119,9,2,0,0
61.020018,0,0,94,60,1529,99,245,51,0,0,1119,9,2,0,0
61.024540,0,1,94,60,1529,99,245,51,0,1,1119,9,2,0,0
61.029084,1,0,94,60,1528,99,245,51,0,1,1119,9,2,0,0
61.040711,0,0,94,60,1528,99,245,51,0,1,1119,9,2,0,0
61.050797,0,0,94,60,1528,99,245,51,0,1,1119,9,2,0,0
61.055728,0,1,94,60,1528,99,245,51,0,0,1119,9,2,0,0
61.059861,1,0,94,60,1529,99,245,51,0,0,1119,9,2,0,0
61.071745,0,0,94,60,1529,99,245,51,0,0,1119,9,2,0,0
61.075891,0,0,94,60,1529,99,245,51,0,0,1119,9,2,0,0
61.082987,0,0,94,60,1529,99,245,51,0,0,1119,9,2,0,0
61.087202,1,0,94,60,1528,99,245,51,0,0,1119,9,2,0,0
61.093869,0,0,94,60,1528,99,245,51,0,0,1119,9,2,0,0
61.103217,0,0,94,60,1528,99,245,51,0,0,1119,9,2,0,0
61.112989,0,0,94,60,1528,99,245,51,0,0,1119,9,2,0,0
61.117158,0,0,94,60,1528,99,245,51,0,0,1119,9,2,0,0
61.121342,0,1,94,60,1528,99,245,51,0,0,1119,9,3,0,0
61.133825,0,0,94,60,1528,99,245,51,0,0,1119,9,3,0,0
61.136728,0,0,94,60,1528,99,245,51,0,0,1119,9,3,0,0
61.145671,0,0,94,60,1528,99,245,51,0,0,1119,9,3,0,0
61.149802,0,1,94,60,1528,99,245,51,0,0,1119,9,2,0,0
61.154279,0,0,94,60,1528,99,245,51,0,0,1119,9,2,0,0
61.164969,0,0,94,60,1528,99,245,51,0,0,1119,9,2,0,0
61.169122,0,0,94,60,1528,99,245,51,0,0,1119,9,2,0,0
61.176829,0,0,94,60,1528,99,245,51,0,0,1119,9,2,0,0
61.180923,1,1,94,60,1531,99,245,51,0,0,1118,9,3,0,0
61.185013,0,0,94,60,1531,99,245,51,0,0,1118,9,3,0,0
61.196227,0,0,94,60,1531,99,245,51,0,0,1118,9,3,0,0
61.205982,0,0,94,60,1531,99,245,51,0,0,1118,9,3,0,0
61.210138,0,0,94,60,1531,99,245,51,0,0,1118,9,3,0,0
61.214743,0,0,94,60,1531,99,245,51,0,0,1118,9,3,0,0
61.226802,0,0,94,60,1531,99,245,51,0,0,1118,9,3,0,0
61.230826,0,0,94,60,1531,99,245,51,0,0,1118,9,3,0,0
61.237902,0,0,94,60,1531,99,245,51,0,0,1118,9,3,0,0
61.241957,0,0,94,60,1531,99,245,51,0,0,1118,9,3,0,0
61.245989,0,0,94,60,1531,99,245,51,0,0,1118,9,3,0,0
61.258573,0,0,94,60,1531,99,245,51,0,0,1118,9,3,0,0
61.267922,0,0,94,60,1531,99,245,51,0,0,1118,9,3,0,0
61.272048,0,1,94,60,1531,99,245,51,0,0,1118,9,2,0,0
61.276191,0,0,94,60,1531,99,245,51,0,0,1118,9,2,0,0
61.290021,0,0,94,60,1531,99,245,51,0,0,1118,9,2,0,0
61.300033,0,0,94,60,1531,99,245,51,0,0,1118,9,2,0,0
61.304947,0,0,94,60,1531,99,245,51,0,0,1118,9,2,0,0
61.309447,0,0,94,60,1531,99,245,51,0,0,1118,9,2,0,0
61.320421,0,0,94,60,1531,99,245,51,0,0,1118,9,2,0,0
61.329933,1,0,94,60,1529,99,245,51,0,0,1118,9,2,0,0
61.334764,0,0,94,60,1529,99,245,51,0,0,1118,9,2,0,0
61.339577,0,0,94,60,1529,99,245,51,0,0,1118,9,2,0,0
61.350992,0,0,94,60,1529,99,245,51,0,0,1118,9,2,0,0
61.360893,0,0,94,60,1529,99,245,51,0,0,1118,9,2,0,0
61.365029,0,0,94,60,1529,99,245,51,0,0,1118,9,2,0,0
61.369569,0,0,94,60,1529,99,245,51,0,0,1118,9,2,0,0
61.382349,0,0,94,60,1529,99,245,51,0,0,1118,9,2,0,0
61.392121,0,1,94,60,1529,99,245,51,0,0,1118,8,2,0,0
61.396662,0,0,94,60,1529,99,245,51,0,0,1118,8,2,0,0
61.400822,0,0,94,60,1529,99,245,51,0,0,1118,8,2,0,0
61.413335,0,0,94,60,1529,99,245,51,0,0,1118,8,2,0,0
61.422906,0,0,94,60,1529,99,245,51,0,0,1118,8,2,0,0
61.427047,0,0,94,60,1529,99,245,51,0,0,1118,8,2,0,0
61.431212,0,0,94,60,1529,99,245,51,0,0,1118,8,2,0,0
61.444304,0,0,94,60,1529,99,245,51,0,0,1118,8,2,0,0
61.704562,0,1,94,60,1529,99,245,51,0,0,1117,9,2,0,0
61.710469,0,1,94,60,1529,99,245,51,0,0,1118,9,2,0,0
61.724596,0,0,94,60,1529,99,245,51,0,0,1118,9,2,0,0
61.734898,0,0,94,60,1529,99,245,51,0,0,1118,9,2,0,0
61.740642,0,1,94,60,1529,99,245,51,0,0,1117,9,2,0,0
61.754293,0,0,94,60,1529,99,245,51,0,0,1117,9,2,0,0
61.764452,0,0,94,60,1529,99,245,51,0,0,1117,9,2,0,0
61.768983,0,1,94,60,1529,99,245,51,0,1,1117,9,2,0,0
61.773499,0,0,94,60,1529,99,245,51,0,1,1117,9,2,0,0
61.785281,0,0,94,60,1529,99,245,51,0,1,1117,9,2,0,0
61.789479,0,0,94,60,1529,99,245,51,0,1,1117,9,2,0,0
61.796427,0,1,94,60,1529,99,245,51,0,0,1117,9,2,0,0
61.800449,0,1,94,60,1529,99,245,51,0,0,1117,8,2,0,0
61.804522,1,0,94,60,1529,99,245,50,0,0,1117,8,2,0,0
61.816414,0,0,94,60,1529,99,245,50,0,0,1117,8,2,0,0
61.826314,0,0,94,60,1529,99,245,50,0,0,1117,8,2,0,0
61.831243,0,1,94,60,1529,99,245,50,0,1,1117,8,2,0,0
61.835741,0,0,94,60,1529,99,245,50,0,1,1117,8,2,0,0
61.847600,0,0,94,60,1529,99,245,50,0,1,1117,8,2,0,0
61.851684,0,0,94,60,1529,99,245,50,0,1,1117,8,2,0,0
61.858873,0,1,94,60,1529,99,245,50,0,1,1117,9,2,0,0
61.861090,0,0,94,60,1529,99,245,50,0,1,1117,9,2,0,0
61.865570,0,0,94,60,1529,99,245,50,0,1,1117,9,2,0,0
61.878310,0,0,94,60,1529,99,245,50,0,1,1117,9,2,0,0
61.882392,0,0,94,60,1529,99,245,50,0,1,1117,9,2,0,0
61.889476,0,1,94,60,1529,99,245,50,0,1,1117,8,2,0,0
61.893577,0,1,94,60,1529,99,245,50,0,1,1117,8,3,0,0
61.897689,0,0,94,60,1529,99,245,50,0,1,1117,8,3,0,0
61.909281,0,0,94,60,1529,99,245,50,0,1,1117,8,3,0,0
61.913777,0,0,94,60,1529,99,245,50,0,1,1117,8,3,0,0
61.920716,0,1,94,60,1529,99,245,50,0,1,1117,9,3,0,0
61.925219,0,0,94,60,1529,99,245,50,0,1,1117,9,3,0,0
61.930073,0,0,94,60,1529,99,245,50,0,1,1117,9,3,0,0
61.941404,0,0,94,60,1529,99,245,50,0,1,1117,9,3,0,0
61.951199,0,1,94,60,1529,99,245,50,0,1,1118,9,3,0,0
61.956088,1,0,94,60,1529,100,245,50,0,1,1118,9,3,0,0
61.960237,0,0,94,60,1529,100,245,50,0,1,1118,9,3,0,0
61.971731,0,0,94,60,1529,100,245,50,0,1,1118,9,3,0,0
61.981303,1,1,94,60,1529,98,245,50,0,1,1118,9,2,0,0
61.986232,1,0,94,60,1529,98,245,51,0,1,1118,9,2,0,0
61.990757,0,0,94,60,1529,98,245,51,0,1,1118,9,2,0,0
62.003324,0,0,94,60,1529,98,245,51,0,1,1118,9,2,0,0
62.013883,0,1,94,60,1529,98,245,51,0,1,1117,9,2,0,0
62.018611,1,0,94,60,1529,98,245,50,0,1,1117,9,2,0,0
62.032183,0,0,94,60,1529,98,245,50,0,1,1117,9,2,0,0
62.037087,0,0,94,60,1529,98,245,50,0,1,1117,9,2,0,0
62.045609,0,0,94,60,1529,98,245,50,0,1,1117,9,2,0,0
62.050116,0,0,94,60,1529,98,245,50,0,1,1117,9,2,0,0
62.063300,0,0,94,60,1529,98,245,50,0,1,1117,9,2,0,0
62.067408,0,0,94,60,1529,98,245,50,0,1,1117,9,2,0,0
62.075930,0,0,94,60,1529,98,245,50,0,1,1117,9,2,0,0
62.080133,0,0,94,60,1529,98,245,50,0,1,1117,9,2,0,0
62.084422,0,0,94,60,1529,98,245,50,0,1,1117,9,2,0,0
62.095824,0,1,94,60,1529,98,245,50,0,1,1117,8,2,0,0
62.105364,1,0,94,60,1529,99,245,51,0,1,1117,8,2,0,0
62.109925,0,0,94,60,1529,99,245,51,0,1,1117,8,2,0,0
62.114181,0,0,94,60,1529,99,245,51,0,1,1117,8,2,0,0
62.126811,0,1,94,60,1529,99,245,51,0,1,1118,9,2,0,0
62.136746,0,0,94,60,1529,99,245,51,0,1,1118,9,2,0,0
62.141622,0,0,94,60,1529,99,245,51,0,1,1118,9,2,0,0
62.145769,0,0,94,60,1529,99,245,51,0,1,1118,9,2,0,0
62.158111,0,1,94,60,1529,99,245,51,0,1,1117,9,2,0,0
62.422360,0,0,94,60,1529,99,245,51,0,1,1117,9,2,0,0
62.435586,1,0,94,60,1529,99,245,50,0,1,1117,9,2,0,0
62.439769,0,0,94,60,1529,99,245,50,0,1,1117,9,2,0,0
62.448220,0,0,94,60,1529,99,245,50,0,1,1117,9,2,0,0
62.452360,0,1,94,60,1529,99,245,50,0,1,1117,9,3,0,0
62.457411,0,0,94,60,1529,99,245,50,0,1,1117,9,3,0,0
62.468335,0,0,94,60,1529,99,245,50,0,1,1117,9,3,0,0
62.477672,0,0,94,60,1529,99,245,50,0,1,1117,9,3,0,0
62.482172,0,0,94,60,1529,99,245,50,0,1,1117,9,3,0,0
62.486648,1,0,94,60,1529,99,245,51,0,1,1117,9,3,0,0
62.499088,0,0,94,60,1529,99,245,51,0,1,1117,9,3,0,0
62.508975,0,0,94,60,1529,99,245,51,0,1,1117,9,3,0,0
62.513115,0,0,94,60,1529,99,245,51,0,1,1117,9,3,0,0
62.517647,0,0,94,60,1529,99,245,51,0,1,1117,9,3,0,0
62.529725,0,0,94,60,1529,99,245,51,0,1,1117,9,3,0,0
62.533807,0,0,94,60,1529,99,245,51,0,1,1117,9,3,0,0
62.541183,0,1,94,60,1529,99,245,51,0,1,1117,9,2,0,0
62.545345,0,0,94,60,1529,99,245,51,0,1,1117,9,2,0,0
62.549404,0,0,94,60,1529,99,245,51,0,1,1117,9,2,0,0
62.560751,0,0,94,60,1529,99,245,51,0,1,1117,9,2,0,0
62.565268,0,0,94,60,1529,99,245,51,0,1,1117,9,2,0,0
62.572349,0,0,94,60,1529,99,245,51,0,1,1117,9,2,0,0
62.576556,0,0,94,60,1529,99,245,51,0,1,1117,9,2,0,0
62.579107,0,0,94,60,1529,99,245,51,0,1,1117,9,2,0,0
62.592066,0,0,94,60,1529,99,245,51,0,1,1117,9,2,0,0
62.602012,0,1,94,60,1529,99,245,51,0,1,1117,9,3,0,0
62.606251,0,0,94,60,1529,99,245,51,0,1,1117,9,3,0,0
62.610770,0,0,94,60,1529,99,245,51,0,1,1117,9,3,0,0
62.622784,0,0,94,60,1529,99,245,51,0,1,1117,9,3,0,0
62.626950,0,0,94,60,1529,99,245,51,0,1,1117,9,3,0,0
62.634422,0,0,94,60,1529,99,245,51,0,1,1117,9,3,0,0
62.638597,0,0,94,60,1529,99,245,51,0,1,1117,9,3,0,0
62.643158,0,0,94,60,1529,99,245,51,0,1,1117,9,3,0,0
62.654837,0,0,94,60,1529,99,245,51,0,1,1117,9,3,0,0
62.664349,0,1,94,60,1529,99,245,51,0,1,1117,9,2,0,0
62.668512,0,0,94,60,1529,99,245,51,0,1,1117,9,2,0,0
62.672928,0,0,94,60,1529,99,245,51,0,1,1117,9,2,0,0
62.685139,0,1,94,60,1529,99,245,51,0,0,1117,9,2,0,0
62.694979,0,0,94,60,1529,99,245,51,0,0,1117,9,2,0,0
62.699259,0,0,94,60,1529,99,245,51,0,0,1117,9,2,0,0
62.703498,0,0,94,60,1529,99,245,51,0,0,1117,9,2,0,0
62.716250,0,1,94,60,1529,99,245,51,0,1,1117,9,2,0,0
62.725811,0,0,94,60,1529,99,245,51,0,1,1117,9,2,0,0
62.730635,0,0,94,60,1529,99,245,51,0,1,1117,9,2,0,0
62.734778,0,0,94,60,1529,99,245,51,0,1,1117,9,2,0,0
62.746857,0,0,94,60,1529,99,245,51,0,1,1117,9,2,0,0
62.751359,0,1,94,60,1529,99,245,51,0,1,1117,9,3,0,0
62.758448,0,0,94,60,1529,99,245,51,0,1,1117,9,3,0,0
62.763319,0,0,94,60,1529,99,245,51,0,1,1117,9,3,0,0
62.776711,0,1,94,60,1529,99,245,51,0,0,1117,9,3,0,0
62.780883,0,1,94,60,1529,99,245,51,0,0,1118,9,3,0,0
62.789318,0,0,94,60,1529,99,245,51,0,0,1118,9,3,0,0
62.793529,0,0,94,60,1529,99,245,51,0,0,1118,9,3,0,0
62.798065,0,1,94,60,1529,99,245,51,0,1,1118,9,3,0,0
62.808924,0,0,94,60,1529,99,245,51,0,1,1118,9,3,0,0
62.813141,0,1,94,60,1529,99,245,51,0,1,1118,9,2,0,0
62.820921,1,0,94,60,1529,99,245,50,0,1,1118,9,2,0,0
62.825351,0,0,94,60,1529,99,245,50,0,1,1118,9,2,0,0
62.838705,0,1,94,60,1529,99,245,50,0,1,1117,9,2,0,0
62.843213,0,1,94,60,1529,99,245,50,0,1,1117,9,3,0,0
62.851561,0,0,94,60,1529,99,245,50,0,1,1117,9,3,0,0
62.855777,0,0,94,60,1529,99,245,50,0,1,1117,9,3,0,0
62.860605,0,1,94,60,1529,99,245,50,0,1,1118,9,3,0,0
62.871595,0,0,94,60,1529,99,245,50,0,1,1118,9,3,0,0
62.881256,0,0,94,60,1529,99,245,50,0,1,1118,9,3,0,0
63.137523,1,1,94,59,1533,99,245,51,0,0,1276,8,3,0,465
63.150116,0,0,94,59,1533,99,245,51,0,0,1276,8,3,0,465
63.154704,0,0,94,59,1533,99,245,51,0,0,1276,8,3,0,465
63.161931,0,0,94,59,1533,99,245,51,0,0,1276,8,3,0,0
63.166062,1,1,94,59,1540,99,245,51,0,0,1363,8,4,0,0
63.170166,0,0,94,59,1540,99,245,51,0,0,1363,8,4,0,0
63.181420,0,0,94,59,1540,99,245,51,0,0,1363,8,4,0,0
63.185422,0,0,94,59,1540,99,245,51,0,0,1363,8,4,0,0
63.192876,0,0,94,59,1540,99,245,51,0,0,1363,8,4,0,0
63.196927,0,0,94,59,1540,99,245,51,0,0,1363,8,4,0,0
63.201054,0,0,94,59,1540,99,245,51,0,0,1363,8,4,0,0
63.212550,0,0,94,59,1540,99,245,51,0,0,1363,8,4,0,0
63.222116,0,1,94,59,1540,99,245,51,0,1,1363,8,4,0,492
63.226691,1,1,94,59,1534,98,245,51,0,1,1318,8,3,0,492
63.230851,0,0,94,59,1534,98,245,51,0,1,1318,8,3,0,492
63.243514,0,0,94,59,1534,98,245,51,0,1,1318,8,3,0,492
63.247748,0,1,94,59,1534,98,245,51,0,0,1318,8,3,0,492
63.255280,1,1,94,59,1540,98,245,51,0,0,1391,8,3,0,303
63.259831,0,1,94,59,1540,98,245,51,0,0,1391,8,3,-1,303
63.273008,1,0,94,59,1540,98,245,50,0,0,1391,8,3,-1,303
63.277904,0,0,94,59,1540,98,245,50,0,0,1391,8,3,-1,303
63.285345,0,0,94,59,1540,98,245,50,0,0,1391,8,3,-1,302
63.289436,0,0,94,59,1540,98,245,50,0,0,1391,8,3,-1,302
63.293605,0,0,94,59,1540,98,245,50,0,0,1391,8,3,-1,302
63.305635,0,0,94,59,1540,98,245,50,0,0,1391,8,3,-1,302
63.315256,0,0,94,59,1540,98,245,50,0,0,1391,8,3,-1,300
63.320223,1,1,94,59,1540,99,245,50,0,0,1390,8,4,-1,300
63.324443,1,0,94,59,1540,99,245,51,0,0,1390,8,4,-1,300
63.336967,0,0,94,59,1540,99,245,51,0,0,1390,8,4,-1,300
63.346644,0,1,94,59,1540,99,245,51,0,0,1389,8,4,-1,305
63.350805,0,1,94,59,1540,99,245,51,0,0,1389,8,3,-1,305
63.354989,0,0,94,59,1540,99,245,51,0,0,1389,8,3,-1,305
63.367739,0,0,94,59,1540,99,245,51,0,0,1389,8,3,-1,305
63.377315,0,0,94,59,1540,99,245,51,0,0,1389,8,3,-1,304
63.381564,0,1,94,59,1540,99,245,51,0,0,1389,9,3,-1,304
63.387412,0,0,94,59,1540,99,245,51,0,0,1389,9,3,-1,304
63.399865,0,0,94,59,1540,99,245,51,0,0,1389,9,3,-1,305
63.410793,0,1,94,59,1540,99,245,51,0,0,1388,9,4,-1,305
63.414409,0,0,94,59,1540,99,245,51,0,0,1388,9,4,-1,305
63.428148,0,0,94,59,1540,99,245,51,0,0,1388,9,4,-1,305
63.433535,0,1,94,59,1540,99,245,51,0,0,1388,8,4,-1,303
63.441108,0,1,94,59,1540,99,245,51,0,0,1388,8,3,-1,303
63.445207,0,0,94,59,1540,99,245,51,0,0,1388,8,3,-1,303
63.449357,0,0,94,59,1540,99,245,51,0,0,1388,8,3,-1,303
63.460735,0,0,94,59,1540,99,245,51,0,0,1388,8,3,-1,305
63.470311,0,1,94,59,1540,99,245,51,0,0,1387,8,3,-1,305
63.474470,0,0,94,59,1540,99,245,51,0,0,1387,8,3,-1,305
63.478963,0,0,94,59,1540,99,245,51,0,0,1387,8,3,-1,305
63.491291,0,0,94,59,1540,99,245,51,0,0,1387,8,3,-1,304
63.501276,0,1,94,59,1540,99,245,51,0,0,1387,8,4,-1,304
63.505794,0,0,94,59,1540,99,245,51,0,0,1387,8,4,-1,304
63.510275,0,0,94,59,1540,99,245,51,0,0,1387,8,4,-1,304
63.523106,0,1,94,59,1540,99,245,51,0,0,1386,8,4,-1,302
63.532718,0,0,94,59,1540,99,245,51,0,0,1386,8,4,-1,302
63.537205,0,0,94,59,1540,99,245,51,0,0,1386,8,4,-1,302
63.542112,0,0,94,59,1540,99,245,51,0,0,1386,8,4,-1,302
63.553907,0,0,94,59,1540,99,245,51,0,0,1386,8,4,-1,302
63.563398,0,1,94,59,1540,99,245,51,0,0,1386,8,3,-1,302
63.568328,0,0,94,59,1540,99,245,51,0,0,1386,8,3,-1,302
63.572590,0,0,94,59,1540,99,245,51,0,0,1386,8,3,-1,302
63.584789,0,0,94,59,1540,99,245,51,0,0,1386,8,3,-1,306
63.594313,0,0,94,59,1540,99,245,51,0,0,1386,8,3,-1,306
63.598487,0,0,94,59,1540,99,245,51,0,0,1386,8,3,-1,306
63.602519,0,0,94,59,1540,99,245,51,0,0,1386,8,3,-1,306
63.615407,1,1,94,59,1540,100,245,51,0,0,1386,8,4,-1,305
63.619946,0,0,94,59,1540,100,245,51,0,0,1386,8,4,-1,305
63.627436,0,0,94,59,1540,100,245,51,0,0,1386,8,4,-1,305
63.631611,0,0,94,59,1540,100,245,51,0,0,1386,8,4,-1,305
63.645349,0,0,94,59,1540,100,245,51,0,0,1386,8,4,-1,304
63.649453,1,1,94,59,1540,98,245,51,0,0,1386,8,3,-1,304
63.657622,0,0,94,59,1540,98,245,51,0,0,1386,8,3,-1,304
63.661778,0,0,94,59,1540,98,245,51,0,0,1386,8,3,-1,304
63.666231,0,1,94,59,1540,98,245,51,0,0,1385,8,3,-1,300
63.677463,0,0,94,59,1540,98,245,51,0,0,1385,8,3,-1,300
63.681667,0,0,94,59,1540,98,245,51,0,0,1385,8,3,-1,300
63.689505,0,0,94,59,1540,98,245,51,0,0,1385,8,3,-1,300
63.693736,0,0,94,59,1540,98,245,51,0,0,1385,8,3,-1,300
63.697832,0,0,94,59,1540,98,245,51,0,0,1385,8,3,-1,303
63.709075,0,0,94,59,1540,98,245,51,0,0,1385,8,3,-1,303
63.973494,1,1,94,59,1531,98,245,51,0,1,1103,9,2,0,0
63.987552,0,0,94,59,1531,98,245,51,0,1,1103,9,2,0,0
63.992119,0,0,94,59,1531,98,245,51,0,1,1103,9,2,0,0
63.999772,0,0,94,59,1531,98,245,51,0,1,1103,9,2,0,0
64.004667,0,0,94,59,1531,98,245,51,0,1,1103,9,2,0,0
64.018394,0,0,94,59,1531,98,245,51,0,1,1103,9,2,0,0
64.022909,1,0,94,59,1529,98,245,51,0,1,1103,9,2,0,0
64.030756,0,1,94,59,1529,98,245,51,0,1,1103,9,3,0,0
64.035011,1,0,94,59,1529,98,245,50,0,1,1103,9,3,0,0
64.048460,0,0,94,59,1529,98,245,50,0,1,1103,9,3,0,0
64.053394,0,0,94,59,1529,98,245,50,0,1,1103,9,3,0,0
64.060918,1,0,94,59,1531,99,245,50,0,1,1103,9,3,0,0
64.065486,0,0,94,59,1531,99,245,50,0,1,1103,9,3,0,0
64.070341,0,0,94,59,1531,99,245,50,0,1,1103,9,3,0,0
64.081377,0,0,94,59,1531,99,245,50,0,1,1103,9,3,0,0
64.091070,1,1,94,59,1529,99,245,50,0,1,1103,9,2,0,0
64.095257,1,0,94,59,1529,99,245,51,0,1,1103,9,2,0,0
64.100134,0,0,94,59,1529,99,245,51,0,1,1103,9,2,0,0
64.111697,0,1,94,59,1529,99,245,51,0,0,1103,9,2,0,0
64.116192,1,0,94,59,1531,99,245,51,0,0,1103,9,2,0,0
64.124091,0,1,94,59,1531,99,245,51,0,0,1103,9,3,0,0
64.129045,0,0,94,59,1531,99,245,51,0,0,1103,9,3,0,0
64.142077,0,0,94,59,1531,99,245,51,0,0,1103,9,3,0,0
64.146969,0,0,94,59,1531,99,245,51,0,0,1103,9,3,0,0
64.153951,0,0,94,59,1531,99,245,51,0,0,1103,9,3,0,0
64.158117,0,0,94,59,1531,99,245,51,0,0,1103,9,3,0,0
64.162290,0,0,94,59,1531,99,245,51,0,0,1103,9,3,0,0
64.173756,0,1,94,59,1531,99,245,51,0,1,1103,9,3,0,0
64.183961,0,0,94,59,1531,99,245,51,0,1,1103,9,3,0,0
64.188122,1,0,94,59,1531,99,245,50,0,1,1103,9,3,0,0
64.192330,0,0,94,59,1531,99,245,50,0,1,1103,9,3,0,0
64.205566,0,0,94,59,1531,99,245,50,0,1,1103,9,3,0,0
64.214874,0,0,94,59,1531,99,245,50,0,1,1103,9,3,0,0
64.219037,0,0,94,59,1531,99,245,50,0,1,1103,9,3,0,0
64.223201,0,0,94,59,1531,99,245,50,0,1,1103,9,3,0,0
64.235890,1,0,94,59,1529,99,245,50,0,1,1103,9,3,0,0
64.245827,0,1,94,59,1529,99,245,50,0,1,1103,9,2,0,0
64.250014,1,0,94,59,1529,99,245,51,0,1,1103,9,2,0,0
64.254876,0,0,94,59,1529,99,245,51,0,1,1103,9,2,0,0
64.267590,1,1,94,59,1531,99,245,51,0,1,1103,9,3,0,0
64.277209,0,0,94,59,1531,99,245,51,0,1,1103,9,3,0,0
64.281375,0,0,94,59,1531,99,245,51,0,1,1103,9,3,0,0
64.285522,0,0,94,59,1531,99,245,51,0,1,1103,9,3,0,0
64.297945,0,1,94,59,1531,99,245,51,0,1,1103,9,2,0,0
64.302127,0,0,94,59,1531,99,245,51,0,1,1103,9,2,0,0
64.309570,0,0,94,59,1531,99,245,51,0,1,1103,9,2,0,0
64.313743,0,0,94,59,1531,99,245,51,0,1,1103,9,2,0,0
64.318624,1,0,94,59,1529,99,245,51,0,1,1103,9,2,0,0
64.329509,0,0,94,59,1529,99,245,51,0,1,1103,9,2,0,0
64.338808,0,0,94,59,1529,99,245,51,0,1,1103,9,2,0,0
64.343278,0,0,94,59,1529,99,245,51,0,1,1103,9,2,0,0
64.347780,0,0,94,59,1529,99,245,51,0,1,1103,9,2,0,0
64.359915,0,1,94,59,1529,99,245,51,0,1,1103,9,3,0,0
64.364035,0,0,94,59,1529,99,245,51,0,1,1103,9,3,0,0
64.371320,0,0,94,59,1529,99,245,51,0,1,1103,9,3,0,0
64.375821,0,0,94,59,1529,99,245,51,0,1,1103,9,3,0,0
64.379857,1,0,94,59,1529,98,245,51,0,1,1103,9,3,0,0
64.390908,0,0,94,59,1529,98,245,51,0,1,1103,9,3,0,0
64.394935,0,0,94,59,1529,98,245,51,0,1,1103,9,3,0,0
64.401934,0,0,94,59,1529,98,245,51,0,1,1103,9,3,0,0
64.405944,0,1,94,59,1529,98,245,51,0,1,1102,9,3,0,0
64.409993,1,0,94,59,1529,99,245,51,0,1,1102,9,3,0,0
64.422253,0,0,94,59,1529,99,245,51,0,1,1102,9,3,0,0
64.426359,0,0,94,59,1529,99,245,51,0,1,1102,9,3,0,0
64.433971,0,0,94,59,1529,99,245,51,0,1,1102,9,3,0,0
64.438091,0,1,94,59,1529,99,245,51,0,1,1103,9,3,0,0
64.442306,1,0,94,59,1529,98,245,51,0,1,1103,9,3,0,0
64.453647,0,0,94,59,1529,98,245,51,0,1,1103,9,3,0,0
64.463680,0,0,94,59,1529,98,245,51,0,1,1103,9,3,0,0
64.468631,0,0,94,59,1529,98,245,51,0,1,1103,9,3,0,0
64.471122,0,0,94,59,1529,98,245,51,0,1,1103,9,3,0,0
64.484350,0,0,94,59,1529,98,245,51,0,1,1103,9,3,0,0
64.493965,0,0,94,59,1529,98,245,51,0,1,1103,9,3,0,0
64.498132,0,0,94,59,1529,98,245,51,0,1,1103,9,3,0,0
64.502317,1,1,94,59,1529,99,245,51,0,1,1103,9,2,0,0
64.515058,0,0,94,59,1529,99,245,51,0,1,1103,9,2,0,0
64.519561,0,0,94,59,1529,99,245,51,0,1,1103,9,2,0,0
64.526284,0,1,94,59,1529,99,245,51,0,1,1102,9,2,0,0
64.530790,1,1,94,59,1529,98,245,51,0,1,1102,9,3,0,0
64.535286,0,0,94,59,1529,98,245,51,0,1,1102,9,3,0,0
64.546074,0,0,94,59,1529,98,245,51,0,1,1102,9,3,0,0
64.550244,0,0,94,59,1529,98,245,51,0,1,1102,9,3,0,0
64.557953,0,1,94,59,1529,98,245,51,0,0,1102,9,3,0,0
64.562105,1,1,94,59,1529,99,245,51,0,0,1103,9,3,0,0
64.566318,0,0,94,59,1529,99,245,51,0,0,1103,9,3,0,0
64.577375,0,0,94,59,1529,99,245,51,0,0,1103,9,3,0,0
64.586994,0,1,94,59,1529,99,245,51,0,1,1103,9,3,0,0
64.592086,1,0,94,59,1531,99,245,51,0,1,1103,9,3,0,0
64.596951,1,1,94,59,1531,99,245,50,0,1,1103,9,2,0,0
64.608514,0,0,94,59,1531,99,245,50,0,1,1103,9,2,0,0
64.618012,0,0,94,59,1531,99,245,50,0,1,1103,9,2,0,0
64.622851,1,1,94,59,1529,99,245,50,0,1,1103,9,3,0,0
64.627071,0,0,94,59,1529,99,245,50,0,1,1103,9,3,0,0
64.639342,0,0,94,59,1529,99,245,50,0,1,1103,9,3,0,0
64.649356,0,0,94,59,1529,99,245,50,0,1,1103,9,3,0,0
64.653877,0,1,94,59,1529,99,245,50,0,1,1103,8,3,0,0
64.658418,0,0,94,59,1529,99,245,50,0,1,1103,8,3,0,0
64.670110,0,0,94,59,1529,99,245,50,0,1,1103,8,3,0,0
64.680052,0,0,94,59,1529,99,245,50,0,1,1103,8,3,0,0
64.684604,0,1,94,59,1529,99,245,50,0,1,1103,9,3,0,0
64.689121,0,0,94,59,1529,99,245,50,0,1,1103,9,3,0,0
64.701154,0,0,94,59,1529,99,245,50,0,1,1103,9,3,0,0
64.705347,0,0,94,59,1529,99,245,50,0,1,1103,9,3,0,0
64.712350,0,0,94,59,1529,99,245,50,0,1,1103,9,3,0,0
64.716874,1,0,94,59,1529,99,245,51,0,1,1103,9,3,0,0
64.721095,0,0,94,59,1529,99,245,51,0,1,1103,9,3,0,0
64.732521,0,0,94,59,1529,99,245,51,0,1,1103,9,3,0,0
64.742353,0,0,94,59,1529,99,245,51,0,1,1103,9,3,0,0
64.746478,0,1,94,59,1529,99,245,51,0,1,1103,9,2,0,0
64.750913,0,0,94,59,1529,99,245,51,0,1,1103,9,2,0,0
64.763260,0,0,94,59,1529,99,245,51,0,1,1103,9,2,0,0
64.773142,0,0,94,59,1529,99,245,51,0,1,1103,9,2,0,0
65.028950,1,1,94,59,1538,99,245,50,0,0,1244,9,4,0,0
65.041862,0,1,94,59,1538,99,245,50,0,0,1244,9,3,0,0
65.045937,1,0,94,59,1538,99,245,51,0,0,1244,9,3,0,0
65.053451,0,0,94,59,1538,99,245,51,0,0,1244,9,3,0,0
65.057535,0,0,94,59,1538,99,245,51,0,0,1244,9,3,0,0
65.061608,1,1,94,59,1531,98,245,51,0,0,1206,9,3,0,477
65.073294,0,0,94,59,1531,98,245,51,0,0,1206,9,3,0,477
65.077398,0,0,94,59,1531,98,245,51,0,0,1206,9,3,0,477
65.084462,0,0,94,59,1531,98,245,51,0,0,1206,9,3,0,477
65.088639,0,0,94,59,1531,98,245,51,0,0,1206,9,3,0,477
65.092788,1,1,94,59,1539,99,245,51,0,0,1293,9,4,0,321
65.104406,0,0,94,59,1539,99,245,51,0,0,1293,9,4,0,321
65.108599,0,0,94,59,1539,99,245,51,0,0,1293,9,4,0,321
65.116262,0,0,94,59,1539,99,245,51,0,0,1293,9,4,0,321
65.120447,0,0,94,59,1539,99,245,51,0,0,1293,9,4,0,321
65.124662,0,0,94,59,1539,99,245,51,0,0,1293,9,4,0,321
65.136266,0,0,94,59,1539,99,245,51,0,0,1293,9,4,0,321
65.145624,0,0,94,59,1539,99,245,51,0,0,1293,9,4,0,321
65.149746,0,0,94,59,1539,99,245,51,0,0,1293,9,4,0,321
65.154264,0,0,94,59,1539,99,245,51,0,0,1293,9,4,0,321
65.166436,0,0,94,59,1539,99,245,51,0,0,1293,9,4,0,321
65.176371,0,0,94,59,1539,99,245,51,0,0,1293,9,4,0,321
65.180886,0,0,94,59,1539,99,245,51,0,0,1293,9,4,0,321
65.185459,0,0,94,59,1539,99,245,51,0,0,1293,9,4,0,321
65.198102,0,0,94,59,1539,99,245,51,0,0,1293,9,4,0,321
65.207821,0,0,94,59,1539,99,245,51,0,0,1293,9,4,0,321
65.212036,0,0,94,59,1539,99,245,51,0,0,1293,9,4,0,317
65.216214,1,1,94,59,1540,99,245,51,0,0,1293,9,3,0,317
65.228480,0,0,94,59,1540,99,245,51,0,0,1293,9,3,0,317
65.238519,0,0,94,59,1540,99,245,51,0,0,1293,9,3,0,317
65.243706,1,1,94,59,1540,98,245,51,0,0,1293,8,3,0,317
65.245871,0,0,94,59,1540,98,245,51,0,0,1293,8,3,0,317
65.259256,0,0,94,59,1540,98,245,51,0,0,1293,8,3,0,317
65.263800,0,0,94,59,1540,98,245,51,0,0,1293,8,3,0,317
65.271473,0,0,94,59,1540,98,245,51,0,0,1293,8,3,0,317
65.275730,0,0,94,59,1540,98,245,51,0,0,1293,8,3,0,317
65.289220,0,0,94,59,1540,98,245,51,0,0,1293,8,3,0,317
65.293777,0,0,94,59,1540,98,245,51,0,0,1293,8,3,0,317
65.302924,0,0,94,59,1540,98,245,51,0,0,1293,8,3,0,317
65.307546,0,1,94,59,1540,98,245,51,0,0,1293,8,3,-1,317
65.321231,0,0,94,59,1540,98,245,51,0,0,1293,8,3,-1,317
65.325430,0,0,94,59,1540,98,245,51,0,0,1293,8,3,-1,317
65.332671,0,1,94,59,1540,98,245,51,0,0,1293,9,3,-1,319
65.336865,1,1,94,59,1540,99,245,51,0,0,1293,9,3,0,319
65.341682,0,0,94,59,1540,99,245,51,0,0,1293,9,3,0,319
65.352840,0,0,94,59,1540,99,245,51,0,0,1293,9,3,0,319
65.362497,0,0,94,59,1540,99,245,51,0,0,1293,9,3,0,320
65.367352,1,0,94,59,1540,98,245,51,0,0,1293,9,3,0,320
65.371541,1,0,94,59,1540,98,245,50,0,0,1293,9,3,0,320
65.384209,0,0,94,59,1540,98,245,50,0,0,1293,9,3,0,320
65.393824,0,1,94,59,1540,98,245,50,0,1,1293,9,3,0,321
65.397879,1,1,94,59,1540,98,245,51,0,1,1293,9,4,0,321
65.402042,0,0,94,59,1540,98,245,51,0,1,1293,9,4,0,321
65.414884,0,0,94,59,1540,98,245,51,0,1,1293,9,4,0,321
65.424501,0,1,94,59,1540,98,245,51,0,0,1292,9,4,0,317
65.429120,1,1,94,59,1540,99,245,51,0,0,1292,8,3,0,317
65.433335,0,0,94,59,1540,99,245,51,0,0,1292,8,3,0,317
65.445960,0,0,94,59,1540,99,245,51,0,0,1292,8,3,0,317
65.455492,0,0,94,59,1540,99,245,51,0,0,1292,8,3,0,317
65.459609,0,1,94,59,1540,99,245,51,0,0,1292,8,4,0,317
65.464426,0,0,94,59,1540,99,245,51,0,0,1292,8,4,0,317
65.477362,0,0,94,59,1540,99,245,51,0,0,1292,8,4,0,317
65.487055,0,0,94,59,1540,99,245,51,0,0,1292,8,4,0,317
65.491562,0,0,94,59,1540,99,245,51,0,0,1292,8,4,0,317
65.496138,0,0,94,59,1540,99,245,51,0,0,1292,8,4,0,317
65.507622,0,0,94,59,1540,99,245,51,0,0,1292,8,4,0,317
65.511761,0,1,94,59,1540,99,245,51,0,0,1292,9,4,0,322
65.518830,0,1,94,59,1540,99,245,51,0,0,1292,9,3,0,322
65.523025,0,0,94,59,1540,99,245,51,0,0,1292,9,3,0,322
65.527893,0,0,94,59,1540,99,245,51,0,0,1292,9,3,0,322
65.538769,0,0,94,59,1540,99,245,51,0,0,1292,9,3,0,322
65.543298,0,0,94,59,1540,99,245,51,0,0,1292,9,3,0,322
65.806997,1,1,94,59,1531,99,245,51,0,1,1163,9,3,0,0
65.818863,0,0,94,59,1531,99,245,51,0,1,1163,9,3,0,0
65.828386,0,0,94,59,1531,99,245,51,0,1,1163,9,3,0,0
65.832869,0,1,94,59,1531,99,245,51,0,0,1163,9,3,0,0
65.837080,1,1,94,59,1529,99,245,51,0,0,1162,8,3,0,0
65.848801,0,0,94,59,1529,99,245,51,0,0,1162,8,3,0,0
65.852895,0,0,94,59,1529,99,245,51,0,0,1162,8,3,0,0
65.860947,0,0,94,59,1529,99,245,51,0,0,1162,8,3,0,0
65.865080,0,1,94,59,1529,99,245,51,0,0,1161,9,3,0,0
65.869280,0,0,94,59,1529,99,245,51,0,0,1161,9,3,0,0
65.880241,0,0,94,59,1529,99,245,51,0,0,1161,9,3,0,0
65.889818,0,0,94,59,1529,99,245,51,0,0,1161,9,3,0,0
65.893954,0,1,94,59,1529,99,245,51,0,1,1161,9,3,0,0
65.898183,0,1,94,59,1529,99,245,51,0,1,1161,8,3,0,0
65.911717,0,0,94,59,1529,99,245,51,0,1,1161,8,3,0,0
65.921165,0,0,94,59,1529,99,245,51,0,1,1161,8,3,0,0
65.925723,0,1,94,59,1529,99,245,51,0,1,1160,8,3,0,0
65.930260,0,1,94,59,1529,99,245,51,0,1,1160,9,3,0,0
65.942685,0,0,94,59,1529,99,245,51,0,1,1160,9,3,0,0
65.952252,0,0,94,59,1529,99,245,51,0,1,1160,9,3,0,0
65.956495,1,1,94,59,1531,99,245,51,0,0,1160,9,3,0,0
65.960745,0,0,94,59,1531,99,245,51,0,0,1160,9,3,0,0
65.972941,0,0,94,59,1531,99,245,51,0,0,1160,9,3,0,0
65.977134,0,0,94,59,1531,99,245,51,0,0,1160,9,3,0,0
65.984773,0,0,94,59,1531,99,245,51,0,0,1160,9,3,0,0
65.989232,0,0,94,59,1531,99,245,51,0,0,1160,9,3,0,0
65.993442,0,0,94,59,1531,99,245,51,0,0,1160,9,3,0,0
66.004691,0,0,94,59,1531,99,245,51,0,0,1160,9,3,0,0
66.013983,0,0,94,59,1531,99,245,51,0,0,1160,9,3,0,0
66.018228,0,0,94,59,1531,99,245,51,0,0,1160,9,3,0,0
66.022765,1,0,94,59,1531,99,245,50,0,0,1160,9,3,0,0
66.035677,0,0,94,59,1531,99,245,50,0,0,1160,9,3,0,0
66.045228,0,0,94,59,1531,99,245,50,0,0,1160,9,3,0,0
66.049445,1,0,94,59,1529,99,245,50,0,0,1160,9,3,0,0
66.053609,0,1,94,59,1529,99,245,50,0,0,1160,9,2,0,0
66.066465,0,0,94,59,1529,99,245,50,0,0,1160,9,2,0,0
66.075872,0,0,94,59,1529,99,245,50,0,0,1160,9,2,0,0
66.080039,1,1,94,59,1531,99,245,50,0,1,1159,9,2,0,0
66.084267,0,1,94,59,1531,99,245,50,0,1,1159,9,3,0,0
66.097691,0,0,94,59,1531,99,245,50,0,1,1159,9,3,0,0
66.106980,0,0,94,59,1531,99,245,50,0,1,1159,9,3,0,0
66.111221,0,1,94,59,1531,99,245,50,0,0,1159,9,3,0,0
66.116036,1,0,94,59,1531,99,245,51,0,0,1159,9,3,0,0
66.128030,0,0,94,59,1531,99,245,51,0,0,1159,9,3,0,0
66.132236,0,0,94,59,1531,99,245,51,0,0,1159,9,3,0,0
66.139397,0,1,94,59,1531,99,245,51,0,0,1160,9,3,0,0
66.143992,0,0,94,59,1531,99,245,51,0,0,1160,9,3,0,0
66.148188,0,0,94,59,1531,99,245,51,0,0,1160,9,3,0,0
66.159151,0,0,94,59,1531,99,245,51,0,0,1160,9,3,0,0
66.163273,0,0,94,59,1531,99,245,51,0,0,1160,9,3,0,0
66.170707,1,1,94,59,1529,99,245,51,0,0,1159,9,3,0,0
66.174862,0,0,94,59,1529,99,245,51,0,0,1159,9,3,0,0
66.179051,0,0,94,59,1529,99,245,51,0,0,1159,9,3,0,0
66.190432,0,0,94,59,1529,99,245,51,0,0,1159,9,3,0,0
66.199947,0,1,94,59,1529,99,245,51,0,0,1159,8,3,0,0
66.204455,0,0,94,59,1529,99,245,51,0,0,1159,8,3,0,0
66.208935,0,0,94,59,1529,99,245,51,0,0,1159,8,3,0,0
66.221097,0,0,94,59,1529,99,245,51,0,0,1159,8,3,0,0
66.225234,0,0,94,59,1529,99,245,51,0,0,1159,8,3,0,0
66.232600,0,1,94,59,1529,99,245,51,0,0,1159,9,2,0,0
66.237414,0,0,94,59,1529,99,245,51,0,0,1159,9,2,0,0
66.250773,0,0,94,59,1529,99,245,51,0,0,1159,9,2,0,0
66.255325,0,0,94,59,1529,99,245,51,0,0,1159,9,2,0,0
66.263190,1,1,94,59,1531,99,245,51,0,0,1159,9,3,0,0
66.267318,0,0,94,59,1531,99,245,51,0,0,1159,9,3,0,0
66.271477,0,0,94,59,1531,99,245,51,0,0,1159,9,3,0,0
66.283038,0,0,94,59,1531,99,245,51,0,0,1159,9,3,0,0
66.287157,0,0,94,59,1531,99,245,51,0,0,1159,9,3,0,0
66.294607,1,1,94,59,1529,99,245,51,0,0,1159,8,3,0,0
66.298763,0,0,94,59,1529,99,245,51,0,0,1159,8,3,0,0
66.302792,0,0,94,59,1529,99,245,51,0,0,1159,8,3,0,0
66.314156,0,1,94,59,1529,99,245,51,0,1,1159,8,3,0,0
66.318322,1,1,94,59,1529,100,245,51,0,1,1159,9,3,0,0
66.325562,0,0,94,59,1529,100,245,51,0,1,1159,9,3,0,0
66.329665,0,0,94,59,1529,100,245,51,0,1,1159,9,3,0,0
66.333722,0,0,94,59,1529,100,245,51,0,1,1159,9,3,0,0
66.345439,0,1,94,59,1529,100,245,51,0,0,1159,9,3,0,0
66.349561,1,1,94,59,1529,99,245,51,0,0,1158,9,3,0,0
66.356522,0,0,94,59,1529,99,245,51,0,0,1158,9,3,0,0
66.360667,1,0,94,59,1529,99,245,50,0,0,1158,9,3,0,0
66.364762,0,0,94,59,1529,99,245,50,0,0,1158,9,3,0,0
66.376923,0,1,94,59,1529,99,245,50,0,1,1158,9,3,0,0
66.386387,0,0,94,59,1529,99,245,50,0,1,1158,9,3,0,0
66.391254,0,0,94,59,1529,99,245,50,0,1,1158,9,3,0,0
66.395814,0,0,94,59,1529,99,245,50,0,1,1158,9,3,0,0
66.407198,0,1,94,59,1529,99,245,50,0,0,1158,9,3,0,0
66.411403,0,0,94,59,1529,99,245,50,0,0,1158,9,3,0,0
66.419011,1,0,94,59,1529,99,245,51,0,0,1158,9,3,0,0
66.423917,0,0,94,59,1529,99,245,51,0,0,1158,9,3,0,0
66.437217,0,0,94,59,1529,99,245,51,0,0,1158,9,3,0,0
66.441786,0,0,94,59,1529,99,245,51,0,0,1158,9,3,0,0
66.449414,0,0,94,59,1529,99,245,51,0,0,1158,9,3,0,0
66.451277,0,0,94,59,1529,99,245,51,0,0,1158,9,3,0,0
66.455478,0,0,94,59,1529,99,245,51,0,0,1158,9,3,0,0
66.468955,0,0,94,59,1529,99,245,51,0,0,1158,9,3,0,0
66.473123,1,0,94,59,1531,99,245,51,0,0,1158,9,3,0,0
66.480729,0,0,94,59,1531,99,245,51,0,0,1158,9,3,0,0
66.485920,0,0,94,59,1531,99,245,51,0,0,1158,9,3,0,0
66.499189,0,0,94,59,1531,99,245,51,0,0,1158,9,3,0,0
66.504151,1,0,94,59,1529,99,245,51,0,0,1158,9,3,0,0
66.511643,0,0,94,59,1529,99,245,51,0,0,1158,9,3,0,0
66.516143,0,0,94,59,1529,99,245,51,0,0,1158,9,3,0,0
66.520715,0,1,94,59,1529,99,245,51,0,1,1158,9,3,0,0
66.532259,1,0,94,59,1531,99,245,51,0,1,1158,9,3,0,0
66.541925,1,1,94,59,1531,99,245,50,0,1,1158,9,2,0,0
66.546106,0,0,94,59,1531,99,245,50,0,1,1158,9,2,0,0
66.550707,0,1,94,59,1531,99,245,50,1,1,1158,9,2,0,0
66.562327,1,1,94,59,1529,99,245,50,1,1,1158,9,3,0,0
66.566471,0,0,94,59,1529,99,245,50,1,1,1158,9,3,0,0
66.574251,0,0,94,59,1529,99,245,50,1,1,1158,9,3,0,0
66.578466,0,1,94,59,1529,99,245,50,0,1,1158,9,3,0,0
66.582674,0,1,94,59,1529,99,245,50,0,0,1158,9,3,0,0
66.593538,0,0,94,59,1529,99,245,50,0,0,1158,9,3,0,0
66.603549,1,0,94,59,1529,99,245,51,0,0,1158,9,3,0,0
66.608101,0,0,94,59,1529,99,245,51,0,0,1158,9,3,0,0
66.612306,0,1,94,59,1529,99,245,51,0,1,1158,9,3,0,0
66.624746,0,0,94,59,1529,99,245,51,0,1,1158,9,3,0,0
66.634231,0,0,94,59,1529,99,245,51,0,1,1158,9,3,0,0
66.638361,0,0,94,59,1529,99,245,51,0,1,1158,9,3,0,0
66.642883,1,0,94,59,1531,99,245,51,0,1,1158,9,3,0,0
66.655304,0,0,94,59,1531,99,245,51,0,1,1158,9,3,0,0
66.659463,0,0,94,59,1531,99,245,51,0,1,1158,9,3,0,0
66.666482,0,0,94,59,1531,99,245,51,0,1,1158,9,3,0,0
66.670692,0,1,94,59,1531,99,245,51,0,0,1158,9,3,0,0
66.674872,1,1,94,59,1531,98,245,51,0,0,1159,9,3,0,0
66.686731,1,0,94,59,1531,98,245,50,0,0,1159,9,3,0,0
66.696456,0,0,94,59,1531,98,245,50,0,0,1159,9,3,0,0
66.700669,0,0,94,59,1531,98,245,50,0,0,1159,9,3,0,0
66.705169,1,1,94,59,1529,98,245,50,0,0,1158,9,3,0,0
66.717728,0,0,94,59,1529,98,245,50,0,0,1158,9,3,0,0
66.727261,0,0,94,59,1529,98,245,50,0,0,1158,9,3,0,0
66.731384,0,0,94,59,1529,98,245,50,0,0,1158,9,3,0,0
66.735845,1,0,94,59,1529,99,245,50,0,0,1158,9,3,0,0
66.749209,1,0,94,59,1529,99,245,51,0,0,1158,9,3,0,0
67.009570,1,1,94,59,1523,99,245,50,1,1,691,9,1,0,0
67.015083,0,0,94,59,1523,99,245,50,1,1,691,9,1,0,0
67.029126,0,0,94,59,1523,99,245,50,1,1,691,9,1,0,0
67.039552,1,1,94,59,1523,98,245,50,1,1,692,9,1,0,0
67.043798,1,0,94,59,1523,98,245,51,1,1,692,9,1,0,0
67.047941,0,0,94,59,1523,98,245,51,1,1,692,9,1,0,0
67.059573,0,0,94,59,1523,98,245,51,1,1,692,9,1,0,0
67.069345,0,1,94,59,1523,98,245,51,1,1,692,9,2,0,0
67.073629,0,0,94,59,1523,98,245,51,1,1,692,9,2,0,0
67.077802,0,0,94,59,1523,98,245,51,1,1,692,9,2,0,0
67.089514,0,0,94,59,1523,98,245,51,1,1,692,9,2,0,0
67.093795,1,1,94,59,1523,99,245,51,1,1,693,9,1,0,0
67.101118,0,0,94,59,1523,99,245,51,1,1,693,9,1,0,0
67.104991,0,0,94,59,1523,99,245,51,1,1,693,9,1,0,0
67.109129,0,1,94,59,1523,99,245,51,1,2,693,9,1,0,0
67.120646,0,0,94,59,1523,99,245,51,1,2,693,9,1,0,0
67.130565,0,1,94,59,1523,99,245,51,1,2,693,9,2,0,0
67.134795,0,0,94,59,1523,99,245,51,1,2,693,9,2,0,0
67.138971,0,0,94,59,1523,99,245,51,1,2,693,9,2,0,0
67.152033,0,1,94,59,1523,99,245,51,1,1,693,9,2,0,0
67.161904,1,1,94,59,1523,99,245,50,1,1,693,9,1,0,0
67.163800,0,0,94,59,1523,99,245,50,1,1,693,9,1,0,0
67.168286,0,0,94,59,1523,99,245,50,1,1,693,9,1,0,0
67.181512,0,1,94,59,1523,99,245,50,1,2,693,9,1,0,0
67.186406,0,1,94,59,1523,99,245,50,1,2,694,9,1,0,0
67.194160,0,0,94,59,1523,99,245,50,1,2,694,9,1,0,0
67.198680,0,0,94,59,1523,99,245,50,1,2,694,9,1,0,0
67.203163,0,0,94,59,1523,99,245,50,1,2,694,9,1,0,0
67.214113,0,1,94,59,1523,99,245,50,1,2,694,8,1,0,0
67.223627,1,1,94,59,1523,99,245,51,1,2,694,8,2,0,0
67.228585,0,0,94,59,1523,99,245,51,1,2,694,8,2,0,0
67.233515,0,0,94,59,1523,99,245,51,1,2,694,8,2,0,0
67.244858,0,1,94,59,1523,99,245,51,1,2,694,8,1,0,0
67.254879,0,0,94,59,1523,99,245,51,1,2,694,8,1,0,0
67.259380,0,0,94,59,1523,99,245,51,1,2,694,8,1,0,0
67.263914,0,0,94,59,1523,99,245,51,1,2,694,8,1,0,0
67.275711,0,1,94,59,1523,99,245,51,1,2,695,9,1,0,0
67.285632,0,0,94,59,1523,99,245,51,1,2,695,9,1,0,0
67.289718,0,0,94,59,1523,99,245,51,1,2,695,9,1,0,0
67.294239,0,0,94,59,1523,99,245,51,1,2,695,9,1,0,0
67.307440,0,1,94,59,1523,99,245,51,1,2,695,8,1,1,0
67.317680,0,0,94,59,1523,99,245,51,1,2,695,8,1,1,0
67.321832,0,0,94,59,1523,99,245,51,1,2,695,8,1,1,0
67.326325,0,1,94,59,1523,99,245,51,1,2,695,9,1,1,0
67.338504,0,1,94,59,1523,99,245,51,1,2,695,9,1,0,0
67.348127,0,0,94,59,1523,99,245,51,1,2,695,9,1,0,0
67.352293,0,0,94,59,1523,99,245,51,1,2,695,9,1,0,0
67.356814,0,0,94,59,1523,99,245,51,1,2,695,9,1,0,0
67.368735,0,1,94,59,1523,99,245,51,1,2,695,9,2,0,0
67.378739,0,0,94,59,1523,99,245,51,1,2,695,9,2,0,0
67.382949,0,0,94,59,1523,99,245,51,1,2,695,9,2,0,0
67.387176,0,1,94,59,1523,99,245,51,1,2,696,9,2,0,0
67.400109,0,1,94,59,1523,99,245,51,1,2,696,9,1,0,0
67.409704,1,0,94,59,1523,99,245,50,1,2,696,9,1,0,0
67.413871,0,0,94,59,1523,99,245,50,1,2,696,9,1,0,0
67.418046,1,1,94,59,1523,100,245,50,1,2,695,8,1,0,0
67.430803,0,0,94,59,1523,100,245,50,1,2,695,8,1,0,0
67.434995,0,0,94,59,1523,100,245,50,1,2,695,8,1,0,0
67.442917,0,0,94,59,1523,100,245,50,1,2,695,8,1,0,0
67.447380,0,1,94,59,1523,100,245,50,1,1,696,8,1,0,0
67.460558,1,1,94,59,1523,99,245,50,1,1,696,9,1,0,0
67.726478,1,1,94,59,1528,99,245,50,1,1,837,8,2,0,0
67.739730,0,0,94,59,1528,99,245,50,1,1,837,8,2,0,0
67.744629,0,1,94,59,1528,99,245,50,1,1,836,8,2,0,0
67.752820,0,0,94,59,1528,99,245,50,1,1,836,8,2,0,0
67.757711,0,0,94,59,1528,99,245,50,1,1,836,8,2,0,0
67.771152,0,0,94,59,1528,99,245,50,1,1,836,8,2,0,0
67.776067,0,0,94,59,1528,99,245,50,1,1,836,8,2,0,0
67.783811,0,0,94,59,1528,99,245,50,1,1,836,8,2,0,0
67.787952,0,0,94,59,1528,99,245,50,1,1,836,8,2,0,0
67.792133,0,0,94,59,1528,99,245,50,1,1,836,8,2,0,0
67.803399,0,0,94,59,1528,99,245,50,1,1,836,8,2,0,0
67.813164,0,0,94,59,1528,99,245,50,1,1,836,8,2,0,0
67.817753,1,0,94,59,1528,99,245,51,1,1,836,8,2,0,0
67.822263,0,0,94,59,1528,99,245,51,1,1,836,8,2,0,0
67.834781,0,0,94,59,1528,99,245,51,1,1,836,8,2,0,0
67.844232,1,0,94,59,1528,100,245,51,1,1,836,8,2,0,0
67.849082,0,0,94,59,1528,100,245,51,1,1,836,8,2,0,0
67.853617,0,0,94,59,1528,100,245,51,1,1,836,8,2,0,0
67.866048,0,1,94,59,1528,100,245,51,1,0,836,8,2,0,0
67.875591,1,0,94,59,1528,99,245,51,1,0,836,8,2,0,0
67.880177,0,0,94,59,1528,99,245,51,1,0,836,8,2,0,0
67.882355,0,0,94,59,1528,99,245,51,1,0,836,8,2,0,0
67.895813,0,1,94,59,1528,99,245,51,1,1,835,8,2,0,0
67.899967,0,0,94,59,1528,99,245,51,1,1,835,8,2,0,0
67.907606,0,0,94,59,1528,99,245,51,1,1,835,8,2,0,0
67.912121,0,0,94,59,1528,99,245,51,1,1,835,8,2,0,0
67.925908,0,1,94,59,1528,99,245,51,1,0,835,8,2,0,0
67.930810,0,1,94,59,1528,99,245,51,1,0,836,8,2,0,0
67.938849,0,0,94,59,1528,99,245,51,1,0,836,8,2,0,0
67.943371,0,0,94,59,1528,99,245,51,1,0,836,8,2,0,0
67.956883,0,1,94,59,1528,99,245,51,1,1,836,8,2,0,0
67.961115,0,0,94,59,1528,99,245,51,1,1,836,8,2,0,0
67.970003,0,0,94,59,1528,99,245,51,1,1,836,8,2,0,0
67.974164,0,0,94,59,1528,99,245,51,1,1,836,8,2,0,0
67.978349,0,0,94,59,1528,99,245,51,1,1,836,8,2,0,0
67.989267,0,0,94,59,1528,99,245,51,1,1,836,8,2,0,0
67.993469,0,0,94,59,1528,99,245,51,1,1,836,8,2,0,0
68.001094,0,0,94,59,1528,99,245,51,1,1,836,8,2,0,0
68.005327,0,0,94,59,1528,99,245,51,1,1,836,8,2,0,0
68.009534,0,0,94,59,1528,99,245,51,1,1,836,8,2,0,0
68.020460,0,0,94,59,1528,99,245,51,1,1,836,8,2,0,0
68.030118,0,0,94,59,1528,99,245,51,1,1,836,8,2,0,0
68.034293,0,0,94,59,1528,99,245,51,1,1,836,8,2,0,0
68.038488,0,0,94,59,1528,99,245,51,1,1,836,8,2,0,0
68.051214,0,0,94,59,1528,99,245,51,1,1,836,8,2,0,0
68.061088,0,0,94,59,1528,99,245,51,1,1,836,8,2,0,0
68.065342,0,0,94,59,1528,99,245,51,1,1,836,8,2,0,0
68.069894,0,0,94,59,1528,99,245,51,1,1,836,8,2,0,0
68.082258,0,0,94,59,1528,99,245,51,1,1,836,8,2,0,0
68.086484,0,0,94,59,1528,99,245,51,1,1,836,8,2,0,0
68.094150,0,0,94,59,1528,99,245,51,1,1,836,8,2,0,0
68.098695,0,0,94,59,1528,99,245,51,1,1,836,8,2,0,0
68.111985,0,1,94,59,1528,99,245,51,1,1,835,8,2,0,0
68.116393,0,0,94,59,1528,99,245,51,1,1,835,8,2,0,0
68.124688,0,0,94,59,1528,99,245,51,1,1,835,8,2,0,0
68.128743,0,0,94,59,1528,99,245,51,1,1,835,8,2,0,0
68.132828,0,1,94,59,1528,99,245,51,1,1,836,8,2,0,0
68.144669,0,0,94,59,1528,99,245,51,1,1,836,8,2,0,0
68.154010,0,0,94,59,1528,99,245,51,1,1,836,8,2,0,0
68.158191,0,0,94,59,1528,99,245,51,1,1,836,8,2,0,0
68.162264,0,0,94,59,1528,99,245,51,1,1,836,8,2,0,0
68.175614,0,0,94,59,1528,99,245,51,1,1,836,8,2,0,0
68.185429,0,0,94,59,1528,99,245,51,1,1,836,8,2,0,0
68.442321,1,1,94,59,1531,99,245,50,0,0,1087,8,2,-1,288
68.455075,0,0,94,59,1531,99,245,50,0,0,1087,8,2,-1,288
68.464645,1,1,94,59,1532,99,245,50,0,0,1102,8,2,-1,0
68.469630,0,1,94,59,1532,99,245,50,0,0,1102,8,2,0,0
68.474450,0,0,94,59,1532,99,245,50,0,0,1102,8,2,0,0
68.485800,0,1,94,59,1532,99,245,50,1,0,1102,8,2,0,0
68.495317,1,1,94,59,1528,99,245,50,1,0,1069,8,2,0,16
68.500175,0,1,94,59,1528,99,245,50,1,0,1069,8,3,0,16
68.505026,0,0,94,59,1528,99,245,50,1,0,1069,8,3,0,16
68.516486,0,1,94,59,1528,99,245,50,0,0,1069,8,3,0,16
68.520757,0,0,94,59,1528,99,245,50,0,0,1069,8,3,0,214
68.528456,1,1,94,59,1533,99,245,50,0,0,1136,7,2,0,214
68.533394,1,0,94,59,1533,99,245,51,0,0,1136,7,2,0,214
68.546791,0,0,94,59,1533,99,245,51,0,0,1136,7,2,0,214
68.551872,1,1,94,59,1535,99,245,51,0,0,1145,8,2,0,214
68.559619,0,1,94,59,1535,99,245,51,0,0,1145,8,3,-1,214
68.563812,0,0,94,59,1535,99,245,51,0,0,1145,8,3,-1,214
68.577250,0,0,94,59,1535,99,245,51,0,0,1145,8,3,-1,214
68.581812,0,1,94,59,1535,99,245,51,0,0,1144,8,3,-1,215
68.590055,0,0,94,59,1535,99,245,51,0,0,1144,8,3,-1,215
68.594956,1,0,94,59,1535,99,245,50,0,0,1144,8,3,-1,215
68.608255,0,1,94,59,1535,99,245,50,1,0,1144,8,3,-1,215
68.612777,0,1,94,59,1535,99,245,50,1,0,1144,8,2,-1,215
68.620695,0,1,94,59,1535,99,245,50,1,0,1144,8,2,0,215
68.624831,0,0,94,59,1535,99,245,50,1,0,1144,8,2,0,215
68.629375,0,1,94,59,1535,99,245,50,0,0,1144,8,2,0,215
68.640569,0,0,94,59,1535,99,245,50,0,0,1144,8,2,0,215
68.644741,0,1,94,59,1535,99,245,50,0,0,1142,8,2,0,214
68.651991,0,0,94,59,1535,99,245,50,0,0,1142,8,2,0,214
68.656198,0,0,94,59,1535,99,245,50,0,0,1142,8,2,0,214
68.660441,0,1,94,59,1535,99,245,50,1,0,1142,8,2,0,214
68.671814,0,0,94,59,1535,99,245,50,1,0,1142,8,2,0,214
68.681466,0,1,94,59,1535,99,245,50,1,0,1142,8,2,-1,214
68.685621,1,0,94,59,1535,99,245,51,1,0,1142,8,2,-1,214
68.689844,0,0,94,59,1535,99,245,51,1,0,1142,8,2,-1,214
68.702444,0,0,94,59,1535,99,245,51,1,0,1142,8,2,-1,214
68.704703,0,0,94,59,1535,99,245,51,1,0,1142,8,2,-1,215
68.713718,0,1,94,59,1535,99,245,51,1,0,1142,8,3,0,215
68.717882,0,0,94,59,1535,99,245,51,1,0,1142,8,3,0,215
68.722096,0,1,94,59,1535,99,245,51,0,0,1142,8,3,0,215
68.733922,0,1,94,59,1535,99,245,51,0,0,1141,8,3,0,214
68.743728,0,0,94,59,1535,99,245,51,0,0,1141,8,3,0,214
68.747829,0,0,94,59,1535,99,245,51,0,0,1141,8,3,0,214
68.751938,0,1,94,59,1535,99,245,51,1,0,1141,8,3,0,214
68.764956,0,0,94,59,1535,99,245,51,1,0,1141,8,3,0,211
68.768890,0,1,94,59,1535,99,245,51,1,0,1141,8,2,0,211
68.776406,0,0,94,59,1535,99,245,51,1,0,1141,8,2,0,211
68.780595,0,1,94,59,1535,99,245,51,0,0,1141,8,2,0,211
68.794308,0,0,94,59,1535,99,245,51,0,0,1141,8,2,0,216
68.798476,0,1,94,59,1535,99,245,51,0,0,1140,8,2,0,216
68.806591,0,0,94,59,1535,99,245,51,0,0,1140,8,2,0,216
68.811583,0,0,94,59,1535,99,245,51,0,0,1140,8,2,0,216
68.815791,0,0,94,59,1535,99,245,51,0,0,1140,8,2,0,214
68.826635,0,0,94,59,1535,99,245,51,0,0,1140,8,2,0,214
68.830796,1,0,94,59,1535,99,245,50,0,0,1140,8,2,0,214
68.838394,0,0,94,59,1535,99,245,50,0,0,1140,8,2,0,214
68.842567,0,1,94,59,1535,99,245,50,1,0,1140,8,2,0,214
68.846682,0,0,94,59,1535,99,245,50,1,0,1140,8,2,0,214
68.857543,0,0,94,59,1535,99,245,50,1,0,1140,8,2,0,214
68.861620,1,0,94,59,1535,99,245,51,1,0,1140,8,2,0,214
68.868740,0,0,94,59,1535,99,245,51,1,0,1140,8,2,0,214
68.872842,0,1,94,59,1535,99,245,51,0,0,1140,8,2,0,214
68.876929,0,1,94,59,1535,99,245,51,0,0,1139,8,2,0,214
68.889395,0,0,94,59,1535,99,245,51,0,0,1139,8,2,0,214
68.898930,0,0,94,59,1535,99,245,51,0,0,1139,8,2,0,214
68.903488,0,0,94,59,1535,99,245,51,0,0,1139,8,2,0,214
68.907986,0,0,94,59,1535,99,245,51,0,0,1139,8,2,0,214
68.920424,0,1,94,59,1535,99,245,51,0,0,1139,8,3,0,211
68.930177,0,0,94,59,1535,99,245,51,0,0,1139,8,3,0,211
68.935071,0,0,94,59,1535,99,245,51,0,0,1139,8,3,0,211
68.939272,0,0,94,59,1535,99,245,51,0,0,1139,8,3,0,214
68.950981,0,1,94,59,1535,99,245,51,0,0,1139,8,2,0,214
68.960667,0,1,94,59,1535,99,245,51,0,0,1139,8,2,-1,214
68.964854,0,0,94,59,1535,99,245,51,0,0,1139,8,2,-1,214
68.969036,0,0,94,59,1535,99,245,51,0,0,1139,8,2,-1,214
68.982121,0,0,94,59,1535,99,245,51,0,0,1139,8,2,-1,214
68.991621,1,0,94,59,1535,99,245,50,0,0,1139,8,2,-1,214
68.996673,0,0,94,59,1535,99,245,50,0,0,1139,8,2,-1,214
69.001558,0,0,94,59,1535,99,245,50,0,0,1139,8,2,-1,214
69.272273,1,1,94,59,1528,98,245,51,0,0,1025,8,2,0,0
69.276374,0,0,94,59,1528,98,245,51,0,0,1025,8,2,0,0
69.280816,0,0,94,59,1528,98,245,51,0,0,1025,8,2,0,0
69.292576,0,0,94,59,1528,98,245,51,0,0,1025,8,2,0,0
69.302234,0,1,94,59,1528,98,245,51,0,1,1019,8,2,0,0
69.306410,0,0,94,59,1528,98,245,51,0,1,1019,8,2,0,0
69.310597,0,0,94,59,1528,98,245,51,0,1,1019,8,2,0,0
69.322894,0,0,94,59,1528,98,245,51,0,1,1019,8,2,0,0
69.332829,0,1,94,59,1528,98,245,51,0,0,1014,8,2,0,0
69.337313,0,0,94,59,1528,98,245,51,0,0,1014,8,2,0,0
69.342231,0,0,94,59,1528,98,245,51,0,0,1014,8,2,0,0
69.353781,0,0,94,59,1528,98,245,51,0,0,1014,8,2,0,0
69.358308,0,1,94,59,1528,98,245,51,0,0,1011,8,2,0,0
69.366207,0,0,94,59,1528,98,245,51,0,0,1011,8,2,0,0
69.371597,0,0,94,59,1528,98,245,51,0,0,1011,8,2,0,0
69.385768,0,0,94,59,1528,98,245,51,0,0,1011,8,2,0,0
69.395445,0,1,94,59,1528,98,245,51,0,0,1010,9,2,0,0
69.399610,0,0,94,59,1528,98,245,51,0,0,1010,9,2,0,0
69.403743,0,0,94,59,1528,98,245,51,0,0,1010,9,2,0,0
69.415866,0,1,94,59,1528,98,245,51,0,1,1010,9,2,0,0
69.419943,0,1,94,59,1528,98,245,51,0,1,1009,8,2,0,0
69.427003,0,0,94,59,1528,98,245,51,0,1,1009,8,2,0,0
69.428884,0,0,94,59,1528,98,245,51,0,1,1009,8,2,0,0
69.432892,0,0,94,59,1528,98,245,51,0,1,1009,8,2,0,0
69.445848,0,1,94,59,1528,98,245,51,1,1,1009,8,2,0,0
69.449888,0,1,94,59,1528,98,245,51,1,1,1008,8,2,0,0
69.458407,0,0,94,59,1528,98,245,51,1,1,1008,8,2,0,0
69.462501,0,0,94,59,1528,98,245,51,1,1,1008,8,2,0,0
69.466632,0,1,94,59,1528,98,245,51,0,1,1008,8,2,0,0
69.477836,0,0,94,59,1528,98,245,51,0,1,1008,8,2,0,0
69.482277,1,1,94,59,1528,99,245,51,0,1,1007,8,2,0,0
69.489283,0,0,94,59,1528,99,245,51,0,1,1007,8,2,0,0
69.493359,0,0,94,59,1528,99,245,51,0,1,1007,8,2,0,0
69.497444,0,0,94,59,1528,99,245,51,0,1,1007,8,2,0,0
69.509680,0,1,94,59,1528,99,245,51,0,1,1006,8,2,0,0
69.519049,0,0,94,59,1528,99,245,51,0,1,1006,8,2,0,0
69.523588,0,0,94,59,1528,99,245,51,0,1,1006,8,2,0,0
69.528084,0,1,94,59,1528,99,245,51,1,1,1006,8,2,0,0
69.540387,1,1,94,59,1527,99,245,51,1,1,1007,8,2,0,409
69.549930,0,0,94,59,1527,99,245,51,1,1,1007,8,2,0,409
69.554465,0,0,94,59,1527,99,245,51,1,1,1007,8,2,0,409
69.558679,0,1,94,59,1527,99,245,51,0,0,1007,8,2,0,409
69.571296,1,1,94,59,1532,99,245,51,0,0,1069,8,2,0,0
69.581203,0,0,94,59,1532,99,245,51,0,0,1069,8,2,0,0
69.585741,0,0,94,59,1532,99,245,51,0,0,1069,8,2,0,0
69.590283,0,0,94,59,1532,99,245,51,0,0,1069,8,2,0,0
69.602603,1,1,94,59,1531,99,245,51,0,0,1044,8,2,0,0
69.611950,0,0,94,59,1531,99,245,51,0,0,1044,8,2,0,0
69.616115,0,0,94,59,1531,99,245,51,0,0,1044,8,2,0,0
69.620320,0,0,94,59,1531,99,245,51,0,0,1044,8,2,0,0
69.633322,1,1,94,59,1528,99,245,51,0,0,1023,8,2,0,0
69.643062,0,0,94,59,1528,99,245,51,0,0,1023,8,2,0,0
69.647264,0,0,94,59,1528,99,245,51,0,0,1023,8,2,0,0
69.651440,0,1,94,59,1528,99,245,51,0,1,1011,8,2,0,0
69.664369,0,0,94,59,1528,99,245,51,0,1,1011,8,2,0,0
69.674176,0,0,94,59,1528,99,245,51,0,1,1011,8,2,0,0
69.678747,0,0,94,59,1528,99,245,51,0,1,1011,8,2,0,0
69.683546,1,1,94,59,1527,99,245,51,0,1,1007,8,2,0,0
69.695362,0,0,94,59,1527,99,245,51,0,1,1007,8,2,0,0
69.704919,0,0,94,59,1527,99,245,51,0,1,1007,8,2,0,0
69.709488,0,0,94,59,1527,99,245,51,0,1,1007,8,2,0,0
69.714131,0,1,94,59,1527,99,245,51,0,1,1004,8,2,0,0
69.726077,0,0,94,59,1527,99,245,51,0,1,1004,8,2,0,0
69.987067,1,1,94,59,1528,99,245,51,0,0,998,8,2,0,0
69.992223,0,0,94,59,1528,99,245,51,0,0,998,8,2,0,0
70.005605,0,0,94,59,1528,99,245,51,0,0,998,8,2,0,0
70.015204,0,0,94,59,1528,99,245,51,0,0,998,8,2,0,0
70.019397,0,1,94,59,1528,99,245,51,0,0,998,9,2,0,0
70.023923,0,0,94,59,1528,99,245,51,0,0,998,9,2,0,0
70.036239,0,0,94,59,1528,99,245,51,0,0,998,9,2,0,0
70.040312,0,1,94,59,1528,99,245,51,0,1,998,9,2,0,0
70.047950,0,0,94,59,1528,99,245,51,0,1,998,9,2,0,0
70.052081,0,0,94,59,1528,99,245,51,0,1,998,9,2,0,0
70.056230,0,0,94,59,1528,99,245,51,0,1,998,9,2,0,0
70.067242,0,0,94,59,1528,99,245,51,0,1,998,9,2,0,0
70.071423,0,1,94,59,1528,99,245,51,0,0,998,8,2,0,0
70.078517,0,1,94,59,1528,99,245,51,0,0,998,8,3,0,0
70.082640,0,0,94,59,1528,99,245,51,0,0,998,8,3,0,0
70.086794,0,0,94,59,1528,99,245,51,0,0,998,8,3,0,0
70.098565,0,0,94,59,1528,99,245,51,0,0,998,8,3,0,0
70.102703,1,1,94,59,1528,98,245,51,0,0,998,9,2,0,0
70.110045,0,0,94,59,1528,98,245,51,0,0,998,9,2,0,0
70.114172,0,0,94,59,1528,98,245,51,0,0,998,9,2,0,0
70.118304,0,0,94,59,1528,98,245,51,0,0,998,9,2,0,0
70.129258,0,0,94,59,1528,98,245,51,0,0,998,9,2,0,0
70.133351,0,1,94,59,1528,98,245,51,0,0,998,8,2,0,0
70.140646,0,0,94,59,1528,98,245,51,0,0,998,8,2,0,0
70.142533,0,0,94,59,1528,98,245,51,0,0,998,8,2,0,0
70.147000,0,0,94,59,1528,98,245,51,0,0,998,8,2,0,0
70.160361,0,1,94,59,1528,98,245,51,0,0,997,8,2,0,0
70.164612,0,0,94,59,1528,98,245,51,0,0,997,8,2,0,0
70.172280,0,0,94,59,1528,98,245,51,0,0,997,8,2,0,0
70.176846,0,0,94,59,1528,98,245,51,0,0,997,8,2,0,0
70.190135,0,1,94,59,1528,98,245,51,0,0,998,8,2,0,0
70.194678,1,0,94,59,1528,99,245,51,0,0,998,8,2,0,0
70.202864,0,0,94,59,1528,99,245,51,0,0,998,8,2,0,0
70.207772,0,0,94,59,1528,99,245,51,0,0,998,8,2,0,0
70.222126,0,1,94,59,1528,99,245,51,0,0,997,8,2,0,0
70.226684,1,1,94,59,1528,99,245,50,0,0,997,8,3,0,0
70.234266,0,0,94,59,1528,99,245,50,0,0,997,8,3,0,0
70.239668,0,1,94,59,1528,99,245,50,1,0,997,8,3,0,0
70.253611,0,1,94,59,1528,99,245,50,1,1,998,8,3,0,0
70.265023,0,1,94,59,1528,99,245,50,1,1,998,8,2,0,0
70.270963,0,1,94,59,1528,99,245,50,0,1,998,8,2,0,0
70.284540,0,1,94,59,1528,99,245,50,0,1,998,8,3,0,0
70.288701,1,0,94,59,1528,99,245,51,0,1,998,8,3,0,0
70.295593,0,0,94,59,1528,99,245,51,0,1,998,8,3,0,0
70.300114,0,1,94,59,1528,99,245,51,1,0,998,8,3,0,0
70.304664,0,1,94,59,1528,99,245,51,1,0,997,8,3,0,0
70.315449,0,1,94,59,1528,99,245,51,1,0,997,8,2,0,0
70.325588,0,0,94,59,1528,99,245,51,1,0,997,8,2,0,0
70.330462,0,0,94,59,1528,99,245,51,1,0,997,8,2,0,0
70.335000,0,1,94,59,1528,99,245,51,1,0,998,8,2,0,0
70.346394,0,0,94,59,1528,99,245,51,1,0,998,8,2,0,0
70.356396,0,0,94,59,1528,99,245,51,1,0,998,8,2,0,0
70.361027,0,1,94,59,1528,99,245,51,0,0,998,8,2,0,0
70.365195,0,1,94,59,1528,99,245,51,0,0,997,8,2,0,0
70.377827,0,0,94,59,1528,99,245,51,0,0,997,8,2,0,0
70.387455,0,0,94,59,1528,99,245,51,0,0,997,8,2,0,0
70.392037,0,0,94,59,1528,99,245,51,0,0,997,8,2,0,0
70.396225,0,0,94,59,1528,99,245,51,0,0,997,8,2,0,0
70.408459,0,0,94,59,1528,99,245,51,0,0,997,8,2,0,0
70.412641,0,0,94,59,1528,99,245,51,0,0,997,8,2,0,0
70.420285,0,1,94,59,1528,99,245,51,0,1,997,8,2,0,0
70.424486,0,0,94,59,1528,99,245,51,0,1,997,8,2,0,0
70.438326,0,0,94,59,1528,99,245,51,0,1,997,8,2,0,0
70.443210,0,0,94,59,1528,99,245,51,0,1,997,8,2,0,0
70.705175,1,1,94,59,1531,98,245,51,0,1,1013,8,2,0,0
70.718092,0,1,94,59,1531,98,245,51,1,1,1013,8,2,0,0
70.722249,0,0,94,59,1531,98,245,51,1,1,1013,8,2,0,0
70.729677,0,0,94,59,1531,98,245,51,1,1,1013,8,2,0,0
70.733771,0,0,94,59,1531,98,245,51,1,1,1013,8,2,0,0
70.737793,0,1,94,59,1531,98,245,51,0,1,1013,8,2,0,0
70.749509,0,1,94,59,1531,98,245,51,0,0,1013,8,2,0,0
70.753621,1,1,94,59,1528,99,245,51,0,0,998,8,2,0,0
70.760741,0,0,94,59,1528,99,245,51,0,0,998,8,2,0,0
70.764783,0,0,94,59,1528,99,245,51,0,0,998,8,2,0,0
70.768828,0,0,94,59,1528,99,245,51,0,0,998,8,2,0,0
70.780697,0,1,94,59,1528,99,245,51,0,0,997,8,2,0,0
70.785150,0,0,94,59,1528,99,245,51,0,0,997,8,2,0,0
70.792839,0,0,94,59,1528,99,245,51,0,0,997,8,2,0,0
70.798515,0,0,94,59,1528,99,245,51,0,0,997,8,2,0,0
70.813195,1,0,94,59,1527,99,245,51,0,0,997,8,2,0,340
70.823427,1,0,94,59,1527,99,245,50,0,0,997,8,2,0,340
70.829396,0,0,94,59,1527,99,245,50,0,0,997,8,2,0,340
70.844337,1,1,94,59,1532,99,245,50,0,0,1051,8,2,0,0
70.854811,0,0,94,59,1532,99,245,50,0,0,1051,8,2,0,0
70.860399,0,0,94,59,1532,99,245,50,0,0,1051,8,2,0,0
70.875086,1,1,94,59,1531,99,245,50,0,0,1027,8,2,0,0
70.885035,1,0,94,59,1531,99,245,51,0,0,1027,8,2,0,0
70.890091,0,0,94,59,1531,99,245,51,0,0,1027,8,2,0,0
70.903521,0,0,94,59,1531,99,245,51,0,0,1027,8,2,0,0
70.908412,1,1,94,59,1528,99,245,51,0,0,1003,8,2,0,0
70.915910,0,0,94,59,1528,99,245,51,0,0,1003,8,2,0,0
70.920564,0,0,94,59,1528,99,245,51,0,0,1003,8,2,0,0
70.925094,0,0,94,59,1528,99,245,51,0,0,1003,8,2,0,0
70.937232,1,1,94,59,1527,99,245,51,0,0,997,8,2,0,0
70.948480,0,0,94,59,1527,99,245,51,0,0,997,8,2,0,0
70.954246,0,0,94,59,1527,99,245,51,0,0,997,8,2,0,0
70.968303,0,1,94,59,1527,99,245,51,0,0,995,8,2,0,0
70.979942,0,0,94,59,1527,99,245,51,0,0,995,8,2,0,0
70.985907,0,0,94,59,1527,99,245,51,0,0,995,8,2,0,0
70.999404,0,1,94,59,1527,99,245,51,0,0,994,8,2,0,0
71.010593,0,0,94,59,1527,99,245,51,0,0,994,8,2,0,0
71.016195,0,1,94,59,1527,99,245,51,0,1,994,8,2,0,0
71.029826,0,1,94,59,1527,99,245,51,0,1,992,8,2,0,0
71.039611,1,0,94,59,1527,99,245,50,0,1,992,8,2,0,0
71.043772,0,1,94,59,1527,99,245,50,0,0,992,8,2,0,0
71.048280,0,0,94,59,1527,99,245,50,0,0,992,8,2,0,0
71.059867,0,0,94,59,1527,99,245,50,0,0,992,8,2,0,0
71.062095,0,0,94,59,1527,99,245,50,0,0,992,8,2,0,0
71.071558,0,0,94,59,1527,99,245,50,0,0,992,8,2,0,0
71.075814,0,1,94,59,1527,99,245,50,0,1,992,8,2,0,0
71.079958,0,0,94,59,1527,99,245,50,0,1,992,8,2,0,0
71.091221,1,0,94,59,1527,99,245,51,0,1,992,8,2,0,0
71.100717,0,0,94,59,1527,99,245,51,0,1,992,8,2,0,0
71.105220,0,1,94,59,1527,99,245,51,0,0,992,8,2,0,0
71.109748,0,1,94,59,1527,99,245,51,0,0,991,8,2,0,0
71.121866,0,0,94,59,1527,99,245,51,0,0,991,8,2,0,0
71.126052,0,0,94,59,1527,99,245,51,0,0,991,8,2,0,0
71.133144,0,0,94,59,1527,99,245,51,0,0,991,8,2,0,0
71.137706,1,0,94,60,1527,99,245,51,0,0,991,8,2,0,0
71.141865,0,0,94,60,1527,99,245,51,0,0,991,8,2,0,0
71.153600,0,0,94,60,1527,99,245,51,0,0,991,8,2,0,0
71.163200,0,0,94,60,1527,99,245,51,0,0,991,8,2,0,0
71.167674,0,1,94,60,1527,99,245,51,0,0,990,8,2,0,0
71.171867,0,1,94,60,1527,99,245,51,0,0,990,8,3,0,0
71.183865,0,0,94,60,1527,99,245,51,0,0,990,8,3,0,0
71.188071,0,0,94,60,1527,99,245,51,0,0,990,8,3,0,0
71.195164,0,0,94,60,1527,99,245,51,0,0,990,8,3,0,0
71.199401,0,1,94,60,1527,99,245,51,0,0,990,8,2,0,0
71.203984,0,0,94,60,1527,99,245,51,0,0,990,8,2,0,0
71.214966,0,0,94,60,1527,99,245,51,0,0,990,8,2,0,0
71.219156,0,0,94,60,1527,99,245,51,0,0,990,8,2,0,0
71.226165,0,1,94,60,1527,99,245,51,0,0,989,8,2,0,0
71.230666,1,0,94,60,1527,98,245,51,0,0,989,8,2,0,0
71.234878,0,0,94,60,1527,98,245,51,0,0,989,8,2,0,0
71.246212,0,0,94,60,1527,98,245,51,0,0,989,8,2,0,0
71.250340,0,0,94,60,1527,98,245,51,0,0,989,8,2,0,0
71.257633,0,0,94,60,1527,98,245,51,0,0,989,8,2,0,0
71.261837,0,0,94,60,1527,98,245,51,0,0,989,8,2,0,0
71.266277,0,0,94,60,1527,98,245,51,0,0,989,8,2,0,0
71.277614,0,0,94,60,1527,98,245,51,0,0,989,8,2,0,0
71.287137,0,0,94,60,1527,98,245,51,0,0,989,8,2,0,0
71.291252,0,1,94,60,1527,98,245,51,0,0,988,8,2,0,0
71.295323,0,0,94,60,1527,98,245,51,0,0,988,8,2,0,0
71.308636,0,0,94,60,1527,98,245,51,0,0,988,8,2,0,0
71.318216,0,0,94,60,1527,98,245,51,0,0,988,8,2,0,0
71.322405,0,1,94,60,1527,98,245,51,0,1,988,8,2,0,0
71.326886,0,0,94,60,1527,98,245,51,0,1,988,8,2,0,0
71.339312,0,0,94,60,1527,98,245,51,0,1,988,8,2,0,0
71.349082,0,0,94,60,1527,98,245,51,0,1,988,8,2,0,0
71.353161,0,0,94,60,1527,98,245,51,0,1,988,8,2,0,0
71.357274,0,0,94,60,1527,98,245,51,0,1,988,8,2,0,0
71.369939,0,0,94,60,1527,98,245,51,0,1,988,8,2,0,0
71.630947,1,1,94,60,1532,99,245,51,0,0,1123,8,2,0,313
71.636785,0,0,94,60,1532,99,245,51,0,0,1123,8,2,0,313
71.650606,1,1,94,60,1531,99,245,51,0,0,1141,8,2,0,0
71.661629,0,0,94,60,1531,99,245,51,0,0,1141,8,2,0,0
71.666584,0,0,94,60,1531,99,245,51,0,0,1141,8,2,0,0
71.679593,0,1,94,60,1531,99,245,51,0,0,1137,8,2,0,419
71.683795,0,1,94,60,1531,99,245,51,0,0,1137,8,3,0,419
71.692210,0,0,94,60,1531,99,245,51,0,0,1137,8,3,0,419
71.698181,0,0,94,60,1531,99,245,51,0,0,1137,8,3,0,419
71.712330,1,1,94,60,1534,99,245,51,0,0,1173,7,3,0,299
71.722277,0,0,94,60,1534,99,245,51,0,0,1173,7,3,0,299
71.726808,0,0,94,60,1534,99,245,51,0,0,1173,7,3,0,299
71.741168,0,0,94,60,1534,99,245,51,0,0,1173,7,3,0,304
71.746982,0,1,94,60,1534,99,245,51,0,0,1173,8,3,0,304
71.755079,0,0,94,60,1534,99,245,51,0,0,1173,8,3,0,304
71.760897,0,0,94,60,1534,99,245,51,0,0,1173,8,3,0,302
71.773980,0,1,94,60,1534,99,245,51,0,0,1172,8,3,0,302
71.783294,0,0,94,60,1534,99,245,51,0,0,1172,8,3,0,302
71.787527,0,0,94,60,1534,99,245,51,0,0,1172,8,3,0,302
71.791702,0,1,94,60,1534,99,245,51,0,0,1171,8,3,0,297
71.804215,0,1,94,60,1534,99,245,51,0,0,1171,8,2,0,297
71.808424,0,0,94,60,1534,99,245,51,0,0,1171,8,2,0,297
71.815999,0,0,94,60,1534,99,245,51,0,0,1171,8,2,0,297
71.820213,0,0,94,60,1534,99,245,51,0,0,1171,8,2,0,297
71.824394,0,0,94,60,1534,99,245,51,0,0,1171,8,2,0,299
71.835691,1,1,94,60,1534,100,245,51,0,0,1171,8,3,0,299
71.845182,0,0,94,60,1534,100,245,51,0,0,1171,8,3,0,299
71.849727,0,0,94,60,1534,100,245,51,0,0,1171,8,3,0,299
71.853815,0,1,94,60,1534,100,245,51,0,0,1170,8,3,0,299
71.866172,1,0,94,60,1534,99,245,51,0,0,1170,8,3,0,299
71.868806,0,0,94,60,1534,99,245,51,0,0,1170,8,3,0,299
71.878017,0,0,94,60,1534,99,245,51,0,0,1170,8,3,0,299
71.882569,0,0,94,60,1534,99,245,51,0,0,1170,8,3,0,300
71.896102,1,0,94,60,1535,99,245,51,0,0,1170,8,3,0,300
71.900530,0,1,94,60,1535,99,245,51,0,0,1170,8,3,-1,300
71.908614,0,0,94,60,1535,99,245,51,0,0,1170,8,3,-1,300
71.912830,0,0,94,60,1535,99,245,51,0,0,1170,8,3,-1,299
71.916908,0,0,94,60,1535,99,245,51,0,0,1170,8,3,-1,299
71.928300,0,0,94,60,1535,99,245,51,0,0,1170,8,3,-1,299
71.938302,0,0,94,60,1535,99,245,51,0,0,1170,8,3,-1,299
71.943346,0,0,94,60,1535,99,245,51,0,0,1170,8,3,-1,297
71.948474,0,1,94,60,1535,99,245,51,0,0,1170,8,2,0,297
71.959849,0,0,94,60,1535,99,245,51,0,0,1170,8,2,0,297
71.969365,0,0,94,60,1535,99,245,51,0,0,1170,8,2,0,297
71.974004,0,0,94,60,1535,99,245,51,0,0,1170,8,2,0,301
71.978198,0,1,94,60,1535,99,245,51,0,0,1170,8,3,0,301
71.990919,0,0,94,60,1535,99,245,51,0,0,1170,8,3,0,301
72.000504,0,0,94,60,1535,99,245,51,0,0,1170,8,3,0,301
72.005007,0,0,94,60,1535,99,245,51,0,0,1170,8,3,0,301
72.009203,0,0,94,60,1535,99,245,51,0,0,1170,8,3,0,301
72.021350,0,0,94,60,1535,99,245,51,0,0,1170,8,3,0,301
72.025546,0,0,94,60,1535,99,245,51,0,0,1170,8,3,0,301
72.032410,0,0,94,60,1535,99,245,51,0,0,1170,8,3,0,301
72.037007,0,1,94,60,1535,99,245,51,0,0,1169,8,2,0,299
72.041920,0,0,94,60,1535,99,245,51,0,0,1169,8,2,0,299
72.053266,0,0,94,60,1535,99,245,51,0,0,1169,8,2,0,299
72.063193,0,0,94,60,1535,99,245,51,0,0,1169,8,2,0,299
72.067814,0,1,94,60,1535,99,245,51,0,0,1169,8,3,0,296
72.072946,0,0,94,60,1535,99,245,51,0,0,1169,8,3,0,296
72.084151,0,0,94,60,1535,99,245,51,0,0,1169,8,3,0,296
72.093793,0,0,94,60,1535,99,245,51,0,0,1169,8,3,0,300
72.099253,0,1,94,60,1535,99,245,51,0,0,1169,8,2,0,300
72.113506,1,0,94,60,1535,99,245,50,0,0,1169,8,2,0,300
72.124536,0,0,94,60,1535,99,245,50,0,0,1169,8,2,0,298
72.130579,0,0,94,60,1535,99,245,50,0,0,1169,8,2,0,298
72.144588,0,0,94,60,1535,99,245,50,0,0,1169,8,2,0,298
72.149596,0,0,94,60,1535,99,245,50,0,0,1169,8,2,0,299
72.156920,0,0,94,60,1535,99,245,50,0,0,1169,8,2,0,299
72.161445,0,0,94,60,1535,99,245,50,0,0,1169,8,2,0,299
72.175140,0,0,94,60,1535,99,245,50,0,0,1169,8,2,0,299
72.436999,1,1,94,60,1528,99,245,51,0,0,1068,9,2,0,0
72.441969,0,1,94,60,1528,99,245,51,0,1,1068,9,2,0,0
72.454865,0,1,94,60,1528,99,245,51,0,1,1067,9,2,0,0
72.458957,0,0,94,60,1528,99,245,51,0,1,1067,9,2,0,0
72.468000,0,0,94,60,1528,99,245,51,0,1,1067,9,2,0,0
72.472556,0,0,94,60,1528,99,245,51,0,1,1067,9,2,0,0
72.485860,0,1,94,60,1528,99,245,51,0,1,1066,8,2,0,0
72.490028,0,0,94,60,1528,99,245,51,0,1,1066,8,2,0,0
72.498053,0,0,94,60,1528,99,245,51,0,1,1066,8,2,0,0
72.502582,0,1,94,60,1528,99,245,51,0,1,1065,8,2,0,0
72.506739,0,1,94,60,1528,99,245,51,0,1,1065,9,3,0,0
72.517958,0,0,94,60,1528,99,245,51,0,1,1065,9,3,0,0
72.527515,0,0,94,60,1528,99,245,51,0,1,1065,9,3,0,0
72.532005,0,0,94,60,1528,99,245,51,0,1,1065,9,3,0,0
72.536071,0,1,94,60,1528,99,245,51,0,1,1064,8,2,0,0
72.548695,0,0,94,60,1528,99,245,51,0,1,1064,8,2,0,0
72.552760,0,0,94,60,1528,99,245,51,0,1,1064,8,2,0,0
72.560740,0,0,94,60,1528,99,245,51,0,1,1064,8,2,0,0
72.565019,0,0,94,60,1528,99,245,51,0,1,1064,8,2,0,0
72.578402,0,0,94,60,1528,99,245,51,0,1,1064,8,2,0,0
72.583285,0,0,94,60,1528,99,245,51,0,1,1064,8,2,0,0
72.590745,0,0,94,60,1528,99,245,51,0,1,1064,8,2,0,0
72.592898,0,1,94,60,1528,99,245,51,0,1,1063,8,2,0,0
72.596939,0,0,94,60,1528,99,245,51,0,1,1063,8,2,0,0
72.610039,0,0,94,60,1528,99,245,51,0,1,1063,8,2,0,0
72.614125,0,0,94,60,1528,99,245,51,0,1,1063,8,2,0,0
72.621743,0,0,94,60,1528,99,245,51,0,1,1063,8,2,0,0
72.625793,0,0,94,60,1528,99,245,51,0,1,1063,8,2,0,0
72.629833,0,0,94,60,1528,99,245,51,0,1,1063,8,2,0,0
72.641693,0,0,94,60,1528,99,245,51,0,1,1063,8,2,0,0
72.645731,0,0,94,60,1528,99,245,51,0,1,1063,8,2,0,0
72.652971,0,0,94,60,1528,99,245,51,0,1,1063,8,2,0,0
72.657112,0,1,94,60,1528,99,245,51,0,1,1062,9,2,0,0
72.661590,0,0,94,60,1528,99,245,51,0,1,1062,9,2,0,0
72.672968,0,0,94,60,1528,99,245,51,0,1,1062,9,2,0,0
72.682672,0,0,94,60,1528,99,245,51,0,1,1062,9,2,0,0
72.686803,0,1,94,60,1528,99,245,51,0,0,1062,9,2,0,0
72.691323,0,0,94,60,1528,99,245,51,0,0,1062,9,2,0,0
72.703899,0,0,94,60,1528,99,245,51,0,0,1062,9,2,0,0
72.708394,0,0,94,60,1528,99,245,51,0,0,1062,9,2,0,0
72.715788,0,1,94,60,1528,99,245,51,0,0,1061,8,2,0,0
72.719967,0,0,94,60,1528,99,245,51,0,0,1061,8,2,0,0
72.733417,0,0,94,60,1528,99,245,51,0,0,1061,8,2,0,0
72.737668,0,0,94,60,1528,99,245,51,0,0,1061,8,2,0,0
72.746167,0,1,94,60,1528,99,245,51,0,1,1061,8,2,0,0
72.751040,1,0,94,60,1528,99,245,50,0,1,1061,8,2,0,0
72.764574,0,0,94,60,1528,99,245,50,0,1,1061,8,2,0,0
72.769134,0,1,94,60,1528,99,245,50,0,0,1060,8,2,0,0
72.776810,0,0,94,60,1528,99,245,50,0,0,1060,8,2,0,0
72.781007,0,0,94,60,1528,99,245,50,0,0,1060,8,2,0,0
72.785485,0,0,94,60,1528,99,245,50,0,0,1060,8,2,0,0
72.797039,0,0,94,60,1528,99,245,50,0,0,1060,8,2,0,0
72.806631,0,0,94,60,1528,99,245,50,0,0,1060,8,2,0,0
72.810784,0,0,94,60,1528,99,245,50,0,0,1060,8,2,0,0
72.816877,0,0,94,60,1528,99,245,50,0,0,1060,8,2,0,0
72.828369,0,0,94,60,1528,99,245,50,0,0,1060,8,2,0,0
72.837990,0,0,94,60,1528,99,245,50,0,0,1060,8,2,0,0
72.842518,1,0,94,60,1528,99,245,51,0,0,1060,8,2,0,0
72.847429,0,0,94,60,1528,99,245,51,0,0,1060,8,2,0,0
72.859415,0,0,94,60,1528,99,245,51,0,0,1060,8,2,0,0
72.868860,1,0,94,59,1528,99,245,51,0,0,1060,8,2,0,0
72.873031,0,0,94,59,1528,99,245,51,0,0,1060,8,2,0,0
72.877870,0,0,94,59,1528,99,245,51,0,0,1060,8,2,0,0
72.890074,0,0,94,59,1528,99,245,51,0,0,1060,8,2,0,0
73.150828,1,1,94,59,1529,99,245,51,0,0,1104,8,2,0,139
73.156103,1,1,94,59,1531,99,245,51,0,0,1123,8,2,0,389
73.169260,0,1,94,59,1531,99,245,51,0,0,1123,8,3,0,389
73.178775,0,0,94,59,1531,99,245,51,0,0,1123,8,3,0,389
73.182934,0,1,94,59,1531,99,245,51,0,0,1145,8,3,0,0
73.187104,1,0,94,59,1533,99,245,51,0,0,1145,8,3,0,0
73.199934,0,0,94,59,1533,99,245,51,0,0,1145,8,3,0,0
73.204039,0,0,94,59,1533,99,245,51,0,0,1145,8,3,0,0
73.211646,0,0,94,59,1533,99,245,51,0,0,1145,8,3,0,0
73.215726,1,1,94,59,1531,99,245,51,0,0,1126,8,3,0,0
73.219813,0,0,94,59,1531,99,245,51,0,0,1126,8,3,0,0
73.231258,0,0,94,59,1531,99,245,51,0,0,1126,8,3,0,0
73.235391,0,0,94,59,1531,99,245,51,0,0,1126,8,3,0,0
73.242716,0,0,94,59,1531,99,245,51,0,0,1126,8,3,0,0
73.246809,0,0,94,59,1531,99,245,51,0,0,1126,8,3,0,0
73.250894,0,0,94,59,1531,99,245,51,0,0,1126,8,3,0,0
73.262285,0,0,94,59,1531,99,245,51,0,0,1126,8,3,0,0
73.271729,0,0,94,59,1531,99,245,51,0,0,1126,8,3,0,0
73.275807,0,1,94,59,1531,99,245,51,0,0,1117,9,3,0,0
73.279931,0,1,94,59,1531,99,245,51,0,0,1117,9,2,0,0
73.293001,0,0,94,59,1531,99,245,51,0,0,1117,9,2,0,0
73.297108,0,0,94,59,1531,99,245,51,0,0,1117,9,2,0,0
73.304444,0,0,94,59,1531,99,245,51,0,0,1117,9,2,0,0
73.308967,0,1,94,59,1531,99,245,51,0,0,1115,9,3,0,0
73.313132,0,0,94,59,1531,99,245,51,0,0,1115,9,3,0,0
73.324413,0,0,94,59,1531,99,245,51,0,0,1115,9,3,0,0
73.333886,0,0,94,59,1531,99,245,51,0,0,1115,9,3,0,0
73.338389,0,1,94,59,1531,99,245,51,0,0,1115,8,2,0,0
73.343249,0,0,94,59,1531,99,245,51,0,0,1115,8,2,0,0
73.355007,0,0,94,59,1531,99,245,51,0,0,1115,8,2,0,0
73.359155,0,0,94,59,1531,99,245,51,0,0,1115,8,2,0,0
73.366930,0,1,94,59,1531,99,245,51,0,0,1114,8,2,0,0
73.369133,1,0,94,59,1531,98,245,51,0,0,1114,8,2,0,0
73.373994,0,0,94,59,1531,98,245,51,0,0,1114,8,2,0,0
73.386310,0,0,94,59,1531,98,245,51,0,0,1114,8,2,0,0
73.390496,0,0,94,59,1531,98,245,51,0,0,1114,8,2,0,0
73.398433,0,0,94,59,1531,98,245,51,0,0,1114,8,2,0,0
73.402906,0,0,94,59,1531,98,245,51,0,0,1114,8,2,0,0
73.416132,0,0,94,59,1531,98,245,51,0,0,1114,8,2,0,0
73.420362,0,1,94,59,1531,98,245,51,0,1,1114,8,2,0,0
73.428582,0,1,94,59,1531,98,245,51,0,1,1113,8,2,0,0
73.432775,0,0,94,59,1531,98,245,51,0,1,1113,8,2,0,0
73.437284,0,0,94,59,1531,98,245,51,0,1,1113,8,2,0,0
73.447853,0,1,94,59,1531,98,245,51,0,0,1113,8,2,0,0
73.451962,0,1,94,59,1531,98,245,51,0,0,1114,8,2,0,0
73.459879,0,0,94,59,1531,98,245,51,0,0,1114,8,2,0,0
73.463989,0,0,94,59,1531,98,245,51,0,0,1114,8,2,0,0
73.468483,0,0,94,59,1531,98,245,51,0,0,1114,8,2,0,0
73.479032,0,0,94,59,1531,98,245,51,0,0,1114,8,2,0,0
73.483172,0,1,94,59,1531,98,245,51,0,0,1113,8,2,0,0
73.490839,1,0,94,59,1531,99,245,51,0,0,1113,8,2,0,0
73.495033,0,0,94,59,1531,99,245,51,0,0,1113,8,2,0,0
73.499547,0,0,94,59,1531,99,245,51,0,0,1113,8,2,0,0
73.510607,0,0,94,59,1531,99,245,51,0,0,1113,8,2,0,0
73.519948,0,0,94,59,1531,99,245,51,0,0,1113,8,2,0,0
73.524540,0,0,94,59,1531,99,245,51,0,0,1113,8,2,0,0
73.528743,0,0,94,59,1531,99,245,51,0,0,1113,8,2,0,0
73.541083,0,0,94,59,1531,99,245,51,0,0,1113,8,2,0,0
73.545603,0,0,94,59,1531,99,245,51,0,0,1113,8,2,0,0
73.552744,0,0,94,59,1531,99,245,51,0,0,1113,8,2,0,0
73.557558,0,0,94,59,1531,99,245,51,0,0,1113,8,2,0,0
73.570842,0,0,94,59,1531,99,245,51,0,0,1113,8,2,0,0
73.575413,0,1,94,59,1531,99,245,51,0,0,1112,8,2,0,0
73.583867,0,0,94,59,1531,99,245,51,0,0,1112,8,2,0,0
73.588378,0,0,94,59,1531,99,245,51,0,0,1112,8,2,0,0
73.601851,0,0,94,59,1531,99,245,51,0,0,1112,8,2,0,0
73.605903,0,0,94,59,1531,99,245,51,0,0,1112,8,2,0,0
73.614299,0,0,94,59,1531,99,245,51,0,0,1112,8,2,0,0
73.618359,0,0,94,59,1531,99,245,51,0,0,1112,8,2,0,0
73.622439,0,0,94,59,1531,99,245,51,0,0,1112,8,2,0,0
73.634077,0,0,94,59,1531,99,245,51,0,0,1112,8,2,0,0
73.638144,1,0,94,59,1531,99,245,50,0,0,1112,8,2,0,0
73.645201,0,0,94,59,1531,99,245,50,0,0,1112,8,2,0,0
73.649376,0,0,94,59,1531,99,245,50,0,0,1112,8,2,0,0
73.653442,0,0,94,59,1531,99,245,50,0,0,1112,8,2,0,0
73.665149,0,1,94,59,1531,99,245,50,0,0,1112,8,3,0,0
73.929398,1,1,94,59,1529,99,245,51,0,1,1111,8,2,0,0
73.933492,0,1,94,59,1529,99,245,51,0,1,1111,8,3,0,0
73.944434,0,0,94,59,1529,99,245,51,0,1,1111,8,3,0,0
73.948580,0,0,94,59,1529,99,245,51,0,1,1111,8,3,0,0
73.955810,0,0,94,59,1529,99,245,51,0,1,1111,8,3,0,0
73.959901,0,1,94,59,1529,99,245,51,0,1,1110,8,3,0,0
73.964430,0,0,94,59,1529,99,245,51,0,1,1110,8,3,0,0
73.976033,0,0,94,59,1529,99,245,51,0,1,1110,8,3,0,0
73.985588,0,0,94,59,1529,99,245,51,0,1,1110,8,3,0,0
73.990099,0,1,94,59,1529,99,245,51,0,0,1110,8,3,0,0
73.994224,0,0,94,59,1529,99,245,51,0,0,1110,8,3,0,0
74.006223,0,0,94,59,1529,99,245,51,0,0,1110,8,3,0,0
74.010416,0,0,94,59,1529,99,245,51,0,0,1110,8,3,0,0
74.017439,0,1,94,59,1529,99,245,51,0,0,1111,8,3,0,0
74.021494,0,1,94,59,1529,99,245,51,0,0,1111,8,2,0,0
74.025699,0,0,94,59,1529,99,245,51,0,0,1111,8,2,0,0
74.037745,0,0,94,59,1529,99,245,51,0,0,1111,8,2,0,0
74.047563,0,1,94,59,1529,99,245,51,0,1,1111,8,2,0,0
74.051746,0,0,94,59,1529,99,245,51,0,1,1111,8,2,0,0
74.056550,0,0,94,59,1529,99,245,51,0,1,1111,8,2,0,0
74.068798,0,0,94,59,1529,99,245,51,0,1,1111,8,2,0,0
74.078221,0,1,94,59,1529,99,245,51,0,1,1110,8,2,0,0
74.082786,0,0,94,59,1529,99,245,51,0,1,1110,8,2,0,0
74.084620,0,0,94,59,1529,99,245,51,0,1,1110,8,2,0,0
74.098125,0,0,94,59,1529,99,245,51,0,1,1110,8,2,0,0
74.102680,0,1,94,59,1529,99,245,51,0,0,1110,8,2,0,0
74.110986,0,0,94,59,1529,99,245,51,0,0,1110,8,2,0,0
74.115881,0,0,94,59,1529,99,245,51,0,0,1110,8,2,0,0
74.129194,0,0,94,59,1529,99,245,51,0,0,1110,8,2,0,0
74.133916,0,0,94,59,1529,99,245,51,0,0,1110,8,2,0,0
74.141717,0,0,94,59,1529,99,245,51,0,0,1110,8,2,0,0
74.145846,0,0,94,59,1529,99,245,51,0,0,1110,8,2,0,0
74.150056,0,0,94,59,1529,99,245,51,0,0,1110,8,2,0,0
74.161373,0,0,94,59,1529,99,245,51,0,0,1110,8,2,0,0
74.165577,0,0,94,59,1529,99,245,51,0,0,1110,8,2,0,0
74.173339,0,0,94,59,1529,99,245,51,0,0,1110,8,2,0,0
74.177566,0,0,94,59,1529,99,245,51,0,0,1110,8,2,0,0
74.191322,0,0,94,59,1529,99,245,51,0,0,1110,8,2,0,0
74.195484,0,1,94,59,1529,99,245,51,0,0,1110,8,3,0,0
74.203924,0,0,94,59,1529,99,245,51,0,0,1110,8,3,0,0
74.208040,0,0,94,59,1529,99,245,51,0,0,1110,8,3,0,0
74.212534,0,0,94,59,1529,99,245,51,0,0,1110,8,3,0,0
74.223421,0,0,94,59,1529,99,245,51,0,0,1110,8,3,0,0
74.227936,1,0,94,59,1529,98,245,51,0,0,1110,8,3,0,0
74.235400,0,0,94,59,1529,98,245,51,0,0,1110,8,3,0,0
74.240528,0,0,94,59,1529,98,245,51,0,0,1110,8,3,0,0
74.254226,0,1,94,59,1529,98,245,51,0,1,1110,8,3,0,0
74.258416,0,1,94,59,1529,98,245,51,0,1,1110,8,2,0,0
74.265607,0,0,94,59,1529,98,245,51,0,1,1110,8,2,0,0
74.270133,0,0,94,59,1529,98,245,51,0,1,1110,8,2,0,0
74.274606,0,0,94,59,1529,98,245,51,0,1,1110,8,2,0,0
74.285882,0,0,94,59,1529,98,245,51,0,1,1110,8,2,0,0
74.295359,0,1,94,59,1529,98,245,51,0,1,1110,9,2,0,0
74.299401,0,0,94,59,1529,98,245,51,0,1,1110,9,2,0,0
74.303549,0,0,94,59,1529,98,245,51,0,1,1110,9,2,0,0
74.316781,0,0,94,59,1529,98,245,51,0,1,1110,9,2,0,0
74.326644,1,1,94,59,1529,99,245,51,0,1,1110,8,2,0,0
74.330857,0,0,94,59,1529,99,245,51,0,1,1110,8,2,0,0
74.335046,0,1,94,59,1529,99,245,51,0,0,1110,8,2,0,0
74.347831,0,0,94,59,1529,99,245,51,0,0,1110,8,2,0,0
74.357494,0,0,94,59,1529,99,245,51,0,0,1110,8,2,0,0
74.362021,0,0,94,59,1529,99,245,51,0,0,1110,8,2,0,0
74.366563,0,0,94,59,1529,99,245,51,0,0,1110,8,2,0,0
74.378887,0,0,94,59,1529,99,245,51,0,0,1110,8,2,0,0
74.388386,0,0,94,59,1529,99,245,51,0,0,1110,8,2,0,0
74.644948,0,1,94,59,1529,99,245,51,0,0,1109,8,3,0,0
74.658392,0,0,94,59,1529,99,245,51,0,0,1109,8,3,0,0
74.667998,0,0,94,59,1529,99,245,51,0,0,1109,8,3,0,0
74.674087,0,1,94,59,1529,99,245,51,0,0,1109,8,2,0,0
74.688568,0,0,94,59,1529,99,245,51,0,0,1109,8,2,0,0
74.698842,0,0,94,59,1529,99,245,51,0,0,1109,8,2,0,0
74.702999,0,1,94,59,1529,99,245,51,0,0,1110,8,2,0,0
74.707147,0,0,94,59,1529,99,245,51,0,0,1110,8,2,0,0
74.720390,0,0,94,59,1529,99,245,51,0,0,1110,8,2,0,0
74.729829,0,0,94,59,1529,99,245,51,0,0,1110,8,2,0,0
74.735299,0,0,94,59,1529,99,245,51,0,0,1110,8,2,0,0
74.749841,0,0,94,59,1529,99,245,51,0,0,1110,8,2,0,0
74.755578,0,1,94,59,1529,99,245,51,0,0,1109,8,2,0,0
74.763624,0,1,94,59,1529,99,245,51,0,0,1109,9,2,0,0
74.769466,0,0,94,59,1529,99,245,51,0,0,1109,9,2,0,0
74.782919,0,0,94,59,1529,99,245,51,0,0,1109,9,2,0,0
74.792575,0,1,94,59,1529,99,245,51,0,1,1109,9,2,0,0
74.797132,0,0,94,59,1529,99,245,51,0,1,1109,9,2,0,0
74.799296,0,0,94,59,1529,99,245,51,0,1,1109,9,2,0,0
74.812717,0,0,94,59,1529,99,245,51,0,1,1109,9,2,0,0
74.817196,0,0,94,59,1529,99,245,51,0,1,1109,9,2,0,0
74.823891,0,0,94,59,1529,99,245,51,0,1,1109,9,2,0,0
74.828026,1,0,94,59,1529,99,245,50,0,1,1109,9,2,0,0
74.832572,0,0,94,59,1529,99,245,50,0,1,1109,9,2,0,0
74.844125,0,0,94,59,1529,99,245,50,0,1,1109,9,2,0,0
74.853736,0,1,94,59,1529,99,245,50,0,1,1109,8,2,0,0
74.857828,0,0,94,59,1529,99,245,50,0,1,1109,8,2,0,0
74.861967,0,0,94,59,1529,99,245,50,0,1,1109,8,2,0,0
74.874740,0,0,94,59,1529,99,245,50,0,1,1109,8,2,0,0
74.878835,0,0,94,59,1529,99,245,50,0,1,1109,8,2,0,0
74.886448,1,0,94,59,1529,99,245,51,0,1,1109,8,2,0,0
74.890514,0,0,94,59,1529,99,245,51,0,1,1109,8,2,0,0
74.894671,0,0,94,59,1529,99,245,51,0,1,1109,8,2,0,0
74.905840,0,0,94,59,1529,99,245,51,0,1,1109,8,2,0,0
74.910050,0,0,94,59,1529,99,245,51,0,1,1109,8,2,0,0
74.917459,0,0,94,59,1529,99,245,51,0,1,1109,8,2,0,0
74.921961,0,0,94,59,1529,99,245,51,0,1,1109,8,2,0,0
74.926506,0,0,94,59,1529,99,245,51,0,1,1109,8,2,0,0
74.937762,0,0,94,59,1529,99,245,51,0,1,1109,8,2,0,0
74.947645,0,0,94,59,1529,99,245,51,0,1,1109,8,2,0,0
74.951853,0,0,94,59,1529,99,245,51,0,1,1109,8,2,0,0
74.956431,0,1,94,59,1529,99,245,51,0,0,1109,8,2,0,0
74.967752,0,0,94,59,1529,99,245,51,0,0,1109,8,2,0,0
74.978012,0,1,94,59,1529,99,245,51,0,0,1109,9,2,0,0
74.982138,0,0,94,59,1529,99,245,51,0,0,1109,9,2,0,0
74.986648,0,0,94,59,1529,99,245,51,0,0,1109,9,2,0,0
74.999123,0,0,94,59,1529,99,245,51,0,0,1109,9,2,0,0
75.008616,0,0,94,59,1529,99,245,51,0,0,1109,9,2,0,0
75.012704,0,0,94,59,1529,99,245,51,0,0,1109,9,2,0,0
75.016818,0,0,94,59,1529,99,245,51,0,0,1109,9,2,0,0
75.029859,1,0,94,59,1529,100,245,51,0,0,1109,9,2,0,0
75.039884,0,0,94,59,1529,100,245,51,0,0,1109,9,2,0,0
75.044401,0,0,94,59,1529,100,245,51,0,0,1109,9,2,0,0
75.048946,0,1,94,59,1529,100,245,51,0,1,1109,9,2,0,0
75.061158,1,1,94,59,1529,99,245,51,0,1,1109,8,2,0,0
75.071062,0,0,94,59,1529,99,245,51,0,1,1109,8,2,0,0
75.075614,0,0,94,59,1529,99,245,51,0,1,1109,8,2,0,0
75.079728,0,1,94,59,1529,99,245,51,0,0,1109,8,2,0,0
75.091854,0,1,94,59,1529,99,245,51,0,0,1109,8,3,0,0
75.095863,0,0,94,59,1529,99,245,51,0,0,1109,8,3,0,0
75.357426,0,1,94,59,1529,99,245,51,0,0,1109,8,2,0,0
75.370434,0,0,94,59,1529,99,245,51,0,0,1109,8,2,0,0
75.375228,0,0,94,59,1529,99,245,51,0,0,1109,8,2,0,0
75.383156,0,0,94,59,1529,99,245,51,0,0,1109,8,2,0,0
75.387675,0,0,94,59,1529,99,245,51,0,0,1109,8,2,0,0
75.401009,0,0,94,59,1529,99,245,51,0,0,1109,8,2,0,0
75.405215,0,0,94,59,1529,99,245,51,0,0,1109,8,2,0,0
75.413269,0,0,94,59,1529,99,245,51,0,0,1109,8,2,0,0
75.417807,0,0,94,59,1529,99,245,51,0,0,1109,8,2,0,0
75.422036,0,0,94,59,1529,99,245,51,0,0,1109,8,2,0,0
75.433418,0,0,94,59,1529,99,245,51,0,0,1109,8,2,0,0
75.443242,0,0,94,59,1529,99,245,51,0,0,1109,8,2,0,0
75.447395,0,0,94,59,1529,99,245,51,0,0,1109,8,2,0,0
75.451523,0,0,94,59,1529,99,245,51,0,0,1109,8,2,0,0
75.464358,0,0,94,59,1529,99,245,51,0,0,1109,8,2,0,0
75.473990,0,0,94,59,1529,99,245,51,0,0,1109,8,2,0,0
75.478546,0,0,94,59,1529,99,245,51,0,0,1109,8,2,0,0
75.483024,0,0,94,59,1529,99,245,51,0,0,1109,8,2,0,0
75.495772,0,0,94,59,1529,99,245,51,0,0,1109,8,2,0,0
75.505143,0,0,94,59,1529,99,245,51,0,0,1109,8,2,0,0
75.509314,0,0,94,59,1529,99,245,51,0,0,1109,8,2,0,0
75.511828,0,0,94,59,1529,99,245,51,0,0,1109,8,2,0,0
75.524958,0,0,94,59,1529,99,245,51,0,0,1109,8,2,0,0
75.529079,0,0,94,59,1529,99,245,51,0,0,1109,8,2,0,0
75.537854,0,0,94,59,1529,99,245,51,0,0,1109,8,2,0,0
75.541937,0,0,94,59,1529,99,245,51,0,0,1109,8,2,0,0
75.546040,0,0,94,59,1529,99,245,51,0,0,1109,8,2,0,0
75.556993,0,0,94,59,1529,99,245,51,0,0,1109,8,2,0,0
75.561067,0,0,94,59,1529,99,245,51,0,0,1109,8,2,0,0
75.568146,0,0,94,59,1529,99,245,51,0,0,1109,8,2,0,0
75.572266,0,0,94,59,1529,99,245,51,0,0,1109,8,2,0,0
75.576383,0,0,94,59,1529,99,245,51,0,0,1109,8,2,0,0
75.588453,0,0,94,59,1529,99,245,51,0,0,1109,8,2,0,0
75.598163,0,0,94,59,1529,99,245,51,0,0,1109,8,2,0,0
75.603018,0,0,94,59,1529,99,245,51,0,0,1109,8,2,0,0
75.607760,0,0,94,59,1529,99,245,51,0,0,1109,8,2,0,0
75.619820,0,0,94,59,1529,99,245,51,0,0,1109,8,2,0,0
75.629444,0,0,94,59,1529,99,245,51,0,0,1109,8,2,0,0
75.634320,0,0,94,59,1529,99,245,51,0,0,1109,8,2,0,0
75.639213,0,1,94,59,1529,99,245,51,0,1,1108,8,2,0,0
75.650536,0,1,94,59,1529,99,245,51,0,1,1108,9,2,0,0
75.660058,0,0,94,59,1529,99,245,51,0,1,1108,9,2,0,0
75.664257,0,0,94,59,1529,99,245,51,0,1,1108,9,2,0,0
75.668788,0,1,94,59,1529,99,245,51,0,0,1109,9,2,0,0
75.681193,0,1,94,59,1529,99,245,51,0,0,1109,8,2,0,0
75.685462,0,0,94,59,1529,99,245,51,0,0,1109,8,2,0,0
75.692440,0,0,94,59,1529,99,245,51,0,0,1109,8,2,0,0
75.697318,0,1,94,59,1529,99,245,51,0,1,1109,8,2,0,0
75.701491,0,0,94,59,1529,99,245,51,0,1,1109,8,2,0,0
75.713120,0,0,94,59,1529,99,245,51,0,1,1109,8,2,0,0
75.723030,0,0,94,59,1529,99,245,51,0,1,1109,8,2,0,0
75.727173,0,0,94,59,1529,99,245,51,0,1,1109,8,2,0,0
75.731283,0,0,94,59,1529,99,245,51,0,1,1109,8,2,0,0
75.743100,0,0,94,59,1529,99,245,51,0,1,1109,8,2,0,0
75.747205,0,0,94,59,1529,99,245,51,0,1,1109,8,2,0,0
75.754238,0,0,94,59,1529,99,245,51,0,1,1109,8,2,0,0
75.758417,0,1,94,59,1529,99,245,51,0,1,1108,8,2,0,0
75.762504,0,0,94,59,1529,99,245,51,0,1,1108,8,2,0,0
75.774166,0,0,94,59,1529,99,245,51,0,1,1108,8,2,0,0
75.778673,0,0,94,59,1529,99,245,51,0,1,1108,8,2,0,0
75.785377,0,0,94,59,1529,99,245,51,0,1,1108,8,2,0,0
75.789467,0,0,94,59,1529,99,245,51,0,1,1108,8,2,0,0
75.793570,0,1,94,59,1529,99,245,51,0,1,1108,8,3,0,0
75.805187,0,0,94,59,1529,99,245,51,0,1,1108,8,3,0,0
75.809244,0,0,94,59,1529,99,245,51,0,1,1108,8,3,0,0
76.069533,1,1,94,59,1526,99,245,51,0,1,840,9,1,1,0
76.083781,0,0,94,59,1526,99,245,51,0,1,840,9,1,1,0
76.094992,0,1,94,59,1526,99,245,51,0,1,841,9,1,1,0
76.099830,0,0,94,59,1526,99,245,51,0,1,841,9,1,1,0
76.104167,0,0,94,59,1526,99,245,51,0,1,841,9,1,1,0
76.115820,0,0,94,59,1526,99,245,51,0,1,841,9,1,1,0
76.125329,0,1,94,59,1526,99,245,51,0,1,841,9,2,1,0
76.130516,0,0,94,59,1526,99,245,51,0,1,841,9,2,1,0
76.135076,0,0,94,59,1526,99,245,51,0,1,841,9,2,1,0
76.146672,0,0,94,59,1526,99,245,51,0,1,841,9,2,1,0
76.156251,0,1,94,59,1526,99,245,51,0,1,841,9,1,1,0
76.160447,0,0,94,59,1526,99,245,51,0,1,841,9,1,1,0
76.164989,0,0,94,59,1526,99,245,51,0,1,841,9,1,1,0
76.178426,0,1,94,59,1526,99,245,51,0,1,842,9,1,1,0
76.188137,1,1,94,59,1526,98,245,51,0,1,842,9,1,0,0
76.192691,0,0,94,59,1526,98,245,51,0,1,842,9,1,0,0
76.196913,0,0,94,59,1526,98,245,51,0,1,842,9,1,0,0
76.208759,0,1,94,59,1526,98,245,51,0,1,841,9,1,0,0
76.218404,0,1,94,59,1526,98,245,51,0,1,841,9,1,1,0
76.222526,0,0,94,59,1526,98,245,51,0,1,841,9,1,1,0
76.225463,0,1,94,59,1526,98,245,51,1,1,841,9,1,1,0
76.238872,0,1,94,59,1526,98,245,51,1,1,842,8,1,1,0
76.249559,1,1,94,59,1526,99,245,51,1,1,842,8,2,1,0
76.254495,0,0,94,59,1526,99,245,51,1,1,842,8,2,1,0
76.258700,0,1,94,59,1526,99,245,51,1,2,841,8,2,1,0
76.270422,0,1,94,59,1526,99,245,51,1,2,841,9,1,1,0
76.274627,0,0,94,59,1526,99,245,51,1,2,841,9,1,1,0
76.282746,0,0,94,59,1526,99,245,51,1,2,841,9,1,1,0
76.287226,0,0,94,59,1526,99,245,51,1,2,841,9,1,1,0
76.300357,0,1,94,59,1526,99,245,51,1,2,842,9,1,1,0
76.304869,0,1,94,59,1526,99,245,51,1,2,842,9,1,0,0
76.313267,0,0,94,59,1526,99,245,51,1,2,842,9,1,0,0
76.317809,0,1,94,59,1526,99,245,51,0,2,842,9,1,0,0
76.331613,0,1,94,59,1526,99,245,51,0,1,842,9,1,0,0
76.342509,1,1,94,59,1526,99,245,50,0,1,842,9,2,0,0
76.346664,0,0,94,59,1526,99,245,50,0,1,842,9,2,0,0
76.350818,0,1,94,59,1526,99,245,50,0,2,842,9,2,0,0
76.363872,0,1,94,59,1526,99,245,50,0,2,842,9,1,0,0
76.373579,0,0,94,59,1526,99,245,50,0,2,842,9,1,0,0
76.377727,0,0,94,59,1526,99,245,50,0,2,842,9,1,0,0
76.381783,0,1,94,59,1526,99,245,50,0,1,842,9,1,0,0
76.394738,0,1,94,59,1526,99,245,50,0,1,842,8,1,0,0
76.398836,0,0,94,59,1526,99,245,50,0,1,842,8,1,0,0
76.405747,0,0,94,59,1526,99,245,50,0,1,842,8,1,0,0
76.409849,0,1,94,59,1526,99,245,50,0,2,842,8,1,0,0
76.413935,0,1,94,59,1526,99,245,50,0,2,842,9,1,0,0
76.425414,1,0,94,59,1526,99,245,51,0,2,842,9,1,0,0
76.429490,0,0,94,59,1526,99,245,51,0,2,842,9,1,0,0
76.436644,0,1,94,59,1526,99,245,51,1,2,842,9,1,0,0
76.440698,0,0,94,59,1526,99,245,51,1,2,842,9,1,0,0
76.444766,0,0,94,59,1526,99,245,51,1,2,842,9,1,0,0
76.456444,0,1,94,59,1526,99,245,51,1,2,842,9,1,1,0
76.460524,0,0,94,59,1526,99,245,51,1,2,842,9,1,1,0
76.467917,0,1,94,59,1526,99,245,51,0,2,842,9,1,1,0
76.472000,0,0,94,59,1526,99,245,51,0,2,842,9,1,1,0
76.476487,0,0,94,59,1526,99,245,51,0,2,842,9,1,1,0
76.487515,1,0,94,59,1526,99,245,50,0,2,842,9,1,1,0
76.491604,0,0,94,59,1526,99,245,50,0,2,842,9,1,1,0
76.498617,0,1,94,59,1526,99,245,50,0,1,842,9,1,1,0
76.502811,0,1,94,59,1526,99,245,50,0,1,843,8,1,1,0
76.507320,0,1,94,59,1526,99,245,50,0,1,843,8,2,1,0
76.518564,0,0,94,59,1526,99,245,50,0,1,843,8,2,1,0
76.528451,0,0,94,59,1526,99,245,50,0,1,843,8,2,1,0
76.797098,1,1,94,59,1529,99,245,50,0,1,894,8,1,0,0
76.808104,0,1,94,59,1529,99,245,50,0,1,894,8,2,0,0
76.813023,0,0,94,59,1529,99,245,50,0,1,894,8,2,0,0
76.817454,0,0,94,59,1529,99,245,50,0,1,894,8,2,0,0
76.829199,0,1,94,59,1529,99,245,50,0,1,893,8,2,0,0
76.839081,0,0,94,59,1529,99,245,50,0,1,893,8,2,0,0
76.843648,1,0,94,59,1529,99,245,51,0,1,893,8,2,0,0
76.847817,0,0,94,59,1529,99,245,51,0,1,893,8,2,0,0
76.860449,0,1,94,59,1529,99,245,51,0,1,894,8,2,0,0
76.869825,0,0,94,59,1529,99,245,51,0,1,894,8,2,0,0
76.874137,0,0,94,59,1529,99,245,51,0,1,894,8,2,0,0
76.878637,0,1,94,59,1529,99,245,51,1,1,894,8,2,0,0
76.890638,0,1,94,59,1529,99,245,51,1,1,893,8,2,0,0
76.894768,0,1,94,59,1529,99,245,51,1,1,893,8,2,1,0
76.901969,0,0,94,59,1529,99,245,51,1,1,893,8,2,1,0
76.906088,0,0,94,59,1529,99,245,51,1,1,893,8,2,1,0
76.910255,0,1,94,59,1529,99,245,51,0,1,893,8,2,1,0
76.922590,0,0,94,59,1529,99,245,51,0,1,893,8,2,1,0
76.932813,0,1,94,59,1529,99,245,51,0,1,893,8,2,0,0
76.937028,0,0,94,59,1529,99,245,51,0,1,893,8,2,0,0
76.941536,0,0,94,59,1529,99,245,51,0,1,893,8,2,0,0
76.952703,0,0,94,59,1529,99,245,51,0,1,893,8,2,0,0
76.955267,0,0,94,59,1529,99,245,51,0,1,893,8,2,0,0
76.964235,0,0,94,59,1529,99,245,51,0,1,893,8,2,0,0
76.968397,0,0,94,59,1529,99,245,51,0,1,893,8,2,0,0
76.973259,0,0,94,59,1529,99,245,51,0,1,893,8,2,0,0
76.984175,0,0,94,59,1529,99,245,51,0,1,893,8,2,0,0
76.993723,1,0,94,59,1529,99,245,50,0,1,893,8,2,0,0
76.997793,0,0,94,59,1529,99,245,50,0,1,893,8,2,0,0
77.001852,0,0,94,59,1529,99,245,50,0,1,893,8,2,0,0
77.014666,0,0,94,59,1529,99,245,50,0,1,893,8,2,0,0
77.018794,0,0,94,59,1529,99,245,50,0,1,893,8,2,0,0
77.026087,0,0,94,59,1529,99,245,50,0,1,893,8,2,0,0
77.030126,0,0,94,59,1529,99,245,50,0,1,893,8,2,0,0
77.034215,0,0,94,59,1529,99,245,50,0,1,893,8,2,0,0
77.046079,0,0,94,59,1529,99,245,50,0,1,893,8,2,0,0
77.050218,0,0,94,59,1529,99,245,50,0,1,893,8,2,0,0
77.057134,0,0,94,59,1529,99,245,50,0,1,893,8,2,0,0
77.061165,1,1,94,60,1529,99,245,50,0,0,892,8,2,0,0
77.065295,0,0,94,60,1529,99,245,50,0,0,892,8,2,0,0
77.076749,0,0,94,60,1529,99,245,50,0,0,892,8,2,0,0
77.080808,0,0,94,60,1529,99,245,50,0,0,892,8,2,0,0
77.087876,0,0,94,60,1529,99,245,50,0,0,892,8,2,0,0
77.091957,0,1,94,60,1529,99,245,50,0,0,893,8,2,0,0
77.096054,0,0,94,60,1529,99,245,50,0,0,893,8,2,0,0
77.107798,1,0,94,60,1529,99,245,51,0,0,893,8,2,0,0
77.111834,0,0,94,60,1529,99,245,51,0,0,893,8,2,0,0
77.119234,0,1,94,60,1529,99,245,51,0,1,893,8,2,0,0
77.123275,0,0,94,60,1529,99,245,51,0,1,893,8,2,0,0
77.127866,0,1,94,60,1529,99,245,51,0,1,893,8,2,1,0
77.139169,0,0,94,60,1529,99,245,51,0,1,893,8,2,1,0
77.148813,0,0,94,60,1529,99,245,51,0,1,893,8,2,1,0
77.152930,0,1,94,60,1529,99,245,51,0,0,893,8,2,1,0
77.157473,0,1,94,60,1529,99,245,51,0,0,893,8,1,0,0
77.170639,1,0,94,60,1529,99,245,50,0,0,893,8,1,0,0
77.179915,0,0,94,60,1529,99,245,50,0,0,893,8,1,0,0
77.184124,0,0,94,60,1529,99,245,50,0,0,893,8,1,0,0
77.188638,0,0,94,60,1529,99,245,50,0,0,893,8,1,0,0
77.201524,0,0,94,60,1529,99,245,50,0,0,893,8,1,0,0
77.211183,0,0,94,60,1529,99,245,50,0,0,893,8,1,0,0
77.215683,0,1,94,60,1529,99,245,50,0,1,893,8,1,0,0
77.220526,1,0,94,60,1529,99,245,51,0,1,893,8,1,0,0
77.232315,0,0,94,60,1529,99,245,51,0,1,893,8,1,0,0
77.242106,0,0,94,60,1529,99,245,51,0,1,893,8,1,0,0
77.247057,0,0,94,60,1529,99,245,51,0,1,893,8,1,0,0
77.251563,0,0,94,60,1529,99,245,51,0,1,893,8,1,0,0
77.514892,1,1,94,59,1526,98,245,51,0,1,817,8,1,1,0
77.522682,0,1,94,59,1526,98,245,51,0,1,817,8,2,1,0
77.527189,0,0,94,59,1526,98,245,51,0,1,817,8,2,1,0
77.540754,0,1,94,59,1526,98,245,51,1,0,817,8,2,1,0
77.544905,0,1,94,59,1526,98,245,51,1,0,817,8,1,1,0
77.553526,0,0,94,59,1526,98,245,51,1,0,817,8,1,1,0
77.557720,0,0,94,59,1526,98,245,51,1,0,817,8,1,1,0
77.562195,0,1,94,59,1526,98,245,51,0,1,817,8,1,1,0
77.572986,0,1,94,59,1526,98,245,51,0,1,817,9,1,1,0
77.577090,0,1,94,59,1526,98,245,51,0,1,817,9,2,1,0
77.584809,0,0,94,59,1526,98,245,51,0,1,817,9,2,1,0
77.588966,0,0,94,59,1526,98,245,51,0,1,817,9,2,1,0
77.593502,0,1,94,59,1526,98,245,51,0,1,816,9,2,1,0
77.604914,0,1,94,59,1526,98,245,51,0,1,816,8,2,1,0
77.614268,0,1,94,59,1526,98,245,51,0,1,816,8,1,1,0
77.618415,0,0,94,59,1526,98,245,51,0,1,816,8,1,1,0
77.622556,0,0,94,59,1526,98,245,51,0,1,816,8,1,1,0
77.635020,0,1,94,59,1526,98,245,51,0,1,817,8,1,1,0
77.644996,0,1,94,59,1526,98,245,51,0,1,817,8,2,1,0
77.649170,0,0,94,59,1526,98,245,51,0,1,817,8,2,1,0
77.653275,0,0,94,59,1526,98,245,51,0,1,817,8,2,1,0
77.666792,0,0,94,59,1526,98,245,51,0,1,817,8,2,1,0
77.668909,0,0,94,59,1526,98,245,51,0,1,817,8,2,1,0
77.677489,0,0,94,59,1526,98,245,51,0,1,817,8,2,1,0
77.681605,0,0,94,59,1526,98,245,51,0,1,817,8,2,1,0
77.685780,0,0,94,59,1526,98,245,51,0,1,817,8,2,1,0
77.697055,0,1,94,59,1526,98,245,51,0,1,817,8,2,0,0
77.701182,0,0,94,59,1526,98,245,51,0,1,817,8,2,0,0
77.708886,0,0,94,59,1526,98,245,51,0,1,817,8,2,0,0
77.712965,0,0,94,59,1526,98,245,51,0,1,817,8,2,0,0
77.717108,0,1,94,59,1526,98,245,51,0,1,817,9,2,0,0
77.728156,0,1,94,59,1526,98,245,51,0,1,817,9,2,1,0
77.732356,0,0,94,59,1526,98,245,51,0,1,817,9,2,1,0
77.739363,0,0,94,59,1526,98,245,51,0,1,817,9,2,1,0
77.743505,0,0,94,59,1526,98,245,51,0,1,817,9,2,1,0
77.747586,0,0,94,59,1526,98,245,51,0,1,817,9,2,1,0
77.759113,0,0,94,59,1526,98,245,51,0,1,817,9,2,1,0
77.763598,0,0,94,59,1526,98,245,51,0,1,817,9,2,1,0
77.771580,0,0,94,59,1526,98,245,51,0,1,817,9,2,1,0
77.776139,0,0,94,59,1526,98,245,51,0,1,817,9,2,1,0
77.789537,0,1,94,59,1526,98,245,51,0,1,817,8,1,0,0
77.794013,0,0,94,59,1526,98,245,51,0,1,817,8,1,0,0
77.801557,0,0,94,59,1526,98,245,51,0,1,817,8,1,0,0
77.806118,0,1,94,59,1526,98,245,51,1,1,817,8,1,0,0
77.810704,0,1,94,59,1526,98,245,51,1,1,817,8,2,0,0
77.821954,0,1,94,59,1526,98,245,51,1,1,817,8,2,1,0
77.831373,0,0,94,59,1526,98,245,51,1,1,817,8,2,1,0
77.835899,0,0,94,59,1526,98,245,51,1,1,817,8,2,1,0
77.840098,0,0,94,59,1526,98,245,51,1,1,817,8,2,1,0
77.853312,0,0,94,59,1526,98,245,51,1,1,817,8,2,1,0
77.863357,0,1,94,59,1526,98,245,51,0,1,817,8,2,1,0
77.867889,0,0,94,59,1526,98,245,51,0,1,817,8,2,1,0
77.872469,0,1,94,59,1526,98,245,51,0,1,817,8,1,1,0
77.883152,0,0,94,59,1526,98,245,51,0,1,817,8,1,1,0
77.887621,0,0,94,59,1526,98,245,51,0,1,817,8,1,1,0
77.895007,0,0,94,59,1526,98,245,51,0,1,817,8,1,1,0
77.899525,0,0,94,59,1526,98,245,51,0,1,817,8,1,1,0
77.912970,1,0,94,59,1526,99,245,51,0,1,817,8,1,1,0
77.917524,0,0,94,59,1526,99,245,51,0,1,817,8,1,1,0
77.925785,0,0,94,59,1526,99,245,51,0,1,817,8,1,1,0
77.930289,0,0,94,59,1526,99,245,51,0,1,817,8,1,1,0
77.943967,0,1,94,59,1526,99,245,51,0,1,817,8,1,0,0
77.948191,0,0,94,59,1526,99,245,51,0,1,817,8,1,0,0
77.956906,0,0,94,59,1526,99,245,51,0,1,817,8,1,0,0
77.961817,1,1,94,59,1526,100,245,51,0,1,817,8,2,0,0
77.975133,0,1,94,59,1526,100,245,51,0,1,817,8,2,1,0
78.240376,1,1,94,59,1528,98,245,51,0,1,885,8,1,0,0
78.254091,0,0,94,59,1528,98,245,51,0,1,885,8,1,0,0
78.258181,0,1,94,59,1528,98,245,51,0,1,882,9,1,0,0
78.266531,0,0,94,59,1528,98,245,51,0,1,882,9,1,0,0
78.270676,0,0,94,59,1528,98,245,51,0,1,882,9,1,0,0
78.274786,0,0,94,59,1528,98,245,51,0,1,882,9,1,0,0
78.286597,0,1,94,59,1528,98,245,51,0,1,880,8,1,0,0
78.290769,0,0,94,59,1528,98,245,51,0,1,880,8,1,0,0
78.297639,0,0,94,59,1528,98,245,51,0,1,880,8,1,0,0
78.301715,0,0,94,59,1528,98,245,51,0,1,880,8,1,0,0
78.305881,0,0,94,59,1528,98,245,51,0,1,880,8,1,0,0
78.317372,0,0,94,59,1528,98,245,51,0,1,880,8,1,0,0
78.321419,0,0,94,59,1528,98,245,51,0,1,880,8,1,0,0
78.328758,0,0,94,59,1528,98,245,51,0,1,880,8,1,0,0
78.332865,0,0,94,59,1528,98,245,51,0,1,880,8,1,0,0
78.337014,0,0,94,59,1528,98,245,51,0,1,880,8,1,0,0
78.348709,0,0,94,59,1528,98,245,51,0,1,880,8,1,0,0
78.358310,0,1,94,59,1528,98,245,51,0,1,880,8,1,1,0
78.362432,0,0,94,59,1528,98,245,51,0,1,880,8,1,1,0
78.366558,0,0,94,59,1528,98,245,51,0,1,880,8,1,1,0
78.379364,0,1,94,59,1528,98,245,51,0,1,879,8,1,1,0
78.383475,0,0,94,59,1528,98,245,51,0,1,879,8,1,1,0
78.390965,0,0,94,59,1528,98,245,51,0,1,879,8,1,1,0
78.393895,0,0,94,59,1528,98,245,51,0,1,879,8,1,1,0
78.398790,0,0,94,59,1528,98,245,51,0,1,879,8,1,1,0
78.411097,0,1,94,59,1528,98,245,51,0,1,879,8,1,0,0
78.420679,0,0,94,59,1528,98,245,51,0,1,879,8,1,0,0
78.424882,0,0,94,59,1528,98,245,51,0,1,879,8,1,0,0
78.429737,0,0,94,59,1528,98,245,51,0,1,879,8,1,0,0
78.442193,0,0,94,59,1528,98,245,51,0,1,879,8,1,0,0
78.451628,0,0,94,59,1528,98,245,51,0,1,879,8,1,0,0
78.456130,0,0,94,59,1528,98,245,51,0,1,879,8,1,0,0
78.460348,0,1,94,59,1528,98,245,51,0,1,879,9,1,0,0
78.472810,0,1,94,59,1528,98,245,51,0,1,879,9,2,0,0
78.482414,0,0,94,59,1528,98,245,51,0,1,879,9,2,0,0
78.486571,0,0,94,59,1528,98,245,51,0,1,879,9,2,0,0
78.490751,0,1,94,59,1528,98,245,51,0,1,879,8,2,0,0
78.503455,0,1,94,59,1528,98,245,51,0,1,879,8,1,0,0
78.508037,0,0,94,59,1528,98,245,51,0,1,879,8,1,0,0
78.515387,0,0,94,59,1528,98,245,51,0,1,879,8,1,0,0
78.519559,0,0,94,59,1528,98,245,51,0,1,879,8,1,0,0
78.533462,0,0,94,59,1528,98,245,51,0,1,879,8,1,0,0
78.538073,0,0,94,59,1528,98,245,51,0,1,879,8,1,0,0
78.546032,0,0,94,59,1528,98,245,51,0,1,879,8,1,0,0
78.550556,0,0,94,59,1528,98,245,51,0,1,879,8,1,0,0
78.554819,1,0,94,59,1528,99,245,51,0,1,879,8,1,0,0
78.565671,0,0,94,59,1528,99,245,51,0,1,879,8,1,0,0
78.575355,0,0,94,59,1528,99,245,51,0,1,879,8,1,0,0
78.580221,0,0,94,59,1528,99,245,51,0,1,879,8,1,0,0
78.584762,1,0,94,59,1528,98,245,51,0,1,879,8,1,0,0
78.597261,0,0,94,59,1528,98,245,51,0,1,879,8,1,0,0
78.606871,0,0,94,59,1528,98,245,51,0,1,879,8,1,0,0
78.611696,0,0,94,59,1528,98,245,51,0,1,879,8,1,0,0
78.615810,0,0,94,59,1528,98,245,51,0,1,879,8,1,0,0
78.627809,0,0,94,59,1528,98,245,51,0,1,879,8,1,0,0
78.637405,0,0,94,59,1528,98,245,51,0,1,879,8,1,0,0
78.641555,0,0,94,59,1528,98,245,51,0,1,879,8,1,0,0
78.645745,1,0,94,59,1528,99,245,51,0,1,879,8,1,0,0
78.659245,0,0,94,59,1528,99,245,51,0,1,879,8,1,0,0
78.668598,0,0,94,59,1528,99,245,51,0,1,879,8,1,0,0
78.673368,0,0,94,59,1528,99,245,51,0,1,879,8,1,0,0
78.677955,0,1,94,59,1528,99,245,51,0,1,879,8,1,1,0
78.690002,0,0,94,59,1528,99,245,51,0,1,879,8,1,1,0
78.949062,1,1,94,59,1534,98,245,51,0,0,1296,7,2,0,413
78.953260,0,0,94,59,1534,98,245,51,0,0,1296,7,2,0,413
78.957410,0,0,94,59,1534,98,245,51,0,0,1296,7,2,0,413
78.968626,1,1,94,59,1540,98,245,51,0,0,1358,7,2,0,0
78.973082,0,0,94,59,1540,98,245,51,0,0,1358,7,2,0,0
78.980300,0,0,94,59,1540,98,245,51,0,0,1358,7,2,0,0
78.984397,0,0,94,59,1540,98,245,51,0,0,1358,7,2,0,0
78.988495,0,0,94,59,1540,98,245,51,0,0,1358,7,2,0,0
78.999624,1,1,94,59,1536,98,245,51,0,0,1320,8,2,0,0
79.003769,0,0,94,59,1536,98,245,51,0,0,1320,8,2,0,0
79.010810,0,0,94,59,1536,98,245,51,0,0,1320,8,2,0,0
79.015375,0,0,94,59,1536,98,245,51,0,0,1320,8,2,0,0
79.019553,0,0,94,59,1536,98,245,51,0,0,1320,8,2,0,0
79.031091,1,1,94,59,1538,98,245,51,0,0,1353,8,3,0,283
79.040625,0,0,94,59,1538,98,245,51,0,0,1353,8,3,0,283
79.045146,0,0,94,59,1538,98,245,51,0,0,1353,8,3,0,283
79.050127,0,0,94,59,1538,98,245,51,0,0,1353,8,3,0,277
79.062045,1,1,94,59,1540,98,245,51,0,0,1380,8,2,0,277
79.072012,0,0,94,59,1540,98,245,51,0,0,1380,8,2,0,277
79.076533,0,0,94,59,1540,98,245,51,0,0,1380,8,2,0,277
79.081434,0,0,94,59,1540,98,245,51,0,0,1380,8,2,0,279
79.093336,1,1,94,59,1540,99,245,51,0,0,1377,7,2,0,279
79.102799,0,0,94,59,1540,99,245,51,0,0,1377,7,2,0,279
79.107012,0,0,94,59,1540,99,245,51,0,0,1377,7,2,0,279
79.111545,0,0,94,59,1540,99,245,51,0,0,1377,7,2,0,279
79.123972,1,1,94,59,1540,98,245,51,0,0,1376,8,2,0,279
79.133723,0,0,94,59,1540,98,245,51,0,0,1376,8,2,0,279
79.137889,0,0,94,59,1540,98,245,51,0,0,1376,8,2,0,279
79.142092,0,1,94,59,1540,98,245,51,0,0,1374,8,2,0,277
79.154775,0,1,94,59,1540,98,245,51,0,0,1374,8,3,0,277
79.158822,0,0,94,59,1540,98,245,51,0,0,1374,8,3,0,277
79.166087,0,0,94,59,1540,98,245,51,0,0,1374,8,3,0,277
79.170241,0,0,94,59,1540,98,245,51,0,0,1374,8,3,0,277
79.174446,1,0,94,59,1540,99,245,51,0,0,1374,8,3,0,274
79.186074,0,0,94,59,1540,99,245,51,0,0,1374,8,3,0,274
79.195675,0,0,94,59,1540,99,245,51,0,0,1374,8,3,0,274
79.200580,0,0,94,59,1540,99,245,51,0,0,1374,8,3,0,274
79.205112,1,1,94,59,1540,98,245,51,0,0,1373,8,3,0,275
79.217192,0,1,94,59,1540,98,245,51,0,0,1373,8,2,0,275
79.219381,0,0,94,59,1540,98,245,51,0,0,1373,8,2,0,275
79.227836,0,0,94,59,1540,98,245,51,0,0,1373,8,2,0,275
79.232773,0,1,94,59,1540,98,245,51,0,0,1372,8,2,0,280
79.246631,1,0,94,59,1540,99,245,51,0,0,1372,8,2,0,280
79.250813,0,0,94,59,1540,99,245,51,0,0,1372,8,2,0,280
79.259220,0,0,94,59,1540,99,245,51,0,0,1372,8,2,0,280
79.263423,0,0,94,59,1540,99,245,51,0,0,1372,8,2,0,276
79.267923,1,0,94,59,1540,98,245,51,0,0,1372,8,2,0,276
79.279485,0,0,94,59,1540,98,245,51,0,0,1372,8,2,0,276
79.288952,0,0,94,59,1540,98,245,51,0,0,1372,8,2,0,276
79.293121,0,0,94,59,1540,98,245,51,0,0,1372,8,2,0,280
79.297280,0,0,94,59,1540,98,245,51,0,0,1372,8,2,0,280
79.309807,0,0,94,59,1540,98,245,51,0,0,1372,8,2,0,280
79.319645,0,0,94,59,1540,98,245,51,0,0,1372,8,2,0,280
79.323617,0,0,94,59,1540,98,245,51,0,0,1372,8,2,0,279
79.328557,1,1,94,59,1540,99,245,51,0,0,1372,8,3,0,279
79.342179,0,0,94,59,1540,99,245,51,0,0,1372,8,3,0,279
79.352550,0,0,94,59,1540,99,245,51,0,0,1372,8,3,0,279
79.358059,0,1,94,59,1540,99,245,51,0,0,1371,8,3,0,279
79.371574,0,0,94,59,1540,99,245,51,0,0,1371,8,3,0,279
79.375760,0,0,94,59,1540,99,245,51,0,0,1371,8,3,0,279
79.383710,0,0,94,59,1540,99,245,51,0,0,1371,8,3,0,279
79.387858,0,0,94,59,1540,99,245,51,0,0,1371,8,3,0,279
79.401620,0,0,94,59,1540,99,245,51,0,0,1371,8,3,0,279
79.405810,0,0,94,59,1540,99,245,51,0,0,1371,8,3,0,279
79.413949,0,1,94,59,1540,99,245,51,0,0,1370,8,3,0,280
79.418131,0,1,94,59,1540,99,245,51,0,0,1370,8,2,0,280
79.422332,0,0,94,59,1540,99,245,51,0,0,1370,8,2,0,280
79.434554,0,0,94,59,1540,99,245,51,0,0,1370,8,2,0,280
79.444363,0,0,94,59,1540,99,245,51,0,0,1370,8,2,0,279
79.448556,0,1,94,59,1540,99,245,51,0,0,1369,8,2,0,279
79.452730,0,0,94,59,1540,99,245,51,0,0,1369,8,2,0,279
79.465262,0,0,94,59,1540,99,245,51,0,0,1369,8,2,0,279
79.474758,0,0,94,59,1540,99,245,51,0,0,1369,8,2,0,277
79.479609,0,1,94,59,1540,99,245,51,0,0,1369,8,3,0,277
79.483829,0,0,94,59,1540,99,245,51,0,0,1369,8,3,0,277
79.496534,0,0,94,59,1540,99,245,51,0,0,1369,8,3,0,277
79.505893,0,0,94,59,1540,99,245,51,0,0,1369,8,3,0,280
79.510050,0,1,94,59,1540,99,245,51,0,0,1369,8,2,0,280
79.514180,0,0,94,59,1540,99,245,51,0,0,1369,8,2,0,280
79.527157,0,0,94,59,1540,99,245,51,0,0,1369,8,2,0,280
79.792037,1,1,94,59,1531,99,245,50,0,1,1128,9,2,0,0
79.805697,1,1,94,59,1529,99,245,50,0,1,1119,8,2,0,0
79.809887,0,1,94,59,1529,99,245,50,0,1,1119,8,2,1,0
79.818239,0,0,94,59,1529,99,245,50,0,1,1119,8,2,1,0
79.822813,0,1,94,59,1529,99,245,50,0,0,1119,8,2,1,0
79.835993,1,1,94,59,1531,99,245,50,0,0,1115,8,2,1,0
79.840287,1,1,94,59,1531,99,245,51,0,0,1115,8,2,0,0
79.848149,0,0,94,59,1531,99,245,51,0,0,1115,8,2,0,0
79.852870,0,1,94,59,1531,99,245,51,0,1,1115,8,2,0,0
79.866887,0,1,94,59,1531,99,245,51,0,1,1113,8,2,0,0
79.872561,0,0,94,59,1531,99,245,51,0,1,1113,8,2,0,0
79.879576,0,0,94,59,1531,99,245,51,0,1,1113,8,2,0,0
79.884120,0,0,94,59,1531,99,245,51,0,1,1113,8,2,0,0
79.888284,0,0,94,59,1531,99,245,51,0,1,1113,8,2,0,0
79.899511,0,0,94,59,1531,99,245,51,0,1,1113,8,2,0,0
79.909103,0,0,94,59,1531,99,245,51,0,1,1113,8,2,0,0
79.913578,0,0,94,59,1531,99,245,51,0,1,1113,8,2,0,0
79.918153,0,1,94,59,1531,99,245,51,0,1,1112,8,2,0,0
79.930476,0,0,94,59,1531,99,245,51,0,1,1112,8,2,0,0
79.940001,0,0,94,59,1531,99,245,51,0,1,1112,8,2,0,0
79.944165,0,1,94,59,1531,99,245,51,0,0,1111,8,2,0,0
79.948739,1,0,94,59,1529,99,245,51,0,0,1111,8,2,0,0
79.961460,0,0,94,59,1529,99,245,51,0,0,1111,8,2,0,0
79.971061,0,0,94,59,1529,99,245,51,0,0,1111,8,2,0,0
79.975630,1,1,94,59,1531,99,245,51,0,1,1111,8,2,0,0
79.980094,0,0,94,59,1531,99,245,51,0,1,1111,8,2,0,0
79.992786,0,0,94,59,1531,99,245,51,0,1,1111,8,2,0,0
80.002409,0,0,94,59,1531,99,245,51,0,1,1111,8,2,0,0
80.006922,0,0,94,59,1531,99,245,51,0,1,1111,8,2,0,0
80.011438,0,0,94,59,1531,99,245,51,0,1,1111,8,2,0,0
80.023496,0,0,94,59,1531,99,245,51,0,1,1111,8,2,0,0
80.032995,0,0,94,59,1531,99,245,51,0,1,1111,8,2,0,0
80.037537,0,0,94,59,1531,99,245,51,0,1,1111,8,2,0,0
80.041735,0,1,94,59,1531,99,245,51,0,1,1111,9,2,0,0
80.054081,0,0,94,59,1531,99,245,51,0,1,1111,9,2,0,0
80.058219,0,0,94,59,1531,99,245,51,0,1,1111,9,2,0,0
80.065607,0,0,94,59,1531,99,245,51,0,1,1111,9,2,0,0
80.070471,0,1,94,59,1531,99,245,51,0,1,1111,8,2,0,0
80.084005,0,0,94,59,1531,99,245,51,0,1,1111,8,2,0,0
80.088700,0,0,94,59,1531,99,245,51,0,1,1111,8,2,0,0
80.097270,0,0,94,59,1531,99,245,51,0,1,1111,8,2,0,0
80.102185,0,1,94,59,1531,99,245,51,0,1,1111,9,2,0,0
80.115677,1,0,94,59,1531,99,245,50,0,1,1111,9,2,0,0
80.119876,0,0,94,59,1531,99,245,50,0,1,1111,9,2,0,0
80.127590,0,0,94,59,1531,99,245,50,0,1,1111,9,2,0,0
80.129458,0,0,94,59,1531,99,245,50,0,1,1111,9,2,0,0
80.133556,0,0,94,59,1531,99,245,50,0,1,1111,9,2,0,0
80.146808,0,0,94,59,1531,99,245,50,0,1,1111,9,2,0,0
80.151301,0,0,94,59,1531,99,245,50,0,1,1111,9,2,0,0
80.158237,0,0,94,59,1531,99,245,50,0,1,1111,9,2,0,0
80.163009,1,0,94,59,1531,99,245,51,0,1,1111,9,2,0,0
80.167472,0,0,94,59,1531,99,245,51,0,1,1111,9,2,0,0
80.178820,0,0,94,59,1531,99,245,51,0,1,1111,9,2,0,0
80.188803,0,0,94,59,1531,99,245,51,0,1,1111,9,2,0,0
80.193468,1,0,94,59,1531,100,245,51,0,1,1111,9,2,0,0
80.197681,0,0,94,59,1531,100,245,51,0,1,1111,9,2,0,0
80.209134,0,0,94,59,1531,100,245,51,0,1,1111,9,2,0,0
80.213620,0,0,94,59,1531,100,245,51,0,1,1111,9,2,0,0
80.221083,0,1,94,59,1531,100,245,51,0,1,1111,8,2,0,0
80.226001,1,0,94,59,1531,98,245,50,0,1,1111,8,2,0,0
80.239965,0,0,94,59,1531,98,245,50,0,1,1111,8,2,0,0
80.244562,0,0,94,59,1531,98,245,50,0,1,1111,8,2,0,0
80.251875,1,1,94,59,1529,98,245,50,0,1,1110,8,2,0,0
80.256011,0,0,94,59,1529,98,245,50,0,1,1110,8,2,0,0
80.260156,0,0,94,59,1529,98,245,50,0,1,1110,8,2,0,0
80.271250,0,0,94,59,1529,98,245,50,0,1,1110,8,2,0,0
80.275530,0,1,94,59,1529,98,245,50,0,0,1110,8,2,0,0
80.283417,1,1,94,59,1529,99,245,50,0,0,1110,9,2,0,0
80.287601,0,0,94,59,1529,99,245,50,0,0,1110,9,2,0,0
80.301095,0,0,94,59,1529,99,245,50,0,0,1110,9,2,0,0
80.305685,0,0,94,59,1529,99,245,50,0,0,1110,9,2,0,0
80.313773,1,0,94,59,1531,99,245,50,0,0,1110,9,2,0,0
80.318697,0,0,94,59,1531,99,245,50,0,0,1110,9,2,0,0
80.331978,0,0,94,59,1531,99,245,50,0,0,1110,9,2,0,0
80.336506,0,1,94,59,1531,99,245,50,0,0,1110,8,2,0,0
80.345097,0,1,94,59,1531,99,245,50,0,0,1110,8,1,0,0
80.349645,1,0,94,59,1531,99,245,51,0,0,1110,8,1,0,0
80.362984,0,0,94,59,1531,99,245,51,0,0,1110,8,1,0,0
80.367940,1,0,94,59,1529,99,245,51,0,0,1110,8,1,0,0
80.376331,0,1,94,59,1529,99,245,51,0,0,1110,8,2,0,0
80.381136,0,0,94,59,1529,99,245,51,0,0,1110,8,2,0,0
80.394285,0,0,94,59,1529,99,245,51,0,0,1110,8,2,0,0
80.398820,0,0,94,59,1529,99,245,51,0,0,1110,8,2,0,0
80.407040,0,0,94,59,1529,99,245,51,0,0,1110,8,2,0,0
80.411620,0,0,94,59,1529,99,245,51,0,0,1110,8,2,0,0
80.425013,0,0,94,59,1529,99,245,51,0,0,1110,8,2,0,0
80.429263,0,0,94,59,1529,99,245,51,0,0,1110,8,2,0,0
80.690267,1,1,94,59,1529,99,245,50,0,1,1110,8,2,0,0
80.704782,0,0,94,59,1529,99,245,50,0,1,1110,8,2,0,0
80.710195,0,0,94,59,1529,99,245,50,0,1,1110,8,2,0,0
80.718149,0,0,94,59,1529,99,245,50,0,1,1110,8,2,0,0
80.723532,0,1,94,59,1529,99,245,50,0,1,1109,8,2,0,0
80.737936,0,0,94,59,1529,99,245,50,0,1,1109,8,2,0,0
80.747776,0,0,94,59,1529,99,245,50,0,1,1109,8,2,0,0
80.752275,0,1,94,59,1529,99,245,50,0,1,1110,8,2,0,0
80.756802,0,0,94,59,1529,99,245,50,0,1,1110,8,2,0,0
80.767692,1,0,94,59,1529,99,245,51,0,1,1110,8,2,0,0
80.771809,0,0,94,59,1529,99,245,51,0,1,1110,8,2,0,0
80.778837,0,1,94,59,1529,99,245,51,0,0,1110,8,2,0,0
80.782920,0,1,94,59,1529,99,245,51,0,0,1109,8,2,0,0
80.787088,0,0,94,59,1529,99,245,51,0,0,1109,8,2,0,0
80.798415,0,0,94,59,1529,99,245,51,0,0,1109,8,2,0,0
80.802504,0,0,94,59,1529,99,245,51,0,0,1109,8,2,0,0
80.809897,0,0,94,59,1529,99,245,51,0,0,1109,8,2,0,0
80.814814,0,0,94,59,1529,99,245,51,0,0,1109,8,2,0,0
80.818857,0,0,94,59,1529,99,245,51,0,0,1109,8,2,0,0
80.829779,0,0,94,59,1529,99,245,51,0,0,1109,8,2,0,0
80.833822,0,0,94,59,1529,99,245,51,0,0,1109,8,2,0,0
80.840985,0,0,94,59,1529,99,245,51,0,0,1109,8,2,0,0
80.842911,0,0,94,59,1529,99,245,51,0,0,1109,8,2,0,0
80.846965,0,0,94,59,1529,99,245,51,0,0,1109,8,2,0,0
80.859858,0,0,94,59,1529,99,245,51,0,0,1109,8,2,0,0
80.863869,0,0,94,59,1529,99,245,51,0,0,1109,8,2,0,0
80.871988,0,1,94,59,1529,99,245,51,0,1,1109,8,2,0,0
80.876133,0,0,94,59,1529,99,245,51,0,1,1109,8,2,0,0
80.880256,0,0,94,59,1529,99,245,51,0,1,1109,8,2,0,0
80.891469,0,0,94,59,1529,99,245,51,0,1,1109,8,2,0,0
80.895610,0,0,94,59,1529,99,245,51,0,1,1109,8,2,0,0
80.902622,0,0,94,59,1529,99,245,51,0,1,1109,8,2,0,0
80.906833,0,0,94,59,1529,99,245,51,0,1,1109,8,2,0,0
80.911384,0,0,94,59,1529,99,245,51,0,1,1109,8,2,0,0
80.922848,0,0,94,59,1529,99,245,51,0,1,1109,8,2,0,0
80.932719,0,1,94,59,1529,99,245,51,0,0,1109,8,2,0,0
80.937212,0,0,94,59,1529,99,245,51,0,0,1109,8,2,0,0
80.941399,0,0,94,59,1529,99,245,51,0,0,1109,8,2,0,0
80.953847,0,0,94,59,1529,99,245,51,0,0,1109,8,2,0,0
80.963432,0,0,94,59,1529,99,245,51,0,0,1109,8,2,0,0
80.967998,0,1,94,59,1529,99,245,51,0,0,1109,9,2,0,0
80.972182,0,0,94,59,1529,99,245,51,0,0,1109,9,2,0,0
80.984887,0,0,94,59,1529,99,245,51,0,0,1109,9,2,0,0
80.994414,0,0,94,59,1529,99,245,51,0,0,1109,9,2,0,0
80.998969,0,0,94,59,1529,99,245,51,0,0,1109,9,2,0,0
81.003514,0,0,94,59,1529,99,245,51,0,0,1109,9,2,0,0
81.015907,0,0,94,59,1529,99,245,51,0,0,1109,9,2,0,0
81.025703,0,0,94,59,1529,99,245,51,0,0,1109,9,2,0,0
81.030554,1,0,94,59,1529,99,245,50,0,0,1109,9,2,0,0
81.034737,0,0,94,59,1529,99,245,50,0,0,1109,9,2,0,0
81.046568,0,0,94,59,1529,99,245,50,0,0,1109,9,2,0,0
81.050825,0,1,94,59,1529,99,245,50,0,0,1109,8,2,0,0
81.058179,0,0,94,59,1529,99,245,50,0,0,1109,8,2,0,0
81.062666,0,0,94,59,1529,99,245,50,0,0,1109,8,2,0,0
81.066804,0,0,94,59,1529,99,245,50,0,0,1109,8,2,0,0
81.077698,0,0,94,59,1529,99,245,50,0,0,1109,8,2,0,0
81.081934,0,0,94,59,1529,99,245,50,0,0,1109,8,2,0,0
81.089988,0,0,94,59,1529,99,245,50,0,0,1109,8,2,0,0
81.095791,0,0,94,59,1529,99,245,50,0,0,1109,8,2,0,0
81.109860,0,0,94,59,1529,99,245,50,0,0,1109,8,2,0,0
81.119470,0,1,94,59,1529,99,245,50,0,0,1109,9,2,1,0
81.123974,1,0,94,59,1529,99,245,51,0,0,1109,9,2,1,0
81.128518,0,0,94,59,1529,99,245,51,0,0,1109,9,2,1,0
81.140318,0,0,94,59,1529,99,245,51,0,0,1109,9,2,1,0
81.404214,1,1,94,59,1529,99,245,50,0,1,1109,9,2,0,0
81.417435,0,1,94,59,1529,99,245,50,0,1,1109,8,2,0,0
81.421933,0,0,94,59,1529,99,245,50,0,1,1109,8,2,0,0
81.430158,0,0,94,59,1529,99,245,50,0,1,1109,8,2,0,0
81.434250,0,1,94,59,1529,99,245,50,0,0,1109,8,2,0,0
81.438340,0,0,94,59,1529,99,245,50,0,0,1109,8,2,0,0
81.450095,0,0,94,59,1529,99,245,50,0,0,1109,8,2,0,0
81.459552,0,0,94,59,1529,99,245,50,0,0,1109,8,2,0,0
81.463675,0,0,94,59,1529,99,245,50,0,0,1109,8,2,0,0
81.468113,0,0,94,59,1529,99,245,50,0,0,1109,8,2,0,0
81.480707,1,0,94,59,1529,99,245,51,0,0,1109,8,2,0,0
81.484822,0,0,94,59,1529,99,245,51,0,0,1109,8,2,0,0
81.492141,0,0,94,59,1529,99,245,51,0,0,1109,8,2,0,0
81.496270,0,1,94,59,1529,99,245,51,0,1,1109,8,2,0,0
81.500451,0,0,94,59,1529,99,245,51,0,1,1109,8,2,0,0
81.512568,0,0,94,59,1529,99,245,51,0,1,1109,8,2,0,0
81.521967,0,0,94,59,1529,99,245,51,0,1,1109,8,2,0,0
81.526128,0,0,94,59,1529,99,245,51,0,1,1109,8,2,0,0
81.530625,0,0,94,59,1529,99,245,51,0,1,1109,8,2,0,0
81.543449,0,0,94,59,1529,99,245,51,0,1,1109,8,2,0,0
81.552898,0,0,94,59,1529,99,245,51,0,1,1109,8,2,0,0
81.557134,0,1,94,59,1529,99,245,51,0,0,1109,8,2,0,0
81.560019,0,1,94,59,1529,99,245,51,0,0,1109,8,2,1,0
81.573615,0,0,94,59,1529,99,245,51,0,0,1109,8,2,1,0
81.577771,0,0,94,59,1529,99,245,51,0,0,1109,8,2,1,0
81.585563,0,0,94,59,1529,99,245,51,0,0,1109,8,2,1,0
81.589772,0,1,94,59,1529,99,245,51,0,0,1109,8,2,0,0
81.603575,0,0,94,59,1529,99,245,51,0,0,1109,8,2,0,0
81.607823,0,0,94,59,1529,99,245,51,0,0,1109,8,2,0,0
81.617410,0,1,94,59,1529,99,245,51,0,1,1109,8,2,0,0
81.623317,0,0,94,59,1529,99,245,51,0,1,1109,8,2,0,0
81.637261,0,0,94,59,1529,99,245,51,0,1,1109,8,2,0,0
81.647454,0,1,94,59,1529,99,245,51,0,0,1109,8,2,0,0
81.653151,0,0,94,59,1529,99,245,51,0,0,1109,8,2,0,0
81.667115,0,0,94,59,1529,99,245,51,0,0,1109,8,2,0,0
81.677502,0,1,94,59,1529,99,245,51,1,1,1109,8,2,0,0
81.683402,0,0,94,59,1529,99,245,51,1,1,1109,8,2,0,0
81.698127,0,0,94,59,1529,99,245,51,1,1,1109,8,2,0,0
81.709218,0,1,94,59,1529,99,245,51,0,0,1109,8,2,0,0
81.715085,0,0,94,59,1529,99,245,51,0,0,1109,8,2,0,0
81.729239,0,0,94,59,1529,99,245,51,0,0,1109,8,2,0,0
81.740277,0,0,94,59,1529,99,245,51,0,0,1109,8,2,0,0
81.746218,0,0,94,59,1529,99,245,51,0,0,1109,8,2,0,0
81.760413,0,0,94,59,1529,99,245,51,0,0,1109,8,2,0,0
81.771551,0,1,94,59,1529,99,245,51,0,0,1109,9,2,0,0
81.777478,0,0,94,59,1529,99,245,51,0,0,1109,9,2,0,0
81.792060,0,0,94,59,1529,99,245,51,0,0,1109,9,2,0,0
81.802089,0,0,94,59,1529,99,245,51,0,0,1109,9,2,0,0
81.807950,0,0,94,59,1529,99,245,51,0,0,1109,9,2,0,0
81.822197,0,0,94,59,1529,99,245,51,0,0,1109,9,2,0,0
81.833221,0,1,94,59,1529,99,245,51,0,0,1109,8,2,0,0
81.839120,0,0,94,59,1529,99,245,51,0,0,1109,8,2,0,0
81.853138,0,0,94,59,1529,99,245,51,0,0,1109,8,2,0,0
81.863336,0,0,94,59,1529,99,245,51,0,0,1109,8,2,0,0
82.119167,1,1,94,59,1538,99,245,51,0,0,1254,8,2,0,0
82.131866,0,0,94,59,1538,99,245,51,0,0,1254,8,2,0,0
82.136005,0,0,94,59,1538,99,245,51,0,0,1254,8,2,0,0
82.144213,0,0,94,59,1538,99,245,51,0,0,1254,8,2,0,0
82.148732,0,1,94,59,1538,99,245,51,0,0,1213,8,2,0,375
82.161993,1,0,94,59,1532,99,245,51,0,0,1213,8,2,0,375
82.166855,1,0,94,59,1532,99,245,50,0,0,1213,8,2,0,375
82.174859,0,0,94,59,1532,99,245,50,0,0,1213,8,2,0,375
82.179773,1,1,94,59,1539,99,245,50,0,0,1290,9,2,0,313
82.193105,0,1,94,59,1539,99,245,50,0,0,1290,9,3,0,313
82.197406,0,0,94,59,1539,99,245,50,0,0,1290,9,3,0,313
82.205892,0,0,94,59,1539,99,245,50,0,0,1290,9,3,0,313
82.210449,1,1,94,59,1540,99,245,50,0,0,1292,8,3,0,309
82.223832,0,0,94,59,1540,99,245,50,0,0,1292,8,3,0,309
82.228350,0,0,94,59,1540,99,245,50,0,0,1292,8,3,0,309
82.236794,0,0,94,59,1540,99,245,50,0,0,1292,8,3,0,309
82.241856,0,0,94,59,1540,99,245,50,0,0,1292,8,3,0,309
82.255184,0,0,94,59,1540,99,245,50,0,0,1292,8,3,0,309
82.259726,0,0,94,59,1540,99,245,50,0,0,1292,8,3,0,309
82.267194,0,0,94,59,1540,99,245,50,0,0,1292,8,3,0,309
82.271361,0,0,94,59,1540,99,245,50,0,0,1292,8,3,0,309
82.275918,0,0,94,59,1540,99,245,50,0,0,1292,8,3,0,309
82.287501,0,0,94,59,1540,99,245,50,0,0,1292,8,3,0,309
82.297032,0,0,94,59,1540,99,245,50,0,0,1292,8,3,0,309
82.301582,1,1,94,59,1540,98,245,50,0,0,1291,8,3,0,310
82.306476,1,0,94,59,1540,98,245,51,0,0,1291,8,3,0,310
82.318171,0,0,94,59,1540,98,245,51,0,0,1291,8,3,0,310
82.328214,0,0,94,59,1540,98,245,51,0,0,1291,8,3,0,311
82.332769,1,1,94,59,1540,99,245,51,0,0,1291,8,2,0,311
82.334987,0,0,94,59,1540,99,245,51,0,0,1291,8,2,0,311
82.348795,0,0,94,59,1540,99,245,51,0,0,1291,8,2,0,311
82.353359,0,0,94,59,1540,99,245,51,0,0,1291,8,2,0,311
82.360144,0,0,94,59,1540,99,245,51,0,0,1291,8,2,0,308
82.364294,1,1,94,59,1540,98,245,51,0,0,1291,8,3,0,308
82.368410,0,0,94,59,1540,98,245,51,0,0,1291,8,3,0,308
82.379942,0,0,94,59,1540,98,245,51,0,0,1291,8,3,0,308
82.384003,0,1,94,59,1540,98,245,51,0,0,1290,8,3,0,315
82.391191,1,0,94,59,1540,99,245,51,0,0,1290,8,3,0,315
82.395319,1,0,94,59,1540,99,245,50,0,0,1290,8,3,0,315
82.399406,0,0,94,59,1540,99,245,50,0,0,1290,8,3,0,315
82.411144,0,0,94,59,1540,99,245,50,0,0,1290,8,3,0,315
82.415216,0,0,94,59,1540,99,245,50,0,0,1290,8,3,0,315
82.422473,0,0,94,59,1540,99,245,50,0,0,1290,8,3,0,313
82.426593,0,0,94,59,1540,99,245,50,0,0,1290,8,3,0,313
82.430728,0,0,94,59,1540,99,245,50,0,0,1290,8,3,0,313
82.442136,0,0,94,59,1540,99,245,50,0,0,1290,8,3,0,313
82.446223,0,0,94,59,1540,99,245,50,0,0,1290,8,3,0,311
82.453264,0,0,94,59,1540,99,245,50,0,0,1290,8,3,0,311
82.457407,0,0,94,59,1540,99,245,50,0,0,1290,8,3,0,311
82.461501,0,0,94,59,1540,99,245,50,0,0,1290,8,3,0,311
82.473187,0,0,94,59,1540,99,245,50,0,0,1290,8,3,0,311
82.477323,0,0,94,59,1540,99,245,50,0,0,1290,8,3,0,314
82.484790,0,0,94,59,1540,99,245,50,0,0,1290,8,3,0,314
82.488841,1,0,94,59,1540,99,245,51,0,0,1290,8,3,0,314
82.493287,0,0,94,59,1540,99,245,51,0,0,1290,8,3,0,314
82.504140,0,0,94,59,1540,99,245,51,0,0,1290,8,3,0,314
82.514302,0,0,94,59,1540,99,245,51,0,0,1290,8,3,0,314
82.518525,0,0,94,59,1540,99,245,51,0,0,1290,8,3,0,314
82.522709,0,0,94,59,1540,99,245,51,0,0,1290,8,3,0,314
82.535506,0,0,94,59,1540,99,245,51,0,0,1290,8,3,0,314
82.545038,0,0,94,59,1540,99,245,51,0,0,1290,8,3,0,311
82.549179,0,0,94,59,1540,99,245,51,0,0,1290,8,3,0,311
82.553359,0,0,94,59,1540,99,245,51,0,0,1290,8,3,0,311
82.566591,0,0,94,59,1540,99,245,51,0,0,1290,8,3,0,314
82.576095,0,0,94,59,1540,99,245,51,0,0,1290,8,3,0,314
82.580228,0,0,94,59,1540,99,245,51,0,0,1290,8,3,0,314
82.584786,0,0,94,59,1540,99,245,51,0,0,1290,8,3,0,314
82.597192,0,0,94,59,1540,99,245,51,0,0,1290,8,3,0,311
82.601390,0,0,94,59,1540,99,245,51,0,0,1290,8,3,0,311
82.608710,0,0,94,59,1540,99,245,51,0,0,1290,8,3,0,311
82.612729,0,0,94,59,1540,99,245,51,0,0,1290,8,3,0,311
82.617263,0,0,94,59,1540,99,245,51,0,0,1290,8,3,0,311
82.628467,0,0,94,59,1540,99,245,51,0,0,1290,8,3,0,315
82.632573,0,1,94,59,1540,99,245,51,0,0,1290,8,2,0,315
82.895238,1,1,94,59,1531,99,245,51,0,0,1096,9,2,0,0
82.907380,0,0,94,59,1531,99,245,51,0,0,1096,9,2,0,0
82.917248,0,0,94,59,1531,99,245,51,0,0,1096,9,2,0,0
82.921831,0,1,94,59,1531,99,245,51,0,1,1096,8,2,0,0
82.926360,0,1,94,59,1531,99,245,51,0,1,1096,8,3,0,0
82.939120,0,0,94,59,1531,99,245,51,0,1,1096,8,3,0,0
82.948520,0,0,94,59,1531,99,245,51,0,1,1096,8,3,0,0
82.952712,0,1,94,59,1531,99,245,51,0,1,1095,9,3,0,0
82.956896,0,0,94,59,1531,99,245,51,0,1,1095,9,3,0,0
82.969742,0,0,94,59,1531,99,245,51,0,1,1095,9,3,0,0
82.979564,0,0,94,59,1531,99,245,51,0,1,1095,9,3,0,0
82.983823,0,1,94,59,1531,99,245,51,0,1,1094,9,2,0,0
82.987968,0,0,94,59,1531,99,245,51,0,1,1094,9,2,0,0
83.000700,0,0,94,59,1531,99,245,51,0,1,1094,9,2,0,0
83.010288,0,0,94,59,1531,99,245,51,0,1,1094,9,2,0,0
83.014453,0,0,94,59,1531,99,245,51,0,1,1094,9,2,0,0
83.018984,0,0,94,59,1531,99,245,51,0,1,1094,9,2,0,0
83.031395,0,0,94,59,1531,99,245,51,0,1,1094,9,2,0,0
83.041257,0,0,94,59,1531,99,245,51,0,1,1094,9,2,0,0
83.045753,0,1,94,59,1531,99,245,51,0,1,1094,9,2,1,0
83.048666,0,0,94,59,1531,99,245,51,0,1,1094,9,2,1,0
83.062086,0,0,94,59,1531,99,245,51,0,1,1094,9,2,1,0
83.066637,0,1,94,59,1531,99,245,51,0,0,1094,9,2,1,0
83.073731,1,0,94,59,1531,100,245,51,0,0,1094,9,2,1,0
83.078231,0,1,94,59,1531,100,245,51,0,0,1094,9,2,0,0
83.082783,0,0,94,59,1531,100,245,51,0,0,1094,9,2,0,0
83.094115,0,0,94,59,1531,100,245,51,0,0,1094,9,2,0,0
83.103596,0,0,94,59,1531,100,245,51,0,0,1094,9,2,0,0
83.108149,1,0,94,59,1531,98,245,51,0,0,1094,9,2,0,0
83.112649,0,0,94,59,1531,98,245,51,0,0,1094,9,2,0,0
83.124767,0,1,94,59,1531,98,245,51,0,1,1094,9,2,0,0
83.134304,0,0,94,59,1531,98,245,51,0,1,1094,9,2,0,0
83.138896,0,1,94,59,1531,98,245,51,0,1,1094,9,3,1,0
83.143113,0,0,94,59,1531,98,245,51,0,1,1094,9,3,1,0
83.155351,0,0,94,59,1531,98,245,51,0,1,1094,9,3,1,0
83.159535,1,1,94,59,1529,98,245,51,0,1,1094,8,3,1,0
83.166834,0,1,94,59,1529,98,245,51,0,1,1094,8,2,1,0
83.170971,0,0,94,59,1529,98,245,51,0,1,1094,8,2,1,0
83.175109,0,0,94,59,1529,98,245,51,0,1,1094,8,2,1,0
83.186400,0,0,94,59,1529,98,245,51,0,1,1094,8,2,1,0
83.190923,1,1,94,59,1531,98,245,51,0,1,1093,8,3,1,0
83.197698,0,0,94,59,1531,98,245,51,0,1,1093,8,3,1,0
83.203792,0,0,94,59,1531,98,245,51,0,1,1093,8,3,1,0
83.217897,0,1,94,59,1531,98,245,51,0,0,1093,8,3,1,0
83.228949,0,1,94,59,1531,98,245,51,0,0,1094,9,2,0,0
83.234586,0,0,94,59,1531,98,245,51,0,0,1094,9,2,0,0
83.247822,0,1,94,59,1531,98,245,51,0,1,1094,9,2,0,0
83.252301,1,0,94,59,1529,98,245,51,0,1,1094,9,2,0,0
83.260237,0,0,94,59,1529,98,245,51,0,1,1094,9,2,0,0
83.264371,0,0,94,59,1529,98,245,51,0,1,1094,9,2,0,0
83.268486,0,0,94,59,1529,98,245,51,0,1,1094,9,2,0,0
83.279445,0,0,94,59,1529,98,245,51,0,1,1094,9,2,0,0
83.283532,0,0,94,59,1529,98,245,51,0,1,1094,9,2,0,0
83.290900,0,0,94,59,1529,98,245,51,0,1,1094,9,2,0,0
83.294986,0,0,94,59,1529,98,245,51,0,1,1094,9,2,0,0
83.299129,0,0,94,59,1529,98,245,51,0,1,1094,9,2,0,0
83.310477,0,0,94,59,1529,98,245,51,0,1,1094,9,2,0,0
83.320401,0,0,94,59,1529,98,245,51,0,1,1094,9,2,0,0
83.324557,0,0,94,59,1529,98,245,51,0,1,1094,9,2,0,0
83.328662,0,1,94,59,1529,98,245,51,0,0,1094,9,2,0,0
83.341829,0,1,94,59,1529,98,245,51,0,0,1093,9,2,0,0
83.345916,0,0,94,59,1529,98,245,51,0,0,1093,9,2,0,0
83.606220,1,1,94,59,1529,99,245,51,0,1,1066,8,2,1,0
83.620996,0,0,94,59,1529,99,245,51,0,1,1066,8,2,1,0
83.631558,0,0,94,59,1529,99,245,51,0,1,1066,8,2,1,0
83.637212,0,0,94,59,1529,99,245,51,0,1,1066,8,2,1,0
83.651934,0,0,94,59,1529,99,245,51,0,1,1066,8,2,1,0
83.661880,0,0,94,59,1529,99,245,51,0,1,1066,8,2,1,0
83.666975,1,1,94,59,1529,100,245,51,0,1,1065,9,3,1,0
83.671177,0,0,94,59,1529,100,245,51,0,1,1065,9,3,1,0
83.683019,0,0,94,59,1529,100,245,51,0,1,1065,9,3,1,0
83.692554,0,0,94,59,1529,100,245,51,0,1,1065,9,3,1,0
83.696776,1,1,94,59,1529,98,245,51,0,1,1065,9,2,1,0
83.701659,1,0,94,59,1529,98,245,50,0,1,1065,9,2,1,0
83.713700,0,0,94,59,1529,98,245,50,0,1,1065,9,2,1,0
83.717896,0,0,94,59,1529,98,245,50,0,1,1065,9,2,1,0
83.725198,0,0,94,59,1529,98,245,50,0,1,1065,9,2,1,0
83.729368,1,0,94,59,1529,99,245,50,0,1,1065,9,2,1,0
83.734236,0,0,94,59,1529,99,245,50,0,1,1065,9,2,1,0
83.745124,0,0,94,59,1529,99,245,50,0,1,1065,9,2,1,0
83.754533,0,0,94,59,1529,99,245,50,0,1,1065,9,2,1,0
83.759063,0,0,94,59,1529,99,245,50,0,1,1065,9,2,1,0
83.760885,1,0,94,59,1529,99,245,51,0,1,1065,9,2,1,0
83.774449,0,0,94,59,1529,99,245,51,0,1,1065,9,2,1,0
83.778983,0,0,94,59,1529,99,245,51,0,1,1065,9,2,1,0
83.786790,0,1,94,59,1529,99,245,51,0,1,1065,8,2,1,0
83.791008,1,1,94,59,1529,100,245,51,0,1,1065,8,2,0,0
83.795183,0,0,94,59,1529,100,245,51,0,1,1065,8,2,0,0
83.806692,0,0,94,59,1529,100,245,51,0,1,1065,8,2,0,0
83.811200,0,1,94,59,1529,100,245,51,0,0,1065,8,2,0,0
83.818195,1,1,94,59,1529,99,245,51,0,0,1065,9,2,0,0
83.822746,1,0,94,59,1529,99,245,50,0,0,1065,9,2,0,0
83.826907,0,0,94,59,1529,99,245,50,0,0,1065,9,2,0,0
83.837819,0,0,94,59,1529,99,245,50,0,0,1065,9,2,0,0
83.841975,0,1,94,59,1529,99,245,50,0,0,1064,9,2,0,0
83.849079,1,1,94,59,1529,98,245,50,0,0,1064,8,2,0,0
83.853496,0,0,94,59,1529,98,245,50,0,0,1064,8,2,0,0
83.867394,0,0,94,59,1529,98,245,50,0,0,1064,8,2,0,0
83.871948,0,1,94,59,1529,98,245,50,0,1,1064,9,2,0,0
83.880215,0,0,94,59,1529,98,245,50,0,1,1064,9,2,0,0
83.884756,0,0,94,59,1529,98,245,50,0,1,1064,9,2,0,0
83.889280,0,0,94,59,1529,98,245,50,0,1,1064,9,2,0,0
83.899865,0,0,94,59,1529,98,245,50,0,1,1064,9,2,0,0
83.904036,0,1,94,59,1529,98,245,50,0,1,1065,9,2,0,0
83.911249,1,0,94,59,1529,99,245,50,0,1,1065,9,2,0,0
83.915401,1,1,94,59,1529,99,245,51,0,1,1065,9,2,1,0
83.919485,0,0,94,59,1529,99,245,51,0,1,1065,9,2,1,0
83.931121,0,0,94,59,1529,99,245,51,0,1,1065,9,2,1,0
83.940575,0,1,94,59,1529,99,245,51,0,1,1064,9,2,1,0
83.944728,0,1,94,59,1529,99,245,51,0,1,1064,9,2,0,0
83.948825,0,0,94,59,1529,99,245,51,0,1,1064,9,2,0,0
83.961783,0,0,94,59,1529,99,245,51,0,1,1064,9,2,0,0
83.971628,0,0,94,59,1529,99,245,51,0,1,1064,9,2,0,0
83.975782,0,1,94,59,1529,99,245,51,0,1,1064,9,2,1,0
83.980688,0,0,94,59,1529,99,245,51,0,1,1064,9,2,1,0
83.993461,0,0,94,59,1529,99,245,51,0,1,1064,9,2,1,0
84.003158,0,1,94,59,1529,99,245,51,0,1,1064,9,2,0,0
84.007702,0,0,94,59,1529,99,245,51,0,1,1064,9,2,0,0
84.012575,0,0,94,59,1529,99,245,51,0,1,1064,9,2,0,0
84.023780,0,0,94,59,1529,99,245,51,0,1,1064,9,2,0,0
84.033894,0,0,94,59,1529,99,245,51,0,1,1064,9,2,0,0
84.038510,0,1,94,59,1529,99,245,51,0,1,1064,9,2,1,0
84.042789,0,0,94,59,1529,99,245,51,0,1,1064,9,2,1,0
84.054800,0,0,94,59,1529,99,245,51,0,1,1064,9,2,1,0
84.064663,1,0,94,59,1529,99,245,50,0,1,1064,9,2,1,0
84.334102,1,1,94,59,1529,99,245,51,0,0,1064,8,2,1,0
84.344330,0,0,94,59,1529,99,245,51,0,0,1064,8,2,1,0
84.350015,0,1,94,59,1529,99,245,51,0,1,1064,8,2,1,0
84.363728,0,1,94,59,1529,99,245,51,0,1,1064,8,2,0,0
84.368283,0,0,94,59,1529,99,245,51,0,1,1064,8,2,0,0
84.376620,0,0,94,59,1529,99,245,51,0,1,1064,8,2,0,0
84.381123,0,0,94,59,1529,99,245,51,0,1,1064,8,2,0,0
84.385300,0,1,94,59,1529,99,245,51,0,1,1064,8,2,1,0
84.396561,0,0,94,59,1529,99,245,51,0,1,1064,8,2,1,0
84.405947,0,0,94,59,1529,99,245,51,0,1,1064,8,2,1,0
84.410110,0,1,94,59,1529,99,245,51,0,1,1064,9,3,1,0
84.415083,0,0,94,59,1529,99,245,51,0,1,1064,9,3,1,0
84.427327,0,0,94,59,1529,99,245,51,0,1,1064,9,3,1,0
84.436827,0,0,94,59,1529,99,245,51,0,1,1064,9,3,1,0
84.441329,0,1,94,59,1529,99,245,51,0,1,1065,9,3,1,0
84.445866,0,0,94,59,1529,99,245,51,0,1,1065,9,3,1,0
84.458250,0,0,94,59,1529,99,245,51,0,1,1065,9,3,1,0
84.468108,0,0,94,59,1529,99,245,51,0,1,1065,9,3,1,0
84.472693,1,1,94,59,1529,99,245,50,0,1,1065,8,3,1,0
84.477603,0,0,94,59,1529,99,245,50,0,1,1065,8,3,1,0
84.489232,0,0,94,59,1529,99,245,50,0,1,1065,8,3,1,0
84.491456,0,0,94,59,1529,99,245,50,0,1,1065,8,3,1,0
84.500053,0,1,94,59,1529,99,245,50,0,1,1065,8,2,1,0
84.504280,0,0,94,59,1529,99,245,50,0,1,1065,8,2,1,0
84.508459,0,0,94,59,1529,99,245,50,0,1,1065,8,2,1,0
84.519876,0,0,94,59,1529,99,245,50,0,1,1065,8,2,1,0
84.524113,0,1,94,59,1529,99,245,50,0,1,1064,8,2,1,0
84.531382,0,0,94,59,1529,99,245,50,0,1,1064,8,2,1,0
84.535541,1,1,94,59,1529,99,245,51,0,1,1064,8,2,0,0
84.539617,0,0,94,59,1529,99,245,51,0,1,1064,8,2,0,0
84.551346,0,0,94,59,1529,99,245,51,0,1,1064,8,2,0,0
84.561116,0,0,94,59,1529,99,245,51,0,1,1064,8,2,0,0
84.565266,0,0,94,59,1529,99,245,51,0,1,1064,8,2,0,0
84.569414,0,0,94,59,1529,99,245,51,0,1,1064,8,2,0,0
84.581938,0,0,94,59,1529,99,245,51,0,1,1064,8,2,0,0
84.586014,0,0,94,59,1529,99,245,51,0,1,1064,8,2,0,0
84.593383,0,0,94,59,1529,99,245,51,0,1,1064,8,2,0,0
84.597566,0,0,94,59,1529,99,245,51,0,1,1064,8,2,0,0
84.601856,0,0,94,59,1529,99,245,51,0,1,1064,8,2,0,0
84.613764,0,0,94,59,1529,99,245,51,0,1,1064,8,2,0,0
84.623060,0,0,94,59,1529,99,245,51,0,1,1064,8,2,0,0
84.627196,0,0,94,59,1529,99,245,51,0,1,1064,8,2,0,0
84.631260,0,0,94,59,1529,99,245,51,0,1,1064,8,2,0,0
84.643918,0,1,94,59,1529,99,245,51,0,1,1065,8,2,0,0
84.648009,0,0,94,59,1529,99,245,51,0,1,1065,8,2,0,0
84.655389,0,0,94,59,1529,99,245,51,0,1,1065,8,2,0,0
84.659563,0,0,94,59,1529,99,245,51,0,1,1065,8,2,0,0
84.664441,0,0,94,59,1529,99,245,51,0,1,1065,8,2,0,0
84.675071,0,1,94,59,1529,99,245,51,0,1,1064,8,2,0,0
84.684840,1,1,94,59,1529,99,245,50,0,1,1064,8,2,1,0
84.688891,0,0,94,59,1529,99,245,50,0,1,1064,8,2,1,0
84.692960,0,0,94,59,1529,99,245,50,0,1,1064,8,2,1,0
84.705924,0,0,94,59,1529,99,245,50,0,1,1064,8,2,1,0
84.710038,0,1,94,59,1529,99,245,50,0,1,1064,8,2,0,0
84.717299,0,0,94,59,1529,99,245,50,0,1,1064,8,2,0,0
84.721448,0,0,94,59,1529,99,245,50,0,1,1064,8,2,0,0
84.725709,0,0,94,59,1529,99,245,50,0,1,1064,8,2,0,0
84.737419,0,1,94,59,1529,99,245,50,0,1,1064,8,3,0,0
84.747223,1,1,94,59,1529,99,245,51,0,1,1064,8,3,1,0
84.751757,0,0,94,59,1529,99,245,51,0,1,1064,8,3,1,0
84.756621,0,0,94,59,1529,99,245,51,0,1,1064,8,3,1,0
84.768427,0,1,94,59,1529,99,245,51,0,1,1064,8,2,1,0
84.778112,0,1,94,59,1529,99,245,51,0,1,1064,8,2,0,0
84.782708,0,0,94,59,1529,99,245,51,0,1,1064,8,2,0,0
84.787263,0,1,94,59,1529,99,245,51,0,0,1064,8,2,0,0
85.052000,1,1,94,59,1523,99,245,50,0,1,679,9,2,0,0
85.059434,0,1,94,59,1523,99,245,50,0,1,680,9,2,0,0
85.064254,0,0,94,59,1523,99,245,50,0,1,680,9,2,0,0
85.077881,0,0,94,59,1523,99,245,50,0,1,680,9,2,0,0
85.082776,0,0,94,59,1523,99,245,50,0,1,680,9,2,0,0
85.089587,0,1,94,59,1523,99,245,50,0,1,681,9,2,0,0
85.093828,0,0,94,59,1523,99,245,50,0,1,681,9,2,0,0
85.098320,0,0,94,59,1523,99,245,50,0,1,681,9,2,0,0
85.109902,0,0,94,59,1523,99,245,50,0,1,681,9,2,0,0
85.119546,0,0,94,59,1523,99,245,50,0,1,681,9,2,0,0
85.124364,1,0,94,59,1523,99,245,51,0,1,681,9,2,0,0
85.128514,0,0,94,59,1523,99,245,51,0,1,681,9,2,0,0
85.140690,0,0,94,59,1523,99,245,51,0,1,681,9,2,0,0
85.150090,0,1,94,59,1523,99,245,51,0,1,682,9,2,0,0
85.154182,0,1,94,59,1523,99,245,51,0,1,682,9,2,1,0
85.158238,0,0,94,59,1523,99,245,51,0,1,682,9,2,1,0
85.171575,0,1,94,59,1523,99,245,51,1,1,682,9,2,1,0
85.175685,0,0,94,59,1523,99,245,51,1,1,682,9,2,1,0
85.182616,0,0,94,59,1523,99,245,51,1,1,682,9,2,1,0
85.186750,0,0,94,59,1523,99,245,51,1,1,682,9,2,1,0
85.190773,0,0,94,59,1523,99,245,51,1,1,682,9,2,1,0
85.202582,0,0,94,59,1523,99,245,51,1,1,682,9,2,1,0
85.204466,0,1,94,59,1523,99,245,51,1,1,683,9,2,1,0
85.213645,0,1,94,59,1523,99,245,51,1,1,683,8,2,0,0
85.217790,1,0,94,59,1523,99,245,50,1,1,683,8,2,0,0
85.221884,0,0,94,59,1523,99,245,50,1,1,683,8,2,0,0
85.233159,0,0,94,59,1523,99,245,50,1,1,683,8,2,0,0
85.237277,0,1,94,59,1523,99,245,50,1,1,683,9,2,0,0
85.245059,0,0,94,59,1523,99,245,50,1,1,683,9,2,0,0
85.249208,0,0,94,59,1523,99,245,50,1,1,683,9,2,0,0
85.253296,0,1,94,59,1523,99,245,50,0,1,683,9,2,0,0
85.264214,0,0,94,59,1523,99,245,50,0,1,683,9,2,0,0
85.268383,0,0,94,59,1523,99,245,50,0,1,683,9,2,0,0
85.275469,0,0,94,59,1523,99,245,50,0,1,683,9,2,0,0
85.279682,0,0,94,59,1523,99,245,50,0,1,683,9,2,0,0
85.284469,0,1,94,59,1523,99,245,50,1,2,683,9,2,0,0
85.295604,0,1,94,59,1523,99,245,50,1,2,684,9,2,0,0
85.305491,1,1,94,59,1523,99,245,51,1,2,684,9,2,1,0
85.309715,0,0,94,59,1523,99,245,51,1,2,684,9,2,1,0
85.313903,0,1,94,59,1523,99,245,51,0,2,684,9,2,1,0
85.326193,0,1,94,59,1523,99,245,51,0,2,684,8,2,1,0
85.336201,0,1,94,59,1523,99,245,51,0,2,684,8,1,1,0
85.340340,0,0,94,59,1523,99,245,51,0,2,684,8,1,1,0
85.344560,0,1,94,59,1523,99,245,51,0,1,684,8,1,1,0
85.357338,0,1,94,59,1523,99,245,51,0,1,684,9,2,1,0
85.361465,1,1,94,59,1523,99,245,50,0,1,684,9,2,0,0
85.368869,0,0,94,59,1523,99,245,50,0,1,684,9,2,0,0
85.373373,0,0,94,59,1523,99,245,50,0,1,684,9,2,0,0
85.377539,0,0,94,59,1523,99,245,50,0,1,684,9,2,0,0
85.389063,0,0,94,59,1523,99,245,50,0,1,684,9,2,0,0
85.398716,0,1,94,59,1523,99,245,50,0,1,684,9,2,1,0
85.403199,0,0,94,59,1523,99,245,50,0,1,684,9,2,1,0
85.407696,0,0,94,59,1523,99,245,50,0,1,684,9,2,1,0
85.419997,0,0,94,59,1523,99,245,50,0,1,684,9,2,1,0
85.429451,0,0,94,59,1523,99,245,50,0,1,684,9,2,1,0
85.433636,0,0,94,59,1523,99,245,50,0,1,684,9,2,1,0
85.438163,0,0,94,59,1523,99,245,50,0,1,684,9,2,1,0
85.450587,0,1,94,59,1523,99,245,50,0,1,684,8,2,1,0
85.454788,0,1,94,59,1523,99,245,50,0,1,684,8,2,0,0
85.461838,0,0,94,59,1523,99,245,50,0,1,684,8,2,0,0
85.466687,0,0,94,59,1523,99,245,50,0,1,684,8,2,0,0
85.480138,0,1,94,59,1523,99,245,50,0,2,684,8,2,0,0
85.484299,0,0,94,59,1523,99,245,50,0,2,684,8,2,0,0
85.493115,0,0,94,59,1523,99,245,50,0,2,684,8,2,0,0
85.497338,0,1,94,59,1523,99,245,50,1,2,684,8,2,0,0
85.501805,0,0,94,59,1523,99,245,50,1,2,684,8,2,0,0
85.772736,1,1,94,59,1528,99,245,51,1,1,822,8,2,0,0
85.777281,0,0,94,59,1528,99,245,51,1,1,822,8,2,0,0
85.790321,0,0,94,59,1528,99,245,51,1,1,822,8,2,0,0
85.794403,0,1,94,59,1528,99,245,51,0,1,822,8,2,0,0
85.802598,0,0,94,59,1528,99,245,51,0,1,822,8,2,0,0
85.806697,0,0,94,59,1528,99,245,51,0,1,822,8,2,0,0
85.810775,0,0,94,59,1528,99,245,51,0,1,822,8,2,0,0
85.822755,0,0,94,59,1528,99,245,51,0,1,822,8,2,0,0
85.826841,0,0,94,59,1528,99,245,51,0,1,822,8,2,0,0
85.833846,0,1,94,59,1528,99,245,51,0,1,821,9,2,0,0
85.837904,0,0,94,59,1528,99,245,51,0,1,821,9,2,0,0
85.841979,0,0,94,59,1528,99,245,51,0,1,821,9,2,0,0
85.853875,0,0,94,59,1528,99,245,51,0,1,821,9,2,0,0
85.863647,0,0,94,59,1528,99,245,51,0,1,821,9,2,0,0
85.868182,0,1,94,59,1528,99,245,51,0,1,821,8,2,0,0
85.872744,0,0,94,59,1528,99,245,51,0,1,821,8,2,0,0
85.884727,0,1,94,59,1528,99,245,51,1,1,821,8,2,0,0
85.888839,0,0,94,59,1528,99,245,51,1,1,821,8,2,0,0
85.895879,0,0,94,59,1528,99,245,51,1,1,821,8,2,0,0
85.899994,0,0,94,59,1528,99,245,51,1,1,821,8,2,0,0
85.904164,0,0,94,59,1528,99,245,51,1,1,821,8,2,0,0
85.915567,0,0,94,59,1528,99,245,51,1,1,821,8,2,0,0
85.920029,0,0,94,59,1528,99,245,51,1,1,821,8,2,0,0
85.927174,0,0,94,59,1528,99,245,51,1,1,821,8,2,0,0
85.929763,0,0,94,59,1528,99,245,51,1,1,821,8,2,0,0
85.934437,0,0,94,59,1528,99,245,51,1,1,821,8,2,0,0
85.946602,0,1,94,59,1528,99,245,51,0,1,821,8,2,0,0
85.956749,0,1,94,59,1528,99,245,51,0,1,820,8,2,0,0
85.961733,0,0,94,59,1528,99,245,51,0,1,820,8,2,0,0
85.966675,0,1,94,59,1528,99,245,51,1,1,820,8,2,0,0
85.977771,0,1,94,59,1528,99,245,51,1,1,821,8,2,0,0
85.987435,0,1,94,59,1528,99,245,51,1,1,821,9,2,0,0
85.992014,0,0,94,59,1528,99,245,51,1,1,821,9,2,0,0
85.996556,0,1,94,59,1528,99,245,51,0,1,821,9,2,0,0
86.008862,0,0,94,59,1528,99,245,51,0,1,821,9,2,0,0
86.018484,0,0,94,59,1528,99,245,51,0,1,821,9,2,0,0
86.022704,0,0,94,59,1528,99,245,51,0,1,821,9,2,0,0
86.027230,0,0,94,59,1528,99,245,51,0,1,821,9,2,0,0
86.039951,0,0,94,59,1528,99,245,51,0,1,821,9,2,0,0
86.049717,1,0,94,59,1528,99,245,50,0,1,821,9,2,0,0
86.054626,0,0,94,59,1528,99,245,50,0,1,821,9,2,0,0
86.059175,0,0,94,59,1528,99,245,50,0,1,821,9,2,0,0
86.070924,0,1,94,59,1528,99,245,50,0,1,820,9,2,0,0
86.080570,0,0,94,59,1528,99,245,50,0,1,820,9,2,0,0
86.085112,0,0,94,59,1528,99,245,50,0,1,820,9,2,0,0
86.090176,0,0,94,59,1528,99,245,50,0,1,820,9,2,0,0
86.102334,0,1,94,59,1528,99,245,50,0,1,821,9,2,0,0
86.111796,1,0,94,59,1528,99,245,51,0,1,821,9,2,0,0
86.116716,0,0,94,59,1528,99,245,51,0,1,821,9,2,0,0
86.121232,0,0,94,59,1528,99,245,51,0,1,821,9,2,0,0
86.132565,0,1,94,59,1528,99,245,51,0,1,821,8,2,0,0
86.142841,0,0,94,59,1528,99,245,51,0,1,821,8,2,0,0
86.147018,0,0,94,59,1528,99,245,51,0,1,821,8,2,0,0
86.151492,0,0,94,59,1528,99,245,51,0,1,821,8,2,0,0
86.164005,1,1,94,59,1528,98,245,51,0,1,820,8,2,0,0
86.173571,1,0,94,59,1528,98,245,50,0,1,820,8,2,0,0
86.178407,0,0,94,59,1528,98,245,50,0,1,820,8,2,0,0
86.183255,0,1,94,59,1528,98,245,50,0,1,821,8,2,0,0
86.194680,1,0,94,59,1528,99,245,50,0,1,821,8,2,0,0
86.199217,0,0,94,59,1528,99,245,50,0,1,821,8,2,0,0
86.206711,0,0,94,59,1528,99,245,50,0,1,821,8,2,0,0
86.211277,0,0,94,59,1528,99,245,50,0,1,821,8,2,0,0
86.224542,1,1,94,59,1528,98,245,50,0,1,820,8,2,0,0
86.228745,0,0,94,59,1528,98,245,50,0,1,820,8,2,0,0
86.488576,1,1,94,59,1523,99,245,50,1,1,684,9,2,1,0
86.492710,0,0,94,59,1523,99,245,50,1,1,684,9,2,1,0
86.505119,0,0,94,59,1523,99,245,50,1,1,684,9,2,1,0
86.509236,0,1,94,59,1523,99,245,50,1,2,684,9,2,1,0
86.516387,0,0,94,59,1523,99,245,50,1,2,684,9,2,1,0
86.520501,0,1,94,59,1523,99,245,50,1,2,684,9,2,0,0
86.524598,0,0,94,59,1523,99,245,50,1,2,684,9,2,0,0
86.535750,0,0,94,59,1523,99,245,50,1,2,684,9,2,0,0
86.539826,0,1,94,59,1523,99,245,50,0,1,684,9,2,0,0
86.546872,0,0,94,59,1523,99,245,50,0,1,684,9,2,0,0
86.551404,0,0,94,59,1523,99,245,50,0,1,684,9,2,0,0
86.555953,0,0,94,59,1523,99,245,50,0,1,684,9,2,0,0
86.567134,0,0,94,59,1523,99,245,50,0,1,684,9,2,0,0
86.576750,0,1,94,59,1523,99,245,50,0,2,684,9,2,0,0
86.581599,0,1,94,59,1523,99,245,50,0,2,684,8,2,0,0
86.586164,0,0,94,59,1523,99,245,50,0,2,684,8,2,0,0
86.598100,0,0,94,59,1523,99,245,50,0,2,684,8,2,0,0
86.607978,0,0,94,59,1523,99,245,50,0,2,684,8,2,0,0
86.612524,0,1,94,59,1523,99,245,50,0,2,684,9,1,1,0
86.617181,0,0,94,59,1523,99,245,50,0,2,684,9,1,1,0
86.629155,0,0,94,59,1523,99,245,50,0,2,684,9,1,1,0
86.638669,0,0,94,59,1523,99,245,50,0,2,684,9,1,1,0
86.640540,0,1,94,59,1523,99,245,50,0,2,684,8,1,1,0
86.645112,0,0,94,59,1523,99,245,50,0,2,684,8,1,1,0
86.658605,0,0,94,59,1523,99,245,50,0,2,684,8,1,1,0
86.662736,0,1,94,59,1523,99,245,50,1,2,685,8,1,1,0
86.670930,0,0,94,59,1523,99,245,50,1,2,685,8,1,1,0
86.675099,1,0,94,59,1523,99,245,51,1,2,685,8,1,1,0
86.679324,0,0,94,59,1523,99,245,51,1,2,685,8,1,1,0
86.691182,0,1,94,59,1523,99,245,51,0,2,685,8,1,1,0
86.701026,0,1,94,59,1523,99,245,51,0,2,685,9,1,1,0
86.705592,0,0,94,59,1523,99,245,51,0,2,685,9,1,1,0
86.709799,0,0,94,59,1523,99,245,51,0,2,685,9,1,1,0
86.722077,0,0,94,59,1523,99,245,51,0,2,685,9,1,1,0
86.731696,0,1,94,59,1523,99,245,51,0,2,684,9,1,1,0
86.735813,0,0,94,59,1523,99,245,51,0,2,684,9,1,1,0
86.739915,0,0,94,59,1523,99,245,51,0,2,684,9,1,1,0
86.752916,0,1,94,59,1523,99,245,51,0,1,684,9,1,1,0
86.757100,0,1,94,59,1523,99,245,51,0,1,685,9,1,1,0
86.764526,1,0,94,59,1523,98,245,51,0,1,685,9,1,1,0
86.768712,1,0,94,59,1523,98,245,50,0,1,685,9,1,1,0
86.772865,0,0,94,59,1523,98,245,50,0,1,685,9,1,1,0
86.784201,0,1,94,59,1523,98,245,50,0,2,685,9,1,1,0
86.794024,0,1,94,59,1523,98,245,50,0,2,685,9,1,0,0
86.798213,0,0,94,59,1523,98,245,50,0,2,685,9,1,0,0
86.802359,0,1,94,59,1523,98,245,50,1,2,685,9,1,0,0
86.814758,0,1,94,59,1523,98,245,50,1,1,685,9,1,0,0
86.818877,1,0,94,59,1523,99,245,50,1,1,685,9,1,0,0
86.825985,0,1,94,59,1523,99,245,50,1,1,685,9,1,1,0
86.830078,0,0,94,59,1523,99,245,50,1,1,685,9,1,1,0
86.834168,0,0,94,59,1523,99,245,50,1,1,685,9,1,1,0
86.846110,0,1,94,59,1523,99,245,50,1,1,685,8,1,1,0
86.855806,1,1,94,59,1523,98,245,50,1,1,685,8,2,1,0
86.859912,0,0,94,59,1523,98,245,50,1,1,685,8,2,1,0
86.864049,0,1,94,59,1523,98,245,50,0,1,685,8,2,1,0
86.877251,0,1,94,59,1523,98,245,50,0,2,685,8,2,1,0
86.887032,0,0,94,59,1523,98,245,50,0,2,685,8,2,1,0
86.891231,0,0,94,59,1523,98,245,50,0,2,685,8,2,1,0
86.895697,0,1,94,59,1523,98,245,50,1,2,685,8,2,1,0
86.908155,0,0,94,59,1523,98,245,50,1,2,685,8,2,1,0
86.917732,1,0,94,59,1523,98,245,51,1,2,685,8,2,1,0
86.921855,0,0,94,59,1523,98,245,51,1,2,685,8,2,1,0
86.925958,0,0,94,59,1523,98,245,51,1,2,685,8,2,1,0
86.939217,1,0,94,59,1523,99,245,51,1,2,685,8,2,1,0
87.204852,1,1,94,59,1528,99,245,51,0,1,830,8,2,0,0
87.218837,0,0,94,59,1528,99,245,51,0,1,830,8,2,0,0
87.228851,0,0,94,59,1528,99,245,51,0,1,830,8,2,0,0
87.233006,0,0,94,59,1528,99,245,51,0,1,830,8,2,0,0
87.237516,0,0,94,59,1528,99,245,51,0,1,830,8,2,0,0
87.249313,0,0,94,59,1528,99,245,51,0,1,830,8,2,0,0
87.259204,0,0,94,59,1528,99,245,51,0,1,830,8,2,0,0
87.263741,0,0,94,59,1528,99,245,51,0,1,830,8,2,0,0
87.268592,0,0,94,59,1528,99,245,51,0,1,830,8,2,0,0
87.280351,0,0,94,59,1528,99,245,51,0,1,830,8,2,0,0
87.289853,0,1,94,59,1528,99,245,51,0,1,829,8,2,0,0
87.294037,1,0,94,59,1528,100,245,51,0,1,829,8,2,0,0
87.298585,0,0,94,59,1528,100,245,51,0,1,829,8,2,0,0
87.310980,0,0,94,59,1528,100,245,51,0,1,829,8,2,0,0
87.315533,0,1,94,59,1528,100,245,51,0,1,828,8,2,0,0
87.322606,1,0,94,59,1528,98,245,51,0,1,828,8,2,0,0
87.327081,0,1,94,59,1528,98,245,51,0,1,828,8,2,1,0
87.331318,0,0,94,59,1528,98,245,51,0,1,828,8,2,1,0
87.342561,0,0,94,59,1528,98,245,51,0,1,828,8,2,1,0
87.352242,1,0,94,59,1528,100,245,51,0,1,828,8,2,1,0
87.356793,1,1,94,59,1528,100,245,50,0,1,828,8,2,0,0
87.358702,0,0,94,59,1528,100,245,50,0,1,828,8,2,0,0
87.371870,0,0,94,59,1528,100,245,50,0,1,828,8,2,0,0
87.376418,0,0,94,59,1528,100,245,50,0,1,828,8,2,0,0
87.384608,1,0,94,59,1528,99,245,50,0,1,828,8,2,0,0
87.389482,0,0,94,59,1528,99,245,50,0,1,828,8,2,0,0
87.402864,0,0,94,59,1528,99,245,50,0,1,828,8,2,0,0
87.407030,0,0,94,59,1528,99,245,50,0,1,828,8,2,0,0
87.415271,1,0,94,59,1528,99,245,51,0,1,828,8,2,0,0
87.419424,0,0,94,59,1528,99,245,51,0,1,828,8,2,0,0
87.423618,0,0,94,59,1528,99,245,51,0,1,828,8,2,0,0
87.435475,0,0,94,59,1528,99,245,51,0,1,828,8,2,0,0
87.445324,0,0,94,59,1528,99,245,51,0,1,828,8,2,0,0
87.449479,0,0,94,59,1528,99,245,51,0,1,828,8,2,0,0
87.453621,0,0,94,59,1528,99,245,51,0,1,828,8,2,0,0
87.466830,0,1,94,59,1528,99,245,51,0,1,827,8,2,0,0
87.476141,0,1,94,59,1528,99,245,51,0,1,827,8,1,0,0
87.480386,0,0,94,59,1528,99,245,51,0,1,827,8,1,0,0
87.484902,0,0,94,59,1528,99,245,51,0,1,827,8,1,0,0
87.497484,0,0,94,59,1528,99,245,51,0,1,827,8,1,0,0
87.507011,0,1,94,59,1528,99,245,51,0,1,827,8,2,0,0
87.511830,0,0,94,59,1528,99,245,51,0,1,827,8,2,0,0
87.516311,0,0,94,59,1528,99,245,51,0,1,827,8,2,0,0
87.528203,0,0,94,59,1528,99,245,51,0,1,827,8,2,0,0
87.538201,0,0,94,59,1528,99,245,51,0,1,827,8,2,0,0
87.542446,0,0,94,59,1528,99,245,51,0,1,827,8,2,0,0
87.546669,0,0,94,59,1528,99,245,51,0,1,827,8,2,0,0
87.559047,0,0,94,59,1528,99,245,51,0,1,827,8,2,0,0
87.563602,0,1,94,59,1528,99,245,51,0,1,827,8,2,1,0
87.570571,0,0,94,59,1528,99,245,51,0,1,827,8,2,1,0
87.575142,0,0,94,59,1528,99,245,51,0,1,827,8,2,1,0
87.579275,0,0,94,59,1528,99,245,51,0,1,827,8,2,1,0
87.590576,0,1,94,59,1528,99,245,51,0,1,827,8,2,0,0
87.600050,0,0,94,59,1528,99,245,51,0,1,827,8,2,0,0
87.604683,0,0,94,59,1528,99,245,51,0,1,827,8,2,0,0
87.610476,0,0,94,59,1528,99,245,51,0,1,827,8,2,0,0
87.622571,0,0,94,59,1528,99,245,51,0,1,827,8,2,0,0
87.633182,0,0,94,59,1528,99,245,51,0,1,827,8,2,0,0
87.639099,0,0,94,59,1528,99,245,51,0,1,827,8,2,0,0
87.653617,0,0,94,59,1528,99,245,51,0,1,827,8,2,0,0
87.663926,0,0,94,59,1528,99,245,51,0,1,827,8,2,0,0
87.930496,1,1,94,59,1533,99,245,51,0,0,1110,7,3,0,285
87.935399,0,0,94,59,1533,99,245,51,0,0,1110,7,3,0,285
87.942768,1,1,94,59,1531,99,245,51,0,0,1125,7,3,0,0
87.947265,0,1,94,59,1531,99,245,51,0,0,1125,8,3,0,0
87.951760,0,0,94,59,1531,99,245,51,0,0,1125,8,3,0,0
87.962697,0,0,94,59,1531,99,245,51,0,0,1125,8,3,0,0
87.972150,1,1,94,59,1529,99,245,51,0,0,1100,8,3,0,397
87.977008,0,0,94,59,1529,99,245,51,0,0,1100,8,3,0,397
87.981498,0,0,94,59,1529,99,245,51,0,0,1100,8,3,0,397
87.993274,0,0,94,59,1529,99,245,51,0,0,1100,8,3,0,397
87.997472,0,0,94,59,1529,99,245,51,0,0,1100,8,3,0,301
88.004781,1,1,94,59,1535,99,245,51,0,0,1175,8,3,0,301
88.009596,0,0,94,59,1535,99,245,51,0,0,1175,8,3,0,301
88.023083,0,0,94,59,1535,99,245,51,0,0,1175,8,3,0,301
88.027619,0,0,94,59,1535,99,245,51,0,0,1175,8,3,0,301
88.036118,0,1,94,59,1535,99,245,51,0,0,1173,8,3,0,305
88.040678,1,0,94,59,1535,99,245,50,0,0,1173,8,3,0,305
88.054100,0,0,94,59,1535,99,245,50,0,0,1173,8,3,0,305
88.058613,0,0,94,59,1535,99,245,50,0,0,1173,8,3,0,305
88.066422,0,1,94,59,1535,99,245,50,0,0,1172,8,3,0,303
88.070605,0,0,94,59,1535,99,245,50,0,0,1172,8,3,0,303
88.074839,0,0,94,59,1535,99,245,50,0,0,1172,8,3,0,303
88.086579,0,0,94,59,1535,99,245,50,0,0,1172,8,3,0,303
88.096538,0,1,94,59,1535,99,245,50,0,0,1171,8,3,0,303
88.100781,1,0,94,59,1535,99,245,51,0,0,1171,8,3,0,303
88.104940,0,0,94,59,1535,99,245,51,0,0,1171,8,3,0,303
88.117272,0,0,94,59,1535,99,245,51,0,0,1171,8,3,0,303
88.127229,0,1,94,59,1535,99,245,51,0,0,1170,8,3,0,306
88.131774,0,0,94,59,1535,99,245,51,0,0,1170,8,3,0,306
88.135910,0,0,94,59,1535,99,245,51,0,0,1170,8,3,0,306
88.148760,0,0,94,59,1535,99,245,51,0,0,1170,8,3,0,306
88.158248,0,0,94,59,1535,99,245,51,0,0,1170,8,3,0,306
88.160768,0,0,94,59,1535,99,245,51,0,0,1170,8,3,0,306
88.165311,0,0,94,59,1535,99,245,51,0,0,1170,8,3,0,306
88.178737,0,0,94,59,1535,99,245,51,0,0,1170,8,3,0,306
88.183284,0,0,94,59,1535,99,245,51,0,0,1170,8,3,0,303
88.191519,0,0,94,59,1535,99,245,51,0,0,1170,8,3,0,303
88.195747,0,0,94,59,1535,99,245,51,0,0,1170,8,3,0,303
88.209127,0,0,94,59,1535,99,245,51,0,0,1170,8,3,0,304
88.213298,0,0,94,59,1535,99,245,51,0,0,1170,8,3,0,304
88.221457,0,0,94,59,1535,99,245,51,0,0,1170,8,3,0,304
88.225972,0,0,94,59,1535,99,245,51,0,0,1170,8,3,0,304
88.230144,0,0,94,59,1535,99,245,51,0,0,1170,8,3,0,304
88.241864,0,1,94,59,1535,99,245,51,0,0,1169,8,3,0,306
88.251806,0,0,94,59,1535,99,245,51,0,0,1169,8,3,0,306
88.257201,0,0,94,59,1535,99,245,51,0,0,1169,8,3,0,306
88.271635,0,0,94,59,1535,99,245,51,0,0,1169,8,3,0,312
88.282922,0,1,94,59,1535,99,245,51,0,0,1168,8,3,0,312
88.287922,0,0,94,59,1535,99,245,51,0,0,1168,8,3,0,312
88.292069,0,0,94,59,1535,99,245,51,0,0,1168,8,3,0,312
88.303399,0,1,94,59,1535,99,245,51,0,0,1168,7,3,0,305
88.307579,0,0,94,59,1535,99,245,51,0,0,1168,7,3,0,305
88.315008,0,0,94,59,1535,99,245,51,0,0,1168,7,3,0,305
88.319195,0,0,94,59,1535,99,245,51,0,0,1168,7,3,0,305
88.323372,0,0,94,59,1535,99,245,51,0,0,1168,7,3,0,305
88.334659,0,1,94,59,1535,99,245,51,0,0,1168,8,3,0,307
88.338770,0,0,94,59,1535,99,245,51,0,0,1168,8,3,0,307
88.345804,0,0,94,59,1535,99,245,51,0,0,1168,8,3,0,307
88.349927,0,0,94,59,1535,99,245,51,0,0,1168,8,3,0,307
88.354005,0,0,94,59,1535,99,245,51,0,0,1168,8,3,0,302
88.365385,0,0,94,59,1535,99,245,51,0,0,1168,8,3,0,302
88.369493,0,0,94,59,1535,99,245,51,0,0,1168,8,3,0,302
88.376800,0,0,94,59,1535,99,245,51,0,0,1168,8,3,0,302
88.380874,0,0,94,59,1535,99,245,51,0,0,1168,8,3,0,302
88.384920,0,0,94,59,1535,99,245,51,0,0,1168,8,3,0,301
88.396782,0,0,94,59,1535,99,245,51,0,0,1168,8,3,0,301
88.400853,0,0,94,59,1535,99,245,51,0,0,1168,8,3,0,301
88.407847,0,0,94,59,1535,99,245,51,0,0,1168,8,3,0,301
88.411950,0,0,94,59,1535,99,245,51,0,0,1168,8,3,0,301
88.416069,0,0,94,59,1535,99,245,51,0,0,1168,8,3,0,304
88.427416,0,0,94,59,1535,99,245,51,0,0,1168,8,3,0,304
88.431527,0,0,94,59,1535,99,245,51,0,0,1168,8,3,0,304
88.438567,0,0,94,59,1535,99,245,51,0,0,1168,8,3,0,304
88.442710,0,0,94,59,1535,99,245,51,0,0,1168,8,3,0,304
88.446791,0,1,94,59,1535,99,245,51,0,0,1167,8,3,0,307
88.458829,0,0,94,59,1535,99,245,51,0,0,1167,8,3,0,307
88.723979,1,1,94,59,1528,99,245,51,0,1,980,8,3,0,373
88.737397,0,0,94,59,1528,99,245,51,0,1,980,8,3,0,373
88.741796,0,1,94,59,1528,99,245,51,0,1,1036,8,3,0,0
88.750376,1,1,94,59,1532,98,245,51,0,1,1036,8,2,0,0
88.756076,0,0,94,59,1532,98,245,51,0,1,1036,8,2,0,0
88.770217,0,1,94,59,1532,98,245,51,0,0,1036,8,2,0,0
88.781236,1,1,94,59,1531,98,245,51,0,0,1013,8,3,0,0
88.786197,0,0,94,59,1531,98,245,51,0,0,1013,8,3,0,0
88.799202,0,0,94,59,1531,98,245,51,0,0,1013,8,3,0,0
88.804032,1,1,94,59,1528,98,245,51,0,1,996,8,3,0,0
88.811172,0,0,94,59,1528,98,245,51,0,1,996,8,3,0,0
88.816056,0,0,94,59,1528,98,245,51,0,1,996,8,3,0,0
88.829215,0,0,94,59,1528,98,245,51,0,1,996,8,3,0,0
88.833757,0,1,94,59,1528,98,245,51,0,1,982,8,3,0,0
88.842352,0,0,94,59,1528,98,245,51,0,1,982,8,3,0,0
88.847176,0,0,94,59,1528,98,245,51,0,1,982,8,3,0,0
88.860413,0,0,94,59,1528,98,245,51,0,1,982,8,3,0,0
88.864835,0,1,94,59,1528,98,245,51,0,1,973,8,3,0,0
88.873089,0,1,94,59,1528,98,245,51,0,1,973,8,2,0,0
88.877903,0,0,94,59,1528,98,245,51,0,1,973,8,2,0,0
88.891326,0,1,94,59,1528,98,245,51,1,1,973,8,2,0,0
88.895492,0,1,94,59,1528,98,245,51,1,1,971,8,2,0,0
88.904093,0,0,94,59,1528,98,245,51,1,1,971,8,2,0,0
88.908624,0,0,94,59,1528,98,245,51,1,1,971,8,2,0,0
88.922321,0,1,94,59,1528,98,245,51,0,1,971,8,2,0,0
88.926870,1,1,94,59,1527,98,245,51,0,1,970,8,2,0,0
88.935488,0,0,94,59,1527,98,245,51,0,1,970,8,2,0,0
88.940012,0,0,94,59,1527,98,245,51,0,1,970,8,2,0,0
88.953429,0,0,94,59,1527,98,245,51,0,1,970,8,2,0,363
88.958643,1,1,94,59,1528,98,245,51,0,1,981,8,2,0,363
88.966455,0,0,94,59,1528,98,245,51,0,1,981,8,2,0,363
88.970577,0,0,94,59,1528,98,245,51,0,1,981,8,2,0,363
88.974639,0,1,94,59,1528,98,245,51,0,0,981,8,2,0,363
88.985509,1,1,94,59,1532,98,245,51,0,0,1035,8,2,0,275
88.989636,1,1,94,59,1532,99,245,51,0,0,1035,8,3,0,275
88.997152,0,0,94,59,1532,99,245,51,0,0,1035,8,3,0,275
89.001267,0,0,94,59,1532,99,245,51,0,0,1035,8,3,0,275
89.005381,0,1,94,59,1532,99,245,51,0,1,1035,8,3,0,276
89.016648,0,1,94,59,1532,99,245,51,0,1,1036,8,3,0,276
89.020699,0,0,94,59,1532,99,245,51,0,1,1036,8,3,0,276
89.028351,0,0,94,59,1532,99,245,51,0,1,1036,8,3,0,276
89.032447,0,0,94,59,1532,99,245,51,0,1,1036,8,3,0,276
89.036522,0,0,94,59,1532,99,245,51,0,1,1036,8,3,0,279
89.048342,0,0,94,59,1532,99,245,51,0,1,1036,8,3,0,279
89.057790,1,0,94,59,1532,99,245,50,0,1,1036,8,3,0,279
89.062285,0,1,94,59,1532,99,245,50,1,1,1036,8,3,0,279
89.066522,0,0,94,59,1532,99,245,50,1,1,1036,8,3,0,275
89.078676,0,0,94,59,1532,99,245,50,1,1,1036,8,3,0,275
89.082770,0,0,94,59,1532,99,245,50,1,1,1036,8,3,0,275
89.089774,0,0,94,59,1532,99,245,50,1,1,1036,8,3,0,275
89.093841,0,1,94,59,1532,99,245,50,0,1,1036,8,3,0,275
89.097958,0,0,94,59,1532,99,245,50,0,1,1036,8,3,0,274
89.110273,0,0,94,59,1532,99,245,50,0,1,1036,8,3,0,274
89.119851,1,0,94,59,1532,99,245,51,0,1,1036,8,3,0,274
89.124021,0,0,94,59,1532,99,245,51,0,1,1036,8,3,0,274
89.128526,0,0,94,59,1532,99,245,51,0,1,1036,8,3,0,276
89.141091,0,1,94,59,1532,99,245,51,0,1,1036,8,2,0,276
89.150524,0,0,94,59,1532,99,245,51,0,1,1036,8,2,0,276
89.155007,0,0,94,59,1532,99,245,51,0,1,1036,8,2,0,276
89.159154,0,0,94,59,1532,99,245,51,0,1,1036,8,2,0,276
89.171714,0,1,94,59,1532,99,245,51,0,1,1036,8,3,0,276
89.175887,0,0,94,59,1532,99,245,51,0,1,1036,8,3,0,276
89.183600,0,0,94,59,1532,99,245,51,0,1,1036,8,3,0,276
89.188091,0,0,94,59,1532,99,245,51,0,1,1036,8,3,0,274
89.201404,0,0,94,59,1532,99,245,51,0,1,1036,8,3,0,274
89.205555,0,0,94,59,1532,99,245,51,0,1,1036,8,3,0,274
89.214726,0,1,94,59,1532,99,245,51,1,1,1036,8,3,0,274
89.219280,0,0,94,59,1532,99,245,51,1,1,1036,8,3,0,274
89.232441,1,1,94,59,1532,99,245,50,1,1,1036,8,2,0,274
89.236576,0,0,94,59,1532,99,245,50,1,1,1036,8,2,0,274
89.245587,0,0,94,59,1532,99,245,50,1,1,1036,8,2,0,274
89.249743,0,1,94,59,1532,99,245,50,1,1,1036,8,3,0,275
89.253879,0,0,94,59,1532,99,245,50,1,1,1036,8,3,0,275
89.265120,0,0,94,59,1532,99,245,50,1,1,1036,8,3,0,275
89.524602,1,1,94,59,1531,99,245,51,0,0,1032,8,4,0,0
89.529143,0,0,94,59,1531,99,245,51,0,0,1032,8,4,0,0
89.542512,0,0,94,59,1531,99,245,51,0,0,1032,8,4,0,0
89.547354,1,1,94,59,1529,99,245,51,0,1,1031,8,4,0,0
89.554994,0,1,94,59,1529,99,245,51,0,1,1031,8,3,0,0
89.559186,0,0,94,59,1529,99,245,51,0,1,1031,8,3,0,0
89.564076,0,0,94,59,1529,99,245,51,0,1,1031,8,3,0,0
89.575057,0,1,94,59,1529,99,245,51,0,1,1030,8,3,0,0
89.579279,0,0,94,59,1529,99,245,51,0,1,1030,8,3,0,0
89.586506,0,0,94,59,1529,99,245,51,0,1,1030,8,3,0,0
89.590625,0,0,94,59,1529,99,245,51,0,1,1030,8,3,0,0
89.594741,0,0,94,59,1529,99,245,51,0,1,1030,8,3,0,0
89.605789,0,1,94,59,1529,99,245,51,0,1,1029,8,3,0,0
89.609876,0,0,94,59,1529,99,245,51,0,1,1029,8,3,0,0
89.617094,0,0,94,59,1529,99,245,51,0,1,1029,8,3,0,0
89.621734,0,0,94,59,1529,99,245,51,0,1,1029,8,3,0,0
89.625962,0,1,94,59,1529,99,245,51,0,1,1028,8,3,0,0
89.636802,0,0,94,59,1529,99,245,51,0,1,1028,8,3,0,0
89.640868,0,0,94,59,1529,99,245,51,0,1,1028,8,3,0,0
89.647900,0,0,94,59,1529,99,245,51,0,1,1028,8,3,0,0
89.651964,0,0,94,59,1529,99,245,51,0,1,1028,8,3,0,0
89.656098,0,1,94,59,1529,99,245,51,0,0,1035,8,3,0,405
89.668203,1,0,94,59,1528,99,245,51,0,0,1035,8,3,0,405
89.677985,0,0,94,59,1528,99,245,51,0,0,1035,8,3,0,405
89.682032,0,0,94,59,1528,99,245,51,0,0,1035,8,3,0,405
89.686144,0,1,94,59,1528,99,245,51,0,0,1108,8,3,0,0
89.698825,1,0,94,59,1533,99,245,51,0,0,1108,8,3,0,0
89.702864,0,0,94,59,1533,99,245,51,0,0,1108,8,3,0,0
89.710269,0,0,94,59,1533,99,245,51,0,0,1108,8,3,0,0
89.714745,0,0,94,59,1533,99,245,51,0,0,1108,8,3,0,0
89.719229,1,1,94,59,1528,99,245,51,0,0,1081,8,3,0,387
89.730196,0,0,94,59,1528,99,245,51,0,0,1081,8,3,0,387
89.739806,0,0,94,59,1528,99,245,51,0,0,1081,8,3,0,387
89.743896,0,1,94,59,1528,99,245,51,0,1,1081,8,3,0,387
89.748069,1,1,94,59,1532,99,245,51,0,1,1104,8,3,0,250
89.761299,0,0,94,59,1532,99,245,51,0,1,1104,8,3,0,250
89.771050,0,0,94,59,1532,99,245,51,0,1,1104,8,3,0,250
89.775678,0,1,94,59,1532,99,245,51,0,0,1104,8,3,0,250
89.780538,0,0,94,59,1532,99,245,51,0,0,1104,8,3,0,251
89.792218,0,0,94,59,1532,99,245,51,0,0,1104,8,3,0,251
89.801805,0,0,94,59,1532,99,245,51,0,0,1104,8,3,0,251
89.806324,0,0,94,59,1532,99,245,51,0,0,1104,8,3,0,250
89.810804,0,0,94,59,1532,99,245,51,0,0,1104,8,3,0,250
89.823076,0,0,94,59,1532,99,245,51,0,0,1104,8,3,0,250
89.827603,0,0,94,59,1532,99,245,51,0,0,1104,8,3,0,250
89.834313,0,0,94,59,1532,99,245,51,0,0,1104,8,3,0,250
89.838828,1,0,94,59,1532,100,245,51,0,0,1104,8,3,0,250
89.843326,0,0,94,59,1532,100,245,51,0,0,1104,8,3,0,250
89.854132,0,0,94,59,1532,100,245,51,0,0,1104,8,3,0,250
89.858359,0,0,94,59,1532,100,245,51,0,0,1104,8,3,0,250
89.865665,0,0,94,59,1532,100,245,51,0,0,1104,8,3,0,250
89.870156,0,0,94,59,1532,100,245,51,0,0,1104,8,3,0,246
89.883764,1,0,94,59,1532,98,245,51,0,0,1104,8,3,0,246
89.888723,0,0,94,59,1532,98,245,51,0,0,1104,8,3,0,246
89.896140,0,0,94,59,1532,98,245,51,0,0,1104,8,3,0,246
89.900721,0,0,94,59,1532,98,245,51,0,0,1104,8,3,0,244
89.903223,0,0,94,59,1532,98,245,51,0,0,1104,8,3,0,244
89.916010,1,0,94,59,1532,98,245,50,0,0,1104,8,3,0,244
89.920562,0,0,94,59,1532,98,245,50,0,0,1104,8,3,0,244
89.927314,0,0,94,59,1532,98,245,50,0,0,1104,8,3,0,244
89.931496,1,0,94,59,1532,97,245,50,0,0,1104,8,3,0,244
89.935694,1,0,94,59,1532,97,245,51,0,0,1104,8,3,0,244
89.947282,0,0,94,59,1532,97,245,51,0,0,1104,8,3,0,244
89.957094,0,1,94,59,1532,97,245,51,0,1,1104,8,3,0,244
89.961608,1,0,94,59,1532,98,245,51,0,1,1104,8,3,0,245
89.965797,0,0,94,59,1532,98,245,51,0,1,1104,8,3,0,245
89.978699,0,0,94,59,1532,98,245,51,0,1,1104,8,3,0,245
89.988166,0,0,94,59,1532,98,245,51,0,1,1104,8,3,0,245
89.992694,0,1,94,59,1532,98,245,51,0,0,1103,8,3,0,245
89.997223,0,0,94,59,1532,98,245,51,0,0,1103,8,3,0,245
90.009302,0,0,94,59,1532,98,245,51,0,0,1103,8,3,0,245
90.018873,0,0,94,59,1532,98,245,51,0,0,1103,8,3,0,251
90.023380,0,0,94,59,1532,98,245,51,0,0,1103,8,3,0,251
90.027888,0,0,94,59,1532,98,245,51,0,0,1103,8,3,0,251
90.040006,0,0,94,59,1532,98,245,51,0,0,1103,8,3,0,251
90.044150,0,0,94,59,1532,98,245,51,0,0,1103,8,3,0,251
90.051488,0,0,94,59,1532,98,245,51,0,0,1103,8,3,0,250
90.055646,0,0,94,59,1532,98,245,51,0,0,1103,8,3,0,250
90.060553,0,0,94,59,1532,98,245,51,0,0,1103,8,3,0,250
90.071468,0,0,94,59,1532,98,245,51,0,0,1103,8,3,0,250
90.080991,0,0,94,59,1532,98,245,51,0,0,1103,8,3,0,245
90.085189,0,1,94,59,1532,98,245,51,0,0,1104,8,3,0,245
90.090087,0,0,94,59,1532,98,245,51,0,0,1104,8,3,0,245
90.102022,0,0,94,59,1532,98,245,51,0,0,1104,8,3,0,245
90.111898,0,0,94,59,1532,98,245,51,0,0,1104,8,3,0,250
90.116455,0,1,94,59,1532,98,245,51,0,0,1103,8,3,0,250
90.121307,0,0,94,59,1532,98,245,51,0,0,1103,8,3,0,250
90.133368,0,0,94,59,1532,98,245,51,0,0,1103,8,3,0,250
90.143223,0,0,94,59,1532,98,245,51,0,0,1103,8,3,0,245
90.147456,1,0,94,59,1532,99,245,51,0,0,1103,8,3,0,245
90.151569,0,0,94,59,1532,99,245,51,0,0,1103,8,3,0,245
90.164350,0,0,94,59,1532,99,245,51,0,0,1103,8,3,0,245
90.173938,0,1,94,59,1532,99,245,51,0,1,1103,8,3,0,251
90.178144,0,0,94,59,1532,99,245,51,0,1,1103,8,3,0,251
90.182726,0,0,94,59,1532,99,245,51,0,1,1103,8,3,0,251
90.195457,0,0,94,59,1532,99,245,51,0,1,1103,8,3,0,251
90.205042,0,0,94,59,1532,99,245,51,0,1,1103,8,3,0,252
90.474292,1,1,94,59,1528,99,245,51,0,1,1018,8,3,0,0
90.484154,0,0,94,59,1528,99,245,51,0,1,1018,8,3,0,0
90.488755,0,0,94,59,1528,99,245,51,0,1,1018,8,3,0,0
90.493294,0,1,94,59,1528,99,245,51,0,1,1016,8,3,0,0
90.505156,0,0,94,59,1528,99,245,51,0,1,1016,8,3,0,0
90.509706,0,0,94,59,1528,99,245,51,0,1,1016,8,3,0,0
90.517336,0,0,94,59,1528,99,245,51,0,1,1016,8,3,0,0
90.521886,0,0,94,59,1528,99,245,51,0,1,1016,8,3,0,0
90.535192,0,1,94,59,1528,99,245,51,0,1,1016,8,2,0,0
90.540028,0,0,94,59,1528,99,245,51,0,1,1016,8,2,0,0
90.547596,0,0,94,59,1528,99,245,51,0,1,1016,8,2,0,0
90.552454,0,1,94,59,1528,99,245,51,0,1,1015,8,2,0,0
90.565957,0,1,94,59,1528,99,245,51,0,1,1015,8,3,0,0
90.570106,0,0,94,59,1528,99,245,51,0,1,1015,8,3,0,0
90.578332,0,0,94,59,1528,99,245,51,0,1,1015,8,3,0,0
90.582829,0,0,94,59,1528,99,245,51,0,1,1015,8,3,0,0
90.587345,1,1,94,59,1528,99,245,50,0,1,1015,8,2,0,0
90.598603,0,0,94,59,1528,99,245,50,0,1,1015,8,2,0,0
90.608429,0,0,94,59,1528,99,245,50,0,1,1015,8,2,0,0
90.612616,0,0,94,59,1528,99,245,50,0,1,1015,8,2,0,0
90.616801,0,0,94,59,1528,99,245,50,0,1,1015,8,2,0,0
90.629959,0,0,94,59,1528,99,245,50,0,1,1015,8,2,0,0
90.632109,0,0,94,59,1528,99,245,50,0,1,1015,8,2,0,0
90.640743,0,1,94,59,1528,99,245,50,0,1,1014,8,2,0,0
90.645212,0,0,94,59,1528,99,245,50,0,1,1014,8,2,0,0
90.649707,1,0,94,59,1528,99,245,51,0,1,1014,8,2,0,0
90.660646,0,0,94,59,1528,99,245,51,0,1,1014,8,2,0,0
90.670137,0,0,94,59,1528,99,245,51,0,1,1014,8,2,0,0
90.674307,0,1,94,59,1528,99,245,51,0,1,1013,8,2,0,0
90.678511,0,0,94,59,1528,99,245,51,0,1,1013,8,2,0,0
90.691175,0,0,94,59,1528,99,245,51,0,1,1013,8,2,0,0
90.695309,0,0,94,59,1528,99,245,51,0,1,1013,8,2,0,0
90.702636,0,0,94,59,1528,99,245,51,0,1,1013,8,2,0,0
90.707048,0,0,94,59,1528,99,245,51,0,1,1013,8,2,0,0
90.711237,0,0,94,59,1528,99,245,51,0,1,1013,8,2,0,0
90.722302,0,0,94,59,1528,99,245,51,0,1,1013,8,2,0,0
90.726400,0,0,94,59,1528,99,245,51,0,1,1013,8,2,0,0
90.733291,0,1,94,59,1528,99,245,51,0,1,1012,8,2,0,0
90.737366,0,0,94,59,1528,99,245,51,0,1,1012,8,2,0,0
90.741452,0,0,94,59,1528,99,245,51,0,1,1012,8,2,0,0
90.753199,0,0,94,59,1528,99,245,51,0,1,1012,8,2,0,0
90.757318,0,0,94,59,1528,99,245,51,0,1,1012,8,2,0,0
90.764366,0,0,94,59,1528,99,245,51,0,1,1012,8,2,0,0
90.768427,0,0,94,59,1528,99,245,51,0,1,1012,8,2,0,0
90.772494,0,0,94,59,1528,99,245,51,0,1,1012,8,2,0,0
90.784245,0,0,94,59,1528,99,245,51,0,1,1012,8,2,0,0
90.788382,0,1,94,59,1528,99,245,51,0,1,1011,8,2,0,0
90.796368,0,0,94,59,1528,99,245,51,0,1,1011,8,2,0,0
90.801438,0,0,94,59,1528,99,245,51,0,1,1011,8,2,0,0
90.814725,0,0,94,59,1528,99,245,51,0,1,1011,8,2,0,0
90.818865,0,0,94,59,1528,99,245,51,0,1,1011,8,2,0,0
90.826289,0,0,94,59,1528,99,245,51,0,1,1011,8,2,0,0
90.830387,0,0,94,59,1528,99,245,51,0,1,1011,8,2,0,0
90.834538,0,0,94,59,1528,99,245,51,0,1,1011,8,2,0,0
90.846224,0,0,94,59,1528,99,245,51,0,1,1011,8,2,0,0
90.850386,0,0,94,59,1528,99,245,51,0,1,1011,8,2,0,0
90.857729,0,0,94,59,1528,99,245,51,0,1,1011,8,2,0,0
90.861818,0,0,94,59,1528,99,245,51,0,1,1011,8,2,0,0
90.865955,0,0,94,59,1528,99,245,51,0,1,1011,8,2,0,0
90.877203,0,0,94,59,1528,99,245,51,0,1,1011,8,2,0,0
90.881226,0,0,94,59,1528,99,245,51,0,1,1011,8,2,0,0
90.888629,0,0,94,59,1528,99,245,51,0,1,1011,8,2,0,0
90.892726,0,0,94,59,1528,99,245,51,0,1,1011,8,2,0,0
90.896806,0,0,94,59,1528,99,245,51,0,1,1011,8,2,0,0
90.908199,0,1,94,59,1528,99,245,51,0,1,1010,8,2,0,0
90.912349,0,0,94,59,1528,99,245,51,0,1,1010,8,2,0,0
90.919446,1,0,94,59,1528,99,245,50,0,1,1010,8,2,0,0
90.923560,0,0,94,59,1528,99,245,50,0,1,1010,8,2,0,0
90.927712,0,0,94,59,1528,99,245,50,0,1,1010,8,2,0,0
90.939204,0,0,94,59,1528,99,245,50,0,1,1010,8,2,0,0
91.199201,1,1,94,59,1528,99,245,51,0,1,1008,8,3,0,0
91.203837,0,0,94,59,1528,99,245,51,0,1,1008,8,3,0,0
91.217105,0,0,94,59,1528,99,245,51,0,1,1008,8,3,0,0
91.221594,0,0,94,59,1528,99,245,51,0,1,1008,8,3,0,0
91.229933,0,0,94,59,1528,99,245,51,0,1,1008,8,3,0,0
91.234138,0,0,94,59,1528,99,245,51,0,1,1008,8,3,0,0
91.238332,0,0,94,59,1528,99,245,51,0,1,1008,8,3,0,0
91.249377,0,0,94,59,1528,99,245,51,0,1,1008,8,3,0,0
91.253855,0,0,94,59,1528,99,245,51,0,1,1008,8,3,0,0
91.260868,0,0,94,59,1528,99,245,51,0,1,1008,8,3,0,0
91.265349,0,0,94,59,1528,99,245,51,0,1,1008,8,3,0,0
91.279173,0,0,94,59,1528,99,245,51,0,1,1008,8,3,0,0
91.284225,0,0,94,59,1528,99,245,51,0,1,1008,8,3,0,0
91.291886,0,1,94,59,1528,99,245,51,0,1,1007,8,3,0,0
91.296018,0,1,94,59,1528,99,245,51,0,1,1007,8,2,0,0
91.300906,0,0,94,59,1528,99,245,51,0,1,1007,8,2,0,0
91.311849,0,0,94,59,1528,99,245,51,0,1,1007,8,2,0,0
91.321307,0,0,94,59,1528,99,245,51,0,1,1007,8,2,0,0
91.325477,0,0,94,59,1528,99,245,51,0,1,1007,8,2,0,0
91.330004,0,0,94,59,1528,99,245,51,0,1,1007,8,2,0,0
91.342716,0,0,94,59,1528,99,245,51,0,1,1007,8,2,0,0
91.352578,0,0,94,59,1528,99,245,51,0,1,1007,8,2,0,0
91.354748,0,0,94,59,1528,99,245,51,0,1,1007,8,2,0,0
91.359170,0,0,94,59,1528,99,245,51,0,1,1007,8,2,0,0
91.372203,0,0,94,59,1528,99,245,51,0,1,1007,8,2,0,0
91.376380,0,0,94,59,1528,99,245,51,0,1,1007,8,2,0,0
91.384962,0,1,94,59,1528,99,245,51,0,1,1007,8,3,0,0
91.389809,0,0,94,59,1528,99,245,51,0,1,1007,8,3,0,0
91.403617,0,0,94,59,1528,99,245,51,0,1,1007,8,3,0,0
91.409359,0,0,94,59,1528,99,245,51,0,1,1007,8,3,0,0
91.417269,0,1,94,59,1528,99,245,51,0,1,1007,8,2,0,0
91.423102,0,0,94,59,1528,99,245,51,0,1,1007,8,2,0,0
91.436630,0,0,94,59,1528,99,245,51,0,1,1007,8,2,0,0
91.446663,0,0,94,59,1528,99,245,51,0,1,1007,8,2,0,0
91.450782,1,0,94,59,1528,99,245,50,0,1,1007,8,2,0,0
91.455247,0,0,94,59,1528,99,245,50,0,1,1007,8,2,0,0
91.466349,0,0,94,59,1528,99,245,50,0,1,1007,8,2,0,0
91.470515,0,0,94,59,1528,99,245,50,0,1,1007,8,2,0,0
91.478423,0,0,94,59,1528,99,245,50,0,1,1007,8,2,0,0
91.483315,0,0,94,59,1528,99,245,50,0,1,1007,8,2,0,0
91.496768,0,0,94,59,1528,99,245,50,0,1,1007,8,2,0,0
91.500795,0,1,94,59,1528,99,245,50,0,1,1006,8,3,0,0
91.508578,1,0,94,59,1528,99,245,51,0,1,1006,8,3,0,0
91.512773,0,0,94,59,1528,99,245,51,0,1,1006,8,3,0,0
91.516871,0,0,94,59,1528,99,245,51,0,1,1006,8,3,0,0
91.528551,0,0,94,59,1528,99,245,51,0,1,1006,8,3,0,0
91.532942,0,0,94,59,1528,99,245,51,0,1,1006,8,3,0,0
91.540034,0,0,94,59,1528,99,245,51,0,1,1006,8,3,0,0
91.544118,0,0,94,59,1528,99,245,51,0,1,1006,8,3,0,0
91.548230,0,0,94,59,1528,99,245,51,0,1,1006,8,3,0,0
91.559526,0,1,94,59,1528,99,245,51,0,1,1005,8,3,0,0
91.563630,1,1,94,59,1528,100,245,51,0,1,1005,8,2,0,0
91.570982,0,0,94,59,1528,100,245,51,0,1,1005,8,2,0,0
91.575495,0,0,94,59,1528,100,245,51,0,1,1005,8,2,0,0
91.579976,0,0,94,59,1528,100,245,51,0,1,1005,8,2,0,0
91.590960,0,0,94,59,1528,100,245,51,0,1,1005,8,2,0,0
91.602019,1,0,94,59,1528,98,245,51,0,1,1005,8,2,0,0
91.607967,0,0,94,59,1528,98,245,51,0,1,1005,8,2,0,0
91.621128,0,1,94,59,1528,98,245,51,0,1,1006,8,2,0,0
91.625987,0,0,94,59,1528,98,245,51,0,1,1006,8,2,0,0
91.633320,0,0,94,59,1528,98,245,51,0,1,1006,8,2,0,0
91.637884,0,0,94,59,1528,98,245,51,0,1,1006,8,2,0,0
91.651331,0,0,94,59,1528,98,245,51,0,1,1006,8,2,0,0
91.916218,1,1,94,59,1531,98,245,51,0,0,1023,8,2,0,0
91.930501,0,0,94,59,1531,98,245,51,0,0,1023,8,2,0,0
91.934650,0,0,94,59,1531,98,245,51,0,0,1023,8,2,0,0
91.942778,0,1,94,59,1531,98,245,51,0,1,1023,8,2,0,0
91.947271,1,1,94,59,1531,99,245,51,0,1,1022,8,2,0,0
91.951480,0,0,94,59,1531,99,245,51,0,1,1022,8,2,0,0
91.963102,0,0,94,59,1531,99,245,51,0,1,1022,8,2,0,0
91.972534,0,0,94,59,1531,99,245,51,0,1,1022,8,2,0,0
91.976766,0,0,94,59,1531,99,245,51,0,1,1022,8,2,0,0
91.980955,0,0,94,59,1531,99,245,51,0,1,1022,8,2,0,0
91.994051,0,0,94,59,1531,99,245,51,0,1,1022,8,2,0,0
92.003868,0,0,94,59,1531,99,245,51,0,1,1022,8,2,0,0
92.008025,0,0,94,59,1531,99,245,51,0,1,1022,8,2,0,0
92.012529,0,0,94,59,1531,99,245,51,0,1,1022,8,2,0,0
92.025049,0,0,94,59,1531,99,245,51,0,1,1022,8,2,0,0
92.034608,0,1,94,59,1531,99,245,51,0,0,1022,8,2,0,0
92.038745,1,1,94,59,1529,99,245,51,0,0,1021,8,3,0,0
92.043344,0,0,94,59,1529,99,245,51,0,0,1021,8,3,0,0
92.055551,0,0,94,59,1529,99,245,51,0,0,1021,8,3,0,0
92.059746,0,0,94,59,1529,99,245,51,0,0,1021,8,3,0,0
92.066667,0,0,94,59,1529,99,245,51,0,0,1021,8,3,0,0
92.070765,0,0,94,59,1529,99,245,51,0,0,1021,8,3,0,0
92.075140,0,0,94,59,1529,99,245,51,0,0,1021,8,3,0,0
92.086604,0,0,94,59,1529,99,245,51,0,0,1021,8,3,0,0
92.090744,0,1,94,59,1529,99,245,51,0,1,1021,8,3,0,0
92.098098,0,1,94,59,1529,99,245,51,0,1,1021,8,2,0,0
92.102241,0,0,94,59,1529,99,245,51,0,1,1021,8,2,0,0
92.106414,0,0,94,59,1529,99,245,51,0,1,1021,8,2,0,0
92.117751,0,0,94,59,1529,99,245,51,0,1,1021,8,2,0,0
92.121774,0,1,94,59,1529,99,245,51,0,1,1020,8,2,0,0
92.128785,0,1,94,59,1529,99,245,51,0,1,1020,8,3,0,0
92.132868,0,0,94,59,1529,99,245,51,0,1,1020,8,3,0,0
92.136940,0,0,94,59,1529,99,245,51,0,1,1020,8,3,0,0
92.148785,0,0,94,59,1529,99,245,51,0,1,1020,8,3,0,0
92.153252,0,0,94,59,1529,99,245,51,0,1,1020,8,3,0,0
92.160678,0,1,94,59,1529,99,245,51,0,1,1020,8,2,0,0
92.164844,0,0,94,59,1529,99,245,51,0,1,1020,8,2,0,0
92.178486,0,0,94,59,1529,99,245,51,0,1,1020,8,2,0,0
92.182702,0,0,94,59,1529,99,245,51,0,1,1020,8,2,0,0
92.191421,0,0,94,59,1529,99,245,51,0,1,1020,8,2,0,0
92.193310,0,0,94,59,1529,99,245,51,0,1,1020,8,2,0,0
92.197789,0,0,94,59,1529,99,245,51,0,1,1020,8,2,0,0
92.211129,0,0,94,59,1529,99,245,51,0,1,1020,8,2,0,0
92.220647,0,0,94,59,1529,99,245,51,0,1,1020,8,2,0,0
92.224823,1,0,94,59,1529,99,245,50,0,1,1020,8,2,0,0
92.228979,0,0,94,59,1529,99,245,50,0,1,1020,8,2,0,0
92.242583,0,1,94,59,1529,99,245,50,0,1,1019,8,2,0,0
92.252645,0,0,94,59,1529,99,245,50,0,1,1019,8,2,0,0
92.257716,0,0,94,59,1529,99,245,50,0,1,1019,8,2,0,0
92.271604,0,0,94,59,1529,99,245,50,0,1,1019,8,2,0,0
92.277349,0,0,94,59,1529,99,245,50,0,1,1019,8,2,0,0
92.285299,1,0,94,59,1529,99,245,51,0,1,1019,8,2,0,0
92.289850,0,0,94,59,1529,99,245,51,0,1,1019,8,2,0,0
92.303118,0,0,94,59,1529,99,245,51,0,1,1019,8,2,0,0
92.307796,0,0,94,59,1529,99,245,51,0,1,1019,8,2,0,0
92.315640,0,0,94,59,1529,99,245,51,0,1,1019,8,2,0,0
92.320119,0,0,94,59,1529,99,245,51,0,1,1019,8,2,0,0
92.333585,0,0,94,59,1529,99,245,51,0,1,1019,8,2,0,0
92.338226,0,0,94,59,1529,99,245,51,0,1,1019,8,2,0,0
92.346380,0,0,94,59,1529,99,245,51,0,1,1019,8,2,0,0
92.351287,0,0,94,59,1529,99,245,51,0,1,1019,8,2,0,0
92.364572,0,0,94,59,1529,99,245,51,0,1,1019,8,2,0,0
92.369420,0,0,94,59,1529,99,245,51,0,1,1019,8,2,0,0
92.377507,0,0,94,59,1529,99,245,51,0,1,1019,8,2,0,0
92.382335,0,1,94,59,1529,99,245,51,0,0,1019,8,2,0,0
92.395566,1,1,94,59,1529,98,245,51,0,0,1018,8,2,0,0
92.400155,0,0,94,59,1529,98,245,51,0,0,1018,8,2,0,0
92.408229,0,0,94,59,1529,98,245,51,0,0,1018,8,2,0,0
92.412750,0,1,94,59,1529,98,245,51,0,1,1018,8,2,0,0
92.417257,1,1,94,59,1529,99,245,51,0,1,1018,8,3,0,0
92.428403,0,0,94,59,1529,99,245,51,0,1,1018,8,3,0,0
92.437757,0,0,94,59,1529,99,245,51,0,1,1018,8,3,0,0
92.442248,0,0,94,59,1529,99,245,51,0,1,1018,8,3,0,0
92.446841,0,1,94,59,1529,99,245,51,0,1,1019,8,2,0,0
92.459478,1,0,94,59,1529,99,245,50,0,1,1019,8,2,0,0
92.469157,0,0,94,59,1529,99,245,50,0,1,1019,8,2,0,0
92.473998,0,0,94,59,1529,99,245,50,0,1,1019,8,2,0,0
92.478563,0,1,94,59,1529,99,245,50,0,1,1018,8,3,0,0
92.490113,0,0,94,59,1529,99,245,50,0,1,1018,8,3,0,0
92.749219,1,1,94,59,1538,99,245,51,0,0,1331,8,3,0,0
92.753683,0,0,94,59,1538,99,245,51,0,0,1331,8,3,0,0
92.757743,0,0,94,59,1538,99,245,51,0,0,1331,8,3,0,0
92.768868,0,0,94,59,1538,99,245,51,0,0,1331,8,3,0,0
92.778912,0,1,94,59,1538,99,245,51,0,0,1306,8,3,0,466
92.783159,1,0,94,59,1534,99,245,51,0,0,1306,8,3,0,466
92.787325,0,0,94,59,1534,99,245,51,0,0,1306,8,3,0,466
92.800233,0,0,94,59,1534,99,245,51,0,0,1306,8,3,0,466
92.809854,1,1,94,59,1540,99,245,51,0,0,1372,8,3,0,291
92.814742,0,0,94,59,1540,99,245,51,0,0,1372,8,3,0,291
92.819608,0,0,94,59,1540,99,245,51,0,0,1372,8,3,0,291
92.831266,0,0,94,59,1540,99,245,51,0,0,1372,8,3,0,291
92.841277,0,1,94,59,1540,99,245,51,0,0,1371,8,3,0,290
92.845820,0,1,94,59,1540,99,245,51,0,0,1371,8,3,-1,290
92.850387,0,0,94,59,1540,99,245,51,0,0,1371,8,3,-1,290
92.862516,0,0,94,59,1540,99,245,51,0,0,1371,8,3,-1,292
92.871883,0,1,94,59,1540,99,245,51,0,0,1369,8,3,0,292
92.876086,0,0,94,59,1540,99,245,51,0,0,1369,8,3,0,292
92.880594,0,0,94,59,1540,99,245,51,0,0,1369,8,3,0,292
92.893273,0,0,94,59,1540,99,245,51,0,0,1369,8,3,0,293
92.902920,1,1,94,59,1540,100,245,51,0,0,1367,8,3,0,293
92.907513,1,0,94,59,1540,100,245,50,0,0,1367,8,3,0,293
92.912061,0,0,94,59,1540,100,245,50,0,0,1367,8,3,0,293
92.924340,0,0,94,59,1540,100,245,50,0,0,1367,8,3,0,291
92.934143,1,1,94,59,1540,98,245,50,0,0,1367,8,4,0,291
92.938741,0,0,94,59,1540,98,245,50,0,0,1367,8,4,0,291
92.942932,0,0,94,59,1540,98,245,50,0,0,1367,8,4,0,291
92.956338,0,1,94,59,1540,98,245,50,0,0,1366,8,4,0,295
92.966755,0,0,94,59,1540,98,245,50,0,0,1366,8,4,0,295
92.970481,0,0,94,59,1540,98,245,50,0,0,1366,8,4,0,295
92.975699,0,0,94,59,1540,98,245,50,0,0,1366,8,4,0,295
92.986677,1,1,94,59,1540,99,245,50,0,0,1365,8,3,0,295
92.996042,0,0,94,59,1540,99,245,50,0,0,1365,8,3,0,295
93.000642,0,0,94,59,1540,99,245,50,0,0,1365,8,3,0,295
93.005303,0,0,94,59,1540,99,245,50,0,0,1365,8,3,0,293
93.017772,1,0,94,59,1540,98,245,50,0,0,1365,8,3,0,293
93.027426,1,0,94,59,1540,98,245,51,0,0,1365,8,3,0,293
93.031936,0,0,94,59,1540,98,245,51,0,0,1365,8,3,0,293
93.036463,0,0,94,59,1540,98,245,51,0,0,1365,8,3,0,293
93.048810,1,0,94,59,1540,99,245,51,0,0,1365,8,3,0,295
93.058804,0,0,94,59,1540,99,245,51,0,0,1365,8,3,0,295
93.062956,0,0,94,59,1540,99,245,51,0,0,1365,8,3,0,295
93.067188,0,0,94,59,1540,99,245,51,0,0,1365,8,3,0,293
93.078978,0,1,94,59,1540,99,245,51,0,0,1364,8,3,0,293
93.083511,0,0,94,59,1540,99,245,51,0,0,1364,8,3,0,293
93.090638,0,0,94,59,1540,99,245,51,0,0,1364,8,3,0,293
93.095090,0,0,94,59,1540,99,245,51,0,0,1364,8,3,0,293
93.099217,0,0,94,59,1540,99,245,51,0,0,1364,8,3,0,293
93.110519,0,0,94,59,1540,99,245,51,0,0,1364,8,3,0,293
93.120134,0,0,94,59,1540,99,245,51,0,0,1364,8,3,0,293
93.124709,0,0,94,59,1540,99,245,51,0,0,1364,8,3,0,293
93.129240,0,1,94,59,1540,99,245,51,0,0,1363,8,3,0,296
93.140980,0,1,94,59,1540,99,245,51,0,0,1363,8,4,0,296
93.145129,0,0,94,59,1540,99,245,51,0,0,1363,8,4,0,296
93.152511,0,0,94,59,1540,99,245,51,0,0,1363,8,4,0,296
93.156692,0,0,94,59,1540,99,245,51,0,0,1363,8,4,0,296
93.160868,0,1,94,59,1540,99,245,51,0,0,1363,8,3,0,291
93.171966,0,0,94,59,1540,99,245,51,0,0,1363,8,3,0,291
93.176517,0,0,94,59,1540,99,245,51,0,0,1363,8,3,0,291
93.183638,0,0,94,59,1540,99,245,51,0,0,1363,8,3,0,291
93.187829,0,0,94,59,1540,99,245,51,0,0,1363,8,3,0,293
93.192325,0,0,94,59,1540,99,245,51,0,0,1363,8,3,0,293
93.203083,1,0,94,59,1540,99,245,50,0,0,1363,8,3,0,293
93.207244,0,0,94,59,1540,99,245,50,0,0,1363,8,3,0,293
93.214872,0,0,94,59,1540,99,245,50,0,0,1363,8,3,0,293
93.219436,0,0,94,59,1540,99,245,50,0,0,1363,8,3,0,292
93.232799,0,1,94,59,1540,99,245,50,0,0,1362,8,3,0,292
93.237327,0,0,94,59,1540,99,245,50,0,0,1362,8,3,0,292
93.246516,0,0,94,59,1540,99,245,50,0,0,1362,8,3,0,292
93.251674,0,0,94,59,1540,99,245,50,0,0,1362,8,3,0,291
93.265251,1,0,94,59,1540,98,245,51,0,0,1362,8,3,0,291
93.531723,1,1,94,59,1529,99,245,50,0,1,1110,8,3,1,0
93.546180,0,0,94,59,1529,99,245,50,0,1,1110,8,3,1,0
93.556915,0,1,94,59,1529,99,245,50,0,1,1110,8,3,0,0
93.563203,1,0,94,59,1529,99,245,51,0,1,1110,8,3,0,0
93.576870,0,0,94,59,1529,99,245,51,0,1,1110,8,3,0,0
93.588441,0,1,94,59,1529,99,245,51,0,1,1110,8,3,1,0
93.594284,0,0,94,59,1529,99,245,51,0,1,1110,8,3,1,0
93.607820,0,0,94,59,1529,99,245,51,0,1,1110,8,3,1,0
93.617806,0,0,94,59,1529,99,245,51,0,1,1110,8,3,1,0
93.622682,0,0,94,59,1529,99,245,51,0,1,1110,8,3,1,0
93.635962,0,0,94,59,1529,99,245,51,0,1,1110,8,3,1,0
93.640139,1,1,94,59,1529,100,245,51,0,1,1109,8,3,1,0
93.648667,1,1,94,59,1529,100,245,50,0,1,1109,8,2,1,0
93.653152,0,0,94,59,1529,100,245,50,0,1,1109,8,2,1,0
93.657271,0,0,94,59,1529,100,245,50,0,1,1109,8,2,1,0
93.668596,0,1,94,59,1529,100,245,50,0,1,1110,9,2,1,0
93.678345,1,1,94,59,1529,99,245,50,0,1,1110,9,2,0,0
93.682587,0,0,94,59,1529,99,245,50,0,1,1110,9,2,0,0
93.685164,0,0,94,59,1529,99,245,50,0,1,1110,9,2,0,0
93.698991,0,1,94,59,1529,99,245,50,0,0,1110,9,2,0,0
93.703168,0,1,94,59,1529,99,245,50,0,0,1110,8,3,1,0
93.710391,1,0,94,59,1529,99,245,51,0,0,1110,8,3,1,0
93.714856,0,0,94,59,1529,99,245,51,0,0,1110,8,3,1,0
93.719335,0,1,94,59,1529,99,245,51,0,1,1109,8,3,1,0
93.730538,0,0,94,59,1529,99,245,51,0,1,1109,8,3,1,0
93.740149,0,1,94,59,1529,99,245,51,0,1,1109,8,3,0,0
93.744324,0,0,94,59,1529,99,245,51,0,1,1109,8,3,0,0
93.748538,0,0,94,59,1529,99,245,51,0,1,1109,8,3,0,0
93.761209,0,1,94,59,1529,99,245,51,0,1,1110,8,2,0,0
93.765793,0,1,94,59,1529,99,245,51,0,1,1110,8,2,1,0
93.773702,0,0,94,59,1529,99,245,51,0,1,1110,8,2,1,0
93.778173,0,0,94,59,1529,99,245,51,0,1,1110,8,2,1,0
93.791634,0,1,94,59,1529,99,245,51,0,1,1109,8,2,1,0
93.796144,0,0,94,59,1529,99,245,51,0,1,1109,8,2,1,0
93.803786,0,0,94,59,1529,99,245,51,0,1,1109,8,2,1,0
93.808268,0,0,94,59,1529,99,245,51,0,1,1109,8,2,1,0
93.812818,0,1,94,59,1529,99,245,51,0,1,1110,8,2,1,0
93.823410,0,1,94,59,1529,99,245,51,0,1,1110,9,2,1,0
93.827615,1,1,94,59,1529,99,245,50,0,1,1110,9,2,0,0
93.835109,0,0,94,59,1529,99,245,50,0,1,1110,9,2,0,0
93.839621,0,0,94,59,1529,99,245,50,0,1,1110,9,2,0,0
93.854508,0,1,94,59,1529,99,245,50,0,1,1109,9,2,0,0
93.865635,1,1,94,59,1529,99,245,51,0,1,1109,9,2,1,0
93.871259,0,0,94,59,1529,99,245,51,0,1,1109,9,2,1,0
93.885013,0,1,94,59,1529,99,245,51,0,1,1110,9,3,1,0
93.889207,0,1,94,59,1529,99,245,51,0,1,1110,9,3,0,0
93.896468,0,0,94,59,1529,99,245,51,0,1,1110,9,3,0,0
93.900598,0,0,94,59,1529,99,245,51,0,1,1110,9,3,0,0
93.904777,0,1,94,59,1529,99,245,51,0,1,1110,8,2,0,0
93.916617,0,0,94,59,1529,99,245,51,0,1,1110,8,2,0,0
93.926229,0,0,94,59,1529,99,245,51,0,1,1110,8,2,0,0
93.930369,0,0,94,59,1529,99,245,51,0,1,1110,8,2,0,0
93.934644,0,1,94,59,1529,99,245,51,0,1,1109,8,2,0,0
93.947787,0,0,94,59,1529,99,245,51,0,1,1109,8,2,0,0
93.957432,0,0,94,59,1529,99,245,51,0,1,1109,8,2,0,0
93.961549,0,0,94,59,1529,99,245,51,0,1,1109,8,2,0,0
93.965631,0,0,94,59,1529,99,245,51,0,1,1109,8,2,0,0
93.978302,0,0,94,59,1529,99,245,51,0,1,1109,8,2,0,0
93.982402,0,0,94,59,1529,99,245,51,0,1,1109,8,2,0,0
94.242498,1,1,94,59,1532,99,245,50,0,1,1127,8,3,0,0
94.256175,0,0,94,59,1532,99,245,50,0,1,1127,8,3,0,0
94.260726,0,1,94,59,1532,99,245,50,0,0,1127,8,3,0,0
94.269177,0,0,94,59,1532,99,245,50,0,0,1127,8,3,0,0
94.274251,0,0,94,59,1532,99,245,50,0,0,1127,8,3,0,0
94.287386,0,0,94,59,1532,99,245,50,0,0,1127,8,3,0,0
94.291561,0,1,94,59,1532,99,245,50,0,0,1127,8,2,0,0
94.299556,0,0,94,59,1532,99,245,50,0,0,1127,8,2,0,0
94.304457,0,0,94,59,1532,99,245,50,0,0,1127,8,2,0,0
94.318223,0,0,94,59,1532,99,245,50,0,0,1127,8,2,0,0
94.322797,0,0,94,59,1532,99,245,50,0,0,1127,8,2,0,0
94.331584,0,1,94,59,1532,99,245,50,0,0,1127,8,3,0,0
94.336166,0,0,94,59,1532,99,245,50,0,0,1127,8,3,0,0
94.349428,0,1,94,59,1532,99,245,50,0,1,1127,8,3,0,0
94.353633,0,1,94,59,1532,99,245,50,0,1,1126,8,3,0,0
94.361533,0,0,94,59,1532,99,245,50,0,1,1126,8,3,0,0
94.365688,0,0,94,59,1532,99,245,50,0,1,1126,8,3,0,0
94.369888,0,1,94,59,1532,99,245,50,0,0,1126,8,3,0,0
94.381351,0,0,94,59,1532,99,245,50,0,0,1126,8,3,0,0
94.385539,0,1,94,59,1532,99,245,50,0,0,1126,8,2,1,0
94.392713,0,0,94,59,1532,99,245,50,0,0,1126,8,2,1,0
94.395571,0,0,94,59,1532,99,245,50,0,0,1126,8,2,1,0
94.400136,0,0,94,59,1532,99,245,50,0,0,1126,8,2,1,0
94.413066,0,1,94,59,1532,99,245,50,0,0,1126,8,3,1,0
94.422726,0,1,94,59,1532,99,245,50,0,0,1126,8,3,0,0
94.427213,0,0,94,59,1532,99,245,50,0,0,1126,8,3,0,0
94.431396,0,0,94,59,1532,99,245,50,0,0,1126,8,3,0,0
94.444162,1,0,94,59,1531,99,245,50,0,0,1126,8,3,0,243
94.453685,0,0,94,59,1531,99,245,50,0,0,1126,8,3,0,243
94.457829,0,0,94,59,1531,99,245,50,0,0,1126,8,3,0,243
94.461981,0,0,94,59,1531,99,245,50,0,0,1126,8,3,0,48
94.474490,1,1,94,59,1533,99,245,50,0,0,1153,8,3,0,48
94.478673,0,0,94,59,1533,99,245,50,0,0,1153,8,3,0,48
94.486074,0,0,94,59,1533,99,245,50,0,0,1153,8,3,0,48
94.490573,0,0,94,59,1533,99,245,50,0,0,1153,8,3,0,0
94.495106,0,1,94,59,1533,99,245,50,0,0,1141,8,3,0,0
94.505957,0,1,94,59,1533,99,245,50,0,0,1141,8,2,0,0
94.515671,1,0,94,59,1533,99,245,51,0,0,1141,8,2,0,0
94.519862,0,0,94,59,1533,99,245,51,0,0,1141,8,2,0,0
94.524006,1,1,94,59,1532,99,245,51,0,0,1130,9,2,0,0
94.536328,0,1,94,59,1532,99,245,51,0,0,1130,9,3,0,0
94.540415,0,0,94,59,1532,99,245,51,0,0,1130,9,3,0,0
94.548373,0,0,94,59,1532,99,245,51,0,0,1130,9,3,0,0
94.552861,0,1,94,59,1532,99,245,51,0,1,1127,9,3,0,0
94.566240,0,0,94,59,1532,99,245,51,0,1,1127,9,3,0,0
94.570486,0,0,94,59,1532,99,245,51,0,1,1127,9,3,0,0
94.578873,0,0,94,59,1532,99,245,51,0,1,1127,9,3,0,0
94.583233,1,1,94,59,1531,99,245,51,0,1,1126,8,3,0,0
94.587313,0,0,94,59,1531,99,245,51,0,1,1126,8,3,0,0
94.598493,0,0,94,59,1531,99,245,51,0,1,1126,8,3,0,0
94.603000,0,0,94,59,1531,99,245,51,0,1,1126,8,3,0,0
94.610407,0,1,94,59,1531,99,245,51,0,0,1126,8,3,0,0
94.614503,0,1,94,59,1531,99,245,51,0,0,1125,9,3,0,0
94.618958,0,0,94,59,1531,99,245,51,0,0,1125,9,3,0,0
94.629773,0,0,94,59,1531,99,245,51,0,0,1125,9,3,0,0
94.633889,0,0,94,59,1531,99,245,51,0,0,1125,9,3,0,0
94.640932,0,1,94,59,1531,99,245,51,0,1,1125,9,3,0,0
94.645367,0,1,94,59,1531,99,245,51,0,1,1124,8,3,0,0
94.649497,0,0,94,59,1531,99,245,51,0,1,1124,8,3,0,0
94.660647,0,0,94,59,1531,99,245,51,0,1,1124,8,3,0,0
94.665203,0,0,94,59,1531,99,245,51,0,1,1124,8,3,0,0
94.672289,0,1,94,59,1531,99,245,51,0,0,1124,8,3,0,0
94.677011,0,0,94,59,1531,99,245,51,0,0,1124,8,3,0,0
94.691949,0,0,94,59,1531,99,245,51,0,0,1124,8,3,0,0
94.960240,1,1,94,59,1531,99,245,50,0,1,1123,8,3,0,0
94.972295,0,0,94,59,1531,99,245,50,0,1,1123,8,3,0,0
94.983472,0,0,94,59,1531,99,245,50,0,1,1123,8,3,0,0
94.989415,0,0,94,59,1531,99,245,50,0,1,1123,8,3,0,0
95.003317,0,1,94,59,1531,99,245,50,0,0,1123,8,3,0,0
95.014458,0,0,94,59,1531,99,245,50,0,0,1123,8,3,0,0
95.020464,0,1,94,59,1531,99,245,50,0,1,1123,8,3,0,0
95.032969,0,1,94,59,1531,99,245,50,0,1,1122,9,3,0,0
95.042571,1,0,94,59,1531,99,245,51,0,1,1122,9,3,0,0
95.046669,0,0,94,59,1531,99,245,51,0,1,1122,9,3,0,0
95.051166,0,0,94,59,1531,99,245,51,0,1,1122,9,3,0,0
95.063713,0,1,94,59,1531,99,245,51,0,1,1123,9,3,0,0
95.073879,0,1,94,59,1531,99,245,51,0,1,1123,9,3,1,0
95.078587,0,0,94,59,1531,99,245,51,0,1,1123,9,3,1,0
95.083147,0,0,94,59,1531,99,245,51,0,1,1123,9,3,1,0
95.095494,0,1,94,59,1531,99,245,51,0,1,1123,9,3,0,0
95.105559,0,0,94,59,1531,99,245,51,0,1,1123,9,3,0,0
95.110143,0,0,94,59,1531,99,245,51,0,1,1123,9,3,0,0
95.115000,0,1,94,59,1531,99,245,51,0,1,1122,9,3,0,0
95.125696,0,1,94,59,1531,99,245,51,0,1,1122,9,2,1,0
95.130244,0,0,94,59,1531,99,245,51,0,1,1122,9,2,1,0
95.137297,0,0,94,59,1531,99,245,51,0,1,1122,9,2,1,0
95.141746,0,0,94,59,1531,99,245,51,0,1,1122,9,2,1,0
95.145922,0,0,94,59,1531,99,245,51,0,1,1122,9,2,1,0
95.157152,0,0,94,59,1531,99,245,51,0,1,1122,9,2,1,0
95.166800,0,0,94,59,1531,99,245,51,0,1,1122,9,2,1,0
95.170926,0,1,94,59,1531,99,245,51,0,2,1122,9,2,1,0
95.175046,0,0,94,59,1531,99,245,51,0,2,1122,9,2,1,0
95.188488,0,0,94,59,1531,99,245,51,0,2,1122,9,2,1,0
95.197745,0,0,94,59,1531,99,245,51,0,2,1122,9,2,1,0
95.201814,0,0,94,59,1531,99,245,51,0,2,1122,9,2,1,0
95.206251,0,1,94,59,1531,99,245,51,0,2,1122,9,3,1,0
95.219048,0,0,94,59,1531,99,245,51,0,2,1122,9,3,1,0
95.228608,0,0,94,59,1531,99,245,51,0,2,1122,9,3,1,0
95.233111,0,1,94,59,1531,99,245,51,0,1,1123,9,3,1,0
95.237232,0,0,94,59,1531,99,245,51,0,1,1123,9,3,1,0
95.249995,0,1,94,59,1531,99,245,51,0,1,1123,9,3,0,0
95.254231,0,0,94,59,1531,99,245,51,0,1,1123,9,3,0,0
95.261348,0,0,94,59,1531,99,245,51,0,1,1123,9,3,0,0
95.265503,0,1,94,59,1531,99,245,51,0,1,1122,9,3,0,0
95.269556,0,1,94,59,1531,99,245,51,0,1,1122,9,2,0,0
95.281009,0,0,94,59,1531,99,245,51,0,1,1122,9,2,0,0
95.290549,0,0,94,59,1531,99,245,51,0,1,1122,9,2,0,0
95.294603,0,1,94,59,1531,99,245,51,0,1,1123,9,2,0,0
95.298667,0,0,94,59,1531,99,245,51,0,1,1123,9,2,0,0
95.312018,0,0,94,59,1531,99,245,51,0,1,1123,9,2,0,0
95.321767,0,0,94,59,1531,99,245,51,0,1,1123,9,2,0,0
95.325948,0,0,94,59,1531,99,245,51,0,1,1123,9,2,0,0
95.330140,0,1,94,59,1531,99,245,51,0,1,1123,9,3,0,0
95.343165,1,0,94,59,1531,99,245,50,0,1,1123,9,3,0,0
95.352954,0,0,94,59,1531,99,245,50,0,1,1123,9,3,0,0
95.357499,1,1,94,59,1531,100,245,50,0,1,1122,9,3,0,0
95.362625,0,0,94,59,1531,100,245,50,0,1,1122,9,3,0,0
95.374094,0,0,94,59,1531,100,245,50,0,1,1122,9,3,0,0
95.383867,0,0,94,59,1531,100,245,50,0,1,1122,9,3,0,0
95.388440,0,0,94,59,1531,100,245,50,0,1,1122,9,3,0,0
95.392584,0,0,94,59,1531,100,245,50,0,1,1122,9,3,0,0
95.405053,0,0,94,59,1531,100,245,50,0,1,1122,9,3,0,0
95.414698,0,0,94,59,1531,100,245,50,0,1,1122,9,3,0,0
95.671071,1,1,94,59,1531,99,245,50,0,1,1121,8,2,0,0
95.684187,0,1,94,59,1531,99,245,50,0,0,1121,8,2,0,0
95.693783,1,1,94,59,1531,98,245,50,0,0,1121,8,3,0,0
95.698670,0,0,94,59,1531,98,245,50,0,0,1121,8,3,0,0
95.703255,0,1,94,59,1531,98,245,50,0,1,1121,8,3,0,0
95.715283,1,1,94,59,1531,99,245,50,0,1,1122,8,3,0,0
95.725067,0,0,94,59,1531,99,245,50,0,1,1122,8,3,0,0
95.729607,0,0,94,59,1531,99,245,50,0,1,1122,8,3,0,0
95.735509,0,0,94,59,1531,99,245,50,0,1,1122,8,3,0,0
95.747058,0,0,94,59,1531,99,245,50,0,1,1122,8,3,0,0
95.757349,0,1,94,59,1531,99,245,50,0,1,1122,8,3,1,0
95.763291,0,0,94,59,1531,99,245,50,0,1,1122,8,3,1,0
95.777246,0,0,94,59,1531,99,245,50,0,1,1122,8,3,1,0
95.788318,0,0,94,59,1531,99,245,50,0,1,1122,8,3,1,0
95.794202,0,1,94,59,1531,99,245,50,0,0,1122,8,3,1,0
95.807676,0,1,94,59,1531,99,245,50,0,0,1121,9,3,1,0
95.811771,0,1,94,59,1531,99,245,50,0,0,1121,9,3,0,0
95.819299,0,0,94,59,1531,99,245,50,0,0,1121,9,3,0,0
95.823569,0,0,94,59,1531,99,245,50,0,0,1121,9,3,0,0
95.825628,0,0,94,59,1531,99,245,50,0,0,1121,9,3,0,0
95.838534,0,1,94,59,1531,99,245,50,0,0,1121,8,3,0,0
95.842678,0,0,94,59,1531,99,245,50,0,0,1121,8,3,0,0
95.849992,0,0,94,59,1531,99,245,50,0,0,1121,8,3,0,0
95.854032,0,0,94,59,1531,99,245,50,0,0,1121,8,3,0,0
95.858085,0,0,94,59,1531,99,245,50,0,0,1121,8,3,0,0
95.870646,0,0,94,59,1531,99,245,50,0,0,1121,8,3,0,0
95.879990,0,0,94,59,1531,99,245,50,0,0,1121,8,3,0,0
95.884490,0,0,94,59,1531,99,245,50,0,0,1121,8,3,0,0
95.888644,0,0,94,59,1531,99,245,50,0,0,1121,8,3,0,0
95.900967,0,0,94,59,1531,99,245,50,0,0,1121,8,3,0,0
95.905087,0,0,94,59,1531,99,245,50,0,0,1121,8,3,0,0
95.912328,0,0,94,59,1531,99,245,50,0,0,1121,8,3,0,0
95.916444,0,1,94,59,1531,99,245,50,0,1,1121,8,3,0,0
95.920581,0,1,94,59,1531,99,245,50,0,1,1121,8,3,1,0
95.931918,0,0,94,59,1531,99,245,50,0,1,1121,8,3,1,0
95.936473,0,0,94,59,1531,99,245,50,0,1,1121,8,3,1,0
95.943526,0,0,94,59,1531,99,245,50,0,1,1121,8,3,1,0
95.948420,0,1,94,59,1531,99,245,50,0,1,1122,8,3,1,0
95.961832,1,0,94,59,1531,99,245,51,0,1,1122,8,3,1,0
95.966010,0,0,94,59,1531,99,245,51,0,1,1122,8,3,1,0
95.974467,0,0,94,59,1531,99,245,51,0,1,1122,8,3,1,0
95.978997,0,1,94,59,1531,99,245,51,0,1,1121,8,3,1,0
95.983615,0,0,94,59,1531,99,245,51,0,1,1121,8,3,1,0
95.994514,0,0,94,59,1531,99,245,51,0,1,1121,8,3,1,0
96.004157,0,0,94,59,1531,99,245,51,0,1,1121,8,3,1,0
96.008709,0,0,94,59,1531,99,245,51,0,1,1121,8,3,1,0
96.013188,0,0,94,59,1531,99,245,51,0,1,1121,8,3,1,0
96.025170,0,0,94,59,1531,99,245,51,0,1,1121,8,3,1,0
96.029363,0,0,94,59,1531,99,245,51,0,1,1121,8,3,1,0
96.037098,0,0,94,59,1531,99,245,51,0,1,1121,8,3,1,0
96.041337,1,1,94,59,1531,99,245,50,0,1,1121,8,3,0,0
96.054692,0,0,94,59,1531,99,245,50,0,1,1121,8,3,0,0
96.059579,0,0,94,59,1531,99,245,50,0,1,1121,8,3,0,0
96.067477,0,1,94,59,1531,99,245,50,0,1,1122,9,3,0,0
96.071601,0,1,94,59,1531,99,245,50,0,1,1122,9,3,1,0
96.075780,0,0,94,59,1531,99,245,50,0,1,1122,9,3,1,0
96.087256,0,0,94,59,1531,99,245,50,0,1,1122,9,3,1,0
96.091409,0,1,94,59,1531,99,245,50,0,1,1121,9,3,1,0
96.099068,1,1,94,59,1531,100,245,50,0,1,1121,8,3,1,0
96.103594,1,0,94,59,1531,100,245,51,0,1,1121,8,3,1,0
96.117369,0,0,94,59,1531,100,245,51,0,1,1121,8,3,1,0
96.121876,0,0,94,59,1531,100,245,51,0,1,1121,8,3,1,0
96.385624,1,1,94,59,1531,98,245,51,0,1,1121,9,3,0,0
96.397967,0,0,94,59,1531,98,245,51,0,1,1121,9,3,0,0
96.407900,0,0,94,59,1531,98,245,51,0,1,1121,9,3,0,0
96.412446,0,0,94,59,1531,98,245,51,0,1,1121,9,3,0,0
96.416617,0,0,94,59,1531,98,245,51,0,1,1121,9,3,0,0
96.428364,0,0,94,59,1531,98,245,51,0,1,1121,9,3,0,0
96.432458,0,0,94,59,1531,98,245,51,0,1,1121,9,3,0,0
96.439781,0,0,94,59,1531,98,245,51,0,1,1121,9,3,0,0
96.444281,0,0,94,59,1531,98,245,51,0,1,1121,9,3,0,0
96.448433,0,1,94,59,1531,98,245,51,0,1,1121,8,3,0,0
96.459330,1,0,94,59,1531,98,245,50,0,1,1121,8,3,0,0
96.463436,0,0,94,59,1531,98,245,50,0,1,1121,8,3,0,0
96.470615,0,0,94,59,1531,98,245,50,0,1,1121,8,3,0,0
96.474715,0,1,94,59,1531,98,245,50,0,1,1122,8,3,0,0
96.478790,1,0,94,59,1531,99,245,50,0,1,1122,8,3,0,0
96.490053,0,0,94,59,1531,99,245,50,0,1,1122,8,3,0,0
96.494197,0,0,94,59,1531,99,245,50,0,1,1122,8,3,0,0
96.501158,0,0,94,59,1531,99,245,50,0,1,1122,8,3,0,0
96.505251,0,0,94,59,1531,99,245,50,0,1,1122,8,3,0,0
96.509311,0,1,94,59,1531,99,245,50,0,1,1122,9,3,0,0
96.521439,0,0,94,59,1531,99,245,50,0,1,1122,9,3,0,0
96.530898,0,0,94,59,1531,99,245,50,0,1,1122,9,3,0,0
96.534914,0,0,94,59,1531,99,245,50,0,1,1122,9,3,0,0
96.538908,0,1,94,59,1531,99,245,50,0,1,1122,8,3,0,0
96.540808,1,1,94,59,1531,99,245,51,0,1,1122,8,3,1,0
96.552170,0,0,94,59,1531,99,245,51,0,1,1122,8,3,1,0
96.556414,0,0,94,59,1531,99,245,51,0,1,1122,8,3,1,0
96.564066,0,0,94,59,1531,99,245,51,0,1,1122,8,3,1,0
96.568234,0,1,94,59,1531,99,245,51,0,1,1122,9,3,1,0
96.572420,0,1,94,59,1531,99,245,51,0,1,1122,9,3,0,0
96.583732,0,0,94,59,1531,99,245,51,0,1,1122,9,3,0,0
96.593091,0,0,94,59,1531,99,245,51,0,1,1122,9,3,0,0
96.597327,0,1,94,59,1531,99,245,51,0,1,1121,9,3,0,0
96.601530,0,1,94,59,1531,99,245,51,0,1,1121,8,3,0,0
96.614139,0,0,94,59,1531,99,245,51,0,1,1121,8,3,0,0
96.624029,0,0,94,59,1531,99,245,51,0,1,1121,8,3,0,0
96.628598,0,0,94,59,1531,99,245,51,0,1,1121,8,3,0,0
96.633509,1,0,94,59,1531,98,245,51,0,1,1121,8,3,0,0
96.645901,0,0,94,59,1531,98,245,51,0,1,1121,8,3,0,0
96.655470,0,1,94,59,1531,98,245,51,0,0,1121,8,3,0,0
96.660361,0,1,94,59,1531,98,245,51,0,0,1121,8,2,0,0
96.664513,0,0,94,59,1531,98,245,51,0,0,1121,8,2,0,0
96.676882,0,0,94,59,1531,98,245,51,0,0,1121,8,2,0,0
96.686277,0,0,94,59,1531,98,245,51,0,0,1121,8,2,0,0
96.690867,0,1,94,59,1531,98,245,51,0,0,1121,8,3,0,0
96.695699,0,0,94,59,1531,98,245,51,0,0,1121,8,3,0,0
96.707769,0,0,94,59,1531,98,245,51,0,0,1121,8,3,0,0
96.717149,0,1,94,59,1531,98,245,51,0,1,1121,8,3,0,0
96.721637,0,0,94,59,1531,98,245,51,0,1,1121,8,3,0,0
96.726059,1,1,94,59,1531,98,245,50,0,1,1121,8,3,1,0
96.738564,0,0,94,59,1531,98,245,50,0,1,1121,8,3,1,0
96.748903,0,0,94,59,1531,98,245,50,0,1,1121,8,3,1,0
96.754500,0,0,94,59,1531,98,245,50,0,1,1121,8,3,1,0
96.767946,0,1,94,59,1531,98,245,50,0,1,1121,8,3,0,0
96.772427,0,0,94,59,1531,98,245,50,0,1,1121,8,3,0,0
96.780359,0,0,94,59,1531,98,245,50,0,1,1121,8,3,0,0
96.784560,1,1,94,59,1531,98,245,51,0,1,1121,8,2,0,0
96.788768,0,0,94,59,1531,98,245,51,0,1,1121,8,2,0,0
96.800591,0,0,94,59,1531,98,245,51,0,1,1121,8,2,0,0
96.810134,0,1,94,59,1531,98,245,51,0,0,1121,8,2,0,0
96.814310,0,1,94,59,1531,98,245,51,0,0,1121,9,3,0,0
96.818430,0,0,94,59,1531,98,245,51,0,0,1121,9,3,0,0
96.831183,0,0,94,59,1531,98,245,51,0,0,1121,9,3,0,0
96.835731,0,0,94,59,1531,98,245,51,0,0,1121,9,3,0,0
96.843421,0,0,94,59,1531,98,245,51,0,0,1121,9,3,0,0
97.099158,1,1,94,59,1526,99,245,51,0,2,801,9,2,1,0
97.110291,0,0,94,59,1526,99,245,51,0,2,801,9,2,1,0
97.114562,0,0,94,59,1526,99,245,51,0,2,801,9,2,1,0
97.122110,0,0,94,59,1526,99,245,51,0,2,801,9,2,1,0
97.126234,0,0,94,59,1526,99,245,51,0,2,801,9,2,1,0
97.130350,0,1,94,59,1526,99,245,51,0,1,802,9,2,1,0
97.141277,0,1,94,59,1526,99,245,51,0,1,802,8,2,1,0
97.145364,0,0,94,59,1526,99,245,51,0,1,802,8,2,1,0
97.152339,0,0,94,59,1526,99,245,51,0,1,802,8,2,1,0
97.156434,0,0,94,59,1526,99,245,51,0,1,802,8,2,1,0
97.160537,0,0,94,59,1526,99,245,51,0,1,802,8,2,1,0
97.172368,0,1,94,59,1526,99,245,51,0,1,802,9,2,1,0
97.176896,0,0,94,59,1526,99,245,51,0,1,802,9,2,1,0
97.184425,0,0,94,59,1526,99,245,51,0,1,802,9,2,1,0
97.188646,0,0,94,59,1526,99,245,51,0,1,802,9,2,1,0
97.202169,0,1,94,59,1526,99,245,51,0,1,803,9,2,1,0
97.206737,0,0,94,59,1526,99,245,51,0,1,803,9,2,1,0
97.215044,0,0,94,59,1526,99,245,51,0,1,803,9,2,1,0
97.219220,0,1,94,59,1526,99,245,51,0,2,803,9,2,1,0
97.223437,0,0,94,59,1526,99,245,51,0,2,803,9,2,1,0
97.234294,0,0,94,59,1526,99,245,51,0,2,803,9,2,1,0
97.244579,0,0,94,59,1526,99,245,51,0,2,803,9,2,1,0
97.250431,0,1,94,59,1526,99,245,51,0,1,803,9,2,1,0
97.253855,0,0,94,59,1526,99,245,51,0,1,803,9,2,1,0
97.266849,1,0,94,59,1526,99,245,50,0,1,803,9,2,1,0
97.278113,0,0,94,59,1526,99,245,50,0,1,803,9,2,1,0
97.284259,0,1,94,59,1526,99,245,50,0,1,804,8,2,1,0
97.296302,0,1,94,59,1526,99,245,50,0,1,804,8,2,2,0
97.300806,0,0,94,59,1526,99,245,50,0,1,804,8,2,2,0
97.307810,0,0,94,59,1526,99,245,50,0,1,804,8,2,2,0
97.312678,0,1,94,59,1526,99,245,50,0,1,804,9,2,2,0
97.326213,1,1,94,59,1526,99,245,51,0,1,804,9,2,1,0
97.331103,0,0,94,59,1526,99,245,51,0,1,804,9,2,1,0
97.338484,0,0,94,59,1526,99,245,51,0,1,804,9,2,1,0
97.342633,0,1,94,59,1526,99,245,51,0,1,804,8,2,1,0
97.346803,1,0,94,59,1526,98,245,51,0,1,804,8,2,1,0
97.358407,0,0,94,59,1526,98,245,51,0,1,804,8,2,1,0
97.368293,0,0,94,59,1526,98,245,51,0,1,804,8,2,1,0
97.372452,0,0,94,59,1526,98,245,51,0,1,804,8,2,1,0
97.376642,0,0,94,59,1526,98,245,51,0,1,804,8,2,1,0
97.390146,0,0,94,59,1526,98,245,51,0,1,804,8,2,1,0
97.399715,0,0,94,59,1526,98,245,51,0,1,804,8,2,1,0
97.403828,1,1,94,59,1526,99,245,51,0,1,804,9,2,1,0
97.407899,0,0,94,59,1526,99,245,51,0,1,804,9,2,1,0
97.420673,0,0,94,59,1526,99,245,51,0,1,804,9,2,1,0
97.424861,0,0,94,59,1526,99,245,51,0,1,804,9,2,1,0
97.432165,0,0,94,59,1526,99,245,51,0,1,804,9,2,1,0
97.436209,0,0,94,59,1526,99,245,51,0,1,804,9,2,1,0
97.440253,0,0,94,59,1526,99,245,51,0,1,804,9,2,1,0
97.451799,0,0,94,59,1526,99,245,51,0,1,804,9,2,1,0
97.461332,0,0,94,59,1526,99,245,51,0,1,804,9,2,1,0
97.465505,1,1,94,59,1526,98,245,51,0,1,805,9,2,1,0
97.470389,0,0,94,59,1526,98,245,51,0,1,805,9,2,1,0
97.483096,0,0,94,59,1526,98,245,51,0,1,805,9,2,1,0
97.492843,0,0,94,59,1526,98,245,51,0,1,805,9,2,1,0
97.497372,1,1,94,59,1526,99,245,51,0,1,804,9,2,1,0
97.501876,1,0,94,59,1526,99,245,50,0,1,804,9,2,1,0
97.513748,0,0,94,59,1526,99,245,50,0,1,804,9,2,1,0
97.523334,0,0,94,59,1526,99,245,50,0,1,804,9,2,1,0
97.527852,0,1,94,59,1526,99,245,50,0,1,805,9,2,1,0
97.532729,1,0,94,59,1526,99,245,51,0,1,805,9,2,1,0
97.544386,0,0,94,59,1526,99,245,51,0,1,805,9,2,1,0
97.548535,0,0,94,59,1526,99,245,51,0,1,805,9,2,1,0
97.810384,1,1,94,59,1529,99,245,51,0,1,856,9,2,1,0
97.824238,0,0,94,59,1529,99,245,51,0,1,856,9,2,1,0
97.833649,0,0,94,59,1529,99,245,51,0,1,856,9,2,1,0
97.838233,0,0,94,59,1529,99,245,51,0,1,856,9,2,1,0
97.843108,0,1,94,59,1529,99,245,51,0,1,855,9,2,1,0
97.855084,0,0,94,59,1529,99,245,51,0,1,855,9,2,1,0
97.864913,0,0,94,59,1529,99,245,51,0,1,855,9,2,1,0
97.869145,0,0,94,59,1529,99,245,51,0,1,855,9,2,1,0
97.873680,0,0,94,59,1529,99,245,51,0,1,855,9,2,1,0
97.885881,0,0,94,59,1529,99,245,51,0,1,855,9,2,1,0
97.895437,0,0,94,59,1529,99,245,51,0,1,855,9,2,1,0
97.899951,0,0,94,59,1529,99,245,51,0,1,855,9,2,1,0
97.904116,0,0,94,59,1529,99,245,51,0,1,855,9,2,1,0
97.916554,0,0,94,59,1529,99,245,51,0,1,855,9,2,1,0
97.920698,1,0,94,59,1529,99,245,50,0,1,855,9,2,1,0
97.928048,0,0,94,59,1529,99,245,50,0,1,855,9,2,1,0
97.932263,0,0,94,59,1529,99,245,50,0,1,855,9,2,1,0
97.936450,0,0,94,59,1529,99,245,50,0,1,855,9,2,1,0
97.947602,0,0,94,59,1529,99,245,50,0,1,855,9,2,1,0
97.951783,0,0,94,59,1529,99,245,50,0,1,855,9,2,1,0
97.959074,0,0,94,59,1529,99,245,50,0,1,855,9,2,1,0
97.963582,0,0,94,59,1529,99,245,50,0,1,855,9,2,1,0
97.966446,0,0,94,59,1529,99,245,50,0,1,855,9,2,1,0
97.978515,1,0,94,59,1529,99,245,51,0,1,855,9,2,1,0
97.988442,0,0,94,59,1529,99,245,51,0,1,855,9,2,1,0
97.993029,0,0,94,59,1529,99,245,51,0,1,855,9,2,1,0
97.997555,0,0,94,59,1529,99,245,51,0,1,855,9,2,1,0
98.009679,0,0,94,59,1529,99,245,51,0,1,855,9,2,1,0
98.013815,0,0,94,59,1529,99,245,51,0,1,855,9,2,1,0
98.021526,0,0,94,59,1529,99,245,51,0,1,855,9,2,1,0
98.026365,0,0,94,59,1529,99,245,51,0,1,855,9,2,1,0
98.039578,0,0,94,59,1529,99,245,51,0,1,855,9,2,1,0
98.044255,0,0,94,59,1529,99,245,51,0,1,855,9,2,1,0
98.051939,0,0,94,59,1529,99,245,51,0,1,855,9,2,1,0
98.056130,0,0,94,59,1529,99,245,51,0,1,855,9,2,1,0
98.060984,1,0,94,59,1529,99,245,50,0,1,855,9,2,1,0
98.072056,0,0,94,59,1529,99,245,50,0,1,855,9,2,1,0
98.081573,0,0,94,59,1529,99,245,50,0,1,855,9,2,1,0
98.085835,0,0,94,59,1529,99,245,50,0,1,855,9,2,1,0
98.090042,0,0,94,59,1529,99,245,50,0,1,855,9,2,1,0
98.102866,0,0,94,59,1529,99,245,50,0,1,855,9,2,1,0
98.112529,0,0,94,59,1529,99,245,50,0,1,855,9,2,1,0
98.118491,0,0,94,59,1529,99,245,50,0,1,855,9,2,1,0
98.132642,0,0,94,59,1529,99,245,50,0,1,855,9,2,1,0
98.138625,0,0,94,59,1529,99,245,50,0,1,855,9,2,1,0
98.146983,0,0,94,59,1529,99,245,50,0,1,855,9,2,1,0
98.152807,1,0,94,59,1529,99,245,51,0,1,855,9,2,1,0
98.166186,0,0,94,59,1529,99,245,51,0,1,855,9,2,1,0
98.175811,0,0,94,59,1529,99,245,51,0,1,855,9,2,1,0
98.180348,0,1,94,59,1529,99,245,51,0,1,855,8,2,0,0
98.185180,0,0,94,59,1529,99,245,51,0,1,855,8,2,0,0
98.196471,0,0,94,59,1529,99,245,51,0,1,855,8,2,0,0
98.205854,0,0,94,59,1529,99,245,51,0,1,855,8,2,0,0
98.209997,0,1,94,59,1529,99,245,51,0,1,855,9,2,0,0
98.214555,1,1,94,59,1529,99,245,50,0,1,855,9,2,1,0
98.226730,0,0,94,59,1529,99,245,50,0,1,855,9,2,1,0
98.230877,0,0,94,59,1529,99,245,50,0,1,855,9,2,1,0
98.238546,0,0,94,59,1529,99,245,50,0,1,855,9,2,1,0
98.242756,0,0,94,59,1529,99,245,50,0,1,855,9,2,1,0
98.256608,0,0,94,59,1529,99,245,50,0,1,855,9,2,1,0
98.262143,0,0,94,59,1529,99,245,50,0,1,855,9,2,1,0
98.522140,1,1,94,59,1522,99,245,51,0,1,668,9,1,2,0
98.537076,0,1,94,59,1522,99,245,51,0,1,669,9,1,2,0
98.547533,1,1,94,59,1522,98,245,51,0,1,669,9,1,1,0
98.553344,0,0,94,59,1522,98,245,51,0,1,669,9,1,1,0
98.567084,0,0,94,59,1522,98,245,51,0,1,669,9,1,1,0
98.571487,1,1,94,59,1522,99,245,51,0,1,669,9,1,2,0
98.579148,0,0,94,59,1522,99,245,51,0,1,669,9,1,2,0
98.583700,0,0,94,59,1522,99,245,51,0,1,669,9,1,2,0
98.597552,0,0,94,59,1522,99,245,51,0,1,669,9,1,2,0
98.602429,0,0,94,59,1522,99,245,51,0,1,669,9,1,2,0
98.610260,0,1,94,59,1522,99,245,51,0,1,669,9,1,1,0
98.614428,0,0,94,59,1522,99,245,51,0,1,669,9,1,1,0
98.619352,0,0,94,59,1522,99,245,51,0,1,669,9,1,1,0
98.629936,0,1,94,59,1522,99,245,51,0,1,670,9,1,1,0
98.634470,0,0,94,59,1522,99,245,51,0,1,670,9,1,1,0
98.641510,0,0,94,59,1522,99,245,51,0,1,670,9,1,1,0
98.645978,0,0,94,59,1522,99,245,51,0,1,670,9,1,1,0
98.650154,0,1,94,59,1522,99,245,51,0,2,670,9,1,1,0
98.660958,0,0,94,59,1522,99,245,51,0,2,670,9,1,1,0
98.670970,0,0,94,59,1522,99,245,51,0,2,670,9,1,1,0
98.675720,0,0,94,59,1522,99,245,51,0,2,670,9,1,1,0
98.678224,0,0,94,59,1522,99,245,51,0,2,670,9,1,1,0
98.691218,0,1,94,59,1522,99,245,51,0,1,671,9,1,1,0
98.695355,0,0,94,59,1522,99,245,51,0,1,671,9,1,1,0
98.703508,0,0,94,59,1522,99,245,51,0,1,671,9,1,1,0
98.707999,0,0,94,59,1522,99,245,51,0,1,671,9,1,1,0
98.712495,0,0,94,59,1522,99,245,51,0,1,671,9,1,1,0
98.723234,0,0,94,59,1522,99,245,51,0,1,671,9,1,1,0
98.732693,0,0,94,59,1522,99,245,51,0,1,671,9,1,1,0
98.737547,0,0,94,59,1522,99,245,51,0,1,671,9,1,1,0
98.742079,0,1,94,59,1522,99,245,51,0,1,670,9,1,1,0
98.753734,0,0,94,59,1522,99,245,51,0,1,670,9,1,1,0
98.758252,0,0,94,59,1522,99,245,51,0,1,670,9,1,1,0
98.765610,0,0,94,59,1522,99,245,51,0,1,670,9,1,1,0
98.770124,0,0,94,59,1522,99,245,51,0,1,670,9,1,1,0
98.783632,0,1,94,59,1522,99,245,51,0,1,671,9,1,1,0
98.787778,1,0,94,59,1522,99,245,50,0,1,671,9,1,1,0
98.796196,0,0,94,59,1522,99,245,50,0,1,671,9,1,1,0
98.800731,0,0,94,59,1522,99,245,50,0,1,671,9,1,1,0
98.804882,0,0,94,59,1522,99,245,50,0,1,671,9,1,1,0
98.815851,0,0,94,59,1522,99,245,50,0,1,671,9,1,1,0
98.825750,0,0,94,59,1522,99,245,50,0,1,671,9,1,1,0
98.830315,0,0,94,59,1522,99,245,50,0,1,671,9,1,1,0
98.834506,0,0,94,59,1522,99,245,50,0,1,671,9,1,1,0
98.847493,1,0,94,59,1522,99,245,51,0,1,671,9,1,1,0
98.856922,0,0,94,59,1522,99,245,51,0,1,671,9,1,1,0
98.861444,0,0,94,59,1522,99,245,51,0,1,671,9,1,1,0
98.865572,0,0,94,59,1522,99,245,51,0,1,671,9,1,1,0
98.877889,0,0,94,59,1522,99,245,51,0,1,671,9,1,1,0
98.882027,0,0,94,59,1522,99,245,51,0,1,671,9,1,1,0
98.889725,0,0,94,59,1522,99,245,51,0,1,671,9,1,1,0
98.893861,0,0,94,59,1522,99,245,51,0,1,671,9,1,1,0
98.898332,0,0,94,59,1522,99,245,51,0,1,671,9,1,1,0
98.908898,0,0,94,59,1522,99,245,51,0,1,671,9,1,1,0
98.913007,0,0,94,59,1522,99,245,51,0,1,671,9,1,1,0
98.920033,0,0,94,59,1522,99,245,51,0,1,671,9,1,1,0
98.924115,0,0,94,59,1522,99,245,51,0,1,671,9,1,1,0
98.928270,0,0,94,59,1522,99,245,51,0,1,671,9,1,1,0
98.940170,0,0,94,59,1522,99,245,51,0,1,671,9,1,1,0
98.944285,0,0,94,59,1522,99,245,51,0,1,671,9,1,1,0
98.951190,0,0,94,59,1522,99,245,51,0,1,671,9,1,1,0
98.955256,0,1,94,59,1522,99,245,51,0,1,672,9,1,1,0
98.959741,0,0,94,59,1522,99,245,51,0,1,672,9,1,1,0
98.970742,0,0,94,59,1522,99,245,51,0,1,672,9,1,1,0
98.974850,0,1,94,59,1522,99,245,51,1,1,672,9,1,1,0
99.238330,1,1,94,59,1528,99,245,51,0,1,806,8,1,0,0
99.250362,0,1,94,59,1528,99,245,51,0,1,805,8,1,0,0
99.260124,0,1,94,59,1528,99,245,51,0,1,805,8,2,0,0
99.264315,0,0,94,59,1528,99,245,51,0,1,805,8,2,0,0
99.269157,0,0,94,59,1528,99,245,51,0,1,805,8,2,0,0
99.281697,0,0,94,59,1528,99,245,51,0,1,805,8,2,0,0
99.291181,1,1,94,59,1528,99,245,50,0,1,805,8,1,1,0
99.295375,0,0,94,59,1528,99,245,50,0,1,805,8,1,1,0
99.299862,0,0,94,59,1528,99,245,50,0,1,805,8,1,1,0
99.312631,0,0,94,59,1528,99,245,50,0,1,805,8,1,1,0
99.322031,0,1,94,59,1528,99,245,50,0,1,805,8,1,0,0
99.326524,0,0,94,59,1528,99,245,50,0,1,805,8,1,0,0
99.330698,0,0,94,59,1528,99,245,50,0,1,805,8,1,0,0
99.343274,0,0,94,59,1528,99,245,50,0,1,805,8,1,0,0
99.353183,0,1,94,59,1528,99,245,50,0,1,805,8,2,1,0
99.357691,0,0,94,59,1528,99,245,50,0,1,805,8,2,1,0
99.362228,0,0,94,59,1528,99,245,50,0,1,805,8,2,1,0
99.374315,0,0,94,59,1528,99,245,50,0,1,805,8,2,1,0
99.383840,0,0,94,59,1528,99,245,50,0,1,805,8,2,1,0
99.388042,0,0,94,59,1528,99,245,50,0,1,805,8,2,1,0
99.392241,0,0,94,59,1528,99,245,50,0,1,805,8,2,1,0
99.394435,0,1,94,59,1528,99,245,50,0,1,804,8,2,1,0
99.405685,0,0,94,59,1528,99,245,50,0,1,804,8,2,1,0
99.415060,0,1,94,59,1528,99,245,50,0,1,804,8,2,0,0
99.419564,0,0,94,59,1528,99,245,50,0,1,804,8,2,0,0
99.424137,0,1,94,59,1528,99,245,50,0,1,805,8,2,0,0
99.436584,0,0,94,59,1528,99,245,50,0,1,805,8,2,0,0
99.446129,0,0,94,59,1528,99,245,50,0,1,805,8,2,0,0
99.450238,0,0,94,59,1528,99,245,50,0,1,805,8,2,0,0
99.454344,0,1,94,59,1528,99,245,50,0,1,804,8,2,0,0
99.466915,0,0,94,59,1528,99,245,50,0,1,804,8,2,0,0
99.476886,0,1,94,59,1528,99,245,50,0,1,804,8,2,1,0
99.480976,0,0,94,59,1528,99,245,50,0,1,804,8,2,1,0
99.485077,0,0,94,59,1528,99,245,50,0,1,804,8,2,1,0
99.497979,1,0,94,59,1528,99,245,51,0,1,804,8,2,1,0
99.502517,0,0,94,59,1528,99,245,51,0,1,804,8,2,1,0
99.509227,0,0,94,59,1528,99,245,51,0,1,804,8,2,1,0
99.513799,0,0,94,59,1528,99,245,51,0,1,804,8,2,1,0
99.528012,0,0,94,59,1528,99,245,51,0,1,804,8,2,1,0
99.532726,0,0,94,59,1528,99,245,51,0,1,804,8,2,1,0
99.540682,0,0,94,59,1528,99,245,51,0,1,804,8,2,1,0
99.544794,0,0,94,59,1528,99,245,51,0,1,804,8,2,1,0
99.548865,0,1,94,59,1528,99,245,51,0,1,804,8,2,0,0
99.560105,0,0,94,59,1528,99,245,51,0,1,804,8,2,0,0
99.570017,0,0,94,59,1528,99,245,51,0,1,804,8,2,0,0
99.574966,0,0,94,59,1528,99,245,51,0,1,804,8,2,0,0
99.579539,0,0,94,59,1528,99,245,51,0,1,804,8,2,0,0
99.591065,0,0,94,59,1528,99,245,51,0,1,804,8,2,0,0
99.595192,0,0,94,59,1528,99,245,51,0,1,804,8,2,0,0
99.602613,0,0,94,59,1528,99,245,51,0,1,804,8,2,0,0
99.606894,0,0,94,59,1528,99,245,51,0,1,804,8,2,0,0
99.610917,0,0,94,59,1528,99,245,51,0,1,804,8,2,0,0
99.622402,0,0,94,59,1528,99,245,51,0,1,804,8,2,0,0
99.632154,0,0,94,59,1528,99,245,51,0,1,804,8,2,0,0
99.636629,0,0,94,59,1528,99,245,51,0,1,804,8,2,0,0
99.640974,1,0,94,59,1528,99,245,50,0,1,804,8,2,0,0
99.652933,0,0,94,59,1528,99,245,50,0,1,804,8,2,0,0
99.657053,0,1,94,59,1528,99,245,50,1,1,804,8,2,0,0
99.664157,0,0,94,59,1528,99,245,50,1,1,804,8,2,0,0
99.668259,0,0,94,59,1528,99,245,50,1,1,804,8,2,0,0
99.672417,0,1,94,59,1528,99,245,50,1,1,804,8,2,1,0
99.684779,0,0,94,59,1528,99,245,50,1,1,804,8,2,1,0
99.694108,0,1,94,59,1528,99,245,50,0,1,804,8,2,1,0
99.950843,1,1,94,59,1531,99,245,51,0,0,1052,8,3,0,0
99.963998,0,1,94,59,1531,99,245,51,0,0,1082,8,3,0,340
99.973640,0,1,94,59,1531,99,245,51,0,0,1082,8,2,0,340
99.978107,0,0,94,59,1531,99,245,51,0,0,1082,8,2,0,340
99.982203,0,0,94,59,1531,99,245,51,0,0,1082,8,2,0,340
99.994137,1,1,94,59,1533,99,245,51,0,0,1129,8,2,0,0
100.004249,0,0,94,59,1533,99,245,51,0,0,1129,8,2,0,0
100.008435,0,0,94,59,1533,99,245,51,0,0,1129,8,2,0,0
100.012615,0,0,94,59,1533,99,245,51,0,0,1129,8,2,0,0
100.025079,1,1,94,59,1529,99,245,51,0,0,1102,8,2,0,392
100.029291,0,0,94,59,1529,99,245,51,0,0,1102,8,2,0,392
100.036731,0,0,94,59,1529,99,245,51,0,0,1102,8,2,0,392
100.040884,0,1,94,59,1529,99,245,51,0,1,1102,8,2,0,392
100.045731,1,1,94,59,1535,99,245,51,0,1,1157,8,2,0,305
100.056285,0,1,94,59,1535,99,245,51,0,1,1157,8,3,0,305
100.060414,1,0,94,59,1535,99,245,50,0,1,1157,8,3,0,305
100.067727,0,0,94,59,1535,99,245,50,0,1,1157,8,3,0,305
100.072253,0,1,94,59,1535,99,245,50,0,0,1157,8,3,0,305
100.076427,0,1,94,59,1535,99,245,50,0,0,1156,8,3,0,305
100.088006,0,1,94,59,1535,99,245,50,0,0,1156,8,2,0,305
100.097534,0,0,94,59,1535,99,245,50,0,0,1156,8,2,0,305
100.102036,0,0,94,59,1535,99,245,50,0,0,1156,8,2,0,305
100.106529,0,1,94,59,1535,99,245,50,0,0,1155,8,2,0,305
100.118894,0,1,94,59,1535,99,245,50,0,0,1155,8,3,0,305
100.128167,0,0,94,59,1535,99,245,50,0,0,1155,8,3,0,305
100.133070,0,0,94,59,1535,99,245,50,0,0,1155,8,3,0,305
100.137963,0,1,94,59,1535,99,245,50,0,1,1154,7,3,0,305
100.149611,0,0,94,59,1535,99,245,50,0,1,1154,7,3,0,305
100.159111,1,0,94,59,1535,99,245,51,0,1,1154,7,3,0,305
100.163678,0,1,94,59,1535,99,245,51,0,0,1154,7,3,0,305
100.167827,0,1,94,59,1535,99,245,51,0,0,1154,8,3,0,305
100.180125,0,0,94,59,1535,99,245,51,0,0,1154,8,3,0,305
100.184224,0,0,94,59,1535,99,245,51,0,0,1154,8,3,0,305
100.191561,0,0,94,59,1535,99,245,51,0,0,1154,8,3,0,305
100.196072,0,1,94,59,1535,99,245,51,0,1,1153,8,3,0,307
100.197924,0,0,94,59,1535,99,245,51,0,1,1153,8,3,0,307
100.211146,0,0,94,59,1535,99,245,51,0,1,1153,8,3,0,307
100.221139,0,0,94,59,1535,99,245,51,0,1,1153,8,3,0,307
100.225677,0,0,94,59,1535,99,245,51,0,1,1153,8,3,0,307
100.229817,1,0,94,59,1535,100,245,51,0,1,1153,8,3,0,307
100.242546,1,0,94,59,1535,100,245,50,0,1,1153,8,3,0,307
100.252136,0,0,94,59,1535,100,245,50,0,1,1153,8,3,0,307
100.256677,0,1,94,59,1535,100,245,50,0,0,1153,8,3,0,309
100.261171,1,0,94,59,1535,99,245,50,0,0,1153,8,3,0,309
100.273104,0,0,94,59,1535,99,245,50,0,0,1153,8,3,0,309
100.277162,0,0,94,59,1535,99,245,50,0,0,1153,8,3,0,309
100.284607,0,0,94,59,1535,99,245,50,0,0,1153,8,3,0,309
100.288769,0,1,94,59,1535,99,245,50,0,0,1153,8,2,0,309
100.292843,0,0,94,59,1535,99,245,50,0,0,1153,8,2,0,309
100.304147,0,0,94,59,1535,99,245,50,0,0,1153,8,2,0,309
100.308315,0,0,94,59,1535,99,245,50,0,0,1153,8,2,0,309
100.315347,0,0,94,59,1535,99,245,50,0,0,1153,8,2,0,309
100.319409,0,0,94,59,1535,99,245,50,0,0,1153,8,2,0,309
100.323552,0,0,94,59,1535,99,245,50,0,0,1153,8,2,0,309
100.335545,0,0,94,59,1535,99,245,50,0,0,1153,8,2,0,309
100.345193,0,0,94,59,1535,99,245,50,0,0,1153,8,2,0,309
100.349727,0,0,94,59,1535,99,245,50,0,0,1153,8,2,0,309
100.354607,0,0,94,59,1535,99,245,50,0,0,1153,8,2,0,309
100.366602,0,0,94,59,1535,99,245,50,0,0,1153,8,2,0,309
100.376433,0,1,94,59,1535,99,245,50,0,1,1153,8,2,0,307
100.380622,0,1,94,59,1535,99,245,50,0,1,1152,8,3,0,307
100.385510,1,0,94,59,1535,99,245,51,0,1,1152,8,3,0,307
100.397986,0,0,94,59,1535,99,245,51,0,1,1152,8,3,0,307
100.407422,0,1,94,59,1535,99,245,51,0,0,1152,8,3,0,305
100.411581,0,0,94,59,1535,99,245,51,0,0,1152,8,3,0,305
100.415625,0,0,94,59,1535,99,245,51,0,0,1152,8,3,0,305
100.428543,0,0,94,59,1535,99,245,51,0,0,1152,8,3,0,305
100.438191,0,1,94,59,1535,99,245,51,0,0,1151,8,3,0,301
100.443034,0,0,94,59,1535,99,245,51,0,0,1151,8,3,0,301
100.447231,0,0,94,59,1535,99,245,51,0,0,1151,8,3,0,301
100.459735,0,0,94,59,1535,99,245,51,0,0,1151,8,3,0,301
100.469478,0,0,94,59,1535,99,245,51,0,0,1151,8,3,0,307
100.474027,0,1,94,59,1535,99,245,51,0,0,1151,8,2,0,307
100.478561,0,0,94,59,1535,99,245,51,0,0,1151,8,2,0,307
100.490591,0,1,94,59,1535,99,245,51,0,1,1151,8,2,0,307
100.500183,0,1,94,59,1535,99,245,51,0,1,1151,8,3,0,307
100.769381,1,1,94,59,1528,99,245,51,0,1,1041,8,2,0,0
100.779762,0,0,94,59,1528,99,245,51,0,1,1041,8,2,0,0
100.785464,0,0,94,59,1528,99,245,51,0,1,1041,8,2,0,0
100.799482,0,1,94,59,1528,99,245,51,0,1,1039,8,2,0,0
100.804015,0,0,94,59,1528,99,245,51,0,1,1039,8,2,0,0
100.811414,0,0,94,59,1528,99,245,51,0,1,1039,8,2,0,0
100.815499,0,1,94,59,1528,99,245,51,0,1,1038,8,2,0,0
100.819570,0,0,94,59,1528,99,245,51,0,1,1038,8,2,0,0
100.831314,0,0,94,59,1528,99,245,51,0,1,1038,8,2,0,0
100.835466,0,0,94,59,1528,99,245,51,0,1,1038,8,2,0,0
100.842995,0,0,94,59,1528,99,245,51,0,1,1038,8,2,0,0
100.847162,0,1,94,59,1528,99,245,51,0,1,1037,8,2,0,0
100.851207,0,0,94,59,1528,99,245,51,0,1,1037,8,2,0,0
100.862704,0,0,94,59,1528,99,245,51,0,1,1037,8,2,0,0
100.866767,0,0,94,59,1528,99,245,51,0,1,1037,8,2,0,0
100.874091,0,0,94,59,1528,99,245,51,0,1,1037,8,2,0,0
100.878213,0,1,94,59,1528,99,245,51,0,1,1036,8,2,0,0
100.882333,0,1,94,59,1528,99,245,51,0,1,1036,8,3,0,0
100.893359,0,0,94,59,1528,99,245,51,0,1,1036,8,3,0,0
100.897490,0,0,94,59,1528,99,245,51,0,1,1036,8,3,0,0
100.904863,0,0,94,59,1528,99,245,51,0,1,1036,8,3,0,0
100.908910,0,1,94,59,1528,99,245,51,0,1,1035,8,3,0,0
100.913377,0,0,94,59,1528,99,245,51,0,1,1035,8,3,0,0
100.924790,0,0,94,59,1528,99,245,51,0,1,1035,8,3,0,0
100.926952,0,0,94,59,1528,99,245,51,0,1,1035,8,3,0,0
100.936150,0,0,94,59,1528,99,245,51,0,1,1035,8,3,0,0
100.940973,1,0,94,59,1528,100,245,51,0,1,1035,8,3,0,0
100.954447,1,0,94,59,1528,100,245,50,0,1,1035,8,3,0,0
100.965519,0,0,94,59,1528,100,245,50,0,1,1035,8,3,0,0
100.970834,0,1,94,59,1528,100,245,50,0,1,1035,8,2,0,0
100.976072,0,0,94,59,1528,100,245,50,0,1,1035,8,2,0,0
100.986943,0,0,94,59,1528,100,245,50,0,1,1035,8,2,0,0
100.996305,0,0,94,59,1528,100,245,50,0,1,1035,8,2,0,0
101.000815,1,1,94,59,1528,98,245,50,0,1,1034,9,3,0,0
101.005313,0,0,94,59,1528,98,245,50,0,1,1034,9,3,0,0
101.017571,0,0,94,59,1528,98,245,50,0,1,1034,9,3,0,0
101.027569,0,0,94,59,1528,98,245,50,0,1,1034,9,3,0,0
101.031745,0,1,94,59,1528,98,245,50,0,1,1033,8,3,0,0
101.035908,0,0,94,59,1528,98,245,50,0,1,1033,8,3,0,0
101.048384,0,0,94,59,1528,98,245,50,0,1,1033,8,3,0,0
101.052881,0,0,94,59,1528,98,245,50,0,1,1033,8,3,0,0
101.059625,0,0,94,59,1528,98,245,50,0,1,1033,8,3,0,0
101.063821,1,0,94,59,1528,98,245,51,0,1,1033,8,3,0,0
101.068319,0,0,94,59,1528,98,245,51,0,1,1033,8,3,0,0
101.079476,0,0,94,59,1528,98,245,51,0,1,1033,8,3,0,0
101.083682,0,1,94,59,1528,98,245,51,0,1,1034,8,3,0,0
101.090687,1,0,94,59,1528,99,245,51,0,1,1034,8,3,0,0
101.094803,0,0,94,59,1528,99,245,51,0,1,1034,8,3,0,0
101.098842,0,0,94,59,1528,99,245,51,0,1,1034,8,3,0,0
101.110390,0,0,94,59,1528,99,245,51,0,1,1034,8,3,0,0
101.114490,0,1,94,59,1528,99,245,51,0,1,1033,8,3,0,0
101.121849,0,1,94,59,1528,99,245,51,0,1,1033,8,2,0,0
101.125944,0,0,94,59,1528,99,245,51,0,1,1033,8,2,0,0
101.130443,0,0,94,59,1528,99,245,51,0,1,1033,8,2,0,0
101.141532,0,0,94,59,1528,99,245,51,0,1,1033,8,2,0,0
101.151626,1,0,94,59,1528,100,245,51,0,1,1033,8,2,0,0
101.157113,0,0,94,59,1528,100,245,51,0,1,1033,8,2,0,0
101.161326,0,0,94,59,1528,100,245,51,0,1,1033,8,2,0,0
101.172424,0,1,94,59,1528,100,245,51,0,1,1032,8,2,0,0
101.176546,1,0,94,59,1528,99,245,51,0,1,1032,8,2,0,0
101.183612,0,0,94,59,1528,99,245,51,0,1,1032,8,2,0,0
101.187728,0,0,94,59,1528,99,245,51,0,1,1032,8,2,0,0
101.191851,0,0,94,59,1528,99,245,51,0,1,1032,8,2,0,0
101.203455,0,0,94,59,1528,99,245,51,0,1,1032,8,2,0,0
101.207645,1,1,94,59,1528,98,245,51,0,1,1032,9,2,0,0
101.214969,0,0,94,59,1528,98,245,51,0,1,1032,9,2,0,0
101.219135,0,0,94,59,1528,98,245,51,0,1,1032,9,2,0,0
101.223313,0,0,94,59,1528,98,245,51,0,1,1032,9,2,0,0
101.485977,1,1,94,59,1523,99,245,50,0,2,677,9,2,1,0
101.493815,0,0,94,59,1523,99,245,50,0,2,677,9,2,1,0
101.497914,0,1,94,59,1523,99,245,50,0,2,678,9,2,1,0
101.502019,0,0,94,59,1523,99,245,50,0,2,678,9,2,1,0
101.513546,1,0,94,59,1523,99,245,51,0,2,678,9,2,1,0
101.518124,0,0,94,59,1523,99,245,51,0,2,678,9,2,1,0
101.525210,0,0,94,59,1523,99,245,51,0,2,678,9,2,1,0
101.529326,0,0,94,59,1523,99,245,51,0,2,678,9,2,1,0
101.533373,1,0,94,59,1523,100,245,51,0,2,678,9,2,1,0
101.544634,0,0,94,59,1523,100,245,51,0,2,678,9,2,1,0
101.548759,0,0,94,59,1523,100,245,51,0,2,678,9,2,1,0
101.555714,0,0,94,59,1523,100,245,51,0,2,678,9,2,1,0
101.559813,1,1,94,59,1523,98,245,51,0,2,679,9,2,1,0
101.563988,0,1,94,59,1523,98,245,51,0,2,679,9,1,1,0
101.576198,0,0,94,59,1523,98,245,51,0,2,679,9,1,1,0
101.585827,0,0,94,59,1523,98,245,51,0,2,679,9,1,1,0
101.591601,0,0,94,59,1523,98,245,51,0,2,679,9,1,1,0
101.605834,1,0,94,59,1523,98,245,50,0,2,679,9,1,1,0
101.616773,0,0,94,59,1523,98,245,50,0,2,679,9,1,1,0
101.622560,0,1,94,59,1523,98,245,50,0,2,679,9,2,1,0
101.636530,0,0,94,59,1523,98,245,50,0,2,679,9,2,1,0
101.639524,0,0,94,59,1523,98,245,50,0,2,679,9,2,1,0
101.649542,0,0,94,59,1523,98,245,50,0,2,679,9,2,1,0
101.653819,0,1,94,59,1523,98,245,50,0,2,679,9,1,1,0
101.657888,0,0,94,59,1523,98,245,50,0,2,679,9,1,1,0
101.668759,0,0,94,59,1523,98,245,50,0,2,679,9,1,1,0
101.672893,0,1,94,59,1523,98,245,50,1,2,679,9,1,1,0
101.680472,0,0,94,59,1523,98,245,50,1,2,679,9,1,1,0
101.684665,0,1,94,59,1523,98,245,50,1,2,679,9,2,1,0
101.688801,0,0,94,59,1523,98,245,50,1,2,679,9,2,1,0
101.699987,0,0,94,59,1523,98,245,50,1,2,679,9,2,1,0
101.709572,0,1,94,59,1523,98,245,50,0,2,679,9,2,1,0
101.714109,0,1,94,59,1523,98,245,50,0,2,680,9,2,1,0
101.718660,1,0,94,59,1523,98,245,51,0,2,680,9,2,1,0
101.730967,0,0,94,59,1523,98,245,51,0,2,680,9,2,1,0
101.740518,0,0,94,59,1523,98,245,51,0,2,680,9,2,1,0
101.744722,0,0,94,59,1523,98,245,51,0,2,680,9,2,1,0
101.749250,0,0,94,59,1523,98,245,51,0,2,680,9,2,1,0
101.761620,0,0,94,59,1523,98,245,51,0,2,680,9,2,1,0
101.765812,0,0,94,59,1523,98,245,51,0,2,680,9,2,1,0
101.773688,0,0,94,59,1523,98,245,51,0,2,680,9,2,1,0
101.778180,0,0,94,59,1523,98,245,51,0,2,680,9,2,1,0
101.791380,0,0,94,59,1523,98,245,51,0,2,680,9,2,1,0
101.796215,0,0,94,59,1523,98,245,51,0,2,680,9,2,1,0
101.803794,1,0,94,59,1523,99,245,51,0,2,680,9,2,1,0
101.808277,0,0,94,59,1523,99,245,51,0,2,680,9,2,1,0
101.812455,0,0,94,59,1523,99,245,51,0,2,680,9,2,1,0
101.823689,0,1,94,59,1523,99,245,51,1,2,680,9,2,1,0
101.827862,0,0,94,59,1523,99,245,51,1,2,680,9,2,1,0
101.835252,0,0,94,59,1523,99,245,51,1,2,680,9,2,1,0
101.839437,0,0,94,59,1523,99,245,51,1,2,680,9,2,1,0
101.843966,0,1,94,59,1523,99,245,51,0,2,680,9,2,1,0
101.855144,0,0,94,59,1523,99,245,51,0,2,680,9,2,1,0
101.864766,0,0,94,59,1523,99,245,51,0,2,680,9,2,1,0
101.868884,0,0,94,59,1523,99,245,51,0,2,680,9,2,1,0
101.873428,0,0,94,59,1523,99,245,51,0,2,680,9,2,1,0
101.885784,0,1,94,59,1523,99,245,51,1,2,680,9,2,1,0
101.889876,1,1,94,59,1523,98,245,51,1,2,681,8,2,1,0
101.896880,0,0,94,59,1523,98,245,51,1,2,681,8,2,1,0
101.900956,0,0,94,59,1523,98,245,51,1,2,681,8,2,1,0
101.905069,0,0,94,59,1523,98,245,51,1,2,681,8,2,1,0
101.916615,0,0,94,59,1523,98,245,51,1,2,681,8,2,1,0
101.921117,0,0,94,59,1523,98,245,51,1,2,681,8,2,1,0
101.928111,0,0,94,59,1523,98,245,51,1,2,681,8,2,1,0
101.932621,0,0,94,59,1523,98,245,51,1,2,681,8,2,1,0
101.937143,0,1,94,59,1523,98,245,51,0,2,681,8,2,1,0
102.207756,1,1,94,59,1528,98,245,50,0,1,808,8,2,0,0
102.212311,0,0,94,59,1528,98,245,50,0,1,808,8,2,0,0
102.225685,0,0,94,59,1528,98,245,50,0,1,808,8,2,0,0
102.231469,0,0,94,59,1528,98,245,50,0,1,808,8,2,0,0
102.239731,0,1,94,59,1528,98,245,50,0,2,806,8,2,0,0
102.245504,0,1,94,59,1528,98,245,50,0,2,806,8,1,0,0
102.258486,0,0,94,59,1528,98,245,50,0,2,806,8,1,0,0
102.267898,0,0,94,59,1528,98,245,50,0,2,806,8,1,0,0
102.272125,0,1,94,59,1528,98,245,50,0,2,806,8,2,0,0
102.276949,1,0,94,59,1528,98,245,51,0,2,806,8,2,0,0
102.289013,0,0,94,59,1528,98,245,51,0,2,806,8,2,0,0
102.298630,0,1,94,59,1528,98,245,51,1,2,806,8,2,0,0
102.303217,1,0,94,59,1528,99,245,51,1,2,806,8,2,0,0
102.307387,0,0,94,59,1528,99,245,51,1,2,806,8,2,0,0
102.319907,0,0,94,59,1528,99,245,51,1,2,806,8,2,0,0
102.324095,0,0,94,59,1528,99,245,51,1,2,806,8,2,0,0
102.331412,0,0,94,59,1528,99,245,51,1,2,806,8,2,0,0
102.335608,0,0,94,59,1528,99,245,51,1,2,806,8,2,0,0
102.340108,0,0,94,59,1528,99,245,51,1,2,806,8,2,0,0
102.351283,0,0,94,59,1528,99,245,51,1,2,806,8,2,0,0
102.360734,0,1,94,59,1528,99,245,51,0,1,805,8,2,0,0
102.363257,0,0,94,59,1528,99,245,51,0,1,805,8,2,0,0
102.367381,0,0,94,59,1528,99,245,51,0,1,805,8,2,0,0
102.380491,0,0,94,59,1528,99,245,51,0,1,805,8,2,0,0
102.384748,0,1,94,59,1528,99,245,51,1,1,805,8,2,0,0
102.392973,0,0,94,59,1528,99,245,51,1,1,805,8,2,0,0
102.397147,0,0,94,59,1528,99,245,51,1,1,805,8,2,0,0
102.401365,0,0,94,59,1528,99,245,51,1,1,805,8,2,0,0
102.413145,0,0,94,59,1528,99,245,51,1,1,805,8,2,0,0
102.422950,0,1,94,59,1528,99,245,51,1,1,806,8,2,0,0
102.427782,0,0,94,59,1528,99,245,51,1,1,806,8,2,0,0
102.431937,0,0,94,59,1528,99,245,51,1,1,806,8,2,0,0
102.443835,0,0,94,59,1528,99,245,51,1,1,806,8,2,0,0
102.453696,1,1,94,60,1528,99,245,51,1,2,805,8,2,0,0
102.457878,0,0,94,60,1528,99,245,51,1,2,805,8,2,0,0
102.462352,0,0,94,60,1528,99,245,51,1,2,805,8,2,0,0
102.475180,0,1,94,60,1528,99,245,51,0,2,805,8,2,0,0
102.484788,0,0,94,60,1528,99,245,51,0,2,805,8,2,0,0
102.489350,1,0,94,60,1528,99,245,50,0,2,805,8,2,0,0
102.493575,0,0,94,60,1528,99,245,50,0,2,805,8,2,0,0
102.505775,0,0,94,60,1528,99,245,50,0,2,805,8,2,0,0
102.509965,0,1,94,60,1528,99,245,50,0,1,805,8,2,0,0
102.517640,0,0,94,60,1528,99,245,50,0,1,805,8,2,0,0
102.522116,1,0,94,60,1528,99,245,51,0,1,805,8,2,0,0
102.535630,0,0,94,60,1528,99,245,51,0,1,805,8,2,0,0
102.539782,0,0,94,60,1528,99,245,51,0,1,805,8,2,0,0
102.548013,0,0,94,60,1528,99,245,51,0,1,805,8,2,0,0
102.552563,0,0,94,60,1528,99,245,51,0,1,805,8,2,0,0
102.556757,0,0,94,60,1528,99,245,51,0,1,805,8,2,0,0
102.568189,0,0,94,60,1528,99,245,51,0,1,805,8,2,0,0
102.577783,0,0,94,60,1528,99,245,51,0,1,805,8,2,0,0
102.582245,0,0,94,60,1528,99,245,51,0,1,805,8,2,0,0
102.586761,0,0,94,60,1528,99,245,51,0,1,805,8,2,0,0
102.599222,0,0,94,60,1528,99,245,51,0,1,805,8,2,0,0
102.609038,0,0,94,60,1528,99,245,51,0,1,805,8,2,0,0
102.613553,0,0,94,60,1528,99,245,51,0,1,805,8,2,0,0
102.618151,0,0,94,60,1528,99,245,51,0,1,805,8,2,0,0
102.629896,0,0,94,60,1528,99,245,51,0,1,805,8,2,0,0
102.634082,0,1,94,60,1528,99,245,51,0,1,805,8,2,1,0
102.641206,0,0,94,60,1528,99,245,51,0,1,805,8,2,1,0
102.645764,0,0,94,60,1528,99,245,51,0,1,805,8,2,1,0
102.649894,0,0,94,60,1528,99,245,51,0,1,805,8,2,1,0
102.660905,0,1,94,60,1528,99,245,51,0,1,805,9,2,1,0
102.921840,1,1,94,60,1529,99,245,51,0,1,1018,8,3,0,298
102.926942,1,1,94,60,1532,99,245,51,0,1,1075,8,3,0,298
102.940647,0,0,94,60,1532,99,245,51,0,1,1075,8,3,0,298
102.950036,0,0,94,60,1532,99,245,51,0,1,1075,8,3,0,298
102.954267,0,1,94,60,1532,99,245,51,0,0,1075,8,3,0,298
102.958802,0,0,94,60,1532,99,245,51,0,0,1075,8,3,0,298
102.970957,0,0,94,60,1532,99,245,51,0,0,1075,8,3,0,298
102.975445,0,1,94,60,1532,99,245,51,0,1,1075,8,3,0,0
102.982432,1,1,94,60,1529,99,245,51,0,1,1055,8,3,0,0
102.986597,1,0,94,60,1529,99,245,50,0,1,1055,8,3,0,0
102.990813,0,0,94,60,1529,99,245,50,0,1,1055,8,3,0,0
103.002668,0,0,94,60,1529,99,245,50,0,1,1055,8,3,0,0
103.011997,0,1,94,60,1529,99,245,50,0,0,1055,8,3,0,197
103.016538,1,1,94,60,1532,99,245,50,0,0,1101,8,3,0,197
103.020719,0,0,94,60,1532,99,245,50,0,0,1101,8,3,0,197
103.033312,0,0,94,60,1532,99,245,50,0,0,1101,8,3,0,197
103.042834,0,1,94,60,1532,99,245,50,0,0,1129,8,3,0,196
103.047325,1,0,94,60,1535,99,245,50,0,0,1129,8,3,0,196
103.051516,0,0,94,60,1535,99,245,50,0,0,1129,8,3,0,196
103.063950,0,0,94,60,1535,99,245,50,0,0,1129,8,3,0,196
103.068139,0,0,94,60,1535,99,245,50,0,0,1129,8,3,0,196
103.075794,0,1,94,60,1535,99,245,50,0,0,1127,8,3,0,197
103.079933,0,0,94,60,1535,99,245,50,0,0,1127,8,3,0,197
103.084121,0,0,94,60,1535,99,245,50,0,0,1127,8,3,0,197
103.095671,0,0,94,60,1535,99,245,50,0,0,1127,8,3,0,197
103.104957,0,1,94,60,1535,99,245,50,0,0,1127,8,4,0,197
103.109536,1,0,94,60,1535,99,245,51,0,0,1127,8,4,0,197
103.114374,0,0,94,60,1535,99,245,51,0,0,1127,8,4,0,197
103.125967,0,0,94,60,1535,99,245,51,0,0,1127,8,4,0,197
103.130471,0,1,94,60,1535,99,245,51,0,0,1125,8,4,0,196
103.137570,0,1,94,60,1535,99,245,51,0,0,1125,8,3,0,196
103.142137,0,0,94,60,1535,99,245,51,0,0,1125,8,3,0,196
103.146594,0,0,94,60,1535,99,245,51,0,0,1125,8,3,0,196
103.157518,0,1,94,60,1535,99,245,51,0,1,1125,8,3,0,196
103.167184,0,0,94,60,1535,99,245,51,0,1,1125,8,3,0,198
103.171369,0,0,94,60,1535,99,245,51,0,1,1125,8,3,0,198
103.176281,0,0,94,60,1535,99,245,51,0,1,1125,8,3,0,198
103.187958,0,1,94,60,1535,99,245,51,0,0,1125,8,3,0,198
103.192152,0,0,94,60,1535,99,245,51,0,0,1125,8,3,0,198
103.199261,1,0,94,60,1535,99,245,50,0,0,1125,8,3,0,198
103.201410,0,0,94,60,1535,99,245,50,0,0,1125,8,3,0,198
103.205551,0,0,94,60,1535,99,245,50,0,0,1125,8,3,0,198
103.218953,0,1,94,60,1535,99,245,50,0,0,1124,8,3,0,196
103.223518,0,0,94,60,1535,99,245,50,0,0,1124,8,3,0,196
103.231166,0,0,94,60,1535,99,245,50,0,0,1124,8,3,0,196
103.235355,0,0,94,60,1535,99,245,50,0,0,1124,8,3,0,196
103.248914,0,1,94,60,1535,99,245,50,0,1,1124,8,3,0,194
103.253030,0,0,94,60,1535,99,245,50,0,1,1124,8,3,0,194
103.261499,1,0,94,60,1535,99,245,51,0,1,1124,8,3,0,194
103.265725,0,0,94,60,1535,99,245,51,0,1,1124,8,3,0,194
103.270243,0,1,94,60,1535,99,245,51,0,0,1124,8,3,0,194
103.281392,0,0,94,60,1535,99,245,51,0,0,1124,8,3,0,194
103.290903,0,0,94,60,1535,99,245,51,0,0,1124,8,3,0,194
103.295009,0,0,94,60,1535,99,245,51,0,0,1124,8,3,0,194
103.299053,0,1,94,60,1535,99,245,51,0,1,1124,8,3,0,194
103.312449,0,1,94,60,1535,99,245,51,0,1,1123,8,3,0,194
103.321975,0,0,94,60,1535,99,245,51,0,1,1123,8,3,0,194
103.326145,0,0,94,60,1535,99,245,51,0,1,1123,8,3,0,194
103.330291,0,0,94,60,1535,99,245,51,0,1,1123,8,3,0,194
103.343437,1,0,94,60,1535,98,245,51,0,1,1123,8,3,0,199
103.353201,0,0,94,60,1535,98,245,51,0,1,1123,8,3,0,199
103.357340,0,1,94,60,1535,98,245,51,1,1,1123,8,3,0,199
103.361519,0,0,94,60,1535,98,245,51,1,1,1123,8,3,0,195
103.374002,1,0,94,60,1535,99,245,51,1,1,1123,8,3,0,195
103.378130,0,0,94,60,1535,99,245,51,1,1,1123,8,3,0,195
103.385201,0,0,94,60,1535,99,245,51,1,1,1123,8,3,0,195
103.389331,0,1,94,60,1535,99,245,51,0,1,1123,8,3,0,195
103.393450,0,0,94,60,1535,99,245,51,0,1,1123,8,3,0,198
103.405030,0,0,94,60,1535,99,245,51,0,1,1123,8,3,0,198
103.409151,0,0,94,60,1535,99,245,51,0,1,1123,8,3,0,198
103.416209,0,0,94,60,1535,99,245,51,0,1,1123,8,3,0,198
103.420810,0,0,94,60,1535,99,245,51,0,1,1123,8,3,0,198
103.425308,0,0,94,60,1535,99,245,51,0,1,1123,8,3,0,196
103.436186,0,0,94,60,1535,99,245,51,0,1,1123,8,3,0,196
103.440704,0,0,94,60,1535,99,245,51,0,1,1123,8,3,0,196
103.448554,0,0,94,60,1535,99,245,51,0,1,1123,8,3,0,196
103.453156,0,1,94,60,1535,99,245,51,0,0,1123,8,3,0,196
103.466755,0,0,94,60,1535,99,245,51,0,0,1123,8,3,0,196
103.471651,0,0,94,60,1535,99,245,51,0,0,1123,8,3,0,196
103.478358,0,0,94,60,1535,99,245,51,0,0,1123,8,3,0,196
103.482534,0,1,94,60,1535,99,245,51,0,1,1123,8,3,0,196
103.487105,0,1,94,60,1535,99,245,51,0,1,1122,8,3,0,194
103.498196,0,0,94,60,1535,99,245,51,0,1,1122,8,3,0,194
103.762686,1,1,94,60,1529,98,245,51,0,1,1004,8,2,0,0
103.776186,0,0,94,60,1529,98,245,51,0,1,1004,8,2,0,0
103.780863,1,1,94,60,1528,98,245,51,0,1,995,8,2,0,0
103.788674,1,1,94,60,1528,99,245,51,0,1,995,8,3,0,0
103.792818,1,0,94,60,1528,99,245,50,0,1,995,8,3,0,0
103.797307,0,0,94,60,1528,99,245,50,0,1,995,8,3,0,0
103.808486,0,0,94,60,1528,99,245,50,0,1,995,8,3,0,0
103.818373,0,1,94,60,1528,99,245,50,0,1,988,8,3,0,0
103.822594,0,1,94,60,1528,99,245,50,0,1,988,8,2,0,0
103.826786,0,0,94,60,1528,99,245,50,0,1,988,8,2,0,0
103.839086,0,1,94,60,1528,99,245,50,0,2,988,8,2,0,0
103.843591,0,1,94,60,1528,99,245,50,0,2,984,8,3,0,0
103.850679,0,0,94,60,1528,99,245,50,0,2,984,8,3,0,0
103.855183,0,0,94,60,1528,99,245,50,0,2,984,8,3,0,0
103.868952,0,0,94,60,1528,99,245,50,0,2,984,8,3,0,0
103.873404,0,1,94,60,1528,99,245,50,0,1,980,8,3,0,0
103.881749,1,0,94,60,1528,99,245,51,0,1,980,8,3,0,0
103.886255,0,0,94,60,1528,99,245,51,0,1,980,8,3,0,0
103.890427,0,1,94,60,1528,99,245,51,0,2,980,8,3,0,0
103.901382,0,1,94,60,1528,99,245,51,0,2,978,8,3,0,0
103.905554,0,0,94,60,1528,99,245,51,0,2,978,8,3,0,0
103.913556,0,0,94,60,1528,99,245,51,0,2,978,8,3,0,0
103.915720,0,0,94,60,1528,99,245,51,0,2,978,8,3,0,0
103.920152,0,1,94,60,1528,99,245,51,0,1,978,8,3,0,0
103.932201,0,1,94,60,1528,99,245,51,0,1,975,8,3,0,0
103.936314,0,1,94,60,1528,99,245,51,0,1,975,8,2,0,0
103.943422,0,0,94,60,1528,99,245,51,0,1,975,8,2,0,0
103.947677,0,0,94,60,1528,99,245,51,0,1,975,8,2,0,0
103.952171,0,0,94,60,1528,99,245,51,0,1,975,8,2,0,0
103.963199,0,1,94,60,1528,99,245,51,0,1,974,8,2,0,0
103.967387,0,0,94,60,1528,99,245,51,0,1,974,8,2,0,0
103.974431,0,0,94,60,1528,99,245,51,0,1,974,8,2,0,0
103.978509,0,0,94,60,1528,99,245,51,0,1,974,8,2,0,0
103.982628,0,1,94,60,1528,99,245,51,0,1,971,8,2,0,0
103.994214,0,0,94,60,1528,99,245,51,0,1,971,8,2,0,0
103.998319,0,0,94,60,1528,99,245,51,0,1,971,8,2,0,0
104.005676,0,0,94,60,1528,99,245,51,0,1,971,8,2,0,0
104.009742,0,0,94,60,1528,99,245,51,0,1,971,8,2,0,0
104.013779,0,0,94,60,1528,99,245,51,0,1,971,8,2,0,0
104.025187,0,1,94,60,1528,99,245,51,0,1,970,8,2,0,0
104.029318,0,0,94,60,1528,99,245,51,0,1,970,8,2,0,0
104.036311,0,0,94,60,1528,99,245,51,0,1,970,8,2,0,0
104.040371,0,0,94,60,1528,99,245,51,0,1,970,8,2,0,0
104.044480,0,1,94,60,1528,99,245,51,0,1,969,8,2,0,0
104.056236,0,1,94,60,1528,99,245,51,0,1,969,8,3,0,0
104.066233,0,0,94,60,1528,99,245,51,0,1,969,8,3,0,0
104.070509,0,0,94,60,1528,99,245,51,0,1,969,8,3,0,0
104.075384,0,1,94,60,1528,99,245,51,0,1,968,8,3,0,0
104.087598,0,1,94,60,1528,99,245,51,0,1,968,8,2,0,0
104.097396,0,0,94,60,1528,99,245,51,0,1,968,8,2,0,0
104.101853,0,0,94,60,1528,99,245,51,0,1,968,8,2,0,0
104.106428,1,1,94,60,1526,99,245,51,0,1,967,8,2,0,256
104.118933,1,0,94,60,1526,98,245,51,0,1,967,8,2,0,256
104.128281,0,0,94,60,1526,98,245,51,0,1,967,8,2,0,256
104.133250,0,0,94,60,1526,98,245,51,0,1,967,8,2,0,256
104.137748,1,1,94,60,1531,99,245,51,0,1,1018,8,2,0,336
104.150050,0,1,94,60,1531,99,245,51,0,1,1018,8,3,0,336
104.159427,0,0,94,60,1531,99,245,51,0,1,1018,8,3,0,336
104.163920,0,1,94,60,1531,99,245,51,0,0,1018,8,3,0,0
104.168101,0,1,94,60,1531,99,245,51,0,0,1014,8,3,0,0
104.180324,0,1,94,60,1531,99,245,51,0,0,1014,8,2,0,0
104.184493,0,0,94,60,1531,99,245,51,0,0,1014,8,2,0,0
104.192130,0,0,94,60,1531,99,245,51,0,0,1014,8,2,0,0
104.196294,1,1,94,60,1529,99,245,51,0,0,994,8,2,0,0
104.200808,0,0,94,60,1529,99,245,51,0,0,994,8,2,0,0
104.211714,0,0,94,60,1529,99,245,51,0,0,994,8,2,0,0
104.471346,1,1,94,60,1531,98,245,51,0,1,1059,8,3,0,0
104.475574,0,0,94,60,1531,98,245,51,0,1,1059,8,3,0,0
104.479858,0,0,94,60,1531,98,245,51,0,1,1059,8,3,0,0
104.490647,0,0,94,60,1531,98,245,51,0,1,1059,8,3,0,0
104.494740,1,1,94,60,1529,98,245,51,0,1,1050,9,3,0,0
104.502552,0,1,94,60,1529,98,245,51,0,1,1050,9,2,0,0
104.506754,0,0,94,60,1529,98,245,51,0,1,1050,9,2,0,0
104.520314,0,0,94,60,1529,98,245,51,0,1,1050,9,2,0,0
104.524546,1,1,94,60,1528,99,245,51,0,1,1053,8,2,0,358
104.533275,0,0,94,60,1528,99,245,51,0,1,1053,8,2,0,358
104.537460,0,0,94,60,1528,99,245,51,0,1,1053,8,2,0,358
104.541616,0,0,94,60,1528,99,245,51,0,1,1053,8,2,0,358
104.552398,0,0,94,60,1528,99,245,51,0,1,1053,8,2,0,0
104.556536,1,1,94,60,1533,99,245,51,0,1,1118,8,3,0,0
104.563767,0,0,94,60,1533,99,245,51,0,1,1118,8,3,0,0
104.567815,0,0,94,60,1533,99,245,51,0,1,1118,8,3,0,0
104.571858,0,0,94,60,1533,99,245,51,0,1,1118,8,3,0,0
104.583661,1,1,94,60,1529,99,245,51,0,1,1098,8,3,0,0
104.593239,0,1,94,60,1529,99,245,51,0,1,1098,8,2,0,0
104.597371,0,0,94,60,1529,99,245,51,0,1,1098,8,2,0,0
104.601496,0,0,94,60,1529,99,245,51,0,1,1098,8,2,0,0
104.614752,1,1,94,60,1531,99,245,51,0,0,1087,8,2,0,0
104.624453,0,0,94,60,1531,99,245,51,0,0,1087,8,2,0,0
104.629267,0,0,94,60,1531,99,245,51,0,0,1087,8,2,0,0
104.633456,0,1,94,60,1531,99,245,51,0,1,1087,8,2,0,0
104.645319,0,1,94,60,1531,99,245,51,0,1,1108,8,2,0,200
104.649605,0,0,94,60,1531,99,245,51,0,1,1108,8,2,0,200
104.656730,0,0,94,60,1531,99,245,51,0,1,1108,8,2,0,200
104.660809,0,0,94,60,1531,99,245,51,0,1,1108,8,2,0,200
104.665179,0,1,94,60,1531,99,245,51,0,0,1124,8,2,0,199
104.676412,1,0,94,60,1533,99,245,51,0,0,1124,8,2,0,199
104.686349,0,1,94,60,1533,99,245,51,0,0,1124,8,3,0,199
104.690566,0,0,94,60,1533,99,245,51,0,0,1124,8,3,0,199
104.694735,0,1,94,60,1533,99,245,51,0,0,1125,8,3,0,201
104.707723,0,0,94,60,1533,99,245,51,0,0,1125,8,3,0,201
104.717348,0,0,94,60,1533,99,245,51,0,0,1125,8,3,0,201
104.722316,0,0,94,60,1533,99,245,51,0,0,1125,8,3,0,201
104.726966,0,1,94,60,1533,99,245,51,0,0,1124,8,3,0,196
104.739228,0,1,94,60,1533,99,245,51,0,0,1124,8,2,0,196
104.749937,0,0,94,60,1533,99,245,51,0,0,1124,8,2,0,196
104.755089,0,1,94,60,1533,99,245,51,0,1,1124,8,2,0,199
104.768269,1,1,94,60,1533,100,245,51,0,1,1124,8,3,0,199
104.772446,0,0,94,60,1533,100,245,51,0,1,1124,8,3,0,199
104.780498,0,0,94,60,1533,100,245,51,0,1,1124,8,3,0,199
104.785013,0,1,94,60,1533,100,245,51,0,0,1124,8,3,0,199
104.789627,1,1,94,60,1533,98,245,51,0,0,1124,8,2,0,199
104.800791,0,0,94,60,1533,98,245,51,0,0,1124,8,2,0,199
104.810374,0,0,94,60,1533,98,245,51,0,0,1124,8,2,0,199
104.814928,0,0,94,60,1533,98,245,51,0,0,1124,8,2,0,200
104.820136,0,1,94,60,1533,98,245,51,0,0,1124,8,3,0,200
104.833105,0,0,94,60,1533,98,245,51,0,0,1124,8,3,0,200
104.842131,0,0,94,60,1533,98,245,51,0,0,1124,8,3,0,200
104.847697,0,0,94,60,1533,98,245,51,0,0,1124,8,3,0,199
104.861491,0,1,94,60,1533,98,245,51,0,0,1124,8,2,0,199
104.866246,0,0,94,60,1533,98,245,51,0,0,1124,8,2,0,199
104.873686,0,1,94,60,1533,98,245,51,0,1,1124,8,2,0,199
104.878771,0,1,94,60,1533,98,245,51,0,1,1123,8,2,0,201
104.892402,0,0,94,60,1533,98,245,51,0,1,1123,8,2,0,201
104.896690,0,0,94,60,1533,98,245,51,0,1,1123,8,2,0,201
104.904936,0,1,94,60,1533,98,245,51,0,0,1123,8,2,0,201
104.909455,0,1,94,60,1533,98,245,51,0,0,1123,8,3,0,202
104.913916,0,0,94,60,1533,98,245,51,0,0,1123,8,3,0,202
104.924520,0,0,94,60,1533,98,245,51,0,0,1123,8,3,0,202
104.928738,0,0,94,60,1533,98,245,51,0,0,1123,8,3,0,202
104.936037,0,1,94,60,1533,98,245,51,0,1,1123,8,3,0,202
104.941138,0,1,94,60,1533,98,245,51,0,1,1123,8,2,0,196
104.954403,1,0,94,60,1533,98,245,50,0,1,1123,8,2,0,196
104.958605,0,0,94,60,1533,98,245,50,0,1,1123,8,2,0,196
104.966739,0,1,94,60,1533,98,245,50,0,0,1123,8,2,0,196
104.971313,0,1,94,60,1533,98,245,50,0,0,1124,8,3,0,197
104.975469,1,0,94,60,1533,98,245,51,0,0,1124,8,3,0,197
104.987086,0,0,94,60,1533,98,245,51,0,0,1124,8,3,0,197
104.996424,0,0,94,60,1533,98,245,51,0,0,1124,8,3,0,197
105.000599,0,1,94,60,1533,98,245,51,0,0,1123,8,2,0,200
105.005116,0,0,94,60,1533,98,245,51,0,0,1123,8,2,0,200
105.017872,0,0,94,60,1533,98,245,51,0,0,1123,8,2,0,200
105.027716,0,0,94,60,1533,98,245,51,0,0,1123,8,2,0,197
105.031901,0,1,94,60,1533,98,245,51,0,0,1123,8,2,-1,197
105.036785,1,0,94,60,1533,98,245,50,0,0,1123,8,2,-1,197
105.048884,0,0,94,60,1533,98,245,50,0,0,1123,8,2,-1,197
105.058713,0,0,94,60,1533,98,245,50,0,0,1123,8,2,-1,196
105.063408,0,1,94,60,1533,98,245,50,0,0,1123,8,2,0,196
105.067523,0,0,94,60,1533,98,245,50,0,0,1123,8,2,0,196
105.079853,0,0,94,60,1533,98,245,50,0,0,1123,8,2,0,196
105.089468,0,0,94,60,1533,98,245,50,0,0,1123,8,2,0,206
105.094335,0,1,94,60,1533,98,245,50,0,0,1123,8,3,0,206
105.098815,0,0,94,60,1533,98,245,50,0,0,1123,8,3,0,206
105.110802,0,0,94,60,1533,98,245,50,0,0,1123,8,3,0,206
105.120723,0,1,94,60,1533,98,245,50,0,0,1122,8,3,0,199
105.124888,0,0,94,60,1533,98,245,50,0,0,1122,8,3,0,199
105.129100,0,0,94,60,1533,98,245,50,0,0,1122,8,3,0,199
105.141815,0,0,94,60,1533,98,245,50,0,0,1122,8,3,0,199
105.406722,1,1,94,60,1528,99,245,51,0,1,998,8,3,0,0
105.419968,0,1,94,60,1528,99,245,51,0,1,998,8,2,0,0
105.424190,0,0,94,60,1528,99,245,51,0,1,998,8,2,0,0
105.432160,0,0,94,60,1528,99,245,51,0,1,998,8,2,0,0
105.436642,0,1,94,60,1528,99,245,51,0,1,994,8,2,0,0
105.440781,1,0,94,60,1528,98,245,51,0,1,994,8,2,0,0
105.451647,0,0,94,60,1528,98,245,51,0,1,994,8,2,0,0
105.455838,0,0,94,60,1528,98,245,51,0,1,994,8,2,0,0
105.462862,0,0,94,60,1528,98,245,51,0,1,994,8,2,0,0
105.467064,0,1,94,60,1528,98,245,51,0,1,991,8,2,0,0
105.471563,0,0,94,60,1528,98,245,51,0,1,991,8,2,0,0
105.483413,0,0,94,60,1528,98,245,51,0,1,991,8,2,0,0
105.493291,0,0,94,60,1528,98,245,51,0,1,991,8,2,0,0
105.497894,0,0,94,60,1528,98,245,51,0,1,991,8,2,0,0
105.502404,0,1,94,60,1528,98,245,51,0,1,989,8,2,0,0
105.514003,0,0,94,60,1528,98,245,51,0,1,989,8,2,0,0
105.523501,0,0,94,60,1528,98,245,51,0,1,989,8,2,0,0
105.528426,0,0,94,60,1528,98,245,51,0,1,989,8,2,0,0
105.533278,0,1,94,60,1528,98,245,51,0,1,986,8,1,0,0
105.544977,0,0,94,60,1528,98,245,51,0,1,986,8,1,0,0
105.554557,0,0,94,60,1528,98,245,51,0,1,986,8,1,0,0
105.558730,0,1,94,60,1528,98,245,51,0,1,985,8,1,0,0
105.560886,0,0,94,60,1528,98,245,51,0,1,985,8,1,0,0
105.564976,0,1,94,60,1528,98,245,51,0,1,985,8,2,0,0
105.576619,0,0,94,60,1528,98,245,51,0,1,985,8,2,0,0
105.586828,0,0,94,60,1528,98,245,51,0,1,985,8,2,0,0
105.591398,0,1,94,60,1528,98,245,51,0,1,983,8,2,0,0
105.596225,0,0,94,60,1528,98,245,51,0,1,983,8,2,0,0
105.607636,0,0,94,60,1528,98,245,51,0,1,983,8,2,0,0
105.617459,0,0,94,60,1528,98,245,51,0,1,983,8,2,0,0
105.621619,0,1,94,60,1528,98,245,51,0,1,982,8,2,0,0
105.625834,0,0,94,60,1528,98,245,51,0,1,982,8,2,0,0
105.638445,0,0,94,60,1528,98,245,51,0,1,982,8,2,0,0
105.647767,0,0,94,60,1528,98,245,51,0,1,982,8,2,0,0
105.652256,0,1,94,60,1528,98,245,51,0,1,981,8,2,0,0
105.656454,0,0,94,60,1528,98,245,51,0,1,981,8,2,0,0
105.669343,0,0,94,60,1528,98,245,51,0,1,981,8,2,0,0
105.679052,0,0,94,60,1528,98,245,51,0,1,981,8,2,0,0
105.683587,0,0,94,60,1528,98,245,51,0,1,981,8,2,0,0
105.688115,0,0,94,60,1528,98,245,51,0,1,981,8,2,0,0
105.700538,0,0,94,60,1528,98,245,51,0,1,981,8,2,0,0
105.710594,0,0,94,60,1528,98,245,51,0,1,981,8,2,0,0
105.714863,0,1,94,60,1528,98,245,51,0,1,980,8,2,0,0
105.719040,0,0,94,60,1528,98,245,51,0,1,980,8,2,0,0
105.731036,0,0,94,60,1528,98,245,51,0,1,980,8,2,0,0
105.740570,0,0,94,60,1528,98,245,51,0,1,980,8,2,0,0
105.744735,0,1,94,60,1528,98,245,51,0,1,979,8,2,0,0
105.749252,0,0,94,60,1528,98,245,51,0,1,979,8,2,0,0
105.761993,0,0,94,60,1528,98,245,51,0,1,979,8,2,0,0
105.771936,0,0,94,60,1528,98,245,51,0,1,979,8,2,0,0
105.776136,1,0,94,60,1528,99,245,51,0,1,979,8,2,0,0
105.780351,0,0,94,60,1528,99,245,51,0,1,979,8,2,0,0
105.793054,0,0,94,60,1528,99,245,51,0,1,979,8,2,0,0
105.802610,0,0,94,60,1528,99,245,51,0,1,979,8,2,0,0
105.806759,0,1,94,60,1528,99,245,51,0,1,979,8,3,0,0
105.811601,0,0,94,60,1528,99,245,51,0,1,979,8,3,0,0
105.824440,0,0,94,60,1528,99,245,51,0,1,979,8,3,0,0
105.833845,0,1,94,60,1528,99,245,51,0,1,978,8,3,0,0
105.838273,0,1,94,60,1528,99,245,51,0,1,978,8,2,0,0
105.842387,0,0,94,60,1528,99,245,51,0,1,978,8,2,0,0
105.854700,0,0,94,60,1528,99,245,51,0,1,978,8,2,0,0
105.858728,0,0,94,60,1528,99,245,51,0,1,978,8,2,0,0
106.118339,0,1,94,60,1528,99,245,51,0,1,976,8,2,0,0
106.122927,0,1,94,60,1528,99,245,51,0,1,975,8,2,0,0
106.133803,0,0,94,60,1528,99,245,51,0,1,975,8,2,0,0
106.138074,0,0,94,60,1528,99,245,51,0,1,975,8,2,0,0
106.145705,0,0,94,60,1528,99,245,51,0,1,975,8,2,0,0
106.150557,0,0,94,60,1528,99,245,51,0,1,975,8,2,0,0
106.163831,0,1,94,60,1528,99,245,51,0,1,976,8,2,0,0
106.168366,0,0,94,60,1528,99,245,51,0,1,976,8,2,0,0
106.176316,0,0,94,60,1528,99,245,51,0,1,976,8,2,0,0
106.180480,0,0,94,60,1528,99,245,51,0,1,976,8,2,0,0
106.184714,0,0,94,60,1528,99,245,51,0,1,976,8,2,0,0
106.195814,0,0,94,60,1528,99,245,51,0,1,976,8,2,0,0
106.200283,0,0,94,60,1528,99,245,51,0,1,976,8,2,0,0
106.207079,0,0,94,60,1528,99,245,51,0,1,976,8,2,0,0
106.211408,0,0,94,60,1528,99,245,51,0,1,976,8,2,0,0
106.215918,0,0,94,60,1528,99,245,51,0,1,976,8,2,0,0
106.226876,0,0,94,60,1528,99,245,51,0,1,976,8,2,0,0
106.231075,0,0,94,60,1528,99,245,51,0,1,976,8,2,0,0
106.239115,0,0,94,60,1528,99,245,51,0,1,976,8,2,0,0
106.243648,0,0,94,60,1528,99,245,51,0,1,976,8,2,0,0
106.257151,1,0,94,60,1528,100,245,51,0,1,976,8,2,0,0
106.261671,0,0,94,60,1528,100,245,51,0,1,976,8,2,0,0
106.269260,0,0,94,60,1528,100,245,51,0,1,976,8,2,0,0
106.271108,0,0,94,60,1528,100,245,51,0,1,976,8,2,0,0
106.275713,1,1,94,60,1528,98,245,51,0,1,975,8,2,0,0
106.289707,0,0,94,60,1528,98,245,51,0,1,975,8,2,0,0
106.299178,0,0,94,60,1528,98,245,51,0,1,975,8,2,0,0
106.303815,0,0,94,60,1528,98,245,51,0,1,975,8,2,0,0
106.308333,1,0,94,60,1528,99,245,51,0,1,975,8,2,0,0
106.319933,0,0,94,60,1528,99,245,51,0,1,975,8,2,0,0
106.329998,0,0,94,60,1528,99,245,51,0,1,975,8,2,0,0
106.334488,0,0,94,60,1528,99,245,51,0,1,975,8,2,0,0
106.339024,0,1,94,60,1528,99,245,51,0,1,975,8,3,0,0
106.351441,0,0,94,60,1528,99,245,51,0,1,975,8,3,0,0
106.360842,0,0,94,60,1528,99,245,51,0,1,975,8,3,0,0
106.365007,0,1,94,60,1528,99,245,51,0,1,976,8,3,0,0
106.369480,0,1,94,60,1528,99,245,51,0,1,976,8,2,0,0
106.382329,0,0,94,60,1528,99,245,51,0,1,976,8,2,0,0
106.391753,0,0,94,60,1528,99,245,51,0,1,976,8,2,0,0
106.396239,0,1,94,60,1528,99,245,51,0,1,975,8,2,0,0
106.400725,0,0,94,60,1528,99,245,51,0,1,975,8,2,0,0
106.413124,0,0,94,60,1528,99,245,51,0,1,975,8,2,0,0
106.423090,0,0,94,60,1528,99,245,51,0,1,975,8,2,0,0
106.427635,0,0,94,60,1528,99,245,51,0,1,975,8,2,0,0
106.432148,0,0,94,60,1528,99,245,51,0,1,975,8,2,0,0
106.444234,0,0,94,60,1528,99,245,51,0,1,975,8,2,0,0
106.453815,0,0,94,60,1528,99,245,51,0,1,975,8,2,0,0
106.457903,0,0,94,60,1528,99,245,51,0,1,975,8,2,0,0
106.462050,0,0,94,60,1528,99,245,51,0,1,975,8,2,0,0
106.474826,0,0,94,60,1528,99,245,51,0,1,975,8,2,0,0
106.478935,0,0,94,60,1528,99,245,51,0,1,975,8,2,0,0
106.486023,0,0,94,60,1528,99,245,51,0,1,975,8,2,0,0
106.490197,0,0,94,60,1528,99,245,51,0,1,975,8,2,0,0
106.494296,0,0,94,60,1528,99,245,51,0,1,975,8,2,0,0
106.506214,0,0,94,60,1528,99,245,51,0,1,975,8,2,0,0
106.510329,0,0,94,60,1528,99,245,51,0,1,975,8,2,0,0
106.517489,0,0,94,60,1528,99,245,51,0,1,975,8,2,0,0
106.521641,0,0,94,60,1528,99,245,51,0,1,975,8,2,0,0
106.525742,0,0,94,60,1528,99,245,51,0,1,975,8,2,0,0
106.537065,0,0,94,60,1528,99,245,51,0,1,975,8,2,0,0
106.541274,0,0,94,60,1528,99,245,51,0,1,975,8,2,0,0
106.548674,0,0,94,60,1528,99,245,51,0,1,975,8,2,0,0
106.553150,0,0,94,60,1528,99,245,51,0,1,975,8,2,0,0
106.566739,0,0,94,60,1528,99,245,51,0,1,975,8,2,0,0
106.571574,0,0,94,60,1528,99,245,51,0,1,975,8,2,0,0
106.834511,1,1,94,60,1528,98,245,51,0,1,1005,8,2,0,99
106.847535,1,0,94,60,1529,99,245,51,0,1,1005,8,2,0,99
106.857118,0,0,94,60,1529,99,245,51,0,1,1005,8,2,0,99
106.861536,0,0,94,60,1529,99,245,51,0,1,1005,8,2,0,99
106.866043,1,1,94,60,1531,99,245,51,0,1,1016,9,2,0,0
106.877993,0,0,94,60,1531,99,245,51,0,1,1016,9,2,0,0
106.882203,0,0,94,60,1531,99,245,51,0,1,1016,9,2,0,0
106.890207,0,0,94,60,1531,99,245,51,0,1,1016,9,2,0,0
106.895047,0,1,94,60,1531,99,245,51,0,0,1002,9,2,0,0
106.908688,0,1,94,60,1531,99,245,51,0,0,1002,8,2,0,0
106.912762,0,0,94,60,1531,99,245,51,0,0,1002,8,2,0,0
106.920439,0,0,94,60,1531,99,245,51,0,0,1002,8,2,0,0
106.924979,1,1,94,60,1529,99,245,51,0,0,991,9,2,0,0
106.929188,1,0,94,60,1529,98,245,51,0,0,991,9,2,0,0
106.940466,0,0,94,60,1529,98,245,51,0,0,991,9,2,0,0
106.949860,0,0,94,60,1529,98,245,51,0,0,991,9,2,0,0
106.954392,1,1,94,60,1528,98,245,51,0,1,985,9,2,0,0
106.958887,0,1,94,60,1528,98,245,51,0,1,985,8,2,0,0
106.971054,0,0,94,60,1528,98,245,51,0,1,985,8,2,0,0
106.981226,0,0,94,60,1528,98,245,51,0,1,985,8,2,0,0
106.985774,1,0,94,60,1528,99,245,51,0,1,985,8,2,0,0
106.990620,0,0,94,60,1528,99,245,51,0,1,985,8,2,0,0
107.002383,0,0,94,60,1528,99,245,51,0,1,985,8,2,0,0
107.011982,0,0,94,60,1528,99,245,51,0,1,985,8,2,0,0
107.016212,0,1,94,60,1528,99,245,51,0,1,981,8,2,0,0
107.020755,0,0,94,60,1528,99,245,51,0,1,981,8,2,0,0
107.033448,0,0,94,60,1528,99,245,51,0,1,981,8,2,0,0
107.042953,0,0,94,60,1528,99,245,51,0,1,981,8,2,0,0
107.047507,0,1,94,60,1528,99,245,51,0,1,979,8,2,0,0
107.052017,0,0,94,60,1528,99,245,51,0,1,979,8,2,0,0
107.064364,0,0,94,60,1528,99,245,51,0,1,979,8,2,0,0
107.074195,0,1,94,60,1528,99,245,51,0,1,978,8,2,0,0
107.078703,1,0,94,60,1528,98,245,51,0,1,978,8,2,0,0
107.081220,0,0,94,60,1528,98,245,51,0,1,978,8,2,0,0
107.094388,0,0,94,60,1528,98,245,51,0,1,978,8,2,0,0
107.098533,0,0,94,60,1528,98,245,51,0,1,978,8,2,0,0
107.106473,0,1,94,60,1528,98,245,51,0,1,977,9,2,0,0
107.110604,0,0,94,60,1528,98,245,51,0,1,977,9,2,0,0
107.115647,0,0,94,60,1528,98,245,51,0,1,977,9,2,0,0
107.127126,0,0,94,60,1528,98,245,51,0,1,977,9,2,0,0
107.136993,0,1,94,60,1528,98,245,51,0,1,977,8,2,0,0
107.141206,1,0,94,60,1528,99,245,51,0,1,977,8,2,0,0
107.145416,0,0,94,60,1528,99,245,51,0,1,977,8,2,0,0
107.156989,0,0,94,60,1528,99,245,51,0,1,977,8,2,0,0
107.161204,0,0,94,60,1528,99,245,51,0,1,977,8,2,0,0
107.169195,0,0,94,60,1528,99,245,51,0,1,977,8,2,0,0
107.173334,0,0,94,60,1528,99,245,51,0,1,977,8,2,0,0
107.177510,0,0,94,60,1528,99,245,51,0,1,977,8,2,0,0
107.188689,0,0,94,60,1528,99,245,51,0,1,977,8,2,0,0
107.197943,0,1,94,60,1528,99,245,51,0,1,976,8,2,0,0
107.202119,0,0,94,60,1528,99,245,51,0,1,976,8,2,0,0
107.206292,0,0,94,60,1528,99,245,51,0,1,976,8,2,0,0
107.220159,0,0,94,60,1528,99,245,51,0,1,976,8,2,0,0
107.230519,0,0,94,60,1528,99,245,51,0,1,976,8,2,0,0
107.236446,0,0,94,60,1528,99,245,51,0,1,976,8,2,0,0
107.250099,0,0,94,60,1528,99,245,51,0,1,976,8,2,0,0
107.254242,1,1,94,60,1528,98,245,51,0,1,975,9,2,0,0
107.261890,0,0,94,60,1528,98,245,51,0,1,975,9,2,0,0
107.266023,0,0,94,60,1528,98,245,51,0,1,975,9,2,0,0
107.270561,0,0,94,60,1528,98,245,51,0,1,975,9,2,0,0
107.281402,0,0,94,60,1528,98,245,51,0,1,975,9,2,0,0
107.291036,1,1,94,60,1528,99,245,51,0,1,976,8,2,0,0
107.295184,0,0,94,60,1528,99,245,51,0,1,976,8,2,0,0
107.299390,0,0,94,60,1528,99,245,51,0,1,976,8,2,0,0
107.312785,0,0,94,60,1528,99,245,51,0,1,976,8,2,0,0
107.322242,0,0,94,60,1528,99,245,51,0,1,976,8,2,0,0
107.326418,0,0,94,60,1528,99,245,51,0,1,976,8,2,0,0
107.331344,0,0,94,60,1528,99,245,51,0,1,976,8,2,0,0
107.343473,0,0,94,60,1528,99,245,51,0,1,976,8,2,0,0
107.353201,0,0,94,60,1528,99,245,51,0,1,976,8,2,0,0
107.357729,0,0,94,60,1528,99,245,51,0,1,976,8,2,0,0
107.362248,0,0,94,60,1528,99,245,51,0,1,976,8,2,0,0
107.374146,0,1,94,60,1528,99,245,51,0,1,975,8,2,0,0
107.378699,0,1,94,60,1528,99,245,51,0,1,975,8,3,0,0
107.638905,1,1,94,60,1522,99,245,50,0,2,668,9,2,1,0
107.652991,1,0,94,60,1522,100,245,51,0,2,668,9,2,1,0
107.663077,0,0,94,60,1522,100,245,51,0,2,668,9,2,1,0
107.667630,0,1,94,60,1522,100,245,51,1,2,669,9,2,1,0
107.672493,1,1,94,60,1522,98,245,51,1,2,669,9,1,1,0
107.684914,0,0,94,60,1522,98,245,51,1,2,669,9,1,1,0
107.694188,0,1,94,60,1522,98,245,51,0,2,669,9,1,1,0
107.699114,0,0,94,60,1522,98,245,51,0,2,669,9,1,1,0
107.703260,0,0,94,60,1522,98,245,51,0,2,669,9,1,1,0
107.715153,0,0,94,60,1522,98,245,51,0,2,669,9,1,1,0
107.719264,0,0,94,60,1522,98,245,51,0,2,669,9,1,1,0
107.726852,0,0,94,60,1522,98,245,51,0,2,669,9,1,1,0
107.730987,0,0,94,60,1522,98,245,51,0,2,669,9,1,1,0
107.735115,1,0,94,60,1522,98,245,50,0,2,669,9,1,1,0
107.746078,0,0,94,60,1522,98,245,50,0,2,669,9,1,1,0
107.750192,0,0,94,60,1522,98,245,50,0,2,669,9,1,1,0
107.757634,0,0,94,60,1522,98,245,50,0,2,669,9,1,1,0
107.761779,1,1,94,60,1522,99,245,50,0,2,669,9,2,1,0
107.765831,0,0,94,60,1522,99,245,50,0,2,669,9,2,1,0
107.777506,0,0,94,60,1522,99,245,50,0,2,669,9,2,1,0
107.787318,0,1,94,60,1522,99,245,50,1,2,669,9,2,1,0
107.791821,0,1,94,60,1522,99,245,50,1,2,670,9,1,1,0
107.794004,1,0,94,60,1522,99,245,51,1,2,670,9,1,1,0
107.807227,0,0,94,60,1522,99,245,51,1,2,670,9,1,1,0
107.811385,0,1,94,60,1522,99,245,51,0,2,670,9,1,1,0
107.819590,0,0,94,60,1522,99,245,51,0,2,670,9,1,1,0
107.823759,0,0,94,60,1522,99,245,51,0,2,670,9,1,1,0
107.827805,0,0,94,60,1522,99,245,51,0,2,670,9,1,1,0
107.839166,0,0,94,60,1522,99,245,51,0,2,670,9,1,1,0
107.843341,0,0,94,60,1522,99,245,51,0,2,670,9,1,1,0
107.850307,0,0,94,60,1522,99,245,51,0,2,670,9,1,1,0
107.854534,0,0,94,60,1522,99,245,51,0,2,670,9,1,1,0
107.858774,0,0,94,60,1522,99,245,51,0,2,670,9,1,1,0
107.870528,0,0,94,60,1522,99,245,51,0,2,670,9,1,1,0
107.880173,0,0,94,60,1522,99,245,51,0,2,670,9,1,1,0
107.884377,1,1,94,60,1522,99,245,50,0,2,670,9,2,1,0
107.889217,0,0,94,60,1522,99,245,50,0,2,670,9,2,1,0
107.901701,0,0,94,60,1522,99,245,50,0,2,670,9,2,1,0
107.911431,0,0,94,60,1522,99,245,50,0,2,670,9,2,1,0
107.915612,0,1,94,60,1522,99,245,50,0,2,670,9,1,1,0
107.920109,0,0,94,60,1522,99,245,50,0,2,670,9,1,1,0
107.932524,0,0,94,60,1522,99,245,50,0,2,670,9,1,1,0
107.936951,0,0,94,60,1522,99,245,50,0,2,670,9,1,1,0
107.944026,0,0,94,60,1522,99,245,50,0,2,670,9,1,1,0
107.948565,0,0,94,60,1522,99,245,50,0,2,670,9,1,1,0
107.962059,0,0,94,60,1522,99,245,50,0,2,670,9,1,1,0
107.966892,0,1,94,60,1522,99,245,50,0,2,671,9,1,1,0
107.974740,0,1,94,60,1522,99,245,50,0,2,671,9,2,1,0
107.979606,0,0,94,60,1522,99,245,50,0,2,671,9,2,1,0
107.993062,0,0,94,60,1522,99,245,50,0,2,671,9,2,1,0
107.997218,0,0,94,60,1522,99,245,50,0,2,671,9,2,1,0
108.005977,0,0,94,60,1522,99,245,50,0,2,671,9,2,1,0
108.010499,0,0,94,60,1522,99,245,50,0,2,671,9,2,1,0
108.014701,0,1,94,60,1522,99,245,50,1,1,671,9,2,1,0
108.025872,0,0,94,60,1522,99,245,50,1,1,671,9,2,1,0
108.035358,0,1,94,60,1522,99,245,50,1,1,671,9,1,1,0
108.039868,0,0,94,60,1522,99,245,50,1,1,671,9,1,1,0
108.044711,0,0,94,60,1522,99,245,50,1,1,671,9,1,1,0
108.056675,0,0,94,60,1522,99,245,50,1,1,671,9,1,1,0
108.066230,0,0,94,60,1522,99,245,50,1,1,671,9,1,1,0
108.070423,0,0,94,60,1522,99,245,50,1,1,671,9,1,1,0
108.074602,0,1,94,60,1522,99,245,50,1,2,671,9,1,1,0
108.087274,0,0,94,60,1522,99,245,50,1,2,671,9,1,1,0
108.091777,0,1,94,60,1522,99,245,50,1,2,671,9,2,1,0
108.354196,1,1,94,60,1528,99,245,50,0,2,798,8,2,0,0
108.366380,0,0,94,60,1528,99,245,50,0,2,798,8,2,0,0
108.370462,0,1,94,60,1528,99,245,50,1,2,798,8,2,0,0
108.378132,0,1,94,60,1528,99,245,50,1,1,797,8,2,0,0
108.382581,0,1,94,60,1528,99,245,50,1,1,797,9,2,0,0
108.396107,0,0,94,60,1528,99,245,50,1,1,797,9,2,0,0
108.400194,0,0,94,60,1528,99,245,50,1,1,797,9,2,0,0
108.408467,0,1,94,60,1528,99,245,50,0,1,797,9,2,0,0
108.412584,0,1,94,60,1528,99,245,50,0,1,797,8,2,0,0
108.416637,0,1,94,60,1528,99,245,50,0,1,797,8,2,1,0
108.428719,0,0,94,60,1528,99,245,50,0,1,797,8,2,1,0
108.432763,0,0,94,60,1528,99,245,50,0,1,797,8,2,1,0
108.439784,0,0,94,60,1528,99,245,50,0,1,797,8,2,1,0
108.443869,1,1,94,60,1528,100,245,51,0,1,797,8,2,0,0
108.447892,0,0,94,60,1528,100,245,51,0,1,797,8,2,0,0
108.459737,0,0,94,60,1528,100,245,51,0,1,797,8,2,0,0
108.469500,0,1,94,60,1528,100,245,51,0,2,797,8,2,0,0
108.473685,0,0,94,60,1528,100,245,51,0,2,797,8,2,0,0
108.477845,0,0,94,60,1528,100,245,51,0,2,797,8,2,0,0
108.490676,0,1,94,60,1528,100,245,51,1,2,797,8,2,0,0
108.494809,0,0,94,60,1528,100,245,51,1,2,797,8,2,0,0
108.502613,1,0,94,60,1528,99,245,51,1,2,797,8,2,0,0
108.507534,0,0,94,60,1528,99,245,51,1,2,797,8,2,0,0
108.510080,0,0,94,60,1528,99,245,51,1,2,797,8,2,0,0
108.521744,0,1,94,60,1528,99,245,51,0,2,797,8,2,0,0
108.531393,0,1,94,60,1528,99,245,51,0,2,796,8,2,0,0
108.535613,0,0,94,60,1528,99,245,51,0,2,796,8,2,0,0
108.539805,0,0,94,60,1528,99,245,51,0,2,796,8,2,0,0
108.552796,0,1,94,60,1528,99,245,51,1,2,796,8,2,0,0
108.562576,0,0,94,60,1528,99,245,51,1,2,796,8,2,0,0
108.566802,0,0,94,60,1528,99,245,51,1,2,796,8,2,0,0
108.572046,0,0,94,60,1528,99,245,51,1,2,796,8,2,0,0
108.583857,0,0,94,60,1528,99,245,51,1,2,796,8,2,0,0
108.593341,0,0,94,60,1528,99,245,51,1,2,796,8,2,0,0
108.597918,0,0,94,60,1528,99,245,51,1,2,796,8,2,0,0
108.602418,0,0,94,60,1528,99,245,51,1,2,796,8,2,0,0
108.614786,0,1,94,60,1528,99,245,51,0,1,796,8,2,0,0
108.624370,0,0,94,60,1528,99,245,51,0,1,796,8,2,0,0
108.628829,0,0,94,60,1528,99,245,51,0,1,796,8,2,0,0
108.633340,0,0,94,60,1528,99,245,51,0,1,796,8,2,0,0
108.645343,0,0,94,60,1528,99,245,51,0,1,796,8,2,0,0
108.649537,0,0,94,60,1528,99,245,51,0,1,796,8,2,0,0
108.656907,0,0,94,60,1528,99,245,51,0,1,796,8,2,0,0
108.661055,0,0,94,60,1528,99,245,51,0,1,796,8,2,0,0
108.665261,0,1,94,60,1528,99,245,51,0,2,796,8,2,0,0
108.676844,0,0,94,60,1528,99,245,51,0,2,796,8,2,0,0
108.686376,0,0,94,60,1528,99,245,51,0,2,796,8,2,0,0
108.691281,0,0,94,60,1528,99,245,51,0,2,796,8,2,0,0
108.695794,0,0,94,60,1528,99,245,51,0,2,796,8,2,0,0
108.707835,0,0,94,60,1528,99,245,51,0,2,796,8,2,0,0
108.717356,0,0,94,60,1528,99,245,51,0,2,796,8,2,0,0
108.721544,0,0,94,60,1528,99,245,51,0,2,796,8,2,0,0
108.725787,0,1,94,60,1528,99,245,51,1,2,796,8,2,0,0
108.739146,0,0,94,60,1528,99,245,51,1,2,796,8,2,0,0
108.750100,0,0,94,60,1528,99,245,51,1,2,796,8,2,0,0
108.755330,0,1,94,60,1528,99,245,51,0,2,796,8,2,0,0
108.768748,0,1,94,60,1528,99,245,51,0,1,796,8,2,0,0
108.772766,0,0,94,60,1528,99,245,51,0,1,796,8,2,0,0
108.780671,0,0,94,60,1528,99,245,51,0,1,796,8,2,0,0
108.784940,0,0,94,60,1528,99,245,51,0,1,796,8,2,0,0
108.789224,0,0,94,60,1528,99,245,51,0,1,796,8,2,0,0
108.800969,0,1,94,60,1528,99,245,51,0,1,796,8,3,0,0
108.811002,0,1,94,60,1528,99,245,51,0,1,796,8,3,1,0
109.066540,1,1,94,60,1534,99,245,51,0,1,1139,8,3,0,303
109.079435,0,0,94,60,1534,99,245,51,0,1,1139,8,3,0,303
109.083842,0,0,94,60,1534,99,245,51,0,1,1139,8,3,0,303
109.091191,0,1,94,60,1534,99,245,51,0,1,1138,8,3,0,303
109.095238,0,0,94,60,1534,99,245,51,0,1,1138,8,3,0,303
109.099352,0,0,94,60,1534,99,245,51,0,1,1138,8,3,0,303
109.110560,0,0,94,60,1534,99,245,51,0,1,1138,8,3,0,303
109.114703,0,1,94,60,1534,99,245,51,0,1,1137,8,3,0,301
109.121889,0,0,94,60,1534,99,245,51,0,1,1137,8,3,0,301
109.126065,0,0,94,60,1534,99,245,51,0,1,1137,8,3,0,301
109.130544,0,0,94,60,1534,99,245,51,0,1,1137,8,3,0,301
109.141872,0,0,94,60,1534,99,245,51,0,1,1137,8,3,0,301
109.151481,0,1,94,60,1534,99,245,51,0,1,1135,8,3,0,304
109.156091,0,0,94,60,1534,99,245,51,0,1,1135,8,3,0,304
109.160623,0,0,94,60,1534,99,245,51,0,1,1135,8,3,0,304
109.173293,0,0,94,60,1534,99,245,51,0,1,1135,8,3,0,304
109.182772,0,0,94,60,1534,99,245,51,0,1,1135,8,3,0,303
109.187665,0,0,94,60,1534,99,245,51,0,1,1135,8,3,0,303
109.192170,0,0,94,60,1534,99,245,51,0,1,1135,8,3,0,303
109.203606,0,0,94,60,1534,99,245,51,0,1,1135,8,3,0,303
109.207783,0,0,94,60,1534,99,245,51,0,1,1135,8,3,0,301
109.215829,0,0,94,60,1534,99,245,51,0,1,1135,8,3,0,301
109.220330,0,0,94,60,1534,99,245,51,0,1,1135,8,3,0,301
109.222501,0,0,94,60,1534,99,245,51,0,1,1135,8,3,0,301
109.235234,0,0,94,60,1534,99,245,51,0,1,1135,8,3,0,301
109.244613,0,0,94,60,1534,99,245,51,0,1,1135,8,3,0,301
109.249757,0,0,94,60,1534,99,245,51,0,1,1135,8,3,0,301
109.253893,0,0,94,60,1534,99,245,51,0,1,1135,8,3,0,301
109.265867,0,0,94,60,1534,99,245,51,0,1,1135,8,3,0,301
109.275474,0,1,94,60,1534,99,245,51,0,1,1134,8,3,0,305
109.279927,0,0,94,60,1534,99,245,51,0,1,1134,8,3,0,305
109.284054,0,0,94,60,1534,99,245,51,0,1,1134,8,3,0,305
109.297288,0,0,94,60,1534,99,245,51,0,1,1134,8,3,0,305
109.307031,0,1,94,60,1534,99,245,51,0,1,1134,8,4,0,305
109.311882,0,0,94,60,1534,99,245,51,0,1,1134,8,4,0,305
109.316414,0,0,94,60,1534,99,245,51,0,1,1134,8,4,0,305
109.327607,0,0,94,60,1534,99,245,51,0,1,1134,8,4,0,301
109.331830,0,1,94,60,1534,99,245,51,0,1,1134,8,3,0,301
109.339217,1,0,94,60,1534,99,245,50,0,1,1134,8,3,0,301
109.344015,0,0,94,60,1534,99,245,50,0,1,1134,8,3,0,301
109.357409,0,0,94,60,1534,99,245,50,0,1,1134,8,3,0,307
109.361910,0,1,94,60,1534,99,245,50,0,1,1133,8,4,0,307
109.370256,0,0,94,60,1534,99,245,50,0,1,1133,8,4,0,307
109.374473,0,0,94,60,1534,99,245,50,0,1,1133,8,4,0,307
109.388403,0,0,94,60,1534,99,245,50,0,1,1133,8,4,0,301
109.392962,0,1,94,60,1534,99,245,50,0,1,1133,8,3,0,301
109.401490,1,0,94,60,1534,99,245,51,0,1,1133,8,3,0,301
109.406352,0,0,94,60,1534,99,245,51,0,1,1133,8,3,0,301
109.419527,0,0,94,60,1534,99,245,51,0,1,1133,8,3,0,305
109.423710,0,0,94,60,1534,99,245,51,0,1,1133,8,3,0,305
109.432113,0,0,94,60,1534,99,245,51,0,1,1133,8,3,0,305
109.436622,0,0,94,60,1534,99,245,51,0,1,1133,8,3,0,305
109.440682,0,0,94,60,1534,99,245,51,0,1,1133,8,3,0,307
109.451611,0,0,94,60,1534,99,245,51,0,1,1133,8,3,0,307
109.455782,0,0,94,60,1534,99,245,51,0,1,1133,8,3,0,307
109.463251,0,0,94,60,1534,99,245,51,0,1,1133,8,3,0,307
109.468075,0,0,94,60,1534,99,245,51,0,1,1133,8,3,0,307
109.481566,0,0,94,60,1534,99,245,51,0,1,1133,8,3,0,300
109.485830,0,0,94,60,1534,99,245,51,0,1,1133,8,3,0,300
109.494425,0,0,94,60,1534,99,245,51,0,1,1133,8,3,0,300
109.498550,0,0,94,60,1534,99,245,51,0,1,1133,8,3,0,300
109.503051,0,0,94,60,1534,99,245,51,0,1,1133,8,3,0,301
109.513915,0,0,94,60,1534,99,245,51,0,1,1133,8,3,0,301
109.523545,0,0,94,60,1534,99,245,51,0,1,1133,8,3,0,301
109.792578,1,1,94,60,1528,99,245,51,0,1,1029,8,3,0,0
109.803197,0,1,94,60,1528,99,245,51,0,1,1027,8,3,0,0
109.808784,0,0,94,60,1528,99,245,51,0,1,1027,8,3,0,0
109.822838,0,0,94,60,1528,99,245,51,0,1,1027,8,3,0,0
109.833917,0,1,94,60,1528,99,245,51,0,1,1026,8,3,0,0
109.839917,0,0,94,60,1528,99,245,51,0,1,1026,8,3,0,0
109.853492,0,0,94,60,1528,99,245,51,0,1,1026,8,3,0,0
109.858024,0,1,94,60,1528,99,245,51,0,1,1025,8,3,0,0
109.866633,0,0,94,60,1528,99,245,51,0,1,1025,8,3,0,0
109.871031,0,0,94,60,1528,99,245,51,0,1,1025,8,3,0,0
109.884444,0,0,94,60,1528,99,245,51,0,1,1025,8,3,0,0
109.889004,0,1,94,60,1528,99,245,51,0,0,1025,8,3,0,0
109.897545,0,0,94,60,1528,99,245,51,0,0,1025,8,3,0,0
109.901768,0,0,94,60,1528,99,245,51,0,0,1025,8,3,0,0
109.905907,0,0,94,60,1528,99,245,51,0,0,1025,8,3,0,0
109.917151,0,1,94,60,1528,99,245,51,0,1,1024,8,3,0,0
109.926709,0,0,94,60,1528,99,245,51,0,1,1024,8,3,0,0
109.930866,0,0,94,60,1528,99,245,51,0,1,1024,8,3,0,0
109.935309,0,0,94,60,1528,99,245,51,0,1,1024,8,3,0,0
109.948052,0,1,94,60,1528,99,245,51,0,1,1023,8,3,0,0
109.950232,0,0,94,60,1528,99,245,51,0,1,1023,8,3,0,0
109.959947,0,0,94,60,1528,99,245,51,0,1,1023,8,3,0,0
109.964548,0,0,94,60,1528,99,245,51,0,1,1023,8,3,0,0
109.977814,0,0,94,60,1528,99,245,51,0,1,1023,8,3,0,0
109.982023,0,0,94,60,1528,99,245,51,0,1,1023,8,3,0,0
109.990461,0,0,94,60,1528,99,245,51,0,1,1023,8,3,0,0
109.995073,0,0,94,60,1528,99,245,51,0,1,1023,8,3,0,0
110.008550,0,0,94,60,1528,99,245,51,0,1,1023,8,3,0,0
110.013078,0,1,94,60,1528,99,245,51,0,1,1022,8,3,0,0
110.021273,0,0,94,60,1528,99,245,51,0,1,1022,8,3,0,0
110.025454,0,0,94,60,1528,99,245,51,0,1,1022,8,3,0,0
110.030314,0,0,94,60,1528,99,245,51,0,1,1022,8,3,0,0
110.041541,0,1,94,60,1528,99,245,51,0,1,1021,8,3,0,0
110.051125,0,0,94,60,1528,99,245,51,0,1,1021,8,3,0,0
110.055330,0,0,94,60,1528,99,245,51,0,1,1021,8,3,0,0
110.059515,0,0,94,60,1528,99,245,51,0,1,1021,8,3,0,0
110.071728,0,0,94,60,1528,99,245,51,0,1,1021,8,3,0,0
110.075812,1,0,94,60,1528,99,245,50,0,1,1021,8,3,0,0
110.082882,0,0,94,60,1528,99,245,50,0,1,1021,8,3,0,0
110.087020,0,0,94,60,1528,99,245,50,0,1,1021,8,3,0,0
110.091621,0,0,94,60,1528,99,245,50,0,1,1021,8,3,0,0
110.103433,0,0,94,60,1528,99,245,50,0,1,1021,8,3,0,0
110.112769,0,0,94,60,1528,99,245,50,0,1,1021,8,3,0,0
110.117295,0,0,94,60,1528,99,245,50,0,1,1021,8,3,0,0
110.121443,0,1,94,60,1528,99,245,50,0,1,1020,8,3,0,0
110.134108,0,0,94,60,1528,99,245,50,0,1,1020,8,3,0,0
110.143985,1,0,94,60,1528,99,245,51,0,1,1020,8,3,0,0
110.148137,0,0,94,60,1528,99,245,51,0,1,1020,8,3,0,0
110.152672,1,1,94,60,1528,100,245,51,0,1,1019,8,3,0,0
110.165505,0,1,94,60,1528,100,245,51,0,1,1019,8,2,0,0
110.174825,0,0,94,60,1528,100,245,51,0,1,1019,8,2,0,0
110.179310,0,0,94,60,1528,100,245,51,0,1,1019,8,2,0,0
110.184184,1,0,94,60,1528,98,245,51,0,1,1019,8,2,0,0
110.196156,0,0,94,60,1528,98,245,51,0,1,1019,8,2,0,0
110.205783,0,0,94,60,1528,98,245,51,0,1,1019,8,2,0,0
110.210272,0,1,94,60,1528,98,245,51,0,0,1019,8,2,0,0
110.214756,1,1,94,60,1528,99,245,51,0,0,1019,8,3,0,0
110.226932,0,0,94,60,1528,99,245,51,0,0,1019,8,3,0,0
110.237002,0,0,94,60,1528,99,245,51,0,0,1019,8,3,0,0
110.241234,0,1,94,60,1528,99,245,51,0,1,1019,8,3,0,0
110.245772,1,1,94,60,1528,98,245,51,0,1,1019,8,2,0,0
110.257802,0,0,94,60,1528,98,245,51,0,1,1019,8,2,0,0
110.518889,1,1,94,60,1523,98,245,51,1,2,669,9,1,1,0
110.524197,0,0,94,60,1523,98,245,51,1,2,669,9,1,1,0
110.537549,0,1,94,60,1523,98,245,51,1,2,670,9,1,1,0
110.546951,0,0,94,60,1523,98,245,51,1,2,670,9,1,1,0
110.551111,0,0,94,60,1523,98,245,51,1,2,670,9,1,1,0
110.555365,0,0,94,60,1523,98,245,51,1,2,670,9,1,1,0
110.568385,0,0,94,60,1523,98,245,51,1,2,670,9,1,1,0
110.577832,1,1,94,60,1523,100,245,51,1,2,670,9,2,1,0
110.582004,0,0,94,60,1523,100,245,51,1,2,670,9,2,1,0
110.586538,0,0,94,60,1523,100,245,51,1,2,670,9,2,1,0
110.599195,0,1,94,60,1523,100,245,51,1,2,671,9,2,1,0
110.609148,1,0,94,60,1523,99,245,51,1,2,671,9,2,1,0
110.613349,0,0,94,60,1523,99,245,51,1,2,671,9,2,1,0
110.617535,0,0,94,60,1523,99,245,51,1,2,671,9,2,1,0
110.630611,0,0,94,60,1523,99,245,51,1,2,671,9,2,1,0
110.639956,0,1,94,60,1523,99,245,51,1,2,671,9,1,1,0
110.644483,0,0,94,60,1523,99,245,51,1,2,671,9,1,1,0
110.649344,0,0,94,60,1523,99,245,51,1,2,671,9,1,1,0
110.661213,0,1,94,60,1523,99,245,51,1,2,671,8,2,1,0
110.670836,0,0,94,60,1523,99,245,51,1,2,671,8,2,1,0
110.673968,0,0,94,60,1523,99,245,51,1,2,671,8,2,1,0
110.678717,0,0,94,60,1523,99,245,51,1,2,671,8,2,1,0
110.692015,0,1,94,60,1523,99,245,51,1,2,671,9,2,1,0
110.696238,0,1,94,60,1523,99,245,51,1,2,671,9,1,1,0
110.704243,0,0,94,60,1523,99,245,51,1,2,671,9,1,1,0
110.708822,0,0,94,60,1523,99,245,51,1,2,671,9,1,1,0
110.722289,0,1,94,60,1523,99,245,51,1,2,671,8,1,1,0
110.726827,0,0,94,60,1523,99,245,51,1,2,671,8,1,1,0
110.734109,0,0,94,60,1523,99,245,51,1,2,671,8,1,1,0
110.738263,0,0,94,60,1523,99,245,51,1,2,671,8,1,1,0
110.742793,1,0,94,60,1522,99,245,51,1,2,671,8,1,1,0
110.754802,0,0,94,60,1522,99,245,51,1,2,671,8,1,1,0
110.764089,0,0,94,60,1522,99,245,51,1,2,671,8,1,1,0
110.768301,0,0,94,60,1522,99,245,51,1,2,671,8,1,1,0
110.772816,0,1,94,60,1522,99,245,51,1,2,672,8,1,1,0
110.785611,0,1,94,60,1522,99,245,51,1,2,672,9,2,1,0
110.795252,0,0,94,60,1522,99,245,51,1,2,672,9,2,1,0
110.799817,0,0,94,60,1522,99,245,51,1,2,672,9,2,1,0
110.803894,0,1,94,60,1522,99,245,51,1,1,672,9,2,1,0
110.816238,0,0,94,60,1522,99,245,51,1,1,672,9,2,1,0
110.820420,0,0,94,60,1522,99,245,51,1,1,672,9,2,1,0
110.827753,0,0,94,60,1522,99,245,51,1,1,672,9,2,1,0
110.831939,0,1,94,60,1522,99,245,51,1,2,672,9,2,1,0
110.836143,0,1,94,60,1522,99,245,51,1,2,672,8,1,1,0
110.847447,0,0,94,60,1522,99,245,51,1,2,672,8,1,1,0
110.856889,0,0,94,60,1522,99,245,51,1,2,672,8,1,1,0
110.861416,0,0,94,60,1522,99,245,51,1,2,672,8,1,1,0
110.865596,0,1,94,60,1522,99,245,51,1,2,672,8,2,1,0
110.878283,0,0,94,60,1522,99,245,51,1,2,672,8,2,1,0
110.882429,0,0,94,60,1522,99,245,51,1,2,672,8,2,1,0
110.889619,0,0,94,60,1522,99,245,51,1,2,672,8,2,1,0
110.893761,0,0,94,60,1522,99,245,51,1,2,672,8,2,1,0
110.897828,0,1,94,60,1522,99,245,51,1,2,672,9,1,1,0
110.908952,0,0,94,60,1522,99,245,51,1,2,672,9,1,1,0
110.918923,0,0,94,60,1522,99,245,51,1,2,672,9,1,1,0
110.923479,0,0,94,60,1522,99,245,51,1,2,672,9,1,1,0
110.927988,0,1,94,60,1522,99,245,51,1,2,672,8,1,1,0
110.940550,0,1,94,60,1522,99,245,51,1,2,672,8,1,2,0
110.949877,0,0,94,60,1522,99,245,51,1,2,672,8,1,2,0
110.954249,0,0,94,60,1522,99,245,51,1,2,672,8,1,2,0
110.958363,0,1,94,60,1522,99,245,51,1,2,672,9,2,2,0
110.971006,0,1,94,60,1522,99,245,51,1,2,672,9,2,1,0
111.235112,1,1,94,60,1528,99,245,51,1,1,817,8,2,0,0
111.249032,0,0,94,60,1528,99,245,51,1,1,817,8,2,0,0
111.253207,0,1,94,60,1528,99,245,51,1,1,816,8,2,0,0
111.261769,0,1,94,60,1528,99,245,51,1,1,816,9,2,0,0
111.266639,0,0,94,60,1528,99,245,51,1,1,816,9,2,0,0
111.279834,0,0,94,60,1528,99,245,51,1,1,816,9,2,0,0
111.284417,0,1,94,60,1528,99,245,51,1,1,815,8,2,0,0
111.292909,0,0,94,60,1528,99,245,51,1,1,815,8,2,0,0
111.297444,0,0,94,60,1528,99,245,51,1,1,815,8,2,0,0
111.310780,0,0,94,60,1528,99,245,51,1,1,815,8,2,0,0
111.315279,0,0,94,60,1528,99,245,51,1,1,815,8,2,0,0
111.323642,0,1,94,60,1528,99,245,51,1,1,815,8,2,1,0
111.328194,0,0,94,60,1528,99,245,51,1,1,815,8,2,1,0
111.332322,0,0,94,60,1528,99,245,51,1,1,815,8,2,1,0
111.343668,0,0,94,60,1528,99,245,51,1,1,815,8,2,1,0
111.353388,0,1,94,60,1528,99,245,51,1,1,815,8,2,0,0
111.358319,0,0,94,60,1528,99,245,51,1,1,815,8,2,0,0
111.363266,0,0,94,60,1528,99,245,51,1,1,815,8,2,0,0
111.374127,0,1,94,60,1528,99,245,51,1,1,814,8,2,0,0
111.378272,0,1,94,60,1528,99,245,51,1,1,814,8,2,1,0
111.385256,0,0,94,60,1528,99,245,51,1,1,814,8,2,1,0
111.387857,0,0,94,60,1528,99,245,51,1,1,814,8,2,1,0
111.392067,0,0,94,60,1528,99,245,51,1,1,814,8,2,1,0
111.405829,0,1,94,60,1528,99,245,51,1,1,814,9,2,1,0
111.415697,0,0,94,60,1528,99,245,51,1,1,814,9,2,1,0
111.421639,0,0,94,60,1528,99,245,51,1,1,814,9,2,1,0
111.436336,0,1,94,60,1528,99,245,51,1,1,814,8,2,1,0
111.446962,0,0,94,60,1528,99,245,51,1,1,814,8,2,1,0
111.452449,0,0,94,60,1528,99,245,51,1,1,814,8,2,1,0
111.466347,0,0,94,60,1528,99,245,51,1,1,814,8,2,1,0
111.477220,0,1,94,60,1528,99,245,51,1,1,814,9,2,0,0
111.483072,0,0,94,60,1528,99,245,51,1,1,814,9,2,0,0
111.497211,0,1,94,60,1528,99,245,51,1,1,814,8,2,0,0
111.501911,0,1,94,60,1528,99,245,51,1,1,814,8,2,1,0
111.509775,0,0,94,60,1528,99,245,51,1,1,814,8,2,1,0
111.514631,0,1,94,60,1528,99,245,51,0,1,814,8,2,1,0
111.527826,0,1,94,60,1528,99,245,51,0,1,814,9,2,1,0
111.531910,0,0,94,60,1528,99,245,51,0,1,814,9,2,1,0
111.540498,0,0,94,60,1528,99,245,51,0,1,814,9,2,1,0
111.544671,0,1,94,60,1528,99,245,51,1,1,814,9,2,1,0
111.548741,0,1,94,60,1528,99,245,51,1,1,813,9,2,1,0
111.560085,0,0,94,60,1528,99,245,51,1,1,813,9,2,1,0
111.564235,0,0,94,60,1528,99,245,51,1,1,813,9,2,1,0
111.571208,0,0,94,60,1528,99,245,51,1,1,813,9,2,1,0
111.575376,0,0,94,60,1528,99,245,51,1,1,813,9,2,1,0
111.579981,0,1,94,60,1528,99,245,51,1,1,814,8,2,1,0
111.591463,0,1,94,60,1528,99,245,51,1,1,814,8,2,0,0
111.595554,0,0,94,60,1528,99,245,51,1,1,814,8,2,0,0
111.602573,0,0,94,60,1528,99,245,51,1,1,814,8,2,0,0
111.606650,0,1,94,60,1528,99,245,51,0,1,814,8,2,0,0
111.610761,0,0,94,60,1528,99,245,51,0,1,814,8,2,0,0
111.622114,0,0,94,60,1528,99,245,51,0,1,814,8,2,0,0
111.632216,0,0,94,60,1528,99,245,51,0,1,814,8,2,0,0
111.636282,0,1,94,60,1528,99,245,51,0,1,813,8,2,0,0
111.640366,0,0,94,60,1528,99,245,51,0,1,813,8,2,0,0
111.653143,0,1,94,60,1528,99,245,51,0,1,813,8,2,1,0
111.657464,0,0,94,60,1528,99,245,51,0,1,813,8,2,1,0
111.664471,0,1,94,60,1528,99,245,51,1,1,813,8,2,1,0
111.668677,0,0,94,60,1528,99,245,51,1,1,813,8,2,1,0
111.672844,0,0,94,60,1528,99,245,51,1,1,813,8,2,1,0
111.684516,0,0,94,60,1528,99,245,51,1,1,813,8,2,1,0
111.944947,1,1,94,60,1532,99,245,51,0,0,1208,8,3,0,405
111.950780,0,0,94,60,1532,99,245,51,0,0,1208,8,3,0,405
111.964754,0,1,94,60,1532,99,245,51,0,0,1278,8,3,0,0
111.974483,1,0,94,60,1538,99,245,51,0,0,1278,8,3,0,0
111.978634,0,0,94,60,1538,99,245,51,0,0,1278,8,3,0,0
111.982709,0,0,94,60,1538,99,245,51,0,0,1278,8,3,0,0
111.994195,0,0,94,60,1538,99,245,51,0,0,1278,8,3,0,0
111.998428,1,1,94,60,1531,99,245,51,0,0,1224,8,4,0,462
112.006506,0,0,94,60,1531,99,245,51,0,0,1224,8,4,0,462
112.011379,0,0,94,60,1531,99,245,51,0,0,1224,8,4,0,462
112.024667,0,0,94,60,1531,99,245,51,0,0,1224,8,4,0,462
112.028841,1,1,94,60,1539,99,245,51,0,0,1303,8,4,0,307
112.036779,0,0,94,60,1539,99,245,51,0,0,1303,8,4,0,307
112.041650,0,0,94,60,1539,99,245,51,0,0,1303,8,4,0,307
112.055067,0,0,94,60,1539,99,245,51,0,0,1303,8,4,0,307
112.059598,0,0,94,60,1539,99,245,51,0,0,1303,8,4,0,307
112.067455,0,1,94,60,1539,99,245,51,0,0,1303,8,3,0,307
112.071666,0,0,94,60,1539,99,245,51,0,0,1303,8,3,0,307
112.076210,0,0,94,60,1539,99,245,51,0,0,1303,8,3,0,307
112.087524,1,1,94,60,1540,99,245,51,0,0,1300,8,3,0,309
112.097342,0,1,94,60,1540,99,245,51,0,0,1300,8,4,0,309
112.101550,0,0,94,60,1540,99,245,51,0,0,1300,8,4,0,309
112.106135,0,0,94,60,1540,99,245,51,0,0,1300,8,4,0,309
112.118298,0,1,94,60,1540,99,245,51,0,0,1299,8,4,0,308
112.122793,0,1,94,60,1540,99,245,51,0,0,1299,8,3,0,308
112.130239,0,0,94,60,1540,99,245,51,0,0,1299,8,3,0,308
112.135113,0,0,94,60,1540,99,245,51,0,0,1299,8,3,0,308
112.148315,0,0,94,60,1540,99,245,51,0,0,1299,8,3,0,305
112.152818,0,1,94,60,1540,99,245,51,0,0,1299,8,4,0,305
112.160951,0,0,94,60,1540,99,245,51,0,0,1299,8,4,0,305
112.165089,0,0,94,60,1540,99,245,51,0,0,1299,8,4,0,305
112.169232,0,1,94,60,1540,99,245,51,0,0,1298,8,4,0,309
112.180142,0,0,94,60,1540,99,245,51,0,0,1298,8,4,0,309
112.182027,0,0,94,60,1540,99,245,51,0,0,1298,8,4,0,309
112.191521,0,0,94,60,1540,99,245,51,0,0,1298,8,4,0,309
112.196067,0,0,94,60,1540,99,245,51,0,0,1298,8,4,0,309
112.200571,0,0,94,60,1540,99,245,51,0,0,1298,8,4,0,308
112.211742,0,1,94,60,1540,99,245,51,0,0,1297,8,4,0,308
112.221157,0,0,94,60,1540,99,245,51,0,0,1297,8,4,0,308
112.225279,0,0,94,60,1540,99,245,51,0,0,1297,8,4,0,308
112.229401,0,0,94,60,1540,99,245,51,0,0,1297,8,4,0,308
112.242587,0,1,94,60,1540,99,245,51,0,0,1297,7,4,0,307
112.246777,1,0,94,60,1540,99,245,50,0,0,1297,7,4,0,307
112.253769,0,0,94,60,1540,99,245,50,0,0,1297,7,4,0,307
112.257849,0,0,94,60,1540,99,245,50,0,0,1297,7,4,0,307
112.262673,0,0,94,60,1540,99,245,50,0,0,1297,7,4,0,308
112.273650,0,1,94,60,1540,99,245,50,0,0,1296,8,4,0,308
112.283404,0,0,94,60,1540,99,245,50,0,0,1296,8,4,0,308
112.287578,0,0,94,60,1540,99,245,50,0,0,1296,8,4,0,308
112.291767,0,0,94,60,1540,99,245,50,0,0,1296,8,4,0,308
112.304326,0,0,94,60,1540,99,245,50,0,0,1296,8,4,0,307
112.308484,1,0,94,60,1540,99,245,51,0,0,1296,8,4,0,307
112.316344,0,0,94,60,1540,99,245,51,0,0,1296,8,4,0,307
112.321342,0,0,94,60,1540,99,245,51,0,0,1296,8,4,0,307
112.335149,0,0,94,60,1540,99,245,51,0,0,1296,8,4,0,309
112.345309,0,0,94,60,1540,99,245,51,0,0,1296,8,4,0,309
112.350295,0,0,94,60,1540,99,245,51,0,0,1296,8,4,0,309
112.355305,0,1,94,60,1540,99,245,51,0,0,1295,7,4,0,307
112.367170,0,0,94,60,1540,99,245,51,0,0,1295,7,4,0,307
112.377426,0,0,94,60,1540,99,245,51,0,0,1295,7,4,0,307
112.381741,0,0,94,60,1540,99,245,51,0,0,1295,7,4,0,307
112.386722,1,1,94,60,1540,100,245,51,0,0,1295,8,4,0,309
112.398097,1,0,94,60,1540,100,245,50,0,0,1295,8,4,0,309
112.408256,0,0,94,60,1540,100,245,50,0,0,1295,8,4,0,309
112.413259,0,0,94,60,1540,100,245,50,0,0,1295,8,4,0,307
112.417834,1,0,94,60,1540,99,245,50,0,0,1295,8,4,0,307
112.428982,0,0,94,60,1540,99,245,50,0,0,1295,8,4,0,307
112.439882,0,0,94,60,1540,99,245,50,0,0,1295,8,4,0,307
112.444550,0,0,94,60,1540,99,245,50,0,0,1295,8,4,0,309
112.458177,1,0,94,60,1540,99,245,51,0,0,1295,8,4,0,309
112.462714,0,0,94,60,1540,99,245,51,0,0,1295,8,4,0,309
112.470782,0,0,94,60,1540,99,245,51,0,0,1295,8,4,0,309
112.475309,0,0,94,60,1540,99,245,51,0,0,1295,8,4,0,303
112.489035,0,0,94,60,1540,99,245,51,0,0,1295,8,4,0,303
112.753714,1,1,94,60,1529,98,245,50,0,1,1099,8,3,0,0
112.757902,0,0,94,60,1529,98,245,50,0,1,1099,8,3,0,0
112.770081,0,1,94,60,1529,98,245,50,0,1,1098,8,3,0,0
112.779415,1,1,94,60,1529,99,245,50,0,1,1098,9,2,0,0
112.784346,0,0,94,60,1529,99,245,50,0,1,1098,9,2,0,0
112.788872,0,0,94,60,1529,99,245,50,0,1,1098,9,2,0,0
112.801121,0,0,94,60,1529,99,245,50,0,1,1098,9,2,0,0
112.810471,1,1,94,60,1529,98,245,50,0,1,1098,8,3,0,0
112.814618,1,0,94,60,1529,98,245,51,0,1,1098,8,3,0,0
112.818733,0,1,94,60,1529,98,245,51,1,1,1098,8,3,0,0
112.831794,0,0,94,60,1529,98,245,51,1,1,1098,8,3,0,0
112.841551,1,0,94,60,1529,99,245,51,1,1,1098,8,3,0,0
112.845713,0,0,94,60,1529,99,245,51,1,1,1098,8,3,0,0
112.849792,0,1,94,60,1529,99,245,51,0,1,1098,8,3,0,0
112.862384,0,1,94,60,1529,99,245,51,0,1,1097,9,3,0,0
112.866849,0,0,94,60,1529,99,245,51,0,1,1097,9,3,0,0
112.873882,0,0,94,60,1529,99,245,51,0,1,1097,9,3,0,0
112.878018,0,0,94,60,1529,99,245,51,0,1,1097,9,3,0,0
112.882105,0,1,94,60,1529,99,245,51,1,1,1097,9,3,0,0
112.893453,0,1,94,60,1529,99,245,51,1,1,1096,9,3,0,0
112.897600,1,1,94,60,1529,100,245,51,1,1,1096,8,3,0,0
112.904498,0,0,94,60,1529,100,245,51,1,1,1096,8,3,0,0
112.906405,0,0,94,60,1529,100,245,51,1,1,1096,8,3,0,0
112.910595,0,1,94,60,1529,100,245,51,0,1,1096,8,3,0,0
112.924208,0,0,94,60,1529,100,245,51,0,1,1096,8,3,0,0
112.928369,1,0,94,60,1529,99,245,51,0,1,1096,8,3,0,0
112.935989,0,0,94,60,1529,99,245,51,0,1,1096,8,3,0,0
112.940434,0,0,94,60,1529,99,245,51,0,1,1096,8,3,0,0
112.944666,0,0,94,60,1529,99,245,51,0,1,1096,8,3,0,0
112.955514,0,0,94,60,1529,99,245,51,0,1,1096,8,3,0,0
112.959996,0,0,94,60,1529,99,245,51,0,1,1096,8,3,0,0
112.968084,0,0,94,60,1529,99,245,51,0,1,1096,8,3,0,0
112.974029,0,0,94,60,1529,99,245,51,0,1,1096,8,3,0,0
112.988131,0,0,94,60,1529,99,245,51,0,1,1096,8,3,0,0
112.999107,0,0,94,60,1529,99,245,51,0,1,1096,8,3,0,0
113.004929,0,0,94,60,1529,99,245,51,0,1,1096,8,3,0,0
113.018938,0,1,94,60,1529,99,245,51,0,1,1096,8,2,0,0
113.028800,1,0,94,60,1529,99,245,50,0,1,1096,8,2,0,0
113.032945,0,0,94,60,1529,99,245,50,0,1,1096,8,2,0,0
113.037101,0,0,94,60,1529,99,245,50,0,1,1096,8,2,0,0
113.048837,0,1,94,60,1529,99,245,50,0,1,1096,9,3,0,0
113.058401,0,1,94,60,1529,99,245,50,0,1,1096,9,3,1,0
113.062604,0,0,94,60,1529,99,245,50,0,1,1096,9,3,1,0
113.066788,0,0,94,60,1529,99,245,50,0,1,1096,9,3,1,0
113.079841,0,0,94,60,1529,99,245,50,0,1,1096,9,3,1,0
113.089355,1,1,94,60,1529,99,245,51,0,1,1096,9,3,0,0
113.093831,0,0,94,60,1529,99,245,51,0,1,1096,9,3,0,0
113.097989,0,0,94,60,1529,99,245,51,0,1,1096,9,3,0,0
113.110819,0,0,94,60,1529,99,245,51,0,1,1096,9,3,0,0
113.120597,0,0,94,60,1529,99,245,51,0,1,1096,9,3,0,0
113.124911,0,0,94,60,1529,99,245,51,0,1,1096,9,3,0,0
113.129496,0,1,94,60,1529,99,245,51,0,1,1095,8,3,0,0
113.141480,0,0,94,60,1529,99,245,51,0,1,1095,8,3,0,0
113.145703,0,0,94,60,1529,99,245,51,0,1,1095,8,3,0,0
113.153067,0,0,94,60,1529,99,245,51,0,1,1095,8,3,0,0
113.157556,0,1,94,60,1529,99,245,51,0,1,1096,8,3,0,0
113.162043,0,0,94,60,1529,99,245,51,0,1,1096,8,3,0,0
113.172935,0,0,94,60,1529,99,245,51,0,1,1096,8,3,0,0
113.182467,0,0,94,60,1529,99,245,51,0,1,1096,8,3,0,0
113.186615,0,1,94,60,1529,99,245,51,0,1,1095,8,3,0,0
113.190790,0,0,94,60,1529,99,245,51,0,1,1095,8,3,0,0
113.203871,0,0,94,60,1529,99,245,51,0,1,1095,8,3,0,0
113.463001,0,0,94,60,1529,99,245,51,0,1,1095,8,3,0,0
113.467099,0,0,94,60,1529,99,245,51,0,1,1095,8,3,0,0
113.471562,0,0,94,60,1529,99,245,51,0,1,1095,8,3,0,0
113.482560,0,0,94,60,1529,99,245,51,0,1,1095,8,3,0,0
113.486636,0,1,94,60,1529,99,245,51,0,1,1094,8,3,0,0
113.493977,0,0,94,60,1529,99,245,51,0,1,1094,8,3,0,0
113.498074,0,0,94,60,1529,99,245,51,0,1,1094,8,3,0,0
113.502132,0,0,94,60,1529,99,245,51,0,1,1094,8,3,0,0
113.513540,0,1,94,60,1529,99,245,51,0,2,1094,8,3,0,0
113.518023,0,1,94,60,1529,99,245,51,0,2,1095,8,3,0,0
113.525146,0,0,94,60,1529,99,245,51,0,2,1095,8,3,0,0
113.529659,0,0,94,60,1529,99,245,51,0,2,1095,8,3,0,0
113.533759,0,0,94,60,1529,99,245,51,0,2,1095,8,3,0,0
113.544513,0,1,94,60,1529,99,245,51,0,1,1095,8,3,0,0
113.548568,0,1,94,60,1529,99,245,51,0,1,1094,8,3,0,0
113.556116,0,0,94,60,1529,99,245,51,0,1,1094,8,3,0,0
113.560285,0,0,94,60,1529,99,245,51,0,1,1094,8,3,0,0
113.565165,0,0,94,60,1529,99,245,51,0,1,1094,8,3,0,0
113.576091,0,1,94,60,1529,99,245,51,0,1,1095,8,3,0,0
113.585811,0,0,94,60,1529,99,245,51,0,1,1095,8,3,0,0
113.591424,0,0,94,60,1529,99,245,51,0,1,1095,8,3,0,0
113.605774,0,0,94,60,1529,99,245,51,0,1,1095,8,3,0,0
113.616887,0,0,94,60,1529,99,245,51,0,1,1095,8,3,0,0
113.620570,0,0,94,60,1529,99,245,51,0,1,1095,8,3,0,0
113.626716,0,0,94,60,1529,99,245,51,0,1,1095,8,3,0,0
113.638987,0,0,94,60,1529,99,245,51,0,1,1095,8,3,0,0
113.648967,0,0,94,60,1529,99,245,51,0,1,1095,8,3,0,0
113.653729,0,1,94,60,1529,99,245,51,1,1,1095,8,3,0,0
113.667387,0,0,94,60,1529,99,245,51,1,1,1095,8,3,0,0
113.672245,1,0,94,60,1529,99,245,50,1,1,1095,8,3,0,0
113.680459,0,0,94,60,1529,99,245,50,1,1,1095,8,3,0,0
113.684983,0,0,94,60,1529,99,245,50,1,1,1095,8,3,0,0
113.698441,0,0,94,60,1529,99,245,50,1,1,1095,8,3,0,0
113.702681,1,0,94,60,1529,99,245,51,1,1,1095,8,3,0,0
113.711434,0,0,94,60,1529,99,245,51,1,1,1095,8,3,0,0
113.715928,0,1,94,60,1529,99,245,51,0,1,1095,8,3,0,0
113.729429,0,0,94,60,1529,99,245,51,0,1,1095,8,3,0,0
113.733930,0,0,94,60,1529,99,245,51,0,1,1095,8,3,0,0
113.742229,0,0,94,60,1529,99,245,51,0,1,1095,8,3,0,0
113.746767,0,0,94,60,1529,99,245,51,0,1,1095,8,3,0,0
113.750932,0,0,94,60,1529,99,245,51,0,1,1095,8,3,0,0
113.761682,0,0,94,60,1529,99,245,51,0,1,1095,8,3,0,0
113.765815,0,0,94,60,1529,99,245,51,0,1,1095,8,3,0,0
113.773536,0,0,94,60,1529,99,245,51,0,1,1095,8,3,0,0
113.777770,0,1,94,60,1529,99,245,51,1,1,1095,8,3,0,0
113.782234,1,0,94,60,1529,100,245,51,1,1,1095,8,3,0,0
113.792850,0,0,94,60,1529,100,245,51,1,1,1095,8,3,0,0
113.796994,0,0,94,60,1529,100,245,51,1,1,1095,8,3,0,0
113.804313,0,0,94,60,1529,100,245,51,1,1,1095,8,3,0,0
113.809203,0,0,94,60,1529,100,245,51,1,1,1095,8,3,0,0
113.822633,1,0,94,60,1529,99,245,51,1,1,1095,8,3,0,0
113.826800,0,0,94,60,1529,99,245,51,1,1,1095,8,3,0,0
113.835553,0,1,94,60,1529,99,245,51,0,1,1095,8,3,0,0
113.839780,0,1,94,60,1529,99,245,51,0,1,1094,8,3,0,0
113.844285,0,0,94,60,1529,99,245,51,0,1,1094,8,3,0,0
113.854873,0,0,94,60,1529,99,245,51,0,1,1094,8,3,0,0
113.864809,0,0,94,60,1529,99,245,51,0,1,1094,8,3,0,0
113.869704,0,1,94,60,1529,99,245,51,0,1,1095,8,3,0,0
113.873855,1,0,94,60,1529,100,245,51,0,1,1095,8,3,0,0
113.886113,0,0,94,60,1529,100,245,51,0,1,1095,8,3,0,0
113.895609,0,0,94,60,1529,100,245,51,0,1,1095,8,3,0,0
113.900144,0,1,94,60,1529,100,245,51,1,1,1095,8,3,0,0
113.905054,1,0,94,60,1529,99,245,51,1,1,1095,8,3,0,0
113.916685,0,0,94,60,1529,99,245,51,1,1,1095,8,3,0,0
114.180702,0,1,94,60,1529,99,245,51,0,1,1095,8,3,1,0
114.184763,0,0,94,60,1529,99,245,51,0,1,1095,8,3,1,0
114.196048,0,0,94,60,1529,99,245,51,0,1,1095,8,3,1,0
114.205704,0,0,94,60,1529,99,245,51,0,1,1095,8,3,1,0
114.210181,0,0,94,60,1529,99,245,51,0,1,1095,8,3,1,0
114.214650,0,0,94,60,1529,99,245,51,0,1,1095,8,3,1,0
114.227353,0,0,94,60,1529,99,245,51,0,1,1095,8,3,1,0
114.237036,0,0,94,60,1529,99,245,51,0,1,1095,8,3,1,0
114.242034,0,1,94,60,1529,99,245,51,0,1,1095,8,3,0,0
114.246631,0,0,94,60,1529,99,245,51,0,1,1095,8,3,0,0
114.258102,0,0,94,60,1529,99,245,51,0,1,1095,8,3,0,0
114.267722,1,1,94,60,1529,98,245,51,0,1,1095,8,3,1,0
114.272231,0,0,94,60,1529,98,245,51,0,1,1095,8,3,1,0
114.277155,0,0,94,60,1529,98,245,51,0,1,1095,8,3,1,0
114.289476,0,0,94,60,1529,98,245,51,0,1,1095,8,3,1,0
114.298790,0,0,94,60,1529,98,245,51,0,1,1095,8,3,1,0
114.303627,1,1,94,60,1529,98,245,50,0,1,1095,8,3,0,0
114.308423,0,0,94,60,1529,98,245,50,0,1,1095,8,3,0,0
114.320158,0,0,94,60,1529,98,245,50,0,1,1095,8,3,0,0
114.329990,0,0,94,60,1529,98,245,50,0,1,1095,8,3,0,0
114.334539,0,0,94,60,1529,98,245,50,0,1,1095,8,3,0,0
114.337149,0,0,94,60,1529,98,245,50,0,1,1095,8,3,0,0
114.350539,0,1,94,60,1529,98,245,50,0,1,1094,8,3,0,0
114.355444,1,0,94,60,1529,99,245,50,0,1,1094,8,3,0,0
114.362981,0,0,94,60,1529,99,245,50,0,1,1094,8,3,0,0
114.367228,0,0,94,60,1529,99,245,50,0,1,1094,8,3,0,0
114.380532,0,0,94,60,1529,99,245,50,0,1,1094,8,3,0,0
114.384711,0,1,94,60,1529,99,245,50,0,1,1095,8,4,1,0
114.392975,0,0,94,60,1529,99,245,50,0,1,1095,8,4,1,0
114.397112,0,0,94,60,1529,99,245,50,0,1,1095,8,4,1,0
114.401306,0,0,94,60,1529,99,245,50,0,1,1095,8,4,1,0
114.412798,0,1,94,60,1529,99,245,50,0,1,1094,8,4,1,0
114.417281,0,0,94,60,1529,99,245,50,0,1,1094,8,4,1,0
114.425002,0,0,94,60,1529,99,245,50,0,1,1094,8,4,1,0
114.429191,0,0,94,60,1529,99,245,50,0,1,1094,8,4,1,0
114.442633,0,0,94,60,1529,99,245,50,0,1,1094,8,4,1,0
114.447149,0,1,94,60,1529,99,245,50,0,1,1094,8,3,0,0
114.454916,1,0,94,60,1529,99,245,51,0,1,1094,8,3,0,0
114.459047,0,0,94,60,1529,99,245,51,0,1,1094,8,3,0,0
114.463168,0,0,94,60,1529,99,245,51,0,1,1094,8,3,0,0
114.475544,0,0,94,60,1529,99,245,51,0,1,1094,8,3,0,0
114.485084,0,0,94,60,1529,99,245,51,0,1,1094,8,3,0,0
114.489795,0,0,94,60,1529,99,245,51,0,1,1094,8,3,0,0
114.494371,0,0,94,60,1529,99,245,51,0,1,1094,8,3,0,0
114.506388,0,1,94,60,1529,99,245,51,0,1,1095,8,3,0,0
114.515999,0,0,94,60,1529,99,245,51,0,1,1095,8,3,0,0
114.520491,0,0,94,60,1529,99,245,51,0,1,1095,8,3,0,0
114.525371,0,1,94,60,1529,99,245,51,0,1,1094,8,3,0,0
114.536869,0,0,94,60,1529,99,245,51,0,1,1094,8,3,0,0
114.541052,0,0,94,60,1529,99,245,51,0,1,1094,8,3,0,0
114.548143,0,0,94,60,1529,99,245,51,0,1,1094,8,3,0,0
114.552679,0,0,94,60,1529,99,245,51,0,1,1094,8,3,0,0
114.557200,0,0,94,60,1529,99,245,51,0,1,1094,8,3,0,0
114.568875,0,1,94,60,1529,99,245,51,0,1,1094,8,4,0,0
114.578689,0,0,94,60,1529,99,245,51,0,1,1094,8,4,0,0
114.582807,0,0,94,60,1529,99,245,51,0,1,1094,8,4,0,0
114.587665,0,1,94,60,1529,99,245,51,0,1,1095,8,4,0,0
114.599241,0,0,94,60,1529,99,245,51,0,1,1095,8,4,0,0
114.609015,0,0,94,60,1529,99,245,51,0,1,1095,8,4,0,0
114.613257,0,0,94,60,1529,99,245,51,0,1,1095,8,4,0,0
114.617776,0,1,94,60,1529,99,245,51,0,1,1094,8,4,0,0
114.630607,0,1,94,60,1529,99,245,51,0,1,1094,8,3,0,0
114.639927,0,0,94,60,1529,99,245,51,0,1,1094,8,3,0,0
114.896874,1,1,94,60,1531,98,245,51,0,0,1222,8,4,0,423
114.910233,0,0,94,60,1531,98,245,51,0,0,1222,8,4,0,423
114.920631,1,1,94,60,1540,98,245,51,0,0,1299,8,4,0,288
114.925894,0,0,94,60,1540,98,245,51,0,0,1299,8,4,0,288
114.939923,0,0,94,60,1540,98,245,51,0,0,1299,8,4,0,288
114.944469,1,1,94,60,1540,99,245,51,0,1,1300,8,4,0,291
114.951233,0,0,94,60,1540,99,245,51,0,1,1300,8,4,0,291
114.955418,0,0,94,60,1540,99,245,51,0,1,1300,8,4,0,291
114.959928,0,0,94,60,1540,99,245,51,0,1,1300,8,4,0,291
114.971644,0,0,94,60,1540,99,245,51,0,1,1300,8,4,0,291
114.981239,0,0,94,60,1540,99,245,51,0,1,1300,8,4,0,291
114.985786,0,0,94,60,1540,99,245,51,0,1,1300,8,4,0,291
114.990634,0,0,94,60,1540,99,245,51,0,1,1300,8,4,0,291
115.002220,0,1,94,60,1540,99,245,51,0,0,1300,8,4,0,291
115.011880,0,0,94,60,1540,99,245,51,0,0,1300,8,4,0,287
115.016391,0,0,94,60,1540,99,245,51,0,0,1300,8,4,0,287
115.020542,0,0,94,60,1540,99,245,51,0,0,1300,8,4,0,287
115.033638,0,0,94,60,1540,99,245,51,0,0,1300,8,4,0,287
115.042948,0,1,94,60,1540,99,245,51,0,0,1299,8,4,0,284
115.047472,0,0,94,60,1540,99,245,51,0,0,1299,8,4,0,284
115.051994,0,0,94,60,1540,99,245,51,0,0,1299,8,4,0,284
115.064305,0,0,94,60,1540,99,245,51,0,0,1299,8,4,0,284
115.074127,0,1,94,60,1540,99,245,51,0,0,1299,7,4,0,290
115.075959,0,0,94,60,1540,99,245,51,0,0,1299,7,4,0,290
115.080179,0,0,94,60,1540,99,245,51,0,0,1299,7,4,0,290
115.084341,0,0,94,60,1540,99,245,51,0,0,1299,7,4,0,290
115.095199,0,0,94,60,1540,99,245,51,0,0,1299,7,4,0,290
115.104883,0,0,94,60,1540,99,245,51,0,0,1299,7,4,0,290
115.109099,1,0,94,60,1540,99,245,50,0,0,1299,7,4,0,290
115.113301,0,0,94,60,1540,99,245,50,0,0,1299,7,4,0,290
115.126280,0,1,94,60,1540,99,245,50,0,0,1298,7,4,0,290
115.135822,0,1,94,60,1540,99,245,50,0,0,1298,8,4,0,290
115.140275,0,0,94,60,1540,99,245,50,0,0,1298,8,4,0,290
115.144466,0,0,94,60,1540,99,245,50,0,0,1298,8,4,0,290
115.157265,0,0,94,60,1540,99,245,50,0,0,1298,8,4,0,288
115.167172,1,0,94,60,1540,99,245,51,0,0,1298,8,4,0,288
115.171416,0,0,94,60,1540,99,245,51,0,0,1298,8,4,0,288
115.175960,0,0,94,60,1540,99,245,51,0,0,1298,8,4,0,288
115.188602,0,0,94,60,1540,99,245,51,0,0,1298,8,4,0,289
115.198230,0,0,94,60,1540,99,245,51,0,0,1298,8,4,0,289
115.203114,0,0,94,60,1540,99,245,51,0,0,1298,8,4,0,289
115.207592,0,1,94,60,1540,99,245,51,0,1,1298,8,4,0,287
115.219902,0,0,94,60,1540,99,245,51,0,1,1298,8,4,0,287
115.229545,0,0,94,60,1540,99,245,51,0,1,1298,8,4,0,287
115.234081,0,0,94,60,1540,99,245,51,0,1,1298,8,4,0,287
115.238610,0,1,94,60,1540,99,245,51,0,1,1297,8,4,0,284
115.250667,0,0,94,60,1540,99,245,51,0,1,1297,8,4,0,284
115.260209,0,0,94,60,1540,99,245,51,0,1,1297,8,4,0,284
115.264473,0,0,94,60,1540,99,245,51,0,1,1297,8,4,0,284
115.268971,0,1,94,60,1540,99,245,51,0,1,1298,8,4,0,286
115.281577,0,0,94,60,1540,99,245,51,0,1,1298,8,4,0,286
115.291062,0,0,94,60,1540,99,245,51,0,1,1298,8,4,0,286
115.295580,0,1,94,60,1540,99,245,51,0,0,1298,8,4,0,286
115.300109,0,1,94,60,1540,99,245,51,0,0,1297,8,4,0,285
115.312316,0,0,94,60,1540,99,245,51,0,0,1297,8,4,0,285
115.321897,0,0,94,60,1540,99,245,51,0,0,1297,8,4,0,285
115.326390,0,0,94,60,1540,99,245,51,0,0,1297,8,4,0,285
115.330590,0,0,94,60,1540,99,245,51,0,0,1297,8,4,0,289
115.342940,0,0,94,60,1540,99,245,51,0,0,1297,8,4,0,289
115.346989,0,0,94,60,1540,99,245,51,0,0,1297,8,4,0,289
115.355105,0,0,94,60,1540,99,245,51,0,0,1297,8,4,0,289
115.359212,0,0,94,60,1540,99,245,51,0,0,1297,8,4,0,286
115.372946,0,0,94,60,1540,99,245,51,0,0,1297,8,4,0,286
115.638337,1,1,94,60,1529,99,245,51,1,1,1100,8,3,0,0
115.653305,0,0,94,60,1529,99,245,51,1,1,1100,8,3,0,0
115.663091,0,1,94,60,1529,99,245,51,1,1,1099,8,3,0,0
115.667713,0,0,94,60,1529,99,245,51,1,1,1099,8,3,0,0
115.672525,0,0,94,60,1529,99,245,51,1,1,1099,8,3,0,0
115.684390,0,1,94,60,1529,99,245,51,0,1,1099,8,3,0,0
115.694173,0,1,94,60,1529,99,245,51,0,1,1100,8,3,0,0
115.698764,0,0,94,60,1529,99,245,51,0,1,1100,8,3,0,0
115.703017,0,1,94,60,1529,99,245,51,1,1,1100,8,3,0,0
115.715412,0,0,94,60,1529,99,245,51,1,1,1100,8,3,0,0
115.725290,0,1,94,60,1529,99,245,51,1,1,1100,8,4,0,0
115.729857,0,0,94,60,1529,99,245,51,1,1,1100,8,4,0,0
115.734365,0,0,94,60,1529,99,245,51,1,1,1100,8,4,0,0
115.746339,0,1,94,60,1529,99,245,51,1,1,1099,9,4,0,0
115.750499,0,1,94,60,1529,99,245,51,1,1,1099,9,3,0,0
115.757543,0,0,94,60,1529,99,245,51,1,1,1099,9,3,0,0
115.762053,0,0,94,60,1529,99,245,51,1,1,1099,9,3,0,0
115.766563,0,0,94,60,1529,99,245,51,1,1,1099,9,3,0,0
115.777130,0,1,94,60,1529,99,245,51,1,1,1100,9,3,0,0
115.781630,0,0,94,60,1529,99,245,51,1,1,1100,9,3,0,0
115.788412,1,0,94,60,1529,99,245,50,1,1,1100,9,3,0,0
115.790295,0,0,94,60,1529,99,245,50,1,1,1100,9,3,0,0
115.794815,0,1,94,60,1529,99,245,50,0,1,1100,9,3,0,0
115.808176,0,1,94,60,1529,99,245,50,0,1,1099,9,3,0,0
115.818190,0,0,94,60,1529,99,245,50,0,1,1099,9,3,0,0
115.823053,0,0,94,60,1529,99,245,50,0,1,1099,9,3,0,0
115.827555,0,1,94,60,1529,99,245,50,1,1,1099,9,3,0,0
115.839109,0,1,94,60,1529,99,245,50,1,1,1099,8,3,0,0
115.843324,1,1,94,60,1529,99,245,51,1,1,1099,8,3,1,0
115.850345,0,0,94,60,1529,99,245,51,1,1,1099,8,3,1,0
115.854875,0,0,94,60,1529,99,245,51,1,1,1099,8,3,1,0
115.859436,0,1,94,60,1529,99,245,51,1,2,1099,9,3,1,0
115.871259,0,1,94,60,1529,99,245,51,1,2,1099,9,3,0,0
115.881438,0,0,94,60,1529,99,245,51,1,2,1099,9,3,0,0
115.887443,0,1,94,60,1529,99,245,51,1,1,1099,9,3,0,0
115.901537,0,1,94,60,1529,99,245,51,1,1,1100,8,4,0,0
115.912876,0,1,94,60,1529,99,245,51,1,1,1100,8,4,1,0
115.918712,0,1,94,60,1529,99,245,51,1,1,1099,8,4,1,0
115.933635,1,1,94,60,1529,99,245,50,1,1,1099,8,3,0,0
115.943837,0,0,94,60,1529,99,245,50,1,1,1099,8,3,0,0
115.949704,0,1,94,60,1529,99,245,50,1,1,1099,9,3,0,0
115.963341,0,0,94,60,1529,99,245,50,1,1,1099,9,3,0,0
115.973021,0,0,94,60,1529,99,245,50,1,1,1099,9,3,0,0
115.977104,0,0,94,60,1529,99,245,50,1,1,1099,9,3,0,0
115.981185,0,1,94,60,1529,99,245,50,1,1,1099,8,3,0,0
115.994477,0,0,94,60,1529,99,245,50,1,1,1099,8,3,0,0
116.004217,0,0,94,60,1529,99,245,50,1,1,1099,8,3,0,0
116.008639,0,1,94,60,1529,99,245,50,1,1,1100,8,3,0,0
116.012765,1,1,94,60,1529,98,245,50,1,1,1100,9,3,0,0
116.025044,1,0,94,60,1529,98,245,51,1,1,1100,9,3,0,0
116.029107,0,0,94,60,1529,98,245,51,1,1,1100,9,3,0,0
116.036236,0,0,94,60,1529,98,245,51,1,1,1100,9,3,0,0
116.040347,0,0,94,60,1529,98,245,51,1,1,1100,9,3,0,0
116.044475,0,0,94,60,1529,98,245,51,1,1,1100,9,3,0,0
116.056198,0,0,94,60,1529,98,245,51,1,1,1100,9,3,0,0
116.060293,0,1,94,60,1529,98,245,51,0,1,1100,9,3,0,0
116.067389,0,0,94,60,1529,98,245,51,0,1,1100,9,3,0,0
116.071492,0,1,94,60,1529,98,245,51,0,1,1100,8,3,0,0
116.075611,0,1,94,60,1529,98,245,51,0,1,1100,8,3,1,0
116.087093,0,0,94,60,1529,98,245,51,0,1,1100,8,3,1,0
116.347997,1,1,94,60,1529,99,245,51,0,1,1099,8,3,0,0
116.353173,0,0,94,60,1529,99,245,51,0,1,1099,8,3,0,0
116.366700,0,1,94,60,1529,99,245,51,0,1,1100,8,3,0,0
116.376384,0,1,94,60,1529,99,245,51,0,1,1100,8,3,1,0
116.380508,0,0,94,60,1529,99,245,51,0,1,1100,8,3,1,0
116.385017,0,1,94,60,1529,99,245,51,1,1,1100,8,3,1,0
116.397598,0,1,94,60,1529,99,245,51,1,1,1099,8,3,1,0
116.407158,0,0,94,60,1529,99,245,51,1,1,1099,8,3,1,0
116.412064,0,0,94,60,1529,99,245,51,1,1,1099,8,3,1,0
116.416575,0,0,94,60,1529,99,245,51,1,1,1099,8,3,1,0
116.428673,0,0,94,60,1529,99,245,51,1,1,1099,8,3,1,0
116.438180,0,0,94,60,1529,99,245,51,1,1,1099,8,3,1,0
116.442808,0,0,94,60,1529,99,245,51,1,1,1099,8,3,1,0
116.447746,0,1,94,60,1529,99,245,51,0,1,1099,8,3,1,0
116.459543,0,0,94,60,1529,99,245,51,0,1,1099,8,3,1,0
116.469542,0,1,94,60,1529,99,245,51,0,1,1099,8,3,0,0
116.474062,0,0,94,60,1529,99,245,51,0,1,1099,8,3,0,0
116.478243,0,1,94,60,1529,99,245,51,1,1,1099,8,3,0,0
116.490604,0,0,94,60,1529,99,245,51,1,1,1099,8,3,0,0
116.500159,0,1,94,60,1529,99,245,51,1,1,1099,8,3,1,0
116.503036,0,0,94,60,1529,99,245,51,1,1,1099,8,3,1,0
116.507914,0,0,94,60,1529,99,245,51,1,1,1099,8,3,1,0
116.521265,0,1,94,60,1529,99,245,51,1,1,1099,9,3,1,0
116.525488,0,1,94,60,1529,99,245,51,1,1,1099,9,3,0,0
116.532867,0,0,94,60,1529,99,245,51,1,1,1099,9,3,0,0
116.537407,0,0,94,60,1529,99,245,51,1,1,1099,9,3,0,0
116.541525,0,1,94,60,1529,99,245,51,1,1,1099,8,3,0,0
116.552846,1,1,94,60,1529,98,245,51,1,1,1099,8,4,1,0
116.562496,1,0,94,60,1529,98,245,50,1,1,1099,8,4,1,0
116.567017,0,0,94,60,1529,98,245,50,1,1,1099,8,4,1,0
116.571247,0,1,94,60,1529,98,245,50,1,1,1099,9,4,1,0
116.584003,0,1,94,60,1529,98,245,50,1,1,1099,9,3,1,0
116.593333,0,0,94,60,1529,98,245,50,1,1,1099,9,3,1,0
116.597457,0,1,94,60,1529,98,245,50,0,1,1099,9,3,1,0
116.601508,0,1,94,60,1529,98,245,50,0,1,1099,8,3,1,0
116.614555,0,0,94,60,1529,98,245,50,0,1,1099,8,3,1,0
116.618647,0,0,94,60,1529,98,245,50,0,1,1099,8,3,1,0
116.625689,0,0,94,60,1529,98,245,50,0,1,1099,8,3,1,0
116.629768,0,1,94,60,1529,98,245,50,0,1,1100,8,3,1,0
116.633829,1,0,94,60,1529,99,245,50,0,1,1100,8,3,1,0
116.645194,1,0,94,60,1529,99,245,51,0,1,1100,8,3,1,0
116.649275,0,0,94,60,1529,99,245,51,0,1,1100,8,3,1,0
116.657068,0,0,94,60,1529,99,245,51,0,1,1100,8,3,1,0
116.661705,0,0,94,60,1529,99,245,51,0,1,1100,8,3,1,0
116.675077,0,0,94,60,1529,99,245,51,0,1,1100,8,3,1,0
116.679205,0,0,94,60,1529,99,245,51,0,1,1100,8,3,1,0
116.688096,0,0,94,60,1529,99,245,51,0,1,1100,8,3,1,0
116.692213,0,1,94,60,1529,99,245,51,0,1,1099,8,3,1,0
116.696273,0,1,94,60,1529,99,245,51,0,1,1099,8,3,0,0
116.707519,0,0,94,60,1529,99,245,51,0,1,1099,8,3,0,0
116.711664,0,0,94,60,1529,99,245,51,0,1,1099,8,3,0,0
116.718952,0,0,94,60,1529,99,245,51,0,1,1099,8,3,0,0
116.723031,0,1,94,60,1529,99,245,51,0,1,1100,8,3,0,0
116.727131,0,0,94,60,1529,99,245,51,0,1,1100,8,3,0,0
116.738336,0,0,94,60,1529,99,245,51,0,1,1100,8,3,0,0
116.742482,0,0,94,60,1529,99,245,51,0,1,1100,8,3,0,0
116.750151,0,1,94,60,1529,99,245,51,0,1,1099,8,3,0,0
116.754675,0,0,94,60,1529,99,245,51,0,1,1099,8,3,0,0
116.768168,0,0,94,60,1529,99,245,51,0,1,1099,8,3,0,0
116.772683,0,0,94,60,1529,99,245,51,0,1,1099,8,3,0,0
116.780414,0,1,94,60,1529,99,245,51,1,1,1100,8,3,0,0
116.784917,0,0,94,60,1529,99,245,51,1,1,1100,8,3,0,0
116.789090,0,0,94,60,1529,99,245,51,1,1,1100,8,3,0,0
116.800747,0,0,94,60,1529,99,245,51,1,1,1100,8,3,0,0
117.065771,1,1,94,60,1529,99,245,50,0,1,1099,9,4,0,0
117.079127,0,0,94,60,1529,99,245,50,0,1,1099,9,4,0,0
117.083673,0,1,94,60,1529,99,245,50,0,1,1099,8,4,0,0
117.090935,1,0,94,60,1529,99,245,51,0,1,1099,8,4,0,0
117.096091,0,1,94,60,1529,99,245,51,1,1,1099,8,4,0,0
117.110136,0,0,94,60,1529,99,245,51,1,1,1099,8,4,0,0
117.115008,0,0,94,60,1529,99,245,51,1,1,1099,8,4,0,0
117.122304,0,0,94,60,1529,99,245,51,1,1,1099,8,4,0,0
117.126495,0,0,94,60,1529,99,245,51,1,1,1099,8,4,0,0
117.130683,0,0,94,60,1529,99,245,51,1,1,1099,8,4,0,0
117.141865,0,1,94,60,1529,99,245,51,1,1,1099,8,3,0,0
117.151379,0,1,94,60,1529,99,245,51,1,1,1099,8,3,1,0
117.155556,0,1,94,60,1529,99,245,51,0,1,1099,8,3,1,0
117.159761,0,0,94,60,1529,99,245,51,0,1,1099,8,3,1,0
117.173162,0,1,94,60,1529,99,245,51,0,1,1099,8,3,0,0
117.182691,0,0,94,60,1529,99,245,51,0,1,1099,8,3,0,0
117.186894,0,1,94,60,1529,99,245,51,1,1,1099,8,3,0,0
117.191528,0,0,94,60,1529,99,245,51,1,1,1099,8,3,0,0
117.203759,0,1,94,60,1529,99,245,51,1,1,1099,8,3,1,0
117.213522,0,0,94,60,1529,99,245,51,1,1,1099,8,3,1,0
117.218050,0,1,94,60,1529,99,245,51,0,1,1099,8,3,1,0
117.220295,0,0,94,60,1529,99,245,51,0,1,1099,8,3,1,0
117.233744,0,0,94,60,1529,99,245,51,0,1,1099,8,3,1,0
117.237814,1,0,94,60,1529,99,245,50,0,1,1099,8,3,1,0
117.245474,0,0,94,60,1529,99,245,50,0,1,1099,8,3,1,0
117.249773,0,0,94,60,1529,99,245,50,0,1,1099,8,3,1,0
117.254266,0,1,94,60,1529,99,245,50,0,1,1099,8,4,1,0
117.265770,0,0,94,60,1529,99,245,50,0,1,1099,8,4,1,0
117.275286,0,0,94,60,1529,99,245,50,0,1,1099,8,4,1,0
117.279820,0,0,94,60,1529,99,245,50,0,1,1099,8,4,1,0
117.283906,0,1,94,60,1529,99,245,50,0,1,1099,8,3,1,0
117.297171,0,0,94,60,1529,99,245,50,0,1,1099,8,3,1,0
117.306685,0,0,94,60,1529,99,245,50,0,1,1099,8,3,1,0
117.310725,0,0,94,60,1529,99,245,50,0,1,1099,8,3,1,0
117.315209,0,1,94,60,1529,99,245,50,0,1,1099,8,4,0,0
117.327352,0,0,94,60,1529,99,245,50,0,1,1099,8,4,0,0
117.331461,0,0,94,60,1529,99,245,50,0,1,1099,8,4,0,0
117.338600,0,0,94,60,1529,99,245,50,0,1,1099,8,4,0,0
117.342737,0,0,94,60,1529,99,245,50,0,1,1099,8,4,0,0
117.347220,1,1,94,60,1529,99,245,51,0,1,1099,8,3,0,0
117.358788,0,0,94,60,1529,99,245,51,0,1,1099,8,3,0,0
117.368347,0,0,94,60,1529,99,245,51,0,1,1099,8,3,0,0
117.372484,0,0,94,60,1529,99,245,51,0,1,1099,8,3,0,0
117.376802,0,0,94,60,1529,99,245,51,0,1,1099,8,3,0,0
117.390140,0,0,94,60,1529,99,245,51,0,1,1099,8,3,0,0
117.399787,0,0,94,60,1529,99,245,51,0,1,1099,8,3,0,0
117.403932,0,0,94,60,1529,99,245,51,0,1,1099,8,3,0,0
117.408118,0,1,94,60,1529,99,245,51,0,1,1099,8,4,1,0
117.420587,0,0,94,60,1529,99,245,51,0,1,1099,8,4,1,0
117.425077,0,0,94,60,1529,99,245,51,0,1,1099,8,4,1,0
117.431842,0,0,94,60,1529,99,245,51,0,1,1099,8,4,1,0
117.436323,0,0,94,60,1529,99,245,51,0,1,1099,8,4,1,0
117.441111,0,0,94,60,1529,99,245,51,0,1,1099,8,4,1,0
117.452091,0,0,94,60,1529,99,245,51,0,1,1099,8,4,1,0
117.461379,0,0,94,60,1529,99,245,51,0,1,1099,8,4,1,0
117.466251,0,0,94,60,1529,99,245,51,0,1,1099,8,4,1,0
117.471397,0,0,94,60,1529,99,245,51,0,1,1099,8,4,1,0
117.483264,0,0,94,60,1529,99,245,51,0,1,1099,8,4,1,0
117.492941,0,0,94,60,1529,99,245,51,0,1,1099,8,4,1,0
117.497133,0,0,94,60,1529,99,245,51,0,1,1099,8,4,1,0
117.501401,0,0,94,60,1529,99,245,51,0,1,1099,8,4,1,0
117.514130,0,0,94,60,1529,99,245,51,0,1,1099,8,4,1,0
117.523605,0,0,94,60,1529,99,245,51,0,1,1099,8,4,1,0
117.780527,1,1,94,60,1536,99,245,51,0,1,1162,8,4,0,74
117.793714,1,1,94,60,1531,99,245,51,0,1,1116,8,3,0,395
117.803067,0,0,94,60,1531,99,245,51,0,1,1116,8,3,0,395
117.807888,0,0,94,60,1531,99,245,51,0,1,1116,8,3,0,395
117.812049,1,1,94,60,1535,99,245,51,0,1,1159,8,3,0,0
117.823547,0,1,94,60,1535,99,245,51,0,1,1159,8,4,0,0
117.827754,0,0,94,60,1535,99,245,51,0,1,1159,8,4,0,0
117.835156,0,0,94,60,1535,99,245,51,0,1,1159,8,4,0,0
117.839337,0,0,94,60,1535,99,245,51,0,1,1159,8,4,0,0
117.843861,1,1,94,60,1531,99,245,51,0,1,1131,8,4,0,0
117.855242,0,0,94,60,1531,99,245,51,0,1,1131,8,4,0,0
117.865242,0,0,94,60,1531,99,245,51,0,1,1131,8,4,0,0
117.871458,0,0,94,60,1531,99,245,51,0,1,1131,8,4,0,0
117.885450,0,1,94,60,1531,99,245,51,0,1,1118,8,3,0,0
117.895677,0,0,94,60,1531,99,245,51,0,1,1118,8,3,0,0
117.900577,0,1,94,60,1531,99,245,51,0,2,1118,8,3,0,0
117.905026,0,1,94,60,1531,99,245,51,0,2,1114,8,3,0,0
117.917299,1,0,94,60,1531,99,245,50,0,2,1114,8,3,0,0
117.926607,0,0,94,60,1531,99,245,50,0,2,1114,8,3,0,0
117.931097,0,1,94,60,1531,99,245,50,1,1,1114,8,3,0,0
117.935236,0,1,94,60,1531,99,245,50,1,1,1111,8,3,0,0
117.947554,0,0,94,60,1531,99,245,50,1,1,1111,8,3,0,0
117.951678,0,0,94,60,1531,99,245,50,1,1,1111,8,3,0,0
117.958885,0,0,94,60,1531,99,245,50,1,1,1111,8,3,0,0
117.962953,0,1,94,60,1531,99,245,50,0,1,1111,8,3,0,0
117.967107,0,0,94,60,1531,99,245,50,0,1,1111,8,3,0,0
117.978919,0,0,94,60,1531,99,245,50,0,1,1111,8,3,0,0
117.988410,0,0,94,60,1531,99,245,50,0,1,1111,8,3,0,0
117.992486,0,1,94,60,1531,99,245,50,0,1,1110,8,3,0,0
117.996524,0,1,94,60,1531,99,245,50,0,1,1110,8,4,0,0
117.998416,1,0,94,60,1531,99,245,51,0,1,1110,8,4,0,0
118.009649,0,0,94,60,1531,99,245,51,0,1,1110,8,4,0,0
118.013783,0,0,94,60,1531,99,245,51,0,1,1110,8,4,0,0
118.020736,0,0,94,60,1531,99,245,51,0,1,1110,8,4,0,0
118.025635,0,0,94,60,1531,99,245,51,0,1,1110,8,4,0,0
118.029818,0,0,94,60,1531,99,245,51,0,1,1110,8,4,0,0
118.041116,0,0,94,60,1531,99,245,51,0,1,1110,8,4,0,0
118.050752,0,0,94,60,1531,99,245,51,0,1,1110,8,4,0,0
118.055244,0,0,94,60,1531,99,245,51,0,1,1110,8,4,0,0
118.060132,0,0,94,60,1531,99,245,51,0,1,1110,8,4,0,0
118.072305,0,0,94,60,1531,99,245,51,0,1,1110,8,4,0,0
118.081721,0,0,94,60,1531,99,245,51,0,1,1110,8,4,0,0
118.085910,0,1,94,60,1531,99,245,51,0,1,1110,8,3,0,0
118.090471,1,0,94,60,1531,99,245,50,0,1,1110,8,3,0,0
118.102951,0,0,94,60,1531,99,245,50,0,1,1110,8,3,0,0
118.112510,0,1,94,60,1531,99,245,50,0,1,1109,8,3,0,0
118.117118,0,1,94,60,1531,99,245,50,0,1,1109,8,4,0,0
118.121276,0,0,94,60,1531,99,245,50,0,1,1109,8,4,0,0
118.134279,0,0,94,60,1531,99,245,50,0,1,1109,8,4,0,0
118.143874,0,1,94,60,1531,99,245,50,0,2,1109,8,4,0,0
118.148689,0,0,94,60,1531,99,245,50,0,2,1109,8,4,0,0
118.152863,0,0,94,60,1531,99,245,50,0,2,1109,8,4,0,0
118.165327,0,0,94,60,1531,99,245,50,0,2,1109,8,4,0,0
118.174744,0,1,94,60,1531,99,245,50,0,1,1109,8,4,0,0
118.179635,0,0,94,60,1531,99,245,50,0,1,1109,8,4,0,0
118.184121,0,0,94,60,1531,99,245,50,0,1,1109,8,4,0,0
118.195993,0,0,94,60,1531,99,245,50,0,1,1109,8,4,0,0
118.205525,0,0,94,60,1531,99,245,50,0,1,1109,8,4,0,0
118.209746,0,0,94,60,1531,99,245,50,0,1,1109,8,4,0,0
118.214599,0,0,94,60,1531,99,245,50,0,1,1109,8,4,0,0
118.226919,0,0,94,60,1531,99,245,50,0,1,1109,8,4,0,0
118.236738,0,0,94,60,1531,99,245,50,0,1,1109,8,4,0,0
118.241272,0,1,94,60,1531,99,245,50,0,1,1109,8,3,0,0
118.245442,0,0,94,60,1531,99,245,50,0,1,1109,8,3,0,0
118.257988,0,0,94,60,1531,99,245,50,0,1,1109,8,3,0,0
118.267592,0,0,94,60,1531,99,245,50,0,1,1109,8,3,0,0
118.272161,0,0,94,60,1531,99,245,50,0,1,1109,8,3,0,0
118.277576,0,0,94,60,1531,99,245,50,0,1,1109,8,3,0,0
118.290542,0,0,94,60,1531,99,245,50,0,1,1109,8,3,0,0
118.300474,0,0,94,60,1531,99,245,50,0,1,1109,8,3,0,0
118.568041,1,1,94,60,1529,98,245,51,0,1,1108,8,4,0,0
118.572186,0,0,94,60,1529,98,245,51,0,1,1108,8,4,0,0
118.579069,0,0,94,60,1529,98,245,51,0,1,1108,8,4,0,0
118.583181,0,1,94,60,1529,98,245,51,0,0,1108,8,4,0,0
118.587312,0,0,94,60,1529,98,245,51,0,0,1108,8,4,0,0
118.598617,1,0,94,60,1529,98,245,50,0,0,1108,8,4,0,0
118.602660,0,0,94,60,1529,98,245,50,0,0,1108,8,4,0,0
118.610681,0,0,94,60,1529,98,245,50,0,0,1108,8,4,0,0
118.614761,0,1,94,60,1529,98,245,50,0,1,1108,8,4,0,0
118.618837,0,1,94,60,1529,98,245,50,0,1,1108,8,3,0,0
118.629737,0,0,94,60,1529,98,245,50,0,1,1108,8,3,0,0
118.633857,0,0,94,60,1529,98,245,50,0,1,1108,8,3,0,0
118.640922,0,0,94,60,1529,98,245,50,0,1,1108,8,3,0,0
118.645071,0,0,94,60,1529,98,245,50,0,1,1108,8,3,0,0
118.649164,1,0,94,60,1529,100,245,50,0,1,1108,8,3,0,0
118.661499,0,0,94,60,1529,100,245,50,0,1,1108,8,3,0,0
118.670854,0,0,94,60,1529,100,245,50,0,1,1108,8,3,0,0
118.675366,0,1,94,60,1529,100,245,50,0,0,1109,8,3,0,0
118.680196,1,1,94,60,1529,99,245,50,0,0,1109,9,3,0,0
118.692386,0,0,94,60,1529,99,245,50,0,0,1109,9,3,0,0
118.702114,0,0,94,60,1529,99,245,50,0,0,1109,9,3,0,0
118.707081,0,1,94,60,1529,99,245,50,0,1,1109,9,3,0,0
118.721843,0,1,94,60,1529,99,245,50,0,1,1109,8,2,0,0
118.725631,1,0,94,60,1529,99,245,51,0,1,1109,8,2,0,0
118.735375,0,0,94,60,1529,99,245,51,0,1,1109,8,2,0,0
118.741414,0,1,94,60,1529,99,245,51,0,1,1108,8,3,0,0
118.755178,0,0,94,60,1529,99,245,51,0,1,1108,8,3,0,0
118.765319,0,0,94,60,1529,99,245,51,0,1,1108,8,3,0,0
118.770395,1,0,94,60,1529,98,245,51,0,1,1108,8,3,0,0
118.783781,0,0,94,60,1529,98,245,51,0,1,1108,8,3,0,0
118.787969,0,0,94,60,1529,98,245,51,0,1,1108,8,3,0,0
118.796104,0,1,94,60,1529,98,245,51,0,1,1109,8,3,0,0
118.800611,1,1,94,60,1529,99,245,51,0,1,1109,9,3,0,0
118.804817,0,1,94,60,1529,99,245,51,0,1,1109,9,3,1,0
118.816416,0,0,94,60,1529,99,245,51,0,1,1109,9,3,1,0
118.825811,0,0,94,60,1529,99,245,51,0,1,1109,9,3,1,0
118.830707,0,0,94,60,1529,99,245,51,0,1,1109,9,3,1,0
118.835225,1,0,94,60,1529,99,245,50,0,1,1109,9,3,1,0
118.847089,0,0,94,60,1529,99,245,50,0,1,1109,9,3,1,0
118.856683,0,1,94,60,1529,99,245,50,0,2,1109,9,3,1,0
118.860835,0,1,94,60,1529,99,245,50,0,2,1108,8,3,1,0
118.865401,0,0,94,60,1529,99,245,50,0,2,1108,8,3,1,0
118.877737,0,0,94,60,1529,99,245,50,0,2,1108,8,3,1,0
118.881867,0,0,94,60,1529,99,245,50,0,2,1108,8,3,1,0
118.889202,0,1,94,60,1529,99,245,50,0,2,1108,9,3,1,0
118.893707,0,0,94,60,1529,99,245,50,0,2,1108,9,3,1,0
118.898174,0,0,94,60,1529,99,245,50,0,2,1108,9,3,1,0
118.909403,0,0,94,60,1529,99,245,50,0,2,1108,9,3,1,0
118.918782,0,1,94,60,1529,99,245,50,0,2,1108,8,3,1,0
118.923280,1,0,94,60,1529,99,245,51,0,2,1108,8,3,1,0
118.927805,0,0,94,60,1529,99,245,51,0,2,1108,8,3,1,0
118.939789,0,0,94,60,1529,99,245,51,0,2,1108,8,3,1,0
118.943996,0,1,94,60,1529,99,245,51,0,1,1108,8,3,1,0
118.951073,0,0,94,60,1529,99,245,51,0,1,1108,8,3,1,0
118.955616,0,0,94,60,1529,99,245,51,0,1,1108,8,3,1,0
118.959773,0,0,94,60,1529,99,245,51,0,1,1108,8,3,1,0
118.971501,0,0,94,60,1529,99,245,51,0,1,1108,8,3,1,0
118.981209,0,1,94,60,1529,99,245,51,0,1,1108,9,3,1,0
118.986139,0,1,94,60,1529,99,245,51,0,1,1108,9,3,0,0
118.990317,0,0,94,60,1529,99,245,51,0,1,1108,9,3,0,0
119.001806,0,0,94,60,1529,99,245,51,0,1,1108,9,3,0,0
119.011861,0,1,94,60,1529,99,245,51,0,1,1108,8,3,0,0
119.016461,0,1,94,60,1529,99,245,51,0,1,1108,8,3,1,0
119.021528,0,0,94,60,1529,99,245,51,0,1,1108,8,3,1,0
119.283947,1,1,94,60,1535,99,245,51,0,0,1269,8,4,0,0
119.292636,0,0,94,60,1535,99,245,51,0,0,1269,8,4,0,0
119.297442,0,1,94,60,1535,99,245,51,0,0,1307,8,4,0,323
119.310849,1,0,94,60,1538,100,245,51,0,0,1307,8,4,0,323
119.316258,1,0,94,60,1538,100,245,50,0,0,1307,8,4,0,323
119.323322,0,0,94,60,1538,100,245,50,0,0,1307,8,4,0,323
119.327510,1,1,94,60,1540,100,245,50,0,0,1343,8,4,0,306
119.331754,1,0,94,60,1540,99,245,50,0,0,1343,8,4,0,306
119.343181,0,0,94,60,1540,99,245,50,0,0,1343,8,4,0,306
119.353012,0,0,94,60,1540,99,245,50,0,0,1343,8,4,0,306
119.357513,0,1,94,60,1540,99,245,50,0,0,1341,8,4,0,304
119.362010,1,0,94,60,1540,98,245,50,0,0,1341,8,4,0,304
119.374550,0,0,94,60,1540,98,245,50,0,0,1341,8,4,0,304
119.383890,0,0,94,60,1540,98,245,50,0,0,1341,8,4,0,304
119.388120,1,0,94,60,1540,99,245,50,0,0,1341,8,4,0,304
119.392631,0,0,94,60,1540,99,245,50,0,0,1341,8,4,0,304
119.405223,0,0,94,60,1540,99,245,50,0,0,1341,8,4,0,304
119.414833,0,0,94,60,1540,99,245,50,0,0,1341,8,4,0,304
119.419306,0,1,94,60,1540,99,245,50,0,0,1339,8,4,0,303
119.424207,1,0,94,60,1540,99,245,51,0,0,1339,8,4,0,303
119.436619,0,0,94,60,1540,99,245,51,0,0,1339,8,4,0,303
119.446281,0,0,94,60,1540,99,245,51,0,0,1339,8,4,0,303
119.451970,1,0,94,60,1540,98,245,51,0,0,1339,8,4,0,303
119.456237,0,0,94,60,1540,98,245,51,0,0,1339,8,4,0,303
119.467903,0,0,94,60,1540,98,245,51,0,0,1339,8,4,0,303
119.477888,0,1,94,60,1540,98,245,51,0,1,1339,8,4,0,303
119.480815,0,1,94,60,1540,98,245,51,0,1,1338,8,4,0,297
119.485753,1,0,94,60,1540,99,245,51,0,1,1338,8,4,0,297
119.499193,0,0,94,60,1540,99,245,51,0,1,1338,8,4,0,297
119.509402,0,1,94,60,1540,99,245,51,0,0,1338,8,4,0,297
119.514823,1,1,94,60,1540,98,245,51,0,0,1338,8,3,0,298
119.528917,0,0,94,60,1540,98,245,51,0,0,1338,8,3,0,298
119.539419,0,0,94,60,1540,98,245,51,0,0,1338,8,3,0,303
119.545357,1,1,94,60,1540,99,245,51,0,0,1338,8,4,0,303
119.560251,0,0,94,60,1540,99,245,51,0,0,1338,8,4,0,303
119.571294,0,1,94,60,1540,99,245,51,0,0,1337,8,4,0,306
119.577168,0,0,94,60,1540,99,245,51,0,0,1337,8,4,0,306
119.591234,0,0,94,60,1540,99,245,51,0,0,1337,8,4,0,306
119.602240,0,0,94,60,1540,99,245,51,0,0,1337,8,4,0,301
119.608109,0,1,94,60,1540,99,245,51,0,0,1337,8,3,0,301
119.622291,0,0,94,60,1540,99,245,51,0,0,1337,8,3,0,301
119.633600,0,0,94,60,1540,99,245,51,0,0,1337,8,3,0,301
119.639561,0,1,94,60,1540,99,245,51,0,0,1337,8,4,0,301
119.654401,0,0,94,60,1540,99,245,51,0,0,1337,8,4,0,306
119.665503,0,0,94,60,1540,99,245,51,0,0,1337,8,4,0,306
119.671453,0,0,94,60,1540,99,245,51,0,0,1337,8,4,0,306
119.685447,0,0,94,60,1540,99,245,51,0,0,1337,8,4,0,306
119.696645,1,0,94,60,1540,100,245,51,0,0,1337,8,4,0,304
119.702488,0,0,94,60,1540,100,245,51,0,0,1337,8,4,0,304
119.716579,0,0,94,60,1540,100,245,51,0,0,1337,8,4,0,298
119.727179,1,1,94,60,1540,99,245,51,0,0,1336,8,4,0,298
119.732034,0,0,94,60,1540,99,245,51,0,0,1336,8,4,0,298
119.745252,0,0,94,60,1540,99,245,51,0,0,1336,8,4,0,298
119.749476,0,0,94,60,1540,99,245,51,0,0,1336,8,4,0,299
119.757515,0,0,94,60,1540,99,245,51,0,0,1336,8,4,0,299
119.762016,0,0,94,60,1540,99,245,51,0,0,1336,8,4,0,299
119.766196,0,0,94,60,1540,99,245,51,0,0,1336,8,4,0,299
119.777424,0,0,94,60,1540,99,245,51,0,0,1336,8,4,0,301
120.041850,1,1,94,60,1529,99,245,50,0,1,1091,8,2,0,0
120.055872,1,1,94,60,1529,99,245,51,0,1,1091,8,3,1,0
120.065919,0,0,94,60,1529,99,245,51,0,1,1091,8,3,1,0
120.070810,0,1,94,60,1529,99,245,51,0,2,1091,9,3,1,0
120.075319,0,0,94,60,1529,99,245,51,0,2,1091,9,3,1,0
120.087733,0,0,94,60,1529,99,245,51,0,2,1091,9,3,1,0
120.097354,0,1,94,60,1529,99,245,51,0,1,1091,9,3,1,0
120.101546,0,1,94,60,1529,99,245,51,0,1,1090,8,2,1,0
120.105703,0,0,94,60,1529,99,245,51,0,1,1090,8,2,1,0
120.118718,0,0,94,60,1529,99,245,51,0,1,1090,8,2,1,0
120.128010,0,0,94,60,1529,99,245,51,0,1,1090,8,2,1,0
120.132251,0,1,94,60,1529,99,245,51,0,1,1090,9,3,1,0
120.136381,0,0,94,60,1529,99,245,51,0,1,1090,9,3,1,0
120.149741,0,0,94,60,1529,99,245,51,0,1,1090,9,3,1,0
120.159179,0,0,94,60,1529,99,245,51,0,1,1090,9,3,1,0
120.163775,0,0,94,60,1529,99,245,51,0,1,1090,9,3,1,0
120.167922,0,0,94,60,1529,99,245,51,0,1,1090,9,3,1,0
120.180342,0,0,94,60,1529,99,245,51,0,1,1090,9,3,1,0
120.190138,0,0,94,60,1529,99,245,51,0,1,1090,9,3,1,0
120.194271,0,0,94,60,1529,99,245,51,0,1,1090,9,3,1,0
120.196143,0,0,94,60,1529,99,245,51,0,1,1090,9,3,1,0
120.200259,0,0,94,60,1529,99,245,51,0,1,1090,9,3,1,0
120.211089,0,0,94,60,1529,99,245,51,0,1,1090,9,3,1,0
120.215172,0,1,94,60,1529,99,245,51,0,1,1089,9,3,1,0
120.222265,0,1,94,60,1529,99,245,51,0,1,1089,8,3,1,0
120.227110,0,1,94,60,1529,99,245,51,0,1,1089,8,2,1,0
120.240854,0,0,94,60,1529,99,245,51,0,1,1089,8,2,1,0
120.245402,0,0,94,60,1529,99,245,51,0,1,1089,8,2,1,0
120.253761,0,1,94,60,1529,99,245,51,0,1,1090,8,3,0,0
120.258573,0,0,94,60,1529,99,245,51,0,1,1090,8,3,0,0
120.271864,0,0,94,60,1529,99,245,51,0,1,1090,8,3,0,0
120.276797,0,0,94,60,1529,99,245,51,0,1,1090,8,3,0,0
120.284501,0,1,94,60,1529,99,245,51,0,1,1090,8,3,1,0
120.289507,0,0,94,60,1529,99,245,51,0,1,1090,8,3,1,0
120.303013,0,0,94,60,1529,99,245,51,0,1,1090,8,3,1,0
120.307574,0,0,94,60,1529,99,245,51,0,1,1090,8,3,1,0
120.315588,0,0,94,60,1529,99,245,51,0,1,1090,8,3,1,0
120.320082,0,0,94,60,1529,99,245,51,0,1,1090,8,3,1,0
120.333850,0,0,94,60,1529,99,245,51,0,1,1090,8,3,1,0
120.338377,0,0,94,60,1529,99,245,51,0,1,1090,8,3,1,0
120.346271,1,0,94,60,1529,99,245,50,0,1,1090,8,3,1,0
120.350752,0,0,94,60,1529,99,245,50,0,1,1090,8,3,1,0
120.355227,0,0,94,60,1529,99,245,50,0,1,1090,8,3,1,0
120.366124,0,0,94,60,1529,99,245,50,0,1,1090,8,3,1,0
120.370282,0,0,94,60,1529,99,245,50,0,1,1090,8,3,1,0
120.377586,0,0,94,60,1529,99,245,50,0,1,1090,8,3,1,0
120.381772,0,0,94,60,1529,99,245,50,0,1,1090,8,3,1,0
120.385930,0,0,94,60,1529,99,245,50,0,1,1090,8,3,1,0
120.397395,0,0,94,60,1529,99,245,50,0,1,1090,8,3,1,0
120.407234,0,0,94,60,1529,99,245,50,0,1,1090,8,3,1,0
120.412270,0,0,94,60,1529,99,245,50,0,1,1090,8,3,1,0
120.416387,0,0,94,60,1529,99,245,50,0,1,1090,8,3,1,0
120.428039,0,0,94,60,1529,99,245,50,0,1,1090,8,3,1,0
120.432153,1,1,94,60,1529,100,245,50,0,1,1090,9,3,1,0
120.439508,1,0,94,60,1529,100,245,51,0,1,1090,9,3,1,0
120.443613,0,0,94,60,1529,100,245,51,0,1,1090,9,3,1,0
120.447747,0,0,94,60,1529,100,245,51,0,1,1090,9,3,1,0
120.459032,0,0,94,60,1529,100,245,51,0,1,1090,9,3,1,0
120.463114,1,0,94,60,1529,99,245,51,0,1,1090,9,3,1,0
120.470452,0,0,94,60,1529,99,245,51,0,1,1090,9,3,1,0
120.474576,0,0,94,60,1529,99,245,51,0,1,1090,9,3,1,0
120.478683,0,0,94,60,1529,99,245,51,0,1,1090,9,3,1,0
120.490127,0,1,94,60,1529,99,245,51,0,1,1090,8,3,1,0
120.494314,0,0,94,60,1529,99,245,51,0,1,1090,8,3,1,0
120.753330,1,1,94,60,1537,98,245,51,0,1,1166,8,3,1,3
120.758062,0,0,94,60,1537,98,245,51,0,1,1166,8,3,1,3
120.769183,0,0,94,60,1537,98,245,51,0,1,1166,8,3,1,3
120.773250,0,0,94,60,1537,98,245,51,0,1,1166,8,3,1,3
120.780190,0,0,94,60,1537,98,245,51,0,1,1166,8,3,1,3
120.784230,1,1,94,60,1536,98,245,51,0,1,1164,8,3,1,275
120.788378,0,1,94,60,1536,98,245,51,0,1,1164,8,3,0,275
120.800475,0,0,94,60,1536,98,245,51,0,1,1164,8,3,0,275
120.810031,0,0,94,60,1536,98,245,51,0,1,1164,8,3,0,275
120.814225,1,1,94,60,1534,98,245,51,0,1,1128,8,3,0,89
120.818752,0,0,94,60,1534,98,245,51,0,1,1128,8,3,0,89
120.831496,0,0,94,60,1534,98,245,51,0,1,1128,8,3,0,89
120.841376,0,0,94,60,1534,98,245,51,0,1,1128,8,3,0,390
120.846225,1,1,94,60,1531,99,245,51,0,1,1102,8,3,0,390
120.850769,1,1,94,60,1531,99,245,50,0,1,1102,8,3,1,390
120.862437,0,0,94,60,1531,99,245,50,0,1,1102,8,3,1,390
120.872008,0,0,94,60,1531,99,245,50,0,1,1102,8,3,1,0
120.876172,1,1,94,60,1535,98,245,50,0,1,1146,8,3,0,0
120.880283,0,0,94,60,1535,98,245,50,0,1,1146,8,3,0,0
120.893598,0,0,94,60,1535,98,245,50,0,1,1146,8,3,0,0
120.903060,1,1,94,60,1531,98,245,50,0,1,1120,9,3,0,0
120.907239,1,1,94,60,1531,98,245,51,0,1,1120,9,3,1,0
120.911432,0,0,94,60,1531,98,245,51,0,1,1120,9,3,1,0
120.924475,0,0,94,60,1531,98,245,51,0,1,1120,9,3,1,0
120.934441,0,0,94,60,1531,98,245,51,0,1,1120,9,3,1,418
120.939309,1,1,94,60,1529,99,245,51,0,1,1104,9,3,1,418
120.943461,0,0,94,60,1529,99,245,51,0,1,1104,9,3,1,418
120.955482,0,0,94,60,1529,99,245,51,0,1,1104,9,3,1,418
120.965128,1,1,94,60,1537,99,245,51,0,1,1175,9,3,1,296
120.969345,0,0,94,60,1537,99,245,51,0,1,1175,9,3,1,296
120.973815,0,0,94,60,1537,99,245,51,0,1,1175,9,3,1,296
120.986168,0,0,94,60,1537,99,245,51,0,1,1175,9,3,1,296
120.990712,1,1,94,60,1533,99,245,51,0,1,1117,8,3,1,74
120.998015,0,0,94,60,1533,99,245,51,0,1,1117,8,3,1,74
121.002513,0,0,94,60,1533,99,245,51,0,1,1117,8,3,1,74
121.016028,0,0,94,60,1533,99,245,51,0,1,1117,8,3,1,74
121.020247,1,1,94,60,1531,99,245,51,0,1,1127,8,3,1,377
121.029525,0,0,94,60,1531,99,245,51,0,1,1127,8,3,1,377
121.035295,0,0,94,60,1531,99,245,51,0,1,1127,8,3,1,377
121.048594,0,1,94,60,1531,99,245,51,0,1,1137,8,3,1,0
121.058128,1,0,94,60,1533,99,245,51,0,1,1137,8,3,1,0
121.063485,1,0,94,60,1533,99,245,50,0,1,1137,8,3,1,0
121.067672,0,0,94,60,1533,99,245,50,0,1,1137,8,3,1,0
121.079562,1,1,94,60,1531,99,245,50,0,1,1118,8,3,1,0
121.089250,0,0,94,60,1531,99,245,50,0,1,1118,8,3,1,0
121.093419,0,0,94,60,1531,99,245,50,0,1,1118,8,3,1,0
121.097556,0,0,94,60,1531,99,245,50,0,1,1118,8,3,1,0
121.110215,1,1,94,60,1529,99,245,50,0,1,1102,8,3,1,410
121.114395,1,0,94,60,1529,99,245,51,0,1,1102,8,3,1,410
121.121984,0,0,94,60,1529,99,245,51,0,1,1102,8,3,1,410
121.126171,0,0,94,60,1529,99,245,51,0,1,1102,8,3,1,410
121.130231,0,0,94,60,1529,99,245,51,0,1,1102,8,3,1,292
121.141630,1,1,94,60,1537,99,245,51,0,1,1171,8,3,1,292
121.151142,0,0,94,60,1537,99,245,51,0,1,1171,8,3,1,292
121.155230,0,0,94,60,1537,99,245,51,0,1,1171,8,3,1,292
121.159324,0,0,94,60,1537,99,245,51,0,1,1171,8,3,1,292
121.172214,0,1,94,60,1537,99,245,51,0,1,1159,8,3,1,27
121.176347,0,0,94,60,1537,99,245,51,0,1,1159,8,3,1,27
121.183434,0,0,94,60,1537,99,245,51,0,1,1159,8,3,1,27
121.187540,0,0,94,60,1537,99,245,51,0,1,1159,8,3,1,27
121.191709,1,1,94,60,1531,99,245,51,0,1,1102,8,3,1,394
121.203992,0,1,94,60,1531,99,245,51,0,1,1102,8,3,0,394
121.213703,0,0,94,60,1531,99,245,51,0,1,1102,8,3,0,394
121.218537,0,0,94,60,1531,99,245,51,0,1,1102,8,3,0,394
121.222748,1,1,94,60,1535,99,245,51,0,1,1150,8,3,0,0
121.234560,0,1,94,60,1535,99,245,51,0,1,1150,8,3,1,0
121.244199,0,0,94,60,1535,99,245,51,0,1,1150,8,3,1,0
121.249421,0,0,94,60,1535,99,245,51,0,1,1150,8,3,1,0
121.254940,1,1,94,60,1531,99,245,51,0,1,1119,8,3,1,0
121.266954,0,0,94,60,1531,99,245,51,0,1,1119,8,3,1,0
121.277944,0,0,94,60,1531,99,245,51,0,1,1119,8,3,1,0
121.282169,1,1,94,60,1529,99,245,51,0,1,1102,9,3,1,414
121.295572,0,0,94,60,1529,99,245,51,0,1,1102,9,3,1,414
121.299758,1,0,94,60,1529,99,245,50,0,1,1102,9,3,1,414
121.307684,0,0,94,60,1529,99,245,50,0,1,1102,9,3,1,414
121.311825,1,1,94,60,1537,99,245,50,0,1,1171,8,3,1,278
121.316370,0,1,94,60,1537,99,245,50,0,1,1171,8,3,0,278
121.327342,0,0,94,60,1537,99,245,50,0,1,1171,8,3,0,278
121.337160,0,0,94,60,1537,99,245,50,0,1,1171,8,3,0,278
121.342061,0,1,94,60,1537,99,245,50,0,1,1127,8,3,0,92
121.346969,1,0,94,60,1534,99,245,50,0,1,1127,8,3,0,92
121.358310,1,0,94,60,1534,99,245,51,0,1,1127,8,3,0,92
121.362860,0,0,94,60,1534,99,245,51,0,1,1127,8,3,0,92
121.369636,0,0,94,60,1534,99,245,51,0,1,1127,8,3,0,92
121.374781,0,1,94,60,1534,99,245,51,0,1,1127,9,3,0,92
121.388199,0,0,94,60,1534,99,245,51,0,1,1127,9,3,0,92
121.392747,0,0,94,60,1534,99,245,51,0,1,1127,9,3,0,92
121.400932,0,0,94,60,1534,99,245,51,0,1,1127,9,3,0,0
121.405440,0,1,94,60,1534,99,245,51,0,1,1140,8,3,0,0
121.409588,0,0,94,60,1534,99,245,51,0,1,1140,8,3,0,0
121.420887,0,0,94,60,1534,99,245,51,0,1,1140,8,3,0,0
121.430268,0,0,94,60,1534,99,245,51,0,1,1140,8,3,0,0
121.434381,0,0,94,60,1534,99,245,51,0,1,1140,8,3,0,0
121.438586,0,1,94,60,1534,99,245,51,0,1,1140,8,3,1,0
121.451645,0,0,94,60,1534,99,245,51,0,1,1140,8,3,1,0
121.455846,0,0,94,60,1534,99,245,51,0,1,1140,8,3,1,0
121.463014,1,1,94,60,1529,99,245,51,0,1,1095,9,3,1,345
121.467179,0,0,94,60,1529,99,245,51,0,1,1095,9,3,1,345
121.471729,0,0,94,60,1529,99,245,51,0,1,1095,9,3,1,345
121.482848,0,0,94,60,1529,99,245,51,0,1,1095,9,3,1,345
121.492584,0,0,94,60,1529,99,245,51,0,1,1095,9,3,1,297
121.497200,1,1,94,60,1537,99,245,51,0,1,1169,9,3,1,297
121.501310,0,0,94,60,1537,99,245,51,0,1,1169,9,3,1,297
121.513734,0,0,94,60,1537,99,245,51,0,1,1169,9,3,1,297
121.523181,0,0,94,60,1537,99,245,51,0,1,1169,9,3,1,87
121.527689,1,1,94,60,1533,99,245,51,0,1,1122,8,3,1,87
121.531907,0,0,94,60,1533,99,245,51,0,1,1122,8,3,1,87
121.544703,0,0,94,60,1533,99,245,51,0,1,1122,8,3,1,87
121.554411,0,0,94,60,1533,99,245,51,0,1,1122,8,3,1,375
121.558582,1,1,94,60,1531,99,245,51,0,1,1117,8,3,0,375
121.563101,0,0,94,60,1531,99,245,51,0,1,1117,8,3,0,375
121.575704,0,0,94,60,1531,99,245,51,0,1,1117,8,3,0,375
121.585431,1,1,94,60,1534,99,245,51,0,1,1139,9,3,0,0
121.590006,0,1,94,60,1534,99,245,51,0,1,1139,9,3,1,0
121.594174,0,0,94,60,1534,99,245,51,0,1,1139,9,3,1,0
121.606779,0,0,94,60,1534,99,245,51,0,1,1139,9,3,1,0
121.616244,1,1,94,60,1531,99,245,51,0,1,1106,9,3,1,0
121.620436,0,0,94,60,1531,99,245,51,0,1,1106,9,3,1,0
121.624626,0,0,94,60,1531,99,245,51,0,1,1106,9,3,1,0
121.637756,0,0,94,60,1531,99,245,51,0,1,1106,9,3,1,0
121.647243,0,0,94,60,1531,99,245,51,0,1,1106,9,3,1,0
121.652073,0,1,94,60,1531,99,245,51,0,1,1106,9,3,0,0
121.656886,0,0,94,60,1531,99,245,51,0,1,1106,9,3,0,0
121.668354,0,0,94,60,1531,99,245,51,0,1,1106,9,3,0,0
121.672858,1,1,94,60,1538,99,245,51,0,1,1170,8,3,0,-1
121.679818,0,1,94,60,1538,99,245,51,0,1,1170,8,3,1,-1
121.683900,0,0,94,60,1538,99,245,51,0,1,1170,8,3,1,-1
121.688023,0,0,94,60,1538,99,245,51,0,1,1170,8,3,1,-1
121.699679,0,0,94,60,1538,99,245,51,0,1,1170,8,3,1,-1
121.709243,1,1,94,60,1531,99,245,51,0,1,1095,8,3,1,358
121.713321,0,0,94,60,1531,99,245,51,0,1,1095,8,3,1,358
121.717421,0,0,94,60,1531,99,245,51,0,1,1095,8,3,1,358
121.730741,0,0,94,60,1531,99,245,51,0,1,1095,8,3,1,358
121.740194,1,1,94,60,1535,99,245,51,0,1,1154,8,3,1,0
121.744296,0,1,94,60,1535,99,245,51,0,1,1154,8,3,0,0
121.748401,0,0,94,60,1535,99,245,51,0,1,1154,8,3,0,0
121.761329,0,0,94,60,1535,99,245,51,0,1,1154,8,3,0,0
121.765426,1,1,94,60,1531,100,245,51,0,1,1120,8,3,0,0
121.772767,0,0,94,60,1531,100,245,51,0,1,1120,8,3,0,0
121.776857,0,0,94,60,1531,100,245,51,0,1,1120,8,3,0,0
121.780935,0,0,94,60,1531,100,245,51,0,1,1120,8,3,0,0
121.792385,0,0,94,60,1531,100,245,51,0,1,1120,8,3,0,0
121.796549,0,0,94,60,1531,100,245,51,0,1,1120,8,3,0,0
121.803449,0,1,94,60,1531,100,245,51,0,1,1120,8,3,1,0
121.807561,0,0,94,60,1531,100,245,51,0,1,1120,8,3,1,0
121.811672,0,0,94,60,1531,100,245,51,0,1,1120,8,3,1,0
121.823702,1,1,94,60,1533,100,245,51,0,1,1152,9,3,1,293
121.833323,1,1,94,60,1533,99,245,51,0,1,1152,9,4,0,293
121.838252,0,0,94,60,1533,99,245,51,0,1,1152,9,4,0,293
121.842793,0,0,94,60,1533,99,245,51,0,1,1152,9,4,0,293
121.855079,1,1,94,60,1538,99,245,51,0,1,1167,8,4,0,5
121.864756,0,1,94,60,1538,99,245,51,0,1,1167,8,3,0,5
121.868906,0,0,94,60,1538,99,245,51,0,1,1167,8,3,0,5
121.873038,0,0,94,60,1538,99,245,51,0,1,1167,8,3,0,5
121.885373,1,1,94,60,1531,99,245,51,0,1,1099,9,3,0,390
121.895345,0,1,94,60,1531,99,245,51,0,1,1099,9,3,1,390
121.899876,0,0,94,60,1531,99,245,51,0,1,1099,9,3,1,390
121.904420,0,0,94,60,1531,99,245,51,0,1,1099,9,3,1,390
121.916342,1,1,94,60,1535,99,245,51,0,1,1149,9,3,1,0
121.926344,0,1,94,60,1535,99,245,51,0,1,1149,8,3,0,0
121.930830,0,0,94,60,1535,99,245,51,0,1,1149,8,3,0,0
121.935345,0,0,94,60,1535,99,245,51,0,1,1149,8,3,0,0
121.948146,1,1,94,60,1531,99,245,51,0,1,1115,8,3,0,0
121.958085,0,0,94,60,1531,99,245,51,0,1,1115,8,3,0,0
121.964047,0,0,94,60,1531,99,245,51,0,1,1115,8,3,0,0
121.978709,1,1,94,60,1529,99,245,51,0,1,1108,9,3,0,371
121.988951,0,0,94,60,1529,99,245,51,0,1,1108,9,3,0,371
121.994870,0,0,94,60,1529,99,245,51,0,1,1108,9,3,0,371
122.009429,1,1,94,60,1538,99,245,51,0,1,1173,8,3,0,65
122.019773,0,1,94,60,1538,99,245,51,0,1,1173,8,3,1,65
122.025539,0,1,94,60,1538,99,245,51,0,2,1173,8,3,1,65
122.039643,1,1,94,60,1531,99,245,51,0,2,1062,8,3,1,0
122.050867,0,0,94,60,1531,99,245,51,0,2,1062,8,3,1,0
122.056645,0,1,94,60,1531,99,245,51,0,1,1062,8,3,1,0
122.070709,1,1,94,60,1529,99,245,51,0,1,1012,9,3,1,0
122.076306,0,0,94,60,1529,99,245,51,0,1,1012,9,3,1,0
122.084194,0,0,94,60,1529,99,245,51,0,1,1012,9,3,1,0
122.090043,0,1,94,60,1529,99,245,51,0,2,1012,9,3,1,0
122.103968,0,0,94,60,1529,99,245,51,0,2,1012,9,3,1,0
122.113962,0,0,94,60,1529,99,245,51,0,2,1012,9,3,1,0
122.118526,0,1,94,60,1529,99,245,51,0,1,1013,9,3,1,0
122.132263,1,1,94,60,1528,99,245,51,0,1,1013,9,2,1,0
122.137175,0,1,94,60,1528,99,245,51,0,1,1013,9,2,2,0
122.145223,0,0,94,60,1528,99,245,51,0,1,1013,9,2,2,0
122.149387,0,1,94,60,1528,99,245,51,0,2,1013,9,2,2,0
122.153880,0,1,94,60,1528,99,245,51,0,2,1013,9,3,2,0
122.164755,0,1,94,60,1528,99,245,51,0,2,1013,9,3,1,0
122.174861,0,0,94,60,1528,99,245,51,0,2,1013,9,3,1,0
122.180535,0,1,94,60,1528,99,245,51,0,2,1014,9,3,1,0
122.194607,0,1,94,60,1528,99,245,51,0,2,1014,9,2,1,0
122.200353,0,0,94,60,1528,99,245,51,0,2,1014,9,2,1,0
122.207777,0,1,94,60,1528,99,245,51,0,1,1014,9,2,1,0
122.211931,0,1,94,60,1528,99,245,51,0,1,1013,9,2,1,0
122.225314,0,0,94,60,1528,99,245,51,0,1,1013,9,2,1,0
122.228166,0,0,94,60,1528,99,245,51,0,1,1013,9,2,1,0
122.237941,0,0,94,60,1528,99,245,51,0,1,1013,9,2,1,0
122.242829,0,1,94,60,1528,99,245,51,0,1,1014,9,2,1,0
122.256384,0,1,94,60,1528,99,245,51,0,1,1014,9,2,2,0
122.260628,0,0,94,60,1528,99,245,51,0,1,1014,9,2,2,0
122.268965,0,1,94,60,1528,99,245,51,1,1,1014,9,2,2,0
122.273776,1,0,94,60,1528,100,245,51,1,1,1014,9,2,2,0
122.287372,0,1,94,60,1528,100,245,51,1,1,1014,9,3,1,0
122.292306,0,0,94,60,1528,100,245,51,1,1,1014,9,3,1,0
122.299634,0,1,94,60,1528,100,245,51,0,1,1014,9,3,1,0
122.303669,1,0,94,60,1528,99,245,51,0,1,1014,9,3,1,0
122.307668,0,0,94,60,1528,99,245,51,0,1,1014,9,3,1,0
122.319813,0,0,94,60,1528,99,245,51,0,1,1014,9,3,1,0
122.323914,0,0,94,60,1528,99,245,51,0,1,1014,9,3,1,0
122.331164,0,0,94,60,1528,99,245,51,0,1,1014,9,3,1,0
122.335268,0,0,94,60,1528,99,245,51,0,1,1014,9,3,1,0
122.340081,0,0,94,60,1528,99,245,51,0,1,1014,9,3,1,0
122.350971,0,0,94,60,1528,99,245,51,0,1,1014,9,3,1,0
122.360381,0,0,94,60,1528,99,245,51,0,1,1014,9,3,1,0
122.364493,0,0,94,60,1528,99,245,51,0,1,1014,9,3,1,0
122.368602,0,0,94,60,1528,99,245,51,0,1,1014,9,3,1,0
122.381440,0,0,94,60,1528,99,245,51,0,1,1014,9,3,1,0
122.385497,0,1,94,60,1528,99,245,51,1,2,1014,9,3,1,0
122.392621,0,0,94,60,1528,99,245,51,1,2,1014,9,3,1,0
122.396767,0,0,94,60,1528,99,245,51,1,2,1014,9,3,1,0
122.400779,0,0,94,60,1528,99,245,51,1,2,1014,9,3,1,0
122.412453,0,0,94,60,1528,99,245,51,1,2,1014,9,3,1,0
122.416870,0,1,94,60,1528,99,245,51,0,2,1014,9,3,1,0
122.424088,0,0,94,60,1528,99,245,51,0,2,1014,9,3,1,0
122.428192,0,0,94,60,1528,99,245,51,0,2,1014,9,3,1,0
122.432235,1,0,94,60,1528,99,245,50,0,2,1014,9,3,1,0
122.443700,0,0,94,60,1528,99,245,50,0,2,1014,9,3,1,0
122.447783,0,0,94,60,1528,99,245,50,0,2,1014,9,3,1,0
122.454890,0,0,94,60,1528,99,245,50,0,2,1014,9,3,1,0
122.459382,0,0,94,60,1528,99,245,50,0,2,1014,9,3,1,0
122.463551,0,0,94,60,1528,99,245,50,0,2,1014,9,3,1,0
122.475256,0,0,94,60,1528,99,245,50,0,2,1014,9,3,1,0
122.484694,0,0,94,60,1528,99,245,50,0,2,1014,9,3,1,0
122.488932,1,0,94,60,1528,99,245,51,0,2,1014,9,3,1,0
122.493083,0,0,94,60,1528,99,245,51,0,2,1014,9,3,1,0
122.505356,0,0,94,60,1528,99,245,51,0,2,1014,9,3,1,0
122.509465,0,0,94,60,1528,99,245,51,0,2,1014,9,3,1,0
122.516856,0,0,94,60,1528,99,245,51,0,2,1014,9,3,1,0
122.521375,0,0,94,60,1528,99,245,51,0,2,1014,9,3,1,0
122.525980,0,0,94,60,1528,99,245,51,0,2,1014,9,3,1,0
122.797243,1,1,94,60,1531,99,245,51,0,2,1036,9,3,1,0
122.801784,0,0,94,60,1531,99,245,51,0,2,1036,9,3,1,0
122.815884,0,1,94,60,1531,99,245,51,0,1,1036,9,3,1,0
122.826023,0,1,94,60,1531,99,245,51,0,1,1036,9,2,1,0
122.831081,0,0,94,60,1531,99,245,51,0,1,1036,9,2,1,0
122.835674,0,0,94,60,1531,99,245,51,0,1,1036,9,2,1,0
122.846955,1,1,94,60,1531,98,245,51,0,1,1036,9,3,1,0
122.856520,0,0,94,60,1531,98,245,51,0,1,1036,9,3,1,0
122.860722,0,0,94,60,1531,98,245,51,0,1,1036,9,3,1,0
122.864911,0,0,94,60,1531,98,245,51,0,1,1036,9,3,1,0
122.877548,0,0,94,60,1531,98,245,51,0,1,1036,9,3,1,0
122.881696,0,0,94,60,1531,98,245,51,0,1,1036,9,3,1,0
122.889363,0,0,94,60,1531,98,245,51,0,1,1036,9,3,1,0
122.893827,0,0,94,60,1531,98,245,51,0,1,1036,9,3,1,0
122.907385,1,0,94,60,1531,99,245,51,0,1,1036,9,3,1,0
122.911893,1,1,94,60,1531,99,245,50,0,1,1036,9,2,1,0
122.919756,0,0,94,60,1531,99,245,50,0,1,1036,9,2,1,0
122.923914,0,0,94,60,1531,99,245,50,0,1,1036,9,2,1,0
122.928121,0,0,94,60,1531,99,245,50,0,1,1036,9,2,1,0
122.941276,0,0,94,60,1531,99,245,50,0,1,1036,9,2,1,0
122.951430,0,0,94,60,1531,99,245,50,0,1,1036,9,2,1,0
122.953288,0,0,94,60,1531,99,245,50,0,1,1036,9,2,1,0
122.957430,1,0,94,60,1531,98,245,50,0,1,1036,9,2,1,0
122.970521,0,1,94,60,1531,98,245,50,0,1,1036,9,3,1,0
122.974622,0,0,94,60,1531,98,245,50,0,1,1036,9,3,1,0
122.982327,0,0,94,60,1531,98,245,50,0,1,1036,9,3,1,0
122.986385,0,0,94,60,1531,98,245,50,0,1,1036,9,3,1,0
122.990508,1,1,94,60,1531,99,245,50,0,1,1036,9,2,1,0
123.001908,1,0,94,60,1531,99,245,51,0,1,1036,9,2,1,0
123.005985,0,0,94,60,1531,99,245,51,0,1,1036,9,2,1,0
123.012880,0,0,94,60,1531,99,245,51,0,1,1036,9,2,1,0
123.016894,0,0,94,60,1531,99,245,51,0,1,1036,9,2,1,0
123.020929,0,0,94,60,1531,99,245,51,0,1,1036,9,2,1,0
123.032938,0,0,94,60,1531,99,245,51,0,1,1036,9,2,1,0
123.037062,0,0,94,60,1531,99,245,51,0,1,1036,9,2,1,0
123.044379,0,0,94,60,1531,99,245,51,0,1,1036,9,2,1,0
123.048482,0,1,94,60,1531,99,245,51,0,1,1036,9,3,1,0
123.052584,0,0,94,60,1531,99,245,51,0,1,1036,9,3,1,0
123.063956,0,0,94,60,1531,99,245,51,0,1,1036,9,3,1,0
123.073824,0,0,94,60,1531,99,245,51,0,1,1036,9,3,1,0
123.078682,0,0,94,60,1531,99,245,51,0,1,1036,9,3,1,0
123.082908,0,1,94,60,1531,99,245,51,0,1,1036,9,2,0,0
123.095397,0,0,94,60,1531,99,245,51,0,1,1036,9,2,0,0
123.104772,0,0,94,60,1531,99,245,51,0,1,1036,9,2,0,0
123.108931,0,1,94,60,1531,99,245,51,0,1,1036,9,3,0,0
123.113503,0,1,94,60,1531,99,245,51,0,1,1036,9,3,1,0
123.126026,0,0,94,60,1531,99,245,51,0,1,1036,9,3,1,0
123.135584,0,1,94,60,1531,99,245,51,0,1,1035,9,3,1,0
123.141494,1,0,94,60,1529,98,245,51,0,1,1035,9,3,1,0
123.155650,1,0,94,60,1529,98,245,50,0,1,1035,9,3,1,0
123.161491,0,1,94,60,1529,98,245,50,0,2,1035,9,3,1,0
123.168671,0,0,94,60,1529,98,245,50,0,2,1035,9,3,1,0
123.173166,0,0,94,60,1529,98,245,50,0,2,1035,9,3,1,0
123.186402,0,0,94,60,1529,98,245,50,0,2,1035,9,3,1,0
123.191267,0,1,94,60,1529,98,245,50,0,1,1035,9,3,1,0
123.199154,0,0,94,60,1529,98,245,50,0,1,1035,9,3,1,0
123.203732,1,0,94,60,1529,99,245,50,0,1,1035,9,3,1,0
123.208286,0,0,94,60,1529,99,245,50,0,1,1035,9,3,1,0
123.219288,0,0,94,60,1529,99,245,50,0,1,1035,9,3,1,0
123.228690,0,0,94,60,1529,99,245,50,0,1,1035,9,3,1,0
123.233280,0,1,94,60,1529,99,245,50,0,1,1036,9,3,1,0
123.237785,1,0,94,60,1529,99,245,51,0,1,1036,9,3,1,0
123.250803,0,0,94,60,1529,99,245,51,0,1,1036,9,3,1,0
123.510038,1,1,94,60,1526,98,245,50,1,2,818,9,2,2,0
123.514509,0,0,94,60,1526,98,245,50,1,2,818,9,2,2,0
123.527779,0,1,94,60,1526,98,245,50,1,2,819,9,2,2,0
123.531931,1,0,94,60,1526,98,245,51,1,2,819,9,2,2,0
123.540289,0,0,94,60,1526,98,245,51,1,2,819,9,2,2,0
123.545083,0,0,94,60,1526,98,245,51,1,2,819,9,2,2,0
123.558541,0,0,94,60,1526,98,245,51,1,2,819,9,2,2,0
123.562698,0,0,94,60,1526,98,245,51,1,2,819,9,2,2,0
123.571155,0,0,94,60,1526,98,245,51,1,2,819,9,2,2,0
123.575258,0,1,94,60,1526,98,245,51,0,2,819,9,2,2,0
123.579382,0,0,94,60,1526,98,245,51,0,2,819,9,2,2,0
123.590973,1,0,94,60,1526,99,245,51,0,2,819,9,2,2,0
123.595110,1,0,94,60,1526,99,245,50,0,2,819,9,2,2,0
123.602152,0,0,94,60,1526,99,245,50,0,2,819,9,2,2,0
123.606315,0,0,94,60,1526,99,245,50,0,2,819,9,2,2,0
123.610372,0,0,94,60,1526,99,245,50,0,2,819,9,2,2,0
123.621750,0,1,94,60,1526,99,245,50,0,2,819,9,2,1,0
123.625826,0,0,94,60,1526,99,245,50,0,2,819,9,2,1,0
123.633108,0,0,94,60,1526,99,245,50,0,2,819,9,2,1,0
123.637213,0,0,94,60,1526,99,245,50,0,2,819,9,2,1,0
123.641353,1,1,94,60,1526,98,245,50,0,2,820,9,2,1,0
123.652634,0,1,94,60,1526,98,245,50,0,2,820,9,2,2,0
123.656732,0,0,94,60,1526,98,245,50,0,2,820,9,2,2,0
123.663846,0,0,94,60,1526,98,245,50,0,2,820,9,2,2,0
123.665703,0,0,94,60,1526,98,245,50,0,2,820,9,2,2,0
123.669753,0,1,94,60,1526,98,245,50,0,2,819,9,2,2,0
123.683019,0,0,94,60,1526,98,245,50,0,2,819,9,2,2,0
123.687108,0,0,94,60,1526,98,245,50,0,2,819,9,2,2,0
123.695219,0,1,94,60,1526,98,245,50,1,2,819,9,2,2,0
123.699398,0,1,94,60,1526,98,245,50,1,2,820,9,2,2,0
123.703874,0,0,94,60,1526,98,245,50,1,2,820,9,2,2,0
123.714738,0,0,94,60,1526,98,245,50,1,2,820,9,2,2,0
123.718899,0,0,94,60,1526,98,245,50,1,2,820,9,2,2,0
123.726540,0,0,94,60,1526,98,245,50,1,2,820,9,2,2,0
123.730834,0,0,94,60,1526,98,245,50,1,2,820,9,2,2,0
123.744613,1,0,94,60,1526,99,245,50,1,2,820,9,2,2,0
123.749420,0,0,94,60,1526,99,245,50,1,2,820,9,2,2,0
123.757340,0,0,94,60,1526,99,245,50,1,2,820,9,2,2,0
123.761827,0,0,94,60,1526,99,245,50,1,2,820,9,2,2,0
123.775811,1,1,94,60,1526,99,245,51,1,2,820,9,2,1,0
123.781717,0,0,94,60,1526,99,245,51,1,2,820,9,2,1,0
123.789402,0,0,94,60,1526,99,245,51,1,2,820,9,2,1,0
123.793931,0,0,94,60,1526,99,245,51,1,2,820,9,2,1,0
123.807247,0,1,94,60,1526,99,245,51,1,2,820,9,3,2,0
123.811493,0,0,94,60,1526,99,245,51,1,2,820,9,3,2,0
123.819119,0,0,94,60,1526,99,245,51,1,2,820,9,3,2,0
123.823348,0,0,94,60,1526,99,245,51,1,2,820,9,3,2,0
123.827577,0,0,94,60,1526,99,245,51,1,2,820,9,3,2,0
123.838898,0,0,94,60,1526,99,245,51,1,2,820,9,3,2,0
123.843426,0,0,94,60,1526,99,245,51,1,2,820,9,3,2,0
123.850517,0,0,94,60,1526,99,245,51,1,2,820,9,3,2,0
123.855020,0,1,94,60,1526,99,245,51,1,2,820,9,2,2,0
123.859195,0,0,94,60,1526,99,245,51,1,2,820,9,2,2,0
123.870505,0,0,94,60,1526,99,245,51,1,2,820,9,2,2,0
123.879833,0,1,94,60,1526,99,245,51,0,2,820,9,2,2,0
123.884378,0,1,94,60,1526,99,245,51,0,2,821,9,2,2,0
123.888549,1,1,94,60,1526,99,245,50,0,2,821,9,2,1,0
123.901449,0,0,94,60,1526,99,245,50,0,2,821,9,2,1,0
123.911060,0,1,94,60,1526,99,245,50,1,2,821,9,2,1,0
123.915555,1,0,94,60,1526,100,245,50,1,2,821,9,2,1,0
123.919771,0,1,94,60,1526,100,245,50,1,2,821,9,2,2,0
123.932135,0,0,94,60,1526,100,245,50,1,2,821,9,2,2,0
123.941716,0,0,94,60,1526,100,245,50,1,2,821,9,2,2,0
123.946171,1,0,94,60,1526,98,245,50,1,2,821,9,2,2,0
123.950955,0,0,94,60,1526,98,245,50,1,2,821,9,2,2,0
123.963620,0,0,94,60,1526,98,245,50,1,2,821,9,2,2,0
124.227905,1,1,94,60,1529,99,245,50,0,2,870,8,2,1,0
124.241576,0,0,94,60,1529,99,245,50,0,2,870,8,2,1,0
124.245725,1,0,94,60,1529,100,245,50,0,2,870,8,2,1,0
124.252947,0,0,94,60,1529,100,245,50,0,2,870,8,2,1,0
124.257009,0,0,94,60,1529,100,245,50,0,2,870,8,2,1,0
124.261130,0,0,94,60,1529,100,245,50,0,2,870,8,2,1,0
124.272828,0,0,94,60,1529,100,245,50,0,2,870,8,2,1,0
124.276899,1,0,94,60,1529,98,245,50,0,2,870,8,2,1,0
124.284255,0,0,94,60,1529,98,245,50,0,2,870,8,2,1,0
124.288348,0,0,94,60,1529,98,245,50,0,2,870,8,2,1,0
124.292525,0,0,94,60,1529,98,245,50,0,2,870,8,2,1,0
124.303849,1,1,94,60,1529,99,245,50,0,2,870,9,2,1,0
124.307894,1,1,94,60,1529,99,245,51,0,2,870,9,2,2,0
124.314949,0,0,94,60,1529,99,245,51,0,2,870,9,2,2,0
124.319067,0,0,94,60,1529,99,245,51,0,2,870,9,2,2,0
124.323241,0,0,94,60,1529,99,245,51,0,2,870,9,2,2,0
124.336312,0,0,94,60,1529,99,245,51,0,2,870,9,2,2,0
124.345925,0,1,94,60,1529,99,245,51,0,2,870,9,2,1,0
124.350155,0,0,94,60,1529,99,245,51,0,2,870,9,2,1,0
124.355058,0,1,94,60,1529,99,245,51,0,2,869,9,2,1,0
124.366761,1,1,94,60,1529,98,245,51,0,2,869,8,2,1,0
124.376904,0,0,94,60,1529,98,245,51,0,2,869,8,2,1,0
124.380985,0,0,94,60,1529,98,245,51,0,2,869,8,2,1,0
124.383240,0,0,94,60,1529,98,245,51,0,2,869,8,2,1,0
124.396264,1,1,94,60,1529,99,245,51,0,2,869,9,2,1,0
124.400464,1,0,94,60,1529,99,245,50,0,2,869,9,2,1,0
124.408407,0,0,94,60,1529,99,245,50,0,2,869,9,2,1,0
124.413263,0,0,94,60,1529,99,245,50,0,2,869,9,2,1,0
124.426616,0,0,94,60,1529,99,245,50,0,2,869,9,2,1,0
124.430781,0,0,94,60,1529,99,245,50,0,2,869,9,2,1,0
124.438987,0,0,94,60,1529,99,245,50,0,2,869,9,2,1,0
124.443161,0,0,94,60,1529,99,245,50,0,2,869,9,2,1,153
124.447677,1,0,94,60,1528,99,245,50,0,2,869,9,2,1,153
124.459207,0,0,94,60,1528,99,245,50,0,2,869,9,2,1,153
124.469031,0,0,94,60,1528,99,245,50,0,2,869,9,2,1,153
124.473573,0,0,94,60,1528,99,245,50,0,2,869,9,2,1,0
124.478119,1,1,94,60,1529,99,245,50,0,2,869,8,3,1,0
124.490296,1,1,94,60,1529,99,245,51,0,2,869,8,3,2,0
124.499827,0,0,94,60,1529,99,245,51,0,2,869,8,3,2,0
124.505807,0,0,94,60,1529,99,245,51,0,2,869,8,3,2,0
124.519850,0,1,94,60,1529,99,245,51,0,2,869,8,2,1,0
124.524380,0,0,94,60,1529,99,245,51,0,2,869,8,2,1,0
124.532428,0,0,94,60,1529,99,245,51,0,2,869,8,2,1,0
124.537319,1,0,94,60,1529,100,245,51,0,2,869,8,2,1,0
124.550807,0,0,94,60,1529,100,245,51,0,2,869,8,2,1,0
124.554964,0,0,94,60,1529,100,245,51,0,2,869,8,2,1,0
124.563691,0,0,94,60,1529,100,245,51,0,2,869,8,2,1,0
124.568181,1,1,94,60,1528,99,245,51,0,2,868,8,2,1,0
124.581797,0,1,94,60,1528,99,245,51,0,2,868,8,2,2,0
124.586289,0,0,94,60,1528,99,245,51,0,2,868,8,2,2,0
124.594165,0,0,94,60,1528,99,245,51,0,2,868,8,2,2,0
124.598359,1,0,94,60,1527,99,245,51,0,2,868,8,2,2,0
124.602536,0,0,94,60,1527,99,245,51,0,2,868,8,2,2,0
124.614281,0,0,94,60,1527,99,245,51,0,2,868,8,2,2,0
124.623899,0,0,94,60,1527,99,245,51,0,2,868,8,2,2,0
124.628023,1,0,94,60,1528,99,245,51,0,2,868,8,2,2,0
124.632163,0,0,94,60,1528,99,245,51,0,2,868,8,2,2,0
124.645218,0,0,94,60,1528,99,245,51,0,2,868,8,2,2,0
124.655092,0,0,94,60,1528,99,245,51,0,2,868,8,2,2,0
124.659281,1,1,94,60,1527,99,245,51,0,2,868,8,2,1,0
124.663491,0,0,94,60,1527,99,245,51,0,2,868,8,2,1,0
124.676187,0,0,94,60,1527,99,245,51,0,2,868,8,2,1,0
124.685805,0,1,94,60,1527,99,245,51,0,2,869,8,2,1,0
124.941631,1,1,94,60,1528,99,245,51,0,2,868,9,2,2,0
124.954954,0,0,94,60,1528,99,245,51,0,2,868,9,2,2,0
124.959536,0,0,94,60,1528,99,245,51,0,2,868,9,2,2,0
124.966693,0,0,94,60,1528,99,245,51,0,2,868,9,2,2,0
124.971844,0,0,94,60,1528,99,245,51,0,2,868,9,2,2,0
124.985187,0,0,94,60,1528,99,245,51,0,2,868,9,2,2,0
124.990082,0,0,94,60,1528,99,245,51,0,2,868,9,2,2,0
124.997536,0,0,94,60,1528,99,245,51,0,2,868,9,2,2,0
125.001729,0,0,94,60,1528,99,245,51,0,2,868,9,2,2,0
125.006227,0,0,94,60,1528,99,245,51,0,2,868,9,2,2,0
125.017115,0,0,94,60,1528,99,245,51,0,2,868,9,2,2,0
125.027183,1,0,94,60,1528,99,245,50,0,2,868,9,2,2,0
125.031405,0,0,94,60,1528,99,245,50,0,2,868,9,2,2,0
125.035921,0,0,94,60,1528,99,245,50,0,2,868,9,2,2,0
125.049405,0,0,94,60,1528,99,245,50,0,2,868,9,2,2,0
125.058973,0,0,94,60,1528,99,245,50,0,2,868,9,2,2,0
125.063143,0,1,94,60,1528,99,245,50,0,1,868,9,2,2,0
125.067325,0,1,94,60,1528,99,245,50,0,1,868,8,2,2,0
125.080611,0,0,94,60,1528,99,245,50,0,1,868,8,2,2,0
125.091758,0,0,94,60,1528,99,245,50,0,1,868,8,2,2,0
125.095203,0,1,94,60,1528,99,245,50,0,1,869,8,2,2,0
125.109061,1,0,94,60,1528,99,245,51,0,1,869,8,2,2,0
125.113200,0,0,94,60,1528,99,245,51,0,1,869,8,2,2,0
125.121451,0,1,94,60,1528,99,245,51,0,2,869,8,2,2,0
125.126569,0,1,94,60,1528,99,245,51,0,2,869,9,2,2,0
125.139779,0,1,94,60,1528,99,245,51,0,2,869,9,2,1,0
125.144610,0,0,94,60,1528,99,245,51,0,2,869,9,2,1,0
125.152852,0,0,94,60,1528,99,245,51,0,2,869,9,2,1,0
125.157652,0,0,94,60,1528,99,245,51,0,2,869,9,2,1,0
125.170909,0,1,94,60,1528,99,245,51,0,2,869,9,2,2,0
125.175091,0,0,94,60,1528,99,245,51,0,2,869,9,2,2,0
125.183521,0,1,94,60,1528,99,245,51,0,2,868,9,2,2,0
125.188412,0,0,94,60,1528,99,245,51,0,2,868,9,2,2,0
125.201823,0,0,94,60,1528,99,245,51,0,2,868,9,2,2,0
125.206410,0,0,94,60,1528,99,245,51,0,2,868,9,2,2,0
125.214844,0,0,94,60,1528,99,245,51,0,2,868,9,2,2,0
125.218987,0,1,94,60,1528,99,245,51,0,2,869,9,3,2,0
125.223486,1,0,94,60,1528,99,245,50,0,2,869,9,3,2,0
125.234692,0,0,94,60,1528,99,245,50,0,2,869,9,3,2,0
125.244051,0,0,94,60,1528,99,245,50,0,2,869,9,3,2,0
125.248223,0,1,94,60,1528,99,245,50,0,2,869,8,2,2,0
125.253762,0,0,94,60,1528,99,245,50,0,2,869,8,2,2,0
125.265954,0,0,94,60,1528,99,245,50,0,2,869,8,2,2,0
125.276197,0,1,94,60,1528,99,245,50,0,2,868,8,2,2,0
125.282326,0,0,94,60,1528,99,245,50,0,2,868,8,2,2,0
125.296170,0,0,94,60,1528,99,245,50,0,2,868,8,2,2,0
125.306507,0,1,94,60,1528,99,245,50,0,2,868,9,2,2,0
125.312570,1,0,94,60,1528,98,245,50,0,2,868,9,2,2,0
125.327389,0,0,94,60,1528,98,245,50,0,2,868,9,2,2,0
125.338533,0,1,94,60,1528,98,245,50,0,1,868,9,2,2,0
125.344513,0,1,94,60,1528,98,245,50,0,1,868,9,3,2,0
125.359728,0,0,94,60,1528,98,245,50,0,1,868,9,3,2,0
125.370767,1,1,94,60,1528,99,245,50,0,1,869,9,2,2,0
125.376279,1,0,94,60,1528,99,245,51,0,1,869,9,2,2,0
125.390546,0,1,94,60,1528,99,245,51,0,2,869,9,2,2,0
125.657804,1,1,94,60,1529,99,245,51,0,1,876,8,3,2,0
125.668993,0,1,94,60,1529,99,245,51,0,1,876,8,2,2,0
125.678651,0,0,94,60,1529,99,245,51,0,1,876,8,2,2,0
125.682889,0,1,94,60,1529,99,245,51,0,2,876,8,2,2,0
125.688288,1,1,94,60,1529,100,245,51,0,2,876,9,3,2,0
125.700697,0,0,94,60,1529,100,245,51,0,2,876,9,3,2,0
125.711867,0,0,94,60,1529,100,245,51,0,2,876,9,3,2,0
125.717809,1,1,94,60,1529,99,245,51,0,2,875,9,3,2,0
125.731512,0,0,94,60,1529,99,245,51,0,2,875,9,3,2,0
125.741193,0,0,94,60,1529,99,245,51,0,2,875,9,3,2,0
125.745353,0,1,94,60,1529,99,245,51,0,1,875,9,3,2,0
125.749537,0,0,94,60,1529,99,245,51,0,1,875,9,3,2,0
125.761843,0,0,94,60,1529,99,245,51,0,1,875,9,3,2,0
125.771563,0,0,94,60,1529,99,245,51,0,1,875,9,3,2,0
125.776503,0,1,94,60,1529,99,245,51,0,2,875,9,3,2,0
125.781350,0,1,94,60,1529,99,245,51,0,2,875,8,3,2,0
125.792399,0,0,94,60,1529,99,245,51,0,2,875,8,3,2,0
125.796520,0,0,94,60,1529,99,245,51,0,2,875,8,3,2,0
125.803846,0,1,94,60,1529,99,245,51,0,1,875,8,3,2,0
125.808319,0,0,94,60,1529,99,245,51,0,1,875,8,3,2,0
125.810503,0,1,94,60,1529,99,245,51,0,1,875,8,2,2,0
125.823833,0,1,94,60,1529,99,245,51,0,1,875,8,2,1,0
125.833272,0,0,94,60,1529,99,245,51,0,1,875,8,2,1,0
125.837402,0,0,94,60,1529,99,245,51,0,1,875,8,2,1,0
125.841477,1,1,94,60,1529,98,245,51,0,1,875,8,3,2,0
125.854676,0,0,94,60,1529,98,245,51,0,1,875,8,3,2,0
125.864326,0,0,94,60,1529,98,245,51,0,1,875,8,3,2,0
125.868895,0,1,94,60,1529,98,245,51,0,1,875,9,3,2,0
125.873017,0,1,94,60,1529,98,245,51,0,1,875,9,3,1,0
125.885497,0,0,94,60,1529,98,245,51,0,1,875,9,3,1,0
125.895251,0,0,94,60,1529,98,245,51,0,1,875,9,3,1,0
125.899443,1,1,94,60,1529,99,245,51,0,1,875,8,3,1,0
125.903967,0,1,94,60,1529,99,245,51,0,1,875,8,3,2,0
125.916526,0,0,94,60,1529,99,245,51,0,1,875,8,3,2,0
125.926093,0,0,94,60,1529,99,245,51,0,1,875,8,3,2,0
125.931001,0,0,94,60,1529,99,245,51,0,1,875,8,3,2,0
125.935880,0,0,94,60,1529,99,245,51,0,1,875,8,3,2,0
125.947602,0,0,94,60,1529,99,245,51,0,1,875,8,3,2,0
125.957390,0,1,94,60,1529,99,245,51,0,2,875,8,3,2,0
125.961895,0,0,94,60,1529,99,245,51,0,2,875,8,3,2,0
125.966090,0,0,94,60,1529,99,245,51,0,2,875,8,3,2,0
125.978546,0,0,94,60,1529,99,245,51,0,2,875,8,3,2,0
125.988141,0,0,94,60,1529,99,245,51,0,2,875,8,3,2,0
125.992987,0,1,94,60,1529,99,245,51,0,2,875,9,3,2,0
125.997870,0,0,94,60,1529,99,245,51,0,2,875,9,3,2,0
126.009686,0,0,94,60,1529,99,245,51,0,2,875,9,3,2,0
126.019137,0,0,94,60,1529,99,245,51,0,2,875,9,3,2,0
126.023295,0,1,94,60,1529,99,245,51,0,2,875,8,2,2,0
126.027480,0,0,94,60,1529,99,245,51,0,2,875,8,2,2,0
126.040639,0,0,94,60,1529,99,245,51,0,2,875,8,2,2,0
126.050362,0,1,94,60,1529,99,245,51,0,2,875,8,3,2,0
126.054914,1,0,94,60,1529,99,245,50,0,2,875,8,3,2,0
126.059056,0,0,94,60,1529,99,245,50,0,2,875,8,3,2,0
126.071236,0,0,94,60,1529,99,245,50,0,2,875,8,3,2,0
126.075300,0,1,94,60,1529,99,245,50,0,2,875,9,3,2,0
126.083065,0,0,94,60,1529,99,245,50,0,2,875,9,3,2,0
126.087643,0,0,94,60,1529,99,245,50,0,2,875,9,3,2,0
126.100992,0,0,94,60,1529,99,245,50,0,2,875,9,3,2,0
126.105091,0,0,94,60,1529,99,245,50,0,2,875,9,3,2,0
126.113352,0,0,94,60,1529,99,245,50,0,2,875,9,3,2,0
126.370471,1,1,94,60,1526,99,245,50,0,2,815,9,3,2,0
126.381836,0,0,94,60,1526,99,245,50,0,2,815,9,3,2,0
126.391261,0,0,94,60,1526,99,245,50,0,2,815,9,3,2,0
126.395414,0,0,94,60,1526,99,245,50,0,2,815,9,3,2,0
126.399575,0,0,94,60,1526,99,245,50,0,2,815,9,3,2,0
126.412634,0,0,94,60,1526,99,245,50,0,2,815,9,3,2,0
126.422394,0,0,94,60,1526,99,245,50,0,2,815,9,3,2,0
126.426568,0,0,94,60,1526,99,245,50,0,2,815,9,3,2,0
126.430754,0,1,94,60,1526,99,245,50,0,2,815,9,2,2,0
126.443367,0,0,94,60,1526,99,245,50,0,2,815,9,2,2,0
126.453231,0,0,94,60,1526,99,245,50,0,2,815,9,2,2,0
126.457351,0,0,94,60,1526,99,245,50,0,2,815,9,2,2,0
126.461488,0,0,94,60,1526,99,245,50,0,2,815,9,2,2,0
126.474425,0,0,94,60,1526,99,245,50,0,2,815,9,2,2,0
126.484189,0,0,94,60,1526,99,245,50,0,2,815,9,2,2,0
126.488724,0,0,94,60,1526,99,245,50,0,2,815,9,2,2,0
126.493543,0,0,94,60,1526,99,245,50,0,2,815,9,2,2,0
126.505996,0,0,94,60,1526,99,245,50,0,2,815,9,2,2,0
126.515682,0,1,94,60,1526,99,245,50,1,2,815,9,2,2,0
126.520230,0,0,94,60,1526,99,245,50,1,2,815,9,2,2,0
126.524809,1,0,94,60,1526,99,245,51,1,2,815,9,2,2,0
126.536209,0,0,94,60,1526,99,245,51,1,2,815,9,2,2,0
126.546190,0,1,94,60,1526,99,245,51,0,2,815,9,2,2,0
126.550703,0,0,94,60,1526,99,245,51,0,2,815,9,2,2,0
126.554895,0,0,94,60,1526,99,245,51,0,2,815,9,2,2,0
126.567954,0,0,94,60,1526,99,245,51,0,2,815,9,2,2,0
126.577348,0,0,94,60,1526,99,245,51,0,2,815,9,2,2,0
126.581530,0,0,94,60,1526,99,245,51,0,2,815,9,2,2,0
126.585746,0,0,94,60,1526,99,245,51,0,2,815,9,2,2,0
126.598760,0,0,94,60,1526,99,245,51,0,2,815,9,2,2,0
126.608440,0,0,94,60,1526,99,245,51,0,2,815,9,2,2,0
126.612900,0,0,94,60,1526,99,245,51,0,2,815,9,2,2,0
126.617081,0,0,94,60,1526,99,245,51,0,2,815,9,2,2,0
126.629620,0,0,94,60,1526,99,245,51,0,2,815,9,2,2,0
126.633788,0,0,94,60,1526,99,245,51,0,2,815,9,2,2,0
126.640821,0,0,94,60,1526,99,245,51,0,2,815,9,2,2,0
126.645317,0,0,94,60,1526,99,245,51,0,2,815,9,2,2,0
126.649490,0,0,94,60,1526,99,245,51,0,2,815,9,2,2,0
126.660797,0,0,94,60,1526,99,245,51,0,2,815,9,2,2,0
126.670196,0,0,94,60,1526,99,245,51,0,2,815,9,2,2,0
126.674721,0,0,94,60,1526,99,245,51,0,2,815,9,2,2,0
126.679243,0,0,94,60,1526,99,245,51,0,2,815,9,2,2,0
126.692079,0,0,94,60,1526,99,245,51,0,2,815,9,2,2,0
126.701988,0,0,94,60,1526,99,245,51,0,2,815,9,2,2,0
126.706617,0,0,94,60,1526,99,245,51,0,2,815,9,2,2,0
126.710753,0,1,94,60,1526,99,245,51,0,2,815,9,2,1,0
126.722287,0,0,94,60,1526,99,245,51,0,2,815,9,2,1,0
126.726355,0,0,94,60,1526,99,245,51,0,2,815,9,2,1,0
126.733391,0,0,94,60,1526,99,245,51,0,2,815,9,2,1,0
126.737492,0,0,94,60,1526,99,245,51,0,2,815,9,2,1,0
126.741585,0,0,94,60,1526,99,245,51,0,2,815,9,2,1,0
126.753332,0,0,94,60,1526,99,245,51,0,2,815,9,2,1,0
126.757344,0,0,94,60,1526,99,245,51,0,2,815,9,2,1,0
126.764767,0,0,94,60,1526,99,245,51,0,2,815,9,2,1,0
126.768862,0,1,94,60,1526,99,245,51,0,2,815,9,2,2,0
126.772893,0,0,94,60,1526,99,245,51,0,2,815,9,2,2,0
126.784690,0,0,94,60,1526,99,245,51,0,2,815,9,2,2,0
126.788765,0,0,94,60,1526,99,245,51,0,2,815,9,2,2,0
126.795980,1,0,94,60,1526,100,245,51,0,2,815,9,2,2,0
126.800121,0,0,94,60,1526,100,245,51,0,2,815,9,2,2,0
126.804305,0,0,94,60,1526,100,245,51,0,2,815,9,2,2,0
126.815299,0,0,94,60,1526,100,245,51,0,2,815,9,2,2,0
126.819394,0,0,94,60,1526,100,245,51,0,2,815,9,2,2,0
126.826457,1,0,94,60,1526,98,245,51,0,2,815,9,2,2,0
127.096274,1,1,94,60,1528,99,245,50,0,2,873,8,2,1,0
127.106802,1,0,94,60,1528,99,245,51,0,2,873,8,2,1,0
127.111901,0,1,94,60,1528,99,245,51,0,1,870,8,2,1,0
127.124925,0,0,94,60,1528,99,245,51,0,1,870,8,2,1,0
127.129126,0,0,94,60,1528,99,245,51,0,1,870,8,2,1,0
127.136511,0,0,94,60,1528,99,245,51,0,1,870,8,2,1,0
127.141017,0,0,94,60,1528,99,245,51,0,1,870,8,2,1,0
127.145881,1,1,94,60,1527,99,245,51,0,1,867,9,2,1,0
127.156838,0,0,94,60,1527,99,245,51,0,1,867,9,2,1,0
127.166591,0,0,94,60,1527,99,245,51,0,1,867,9,2,1,0
127.170762,0,1,94,60,1527,99,245,51,0,2,867,9,2,1,0
127.175326,1,1,94,60,1528,99,245,51,0,2,887,8,3,1,379
127.187481,0,0,94,60,1528,99,245,51,0,2,887,8,3,1,379
127.191967,0,0,94,60,1528,99,245,51,0,2,887,8,3,1,379
127.199090,0,0,94,60,1528,99,245,51,0,2,887,8,3,1,379
127.203781,1,1,94,60,1531,99,245,51,0,2,905,8,3,1,0
127.217304,0,0,94,60,1531,99,245,51,0,2,905,8,3,1,0
127.221506,0,0,94,60,1531,99,245,51,0,2,905,8,3,1,0
127.229621,0,0,94,60,1531,99,245,51,0,2,905,8,3,1,0
127.234383,1,1,94,60,1529,99,245,51,0,1,886,8,3,1,0
127.248164,0,1,94,60,1529,99,245,51,0,1,886,8,2,1,0
127.253936,0,0,94,60,1529,99,245,51,0,1,886,8,2,1,0
127.260931,0,1,94,60,1529,99,245,51,0,2,886,8,2,1,0
127.265812,1,1,94,60,1528,99,245,51,0,2,880,8,2,1,0
127.279222,0,1,94,60,1528,99,245,51,0,2,880,8,2,2,0
127.283422,0,0,94,60,1528,99,245,51,0,2,880,8,2,2,0
127.291867,0,0,94,60,1528,99,245,51,0,2,880,8,2,2,0
127.295964,0,1,94,60,1528,99,245,51,0,2,877,8,2,2,0
127.300104,0,0,94,60,1528,99,245,51,0,2,877,8,2,2,0
127.312117,0,0,94,60,1528,99,245,51,0,2,877,8,2,2,0
127.321454,0,0,94,60,1528,99,245,51,0,2,877,8,2,2,0
127.325566,0,0,94,60,1528,99,245,51,0,2,877,8,2,2,0
127.329704,0,1,94,60,1528,99,245,51,0,2,877,8,3,2,0
127.342500,0,0,94,60,1528,99,245,51,0,2,877,8,3,2,0
127.346600,0,0,94,60,1528,99,245,51,0,2,877,8,3,2,0
127.353771,0,1,94,60,1528,99,245,51,0,1,877,8,3,2,0
127.358200,1,1,94,60,1528,100,245,51,0,1,874,8,3,2,0
127.362318,0,0,94,60,1528,100,245,51,0,1,874,8,3,2,0
127.373753,0,0,94,60,1528,100,245,51,0,1,874,8,3,2,0
127.383390,0,0,94,60,1528,100,245,51,0,1,874,8,3,2,0
127.387489,1,1,94,60,1528,98,245,51,0,1,874,9,3,2,0
127.389326,0,0,94,60,1528,98,245,51,0,1,874,9,3,2,0
127.393593,0,0,94,60,1528,98,245,51,0,1,874,9,3,2,0
127.405182,0,0,94,60,1528,98,245,51,0,1,874,9,3,2,0
127.414523,0,0,94,60,1528,98,245,51,0,1,874,9,3,2,0
127.419013,1,1,94,60,1528,99,245,51,0,1,873,9,3,2,0
127.423218,0,0,94,60,1528,99,245,51,0,1,873,9,3,2,0
127.435832,0,0,94,60,1528,99,245,51,0,1,873,9,3,2,0
127.445683,0,1,94,60,1528,99,245,51,0,2,873,9,3,2,0
127.450906,1,1,94,60,1528,98,245,51,0,2,872,8,3,1,0
127.455177,0,0,94,60,1528,98,245,51,0,2,872,8,3,1,0
127.467155,0,0,94,60,1528,98,245,51,0,2,872,8,3,1,0
127.476619,1,1,94,60,1527,98,245,51,0,2,872,9,3,1,0
127.481506,1,1,94,60,1527,100,245,51,0,2,872,9,3,2,0
127.486034,0,0,94,60,1527,100,245,51,0,2,872,9,3,2,0
127.497803,0,0,94,60,1527,100,245,51,0,2,872,9,3,2,0
127.507412,0,1,94,60,1527,100,245,51,0,1,872,9,3,2,0
127.511915,1,0,94,60,1527,99,245,51,0,1,872,9,3,2,0
127.516099,0,0,94,60,1527,99,245,51,0,1,872,9,3,2,0
127.529177,0,0,94,60,1527,99,245,51,0,1,872,9,3,2,0
127.538826,0,1,94,60,1527,99,245,51,0,1,871,8,3,2,0
127.543304,0,0,94,60,1527,99,245,51,0,1,871,8,3,2,0
127.547502,0,0,94,60,1527,99,245,51,0,1,871,8,3,2,0
127.559840,0,0,94,60,1527,99,245,51,0,1,871,8,3,2,0
127.569377,1,0,94,60,1527,100,245,51,0,1,871,8,3,2,0
127.574211,1,1,94,60,1527,100,245,50,0,1,871,8,2,2,0
127.578738,0,0,94,60,1527,100,245,50,0,1,871,8,2,2,0
127.590854,0,0,94,60,1527,100,245,50,0,1,871,8,2,2,0
127.600350,0,0,94,60,1527,100,245,50,0,1,871,8,2,2,0
127.604560,0,0,94,60,1527,100,245,50,0,1,871,8,2,2,0
127.608793,0,0,94,60,1527,100,245,50,0,1,871,8,2,2,0
127.621841,0,1,94,60,1527,100,245,50,0,2,870,8,2,2,0
127.631794,1,1,94,60,1527,99,245,50,0,2,870,9,2,2,0
127.636342,1,0,94,60,1527,99,245,51,0,2,870,9,2,2,0
127.640934,0,0,94,60,1527,99,245,51,0,2,870,9,2,2,0
127.652493,0,1,94,60,1527,99,245,51,0,1,870,8,2,2,0
127.662373,0,1,94,60,1527,99,245,51,0,1,870,8,3,2,0
127.666882,0,0,94,60,1527,99,245,51,0,1,870,8,3,2,0
127.670991,0,1,94,60,1527,99,245,51,0,2,870,8,3,2,0
127.683436,0,0,94,60,1527,99,245,51,0,2,870,8,3,2,0
127.687987,0,0,94,60,1527,99,245,51,0,2,870,8,3,2,0
127.946506,1,1,94,60,1531,99,245,51,0,1,1061,8,4,1,0
127.950678,0,1,94,60,1531,99,245,51,0,1,1061,8,3,1,0
127.963020,0,1,94,60,1531,99,245,51,0,1,1061,8,3,0,0
127.972811,0,0,94,60,1531,99,245,51,0,1,1061,8,3,0,0
127.977293,0,0,94,60,1531,99,245,51,0,1,1061,8,3,0,288
127.981393,1,1,94,60,1533,99,245,51,0,1,1085,8,4,1,288
127.993869,0,0,94,60,1533,99,245,51,0,1,1085,8,4,1,288
127.997904,0,0,94,60,1533,99,245,51,0,1,1085,8,4,1,288
128.005102,0,0,94,60,1533,99,245,51,0,1,1085,8,4,1,288
128.009235,0,1,94,60,1533,99,245,51,0,1,1092,8,4,1,288
128.013351,0,0,94,60,1533,99,245,51,0,1,1092,8,4,1,288
128.024671,0,0,94,60,1533,99,245,51,0,1,1092,8,4,1,288
128.028743,0,0,94,60,1533,99,245,51,0,1,1092,8,4,1,288
128.035698,0,0,94,60,1533,99,245,51,0,1,1092,8,4,1,288
128.039769,0,1,94,60,1533,99,245,51,0,0,1092,8,4,1,291
128.043857,1,0,94,60,1533,98,245,51,0,0,1092,8,4,1,291
128.055515,0,0,94,60,1533,98,245,51,0,0,1092,8,4,1,291
128.059647,0,0,94,60,1533,98,245,51,0,0,1092,8,4,1,291
128.066754,0,1,94,60,1533,98,245,51,0,1,1092,8,4,1,291
128.071291,0,0,94,60,1533,98,245,51,0,1,1092,8,4,1,293
128.075816,1,0,94,60,1533,98,245,50,0,1,1092,8,4,1,293
128.087088,0,0,94,60,1533,98,245,50,0,1,1092,8,4,1,293
128.096808,0,1,94,60,1533,98,245,50,0,0,1092,8,4,1,293
128.102608,0,0,94,60,1533,98,245,50,0,0,1092,8,4,1,293
128.116850,0,0,94,60,1533,98,245,50,0,0,1092,8,4,1,293
128.127824,0,0,94,60,1533,98,245,50,0,0,1092,8,4,1,293
128.133650,1,1,94,60,1533,99,245,50,0,1,1091,9,4,1,286
128.137041,0,0,94,60,1533,99,245,50,0,1,1091,9,4,1,286
128.150088,0,0,94,60,1533,99,245,50,0,1,1091,9,4,1,286
128.161263,0,1,94,60,1533,99,245,50,0,0,1091,8,4,1,290
128.167323,1,1,94,60,1533,99,245,51,0,0,1091,8,3,1,290
128.181193,0,0,94,60,1533,99,245,51,0,0,1091,8,3,1,290
128.192558,0,1,94,60,1533,99,245,51,0,0,1090,8,3,1,286
128.198477,0,0,94,60,1533,99,245,51,0,0,1090,8,3,1,286
128.212110,0,0,94,60,1533,99,245,51,0,0,1090,8,3,1,286
128.222252,0,0,94,60,1533,99,245,51,0,0,1090,8,3,1,290
128.228282,0,0,94,60,1533,99,245,51,0,0,1090,8,3,1,290
128.243174,0,0,94,60,1533,99,245,51,0,0,1090,8,3,1,290
128.254029,0,1,94,60,1533,99,245,51,0,1,1090,8,3,1,286
128.258620,0,0,94,60,1533,99,245,51,0,1,1090,8,3,1,286
128.272084,0,0,94,60,1533,99,245,51,0,1,1090,8,3,1,286
128.276624,0,1,94,60,1533,99,245,51,0,1,1090,9,3,1,290
128.284430,0,1,94,60,1533,99,245,51,0,1,1090,9,4,1,290
128.288927,0,0,94,60,1533,99,245,51,0,1,1090,9,4,1,290
128.293108,0,0,94,60,1533,99,245,51,0,1,1090,9,4,1,290
128.303929,0,0,94,60,1533,99,245,51,0,1,1090,9,4,1,290
128.313537,0,0,94,60,1533,99,245,51,0,1,1090,9,4,1,289
128.318386,0,0,94,60,1533,99,245,51,0,1,1090,9,4,1,289
128.322897,0,0,94,60,1533,99,245,51,0,1,1090,9,4,1,289
128.335053,0,1,94,60,1533,99,245,51,0,0,1090,9,4,1,289
128.344533,0,0,94,60,1533,99,245,51,0,0,1090,9,4,1,289
128.348703,0,0,94,60,1533,99,245,51,0,0,1090,9,4,1,289
128.352825,0,0,94,60,1533,99,245,51,0,0,1090,9,4,1,289
128.365958,0,1,94,60,1533,99,245,51,0,1,1090,9,4,1,286
128.370111,0,1,94,60,1533,99,245,51,0,1,1090,8,4,1,286
128.377781,1,0,94,60,1533,99,245,50,0,1,1090,8,4,1,286
128.381903,0,0,94,60,1533,99,245,50,0,1,1090,8,4,1,286
128.395531,0,0,94,60,1533,99,245,50,0,1,1090,8,4,1,286
128.399759,0,1,94,60,1533,99,245,50,0,1,1089,8,4,1,286
128.408265,0,0,94,60,1533,99,245,50,0,1,1089,8,4,1,286
128.412428,0,0,94,60,1533,99,245,50,0,1,1089,8,4,1,286
128.416592,0,0,94,60,1533,99,245,50,0,1,1089,8,4,1,286
128.427720,0,0,94,60,1533,99,245,50,0,1,1089,8,4,1,286
128.432242,0,1,94,60,1533,99,245,50,0,1,1090,8,3,1,293
128.694786,1,1,94,60,1531,99,245,51,0,1,1010,8,3,2,0
128.707222,0,0,94,60,1531,99,245,51,0,1,1010,8,3,2,0
128.716625,0,0,94,60,1531,99,245,51,0,1,1010,8,3,2,0
128.721446,0,1,94,60,1531,99,245,51,0,1,1001,8,3,2,0
128.727357,0,1,94,60,1531,99,245,51,0,1,1001,9,3,1,0
128.739300,0,0,94,60,1531,99,245,51,0,1,1001,9,3,1,0
128.750561,0,0,94,60,1531,99,245,51,0,1,1001,9,3,1,0
128.755593,0,0,94,60,1531,99,245,51,0,1,1001,9,3,1,0
128.769452,1,0,94,60,1531,99,245,50,0,1,1001,9,3,1,0
128.778863,0,0,94,60,1531,99,245,50,0,1,1001,9,3,1,0
128.783328,0,1,94,60,1531,99,245,50,0,1,998,8,3,1,0
128.787475,0,0,94,60,1531,99,245,50,0,1,998,8,3,1,0
128.800031,0,0,94,60,1531,99,245,50,0,1,998,8,3,1,0
128.804145,0,0,94,60,1531,99,245,50,0,1,998,8,3,1,0
128.811555,0,0,94,60,1531,99,245,50,0,1,998,8,3,1,0
128.815822,0,0,94,60,1531,99,245,50,0,1,998,8,3,1,0
128.820420,1,0,94,60,1531,99,245,51,0,1,998,8,3,1,0
128.831399,0,0,94,60,1531,99,245,51,0,1,998,8,3,1,0
128.840984,0,0,94,60,1531,99,245,51,0,1,998,8,3,1,0
128.845474,0,0,94,60,1531,99,245,51,0,1,998,8,3,1,0
128.848344,0,0,94,60,1531,99,245,51,0,1,998,8,3,1,0
128.861713,0,0,94,60,1531,99,245,51,0,1,998,8,3,1,0
128.865804,0,0,94,60,1531,99,245,51,0,1,998,8,3,1,0
128.873199,0,0,94,60,1531,99,245,51,0,1,998,8,3,1,0
128.877385,0,0,94,60,1531,99,245,51,0,1,998,8,3,1,0
128.881498,0,0,94,60,1531,99,245,51,0,1,998,8,3,1,0
128.893442,0,0,94,60,1531,99,245,51,0,1,998,8,3,1,0
128.902856,0,1,94,60,1531,99,245,51,0,1,997,8,3,1,0
128.907017,1,0,94,60,1531,99,245,50,0,1,997,8,3,1,0
128.911549,0,0,94,60,1531,99,245,50,0,1,997,8,3,1,0
128.923724,0,0,94,60,1531,99,245,50,0,1,997,8,3,1,0
128.933932,0,0,94,60,1531,99,245,50,0,1,997,8,3,1,0
128.938467,0,0,94,60,1531,99,245,50,0,1,997,8,3,1,0
128.942943,0,0,94,60,1531,99,245,50,0,1,997,8,3,1,0
128.955096,0,0,94,60,1531,99,245,50,0,1,997,8,3,1,0
128.964683,0,0,94,60,1531,99,245,50,0,1,997,8,3,1,0
128.968857,0,0,94,60,1531,99,245,50,0,1,997,8,3,1,0
128.973035,0,0,94,60,1531,99,245,50,0,1,997,8,3,1,0
128.986119,0,0,94,60,1531,99,245,50,0,1,997,8,3,1,0
128.995692,0,0,94,60,1531,99,245,50,0,1,997,8,3,1,0
128.999977,1,0,94,60,1531,99,245,51,0,1,997,8,3,1,0
129.004159,0,0,94,60,1531,99,245,51,0,1,997,8,3,1,0
129.016758,0,0,94,60,1531,99,245,51,0,1,997,8,3,1,0
129.021201,0,0,94,60,1531,99,245,51,0,1,997,8,3,1,0
129.028526,0,0,94,60,1531,99,245,51,0,1,997,8,3,1,0
129.033044,0,0,94,60,1531,99,245,51,0,1,997,8,3,1,0
129.037189,0,0,94,60,1531,99,245,51,0,1,997,8,3,1,0
129.047960,0,0,94,60,1531,99,245,51,0,1,997,8,3,1,0
129.052143,0,1,94,60,1531,99,245,51,0,1,996,8,3,1,0
129.059206,0,0,94,60,1531,99,245,51,0,1,996,8,3,1,0
129.063431,0,0,94,60,1531,99,245,51,0,1,996,8,3,1,0
129.068334,0,1,94,60,1531,99,245,51,0,2,996,8,3,1,0
129.079230,0,0,94,60,1531,99,245,51,0,2,996,8,3,1,0
129.088859,0,0,94,60,1531,99,245,51,0,2,996,8,3,1,0
129.093458,0,0,94,60,1531,99,245,51,0,2,996,8,3,1,0
129.097648,0,0,94,60,1531,99,245,51,0,2,996,8,3,1,0
129.110142,0,0,94,60,1531,99,245,51,0,2,996,8,3,1,0
129.119942,0,0,94,60,1531,99,245,51,0,2,996,8,3,1,0
129.124549,0,0,94,60,1531,99,245,51,0,2,996,8,3,1,0
129.129086,0,1,94,60,1531,99,245,51,0,1,996,8,3,1,0
129.141188,0,0,94,60,1531,99,245,51,0,1,996,8,3,1,0
129.150768,0,0,94,60,1531,99,245,51,0,1,996,8,3,1,0
129.407035,1,1,94,60,1531,98,245,50,0,1,1198,8,4,0,479
129.420440,0,0,94,60,1531,98,245,50,0,1,1198,8,4,0,479
129.429976,0,0,94,60,1531,98,245,50,0,1,1198,8,4,0,479
129.434488,1,1,94,60,1539,99,245,50,0,1,1291,8,4,0,61
129.439023,0,0,94,60,1539,99,245,50,0,1,1291,8,4,0,61
129.451266,0,0,94,60,1539,99,245,50,0,1,1291,8,4,0,61
129.460789,0,1,94,60,1539,99,245,50,0,1,1258,8,4,0,0
129.465248,1,1,94,60,1535,99,245,50,0,1,1258,9,4,0,0
129.469473,0,0,94,60,1535,99,245,50,0,1,1258,9,4,0,0
129.482198,0,0,94,60,1535,99,245,50,0,1,1258,9,4,0,0
129.492018,0,0,94,60,1535,99,245,50,0,1,1258,9,4,0,237
129.496183,1,1,94,60,1535,99,245,51,0,1,1265,8,4,0,237
129.500730,0,0,94,60,1535,99,245,51,0,1,1265,8,4,0,237
129.512803,0,0,94,60,1535,99,245,51,0,1,1265,8,4,0,237
129.522788,0,1,94,60,1535,99,245,51,0,1,1309,8,4,0,261
129.526917,1,0,94,60,1540,99,245,51,0,1,1309,8,4,0,261
129.531080,0,0,94,60,1540,99,245,51,0,1,1309,8,4,0,261
129.544676,0,0,94,60,1540,99,245,51,0,1,1309,8,4,0,261
129.554265,0,0,94,60,1540,99,245,51,0,1,1309,8,4,0,261
129.558964,0,0,94,60,1540,99,245,51,0,1,1309,8,4,0,261
129.563411,0,0,94,60,1540,99,245,51,0,1,1309,8,4,0,261
129.575218,0,0,94,60,1540,99,245,51,0,1,1309,8,4,0,261
129.585141,0,0,94,60,1540,99,245,51,0,1,1309,8,4,0,261
129.589627,0,0,94,60,1540,99,245,51,0,1,1309,8,4,0,261
129.594051,0,0,94,60,1540,99,245,51,0,1,1309,8,4,0,261
129.605941,0,0,94,60,1540,99,245,51,0,1,1309,8,4,0,261
129.610122,0,0,94,60,1540,99,245,51,0,1,1309,8,4,0,261
129.617586,0,0,94,60,1540,99,245,51,0,1,1309,8,4,0,261
129.622120,0,0,94,60,1540,99,245,51,0,1,1309,8,4,0,261
129.635679,0,0,94,60,1540,99,245,51,0,1,1309,8,4,0,261
129.640563,0,1,94,60,1540,99,245,51,0,1,1306,8,4,0,263
129.648387,0,0,94,60,1540,99,245,51,0,1,1306,8,4,0,263
129.652602,0,0,94,60,1540,99,245,51,0,1,1306,8,4,0,263
129.656775,0,0,94,60,1540,99,245,51,0,1,1306,8,4,0,263
129.668242,0,0,94,60,1540,99,245,51,0,1,1306,8,4,0,263
129.678092,0,0,94,60,1540,99,245,51,0,1,1306,8,4,0,262
129.680264,0,0,94,60,1540,99,245,51,0,1,1306,8,4,0,262
129.684439,0,0,94,60,1540,99,245,51,0,1,1306,8,4,0,262
129.697801,0,0,94,60,1540,99,245,51,0,1,1306,8,4,0,262
129.701928,0,0,94,60,1540,99,245,51,0,1,1306,8,4,0,262
129.710433,0,0,94,60,1540,99,245,51,0,1,1306,8,4,0,262
129.714643,0,0,94,60,1540,99,245,51,0,1,1306,8,4,0,262
129.719094,0,0,94,60,1540,99,245,51,0,1,1306,8,4,0,262
129.730684,0,1,94,60,1540,99,245,51,0,1,1305,8,4,0,262
129.740145,0,0,94,60,1540,99,245,51,0,1,1305,8,4,0,262
129.745057,0,0,94,60,1540,99,245,51,0,1,1305,8,4,0,262
129.749612,0,0,94,60,1540,99,245,51,0,1,1305,8,4,0,262
129.761229,0,0,94,60,1540,99,245,51,0,1,1305,8,4,0,258
129.771055,0,0,94,60,1540,99,245,51,0,1,1305,8,4,0,258
129.775222,0,0,94,60,1540,99,245,51,0,1,1305,8,4,0,258
129.779750,0,0,94,60,1540,99,245,51,0,1,1305,8,4,0,258
129.791965,0,0,94,60,1540,99,245,51,0,1,1305,8,4,0,260
129.796469,0,0,94,60,1540,99,245,51,0,1,1305,8,4,0,260
129.803274,0,0,94,60,1540,99,245,51,0,1,1305,8,4,0,260
129.807438,0,0,94,60,1540,99,245,51,0,1,1305,8,4,0,260
129.811603,0,0,94,60,1540,99,245,51,0,1,1305,8,4,0,260
129.823327,0,1,94,60,1540,99,245,51,0,1,1304,8,4,0,260
129.832767,1,0,94,60,1540,99,245,50,0,1,1304,8,4,0,260
129.836862,0,0,94,60,1540,99,245,50,0,1,1304,8,4,0,260
129.840894,0,0,94,60,1540,99,245,50,0,1,1304,8,4,0,260
129.853881,0,0,94,60,1540,99,245,50,0,1,1304,8,4,0,262
129.857888,0,0,94,60,1540,99,245,50,0,1,1304,8,4,0,262
129.865295,0,0,94,60,1540,99,245,50,0,1,1304,8,4,0,262
129.869384,0,0,94,60,1540,99,245,50,0,1,1304,8,4,0,262
129.873436,0,0,94,60,1540,99,245,50,0,1,1304,8,4,0,259
129.884887,0,0,94,60,1540,99,245,50,0,1,1304,8,4,0,259
129.888959,1,0,94,60,1540,99,245,51,0,1,1304,8,4,0,259
129.896072,0,0,94,60,1540,99,245,51,0,1,1304,8,4,0,259
129.900146,0,0,94,60,1540,99,245,51,0,1,1304,8,4,0,259
129.904253,1,0,94,60,1540,98,245,51,0,1,1304,8,4,0,260
129.916013,0,0,94,60,1540,98,245,51,0,1,1304,8,4,0,260
129.920200,0,0,94,60,1540,98,245,51,0,1,1304,8,4,0,260
129.927543,0,0,94,60,1540,98,245,51,0,1,1304,8,4,0,260
129.931715,0,1,94,60,1540,98,245,51,0,0,1304,8,4,0,260
129.936199,0,0,94,60,1540,98,245,51,0,0,1304,8,4,0,260
129.948533,0,0,94,60,1540,98,245,51,0,0,1304,8,4,0,260
129.958716,0,0,94,60,1540,98,245,51,0,0,1304,8,4,0,260
129.963232,0,1,94,60,1540,98,245,51,0,1,1304,8,4,0,260
129.976740,1,0,94,60,1540,99,245,51,0,1,1304,8,4,0,260
130.241866,1,1,94,60,1529,98,245,50,0,1,1079,8,3,1,0
130.256118,0,0,94,60,1529,98,245,50,0,1,1079,8,3,1,0
130.260451,0,1,94,60,1529,98,245,50,0,2,1079,9,3,1,0
130.268681,0,1,94,60,1529,98,245,50,0,2,1079,9,2,1,0
130.273152,0,0,94,60,1529,98,245,50,0,2,1079,9,2,1,0
130.277317,0,0,94,60,1529,98,245,50,0,2,1079,9,2,1,0
130.289247,0,0,94,60,1529,98,245,50,0,2,1079,9,2,1,0
130.298879,0,1,94,60,1529,98,245,50,0,2,1079,8,3,1,0
130.303037,1,0,94,60,1529,98,245,51,0,2,1079,8,3,1,0
130.307526,0,0,94,60,1529,98,245,51,0,2,1079,8,3,1,0
130.320506,0,0,94,60,1529,98,245,51,0,2,1079,8,3,1,0
130.332297,1,0,94,60,1528,99,245,51,0,2,1079,8,3,1,0
130.338584,0,0,94,60,1528,99,245,51,0,2,1079,8,3,1,0
130.352004,0,1,94,60,1528,99,245,51,0,2,1078,8,3,1,0
130.361857,1,0,94,60,1528,99,245,50,0,2,1078,8,3,1,0
130.366051,0,0,94,60,1528,99,245,50,0,2,1078,8,3,1,0
130.379821,0,0,94,60,1528,99,245,50,0,2,1078,8,3,1,0
130.384012,1,1,94,60,1528,98,245,50,0,2,1078,8,2,1,0
130.392871,0,0,94,60,1528,98,245,50,0,2,1078,8,2,1,0
130.395446,0,0,94,60,1528,98,245,50,0,2,1078,8,2,1,0
130.399995,0,1,94,60,1528,98,245,50,0,1,1078,8,2,1,0
130.412898,0,0,94,60,1528,98,245,50,0,1,1078,8,2,1,0
130.423156,0,1,94,60,1528,98,245,50,0,1,1078,8,3,1,0
130.428427,0,0,94,60,1528,98,245,50,0,1,1078,8,3,1,0
130.441787,0,1,94,60,1528,98,245,50,0,2,1078,8,3,1,0
130.446326,0,0,94,60,1528,98,245,50,0,2,1078,8,3,1,0
130.454226,0,0,94,60,1528,98,245,50,0,2,1078,8,3,1,0
130.458420,0,0,94,60,1528,98,245,50,0,2,1078,8,3,1,0
130.462516,0,0,94,60,1528,98,245,50,0,2,1078,8,3,1,0
130.474417,0,1,94,60,1528,98,245,50,0,2,1078,8,2,1,0
130.483969,0,1,94,60,1528,98,245,50,0,2,1078,8,2,0,0
130.488501,0,0,94,60,1528,98,245,50,0,2,1078,8,2,0,0
130.492694,0,0,94,60,1528,98,245,50,0,2,1078,8,2,0,0
130.505045,0,1,94,60,1528,98,245,50,0,2,1078,8,3,0,0
130.509228,0,0,94,60,1528,98,245,50,0,2,1078,8,3,0,0
130.516441,0,0,94,60,1528,98,245,50,0,2,1078,8,3,0,0
130.520582,0,1,94,60,1528,98,245,50,0,1,1078,8,3,0,0
130.524785,0,0,94,60,1528,98,245,50,0,1,1078,8,3,0,0
130.536352,0,0,94,60,1528,98,245,50,0,1,1078,8,3,0,0
130.540502,0,1,94,60,1528,98,245,50,0,1,1078,8,3,1,0
130.547837,0,0,94,60,1528,98,245,50,0,1,1078,8,3,1,0
130.552813,0,1,94,60,1528,98,245,50,0,2,1078,8,3,1,0
130.567040,0,1,94,60,1528,98,245,50,0,2,1078,9,3,1,0
130.577047,0,0,94,60,1528,98,245,50,0,2,1078,9,3,1,0
130.582044,0,0,94,60,1528,98,245,50,0,2,1078,9,3,1,0
130.587227,1,1,94,60,1528,99,245,50,0,2,1078,8,3,1,0
130.599464,1,0,94,60,1528,99,245,51,0,2,1078,8,3,1,0
130.610161,0,0,94,60,1528,99,245,51,0,2,1078,8,3,1,0
130.616029,0,0,94,60,1528,99,245,51,0,2,1078,8,3,1,0
130.630552,0,0,94,60,1528,99,245,51,0,2,1078,8,3,1,0
130.640403,0,0,94,60,1528,99,245,51,0,2,1078,8,3,1,0
130.644928,0,1,94,60,1528,99,245,51,0,1,1077,8,3,1,0
130.649146,0,0,94,60,1528,99,245,51,0,1,1077,8,3,1,0
130.660142,0,0,94,60,1528,99,245,51,0,1,1077,8,3,1,0
130.664311,0,0,94,60,1528,99,245,51,0,1,1077,8,3,1,0
130.671725,0,0,94,60,1528,99,245,51,0,1,1077,8,3,1,0
130.676232,0,0,94,60,1528,99,245,51,0,1,1077,8,3,1,0
130.689950,0,0,94,60,1528,99,245,51,0,1,1077,8,3,1,0
130.694146,0,0,94,60,1528,99,245,51,0,1,1077,8,3,1,0
130.955298,1,1,94,60,1529,100,245,50,0,1,1067,8,3,1,0
130.968996,0,0,94,60,1529,100,245,50,0,1,1067,8,3,1,0
130.973917,0,1,94,60,1529,100,245,50,0,2,1067,8,3,1,0
130.982313,1,1,94,60,1529,98,245,50,0,2,1067,8,2,1,0
130.986866,0,0,94,60,1529,98,245,50,0,2,1067,8,2,1,0
131.000091,0,0,94,60,1529,98,245,50,0,2,1067,8,2,1,0
131.004226,0,1,94,60,1529,98,245,50,0,1,1066,8,2,1,0
131.012584,1,0,94,60,1529,98,245,51,0,1,1066,8,2,1,0
131.016774,0,0,94,60,1529,98,245,51,0,1,1066,8,2,1,0
131.021835,0,0,94,60,1529,98,245,51,0,1,1066,8,2,1,0
131.032344,0,1,94,60,1529,98,245,51,0,2,1066,8,2,1,0
131.036487,1,1,94,60,1529,99,245,51,0,2,1066,9,3,1,0
131.043404,0,0,94,60,1529,99,245,51,0,2,1066,9,3,1,0
131.047511,0,0,94,60,1529,99,245,51,0,2,1066,9,3,1,0
131.051614,0,0,94,60,1529,99,245,51,0,2,1066,9,3,1,0
131.063173,0,1,94,60,1529,99,245,51,0,1,1066,9,3,1,0
131.067310,0,1,94,60,1529,99,245,51,0,1,1066,9,2,1,0
131.074571,0,0,94,60,1529,99,245,51,0,1,1066,9,2,1,0
131.079702,0,0,94,60,1529,99,245,51,0,1,1066,9,2,1,0
131.093084,0,1,94,60,1529,99,245,51,0,1,1065,9,2,1,0
131.097575,0,0,94,60,1529,99,245,51,0,1,1065,9,2,1,0
131.105326,0,0,94,60,1529,99,245,51,0,1,1065,9,2,1,0
131.107238,0,0,94,60,1529,99,245,51,0,1,1065,9,2,1,0
131.111323,0,0,94,60,1529,99,245,51,0,1,1065,9,2,1,0
131.124474,0,0,94,60,1529,99,245,51,0,1,1065,9,2,1,0
131.128577,1,0,94,60,1529,98,245,51,0,1,1065,9,2,1,0
131.136228,0,0,94,60,1529,98,245,51,0,1,1065,9,2,1,0
131.140348,0,0,94,60,1529,98,245,51,0,1,1065,9,2,1,0
131.144444,0,1,94,60,1529,98,245,51,0,2,1065,9,2,1,0
131.156164,0,1,94,60,1529,98,245,51,0,2,1065,8,2,1,0
131.160279,0,1,94,60,1529,98,245,51,0,2,1065,8,3,2,0
131.168333,0,0,94,60,1529,98,245,51,0,2,1065,8,3,2,0
131.173263,0,0,94,60,1529,98,245,51,0,2,1065,8,3,2,0
131.186992,0,0,94,60,1529,98,245,51,0,2,1065,8,3,2,0
131.191233,0,0,94,60,1529,98,245,51,0,2,1065,8,3,2,0
131.199109,0,0,94,60,1529,98,245,51,0,2,1065,8,3,2,0
131.203939,0,0,94,60,1529,98,245,51,0,2,1065,8,3,2,0
131.217151,0,1,94,60,1529,98,245,51,0,1,1065,9,3,2,0
131.221987,0,1,94,60,1529,98,245,51,0,1,1065,9,3,1,0
131.229850,0,0,94,60,1529,98,245,51,0,1,1065,9,3,1,0
131.233968,0,0,94,60,1529,98,245,51,0,1,1065,9,3,1,0
131.238514,0,0,94,60,1529,98,245,51,0,1,1065,9,3,1,0
131.250307,0,0,94,60,1529,98,245,51,0,1,1065,9,3,1,0
131.260371,0,0,94,60,1529,98,245,51,0,1,1065,9,3,1,0
131.264468,0,0,94,60,1529,98,245,51,0,1,1065,9,3,1,0
131.268966,1,0,94,60,1529,99,245,51,0,1,1065,9,3,1,0
131.280555,0,0,94,60,1529,99,245,51,0,1,1065,9,3,1,0
131.290094,0,0,94,60,1529,99,245,51,0,1,1065,9,3,1,0
131.294290,0,0,94,60,1529,99,245,51,0,1,1065,9,3,1,0
131.298458,0,0,94,60,1529,99,245,51,0,1,1065,9,3,1,0
131.311605,0,1,94,60,1529,99,245,51,0,1,1065,9,3,2,0
131.321169,0,0,94,60,1529,99,245,51,0,1,1065,9,3,2,0
131.325290,0,0,94,60,1529,99,245,51,0,1,1065,9,3,2,0
131.329500,0,1,94,60,1529,99,245,51,0,1,1065,8,3,2,0
131.342210,0,1,94,60,1529,99,245,51,0,1,1065,8,3,1,0
131.346751,0,0,94,60,1529,99,245,51,0,1,1065,8,3,1,0
131.354338,0,0,94,60,1529,99,245,51,0,1,1065,8,3,1,0
131.358878,0,0,94,60,1529,99,245,51,0,1,1065,8,3,1,0
131.372132,0,0,94,60,1529,99,245,51,0,1,1065,8,3,1,0
131.376307,0,0,94,60,1529,99,245,51,0,1,1065,8,3,1,0
131.384314,0,1,94,60,1529,99,245,51,0,2,1065,8,3,1,0
131.388519,0,0,94,60,1529,99,245,51,0,2,1065,8,3,1,0
131.393022,0,0,94,60,1529,99,245,51,0,2,1065,8,3,1,0
131.404264,0,0,94,60,1529,99,245,51,0,2,1065,8,3,1,0
131.668631,1,1,94,60,1529,99,245,50,0,1,1064,8,3,2,0
131.682230,0,0,94,60,1529,99,245,50,0,1,1064,8,3,2,0
131.686377,1,1,94,60,1529,100,245,50,0,1,1064,9,3,2,0
131.694354,0,1,94,60,1529,100,245,50,0,1,1064,9,3,1,0
131.698597,0,0,94,60,1529,100,245,50,0,1,1064,9,3,1,0
131.704009,0,0,94,60,1529,100,245,50,0,1,1064,9,3,1,0
131.715126,0,0,94,60,1529,100,245,50,0,1,1064,9,3,1,0
131.724647,1,1,94,60,1529,99,245,50,0,1,1064,8,3,1,0
131.729263,1,0,94,60,1529,99,245,51,0,1,1064,8,3,1,0
131.733763,0,0,94,60,1529,99,245,51,0,1,1064,8,3,1,0
131.745981,0,0,94,60,1529,99,245,51,0,1,1064,8,3,1,0
131.755267,1,0,94,60,1528,99,245,51,0,1,1064,8,3,1,0
131.759322,0,0,94,60,1528,99,245,51,0,1,1064,8,3,1,0
131.763439,0,0,94,60,1528,99,245,51,0,1,1064,8,3,1,0
131.776275,0,0,94,60,1528,99,245,51,0,1,1064,8,3,1,0
131.780372,0,1,94,60,1528,99,245,51,0,1,1063,9,3,1,0
131.787742,0,0,94,60,1528,99,245,51,0,1,1063,9,3,1,0
131.791809,0,0,94,60,1528,99,245,51,0,1,1063,9,3,1,0
131.795919,0,0,94,60,1528,99,245,51,0,1,1063,9,3,1,0
131.807712,0,1,94,60,1528,99,245,51,0,1,1064,9,3,1,0
131.817438,0,0,94,60,1528,99,245,51,0,1,1064,9,3,1,0
131.822002,0,0,94,60,1528,99,245,51,0,1,1064,9,3,1,0
131.824481,0,0,94,60,1528,99,245,51,0,1,1064,9,3,1,0
131.837790,0,0,94,60,1528,99,245,51,0,1,1064,9,3,1,0
131.842355,0,0,94,60,1528,99,245,51,0,1,1064,9,3,1,0
131.850155,0,0,94,60,1528,99,245,51,0,1,1064,9,3,1,0
131.854299,0,0,94,60,1528,99,245,51,0,1,1064,9,3,1,0
131.858408,0,1,94,60,1528,99,245,51,0,1,1063,9,3,1,0
131.869985,0,1,94,60,1528,99,245,51,0,1,1063,9,4,1,0
131.879314,0,0,94,60,1528,99,245,51,0,1,1063,9,4,1,0
131.883789,0,0,94,60,1528,99,245,51,0,1,1063,9,4,1,0
131.888286,0,0,94,60,1528,99,245,51,0,1,1063,9,4,1,0
131.901179,0,1,94,60,1528,99,245,51,0,1,1064,8,3,1,0
131.911555,0,1,94,60,1528,99,245,51,0,1,1064,8,3,2,0
131.916122,0,0,94,60,1528,99,245,51,0,1,1064,8,3,2,0
131.920300,0,0,94,60,1528,99,245,51,0,1,1064,8,3,2,0
131.931692,0,1,94,60,1528,99,245,51,0,1,1064,8,4,2,0
131.941224,0,0,94,60,1528,99,245,51,0,1,1064,8,4,2,0
131.946076,0,0,94,60,1528,99,245,51,0,1,1064,8,4,2,0
131.950295,0,0,94,60,1528,99,245,51,0,1,1064,8,4,2,0
131.962644,0,1,94,60,1528,99,245,51,0,1,1064,8,3,2,0
131.972323,0,0,94,60,1528,99,245,51,0,1,1064,8,3,2,0
131.976845,0,0,94,60,1528,99,245,51,0,1,1064,8,3,2,0
131.981013,0,0,94,60,1528,99,245,51,0,1,1064,8,3,2,0
131.993702,0,1,94,60,1528,99,245,51,0,1,1064,8,3,1,0
132.003631,0,0,94,60,1528,99,245,51,0,1,1064,8,3,1,0
132.008432,0,0,94,60,1528,99,245,51,0,1,1064,8,3,1,0
132.012576,0,1,94,60,1528,99,245,51,0,1,1064,9,3,1,0
132.025856,0,1,94,60,1528,99,245,51,0,1,1064,9,3,2,0
132.035985,0,0,94,60,1528,99,245,51,0,1,1064,9,3,2,0
132.040958,0,0,94,60,1528,99,245,51,0,1,1064,9,3,2,0
132.054137,0,0,94,60,1528,99,245,51,0,1,1064,9,3,2,0
132.058305,0,1,94,60,1528,99,245,51,0,1,1064,9,3,1,0
132.066579,0,0,94,60,1528,99,245,51,0,1,1064,9,3,1,0
132.071044,0,0,94,60,1528,99,245,51,0,1,1064,9,3,1,0
132.075519,0,1,94,60,1528,99,245,51,0,1,1064,8,3,1,0
132.086307,0,0,94,60,1528,99,245,51,0,1,1064,8,3,1,0
132.090496,0,0,94,60,1528,99,245,51,0,1,1064,8,3,1,0
132.098121,0,0,94,60,1528,99,245,51,0,1,1064,8,3,1,0
132.102664,0,1,94,60,1528,99,245,51,0,1,1064,9,3,1,0
132.116201,1,0,94,60,1528,98,245,51,0,1,1064,9,3,1,0
132.120418,0,0,94,60,1528,98,245,51,0,1,1064,9,3,1,0
132.379768,1,1,94,60,1535,99,245,51,0,1,1209,8,3,0,0
132.383770,0,0,94,60,1535,99,245,51,0,1,1209,8,3,0,0
132.396785,0,0,94,60,1535,99,245,51,0,1,1209,8,3,0,0
132.406460,1,1,94,60,1532,98,245,51,0,1,1193,8,3,0,438
132.410590,1,0,94,60,1532,98,245,50,0,1,1193,8,3,0,438
132.414734,0,0,94,60,1532,98,245,50,0,1,1193,8,3,0,438
132.427458,0,1,94,60,1532,98,245,50,0,0,1193,8,3,0,438
132.431985,1,1,94,60,1539,98,245,50,0,0,1275,8,4,0,260
132.439023,0,0,94,60,1539,98,245,50,0,0,1275,8,4,0,260
132.443506,0,0,94,60,1539,98,245,50,0,0,1275,8,4,0,260
132.447991,0,0,94,60,1539,98,245,50,0,0,1275,8,4,0,260
132.458841,0,0,94,60,1539,98,245,50,0,0,1275,8,4,0,260
132.468578,1,1,94,60,1540,99,245,50,0,0,1278,8,3,0,260
132.473096,1,0,94,60,1540,99,245,51,0,0,1278,8,3,0,260
132.477717,0,0,94,60,1540,99,245,51,0,0,1278,8,3,0,260
132.490100,0,1,94,60,1540,99,245,51,0,0,1277,8,3,0,256
132.499501,0,1,94,60,1540,99,245,51,0,0,1277,8,4,0,256
132.503992,0,0,94,60,1540,99,245,51,0,0,1277,8,4,0,256
132.508148,0,0,94,60,1540,99,245,51,0,0,1277,8,4,0,256
132.520814,0,0,94,60,1540,99,245,51,0,0,1277,8,4,0,260
132.530355,0,0,94,60,1540,99,245,51,0,0,1277,8,4,0,260
132.534904,0,0,94,60,1540,99,245,51,0,0,1277,8,4,0,260
132.539758,0,1,94,60,1540,99,245,51,0,1,1277,8,4,0,260
132.552165,0,1,94,60,1540,99,245,51,0,1,1277,8,3,0,260
132.561783,0,0,94,60,1540,99,245,51,0,1,1277,8,3,0,260
132.566292,0,0,94,60,1540,99,245,51,0,1,1277,8,3,0,260
132.570846,0,0,94,60,1540,99,245,51,0,1,1277,8,3,0,260
132.582827,0,1,94,60,1540,99,245,51,0,1,1276,8,3,0,260
132.585036,0,0,94,60,1540,99,245,51,0,1,1276,8,3,0,260
132.594070,0,0,94,60,1540,99,245,51,0,1,1276,8,3,0,260
132.598594,0,0,94,60,1540,99,245,51,0,1,1276,8,3,0,260
132.612186,0,0,94,60,1540,99,245,51,0,1,1276,8,3,0,261
132.616681,0,0,94,60,1540,99,245,51,0,1,1276,8,3,0,261
132.624550,0,0,94,60,1540,99,245,51,0,1,1276,8,3,0,261
132.629158,0,0,94,60,1540,99,245,51,0,1,1276,8,3,0,261
132.633674,0,0,94,60,1540,99,245,51,0,1,1276,8,3,0,262
132.644822,0,1,94,60,1540,99,245,51,0,1,1276,8,4,0,262
132.654589,0,0,94,60,1540,99,245,51,0,1,1276,8,4,0,262
132.658785,0,0,94,60,1540,99,245,51,0,1,1276,8,4,0,262
132.662943,0,0,94,60,1540,99,245,51,0,1,1276,8,4,0,260
132.675919,0,1,94,60,1540,99,245,51,0,1,1276,8,3,0,260
132.685362,0,0,94,60,1540,99,245,51,0,1,1276,8,3,0,260
132.689892,0,0,94,60,1540,99,245,51,0,1,1276,8,3,0,260
132.694078,0,0,94,60,1540,99,245,51,0,1,1276,8,3,0,261
132.706535,0,0,94,60,1540,99,245,51,0,1,1276,8,3,0,261
132.710751,0,0,94,60,1540,99,245,51,0,1,1276,8,3,0,261
132.718428,0,0,94,60,1540,99,245,51,0,1,1276,8,3,0,261
132.722550,0,1,94,60,1540,99,245,51,0,1,1275,8,3,0,256
132.727138,1,1,94,60,1540,98,245,51,0,1,1275,8,4,0,256
132.738136,0,0,94,60,1540,98,245,51,0,1,1275,8,4,0,256
132.747780,0,0,94,60,1540,98,245,51,0,1,1275,8,4,0,256
132.751928,0,0,94,60,1540,98,245,51,0,1,1275,8,4,0,261
132.756476,0,1,94,60,1540,98,245,51,0,1,1275,8,3,0,261
132.769114,0,0,94,60,1540,98,245,51,0,1,1275,8,3,0,261
132.778479,0,0,94,60,1540,98,245,51,0,1,1275,8,3,0,261
132.783022,0,1,94,60,1540,98,245,51,0,1,1276,8,3,0,259
132.787198,0,0,94,60,1540,98,245,51,0,1,1276,8,3,0,259
132.800316,0,0,94,60,1540,98,245,51,0,1,1276,8,3,0,259
132.809712,0,1,94,60,1540,98,245,51,0,0,1276,8,3,0,259
132.813844,0,0,94,60,1540,98,245,51,0,0,1276,8,3,0,259
132.818410,0,0,94,60,1540,98,245,51,0,0,1276,8,3,0,259
132.831180,0,0,94,60,1540,98,245,51,0,0,1276,8,3,0,259
132.840930,0,0,94,60,1540,98,245,51,0,0,1276,8,3,0,259
132.845478,1,0,94,60,1540,99,245,51,0,0,1276,8,3,0,262
132.850381,0,0,94,60,1540,99,245,51,0,0,1276,8,3,0,262
132.861818,0,0,94,60,1540,99,245,51,0,0,1276,8,3,0,262
132.871336,0,0,94,60,1540,99,245,51,0,0,1276,8,3,0,262
132.875877,0,1,94,60,1540,99,245,51,0,1,1276,8,3,0,261
132.880031,0,0,94,60,1540,99,245,51,0,1,1276,8,3,0,261
132.893269,0,0,94,60,1540,99,245,51,0,1,1276,8,3,0,261
133.157738,1,1,94,60,1529,99,245,51,0,1,1059,8,3,1,0
133.171300,0,0,94,60,1529,99,245,51,0,1,1059,8,3,1,0
133.176174,1,1,94,60,1529,100,245,51,0,1,1059,9,3,1,0
133.182916,0,0,94,60,1529,100,245,51,0,1,1059,9,3,1,0
133.187408,0,0,94,60,1529,100,245,51,0,1,1059,9,3,1,0
133.191908,0,0,94,60,1529,100,245,51,0,1,1059,9,3,1,0
133.202563,0,0,94,60,1529,100,245,51,0,1,1059,9,3,1,0
133.206727,1,0,94,60,1529,99,245,51,0,1,1059,9,3,1,0
133.214123,0,0,94,60,1529,99,245,51,0,1,1059,9,3,1,0
133.218664,0,0,94,60,1529,99,245,51,0,1,1059,9,3,1,0
133.223171,0,0,94,60,1529,99,245,51,0,1,1059,9,3,1,0
133.234128,0,0,94,60,1529,99,245,51,0,1,1059,9,3,1,0
133.243455,0,1,94,60,1529,99,245,51,0,1,1059,9,2,1,0
133.248323,0,0,94,60,1529,99,245,51,0,1,1059,9,2,1,0
133.254073,0,0,94,60,1529,99,245,51,0,1,1059,9,2,1,0
133.265608,0,0,94,60,1529,99,245,51,0,1,1059,9,2,1,0
133.275153,1,1,94,60,1529,100,245,51,0,1,1059,9,3,1,0
133.279706,0,0,94,60,1529,100,245,51,0,1,1059,9,3,1,0
133.284578,0,0,94,60,1529,100,245,51,0,1,1059,9,3,1,0
133.295876,1,1,94,60,1529,99,245,51,0,1,1059,9,2,1,0
133.299995,0,0,94,60,1529,99,245,51,0,1,1059,9,2,1,0
133.307635,0,0,94,60,1529,99,245,51,0,1,1059,9,2,1,0
133.312183,0,0,94,60,1529,99,245,51,0,1,1059,9,2,1,0
133.314644,0,0,94,60,1529,99,245,51,0,1,1059,9,2,1,0
133.326640,1,1,94,60,1529,98,245,51,0,1,1058,9,3,1,0
133.330843,0,0,94,60,1529,98,245,51,0,1,1058,9,3,1,0
133.338269,0,0,94,60,1529,98,245,51,0,1,1058,9,3,1,0
133.342436,0,0,94,60,1529,98,245,51,0,1,1058,9,3,1,0
133.347073,0,1,94,60,1529,98,245,51,0,1,1059,9,3,1,0
133.358307,0,1,94,60,1529,98,245,51,0,1,1059,9,2,1,0
133.367747,0,0,94,60,1529,98,245,51,0,1,1059,9,2,1,0
133.372265,0,0,94,60,1529,98,245,51,0,1,1059,9,2,1,0
133.377093,0,0,94,60,1529,98,245,51,0,1,1059,9,2,1,0
133.388544,0,0,94,60,1529,98,245,51,0,1,1059,9,2,1,0
133.392778,1,0,94,60,1529,98,245,50,0,1,1059,9,2,1,0
133.400375,0,0,94,60,1529,98,245,50,0,1,1059,9,2,1,0
133.404896,0,0,94,60,1529,98,245,50,0,1,1059,9,2,1,0
133.418387,0,0,94,60,1529,98,245,50,0,1,1059,9,2,1,0
133.423282,0,0,94,60,1529,98,245,50,0,1,1059,9,2,1,0
133.430714,0,0,94,60,1529,98,245,50,0,1,1059,9,2,1,0
133.434892,0,0,94,60,1529,98,245,50,0,1,1059,9,2,1,0
133.439422,1,1,94,60,1529,99,245,50,0,1,1059,9,3,1,0
133.451005,0,0,94,60,1529,99,245,50,0,1,1059,9,3,1,0
133.460553,0,0,94,60,1529,99,245,50,0,1,1059,9,3,1,0
133.464724,0,0,94,60,1529,99,245,50,0,1,1059,9,3,1,0
133.469217,0,1,94,60,1529,99,245,50,0,1,1059,9,2,1,0
133.482061,0,1,94,60,1529,99,245,50,0,1,1059,9,2,2,0
133.491767,0,0,94,60,1529,99,245,50,0,1,1059,9,2,2,0
133.496668,0,1,94,60,1529,99,245,50,0,1,1058,9,2,2,0
133.501495,0,1,94,60,1529,99,245,50,0,1,1058,9,2,1,0
133.512901,0,0,94,60,1529,99,245,50,0,1,1058,9,2,1,0
133.516947,0,0,94,60,1529,99,245,50,0,1,1058,9,2,1,0
133.523884,0,0,94,60,1529,99,245,50,0,1,1058,9,2,1,0
133.527949,1,1,94,60,1529,100,245,50,0,1,1059,9,2,1,0
133.532439,0,0,94,60,1529,100,245,50,0,1,1059,9,2,1,0
133.543662,0,0,94,60,1529,100,245,50,0,1,1059,9,2,1,0
133.547703,0,0,94,60,1529,100,245,50,0,1,1059,9,2,1,0
133.554662,0,1,94,60,1529,100,245,50,0,1,1058,9,2,1,0
133.558704,1,1,94,60,1529,99,245,50,0,1,1058,8,2,1,0
133.562762,1,0,94,60,1529,99,245,51,0,1,1058,8,2,1,0
133.574549,0,0,94,60,1529,99,245,51,0,1,1058,8,2,1,0
133.578693,0,0,94,60,1529,99,245,51,0,1,1058,8,2,1,0
133.585967,0,0,94,60,1529,99,245,51,0,1,1058,8,2,1,0
133.590155,0,1,94,60,1529,99,245,51,0,1,1058,8,3,1,0
133.594300,0,1,94,60,1529,99,245,51,0,1,1058,8,3,2,0
133.605546,0,0,94,60,1529,99,245,51,0,1,1058,8,3,2,0
133.609623,0,0,94,60,1529,99,245,51,0,1,1058,8,3,2,0
133.616681,0,1,94,60,1529,99,245,51,0,1,1059,8,3,2,0
133.873384,1,1,94,60,1531,99,245,51,0,1,1090,9,3,1,304
133.885942,1,1,94,60,1536,99,245,51,0,1,1119,8,3,1,14
133.895632,0,1,94,60,1536,99,245,51,0,1,1119,8,2,1,14
133.900374,0,0,94,60,1536,99,245,51,0,1,1119,8,2,1,14
133.905188,0,1,94,60,1536,99,245,51,0,1,1063,8,2,1,0
133.916214,1,1,94,60,1529,99,245,51,0,1,1063,9,2,1,0
133.925648,0,0,94,60,1529,99,245,51,0,1,1063,9,2,1,0
133.930155,0,0,94,60,1529,99,245,51,0,1,1063,9,2,1,0
133.935033,0,0,94,60,1529,99,245,51,0,1,1063,9,2,1,0
133.946727,0,1,94,60,1529,99,245,51,0,1,1060,9,2,1,0
133.956968,0,0,94,60,1529,99,245,51,0,1,1060,9,2,1,0
133.961568,0,0,94,60,1529,99,245,51,0,1,1060,9,2,1,0
133.966101,0,1,94,60,1529,99,245,51,0,2,1060,9,2,1,0
133.978454,0,1,94,60,1529,99,245,51,0,2,1060,9,3,1,0
133.987828,0,0,94,60,1529,99,245,51,0,2,1060,9,3,1,0
133.991969,0,0,94,60,1529,99,245,51,0,2,1060,9,3,1,0
133.996080,0,1,94,60,1529,99,245,51,0,2,1059,9,3,1,0
134.009099,0,1,94,60,1529,99,245,51,0,2,1059,9,3,2,0
134.018594,0,0,94,60,1529,99,245,51,0,2,1059,9,3,2,0
134.022815,0,0,94,60,1529,99,245,51,0,2,1059,9,3,2,0
134.027325,0,0,94,60,1529,99,245,51,0,2,1059,9,3,2,0
134.040031,0,1,94,60,1529,99,245,51,0,2,1059,9,3,1,0
134.049944,0,0,94,60,1529,99,245,51,0,2,1059,9,3,1,0
134.054501,0,0,94,60,1529,99,245,51,0,2,1059,9,3,1,0
134.059391,1,1,94,60,1529,100,245,51,0,2,1058,8,2,1,0
134.070738,1,1,94,60,1529,100,245,50,0,2,1058,8,2,2,0
134.073231,0,0,94,60,1529,100,245,50,0,2,1058,8,2,2,0
134.082155,0,0,94,60,1529,100,245,50,0,2,1058,8,2,2,0
134.087018,0,1,94,60,1529,100,245,50,0,2,1058,9,2,2,0
134.100424,1,0,94,60,1529,99,245,50,0,2,1058,9,2,2,0
134.104900,0,0,94,60,1529,99,245,50,0,2,1058,9,2,2,0
134.113585,0,0,94,60,1529,99,245,50,0,2,1058,9,2,2,0
134.117759,0,0,94,60,1529,99,245,50,0,2,1058,9,2,2,0
134.122191,1,1,94,60,1529,99,245,51,0,2,1058,9,2,1,0
134.133722,0,0,94,60,1529,99,245,51,0,2,1058,9,2,1,0
134.143496,0,0,94,60,1529,99,245,51,0,2,1058,9,2,1,0
134.147573,0,0,94,60,1529,99,245,51,0,2,1058,9,2,1,0
134.151620,0,0,94,60,1529,99,245,51,0,2,1058,9,2,1,0
134.163752,0,0,94,60,1529,99,245,51,0,2,1058,9,2,1,0
134.167805,0,0,94,60,1529,99,245,51,0,2,1058,9,2,1,0
134.174807,0,1,94,60,1529,99,245,51,0,1,1058,9,2,1,0
134.178827,0,1,94,60,1529,99,245,51,0,1,1058,8,3,1,0
134.182886,0,0,94,60,1529,99,245,51,0,1,1058,8,3,1,0
134.195118,0,0,94,60,1529,99,245,51,0,1,1058,8,3,1,0
134.204598,0,0,94,60,1529,99,245,51,0,1,1058,8,3,1,0
134.208702,0,1,94,60,1529,99,245,51,0,2,1058,9,2,1,0
134.213475,0,1,94,60,1529,99,245,51,0,2,1058,9,2,2,0
134.226694,0,0,94,60,1529,99,245,51,0,2,1058,9,2,2,0
134.237369,0,0,94,60,1529,99,245,51,0,2,1058,9,2,2,0
134.242846,0,0,94,60,1529,99,245,51,0,2,1058,9,2,2,0
134.256524,0,0,94,60,1529,99,245,51,0,2,1058,9,2,2,0
134.261369,0,1,94,60,1529,99,245,51,0,1,1058,9,2,2,0
134.268195,0,1,94,60,1529,99,245,51,0,1,1058,8,2,2,0
134.272407,0,0,94,60,1529,99,245,51,0,1,1058,8,2,2,0
134.276913,0,0,94,60,1529,99,245,51,0,1,1058,8,2,2,0
134.288493,0,0,94,60,1529,99,245,51,0,1,1058,8,2,2,0
134.298555,0,1,94,60,1529,99,245,51,0,1,1058,9,2,2,0
134.302737,0,1,94,60,1529,99,245,51,0,1,1058,9,2,1,0
134.306847,0,0,94,60,1529,99,245,51,0,1,1058,9,2,1,0
134.318788,0,0,94,60,1529,99,245,51,0,1,1058,9,2,1,0
134.322940,0,0,94,60,1529,99,245,51,0,1,1058,9,2,1,0
134.330283,0,1,94,60,1529,99,245,51,0,1,1058,8,2,1,0
134.335116,0,1,94,60,1529,99,245,51,0,1,1058,8,3,1,0
134.348448,0,0,94,60,1529,99,245,51,0,1,1058,8,3,1,0
134.352963,0,0,94,60,1529,99,245,51,0,1,1058,8,3,1,0
134.361199,0,1,94,60,1529,99,245,51,0,1,1058,9,3,1,0
134.365700,0,0,94,60,1529,99,245,51,0,1,1058,9,3,1,0
134.370187,0,0,94,60,1529,99,245,51,0,1,1058,9,3,1,0
134.640694,0,1,94,60,1529,99,245,51,0,1,1058,9,2,2,0
134.645225,0,0,94,60,1529,99,245,51,0,1,1058,9,2,2,0
134.658604,0,0,94,60,1529,99,245,51,0,1,1058,9,2,2,0
134.663208,1,0,94,60,1529,99,245,50,0,1,1058,9,2,2,0
134.671327,0,0,94,60,1529,99,245,50,0,1,1058,9,2,2,0
134.675855,0,0,94,60,1529,99,245,50,0,1,1058,9,2,2,0
134.680035,0,1,94,60,1529,99,245,50,0,1,1059,9,2,2,0
134.691259,0,1,94,60,1529,99,245,50,0,1,1059,9,3,1,0
134.700934,0,0,94,60,1529,99,245,50,0,1,1059,9,3,1,0
134.705173,0,0,94,60,1529,99,245,50,0,1,1059,9,3,1,0
134.709690,0,1,94,60,1529,99,245,50,0,1,1058,9,3,1,0
134.721765,0,1,94,60,1529,99,245,50,0,1,1058,9,3,2,0
134.725878,0,0,94,60,1529,99,245,50,0,1,1058,9,3,2,0
134.734000,0,0,94,60,1529,99,245,50,0,1,1058,9,3,2,0
134.739136,0,1,94,60,1529,99,245,50,0,2,1058,9,3,2,0
134.752638,1,0,94,60,1528,99,245,51,0,2,1058,9,3,2,308
134.756770,0,0,94,60,1528,99,245,51,0,2,1058,9,3,2,308
134.763968,0,0,94,60,1528,99,245,51,0,2,1058,9,3,2,308
134.768100,1,1,94,60,1529,99,245,51,0,1,1059,9,3,2,0
134.772183,0,0,94,60,1529,99,245,51,0,1,1059,9,3,2,0
134.784243,0,0,94,60,1529,99,245,51,0,1,1059,9,3,2,0
134.793889,0,0,94,60,1529,99,245,51,0,1,1059,9,3,2,0
134.795755,0,0,94,60,1529,99,245,51,0,1,1059,9,3,2,0
134.800237,0,1,94,60,1529,99,245,51,0,1,1058,9,3,2,0
134.813545,0,0,94,60,1529,99,245,51,0,1,1058,9,3,2,0
134.817631,0,0,94,60,1529,99,245,51,0,1,1058,9,3,2,0
134.826750,0,0,94,60,1529,99,245,51,0,1,1058,9,3,2,0
134.830772,1,0,94,60,1529,98,245,51,0,1,1058,9,3,2,0
134.834797,0,0,94,60,1529,98,245,51,0,1,1058,9,3,2,0
134.845772,0,0,94,60,1529,98,245,51,0,1,1058,9,3,2,0
134.850190,0,0,94,60,1529,98,245,51,0,1,1058,9,3,2,0
134.857157,0,1,94,60,1529,98,245,51,0,2,1057,9,3,2,0
134.861755,0,0,94,60,1529,98,245,51,0,2,1057,9,3,2,0
134.865877,0,1,94,60,1529,98,245,51,0,2,1057,9,3,1,0
134.877531,0,0,94,60,1529,98,245,51,0,2,1057,9,3,1,0
134.887138,0,0,94,60,1529,98,245,51,0,2,1057,9,3,1,0
134.891347,0,0,94,60,1529,98,245,51,0,2,1057,9,3,1,0
134.895524,0,1,94,60,1529,98,245,51,0,2,1057,9,2,1,0
134.908252,0,0,94,60,1529,98,245,51,0,2,1057,9,2,1,0
134.917748,0,0,94,60,1529,98,245,51,0,2,1057,9,2,1,0
134.922225,0,1,94,60,1529,98,245,51,0,2,1058,9,2,1,0
134.926755,0,1,94,60,1529,98,245,51,0,2,1058,9,3,1,0
134.939198,0,0,94,60,1529,98,245,51,0,2,1058,9,3,1,0
134.948811,0,0,94,60,1529,98,245,51,0,2,1058,9,3,1,0
134.952916,0,1,94,60,1529,98,245,51,0,2,1057,9,3,1,0
134.957450,0,0,94,60,1529,98,245,51,0,2,1057,9,3,1,0
134.970249,0,0,94,60,1529,98,245,51,0,2,1057,9,3,1,0
134.980070,0,1,94,60,1529,98,245,51,0,1,1057,9,3,1,0
134.984236,1,0,94,60,1529,99,245,51,0,1,1057,9,3,1,0
134.988770,0,0,94,60,1529,99,245,51,0,1,1057,9,3,1,0
135.000949,0,0,94,60,1529,99,245,51,0,1,1057,9,3,1,0
135.010829,0,0,94,60,1529,99,245,51,0,1,1057,9,3,1,0
135.015387,1,0,94,60,1529,98,245,51,0,1,1057,9,3,1,0
135.020216,0,0,94,60,1529,98,245,51,0,1,1057,9,3,1,0
135.032184,0,0,94,60,1529,98,245,51,0,1,1057,9,3,1,0
135.036347,0,1,94,60,1529,98,245,51,0,1,1058,9,3,1,0
135.044381,0,0,94,60,1529,98,245,51,0,1,1058,9,3,1,0
135.049296,0,0,94,60,1529,98,245,51,0,1,1058,9,3,1,0
135.062757,0,0,94,60,1529,98,245,51,0,1,1058,9,3,1,0
135.067616,0,1,94,60,1529,98,245,51,0,1,1057,9,3,1,0
135.075283,1,0,94,60,1528,99,245,51,0,1,1057,9,3,1,0
135.079868,0,1,94,60,1528,99,245,51,0,1,1057,9,2,1,0
135.094233,0,0,94,60,1528,99,245,51,0,1,1057,9,2,1,0
135.353272,1,1,94,60,1528,100,245,51,0,2,1057,9,3,2,0
135.357350,0,0,94,60,1528,100,245,51,0,2,1057,9,3,2,0
135.361794,0,0,94,60,1528,100,245,51,0,2,1057,9,3,2,0
135.372927,1,0,94,60,1528,98,245,51,0,2,1057,9,3,2,0
135.377086,0,1,94,60,1528,98,245,51,0,2,1057,9,3,1,0
135.384156,0,0,94,60,1528,98,245,51,0,2,1057,9,3,1,0
135.389132,0,1,94,60,1528,98,245,51,0,1,1057,9,3,1,0
135.393248,0,0,94,60,1528,98,245,51,0,1,1057,9,3,1,0
135.404364,0,1,94,60,1528,98,245,51,0,1,1057,9,3,2,0
135.413790,0,0,94,60,1528,98,245,51,0,1,1057,9,3,2,0
135.417881,0,0,94,60,1528,98,245,51,0,1,1057,9,3,2,0
135.421904,0,1,94,60,1528,98,245,51,0,2,1057,9,3,2,0
135.435256,0,1,94,60,1528,98,245,51,0,2,1057,9,2,2,0
135.439322,0,0,94,60,1528,98,245,51,0,2,1057,9,2,2,0
135.446529,0,0,94,60,1528,98,245,51,0,2,1057,9,2,2,0
135.450769,0,0,94,60,1528,98,245,51,0,2,1057,9,2,2,0
135.454889,0,0,94,60,1528,98,245,51,0,2,1057,9,2,2,0
135.466609,0,1,94,60,1528,98,245,51,0,2,1057,9,2,1,0
135.475981,0,0,94,60,1528,98,245,51,0,2,1057,9,2,1,0
135.480087,0,0,94,60,1528,98,245,51,0,2,1057,9,2,1,0
135.484236,0,0,94,60,1528,98,245,51,0,2,1057,9,2,1,0
135.497778,1,1,94,60,1528,99,245,51,0,2,1057,8,3,1,0
135.508365,0,0,94,60,1528,99,245,51,0,2,1057,8,3,1,0
135.512013,0,0,94,60,1528,99,245,51,0,2,1057,8,3,1,0
135.517874,0,1,94,60,1528,99,245,51,0,2,1057,9,3,1,0
135.528692,1,0,94,60,1528,99,245,50,0,2,1057,9,3,1,0
135.538384,0,0,94,60,1528,99,245,50,0,2,1057,9,3,1,0
135.542881,0,0,94,60,1528,99,245,50,0,2,1057,9,3,1,0
135.547780,0,0,94,60,1528,99,245,50,0,2,1057,9,3,1,0
135.559594,0,0,94,60,1528,99,245,50,0,2,1057,9,3,1,0
135.568996,0,0,94,60,1528,99,245,50,0,2,1057,9,3,1,0
135.573217,0,0,94,60,1528,99,245,50,0,2,1057,9,3,1,0
135.577928,0,1,94,60,1528,99,245,50,0,2,1057,9,2,1,0
135.590027,0,0,94,60,1528,99,245,50,0,2,1057,9,2,1,0
135.594220,0,0,94,60,1528,99,245,50,0,2,1057,9,2,1,0
135.601205,0,0,94,60,1528,99,245,50,0,2,1057,9,2,1,0
135.605738,0,0,94,60,1528,99,245,50,0,2,1057,9,2,1,0
135.610547,0,0,94,60,1528,99,245,50,0,2,1057,9,2,1,0
135.621126,0,0,94,60,1528,99,245,50,0,2,1057,9,2,1,0
135.631159,0,0,94,60,1528,99,245,50,0,2,1057,9,2,1,0
135.635715,0,0,94,60,1528,99,245,50,0,2,1057,9,2,1,0
135.640219,0,1,94,60,1528,99,245,50,0,2,1057,9,3,1,0
135.652427,0,0,94,60,1528,99,245,50,0,2,1057,9,3,1,0
135.661888,0,1,94,60,1528,99,245,50,0,1,1057,9,3,1,0
135.666411,0,0,94,60,1528,99,245,50,0,1,1057,9,3,1,0
135.670605,0,0,94,60,1528,99,245,50,0,1,1057,9,3,1,0
135.683704,0,0,94,60,1528,99,245,50,0,1,1057,9,3,1,0
135.693193,0,0,94,60,1528,99,245,50,0,1,1057,9,3,1,0
135.697374,0,0,94,60,1528,99,245,50,0,1,1057,9,3,1,0
135.701925,1,0,94,60,1528,99,245,51,0,1,1057,9,3,1,0
135.714707,0,0,94,60,1528,99,245,51,0,1,1057,9,3,1,0
135.724334,0,1,94,60,1528,99,245,51,0,2,1057,9,3,1,0
135.728543,0,1,94,60,1528,99,245,51,0,2,1057,9,2,1,0
135.733907,0,0,94,60,1528,99,245,51,0,2,1057,9,2,1,0
135.745814,0,0,94,60,1528,99,245,51,0,2,1057,9,2,1,0
135.755465,0,0,94,60,1528,99,245,51,0,2,1057,9,2,1,0
135.761377,0,0,94,60,1528,99,245,51,0,2,1057,9,2,1,0
135.776275,0,0,94,60,1528,99,245,51,0,2,1057,9,2,1,0
135.787401,0,0,94,60,1528,99,245,51,0,2,1057,9,2,1,0
135.793235,0,1,94,60,1528,99,245,51,0,2,1057,9,3,1,0
135.806839,0,0,94,60,1528,99,245,51,0,2,1057,9,3,1,0
136.071720,1,1,94,60,1529,99,245,50,0,1,1063,8,3,1,0
136.084803,0,1,94,60,1529,99,245,50,0,1,1062,8,3,1,0
136.088880,0,0,94,60,1529,99,245,50,0,1,1062,8,3,1,0
136.097413,0,0,94,60,1529,99,245,50,0,1,1062,8,3,1,0
136.101464,0,0,94,60,1529,99,245,50,0,1,1062,8,3,1,0
136.105875,0,0,94,60,1529,99,245,50,0,1,1062,8,3,1,0
136.117077,0,0,94,60,1529,99,245,50,0,1,1062,8,3,1,0
136.121221,0,0,94,60,1529,99,245,50,0,1,1062,8,3,1,0
136.128725,0,0,94,60,1529,99,245,50,0,1,1062,8,3,1,0
136.133274,0,1,94,60,1529,99,245,50,0,2,1062,8,3,1,0
136.137912,0,0,94,60,1529,99,245,50,0,2,1062,8,3,1,0
136.148713,0,0,94,60,1529,99,245,50,0,2,1062,8,3,1,0
136.158061,0,0,94,60,1529,99,245,50,0,2,1062,8,3,1,0
136.162219,0,0,94,60,1529,99,245,50,0,2,1062,8,3,1,0
136.166755,0,0,94,60,1529,99,245,50,0,2,1062,8,3,1,0
136.179100,0,0,94,60,1529,99,245,50,0,2,1062,8,3,1,0
136.189203,0,0,94,60,1529,99,245,50,0,2,1062,8,3,1,0
136.193362,0,0,94,60,1529,99,245,50,0,2,1062,8,3,1,0
136.197860,0,1,94,60,1529,99,245,50,0,2,1062,8,2,1,0
136.210167,1,0,94,60,1529,99,245,51,0,2,1062,8,2,1,0
136.219948,0,0,94,60,1529,99,245,51,0,2,1062,8,2,1,0
136.224115,0,0,94,60,1529,99,245,51,0,2,1062,8,2,1,0
136.226289,0,0,94,60,1529,99,245,51,0,2,1062,8,2,1,0
136.230487,0,1,94,60,1529,99,245,51,0,2,1062,8,3,1,0
136.241381,0,0,94,60,1529,99,245,51,0,2,1062,8,3,1,0
136.245548,0,0,94,60,1529,99,245,51,0,2,1062,8,3,1,0
136.253937,0,0,94,60,1529,99,245,51,0,2,1062,8,3,1,0
136.258912,0,1,94,60,1529,99,245,51,0,2,1062,8,2,1,0
136.273393,0,0,94,60,1529,99,245,51,0,2,1062,8,2,1,0
136.283348,0,0,94,60,1529,99,245,51,0,2,1062,8,2,1,0
136.287902,0,1,94,60,1529,99,245,51,0,2,1062,8,3,1,0
136.292128,0,0,94,60,1529,99,245,51,0,2,1062,8,3,1,0
136.303360,0,0,94,60,1529,99,245,51,0,2,1062,8,3,1,0
136.307500,0,0,94,60,1529,99,245,51,0,2,1062,8,3,1,0
136.314862,0,1,94,60,1529,99,245,51,0,1,1062,8,3,1,0
136.319327,0,1,94,60,1529,99,245,51,0,1,1062,8,2,1,0
136.332819,0,0,94,60,1529,99,245,51,0,1,1062,8,2,1,0
136.337651,0,0,94,60,1529,99,245,51,0,1,1062,8,2,1,0
136.345303,0,0,94,60,1529,99,245,51,0,1,1062,8,2,1,0
136.349496,1,1,94,60,1529,100,245,51,0,1,1062,8,3,1,0
136.354020,0,0,94,60,1529,100,245,51,0,1,1062,8,3,1,0
136.365952,0,0,94,60,1529,100,245,51,0,1,1062,8,3,1,0
136.375631,0,0,94,60,1529,100,245,51,0,1,1062,8,3,1,0
136.379842,1,0,94,60,1529,99,245,51,0,1,1062,8,3,1,0
136.383975,0,0,94,60,1529,99,245,51,0,1,1062,8,3,1,0
136.396496,0,0,94,60,1529,99,245,51,0,1,1062,8,3,1,0
136.406013,0,0,94,60,1529,99,245,51,0,1,1062,8,3,1,0
136.410500,0,1,94,60,1529,99,245,51,0,1,1061,9,3,1,0
136.415036,0,0,94,60,1529,99,245,51,0,1,1061,9,3,1,0
136.427516,0,0,94,60,1529,99,245,51,0,1,1061,9,3,1,0
136.437058,0,0,94,60,1529,99,245,51,0,1,1061,9,3,1,0
136.441565,0,1,94,60,1529,99,245,51,0,1,1062,9,3,1,0
136.446436,0,0,94,60,1529,99,245,51,0,1,1062,9,3,1,0
136.458769,0,0,94,60,1529,99,245,51,0,1,1062,9,3,1,0
136.468622,0,1,94,60,1529,99,245,51,0,2,1062,8,3,1,0
136.474648,1,0,94,60,1529,99,245,50,0,2,1062,8,3,1,0
136.488195,0,0,94,60,1529,99,245,50,0,2,1062,8,3,1,0
136.492760,0,1,94,60,1529,99,245,50,0,1,1062,8,3,1,0
136.500643,0,1,94,60,1529,99,245,50,0,1,1062,9,4,1,0
136.504815,0,1,94,60,1529,99,245,50,0,1,1062,9,4,0,0
136.509319,0,0,94,60,1529,99,245,50,0,1,1062,9,4,0,0
136.520505,0,1,94,60,1529,99,245,50,0,2,1062,9,4,0,0
136.530021,0,0,94,60,1529,99,245,50,0,2,1062,9,4,0,0
136.787451,1,1,94,60,1529,99,245,51,0,1,1063,8,3,1,0
136.799857,1,0,94,60,1529,98,245,51,0,1,1063,8,3,1,0
136.809329,0,0,94,60,1529,98,245,51,0,1,1063,8,3,1,0
136.814201,0,1,94,60,1529,98,245,51,0,2,1063,8,3,1,0
136.818753,1,1,94,60,1529,99,245,51,0,2,1062,9,3,1,0
136.830901,0,0,94,60,1529,99,245,51,0,2,1062,9,3,1,0
136.840705,0,0,94,60,1529,99,245,51,0,2,1062,9,3,1,0
136.845606,0,0,94,60,1529,99,245,51,0,2,1062,9,3,1,0
136.850486,0,0,94,60,1529,99,245,51,0,2,1062,9,3,1,0
136.861608,0,0,94,60,1529,99,245,51,0,2,1062,9,3,1,0
136.871076,0,0,94,60,1529,99,245,51,0,2,1062,9,3,1,0
136.875639,0,1,94,60,1529,99,245,51,0,2,1061,9,3,1,0
136.879945,0,1,94,60,1529,99,245,51,0,2,1061,8,3,1,0
136.892944,1,0,94,60,1529,99,245,50,0,2,1061,8,3,1,0
136.902341,0,0,94,60,1529,99,245,50,0,2,1061,8,3,1,0
136.906915,0,1,94,60,1529,99,245,50,0,1,1061,8,3,1,0
136.911440,0,1,94,60,1529,99,245,50,0,1,1061,9,3,1,0
136.923294,0,0,94,60,1529,99,245,50,0,1,1061,9,3,1,0
136.933436,0,0,94,60,1529,99,245,50,0,1,1061,9,3,1,0
136.938296,0,0,94,60,1529,99,245,50,0,1,1061,9,3,1,0
136.940866,0,0,94,60,1529,99,245,50,0,1,1061,9,3,1,0
136.953988,0,0,94,60,1529,99,245,50,0,1,1061,9,3,1,0
136.964464,0,0,94,60,1529,99,245,50,0,1,1061,9,3,1,0
136.969297,0,1,94,60,1529,99,245,50,0,1,1061,8,3,1,0
136.973482,0,0,94,60,1529,99,245,50,0,1,1061,8,3,1,0
136.985646,0,0,94,60,1529,99,245,50,0,1,1061,8,3,1,0
136.995185,0,0,94,60,1529,99,245,50,0,1,1061,8,3,1,0
137.001231,0,1,94,60,1529,99,245,50,0,1,1061,9,3,1,0
137.015368,1,1,94,60,1529,99,245,51,0,1,1061,9,3,0,0
137.026759,0,0,94,60,1529,99,245,51,0,1,1061,9,3,0,0
137.032728,0,1,94,60,1529,99,245,51,0,1,1061,9,2,1,0
137.047573,0,0,94,60,1529,99,245,51,0,1,1061,9,2,1,0
137.058730,0,0,94,60,1529,99,245,51,0,1,1061,9,2,1,0
137.064452,0,1,94,60,1529,99,245,51,0,1,1061,9,3,1,0
137.078609,0,0,94,60,1529,99,245,51,0,1,1061,9,3,1,0
137.089631,0,0,94,60,1529,99,245,51,0,1,1061,9,3,1,0
137.095546,0,0,94,60,1529,99,245,51,0,1,1061,9,3,1,0
137.109618,0,0,94,60,1529,99,245,51,0,1,1061,9,3,1,0
137.119962,0,1,94,60,1529,99,245,51,0,2,1061,9,3,1,0
137.124632,1,1,94,60,1529,98,245,50,0,2,1061,9,2,1,0
137.129448,0,0,94,60,1529,98,245,50,0,2,1061,9,2,1,0
137.140645,0,0,94,60,1529,98,245,50,0,2,1061,9,2,1,0
137.150201,0,1,94,60,1529,98,245,50,0,2,1060,8,2,1,0
137.154750,1,0,94,60,1529,98,245,51,0,2,1060,8,2,1,0
137.159614,0,0,94,60,1529,98,245,51,0,2,1060,8,2,1,0
137.171973,0,0,94,60,1529,98,245,51,0,2,1060,8,2,1,0
137.181347,0,1,94,60,1529,98,245,51,0,2,1061,8,2,1,0
137.185582,1,1,94,60,1529,99,245,51,0,2,1061,9,2,1,0
137.190148,0,0,94,60,1529,99,245,51,0,2,1061,9,2,1,0
137.202636,0,1,94,60,1529,99,245,51,0,1,1061,9,2,1,0
137.212416,1,1,94,60,1529,98,245,51,0,1,1060,8,3,1,0
137.216634,0,0,94,60,1529,98,245,51,0,1,1060,8,3,1,0
137.220762,0,0,94,60,1529,98,245,51,0,1,1060,8,3,1,0
137.233646,0,1,94,60,1529,98,245,51,0,2,1060,8,3,1,0
137.243124,0,1,94,60,1529,98,245,51,0,2,1060,9,3,1,0
137.511456,1,1,94,60,1529,99,245,51,0,1,1062,8,3,1,0
137.522495,0,0,94,60,1529,99,245,51,0,1,1062,8,3,1,0
137.528494,0,1,94,60,1529,99,245,51,0,1,1061,8,3,1,0
137.542154,0,0,94,60,1529,99,245,51,0,1,1061,8,3,1,0
137.546364,0,0,94,60,1529,99,245,51,0,1,1061,8,3,1,0
137.554470,0,0,94,60,1529,99,245,51,0,1,1061,8,3,1,0
137.559315,0,0,94,60,1529,99,245,51,0,1,1061,8,3,1,0
137.563423,0,0,94,60,1529,99,245,51,0,1,1061,8,3,1,0
137.574744,0,0,94,60,1529,99,245,51,0,1,1061,8,3,1,0
137.584454,0,0,94,60,1529,99,245,51,0,1,1061,8,3,1,0
137.588617,0,0,94,60,1529,99,245,51,0,1,1061,8,3,1,0
137.593473,0,1,94,60,1529,99,245,51,0,1,1061,9,4,1,0
137.605298,1,0,94,60,1529,99,245,50,0,1,1061,9,4,1,0
137.609813,0,0,94,60,1529,99,245,50,0,1,1061,9,4,1,0
137.617302,0,0,94,60,1529,99,245,50,0,1,1061,9,4,1,0
137.621814,0,1,94,60,1529,99,245,50,0,1,1061,9,3,1,0
137.635225,1,0,94,60,1529,99,245,51,0,1,1061,9,3,1,0
137.639704,0,0,94,60,1529,99,245,51,0,1,1061,9,3,1,0
137.647517,0,0,94,60,1529,99,245,51,0,1,1061,9,3,1,0
137.651710,0,0,94,60,1529,99,245,51,0,1,1061,9,3,1,0
137.656178,0,0,94,60,1529,99,245,51,0,1,1061,9,3,1,0
137.667696,0,0,94,60,1529,99,245,51,0,1,1061,9,3,1,0
137.670177,0,0,94,60,1529,99,245,51,0,1,1061,9,3,1,0
137.679115,0,0,94,60,1529,99,245,51,0,1,1061,9,3,1,0
137.683313,0,0,94,60,1529,99,245,51,0,1,1061,9,3,1,0
137.687490,0,0,94,60,1529,99,245,51,0,1,1061,9,3,1,0
137.698921,0,0,94,60,1529,99,245,51,0,1,1061,9,3,1,0
137.708316,0,1,94,60,1529,99,245,51,0,1,1060,9,3,1,0
137.712485,0,1,94,60,1529,99,245,51,0,1,1060,8,3,1,0
137.716698,0,0,94,60,1529,99,245,51,0,1,1060,8,3,1,0
137.729692,0,0,94,60,1529,99,245,51,0,1,1060,8,3,1,0
137.739396,0,0,94,60,1529,99,245,51,0,1,1060,8,3,1,0
137.743642,0,0,94,60,1529,99,245,51,0,1,1060,8,3,1,0
137.747795,0,0,94,60,1529,99,245,51,0,1,1060,8,3,1,0
137.761096,0,0,94,60,1529,99,245,51,0,1,1060,8,3,1,0
137.770693,0,0,94,60,1529,99,245,51,0,1,1060,8,3,1,0
137.775235,0,0,94,60,1529,99,245,51,0,1,1060,8,3,1,0
137.779758,0,0,94,60,1529,99,245,51,0,1,1060,8,3,1,0
137.791724,0,0,94,60,1529,99,245,51,0,1,1060,8,3,1,0
137.801301,0,1,94,60,1529,99,245,51,0,2,1060,8,3,1,0
137.806147,1,1,94,60,1529,99,245,50,0,2,1060,9,3,1,0
137.811012,0,0,94,60,1529,99,245,50,0,2,1060,9,3,1,0
137.822729,0,0,94,60,1529,99,245,50,0,2,1060,9,3,1,0
137.832310,0,1,94,60,1529,99,245,50,0,2,1060,8,3,1,0
137.836803,0,0,94,60,1529,99,245,50,0,2,1060,8,3,1,0
137.840968,0,0,94,60,1529,99,245,50,0,2,1060,8,3,1,0
137.854408,0,0,94,60,1529,99,245,50,0,2,1060,8,3,1,0
137.864486,0,1,94,60,1529,99,245,50,0,2,1060,8,2,1,0
137.868594,0,0,94,60,1529,99,245,50,0,2,1060,8,2,1,0
137.872784,0,0,94,60,1529,99,245,50,0,2,1060,8,2,1,0
137.884645,0,0,94,60,1529,99,245,50,0,2,1060,8,2,1,0
137.888756,0,1,94,60,1529,99,245,50,0,2,1060,8,3,1,0
137.895720,0,0,94,60,1529,99,245,50,0,2,1060,8,3,1,0
137.899811,0,0,94,60,1529,99,245,50,0,2,1060,8,3,1,0
137.903855,0,0,94,60,1529,99,245,50,0,2,1060,8,3,1,0
137.916006,0,0,94,60,1529,99,245,50,0,2,1060,8,3,1,0
137.925299,0,1,94,60,1529,99,245,50,0,2,1060,9,3,1,0
137.929383,0,0,94,60,1529,99,245,50,0,2,1060,9,3,1,0
137.934284,0,0,94,60,1529,99,245,50,0,2,1060,9,3,1,0
137.946624,0,1,94,60,1529,99,245,50,0,1,1060,9,3,1,0
137.951093,1,0,94,60,1529,98,245,51,0,1,1060,9,3,1,0
137.958922,0,0,94,60,1529,98,245,51,0,1,1060,9,3,1,0
137.963074,0,0,94,60,1529,98,245,51,0,1,1060,9,3,1,0
137.976159,0,0,94,60,1529,98,245,51,0,1,1060,9,3,1,0
138.238408,1,1,94,60,1526,99,245,51,0,2,799,9,2,2,0
138.244321,1,0,94,60,1526,98,245,51,0,2,799,9,2,2,0
138.257806,0,0,94,60,1526,98,245,51,0,2,799,9,2,2,0
138.267604,0,1,94,60,1526,98,245,51,1,2,799,9,2,2,0
138.272215,0,0,94,60,1526,98,245,51,1,2,799,9,2,2,0
138.277036,1,0,94,60,1526,98,245,50,1,2,799,9,2,2,0
138.288362,0,0,94,60,1526,98,245,50,1,2,799,9,2,2,0
138.297929,0,0,94,60,1526,98,245,50,1,2,799,9,2,2,0
138.302417,0,0,94,60,1526,98,245,50,1,2,799,9,2,2,0
138.306970,0,0,94,60,1526,98,245,50,1,2,799,9,2,2,0
138.319085,0,0,94,60,1526,98,245,50,1,2,799,9,2,2,0
138.328774,0,0,94,60,1526,98,245,50,1,2,799,9,2,2,0
138.333306,1,1,94,60,1526,99,245,50,1,2,800,9,2,2,0
138.338147,0,0,94,60,1526,99,245,50,1,2,800,9,2,2,0
138.349776,0,0,94,60,1526,99,245,50,1,2,800,9,2,2,0
138.353822,0,1,94,60,1526,99,245,50,0,2,800,9,2,2,0
138.360832,0,0,94,60,1526,99,245,50,0,2,800,9,2,2,0
138.364925,0,0,94,60,1526,99,245,50,0,2,800,9,2,2,0
138.368972,0,0,94,60,1526,99,245,50,0,2,800,9,2,2,0
138.380321,0,0,94,60,1526,99,245,50,0,2,800,9,2,2,0
138.384481,0,0,94,60,1526,99,245,50,0,2,800,9,2,2,0
138.391548,0,0,94,60,1526,99,245,50,0,2,800,9,2,2,0
138.393723,0,0,94,60,1526,99,245,50,0,2,800,9,2,2,0
138.398218,0,0,94,60,1526,99,245,50,0,2,800,9,2,2,0
138.412063,0,1,94,60,1526,99,245,50,1,2,800,9,2,2,0
138.421779,0,0,94,60,1526,99,245,50,1,2,800,9,2,2,0
138.426306,0,0,94,60,1526,99,245,50,1,2,800,9,2,2,0
138.431184,0,0,94,60,1526,99,245,50,1,2,800,9,2,2,0
138.443225,0,1,94,60,1526,99,245,50,0,2,800,9,2,2,0
138.452511,0,1,94,60,1526,99,245,50,0,2,801,9,2,2,0
138.456926,1,0,94,60,1526,99,245,51,0,2,801,9,2,2,0
138.461044,0,0,94,60,1526,99,245,51,0,2,801,9,2,2,0
138.473781,0,1,94,60,1526,99,245,51,1,2,801,9,2,2,0
138.483391,0,0,94,60,1526,99,245,51,1,2,801,9,2,2,0
138.487561,0,0,94,60,1526,99,245,51,1,2,801,9,2,2,0
138.492868,0,0,94,60,1526,99,245,51,1,2,801,9,2,2,0
138.504797,0,0,94,60,1526,99,245,51,1,2,801,9,2,2,0
138.514604,0,0,94,60,1526,99,245,51,1,2,801,9,2,2,0
138.518953,0,0,94,60,1526,99,245,51,1,2,801,9,2,2,0
138.523279,0,0,94,60,1526,99,245,51,1,2,801,9,2,2,0
138.535822,0,0,94,60,1526,99,245,51,1,2,801,9,2,2,0
138.545329,0,1,94,60,1526,99,245,51,1,2,801,8,2,2,0
138.549464,0,0,94,60,1526,99,245,51,1,2,801,8,2,2,0
138.553552,0,0,94,60,1526,99,245,51,1,2,801,8,2,2,0
138.567227,0,1,94,60,1526,99,245,51,0,2,801,8,2,2,0
138.576703,0,1,94,60,1526,99,245,51,0,2,801,9,2,2,0
138.580908,0,0,94,60,1526,99,245,51,0,2,801,9,2,2,0
138.585040,0,0,94,60,1526,99,245,51,0,2,801,9,2,2,0
138.597383,0,0,94,60,1526,99,245,51,0,2,801,9,2,2,0
138.601441,0,1,94,60,1526,99,245,51,0,2,802,9,2,2,0
138.608811,0,0,94,60,1526,99,245,51,0,2,802,9,2,2,0
138.612913,0,0,94,60,1526,99,245,51,0,2,802,9,2,2,0
138.616995,0,0,94,60,1526,99,245,51,0,2,802,9,2,2,0
138.628528,0,0,94,60,1526,99,245,51,0,2,802,9,2,2,0
138.632741,1,0,94,60,1526,99,245,50,0,2,802,9,2,2,0
138.639809,0,0,94,60,1526,99,245,50,0,2,802,9,2,2,0
138.644290,0,0,94,60,1526,99,245,50,0,2,802,9,2,2,0
138.648468,0,0,94,60,1526,99,245,50,0,2,802,9,2,2,0
138.659563,0,0,94,60,1526,99,245,50,0,2,802,9,2,2,0
138.663775,0,0,94,60,1526,99,245,50,0,2,802,9,2,2,0
138.670859,0,0,94,60,1526,99,245,50,0,2,802,9,2,2,0
138.675021,0,0,94,60,1526,99,245,50,0,2,802,9,2,2,0
138.679549,0,1,94,60,1526,99,245,50,1,2,802,9,2,2,0
138.690871,1,0,94,60,1526,100,245,50,1,2,802,9,2,2,0
138.956553,1,1,94,60,1529,98,245,51,0,2,858,9,2,2,0
138.970038,0,0,94,60,1529,98,245,51,0,2,858,9,2,2,0
138.979722,0,0,94,60,1529,98,245,51,0,2,858,9,2,2,0
138.983884,0,1,94,60,1529,98,245,51,0,2,857,9,2,2,0
138.988367,1,0,94,60,1529,98,245,50,0,2,857,9,2,2,0
139.001252,0,0,94,60,1529,98,245,50,0,2,857,9,2,2,0
139.010680,0,0,94,60,1529,98,245,50,0,2,857,9,2,2,0
139.015551,1,0,94,60,1529,99,245,50,0,2,857,9,2,2,0
139.019728,0,1,94,60,1529,99,245,50,0,2,857,9,2,1,0
139.032261,0,0,94,60,1529,99,245,50,0,2,857,9,2,1,0
139.041623,0,0,94,60,1529,99,245,50,0,2,857,9,2,1,0
139.045784,0,1,94,60,1529,99,245,50,0,2,858,9,2,2,0
139.050279,0,0,94,60,1529,99,245,50,0,2,858,9,2,2,0
139.062929,0,0,94,60,1529,99,245,50,0,2,858,9,2,2,0
139.072753,0,1,94,60,1529,99,245,50,0,2,857,9,2,2,0
139.077255,1,0,94,60,1529,99,245,51,0,2,857,9,2,2,0
139.082115,0,0,94,60,1529,99,245,51,0,2,857,9,2,2,0
139.093588,0,0,94,60,1529,99,245,51,0,2,857,9,2,2,0
139.097788,0,0,94,60,1529,99,245,51,0,2,857,9,2,2,0
139.105199,0,0,94,60,1529,99,245,51,0,2,857,9,2,2,0
139.109729,0,0,94,60,1529,99,245,51,0,2,857,9,2,2,0
139.111607,0,0,94,60,1529,99,245,51,0,2,857,9,2,2,0
139.124977,0,0,94,60,1529,99,245,51,0,2,857,9,2,2,0
139.134439,0,1,94,60,1529,99,245,51,0,2,858,9,2,2,0
139.138562,0,1,94,60,1529,99,245,51,0,2,858,9,2,1,0
139.142687,0,0,94,60,1529,99,245,51,0,2,858,9,2,1,0
139.155599,0,0,94,60,1529,99,245,51,0,2,858,9,2,1,0
139.165874,0,1,94,60,1529,99,245,51,0,2,858,8,2,1,0
139.170387,0,0,94,60,1529,99,245,51,0,2,858,8,2,1,0
139.175238,0,0,94,60,1529,99,245,51,0,2,858,8,2,1,0
139.187279,0,0,94,60,1529,99,245,51,0,2,858,8,2,1,0
139.196577,0,0,94,60,1529,99,245,51,0,2,858,8,2,1,0
139.200724,0,0,94,60,1529,99,245,51,0,2,858,8,2,1,0
139.205146,0,0,94,60,1529,99,245,51,0,2,858,8,2,1,0
139.217526,0,0,94,60,1529,99,245,51,0,2,858,8,2,1,0
139.221613,1,1,94,60,1529,100,245,51,0,2,858,9,2,1,0
139.228704,0,0,94,60,1529,100,245,51,0,2,858,9,2,1,0
139.232756,0,0,94,60,1529,100,245,51,0,2,858,9,2,1,0
139.236833,0,0,94,60,1529,100,245,51,0,2,858,9,2,1,0
139.249300,0,1,94,60,1529,100,245,51,0,2,857,9,2,1,0
139.259793,1,0,94,60,1529,99,245,51,0,2,857,9,2,1,0
139.264734,0,0,94,60,1529,99,245,51,0,2,857,9,2,1,0
139.278443,0,0,94,60,1529,99,245,51,0,2,857,9,2,1,0
139.283376,0,1,94,60,1529,99,245,51,0,2,858,9,2,1,0
139.290806,1,0,94,60,1529,99,245,50,0,2,858,9,2,1,0
139.296203,0,0,94,60,1529,99,245,50,0,2,858,9,2,1,0
139.309460,0,0,94,60,1529,99,245,50,0,2,858,9,2,1,0
139.313645,0,1,94,60,1529,99,245,50,0,2,858,9,2,2,0
139.322502,0,0,94,60,1529,99,245,50,0,2,858,9,2,2,0
139.327011,0,0,94,60,1529,99,245,50,0,2,858,9,2,2,0
139.340399,0,0,94,60,1529,99,245,50,0,2,858,9,2,2,0
139.344595,1,0,94,60,1529,99,245,51,0,2,858,9,2,2,0
139.353793,0,0,94,60,1529,99,245,51,0,2,858,9,2,2,0
139.358299,0,0,94,60,1529,99,245,51,0,2,858,9,2,2,0
139.371553,0,1,94,60,1529,99,245,51,0,2,857,9,2,2,0
139.376476,0,0,94,60,1529,99,245,51,0,2,857,9,2,2,0
139.384124,0,0,94,60,1529,99,245,51,0,2,857,9,2,2,0
139.388761,0,0,94,60,1529,99,245,51,0,2,857,9,2,2,0
139.402424,0,1,94,60,1529,99,245,51,0,2,858,8,2,2,0
139.406595,0,0,94,60,1529,99,245,51,0,2,858,8,2,2,0
139.414760,0,0,94,60,1529,99,245,51,0,2,858,8,2,2,0
139.671864,1,1,94,60,1522,99,245,51,1,2,682,9,2,2,0
139.683267,0,0,94,60,1522,99,245,51,1,2,682,9,2,2,0
139.692641,0,0,94,60,1522,99,245,51,1,2,682,9,2,2,0
139.697159,0,0,94,60,1522,99,245,51,1,2,682,9,2,2,0
139.701651,0,0,94,60,1522,99,245,51,1,2,682,9,2,2,0
139.713742,0,0,94,60,1522,99,245,51,1,2,682,9,2,2,0
139.723834,0,1,94,60,1522,99,245,51,1,2,683,9,2,2,0
139.728401,0,1,94,60,1522,99,245,51,1,2,683,9,1,2,0
139.732874,0,0,94,60,1522,99,245,51,1,2,683,9,1,2,0
139.745063,0,0,94,60,1522,99,245,51,1,2,683,9,1,2,0
139.754529,0,0,94,60,1522,99,245,51,1,2,683,9,1,2,0
139.758617,0,1,94,60,1522,99,245,51,1,2,683,9,2,2,0
139.762745,0,0,94,60,1522,99,245,51,1,2,683,9,2,2,0
139.776740,0,0,94,60,1522,99,245,51,1,2,683,9,2,2,0
139.786709,1,1,94,60,1523,99,245,51,1,2,684,9,2,2,0
139.791676,0,0,94,60,1523,99,245,51,1,2,684,9,2,2,0
139.795775,0,0,94,60,1523,99,245,51,1,2,684,9,2,2,0
139.806636,0,0,94,60,1523,99,245,51,1,2,684,9,2,2,0
139.811107,1,0,94,60,1522,99,245,51,1,2,684,9,2,2,0
139.818375,0,0,94,60,1522,99,245,51,1,2,684,9,2,2,0
139.822500,0,0,94,60,1522,99,245,51,1,2,684,9,2,2,0
139.824357,0,0,94,60,1522,99,245,51,1,2,684,9,2,2,0
139.837320,0,0,94,60,1522,99,245,51,1,2,684,9,2,2,0
139.842205,1,0,94,60,1523,99,245,51,1,2,684,9,2,2,0
139.848824,0,0,94,60,1523,99,245,51,1,2,684,9,2,2,0
139.852992,0,0,94,60,1523,99,245,51,1,2,684,9,2,2,0
139.857861,0,0,94,60,1523,99,245,51,1,2,684,9,2,2,0
139.869457,0,0,94,60,1523,99,245,51,1,2,684,9,2,2,0
139.879993,0,0,94,60,1523,99,245,51,1,2,684,9,2,2,0
139.885082,0,0,94,60,1523,99,245,51,1,2,684,9,2,2,0
139.899111,0,1,94,60,1523,99,245,51,0,2,684,9,2,2,0
139.909962,1,0,94,60,1522,99,245,51,0,2,684,9,2,2,0
139.914852,0,0,94,60,1522,99,245,51,0,2,684,9,2,2,0
139.919395,0,0,94,60,1522,99,245,51,0,2,684,9,2,2,0
139.931138,0,0,94,60,1522,99,245,51,0,2,684,9,2,2,0
139.940705,0,0,94,60,1522,99,245,51,0,2,684,9,2,2,0
139.945637,0,0,94,60,1522,99,245,51,0,2,684,9,2,2,0
139.949846,0,0,94,60,1522,99,245,51,0,2,684,9,2,2,0
139.963175,0,0,94,60,1522,99,245,51,0,2,684,9,2,2,0
139.972899,0,0,94,60,1522,99,245,51,0,2,684,9,2,2,0
139.977357,0,1,94,60,1522,99,245,51,1,2,684,9,2,2,0
139.981559,0,0,94,60,1522,99,245,51,1,2,684,9,2,2,0
139.993432,1,0,94,60,1522,98,245,51,1,2,684,9,2,2,0
140.003113,0,0,94,60,1522,98,245,51,1,2,684,9,2,2,0
140.007322,0,0,94,60,1522,98,245,51,1,2,684,9,2,2,0
140.011494,1,0,94,60,1523,98,245,51,1,2,684,9,2,2,0
140.024042,1,1,94,60,1523,99,245,51,1,2,684,9,1,2,0
140.033735,1,0,94,60,1523,99,245,50,1,2,684,9,1,2,0
140.038588,0,0,94,60,1523,99,245,50,1,2,684,9,1,2,0
140.043066,0,0,94,60,1523,99,245,50,1,2,684,9,1,2,0
140.054742,0,1,94,60,1523,99,245,50,1,2,684,9,2,2,0
140.058889,0,0,94,60,1523,99,245,50,1,2,684,9,2,2,0
140.066238,0,0,94,60,1523,99,245,50,1,2,684,9,2,2,0
140.070758,1,0,94,60,1522,99,245,50,1,2,684,9,2,2,0
140.084598,0,0,94,60,1522,99,245,50,1,2,684,9,2,2,0
140.088789,0,0,94,60,1522,99,245,50,1,2,684,9,2,2,0
140.097162,0,0,94,60,1522,99,245,50,1,2,684,9,2,2,0
140.101246,1,0,94,60,1523,99,245,50,1,2,684,9,2,2,0
140.105387,0,0,94,60,1523,99,245,50,1,2,684,9,2,2,0
140.116784,1,0,94,60,1523,99,245,51,1,2,684,9,2,2,0
140.126759,0,0,94,60,1523,99,245,51,1,2,684,9,2,2,0
140.394735,1,1,94,60,1528,99,245,51,0,2,762,9,2,2,0
140.398877,0,0,94,60,1528,99,245,51,0,2,762,9,2,2,0
140.407215,0,0,94,60,1528,99,245,51,0,2,762,9,2,2,0
140.411327,0,0,94,60,1528,99,245,51,0,2,762,9,2,2,0
140.415506,0,0,94,60,1528,99,245,51,0,2,762,9,2,2,0
140.427442,0,0,94,60,1528,99,245,51,0,2,762,9,2,2,0
140.436787,0,0,94,60,1528,99,245,51,0,2,762,9,2,2,0
140.440856,0,0,94,60,1528,99,245,51,0,2,762,9,2,2,0
140.444919,0,0,94,60,1528,99,245,51,0,2,762,9,2,2,0
140.458094,0,0,94,60,1528,99,245,51,0,2,762,9,2,2,0
140.462238,0,0,94,60,1528,99,245,51,0,2,762,9,2,2,0
140.469523,0,0,94,60,1528,99,245,51,0,2,762,9,2,2,0
140.473850,0,0,94,60,1528,99,245,51,0,2,762,9,2,2,0
140.477918,0,0,94,60,1528,99,245,51,0,2,762,9,2,2,0
140.488839,0,0,94,60,1528,99,245,51,0,2,762,9,2,2,0
140.492898,0,0,94,60,1528,99,245,51,0,2,762,9,2,2,0
140.499970,0,1,94,60,1528,99,245,51,0,2,762,9,2,1,0
140.504136,0,0,94,60,1528,99,245,51,0,2,762,9,2,1,0
140.508741,0,0,94,60,1528,99,245,51,0,2,762,9,2,1,0
140.519780,0,0,94,60,1528,99,245,51,0,2,762,9,2,1,0
140.529782,0,0,94,60,1528,99,245,51,0,2,762,9,2,1,0
140.533923,1,1,94,60,1528,99,245,50,0,2,762,9,2,2,0
140.538456,0,0,94,60,1528,99,245,50,0,2,762,9,2,2,0
140.551378,0,0,94,60,1528,99,245,50,0,2,762,9,2,2,0
140.553275,0,0,94,60,1528,99,245,50,0,2,762,9,2,2,0
140.562630,1,1,94,60,1528,99,245,51,0,2,762,9,2,1,0
140.567106,0,0,94,60,1528,99,245,51,0,2,762,9,2,1,0
140.580715,0,0,94,60,1528,99,245,51,0,2,762,9,2,1,0
140.585321,0,1,94,60,1528,99,245,51,0,2,762,8,2,1,0
140.592995,0,0,94,60,1528,99,245,51,0,2,762,8,2,1,0
140.597508,0,0,94,60,1528,99,245,51,0,2,762,8,2,1,0
140.602424,0,1,94,60,1528,99,245,51,0,2,761,8,2,1,0
140.614502,0,1,94,60,1528,99,245,51,0,2,761,9,2,1,0
140.625610,0,0,94,60,1528,99,245,51,0,2,761,9,2,1,0
140.631450,0,0,94,60,1528,99,245,51,0,2,761,9,2,1,0
140.645257,0,1,94,60,1528,99,245,51,0,2,762,9,2,1,0
140.655786,1,1,94,60,1528,99,245,50,0,2,762,9,2,2,0
140.661506,0,0,94,60,1528,99,245,50,0,2,762,9,2,2,0
140.676375,0,0,94,60,1528,99,245,50,0,2,762,9,2,2,0
140.686568,0,0,94,60,1528,99,245,50,0,2,762,9,2,2,0
140.692544,0,0,94,60,1528,99,245,50,0,2,762,9,2,2,0
140.707309,0,0,94,60,1528,99,245,50,0,2,762,9,2,2,0
140.717562,1,0,94,60,1528,99,245,51,0,2,762,9,2,2,0
140.723451,0,0,94,60,1528,99,245,51,0,2,762,9,2,2,0
140.738340,0,1,94,60,1528,99,245,51,0,2,762,9,1,2,0
140.749760,0,0,94,60,1528,99,245,51,0,2,762,9,1,2,0
140.755432,0,0,94,60,1528,99,245,51,0,2,762,9,1,2,0
140.769238,0,1,94,60,1528,99,245,51,0,2,762,9,2,2,0
140.779521,0,0,94,60,1528,99,245,51,0,2,762,9,2,2,0
140.785465,0,0,94,60,1528,99,245,51,0,2,762,9,2,2,0
140.800045,0,0,94,60,1528,99,245,51,0,2,762,9,2,2,0
140.810315,1,0,94,60,1528,99,245,50,0,2,762,9,2,2,0
140.816269,0,0,94,60,1528,99,245,50,0,2,762,9,2,2,0
140.830361,0,1,94,60,1528,99,245,50,0,2,763,9,2,2,0
140.841511,1,1,94,60,1528,99,245,51,0,2,763,9,2,1,0
140.847411,0,1,94,60,1528,99,245,51,0,2,762,9,2,1,0
140.861183,0,1,94,60,1528,99,245,51,0,2,762,9,2,2,0
141.120555,1,1,94,60,1523,99,245,51,1,2,667,9,1,2,0
141.124698,0,0,94,60,1523,99,245,51,1,2,667,9,1,2,0
141.128739,0,0,94,60,1523,99,245,51,1,2,667,9,1,2,0
141.139876,0,0,94,60,1523,99,245,51,1,2,667,9,1,2,0
141.143917,0,1,94,60,1523,99,245,51,1,2,668,9,1,2,0
141.151190,1,0,94,60,1524,99,245,51,1,2,668,9,1,2,0
141.155358,1,1,94,60,1524,99,245,50,1,2,668,9,2,2,0
141.159483,0,0,94,60,1524,99,245,50,1,2,668,9,2,2,0
141.171676,0,1,94,60,1524,99,245,50,0,2,668,9,2,2,0
141.181093,1,0,94,60,1523,99,245,50,0,2,668,9,2,2,0
141.185629,0,0,94,60,1523,99,245,50,0,2,668,9,2,2,0
141.189770,0,0,94,60,1523,99,245,50,0,2,668,9,2,2,0
141.201999,0,1,94,60,1523,99,245,50,1,2,668,9,2,2,0
141.206174,0,1,94,60,1523,99,245,50,1,2,669,9,2,2,0
141.213478,0,0,94,60,1523,99,245,50,1,2,669,9,2,2,0
141.217997,1,0,94,60,1523,99,245,51,1,2,669,9,2,2,0
141.222155,0,0,94,60,1523,99,245,51,1,2,669,9,2,2,0
141.233409,0,0,94,60,1523,99,245,51,1,2,669,9,2,2,0
141.242891,1,0,94,60,1524,99,245,51,1,2,669,9,2,2,0
141.247125,0,0,94,60,1524,99,245,51,1,2,669,9,2,2,0
141.251606,0,0,94,60,1524,99,245,51,1,2,669,9,2,2,0
141.264998,0,0,94,60,1524,99,245,51,1,2,669,9,2,2,0
141.275110,0,0,94,60,1524,99,245,51,1,2,669,9,2,2,0
141.278511,0,0,94,60,1524,99,245,51,1,2,669,9,2,2,0
141.284528,0,0,94,60,1524,99,245,51,1,2,669,9,2,2,0
141.296360,0,0,94,60,1524,99,245,51,1,2,669,9,2,2,0
141.307269,1,1,94,60,1523,99,245,51,1,2,669,9,2,3,0
141.313109,0,0,94,60,1523,99,245,51,1,2,669,9,2,3,0
141.326692,0,0,94,60,1523,99,245,51,1,2,669,9,2,3,0
141.335992,1,0,94,60,1524,99,245,51,1,2,669,9,2,3,0
141.340208,1,1,94,60,1524,99,245,50,1,2,669,9,2,2,0
141.344791,0,0,94,60,1524,99,245,50,1,2,669,9,2,2,0
141.357393,0,0,94,60,1524,99,245,50,1,2,669,9,2,2,0
141.366875,0,0,94,60,1524,99,245,50,1,2,669,9,2,2,0
141.371789,0,0,94,60,1524,99,245,50,1,2,669,9,2,2,0
141.376321,0,0,94,60,1524,99,245,50,1,2,669,9,2,2,0
141.388027,1,1,94,60,1523,99,245,50,1,2,669,8,2,2,0
141.392504,0,0,94,60,1523,99,245,50,1,2,669,8,2,2,0
141.399910,1,0,94,60,1523,99,245,51,1,2,669,8,2,2,0
141.404448,0,0,94,60,1523,99,245,51,1,2,669,8,2,2,0
141.418216,0,0,94,60,1523,99,245,51,1,2,669,8,2,2,0
141.423582,0,0,94,60,1523,99,245,51,1,2,669,8,2,2,0
141.430548,0,0,94,60,1523,99,245,51,1,2,669,8,2,2,0
141.435086,0,0,94,60,1523,99,245,51,1,2,669,8,2,2,0
141.448740,0,0,94,60,1523,99,245,51,1,2,669,8,2,2,0
141.453230,1,1,94,60,1524,99,245,51,1,2,669,9,2,2,0
141.461550,0,0,94,60,1524,99,245,51,1,2,669,9,2,2,0
141.466069,0,0,94,60,1524,99,245,51,1,2,669,9,2,2,0
141.470244,1,1,94,60,1523,99,245,51,1,2,670,9,2,2,0
141.481442,1,1,94,60,1523,98,245,51,1,2,670,8,2,2,0
141.491357,0,0,94,60,1523,98,245,51,1,2,670,8,2,2,0
141.495916,0,0,94,60,1523,98,245,51,1,2,670,8,2,2,0
141.500103,0,1,94,60,1523,98,245,51,1,2,669,8,2,2,0
141.512735,1,1,94,60,1523,99,245,51,1,2,669,8,1,2,0
141.522148,0,0,94,60,1523,99,245,51,1,2,669,8,1,2,0
141.526883,0,0,94,60,1523,99,245,51,1,2,669,8,1,2,0
141.531481,1,1,94,60,1522,99,245,51,1,2,670,8,1,2,0
141.542893,1,1,94,60,1522,98,245,51,1,2,670,9,1,2,0
141.547171,0,0,94,60,1522,98,245,51,1,2,670,9,1,2,0
141.554527,0,0,94,60,1522,98,245,51,1,2,670,9,1,2,0
141.559017,0,0,94,60,1522,98,245,51,1,2,670,9,1,2,0
141.572783,1,1,94,60,1522,99,245,51,1,2,670,8,1,2,0
141.577791,0,1,94,60,1522,99,245,51,1,2,670,8,2,2,0
141.840741,1,1,94,60,1528,99,245,51,0,2,749,8,2,2,0
141.853536,0,0,94,60,1528,99,245,51,0,2,749,8,2,2,0
141.863330,0,0,94,60,1528,99,245,51,0,2,749,8,2,2,0
141.867918,0,0,94,60,1528,99,245,51,0,2,749,8,2,2,0
141.872513,0,0,94,60,1528,99,245,51,0,2,749,8,2,2,0
141.884340,0,0,94,60,1528,99,245,51,0,2,749,8,2,2,0
141.888521,0,0,94,60,1528,99,245,51,0,2,749,8,2,2,0
141.895812,0,0,94,60,1528,99,245,51,0,2,749,8,2,2,0
141.899968,0,0,94,60,1528,99,245,51,0,2,749,8,2,2,0
141.904552,0,0,94,60,1528,99,245,51,0,2,749,8,2,2,0
141.915773,0,0,94,60,1528,99,245,51,0,2,749,8,2,2,0
141.925205,0,0,94,60,1528,99,245,51,0,2,749,8,2,2,0
141.929776,0,0,94,60,1528,99,245,51,0,2,749,8,2,2,0
141.933966,0,0,94,60,1528,99,245,51,0,2,749,8,2,2,0
141.946118,0,0,94,60,1528,99,245,51,0,2,749,8,2,2,0
141.950270,1,0,94,60,1528,100,245,51,0,2,749,8,2,2,0
141.957977,0,0,94,60,1528,100,245,51,0,2,749,8,2,2,0
141.962136,0,0,94,60,1528,100,245,51,0,2,749,8,2,2,0
141.966373,0,0,94,60,1528,100,245,51,0,2,749,8,2,2,0
141.977668,0,0,94,60,1528,100,245,51,0,2,749,8,2,2,0
141.986951,1,0,94,60,1528,98,245,51,0,2,749,8,2,2,0
141.992997,0,0,94,60,1528,98,245,51,0,2,749,8,2,2,0
141.996779,0,0,94,60,1528,98,245,51,0,2,749,8,2,2,0
142.009633,0,0,94,60,1528,98,245,51,0,2,749,8,2,2,0
142.020729,0,1,94,60,1528,98,245,51,0,2,749,9,2,2,0
142.026248,0,0,94,60,1528,98,245,51,0,2,749,9,2,2,0
142.040503,0,0,94,60,1528,98,245,51,0,2,749,9,2,2,0
142.051989,0,1,94,60,1528,98,245,51,0,2,749,8,2,2,0
142.057850,0,0,94,60,1528,98,245,51,0,2,749,8,2,2,0
142.071491,0,0,94,60,1528,98,245,51,0,2,749,8,2,2,0
142.081872,0,1,94,60,1528,98,245,51,0,2,749,9,2,2,0
142.087253,0,0,94,60,1528,98,245,51,0,2,749,9,2,2,0
142.101281,0,0,94,60,1528,98,245,51,0,2,749,9,2,2,0
142.111462,1,0,94,60,1528,99,245,51,0,2,749,9,2,2,0
142.117426,0,0,94,60,1528,99,245,51,0,2,749,9,2,2,0
142.130956,0,1,94,60,1528,99,245,51,0,1,749,9,2,2,0
142.136777,0,0,94,60,1528,99,245,51,0,1,749,9,2,2,0
142.143996,0,0,94,60,1528,99,245,51,0,1,749,9,2,2,0
142.148926,0,0,94,60,1528,99,245,51,0,1,749,9,2,2,0
142.162240,0,1,94,60,1528,99,245,51,0,2,749,9,2,2,0
142.167216,0,1,94,60,1528,99,245,51,0,2,749,9,2,1,0
142.174574,0,0,94,60,1528,99,245,51,0,2,749,9,2,1,0
142.179093,0,0,94,60,1528,99,245,51,0,2,749,9,2,1,0
142.183621,0,1,94,60,1528,99,245,51,1,2,749,9,2,1,0
142.194221,0,0,94,60,1528,99,245,51,1,2,749,9,2,1,0
142.198413,0,1,94,60,1528,99,245,51,1,2,749,9,2,2,0
142.205875,0,0,94,60,1528,99,245,51,1,2,749,9,2,2,0
142.210124,0,0,94,60,1528,99,245,51,1,2,749,9,2,2,0
142.214674,0,0,94,60,1528,99,245,51,1,2,749,9,2,2,0
142.225575,0,1,94,60,1528,99,245,51,1,2,749,8,2,2,0
142.235315,0,0,94,60,1528,99,245,51,1,2,749,8,2,2,0
142.239494,0,0,94,60,1528,99,245,51,1,2,749,8,2,2,0
142.243690,0,0,94,60,1528,99,245,51,1,2,749,8,2,2,0
142.256934,0,0,94,60,1528,99,245,51,1,2,749,8,2,2,0
142.266265,0,0,94,60,1528,99,245,51,1,2,749,8,2,2,0
142.270397,0,0,94,60,1528,99,245,51,1,2,749,8,2,2,0
142.274901,0,0,94,60,1528,99,245,51,1,2,749,8,2,2,0
142.287404,0,0,94,60,1528,99,245,51,1,2,749,8,2,2,0
142.291592,0,0,94,60,1528,99,245,51,1,2,749,8,2,2,0
142.551535,1,1,94,60,1523,99,245,51,1,2,668,8,1,2,0
142.565999,0,0,94,60,1523,99,245,51,1,2,668,8,1,2,0
142.576359,0,0,94,60,1523,99,245,51,1,2,668,8,1,2,0
142.582365,0,1,94,60,1523,99,245,51,1,2,669,9,2,2,0
142.595988,0,0,94,60,1523,99,245,51,1,2,669,9,2,2,0
142.600201,0,0,94,60,1523,99,245,51,1,2,669,9,2,2,0
142.608587,0,0,94,60,1523,99,245,51,1,2,669,9,2,2,0
142.612780,0,0,94,60,1523,99,245,51,1,2,669,9,2,2,0
142.617234,0,0,94,60,1523,99,245,51,1,2,669,9,2,2,0
142.628590,0,0,94,60,1523,99,245,51,1,2,669,9,2,2,0
142.638090,0,0,94,60,1523,99,245,51,1,2,669,9,2,2,0
142.642673,0,1,94,60,1523,99,245,51,1,2,669,8,1,2,0
142.646857,0,0,94,60,1523,99,245,51,1,2,669,8,1,2,0
142.659537,0,1,94,60,1523,99,245,51,0,2,669,8,1,2,0
142.669083,0,1,94,60,1523,99,245,51,0,2,669,9,2,2,0
142.673581,1,0,94,60,1523,99,245,50,0,2,669,9,2,2,0
142.678210,0,0,94,60,1523,99,245,50,0,2,669,9,2,2,0
142.690618,0,0,94,60,1523,99,245,50,0,2,669,9,2,2,0
142.700352,0,0,94,60,1523,99,245,50,0,2,669,9,2,2,0
142.704533,0,0,94,60,1523,99,245,50,0,2,669,9,2,2,0
142.706730,0,0,94,60,1523,99,245,50,0,2,669,9,2,2,0
142.720010,0,0,94,60,1523,99,245,50,0,2,669,9,2,2,0
142.724720,0,1,94,60,1523,99,245,50,0,2,669,9,1,2,0
142.732662,0,0,94,60,1523,99,245,50,0,2,669,9,1,2,0
142.737118,0,0,94,60,1523,99,245,50,0,2,669,9,1,2,0
142.741285,0,0,94,60,1523,99,245,50,0,2,669,9,1,2,0
142.752165,0,0,94,60,1523,99,245,50,0,2,669,9,1,2,0
142.756360,1,0,94,60,1523,98,245,50,0,2,669,9,1,2,0
142.763903,1,0,94,60,1523,98,245,51,0,2,669,9,1,2,0
142.768419,0,0,94,60,1523,98,245,51,0,2,669,9,1,2,0
142.782014,0,1,94,60,1523,98,245,51,1,2,669,9,1,2,0
142.786176,1,0,94,60,1523,99,245,51,1,2,669,9,1,2,0
142.795462,0,0,94,60,1523,99,245,51,1,2,669,9,1,2,0
142.800765,0,0,94,60,1523,99,245,51,1,2,669,9,1,2,0
142.813740,0,0,94,60,1523,99,245,51,1,2,669,9,1,2,0
142.817860,1,1,94,60,1523,98,245,51,1,2,669,8,2,2,0
142.825401,0,0,94,60,1523,98,245,51,1,2,669,8,2,2,0
142.829889,0,0,94,60,1523,98,245,51,1,2,669,8,2,2,0
142.834095,0,0,94,60,1523,98,245,51,1,2,669,8,2,2,0
142.845550,1,1,94,60,1523,100,245,51,1,2,669,9,2,2,0
142.855185,0,0,94,60,1523,100,245,51,1,2,669,9,2,2,0
142.859362,0,0,94,60,1523,100,245,51,1,2,669,9,2,2,0
142.863896,0,0,94,60,1523,100,245,51,1,2,669,9,2,2,0
142.876242,1,1,94,60,1523,98,245,51,1,2,669,8,2,2,0
142.880691,0,0,94,60,1523,98,245,51,1,2,669,8,2,2,0
142.887974,0,0,94,60,1523,98,245,51,1,2,669,8,2,2,0
142.892411,0,0,94,60,1523,98,245,51,1,2,669,8,2,2,0
142.896483,0,0,94,60,1523,98,245,51,1,2,669,8,2,2,0
142.907695,0,1,94,60,1523,98,245,51,1,2,669,9,2,2,0
142.917200,0,0,94,60,1523,98,245,51,1,2,669,9,2,2,0
142.922710,0,0,94,60,1523,98,245,51,1,2,669,9,2,2,0
142.927827,0,1,94,60,1523,98,245,51,1,3,670,9,2,2,0
142.939196,0,0,94,60,1523,98,245,51,1,3,670,9,2,2,0
142.949284,0,0,94,60,1523,98,245,51,1,3,670,9,2,2,0
142.953804,0,0,94,60,1523,98,245,51,1,3,670,9,2,2,0
142.957864,0,1,94,60,1523,98,245,51,1,2,670,9,2,2,0
142.969281,0,0,94,60,1523,98,245,51,1,2,670,9,2,2,0
142.973349,0,0,94,60,1523,98,245,51,1,2,670,9,2,2,0
142.980617,0,0,94,60,1523,98,245,51,1,2,670,9,2,2,0
142.984690,0,0,94,60,1523,98,245,51,1,2,670,9,2,2,0
142.988793,1,1,94,60,1523,99,245,51,1,2,669,8,2,2,0
143.000147,0,0,94,60,1523,99,245,51,1,2,669,8,2,2,0
143.004187,0,0,94,60,1523,99,245,51,1,2,669,8,2,2,0
143.266929,1,1,94,60,1528,99,245,51,1,2,767,8,2,1,0
143.279986,0,0,94,60,1528,99,245,51,1,2,767,8,2,1,0
143.289447,0,0,94,60,1528,99,245,51,1,2,767,8,2,1,0
143.294002,0,0,94,60,1528,99,245,51,1,2,767,8,2,1,0
143.298185,0,0,94,60,1528,99,245,51,1,2,767,8,2,1,0
143.311051,0,0,94,60,1528,99,245,51,1,2,767,8,2,1,0
143.320500,0,0,94,60,1528,99,245,51,1,2,767,8,2,1,0
143.324676,0,0,94,60,1528,99,245,51,1,2,767,8,2,1,0
143.329247,0,0,94,60,1528,99,245,51,1,2,767,8,2,1,0
143.341647,0,0,94,60,1528,99,245,51,1,2,767,8,2,1,0
143.351509,0,0,94,60,1528,99,245,51,1,2,767,8,2,1,0
143.356041,0,1,94,60,1528,99,245,51,1,2,767,8,1,1,0
143.360919,0,0,94,60,1528,99,245,51,1,2,767,8,1,1,0
143.372763,0,0,94,60,1528,99,245,51,1,2,767,8,1,1,0
143.382228,0,0,94,60,1528,99,245,51,1,2,767,8,1,1,0
143.386414,0,1,94,60,1528,99,245,51,1,2,767,8,2,1,0
143.390581,0,0,94,60,1528,99,245,51,1,2,767,8,2,1,0
143.404051,0,1,94,60,1528,99,245,51,0,2,767,8,2,1,0
143.413442,0,0,94,60,1528,99,245,51,0,2,767,8,2,1,0
143.418027,0,0,94,60,1528,99,245,51,0,2,767,8,2,1,0
143.420634,0,0,94,60,1528,99,245,51,0,2,767,8,2,1,0
143.434105,0,0,94,60,1528,99,245,51,0,2,767,8,2,1,0
143.438624,0,1,94,60,1528,99,245,51,0,2,766,8,2,1,0
143.445681,0,0,94,60,1528,99,245,51,0,2,766,8,2,1,0
143.450522,0,0,94,60,1528,99,245,51,0,2,766,8,2,1,0
143.464098,0,0,94,60,1528,99,245,51,0,2,766,8,2,1,0
143.468647,0,1,94,60,1528,99,245,51,0,2,767,8,2,1,0
143.477180,0,0,94,60,1528,99,245,51,0,2,767,8,2,1,0
143.481812,0,0,94,60,1528,99,245,51,0,2,767,8,2,1,0
143.495183,0,1,94,60,1528,99,245,51,1,2,767,8,2,1,0
143.499748,0,1,94,60,1528,99,245,51,1,2,766,8,1,1,0
143.507807,0,0,94,60,1528,99,245,51,1,2,766,8,1,1,0
143.512180,0,0,94,60,1528,99,245,51,1,2,766,8,1,1,0
143.516216,0,0,94,60,1528,99,245,51,1,2,766,8,1,1,0
143.527685,0,1,94,60,1528,99,245,51,1,2,766,8,2,1,0
143.531748,0,0,94,60,1528,99,245,51,1,2,766,8,2,1,0
143.538985,0,0,94,60,1528,99,245,51,1,2,766,8,2,1,0
143.543103,0,0,94,60,1528,99,245,51,1,2,766,8,2,1,0
143.547838,0,0,94,60,1528,99,245,51,1,2,766,8,2,1,0
143.558413,0,0,94,60,1528,99,245,51,1,2,766,8,2,1,0
143.562495,0,0,94,60,1528,99,245,51,1,2,766,8,2,1,0
143.569831,0,0,94,60,1528,99,245,51,1,2,766,8,2,1,0
143.574295,0,0,94,60,1528,99,245,51,1,2,766,8,2,1,0
143.578431,0,0,94,60,1528,99,245,51,1,2,766,8,2,1,0
143.589366,1,0,94,60,1528,100,245,51,1,2,766,8,2,1,0
143.593462,0,0,94,60,1528,100,245,51,1,2,766,8,2,1,0
143.600480,0,0,94,60,1528,100,245,51,1,2,766,8,2,1,0
143.604565,0,0,94,60,1528,100,245,51,1,2,766,8,2,1,0
143.608650,1,1,94,60,1528,98,245,51,1,2,767,8,2,1,0
143.620363,0,0,94,60,1528,98,245,51,1,2,767,8,2,1,0
143.624463,1,0,94,60,1528,98,245,50,1,2,767,8,2,1,0
143.631743,0,0,94,60,1528,98,245,50,1,2,767,8,2,1,0
143.635824,0,0,94,60,1528,98,245,50,1,2,767,8,2,1,0
143.639932,0,0,94,60,1528,98,245,50,1,2,767,8,2,1,0
143.652046,0,0,94,60,1528,98,245,50,1,2,767,8,2,1,0
143.661596,0,0,94,60,1528,98,245,50,1,2,767,8,2,1,0
143.665788,0,0,94,60,1528,98,245,50,1,2,767,8,2,1,0
143.669962,1,1,94,60,1528,99,245,50,1,2,766,8,1,1,0
143.682323,0,0,94,60,1528,99,245,50,1,2,766,8,1,1,0
143.692275,0,0,94,60,1528,99,245,50,1,2,766,8,1,1,0
143.696439,0,1,94,60,1528,99,245,50,1,2,767,8,1,1,0
143.700700,0,1,94,60,1528,99,245,50,1,2,767,8,2,1,0
143.713822,1,0,94,60,1528,99,245,51,1,2,767,8,2,1,0
143.723517,0,1,94,60,1528,99,245,51,0,2,767,8,2,1,0
143.980709,0,1,94,60,1528,99,245,51,0,2,766,8,2,2,0
143.992950,0,0,94,60,1528,99,245,51,0,2,766,8,2,2,0
144.002788,0,0,94,60,1528,99,245,51,0,2,766,8,2,2,0
144.007203,0,1,94,60,1528,99,245,51,0,2,766,8,2,1,0
144.011693,0,0,94,60,1528,99,245,51,0,2,766,8,2,1,0
144.024006,0,0,94,60,1528,99,245,51,0,2,766,8,2,1,0
144.033344,0,1,94,60,1528,99,245,51,0,2,766,8,2,2,0
144.037505,0,0,94,60,1528,99,245,51,0,2,766,8,2,2,0
144.041642,0,0,94,60,1528,99,245,51,0,2,766,8,2,2,0
144.054703,0,0,94,60,1528,99,245,51,0,2,766,8,2,2,0
144.064317,0,1,94,60,1528,99,245,51,0,2,766,9,2,2,0
144.068821,1,1,94,60,1528,99,245,50,0,2,766,9,2,1,0
144.073330,0,0,94,60,1528,99,245,50,0,2,766,9,2,1,0
144.085824,0,1,94,60,1528,99,245,50,0,2,766,8,2,1,0
144.095582,0,0,94,60,1528,99,245,50,0,2,766,8,2,1,0
144.100140,0,0,94,60,1528,99,245,50,0,2,766,8,2,1,0
144.104638,0,0,94,60,1528,99,245,50,0,2,766,8,2,1,0
144.116819,0,0,94,60,1528,99,245,50,0,2,766,8,2,1,0
144.126392,0,0,94,60,1528,99,245,50,0,2,766,8,2,1,0
144.130493,0,0,94,60,1528,99,245,50,0,2,766,8,2,1,0
144.134678,0,0,94,60,1528,99,245,50,0,2,766,8,2,1,0
144.136540,0,0,94,60,1528,99,245,50,0,2,766,8,2,1,0
144.147339,0,0,94,60,1528,99,245,50,0,2,766,8,2,1,0
144.151419,1,0,94,60,1528,99,245,51,0,2,766,8,2,1,0
144.158496,0,0,94,60,1528,99,245,51,0,2,766,8,2,1,0
144.162552,0,0,94,60,1528,99,245,51,0,2,766,8,2,1,0
144.166711,0,0,94,60,1528,99,245,51,0,2,766,8,2,1,0
144.178673,0,0,94,60,1528,99,245,51,0,2,766,8,2,1,0
144.182767,0,0,94,60,1528,99,245,51,0,2,766,8,2,1,0
144.190094,0,0,94,60,1528,99,245,51,0,2,766,8,2,1,0
144.194165,0,0,94,60,1528,99,245,51,0,2,766,8,2,1,0
144.198244,0,1,94,60,1528,99,245,51,0,2,767,8,2,1,0
144.209765,0,0,94,60,1528,99,245,51,0,2,767,8,2,1,0
144.219290,0,0,94,60,1528,99,245,51,0,2,767,8,2,1,0
144.224177,0,0,94,60,1528,99,245,51,0,2,767,8,2,1,0
144.228706,0,0,94,60,1528,99,245,51,0,2,767,8,2,1,0
144.240778,0,0,94,60,1528,99,245,51,0,2,767,8,2,1,0
144.250369,1,0,94,60,1528,99,245,50,0,2,767,8,2,1,0
144.255267,0,0,94,60,1528,99,245,50,0,2,767,8,2,1,0
144.260182,0,0,94,60,1528,99,245,50,0,2,767,8,2,1,0
144.272254,0,0,94,60,1528,99,245,50,0,2,767,8,2,1,0
144.282617,0,0,94,60,1528,99,245,50,0,2,767,8,2,1,0
144.287584,0,0,94,60,1528,99,245,50,0,2,767,8,2,1,0
144.301265,0,0,94,60,1528,99,245,50,0,2,767,8,2,1,0
144.306241,0,0,94,60,1528,99,245,50,0,2,767,8,2,1,0
144.314404,0,0,94,60,1528,99,245,50,0,2,767,8,2,1,0
144.319028,0,1,94,60,1528,99,245,50,0,2,766,8,2,1,0
144.332504,0,0,94,60,1528,99,245,50,0,2,766,8,2,1,0
144.337530,1,1,94,60,1528,99,245,51,0,2,766,8,2,2,0
144.345278,0,0,94,60,1528,99,245,51,0,2,766,8,2,2,0
144.350206,0,0,94,60,1528,99,245,51,0,2,766,8,2,2,0
144.363671,0,1,94,60,1528,99,245,51,0,2,766,8,2,1,0
144.368665,0,0,94,60,1528,99,245,51,0,2,766,8,2,1,0
144.377176,0,0,94,60,1528,99,245,51,0,2,766,8,2,1,0
144.382711,0,0,94,60,1528,99,245,51,0,2,766,8,2,1,0
144.396999,0,0,94,60,1528,99,245,51,0,2,766,8,2,1,0
144.406538,0,0,94,60,1528,99,245,51,0,2,766,8,2,1,0
144.410709,0,0,94,60,1528,99,245,51,0,2,766,8,2,1,0
144.414895,0,0,94,60,1528,99,245,51,0,2,766,8,2,1,0
144.426458,0,0,94,60,1528,99,245,51,0,2,766,8,2,1,0
144.436439,0,0,94,60,1528,99,245,51,0,2,766,8,2,1,0
144.706159,1,1,94,60,1528,99,245,50,0,2,825,8,3,1,0
144.716986,1,1,94,60,1527,99,245,50,0,2,823,8,2,1,0
144.722484,0,0,94,60,1527,99,245,50,0,2,823,8,2,1,0
144.736718,0,0,94,60,1527,99,245,50,0,2,823,8,2,1,0
144.746797,1,1,94,60,1527,98,245,50,0,2,822,8,2,1,0
144.751384,0,1,94,60,1527,98,245,50,0,2,822,8,2,2,0
144.755600,0,0,94,60,1527,98,245,50,0,2,822,8,2,2,0
144.767527,0,0,94,60,1527,98,245,50,0,2,822,8,2,2,0
144.771670,0,1,94,60,1527,98,245,50,0,2,822,8,2,1,0
144.778985,0,0,94,60,1527,98,245,50,0,2,822,8,2,1,0
144.783059,0,0,94,60,1527,98,245,50,0,2,822,8,2,1,0
144.787208,0,0,94,60,1527,98,245,50,0,2,822,8,2,1,0
144.799224,0,1,94,60,1527,98,245,50,0,2,821,9,2,1,0
144.808510,0,0,94,60,1527,98,245,50,0,2,821,9,2,1,0
144.812611,0,0,94,60,1527,98,245,50,0,2,821,9,2,1,0
144.816673,0,1,94,60,1527,98,245,50,1,2,821,9,2,1,0
144.829519,0,0,94,60,1527,98,245,50,1,2,821,9,2,1,0
144.833925,1,1,94,60,1527,98,245,51,1,2,821,9,2,2,0
144.841566,0,0,94,60,1527,98,245,51,1,2,821,9,2,2,0
144.845716,0,1,94,60,1527,98,245,51,0,2,821,9,2,2,0
144.849733,0,0,94,60,1527,98,245,51,0,2,821,9,2,2,0
144.860565,1,1,94,60,1527,99,245,51,0,2,821,8,3,2,0
144.862733,0,1,94,60,1527,99,245,51,0,2,821,8,3,1,0
144.871734,0,0,94,60,1527,99,245,51,0,2,821,8,3,1,0
144.875755,0,0,94,60,1527,99,245,51,0,2,821,8,3,1,0
144.879789,0,1,94,60,1527,99,245,51,0,2,820,8,3,1,0
144.891867,0,1,94,60,1527,99,245,51,0,2,820,8,2,1,0
144.901613,1,0,94,60,1527,99,245,50,0,2,820,8,2,1,0
144.906534,0,0,94,60,1527,99,245,50,0,2,820,8,2,1,0
144.911052,0,0,94,60,1527,99,245,50,0,2,820,8,2,1,0
144.923249,0,0,94,60,1527,99,245,50,0,2,820,8,2,1,0
144.932906,0,0,94,60,1527,99,245,50,0,2,820,8,2,1,0
144.937112,0,0,94,60,1527,99,245,50,0,2,820,8,2,1,0
144.943259,0,0,94,60,1527,99,245,50,0,2,820,8,2,1,0
144.955261,0,0,94,60,1527,99,245,50,0,2,820,8,2,1,0
144.965435,0,0,94,60,1527,99,245,50,0,2,820,8,2,1,0
144.969942,0,0,94,60,1527,99,245,50,0,2,820,8,2,1,0
144.983461,0,0,94,60,1527,99,245,50,0,2,820,8,2,1,0
144.988051,0,0,94,60,1527,99,245,50,0,2,820,8,2,1,0
144.995983,0,0,94,60,1527,99,245,50,0,2,820,8,2,1,0
145.000257,0,0,94,60,1527,99,245,50,0,2,820,8,2,1,0
145.005112,0,0,94,60,1527,99,245,50,0,2,820,8,2,1,0
145.015692,0,0,94,60,1527,99,245,50,0,2,820,8,2,1,0
145.019782,0,0,94,60,1527,99,245,50,0,2,820,8,2,1,0
145.027648,0,1,94,60,1527,99,245,50,1,2,820,8,2,1,0
145.031741,0,1,94,60,1527,99,245,50,1,2,819,8,2,1,0
145.035806,0,0,94,60,1527,99,245,50,1,2,819,8,2,1,0
145.046677,0,0,94,60,1527,99,245,50,1,2,819,8,2,1,0
145.050718,0,0,94,60,1527,99,245,50,1,2,819,8,2,1,0
145.057769,0,1,94,60,1527,99,245,50,0,2,819,8,2,1,0
145.062284,0,1,94,60,1527,99,245,50,0,2,820,8,2,1,0
145.066817,0,1,94,60,1527,99,245,50,0,2,820,8,3,1,0
145.078051,0,0,94,60,1527,99,245,50,0,2,820,8,3,1,0
145.087523,0,0,94,60,1527,99,245,50,0,2,820,8,3,1,0
145.091716,0,1,94,60,1527,99,245,50,0,2,819,8,3,1,0
145.095876,0,1,94,60,1527,99,245,50,0,2,819,8,2,1,0
145.108589,1,0,94,60,1527,99,245,51,0,2,819,8,2,1,0
145.118761,0,0,94,60,1527,99,245,51,0,2,819,8,2,1,0
145.122985,0,1,94,60,1527,99,245,51,1,2,819,8,2,1,0
145.127189,0,0,94,60,1527,99,245,51,1,2,819,8,2,1,0
145.140293,0,0,94,60,1527,99,245,51,1,2,819,8,2,1,0
145.149580,0,1,94,60,1527,99,245,51,0,2,819,8,2,1,0
145.153733,0,0,94,60,1527,99,245,51,0,2,819,8,2,1,0
145.158211,0,0,94,60,1527,99,245,51,0,2,819,8,2,1,0
145.171390,0,0,94,60,1527,99,245,51,0,2,819,8,2,1,0
145.430453,1,0,94,60,1526,99,245,51,0,2,819,8,2,1,0
145.434564,0,0,94,60,1526,99,245,51,0,2,819,8,2,1,0
145.438795,0,0,94,60,1526,99,245,51,0,2,819,8,2,1,0
145.450249,0,0,94,60,1526,99,245,51,0,2,819,8,2,1,0
145.459591,0,0,94,60,1526,99,245,51,0,2,819,8,2,1,0
145.463675,0,0,94,60,1526,99,245,51,0,2,819,8,2,1,0
145.467752,0,0,94,60,1526,99,245,51,0,2,819,8,2,1,0
145.480843,0,0,94,60,1526,99,245,51,0,2,819,8,2,1,0
145.484978,1,0,94,60,1526,99,245,50,0,2,819,8,2,1,0
145.492168,0,0,94,60,1526,99,245,50,0,2,819,8,2,1,0
145.496261,0,0,94,60,1526,99,245,50,0,2,819,8,2,1,0
145.500318,0,0,94,60,1526,99,245,50,0,2,819,8,2,1,0
145.511587,0,1,94,60,1526,99,245,50,0,2,818,8,2,1,0
145.516078,0,0,94,60,1526,99,245,50,0,2,818,8,2,1,0
145.523169,0,0,94,60,1526,99,245,50,0,2,818,8,2,1,0
145.527703,0,0,94,60,1526,99,245,50,0,2,818,8,2,1,0
145.541486,0,0,94,60,1526,99,245,50,0,2,818,8,2,1,0
145.545973,0,0,94,60,1526,99,245,50,0,2,818,8,2,1,0
145.553880,0,0,94,60,1526,99,245,50,0,2,818,8,2,1,0
145.558029,0,0,94,60,1526,99,245,50,0,2,818,8,2,1,0
145.562969,0,0,94,60,1526,99,245,50,0,2,818,8,2,1,0
145.574257,0,0,94,60,1526,99,245,50,0,2,818,8,2,1,0
145.583910,0,0,94,60,1526,99,245,50,0,2,818,8,2,1,0
145.586481,0,0,94,60,1526,99,245,50,0,2,818,8,2,1,0
145.591376,0,0,94,60,1526,99,245,50,0,2,818,8,2,1,0
145.605010,0,0,94,60,1526,99,245,50,0,2,818,8,2,1,0
145.614718,0,1,94,60,1526,99,245,50,0,2,818,8,2,2,0
145.619247,0,0,94,60,1526,99,245,50,0,2,818,8,2,2,0
145.623772,0,0,94,60,1526,99,245,50,0,2,818,8,2,2,0
145.635869,0,1,94,60,1526,99,245,50,0,2,818,8,2,1,0
145.640038,0,0,94,60,1526,99,245,50,0,2,818,8,2,1,0
145.647438,0,0,94,60,1526,99,245,50,0,2,818,8,2,1,0
145.651666,0,0,94,60,1526,99,245,50,0,2,818,8,2,1,0
145.655806,0,0,94,60,1526,99,245,50,0,2,818,8,2,1,0
145.667044,0,1,94,60,1526,99,245,50,0,2,818,8,3,1,0
145.676834,1,0,94,60,1526,99,245,51,0,2,818,8,3,1,0
145.681037,0,0,94,60,1526,99,245,51,0,2,818,8,3,1,0
145.685551,0,0,94,60,1526,99,245,51,0,2,818,8,3,1,0
145.698090,0,1,94,60,1526,99,245,51,0,2,818,8,2,2,0
145.707503,0,0,94,60,1526,99,245,51,0,2,818,8,2,2,0
145.711691,0,0,94,60,1526,99,245,51,0,2,818,8,2,2,0
145.716181,0,1,94,60,1526,99,245,51,0,2,819,8,2,2,0
145.728724,0,1,94,60,1526,99,245,51,0,2,819,8,2,1,0
145.733212,0,0,94,60,1526,99,245,51,0,2,819,8,2,1,0
145.740289,0,0,94,60,1526,99,245,51,0,2,819,8,2,1,0
145.744488,0,0,94,60,1526,99,245,51,0,2,819,8,2,1,0
145.748716,0,0,94,60,1526,99,245,51,0,2,819,8,2,1,0
145.759752,0,0,94,60,1526,99,245,51,0,2,819,8,2,1,0
145.769895,0,0,94,60,1526,99,245,51,0,2,819,8,2,1,0
145.774089,0,0,94,60,1526,99,245,51,0,2,819,8,2,1,0
145.778642,0,0,94,60,1526,99,245,51,0,2,819,8,2,1,0
145.790796,1,0,94,60,1526,99,245,50,0,2,819,8,2,1,0
145.795019,0,0,94,60,1526,99,245,50,0,2,819,8,2,1,0
145.802771,0,0,94,60,1526,99,245,50,0,2,819,8,2,1,0
145.807541,0,0,94,60,1526,99,245,50,0,2,819,8,2,1,0
145.821450,0,0,94,60,1526,99,245,50,0,2,819,8,2,1,0
145.825920,0,0,94,60,1526,99,245,50,0,2,819,8,2,1,0
145.832935,0,1,94,60,1526,99,245,50,0,2,818,8,2,1,0
145.837115,1,0,94,60,1526,98,245,50,0,2,818,8,2,1,0
145.841326,0,0,94,60,1526,98,245,50,0,2,818,8,2,1,0
145.852985,0,0,94,60,1526,98,245,50,0,2,818,8,2,1,0
145.862887,0,0,94,60,1526,98,245,50,0,2,818,8,2,1,0
145.867394,0,0,94,60,1526,98,245,50,0,2,818,8,2,1,0
145.872208,0,1,94,60,1526,98,245,50,0,2,818,8,2,2,0
145.883994,0,0,94,60,1526,98,245,50,0,2,818,8,2,2,0
146.148853,1,1,94,60,1528,99,245,50,0,2,867,8,2,1,0
146.162592,0,1,94,60,1528,99,245,50,0,2,860,8,2,1,111
146.172795,1,0,94,60,1526,99,245,50,0,2,860,8,2,1,111
146.177279,0,0,94,60,1526,99,245,50,0,2,860,8,2,1,111
146.181776,0,0,94,60,1526,99,245,50,0,2,860,8,2,1,111
146.194154,1,1,94,60,1531,99,245,50,0,2,926,8,2,1,335
146.203707,1,1,94,60,1531,99,245,51,0,2,926,8,2,0,335
146.207890,0,0,94,60,1531,99,245,51,0,2,926,8,2,0,335
146.212101,0,0,94,60,1531,99,245,51,0,2,926,8,2,0,0
146.224739,0,1,94,60,1531,99,245,51,0,2,922,8,2,0,0
146.228833,0,1,94,60,1531,99,245,51,0,2,922,8,2,1,0
146.236901,0,0,94,60,1531,99,245,51,0,2,922,8,2,1,0
146.241472,0,0,94,60,1531,99,245,51,0,2,922,8,2,1,0
146.254981,1,1,94,60,1528,99,245,51,0,2,901,8,2,1,0
146.259698,0,1,94,60,1528,99,245,51,0,2,901,8,2,0,0
146.267253,0,0,94,60,1528,99,245,51,0,2,901,8,2,0,0
146.271783,0,0,94,60,1528,99,245,51,0,2,901,8,2,0,0
146.285543,1,1,94,60,1527,100,245,51,0,2,890,8,2,0,0
146.289711,0,1,94,60,1527,100,245,51,0,2,890,8,2,1,0
146.297881,0,0,94,60,1527,100,245,51,0,2,890,8,2,1,0
146.302024,0,0,94,60,1527,100,245,51,0,2,890,8,2,1,0
146.306194,1,1,94,60,1526,98,245,51,0,2,887,8,2,1,235
146.317816,0,0,94,60,1526,98,245,51,0,2,887,8,2,1,235
146.328282,0,0,94,60,1526,98,245,51,0,2,887,8,2,1,235
146.334248,0,1,94,60,1526,98,245,51,0,1,887,8,2,1,283
146.349109,1,1,94,60,1531,98,245,51,0,1,959,8,2,0,283
146.360217,0,0,94,60,1531,98,245,51,0,1,959,8,2,0,283
146.365306,0,1,94,60,1531,98,245,51,0,1,970,8,2,0,285
146.378696,1,0,94,60,1531,99,245,51,0,1,970,8,2,0,285
146.382833,0,0,94,60,1531,99,245,51,0,1,970,8,2,0,285
146.390817,0,0,94,60,1531,99,245,51,0,1,970,8,2,0,285
146.394925,0,1,94,60,1531,99,245,51,0,1,969,8,2,0,284
146.399562,0,1,94,60,1531,99,245,51,0,1,969,8,3,0,284
146.410814,0,0,94,60,1531,99,245,51,0,1,969,8,3,0,284
146.420913,0,0,94,60,1531,99,245,51,0,1,969,8,3,0,284
146.425112,0,0,94,60,1531,99,245,51,0,1,969,8,3,0,284
146.429636,1,0,94,60,1531,99,245,50,0,1,969,8,3,0,284
146.442525,0,0,94,60,1531,99,245,50,0,1,969,8,3,0,284
146.451973,0,0,94,60,1531,99,245,50,0,1,969,8,3,0,284
146.456850,0,0,94,60,1531,99,245,50,0,1,969,8,3,0,284
146.460932,0,1,94,60,1531,99,245,50,0,1,969,8,2,1,284
146.473516,0,0,94,60,1531,99,245,50,0,1,969,8,2,1,284
146.482985,0,0,94,60,1531,99,245,50,0,1,969,8,2,1,284
146.487596,0,1,94,60,1531,99,245,50,0,1,968,8,2,1,283
146.492470,1,1,94,60,1531,99,245,51,0,1,968,8,2,0,283
146.504028,0,0,94,60,1531,99,245,51,0,1,968,8,2,0,283
146.505911,0,0,94,60,1531,99,245,51,0,1,968,8,2,0,283
146.515524,0,0,94,60,1531,99,245,51,0,1,968,8,2,0,284
146.520377,1,0,94,60,1531,98,245,51,0,1,968,8,2,0,284
146.533731,0,0,94,60,1531,98,245,51,0,1,968,8,2,0,284
146.538271,0,0,94,60,1531,98,245,51,0,1,968,8,2,0,284
146.546377,0,0,94,60,1531,98,245,51,0,1,968,8,2,0,282
146.550860,0,1,94,60,1531,98,245,51,0,1,968,8,3,0,282
146.555015,0,0,94,60,1531,98,245,51,0,1,968,8,3,0,282
146.567380,0,0,94,60,1531,98,245,51,0,1,968,8,3,0,282
146.578209,0,0,94,60,1531,98,245,51,0,1,968,8,3,0,284
146.584145,0,0,94,60,1531,98,245,51,0,1,968,8,3,0,284
146.597209,0,0,94,60,1531,98,245,51,0,1,968,8,3,0,284
146.606961,0,0,94,60,1531,98,245,51,0,1,968,8,3,0,283
146.611164,1,0,94,60,1531,99,245,51,0,1,968,8,3,0,283
146.615686,0,0,94,60,1531,99,245,51,0,1,968,8,3,0,283
146.629111,0,0,94,60,1531,99,245,51,0,1,968,8,3,0,281
146.638790,1,1,94,60,1531,98,245,51,0,1,968,8,2,0,281
146.642871,0,0,94,60,1531,98,245,51,0,1,968,8,2,0,281
146.647015,0,0,94,60,1531,98,245,51,0,1,968,8,2,0,281
146.658811,0,0,94,60,1531,98,245,51,0,1,968,8,2,0,281
146.662955,0,0,94,60,1531,98,245,51,0,1,968,8,2,0,282
146.670298,0,1,94,60,1531,98,245,51,0,1,968,8,3,0,282
146.674417,0,0,94,60,1531,98,245,51,0,1,968,8,3,0,282
146.678462,0,0,94,60,1531,98,245,51,0,1,968,8,3,0,282
146.690102,0,0,94,60,1531,98,245,51,0,1,968,8,3,0,282
146.694166,0,1,94,60,1531,98,245,51,0,1,968,8,2,0,282
146.701754,0,0,94,60,1531,98,245,51,0,1,968,8,2,0,282
146.706239,0,0,94,60,1531,98,245,51,0,1,968,8,2,0,282
146.719685,0,0,94,60,1531,98,245,51,0,1,968,8,2,0,282
146.724170,0,0,94,60,1531,98,245,51,0,1,968,8,2,0,284
146.732350,0,0,94,60,1531,98,245,51,0,1,968,8,2,0,284
146.736515,0,0,94,60,1531,98,245,51,0,1,968,8,2,0,284
146.741026,0,0,94,60,1531,98,245,51,0,1,968,8,2,0,284
146.752195,0,1,94,60,1531,98,245,51,0,1,967,8,2,0,281
146.761784,0,1,94,60,1531,98,245,51,0,1,967,8,3,0,281
146.765860,0,0,94,60,1531,98,245,51,0,1,967,8,3,0,281
146.770297,0,0,94,60,1531,98,245,51,0,1,967,8,3,0,281
146.783706,0,0,94,60,1531,98,245,51,0,1,967,8,3,0,283
146.794280,1,0,94,60,1531,98,245,50,0,1,967,8,3,0,283
146.799943,0,0,94,60,1531,98,245,50,0,1,967,8,3,0,283
146.814270,0,1,94,60,1531,98,245,50,0,2,967,8,3,0,283
147.074925,1,1,94,60,1526,99,245,50,0,2,858,8,3,1,0
147.080393,0,0,94,60,1526,99,245,50,0,2,858,8,3,1,0
147.094452,0,0,94,60,1526,99,245,50,0,2,858,8,3,1,0
147.104647,0,1,94,60,1526,99,245,50,0,1,858,8,3,1,0
147.108798,0,0,94,60,1526,99,245,50,0,1,858,8,3,1,0
147.112943,0,0,94,60,1526,99,245,50,0,1,858,8,3,1,0
147.124309,0,0,94,60,1526,99,245,50,0,1,858,8,3,1,0
147.133847,0,1,94,60,1526,99,245,50,0,2,858,8,3,1,0
147.138344,0,1,94,60,1526,99,245,50,0,2,857,8,3,1,0
147.143195,1,0,94,60,1526,99,245,51,0,2,857,8,3,1,0
147.155672,0,0,94,60,1526,99,245,51,0,2,857,8,3,1,0
147.165483,0,0,94,60,1526,99,245,51,0,2,857,8,3,1,0
147.170018,0,1,94,60,1526,99,245,51,0,2,856,8,3,1,0
147.174235,0,0,94,60,1526,99,245,51,0,2,856,8,3,1,0
147.186232,0,0,94,60,1526,99,245,51,0,2,856,8,3,1,0
147.195862,0,0,94,60,1526,99,245,51,0,2,856,8,3,1,0
147.200921,0,0,94,60,1526,99,245,51,0,2,856,8,3,1,0
147.205108,0,0,94,60,1526,99,245,51,0,2,856,8,3,1,0
147.217629,0,0,94,60,1526,99,245,51,0,2,856,8,3,1,0
147.226890,0,0,94,60,1526,99,245,51,0,2,856,8,3,1,0
147.229143,0,0,94,60,1526,99,245,51,0,2,856,8,3,1,0
147.233342,0,0,94,60,1526,99,245,51,0,2,856,8,3,1,0
147.246793,0,0,94,60,1526,99,245,51,0,2,856,8,3,1,0
147.250941,0,0,94,60,1526,99,245,51,0,2,856,8,3,1,0
147.259724,0,0,94,60,1526,99,245,51,0,2,856,8,3,1,0
147.263795,0,1,94,60,1526,99,245,51,0,2,856,8,2,1,0
147.267857,0,0,94,60,1526,99,245,51,0,2,856,8,2,1,0
147.278884,0,0,94,60,1526,99,245,51,0,2,856,8,2,1,0
147.282984,0,0,94,60,1526,99,245,51,0,2,856,8,2,1,0
147.290388,0,1,94,60,1526,99,245,51,0,2,857,9,2,1,0
147.294568,0,0,94,60,1526,99,245,51,0,2,857,9,2,1,0
147.298692,0,0,94,60,1526,99,245,51,0,2,857,9,2,1,0
147.310016,0,0,94,60,1526,99,245,51,0,2,857,9,2,1,0
147.319749,0,1,94,60,1526,99,245,51,0,2,856,9,2,1,0
147.323783,0,1,94,60,1526,99,245,51,0,2,856,8,2,1,0
147.327854,0,0,94,60,1526,99,245,51,0,2,856,8,2,1,0
147.341217,0,0,94,60,1526,99,245,51,0,2,856,8,2,1,0
147.351062,0,0,94,60,1526,99,245,51,0,2,856,8,2,1,0
147.355266,0,1,94,60,1526,99,245,51,0,2,856,9,2,1,0
147.359452,0,0,94,60,1526,99,245,51,0,2,856,9,2,1,0
147.372343,0,0,94,60,1526,99,245,51,0,2,856,9,2,1,0
147.381946,0,1,94,60,1526,99,245,51,0,2,856,8,2,1,0
147.386442,0,0,94,60,1526,99,245,51,0,2,856,8,2,1,0
147.390941,0,0,94,60,1526,99,245,51,0,2,856,8,2,1,0
147.403620,0,0,94,60,1526,99,245,51,0,2,856,8,2,1,0
147.412906,0,0,94,60,1526,99,245,51,0,2,856,8,2,1,0
147.417794,0,0,94,60,1526,99,245,51,0,2,856,8,2,1,0
147.422298,0,0,94,60,1526,99,245,51,0,2,856,8,2,1,0
147.434696,0,0,94,60,1526,99,245,51,0,2,856,8,2,1,0
147.444340,0,1,94,60,1526,99,245,51,0,2,856,8,3,1,0
147.449126,1,0,94,60,1526,99,245,50,0,2,856,8,3,1,0
147.453616,0,0,94,60,1526,99,245,50,0,2,856,8,3,1,0
147.465345,0,0,94,60,1526,99,245,50,0,2,856,8,3,1,0
147.474852,0,0,94,60,1526,99,245,50,0,2,856,8,3,1,0
147.479812,0,0,94,60,1526,99,245,50,0,2,856,8,3,1,0
147.484528,0,0,94,60,1526,99,245,50,0,2,856,8,3,1,0
147.496713,0,0,94,60,1526,99,245,50,0,2,856,8,3,1,0
147.506208,1,1,94,60,1526,99,245,51,0,2,856,8,2,0,0
147.510768,0,0,94,60,1526,99,245,51,0,2,856,8,2,0,0
147.515237,0,0,94,60,1526,99,245,51,0,2,856,8,2,0,0
147.527316,0,1,94,60,1526,99,245,51,0,2,856,9,2,0,0
147.793150,1,1,94,60,1531,99,245,51,0,1,965,8,2,0,0
147.806817,0,1,94,60,1531,99,245,51,0,1,965,8,3,0,0
147.816756,0,0,94,60,1531,99,245,51,0,1,965,8,3,0,0
147.820891,0,1,94,60,1531,99,245,51,0,1,944,8,3,0,0
147.825097,0,0,94,60,1531,99,245,51,0,1,944,8,3,0,0
147.836971,1,0,94,60,1531,99,245,50,0,1,944,8,3,0,0
147.841093,0,0,94,60,1531,99,245,50,0,1,944,8,3,0,0
147.848471,0,0,94,60,1531,99,245,50,0,1,944,8,3,0,0
147.852585,1,1,94,60,1528,99,245,50,0,1,932,8,3,0,0
147.856747,0,0,94,60,1528,99,245,50,0,1,932,8,3,0,0
147.868514,0,0,94,60,1528,99,245,50,0,1,932,8,3,0,0
147.877949,0,1,94,60,1528,99,245,50,0,2,932,8,3,0,0
147.882488,1,1,94,60,1527,99,245,50,0,2,919,8,3,0,0
147.886907,0,0,94,60,1527,99,245,50,0,2,919,8,3,0,0
147.900087,0,0,94,60,1527,99,245,50,0,2,919,8,3,0,0
147.910156,0,1,94,60,1527,99,245,50,0,1,919,8,3,0,0
147.914259,0,0,94,60,1527,99,245,50,0,1,919,8,3,0,0
147.918370,0,0,94,60,1527,99,245,50,0,1,919,8,3,0,0
147.930994,0,0,94,60,1527,99,245,50,0,1,919,8,3,0,0
147.940958,0,1,94,60,1527,99,245,50,0,1,898,8,3,0,0
147.945552,0,0,94,60,1527,99,245,50,0,1,898,8,3,0,0
147.950732,1,0,94,60,1527,99,245,51,0,1,898,8,3,0,0
147.961478,0,0,94,60,1527,99,245,51,0,1,898,8,3,0,0
147.970937,0,1,94,60,1527,99,245,51,0,2,898,8,3,0,0
147.974965,1,1,94,60,1527,100,245,51,0,2,895,8,3,1,0
147.979035,0,0,94,60,1527,100,245,51,0,2,895,8,3,1,0
147.991904,0,0,94,60,1527,100,245,51,0,2,895,8,3,1,0
147.995921,0,1,94,60,1527,100,245,51,0,2,893,8,3,1,0
148.004106,1,0,94,60,1527,98,245,51,0,2,893,8,3,1,0
148.006613,0,1,94,60,1527,98,245,51,0,2,893,8,3,0,0
148.010752,0,0,94,60,1527,98,245,51,0,2,893,8,3,0,0
148.023744,0,0,94,60,1527,98,245,51,0,2,893,8,3,0,0
148.033117,0,0,94,60,1527,98,245,51,0,2,893,8,3,0,0
148.038037,1,1,94,60,1527,99,245,51,0,2,893,8,3,1,0
148.042914,0,0,94,60,1527,99,245,51,0,2,893,8,3,1,0
148.054126,0,0,94,60,1527,99,245,51,0,2,893,8,3,1,0
148.064010,0,1,94,60,1527,99,245,51,0,2,892,8,3,1,0
148.068554,1,1,94,60,1527,99,245,50,0,2,892,8,2,1,0
148.073437,0,0,94,60,1527,99,245,50,0,2,892,8,2,1,0
148.085337,0,0,94,60,1527,99,245,50,0,2,892,8,2,1,0
148.095238,0,1,94,60,1527,99,245,50,0,2,891,8,2,1,0
148.099781,0,1,94,60,1527,99,245,50,0,2,891,8,3,0,0
148.104632,0,0,94,60,1527,99,245,50,0,2,891,8,3,0,0
148.116412,0,0,94,60,1527,99,245,50,0,2,891,8,3,0,0
148.125959,0,1,94,60,1527,99,245,50,0,2,891,8,2,0,0
148.130167,1,0,94,60,1527,99,245,51,0,2,891,8,2,0,0
148.134696,0,0,94,60,1527,99,245,51,0,2,891,8,2,0,0
148.147485,0,1,94,60,1527,99,245,51,0,1,890,8,2,0,0
148.156987,0,1,94,60,1527,99,245,51,0,1,890,8,3,0,0
148.161189,0,1,94,60,1527,99,245,51,0,1,890,8,3,1,0
148.165803,0,0,94,60,1527,99,245,51,0,1,890,8,3,1,0
148.178821,0,1,94,60,1527,99,245,51,0,1,891,8,3,1,0
148.188500,0,1,94,60,1527,99,245,51,0,1,891,8,2,1,0
148.193081,0,0,94,60,1527,99,245,51,0,1,891,8,2,1,0
148.197536,0,1,94,60,1527,99,245,51,0,2,891,8,2,1,0
148.209105,0,0,94,60,1527,99,245,51,0,2,891,8,2,1,0
148.213273,0,1,94,60,1527,99,245,51,0,2,891,8,3,1,0
148.220397,0,0,94,60,1527,99,245,51,0,2,891,8,3,1,0
148.224563,0,0,94,60,1527,99,245,51,0,2,891,8,3,1,0
148.229053,0,1,94,60,1527,99,245,51,0,1,891,8,3,1,0
148.240500,0,1,94,60,1527,99,245,51,0,1,890,8,2,1,0
148.250019,0,0,94,60,1527,99,245,51,0,1,890,8,2,1,0
148.254265,0,0,94,60,1527,99,245,51,0,1,890,8,2,1,0
148.259367,0,0,94,60,1527,99,245,51,0,1,890,8,2,1,331
148.271445,1,1,94,60,1526,100,245,51,0,1,890,8,3,1,331
148.281411,0,1,94,60,1526,100,245,51,0,1,890,8,3,0,331
148.285929,0,0,94,60,1526,100,245,51,0,1,890,8,3,0,331
148.290374,0,0,94,60,1526,100,245,51,0,1,890,8,3,0,331
148.302072,1,1,94,60,1531,99,245,51,0,1,967,8,3,0,292
148.561996,1,1,94,60,1531,98,245,51,0,2,919,8,3,0,0
148.566144,1,0,94,60,1529,99,245,51,0,2,919,8,3,0,0
148.580020,0,1,94,60,1529,99,245,51,0,2,919,8,3,1,0
148.584139,0,0,94,60,1529,99,245,51,0,2,919,8,3,1,0
148.592629,0,0,94,60,1529,99,245,51,0,2,919,8,3,1,0
148.596824,0,1,94,60,1529,99,245,51,0,2,919,8,2,0,0
148.600925,0,0,94,60,1529,99,245,51,0,2,919,8,2,0,0
148.612083,0,0,94,60,1529,99,245,51,0,2,919,8,2,0,0
148.616159,0,0,94,60,1529,99,245,51,0,2,919,8,2,0,0
148.623169,1,1,94,60,1527,99,245,51,0,2,893,8,2,0,0
148.627291,0,0,94,60,1527,99,245,51,0,2,893,8,2,0,0
148.631371,0,0,94,60,1527,99,245,51,0,2,893,8,2,0,0
148.643829,0,0,94,60,1527,99,245,51,0,2,893,8,2,0,0
148.653559,0,0,94,60,1527,99,245,51,0,2,893,8,2,0,0
148.658090,0,1,94,60,1527,99,245,51,0,2,890,8,3,0,0
148.662927,0,0,94,60,1527,99,245,51,0,2,890,8,3,0,0
148.674452,0,0,94,60,1527,99,245,51,0,2,890,8,3,0,0
148.684062,0,0,94,60,1527,99,245,51,0,2,890,8,3,0,0
148.688880,0,1,94,60,1527,99,245,51,0,2,889,8,3,0,0
148.693056,0,1,94,60,1527,99,245,51,0,2,889,8,3,1,0
148.705805,0,0,94,60,1527,99,245,51,0,2,889,8,3,1,0
148.715242,0,0,94,60,1527,99,245,51,0,2,889,8,3,1,0
148.719407,0,0,94,60,1527,99,245,51,0,2,889,8,3,1,0
148.723941,0,0,94,60,1527,99,245,51,0,2,889,8,3,1,0
148.736769,0,0,94,60,1527,99,245,51,0,2,889,8,3,1,0
148.746387,0,1,94,60,1527,99,245,51,0,2,888,8,3,1,0
148.750560,0,0,94,60,1527,99,245,51,0,2,888,8,3,1,0
148.754744,0,0,94,60,1527,99,245,51,0,2,888,8,3,1,0
148.767532,0,0,94,60,1527,99,245,51,0,2,888,8,3,1,0
148.777085,0,1,94,60,1527,99,245,51,0,1,888,8,3,1,0
148.779281,0,1,94,60,1527,99,245,51,0,1,888,9,2,1,0
148.783773,0,0,94,60,1527,99,245,51,0,1,888,9,2,1,0
148.796974,0,0,94,60,1527,99,245,51,0,1,888,9,2,1,0
148.801116,0,1,94,60,1527,99,245,51,0,1,888,8,2,1,0
148.809675,0,0,94,60,1527,99,245,51,0,1,888,8,2,1,0
148.814239,0,0,94,60,1527,99,245,51,0,1,888,8,2,1,0
148.818774,0,0,94,60,1527,99,245,51,0,1,888,8,2,1,0
148.829313,0,0,94,60,1527,99,245,51,0,1,888,8,2,1,0
148.833493,0,0,94,60,1527,99,245,51,0,1,888,8,2,1,0
148.841163,0,1,94,60,1527,99,245,51,0,1,888,8,2,0,0
148.845953,0,0,94,60,1527,99,245,51,0,1,888,8,2,0,0
148.859244,0,0,94,60,1527,99,245,51,0,1,888,8,2,0,0
148.863900,0,1,94,60,1527,99,245,51,0,2,888,8,2,0,0
148.871997,0,1,94,60,1527,99,245,51,0,2,888,8,2,1,0
148.876225,1,0,94,60,1527,99,245,50,0,2,888,8,2,1,0
148.880348,0,0,94,60,1527,99,245,50,0,2,888,8,2,1,0
148.891700,0,1,94,60,1527,99,245,50,0,1,888,8,2,1,0
148.901037,0,1,94,60,1527,99,245,50,0,1,888,9,2,1,0
148.905264,0,0,94,60,1527,99,245,50,0,1,888,9,2,1,0
148.909768,0,0,94,60,1527,99,245,50,0,1,888,9,2,1,0
148.922227,0,1,94,60,1527,99,245,50,0,1,887,9,2,1,0
148.926742,1,1,94,60,1527,98,245,50,0,1,887,8,2,1,0
148.934011,1,0,94,60,1527,98,245,51,0,1,887,8,2,1,0
148.938521,0,0,94,60,1527,98,245,51,0,1,887,8,2,1,0
148.951918,0,0,94,60,1527,98,245,51,0,1,887,8,2,1,0
148.956084,1,0,94,60,1527,99,245,51,0,1,887,8,2,1,0
148.965021,0,0,94,60,1527,99,245,51,0,1,887,8,2,1,0
148.969522,0,0,94,60,1527,99,245,51,0,1,887,8,2,1,0
148.982842,0,0,94,60,1527,99,245,51,0,1,887,8,2,1,0
148.986993,0,0,94,60,1527,99,245,51,0,1,887,8,2,1,0
148.995330,0,0,94,60,1527,99,245,51,0,1,887,8,2,1,0
148.999522,0,0,94,60,1527,99,245,51,0,1,887,8,2,1,0
149.003742,0,1,94,60,1527,99,245,51,0,2,887,8,2,1,0
149.015328,0,0,94,60,1527,99,245,51,0,2,887,8,2,1,0
149.019532,1,0,94,60,1527,99,245,50,0,2,887,8,2,1,0
149.027204,0,0,94,60,1527,99,245,50,0,2,887,8,2,1,0
149.031407,0,0,94,60,1527,99,245,50,0,2,887,8,2,1,0
149.035573,0,0,94,60,1527,99,245,50,0,2,887,8,2,1,0
149.046787,0,1,94,60,1527,99,245,50,0,2,886,8,2,1,0
149.056142,0,0,94,60,1527,99,245,50,0,2,886,8,2,1,0
149.060668,0,0,94,60,1527,99,245,50,0,2,886,8,2,1,0
149.065528,0,0,94,60,1527,99,245,50,0,2,886,8,2,1,0
149.077590,0,0,94,60,1527,99,245,50,0,2,886,8,2,1,0
149.342497,1,1,94,60,1529,99,245,51,0,2,937,8,2,1,0
149.356165,0,0,94,60,1529,99,245,51,0,2,937,8,2,1,0
149.360379,0,0,94,60,1529,99,245,51,0,2,937,8,2,1,0
149.368080,0,0,94,60,1529,99,245,51,0,2,937,8,2,1,0
149.372668,1,1,94,60,1528,99,245,51,0,2,930,8,2,1,0
149.386187,0,0,94,60,1528,99,245,51,0,2,930,8,2,1,0
149.390767,0,0,94,60,1528,99,245,51,0,2,930,8,2,1,0
149.399031,0,0,94,60,1528,99,245,51,0,2,930,8,2,1,0
149.403259,1,1,94,60,1527,99,245,51,0,2,922,8,2,1,0
149.407800,0,0,94,60,1527,99,245,51,0,2,922,8,2,1,0
149.420069,0,0,94,60,1527,99,245,51,0,2,922,8,2,1,0
149.431018,1,1,94,60,1526,99,245,51,0,1,917,8,2,1,384
149.436980,0,0,94,60,1526,99,245,51,0,1,917,8,2,1,384
149.450772,0,0,94,60,1526,99,245,51,0,1,917,8,2,1,384
149.460532,0,1,94,60,1526,99,245,51,0,1,983,8,2,1,0
149.465023,1,0,94,60,1532,99,245,51,0,1,983,8,2,1,0
149.469164,0,0,94,60,1532,99,245,51,0,1,983,8,2,1,0
149.481219,0,0,94,60,1532,99,245,51,0,1,983,8,2,1,0
149.491451,0,1,94,60,1532,99,245,51,0,2,962,8,2,1,0
149.495601,1,1,94,60,1531,99,245,51,0,2,962,8,2,0,0
149.500449,0,0,94,60,1531,99,245,51,0,2,962,8,2,0,0
149.511977,0,0,94,60,1531,99,245,51,0,2,962,8,2,0,0
149.521330,0,1,94,60,1531,99,245,51,0,1,962,8,2,0,0
149.525505,1,1,94,60,1529,99,245,51,0,1,953,8,2,1,0
149.530051,0,0,94,60,1529,99,245,51,0,1,953,8,2,1,0
149.542592,0,0,94,60,1529,99,245,51,0,1,953,8,2,1,0
149.552252,0,1,94,60,1529,99,245,51,0,2,948,8,2,1,0
149.556762,1,0,94,60,1529,99,245,50,0,2,948,8,2,1,0
149.560978,0,0,94,60,1529,99,245,50,0,2,948,8,2,1,0
149.573233,0,1,94,60,1529,99,245,50,1,2,948,8,2,1,0
149.577440,0,1,94,60,1529,99,245,50,1,2,944,8,2,1,0
149.585124,0,0,94,60,1529,99,245,50,1,2,944,8,2,1,0
149.589700,0,0,94,60,1529,99,245,50,1,2,944,8,2,1,0
149.603042,0,0,94,60,1529,99,245,50,1,2,944,8,2,1,0
149.607534,1,1,94,60,1528,99,245,50,0,2,941,8,2,1,0
149.615418,1,1,94,60,1528,100,245,50,0,2,941,8,3,1,0
149.619914,1,0,94,60,1528,100,245,51,0,2,941,8,3,1,0
149.624140,0,0,94,60,1528,100,245,51,0,2,941,8,3,1,0
149.635606,0,0,94,60,1528,100,245,51,0,2,941,8,3,1,0
149.645248,1,1,94,60,1528,99,245,51,0,2,939,8,3,1,0
149.649773,0,0,94,60,1528,99,245,51,0,2,939,8,3,1,0
149.654291,0,0,94,60,1528,99,245,51,0,2,939,8,3,1,0
149.666756,0,1,94,60,1528,99,245,51,0,1,937,8,3,1,0
149.676489,0,0,94,60,1528,99,245,51,0,1,937,8,3,1,0
149.679065,0,0,94,60,1528,99,245,51,0,1,937,8,3,1,0
149.683569,0,0,94,60,1528,99,245,51,0,1,937,8,3,1,0
149.696677,0,0,94,60,1528,99,245,51,0,1,937,8,3,1,0
149.701117,1,1,94,60,1527,99,245,51,0,1,934,8,3,1,0
149.708827,0,0,94,60,1527,99,245,51,0,1,934,8,3,1,0
149.713729,0,0,94,60,1527,99,245,51,0,1,934,8,3,1,0
149.727002,0,0,94,60,1527,99,245,51,0,1,934,8,3,1,0
149.731230,0,1,94,60,1527,99,245,51,0,1,932,8,3,1,0
149.740122,0,0,94,60,1527,99,245,51,0,1,932,8,3,1,0
149.744638,0,0,94,60,1527,99,245,51,0,1,932,8,3,1,0
149.758132,0,0,94,60,1527,99,245,51,0,1,932,8,3,1,0
149.762631,0,1,94,60,1527,99,245,51,0,1,930,8,3,1,0
149.770731,0,0,94,60,1527,99,245,51,0,1,930,8,3,1,0
149.774813,0,0,94,60,1527,99,245,51,0,1,930,8,3,1,0
149.778889,0,0,94,60,1527,99,245,51,0,1,930,8,3,1,0
149.790270,0,1,94,60,1527,99,245,51,0,1,927,8,3,1,0
149.800257,0,1,94,60,1527,99,245,51,0,1,927,8,2,1,0
149.805192,0,0,94,60,1527,99,245,51,0,1,927,8,2,1,0
149.809712,0,1,94,60,1527,99,245,51,0,1,923,8,2,1,0
149.821600,0,1,94,60,1527,99,245,51,0,1,923,8,3,1,0
149.825787,0,0,94,60,1527,99,245,51,0,1,923,8,3,1,0
149.832777,0,0,94,60,1527,99,245,51,0,1,923,8,3,1,0
149.837169,0,0,94,60,1527,99,245,51,0,1,923,8,3,1,0
149.841365,0,1,94,60,1527,99,245,51,0,2,920,8,3,1,0
149.852340,0,0,94,60,1527,99,245,51,0,2,920,8,3,1,0
149.856771,0,0,94,60,1527,99,245,51,0,2,920,8,3,1,0
149.864057,0,0,94,60,1527,99,245,51,0,2,920,8,3,1,0
149.868534,0,0,94,60,1527,99,245,51,0,2,920,8,3,1,0
149.872692,0,1,94,60,1527,99,245,51,0,1,916,8,3,1,0
149.883533,0,0,94,60,1527,99,245,51,0,1,916,8,3,1,0
149.887612,0,0,94,60,1527,99,245,51,0,1,916,8,3,1,0
149.894600,0,0,94,60,1527,99,245,51,0,1,916,8,3,1,0
149.898774,0,0,94,60,1527,99,245,51,0,1,916,8,3,1,0
149.902856,0,1,94,60,1527,99,245,51,0,1,912,8,3,1,0
149.914361,0,0,94,60,1527,99,245,51,0,1,912,8,3,1,0
149.924264,0,0,94,60,1527,99,245,51,0,1,912,8,3,1,0
149.928782,0,0,94,60,1527,99,245,51,0,1,912,8,3,1,0
149.933263,0,1,94,60,1527,99,245,51,0,2,907,8,3,1,0
149.945998,0,1,94,60,1527,99,245,51,0,2,907,8,2,1,0
149.955867,0,0,94,60,1527,99,245,51,0,2,907,8,2,1,0
149.960560,0,0,94,60,1527,99,245,51,0,2,907,8,2,1,0
149.965506,0,1,94,60,1527,99,245,51,0,1,901,8,2,1,0
149.977055,0,1,94,60,1527,99,245,51,0,1,901,8,2,0,0
150.236451,1,1,94,60,1533,99,245,51,0,0,1251,8,3,0,387
150.241338,0,0,94,60,1533,99,245,51,0,0,1251,8,3,0,387
150.255600,0,0,94,60,1533,99,245,51,0,0,1251,8,3,0,387
150.265317,0,0,94,60,1533,99,245,51,0,0,1251,8,3,0,0
150.269594,1,1,94,60,1540,99,245,51,0,0,1339,8,4,0,0
150.274132,0,0,94,60,1540,99,245,51,0,0,1339,8,4,0,0
150.286722,0,0,94,60,1540,99,245,51,0,0,1339,8,4,0,0
150.296382,1,1,94,60,1536,99,245,51,0,1,1308,8,4,0,0
150.300881,0,0,94,60,1536,99,245,51,0,1,1308,8,4,0,0
150.304955,0,0,94,60,1536,99,245,51,0,1,1308,8,4,0,0
150.317868,0,0,94,60,1536,99,245,51,0,1,1308,8,4,0,0
150.327568,0,1,94,60,1536,99,245,51,0,0,1308,8,4,0,317
150.331732,1,1,94,60,1538,99,245,51,0,0,1349,8,4,0,317
150.336231,0,0,94,60,1538,99,245,51,0,0,1349,8,4,0,317
150.348778,0,1,94,60,1538,99,245,51,0,1,1349,8,4,0,317
150.358342,1,1,94,60,1540,99,245,51,0,1,1365,8,4,0,313
150.363180,0,0,94,60,1540,99,245,51,0,1,1365,8,4,0,313
150.367376,0,0,94,60,1540,99,245,51,0,1,1365,8,4,0,313
150.379456,0,1,94,60,1540,99,245,51,0,0,1365,8,4,0,313
150.383651,0,1,94,60,1540,99,245,51,0,0,1362,8,4,0,318
150.390647,0,0,94,60,1540,99,245,51,0,0,1362,8,4,0,318
150.395154,0,0,94,60,1540,99,245,51,0,0,1362,8,4,0,318
150.399312,0,0,94,60,1540,99,245,51,0,0,1362,8,4,0,318
150.410447,0,0,94,60,1540,99,245,51,0,0,1362,8,4,0,318
150.414559,0,0,94,60,1540,99,245,51,0,0,1362,8,4,0,318
150.421768,0,0,94,60,1540,99,245,51,0,0,1362,8,4,0,318
150.425825,0,0,94,60,1540,99,245,51,0,0,1362,8,4,0,318
150.430601,0,0,94,60,1540,99,245,51,0,0,1362,8,4,0,318
150.441740,0,0,94,60,1540,99,245,51,0,0,1362,8,4,0,318
150.445815,0,0,94,60,1540,99,245,51,0,0,1362,8,4,0,318
150.452890,0,0,94,60,1540,99,245,51,0,0,1362,8,4,0,318
150.457425,0,0,94,60,1540,99,245,51,0,0,1362,8,4,0,318
150.461576,0,0,94,60,1540,99,245,51,0,0,1362,8,4,0,318
150.472788,0,0,94,60,1540,99,245,51,0,0,1362,8,4,0,318
150.476883,0,0,94,60,1540,99,245,51,0,0,1362,8,4,0,318
150.484203,1,0,94,60,1540,99,245,50,0,0,1362,8,4,0,318
150.488764,0,0,94,60,1540,99,245,50,0,0,1362,8,4,0,318
150.502229,0,0,94,60,1540,99,245,50,0,0,1362,8,4,0,318
150.506315,0,1,94,60,1540,99,245,50,0,0,1358,8,4,0,315
150.514795,0,0,94,60,1540,99,245,50,0,0,1358,8,4,0,315
150.516617,0,0,94,60,1540,99,245,50,0,0,1358,8,4,0,315
150.520954,0,0,94,60,1540,99,245,50,0,0,1358,8,4,0,315
150.533852,0,1,94,60,1540,99,245,50,0,0,1357,8,4,0,320
150.537893,0,0,94,60,1540,99,245,50,0,0,1357,8,4,0,320
150.545600,0,0,94,60,1540,99,245,50,0,0,1357,8,4,0,320
150.549700,0,0,94,60,1540,99,245,50,0,0,1357,8,4,0,320
150.553821,0,0,94,60,1540,99,245,50,0,0,1357,8,4,0,320
150.566188,0,0,94,60,1540,99,245,50,0,0,1357,8,4,0,318
150.575716,0,0,94,60,1540,99,245,50,0,0,1357,8,4,0,318
150.580197,0,0,94,60,1540,99,245,50,0,0,1357,8,4,0,318
150.584712,0,0,94,60,1540,99,245,50,0,0,1357,8,4,0,318
150.596782,0,1,94,60,1540,99,245,50,0,0,1356,8,4,0,312
150.606640,1,0,94,60,1540,99,245,51,0,0,1356,8,4,0,312
150.610786,0,0,94,60,1540,99,245,51,0,0,1356,8,4,0,312
150.616463,0,0,94,60,1540,99,245,51,0,0,1356,8,4,0,312
150.628784,0,0,94,60,1540,99,245,51,0,0,1356,8,4,0,315
150.638609,0,1,94,60,1540,99,245,51,0,0,1356,8,3,0,315
150.642847,0,0,94,60,1540,99,245,51,0,0,1356,8,3,0,315
150.646969,0,0,94,60,1540,99,245,51,0,0,1356,8,3,0,315
150.658811,0,1,94,60,1540,99,245,51,0,0,1356,8,4,0,314
150.668458,0,0,94,60,1540,99,245,51,0,0,1356,8,4,0,314
150.672598,0,0,94,60,1540,99,245,51,0,0,1356,8,4,0,314
150.676774,0,0,94,60,1540,99,245,51,0,0,1356,8,4,0,314
150.689864,0,0,94,60,1540,99,245,51,0,0,1356,8,4,0,312
150.699756,0,0,94,60,1540,99,245,51,0,0,1356,8,4,0,312
150.704219,0,0,94,60,1540,99,245,51,0,0,1356,8,4,0,312
150.708776,0,0,94,60,1540,99,245,51,0,0,1356,8,4,0,312
150.720473,0,1,94,60,1540,99,245,51,0,0,1355,8,4,0,320
150.730363,0,0,94,60,1540,99,245,51,0,0,1355,8,4,0,320
150.734595,0,0,94,60,1540,99,245,51,0,0,1355,8,4,0,320
150.739116,0,0,94,60,1540,99,245,51,0,0,1355,8,4,0,320
150.751420,0,0,94,60,1540,99,245,51,0,0,1355,8,4,0,313
150.755896,0,0,94,60,1540,99,245,51,0,0,1355,8,4,0,313
150.762688,0,0,94,60,1540,99,245,51,0,0,1355,8,4,0,313
150.766794,0,0,94,60,1540,99,245,51,0,0,1355,8,4,0,313
150.771203,0,0,94,60,1540,99,245,51,0,0,1355,8,4,0,315
150.782374,0,0,94,60,1540,99,245,51,0,0,1355,8,4,0,315
150.786480,0,0,94,60,1540,99,245,51,0,0,1355,8,4,0,315
150.793760,0,0,94,60,1540,99,245,51,0,0,1355,8,4,0,315
150.797751,0,0,94,60,1540,99,245,51,0,0,1355,8,4,0,315
150.801770,1,0,94,60,1540,98,245,51,0,0,1355,8,4,0,320
150.813336,0,0,94,60,1540,98,245,51,0,0,1355,8,4,0,320
151.076623,1,1,94,60,1529,98,245,51,0,1,1094,8,3,1,0
151.080707,0,0,94,60,1529,98,245,51,0,1,1094,8,3,1,0
151.092497,0,0,94,60,1529,98,245,51,0,1,1094,8,3,1,0
151.096547,0,0,94,60,1529,98,245,51,0,1,1094,8,3,1,0
151.103593,0,0,94,60,1529,98,245,51,0,1,1094,8,3,1,0
151.107727,0,0,94,60,1529,98,245,51,0,1,1094,8,3,1,0
151.111762,0,0,94,60,1529,98,245,51,0,1,1094,8,3,1,0
151.123541,0,0,94,60,1529,98,245,51,0,1,1094,8,3,1,0
151.127728,0,0,94,60,1529,98,245,51,0,1,1094,8,3,1,0
151.134959,0,0,94,60,1529,98,245,51,0,1,1094,8,3,1,0
151.139048,0,0,94,60,1529,98,245,51,0,1,1094,8,3,1,0
151.143177,0,0,94,60,1529,98,245,51,0,1,1094,8,3,1,0
151.154532,0,0,94,60,1529,98,245,51,0,1,1094,8,3,1,0
151.158625,0,1,94,60,1529,98,245,51,0,1,1093,8,3,1,0
151.165900,0,0,94,60,1529,98,245,51,0,1,1093,8,3,1,0
151.169970,0,0,94,60,1529,98,245,51,0,1,1093,8,3,1,0
151.174072,0,0,94,60,1529,98,245,51,0,1,1093,8,3,1,0
151.185604,0,1,94,60,1529,98,245,51,0,2,1093,8,3,1,0
151.189777,0,0,94,60,1529,98,245,51,0,2,1093,8,3,1,0
151.197187,0,0,94,60,1529,98,245,51,0,2,1093,8,3,1,0
151.202037,0,0,94,60,1529,98,245,51,0,2,1093,8,3,1,0
151.215261,0,0,94,60,1529,98,245,51,0,2,1093,8,3,1,0
151.220113,1,1,94,60,1529,99,245,51,0,1,1093,8,3,1,0
151.228406,0,0,94,60,1529,99,245,51,0,1,1093,8,3,1,0
151.231269,0,0,94,60,1529,99,245,51,0,1,1093,8,3,1,0
151.235507,0,0,94,60,1529,99,245,51,0,1,1093,8,3,1,0
151.247936,0,1,94,60,1529,99,245,51,0,1,1092,8,3,1,0
151.257913,0,0,94,60,1529,99,245,51,0,1,1092,8,3,1,0
151.262100,0,0,94,60,1529,99,245,51,0,1,1092,8,3,1,0
151.266681,0,0,94,60,1529,99,245,51,0,1,1092,8,3,1,0
151.279250,0,1,94,60,1529,99,245,51,0,1,1093,8,3,1,0
151.288694,0,0,94,60,1529,99,245,51,0,1,1093,8,3,1,0
151.293558,0,0,94,60,1529,99,245,51,0,1,1093,8,3,1,0
151.298154,0,0,94,60,1529,99,245,51,0,1,1093,8,3,1,0
151.309985,0,1,94,60,1529,99,245,51,0,1,1092,9,3,1,0
151.319482,0,0,94,60,1529,99,245,51,0,1,1092,9,3,1,0
151.323733,0,0,94,60,1529,99,245,51,0,1,1092,9,3,1,0
151.327896,0,1,94,60,1529,99,245,51,1,1,1092,9,3,1,0
151.341282,0,0,94,60,1529,99,245,51,1,1,1092,9,3,1,0
151.350849,0,1,94,60,1529,99,245,51,1,1,1092,9,3,2,0
151.355418,0,1,94,60,1529,99,245,51,0,1,1092,9,3,2,0
151.360290,0,0,94,60,1529,99,245,51,0,1,1092,9,3,2,0
151.371601,1,1,94,60,1529,98,245,51,0,1,1092,8,3,2,0
151.375801,0,0,94,60,1529,98,245,51,0,1,1092,8,3,2,0
151.383560,0,0,94,60,1529,98,245,51,0,1,1092,8,3,2,0
151.388018,0,0,94,60,1529,98,245,51,0,1,1092,8,3,2,0
151.401319,0,1,94,60,1529,98,245,51,0,1,1092,9,3,2,0
151.406214,0,0,94,60,1529,98,245,51,0,1,1092,9,3,2,0
151.414144,0,0,94,60,1529,98,245,51,0,1,1092,9,3,2,0
151.418306,1,0,94,59,1529,98,245,51,0,1,1092,9,3,2,0
151.422815,1,0,94,59,1529,99,245,51,0,1,1092,9,3,2,0
151.433945,0,0,94,59,1529,99,245,51,0,1,1092,9,3,2,0
151.443649,0,0,94,59,1529,99,245,51,0,1,1092,9,3,2,0
151.447745,0,0,94,59,1529,99,245,51,0,1,1092,9,3,2,0
151.451819,0,0,94,59,1529,99,245,51,0,1,1092,9,3,2,0
151.464614,0,1,94,59,1529,99,245,51,0,1,1092,9,2,1,0
151.468745,0,0,94,59,1529,99,245,51,0,1,1092,9,2,1,0
151.475672,0,0,94,59,1529,99,245,51,0,1,1092,9,2,1,0
151.480085,0,0,94,59,1529,99,245,51,0,1,1092,9,2,1,0
151.484204,0,1,94,59,1529,99,245,51,0,1,1092,9,3,1,0
151.496317,0,0,94,59,1529,99,245,51,0,1,1092,9,3,1,0
151.505717,0,0,94,59,1529,99,245,51,0,1,1092,9,3,1,0
151.511052,0,0,94,59,1529,99,245,51,0,1,1092,9,3,1,0
151.525594,0,1,94,59,1529,99,245,51,0,1,1092,8,3,2,0
151.530233,0,0,94,59,1529,99,245,51,0,1,1092,8,3,2,0
151.789572,0,1,94,59,1529,99,245,51,1,1,1091,9,3,1,0
151.793699,0,0,94,59,1529,99,245,51,1,1,1091,9,3,1,0
151.806407,0,1,94,59,1529,99,245,51,0,1,1091,9,3,1,0
151.816002,0,0,94,59,1529,99,245,51,0,1,1091,9,3,1,0
151.820898,0,1,94,59,1529,99,245,51,0,1,1091,9,3,2,0
151.825022,0,0,94,59,1529,99,245,51,0,1,1091,9,3,2,0
151.837308,0,1,94,59,1529,99,245,51,0,2,1091,9,3,2,0
151.846737,0,0,94,59,1529,99,245,51,0,2,1091,9,3,2,0
151.851588,0,1,94,59,1529,99,245,51,0,2,1091,9,3,1,0
151.856068,0,0,94,59,1529,99,245,51,0,2,1091,9,3,1,0
151.867627,0,1,94,59,1529,99,245,51,0,1,1091,9,3,1,0
151.877587,0,1,94,59,1529,99,245,51,0,1,1091,8,3,1,0
151.881811,0,0,94,59,1529,99,245,51,0,1,1091,8,3,1,0
151.885995,0,0,94,59,1529,99,245,51,0,1,1091,8,3,1,0
151.899413,0,1,94,59,1529,99,245,51,0,2,1091,8,3,1,0
151.909076,0,1,94,59,1529,99,245,51,0,2,1091,9,3,1,0
151.913250,0,0,94,59,1529,99,245,51,0,2,1091,9,3,1,0
151.917720,0,0,94,59,1529,99,245,51,0,2,1091,9,3,1,0
151.929688,0,1,94,59,1529,99,245,51,0,1,1091,9,3,1,0
151.933860,0,0,94,59,1529,99,245,51,0,1,1091,9,3,1,0
151.940883,0,1,94,59,1529,99,245,51,0,1,1091,9,3,2,0
151.943409,0,0,94,59,1529,99,245,51,0,1,1091,9,3,2,0
151.947906,0,0,94,59,1529,99,245,51,0,1,1091,9,3,2,0
151.961080,0,1,94,59,1529,99,245,51,0,2,1091,8,3,2,0
151.970545,0,0,94,59,1529,99,245,51,0,2,1091,8,3,2,0
151.975067,0,0,94,59,1529,99,245,51,0,2,1091,8,3,2,0
151.979577,0,0,94,59,1529,99,245,51,0,2,1091,8,3,2,0
151.992077,0,0,94,59,1529,99,245,51,0,2,1091,8,3,2,0
152.001866,0,0,94,59,1529,99,245,51,0,2,1091,8,3,2,0
152.006435,0,0,94,59,1529,99,245,51,0,2,1091,8,3,2,0
152.011286,0,0,94,59,1529,99,245,51,0,2,1091,8,3,2,0
152.022920,0,1,94,59,1529,99,245,51,0,2,1091,8,4,2,0
152.032594,1,0,94,59,1529,99,245,50,0,2,1091,8,4,2,0
152.037172,0,0,94,59,1529,99,245,50,0,2,1091,8,4,2,0
152.041706,0,0,94,59,1529,99,245,50,0,2,1091,8,4,2,0
152.053962,0,1,94,59,1529,99,245,50,0,2,1091,8,3,2,0
152.063646,0,0,94,59,1529,99,245,50,0,2,1091,8,3,2,0
152.068522,0,0,94,59,1529,99,245,50,0,2,1091,8,3,2,0
152.073009,0,0,94,59,1529,99,245,50,0,2,1091,8,3,2,0
152.085133,0,1,94,59,1529,99,245,50,0,2,1091,9,3,2,0
152.094830,1,0,94,59,1529,99,245,51,0,2,1091,9,3,2,0
152.099031,0,0,94,59,1529,99,245,51,0,2,1091,9,3,2,0
152.103600,0,1,94,59,1529,99,245,51,0,2,1091,8,3,2,0
152.116105,0,0,94,59,1529,99,245,51,0,2,1091,8,3,2,0
152.125607,0,0,94,59,1529,99,245,51,0,2,1091,8,3,2,0
152.130457,0,1,94,59,1529,99,245,51,0,1,1091,8,3,2,0
152.134941,0,0,94,59,1529,99,245,51,0,1,1091,8,3,2,0
152.147130,0,0,94,59,1529,99,245,51,0,1,1091,8,3,2,0
152.156555,0,0,94,59,1529,99,245,51,0,1,1091,8,3,2,0
152.161624,0,0,94,59,1529,99,245,51,0,1,1091,8,3,2,0
152.165930,0,1,94,59,1529,99,245,51,0,1,1091,9,3,2,0
152.177800,0,0,94,59,1529,99,245,51,0,1,1091,9,3,2,0
152.187887,0,0,94,59,1529,99,245,51,0,1,1091,9,3,2,0
152.192084,0,0,94,59,1529,99,245,51,0,1,1091,9,3,2,0
152.196620,0,0,94,59,1529,99,245,51,0,1,1091,9,3,2,0
152.209123,0,0,94,59,1529,99,245,51,0,1,1091,9,3,2,0
152.218602,0,0,94,59,1529,99,245,51,0,1,1091,9,3,2,0
152.223114,0,0,94,59,1529,99,245,51,0,1,1091,9,3,2,0
152.227604,0,1,94,59,1529,99,245,51,0,1,1091,8,3,2,0
152.240073,1,0,94,59,1529,99,245,50,0,1,1091,8,3,2,0
152.504915,1,1,94,59,1529,99,245,51,0,1,1091,9,3,2,0
152.518733,0,0,94,59,1529,99,245,51,0,1,1091,9,3,2,0
152.528726,0,1,94,59,1529,99,245,51,0,1,1091,8,3,2,0
152.533622,0,0,94,59,1529,99,245,51,0,1,1091,8,3,2,0
152.540602,0,1,94,59,1529,99,245,51,1,1,1091,8,3,2,0
152.550066,0,1,94,59,1529,99,245,51,1,2,1091,8,3,2,0
152.559930,0,0,94,59,1529,99,245,51,1,2,1091,8,3,2,0
152.564130,0,0,94,59,1529,99,245,51,1,2,1091,8,3,2,0
152.568717,0,1,94,59,1529,99,245,51,0,2,1091,8,3,2,0
152.581421,0,1,94,59,1529,99,245,51,0,1,1090,8,3,2,0
152.590808,0,0,94,59,1529,99,245,51,0,1,1090,8,3,2,0
152.594971,0,0,94,59,1529,99,245,51,0,1,1090,8,3,2,0
152.599227,0,0,94,59,1529,99,245,51,0,1,1090,8,3,2,0
152.612412,0,1,94,59,1529,99,245,51,0,2,1090,8,3,2,0
152.621851,0,0,94,59,1529,99,245,51,0,2,1090,8,3,2,0
152.626646,0,0,94,59,1529,99,245,51,0,2,1090,8,3,2,0
152.631158,0,0,94,59,1529,99,245,51,0,2,1090,8,3,2,0
152.643208,0,0,94,59,1529,99,245,51,0,2,1090,8,3,2,0
152.652871,0,0,94,59,1529,99,245,51,0,2,1090,8,3,2,0
152.657721,0,0,94,59,1529,99,245,51,0,2,1090,8,3,2,0
152.660214,0,1,94,59,1529,99,245,51,0,1,1090,8,3,2,0
152.673558,0,0,94,59,1529,99,245,51,0,1,1090,8,3,2,0
152.678073,1,0,94,59,1529,99,245,50,0,1,1090,8,3,2,0
152.685322,0,0,94,59,1529,99,245,50,0,1,1090,8,3,2,0
152.689501,0,1,94,59,1529,99,245,50,0,2,1090,8,3,2,0
152.694012,0,0,94,59,1529,99,245,50,0,2,1090,8,3,2,0
152.705236,0,0,94,59,1529,99,245,50,0,2,1090,8,3,2,0
152.714697,1,0,94,59,1529,99,245,51,0,2,1090,8,3,2,0
152.719225,0,0,94,59,1529,99,245,51,0,2,1090,8,3,2,0
152.723787,0,1,94,59,1529,99,245,51,0,2,1091,9,3,2,0
152.735879,1,0,94,59,1529,100,245,51,0,2,1091,9,3,2,0
152.745991,0,0,94,59,1529,100,245,51,0,2,1091,9,3,2,0
152.750514,0,0,94,59,1529,100,245,51,0,2,1091,9,3,2,0
152.755014,1,1,94,59,1529,99,245,51,0,2,1090,8,3,2,0
152.767541,1,0,94,59,1529,99,245,50,0,2,1090,8,3,2,0
152.776986,0,0,94,59,1529,99,245,50,0,2,1090,8,3,2,0
152.781133,0,0,94,59,1529,99,245,50,0,2,1090,8,3,2,0
152.785645,1,1,94,59,1529,98,245,50,0,2,1090,8,4,2,0
152.797813,0,0,94,59,1529,98,245,50,0,2,1090,8,4,2,0
152.807749,0,0,94,59,1529,98,245,50,0,2,1090,8,4,2,0
152.811905,0,0,94,59,1529,98,245,50,0,2,1090,8,4,2,0
152.816364,0,1,94,59,1529,98,245,50,0,2,1090,9,3,2,0
152.828845,1,0,94,59,1529,98,245,51,0,2,1090,9,3,2,0
152.832999,0,0,94,59,1529,98,245,51,0,2,1090,9,3,2,0
152.840623,0,1,94,59,1529,98,245,51,0,1,1090,9,3,2,0
152.845098,1,1,94,59,1529,99,245,51,0,1,1091,8,3,2,0
152.858564,0,0,94,59,1529,99,245,51,0,1,1091,8,3,2,0
152.863068,0,0,94,59,1529,99,245,51,0,1,1091,8,3,2,0
152.871089,0,0,94,59,1529,99,245,51,0,1,1091,8,3,2,0
152.876269,0,1,94,59,1529,99,245,51,0,1,1090,9,3,2,0
152.890627,0,0,94,59,1529,99,245,51,0,1,1090,9,3,2,0
152.894745,0,0,94,59,1529,99,245,51,0,1,1090,9,3,2,0
152.902297,0,1,94,59,1529,99,245,51,0,2,1090,9,3,2,0
152.906809,0,1,94,59,1529,99,245,51,0,2,1090,8,3,2,0
152.920771,0,0,94,59,1529,99,245,51,0,2,1090,8,3,2,0
152.925318,0,0,94,59,1529,99,245,51,0,2,1090,8,3,2,0
152.933594,0,0,94,59,1529,99,245,51,0,2,1090,8,3,2,0
152.938120,0,0,94,59,1529,99,245,51,0,2,1090,8,3,2,0
152.951548,0,0,94,59,1529,99,245,51,0,2,1090,8,3,2,0
152.955635,0,0,94,59,1529,99,245,51,0,2,1090,8,3,2,0
152.963847,0,0,94,59,1529,99,245,51,0,2,1090,8,3,2,0
153.219411,1,1,94,59,1529,98,245,51,0,2,1090,9,2,2,0
153.232451,0,0,94,59,1529,98,245,51,0,2,1090,9,2,2,0
153.242077,1,1,94,59,1529,99,245,51,0,2,1090,9,3,2,0
153.246344,0,0,94,59,1529,99,245,51,0,2,1090,9,3,2,0
153.250845,0,0,94,59,1529,99,245,51,0,2,1090,9,3,2,0
153.263536,0,0,94,59,1529,99,245,51,0,2,1090,9,3,2,0
153.273325,0,1,94,59,1529,99,245,51,0,2,1090,9,3,1,0
153.277883,0,0,94,59,1529,99,245,51,0,2,1090,9,3,1,0
153.282001,0,1,94,59,1529,99,245,51,0,2,1089,9,3,1,0
153.294684,0,1,94,59,1529,99,245,51,0,2,1089,9,2,1,0
153.304411,0,1,94,59,1529,99,245,51,0,2,1089,9,2,2,0
153.308677,0,0,94,59,1529,99,245,51,0,2,1089,9,2,2,0
153.313157,0,0,94,59,1529,99,245,51,0,2,1089,9,2,2,0
153.325094,0,1,94,59,1529,99,245,51,0,2,1090,9,2,2,0
153.329278,0,0,94,59,1529,99,245,51,0,2,1090,9,2,2,0
153.336706,0,0,94,59,1529,99,245,51,0,2,1090,9,2,2,0
153.342443,0,0,94,59,1529,99,245,51,0,2,1090,9,2,2,0
153.355414,0,1,94,59,1529,99,245,51,0,2,1089,9,2,2,0
153.359929,0,0,94,59,1529,99,245,51,0,2,1089,9,2,2,0
153.367826,0,0,94,59,1529,99,245,51,0,2,1089,9,2,2,0
153.372743,0,0,94,59,1529,99,245,51,0,2,1089,9,2,2,0
153.375205,0,0,94,59,1529,99,245,51,0,2,1089,9,2,2,0
153.387588,0,0,94,59,1529,99,245,51,0,2,1089,9,2,2,0
153.397121,0,0,94,59,1529,99,245,51,0,2,1089,9,2,2,0
153.401697,0,0,94,59,1529,99,245,51,0,2,1089,9,2,2,0
153.406566,0,0,94,59,1529,99,245,51,0,2,1089,9,2,2,0
153.417946,0,0,94,59,1529,99,245,51,0,2,1089,9,2,2,0
153.427779,1,0,94,59,1529,99,245,50,0,2,1089,9,2,2,0
153.432228,0,0,94,59,1529,99,245,50,0,2,1089,9,2,2,0
153.436744,0,0,94,59,1529,99,245,50,0,2,1089,9,2,2,0
153.449608,0,1,94,59,1529,99,245,50,0,2,1089,9,3,1,0
153.458980,0,0,94,59,1529,99,245,50,0,2,1089,9,3,1,0
153.463191,0,0,94,59,1529,99,245,50,0,2,1089,9,3,1,0
153.467299,0,0,94,59,1529,99,245,50,0,2,1089,9,3,1,0
153.480243,0,0,94,59,1529,99,245,50,0,2,1089,9,3,1,0
153.490113,0,0,94,59,1529,99,245,50,0,2,1089,9,3,1,0
153.494709,0,0,94,59,1529,99,245,50,0,2,1089,9,3,1,0
153.499569,0,0,94,59,1529,99,245,50,0,2,1089,9,3,1,0
153.511061,0,1,94,59,1529,99,245,50,0,2,1089,9,3,2,0
153.520839,0,0,94,59,1529,99,245,50,0,2,1089,9,3,2,0
153.526403,0,0,94,59,1529,99,245,50,0,2,1089,9,3,2,0
153.540913,1,0,94,59,1529,99,245,51,0,2,1089,9,3,2,0
153.546677,0,0,94,59,1529,99,245,51,0,2,1089,9,3,2,0
153.554089,0,0,94,59,1529,99,245,51,0,2,1089,9,3,2,0
153.558334,0,0,94,59,1529,99,245,51,0,2,1089,9,3,2,0
153.571710,0,0,94,59,1529,99,245,51,0,2,1089,9,3,2,0
153.575857,0,0,94,59,1529,99,245,51,0,2,1089,9,3,2,0
153.584984,0,0,94,59,1529,99,245,51,0,2,1089,9,3,2,0
153.589564,0,1,94,59,1529,99,245,51,0,2,1089,9,2,2,0
153.602691,0,0,94,59,1529,99,245,51,0,2,1089,9,2,2,0
153.606808,0,0,94,59,1529,99,245,51,0,2,1089,9,2,2,0
153.615442,0,0,94,59,1529,99,245,51,0,2,1089,9,2,2,0
153.619518,0,1,94,59,1529,99,245,51,0,2,1089,9,3,2,0
153.623620,0,0,94,59,1529,99,245,51,0,2,1089,9,3,2,0
153.635159,0,0,94,59,1529,99,245,51,0,2,1089,9,3,2,0
153.639253,0,0,94,59,1529,99,245,51,0,2,1089,9,3,2,0
153.646208,0,0,94,59,1529,99,245,51,0,2,1089,9,3,2,0
153.650664,0,1,94,59,1529,99,245,51,0,2,1089,9,2,2,0
153.654779,0,0,94,59,1529,99,245,51,0,2,1089,9,2,2,0
153.665841,0,0,94,59,1529,99,245,51,0,2,1089,9,2,2,0
153.669886,0,0,94,59,1529,99,245,51,0,2,1089,9,2,2,0
153.677312,0,0,94,59,1529,99,245,51,0,2,1089,9,2,2,0
153.944852,1,1,94,59,1529,98,245,51,0,2,1088,9,2,2,0
153.949391,0,0,94,59,1529,98,245,51,0,2,1088,9,2,2,0
153.956642,0,0,94,59,1529,98,245,51,0,2,1088,9,2,2,0
153.961196,0,0,94,59,1529,98,245,51,0,2,1088,9,2,2,0
153.974820,0,1,94,59,1529,98,245,51,0,2,1089,9,2,2,0
153.979702,0,1,94,59,1529,98,245,51,0,2,1089,9,2,1,0
153.987859,0,0,94,59,1529,98,245,51,0,2,1089,9,2,1,0
153.992776,0,1,94,59,1529,98,245,51,0,1,1089,9,2,1,0
154.005911,1,0,94,59,1529,99,245,51,0,1,1089,9,2,1,0
154.010067,0,1,94,59,1529,99,245,51,0,1,1089,9,2,2,0
154.018467,0,0,94,59,1529,99,245,51,0,1,1089,9,2,2,0
154.022637,0,1,94,59,1529,99,245,51,0,2,1089,9,2,2,0
154.027147,0,0,94,59,1529,99,245,51,0,2,1089,9,2,2,0
154.038348,0,1,94,59,1529,99,245,51,0,2,1089,9,3,2,0
154.048234,0,0,94,59,1529,99,245,51,0,2,1089,9,3,2,0
154.052817,0,1,94,59,1529,99,245,51,0,1,1089,9,3,2,0
154.057309,0,0,94,59,1529,99,245,51,0,1,1089,9,3,2,0
154.069699,0,1,94,59,1529,99,245,51,0,1,1089,9,2,1,0
154.079054,0,0,94,59,1529,99,245,51,0,1,1089,9,2,1,0
154.083576,0,1,94,59,1529,99,245,51,0,2,1089,9,2,1,0
154.087756,0,1,94,59,1529,99,245,51,0,2,1089,9,3,1,0
154.099959,0,1,94,59,1529,99,245,51,0,2,1089,9,3,2,0
154.102168,0,0,94,59,1529,99,245,51,0,2,1089,9,3,2,0
154.111532,0,0,94,59,1529,99,245,51,0,2,1089,9,3,2,0
154.115752,0,0,94,59,1529,99,245,51,0,2,1089,9,3,2,0
154.120578,0,0,94,59,1529,99,245,51,0,2,1089,9,3,2,0
154.131557,0,0,94,59,1529,99,245,51,0,2,1089,9,3,2,0
154.141159,0,0,94,59,1529,99,245,51,0,2,1089,9,3,2,0
154.145333,0,1,94,59,1529,99,245,51,0,1,1088,9,3,2,0
154.149818,0,0,94,59,1529,99,245,51,0,1,1088,9,3,2,0
154.162021,0,0,94,59,1529,99,245,51,0,1,1088,9,3,2,0
154.166552,0,0,94,59,1529,99,245,51,0,1,1088,9,3,2,0
154.173621,0,0,94,59,1529,99,245,51,0,1,1088,9,3,2,0
154.177816,0,0,94,59,1529,99,245,51,0,1,1088,9,3,2,0
154.181950,1,1,94,59,1529,99,245,50,0,1,1088,9,3,1,0
154.193470,0,0,94,59,1529,99,245,50,0,1,1088,9,3,1,0
154.202936,0,1,94,59,1529,99,245,50,1,2,1088,9,3,1,0
154.207173,0,1,94,59,1529,99,245,50,1,2,1089,9,3,1,0
154.212013,0,1,94,59,1529,99,245,50,1,2,1089,9,3,2,0
154.224219,0,0,94,59,1529,99,245,50,1,2,1089,9,3,2,0
154.228347,0,1,94,59,1529,99,245,50,0,2,1089,9,3,2,0
154.235809,0,1,94,59,1529,99,245,50,0,1,1089,9,3,2,0
154.239935,0,0,94,59,1529,99,245,50,0,1,1089,9,3,2,0
154.244070,0,0,94,59,1529,99,245,50,0,1,1089,9,3,2,0
154.255790,0,0,94,59,1529,99,245,50,0,1,1089,9,3,2,0
154.265017,0,0,94,59,1529,99,245,50,0,1,1089,9,3,2,0
154.269200,0,0,94,59,1529,99,245,50,0,1,1089,9,3,2,0
154.273396,1,1,94,59,1529,99,245,51,0,1,1089,9,2,2,0
154.286047,0,0,94,59,1529,99,245,51,0,1,1089,9,2,2,0
154.290133,0,0,94,59,1529,99,245,51,0,1,1089,9,2,2,0
154.297542,0,0,94,59,1529,99,245,51,0,1,1089,9,2,2,0
154.301694,0,1,94,59,1529,99,245,51,0,1,1089,9,3,2,0
154.305792,0,0,94,59,1529,99,245,51,0,1,1089,9,3,2,0
154.316892,0,0,94,59,1529,99,245,51,0,1,1089,9,3,2,0
154.320974,0,0,94,59,1529,99,245,51,0,1,1089,9,3,2,0
154.328361,0,0,94,59,1529,99,245,51,0,1,1089,9,3,2,0
154.332426,0,0,94,59,1529,99,245,51,0,1,1089,9,3,2,0
154.336559,0,0,94,59,1529,99,245,51,0,1,1089,9,3,2,0
154.348651,0,0,94,59,1529,99,245,51,0,1,1089,9,3,2,0
154.358070,0,1,94,59,1529,99,245,51,0,2,1089,9,3,2,0
154.362600,0,1,94,59,1529,99,245,51,0,2,1088,9,3,2,0
154.366801,0,0,94,59,1529,99,245,51,0,2,1088,9,3,2,0
154.380578,0,0,94,59,1529,99,245,51,0,2,1088,9,3,2,0
154.391138,0,1,94,59,1529,99,245,51,0,1,1089,9,2,2,0
154.395448,0,0,94,59,1529,99,245,51,0,1,1089,9,2,2,0
154.408808,0,0,94,59,1529,99,245,51,0,1,1089,9,2,2,0
154.670223,1,1,94,59,1536,99,245,51,0,1,1197,8,4,1,356
154.674681,0,1,94,59,1536,99,245,51,0,0,1197,8,4,1,356
154.688028,1,1,94,59,1538,99,245,51,0,0,1247,8,4,1,0
154.692622,0,0,94,59,1538,99,245,51,0,0,1247,8,4,1,0
154.700465,0,0,94,59,1538,99,245,51,0,0,1247,8,4,1,0
154.704668,0,1,94,59,1538,99,245,51,0,1,1247,8,4,1,0
154.708835,1,1,94,59,1535,99,245,51,0,1,1225,8,4,1,0
154.720117,0,1,94,59,1535,99,245,51,0,1,1225,8,3,1,0
154.729992,0,0,94,59,1535,99,245,51,0,1,1225,8,3,1,0
154.734533,0,0,94,59,1535,99,245,51,0,1,1225,8,3,1,0
154.738709,1,1,94,59,1534,99,245,51,0,1,1231,8,3,1,403
154.751566,0,0,94,59,1534,99,245,51,0,1,1231,8,3,1,403
154.761004,0,0,94,59,1534,99,245,51,0,1,1231,8,3,1,403
154.765165,0,0,94,59,1534,99,245,51,0,1,1231,8,3,1,403
154.769690,1,1,94,59,1539,99,245,51,0,1,1294,8,3,1,268
154.782072,0,1,94,59,1539,99,245,51,0,1,1294,8,3,0,268
154.786814,0,0,94,59,1539,99,245,51,0,1,1294,8,3,0,268
154.794327,0,0,94,59,1539,99,245,51,0,1,1294,8,3,0,268
154.798849,0,1,94,59,1539,99,245,51,0,1,1293,8,3,0,272
154.812063,1,1,94,59,1539,100,245,51,0,1,1293,8,3,1,272
154.816213,0,0,94,59,1539,100,245,51,0,1,1293,8,3,1,272
154.824147,0,0,94,59,1539,100,245,51,0,1,1293,8,3,1,272
154.828236,0,1,94,59,1539,100,245,51,0,0,1293,8,3,1,270
154.832336,1,1,94,59,1539,98,245,51,0,0,1293,8,4,0,270
154.844082,0,0,94,59,1539,98,245,51,0,0,1293,8,4,0,270
154.848163,0,0,94,59,1539,98,245,51,0,0,1293,8,4,0,270
154.855568,0,0,94,59,1539,98,245,51,0,0,1293,8,4,0,270
154.859638,0,1,94,59,1539,98,245,51,0,0,1292,8,4,0,268
154.863727,0,0,94,59,1539,98,245,51,0,0,1292,8,4,0,268
154.875115,0,0,94,59,1539,98,245,51,0,0,1292,8,4,0,268
154.879221,0,0,94,59,1539,98,245,51,0,0,1292,8,4,0,268
154.886400,0,0,94,59,1539,98,245,51,0,0,1292,8,4,0,268
154.890499,0,0,94,59,1539,98,245,51,0,0,1292,8,4,0,276
154.894566,0,1,94,59,1539,98,245,51,0,0,1292,8,4,1,276
154.906139,0,0,94,59,1539,98,245,51,0,0,1292,8,4,1,276
154.910203,0,0,94,59,1539,98,245,51,0,0,1292,8,4,1,276
154.917146,0,0,94,59,1539,98,245,51,0,0,1292,8,4,1,276
154.921282,1,0,94,59,1539,99,245,51,0,0,1292,8,4,1,265
154.923170,0,1,94,59,1539,99,245,51,0,0,1292,8,4,0,265
154.936375,0,0,94,59,1539,99,245,51,0,0,1292,8,4,0,265
154.940481,0,1,94,59,1539,99,245,51,0,1,1292,8,4,0,265
154.948150,0,0,94,59,1539,99,245,51,0,1,1292,8,4,0,270
154.952197,0,1,94,59,1539,99,245,51,0,1,1292,9,4,1,270
154.956388,0,0,94,59,1539,99,245,51,0,1,1292,9,4,1,270
154.968137,0,0,94,59,1539,99,245,51,0,1,1292,9,4,1,270
154.972240,0,0,94,59,1539,99,245,51,0,1,1292,9,4,1,270
154.979817,0,1,94,59,1539,99,245,51,0,1,1292,8,4,1,272
154.984356,0,1,94,59,1539,99,245,51,0,1,1292,8,4,0,272
154.997908,0,0,94,59,1539,99,245,51,0,1,1292,8,4,0,272
155.002005,0,0,94,59,1539,99,245,51,0,1,1292,8,4,0,265
155.010636,0,1,94,59,1539,99,245,51,0,1,1291,8,4,0,265
155.015071,0,1,94,59,1539,99,245,51,0,1,1291,8,4,1,265
155.019250,0,0,94,59,1539,99,245,51,0,1,1291,8,4,1,265
155.030474,0,0,94,59,1539,99,245,51,0,1,1291,8,4,1,265
155.040098,0,0,94,59,1539,99,245,51,0,1,1291,8,4,1,274
155.045002,0,0,94,59,1539,99,245,51,0,1,1291,8,4,1,274
155.049493,0,0,94,59,1539,99,245,51,0,1,1291,8,4,1,274
155.061821,0,1,94,59,1539,99,245,51,0,0,1291,8,4,1,274
155.071825,0,1,94,59,1539,99,245,51,0,0,1291,8,3,1,274
155.077425,0,0,94,59,1539,99,245,51,0,0,1291,8,3,1,274
155.091431,0,0,94,59,1539,99,245,51,0,0,1291,8,3,1,274
155.096337,0,0,94,59,1539,99,245,51,0,0,1291,8,3,1,274
155.104042,0,1,94,59,1539,99,245,51,0,0,1291,8,4,1,274
155.108587,0,0,94,59,1539,99,245,51,0,0,1291,8,4,1,274
155.122116,0,0,94,59,1539,99,245,51,0,0,1291,8,4,1,274
155.126687,0,0,94,59,1539,99,245,51,0,0,1291,8,4,1,274
155.134248,0,1,94,59,1539,99,245,51,0,0,1291,8,4,0,274
155.138439,0,0,94,59,1539,99,245,51,0,0,1291,8,4,0,274
155.142630,0,0,94,59,1539,99,245,51,0,0,1291,8,4,0,274
155.154060,0,0,94,59,1539,99,245,51,0,0,1291,8,4,0,274
155.158591,0,0,94,59,1539,99,245,51,0,0,1291,8,4,0,270
155.165522,1,1,94,59,1539,99,245,50,0,0,1291,8,4,1,270
155.169582,0,0,94,59,1539,99,245,50,0,0,1291,8,4,1,270
155.173708,0,0,94,59,1539,99,245,50,0,0,1291,8,4,1,270
155.185693,0,1,94,59,1539,99,245,50,0,1,1291,8,4,1,270
155.195097,0,0,94,59,1539,99,245,50,0,1,1291,8,4,1,270
155.200101,0,0,94,59,1539,99,245,50,0,1,1291,8,4,1,270
155.204312,0,1,94,59,1539,99,245,50,0,0,1291,8,4,1,270
155.216518,0,0,94,59,1539,99,245,50,0,0,1291,8,4,1,270
155.226184,1,1,94,59,1539,99,245,51,0,0,1291,8,3,1,270
155.495015,1,1,94,59,1531,99,245,51,0,1,1148,9,2,1,0
155.499524,0,0,94,59,1531,99,245,51,0,1,1148,9,2,1,0
155.506447,0,0,94,59,1531,99,245,51,0,1,1148,9,2,1,0
155.510996,1,1,94,59,1531,98,245,51,0,1,1147,8,4,1,0
155.515901,0,1,94,59,1531,98,245,51,0,1,1147,8,4,2,0
155.527121,0,0,94,59,1531,98,245,51,0,1,1147,8,4,2,0
155.537350,0,0,94,59,1531,98,245,51,0,1,1147,8,4,2,0
155.541826,0,1,94,59,1531,98,245,51,0,1,1147,8,3,2,0
155.545690,0,1,94,59,1531,98,245,51,0,1,1147,8,3,1,0
155.557109,0,0,94,59,1531,98,245,51,0,1,1147,8,3,1,0
155.561537,0,1,94,59,1531,98,245,51,0,2,1147,8,3,1,0
155.568561,0,1,94,59,1531,98,245,51,0,2,1146,8,3,1,0
155.573047,1,0,94,59,1531,99,245,51,0,2,1146,8,3,1,0
155.577256,0,0,94,59,1531,99,245,51,0,2,1146,8,3,1,0
155.588206,0,0,94,59,1531,99,245,51,0,2,1146,8,3,1,0
155.598200,0,0,94,59,1531,99,245,51,0,2,1146,8,3,1,0
155.602415,0,0,94,59,1531,99,245,51,0,2,1146,8,3,1,0
155.607023,0,0,94,59,1531,99,245,51,0,2,1146,8,3,1,0
155.619865,0,0,94,59,1531,99,245,51,0,2,1146,8,3,1,0
155.629568,0,1,94,59,1531,99,245,51,0,1,1146,8,3,1,0
155.633764,0,1,94,59,1531,99,245,51,0,1,1146,8,2,1,0
155.638269,0,0,94,59,1531,99,245,51,0,1,1146,8,2,1,0
155.650539,0,0,94,59,1531,99,245,51,0,1,1146,8,2,1,0
155.652742,0,1,94,59,1531,99,245,51,0,2,1146,8,2,1,0
155.662014,0,0,94,59,1531,99,245,51,0,2,1146,8,2,1,0
155.666971,0,0,94,59,1531,99,245,51,0,2,1146,8,2,1,0
155.680222,0,0,94,59,1531,99,245,51,0,2,1146,8,2,1,0
155.684429,0,1,94,59,1531,99,245,51,0,1,1146,9,2,1,0
155.692338,1,0,94,59,1531,100,245,51,0,1,1146,9,2,1,0
155.696457,0,0,94,59,1531,100,245,51,0,1,1146,9,2,1,0
155.700471,0,0,94,59,1531,100,245,51,0,1,1146,9,2,1,0
155.712174,0,0,94,59,1531,100,245,51,0,1,1146,9,2,1,0
155.716249,0,0,94,59,1531,100,245,51,0,1,1146,9,2,1,0
155.724040,1,1,94,59,1531,98,245,51,0,1,1146,9,3,1,0
155.728231,0,0,94,59,1531,98,245,51,0,1,1146,9,3,1,0
155.732426,0,0,94,59,1531,98,245,51,0,1,1146,9,3,1,0
155.743601,0,0,94,59,1531,98,245,51,0,1,1146,9,3,1,0
155.753195,1,0,94,59,1531,99,245,51,0,1,1146,9,3,1,0
155.757324,1,0,94,59,1531,99,245,50,0,1,1146,9,3,1,0
155.761504,0,0,94,59,1531,99,245,50,0,1,1146,9,3,1,0
155.774575,0,0,94,59,1531,99,245,50,0,1,1146,9,3,1,0
155.784200,1,0,94,59,1531,98,245,50,0,1,1146,9,3,1,0
155.788382,0,0,94,59,1531,98,245,50,0,1,1146,9,3,1,0
155.792508,0,0,94,59,1531,98,245,50,0,1,1146,9,3,1,0
155.805812,0,1,94,59,1531,98,245,50,0,2,1146,9,3,1,0
155.815421,1,1,94,59,1531,99,245,51,0,2,1146,9,4,1,0
155.819911,0,0,94,59,1531,99,245,51,0,2,1146,9,4,1,0
155.824416,0,0,94,59,1531,99,245,51,0,2,1146,9,4,1,0
155.836710,0,1,94,59,1531,99,245,51,0,2,1146,8,4,1,0
155.846183,0,1,94,59,1531,99,245,51,0,2,1146,8,3,2,0
155.850642,0,0,94,59,1531,99,245,51,0,2,1146,8,3,2,0
155.855131,0,1,94,59,1531,99,245,51,0,1,1146,8,3,2,0
155.867395,0,1,94,59,1531,99,245,51,0,1,1146,9,3,2,0
155.877139,0,0,94,59,1531,99,245,51,0,1,1146,9,3,2,0
155.881732,0,0,94,59,1531,99,245,51,0,1,1146,9,3,2,0
155.886610,0,0,94,59,1531,99,245,51,0,1,1146,9,3,2,0
155.898573,0,1,94,59,1531,99,245,51,0,1,1146,8,3,2,0
155.908504,0,1,94,59,1531,99,245,51,0,1,1146,8,3,1,0
155.912730,0,0,94,59,1531,99,245,51,0,1,1146,8,3,1,0
155.917826,0,1,94,59,1531,99,245,51,0,1,1145,8,3,1,0
155.929541,1,0,94,59,1531,100,245,51,0,1,1145,8,3,1,0
155.939153,0,0,94,59,1531,100,245,51,0,1,1145,8,3,1,0
155.943641,0,0,94,59,1531,100,245,51,0,1,1145,8,3,1,0
155.947802,0,0,94,59,1531,100,245,51,0,1,1145,8,3,1,0
155.960712,1,1,94,59,1531,98,245,51,0,1,1145,8,3,2,0
156.220535,1,1,94,59,1534,98,245,51,0,1,1176,8,3,1,0
156.225114,1,1,94,59,1534,99,245,51,0,1,1176,8,3,2,0
156.238369,0,0,94,59,1534,99,245,51,0,1,1176,8,3,2,0
156.243155,0,0,94,59,1534,99,245,51,0,1,1176,8,3,2,0
156.250857,1,0,94,59,1534,98,245,51,0,1,1176,8,3,2,0
156.255837,1,1,94,59,1534,98,245,50,0,1,1176,8,3,1,0
156.269264,0,0,94,59,1534,98,245,50,0,1,1176,8,3,1,0
156.273820,0,0,94,59,1534,98,245,50,0,1,1176,8,3,1,0
156.282126,1,1,94,59,1534,99,245,50,0,1,1175,8,3,1,0
156.286665,0,0,94,59,1534,99,245,50,0,1,1175,8,3,1,0
156.300252,0,0,94,59,1534,99,245,50,0,1,1175,8,3,1,0
156.304770,0,0,94,59,1534,99,245,50,0,1,1175,8,3,1,0
156.312805,1,0,94,59,1534,98,245,50,0,1,1175,8,3,1,0
156.316993,0,1,94,59,1534,98,245,50,0,1,1175,8,3,2,0
156.321515,0,0,94,59,1534,98,245,50,0,1,1175,8,3,2,0
156.332871,0,0,94,59,1534,98,245,50,0,1,1175,8,3,2,0
156.342412,1,0,94,59,1534,99,245,50,0,1,1175,8,3,2,0
156.347243,1,1,94,59,1534,99,245,51,0,1,1175,8,3,1,0
156.351789,0,0,94,59,1534,99,245,51,0,1,1175,8,3,1,0
156.364013,0,0,94,59,1534,99,245,51,0,1,1175,8,3,1,0
156.373684,0,1,94,59,1534,99,245,51,0,1,1175,9,3,1,0
156.375509,0,0,94,59,1534,99,245,51,0,1,1175,9,3,1,0
156.380035,0,0,94,59,1534,99,245,51,0,1,1175,9,3,1,0
156.393251,0,0,94,59,1534,99,245,51,0,1,1175,9,3,1,0
156.397475,0,1,94,59,1534,99,245,51,0,1,1175,8,3,1,0
156.405521,0,1,94,59,1534,99,245,51,0,1,1175,8,3,2,0
156.409744,0,0,94,59,1534,99,245,51,0,1,1175,8,3,2,0
156.414560,0,0,94,59,1534,99,245,51,0,1,1175,8,3,2,0
156.425980,0,0,94,59,1534,99,245,51,0,1,1175,8,3,2,0
156.435313,0,1,94,59,1534,99,245,51,0,1,1175,8,2,2,0
156.439846,0,0,94,59,1534,99,245,51,0,1,1175,8,2,2,0
156.444003,0,0,94,59,1534,99,245,51,0,1,1175,8,2,2,0
156.457067,0,1,94,59,1534,99,245,51,0,1,1174,8,2,2,0
156.466859,0,1,94,59,1534,99,245,51,0,1,1174,8,3,1,0
156.471760,0,0,94,59,1534,99,245,51,0,1,1174,8,3,1,0
156.476564,0,0,94,59,1534,99,245,51,0,1,1174,8,3,1,0
156.487867,0,1,94,59,1534,99,245,51,0,1,1175,8,3,1,0
156.497249,0,0,94,59,1534,99,245,51,0,1,1175,8,3,1,0
156.502098,0,0,94,59,1534,99,245,51,0,1,1175,8,3,1,0
156.506916,0,0,94,59,1534,99,245,51,0,1,1175,8,3,1,0
156.518298,0,1,94,59,1534,99,245,51,0,1,1174,8,3,1,0
156.522477,0,1,94,59,1534,99,245,51,0,1,1174,8,3,2,0
156.530236,0,0,94,59,1534,99,245,51,0,1,1174,8,3,2,0
156.535103,0,0,94,59,1534,99,245,51,0,1,1174,8,3,2,0
156.548410,0,1,94,59,1534,99,245,51,0,1,1175,8,3,2,0
156.552933,0,0,94,59,1534,99,245,51,0,1,1175,8,3,2,0
156.561468,0,0,94,59,1534,99,245,51,0,1,1175,8,3,2,0
156.566008,0,0,94,59,1534,99,245,51,0,1,1175,8,3,2,0
156.579294,0,0,94,59,1534,99,245,51,0,1,1175,8,3,2,0
156.584079,1,0,94,59,1534,98,245,51,0,1,1175,8,3,2,0
156.591950,0,0,94,59,1534,98,245,51,0,1,1175,8,3,2,0
156.596116,0,0,94,59,1534,98,245,51,0,1,1175,8,3,2,0
156.600667,0,1,94,59,1534,98,245,51,0,1,1174,8,3,2,0
156.611391,1,1,94,59,1534,99,245,51,0,1,1174,8,3,1,0
156.615603,0,0,94,59,1534,99,245,51,0,1,1174,8,3,1,0
156.622947,0,0,94,59,1534,99,245,51,0,1,1174,8,3,1,0
156.627118,0,0,94,59,1534,99,245,51,0,1,1174,8,3,1,0
156.631604,0,0,94,59,1534,99,245,51,0,1,1174,8,3,1,0
156.642691,0,1,94,59,1534,99,245,51,0,1,1174,8,3,2,0
156.652500,0,0,94,59,1534,99,245,51,0,1,1174,8,3,2,0
156.656756,0,0,94,59,1534,99,245,51,0,1,1174,8,3,2,0
156.661256,0,0,94,59,1534,99,245,51,0,1,1174,8,3,2,0
156.674085,0,1,94,59,1534,99,245,51,0,1,1174,8,2,2,0
156.939276,1,1,94,59,1529,98,245,51,0,2,1071,9,3,2,0
156.953176,0,0,94,59,1529,98,245,51,0,2,1071,9,3,2,0
156.962781,0,1,94,59,1529,98,245,51,0,1,1070,9,3,2,0
156.966979,1,1,94,59,1529,99,245,51,0,1,1070,8,3,2,0
156.971182,0,0,94,59,1529,99,245,51,0,1,1070,8,3,2,0
156.984155,0,0,94,59,1529,99,245,51,0,1,1070,8,3,2,0
156.993445,0,1,94,59,1529,99,245,51,0,1,1071,8,3,2,0
156.997980,1,0,94,59,1529,99,245,50,0,1,1071,8,3,2,0
157.002189,0,0,94,59,1529,99,245,50,0,1,1071,8,3,2,0
157.014826,0,1,94,59,1529,99,245,50,0,2,1071,8,3,2,0
157.024584,1,1,94,59,1529,100,245,50,0,2,1070,9,3,2,0
157.028821,1,1,94,59,1529,100,245,51,0,2,1070,9,2,1,0
157.033336,0,0,94,59,1529,100,245,51,0,2,1070,9,2,1,0
157.045807,0,1,94,59,1529,100,245,51,0,1,1070,9,2,1,0
157.055306,0,1,94,59,1529,100,245,51,0,1,1070,9,2,2,0
157.059475,0,0,94,59,1529,100,245,51,0,1,1070,9,2,2,0
157.064053,0,0,94,59,1529,100,245,51,0,1,1070,9,2,2,0
157.076394,0,1,94,59,1529,100,245,51,0,2,1069,9,2,2,0
157.086373,1,1,94,59,1529,98,245,51,0,2,1069,9,3,2,0
157.090878,0,0,94,59,1529,98,245,51,0,2,1069,9,3,2,0
157.093093,0,0,94,59,1529,98,245,51,0,2,1069,9,3,2,0
157.106378,0,1,94,59,1529,98,245,51,0,1,1069,9,3,2,0
157.110926,1,0,94,59,1529,99,245,51,0,1,1069,9,3,2,0
157.118853,0,0,94,59,1529,99,245,51,0,1,1069,9,3,2,0
157.123328,0,0,94,59,1529,99,245,51,0,1,1069,9,3,2,0
157.127495,0,1,94,59,1529,99,245,51,0,2,1069,9,3,2,0
157.138794,0,0,94,59,1529,99,245,51,0,2,1069,9,3,2,0
157.148406,0,0,94,59,1529,99,245,51,0,2,1069,9,3,2,0
157.152914,0,0,94,59,1529,99,245,51,0,2,1069,9,3,2,0
157.157426,0,0,94,59,1529,99,245,51,0,2,1069,9,3,2,0
157.169782,0,1,94,59,1529,99,245,51,0,2,1069,8,3,2,0
157.179310,0,0,94,59,1529,99,245,51,0,2,1069,8,3,2,0
157.183789,0,0,94,59,1529,99,245,51,0,2,1069,8,3,2,0
157.187947,0,1,94,59,1529,99,245,51,0,1,1069,8,3,2,0
157.200391,0,1,94,59,1529,99,245,51,0,1,1069,9,3,2,0
157.210750,0,0,94,59,1529,99,245,51,0,1,1069,9,3,2,0
157.215280,0,0,94,59,1529,99,245,51,0,1,1069,9,3,2,0
157.219475,0,1,94,59,1529,99,245,51,0,2,1069,9,3,2,0
157.231413,0,0,94,59,1529,99,245,51,0,2,1069,9,3,2,0
157.235548,0,0,94,59,1529,99,245,51,0,2,1069,9,3,2,0
157.242928,0,0,94,59,1529,99,245,51,0,2,1069,9,3,2,0
157.247086,0,1,94,59,1529,99,245,51,0,1,1069,9,3,2,0
157.251270,0,0,94,59,1529,99,245,51,0,1,1069,9,3,2,0
157.262351,0,1,94,59,1529,99,245,51,0,1,1069,9,2,2,0
157.266836,0,0,94,59,1529,99,245,51,0,1,1069,9,2,2,0
157.274150,0,0,94,59,1529,99,245,51,0,1,1069,9,2,2,0
157.278326,0,1,94,59,1529,99,245,51,0,2,1069,9,2,2,0
157.282524,0,1,94,59,1529,99,245,51,0,2,1069,9,3,2,0
157.294371,1,0,94,59,1529,99,245,50,0,2,1069,9,3,2,0
157.304566,0,0,94,59,1529,99,245,50,0,2,1069,9,3,2,0
157.308760,0,1,94,59,1529,99,245,50,0,1,1069,9,3,2,0
157.312956,0,0,94,59,1529,99,245,50,0,1,1069,9,3,2,0
157.324754,0,0,94,59,1529,99,245,50,0,1,1069,9,3,2,0
157.328834,0,0,94,59,1529,99,245,50,0,1,1069,9,3,2,0
157.335916,0,0,94,59,1529,99,245,50,0,1,1069,9,3,2,0
157.340054,0,0,94,59,1529,99,245,50,0,1,1069,9,3,2,0
157.344145,0,1,94,59,1529,99,245,50,0,1,1069,9,4,2,0
157.355479,0,0,94,59,1529,99,245,50,0,1,1069,9,4,2,0
157.359566,0,0,94,59,1529,99,245,50,0,1,1069,9,4,2,0
157.366643,0,0,94,59,1529,99,245,50,0,1,1069,9,4,2,0
157.370637,0,0,94,59,1529,99,245,50,0,1,1069,9,4,2,0
157.374642,1,1,94,59,1529,99,245,51,0,1,1069,9,3,2,0
157.386404,0,0,94,59,1529,99,245,51,0,1,1069,9,3,2,0
157.396627,0,0,94,59,1529,99,245,51,0,1,1069,9,3,2,0
157.652891,1,1,94,59,1533,99,245,51,0,2,1135,8,3,1,0
157.666684,0,1,94,59,1533,99,245,51,0,1,1135,8,3,1,0
157.676685,0,0,94,59,1533,99,245,51,0,1,1135,8,3,1,0
157.681533,0,0,94,59,1533,99,245,51,0,1,1135,8,3,1,0
157.695488,0,0,94,59,1533,99,245,51,0,1,1135,8,3,1,0
157.700083,1,1,94,59,1537,99,245,51,0,1,1214,8,3,1,0
157.708014,0,1,94,59,1537,99,245,51,0,1,1214,8,4,1,0
157.712574,0,0,94,59,1537,99,245,51,0,1,1214,8,4,1,0
157.726316,0,0,94,59,1537,99,245,51,0,1,1214,8,4,1,0
157.730470,1,1,94,59,1535,99,245,51,0,1,1204,8,3,1,0
157.739368,0,0,94,59,1535,99,245,51,0,1,1204,8,3,1,0
157.743872,0,0,94,59,1535,99,245,51,0,1,1204,8,3,1,0
157.757316,0,0,94,59,1535,99,245,51,0,1,1204,8,3,1,0
157.761806,0,1,94,59,1535,99,245,51,0,1,1197,8,4,1,0
157.770003,0,0,94,59,1535,99,245,51,0,1,1197,8,4,1,0
157.774498,0,0,94,59,1535,99,245,51,0,1,1197,8,4,1,0
157.788332,0,1,94,59,1535,99,245,51,0,1,1195,8,4,1,0
157.792850,1,0,94,59,1534,99,245,51,0,1,1195,8,4,1,0
157.801071,0,0,94,59,1534,99,245,51,0,1,1195,8,4,1,0
157.805798,0,0,94,59,1534,99,245,51,0,1,1195,8,4,1,0
157.809951,0,1,94,59,1534,99,245,51,0,1,1194,8,4,1,0
157.820817,0,0,94,59,1534,99,245,51,0,1,1194,8,4,1,0
157.830495,0,0,94,59,1534,99,245,51,0,1,1194,8,4,1,0
157.834990,0,0,94,59,1534,99,245,51,0,1,1194,8,4,1,0
157.839163,0,0,94,59,1534,99,245,51,0,1,1194,8,4,1,0
157.852272,0,0,94,59,1534,99,245,51,0,1,1194,8,4,1,0
157.861821,0,0,94,59,1534,99,245,51,0,1,1194,8,4,1,0
157.865963,0,0,94,59,1534,99,245,51,0,1,1194,8,4,1,0
157.870177,0,1,94,59,1534,99,245,51,0,1,1193,8,4,1,0
157.882976,1,0,94,59,1534,100,245,51,0,1,1193,8,4,1,0
157.885205,0,0,94,59,1534,100,245,51,0,1,1193,8,4,1,0
157.893626,0,0,94,59,1534,100,245,51,0,1,1193,8,4,1,0
157.898094,0,0,94,59,1534,100,245,51,0,1,1193,8,4,1,0
157.902260,1,0,94,59,1534,99,245,51,0,1,1193,8,4,1,0
157.913792,0,0,94,59,1534,99,245,51,0,1,1193,8,4,1,0
157.923453,0,0,94,59,1534,99,245,51,0,1,1193,8,4,1,0
157.928034,0,0,94,59,1534,99,245,51,0,1,1193,8,4,1,0
157.932903,1,1,94,59,1534,98,245,51,0,1,1193,8,3,1,0
157.944615,0,0,94,59,1534,98,245,51,0,1,1193,8,3,1,0
157.948752,0,0,94,59,1534,98,245,51,0,1,1193,8,3,1,0
157.956432,0,0,94,59,1534,98,245,51,0,1,1193,8,3,1,0
157.960640,0,1,94,59,1534,98,245,51,0,1,1192,8,3,1,0
157.964765,1,0,94,59,1533,98,245,51,0,1,1192,8,3,1,0
157.976050,1,0,94,59,1533,98,245,50,0,1,1192,8,3,1,0
157.985397,0,0,94,59,1533,98,245,50,0,1,1192,8,3,1,0
157.989905,0,0,94,59,1533,98,245,50,0,1,1192,8,3,1,0
157.994056,1,0,94,59,1533,99,245,50,0,1,1192,8,3,1,0
158.006796,0,0,94,59,1533,99,245,50,0,1,1192,8,3,1,0
158.010859,0,0,94,59,1533,99,245,50,0,1,1192,8,3,1,0
158.017854,0,0,94,59,1533,99,245,50,0,1,1192,8,3,1,0
158.021907,0,0,94,59,1533,99,245,50,0,1,1192,8,3,1,0
158.026013,0,1,94,59,1533,99,245,50,0,1,1192,8,3,2,0
158.037854,0,0,94,59,1533,99,245,50,0,1,1192,8,3,2,0
158.041947,0,0,94,59,1533,99,245,50,0,1,1192,8,3,2,0
158.049090,0,0,94,59,1533,99,245,50,0,1,1192,8,3,2,0
158.053138,0,0,94,59,1533,99,245,50,0,1,1192,8,3,2,0
158.057279,0,0,94,59,1533,99,245,50,0,1,1192,8,3,2,0
158.068575,0,0,94,59,1533,99,245,50,0,1,1192,8,3,2,0
158.072628,0,0,94,59,1533,99,245,50,0,1,1192,8,3,2,0
158.079783,0,0,94,59,1533,99,245,50,0,1,1192,8,3,2,0
158.083848,0,0,94,59,1533,99,245,50,0,1,1192,8,3,2,0
158.088050,1,1,94,59,1533,99,245,51,0,1,1192,8,3,1,0
158.100350,0,0,94,59,1533,99,245,51,0,1,1192,8,3,1,0
158.109646,0,0,94,59,1533,99,245,51,0,1,1192,8,3,1,0
158.113797,0,0,94,59,1533,99,245,51,0,1,1192,8,3,1,0
158.118669,0,1,94,59,1533,99,245,51,0,1,1192,8,4,1,0
158.131347,0,0,94,59,1533,99,245,51,0,1,1192,8,4,1,0
158.140991,0,0,94,59,1533,99,245,51,0,1,1192,8,4,1,0
158.145513,1,0,94,59,1533,100,245,51,0,1,1192,8,4,1,0
158.150109,0,0,94,59,1533,100,245,51,0,1,1192,8,4,1,0
158.162408,0,0,94,59,1533,100,245,51,0,1,1192,8,4,1,0
158.172072,0,0,94,59,1533,100,245,51,0,1,1192,8,4,1,0
158.176966,1,0,94,59,1533,99,245,51,0,1,1192,8,4,1,0
158.181475,0,0,94,59,1533,99,245,51,0,1,1192,8,4,1,0
158.453523,1,1,94,59,1529,98,245,51,0,2,1085,9,3,2,0
158.459203,0,0,94,59,1529,98,245,51,0,2,1085,9,3,2,0
158.472345,0,1,94,59,1529,98,245,51,0,1,1085,8,3,2,0
158.481637,1,0,94,59,1529,99,245,51,0,1,1085,8,3,2,0
158.485765,0,0,94,59,1529,99,245,51,0,1,1085,8,3,2,0
158.490299,0,0,94,59,1529,99,245,51,0,1,1085,8,3,2,0
158.503419,0,1,94,59,1529,99,245,51,0,1,1084,9,3,2,0
158.513091,1,1,94,59,1529,98,245,51,0,1,1084,9,3,1,0
158.517307,0,0,94,59,1529,98,245,51,0,1,1084,9,3,1,0
158.521878,0,0,94,59,1529,98,245,51,0,1,1084,9,3,1,0
158.534060,0,1,94,59,1529,98,245,51,0,2,1085,8,3,1,0
158.543577,1,0,94,59,1529,99,245,51,0,2,1085,8,3,1,0
158.547821,0,0,94,59,1529,99,245,51,0,2,1085,8,3,1,0
158.552281,0,0,94,59,1529,99,245,51,0,2,1085,8,3,1,0
158.565314,0,1,94,59,1529,99,245,51,0,1,1085,9,3,1,0
158.574765,1,1,94,59,1529,99,245,50,0,1,1085,9,4,2,0
158.579245,0,0,94,59,1529,99,245,50,0,1,1085,9,4,2,0
158.583451,0,0,94,59,1529,99,245,50,0,1,1085,9,4,2,0
158.595629,0,1,94,59,1529,99,245,50,0,1,1085,8,4,2,0
158.599738,0,1,94,59,1529,99,245,50,0,1,1085,8,3,1,0
158.607981,0,0,94,59,1529,99,245,50,0,1,1085,8,3,1,0
158.611003,0,0,94,59,1529,99,245,50,0,1,1085,8,3,1,0
158.615914,0,1,94,59,1529,99,245,50,0,2,1084,8,3,1,0
158.627144,0,0,94,59,1529,99,245,50,0,2,1084,8,3,1,0
158.636691,0,1,94,59,1529,99,245,50,0,2,1084,8,3,2,0
158.640753,0,0,94,59,1529,99,245,50,0,2,1084,8,3,2,0
158.644808,0,1,94,59,1529,99,245,50,0,1,1084,8,3,2,0
158.657903,0,0,94,59,1529,99,245,50,0,1,1084,8,3,2,0
158.661937,0,0,94,59,1529,99,245,50,0,1,1084,8,3,2,0
158.668887,0,0,94,59,1529,99,245,50,0,1,1084,8,3,2,0
158.672936,0,1,94,59,1529,99,245,50,0,2,1084,8,3,2,0
158.677082,0,1,94,59,1529,99,245,50,0,2,1084,9,3,2,0
158.688756,0,0,94,59,1529,99,245,50,0,2,1084,9,3,2,0
158.692827,1,0,94,59,1529,99,245,51,0,2,1084,9,3,2,0
158.700015,0,0,94,59,1529,99,245,51,0,2,1084,9,3,2,0
158.704099,0,0,94,59,1529,99,245,51,0,2,1084,9,3,2,0
158.708237,0,0,94,59,1529,99,245,51,0,2,1084,9,3,2,0
158.719712,0,0,94,59,1529,99,245,51,0,2,1084,9,3,2,0
158.729584,0,0,94,59,1529,99,245,51,0,2,1084,9,3,2,0
158.734171,0,0,94,59,1529,99,245,51,0,2,1084,9,3,2,0
158.738395,0,1,94,59,1529,99,245,51,0,2,1084,8,2,2,0
158.750755,0,0,94,59,1529,99,245,51,0,2,1084,8,2,2,0
158.754933,0,0,94,59,1529,99,245,51,0,2,1084,8,2,2,0
158.763749,0,0,94,59,1529,99,245,51,0,2,1084,8,2,2,0
158.769738,0,1,94,59,1529,99,245,51,0,2,1083,9,3,2,0
158.783550,0,0,94,59,1529,99,245,51,0,2,1083,9,3,2,0
158.794767,0,0,94,59,1529,99,245,51,0,2,1083,9,3,2,0
158.800738,0,1,94,59,1529,99,245,51,0,2,1083,8,3,2,0
158.814326,0,0,94,59,1529,99,245,51,0,2,1083,8,3,2,0
158.825437,0,0,94,59,1529,99,245,51,0,2,1083,8,3,2,0
158.831527,0,0,94,59,1529,99,245,51,0,2,1083,8,3,2,0
158.845306,0,0,94,59,1529,99,245,51,0,2,1083,8,3,2,0
158.856330,0,0,94,59,1529,99,245,51,0,2,1083,8,3,2,0
158.862150,0,0,94,59,1529,99,245,51,0,2,1083,8,3,2,0
158.876111,0,0,94,59,1529,99,245,51,0,2,1083,8,3,2,0
158.885552,0,0,94,59,1529,99,245,51,0,2,1083,8,3,2,0
158.889675,0,0,94,59,1529,99,245,51,0,2,1083,8,3,2,0
158.893727,0,0,94,59,1529,99,245,51,0,2,1083,8,3,2,0
158.905958,0,0,94,59,1529,99,245,51,0,2,1083,8,3,2,0
159.166185,1,1,94,59,1534,99,245,50,0,2,1185,8,3,1,450
159.170864,0,0,94,59,1534,99,245,50,0,2,1185,8,3,1,450
159.184573,0,1,94,59,1534,99,245,50,0,1,1185,8,3,1,0
159.189140,1,1,94,59,1539,99,245,50,0,1,1255,8,4,1,0
159.196238,1,0,94,59,1539,99,245,51,0,1,1255,8,4,1,0
159.200804,0,0,94,59,1539,99,245,51,0,1,1255,8,4,1,0
159.214626,0,0,94,59,1539,99,245,51,0,1,1255,8,4,1,0
159.218748,1,1,94,59,1537,99,245,51,0,1,1238,8,4,1,0
159.226835,0,0,94,59,1537,99,245,51,0,1,1238,8,4,1,0
159.230953,0,0,94,59,1537,99,245,51,0,1,1238,8,4,1,0
159.235135,0,0,94,59,1537,99,245,51,0,1,1238,8,4,1,0
159.246748,1,1,94,59,1536,99,245,51,0,1,1237,8,4,1,416
159.250833,0,0,94,59,1536,99,245,51,0,1,1237,8,4,1,416
159.258518,0,0,94,59,1536,99,245,51,0,1,1237,8,4,1,416
159.262663,0,0,94,59,1536,99,245,51,0,1,1237,8,4,1,416
159.266777,0,0,94,59,1536,99,245,51,0,1,1237,8,4,1,291
159.277815,1,1,94,59,1539,99,245,51,0,1,1275,8,4,1,291
159.287729,0,0,94,59,1539,99,245,51,0,1,1275,8,4,1,291
159.292620,0,0,94,59,1539,99,245,51,0,1,1275,8,4,1,291
159.296796,0,0,94,59,1539,99,245,51,0,1,1275,8,4,1,288
159.309049,0,0,94,59,1539,99,245,51,0,1,1275,8,4,1,288
159.313273,0,0,94,59,1539,99,245,51,0,1,1275,8,4,1,288
159.320244,0,0,94,59,1539,99,245,51,0,1,1275,8,4,1,288
159.324339,0,0,94,59,1539,99,245,51,0,1,1275,8,4,1,288
159.328517,0,0,94,59,1539,99,245,51,0,1,1275,8,4,1,293
159.340138,1,0,94,59,1539,98,245,51,0,1,1275,8,4,1,293
159.350093,0,0,94,59,1539,98,245,51,0,1,1275,8,4,1,293
159.355073,0,0,94,59,1539,98,245,51,0,1,1275,8,4,1,293
159.359672,0,0,94,59,1539,98,245,51,0,1,1275,8,4,1,289
159.371040,0,0,94,59,1539,98,245,51,0,1,1275,8,4,1,289
159.380809,0,1,94,59,1539,98,245,51,0,1,1275,8,4,0,289
159.385334,0,0,94,59,1539,98,245,51,0,1,1275,8,4,0,289
159.389508,0,1,94,59,1539,98,245,51,0,1,1274,8,4,0,291
159.402483,0,0,94,59,1539,98,245,51,0,1,1274,8,4,0,291
159.411785,0,0,94,59,1539,98,245,51,0,1,1274,8,4,0,291
159.416327,0,0,94,59,1539,98,245,51,0,1,1274,8,4,0,291
159.420823,0,1,94,59,1539,98,245,51,0,1,1275,8,4,0,292
159.433109,1,1,94,59,1539,99,245,51,0,1,1275,8,4,1,292
159.435815,0,0,94,59,1539,99,245,51,0,1,1275,8,4,1,292
159.444512,0,0,94,59,1539,99,245,51,0,1,1275,8,4,1,292
159.449072,0,0,94,59,1539,99,245,51,0,1,1275,8,4,1,290
159.462515,0,1,94,59,1539,99,245,51,0,1,1274,8,4,1,290
159.466683,0,0,94,59,1539,99,245,51,0,1,1274,8,4,1,290
159.474871,0,0,94,59,1539,99,245,51,0,1,1274,8,4,1,290
159.478961,0,0,94,59,1539,99,245,51,0,1,1274,8,4,1,292
159.483746,1,0,94,59,1539,98,245,51,0,1,1274,8,4,1,292
159.495153,0,0,94,59,1539,98,245,51,0,1,1274,8,4,1,292
159.504748,0,0,94,59,1539,98,245,51,0,1,1274,8,4,1,292
159.509630,0,0,94,59,1539,98,245,51,0,1,1274,8,4,1,293
159.514106,1,0,94,59,1539,99,245,51,0,1,1274,8,4,1,293
159.526540,0,1,94,59,1539,99,245,51,0,1,1274,8,4,0,293
159.536131,0,0,94,59,1539,99,245,51,0,1,1274,8,4,0,293
159.540337,0,0,94,59,1539,99,245,51,0,1,1274,8,4,0,287
159.544823,0,0,94,59,1539,99,245,51,0,1,1274,8,4,0,287
159.556779,1,0,94,59,1539,99,245,50,0,1,1274,8,4,0,287
159.560987,0,0,94,59,1539,99,245,50,0,1,1274,8,4,0,287
159.568719,0,0,94,59,1539,99,245,50,0,1,1274,8,4,0,287
159.573279,0,1,94,59,1539,99,245,50,0,2,1274,8,4,0,287
159.586615,0,0,94,59,1539,99,245,50,0,2,1274,8,4,0,287
159.590756,0,0,94,59,1539,99,245,50,0,2,1274,8,4,0,287
159.599262,0,0,94,59,1539,99,245,50,0,2,1274,8,4,0,288
159.603769,0,0,94,59,1539,99,245,50,0,2,1274,8,4,0,288
159.617585,0,0,94,59,1539,99,245,50,0,2,1274,8,4,0,288
159.622130,0,0,94,59,1539,99,245,50,0,2,1274,8,4,0,288
159.630275,0,1,94,59,1539,99,245,50,0,1,1274,8,4,0,288
159.634459,0,1,94,59,1539,99,245,50,0,1,1274,8,4,1,285
159.638577,1,0,94,59,1539,99,245,51,0,1,1274,8,4,1,285
159.650088,0,0,94,59,1539,99,245,51,0,1,1274,8,4,1,285
159.654250,0,0,94,59,1539,99,245,51,0,1,1274,8,4,1,285
159.661628,0,0,94,59,1539,99,245,51,0,1,1274,8,4,1,293
159.666101,0,1,94,59,1539,99,245,51,0,1,1274,8,3,0,293
159.679620,0,0,94,59,1539,99,245,51,0,1,1274,8,3,0,293
159.684115,0,0,94,59,1539,99,245,51,0,1,1274,8,3,0,293
159.692356,0,0,94,59,1539,99,245,51,0,1,1274,8,3,0,290
159.696535,0,0,94,59,1539,99,245,51,0,1,1274,8,3,0,290
159.701148,0,0,94,59,1539,99,245,51,0,1,1274,8,3,0,290
159.712716,0,0,94,59,1539,99,245,51,0,1,1274,8,3,0,290
159.722328,0,0,94,59,1539,99,245,51,0,1,1274,8,3,0,290
159.726849,1,1,94,59,1539,99,245,50,0,1,1274,8,4,1,290
159.731383,0,0,94,59,1539,99,245,50,0,1,1274,8,4,1,290
160.003798,1,1,94,59,1529,99,245,51,0,2,1095,9,3,2,0
160.008500,0,0,94,59,1529,99,245,51,0,2,1095,9,3,2,0
160.021794,0,1,94,59,1529,99,245,51,0,2,1094,9,3,2,0
160.026306,0,0,94,59,1529,99,245,51,0,2,1094,9,3,2,0
160.033671,0,0,94,59,1529,99,245,51,0,2,1094,9,3,2,0
160.038862,0,0,94,59,1529,99,245,51,0,2,1094,9,3,2,0
160.052541,0,0,94,59,1529,99,245,51,0,2,1094,9,3,2,0
160.057044,0,0,94,59,1529,99,245,51,0,2,1094,9,3,2,0
160.064439,0,0,94,59,1529,99,245,51,0,2,1094,9,3,2,0
160.068574,0,0,94,59,1529,99,245,51,0,2,1094,9,3,2,0
160.073091,0,0,94,59,1529,99,245,51,0,2,1094,9,3,2,0
160.084598,0,0,94,59,1529,99,245,51,0,2,1094,9,3,2,0
160.094277,0,0,94,59,1529,99,245,51,0,2,1094,9,3,2,0
160.098395,0,0,94,59,1529,99,245,51,0,2,1094,9,3,2,0
160.102585,0,0,94,59,1529,99,245,51,0,2,1094,9,3,2,0
160.115304,0,0,94,59,1529,99,245,51,0,2,1094,9,3,2,0
160.124779,0,0,94,59,1529,99,245,51,0,2,1094,9,3,2,0
160.129812,0,0,94,59,1529,99,245,51,0,2,1094,9,3,2,0
160.134316,0,0,94,59,1529,99,245,51,0,2,1094,9,3,2,0
160.146057,0,0,94,59,1529,99,245,51,0,2,1094,9,3,2,0
160.155803,0,0,94,59,1529,99,245,51,0,2,1094,9,3,2,0
160.159204,0,0,94,59,1529,99,245,51,0,2,1094,9,3,2,0
160.165181,0,1,94,59,1529,99,245,51,0,2,1093,8,3,2,0
160.177766,0,0,94,59,1529,99,245,51,0,2,1093,8,3,2,0
160.188572,0,0,94,59,1529,99,245,51,0,2,1093,8,3,2,0
160.194062,0,0,94,59,1529,99,245,51,0,2,1093,8,3,2,0
160.207680,0,0,94,59,1529,99,245,51,0,2,1093,8,3,2,0
160.217858,0,0,94,59,1529,99,245,51,0,2,1093,8,3,2,0
160.222780,0,0,94,59,1529,99,245,51,0,2,1093,8,3,2,0
160.226999,0,1,94,59,1529,99,245,51,0,2,1093,9,3,2,0
160.239550,0,0,94,59,1529,99,245,51,0,2,1093,9,3,2,0
160.249102,0,0,94,59,1529,99,245,51,0,2,1093,9,3,2,0
160.253680,0,0,94,59,1529,99,245,51,0,2,1093,9,3,2,0
160.258625,0,0,94,59,1529,99,245,51,0,2,1093,9,3,2,0
160.270376,0,0,94,59,1529,99,245,51,0,2,1093,9,3,2,0
160.280063,0,1,94,59,1529,99,245,51,1,2,1093,9,3,2,0
160.284160,0,0,94,59,1529,99,245,51,1,2,1093,9,3,2,0
160.288222,0,0,94,59,1529,99,245,51,1,2,1093,9,3,2,0
160.301213,0,0,94,59,1529,99,245,51,1,2,1093,9,3,2,0
160.310780,0,1,94,59,1529,99,245,51,0,2,1093,9,3,2,0
160.314843,0,1,94,59,1529,99,245,51,0,2,1093,8,3,2,0
160.318930,0,0,94,59,1529,99,245,51,0,2,1093,8,3,2,0
160.331902,0,0,94,59,1529,99,245,51,0,2,1093,8,3,2,0
160.336051,0,0,94,59,1529,99,245,51,0,2,1093,8,3,2,0
160.343461,0,1,94,59,1529,99,245,51,0,2,1093,9,3,2,0
160.347666,1,0,94,59,1529,99,245,50,0,2,1093,9,3,2,0
160.352505,0,0,94,59,1529,99,245,50,0,2,1093,9,3,2,0
160.363844,0,0,94,59,1529,99,245,50,0,2,1093,9,3,2,0
160.374834,0,0,94,59,1529,99,245,50,0,2,1093,9,3,2,0
160.380710,0,1,94,59,1529,99,245,50,0,2,1093,8,3,2,0
160.393871,0,0,94,59,1529,99,245,50,0,2,1093,8,3,2,0
160.397949,0,0,94,59,1529,99,245,50,0,2,1093,8,3,2,0
160.405439,0,0,94,59,1529,99,245,50,0,2,1093,8,3,2,0
160.410001,1,0,94,59,1529,99,245,51,0,2,1093,8,3,2,0
160.414170,0,0,94,59,1529,99,245,51,0,2,1093,8,3,2,0
160.425373,0,0,94,59,1529,99,245,51,0,2,1093,8,3,2,0
160.434858,0,0,94,59,1529,99,245,51,0,2,1093,8,3,2,0
160.439046,0,0,94,59,1529,99,245,51,0,2,1093,8,3,2,0
160.443836,0,0,94,59,1529,99,245,51,0,2,1093,8,3,2,0
160.456006,0,0,94,59,1529,99,245,51,0,2,1093,8,3,2,0
160.715781,1,1,94,59,1528,99,245,51,0,2,959,9,2,2,0
160.720317,0,0,94,59,1528,99,245,51,0,2,959,9,2,2,0
160.733798,0,0,94,59,1528,99,245,51,0,2,959,9,2,2,0
160.738635,0,1,94,59,1528,99,245,51,0,2,959,9,2,3,0
160.746628,0,0,94,59,1528,99,245,51,0,2,959,9,2,3,0
160.751501,0,0,94,59,1528,99,245,51,0,2,959,9,2,3,0
160.764811,1,0,94,59,1528,100,245,51,0,2,959,9,2,3,0
160.768954,0,0,94,59,1528,100,245,51,0,2,959,9,2,3,0
160.777521,0,0,94,59,1528,100,245,51,0,2,959,9,2,3,0
160.782106,0,1,94,59,1528,100,245,51,0,2,960,9,2,3,0
160.786270,1,0,94,59,1528,99,245,51,0,2,960,9,2,3,0
160.797810,1,0,94,59,1528,99,245,50,0,2,960,9,2,3,0
160.807155,0,0,94,59,1528,99,245,50,0,2,960,9,2,3,0
160.811318,0,0,94,59,1528,99,245,50,0,2,960,9,2,3,0
160.815855,0,0,94,59,1528,99,245,50,0,2,960,9,2,3,0
160.829613,0,1,94,59,1528,99,245,50,0,2,960,9,2,2,0
160.840945,0,0,94,59,1528,99,245,50,0,2,960,9,2,2,0
160.846746,0,0,94,59,1528,99,245,50,0,2,960,9,2,2,0
160.860553,1,0,94,59,1528,99,245,51,0,2,960,9,2,2,0
160.871780,0,0,94,59,1528,99,245,51,0,2,960,9,2,2,0
160.875432,0,0,94,59,1528,99,245,51,0,2,960,9,2,2,0
160.889772,0,0,94,59,1528,99,245,51,0,2,960,9,2,2,0
160.893847,0,1,94,59,1528,99,245,51,1,2,960,9,2,2,0
160.901150,0,0,94,59,1528,99,245,51,1,2,960,9,2,2,0
160.905645,0,0,94,59,1528,99,245,51,1,2,960,9,2,2,0
160.910530,0,1,94,59,1528,99,245,51,1,2,960,9,2,3,0
160.921814,0,0,94,59,1528,99,245,51,1,2,960,9,2,3,0
160.931471,0,1,94,59,1528,99,245,51,0,2,960,9,2,3,0
160.935994,0,0,94,59,1528,99,245,51,0,2,960,9,2,3,0
160.940224,0,1,94,59,1528,99,245,51,0,2,960,9,2,2,0
160.952515,0,0,94,59,1528,99,245,51,0,2,960,9,2,2,0
160.961935,0,0,94,59,1528,99,245,51,0,2,960,9,2,2,0
160.966418,0,0,94,59,1528,99,245,51,0,2,960,9,2,2,0
160.971267,0,1,94,59,1528,99,245,51,0,2,960,9,3,2,0
160.983377,0,0,94,59,1528,99,245,51,0,2,960,9,3,2,0
160.993036,0,0,94,59,1528,99,245,51,0,2,960,9,3,2,0
160.997239,0,1,94,59,1528,99,245,51,0,2,960,9,2,2,0
161.001456,0,0,94,59,1528,99,245,51,0,2,960,9,2,2,0
161.014060,0,0,94,59,1528,99,245,51,0,2,960,9,2,2,0
161.018237,0,0,94,59,1528,99,245,51,0,2,960,9,2,2,0
161.025515,0,0,94,59,1528,99,245,51,0,2,960,9,2,2,0
161.029690,0,1,94,59,1528,99,245,51,0,2,960,9,3,2,0
161.034693,0,0,94,59,1528,99,245,51,0,2,960,9,3,2,0
161.046095,0,0,94,59,1528,99,245,51,0,2,960,9,3,2,0
161.055825,0,1,94,59,1528,99,245,51,0,2,961,9,3,2,0
161.060687,0,0,94,59,1528,99,245,51,0,2,961,9,3,2,0
161.065632,0,0,94,59,1528,99,245,51,0,2,961,9,3,2,0
161.076562,0,0,94,59,1528,99,245,51,0,2,961,9,3,2,0
161.085942,0,1,94,59,1528,99,245,51,0,2,960,9,3,2,0
161.090070,1,1,94,59,1528,100,245,51,0,2,960,9,2,2,0
161.094204,0,0,94,59,1528,100,245,51,0,2,960,9,2,2,0
161.107349,0,0,94,59,1528,100,245,51,0,2,960,9,2,2,0
161.117172,0,0,94,59,1528,100,245,51,0,2,960,9,2,2,0
161.121222,1,1,94,59,1528,99,245,51,0,2,960,9,3,2,0
161.125336,0,0,94,59,1528,99,245,51,0,2,960,9,3,2,0
161.138333,0,0,94,59,1528,99,245,51,0,2,960,9,3,2,0
161.142402,0,1,94,59,1528,99,245,51,0,2,961,9,3,2,0
161.149312,0,1,94,59,1528,99,245,51,0,2,961,9,2,2,0
161.153430,0,0,94,59,1528,99,245,51,0,2,961,9,2,2,0
161.157925,0,0,94,59,1528,99,245,51,0,2,961,9,2,2,0
161.168936,0,1,94,59,1528,99,245,51,1,2,961,9,2,2,0
161.173018,0,1,94,59,1528,99,245,51,1,2,960,8,2,2,0
161.435779,1,1,94,59,1531,99,245,51,0,2,994,9,3,2,0
161.448428,1,0,94,59,1531,98,245,51,0,2,994,9,3,2,0
161.457992,0,0,94,59,1531,98,245,51,0,2,994,9,3,2,0
161.462498,0,0,94,59,1531,98,245,51,0,2,994,9,3,2,0
161.466947,1,0,94,59,1531,99,245,51,0,2,994,9,3,2,0
161.479870,0,0,94,59,1531,99,245,51,0,2,994,9,3,2,0
161.489590,0,0,94,59,1531,99,245,51,0,2,994,9,3,2,0
161.493844,0,0,94,59,1531,99,245,51,0,2,994,9,3,2,0
161.498346,0,0,94,59,1531,99,245,51,0,2,994,9,3,2,0
161.511002,0,1,94,59,1531,99,245,51,0,2,994,9,2,2,0
161.521593,0,0,94,59,1531,99,245,51,0,2,994,9,2,2,0
161.527590,0,0,94,59,1531,99,245,51,0,2,994,9,2,2,0
161.542715,1,0,94,59,1531,98,245,50,0,2,994,9,2,2,0
161.553763,0,0,94,59,1531,98,245,50,0,2,994,9,2,2,0
161.559630,1,0,94,59,1531,99,245,50,0,2,994,9,2,2,0
161.573717,0,0,94,59,1531,99,245,50,0,2,994,9,2,2,0
161.585029,0,0,94,59,1531,99,245,50,0,2,994,9,2,2,0
161.590898,0,1,94,59,1531,99,245,50,0,2,993,9,2,2,0
161.603269,0,0,94,59,1531,99,245,50,0,2,993,9,2,2,0
161.613535,0,0,94,59,1531,99,245,50,0,2,993,9,2,2,0
161.619554,0,0,94,59,1531,99,245,50,0,2,993,9,2,2,0
161.633832,1,0,94,59,1531,99,245,51,0,2,993,9,2,2,0
161.638245,0,0,94,59,1531,99,245,51,0,2,993,9,2,2,0
161.645252,0,0,94,59,1531,99,245,51,0,2,993,9,2,2,0
161.649355,0,1,94,59,1531,99,245,51,0,2,993,8,2,2,0
161.653480,0,0,94,59,1531,99,245,51,0,2,993,8,2,2,0
161.665090,0,0,94,59,1531,99,245,51,0,2,993,8,2,2,0
161.669641,0,0,94,59,1531,99,245,51,0,2,993,8,2,2,0
161.676628,0,1,94,59,1531,99,245,51,0,2,992,8,2,2,0
161.680821,0,1,94,59,1531,99,245,51,0,2,992,9,2,2,0
161.685684,0,0,94,59,1531,99,245,51,0,2,992,9,2,2,0
161.696684,0,0,94,59,1531,99,245,51,0,2,992,9,2,2,0
161.706013,0,0,94,59,1531,99,245,51,0,2,992,9,2,2,0
161.710513,1,1,94,59,1531,98,245,51,0,2,993,8,2,2,0
161.715029,0,0,94,59,1531,98,245,51,0,2,993,8,2,2,0
161.727373,0,0,94,59,1531,98,245,51,0,2,993,8,2,2,0
161.731481,0,0,94,59,1531,98,245,51,0,2,993,8,2,2,0
161.738400,0,0,94,59,1531,98,245,51,0,2,993,8,2,2,0
161.742436,0,0,94,59,1531,98,245,51,0,2,993,8,2,2,0
161.746945,0,0,94,59,1531,98,245,51,0,2,993,8,2,2,0
161.758168,0,0,94,59,1531,98,245,51,0,2,993,8,2,2,0
161.762290,0,0,94,59,1531,98,245,51,0,2,993,8,2,2,0
161.769470,0,1,94,59,1531,98,245,51,0,2,994,8,2,2,0
161.773926,1,0,94,59,1531,99,245,51,0,2,994,8,2,2,0
161.777974,0,0,94,59,1531,99,245,51,0,2,994,8,2,2,0
161.789109,0,0,94,59,1531,99,245,51,0,2,994,8,2,2,0
161.793225,0,0,94,59,1531,99,245,51,0,2,994,8,2,2,0
161.800592,0,1,94,59,1531,99,245,51,0,2,994,9,2,2,0
161.804733,0,0,94,59,1531,99,245,51,0,2,994,9,2,2,0
161.808779,0,0,94,59,1531,99,245,51,0,2,994,9,2,2,0
161.820216,0,0,94,59,1531,99,245,51,0,2,994,9,2,2,0
161.829947,0,1,94,59,1531,99,245,51,0,2,993,9,2,2,0
161.834072,0,1,94,59,1531,99,245,51,0,2,993,8,2,2,0
161.838235,0,0,94,59,1531,99,245,51,0,2,993,8,2,2,0
161.851099,0,0,94,59,1531,99,245,51,0,2,993,8,2,2,0
161.855175,0,0,94,59,1531,99,245,51,0,2,993,8,2,2,0
161.862501,0,1,94,59,1531,99,245,51,0,2,993,8,3,2,0
161.866740,0,0,94,59,1531,99,245,51,0,2,993,8,3,2,0
161.871262,0,0,94,59,1531,99,245,51,0,2,993,8,3,2,0
161.882507,0,0,94,59,1531,99,245,51,0,2,993,8,3,2,0
161.892076,0,1,94,59,1531,99,245,51,0,2,994,9,3,2,0
162.148396,1,1,94,59,1526,98,245,51,0,2,806,9,2,3,0
162.161518,1,0,94,59,1526,99,245,51,0,2,806,9,2,3,0
162.171172,0,0,94,59,1526,99,245,51,0,2,806,9,2,3,0
162.175746,0,1,94,59,1526,99,245,51,1,2,806,9,2,3,0
162.180206,1,0,94,59,1526,98,245,51,1,2,806,9,2,3,0
162.192473,0,1,94,59,1526,98,245,51,1,2,806,9,1,3,0
162.196626,0,0,94,59,1526,98,245,51,1,2,806,9,1,3,0
162.203865,0,0,94,59,1526,98,245,51,1,2,806,9,1,3,0
162.208449,0,1,94,59,1526,98,245,51,1,2,807,9,1,3,0
162.212909,1,0,94,59,1526,99,245,51,1,2,807,9,1,3,0
162.223813,0,0,94,59,1526,99,245,51,1,2,807,9,1,3,0
162.233449,0,0,94,59,1526,99,245,51,1,2,807,9,1,3,0
162.237592,0,0,94,59,1526,99,245,51,1,2,807,9,1,3,0
162.242104,0,0,94,59,1526,99,245,51,1,2,807,9,1,3,0
162.254604,0,1,94,59,1526,99,245,51,1,2,807,9,2,3,0
162.264141,0,0,94,59,1526,99,245,51,1,2,807,9,2,3,0
162.268681,0,1,94,59,1526,99,245,51,0,2,807,9,2,3,0
162.272837,0,0,94,59,1526,99,245,51,0,2,807,9,2,3,0
162.285916,1,0,94,59,1526,99,245,50,0,2,807,9,2,3,0
162.295349,0,0,94,59,1526,99,245,50,0,2,807,9,2,3,0
162.299877,0,1,94,59,1526,99,245,50,1,2,807,9,2,3,0
162.302078,0,0,94,59,1526,99,245,50,1,2,807,9,2,3,0
162.315300,0,0,94,59,1526,99,245,50,1,2,807,9,2,3,0
162.319901,0,0,94,59,1526,99,245,50,1,2,807,9,2,3,0
162.327664,0,0,94,59,1526,99,245,50,1,2,807,9,2,3,0
162.332156,0,1,94,59,1526,99,245,50,1,2,808,9,2,3,0
162.336694,1,0,94,59,1526,99,245,51,1,2,808,9,2,3,0
162.348219,0,0,94,59,1526,99,245,51,1,2,808,9,2,3,0
162.357745,0,1,94,59,1526,99,245,51,0,2,808,9,2,3,0
162.361812,0,1,94,59,1526,99,245,51,0,2,807,9,2,3,0
162.365929,0,1,94,59,1526,99,245,51,0,2,807,9,2,2,0
162.378162,0,0,94,59,1526,99,245,51,0,2,807,9,2,2,0
162.388243,0,0,94,59,1526,99,245,51,0,2,807,9,2,2,0
162.392784,0,0,94,59,1526,99,245,51,0,2,807,9,2,2,0
162.396888,0,1,94,59,1526,99,245,51,0,2,807,9,2,3,0
162.409470,0,0,94,59,1526,99,245,51,0,2,807,9,2,3,0
162.413589,0,0,94,59,1526,99,245,51,0,2,807,9,2,3,0
162.420801,0,1,94,59,1526,99,245,51,0,2,808,9,2,3,0
162.425196,0,0,94,59,1526,99,245,51,0,2,808,9,2,3,0
162.439029,0,1,94,59,1526,99,245,51,0,2,808,9,2,2,0
162.443148,0,1,94,59,1526,99,245,51,1,2,808,9,2,2,0
162.451364,0,0,94,59,1526,99,245,51,1,2,808,9,2,2,0
162.455488,0,0,94,59,1526,99,245,51,1,2,808,9,2,2,0
162.459591,0,0,94,59,1526,99,245,51,1,2,808,9,2,2,0
162.471154,0,0,94,59,1526,99,245,51,1,2,808,9,2,2,0
162.475241,0,0,94,59,1526,99,245,51,1,2,808,9,2,2,0
162.482390,0,0,94,59,1526,99,245,51,1,2,808,9,2,2,0
162.486463,0,0,94,59,1526,99,245,51,1,2,808,9,2,2,0
162.490565,0,0,94,59,1526,99,245,51,1,2,808,9,2,2,0
162.502602,0,0,94,59,1526,99,245,51,1,2,808,9,2,2,0
162.512461,0,1,94,59,1526,99,245,51,0,2,808,9,2,2,0
162.517367,0,1,94,59,1526,99,245,51,0,2,808,9,2,3,0
162.521551,0,0,94,59,1526,99,245,51,0,2,808,9,2,3,0
162.533948,0,0,94,59,1526,99,245,51,0,2,808,9,2,3,0
162.543292,0,0,94,59,1526,99,245,51,0,2,808,9,2,3,0
162.548197,0,0,94,59,1526,99,245,51,0,2,808,9,2,3,0
162.552379,1,0,94,59,1526,99,245,50,0,2,808,9,2,3,0
162.564531,0,0,94,59,1526,99,245,50,0,2,808,9,2,3,0
162.574233,0,0,94,59,1526,99,245,50,0,2,808,9,2,3,0
162.578763,0,0,94,59,1526,99,245,50,0,2,808,9,2,3,0
162.583281,0,0,94,59,1526,99,245,50,0,2,808,9,2,3,0
162.595553,0,1,94,59,1526,99,245,50,1,2,808,9,2,3,0
162.605431,0,0,94,59,1526,99,245,50,1,2,808,9,2,3,0
162.874235,1,1,94,59,1528,99,245,51,0,2,853,8,2,2,0
162.884694,0,1,94,59,1528,99,245,51,0,2,853,8,2,3,0
162.889628,0,0,94,59,1528,99,245,51,0,2,853,8,2,3,0
162.894087,0,1,94,59,1528,99,245,51,0,2,853,9,2,3,0
162.905278,0,0,94,59,1528,99,245,51,0,2,853,9,2,3,0
162.915183,0,0,94,59,1528,99,245,51,0,2,853,9,2,3,0
162.920034,0,0,94,59,1528,99,245,51,0,2,853,9,2,3,0
162.924566,0,1,94,59,1528,99,245,51,0,2,852,9,2,3,0
162.936354,0,0,94,59,1528,99,245,51,0,2,852,9,2,3,0
162.940865,0,0,94,59,1528,99,245,51,0,2,852,9,2,3,0
162.947596,0,0,94,59,1528,99,245,51,0,2,852,9,2,3,0
162.952123,0,0,94,59,1528,99,245,51,0,2,852,9,2,3,0
162.956613,0,0,94,59,1528,99,245,51,0,2,852,9,2,3,0
162.967849,0,0,94,59,1528,99,245,51,0,2,852,9,2,3,0
162.977557,0,0,94,59,1528,99,245,51,0,2,852,9,2,3,0
162.982067,0,0,94,59,1528,99,245,51,0,2,852,9,2,3,0
162.986545,0,0,94,59,1528,99,245,51,0,2,852,9,2,3,0
162.998552,0,1,94,59,1528,99,245,51,0,2,852,9,3,3,0
163.002710,0,0,94,59,1528,99,245,51,0,2,852,9,3,3,0
163.009682,0,0,94,59,1528,99,245,51,0,2,852,9,3,3,0
163.013746,0,1,94,59,1528,99,245,51,0,2,851,9,3,3,0
163.017854,1,1,94,59,1528,98,245,51,0,2,851,9,2,3,0
163.029279,0,1,94,59,1528,98,245,51,0,2,851,9,2,2,0
163.031183,0,0,94,59,1528,98,245,51,0,2,851,9,2,2,0
163.040428,0,0,94,59,1528,98,245,51,0,2,851,9,2,2,0
163.044506,0,1,94,59,1528,98,245,51,1,2,852,9,2,2,0
163.048622,1,0,94,59,1528,97,245,51,1,2,852,9,2,2,0
163.061024,0,0,94,59,1528,97,245,51,1,2,852,9,2,2,0
163.070498,0,0,94,59,1528,97,245,51,1,2,852,9,2,2,0
163.074593,0,1,94,59,1528,97,245,51,1,2,851,9,2,2,0
163.079366,1,0,94,59,1528,99,245,51,1,2,851,9,2,2,0
163.091345,0,0,94,59,1528,99,245,51,1,2,851,9,2,2,0
163.095426,0,0,94,59,1528,99,245,51,1,2,851,9,2,2,0
163.102510,0,1,94,59,1528,99,245,51,0,2,851,9,2,2,0
163.106580,0,0,94,59,1528,99,245,51,0,2,851,9,2,2,0
163.110638,0,0,94,59,1528,99,245,51,0,2,851,9,2,2,0
163.122732,0,0,94,59,1528,99,245,51,0,2,851,9,2,2,0
163.132300,0,0,94,59,1528,99,245,51,0,2,851,9,2,2,0
163.137216,0,0,94,59,1528,99,245,51,0,2,851,9,2,2,0
163.142072,0,1,94,59,1528,99,245,51,0,2,851,9,2,3,0
163.153688,0,0,94,59,1528,99,245,51,0,2,851,9,2,3,0
163.163505,0,0,94,59,1528,99,245,51,0,2,851,9,2,3,0
163.167651,0,0,94,59,1528,99,245,51,0,2,851,9,2,3,0
163.172191,0,0,94,59,1528,99,245,51,0,2,851,9,2,3,0
163.184697,0,0,94,59,1528,99,245,51,0,2,851,9,2,3,0
163.194283,0,0,94,59,1528,99,245,51,0,2,851,9,2,3,0
163.198449,0,0,94,59,1528,99,245,51,0,2,851,9,2,3,0
163.202962,0,1,94,59,1528,99,245,51,0,2,851,9,2,2,0
163.216014,0,0,94,59,1528,99,245,51,0,2,851,9,2,2,0
163.226841,0,1,94,59,1528,99,245,51,0,2,852,9,2,2,0
163.231561,0,1,94,59,1528,99,245,51,0,2,852,9,2,3,0
163.235770,0,0,94,59,1528,99,245,51,0,2,852,9,2,3,0
163.246901,0,0,94,59,1528,99,245,51,0,2,852,9,2,3,0
163.256569,0,1,94,59,1528,99,245,51,1,2,851,9,2,3,0
163.261591,1,0,94,59,1528,99,245,50,1,2,851,9,2,3,0
163.266088,0,0,94,59,1528,99,245,50,1,2,851,9,2,3,0
163.277676,0,1,94,59,1528,99,245,50,0,2,851,9,2,3,0
163.287328,1,0,94,59,1527,99,245,50,0,2,851,9,2,3,0
163.292169,1,1,94,59,1527,99,245,51,0,2,851,9,2,2,0
163.297111,0,0,94,59,1527,99,245,51,0,2,851,9,2,2,0
163.308429,0,1,94,59,1527,99,245,51,1,2,851,9,2,2,0
163.318292,0,0,94,59,1527,99,245,51,1,2,851,9,2,2,0
163.322791,0,0,94,59,1527,99,245,51,1,2,851,9,2,2,0
163.326961,0,0,94,59,1527,99,245,51,1,2,851,9,2,2,0
163.339729,0,1,94,59,1527,99,245,51,0,2,851,9,2,2,0
163.599758,1,1,94,59,1538,99,245,51,0,1,1272,8,4,1,0
163.603945,0,1,94,59,1538,99,245,51,0,1,1246,8,4,1,371
163.617055,1,0,94,59,1534,98,245,51,0,1,1246,8,4,1,371
163.621188,0,0,94,59,1534,98,245,51,0,1,1246,8,4,1,371
163.629682,0,0,94,59,1534,98,245,51,0,1,1246,8,4,1,371
163.633674,0,0,94,59,1534,98,245,51,0,1,1246,8,4,1,297
163.637719,1,1,94,59,1539,98,245,51,0,1,1313,8,4,1,297
163.649338,0,0,94,59,1539,98,245,51,0,1,1313,8,4,1,297
163.653458,0,0,94,59,1539,98,245,51,0,1,1313,8,4,1,297
163.660530,0,0,94,59,1539,98,245,51,0,1,1313,8,4,1,297
163.664994,0,1,94,59,1539,98,245,51,0,1,1315,8,4,1,297
163.669907,0,0,94,59,1539,98,245,51,0,1,1315,8,4,1,297
163.680922,0,0,94,59,1539,98,245,51,0,1,1315,8,4,1,297
163.690308,0,0,94,59,1539,98,245,51,0,1,1315,8,4,1,297
163.694897,0,1,94,59,1539,98,245,51,0,1,1314,8,4,1,299
163.699955,1,1,94,59,1539,99,245,51,0,1,1314,8,3,1,299
163.711973,0,0,94,59,1539,99,245,51,0,1,1314,8,3,1,299
163.721720,0,0,94,59,1539,99,245,51,0,1,1314,8,3,1,299
163.726247,0,1,94,59,1539,99,245,51,0,1,1313,8,3,1,294
163.730436,1,1,94,59,1539,98,245,51,0,1,1313,8,4,1,294
163.742406,0,0,94,59,1539,98,245,51,0,1,1313,8,4,1,294
163.746564,0,0,94,59,1539,98,245,51,0,1,1313,8,4,1,294
163.753501,0,0,94,59,1539,98,245,51,0,1,1313,8,4,1,294
163.758021,0,1,94,59,1539,98,245,51,0,1,1312,9,4,1,293
163.762548,1,0,94,59,1539,98,245,50,0,1,1312,9,4,1,293
163.773527,0,0,94,59,1539,98,245,50,0,1,1312,9,4,1,293
163.783394,0,0,94,59,1539,98,245,50,0,1,1312,9,4,1,293
163.787590,0,0,94,59,1539,98,245,50,0,1,1312,9,4,1,293
163.791777,0,0,94,59,1539,98,245,50,0,1,1312,9,4,1,293
163.803266,0,0,94,59,1539,98,245,50,0,1,1312,9,4,1,293
163.807436,0,0,94,59,1539,98,245,50,0,1,1312,9,4,1,293
163.815799,0,0,94,59,1539,98,245,50,0,1,1312,9,4,1,293
163.820645,1,1,94,59,1539,99,245,50,0,1,1311,9,4,1,292
163.824824,0,0,94,59,1539,99,245,50,0,1,1311,9,4,1,292
163.835934,0,0,94,59,1539,99,245,50,0,1,1311,9,4,1,292
163.845395,0,0,94,59,1539,99,245,50,0,1,1311,9,4,1,292
163.849671,0,1,94,59,1539,99,245,50,0,1,1311,8,4,1,297
163.854169,1,0,94,59,1539,99,245,51,0,1,1311,8,4,1,297
163.866437,0,0,94,59,1539,99,245,51,0,1,1311,8,4,1,297
163.870650,0,0,94,59,1539,99,245,51,0,1,1311,8,4,1,297
163.877692,0,0,94,59,1539,99,245,51,0,1,1311,8,4,1,293
163.882185,0,1,94,59,1539,99,245,51,0,1,1311,8,3,0,293
163.886363,0,0,94,59,1539,99,245,51,0,1,1311,8,3,0,293
163.897425,0,0,94,59,1539,99,245,51,0,1,1311,8,3,0,293
163.907636,0,0,94,59,1539,99,245,51,0,1,1311,8,3,0,293
163.912059,0,1,94,59,1539,99,245,51,0,1,1311,9,3,0,293
163.916207,0,0,94,59,1539,99,245,51,0,1,1311,9,3,0,293
163.928789,0,0,94,59,1539,99,245,51,0,1,1311,9,3,0,293
163.938314,0,0,94,59,1539,99,245,51,0,1,1311,9,3,0,296
163.942819,0,1,94,59,1539,99,245,51,0,1,1311,9,4,1,296
163.947650,0,0,94,59,1539,99,245,51,0,1,1311,9,4,1,296
163.959802,0,0,94,59,1539,99,245,51,0,1,1311,9,4,1,296
163.969308,0,0,94,59,1539,99,245,51,0,1,1311,9,4,1,297
163.973498,0,1,94,59,1539,99,245,51,0,1,1311,8,4,1,297
163.977697,0,0,94,59,1539,99,245,51,0,1,1311,8,4,1,297
163.990714,0,0,94,59,1539,99,245,51,0,1,1311,8,4,1,297
164.000641,0,0,94,59,1539,99,245,51,0,1,1311,8,4,1,298
164.005169,0,0,94,59,1539,99,245,51,0,1,1311,8,4,1,298
164.009732,0,0,94,59,1539,99,245,51,0,1,1311,8,4,1,298
164.021764,0,0,94,59,1539,99,245,51,0,1,1311,8,4,1,298
164.031370,0,1,94,59,1539,99,245,51,0,1,1310,8,4,1,297
164.036202,0,0,94,59,1539,99,245,51,0,1,1310,8,4,1,297
164.040735,0,0,94,59,1539,99,245,51,0,1,1310,8,4,1,297
164.052509,0,0,94,59,1539,99,245,51,0,1,1310,8,4,1,297
164.056994,0,0,94,59,1539,99,245,51,0,1,1310,8,4,1,295
164.064061,0,0,94,59,1539,99,245,51,0,1,1310,8,4,1,295
164.068541,0,0,94,59,1539,99,245,51,0,1,1310,8,4,1,295
164.072718,0,0,94,59,1539,99,245,51,0,1,1310,8,4,1,295
164.083606,0,0,94,59,1539,99,245,51,0,1,1310,8,4,1,295
164.088076,0,1,94,59,1539,99,245,51,0,1,1310,8,3,1,294
164.095180,0,1,94,59,1539,99,245,51,0,1,1310,8,3,0,294
164.364070,1,1,94,59,1528,99,245,50,0,2,1098,9,3,1,0
164.374615,0,0,94,59,1528,99,245,50,0,2,1098,9,3,1,0
164.380305,0,1,94,59,1528,99,245,50,0,2,1096,9,3,1,0
164.394676,0,1,94,59,1528,99,245,50,0,2,1096,9,3,2,0
164.404010,0,0,94,59,1528,99,245,50,0,2,1096,9,3,2,0
164.408528,0,0,94,59,1528,99,245,50,0,2,1096,9,3,2,0
164.413104,0,0,94,59,1528,99,245,50,0,2,1096,9,3,2,0
164.424577,1,0,94,59,1528,99,245,51,0,2,1096,9,3,2,0
164.434477,0,0,94,59,1528,99,245,51,0,2,1096,9,3,2,0
164.438620,0,0,94,59,1528,99,245,51,0,2,1096,9,3,2,0
164.443465,0,0,94,59,1528,99,245,51,0,2,1096,9,3,2,0
164.455540,0,0,94,59,1528,99,245,51,0,2,1096,9,3,2,0
164.465832,0,0,94,59,1528,99,245,51,0,2,1096,9,3,2,0
164.470990,0,1,94,59,1528,99,245,51,0,2,1095,9,3,2,0
164.485583,0,0,94,59,1528,99,245,51,0,2,1095,9,3,2,0
164.491493,0,0,94,59,1528,99,245,51,0,2,1095,9,3,2,0
164.498811,0,1,94,59,1528,99,245,51,0,1,1095,9,3,2,0
164.503354,0,0,94,59,1528,99,245,51,0,1,1095,9,3,2,0
164.516702,1,0,94,59,1528,99,245,50,0,1,1095,9,3,2,0
164.519215,0,0,94,59,1528,99,245,50,0,1,1095,9,3,2,0
164.528650,0,0,94,59,1528,99,245,50,0,1,1095,9,3,2,0
164.532817,0,0,94,59,1528,99,245,50,0,1,1095,9,3,2,0
164.537334,0,0,94,59,1528,99,245,50,0,1,1095,9,3,2,0
164.549323,0,0,94,59,1528,99,245,50,0,1,1095,9,3,2,0
164.558956,0,0,94,59,1528,99,245,50,0,1,1095,9,3,2,0
164.563442,1,0,94,59,1529,99,245,50,0,1,1095,9,3,2,0
164.567936,0,0,94,59,1529,99,245,50,0,1,1095,9,3,2,0
164.579872,0,0,94,59,1529,99,245,50,0,1,1095,9,3,2,0
164.589488,0,0,94,59,1529,99,245,50,0,1,1095,9,3,2,0
164.593584,0,1,94,59,1529,99,245,50,0,2,1093,9,3,2,0
164.598734,1,0,94,59,1529,99,245,51,0,2,1093,9,3,2,0
164.611977,0,0,94,59,1529,99,245,51,0,2,1093,9,3,2,0
164.622293,0,1,94,59,1529,99,245,51,0,2,1092,9,3,2,0
164.628361,0,0,94,59,1529,99,245,51,0,2,1092,9,3,2,0
164.642398,0,0,94,59,1529,99,245,51,0,2,1092,9,3,2,0
164.652090,0,0,94,59,1529,99,245,51,0,2,1092,9,3,2,0
164.656677,0,1,94,59,1529,99,245,51,0,2,1092,9,2,2,0
164.661157,0,0,94,59,1529,99,245,51,0,2,1092,9,2,2,0
164.672838,0,0,94,59,1529,99,245,51,0,2,1092,9,2,2,0
164.682459,0,0,94,59,1529,99,245,51,0,2,1092,9,2,2,0
164.686931,1,1,94,59,1529,100,245,51,0,2,1092,9,3,2,0
164.691133,0,0,94,59,1529,100,245,51,0,2,1092,9,3,2,0
164.704187,0,0,94,59,1529,100,245,51,0,2,1092,9,3,2,0
164.713539,0,0,94,59,1529,100,245,51,0,2,1092,9,3,2,0
164.717738,1,0,94,59,1529,98,245,51,0,2,1092,9,3,2,0
164.721897,0,0,94,59,1529,98,245,51,0,2,1092,9,3,2,0
164.735087,0,0,94,59,1529,98,245,51,0,2,1092,9,3,2,0
164.744864,0,1,94,59,1529,98,245,51,0,2,1091,9,3,2,0
164.749360,0,0,94,59,1529,98,245,51,0,2,1091,9,3,2,0
164.753894,0,0,94,59,1529,98,245,51,0,2,1091,9,3,2,0
164.765871,0,0,94,59,1529,98,245,51,0,2,1091,9,3,2,0
164.775490,0,0,94,59,1529,98,245,51,0,2,1091,9,3,2,0
164.779667,0,0,94,59,1529,98,245,51,0,2,1091,9,3,2,0
164.784514,0,0,94,59,1529,98,245,51,0,2,1091,9,3,2,0
164.796622,0,0,94,59,1529,98,245,51,0,2,1091,9,3,2,0
164.806485,1,0,94,59,1529,99,245,51,0,2,1091,9,3,2,0
164.810693,0,0,94,59,1529,99,245,51,0,2,1091,9,3,2,0
164.815220,0,0,94,59,1529,99,245,51,0,2,1091,9,3,2,0
165.080249,1,1,94,59,1535,99,245,50,0,1,1174,9,4,1,0
165.088306,0,0,94,59,1535,99,245,50,0,1,1174,9,4,1,0
165.093177,0,1,94,59,1535,99,245,50,0,2,1173,9,4,1,144
165.106165,1,1,94,59,1534,98,245,50,0,2,1173,8,4,2,144
165.110410,0,0,94,59,1534,98,245,50,0,2,1173,8,4,2,144
165.118015,0,0,94,59,1534,98,245,50,0,2,1173,8,4,2,144
165.122602,0,1,94,59,1534,98,245,50,0,1,1237,8,4,2,352
165.126819,1,0,94,59,1538,99,245,50,0,1,1237,8,4,2,352
165.138109,1,1,94,59,1538,99,245,51,0,1,1237,8,4,1,352
165.147506,0,0,94,59,1538,99,245,51,0,1,1237,8,4,1,352
165.152402,0,1,94,59,1538,99,245,51,0,1,1243,8,4,1,0
165.156897,1,0,94,59,1538,98,245,51,0,1,1243,8,4,1,0
165.168753,0,0,94,59,1538,98,245,51,0,1,1243,8,4,1,0
165.173207,0,0,94,59,1538,98,245,51,0,1,1243,8,4,1,0
165.179935,0,1,94,59,1538,98,245,51,0,2,1243,8,4,1,0
165.184106,1,1,94,59,1534,98,245,51,0,2,1229,8,4,1,365
165.188205,1,0,94,59,1534,98,245,50,0,2,1229,8,4,1,365
165.200007,0,0,94,59,1534,98,245,50,0,2,1229,8,4,1,365
165.209859,0,0,94,59,1534,98,245,50,0,2,1229,8,4,1,365
165.214048,1,1,94,59,1539,99,245,50,0,1,1278,8,4,1,302
165.218579,0,0,94,59,1539,99,245,50,0,1,1278,8,4,1,302
165.231321,0,0,94,59,1539,99,245,50,0,1,1278,8,4,1,302
165.240862,0,0,94,59,1539,99,245,50,0,1,1278,8,4,1,302
165.245375,0,1,94,59,1539,99,245,50,0,1,1281,8,4,1,300
165.250261,1,1,94,59,1539,99,245,51,0,1,1281,8,4,0,300
165.262316,0,0,94,59,1539,99,245,51,0,1,1281,8,4,0,300
165.271612,0,0,94,59,1539,99,245,51,0,1,1281,8,4,0,300
165.275805,0,1,94,59,1539,99,245,51,0,2,1280,8,4,0,303
165.280283,0,1,94,59,1539,99,245,51,0,2,1280,8,4,1,303
165.293432,0,0,94,59,1539,99,245,51,0,2,1280,8,4,1,303
165.303405,0,1,94,59,1539,99,245,51,0,1,1280,8,4,1,308
165.307902,0,1,94,59,1539,99,245,51,0,1,1280,8,3,1,308
165.312094,0,0,94,59,1539,99,245,51,0,1,1280,8,3,1,308
165.323985,0,0,94,59,1539,99,245,51,0,1,1280,8,3,1,308
165.333624,0,0,94,59,1539,99,245,51,0,1,1280,8,3,1,303
165.338412,0,0,94,59,1539,99,245,51,0,1,1280,8,3,1,303
165.342901,0,0,94,59,1539,99,245,51,0,1,1280,8,3,1,303
165.355360,0,0,94,59,1539,99,245,51,0,1,1280,8,3,1,303
165.364759,0,1,94,59,1539,99,245,51,0,1,1280,9,3,1,300
165.367306,0,0,94,59,1539,99,245,51,0,1,1280,9,3,1,300
165.372120,0,0,94,59,1539,99,245,51,0,1,1280,9,3,1,300
165.385049,0,0,94,59,1539,99,245,51,0,1,1280,9,3,1,300
165.389513,0,0,94,59,1539,99,245,51,0,1,1280,9,3,1,300
165.397120,0,1,94,59,1539,99,245,51,0,1,1280,8,3,1,301
165.401250,0,0,94,59,1539,99,245,51,0,1,1280,8,3,1,301
165.405448,0,0,94,59,1539,99,245,51,0,1,1280,8,3,1,301
165.417371,0,0,94,59,1539,99,245,51,0,1,1280,8,3,1,301
165.426810,0,0,94,59,1539,99,245,51,0,1,1280,8,3,1,301
165.430971,0,0,94,59,1539,99,245,51,0,1,1280,8,3,1,301
165.435214,0,0,94,59,1539,99,245,51,0,1,1280,8,3,1,301
165.447677,0,0,94,59,1539,99,245,51,0,1,1280,8,3,1,301
165.451839,0,0,94,59,1539,99,245,51,0,1,1280,8,3,1,303
165.459616,0,1,94,59,1539,99,245,51,0,1,1280,8,4,1,303
165.464096,1,0,94,59,1539,99,245,50,0,1,1280,8,4,1,303
165.477528,0,0,94,59,1539,99,245,50,0,1,1280,8,4,1,303
165.481690,0,1,94,59,1539,99,245,50,0,1,1280,9,3,1,302
165.490318,0,0,94,59,1539,99,245,50,0,1,1280,9,3,1,302
165.494854,0,0,94,59,1539,99,245,50,0,1,1280,9,3,1,302
165.508400,0,0,94,59,1539,99,245,50,0,1,1280,9,3,1,302
165.512571,0,1,94,59,1539,99,245,50,0,1,1280,8,3,1,304
165.520801,0,0,94,59,1539,99,245,50,0,1,1280,8,3,1,304
165.524834,0,0,94,59,1539,99,245,50,0,1,1280,8,3,1,304
165.528892,0,0,94,59,1539,99,245,50,0,1,1280,8,3,1,304
165.540997,0,1,94,59,1539,99,245,50,0,1,1279,8,3,1,304
165.545149,1,1,94,59,1539,99,245,51,0,1,1279,8,4,1,304
165.552108,0,0,94,59,1539,99,245,51,0,1,1279,8,4,1,304
165.556199,0,0,94,59,1539,99,245,51,0,1,1279,8,4,1,304
165.560266,0,0,94,59,1539,99,245,51,0,1,1279,8,4,1,304
165.571643,0,0,94,59,1539,99,245,51,0,1,1279,8,4,1,301
165.575665,0,0,94,59,1539,99,245,51,0,1,1279,8,4,1,301
165.583050,0,0,94,59,1539,99,245,51,0,1,1279,8,4,1,301
165.587182,0,0,94,59,1539,99,245,51,0,1,1279,8,4,1,301
165.591721,0,0,94,59,1539,99,245,51,0,1,1279,8,4,1,301
165.603124,0,1,94,59,1539,99,245,51,0,1,1279,9,4,1,303
165.612697,1,0,94,59,1539,99,245,50,0,1,1279,9,4,1,303
165.616908,0,0,94,59,1539,99,245,50,0,1,1279,9,4,1,303
165.621409,0,0,94,59,1539,99,245,50,0,1,1279,9,4,1,306
165.634364,0,1,94,59,1539,99,245,50,0,1,1279,8,4,1,306
165.643806,0,0,94,59,1539,99,245,50,0,1,1279,8,4,1,306
165.647959,0,0,94,59,1539,99,245,50,0,1,1279,8,4,1,306
165.652181,0,0,94,59,1539,99,245,50,0,1,1279,8,4,1,304
165.665068,0,0,94,59,1539,99,245,50,0,1,1279,8,4,1,304
165.931164,1,1,94,59,1529,99,245,50,0,2,1055,9,3,2,0
165.944841,0,0,94,59,1529,99,245,50,0,2,1055,9,3,2,0
165.954526,0,1,94,59,1529,99,245,50,0,2,1054,9,3,2,0
165.959415,0,0,94,59,1529,99,245,50,0,2,1054,9,3,2,0
165.963990,0,0,94,59,1529,99,245,50,0,2,1054,9,3,2,0
165.975198,0,0,94,59,1529,99,245,50,0,2,1054,9,3,2,0
165.984619,0,0,94,59,1529,99,245,50,0,2,1054,9,3,2,0
165.989091,0,1,94,59,1529,99,245,50,0,2,1054,9,4,2,0
165.993624,0,0,94,59,1529,99,245,50,0,2,1054,9,4,2,0
166.006046,0,0,94,59,1529,99,245,50,0,2,1054,9,4,2,0
166.015678,0,1,94,59,1529,99,245,50,0,2,1053,9,4,2,0
166.019859,0,1,94,59,1529,99,245,50,0,2,1053,9,3,2,0
166.024670,0,0,94,59,1529,99,245,50,0,2,1053,9,3,2,0
166.037118,0,0,94,59,1529,99,245,50,0,2,1053,9,3,2,0
166.046913,0,0,94,59,1529,99,245,50,0,2,1053,9,3,2,0
166.051774,0,0,94,59,1529,99,245,50,0,2,1053,9,3,2,0
166.056591,0,0,94,59,1529,99,245,50,0,2,1053,9,3,2,0
166.067827,0,0,94,59,1529,99,245,50,0,2,1053,9,3,2,0
166.072337,0,0,94,59,1529,99,245,50,0,2,1053,9,3,2,0
166.079698,0,1,94,59,1529,99,245,50,0,2,1053,9,4,2,0
166.084127,1,0,94,59,1529,99,245,51,0,2,1053,9,4,2,0
166.086009,0,0,94,59,1529,99,245,51,0,2,1053,9,4,2,0
166.099050,0,1,94,59,1529,99,245,51,1,2,1052,9,4,2,0
166.103047,0,1,94,59,1529,99,245,51,1,2,1052,9,3,2,0
166.110321,0,0,94,59,1529,99,245,51,1,2,1052,9,3,2,0
166.114818,0,0,94,59,1529,99,245,51,1,2,1052,9,3,2,0
166.118878,0,1,94,59,1529,99,245,51,0,2,1052,9,3,2,0
166.129773,0,0,94,59,1529,99,245,51,0,2,1052,9,3,2,0
166.133886,1,1,94,59,1528,99,245,51,0,2,1052,9,4,2,0
166.141063,0,0,94,59,1528,99,245,51,0,2,1052,9,4,2,0
166.145201,0,0,94,59,1528,99,245,51,0,2,1052,9,4,2,0
166.149265,0,0,94,59,1528,99,245,51,0,2,1052,9,4,2,0
166.161019,0,0,94,59,1528,99,245,51,0,2,1052,9,4,2,0
166.165191,0,1,94,59,1528,99,245,51,0,2,1052,9,3,2,0
166.172099,0,0,94,59,1528,99,245,51,0,2,1052,9,3,2,0
166.176176,0,0,94,59,1528,99,245,51,0,2,1052,9,3,2,0
166.180672,0,1,94,59,1528,99,245,51,1,2,1052,9,3,2,0
166.192433,0,0,94,59,1528,99,245,51,1,2,1052,9,3,2,0
166.201863,0,1,94,59,1528,99,245,51,1,2,1052,9,4,2,0
166.205982,0,0,94,59,1528,99,245,51,1,2,1052,9,4,2,0
166.210119,0,1,94,59,1528,99,245,51,0,2,1052,9,4,2,0
166.222792,0,1,94,59,1528,99,245,51,0,2,1052,9,3,2,0
166.233150,0,0,94,59,1528,99,245,51,0,2,1052,9,3,2,0
166.239067,0,0,94,59,1528,99,245,51,0,2,1052,9,3,2,0
166.253079,0,1,94,59,1528,99,245,51,0,1,1052,9,3,2,0
166.263836,0,0,94,59,1528,99,245,51,0,1,1052,9,3,2,0
166.268004,0,0,94,59,1528,99,245,51,0,1,1052,9,3,2,0
166.272503,0,1,94,59,1528,99,245,51,0,1,1051,9,3,2,0
166.285099,0,0,94,59,1528,99,245,51,0,1,1051,9,3,2,0
166.294685,0,0,94,59,1528,99,245,51,0,1,1051,9,3,2,0
166.299963,0,1,94,59,1528,99,245,51,0,2,1051,9,3,2,0
166.304123,0,0,94,59,1528,99,245,51,0,2,1051,9,3,2,0
166.316105,0,0,94,59,1528,99,245,51,0,2,1051,9,3,2,0
166.325997,1,0,94,59,1528,99,245,50,0,2,1051,9,3,2,0
166.330514,0,1,94,59,1528,99,245,50,0,1,1051,9,3,2,0
166.335103,0,1,94,59,1528,99,245,50,0,1,1052,9,3,2,0
166.347512,0,0,94,59,1528,99,245,50,0,1,1052,9,3,2,0
166.356847,0,0,94,59,1528,99,245,50,0,1,1052,9,3,2,0
166.361338,0,1,94,59,1528,99,245,50,0,2,1052,9,3,2,0
166.365917,0,1,94,59,1528,99,245,50,0,2,1051,9,3,2,0
166.377800,0,0,94,59,1528,99,245,50,0,2,1051,9,3,2,0
166.382298,0,0,94,59,1528,99,245,50,0,2,1051,9,3,2,0
166.641116,1,0,94,59,1528,100,245,51,0,2,1051,9,3,2,0
166.645704,0,0,94,59,1528,100,245,51,0,2,1051,9,3,2,0
166.657611,0,0,94,59,1528,100,245,51,0,2,1051,9,3,2,0
166.667013,1,0,94,59,1528,99,245,51,0,2,1051,9,3,2,0
166.671207,0,0,94,59,1528,99,245,51,0,2,1051,9,3,2,0
166.675418,0,0,94,59,1528,99,245,51,0,2,1051,9,3,2,0
166.688283,0,0,94,59,1528,99,245,51,0,2,1051,9,3,2,0
166.698025,1,1,94,59,1528,98,245,51,0,2,1052,9,3,2,0
166.702870,0,0,94,59,1528,98,245,51,0,2,1052,9,3,2,0
166.707076,0,0,94,59,1528,98,245,51,0,2,1052,9,3,2,0
166.718815,0,0,94,59,1528,98,245,51,0,2,1052,9,3,2,0
166.722947,0,1,94,59,1528,98,245,51,0,2,1051,9,3,2,0
166.729989,1,0,94,59,1528,98,245,50,0,2,1051,9,3,2,0
166.734390,0,0,94,59,1528,98,245,50,0,2,1051,9,3,2,0
166.738480,0,0,94,59,1528,98,245,50,0,2,1051,9,3,2,0
166.749800,0,1,94,59,1528,98,245,50,0,1,1051,9,3,2,0
166.753879,1,0,94,59,1528,99,245,50,0,1,1051,9,3,2,0
166.760956,0,0,94,59,1528,99,245,50,0,1,1051,9,3,2,0
166.765068,0,0,94,59,1528,99,245,50,0,1,1051,9,3,2,0
166.769112,0,0,94,59,1528,99,245,50,0,1,1051,9,3,2,0
166.780832,0,1,94,59,1528,99,245,50,0,2,1051,9,3,2,0
166.784996,0,0,94,59,1528,99,245,50,0,2,1051,9,3,2,0
166.792545,0,0,94,59,1528,99,245,50,0,2,1051,9,3,2,0
166.794451,0,0,94,59,1528,99,245,50,0,2,1051,9,3,2,0
166.798559,0,0,94,59,1528,99,245,50,0,2,1051,9,3,2,0
166.811886,0,1,94,59,1528,99,245,50,0,1,1051,9,3,2,0
166.815966,0,0,94,59,1528,99,245,50,0,1,1051,9,3,2,0
166.823723,1,0,94,59,1528,99,245,51,0,1,1051,9,3,2,0
166.827818,0,0,94,59,1528,99,245,51,0,1,1051,9,3,2,0
166.831930,0,1,94,59,1528,99,245,51,0,2,1051,9,3,2,0
166.842790,0,1,94,59,1528,99,245,51,0,2,1051,9,4,2,0
166.847296,0,0,94,59,1528,99,245,51,0,2,1051,9,4,2,0
166.854643,0,0,94,59,1528,99,245,51,0,2,1051,9,4,2,0
166.859126,0,0,94,59,1528,99,245,51,0,2,1051,9,4,2,0
166.872624,0,0,94,59,1528,99,245,51,0,2,1051,9,4,2,0
166.877441,0,1,94,59,1528,99,245,51,0,2,1051,9,3,2,0
166.885436,0,0,94,59,1528,99,245,51,0,2,1051,9,3,2,0
166.890290,0,0,94,59,1528,99,245,51,0,2,1051,9,3,2,0
166.903717,0,0,94,59,1528,99,245,51,0,2,1051,9,3,2,0
166.908245,0,0,94,59,1528,99,245,51,0,2,1051,9,3,2,0
166.916724,0,0,94,59,1528,99,245,51,0,2,1051,9,3,2,0
166.921200,0,1,94,59,1528,99,245,51,1,2,1051,9,3,2,0
166.934674,0,0,94,59,1528,99,245,51,1,2,1051,9,3,2,0
166.939162,0,0,94,59,1528,99,245,51,1,2,1051,9,3,2,0
166.947450,0,0,94,59,1528,99,245,51,1,2,1051,9,3,2,0
166.952034,0,1,94,59,1528,99,245,51,0,2,1051,9,3,2,0
166.965651,0,0,94,59,1528,99,245,51,0,2,1051,9,3,2,0
166.970186,0,0,94,59,1528,99,245,51,0,2,1051,9,3,2,0
166.978692,0,0,94,59,1528,99,245,51,0,2,1051,9,3,2,0
166.983233,0,1,94,59,1528,99,245,51,0,1,1051,9,3,2,0
166.996663,0,0,94,59,1528,99,245,51,0,1,1051,9,3,2,0
167.001208,0,0,94,59,1528,99,245,51,0,1,1051,9,3,2,0
167.009016,0,0,94,59,1528,99,245,51,0,1,1051,9,3,2,0
167.013501,0,1,94,59,1528,99,245,51,1,2,1051,9,3,2,0
167.017668,0,0,94,59,1528,99,245,51,1,2,1051,9,3,2,0
167.029241,0,0,94,59,1528,99,245,51,1,2,1051,9,3,2,0
167.038820,0,0,94,59,1528,99,245,51,1,2,1051,9,3,2,0
167.043041,0,1,94,59,1528,99,245,51,0,2,1051,9,3,2,0
167.047542,1,1,94,59,1528,100,245,51,0,2,1051,10,3,2,0
167.059913,0,0,94,59,1528,100,245,51,0,2,1051,10,3,2,0
167.064413,0,0,94,59,1528,100,245,51,0,2,1051,10,3,2,0
167.071447,0,1,94,59,1528,100,245,51,1,2,1051,10,3,2,0
167.076305,0,0,94,59,1528,100,245,51,1,2,1051,10,3,2,0
167.089612,1,1,94,59,1528,99,245,51,1,2,1050,9,3,2,0
167.094142,0,0,94,59,1528,99,245,51,1,2,1050,9,3,2,0
167.357310,1,1,94,59,1529,98,245,50,0,2,1060,9,3,2,0
167.370272,0,0,94,59,1529,98,245,50,0,2,1060,9,3,2,0
167.380113,0,0,94,59,1529,98,245,50,0,2,1060,9,3,2,0
167.384868,1,0,94,59,1529,99,245,50,0,2,1060,9,3,2,0
167.389865,0,0,94,59,1529,99,245,50,0,2,1060,9,3,2,0
167.401782,0,0,94,59,1529,99,245,50,0,2,1060,9,3,2,0
167.411905,0,0,94,59,1529,99,245,50,0,2,1060,9,3,2,0
167.416458,0,0,94,59,1529,99,245,50,0,2,1060,9,3,2,0
167.420604,0,0,94,59,1529,99,245,50,0,2,1060,9,3,2,0
167.432225,0,1,94,59,1529,99,245,50,1,2,1060,9,3,2,0
167.436394,0,0,94,59,1529,99,245,50,1,2,1060,9,3,2,0
167.443574,0,0,94,59,1529,99,245,50,1,2,1060,9,3,2,0
167.448132,1,0,94,59,1529,99,245,51,1,2,1060,9,3,2,0
167.452251,0,0,94,59,1529,99,245,51,1,2,1060,9,3,2,0
167.463036,0,1,94,59,1529,99,245,51,0,2,1060,9,3,2,0
167.467130,0,0,94,59,1529,99,245,51,0,2,1060,9,3,2,0
167.474147,0,0,94,59,1529,99,245,51,0,2,1060,9,3,2,0
167.478248,0,0,94,59,1529,99,245,51,0,2,1060,9,3,2,0
167.482759,0,0,94,59,1529,99,245,51,0,2,1060,9,3,2,0
167.493872,0,0,94,59,1529,99,245,51,0,2,1060,9,3,2,0
167.497961,0,1,94,59,1529,99,245,51,0,1,1059,9,3,2,0
167.505871,0,0,94,59,1529,99,245,51,0,1,1059,9,3,2,0
167.510109,0,0,94,59,1529,99,245,51,0,1,1059,9,3,2,0
167.511989,0,0,94,59,1529,99,245,51,0,1,1059,9,3,2,0
167.525840,0,1,94,59,1529,99,245,51,0,2,1059,9,3,2,0
167.535777,0,0,94,59,1529,99,245,51,0,2,1059,9,3,2,0
167.539924,0,0,94,59,1529,99,245,51,0,2,1059,9,3,2,0
167.544065,0,0,94,59,1529,99,245,51,0,2,1059,9,3,2,0
167.555928,0,0,94,59,1529,99,245,51,0,2,1059,9,3,2,0
167.560162,0,1,94,59,1529,99,245,51,0,2,1060,9,3,2,0
167.567214,1,0,94,59,1529,99,245,50,0,2,1060,9,3,2,0
167.571314,0,0,94,59,1529,99,245,50,0,2,1060,9,3,2,0
167.575448,0,0,94,59,1529,99,245,50,0,2,1060,9,3,2,0
167.587623,0,0,94,59,1529,99,245,50,0,2,1060,9,3,2,0
167.597117,0,0,94,59,1529,99,245,50,0,2,1060,9,3,2,0
167.602014,0,0,94,59,1529,99,245,50,0,2,1060,9,3,2,0
167.606551,0,0,94,59,1529,99,245,50,0,2,1060,9,3,2,0
167.618431,0,1,94,59,1529,99,245,50,0,2,1059,9,3,2,0
167.628223,0,0,94,59,1529,99,245,50,0,2,1059,9,3,2,0
167.632763,0,0,94,59,1529,99,245,50,0,2,1059,9,3,2,0
167.637255,0,1,94,59,1529,99,245,50,1,2,1059,9,3,2,0
167.648947,0,1,94,59,1529,99,245,50,1,2,1060,9,3,2,0
167.658888,1,0,94,59,1529,99,245,51,1,2,1060,9,3,2,0
167.663096,0,0,94,59,1529,99,245,51,1,2,1060,9,3,2,0
167.667698,0,1,94,59,1529,99,245,51,1,1,1060,9,3,2,0
167.680692,0,1,94,59,1529,99,245,51,1,1,1059,9,3,2,0
167.690214,0,0,94,59,1529,99,245,51,1,1,1059,9,3,2,0
167.694751,0,1,94,59,1529,99,245,51,0,1,1059,9,3,2,0
167.699276,0,0,94,59,1529,99,245,51,0,1,1059,9,3,2,0
167.711342,0,1,94,59,1529,99,245,51,0,1,1059,9,2,2,0
167.721302,0,0,94,59,1529,99,245,51,0,1,1059,9,2,2,0
167.725551,0,1,94,59,1529,99,245,51,1,1,1059,9,2,2,0
167.729756,0,0,94,59,1529,99,245,51,1,1,1059,9,2,2,0
167.742711,0,1,94,59,1529,99,245,51,1,1,1059,9,3,2,0
167.752064,0,0,94,59,1529,99,245,51,1,1,1059,9,3,2,0
167.756196,0,1,94,59,1529,99,245,51,0,2,1059,9,3,2,0
167.760748,0,0,94,59,1529,99,245,51,0,2,1059,9,3,2,0
167.773118,0,0,94,59,1529,99,245,51,0,2,1059,9,3,2,0
167.782928,0,0,94,59,1529,99,245,51,0,2,1059,9,3,2,0
167.787419,0,1,94,59,1529,99,245,51,1,2,1059,9,3,2,0
167.791898,0,0,94,59,1529,99,245,51,1,2,1059,9,3,2,0
167.804610,0,0,94,59,1529,99,245,51,1,2,1059,9,3,2,0
167.814304,0,0,94,59,1529,99,245,51,1,2,1059,9,3,2,0
168.070538,0,1,94,59,1529,99,245,51,0,2,1059,9,3,2,0
168.082982,0,0,94,59,1529,99,245,51,0,2,1059,9,3,2,0
168.087431,0,1,94,59,1529,99,245,51,0,2,1058,9,3,2,0
168.095040,0,0,94,59,1529,99,245,51,0,2,1058,9,3,2,0
168.099227,0,0,94,59,1529,99,245,51,0,2,1058,9,3,2,0
168.103328,0,0,94,59,1529,99,245,51,0,2,1058,9,3,2,0
168.114196,0,0,94,59,1529,99,245,51,0,2,1058,9,3,2,0
168.118290,0,0,94,59,1529,99,245,51,0,2,1058,9,3,2,0
168.125687,0,0,94,59,1529,99,245,51,0,2,1058,9,3,2,0
168.129753,0,0,94,59,1529,99,245,51,0,2,1058,9,3,2,0
168.133808,0,0,94,59,1529,99,245,51,0,2,1058,9,3,2,0
168.144966,0,0,94,59,1529,99,245,51,0,2,1058,9,3,2,0
168.149099,0,1,94,59,1529,99,245,51,0,2,1057,9,3,2,0
168.156884,0,0,94,59,1529,99,245,51,0,2,1057,9,3,2,0
168.161099,0,0,94,59,1529,99,245,51,0,2,1057,9,3,2,0
168.174887,0,0,94,59,1529,99,245,51,0,2,1057,9,3,2,0
168.179384,0,1,94,59,1529,99,245,51,0,2,1058,9,3,2,0
168.188205,0,0,94,59,1529,99,245,51,0,2,1058,9,3,2,0
168.193069,0,0,94,59,1529,99,245,51,0,2,1058,9,3,2,0
168.206814,0,0,94,59,1529,99,245,51,0,2,1058,9,3,2,0
168.211338,0,1,94,59,1529,99,245,51,0,2,1058,9,4,2,0
168.218215,0,0,94,59,1529,99,245,51,0,2,1058,9,4,2,0
168.222381,0,0,94,59,1529,99,245,51,0,2,1058,9,4,2,0
168.224886,0,0,94,59,1529,99,245,51,0,2,1058,9,4,2,0
168.238369,0,1,94,59,1529,99,245,51,1,2,1058,9,4,2,0
168.247993,0,1,94,59,1529,99,245,51,1,2,1057,9,2,2,0
168.252179,0,0,94,59,1529,99,245,51,1,2,1057,9,2,2,0
168.256731,0,0,94,59,1529,99,245,51,1,2,1057,9,2,2,0
168.269722,0,0,94,59,1529,99,245,51,1,2,1057,9,2,2,0
168.279293,0,0,94,59,1529,99,245,51,1,2,1057,9,2,2,0
168.283796,0,0,94,59,1529,99,245,51,1,2,1057,9,2,2,0
168.287923,0,1,94,59,1529,99,245,51,0,2,1057,9,2,2,0
168.300799,0,1,94,59,1529,99,245,51,0,2,1056,9,2,2,0
168.310228,0,1,94,59,1529,99,245,51,0,2,1056,9,3,2,0
168.314381,0,0,94,59,1529,99,245,51,0,2,1056,9,3,2,0
168.318917,0,0,94,59,1529,99,245,51,0,2,1056,9,3,2,0
168.331346,0,0,94,59,1529,99,245,51,0,2,1056,9,3,2,0
168.341021,0,0,94,59,1529,99,245,51,0,2,1056,9,3,2,0
168.345195,0,0,94,59,1529,99,245,51,0,2,1056,9,3,2,0
168.349394,0,0,94,59,1529,99,245,51,0,2,1056,9,3,2,0
168.362476,0,0,94,59,1529,99,245,51,0,2,1056,9,3,2,0
168.372368,0,0,94,59,1529,99,245,51,0,2,1056,9,3,2,0
168.376939,0,0,94,59,1529,99,245,51,0,2,1056,9,3,2,0
168.381429,0,1,94,59,1529,99,245,51,0,2,1055,9,3,2,0
168.393346,0,0,94,59,1529,99,245,51,0,2,1055,9,3,2,0
168.403036,0,0,94,59,1529,99,245,51,0,2,1055,9,3,2,0
168.407566,0,0,94,59,1529,99,245,51,0,2,1055,9,3,2,0
168.412111,0,0,94,59,1529,99,245,51,0,2,1055,9,3,2,0
168.424732,0,0,94,59,1529,99,245,51,0,2,1055,9,3,2,0
168.434076,0,0,94,59,1529,99,245,51,0,2,1055,9,3,2,0
168.438884,0,0,94,59,1529,99,245,51,0,2,1055,9,3,2,0
168.443074,1,0,94,59,1529,98,245,51,0,2,1055,9,3,2,0
168.455083,1,0,94,59,1529,98,245,50,0,2,1055,9,3,2,0
168.459320,0,0,94,59,1529,98,245,50,0,2,1055,9,3,2,0
168.466871,0,0,94,59,1529,98,245,50,0,2,1055,9,3,2,0
168.471025,0,0,94,59,1529,98,245,50,0,2,1055,9,3,2,0
168.475234,0,0,94,59,1529,98,245,50,0,2,1055,9,3,2,0
168.486473,0,0,94,59,1529,98,245,50,0,2,1055,9,3,2,0
168.495973,0,0,94,59,1529,98,245,50,0,2,1055,9,3,2,0
168.500144,0,0,94,59,1529,98,245,50,0,2,1055,9,3,2,0
168.504324,1,0,94,59,1529,99,245,50,0,2,1055,9,3,2,0
168.517229,1,0,94,59,1529,99,245,51,0,2,1055,9,3,2,0
168.521382,0,0,94,59,1529,99,245,51,0,2,1055,9,3,2,0
168.784577,0,1,94,59,1529,99,245,51,0,2,1054,9,2,2,0
168.796674,0,0,94,59,1529,99,245,51,0,2,1054,9,2,2,0
168.806258,0,0,94,59,1529,99,245,51,0,2,1054,9,2,2,0
168.810624,0,0,94,59,1529,99,245,51,0,2,1054,9,2,2,0
168.815174,0,0,94,59,1529,99,245,51,0,2,1054,9,2,2,0
168.827520,0,0,94,59,1529,99,245,51,0,2,1054,9,2,2,0
168.837291,0,1,94,59,1529,99,245,51,0,2,1054,9,3,2,0
168.841465,1,0,94,59,1529,99,245,50,0,2,1054,9,3,2,0
168.846037,0,0,94,59,1529,99,245,50,0,2,1054,9,3,2,0
168.859164,0,0,94,59,1529,99,245,50,0,2,1054,9,3,2,0
168.869045,0,0,94,59,1529,99,245,50,0,2,1054,9,3,2,0
168.873258,0,0,94,59,1529,99,245,50,0,2,1054,9,3,2,0
168.877778,0,0,94,59,1529,99,245,50,0,2,1054,9,3,2,0
168.889842,0,0,94,59,1529,99,245,50,0,2,1054,9,3,2,0
168.899146,1,0,94,59,1529,99,245,51,0,2,1054,9,3,2,0
168.903696,0,0,94,59,1529,99,245,51,0,2,1054,9,3,2,0
168.908212,0,0,94,59,1529,99,245,51,0,2,1054,9,3,2,0
168.920131,0,0,94,59,1529,99,245,51,0,2,1054,9,3,2,0
168.924305,0,0,94,59,1529,99,245,51,0,2,1054,9,3,2,0
168.932014,0,0,94,59,1529,99,245,51,0,2,1054,9,3,2,0
168.936184,0,0,94,59,1529,99,245,51,0,2,1054,9,3,2,0
168.938067,0,0,94,59,1529,99,245,51,0,2,1054,9,3,2,0
168.951795,0,0,94,59,1529,99,245,51,0,2,1054,9,3,2,0
168.961151,0,1,94,59,1529,99,245,51,0,2,1054,9,2,2,0
168.966019,0,0,94,59,1529,99,245,51,0,2,1054,9,2,2,0
168.970136,0,0,94,59,1529,99,245,51,0,2,1054,9,2,2,0
168.982465,0,0,94,59,1529,99,245,51,0,2,1054,9,2,2,0
168.992140,1,1,94,59,1529,100,245,51,0,2,1054,9,3,2,0
168.997022,0,0,94,59,1529,100,245,51,0,2,1054,9,3,2,0
169.001554,0,0,94,59,1529,100,245,51,0,2,1054,9,3,2,0
169.013259,1,0,94,59,1529,99,245,51,0,2,1054,9,3,2,0
169.023263,0,0,94,59,1529,99,245,51,0,2,1054,9,3,2,0
169.027479,0,0,94,59,1529,99,245,51,0,2,1054,9,3,2,0
169.031646,0,0,94,59,1529,99,245,51,0,2,1054,9,3,2,0
169.044168,0,0,94,59,1529,99,245,51,0,2,1054,9,3,2,0
169.054167,0,0,94,59,1529,99,245,51,0,2,1054,9,3,2,0
169.058675,0,0,94,59,1529,99,245,51,0,2,1054,9,3,2,0
169.063171,0,1,94,59,1529,99,245,51,0,2,1053,9,3,2,0
169.075956,0,0,94,59,1529,99,245,51,0,2,1053,9,3,2,0
169.085332,0,0,94,59,1529,99,245,51,0,2,1053,9,3,2,0
169.089839,0,0,94,59,1529,99,245,51,0,2,1053,9,3,2,0
169.093995,0,1,94,59,1529,99,245,51,0,2,1054,9,3,2,0
169.106222,1,0,94,59,1529,100,245,51,0,2,1054,9,3,2,0
169.116445,0,0,94,59,1529,100,245,51,0,2,1054,9,3,2,0
169.121020,0,0,94,59,1529,100,245,51,0,2,1054,9,3,2,0
169.125221,1,0,94,59,1529,98,245,51,0,2,1054,9,3,2,159
169.137547,1,0,94,59,1528,98,245,51,0,2,1054,9,3,2,159
169.147064,0,0,94,59,1528,98,245,51,0,2,1054,9,3,2,159
169.151607,0,0,94,59,1528,98,245,51,0,2,1054,9,3,2,0
169.156069,1,0,94,59,1529,98,245,51,0,2,1054,9,3,2,0
169.168211,1,0,94,59,1529,98,245,50,0,2,1054,9,3,2,0
169.172363,0,0,94,59,1529,98,245,50,0,2,1054,9,3,2,0
169.179648,0,1,94,59,1529,98,245,50,1,2,1054,9,3,2,0
169.183800,0,0,94,59,1529,98,245,50,1,2,1054,9,3,2,0
169.188321,1,0,94,59,1529,99,245,50,1,2,1054,9,3,2,0
169.199319,0,0,94,59,1529,99,245,50,1,2,1054,9,3,2,0
169.209346,0,0,94,59,1529,99,245,50,1,2,1054,9,3,2,0
169.213521,0,1,94,59,1529,99,245,50,0,2,1053,9,3,2,0
169.218021,0,0,94,59,1529,99,245,50,0,2,1053,9,3,2,0
169.230194,0,0,94,59,1529,99,245,50,0,2,1053,9,3,2,0
169.234771,0,0,94,59,1529,99,245,50,0,2,1053,9,3,2,0
169.493293,1,1,94,59,1526,98,245,51,1,2,819,9,3,3,0
169.497513,0,0,94,59,1526,98,245,51,1,2,819,9,3,3,0
169.509911,0,1,94,59,1526,98,245,51,0,2,819,9,3,3,0
169.519298,0,1,94,59,1526,98,245,51,0,2,819,9,2,2,0
169.523760,0,0,94,59,1526,98,245,51,0,2,819,9,2,2,0
169.528554,0,1,94,59,1526,98,245,51,1,2,819,9,2,2,0
169.540612,0,0,94,59,1526,98,245,51,1,2,819,9,2,2,0
169.550200,1,0,94,59,1526,99,245,51,1,2,819,9,2,2,0
169.554359,1,1,94,59,1526,99,245,50,1,2,819,9,2,3,0
169.558516,0,1,94,59,1526,99,245,50,0,2,819,9,2,3,0
169.571903,0,1,94,59,1526,99,245,50,0,2,820,9,2,3,0
169.581589,0,0,94,59,1526,99,245,50,0,2,820,9,2,3,0
169.586129,0,0,94,59,1526,99,245,50,0,2,820,9,2,3,0
169.590369,0,1,94,59,1526,99,245,50,1,2,820,9,2,3,0
169.602175,0,1,94,59,1526,99,245,50,1,2,819,9,2,3,0
169.606248,0,1,94,59,1526,99,245,50,1,2,819,9,2,4,0
169.613505,0,0,94,59,1526,99,245,50,1,2,819,9,2,4,0
169.617700,0,0,94,59,1526,99,245,50,1,2,819,9,2,4,0
169.622165,0,1,94,59,1526,99,245,50,0,2,819,9,2,4,0
169.633915,0,1,94,59,1526,99,245,50,0,2,819,9,3,4,0
169.643270,1,1,94,59,1526,99,245,51,0,2,819,9,3,3,0
169.647464,0,0,94,59,1526,99,245,51,0,2,819,9,3,3,0
169.649643,0,0,94,59,1526,99,245,51,0,2,819,9,3,3,0
169.663156,0,1,94,59,1526,99,245,51,0,2,820,9,3,3,0
169.667753,0,1,94,59,1526,99,245,51,0,2,820,9,2,3,0
169.676137,0,0,94,59,1526,99,245,51,0,2,820,9,2,3,0
169.680999,0,0,94,59,1526,99,245,51,0,2,820,9,2,3,0
169.694251,0,0,94,59,1526,99,245,51,0,2,820,9,2,3,0
169.698762,0,1,94,59,1526,99,245,51,0,2,820,9,2,4,0
169.707081,0,0,94,59,1526,99,245,51,0,2,820,9,2,4,0
169.711606,0,1,94,59,1526,99,245,51,1,2,820,9,2,4,0
169.725028,0,0,94,59,1526,99,245,51,1,2,820,9,2,4,0
169.729208,1,1,94,59,1526,99,245,50,1,2,820,9,2,3,0
169.737812,0,0,94,59,1526,99,245,50,1,2,820,9,2,3,0
169.741941,0,1,94,59,1526,99,245,50,0,2,820,9,2,3,0
169.746488,0,0,94,59,1526,99,245,50,0,2,820,9,2,3,0
169.757325,1,1,94,59,1526,100,245,50,0,2,820,9,3,3,0
169.761471,1,0,94,59,1526,100,245,51,0,2,820,9,3,3,0
169.768677,0,0,94,59,1526,100,245,51,0,2,820,9,3,3,0
169.772769,0,0,94,59,1526,100,245,51,0,2,820,9,3,3,0
169.776908,1,1,94,59,1526,98,245,51,0,2,821,9,3,3,0
169.788220,0,0,94,59,1526,98,245,51,0,2,821,9,3,3,0
169.798279,0,0,94,59,1526,98,245,51,0,2,821,9,3,3,0
169.802784,0,1,94,59,1526,98,245,51,1,2,821,9,3,3,0
169.806916,0,0,94,59,1526,98,245,51,1,2,821,9,3,3,0
169.820051,0,1,94,59,1526,98,245,51,1,2,821,9,2,3,0
169.829396,0,0,94,59,1526,98,245,51,1,2,821,9,2,3,0
169.833889,0,1,94,59,1526,98,245,51,0,2,821,9,2,3,0
169.838434,0,1,94,59,1526,98,245,51,0,2,820,9,3,3,0
169.850336,0,1,94,59,1526,98,245,51,0,2,820,9,3,4,0
169.854556,0,0,94,59,1526,98,245,51,0,2,820,9,3,4,0
169.861778,0,0,94,59,1526,98,245,51,0,2,820,9,3,4,0
169.866293,0,0,94,59,1526,98,245,51,0,2,820,9,3,4,0
169.870797,1,1,94,59,1526,99,245,51,0,2,821,9,2,4,0
169.881798,0,1,94,59,1526,99,245,51,0,2,821,9,2,3,0
169.891182,0,0,94,59,1526,99,245,51,0,2,821,9,2,3,0
169.895268,0,0,94,59,1526,99,245,51,0,2,821,9,2,3,0
169.899370,1,0,94,59,1526,98,245,51,0,2,821,9,2,3,0
169.912318,0,0,94,59,1526,98,245,51,0,2,821,9,2,3,0
169.916497,0,0,94,59,1526,98,245,51,0,2,821,9,2,3,0
169.923415,0,1,94,59,1526,98,245,51,1,2,821,9,2,3,0
169.927533,0,0,94,59,1526,98,245,51,1,2,821,9,2,3,0
169.931622,1,0,94,59,1526,99,245,51,1,2,821,9,2,3,0
169.943341,0,0,94,59,1526,99,245,51,1,2,821,9,2,3,0
169.947479,0,0,94,59,1526,99,245,51,1,2,821,9,2,3,0
170.209411,1,1,94,59,1531,98,245,50,0,2,883,9,3,3,0
170.222986,0,1,94,59,1531,98,245,50,1,2,883,9,3,3,0
170.232739,1,1,94,59,1531,99,245,50,1,2,882,9,3,3,0
170.237597,0,1,94,59,1531,99,245,50,1,2,882,9,2,3,0
170.242119,0,0,94,59,1531,99,245,50,1,2,882,9,2,3,0
170.253615,0,0,94,59,1531,99,245,50,1,2,882,9,2,3,0
170.263279,0,1,94,59,1531,99,245,50,1,2,882,9,3,3,0
170.267823,1,0,94,59,1531,99,245,51,1,2,882,9,3,3,0
170.272649,0,0,94,59,1531,99,245,51,1,2,882,9,3,3,0
170.284379,0,0,94,59,1531,99,245,51,1,2,882,9,3,3,0
170.288567,0,0,94,59,1531,99,245,51,1,2,882,9,3,3,0
170.296306,0,0,94,59,1531,99,245,51,1,2,882,9,3,3,0
170.300858,0,0,94,59,1531,99,245,51,1,2,882,9,3,3,0
170.314103,0,0,94,59,1531,99,245,51,1,2,882,9,3,3,0
170.318305,0,1,94,59,1531,99,245,51,1,2,882,9,2,3,0
170.326792,0,0,94,59,1531,99,245,51,1,2,882,9,2,3,0
170.331286,0,0,94,59,1531,99,245,51,1,2,882,9,2,3,0
170.335812,0,0,94,59,1531,99,245,51,1,2,882,9,2,3,0
170.347032,0,0,94,59,1531,99,245,51,1,2,882,9,2,3,0
170.356439,0,0,94,59,1531,99,245,51,1,2,882,9,2,3,0
170.361261,0,0,94,59,1531,99,245,51,1,2,882,9,2,3,0
170.363483,0,0,94,59,1531,99,245,51,1,2,882,9,2,3,0
170.377119,0,0,94,59,1531,99,245,51,1,2,882,9,2,3,0
170.381673,1,1,94,59,1531,97,245,51,1,2,882,8,3,3,0
170.388536,0,0,94,59,1531,97,245,51,1,2,882,8,3,3,0
170.393040,0,0,94,59,1531,97,245,51,1,2,882,8,3,3,0
170.397159,0,0,94,59,1531,97,245,51,1,2,882,8,3,3,0
170.408305,0,1,94,59,1531,97,245,51,1,2,882,9,3,3,0
170.412548,1,1,94,59,1531,99,245,51,1,2,882,9,2,3,0
170.420771,0,0,94,59,1531,99,245,51,1,2,882,9,2,3,0
170.425320,0,0,94,59,1531,99,245,51,1,2,882,9,2,3,0
170.438736,0,1,94,59,1531,99,245,51,0,2,882,9,2,3,0
170.443625,0,1,94,59,1531,99,245,51,0,2,882,9,3,3,0
170.450501,0,0,94,59,1531,99,245,51,0,2,882,9,3,3,0
170.454993,0,0,94,59,1531,99,245,51,0,2,882,9,3,3,0
170.459489,0,1,94,59,1531,99,245,51,1,2,882,9,3,3,0
170.470281,0,0,94,59,1531,99,245,51,1,2,882,9,3,3,0
170.474738,0,1,94,59,1531,99,245,51,1,2,882,9,2,3,0
170.482140,0,0,94,59,1531,99,245,51,1,2,882,9,2,3,0
170.486996,0,0,94,59,1531,99,245,51,1,2,882,9,2,3,0
170.500319,0,0,94,59,1531,99,245,51,1,2,882,9,2,3,0
170.505204,0,0,94,59,1531,99,245,51,1,2,882,9,2,3,0
170.513016,0,0,94,59,1531,99,245,51,1,2,882,9,2,3,0
170.517572,0,0,94,59,1531,99,245,51,1,2,882,9,2,3,0
170.521780,0,0,94,59,1531,99,245,51,1,2,882,9,2,3,0
170.532643,0,0,94,59,1531,99,245,51,1,2,882,9,2,3,0
170.542365,0,0,94,59,1531,99,245,51,1,2,882,9,2,3,0
170.547214,0,0,94,59,1531,99,245,51,1,2,882,9,2,3,0
170.551452,0,0,94,59,1531,99,245,51,1,2,882,9,2,3,0
170.563766,0,1,94,59,1531,99,245,51,1,2,882,9,3,3,0
170.573292,1,0,94,59,1531,99,245,50,1,2,882,9,3,3,0
170.577729,0,0,94,59,1531,99,245,50,1,2,882,9,3,3,0
170.581837,0,0,94,59,1531,99,245,50,1,2,882,9,3,3,0
170.594519,0,0,94,59,1531,99,245,50,1,2,882,9,3,3,0
170.604637,0,0,94,59,1531,99,245,50,1,2,882,9,3,3,0
170.609130,0,1,94,59,1531,99,245,50,0,2,882,9,3,3,0
170.613214,0,0,94,59,1531,99,245,50,0,2,882,9,3,3,0
170.625738,1,1,94,59,1531,99,245,51,0,2,882,9,2,3,0
170.635244,0,0,94,59,1531,99,245,51,0,2,882,9,2,3,0
170.639694,0,1,94,59,1531,99,245,51,1,2,882,9,2,3,0
170.644217,0,0,94,59,1531,99,245,51,1,2,882,9,2,3,0
170.656715,0,1,94,59,1531,99,245,51,1,2,882,9,3,3,0
170.666269,0,0,94,59,1531,99,245,51,1,2,882,9,3,3,0
170.923297,1,1,94,59,1533,99,245,51,0,1,1185,8,4,2,0
170.936337,0,0,94,59,1533,99,245,51,0,1,1185,8,4,2,0
170.945942,1,1,94,59,1533,100,245,51,0,1,1202,8,4,2,358
170.950492,0,0,94,59,1533,100,245,51,0,1,1202,8,4,2,358
170.955388,0,0,94,59,1533,100,245,51,0,1,1202,8,4,2,358
170.966783,0,0,94,59,1533,100,245,51,0,1,1202,8,4,2,358
170.976556,1,1,94,59,1538,99,245,51,0,1,1259,8,4,2,0
170.981096,0,1,94,59,1538,99,245,51,0,1,1259,8,4,1,0
170.985319,0,0,94,59,1538,99,245,51,0,1,1259,8,4,1,0
170.997815,0,1,94,59,1538,99,245,51,0,1,1237,8,4,1,0
171.007381,1,1,94,59,1534,99,245,51,0,1,1237,9,4,1,0
171.011911,0,0,94,59,1534,99,245,51,0,1,1237,9,4,1,0
171.016472,0,0,94,59,1534,99,245,51,0,1,1237,9,4,1,0
171.028457,0,0,94,59,1534,99,245,51,0,1,1237,9,4,1,0
171.032566,1,1,94,59,1533,100,245,51,0,1,1245,8,4,1,375
171.040008,0,0,94,59,1533,100,245,51,0,1,1245,8,4,1,375
171.046066,0,0,94,59,1533,100,245,51,0,1,1245,8,4,1,375
171.059355,0,1,94,59,1533,100,245,51,0,1,1292,8,4,1,287
171.069688,1,0,94,59,1539,98,245,51,0,1,1292,8,4,1,287
171.074544,0,0,94,59,1539,98,245,51,0,1,1292,8,4,1,287
171.079122,0,0,94,59,1539,98,245,51,0,1,1292,8,4,1,287
171.090592,1,1,94,59,1540,98,245,51,0,1,1291,8,4,1,287
171.094825,0,0,94,59,1540,98,245,51,0,1,1291,8,4,1,287
171.102581,0,0,94,59,1540,98,245,51,0,1,1291,8,4,1,287
171.106797,0,0,94,59,1540,98,245,51,0,1,1291,8,4,1,287
171.120246,0,0,94,59,1540,98,245,51,0,1,1291,8,4,1,285
171.124790,0,1,94,59,1540,98,245,51,0,1,1290,8,4,1,285
171.133260,0,0,94,59,1540,98,245,51,0,1,1290,8,4,1,285
171.137779,0,0,94,59,1540,98,245,51,0,1,1290,8,4,1,285
171.151234,0,0,94,59,1540,98,245,51,0,1,1290,8,4,1,286
171.155775,0,0,94,59,1540,98,245,51,0,1,1290,8,4,1,286
171.163889,0,0,94,59,1540,98,245,51,0,1,1290,8,4,1,286
171.168737,0,0,94,59,1540,98,245,51,0,1,1290,8,4,1,286
171.182176,0,1,94,59,1540,98,245,51,0,1,1289,8,4,1,287
171.186387,0,0,94,59,1540,98,245,51,0,1,1289,8,4,1,287
171.194856,0,0,94,59,1540,98,245,51,0,1,1289,8,4,1,287
171.198936,0,0,94,59,1540,98,245,51,0,1,1289,8,4,1,287
171.203007,0,0,94,59,1540,98,245,51,0,1,1289,8,4,1,286
171.214411,0,0,94,59,1540,98,245,51,0,1,1289,8,4,1,286
171.218565,1,0,94,59,1540,98,245,50,0,1,1289,8,4,1,286
171.226205,0,0,94,59,1540,98,245,50,0,1,1289,8,4,1,286
171.228082,0,0,94,59,1540,98,245,50,0,1,1289,8,4,1,286
171.232202,0,0,94,59,1540,98,245,50,0,1,1289,8,4,1,285
171.245187,1,0,94,59,1540,99,245,50,0,1,1289,8,4,1,285
171.249740,0,0,94,59,1540,99,245,50,0,1,1289,8,4,1,285
171.257019,0,0,94,59,1540,99,245,50,0,1,1289,8,4,1,285
171.261564,0,0,94,59,1540,99,245,50,0,1,1289,8,4,1,285
171.265696,0,0,94,59,1540,99,245,50,0,1,1289,8,4,1,285
171.277279,0,0,94,59,1540,99,245,50,0,1,1289,8,4,1,285
171.286524,0,0,94,59,1540,99,245,50,0,1,1289,8,4,1,285
171.290640,0,0,94,59,1540,99,245,50,0,1,1289,8,4,1,285
171.294716,0,0,94,59,1540,99,245,50,0,1,1289,8,4,1,285
171.308249,1,0,94,59,1540,99,245,51,0,1,1289,8,4,1,285
171.317487,0,0,94,59,1540,99,245,51,0,1,1289,8,4,1,285
171.321600,0,0,94,59,1540,99,245,51,0,1,1289,8,4,1,289
171.325697,0,0,94,59,1540,99,245,51,0,1,1289,8,4,1,289
171.338816,0,1,94,59,1540,99,245,51,0,1,1289,8,4,0,289
171.342844,0,0,94,59,1540,99,245,51,0,1,1289,8,4,0,289
171.350467,0,0,94,59,1540,99,245,51,0,1,1289,8,4,0,289
171.354932,0,0,94,59,1540,99,245,51,0,1,1289,8,4,0,289
171.368310,0,0,94,59,1540,99,245,51,0,1,1289,8,4,0,289
171.372873,0,0,94,59,1540,99,245,51,0,1,1289,8,4,0,289
171.381301,0,0,94,59,1540,99,245,51,0,1,1289,8,4,0,289
171.385827,0,0,94,59,1540,99,245,51,0,1,1289,8,4,0,285
171.399268,0,1,94,59,1540,99,245,51,0,1,1289,8,4,1,285
171.403795,0,0,94,59,1540,99,245,51,0,1,1289,8,4,1,285
171.412380,0,1,94,59,1540,99,245,51,0,2,1289,8,4,1,285
171.416895,0,0,94,59,1540,99,245,51,0,2,1289,8,4,1,285
171.430353,0,0,94,59,1540,99,245,51,0,2,1289,8,4,1,285
171.434872,0,0,94,59,1540,99,245,51,0,2,1289,8,4,1,285
171.443574,0,1,94,59,1540,99,245,51,0,1,1289,8,4,1,285
171.448507,0,1,94,59,1540,99,245,51,0,1,1288,9,4,1,282
171.462263,0,0,94,59,1540,99,245,51,0,1,1288,9,4,1,282
171.466391,0,0,94,59,1540,99,245,51,0,1,1288,9,4,1,282
171.474040,0,0,94,59,1540,99,245,51,0,1,1288,9,4,1,282
171.478211,0,0,94,59,1540,99,245,51,0,1,1288,9,4,1,287
171.482702,0,0,94,59,1540,99,245,51,0,1,1288,9,4,1,287
171.493850,0,0,94,59,1540,99,245,51,0,1,1288,9,4,1,287
171.503468,0,1,94,59,1540,99,245,51,0,2,1288,9,4,1,285
171.508006,0,1,94,59,1540,99,245,51,0,2,1288,8,4,1,285
171.512498,0,0,94,59,1540,99,245,51,0,2,1288,8,4,1,285
171.525222,0,0,94,59,1540,99,245,51,0,2,1288,8,4,1,285
171.790578,1,1,94,59,1528,99,245,51,0,2,1083,9,4,2,0
171.805319,1,1,94,59,1527,99,245,51,0,2,1083,9,3,2,0
171.816430,1,0,94,59,1527,99,245,50,0,2,1083,9,3,2,0
171.822281,0,1,94,59,1527,99,245,50,1,2,1083,9,3,2,0
171.836176,1,1,94,59,1529,99,245,50,1,2,1089,9,3,2,337
171.847291,0,0,94,59,1529,99,245,50,1,2,1089,9,3,2,337
171.851793,0,1,94,59,1529,99,245,50,0,2,1089,9,3,2,337
171.864904,0,1,94,59,1529,99,245,50,0,2,1083,9,3,2,0
171.869376,1,1,94,59,1529,99,245,51,0,2,1083,9,4,2,0
171.877510,0,0,94,59,1529,99,245,51,0,2,1083,9,4,2,0
171.882856,0,0,94,59,1529,99,245,51,0,2,1083,9,4,2,0
171.896283,0,1,94,59,1529,99,245,51,0,2,1081,9,4,2,0
171.901221,0,0,94,59,1529,99,245,51,0,2,1081,9,4,2,0
171.908207,0,0,94,59,1529,99,245,51,0,2,1081,9,4,2,0
171.912294,0,0,94,59,1529,99,245,51,0,2,1081,9,4,2,0
171.916788,0,0,94,59,1529,99,245,51,0,2,1081,9,4,2,0
171.927859,1,1,94,59,1529,100,245,51,0,2,1081,9,3,2,0
171.931930,0,0,94,59,1529,100,245,51,0,2,1081,9,3,2,0
171.938916,0,0,94,59,1529,100,245,51,0,2,1081,9,3,2,0
171.942945,0,0,94,59,1529,100,245,51,0,2,1081,9,3,2,0
