t_s,fresh_pos,fresh_force,pos0,pos1,pos2,pos3,pos4,pos5,force0,force1,force2,force3,force4,force5,cur
2.874968,1,1,95,58,92,98,271,1557,0,0,0,0,38,-4,49
2.884751,1,1,95,58,92,98,273,1557,0,0,0,0,39,-4,57
2.890179,0,0,95,58,92,98,273,1557,0,0,0,0,39,-4,57
2.904715,0,0,95,58,92,98,273,1557,0,0,0,0,39,-4,57
2.914352,1,0,95,58,92,98,276,1557,0,0,0,0,39,-4,34
2.918713,0,0,95,58,92,98,276,1557,0,0,0,0,39,-4,34
2.923274,0,0,95,58,92,98,276,1557,0,0,0,0,39,-4,34
2.935079,0,0,95,58,92,98,276,1557,0,0,0,0,39,-4,34
2.944761,1,0,95,58,92,98,278,1557,0,0,0,0,39,-4,56
2.948902,0,0,95,58,92,98,278,1557,0,0,0,0,39,-4,56
2.953080,0,0,95,58,92,98,278,1557,0,0,0,0,39,-4,56
2.965427,0,0,95,58,92,98,278,1557,0,0,0,0,39,-4,56
2.969615,1,1,95,58,92,98,280,1557,0,0,0,0,40,-4,49
2.976597,0,0,95,58,92,98,280,1557,0,0,0,0,40,-4,49
2.980804,0,0,95,58,92,98,280,1557,0,0,0,0,40,-4,49
2.984972,0,0,95,58,92,98,280,1557,0,0,0,0,40,-4,49
2.996706,0,0,95,58,92,98,280,1557,0,0,0,0,40,-4,49
3.006461,0,0,95,58,92,98,280,1557,0,0,0,0,40,-4,26
3.010738,1,0,95,58,92,98,283,1557,0,0,0,0,40,-4,26
3.015696,0,0,95,58,92,98,283,1557,0,0,0,0,40,-4,26
3.028267,0,0,95,58,92,98,283,1557,0,0,0,0,40,-4,45
3.038737,0,1,95,58,92,98,283,1557,0,0,0,0,41,-4,45
3.043902,0,0,95,58,92,98,283,1557,0,0,0,0,41,-4,45
3.057325,0,0,95,58,92,98,283,1557,0,0,0,0,41,-4,45
3.062342,1,0,95,58,92,98,285,1557,0,0,0,0,41,-4,50
3.069644,0,0,95,58,92,98,285,1557,0,0,0,0,41,-4,50
3.074199,0,0,95,58,92,98,285,1557,0,0,0,0,41,-4,50
3.078448,0,0,95,58,92,98,285,1557,0,0,0,0,41,-4,50
3.089531,0,0,95,58,92,98,285,1557,0,0,0,0,41,-4,30
3.093783,1,1,95,58,92,98,287,1557,0,0,0,0,42,-5,30
3.101502,0,0,95,58,92,98,287,1557,0,0,0,0,42,-5,30
3.106053,0,0,95,58,92,98,287,1557,0,0,0,0,42,-5,30
3.119402,0,0,95,58,92,98,287,1557,0,0,0,0,42,-5,30
3.124457,1,1,95,58,92,98,289,1557,0,0,0,0,43,-5,49
3.132778,0,0,95,58,92,98,289,1557,0,0,0,0,43,-5,49
3.137551,0,0,95,58,92,98,289,1557,0,0,0,0,43,-5,49
3.151187,0,1,95,58,92,98,289,1557,0,0,0,0,45,-5,53
3.155376,1,0,95,58,92,98,290,1557,0,0,0,0,45,-5,53
3.163402,0,0,95,58,92,98,290,1557,0,0,0,0,45,-5,53
3.167932,0,0,95,58,92,98,290,1557,0,0,0,0,45,-5,53
3.181265,0,0,95,58,92,98,290,1557,0,0,0,0,45,-5,47
3.185647,1,1,95,58,92,98,292,1557,0,0,0,0,46,-5,47
3.193635,0,0,95,58,92,98,292,1557,0,0,0,0,46,-5,47
3.197793,0,0,95,58,92,98,292,1557,0,0,0,0,46,-5,47
3.202794,0,0,95,58,92,98,292,1557,0,0,0,0,46,-5,43
3.214235,1,1,95,58,92,98,294,1557,0,0,0,0,47,-6,43
3.224940,0,0,95,58,92,98,294,1557,0,0,0,0,47,-6,43
3.230097,0,0,95,58,92,98,294,1557,0,0,0,0,47,-6,43
3.243469,1,1,95,58,92,98,296,1557,0,0,0,0,49,-6,37
3.247693,0,0,95,58,92,98,296,1557,0,0,0,0,49,-6,37
3.255923,0,0,95,58,92,98,296,1557,0,0,0,0,49,-6,37
3.259986,0,0,95,58,92,98,296,1557,0,0,0,0,49,-6,37
3.264581,1,0,95,58,92,98,298,1557,0,0,0,0,49,-6,55
3.275421,0,0,95,58,92,98,298,1557,0,0,0,0,49,-6,55
3.280027,0,0,95,58,92,98,298,1557,0,0,0,0,49,-6,55
3.286764,0,0,95,58,92,98,298,1557,0,0,0,0,49,-6,55
3.290888,0,1,95,58,92,98,298,1557,0,0,-1,0,49,-6,55
3.295005,1,0,95,58,92,98,301,1557,0,0,-1,0,49,-6,49
3.306753,0,0,95,58,92,98,301,1557,0,0,-1,0,49,-6,49
3.310865,0,0,95,58,92,98,301,1557,0,0,-1,0,49,-6,49
3.318992,0,0,95,58,92,98,301,1557,0,0,-1,0,49,-6,49
3.323993,0,1,95,58,92,98,301,1557,0,0,0,0,49,-6,49
3.337591,1,0,95,58,92,98,304,1557,0,0,0,0,49,-6,54
3.347384,0,0,95,58,92,98,304,1557,0,0,0,0,49,-6,54
3.351637,0,0,95,58,92,98,304,1557,0,0,0,0,49,-6,54
3.357253,1,0,95,58,92,98,306,1557,0,0,0,0,49,-6,50
3.370022,0,0,95,58,92,98,306,1557,0,0,0,0,49,-6,50
3.379775,0,0,95,58,92,98,306,1557,0,0,0,0,49,-6,50
3.385203,0,0,95,58,92,98,306,1557,0,0,0,0,49,-6,50
3.399626,1,0,95,58,92,98,308,1557,0,0,0,0,49,-6,24
3.410075,0,0,95,58,92,98,308,1557,0,0,0,0,49,-6,24
3.415552,0,0,95,58,92,98,308,1557,0,0,0,0,49,-6,24
3.429575,1,0,95,58,92,98,309,1557,0,0,0,0,49,-6,41
3.434885,0,0,95,58,92,98,309,1557,0,0,0,0,49,-6,41
3.442834,0,0,95,58,92,98,309,1557,0,0,0,0,49,-6,41
3.447541,1,0,95,58,92,98,312,1557,0,0,0,0,49,-6,15
3.461263,0,0,95,58,92,98,312,1557,0,0,0,0,49,-6,15
3.465498,0,0,95,58,92,98,312,1557,0,0,0,0,49,-6,15
3.472639,0,0,95,58,92,98,312,1557,0,0,0,0,49,-6,15
3.476841,0,0,95,58,92,98,312,1557,0,0,0,0,49,-6,36
3.480981,1,0,95,58,92,98,315,1557,0,0,0,0,49,-6,36
3.492882,0,0,95,58,92,98,315,1557,0,0,0,0,49,-6,36
3.502706,0,0,95,58,92,98,315,1557,0,0,0,0,49,-6,36
3.507297,0,0,95,58,92,98,315,1557,0,0,0,0,49,-6,36
3.511814,1,0,95,58,92,98,317,1557,0,0,0,0,49,-6,56
3.523856,0,0,95,58,92,98,317,1557,0,0,0,0,49,-6,56
3.533399,0,0,95,58,92,98,317,1557,0,0,0,0,49,-6,56
3.538525,0,0,95,58,92,98,317,1557,0,0,0,0,49,-6,72
3.543141,1,0,95,58,92,98,318,1557,0,0,0,0,49,-6,72
3.555263,0,0,95,58,92,98,318,1557,0,0,0,0,49,-6,72
3.565386,0,0,95,58,92,98,318,1557,0,0,0,0,49,-6,72
3.570442,1,1,95,58,92,98,321,1557,0,0,-1,0,49,-6,56
3.584365,0,0,95,58,92,98,321,1557,0,0,-1,0,49,-6,56
3.589388,0,0,95,58,92,98,321,1557,0,0,-1,0,49,-6,56
3.597615,0,1,95,58,92,98,321,1557,0,0,0,0,49,-6,56
3.602539,1,0,95,58,92,98,323,1557,0,0,0,0,49,-6,51
3.616205,0,0,95,58,92,98,323,1557,0,0,0,0,49,-6,51
3.620469,0,0,95,58,92,98,323,1557,0,0,0,0,49,-6,51
3.628066,0,0,95,58,92,98,323,1557,0,0,0,0,49,-6,71
3.632742,1,0,95,58,92,98,326,1557,0,0,0,0,49,-6,71
3.646260,0,0,95,58,92,98,326,1557,0,0,0,0,49,-6,71
3.651156,0,0,95,58,92,98,326,1557,0,0,0,0,49,-6,71
3.660503,0,1,95,58,92,98,326,1557,0,0,0,0,48,-6,58
3.665662,1,0,95,58,92,98,331,1557,0,0,0,0,48,-6,58
3.679409,0,0,95,58,92,98,331,1557,0,0,0,0,48,-6,58
3.689739,0,1,95,58,92,98,331,1557,0,0,-1,0,48,-6,58
3.694746,0,0,95,58,92,98,331,1557,0,0,-1,0,48,-6,58
3.708465,0,0,95,58,92,98,331,1557,0,0,-1,0,48,-6,58
3.714298,0,0,95,58,92,98,331,1557,0,0,-1,0,48,-6,61
3.721230,1,1,95,58,92,98,336,1557,0,0,-1,0,49,-6,61
3.725813,0,0,95,58,92,98,336,1557,0,0,-1,0,49,-6,61
3.739392,0,0,95,58,92,98,336,1557,0,0,-1,0,49,-6,61
3.743826,0,1,95,58,92,98,336,1557,0,0,0,0,49,-6,61
3.751990,1,0,95,58,92,98,339,1557,0,0,0,0,49,-6,60
3.757040,0,0,95,58,92,98,339,1557,0,0,0,0,49,-6,60
3.770517,0,0,95,58,92,98,339,1557,0,0,0,0,49,-6,60
3.774817,0,0,95,58,92,98,339,1557,0,0,0,0,49,-6,56
3.783283,1,0,95,58,92,98,341,1557,0,0,0,0,49,-6,56
3.788316,0,0,95,58,92,98,341,1557,0,0,0,0,49,-6,56
3.802843,0,0,95,58,92,98,341,1557,0,0,0,0,49,-6,56
3.812460,1,0,95,58,92,98,343,1557,0,0,0,0,49,-6,62
3.817468,0,0,95,58,92,98,343,1557,0,0,0,0,49,-6,62
3.822450,0,0,95,58,92,98,343,1557,0,0,0,0,49,-6,62
3.834266,0,0,95,58,92,98,343,1557,0,0,0,0,49,-6,62
3.844396,0,0,95,58,92,98,343,1557,0,0,0,0,49,-6,62
3.849461,0,0,95,58,92,98,343,1557,0,0,0,0,49,-6,62
3.863393,0,0,95,58,92,98,343,1557,0,0,0,0,49,-6,62
3.868358,1,0,95,58,92,98,347,1557,0,0,0,0,49,-6,82
3.876230,0,0,95,58,92,98,347,1557,0,0,0,0,49,-6,82
3.880693,0,0,95,58,92,98,347,1557,0,0,0,0,49,-6,82
3.884775,0,0,95,58,92,98,347,1557,0,0,0,0,49,-6,82
3.896342,0,0,95,58,92,98,347,1557,0,0,0,0,49,-6,66
3.905639,1,0,95,58,92,98,348,1557,0,0,0,0,49,-6,66
3.909827,0,0,95,58,92,98,348,1557,0,0,0,0,49,-6,66
3.914437,0,0,95,58,92,98,348,1557,0,0,0,0,49,-6,66
3.926490,0,0,95,58,92,98,348,1557,0,0,0,0,49,-6,80
3.936403,1,1,95,58,92,98,350,1557,0,0,0,0,48,-6,80
3.940696,0,0,95,58,92,98,350,1557,0,0,0,0,48,-6,80
3.945224,0,0,95,58,92,98,350,1557,0,0,0,0,48,-6,80
3.957436,0,1,95,58,92,98,350,1557,0,0,0,0,49,-6,89
3.961837,0,1,95,58,92,98,350,1557,0,0,0,0,49,-7,89
3.969977,0,0,95,58,92,98,350,1557,0,0,0,0,49,-7,89
3.975000,0,0,95,58,92,98,350,1557,0,0,0,0,49,-7,89
3.988527,0,0,95,58,92,98,350,1557,0,0,0,0,49,-7,34
3.992775,1,1,95,58,92,98,352,1557,0,0,0,0,49,-6,34
4.000238,0,0,95,58,92,98,352,1557,0,0,0,0,49,-6,34
4.004807,0,0,95,58,92,98,352,1557,0,0,0,0,49,-6,34
4.018374,0,0,95,58,92,98,352,1557,0,0,0,0,49,-6,82
4.023453,1,0,95,58,92,98,356,1557,0,0,0,0,49,-6,82
4.031015,0,0,95,58,92,98,356,1557,0,0,0,0,49,-6,82
4.035616,0,0,95,58,92,98,356,1557,0,0,0,0,49,-6,82
4.039901,1,0,95,58,92,98,359,1557,0,0,0,0,49,-6,78
4.051224,0,0,95,58,92,98,359,1557,0,0,0,0,49,-6,78
4.061026,0,0,95,58,92,98,359,1557,0,0,0,0,49,-6,78
4.065965,0,1,95,58,92,98,359,1557,-1,0,0,0,49,-6,78
4.071010,0,0,95,58,92,98,359,1557,-1,0,0,0,49,-6,69
4.082628,1,1,95,58,92,98,361,1557,-1,0,0,0,49,-7,69
4.092923,0,0,95,58,92,98,361,1557,-1,0,0,0,49,-7,69
4.098487,0,1,95,58,92,98,361,1557,0,0,0,0,49,-7,69
4.112319,1,0,95,58,92,98,364,1557,0,0,0,0,49,-7,53
4.122460,0,0,95,58,92,98,364,1557,0,0,0,0,49,-7,53
4.127527,0,0,95,58,92,98,364,1557,0,0,0,0,49,-7,53
4.132170,1,0,95,58,92,98,367,1557,0,0,0,0,49,-7,37
4.144406,0,0,95,58,92,98,367,1557,0,0,0,0,49,-7,37
4.154991,0,0,95,58,92,98,367,1557,0,0,0,0,49,-7,37
4.159591,0,1,95,58,92,98,367,1557,0,0,-1,0,49,-7,37
4.163857,1,1,95,58,92,98,370,1557,0,0,-1,0,50,-7,63
4.175341,0,0,95,58,92,98,370,1557,0,0,-1,0,50,-7,63
4.185018,0,0,95,58,92,98,370,1557,0,0,-1,0,50,-7,63
4.189974,0,0,95,58,92,98,370,1557,0,0,-1,0,50,-7,52
4.194646,1,0,95,58,92,98,372,1557,0,0,-1,0,50,-7,52
4.206361,0,0,95,58,92,98,372,1557,0,0,-1,0,50,-7,52
4.216414,0,0,95,58,92,98,372,1557,0,0,-1,0,50,-7,52
4.220965,0,0,95,58,92,98,372,1557,0,0,-1,0,50,-7,58
4.225909,1,1,95,58,92,98,373,1557,0,0,-1,0,50,-8,58
4.236936,0,0,95,58,92,98,373,1557,0,0,-1,0,50,-8,58
4.246860,0,0,95,58,92,98,373,1557,0,0,-1,0,50,-8,58
4.251135,0,0,95,58,92,98,373,1557,0,0,-1,0,50,-8,58
4.256160,1,0,95,58,92,98,374,1557,0,0,-1,0,50,-8,71
4.268346,0,0,95,58,92,98,374,1557,0,0,-1,0,50,-8,71
4.278434,0,0,95,58,92,98,374,1557,0,0,-1,0,50,-8,71
4.282728,0,1,95,58,92,98,374,1557,0,0,0,0,50,-8,26
4.287734,1,0,95,58,92,98,375,1557,0,0,0,0,50,-8,26
4.299171,0,0,95,58,92,98,375,1557,0,0,0,0,50,-8,26
4.308707,0,0,95,58,92,98,375,1557,0,0,0,0,50,-8,26
4.313897,0,1,95,58,92,98,375,1557,0,0,0,0,51,-8,56
4.318099,1,0,95,58,92,98,376,1557,0,0,0,0,51,-8,56
4.329416,0,0,95,58,92,98,376,1557,0,0,0,0,51,-8,56
4.333608,0,0,95,58,92,98,376,1557,0,0,0,0,51,-8,56
4.341692,0,0,95,58,92,98,376,1557,0,0,0,0,51,-8,56
4.345846,1,0,95,58,92,98,378,1557,0,0,0,0,51,-8,37
4.359215,0,0,95,58,92,98,378,1557,0,0,0,0,51,-8,37
4.363549,0,0,95,58,92,98,378,1557,0,0,0,0,51,-8,37
4.371616,0,0,95,58,92,98,378,1557,0,0,0,0,51,-8,70
4.376310,1,0,95,58,92,98,382,1557,0,0,0,0,51,-8,70
4.380464,0,0,95,58,92,98,382,1557,0,0,0,0,51,-8,70
4.391559,0,0,95,58,92,98,382,1557,0,0,0,0,51,-8,70
4.401385,0,0,95,58,92,98,382,1557,0,0,0,0,51,-8,70
4.405931,1,0,95,58,92,98,387,1557,0,0,0,0,51,-8,51
4.410211,0,0,95,58,92,98,387,1557,0,0,0,0,51,-8,51
4.423319,0,0,95,58,92,98,387,1557,0,0,0,0,51,-8,51
4.433308,0,0,95,58,92,98,387,1557,0,0,0,0,51,-8,51
4.438013,1,0,95,58,92,98,391,1557,0,0,0,0,51,-8,61
4.442252,0,0,95,58,92,98,391,1557,0,0,0,0,51,-8,61
4.453535,0,0,95,58,92,98,391,1557,0,0,0,0,51,-8,61
4.458032,0,1,95,58,92,98,391,1557,0,0,-1,0,51,-8,70
4.465147,1,0,95,58,92,98,393,1557,0,0,-1,0,51,-8,70
4.470023,0,0,95,58,92,98,393,1557,0,0,-1,0,51,-8,70
4.483194,0,0,95,58,92,98,393,1557,0,0,-1,0,51,-8,70
4.488160,0,1,95,58,92,98,393,1557,0,0,0,0,51,-8,70
4.496580,1,0,95,58,92,98,396,1557,0,0,0,0,51,-8,35
4.501718,0,0,95,58,92,98,396,1557,0,0,0,0,51,-8,35
4.515283,0,1,95,58,92,98,396,1557,-1,0,0,0,51,-8,35
4.525595,1,1,95,58,92,98,398,1557,-1,0,-1,0,52,-8,59
4.530126,0,0,95,58,92,98,398,1557,-1,0,-1,0,52,-8,59
4.534988,0,1,95,58,92,98,398,1557,0,0,-1,0,52,-8,59
4.546848,0,0,95,58,92,98,398,1557,0,0,-1,0,52,-8,59
4.556475,0,0,95,58,92,98,398,1557,0,0,-1,0,52,-8,77
4.560735,1,1,95,58,92,98,399,1557,0,0,-1,0,52,-9,77
4.565681,0,0,95,58,92,98,399,1557,0,0,-1,0,52,-9,77
4.578239,0,0,95,58,92,98,399,1557,0,0,-1,0,52,-9,47
4.588473,1,0,95,58,92,98,401,1557,0,0,-1,0,52,-9,47
4.593471,0,0,95,58,92,98,401,1557,0,0,-1,0,52,-9,47
4.607829,0,1,95,58,92,98,401,1557,-1,0,-1,0,52,-9,47
4.613017,1,1,95,58,92,98,403,1557,-1,0,0,0,53,-8,83
4.620142,0,0,95,58,92,98,403,1557,-1,0,0,0,53,-8,83
4.624323,0,0,95,58,92,98,403,1557,-1,0,0,0,53,-8,83
4.628537,0,1,95,58,92,98,403,1557,0,0,0,0,53,-8,83
4.639558,0,1,95,58,92,98,403,1557,0,0,-1,0,53,-8,83
4.643858,1,0,95,58,92,98,407,1557,0,0,-1,0,53,-8,108
4.652294,0,0,95,58,92,98,407,1557,0,0,-1,0,53,-8,108
4.657127,0,1,95,58,92,98,407,1557,-1,0,-1,0,53,-8,108
4.670153,0,0,95,58,92,98,407,1557,-1,0,-1,0,53,-8,108
4.674343,1,0,95,58,92,98,410,1557,-1,0,-1,0,53,-8,84
4.681641,0,0,95,58,92,98,410,1557,-1,0,-1,0,53,-8,84
4.686183,0,0,95,58,92,98,410,1557,-1,0,-1,0,53,-8,84
4.690296,0,1,95,58,92,98,410,1557,0,0,0,0,53,-8,84
4.701741,0,0,95,58,92,98,410,1557,0,0,0,0,53,-8,95
4.711583,1,0,95,58,92,98,413,1557,0,0,0,0,53,-8,95
4.715679,0,0,95,58,92,98,413,1557,0,0,0,0,53,-8,95
4.719761,0,0,95,58,92,98,413,1557,0,0,0,0,53,-8,95
4.732382,0,0,95,58,92,98,413,1557,0,0,0,0,53,-8,97
4.736584,1,0,95,58,92,98,414,1557,0,0,0,0,53,-8,97
4.744123,0,0,95,58,92,98,414,1557,0,0,0,0,53,-8,97
4.748732,0,0,95,58,92,98,414,1557,0,0,0,0,53,-8,97
4.762316,0,0,95,58,92,98,414,1557,0,0,0,0,53,-8,83
4.766874,1,1,95,58,92,98,416,1557,0,0,0,0,53,-9,83
4.775026,0,0,95,58,92,98,416,1557,0,0,0,0,53,-9,83
4.779612,0,1,95,58,92,98,416,1557,-1,0,0,0,53,-9,83
4.783872,0,0,95,58,92,98,416,1557,-1,0,0,0,53,-9,81
4.795488,1,1,95,58,92,98,417,1557,-1,0,0,0,53,-8,81
4.805256,0,0,95,58,92,98,417,1557,-1,0,0,0,53,-8,81
4.809438,0,0,95,58,92,98,417,1557,-1,0,0,0,53,-8,81
4.813676,0,0,95,58,92,98,417,1557,-1,0,0,0,53,-8,100
4.825845,1,0,95,58,92,98,419,1557,-1,0,0,0,53,-8,100
4.835403,0,0,95,58,92,98,419,1557,-1,0,0,0,53,-8,100
4.840379,0,1,95,58,92,98,419,1557,0,0,0,0,53,-8,100
4.845755,0,0,95,58,92,98,419,1557,0,0,0,0,53,-8,55
4.856814,1,0,95,58,92,98,422,1557,0,0,0,0,53,-8,55
4.866452,0,0,95,58,92,98,422,1557,0,0,0,0,53,-8,55
4.870690,0,1,95,58,92,98,422,1557,-1,0,0,0,53,-8,55
4.874920,0,0,95,58,92,98,422,1557,-1,0,0,0,53,-8,82
4.887550,1,0,95,58,92,98,424,1557,-1,0,0,0,53,-8,82
4.891798,0,1,95,58,92,98,424,1557,0,0,0,0,53,-8,82
4.899510,0,0,95,58,92,98,424,1557,0,0,0,0,53,-8,82
4.904735,0,0,95,58,92,98,424,1557,0,0,0,0,53,-8,68
4.918270,1,0,95,58,92,98,426,1557,0,0,0,0,53,-8,68
4.928500,0,0,95,58,92,98,426,1557,0,0,0,0,53,-8,68
4.933296,0,0,95,58,92,98,426,1557,0,0,0,0,53,-8,68
4.938275,1,0,95,58,92,98,429,1557,0,0,0,0,53,-8,53
4.949806,0,0,95,58,92,98,429,1557,0,0,0,0,53,-8,53
4.959416,0,0,95,58,92,98,429,1557,0,0,0,0,53,-8,53
4.963655,0,0,95,58,92,98,429,1557,0,0,0,0,53,-8,73
4.967822,1,0,95,58,92,98,430,1557,0,0,0,0,53,-8,73
4.981231,0,0,95,58,92,98,430,1557,0,0,0,0,53,-8,73
4.990816,0,0,95,58,92,98,430,1557,0,0,0,0,53,-8,73
4.995371,0,0,95,58,92,98,430,1557,0,0,0,0,53,-8,73
4.999581,1,1,95,58,92,98,431,1557,0,0,0,0,54,-8,77
5.011936,0,0,95,58,92,98,431,1557,0,0,0,0,54,-8,77
5.021460,0,1,95,58,92,98,431,1557,-1,0,0,0,54,-8,77
5.026112,0,0,95,58,92,98,431,1557,-1,0,0,0,54,-8,44
5.030680,1,1,95,58,92,98,433,1557,-1,0,0,0,54,-9,44
5.043204,0,0,95,58,92,98,433,1557,-1,0,0,0,54,-9,44
5.052678,0,0,95,58,92,98,433,1557,-1,0,0,0,54,-9,44
5.057310,0,0,95,58,92,98,433,1557,-1,0,0,0,54,-9,78
5.061493,1,1,95,58,92,98,434,1557,-1,0,0,0,54,-8,78
5.073791,0,0,95,58,92,98,434,1557,-1,0,0,0,54,-8,78
5.083625,0,1,95,58,92,98,434,1557,0,0,0,0,54,-8,78
5.088569,1,0,95,58,92,98,436,1557,0,0,0,0,54,-8,46
5.092814,0,0,95,58,92,98,436,1557,0,0,0,0,54,-8,46
5.104409,0,0,95,58,92,98,436,1557,0,0,0,0,54,-8,46
5.108637,0,1,95,58,92,98,436,1557,-1,0,0,0,54,-8,46
5.116037,0,0,95,58,92,98,436,1557,-1,0,0,0,54,-8,70
5.120240,1,1,95,58,92,98,438,1557,-1,0,0,0,54,-9,70
5.134182,0,0,95,58,92,98,438,1557,-1,0,0,0,54,-9,70
5.138787,0,1,95,58,92,98,438,1557,0,0,0,0,54,-9,70
5.146975,0,0,95,58,92,98,438,1557,0,0,0,0,54,-9,57
5.151223,1,0,95,58,92,98,440,1557,0,0,0,0,54,-9,57
5.155434,0,0,95,58,92,98,440,1557,0,0,0,0,54,-9,57
5.166457,0,1,95,58,92,98,440,1557,-1,0,0,0,54,-9,57
5.176786,0,0,95,58,92,98,440,1557,-1,0,0,0,54,-9,57
5.181942,1,0,95,58,92,98,443,1557,-1,0,0,0,54,-9,66
5.186292,0,0,95,58,92,98,443,1557,-1,0,0,0,54,-9,66
5.197483,0,1,95,58,92,98,443,1557,0,0,0,0,54,-9,66
5.202078,0,1,95,58,92,98,443,1557,0,0,-1,0,54,-9,56
5.209201,1,0,95,58,92,98,445,1557,0,0,-1,0,54,-9,56
5.213354,0,0,95,58,92,98,445,1557,0,0,-1,0,54,-9,56
5.227272,0,0,95,58,92,98,445,1557,0,0,-1,0,54,-9,56
5.231554,0,1,95,58,92,98,445,1557,0,0,0,0,54,-9,56
5.240347,1,0,95,58,92,98,449,1557,0,0,0,0,54,-9,69
5.244542,0,0,95,58,92,98,449,1557,0,0,0,0,54,-9,69
5.258443,0,0,95,58,92,98,449,1557,0,0,0,0,54,-9,69
5.262587,0,1,95,58,92,98,449,1557,0,0,-1,0,55,-9,77
5.270829,0,0,95,58,92,98,449,1557,0,0,-1,0,55,-9,77
5.274985,0,0,95,58,92,98,449,1557,0,0,-1,0,55,-9,77
5.279221,0,0,95,58,92,98,449,1557,0,0,-1,0,55,-9,77
5.290874,0,1,95,58,92,98,449,1557,0,0,0,0,55,-9,77
5.300386,0,0,95,58,92,98,449,1557,0,0,0,0,55,-9,46
5.304538,1,0,95,58,92,98,451,1557,0,0,0,0,55,-9,46
5.309171,0,0,95,58,92,98,451,1557,0,0,0,0,55,-9,46
5.321410,0,0,95,58,92,98,451,1557,0,0,0,0,55,-9,46
5.325660,1,0,95,58,92,98,454,1557,0,0,0,0,55,-9,48
5.332649,0,0,95,58,92,98,454,1557,0,0,0,0,55,-9,48
5.336750,0,0,95,58,92,98,454,1557,0,0,0,0,55,-9,48
5.340890,0,0,95,58,92,98,454,1557,0,0,0,0,55,-9,48
5.353148,0,0,95,58,92,98,454,1557,0,0,0,0,55,-9,48
5.362840,1,0,95,58,92,98,457,1557,0,0,0,0,55,-9,17
5.366993,0,0,95,58,92,98,457,1557,0,0,0,0,55,-9,17
5.371216,0,1,95,58,92,98,457,1557,-1,0,0,0,55,-9,17
5.383467,0,1,95,58,92,98,457,1557,-1,0,-1,0,55,-9,17
5.393344,1,0,95,58,92,98,461,1557,-1,0,-1,0,55,-9,51
5.397528,0,0,95,58,92,98,461,1557,-1,0,-1,0,55,-9,51
5.401756,0,1,95,58,92,98,461,1557,0,0,-1,0,55,-9,51
5.414467,0,1,95,58,92,98,461,1557,0,0,0,0,55,-9,51
5.418649,1,0,95,58,92,98,464,1557,0,0,0,0,55,-9,41
5.425721,0,0,95,58,92,98,464,1557,0,0,0,0,55,-9,41
5.429807,0,1,95,58,92,98,464,1557,-1,0,0,0,55,-9,41
5.434242,0,0,95,58,92,98,464,1557,-1,0,0,0,55,-9,41
5.445774,0,0,95,58,92,98,464,1557,-1,0,0,0,55,-9,47
5.456051,1,1,95,58,92,98,466,1557,-1,0,0,0,56,-9,47
5.461244,0,1,95,58,92,98,466,1557,0,0,0,0,56,-9,47
5.465902,0,1,95,58,92,98,466,1557,0,0,-1,0,56,-9,47
5.477302,0,0,95,58,92,98,466,1557,0,0,-1,0,56,-9,59
5.487477,1,1,95,58,92,98,468,1557,0,0,-1,0,56,-8,59
5.492419,0,0,95,58,92,98,468,1557,0,0,-1,0,56,-8,59
5.508609,1,1,95,58,92,98,470,1557,0,0,-1,0,56,-9,35
5.518326,0,0,95,58,92,98,470,1557,0,0,-1,0,56,-9,35
5.522539,0,1,95,58,92,98,470,1557,-1,0,-1,0,56,-9,35
5.527586,0,0,95,58,92,98,470,1557,-1,0,-1,0,56,-9,35
5.539296,1,1,95,58,92,98,472,1557,-1,0,-1,0,55,-9,50
5.549641,0,0,95,58,92,98,472,1557,-1,0,-1,0,55,-9,50
5.554129,0,1,95,58,92,98,472,1557,0,0,-1,0,55,-9,50
5.558667,0,0,95,58,92,98,472,1557,0,0,-1,0,55,-9,49
5.570254,1,1,95,58,92,98,474,1557,0,0,-1,0,56,-9,49
5.580391,0,0,95,58,92,98,474,1557,0,0,-1,0,56,-9,49
5.584973,0,1,95,58,92,98,474,1557,0,0,0,0,56,-9,49
5.590002,0,1,95,58,92,98,474,1557,0,0,0,0,55,-9,68
5.601001,1,0,95,58,92,98,475,1557,0,0,0,0,55,-9,68
5.610588,0,0,95,58,92,98,475,1557,0,0,0,0,55,-9,68
5.615203,0,1,95,58,92,98,475,1557,0,0,-1,0,55,-9,68
5.619863,1,0,95,58,92,98,477,1557,0,0,-1,0,55,-9,77
5.631534,0,0,95,58,92,98,477,1557,0,0,-1,0,55,-9,77
5.641639,0,0,95,58,92,98,477,1557,0,0,-1,0,55,-9,77
5.646633,0,1,95,58,92,98,477,1557,0,0,0,0,55,-9,77
5.650875,1,0,95,58,92,98,479,1557,0,0,0,0,55,-9,54
5.662978,0,0,95,58,92,98,479,1557,0,0,0,0,55,-9,54
5.672623,0,0,95,58,92,98,479,1557,0,0,0,0,55,-9,54
5.677620,0,0,95,58,92,98,479,1557,0,0,0,0,55,-9,54
5.682512,1,0,95,58,92,98,481,1557,0,0,0,0,55,-9,66
5.693900,0,0,95,58,92,98,481,1557,0,0,0,0,55,-9,66
5.703395,0,0,95,58,92,98,481,1557,0,0,0,0,55,-9,66
5.707476,0,1,95,58,92,98,481,1557,0,0,-1,0,55,-9,66
5.711758,1,1,95,58,92,98,486,1557,0,0,-1,0,56,-9,55
5.724446,0,0,95,58,92,98,486,1557,0,0,-1,0,56,-9,55
5.728626,0,1,95,58,92,98,486,1557,-1,0,-1,0,56,-9,55
5.735919,0,1,95,58,92,98,486,1557,-1,0,0,0,56,-9,55
5.740443,1,1,95,58,92,98,488,1557,-1,0,0,0,55,-9,69
5.744642,0,0,95,58,92,98,488,1557,-1,0,0,0,55,-9,69
5.755480,0,0,95,58,92,98,488,1557,-1,0,0,0,55,-9,69
5.759706,0,1,95,58,92,98,488,1557,0,0,0,0,55,-9,69
5.766749,0,1,95,58,92,98,488,1557,0,0,-1,0,55,-9,69
5.770884,1,1,95,58,92,98,491,1557,0,0,-1,0,56,-9,77
5.775042,0,0,95,58,92,98,491,1557,0,0,-1,0,56,-9,77
5.786468,0,0,95,58,92,98,491,1557,0,0,-1,0,56,-9,77
5.796452,0,0,95,58,92,98,491,1557,0,0,-1,0,56,-9,77
5.801336,1,1,95,58,92,98,493,1557,0,0,0,0,55,-8,52
5.806023,0,0,95,58,92,98,493,1557,0,0,0,0,55,-8,52
5.818301,0,0,95,58,92,98,493,1557,0,0,0,0,55,-8,52
5.828854,0,0,95,58,92,98,493,1557,0,0,0,0,55,-8,52
5.834090,1,0,95,58,92,98,497,1557,0,0,0,0,55,-8,62
5.847569,0,0,95,58,92,98,497,1557,0,0,0,0,55,-8,62
5.852124,0,0,95,58,92,98,497,1557,0,0,0,0,55,-8,62
5.859722,0,0,95,58,92,98,497,1557,0,0,0,0,55,-8,54
5.864247,1,0,95,58,92,98,499,1557,0,0,0,0,55,-8,54
5.868348,0,0,95,58,92,98,499,1557,0,0,0,0,55,-8,54
5.879926,0,0,95,58,92,98,499,1557,0,0,0,0,55,-8,54
5.889384,0,1,95,58,92,98,499,1557,0,0,-1,0,55,-8,64
5.894411,1,1,95,58,92,98,500,1557,0,0,-1,0,56,-9,64
5.898574,0,0,95,58,92,98,500,1557,0,0,-1,0,56,-9,64
5.910901,0,0,95,58,92,98,500,1557,0,0,-1,0,56,-9,64
5.920686,0,1,95,58,92,98,500,1557,0,0,0,0,56,-9,40
5.924948,1,0,95,58,92,98,502,1557,0,0,0,0,56,-9,40
5.929475,0,0,95,58,92,98,502,1557,0,0,0,0,56,-9,40
5.941427,0,0,95,58,92,98,502,1557,0,0,0,0,56,-9,40
5.945855,1,0,95,58,92,98,503,1557,0,0,0,0,56,-9,54
5.953053,0,0,95,58,92,98,503,1557,0,0,0,0,56,-9,54
5.957158,0,0,95,58,92,98,503,1557,0,0,0,0,56,-9,54
5.961740,0,0,95,58,92,98,503,1557,0,0,0,0,56,-9,54
5.973227,0,1,95,58,92,98,503,1557,0,0,-1,0,56,-9,54
5.982766,1,0,95,58,92,98,505,1557,0,0,-1,0,56,-9,84
5.987810,0,0,95,58,92,98,505,1557,0,0,-1,0,56,-9,84
5.992762,0,0,95,58,92,98,505,1557,0,0,-1,0,56,-9,84
6.004227,0,1,95,58,92,98,505,1557,0,0,0,0,56,-9,84
6.013904,1,0,95,58,92,98,508,1557,0,0,0,0,56,-9,45
6.018944,0,0,95,58,92,98,508,1557,0,0,0,0,56,-9,45
6.023115,0,0,95,58,92,98,508,1557,0,0,0,0,56,-9,45
6.034770,0,1,95,58,92,98,508,1557,0,0,-1,0,56,-9,45
6.044451,0,0,95,58,92,98,508,1557,0,0,-1,0,56,-9,71
6.048991,1,0,95,58,92,98,510,1557,0,0,-1,0,56,-9,71
6.053973,0,0,95,58,92,98,510,1557,0,0,-1,0,56,-9,71
6.065928,0,0,95,58,92,98,510,1557,0,0,-1,0,56,-9,36
6.075439,1,0,95,58,92,98,513,1557,0,0,-1,0,56,-9,36
6.080402,0,0,95,58,92,98,513,1557,0,0,-1,0,56,-9,36
6.085048,0,0,95,58,92,98,513,1557,0,0,-1,0,56,-9,36
6.096851,0,0,95,58,92,98,513,1557,0,0,-1,0,56,-9,36
6.106691,1,1,95,58,92,98,516,1557,0,0,-1,0,55,-8,59
6.111678,0,0,95,58,92,98,516,1557,0,0,-1,0,55,-8,59
6.116299,0,1,95,58,92,98,516,1557,0,0,0,0,55,-8,59
6.127893,0,0,95,58,92,98,516,1557,0,0,0,0,55,-8,59
6.137392,0,0,95,58,92,98,516,1557,0,0,0,0,55,-8,59
6.142462,0,0,95,58,92,98,516,1557,0,0,0,0,55,-8,59
6.147090,0,0,95,58,92,98,516,1557,0,0,0,0,55,-8,59
6.159587,0,0,95,58,92,98,516,1557,0,0,0,0,55,-8,59
6.169488,0,0,95,58,92,98,516,1557,0,0,0,0,55,-8,59
6.174557,0,0,95,58,92,98,516,1557,0,0,0,0,55,-8,59
6.188358,0,0,95,58,92,98,516,1557,0,0,0,0,55,-8,63
6.193430,1,1,95,58,92,98,521,1557,0,0,0,0,55,-9,63
6.201625,0,0,95,58,92,98,521,1557,0,0,0,0,55,-9,63
6.205813,0,0,95,58,92,98,521,1557,0,0,0,0,55,-9,63
6.219357,0,1,95,58,92,98,521,1557,0,0,-1,0,55,-9,70
6.223924,1,1,95,58,92,98,523,1557,0,0,-1,0,56,-9,70
6.232088,0,0,95,58,92,98,523,1557,0,0,-1,0,56,-9,70
6.236294,0,1,95,58,92,98,523,1557,0,0,0,0,56,-9,70
6.240590,0,0,95,58,92,98,523,1557,0,0,0,0,56,-9,36
6.252054,1,1,95,58,92,98,524,1557,0,0,0,0,56,-10,36
6.261549,0,0,95,58,92,98,524,1557,0,0,0,0,56,-10,36
6.266569,0,0,95,58,92,98,524,1557,0,0,0,0,56,-10,36
6.271643,0,1,95,58,92,98,524,1557,0,0,0,0,55,-10,54
6.283236,1,1,95,58,92,98,526,1557,0,0,0,0,55,-9,54
6.292874,0,0,95,58,92,98,526,1557,0,0,0,0,55,-9,54
6.296992,0,0,95,58,92,98,526,1557,0,0,0,0,55,-9,54
6.301171,0,1,95,58,92,98,526,1557,0,0,-1,0,55,-9,54
6.313916,1,1,95,58,92,98,527,1557,0,0,-1,0,56,-10,42
6.323369,0,0,95,58,92,98,527,1557,0,0,-1,0,56,-10,42
6.327922,0,0,95,58,92,98,527,1557,0,0,-1,0,56,-10,42
6.332080,0,1,95,58,92,98,527,1557,0,0,0,0,56,-10,55
6.344407,1,1,95,58,92,98,528,1557,0,0,0,0,56,-9,55
6.348578,0,0,95,58,92,98,528,1557,0,0,0,0,56,-9,55
6.355901,0,0,95,58,92,98,528,1557,0,0,0,0,56,-9,55
6.360057,0,1,95,58,92,98,528,1557,0,0,-1,0,56,-9,55
6.364586,1,0,95,58,92,98,530,1557,0,0,-1,0,56,-9,44
6.376265,0,0,95,58,92,98,530,1557,0,0,-1,0,56,-9,44
6.385812,0,0,95,58,92,98,530,1557,0,0,-1,0,56,-9,44
6.389988,0,1,95,58,92,98,530,1557,0,0,0,0,56,-9,44
6.394543,1,1,95,58,92,98,535,1557,0,0,0,0,55,-9,64
6.406770,0,0,95,58,92,98,535,1557,0,0,0,0,55,-9,64
6.416324,0,0,95,58,92,98,535,1557,0,0,0,0,55,-9,64
6.420546,0,1,95,58,92,98,535,1557,0,0,-1,0,55,-9,64
6.425755,1,1,95,58,92,98,538,1557,0,0,-1,0,56,-9,66
6.438278,0,0,95,58,92,98,538,1557,0,0,-1,0,56,-9,66
6.447703,0,0,95,58,92,98,538,1557,0,0,-1,0,56,-9,66
6.451858,0,0,95,58,92,98,538,1557,0,0,-1,0,56,-9,55
6.456340,1,0,95,58,92,98,541,1557,0,0,-1,0,56,-9,55
6.468803,0,0,95,58,92,98,541,1557,0,0,-1,0,56,-9,55
6.478937,0,0,95,58,92,98,541,1557,0,0,-1,0,56,-9,55
6.483965,1,0,95,58,92,98,543,1557,0,0,-1,0,56,-9,65
6.488899,0,1,95,58,92,98,543,1557,0,0,-1,0,56,-8,65
6.499877,0,0,95,58,92,98,543,1557,0,0,-1,0,56,-8,65
6.509591,0,1,95,58,92,98,543,1557,0,0,0,0,56,-8,65
6.514275,1,1,95,58,92,98,545,1557,0,0,0,0,56,-9,41
6.518917,0,0,95,58,92,98,545,1557,0,0,0,0,56,-9,41
6.530963,0,0,95,58,92,98,545,1557,0,0,0,0,56,-9,41
6.540452,0,1,95,58,92,98,545,1557,-1,0,0,0,56,-9,41
6.545004,1,1,95,58,92,98,549,1557,-1,0,-1,0,56,-8,69
6.549659,0,0,95,58,92,98,549,1557,-1,0,-1,0,56,-8,69
6.562306,0,1,95,58,92,98,549,1557,0,0,-1,0,56,-8,69
6.572694,0,0,95,58,92,98,549,1557,0,0,-1,0,56,-8,60
6.576916,1,1,95,58,92,98,551,1557,0,0,-1,0,56,-9,60
6.581569,0,0,95,58,92,98,551,1557,0,0,-1,0,56,-9,60
6.593295,0,1,95,58,92,98,551,1557,-1,0,-1,0,56,-9,60
6.603331,0,1,95,58,92,98,551,1557,-1,0,0,0,56,-9,55
6.608374,1,0,95,58,92,98,553,1557,-1,0,0,0,56,-9,55
6.622314,0,0,95,58,92,98,553,1557,-1,0,0,0,56,-9,55
6.627299,0,1,95,58,92,98,553,1557,-1,0,-1,0,56,-9,55
6.635384,1,0,95,58,92,98,554,1557,-1,0,-1,0,56,-9,66
6.640382,0,0,95,58,92,98,554,1557,-1,0,-1,0,56,-9,66
6.653771,0,1,95,58,92,98,554,1557,0,0,-1,0,56,-9,66
6.659131,0,0,95,58,92,98,554,1557,0,0,-1,0,56,-9,66
6.666825,1,1,95,58,92,98,556,1557,0,0,-1,0,56,-8,68
6.671019,0,0,95,58,92,98,556,1557,0,0,-1,0,56,-8,68
6.684456,0,0,95,58,92,98,556,1557,0,0,-1,0,56,-8,68
6.688918,0,1,95,58,92,98,556,1557,-1,0,-1,0,56,-8,68
6.697395,1,0,95,58,92,98,558,1557,-1,0,-1,0,56,-8,78
6.702352,0,0,95,58,92,98,558,1557,-1,0,-1,0,56,-8,78
6.715794,0,1,95,58,92,98,558,1557,0,0,-1,0,56,-8,78
6.719968,0,0,95,58,92,98,558,1557,0,0,-1,0,56,-8,78
6.728334,1,0,95,58,92,98,562,1557,0,0,-1,0,56,-8,102
6.732888,0,0,95,58,92,98,562,1557,0,0,-1,0,56,-8,102
6.746299,0,0,95,58,92,98,562,1557,0,0,-1,0,56,-8,102
6.751264,0,0,95,58,92,98,562,1557,0,0,-1,0,56,-8,79
6.759793,1,1,95,58,92,98,565,1557,0,0,-1,0,56,-9,79
6.764448,0,0,95,58,92,98,565,1557,0,0,-1,0,56,-9,79
6.778268,0,1,95,58,92,98,565,1557,-1,0,-1,0,56,-9,79
6.782479,0,0,95,58,92,98,565,1557,-1,0,-1,0,56,-9,91
6.789988,1,1,95,58,92,98,567,1557,-1,0,-1,0,56,-8,91
6.794162,0,0,95,58,92,98,567,1557,-1,0,-1,0,56,-8,91
6.798354,0,1,95,58,92,98,567,1557,0,0,-1,0,56,-8,91
6.809852,0,0,95,58,92,98,567,1557,0,0,-1,0,56,-8,118
6.819404,1,1,95,58,92,98,569,1557,0,0,-1,0,55,-9,118
6.823938,0,0,95,58,92,98,569,1557,0,0,-1,0,55,-9,118
6.828160,0,1,95,58,92,98,569,1557,-1,0,-1,0,55,-9,118
6.842102,0,0,95,58,92,98,569,1557,-1,0,-1,0,55,-9,118
6.853370,1,1,95,58,92,98,571,1557,-1,0,-1,0,56,-9,103
6.859202,0,1,95,58,92,98,571,1557,0,0,-1,0,56,-9,103
6.872894,0,0,95,58,92,98,571,1557,0,0,-1,0,56,-9,102
6.882848,1,0,95,58,92,98,572,1557,0,0,-1,0,56,-9,102
6.887001,0,0,95,58,92,98,572,1557,0,0,-1,0,56,-9,102
6.891199,0,0,95,58,92,98,572,1557,0,0,-1,0,56,-9,102
6.903105,0,0,95,58,92,98,572,1557,0,0,-1,0,56,-9,90
6.912875,1,0,95,58,92,98,574,1557,0,0,-1,0,56,-9,90
6.917890,0,0,95,58,92,98,574,1557,0,0,-1,0,56,-9,90
6.922057,0,0,95,58,92,98,574,1557,0,0,-1,0,56,-9,90
6.934422,1,0,95,58,92,98,576,1557,0,0,-1,0,56,-9,95
6.944695,0,0,95,58,92,98,576,1557,0,0,-1,0,56,-9,95
6.948950,0,0,95,58,92,98,576,1557,0,0,-1,0,56,-9,95
6.953484,0,0,95,58,92,98,576,1557,0,0,-1,0,56,-9,95
6.964760,1,0,95,58,92,98,578,1557,0,0,-1,0,56,-9,96
6.968916,0,0,95,58,92,98,578,1557,0,0,-1,0,56,-9,96
6.975921,0,0,95,58,92,98,578,1557,0,0,-1,0,56,-9,96
6.980855,0,1,95,58,92,98,578,1557,0,0,0,0,56,-9,96
6.994257,1,0,95,58,92,98,581,1557,0,0,0,0,56,-9,97
6.998410,0,0,95,58,92,98,581,1557,0,0,0,0,56,-9,97
7.006843,0,0,95,58,92,98,581,1557,0,0,0,0,56,-9,97
7.011330,0,1,95,58,92,98,581,1557,0,0,-1,0,56,-9,97
7.015504,1,0,95,58,92,98,583,1557,0,0,-1,0,56,-9,89
7.026383,0,0,95,58,92,98,583,1557,0,0,-1,0,56,-9,89
7.030568,0,0,95,58,92,98,583,1557,0,0,-1,0,56,-9,89
7.037868,0,1,95,58,92,98,583,1557,-1,0,-1,0,56,-9,89
7.043196,0,1,95,58,92,98,583,1557,-1,0,0,0,56,-9,89
7.056652,1,1,95,58,92,98,585,1557,-1,0,0,0,55,-10,66
7.061253,0,0,95,58,92,98,585,1557,-1,0,0,0,55,-10,66
7.068608,0,0,95,58,92,98,585,1557,-1,0,0,0,55,-10,66
7.072723,0,1,95,58,92,98,585,1557,-1,0,-1,0,55,-10,66
7.076813,1,0,95,58,92,98,589,1557,-1,0,-1,0,55,-10,85
7.088362,0,0,95,58,92,98,589,1557,-1,0,-1,0,55,-10,85
7.092572,0,0,95,58,92,98,589,1557,-1,0,-1,0,55,-10,85
7.100562,0,1,95,58,92,98,589,1557,0,0,-1,0,55,-10,85
7.104776,0,0,95,58,92,98,589,1557,0,0,-1,0,55,-10,80
7.118342,1,0,95,58,92,98,591,1557,0,0,-1,0,55,-10,80
7.122556,0,1,95,58,92,98,591,1557,-1,0,-1,0,55,-10,80
7.131647,0,1,95,58,92,98,591,1557,-1,0,0,0,55,-10,80
7.135772,1,0,95,58,92,98,593,1557,-1,0,0,0,55,-10,106
7.149353,0,0,95,58,92,98,593,1557,-1,0,0,0,55,-10,106
7.154390,0,0,95,58,92,98,593,1557,-1,0,0,0,55,-10,106
7.162489,0,1,95,58,92,98,593,1557,0,0,0,0,55,-10,106
7.167045,1,0,95,58,92,98,595,1557,0,0,0,0,55,-10,91
7.180408,0,0,95,58,92,98,595,1557,0,0,0,0,55,-10,91
7.184991,0,0,95,58,92,98,595,1557,0,0,0,0,55,-10,91
7.192787,0,1,95,58,92,98,595,1557,0,0,-1,0,55,-10,91
7.197806,1,1,95,58,92,98,597,1557,0,0,-1,0,54,-10,50
7.211295,0,0,95,58,92,98,597,1557,0,0,-1,0,54,-10,50
7.216213,0,1,95,58,92,98,597,1557,-1,0,-1,0,54,-10,50
7.224584,0,0,95,58,92,98,597,1557,-1,0,-1,0,54,-10,50
7.228885,0,0,95,58,92,98,597,1557,-1,0,-1,0,54,-10,50
7.242500,0,0,95,58,92,98,597,1557,-1,0,-1,0,54,-10,50
7.247906,0,1,95,58,92,98,597,1557,0,0,-1,0,54,-10,50
7.254891,0,0,95,58,92,98,597,1557,0,0,-1,0,54,-10,63
7.259051,1,0,95,58,92,98,599,1557,0,0,-1,0,54,-10,63
7.263294,0,0,95,58,92,98,599,1557,0,0,-1,0,54,-10,63
7.275186,0,1,95,58,92,98,599,1557,-1,0,-1,0,54,-10,63
7.284625,0,1,95,58,92,98,599,1557,-1,0,0,0,54,-10,63
7.289251,1,0,95,58,92,98,600,1557,-1,0,0,0,54,-10,65
7.293532,0,0,95,58,92,98,600,1557,-1,0,0,0,54,-10,65
7.305840,0,1,95,58,92,98,600,1557,0,0,0,0,54,-10,65
7.315616,0,1,95,58,92,98,600,1557,0,0,-1,0,54,-10,64
7.319944,1,1,95,58,92,98,602,1557,0,0,-1,0,55,-9,64
7.324256,0,0,95,58,92,98,602,1557,0,0,-1,0,55,-9,64
7.336952,0,1,95,58,92,98,602,1557,-1,0,-1,0,55,-9,64
7.346317,0,0,95,58,92,98,602,1557,-1,0,-1,0,55,-9,51
7.350545,1,1,95,58,92,98,606,1557,-1,0,-1,0,54,-9,51
7.354809,0,0,95,58,92,98,606,1557,-1,0,-1,0,54,-9,51
7.368155,0,1,95,58,92,98,606,1557,0,0,-1,0,54,-9,51
7.377562,1,1,95,58,92,98,609,1557,0,0,-1,0,55,-9,73
7.382086,0,0,95,58,92,98,609,1557,0,0,-1,0,55,-9,73
7.387293,0,0,95,58,92,98,609,1557,0,0,-1,0,55,-9,73
7.399471,0,0,95,58,92,98,609,1557,0,0,-1,0,55,-9,73
7.409949,1,1,95,58,92,98,611,1557,0,0,-1,0,54,-10,71
7.414989,0,0,95,58,92,98,611,1557,0,0,-1,0,54,-10,71
7.428541,0,1,95,58,92,98,611,1557,-1,0,-1,0,54,-10,71
7.433756,1,1,95,58,92,98,613,1557,-1,0,-1,0,55,-10,110
7.441425,0,0,95,58,92,98,613,1557,-1,0,-1,0,55,-10,110
7.446386,0,0,95,58,92,98,613,1557,-1,0,-1,0,55,-10,110
7.460296,0,1,95,58,92,98,613,1557,0,0,-1,0,55,-10,110
7.464865,1,0,95,58,92,98,616,1557,0,0,-1,0,55,-10,90
7.472466,0,0,95,58,92,98,616,1557,0,0,-1,0,55,-10,90
7.476712,0,0,95,58,92,98,616,1557,0,0,-1,0,55,-10,90
7.490370,1,0,95,58,91,98,616,1557,0,0,-1,0,55,-10,90
7.495349,0,0,95,58,91,98,616,1557,0,0,-1,0,55,-10,90
7.503596,0,0,95,58,91,98,616,1557,0,0,-1,0,55,-10,90
7.508231,0,0,95,58,91,98,616,1557,0,0,-1,0,55,-10,90
7.521513,1,0,95,58,92,98,616,1557,0,0,-1,0,55,-10,90
7.526581,1,0,95,58,92,98,622,1557,0,0,-1,0,55,-10,137
7.534503,0,0,95,58,92,98,622,1557,0,0,-1,0,55,-10,137
7.539210,0,0,95,58,92,98,622,1557,0,0,-1,0,55,-10,137
7.552549,0,0,95,58,92,98,622,1557,0,0,-1,0,55,-10,101
7.557591,1,0,95,58,92,98,625,1557,0,0,-1,0,55,-10,101
7.565349,0,0,95,58,92,98,625,1557,0,0,-1,0,55,-10,101
7.569907,0,0,95,58,92,98,625,1557,0,0,-1,0,55,-10,101
7.583283,0,0,95,58,92,98,625,1557,0,0,-1,0,55,-10,145
7.587868,1,1,95,58,92,98,627,1557,0,0,-1,0,54,-10,145
7.595809,0,0,95,58,92,98,627,1557,0,0,-1,0,54,-10,145
7.599979,0,0,95,58,92,98,627,1557,0,0,-1,0,54,-10,145
7.604170,0,0,95,58,92,98,627,1557,0,0,-1,0,54,-10,111
7.615824,1,1,95,58,92,98,630,1557,0,0,-1,0,55,-10,111
7.625422,0,0,95,58,92,98,630,1557,0,0,-1,0,55,-10,111
7.629715,0,1,95,58,92,98,630,1557,-1,0,-1,0,55,-10,111
7.633773,0,1,95,58,92,98,630,1557,-1,0,0,0,55,-10,111
7.646824,1,1,95,58,92,98,632,1557,-1,0,0,0,54,-10,90
7.656611,0,0,95,58,92,98,632,1557,-1,0,0,0,54,-10,90
7.661752,0,1,95,58,92,98,632,1557,-1,0,-1,0,54,-10,90
7.666267,1,0,95,58,92,98,634,1557,-1,0,-1,0,54,-10,114
7.677499,0,0,95,58,92,98,634,1557,-1,0,-1,0,54,-10,114
7.687609,0,0,95,58,92,98,634,1557,-1,0,-1,0,54,-10,114
7.692618,1,0,95,58,91,98,634,1557,-1,0,-1,0,54,-10,114
7.697209,1,0,95,58,91,98,637,1557,-1,0,-1,0,54,-10,113
7.708403,0,0,95,58,91,98,637,1557,-1,0,-1,0,54,-10,113
7.718476,0,0,95,58,91,98,637,1557,-1,0,-1,0,54,-10,113
7.723465,0,1,95,58,91,98,637,1557,-1,0,0,0,54,-10,113
7.728467,1,1,95,58,91,98,639,1557,-1,0,0,0,55,-10,98
7.740320,0,0,95,58,91,98,639,1557,-1,0,0,0,55,-10,98
7.749986,0,0,95,58,91,98,639,1557,-1,0,0,0,55,-10,98
7.754992,1,1,95,58,92,98,639,1557,-1,0,0,0,54,-10,102
7.760059,1,1,95,58,92,98,641,1557,-1,0,0,0,54,-11,102
7.771393,0,0,95,58,92,98,641,1557,-1,0,0,0,54,-11,102
7.781736,0,0,95,58,92,98,641,1557,-1,0,0,0,54,-11,102
7.787330,1,1,95,58,92,98,642,1557,-1,0,0,0,54,-10,89
7.801136,0,0,95,58,92,98,642,1557,-1,0,0,0,54,-10,89
7.805438,0,0,95,58,92,98,642,1557,-1,0,0,0,54,-10,89
7.813388,1,1,95,58,91,98,642,1557,-1,0,-1,0,54,-10,89
7.818441,1,0,95,58,91,98,645,1557,-1,0,-1,0,54,-10,108
7.832246,0,0,95,58,91,98,645,1557,-1,0,-1,0,54,-10,108
7.842428,0,1,95,58,91,98,645,1557,0,0,-1,0,54,-10,108
7.847064,1,1,95,58,92,98,646,1557,0,0,-1,0,55,-10,104
7.852025,0,0,95,58,92,98,646,1557,0,0,-1,0,55,-10,104
7.864110,0,0,95,58,92,98,646,1557,0,0,-1,0,55,-10,104
7.873798,0,1,95,58,92,98,646,1557,0,0,0,0,55,-10,104
7.878411,1,1,95,58,92,98,648,1557,0,0,0,0,55,-11,62
7.883058,0,0,95,58,92,98,648,1557,0,0,0,0,55,-11,62
7.894589,0,1,95,58,92,98,648,1557,-1,0,0,0,55,-11,62
7.904460,0,0,95,58,92,98,648,1557,-1,0,0,0,55,-11,62
7.909481,0,0,95,58,92,98,648,1557,-1,0,0,0,55,-11,62
7.914458,0,0,95,58,92,98,648,1557,-1,0,0,0,55,-11,62
7.926287,0,1,95,58,92,98,648,1557,0,0,0,0,55,-11,62
7.936406,0,1,95,58,92,98,648,1557,0,0,-1,0,55,-11,51
7.941458,1,0,95,58,92,98,651,1557,0,0,-1,0,55,-11,51
7.946025,0,0,95,58,92,98,651,1557,0,0,-1,0,55,-11,51
7.956658,0,1,95,58,92,98,651,1557,-1,0,-1,0,55,-11,51
7.960871,1,1,95,58,91,98,651,1557,-1,0,0,0,55,-11,51
7.968964,1,1,95,58,91,98,653,1557,-1,0,0,0,56,-11,87
7.973958,0,0,95,58,91,98,653,1557,-1,0,0,0,56,-11,87
7.987470,0,1,95,58,91,98,653,1557,0,0,0,0,56,-11,87
7.997431,1,1,95,58,92,98,653,1557,0,0,-1,0,56,-11,56
8.002086,1,1,95,58,92,98,656,1557,0,0,-1,0,55,-11,56
8.007088,0,0,95,58,92,98,656,1557,0,0,-1,0,55,-11,56
8.018835,0,0,95,58,92,98,656,1557,0,0,-1,0,55,-11,56
8.028363,0,1,95,58,92,98,656,1557,0,0,0,0,55,-11,83
8.032883,1,1,95,58,92,98,659,1557,0,0,0,0,56,-11,83
8.037502,0,0,95,58,92,98,659,1557,0,0,0,0,56,-11,83
8.049849,0,1,95,58,92,98,659,1557,0,0,-1,0,56,-11,83
8.059779,1,0,95,58,92,98,662,1557,0,0,-1,0,56,-11,89
8.065168,0,0,95,58,92,98,662,1557,0,0,-1,0,56,-11,89
8.079454,0,0,95,58,92,98,662,1557,0,0,-1,0,56,-11,89
8.085021,0,1,95,58,92,98,662,1557,0,0,0,0,56,-11,-54
8.092804,1,0,95,58,92,98,666,1557,0,0,0,0,56,-11,-54
8.097366,0,0,95,58,92,98,666,1557,0,0,0,0,56,-11,-54
8.111299,0,1,95,58,92,98,666,1557,0,0,-1,0,56,-11,-54
8.121419,0,1,95,58,92,98,666,1557,0,0,-1,0,54,-10,0
8.126106,0,0,95,58,92,98,666,1557,0,0,-1,0,54,-10,0
8.130357,0,1,95,58,92,98,666,1557,-1,0,-1,0,54,-10,0
8.145630,0,0,95,58,92,98,666,1557,-1,0,-1,0,54,-10,0
8.154722,0,0,95,58,92,98,666,1557,-1,0,-1,0,54,-10,0
8.159966,0,0,95,58,92,98,666,1557,-1,0,-1,0,54,-10,0
8.173586,0,1,95,58,92,98,666,1557,0,0,0,0,54,-10,0
8.183431,0,1,95,58,92,98,666,1557,0,0,0,0,53,-11,0
8.187720,0,0,95,58,92,98,666,1557,0,0,0,0,53,-11,0
8.191826,0,1,95,58,92,98,666,1557,-1,0,0,0,53,-11,0
8.205230,0,1,95,58,92,98,666,1557,-1,0,-1,0,53,-11,0
8.214631,1,1,95,58,92,98,667,1557,-1,0,-1,0,55,-11,90
8.218749,0,0,95,58,92,98,667,1557,-1,0,-1,0,55,-11,90
8.223751,0,0,95,58,92,98,667,1557,-1,0,-1,0,55,-11,90
8.235690,0,0,95,58,92,98,667,1557,-1,0,-1,0,55,-11,0
8.239798,1,1,95,58,92,98,669,1557,-1,0,-1,0,53,-11,0
8.247132,0,0,95,58,92,98,669,1557,-1,0,-1,0,53,-11,0
8.251988,0,1,95,58,92,98,669,1557,0,0,-1,0,53,-11,0
8.265310,0,0,95,58,92,98,669,1557,0,0,-1,0,53,-11,0
8.269529,0,1,95,58,92,98,669,1557,0,0,-1,0,53,-10,0
8.278402,0,0,95,58,92,98,669,1557,0,0,-1,0,53,-10,0
8.282704,0,0,95,58,92,98,669,1557,0,0,-1,0,53,-10,0
8.296483,1,1,95,58,91,98,669,1557,0,0,0,0,53,-10,0
8.302319,0,1,95,58,91,98,669,1557,0,0,0,0,52,-11,0
8.309231,0,0,95,58,91,98,669,1557,0,0,0,0,52,-11,0
8.313744,0,0,95,58,91,98,669,1557,0,0,0,0,52,-11,0
8.317869,1,1,95,58,92,98,669,1557,0,0,-1,0,52,-11,0
8.329451,0,1,95,58,92,98,669,1557,0,0,-1,0,52,-10,0
8.339220,0,0,95,58,92,98,669,1557,0,0,-1,0,52,-10,0
8.343794,0,1,95,58,92,98,669,1557,-1,0,-1,0,52,-10,0
8.347891,0,0,95,58,92,98,669,1557,-1,0,-1,0,52,-10,0
8.360338,0,0,95,58,92,98,669,1557,-1,0,-1,0,52,-10,0
8.369916,0,0,95,58,92,98,669,1557,-1,0,-1,0,52,-10,0
8.374510,0,0,95,58,92,98,669,1557,-1,0,-1,0,52,-10,0
8.379508,0,1,95,58,92,98,669,1557,-1,0,-1,0,53,-10,0
8.391193,0,0,95,58,92,98,669,1557,-1,0,-1,0,53,-10,0
8.393782,0,0,95,58,92,98,669,1557,-1,0,-1,0,53,-10,0
8.402469,0,1,95,58,92,98,669,1557,0,0,-1,0,53,-10,0
8.407475,0,1,95,58,92,98,669,1557,0,0,0,0,53,-10,0
8.421373,0,1,95,58,92,98,669,1557,0,0,0,0,52,-11,0
8.431699,0,0,95,58,92,98,669,1557,0,0,0,0,52,-11,0
8.436690,1,1,95,58,91,98,669,1557,-1,0,0,0,52,-11,0
8.441720,0,1,95,58,91,98,669,1557,-1,0,0,0,52,-10,0
8.453267,0,0,95,58,91,98,669,1557,-1,0,0,0,52,-10,0
8.463405,0,0,95,58,91,98,669,1557,-1,0,0,0,52,-10,0
8.467654,1,0,95,58,92,98,669,1557,-1,0,0,0,52,-10,0
8.472315,0,1,95,58,92,98,669,1557,-1,0,0,0,53,-11,0
8.483880,0,0,95,58,92,98,669,1557,-1,0,0,0,53,-11,0
8.493727,0,0,95,58,92,98,669,1557,-1,0,0,0,53,-11,0
8.498347,0,1,95,58,92,98,669,1557,-1,0,-1,0,53,-11,0
8.502560,0,0,95,58,92,98,669,1557,-1,0,-1,0,53,-11,0
8.514792,0,0,95,58,92,98,669,1557,-1,0,-1,0,53,-11,0
8.527004,1,1,95,58,91,98,669,1557,0,0,0,0,53,-11,0
8.531141,0,1,95,58,91,98,669,1557,0,0,0,0,53,-10,0
8.544321,0,0,95,58,91,98,669,1557,0,0,0,0,53,-10,0
8.548242,0,0,95,58,91,98,669,1557,0,0,0,0,53,-10,0
8.556943,1,0,95,58,92,98,669,1557,0,0,0,0,53,-10,0
8.561072,0,1,95,58,92,98,669,1557,0,0,0,0,55,-11,103
8.565192,0,0,95,58,92,98,669,1557,0,0,0,0,55,-11,103
8.576504,0,0,95,58,92,98,669,1557,0,0,0,0,55,-11,103
8.580624,0,0,95,58,92,98,669,1557,0,0,0,0,55,-11,103
8.587702,0,0,95,58,92,98,669,1557,0,0,0,0,55,-11,103
8.592096,1,1,95,58,92,98,670,1557,0,0,0,0,54,-10,104
8.596359,0,0,95,58,92,98,670,1557,0,0,0,0,54,-10,104
8.607452,0,0,95,58,92,98,670,1557,0,0,0,0,54,-10,104
8.611547,0,1,95,58,92,98,670,1557,0,0,-1,0,54,-10,104
8.618808,0,0,95,58,92,98,670,1557,0,0,-1,0,54,-10,10
8.622896,1,1,95,58,92,98,672,1557,0,0,-1,0,55,-11,10
8.627039,0,0,95,58,92,98,672,1557,0,0,-1,0,55,-11,10
8.638832,0,1,95,58,92,98,672,1557,-1,0,-1,0,55,-11,10
8.642915,0,0,95,58,92,98,672,1557,-1,0,-1,0,55,-11,10
8.649804,0,0,95,58,92,98,672,1557,-1,0,-1,0,55,-11,0
8.654009,0,1,95,58,92,98,672,1557,-1,0,-1,0,53,-11,0
8.658563,0,0,95,58,92,98,672,1557,-1,0,-1,0,53,-11,0
8.669577,0,1,95,58,92,98,672,1557,0,0,-1,0,53,-11,0
8.679631,0,0,95,58,92,98,672,1557,0,0,-1,0,53,-11,0
8.684040,0,0,95,58,92,98,672,1557,0,0,-1,0,53,-11,0
8.689086,0,0,95,58,92,98,672,1557,0,0,-1,0,53,-11,0
8.700938,0,1,95,58,92,98,672,1557,-1,0,-1,0,53,-11,0
8.710618,1,0,95,58,91,98,672,1557,-1,0,-1,0,53,-11,0
8.715621,0,0,95,58,91,98,672,1557,-1,0,-1,0,53,-11,0
8.720624,0,1,95,58,91,98,672,1557,0,0,-1,0,53,-11,0
8.731916,0,0,95,58,91,98,672,1557,0,0,-1,0,53,-11,0
8.741457,1,1,95,58,92,98,672,1557,0,0,-1,0,52,-11,0
8.746470,0,0,95,58,92,98,672,1557,0,0,-1,0,52,-11,0
8.751415,0,0,95,58,92,98,672,1557,0,0,-1,0,52,-11,0
8.763292,0,1,95,58,92,98,672,1557,0,0,0,0,52,-11,0
8.773588,0,1,95,58,92,98,672,1557,0,0,0,0,53,-11,0
8.776739,0,0,95,58,92,98,672,1557,0,0,0,0,53,-11,0
8.781285,0,0,95,58,92,98,672,1557,0,0,0,0,53,-11,0
8.793490,0,0,95,58,92,98,672,1557,0,0,0,0,53,-11,0
8.797691,0,0,95,58,92,98,672,1557,0,0,0,0,53,-11,0
8.805288,0,0,95,58,92,98,672,1557,0,0,0,0,53,-11,0
8.809469,0,0,95,58,92,98,672,1557,0,0,0,0,53,-11,0
8.813964,0,0,95,58,92,98,672,1557,0,0,0,0,53,-11,0
8.824907,1,1,95,58,91,98,672,1557,0,0,-1,0,53,-11,0
8.834384,0,1,95,58,91,98,672,1557,0,0,-1,0,52,-11,0
8.838876,0,0,95,58,91,98,672,1557,0,0,-1,0,52,-11,0
8.843411,0,0,95,58,91,98,672,1557,0,0,-1,0,52,-11,0
8.856069,0,0,95,58,91,98,672,1557,0,0,-1,0,52,-11,0
8.865400,0,0,95,58,91,98,672,1557,0,0,-1,0,52,-11,0
8.869617,0,0,95,58,91,98,672,1557,0,0,-1,0,52,-11,0
8.873766,0,0,95,58,91,98,672,1557,0,0,-1,0,52,-11,0
8.886428,1,0,95,58,92,98,672,1557,0,0,-1,0,52,-11,0
8.890576,0,1,95,58,92,98,672,1557,0,0,-1,0,52,-10,0
8.898719,0,0,95,58,92,98,672,1557,0,0,-1,0,52,-10,0
8.906206,0,0,95,58,92,98,672,1557,0,0,-1,0,52,-10,0
8.918156,0,1,95,58,92,98,672,1557,0,0,-1,0,53,-10,0
8.927622,0,0,95,58,92,98,672,1557,0,0,-1,0,53,-10,0
8.932550,0,0,95,58,92,98,672,1557,0,0,-1,0,53,-10,0
8.937572,0,0,95,58,92,98,672,1557,0,0,-1,0,53,-10,0
8.949187,0,1,95,58,92,98,672,1557,0,0,-1,0,52,-11,0
8.958533,0,0,95,58,92,98,672,1557,0,0,-1,0,52,-11,0
8.963112,0,1,95,58,92,98,672,1557,-1,0,-1,0,52,-11,0
8.968128,0,0,95,58,92,98,672,1557,-1,0,-1,0,52,-11,0
8.979945,0,0,95,58,92,98,672,1557,-1,0,-1,0,52,-11,0
8.989767,0,0,95,58,92,98,672,1557,-1,0,-1,0,52,-11,0
8.994597,0,1,95,58,92,98,672,1557,0,0,-1,0,52,-11,0
8.998772,0,0,95,58,92,98,672,1557,0,0,-1,0,52,-11,0
9.011218,0,0,95,58,92,98,672,1557,0,0,-1,0,52,-11,0
9.020700,0,0,95,58,92,98,672,1557,0,0,-1,0,52,-11,0
9.024815,0,1,95,58,92,98,672,1557,0,0,0,0,52,-11,0
9.029661,0,0,95,58,92,98,672,1557,0,0,0,0,52,-11,0
9.041625,0,0,95,58,92,98,672,1557,0,0,0,0,52,-11,0
9.051441,0,0,95,58,92,98,672,1557,0,0,0,0,52,-11,0
9.055705,0,1,95,58,92,98,672,1557,0,0,-1,0,52,-11,0
9.059927,0,0,95,58,92,98,672,1557,0,0,-1,0,52,-11,0
9.061760,0,0,95,58,92,98,672,1557,0,0,-1,0,52,-11,0
9.073338,0,0,95,58,92,98,672,1557,0,0,-1,0,52,-11,0
9.083724,0,0,95,58,92,98,672,1557,0,0,-1,0,52,-11,0
9.089360,0,0,95,58,92,98,672,1557,0,0,-1,0,52,-11,0
9.103786,0,1,95,58,92,98,672,1557,0,0,-1,0,52,-10,0
9.113830,0,0,95,58,92,98,672,1557,0,0,-1,0,52,-10,0
9.119496,0,1,95,58,92,98,672,1557,0,0,-1,0,53,-10,0
9.133255,0,1,95,58,92,98,672,1557,0,0,-1,0,53,-11,0
9.137417,0,0,95,58,92,98,672,1557,0,0,-1,0,53,-11,0
9.145641,0,1,95,58,92,98,672,1557,0,0,0,0,53,-11,0
9.149796,0,1,95,58,92,98,672,1557,0,0,0,0,52,-11,0
9.154763,0,0,95,58,92,98,672,1557,0,0,0,0,52,-11,0
9.165772,0,0,95,58,92,98,672,1557,0,0,0,0,52,-11,0
9.175641,0,1,95,58,92,98,672,1557,0,0,-1,0,52,-11,0
9.179793,0,0,95,58,92,98,672,1557,0,0,-1,0,52,-11,0
9.196661,0,0,95,58,92,98,672,1557,0,0,-1,0,52,-11,0
9.200859,0,0,95,58,92,98,672,1557,0,0,-1,0,52,-11,0
9.208737,0,0,95,58,92,98,672,1557,0,0,-1,0,52,-11,0
9.213191,0,0,95,58,92,98,672,1557,0,0,-1,0,52,-11,0
9.226782,0,0,95,58,92,98,672,1557,0,0,-1,0,52,-11,0
9.230900,0,0,95,58,92,98,672,1557,0,0,-1,0,52,-11,0
9.238571,0,0,95,58,92,98,672,1557,0,0,-1,0,52,-11,0
9.243794,0,1,95,58,92,98,672,1557,0,0,-1,0,54,-11,78
9.257334,0,0,95,58,92,98,672,1557,0,0,-1,0,54,-11,78
9.262274,0,0,95,58,92,98,672,1557,0,0,-1,0,54,-11,78
9.270695,0,1,95,58,92,98,672,1557,0,0,0,0,54,-11,78
9.275770,0,0,95,58,92,98,672,1557,0,0,0,0,54,-11,78
9.289246,0,0,95,58,92,98,672,1557,0,0,0,0,54,-11,78
9.299398,0,0,95,58,92,98,672,1557,0,0,0,0,54,-11,78
9.304012,1,1,95,58,92,98,675,1557,0,0,0,0,52,-11,0
9.308932,0,0,95,58,92,98,675,1557,0,0,0,0,52,-11,0
9.320870,0,0,95,58,92,98,675,1557,0,0,0,0,52,-11,0
9.330460,0,0,95,58,92,98,675,1557,0,0,0,0,52,-11,0
9.334946,0,0,95,58,92,98,675,1557,0,0,0,0,52,-11,0
9.339190,0,0,95,58,92,98,675,1557,0,0,0,0,52,-11,0
9.351880,0,0,95,58,92,98,675,1557,0,0,0,0,52,-11,0
9.361791,0,0,95,58,92,98,675,1557,0,0,0,0,52,-11,0
9.367200,0,1,95,58,92,98,675,1557,0,0,0,0,52,-10,0
9.381543,0,0,95,58,92,98,675,1557,0,0,0,0,52,-10,0
9.392542,0,1,95,58,92,98,675,1557,0,0,-1,0,52,-10,0
9.397858,0,1,95,58,92,98,675,1557,0,0,-1,0,52,-11,0
9.402821,0,0,95,58,92,98,675,1557,0,0,-1,0,52,-11,0
9.414269,0,0,95,58,92,98,675,1557,0,0,-1,0,52,-11,0
9.424435,0,0,95,58,92,98,675,1557,0,0,-1,0,52,-11,0
9.429428,0,0,95,58,92,98,675,1557,0,0,-1,0,52,-11,0
9.434043,0,0,95,58,92,98,675,1557,0,0,-1,0,52,-11,0
9.445397,0,1,95,58,92,98,675,1557,0,0,0,0,52,-11,0
9.455582,0,0,95,58,92,98,675,1557,0,0,0,0,52,-11,0
9.457847,0,0,95,58,92,98,675,1557,0,0,0,0,52,-11,0
9.462747,0,0,95,58,92,98,675,1557,0,0,0,0,52,-11,0
9.475496,0,0,95,58,92,98,675,1557,0,0,0,0,52,-11,0
9.485389,0,1,95,58,92,98,675,1557,0,0,0,0,53,-11,0
9.489594,0,0,95,58,92,98,675,1557,0,0,0,0,53,-11,0
9.493789,0,0,95,58,92,98,675,1557,0,0,0,0,53,-11,0
9.506456,0,0,95,58,92,98,675,1557,0,0,0,0,53,-11,0
9.510636,0,1,95,58,92,98,675,1557,0,0,0,0,53,-10,0
9.517750,0,0,95,58,92,98,675,1557,0,0,0,0,53,-10,0
9.521878,0,0,95,58,92,98,675,1557,0,0,0,0,53,-10,0
9.526445,0,1,95,58,92,98,675,1557,0,0,-1,0,53,-10,0
9.538299,0,1,95,58,92,98,675,1557,0,0,-1,0,52,-10,0
9.548567,0,0,95,58,92,98,675,1557,0,0,-1,0,52,-10,0
9.553593,0,0,95,58,92,98,675,1557,0,0,-1,0,52,-10,0
9.567251,0,0,95,58,92,98,675,1557,0,0,-1,0,52,-10,0
9.572408,0,1,95,58,92,98,675,1557,0,0,-1,0,53,-11,0
9.580306,0,0,95,58,92,98,675,1557,0,0,-1,0,53,-11,0
9.588102,0,0,95,58,92,98,675,1557,0,0,-1,0,53,-11,0
9.600228,0,1,95,58,92,98,675,1557,0,0,-1,0,52,-10,0
9.609858,0,0,95,58,92,98,675,1557,0,0,-1,0,52,-10,0
9.614970,0,0,95,58,92,98,675,1557,0,0,-1,0,52,-10,0
9.620016,0,0,95,58,92,98,675,1557,0,0,-1,0,52,-10,0
9.631377,1,1,95,58,92,98,676,1557,0,0,-1,0,55,-11,87
9.641623,0,0,95,58,92,98,676,1557,0,0,-1,0,55,-11,87
9.645812,0,0,95,58,92,98,676,1557,0,0,-1,0,55,-11,87
9.649989,0,0,95,58,92,98,676,1557,0,0,-1,0,55,-11,0
9.661475,1,1,95,58,92,98,678,1557,0,0,-1,0,53,-10,0
9.665644,0,0,95,58,92,98,678,1557,0,0,-1,0,53,-10,0
9.672685,0,0,95,58,92,98,678,1557,0,0,-1,0,53,-10,0
9.676799,1,0,95,58,91,98,678,1557,0,0,-1,0,53,-10,0
9.680918,0,0,95,58,91,98,678,1557,0,0,-1,0,53,-10,0
9.692435,0,1,95,58,91,98,678,1557,0,0,-1,0,53,-11,0
9.696642,0,0,95,58,91,98,678,1557,0,0,-1,0,53,-11,0
9.704398,0,0,95,58,91,98,678,1557,0,0,-1,0,53,-11,0
9.709379,1,0,95,58,92,98,678,1557,0,0,-1,0,53,-11,0
9.723417,0,1,95,58,92,98,678,1557,0,0,-1,0,53,-10,0
9.733761,0,0,95,58,92,98,678,1557,0,0,-1,0,53,-10,0
9.738719,0,0,95,58,92,98,678,1557,0,0,-1,0,53,-10,0
9.743660,0,1,95,58,92,98,678,1557,0,0,-1,0,53,-11,0
9.755337,0,0,95,58,92,98,678,1557,0,0,-1,0,53,-11,0
9.765346,0,0,95,58,92,98,678,1557,0,0,-1,0,53,-11,0
9.770333,0,0,95,58,92,98,678,1557,0,0,-1,0,53,-11,0
9.784298,0,1,95,58,92,98,678,1557,0,0,-1,0,53,-10,0
9.789236,0,1,95,58,92,98,678,1557,-1,0,-1,0,53,-10,0
9.797359,0,0,95,58,92,98,678,1557,-1,0,-1,0,53,-10,0
9.802371,0,0,95,58,92,98,678,1557,-1,0,-1,0,53,-10,0
9.816083,0,1,95,58,92,98,678,1557,-1,0,-1,0,53,-11,0
9.818610,0,0,95,58,92,98,678,1557,-1,0,-1,0,53,-11,0
9.828186,0,1,95,58,92,98,678,1557,0,0,-1,0,53,-11,0
9.833156,0,1,95,58,92,98,678,1557,0,0,-1,0,53,-10,0
9.846568,0,0,95,58,92,98,678,1557,0,0,-1,0,53,-10,0
9.851528,0,0,95,58,92,98,678,1557,0,0,-1,0,53,-10,0
9.859338,0,0,95,58,92,98,678,1557,0,0,-1,0,53,-10,0
9.864324,0,0,95,58,92,98,678,1557,0,0,-1,0,53,-10,0
9.878276,0,0,95,58,92,98,678,1557,0,0,-1,0,53,-10,0
9.882582,0,0,95,58,92,98,678,1557,0,0,-1,0,53,-10,0
9.890375,0,0,95,58,92,98,678,1557,0,0,-1,0,53,-10,0
9.895378,0,1,95,58,92,98,678,1557,0,0,-1,0,53,-11,0
9.909320,0,0,95,58,92,98,678,1557,0,0,-1,0,53,-11,0
9.913903,0,0,95,58,92,98,678,1557,0,0,-1,0,53,-11,0
9.922047,0,0,95,58,92,98,678,1557,0,0,-1,0,53,-11,0
9.926320,0,0,95,58,92,98,678,1557,0,0,-1,0,53,-11,0
9.939536,0,0,95,58,92,98,678,1557,0,0,-1,0,53,-11,0
9.952644,0,0,95,58,92,98,678,1557,0,0,-1,0,53,-11,0
9.957079,0,0,95,58,92,98,678,1557,0,0,-1,0,53,-11,0
9.971576,0,0,95,58,92,98,678,1557,0,0,-1,0,53,-11,0
9.981855,0,0,95,58,92,98,678,1557,0,0,-1,0,53,-11,0
9.987660,0,1,95,58,92,98,678,1557,0,0,-1,0,53,-10,0
10.001573,0,0,95,58,92,98,678,1557,0,0,-1,0,53,-10,0
10.007003,0,0,95,58,92,98,678,1557,0,0,-1,0,53,-10,0
10.014479,0,0,95,58,92,98,678,1557,0,0,-1,0,53,-10,0
10.020044,0,0,95,58,92,98,678,1557,0,0,-1,0,53,-10,0
10.033529,0,0,95,58,92,98,678,1557,0,0,-1,0,53,-10,0
10.043363,0,0,95,58,92,98,678,1557,0,0,-1,0,53,-10,0
10.048398,0,0,95,58,92,98,678,1557,0,0,-1,0,53,-10,0
10.053498,0,0,95,58,92,98,678,1557,0,0,-1,0,53,-10,0
10.064396,0,1,95,58,92,98,678,1557,-1,0,-1,0,53,-10,0
10.074413,0,0,95,58,92,98,678,1557,-1,0,-1,0,53,-10,0
10.078955,0,0,95,58,92,98,678,1557,-1,0,-1,0,53,-10,0
10.083896,0,0,95,58,92,98,678,1557,-1,0,-1,0,53,-10,0
10.095802,0,1,95,58,92,98,678,1557,0,0,-1,0,53,-10,0
10.105673,0,0,95,58,92,98,678,1557,0,0,-1,0,53,-10,0
10.108208,0,0,95,58,92,98,678,1557,0,0,-1,0,53,-10,0
10.112426,0,0,95,58,92,98,678,1557,0,0,-1,0,53,-10,0
10.126214,0,1,95,58,92,98,678,1557,-1,0,-1,0,53,-10,0
10.130381,0,0,95,58,92,98,678,1557,-1,0,-1,0,53,-10,0
10.137934,0,1,95,58,92,98,678,1557,-1,0,-1,0,53,-11,0
10.142203,0,0,95,58,92,98,678,1557,-1,0,-1,0,53,-11,0
10.146409,0,1,95,58,92,98,678,1557,0,0,-1,0,53,-11,0
10.157763,0,1,95,58,92,98,678,1557,0,0,0,0,53,-11,0
10.167345,0,0,95,58,92,98,678,1557,0,0,0,0,53,-11,0
10.172021,0,0,95,58,92,98,678,1557,0,0,0,0,53,-11,0
10.176659,0,0,95,58,92,98,678,1557,0,0,0,0,53,-11,0
10.189168,0,1,95,58,92,98,678,1557,0,0,-1,0,53,-11,0
10.199057,0,1,95,58,92,98,678,1557,0,0,-1,0,53,-10,0
10.204430,0,0,95,58,92,98,678,1557,0,0,-1,0,53,-10,0
10.218622,0,0,95,58,92,98,678,1557,0,0,-1,0,53,-10,0
10.223989,0,0,95,58,92,98,678,1557,0,0,-1,0,53,-10,0
10.233305,0,0,95,58,92,98,678,1557,0,0,-1,0,53,-10,0
10.237626,0,0,95,58,92,98,678,1557,0,0,-1,0,53,-10,0
10.251112,0,0,95,58,92,98,678,1557,0,0,-1,0,53,-10,0
10.260724,0,0,95,58,92,98,678,1557,0,0,-1,0,53,-10,0
10.265457,0,0,95,58,92,98,678,1557,0,0,-1,0,53,-10,0
10.269692,0,0,95,58,92,98,678,1557,0,0,-1,0,53,-10,0
10.281866,0,0,95,58,92,98,678,1557,0,0,-1,0,53,-10,68
10.291816,1,1,95,58,92,98,680,1557,0,0,-1,0,55,-11,68
10.296073,0,0,95,58,92,98,680,1557,0,0,-1,0,55,-11,68
10.300617,0,0,95,58,92,98,680,1557,0,0,-1,0,55,-11,68
10.312820,0,1,95,58,92,98,680,1557,0,0,-1,0,53,-11,0
10.322383,1,1,95,58,92,98,681,1557,0,0,-1,0,53,-10,0
10.327332,0,0,95,58,92,98,681,1557,0,0,-1,0,53,-10,0
10.332361,0,0,95,58,92,98,681,1557,0,0,-1,0,53,-10,0
10.344194,0,0,95,58,92,98,681,1557,0,0,-1,0,53,-10,0
10.353677,0,0,95,58,92,98,681,1557,0,0,-1,0,53,-10,0
10.357993,0,0,95,58,92,98,681,1557,0,0,-1,0,53,-10,0
10.362856,0,1,95,58,92,98,681,1557,0,0,0,0,53,-10,0
10.375208,0,1,95,58,92,98,681,1557,0,0,0,0,54,-10,0
10.384965,0,0,95,58,92,98,681,1557,0,0,0,0,54,-10,0
10.390019,0,0,95,58,92,98,681,1557,0,0,0,0,54,-10,0
10.394687,0,0,95,58,92,98,681,1557,0,0,0,0,54,-10,0
10.405920,0,0,95,58,92,98,681,1557,0,0,0,0,54,-10,0
10.415540,0,0,95,58,92,98,681,1557,0,0,0,0,54,-10,0
10.420564,0,0,95,58,92,98,681,1557,0,0,0,0,54,-10,0
10.425581,0,1,95,58,92,98,681,1557,0,0,-1,0,54,-10,0
10.437379,0,1,95,58,92,98,681,1557,0,0,-1,0,53,-10,0
10.447011,0,0,95,58,92,98,681,1557,0,0,-1,0,53,-10,0
10.449322,0,0,95,58,92,98,681,1557,0,0,-1,0,53,-10,0
10.453949,0,0,95,58,92,98,681,1557,0,0,-1,0,53,-10,0
10.467440,0,1,95,58,92,98,681,1557,0,0,-1,0,53,-11,0
10.477764,0,0,95,58,92,98,681,1557,0,0,-1,0,53,-11,0
10.482816,0,0,95,58,92,98,681,1557,0,0,-1,0,53,-11,0
10.487439,0,0,95,58,92,98,681,1557,0,0,-1,0,53,-11,0
10.499203,0,1,95,58,92,98,681,1557,0,0,-1,0,53,-10,0
10.509363,0,0,95,58,92,98,681,1557,0,0,-1,0,53,-10,0
10.514325,0,0,95,58,92,98,681,1557,0,0,-1,0,53,-10,0
10.518859,0,0,95,58,92,98,681,1557,0,0,-1,0,53,-10,0
10.529488,0,0,95,58,92,98,681,1557,0,0,-1,0,53,-10,0
10.539486,0,0,95,58,92,98,681,1557,0,0,-1,0,53,-10,0
10.544472,0,0,95,58,92,98,681,1557,0,0,-1,0,53,-10,0
10.549050,0,1,95,58,92,98,681,1557,0,0,-1,0,53,-11,0
10.561272,0,0,95,58,92,98,681,1557,0,0,-1,0,53,-11,0
10.571655,0,0,95,58,92,98,681,1557,0,0,-1,0,53,-11,0
10.580454,0,1,95,58,92,98,681,1557,0,0,-1,0,53,-10,0
10.591693,0,0,95,58,92,98,681,1557,0,0,-1,0,53,-10,0
10.601316,0,1,95,58,92,98,681,1557,-1,0,-1,0,53,-10,0
10.605483,0,0,95,58,92,98,681,1557,-1,0,-1,0,53,-10,0
10.609694,0,0,95,58,92,98,681,1557,-1,0,-1,0,53,-10,0
10.622831,0,0,95,58,92,98,681,1557,-1,0,-1,0,53,-10,0
10.632450,0,0,95,58,92,98,681,1557,-1,0,-1,0,53,-10,0
10.636694,0,1,95,58,92,98,681,1557,-1,0,-1,0,56,-10,47
10.640951,1,1,95,58,92,98,683,1557,-1,0,-1,0,56,-11,47
10.653841,0,0,95,58,92,98,683,1557,-1,0,-1,0,56,-11,47
10.663649,0,1,95,58,92,98,683,1557,-1,0,0,0,56,-11,47
10.667790,1,1,95,58,92,98,685,1557,-1,0,0,0,53,-11,0
10.671980,0,0,95,58,92,98,685,1557,-1,0,0,0,53,-11,0
10.684699,0,0,95,58,92,98,685,1557,-1,0,0,0,53,-11,0
10.694493,0,0,95,58,92,98,685,1557,-1,0,0,0,53,-11,0
10.699671,0,1,95,58,92,98,685,1557,-1,0,0,0,53,-10,0
10.704621,0,0,95,58,92,98,685,1557,-1,0,0,0,53,-10,0
10.716337,0,0,95,58,92,98,685,1557,-1,0,0,0,53,-10,0
10.725609,0,0,95,58,92,98,685,1557,-1,0,0,0,53,-10,0
10.730584,0,1,95,58,92,98,685,1557,-1,0,0,0,53,-11,0
10.734836,0,0,95,58,92,98,685,1557,-1,0,0,0,53,-11,0
10.746752,0,0,95,58,92,98,685,1557,-1,0,0,0,53,-11,0
10.756533,0,1,95,58,92,98,685,1557,-1,0,-1,0,53,-11,0
10.760742,0,0,95,58,92,98,685,1557,-1,0,-1,0,53,-11,0
10.764908,0,0,95,58,92,98,685,1557,-1,0,-1,0,53,-11,0
10.778318,0,0,95,58,92,98,685,1557,-1,0,-1,0,53,-11,0
10.788214,0,0,95,58,92,98,685,1557,-1,0,-1,0,53,-11,0
10.793375,0,1,95,58,92,98,685,1557,-1,0,-1,0,53,-10,0
10.797593,0,0,95,58,92,98,685,1557,-1,0,-1,0,53,-10,0
10.809269,0,1,95,58,92,98,685,1557,0,0,-1,0,53,-10,0
10.818615,0,0,95,58,92,98,685,1557,0,0,-1,0,53,-10,0
10.821623,0,1,95,58,92,98,685,1557,0,0,-1,0,53,-11,0
10.825822,0,0,95,58,92,98,685,1557,0,0,-1,0,53,-11,0
10.839431,0,1,95,58,92,98,685,1557,-1,0,-1,0,53,-11,0
10.849632,0,1,95,58,92,98,685,1557,-1,0,0,0,53,-11,0
10.853920,0,0,95,58,92,98,685,1557,-1,0,0,0,53,-11,0
10.858170,0,0,95,58,92,98,685,1557,-1,0,0,0,53,-11,0
10.871273,0,1,95,58,92,98,685,1557,-1,0,-1,0,53,-11,0
10.880622,0,0,95,58,92,98,685,1557,-1,0,-1,0,53,-11,0
10.884840,0,0,95,58,92,98,685,1557,-1,0,-1,0,53,-11,0
10.889765,0,0,95,58,92,98,685,1557,-1,0,-1,0,53,-11,0
10.901570,0,1,95,58,92,98,685,1557,-1,0,0,0,53,-11,0
10.905768,0,1,95,58,92,98,685,1557,-1,0,0,0,53,-10,0
10.912752,0,0,95,58,92,98,685,1557,-1,0,0,0,53,-10,0
10.917295,0,0,95,58,92,98,685,1557,-1,0,0,0,53,-10,0
10.921510,0,1,95,58,92,98,685,1557,0,0,0,0,53,-10,0
10.932758,0,1,95,58,92,98,685,1557,0,0,-1,0,53,-10,0
10.942706,0,1,95,58,92,98,685,1557,0,0,-1,0,53,-11,0
10.949712,0,0,95,58,92,98,685,1557,0,0,-1,0,53,-11,0
10.963308,0,1,95,58,92,98,685,1557,-1,0,0,0,53,-11,0
10.973386,0,1,95,58,92,98,685,1557,-1,0,0,0,53,-10,0
10.977579,0,0,95,58,92,98,685,1557,-1,0,0,0,53,-10,0
10.982570,0,0,95,58,92,98,685,1557,-1,0,0,0,53,-10,0
10.995289,0,0,95,58,92,98,685,1557,-1,0,0,0,53,-10,0
11.005445,0,1,95,58,92,98,685,1557,-1,0,0,0,52,-11,0
11.010458,0,0,95,58,92,98,685,1557,-1,0,0,0,52,-11,0
11.014892,0,1,95,58,92,98,685,1557,0,0,0,0,52,-11,0
11.026605,0,1,95,58,92,98,685,1557,0,0,0,0,53,-11,0
11.036686,0,1,95,58,92,98,685,1557,0,0,0,0,53,-10,0
11.041676,0,0,95,58,92,98,685,1557,0,0,0,0,53,-10,0
11.045816,0,0,95,58,92,98,685,1557,0,0,0,0,53,-10,0
11.057267,0,1,95,58,92,98,685,1557,0,0,0,0,52,-10,0
11.067391,0,0,95,58,92,98,685,1557,0,0,0,0,52,-10,0
11.071969,0,0,95,58,92,98,685,1557,0,0,0,0,52,-10,0
11.076914,0,1,95,58,92,98,685,1557,0,0,-1,0,52,-10,0
11.088342,0,0,95,58,92,98,685,1557,0,0,-1,0,52,-10,0
11.098303,0,0,95,58,92,98,685,1557,0,0,-1,0,52,-10,0
11.102643,0,0,95,58,92,98,685,1557,0,0,-1,0,52,-10,0
11.105266,0,1,95,58,92,98,685,1557,0,0,0,0,52,-10,0
11.119248,0,1,95,58,92,98,685,1557,0,0,0,0,52,-11,0
11.128937,0,0,95,58,92,98,685,1557,0,0,0,0,52,-11,0
11.133481,0,1,95,58,92,98,685,1557,-1,0,0,0,52,-11,0
11.137727,0,0,95,58,92,98,685,1557,-1,0,0,0,52,-11,0
11.149443,0,1,95,58,92,98,685,1557,-1,0,0,0,53,-11,0
11.153642,0,0,95,58,92,98,685,1557,-1,0,0,0,53,-11,0
11.160914,0,0,95,58,92,98,685,1557,-1,0,0,0,53,-11,0
11.165048,0,1,95,58,92,98,685,1557,0,0,0,0,53,-11,0
11.169593,0,1,95,58,92,98,685,1557,0,0,-1,0,53,-11,0
11.180407,0,1,95,58,92,98,685,1557,0,0,-1,0,53,-10,0
11.184620,0,0,95,58,92,98,685,1557,0,0,-1,0,53,-10,0
11.191699,0,0,95,58,92,98,685,1557,0,0,-1,0,53,-10,0
11.195831,0,0,95,58,92,98,685,1557,0,0,-1,0,53,-10,0
11.200385,0,0,95,58,92,98,685,1557,0,0,-1,0,53,-10,0
11.211438,0,0,95,58,92,98,685,1557,0,0,-1,0,53,-10,0
11.221738,0,0,95,58,92,98,685,1557,0,0,-1,0,53,-10,0
11.229577,0,0,95,58,92,98,685,1557,0,0,-1,0,53,-10,0
11.243228,0,1,95,58,92,98,685,1557,0,0,-1,0,52,-10,0
11.252758,0,0,95,58,92,98,685,1557,0,0,-1,0,52,-10,0
11.257784,0,1,95,58,92,98,685,1557,-1,0,-1,0,52,-10,0
11.262522,0,1,95,58,92,98,685,1557,-1,0,-1,0,55,-11,70
11.273856,0,0,95,58,92,98,685,1557,-1,0,-1,0,55,-11,70
11.283474,0,0,95,58,92,98,685,1557,-1,0,-1,0,55,-11,70
11.288133,0,0,95,58,92,98,685,1557,-1,0,-1,0,55,-11,70
11.292866,1,1,95,58,92,98,687,1557,-1,0,-1,0,53,-11,0
11.304457,0,0,95,58,92,98,687,1557,-1,0,-1,0,53,-11,0
11.308615,0,0,95,58,92,98,687,1557,-1,0,-1,0,53,-11,0
11.316202,0,1,95,58,92,98,687,1557,0,0,-1,0,53,-11,0
11.320366,0,0,95,58,92,98,687,1557,0,0,-1,0,53,-11,0
11.324547,0,0,95,58,92,98,687,1557,0,0,-1,0,53,-11,0
11.335787,0,0,95,58,92,98,687,1557,0,0,-1,0,53,-11,0
11.345271,0,1,95,58,92,98,687,1557,-1,0,-1,0,53,-11,0
11.349464,0,0,95,58,92,98,687,1557,-1,0,-1,0,53,-11,0
11.354045,0,0,95,58,92,98,687,1557,-1,0,-1,0,53,-11,0
11.366777,0,0,95,58,92,98,687,1557,-1,0,-1,0,53,-11,0
11.376401,0,1,95,58,92,98,687,1557,0,0,-1,0,53,-11,0
11.380623,0,1,95,58,92,98,687,1557,0,0,0,0,53,-11,0
11.384769,0,0,95,58,92,98,687,1557,0,0,0,0,53,-11,0
11.397482,0,0,95,58,92,98,687,1557,0,0,0,0,53,-11,0
11.402046,0,1,95,58,92,98,687,1557,-1,0,0,0,53,-11,0
11.409423,0,0,95,58,92,98,687,1557,-1,0,0,0,53,-11,0
11.413593,0,0,95,58,92,98,687,1557,-1,0,0,0,53,-11,0
11.417812,0,0,95,58,92,98,687,1557,-1,0,0,0,53,-11,0
11.428835,0,0,95,58,92,98,687,1557,-1,0,0,0,53,-11,0
11.438521,0,0,95,58,92,98,687,1557,-1,0,0,0,53,-11,0
11.443762,0,1,95,58,92,98,687,1557,-1,0,0,0,53,-10,0
11.445885,0,0,95,58,92,98,687,1557,-1,0,0,0,53,-10,0
11.459364,0,0,95,58,92,98,687,1557,-1,0,0,0,53,-10,0
11.463914,0,0,95,58,92,98,687,1557,-1,0,0,0,53,-10,0
11.471695,0,0,95,58,92,98,687,1557,-1,0,0,0,53,-10,0
11.475954,0,0,95,58,92,98,687,1557,-1,0,0,0,53,-10,0
11.489252,0,0,95,58,92,98,687,1557,-1,0,0,0,53,-10,0
11.494211,0,0,95,58,92,98,687,1557,-1,0,0,0,53,-10,0
11.502723,0,0,95,58,92,98,687,1557,-1,0,0,0,53,-10,0
11.506878,0,0,95,58,92,98,687,1557,-1,0,0,0,53,-10,0
11.520631,0,0,95,58,92,98,687,1557,-1,0,0,0,53,-10,0
11.531429,0,0,95,58,92,98,687,1557,-1,0,0,0,53,-10,0
11.536065,0,1,95,58,92,98,687,1557,-1,0,0,0,53,-11,0
11.540947,0,0,95,58,92,98,687,1557,-1,0,0,0,53,-11,0
11.553233,0,0,95,58,92,98,687,1557,-1,0,0,0,53,-11,0
11.562954,0,1,95,58,92,98,687,1557,-1,0,-1,0,53,-11,0
11.569679,0,0,95,58,92,98,687,1557,-1,0,-1,0,53,-11,0
11.583214,0,0,95,58,92,98,687,1557,-1,0,-1,0,53,-11,0
11.587408,0,0,95,58,92,98,687,1557,-1,0,-1,0,53,-11,0
11.594812,0,1,95,58,92,98,687,1557,-1,0,-1,0,53,-10,0
11.598922,0,0,95,58,92,98,687,1557,-1,0,-1,0,53,-10,0
11.603084,0,0,95,58,92,98,687,1557,-1,0,-1,0,53,-10,0
11.614953,0,0,95,58,92,98,687,1557,-1,0,-1,0,53,-10,0
11.624469,0,0,95,58,92,98,687,1557,-1,0,-1,0,53,-10,0
11.628702,0,0,95,58,92,98,687,1557,-1,0,-1,0,53,-10,0
11.632869,0,0,95,58,92,98,687,1557,-1,0,-1,0,53,-10,0
11.645820,0,1,95,58,92,98,687,1557,-1,0,0,0,53,-10,0
11.655400,0,1,95,58,92,98,687,1557,-1,0,0,0,53,-11,0
11.661155,0,0,95,58,92,98,687,1557,-1,0,0,0,53,-11,0
11.665846,0,0,95,58,92,98,687,1557,-1,0,0,0,53,-11,0
11.677305,0,0,95,58,92,98,687,1557,-1,0,0,0,53,-11,0
11.687077,0,0,95,58,92,98,687,1557,-1,0,0,0,53,-11,0
11.692192,0,0,95,58,92,98,687,1557,-1,0,0,0,53,-11,0
11.697105,0,0,95,58,92,98,687,1557,-1,0,0,0,53,-11,0
11.708521,0,0,95,58,92,98,687,1557,-1,0,0,0,53,-11,0
11.718351,0,0,95,58,92,98,687,1557,-1,0,0,0,53,-11,0
11.723345,0,0,95,58,92,98,687,1557,-1,0,0,0,53,-11,0
11.726342,0,0,95,58,92,98,687,1557,-1,0,0,0,53,-11,0
11.739271,0,0,95,58,92,98,687,1557,-1,0,0,0,53,-11,0
11.749414,0,0,95,58,92,98,687,1557,-1,0,0,0,53,-11,0
11.754431,0,0,95,58,92,98,687,1557,-1,0,0,0,53,-11,0
11.768354,0,0,95,58,92,98,687,1557,-1,0,0,0,53,-11,0
11.773412,0,0,95,58,92,98,687,1557,-1,0,0,0,53,-11,0
11.780916,0,0,95,58,92,98,687,1557,-1,0,0,0,53,-11,0
11.785969,0,0,95,58,92,98,687,1557,-1,0,0,0,53,-11,0
11.799275,0,0,95,58,92,98,687,1557,-1,0,0,0,53,-11,0
11.804349,0,0,95,58,92,98,687,1557,-1,0,0,0,53,-11,0
11.812402,0,0,95,58,92,98,687,1557,-1,0,0,0,53,-11,0
11.817446,0,0,95,58,92,98,687,1557,-1,0,0,0,53,-11,0
11.830818,0,0,95,58,92,98,687,1557,-1,0,0,0,53,-11,0
11.835372,0,0,95,58,92,98,687,1557,-1,0,0,0,53,-11,0
11.843424,0,0,95,58,92,98,687,1557,-1,0,0,0,53,-11,0
11.861317,0,0,95,58,92,98,687,1557,-1,0,0,0,53,-11,0
11.866273,0,0,95,58,92,98,687,1557,-1,0,0,0,53,-11,0
11.874768,0,0,95,58,92,98,687,1557,-1,0,0,0,53,-11,0
11.879811,0,0,95,58,92,98,687,1557,-1,0,0,0,53,-11,0
11.893270,1,1,95,58,92,98,688,1557,-1,0,0,0,56,-11,56
11.903427,0,0,95,58,92,98,688,1557,-1,0,0,0,56,-11,56
11.908138,0,0,95,58,92,98,688,1557,-1,0,0,0,56,-11,56
11.913063,0,1,95,58,92,98,688,1557,-1,0,-1,0,56,-11,-23
11.925211,1,0,95,58,92,98,690,1557,-1,0,-1,0,56,-11,-23
11.934735,0,0,95,58,92,98,690,1557,-1,0,-1,0,56,-11,-23
11.938871,0,1,95,58,92,98,690,1557,-1,0,0,0,56,-11,-23
11.942876,1,1,95,58,92,98,691,1557,-1,0,0,0,53,-11,0
11.955739,0,0,95,58,92,98,691,1557,-1,0,0,0,53,-11,0
11.959840,0,0,95,58,92,98,691,1557,-1,0,0,0,53,-11,0
11.967236,0,0,95,58,92,98,691,1557,-1,0,0,0,53,-11,0
11.972198,0,0,95,58,92,98,691,1557,-1,0,0,0,53,-11,0
11.985398,0,1,95,58,92,98,691,1557,-1,0,0,0,54,-11,0
11.989535,0,0,95,58,92,98,691,1557,-1,0,0,0,54,-11,0
11.997644,0,0,95,58,92,98,691,1557,-1,0,0,0,54,-11,0
12.002183,0,0,95,58,92,98,691,1557,-1,0,0,0,54,-11,0
12.006370,0,1,95,58,92,98,691,1557,-1,0,0,0,53,-11,0
12.017452,0,0,95,58,92,98,691,1557,-1,0,0,0,53,-11,0
12.027375,0,0,95,58,92,98,691,1557,-1,0,0,0,53,-11,0
12.031929,0,0,95,58,92,98,691,1557,-1,0,0,0,53,-11,0
12.036906,0,0,95,58,92,98,691,1557,-1,0,0,0,53,-11,0
12.049248,0,0,95,58,92,98,691,1557,-1,0,0,0,53,-11,0
12.059705,0,0,95,58,92,98,691,1557,-1,0,0,0,53,-11,0
12.063915,0,1,95,58,92,98,691,1557,-1,0,-1,0,53,-11,0
12.068178,0,0,95,58,92,98,691,1557,-1,0,-1,0,53,-11,0
12.080292,0,0,95,58,92,98,691,1557,-1,0,-1,0,53,-11,0
12.083299,0,0,95,58,92,98,691,1557,-1,0,-1,0,53,-11,0
12.091380,0,0,95,58,92,98,691,1557,-1,0,-1,0,53,-11,0
12.096365,0,0,95,58,92,98,691,1557,-1,0,-1,0,53,-11,0
12.110350,0,0,95,58,92,98,691,1557,-1,0,-1,0,53,-11,0
12.120409,0,0,95,58,92,98,691,1557,-1,0,-1,0,53,-11,0
12.124623,0,0,95,58,92,98,691,1557,-1,0,-1,0,53,-11,0
12.128861,0,0,95,58,92,98,691,1557,-1,0,-1,0,53,-11,0
12.141865,0,0,95,58,92,98,691,1557,-1,0,-1,0,53,-11,0
12.151554,0,0,95,58,92,98,691,1557,-1,0,-1,0,53,-11,0
12.155764,0,0,95,58,92,98,691,1557,-1,0,-1,0,53,-11,0
12.160705,0,0,95,58,92,98,691,1557,-1,0,-1,0,53,-11,0
12.173191,0,0,95,58,92,98,691,1557,-1,0,-1,0,53,-11,0
12.182711,0,0,95,58,92,98,691,1557,-1,0,-1,0,53,-11,0
12.187705,0,0,95,58,92,98,691,1557,-1,0,-1,0,53,-11,0
12.192735,0,0,95,58,92,98,691,1557,-1,0,-1,0,53,-11,0
12.203976,0,0,95,58,92,98,691,1557,-1,0,-1,0,53,-11,0
12.217049,0,0,95,58,92,98,691,1557,-1,0,-1,0,53,-11,0
12.221757,0,0,95,58,92,98,691,1557,-1,0,-1,0,53,-11,0
12.234410,0,0,95,58,92,98,691,1557,-1,0,-1,0,53,-11,0
12.238577,0,0,95,58,92,98,691,1557,-1,0,-1,0,53,-11,0
12.246709,0,0,95,58,92,98,691,1557,-1,0,-1,0,53,-11,0
12.251257,0,0,95,58,92,98,691,1557,-1,0,-1,0,53,-11,0
12.264468,0,1,95,58,92,98,691,1557,0,0,-1,0,53,-11,0
12.269152,0,1,95,58,92,98,691,1557,0,0,-1,0,55,-11,77
12.277375,1,0,95,58,92,98,692,1557,0,0,-1,0,55,-11,77
12.281707,0,0,95,58,92,98,692,1557,0,0,-1,0,55,-11,77
12.295257,0,0,95,58,92,98,692,1557,0,0,-1,0,55,-11,77
12.299842,0,0,95,58,92,98,692,1557,0,0,-1,0,55,-11,0
12.308336,1,1,95,58,92,98,693,1557,0,0,-1,0,54,-11,0
12.312621,0,0,95,58,92,98,693,1557,0,0,-1,0,54,-11,0
12.326749,0,1,95,58,92,98,693,1557,-1,0,-1,0,54,-11,0
12.331330,0,1,95,58,92,98,693,1557,-1,0,-1,0,53,-10,0
12.339656,0,0,95,58,92,98,693,1557,-1,0,-1,0,53,-10,0
12.344186,0,0,95,58,92,98,693,1557,-1,0,-1,0,53,-10,0
12.357617,0,1,95,58,92,98,693,1557,0,0,-1,0,53,-10,0
12.362202,0,0,95,58,92,98,693,1557,0,0,-1,0,53,-10,0
12.369685,0,0,95,58,92,98,693,1557,0,0,-1,0,53,-10,0
12.374139,0,0,95,58,92,98,693,1557,0,0,-1,0,53,-10,0
12.378756,0,1,95,58,92,98,693,1557,-1,0,-1,0,53,-10,0
12.389985,0,0,95,58,92,98,693,1557,-1,0,-1,0,53,-10,0
12.399378,0,0,95,58,92,98,693,1557,-1,0,-1,0,53,-10,0
12.404437,0,0,95,58,92,98,693,1557,-1,0,-1,0,53,-10,0
12.409111,0,1,95,58,92,98,693,1557,0,0,-1,0,53,-10,0
12.421254,0,0,95,58,92,98,693,1557,0,0,-1,0,53,-10,0
12.431682,0,0,95,58,92,98,693,1557,0,0,-1,0,53,-10,0
12.436656,0,1,95,58,92,98,693,1557,-1,0,-1,0,53,-10,0
12.450381,0,0,95,58,92,98,693,1557,-1,0,-1,0,53,-10,0
12.455090,0,1,95,58,92,98,693,1557,-1,0,-1,0,54,-11,0
12.463393,0,0,95,58,92,98,693,1557,-1,0,-1,0,54,-11,0
12.465786,0,1,95,58,92,98,693,1557,0,0,-1,0,54,-11,0
12.470497,0,0,95,58,92,98,693,1557,0,0,-1,0,54,-11,0
12.482436,0,1,95,58,92,98,693,1557,0,0,-1,0,53,-10,0
12.486769,0,0,95,58,92,98,693,1557,0,0,-1,0,53,-10,0
12.494207,0,0,95,58,92,98,693,1557,0,0,-1,0,53,-10,0
12.498420,0,0,95,58,92,98,693,1557,0,0,-1,0,53,-10,0
12.502600,0,0,95,58,92,98,693,1557,0,0,-1,0,53,-10,0
12.513817,0,1,95,58,92,98,693,1557,0,0,-1,0,53,-11,0
12.523611,0,0,95,58,92,98,693,1557,0,0,-1,0,53,-11,0
12.527768,0,0,95,58,92,98,693,1557,0,0,-1,0,53,-11,0
12.531932,0,0,95,58,92,98,693,1557,0,0,-1,0,53,-11,0
12.544744,0,1,95,58,92,98,693,1557,0,0,-1,0,53,-10,0
12.548846,0,0,95,58,92,98,693,1557,0,0,-1,0,53,-10,0
12.556634,0,0,95,58,92,98,693,1557,0,0,-1,0,53,-10,0
12.561698,0,0,95,58,92,98,693,1557,0,0,-1,0,53,-10,0
12.575317,0,0,95,58,92,98,693,1557,0,0,-1,0,53,-10,0
12.579538,0,0,95,58,92,98,693,1557,0,0,-1,0,53,-10,0
12.587026,0,0,95,58,92,98,693,1557,0,0,-1,0,53,-10,0
12.594360,0,1,95,58,92,98,693,1557,0,0,-1,0,53,-11,0
12.606468,0,0,95,58,92,98,693,1557,0,0,-1,0,53,-11,0
12.616672,0,0,95,58,92,98,693,1557,0,0,-1,0,53,-11,0
12.621139,0,0,95,58,92,98,693,1557,0,0,-1,0,53,-11,0
12.625286,0,1,95,58,92,98,693,1557,0,0,-1,0,53,-10,0
12.638273,0,0,95,58,92,98,693,1557,0,0,-1,0,53,-10,0
12.648394,0,0,95,58,92,98,693,1557,0,0,-1,0,53,-10,0
12.653455,0,1,95,58,92,98,693,1557,0,0,-1,0,54,-10,-10
12.667617,1,1,95,58,92,98,694,1557,0,0,-1,0,54,-11,-10
12.672606,0,0,95,58,92,98,694,1557,0,0,-1,0,54,-11,-10
12.679954,0,0,95,58,92,98,694,1557,0,0,-1,0,54,-11,-10
12.684224,0,0,95,58,92,98,694,1557,0,0,-1,0,54,-11,0
12.688989,0,0,95,58,92,98,694,1557,0,0,-1,0,54,-11,0
12.700454,0,0,95,58,92,98,694,1557,0,0,-1,0,54,-11,0
12.710751,0,0,95,58,92,98,694,1557,0,0,-1,0,54,-11,0
12.715316,0,0,95,58,92,98,694,1557,0,0,-1,0,54,-11,0
12.719535,0,0,95,58,92,98,694,1557,0,0,-1,0,54,-11,0
12.730520,0,0,95,58,92,98,694,1557,0,0,-1,0,54,-11,0
12.734768,0,0,95,58,92,98,694,1557,0,0,-1,0,54,-11,0
12.743478,0,0,95,58,92,98,694,1557,0,0,-1,0,54,-11,0
12.748853,0,0,95,58,92,98,694,1557,0,0,-1,0,54,-11,0
12.760951,0,0,95,58,92,98,694,1557,0,0,-1,0,54,-11,0
12.771743,0,0,95,58,92,98,694,1557,0,0,-1,0,54,-11,0
12.777425,0,1,95,58,92,98,694,1557,0,0,-1,0,53,-10,0
12.791538,0,0,95,58,92,98,694,1557,0,0,-1,0,53,-10,0
12.796599,0,0,95,58,92,98,694,1557,0,0,-1,0,53,-10,0
12.804306,0,0,95,58,92,98,694,1557,0,0,-1,0,53,-10,0
12.808557,0,0,95,58,92,98,694,1557,0,0,-1,0,53,-10,0
12.812713,0,0,95,58,92,98,694,1557,0,0,-1,0,53,-10,0
12.823622,0,1,95,58,92,98,694,1557,-1,0,-1,0,53,-10,0
12.827782,0,0,95,58,92,98,694,1557,-1,0,-1,0,53,-10,0
12.834872,0,1,95,58,92,98,694,1557,-1,0,-1,0,54,-10,0
12.839377,0,0,95,58,92,98,694,1557,-1,0,-1,0,54,-10,0
12.843545,0,0,95,58,92,98,694,1557,-1,0,-1,0,54,-10,0
12.854763,0,0,95,58,92,98,694,1557,-1,0,-1,0,54,-10,0
12.858941,0,0,95,58,92,98,694,1557,-1,0,-1,0,54,-10,0
12.866589,0,0,95,58,92,98,694,1557,-1,0,-1,0,54,-10,0
12.871495,0,0,95,58,92,98,694,1557,-1,0,-1,0,54,-10,0
12.888023,0,0,95,58,92,98,694,1557,0,0,-1,0,54,-10,0
12.897263,0,1,95,58,92,98,694,1557,0,0,-1,0,54,-11,0
12.901390,0,0,95,58,92,98,694,1557,0,0,-1,0,54,-11,0
12.905603,0,0,95,58,92,98,694,1557,0,0,-1,0,54,-11,0
12.916908,0,0,95,58,92,98,694,1557,0,0,-1,0,54,-11,0
12.926376,0,1,95,58,92,98,694,1557,0,0,-1,0,56,-11,105
12.930576,0,0,95,58,92,98,694,1557,0,0,-1,0,56,-11,105
12.934764,0,0,95,58,92,98,694,1557,0,0,-1,0,56,-11,105
12.947497,0,0,95,58,92,98,694,1557,0,0,-1,0,56,-11,105
12.957410,1,1,95,58,92,98,697,1557,0,0,-1,0,55,-10,34
12.962386,0,0,95,58,92,98,697,1557,0,0,-1,0,55,-10,34
12.967003,0,0,95,58,92,98,697,1557,0,0,-1,0,55,-10,34
12.979003,0,0,95,58,92,98,697,1557,0,0,-1,0,55,-10,34
12.988759,0,1,95,58,92,98,697,1557,0,0,-1,0,53,-10,0
12.993302,0,0,95,58,92,98,697,1557,0,0,-1,0,53,-10,0
12.998336,0,0,95,58,92,98,697,1557,0,0,-1,0,53,-10,0
13.009947,0,0,95,58,92,98,697,1557,0,0,-1,0,53,-10,0
13.019443,0,1,95,58,92,98,697,1557,0,0,-1,0,53,-11,0
13.024434,0,0,95,58,92,98,697,1557,0,0,-1,0,53,-11,0
13.029410,0,0,95,58,92,98,697,1557,0,0,-1,0,53,-11,0
13.041203,0,0,95,58,92,98,697,1557,0,0,-1,0,53,-11,0
13.051059,0,1,95,58,92,98,697,1557,0,0,-1,0,53,-10,0
13.056003,0,0,95,58,92,98,697,1557,0,0,-1,0,53,-10,0
13.070777,0,0,95,58,92,98,697,1557,0,0,-1,0,53,-10,0
13.075597,0,0,95,58,92,98,697,1557,0,0,-1,0,53,-10,0
13.082794,0,0,95,58,92,98,697,1557,0,0,-1,0,53,-10,0
13.087358,0,0,95,58,92,98,697,1557,0,0,-1,0,53,-10,0
13.101316,0,0,95,58,92,98,697,1557,0,0,-1,0,53,-10,0
13.105936,0,0,95,58,92,98,697,1557,0,0,-1,0,53,-10,0
13.113687,0,1,95,58,92,98,697,1557,0,0,-1,0,53,-11,0
13.115545,0,0,95,58,92,98,697,1557,0,0,-1,0,53,-11,0
13.119763,0,0,95,58,92,98,697,1557,0,0,-1,0,53,-11,0
13.132822,0,0,95,58,92,98,697,1557,0,0,-1,0,53,-11,0
13.136969,0,0,95,58,92,98,697,1557,0,0,-1,0,53,-11,0
13.145024,0,0,95,58,92,98,697,1557,0,0,-1,0,53,-11,0
13.149186,0,1,95,58,92,98,697,1557,-1,0,-1,0,53,-11,0
13.153326,0,0,95,58,92,98,697,1557,-1,0,-1,0,53,-11,0
13.164723,0,0,95,58,92,98,697,1557,-1,0,-1,0,53,-11,0
13.168800,0,0,95,58,92,98,697,1557,-1,0,-1,0,53,-11,0
13.177071,0,0,95,58,92,98,697,1557,-1,0,-1,0,53,-11,0
13.182153,0,0,95,58,92,98,697,1557,-1,0,-1,0,53,-11,0
13.195556,0,1,95,58,92,98,697,1557,-1,0,0,0,53,-11,0
13.199738,0,0,95,58,92,98,697,1557,-1,0,0,0,53,-11,0
13.207100,0,0,95,58,92,98,697,1557,-1,0,0,0,53,-11,0
13.211242,0,0,95,58,92,98,697,1557,-1,0,0,0,53,-11,0
13.215744,0,0,95,58,92,98,697,1557,-1,0,0,0,53,-11,0
13.227263,0,0,95,58,92,98,697,1557,-1,0,0,0,53,-11,0
13.236726,0,0,95,58,92,98,697,1557,-1,0,0,0,53,-11,0
13.244567,0,1,95,58,92,98,697,1557,0,0,-1,0,53,-11,0
13.258255,0,0,95,58,92,98,697,1557,0,0,-1,0,53,-11,0
13.268602,0,0,95,58,92,98,697,1557,0,0,-1,0,53,-11,0
13.273594,0,0,95,58,92,98,697,1557,0,0,-1,0,53,-11,0
13.287329,0,0,95,58,92,98,697,1557,0,0,-1,0,53,-11,-48
13.291911,1,1,95,58,92,98,699,1557,0,0,-1,0,56,-11,-48
13.300464,0,0,95,58,92,98,699,1557,0,0,-1,0,56,-11,-48
13.305062,0,1,95,58,92,98,699,1557,-1,0,0,0,56,-11,-48
13.318404,0,1,95,58,92,98,699,1557,-1,0,0,0,54,-11,0
13.323051,0,1,95,58,92,98,699,1557,-1,0,0,0,54,-10,0
13.331322,0,1,95,58,92,98,699,1557,0,0,0,0,54,-10,0
13.336331,0,1,95,58,92,98,699,1557,0,0,-1,0,54,-10,0
13.349921,0,0,95,58,92,98,699,1557,0,0,-1,0,54,-10,0
13.354524,0,0,95,58,92,98,699,1557,0,0,-1,0,54,-10,0
13.361893,0,0,95,58,92,98,699,1557,0,0,-1,0,54,-10,0
13.366901,0,0,95,58,92,98,699,1557,0,0,-1,0,54,-10,0
13.380350,0,0,95,58,92,98,699,1557,0,0,-1,0,54,-10,0
13.385014,0,0,95,58,92,98,699,1557,0,0,-1,0,54,-10,0
13.393428,0,0,95,58,92,98,699,1557,0,0,-1,0,54,-10,0
13.398466,0,0,95,58,92,98,699,1557,0,0,-1,0,54,-10,0
13.412626,0,0,95,58,92,98,699,1557,0,0,-1,0,54,-10,0
13.422867,0,0,95,58,92,98,699,1557,0,0,-1,0,54,-10,0
13.427998,0,0,95,58,92,98,699,1557,0,0,-1,0,54,-10,0
13.432245,0,1,95,58,92,98,699,1557,0,0,-1,0,54,-11,0
13.443565,0,0,95,58,92,98,699,1557,0,0,-1,0,54,-11,0
13.445478,0,0,95,58,92,98,699,1557,0,0,-1,0,54,-11,0
13.454795,0,0,95,58,92,98,699,1557,0,0,-1,0,54,-11,0
13.459014,0,0,95,58,92,98,699,1557,0,0,-1,0,54,-11,0
13.463236,0,0,95,58,92,98,699,1557,0,0,-1,0,54,-11,0
13.475108,0,0,95,58,92,98,699,1557,0,0,-1,0,54,-11,0
13.484694,0,0,95,58,92,98,699,1557,0,0,-1,0,54,-11,0
13.490136,0,0,95,58,92,98,699,1557,0,0,-1,0,54,-11,0
13.504351,0,0,95,58,92,98,699,1557,0,0,-1,0,54,-11,0
13.509323,0,0,95,58,92,98,699,1557,0,0,-1,0,54,-11,0
13.516977,0,1,95,58,92,98,699,1557,0,0,0,0,54,-11,0
13.521616,0,1,95,58,92,98,699,1557,0,0,0,0,54,-10,0
13.535492,0,0,95,58,92,98,699,1557,0,0,0,0,54,-10,0
13.541293,0,0,95,58,92,98,699,1557,0,0,0,0,54,-10,0
13.548985,0,1,95,58,92,98,699,1557,0,0,-1,0,54,-10,0
13.553671,0,1,95,58,92,98,699,1557,0,0,-1,0,54,-11,0
13.567314,0,0,95,58,92,98,699,1557,0,0,-1,0,54,-11,0
13.581181,0,1,95,58,92,98,699,1557,0,0,0,0,54,-11,0
13.587075,0,0,95,58,92,98,699,1557,0,0,0,0,54,-11,0
13.598950,0,0,95,58,92,98,699,1557,0,0,0,0,54,-11,0
13.608445,0,0,95,58,92,98,699,1557,0,0,0,0,54,-11,0
13.612673,0,1,95,58,92,98,699,1557,0,0,-1,0,54,-11,0
13.616850,0,0,95,58,92,98,699,1557,0,0,-1,0,54,-11,0
13.630160,0,0,95,58,92,98,699,1557,0,0,-1,0,54,-11,0
13.639868,0,1,95,58,92,98,699,1557,0,0,0,0,54,-11,0
13.644945,1,0,95,58,92,98,701,1557,0,0,0,0,54,-11,0
13.650050,0,0,95,58,92,98,701,1557,0,0,0,0,54,-11,0
13.661860,0,0,95,58,92,98,701,1557,0,0,0,0,54,-11,0
13.671505,0,0,95,58,92,98,701,1557,0,0,0,0,54,-11,0
13.676813,0,0,95,58,92,98,701,1557,0,0,0,0,54,-11,0
13.690491,0,0,95,58,92,98,701,1557,0,0,0,0,54,-11,0
13.694725,0,1,95,58,92,98,701,1557,0,0,-1,0,54,-11,0
13.702590,0,0,95,58,92,98,701,1557,0,0,-1,0,54,-11,0
13.706753,0,0,95,58,92,98,701,1557,0,0,-1,0,54,-11,0
13.710894,0,0,95,58,92,98,701,1557,0,0,-1,0,54,-11,0
13.722479,0,0,95,58,92,98,701,1557,0,0,-1,0,54,-11,0
13.726670,1,0,95,58,91,98,701,1557,0,0,-1,0,54,-11,0
13.733969,0,0,95,58,91,98,701,1557,0,0,-1,0,54,-11,0
13.738234,0,0,95,58,91,98,701,1557,0,0,-1,0,54,-11,0
13.742398,0,0,95,58,91,98,701,1557,0,0,-1,0,54,-11,0
13.754395,0,0,95,58,91,98,701,1557,0,0,-1,0,54,-11,0
13.763983,1,0,95,58,92,98,701,1557,0,0,-1,0,54,-11,0
13.768197,0,0,95,58,92,98,701,1557,0,0,-1,0,54,-11,0
13.772807,0,0,95,58,92,98,701,1557,0,0,-1,0,54,-11,0
13.785109,0,0,95,58,92,98,701,1557,0,0,-1,0,54,-11,0
13.794538,0,0,95,58,92,98,701,1557,0,0,-1,0,54,-11,0
13.799511,0,0,95,58,92,98,701,1557,0,0,-1,0,54,-11,0
13.801354,0,0,95,58,92,98,701,1557,0,0,-1,0,54,-11,0
13.814550,0,0,95,58,92,98,701,1557,0,0,-1,0,54,-11,0
13.819155,1,1,95,58,91,98,701,1557,0,0,0,0,54,-11,0
13.827576,0,1,95,58,91,98,701,1557,0,0,0,0,54,-10,0
13.831708,0,0,95,58,91,98,701,1557,0,0,0,0,54,-10,0
13.835813,0,0,95,58,91,98,701,1557,0,0,0,0,54,-10,0
13.847354,0,1,95,58,91,98,701,1557,0,0,-1,0,54,-10,0
13.857285,1,1,95,58,92,98,701,1557,0,0,-1,0,54,-11,0
13.861542,0,0,95,58,92,98,701,1557,0,0,-1,0,54,-11,0
13.865849,0,0,95,58,92,98,701,1557,0,0,-1,0,54,-11,0
13.877462,1,0,95,58,91,98,701,1557,0,0,-1,0,54,-11,0
13.881716,0,0,95,58,91,98,701,1557,0,0,-1,0,54,-11,0
13.889518,0,0,95,58,91,98,701,1557,0,0,-1,0,54,-11,0
13.894312,0,0,95,58,91,98,701,1557,0,0,-1,0,54,-11,0
13.908408,0,0,95,58,91,98,701,1557,0,0,-1,0,54,-11,0
13.912727,1,0,95,58,92,98,701,1557,0,0,-1,0,54,-11,0
13.920841,0,0,95,58,92,98,701,1557,0,0,-1,0,54,-11,0
13.940035,0,1,95,58,92,98,701,1557,0,0,0,0,54,-11,0
13.950737,0,1,95,58,92,98,701,1557,0,0,0,0,54,-10,0
13.955820,0,0,95,58,92,98,701,1557,0,0,0,0,54,-10,0
13.969443,0,0,95,58,92,98,701,1557,0,0,0,0,54,-10,0
13.973753,0,0,95,58,92,98,701,1557,0,0,0,0,54,-10,0
13.981637,0,1,95,58,92,98,701,1557,0,0,0,0,54,-11,0
13.985791,0,0,95,58,92,98,701,1557,0,0,0,0,54,-11,0
13.989952,0,0,95,58,92,98,701,1557,0,0,0,0,54,-11,0
14.001790,0,0,95,58,92,98,701,1557,0,0,0,0,54,-11,96
14.011921,0,1,95,58,92,98,701,1557,0,0,0,0,56,-11,96
14.017845,0,0,95,58,92,98,701,1557,0,0,0,0,56,-11,96
14.031181,1,1,95,58,91,98,701,1557,0,0,-1,0,56,-11,96
14.035768,1,1,95,58,91,98,704,1557,0,0,-1,0,54,-10,0
14.043894,0,0,95,58,91,98,704,1557,0,0,-1,0,54,-10,0
14.048063,0,0,95,58,91,98,704,1557,0,0,-1,0,54,-10,0
14.052639,1,1,95,58,92,98,704,1557,0,0,0,0,54,-10,0
14.063903,0,1,95,58,92,98,704,1557,0,0,0,0,54,-11,0
14.073704,0,0,95,58,92,98,704,1557,0,0,0,0,54,-11,0
14.078465,0,0,95,58,92,98,704,1557,0,0,0,0,54,-11,0
14.082955,0,0,95,58,92,98,704,1557,0,0,0,0,54,-11,0
14.095174,0,0,95,58,92,98,704,1557,0,0,0,0,54,-11,0
14.104850,0,0,95,58,92,98,704,1557,0,0,0,0,54,-11,0
14.110427,0,0,95,58,92,98,704,1557,0,0,0,0,54,-11,0
14.124448,1,0,95,58,91,98,704,1557,0,0,0,0,54,-11,0
14.129169,0,1,95,58,91,98,704,1557,0,0,0,0,53,-11,0
14.137348,0,0,95,58,91,98,704,1557,0,0,0,0,53,-11,0
14.141608,0,0,95,58,91,98,704,1557,0,0,0,0,53,-11,0
14.145790,1,0,95,58,92,98,704,1557,0,0,0,0,53,-11,0
14.156539,1,1,95,58,92,98,705,1557,0,0,0,0,54,-10,0
14.160725,0,0,95,58,92,98,705,1557,0,0,0,0,54,-10,0
14.168105,0,0,95,58,92,98,705,1557,0,0,0,0,54,-10,0
14.172744,0,1,95,58,92,98,705,1557,0,0,-1,0,54,-10,0
14.186709,1,0,95,58,91,98,705,1557,0,0,-1,0,54,-10,0
14.189849,0,1,95,58,91,98,705,1557,0,0,-1,0,54,-11,0
14.199534,0,0,95,58,91,98,705,1557,0,0,-1,0,54,-11,0
14.203789,1,0,95,58,92,98,705,1557,0,0,-1,0,54,-11,0
14.217436,0,0,95,58,92,98,705,1557,0,0,-1,0,54,-11,0
14.222154,0,0,95,58,92,98,705,1557,0,0,-1,0,54,-11,0
14.230344,0,0,95,58,92,98,705,1557,0,0,-1,0,54,-11,0
14.234619,0,0,95,58,92,98,705,1557,0,0,-1,0,54,-11,0
14.248380,0,0,95,58,92,98,705,1557,0,0,-1,0,54,-11,0
14.253439,0,0,95,58,92,98,705,1557,0,0,-1,0,54,-11,0
14.261045,0,1,95,58,92,98,705,1557,-1,0,-1,0,54,-11,0
14.266004,0,1,95,58,92,98,705,1557,-1,0,0,0,54,-11,0
14.279266,0,1,95,58,92,98,705,1557,-1,0,0,0,53,-11,0
14.283984,0,0,95,58,92,98,705,1557,-1,0,0,0,53,-11,0
14.292641,0,1,95,58,92,98,705,1557,0,0,0,0,53,-11,0
14.296791,0,1,95,58,92,98,705,1557,0,0,0,0,54,-11,0
14.310329,0,0,95,58,92,98,705,1557,0,0,0,0,54,-11,0
14.324396,0,1,95,58,92,98,705,1557,0,0,-1,0,54,-11,0
14.328615,0,1,95,58,92,98,705,1557,0,0,-1,0,53,-11,0
14.342346,0,0,95,58,92,98,705,1557,0,0,-1,0,53,-11,0
14.352507,0,0,95,58,92,98,705,1557,0,0,-1,0,53,-11,0
14.357608,0,1,95,58,92,98,705,1557,0,0,0,0,54,-11,0
14.362551,0,0,95,58,92,98,705,1557,0,0,0,0,54,-11,0
14.374332,0,0,95,58,92,98,705,1557,0,0,0,0,54,-11,0
14.384289,0,1,95,58,92,98,705,1557,0,0,-1,0,54,-11,0
14.389324,0,1,95,58,92,98,705,1557,0,0,-1,0,53,-10,0
14.403270,0,0,95,58,92,98,705,1557,0,0,-1,0,53,-10,0
14.407983,0,0,95,58,92,98,705,1557,0,0,-1,0,53,-10,0
14.416403,0,1,95,58,92,98,705,1557,0,0,0,0,53,-10,0
14.420974,0,1,95,58,92,98,705,1557,0,0,0,0,54,-11,0
14.434277,0,0,95,58,92,98,705,1557,0,0,0,0,54,-11,0
14.438394,0,1,95,58,92,98,705,1557,0,0,-1,0,54,-11,0
14.447024,0,0,95,58,92,98,705,1557,0,0,-1,0,54,-11,0
14.451206,0,0,95,58,92,98,705,1557,0,0,-1,0,54,-11,0
14.465298,0,0,95,58,92,98,705,1557,0,0,-1,0,54,-11,0
14.470380,0,0,95,58,92,98,705,1557,0,0,-1,0,54,-11,0
14.478531,1,0,95,58,91,98,705,1557,0,0,-1,0,54,-11,0
14.481363,0,0,95,58,91,98,705,1557,0,0,-1,0,54,-11,0
14.485907,0,0,95,58,91,98,705,1557,0,0,-1,0,54,-11,0
14.497801,0,0,95,58,91,98,705,1557,0,0,-1,0,54,-11,0
14.507302,1,1,95,58,92,98,705,1557,0,0,-1,0,53,-11,0
14.511386,0,0,95,58,92,98,705,1557,0,0,-1,0,53,-11,0
14.515535,0,0,95,58,92,98,705,1557,0,0,-1,0,53,-11,0
14.528473,0,0,95,58,92,98,705,1557,0,0,-1,0,53,-11,0
14.538437,1,0,95,58,91,98,705,1557,0,0,-1,0,53,-11,0
14.543497,0,0,95,58,91,98,705,1557,0,0,-1,0,53,-11,0
14.548438,0,0,95,58,91,98,705,1557,0,0,-1,0,53,-11,0
14.559554,0,1,95,58,91,98,705,1557,-1,0,-1,0,53,-11,0
14.563794,1,1,95,58,92,98,705,1557,-1,0,-1,0,54,-11,0
14.571872,0,0,95,58,92,98,705,1557,-1,0,-1,0,54,-11,0
14.576853,0,0,95,58,92,98,705,1557,-1,0,-1,0,54,-11,0
14.590422,0,1,95,58,92,98,705,1557,0,0,-1,0,54,-11,0
14.600465,0,1,95,58,92,98,705,1557,0,0,-1,0,53,-11,0
14.609597,0,0,95,58,92,98,705,1557,0,0,-1,0,53,-11,0
14.622554,0,1,95,58,92,98,705,1557,0,0,0,0,53,-11,0
14.632866,0,0,95,58,92,98,705,1557,0,0,0,0,53,-11,0
14.638117,0,0,95,58,92,98,705,1557,0,0,0,0,53,-11,0
14.651607,0,1,95,58,92,98,705,1557,0,0,-1,0,53,-11,0
14.657384,0,1,95,58,92,98,705,1557,0,0,-1,0,54,-11,0
14.665010,0,1,95,58,92,98,705,1557,0,0,-1,0,54,-10,0
14.669717,0,0,95,58,92,98,705,1557,0,0,-1,0,54,-10,0
14.683450,0,0,95,58,92,98,705,1557,0,0,-1,0,54,-10,0
14.693460,0,1,95,58,92,98,705,1557,0,0,-1,0,54,-11,0
14.698123,0,0,95,58,92,98,705,1557,0,0,-1,0,54,-11,0
14.702440,0,0,95,58,92,98,705,1557,0,0,-1,0,54,-11,0
14.715238,0,1,95,58,92,98,705,1557,0,0,0,0,54,-11,0
14.724821,0,0,95,58,92,98,705,1557,0,0,0,0,54,-11,0
14.729056,0,0,95,58,92,98,705,1557,0,0,0,0,54,-11,0
14.734027,0,0,95,58,92,98,705,1557,0,0,0,0,54,-11,0
14.746080,0,1,95,58,92,98,705,1557,0,0,-1,0,54,-11,0
14.755721,0,0,95,58,92,98,705,1557,0,0,-1,0,54,-11,0
14.760672,0,0,95,58,92,98,705,1557,0,0,-1,0,54,-11,0
14.762525,0,0,95,58,92,98,705,1557,0,0,-1,0,54,-11,0
14.776265,0,1,95,58,92,98,705,1557,0,0,0,0,54,-11,0
14.786491,0,0,95,58,92,98,705,1557,0,0,0,0,54,-11,0
14.791484,0,0,95,58,92,98,705,1557,0,0,0,0,54,-11,0
14.796458,0,0,95,58,92,98,705,1557,0,0,0,0,54,-11,0
14.808258,0,0,95,58,92,98,705,1557,0,0,0,0,54,-11,0
14.818429,0,0,95,58,92,98,705,1557,0,0,0,0,54,-11,0
14.823461,0,0,95,58,92,98,705,1557,0,0,0,0,54,-11,0
14.837303,0,0,95,58,92,98,705,1557,0,0,0,0,54,-11,0
14.842299,0,0,95,58,92,98,705,1557,0,0,0,0,54,-11,0
14.850348,0,0,95,58,92,98,705,1557,0,0,0,0,54,-11,0
14.855428,0,1,95,58,92,98,705,1557,-1,0,0,0,54,-11,0
14.869193,0,1,95,58,92,98,705,1557,-1,0,-1,0,54,-11,0
14.874122,0,0,95,58,92,98,705,1557,-1,0,-1,0,54,-11,0
14.881023,0,0,95,58,92,98,705,1557,-1,0,-1,0,54,-11,0
14.889979,0,1,95,58,92,98,705,1557,0,0,0,0,54,-11,0
14.901424,0,0,95,58,92,98,705,1557,0,0,0,0,54,-11,0
14.911405,0,0,95,58,92,98,705,1557,0,0,0,0,54,-11,0
14.915625,0,0,95,58,92,98,705,1557,0,0,0,0,54,-11,0
14.920641,0,1,95,58,92,98,705,1557,0,0,-1,0,54,-11,95
14.932294,1,1,95,58,92,98,706,1557,0,0,-1,0,56,-11,95
14.942725,0,0,95,58,92,98,706,1557,0,0,-1,0,56,-11,95
14.947742,0,1,95,58,92,98,706,1557,-1,0,0,0,56,-11,95
14.961441,1,1,95,58,92,98,708,1557,-1,0,0,0,55,-11,7
14.965997,0,0,95,58,92,98,708,1557,-1,0,0,0,55,-11,7
14.973625,0,1,95,58,92,98,708,1557,0,0,0,0,55,-11,7
14.978159,0,0,95,58,92,98,708,1557,0,0,0,0,55,-11,7
14.982337,1,1,95,58,92,98,709,1557,0,0,0,0,54,-11,0
14.993829,0,0,95,58,92,98,709,1557,0,0,0,0,54,-11,0
15.003379,0,0,95,58,92,98,709,1557,0,0,0,0,54,-11,0
15.007676,0,0,95,58,92,98,709,1557,0,0,0,0,54,-11,0
15.011850,0,0,95,58,92,98,709,1557,0,0,0,0,54,-11,0
15.024375,0,0,95,58,92,98,709,1557,0,0,0,0,54,-11,0
15.028563,0,0,95,58,92,98,709,1557,0,0,0,0,54,-11,0
15.035775,0,0,95,58,92,98,709,1557,0,0,0,0,54,-11,0
15.040805,0,0,95,58,92,98,709,1557,0,0,0,0,54,-11,0
15.054418,0,0,95,58,92,98,709,1557,0,0,0,0,54,-11,0
15.059386,0,0,95,58,92,98,709,1557,0,0,0,0,54,-11,0
15.067309,0,1,95,58,92,98,709,1557,0,0,-1,0,54,-11,0
15.071500,0,0,95,58,92,98,709,1557,0,0,-1,0,54,-11,0
15.075956,0,0,95,58,92,98,709,1557,0,0,-1,0,54,-11,0
15.087309,0,0,95,58,92,98,709,1557,0,0,-1,0,54,-11,0
15.096963,0,0,95,58,92,98,709,1557,0,0,-1,0,54,-11,0
15.101145,0,0,95,58,92,98,709,1557,0,0,-1,0,54,-11,0
15.105377,0,0,95,58,92,98,709,1557,0,0,-1,0,54,-11,0
15.117917,0,0,95,58,92,98,709,1557,0,0,-1,0,54,-11,0
15.119789,0,0,95,58,92,98,709,1557,0,0,-1,0,54,-11,0
15.129181,0,1,95,58,92,98,709,1557,0,0,0,0,54,-11,0
15.134016,1,0,95,58,92,98,710,1557,0,0,0,0,54,-11,0
15.147372,0,0,95,58,92,98,710,1557,0,0,0,0,54,-11,0
15.151637,0,0,95,58,92,98,710,1557,0,0,0,0,54,-11,0
15.159618,0,0,95,58,92,98,710,1557,0,0,0,0,54,-11,0
15.163755,0,0,95,58,92,98,710,1557,0,0,0,0,54,-11,0
15.167934,0,0,95,58,92,98,710,1557,0,0,0,0,54,-11,0
15.179804,0,0,95,58,92,98,710,1557,0,0,0,0,54,-11,0
15.189341,0,1,95,58,92,98,710,1557,0,0,-1,0,54,-11,0
15.193825,0,0,95,58,92,98,710,1557,0,0,-1,0,54,-11,0
15.197905,0,0,95,58,92,98,710,1557,0,0,-1,0,54,-11,0
15.210522,0,0,95,58,92,98,710,1557,0,0,-1,0,54,-11,0
15.215044,0,0,95,58,92,98,710,1557,0,0,-1,0,54,-11,0
15.222828,0,0,95,58,92,98,710,1557,0,0,-1,0,54,-11,0
15.227066,0,0,95,58,92,98,710,1557,0,0,-1,0,54,-11,0
15.240603,0,0,95,58,92,98,710,1557,0,0,-1,0,54,-11,0
15.253772,0,0,95,58,92,98,710,1557,0,0,-1,0,54,-11,0
15.259141,0,0,95,58,92,98,710,1557,0,0,-1,0,54,-11,0
15.273080,0,0,95,58,92,98,710,1557,0,0,-1,0,54,-11,0
15.282638,0,0,95,58,92,98,710,1557,0,0,-1,0,54,-11,0
15.287835,0,0,95,58,92,98,710,1557,0,0,-1,0,54,-11,0
15.292915,0,0,95,58,92,98,710,1557,0,0,-1,0,54,-11,0
15.303632,0,0,95,58,92,98,710,1557,0,0,-1,0,54,-11,0
15.313698,0,0,95,58,92,98,710,1557,0,0,-1,0,54,-11,0
15.318790,0,0,95,58,92,98,710,1557,0,0,-1,0,54,-11,0
15.323839,0,0,95,58,92,98,710,1557,0,0,-1,0,54,-11,0
15.335273,0,0,95,58,92,98,710,1557,0,0,-1,0,54,-11,0
15.345399,0,0,95,58,92,98,710,1557,0,0,-1,0,54,-11,0
15.350067,0,0,95,58,92,98,710,1557,0,0,-1,0,54,-11,0
15.355056,0,0,95,58,92,98,710,1557,0,0,-1,0,54,-11,0
15.366483,0,0,95,58,92,98,710,1557,0,0,-1,0,54,-11,0
15.376371,0,0,95,58,92,98,710,1557,0,0,-1,0,54,-11,0
15.380614,0,0,95,58,92,98,710,1557,0,0,-1,0,54,-11,0
15.385730,0,0,95,58,92,98,710,1557,0,0,-1,0,54,-11,0
15.396854,0,0,95,58,92,98,710,1557,0,0,-1,0,54,-11,0
15.406761,0,0,95,58,92,98,710,1557,0,0,-1,0,54,-11,0
15.409638,0,0,95,58,92,98,710,1557,0,0,-1,0,54,-11,0
15.414207,0,0,95,58,92,98,710,1557,0,0,-1,0,54,-11,0
15.427831,0,1,95,58,92,98,710,1557,-1,0,-1,0,54,-11,0
15.437486,0,0,95,58,92,98,710,1557,-1,0,-1,0,54,-11,0
15.442511,0,0,95,58,92,98,710,1557,-1,0,-1,0,54,-11,0
15.447555,0,1,95,58,92,98,710,1557,0,0,-1,0,54,-11,0
15.459036,0,0,95,58,92,98,710,1557,0,0,-1,0,54,-11,0
15.468732,0,0,95,58,92,98,710,1557,0,0,-1,0,54,-11,0
15.473396,0,0,95,58,92,98,710,1557,0,0,-1,0,54,-11,0
15.479150,0,1,95,58,92,98,710,1557,-1,0,0,0,54,-11,0
15.490773,0,0,95,58,92,98,710,1557,-1,0,0,0,54,-11,0
15.500305,0,0,95,58,92,98,710,1557,-1,0,0,0,54,-11,0
15.504908,0,0,95,58,92,98,710,1557,-1,0,0,0,54,-11,0
15.509930,0,0,95,58,92,98,710,1557,-1,0,0,0,54,-11,0
15.521179,0,0,95,58,92,98,710,1557,-1,0,0,0,54,-11,0
15.530771,0,0,95,58,92,98,710,1557,-1,0,0,0,54,-11,0
15.539941,0,1,95,58,92,98,710,1557,0,0,0,0,54,-11,0
15.552277,0,1,95,58,92,98,710,1557,0,0,-1,0,54,-11,0
15.561739,0,0,95,58,92,98,710,1557,0,0,-1,0,54,-11,0
15.565837,0,0,95,58,92,98,710,1557,0,0,-1,0,54,-11,0
15.570063,0,1,95,58,92,98,710,1557,-1,0,-1,0,54,-11,0
15.582851,0,0,95,58,92,98,710,1557,-1,0,-1,0,54,-11,91
15.592873,0,1,95,58,92,98,710,1557,-1,0,-1,0,56,-11,91
15.597463,0,0,95,58,92,98,710,1557,-1,0,-1,0,56,-11,91
15.602426,0,1,95,58,92,98,710,1557,0,0,-1,0,56,-11,91
15.613867,0,1,95,58,92,98,710,1557,0,0,0,0,55,-11,0
15.623444,1,0,95,58,92,98,713,1557,0,0,0,0,55,-11,0
15.628455,0,0,95,58,92,98,713,1557,0,0,0,0,55,-11,0
15.632685,0,0,95,58,92,98,713,1557,0,0,0,0,55,-11,0
15.645197,0,1,95,58,92,98,713,1557,0,0,0,0,54,-11,0
15.654745,0,0,95,58,92,98,713,1557,0,0,0,0,54,-11,0
15.660035,0,0,95,58,92,98,713,1557,0,0,0,0,54,-11,0
15.664255,0,1,95,58,92,98,713,1557,0,0,-1,0,54,-11,0
15.675393,0,0,95,58,92,98,713,1557,0,0,-1,0,54,-11,0
15.679608,0,0,95,58,92,98,713,1557,0,0,-1,0,54,-11,0
15.687811,0,0,95,58,92,98,713,1557,0,0,-1,0,54,-11,0
15.692016,0,1,95,58,92,98,713,1557,-1,0,0,0,54,-11,0
15.705286,0,0,95,58,92,98,713,1557,-1,0,0,0,54,-11,0
15.709489,0,0,95,58,92,98,713,1557,-1,0,0,0,54,-11,0
15.717609,0,0,95,58,92,98,713,1557,-1,0,0,0,54,-11,0
15.721795,0,1,95,58,92,98,713,1557,0,0,0,0,54,-11,0
15.726396,0,1,95,58,92,98,713,1557,0,0,-1,0,54,-11,0
15.737494,0,0,95,58,92,98,713,1557,0,0,-1,0,54,-11,0
15.747375,0,0,95,58,92,98,713,1557,0,0,-1,0,54,-11,0
15.751944,0,0,95,58,92,98,713,1557,0,0,-1,0,54,-11,0
15.756146,0,0,95,58,92,98,713,1557,0,0,-1,0,54,-11,0
15.768388,0,1,95,58,92,98,713,1557,0,0,-1,0,54,-10,0
15.772544,0,0,95,58,92,98,713,1557,0,0,-1,0,54,-10,0
15.779846,0,0,95,58,92,98,713,1557,0,0,-1,0,54,-10,0
15.782472,0,0,95,58,92,98,713,1557,0,0,-1,0,54,-10,0
15.787442,0,0,95,58,92,98,713,1557,0,0,-1,0,54,-10,0
15.799971,0,1,95,58,92,98,713,1557,0,0,-1,0,54,-11,0
15.809497,0,0,95,58,92,98,713,1557,0,0,-1,0,54,-11,0
15.813734,0,0,95,58,92,98,713,1557,0,0,-1,0,54,-11,0
15.817906,0,0,95,58,92,98,713,1557,0,0,-1,0,54,-11,0
15.831209,0,0,95,58,92,98,713,1557,0,0,-1,0,54,-11,0
15.840693,0,0,95,58,92,98,713,1557,0,0,-1,0,54,-11,0
15.845652,0,0,95,58,92,98,713,1557,0,0,-1,0,54,-11,0
15.850753,0,1,95,58,92,98,713,1557,0,0,-1,0,55,-11,0
15.862228,0,0,95,58,92,98,713,1557,0,0,-1,0,55,-11,0
15.871923,0,0,95,58,92,98,713,1557,0,0,-1,0,55,-11,0
15.876218,0,1,95,58,92,98,713,1557,0,0,-1,0,54,-11,0
15.881189,0,1,95,58,92,98,713,1557,0,0,-1,0,54,-10,0
15.892629,0,0,95,58,92,98,713,1557,0,0,-1,0,54,-10,0
15.896895,0,0,95,58,92,98,713,1557,0,0,-1,0,54,-10,0
15.904747,0,0,95,58,92,98,713,1557,0,0,-1,0,54,-10,0
15.912405,0,0,95,58,92,98,713,1557,0,0,-1,0,54,-11,0
15.923824,0,0,95,58,92,98,713,1557,0,0,-1,0,54,-11,0
15.933351,0,0,95,58,92,98,713,1557,0,0,-1,0,54,-11,0
15.937968,0,0,95,58,92,98,713,1557,0,0,-1,0,54,-11,0
15.942200,0,0,95,58,92,98,713,1557,0,0,-1,0,54,-11,0
15.954484,0,0,95,58,92,98,713,1557,0,0,-1,0,54,-11,0
15.958632,0,0,95,58,92,98,713,1557,0,0,-1,0,54,-11,0
15.965920,0,0,95,58,92,98,713,1557,0,0,-1,0,54,-11,0
15.970080,0,1,95,58,92,98,713,1557,0,0,-1,0,56,-11,68
15.974222,0,0,95,58,92,98,713,1557,0,0,-1,0,56,-11,68
15.985469,0,0,95,58,92,98,713,1557,0,0,-1,0,56,-11,68
15.989693,0,1,95,58,92,98,713,1557,-1,0,-1,0,56,-11,68
15.996715,0,0,95,58,92,98,713,1557,-1,0,-1,0,56,-11,68
16.001384,1,1,95,58,92,98,715,1557,-1,0,-1,0,55,-11,0
16.015205,0,0,95,58,92,98,715,1557,-1,0,-1,0,55,-11,0
16.020197,0,1,95,58,92,98,715,1557,0,0,-1,0,55,-11,0
16.027686,0,1,95,58,92,98,715,1557,0,0,0,0,55,-11,0
16.031891,0,1,95,58,92,98,715,1557,0,0,0,0,54,-11,0
16.036472,0,0,95,58,92,98,715,1557,0,0,0,0,54,-11,0
16.047801,0,0,95,58,92,98,715,1557,0,0,0,0,54,-11,0
16.057651,0,1,95,58,92,98,715,1557,0,0,-1,0,54,-11,0
16.061816,0,0,95,58,92,98,715,1557,0,0,-1,0,54,-11,0
16.066001,0,0,95,58,92,98,715,1557,0,0,-1,0,54,-11,0
16.078902,0,0,95,58,92,98,715,1557,0,0,-1,0,54,-11,0
16.088444,0,0,95,58,92,98,715,1557,0,0,-1,0,54,-11,0
16.092630,0,0,95,58,92,98,715,1557,0,0,-1,0,54,-11,0
16.097188,0,0,95,58,92,98,715,1557,0,0,-1,0,54,-11,0
16.110373,0,0,95,58,92,98,715,1557,0,0,-1,0,54,-11,0
16.120412,0,0,95,58,92,98,715,1557,0,0,-1,0,54,-11,0
16.125075,0,0,95,58,92,98,715,1557,0,0,-1,0,54,-11,0
16.129741,0,0,95,58,92,98,715,1557,0,0,-1,0,54,-11,0
16.141393,0,0,95,58,92,98,715,1557,0,0,-1,0,54,-11,0
16.151684,0,0,95,58,92,98,715,1557,0,0,-1,0,54,-11,0
16.154591,0,0,95,58,92,98,715,1557,0,0,-1,0,54,-11,0
16.160502,0,0,95,58,92,98,715,1557,0,0,-1,0,54,-11,0
16.172840,0,0,95,58,92,98,715,1557,0,0,-1,0,54,-11,0
16.183034,0,0,95,58,92,98,715,1557,0,0,-1,0,54,-11,0
16.188806,0,0,95,58,92,98,715,1557,0,0,-1,0,54,-11,0
16.202312,0,0,95,58,92,98,715,1557,0,0,-1,0,54,-11,0
16.206501,0,0,95,58,92,98,715,1557,0,0,-1,0,54,-11,0
16.213966,0,0,95,58,92,98,715,1557,0,0,-1,0,54,-11,0
16.218914,0,0,95,58,92,98,715,1557,0,0,-1,0,54,-11,0
16.232288,0,0,95,58,92,98,715,1557,0,0,-1,0,54,-11,0
16.236590,0,0,95,58,92,98,715,1557,0,0,-1,0,54,-11,0
16.245639,0,0,95,58,92,98,715,1557,0,0,-1,0,54,-11,0
16.250465,0,0,95,58,92,98,715,1557,0,0,-1,0,54,-11,0
16.264323,0,0,95,58,92,98,715,1557,0,0,-1,0,54,-11,0
16.274477,0,0,95,58,92,98,715,1557,0,0,-1,0,54,-11,0
16.283456,0,1,95,58,92,98,715,1557,-1,0,-1,0,54,-11,0
16.295827,0,0,95,58,92,98,715,1557,-1,0,-1,0,54,-11,0
16.305483,0,0,95,58,92,98,715,1557,-1,0,-1,0,54,-11,0
16.310073,0,0,95,58,92,98,715,1557,-1,0,-1,0,54,-11,0
16.314238,0,1,95,58,92,98,715,1557,0,0,-1,0,54,-11,0
16.326845,0,0,95,58,92,98,715,1557,0,0,-1,0,54,-11,70
16.336793,0,1,95,58,92,98,715,1557,0,0,-1,0,56,-11,70
16.341401,0,0,95,58,92,98,715,1557,0,0,-1,0,56,-11,70
16.346003,0,0,95,58,92,98,715,1557,0,0,-1,0,56,-11,70
16.358127,1,0,95,58,92,98,717,1557,0,0,-1,0,56,-11,10
16.367423,0,0,95,58,92,98,717,1557,0,0,-1,0,56,-11,10
16.371609,0,0,95,58,92,98,717,1557,0,0,-1,0,56,-11,10
16.375793,0,0,95,58,92,98,717,1557,0,0,-1,0,56,-11,10
16.388308,0,1,95,58,92,98,717,1557,0,0,-1,0,54,-11,0
16.398366,0,0,95,58,92,98,717,1557,0,0,-1,0,54,-11,0
16.402479,0,0,95,58,92,98,717,1557,0,0,-1,0,54,-11,0
16.406710,0,0,95,58,92,98,717,1557,0,0,-1,0,54,-11,0
16.419526,0,0,95,58,92,98,717,1557,0,0,-1,0,54,-11,0
16.423734,0,0,95,58,92,98,717,1557,0,0,-1,0,54,-11,0
16.431368,0,0,95,58,92,98,717,1557,0,0,-1,0,54,-11,0
16.435974,0,0,95,58,92,98,717,1557,0,0,-1,0,54,-11,0
16.449270,0,0,95,58,92,98,717,1557,0,0,-1,0,54,-11,0
16.454250,0,0,95,58,92,98,717,1557,0,0,-1,0,54,-11,0
16.461616,0,0,95,58,92,98,717,1557,0,0,-1,0,54,-11,0
16.466129,0,0,95,58,92,98,717,1557,0,0,-1,0,54,-11,0
16.470999,0,0,95,58,92,98,717,1557,0,0,-1,0,54,-11,0
16.481629,0,0,95,58,92,98,717,1557,0,0,-1,0,54,-11,0
16.486201,0,0,95,58,92,98,717,1557,0,0,-1,0,54,-11,0
16.492923,0,0,95,58,92,98,717,1557,0,0,-1,0,54,-11,0
16.497468,0,0,95,58,92,98,717,1557,0,0,-1,0,54,-11,0
16.511267,0,0,95,58,92,98,717,1557,0,0,-1,0,54,-11,0
16.513446,0,0,95,58,92,98,717,1557,0,0,-1,0,54,-11,0
16.523185,0,0,95,58,92,98,717,1557,0,0,-1,0,54,-11,0
16.527396,0,0,95,58,92,98,717,1557,0,0,-1,0,54,-11,0
16.531959,0,0,95,58,92,98,717,1557,0,0,-1,0,54,-11,0
16.543524,0,0,95,58,92,98,717,1557,0,0,-1,0,54,-11,0
16.547723,0,0,95,58,92,98,717,1557,0,0,-1,0,54,-11,0
16.554733,0,0,95,58,92,98,717,1557,0,0,-1,0,54,-11,0
16.561002,0,0,95,58,92,98,717,1557,0,0,-1,0,54,-11,0
16.576845,0,0,95,58,92,98,717,1557,0,0,-1,0,54,-11,0
16.587870,0,0,95,58,92,98,717,1557,0,0,-1,0,54,-11,0
16.594220,0,0,95,58,92,98,717,1557,0,0,-1,0,54,-11,0
16.606899,0,0,95,58,92,98,717,1557,0,0,-1,0,54,-11,0
16.616771,0,0,95,58,92,98,717,1557,0,0,-1,0,54,-11,0
16.621838,0,0,95,58,92,98,717,1557,0,0,-1,0,54,-11,0
16.635252,0,0,95,58,92,98,717,1557,0,0,-1,0,54,-11,0
16.648089,0,0,95,58,92,98,717,1557,-1,0,-1,0,54,-11,0
16.652694,0,0,95,58,92,98,717,1557,-1,0,-1,0,54,-11,0
16.666321,0,0,95,58,92,98,717,1557,-1,0,-1,0,54,-11,0
16.671421,0,1,95,58,92,98,717,1557,0,0,-1,0,54,-11,0
16.679012,0,0,95,58,92,98,717,1557,0,0,-1,0,54,-11,80
16.683610,0,1,95,58,92,98,717,1557,0,0,-1,0,56,-12,80
16.688180,0,0,95,58,92,98,717,1557,0,0,-1,0,56,-12,80
16.699458,0,0,95,58,92,98,717,1557,0,0,-1,0,56,-12,80
16.709597,0,0,95,58,92,98,717,1557,0,0,-1,0,56,-12,80
16.713852,1,1,95,58,92,98,718,1557,0,0,-1,0,55,-12,0
16.717989,0,0,95,58,92,98,718,1557,0,0,-1,0,55,-12,0
16.729564,0,0,95,58,92,98,718,1557,0,0,-1,0,55,-12,0
16.734157,0,0,95,58,92,98,718,1557,0,0,-1,0,55,-12,0
16.741358,0,1,95,58,92,98,718,1557,0,0,-1,0,55,-11,0
16.745525,0,0,95,58,92,98,718,1557,0,0,-1,0,55,-11,0
16.749771,0,0,95,58,92,98,718,1557,0,0,-1,0,55,-11,0
16.760580,0,0,95,58,92,98,718,1557,0,0,-1,0,55,-11,0
16.764791,0,0,95,58,92,98,718,1557,0,0,-1,0,55,-11,0
16.772163,0,0,95,58,92,98,718,1557,0,0,-1,0,55,-11,0
16.776430,0,0,95,58,92,98,718,1557,0,0,-1,0,55,-11,0
16.780637,0,0,95,58,92,98,718,1557,0,0,-1,0,55,-11,0
16.791520,0,0,95,58,92,98,718,1557,0,0,-1,0,55,-11,0
16.801688,0,1,95,58,92,98,718,1557,0,0,-1,0,54,-11,0
16.804143,0,0,95,58,92,98,718,1557,0,0,-1,0,54,-11,0
16.809037,0,0,95,58,92,98,718,1557,0,0,-1,0,54,-11,0
16.822458,0,1,95,58,92,98,718,1557,-1,0,-1,0,54,-11,0
16.826967,0,1,95,58,92,98,718,1557,-1,0,-1,0,55,-11,0
16.833773,0,0,95,58,92,98,718,1557,-1,0,-1,0,55,-11,0
16.837920,0,0,95,58,92,98,718,1557,-1,0,-1,0,55,-11,0
16.842066,0,1,95,58,92,98,718,1557,0,0,-1,0,55,-11,0
16.853892,0,0,95,58,92,98,718,1557,0,0,-1,0,55,-11,0
16.863421,0,1,95,58,92,98,718,1557,0,0,-1,0,54,-11,0
16.867626,0,0,95,58,92,98,718,1557,0,0,-1,0,54,-11,0
16.871831,0,0,95,58,92,98,718,1557,0,0,-1,0,54,-11,0
16.885179,0,0,95,58,92,98,718,1557,0,0,-1,0,54,-11,0
16.895290,0,0,95,58,92,98,718,1557,0,0,-1,0,54,-11,0
16.899797,0,0,95,58,92,98,718,1557,0,0,-1,0,54,-11,0
16.903913,0,1,95,58,92,98,718,1557,-1,0,-1,0,54,-11,0
16.915450,0,0,95,58,92,98,718,1557,-1,0,-1,0,54,-11,0
16.919608,0,0,95,58,92,98,718,1557,-1,0,-1,0,54,-11,0
16.929445,0,0,95,58,92,98,718,1557,-1,0,-1,0,54,-11,0
16.933601,0,1,95,58,92,98,718,1557,0,0,-1,0,54,-11,0
16.946468,0,0,95,58,92,98,718,1557,0,0,-1,0,54,-11,0
16.950572,0,0,95,58,92,98,718,1557,0,0,-1,0,54,-11,0
16.958328,0,0,95,58,92,98,718,1557,0,0,-1,0,54,-11,0
16.962469,0,0,95,58,92,98,718,1557,0,0,-1,0,54,-11,0
16.967063,0,0,95,58,92,98,718,1557,0,0,-1,0,54,-11,0
16.978092,0,1,95,58,92,98,718,1557,0,0,-1,0,56,-12,57
16.987790,0,0,95,58,92,98,718,1557,0,0,-1,0,56,-12,57
16.991836,0,0,95,58,92,98,718,1557,0,0,-1,0,56,-12,57
16.995914,0,1,95,58,92,98,718,1557,0,0,0,0,56,-12,57
17.008424,1,1,95,58,92,98,721,1557,0,0,0,0,56,-11,0
17.012671,0,0,95,58,92,98,721,1557,0,0,0,0,56,-11,0
17.019634,0,0,95,58,92,98,721,1557,0,0,0,0,56,-11,0
17.023799,0,1,95,58,92,98,721,1557,-1,0,0,0,56,-11,0
17.027904,0,1,95,58,92,98,721,1557,-1,0,0,0,55,-11,0
17.039457,0,0,95,58,92,98,721,1557,-1,0,0,0,55,-11,0
17.049350,0,0,95,58,92,98,721,1557,-1,0,0,0,55,-11,0
17.053980,0,1,95,58,92,98,721,1557,0,0,0,0,55,-11,0
17.058178,0,1,95,58,92,98,721,1557,0,0,-1,0,54,-11,0
17.070404,0,0,95,58,92,98,721,1557,0,0,-1,0,54,-11,0
17.074686,0,0,95,58,92,98,721,1557,0,0,-1,0,54,-11,0
17.082220,0,0,95,58,92,98,721,1557,0,0,-1,0,54,-11,0
17.086809,0,0,95,58,92,98,721,1557,0,0,-1,0,54,-11,0
17.100392,0,0,95,58,92,98,721,1557,0,0,-1,0,54,-11,0
17.105162,0,0,95,58,92,98,721,1557,0,0,-1,0,54,-11,0
17.113363,0,0,95,58,92,98,721,1557,0,0,-1,0,54,-11,0
17.118324,0,1,95,58,92,98,721,1557,0,0,0,0,54,-11,0
17.132220,0,0,95,58,92,98,721,1557,0,0,0,0,54,-11,0
17.136965,0,0,95,58,92,98,721,1557,0,0,0,0,54,-11,0
17.144646,0,0,95,58,92,98,721,1557,0,0,0,0,54,-11,0
17.149581,0,0,95,58,92,98,721,1557,0,0,0,0,54,-11,0
17.163419,0,0,95,58,92,98,721,1557,0,0,0,0,54,-11,0
17.165611,0,0,95,58,92,98,721,1557,0,0,0,0,54,-11,0
17.175489,0,0,95,58,92,98,721,1557,0,0,0,0,54,-11,0
17.179729,0,0,95,58,92,98,721,1557,0,0,0,0,54,-11,0
17.193354,0,0,95,58,92,98,721,1557,0,0,0,0,54,-11,0
17.197572,0,0,95,58,92,98,721,1557,0,0,0,0,54,-11,0
17.206595,0,0,95,58,92,98,721,1557,0,0,0,0,54,-11,0
17.211142,0,0,95,58,92,98,721,1557,0,0,0,0,54,-11,0
17.224697,0,0,95,58,92,98,721,1557,0,0,0,0,54,-11,0
17.229767,0,0,95,58,92,98,721,1557,0,0,0,0,54,-11,0
17.237345,0,0,95,58,92,98,721,1557,0,0,0,0,54,-11,0
17.242359,0,0,95,58,92,98,721,1557,0,0,0,0,54,-11,0
17.256270,0,0,95,58,92,98,721,1557,0,0,0,0,54,-11,0
17.260856,0,0,95,58,92,98,721,1557,0,0,0,0,54,-11,0
17.269640,0,1,95,58,92,98,721,1557,0,0,-1,0,54,-11,0
17.275516,0,0,95,58,92,98,721,1557,0,0,-1,0,54,-11,0
17.289000,0,0,95,58,92,98,721,1557,0,0,-1,0,54,-11,0
17.304210,0,0,95,58,92,98,721,1557,0,0,-1,0,54,-11,0
17.318111,0,0,95,58,92,98,721,1557,0,0,-1,0,54,-11,0
17.322335,0,1,95,58,92,98,721,1557,0,0,0,0,54,-11,0
17.331243,0,0,95,58,92,98,721,1557,0,0,0,0,54,-11,0
17.336114,0,0,95,58,92,98,721,1557,0,0,0,0,54,-11,0
17.349475,0,0,95,58,92,98,721,1557,0,0,0,0,54,-11,0
17.353781,0,0,95,58,92,98,721,1557,0,0,0,0,54,-11,0
17.361853,0,0,95,58,92,98,721,1557,0,0,0,0,54,-11,0
17.366144,0,0,95,58,92,98,721,1557,0,0,0,0,54,-11,0
17.379504,0,0,95,58,92,98,721,1557,0,0,0,0,54,-11,0
17.384472,0,0,95,58,92,98,721,1557,0,0,0,0,54,-11,0
17.392428,0,0,95,58,92,98,721,1557,0,0,0,0,54,-11,0
17.397432,0,0,95,58,92,98,721,1557,0,0,0,0,54,-11,0
17.411278,0,0,95,58,92,98,721,1557,0,0,0,0,54,-11,0
17.416283,0,0,95,58,92,98,721,1557,0,0,0,0,54,-11,0
17.423585,0,0,95,58,92,98,721,1557,0,0,0,0,54,-11,0
17.427791,0,0,95,58,92,98,721,1557,0,0,0,0,54,-11,0
17.441502,0,0,95,58,92,98,721,1557,0,0,0,0,54,-11,0
17.446242,0,1,95,58,92,98,721,1557,0,0,-1,0,54,-11,0
17.454645,0,0,95,58,92,98,721,1557,0,0,-1,0,54,-11,0
17.457198,0,0,95,58,92,98,721,1557,0,0,-1,0,54,-11,0
17.461731,0,0,95,58,92,98,721,1557,0,0,-1,0,54,-11,0
17.474211,0,0,95,58,92,98,721,1557,0,0,-1,0,54,-11,0
17.484429,0,0,95,58,92,98,721,1557,0,0,-1,0,54,-11,0
17.489493,0,0,95,58,92,98,721,1557,0,0,-1,0,54,-11,0
17.503230,0,0,95,58,92,98,721,1557,0,0,-1,0,54,-11,0
17.508188,0,0,95,58,92,98,721,1557,0,0,-1,0,54,-11,0
17.516027,0,0,95,58,92,98,721,1557,0,0,-1,0,54,-11,0
17.520943,0,0,95,58,92,98,721,1557,0,0,-1,0,54,-11,0
17.534339,0,0,95,58,92,98,721,1557,0,0,-1,0,54,-11,0
17.539439,0,0,95,58,92,98,721,1557,0,0,-1,0,54,-11,0
17.546923,0,0,95,58,92,98,721,1557,0,0,-1,0,54,-11,0
17.551092,0,1,95,58,92,98,721,1557,-1,0,-1,0,54,-11,0
17.555297,0,0,95,58,92,98,721,1557,-1,0,-1,0,54,-11,0
17.566761,0,0,95,58,92,98,721,1557,-1,0,-1,0,54,-11,0
17.576481,0,0,95,58,92,98,721,1557,-1,0,-1,0,54,-11,0
17.583153,0,0,95,58,92,98,721,1557,0,0,-1,0,54,-11,0
17.596341,0,0,95,58,92,98,721,1557,0,0,-1,0,54,-11,0
17.600898,0,0,95,58,92,98,721,1557,0,0,-1,0,54,-11,0
17.609355,0,0,95,58,92,98,721,1557,0,0,-1,0,54,-11,0
17.613943,0,0,95,58,92,98,721,1557,0,0,-1,0,54,-11,0
17.627253,0,0,95,58,92,98,721,1557,0,0,-1,0,54,-11,75
17.632141,1,1,95,58,92,98,722,1557,0,0,-1,0,56,-12,75
17.640202,0,0,95,58,92,98,722,1557,0,0,-1,0,56,-12,75
17.644721,0,0,95,58,92,98,722,1557,0,0,-1,0,56,-12,75
17.658253,1,1,95,58,92,98,724,1557,0,0,-1,0,55,-12,0
17.663233,0,1,95,58,92,98,724,1557,0,0,-1,0,55,-11,0
17.670541,0,1,95,58,92,98,724,1557,-1,0,-1,0,55,-11,0
17.674781,0,0,95,58,92,98,724,1557,-1,0,-1,0,55,-11,0
17.679195,1,1,95,58,92,98,725,1557,-1,0,-1,0,54,-11,0
17.691151,0,0,95,58,92,98,725,1557,-1,0,-1,0,54,-11,0
17.700803,0,0,95,58,92,98,725,1557,-1,0,-1,0,54,-11,0
17.705788,0,1,95,58,92,98,725,1557,0,0,-1,0,54,-11,0
17.710823,0,0,95,58,92,98,725,1557,0,0,-1,0,54,-11,0
17.722285,0,0,95,58,92,98,725,1557,0,0,-1,0,54,-11,0
17.732690,0,0,95,58,92,98,725,1557,0,0,-1,0,54,-11,0
17.737288,0,0,95,58,92,98,725,1557,0,0,-1,0,54,-11,0
17.741528,0,0,95,58,92,98,725,1557,0,0,-1,0,54,-11,0
17.752445,0,0,95,58,92,98,725,1557,0,0,-1,0,54,-11,0
17.756652,0,0,95,58,92,98,725,1557,0,0,-1,0,54,-11,0
17.763711,0,0,95,58,92,98,725,1557,0,0,-1,0,54,-11,0
17.768682,0,0,95,58,92,98,725,1557,0,0,-1,0,54,-11,0
17.782620,0,0,95,58,92,98,725,1557,0,0,-1,0,54,-11,0
17.793374,0,0,95,58,92,98,725,1557,0,0,-1,0,54,-11,0
17.798412,0,0,95,58,92,98,725,1557,0,0,-1,0,54,-11,0
17.803473,0,0,95,58,92,98,725,1557,0,0,-1,0,54,-11,0
17.814877,0,0,95,58,92,98,725,1557,0,0,-1,0,54,-11,0
17.817866,0,0,95,58,92,98,725,1557,0,0,-1,0,54,-11,0
17.826742,0,0,95,58,92,98,725,1557,0,0,-1,0,54,-11,0
17.832263,0,0,95,58,92,98,725,1557,0,0,-1,0,54,-11,0
17.845900,0,0,95,58,92,98,725,1557,0,0,-1,0,54,-11,0
17.855341,0,0,95,58,92,98,725,1557,0,0,-1,0,54,-11,0
17.859564,0,0,95,58,92,98,725,1557,0,0,-1,0,54,-11,0
17.863754,0,0,95,58,92,98,725,1557,0,0,-1,0,54,-11,0
17.877184,0,0,95,58,92,98,725,1557,0,0,-1,0,54,-11,0
17.886451,0,1,95,58,92,98,725,1557,-1,0,-1,0,54,-11,0
17.891512,0,0,95,58,92,98,725,1557,-1,0,-1,0,54,-11,0
17.896462,0,0,95,58,92,98,725,1557,-1,0,-1,0,54,-11,0
17.908160,0,0,95,58,92,98,725,1557,-1,0,-1,0,54,-11,0
17.917883,0,0,95,58,92,98,725,1557,-1,0,-1,0,54,-11,0
17.922859,0,0,95,58,92,98,725,1557,-1,0,-1,0,54,-11,0
17.927789,0,0,95,58,92,98,725,1557,-1,0,-1,0,54,-11,0
17.939005,0,0,95,58,92,98,725,1557,-1,0,-1,0,54,-11,0
17.952612,0,0,95,58,92,98,725,1557,-1,0,-1,0,54,-11,0
17.957128,0,0,95,58,92,98,725,1557,-1,0,-1,0,54,-11,0
17.970232,0,0,95,58,92,98,725,1557,-1,0,-1,0,54,-11,0
17.980355,0,1,95,58,92,98,725,1557,-1,0,0,0,54,-11,0
17.985352,0,0,95,58,92,98,725,1557,-1,0,0,0,54,-11,0
17.999264,0,0,95,58,92,98,725,1557,-1,0,0,0,54,-11,0
18.004214,0,0,95,58,92,98,725,1557,-1,0,0,0,54,-11,0
18.012820,0,1,95,58,92,98,725,1557,-1,0,-1,0,56,-11,-58
18.017904,1,0,95,58,92,98,726,1557,-1,0,-1,0,56,-11,-58
18.031372,0,0,95,58,92,98,726,1557,-1,0,-1,0,56,-11,-58
18.041431,0,0,95,58,92,98,726,1557,-1,0,-1,0,56,-11,0
18.045660,1,0,95,58,92,98,727,1557,-1,0,-1,0,56,-11,0
18.050787,0,0,95,58,92,98,727,1557,-1,0,-1,0,56,-11,0
18.062885,0,1,95,58,92,98,727,1557,0,0,-1,0,56,-11,0
18.072539,0,0,95,58,92,98,727,1557,0,0,-1,0,56,-11,0
18.076837,0,1,95,58,92,98,727,1557,0,0,-1,0,55,-11,0
18.081604,0,0,95,58,92,98,727,1557,0,0,-1,0,55,-11,0
18.094392,0,0,95,58,92,98,727,1557,0,0,-1,0,55,-11,0
18.104981,0,0,95,58,92,98,727,1557,0,0,-1,0,55,-11,0
18.110064,0,0,95,58,92,98,727,1557,0,0,-1,0,55,-11,0
18.123498,0,1,95,58,92,98,727,1557,-1,0,-1,0,55,-11,0
18.129009,0,0,95,58,92,98,727,1557,-1,0,-1,0,55,-11,0
18.136848,0,0,95,58,92,98,727,1557,-1,0,-1,0,55,-11,0
18.142413,0,0,95,58,92,98,727,1557,-1,0,-1,0,55,-11,0
18.156335,0,0,95,58,92,98,727,1557,-1,0,-1,0,55,-11,0
18.166393,0,0,95,58,92,98,727,1557,-1,0,-1,0,55,-11,0
18.171386,0,0,95,58,92,98,727,1557,-1,0,-1,0,55,-11,0
18.185244,0,0,95,58,92,98,727,1557,-1,0,-1,0,55,-11,0
18.190153,0,0,95,58,92,98,727,1557,-1,0,-1,0,55,-11,0
18.198288,0,0,95,58,92,98,727,1557,-1,0,-1,0,55,-11,0
18.200143,0,0,95,58,92,98,727,1557,-1,0,-1,0,55,-11,0
18.204358,0,0,95,58,92,98,727,1557,-1,0,-1,0,55,-11,0
18.217923,0,1,95,58,92,98,727,1557,-1,0,-1,0,54,-11,0
18.227415,0,0,95,58,92,98,727,1557,-1,0,-1,0,54,-11,0
18.232377,0,0,95,58,92,98,727,1557,-1,0,-1,0,54,-11,0
18.236617,0,1,95,58,92,98,727,1557,-1,0,0,0,54,-11,0
18.248831,0,0,95,58,92,98,727,1557,-1,0,0,0,54,-11,0
18.258384,0,0,95,58,92,98,727,1557,-1,0,0,0,54,-11,0
18.262985,0,0,95,58,92,98,727,1557,-1,0,0,0,54,-11,0
18.267541,0,1,95,58,92,98,727,1557,-1,0,-1,0,54,-11,0
18.280280,0,1,95,58,92,98,727,1557,-1,0,-1,0,55,-11,0
18.290737,0,0,95,58,92,98,727,1557,-1,0,-1,0,55,-11,0
18.295693,0,0,95,58,92,98,727,1557,-1,0,-1,0,55,-11,0
18.309294,0,1,95,58,92,98,727,1557,-1,0,-1,0,54,-11,0
18.314275,0,0,95,58,92,98,727,1557,-1,0,-1,0,54,-11,0
18.322410,0,0,95,58,92,98,727,1557,-1,0,-1,0,54,-11,0
18.330511,0,1,95,58,92,98,727,1557,-1,0,0,0,55,-11,0
18.342428,0,0,95,58,92,98,727,1557,-1,0,0,0,55,-11,0
18.352854,0,0,95,58,92,98,727,1557,-1,0,0,0,55,-11,0
18.357500,0,1,95,58,92,98,727,1557,-1,0,-1,0,55,-11,0
18.371245,0,1,95,58,92,98,727,1557,-1,0,-1,0,56,-11,0
18.376359,0,0,95,58,92,98,727,1557,-1,0,-1,0,56,-11,0
18.384881,0,0,95,58,92,98,727,1557,-1,0,-1,0,56,-11,0
18.389844,0,1,95,58,92,98,727,1557,-1,0,0,0,56,-11,0
18.403988,0,1,95,58,92,98,727,1557,-1,0,0,0,55,-11,0
18.413521,0,1,95,58,92,98,727,1557,0,0,0,0,55,-11,0
18.418089,0,1,95,58,92,98,727,1557,0,0,-1,0,55,-11,0
18.422695,0,0,95,58,92,98,727,1557,0,0,-1,0,55,-11,0
18.435138,0,0,95,58,92,98,727,1557,0,0,-1,0,55,-11,0
18.444859,0,0,95,58,92,98,727,1557,0,0,-1,0,55,-11,0
18.449862,0,1,95,58,92,98,727,1557,-1,0,0,0,55,-11,0
18.454503,0,0,95,58,92,98,727,1557,-1,0,0,0,55,-11,0
18.466334,0,0,95,58,92,98,727,1557,-1,0,0,0,55,-11,0
18.477051,0,0,95,58,92,98,727,1557,-1,0,0,0,55,-11,0
18.481729,0,1,95,58,92,98,727,1557,-1,0,-1,0,55,-11,0
18.483898,0,0,95,58,92,98,727,1557,-1,0,-1,0,55,-11,0
18.496836,0,0,95,58,92,98,727,1557,-1,0,-1,0,55,-11,0
18.506611,0,0,95,58,92,98,727,1557,-1,0,-1,0,55,-11,0
18.511637,0,0,95,58,92,98,727,1557,-1,0,-1,0,55,-11,0
18.515941,0,1,95,58,92,98,727,1557,-1,0,-1,0,54,-11,0
18.527956,0,0,95,58,92,98,727,1557,-1,0,-1,0,54,-11,0
18.537488,0,0,95,58,92,98,727,1557,-1,0,-1,0,54,-11,0
18.542531,0,0,95,58,92,98,727,1557,-1,0,-1,0,54,-11,0
18.546759,0,1,95,58,92,98,727,1557,-1,0,-1,0,55,-12,0
18.559193,0,0,95,58,92,98,727,1557,-1,0,-1,0,55,-12,0
18.568947,0,1,95,58,92,98,727,1557,0,0,-1,0,55,-12,0
18.573951,0,0,95,58,92,98,727,1557,0,0,-1,0,55,-12,0
18.578195,0,1,95,58,92,98,727,1557,0,0,-1,0,55,-11,0
18.590216,0,0,95,58,92,98,727,1557,0,0,-1,0,55,-11,0
18.599449,0,0,95,58,92,98,727,1557,0,0,-1,0,55,-11,0
18.603584,0,0,95,58,92,98,727,1557,0,0,-1,0,55,-11,0
18.619414,0,0,95,58,92,98,727,1557,0,0,-1,0,54,-12,0
18.623548,0,0,95,58,92,98,727,1557,0,0,-1,0,54,-12,0
18.631656,0,0,95,58,92,98,727,1557,0,0,-1,0,54,-12,0
18.635697,0,1,95,58,92,98,727,1557,0,0,-1,0,55,-12,0
18.639853,0,0,95,58,92,98,727,1557,0,0,-1,0,55,-12,0
18.651367,0,0,95,58,92,98,727,1557,0,0,-1,0,55,-12,0
18.655474,0,0,95,58,92,98,727,1557,0,0,-1,0,55,-12,0
18.662769,0,0,95,58,92,98,727,1557,0,0,-1,0,55,-12,0
18.666838,1,1,95,58,92,98,728,1557,0,0,-1,0,57,-13,65
18.670880,0,0,95,58,92,98,728,1557,0,0,-1,0,57,-13,65
18.682430,0,0,95,58,92,98,728,1557,0,0,-1,0,57,-13,65
18.686525,0,0,95,58,92,98,728,1557,0,0,-1,0,57,-13,65
18.693666,0,0,95,58,92,98,728,1557,0,0,-1,0,57,-13,0
18.697757,1,1,95,58,92,98,729,1557,0,0,-1,0,55,-11,0
18.701898,0,0,95,58,92,98,729,1557,0,0,-1,0,55,-11,0
18.713413,0,0,95,58,92,98,729,1557,0,0,-1,0,55,-11,0
18.717578,0,0,95,58,92,98,729,1557,0,0,-1,0,55,-11,0
18.724635,0,0,95,58,92,98,729,1557,0,0,-1,0,55,-11,0
18.728770,0,1,95,58,92,98,729,1557,0,0,-1,0,54,-11,0
18.733312,0,0,95,58,92,98,729,1557,0,0,-1,0,54,-11,0
18.745140,0,0,95,58,92,98,729,1557,0,0,-1,0,54,-11,0
18.754946,0,0,95,58,92,98,729,1557,0,0,-1,0,54,-11,0
18.759944,0,1,95,58,92,98,729,1557,0,0,-1,0,54,-12,0
18.764596,0,0,95,58,92,98,729,1557,0,0,-1,0,54,-12,0
18.776204,0,0,95,58,92,98,729,1557,0,0,-1,0,54,-12,0
18.785754,0,0,95,58,92,98,729,1557,0,0,-1,0,54,-12,0
18.790699,0,0,95,58,92,98,729,1557,0,0,-1,0,54,-12,0
18.795325,0,0,95,58,92,98,729,1557,0,0,-1,0,54,-12,0
18.807172,0,0,95,58,92,98,729,1557,0,0,-1,0,54,-12,0
18.816547,1,1,95,58,91,98,729,1557,0,0,0,0,54,-12,0
18.821680,0,0,95,58,91,98,729,1557,0,0,0,0,54,-12,0
18.826932,0,0,95,58,91,98,729,1557,0,0,0,0,54,-12,0
18.838278,0,0,95,58,91,98,729,1557,0,0,0,0,54,-12,0
18.848636,1,0,95,58,92,98,729,1557,0,0,0,0,54,-12,0
18.851454,0,0,95,58,92,98,729,1557,0,0,0,0,54,-12,0
18.855636,0,0,95,58,92,98,729,1557,0,0,0,0,54,-12,0
18.868840,0,0,95,58,92,98,729,1557,0,0,0,0,54,-12,0
18.878369,0,1,95,58,92,98,729,1557,0,0,-1,0,54,-12,0
18.882630,0,0,95,58,92,98,729,1557,0,0,-1,0,54,-12,0
18.886930,0,0,95,58,92,98,729,1557,0,0,-1,0,54,-12,0
18.899874,0,0,95,58,92,98,729,1557,0,0,-1,0,54,-12,0
18.909385,1,1,95,58,91,98,729,1557,0,0,-1,0,55,-12,0
18.914399,0,0,95,58,91,98,729,1557,0,0,-1,0,55,-12,0
18.919449,0,0,95,58,91,98,729,1557,0,0,-1,0,55,-12,0
18.931254,0,0,95,58,91,98,729,1557,0,0,-1,0,55,-12,0
18.941703,1,1,95,58,92,98,729,1557,0,0,-1,0,54,-12,0
18.946381,0,0,95,58,92,98,729,1557,0,0,-1,0,54,-12,0
18.960273,0,0,95,58,92,98,729,1557,0,0,-1,0,54,-12,0
18.965229,0,0,95,58,92,98,729,1557,0,0,-1,0,54,-12,0
18.972969,0,0,95,58,92,98,729,1557,0,0,-1,0,54,-12,0
18.981530,0,0,95,58,92,98,729,1557,0,0,-1,0,54,-12,0
18.993268,0,0,95,58,92,98,729,1557,0,0,-1,0,54,-12,0
19.003012,0,1,95,58,92,98,729,1557,0,0,-1,0,55,-11,0
19.007830,0,0,95,58,92,98,729,1557,0,0,-1,0,55,-11,0
19.012961,0,1,95,58,92,98,729,1557,0,0,0,0,55,-11,0
19.024248,0,0,95,58,92,98,729,1557,0,0,0,0,55,-11,0
19.033797,0,0,95,58,92,98,729,1557,0,0,0,0,55,-11,0
19.038064,0,0,95,58,92,98,729,1557,0,0,0,0,55,-11,0
19.042654,0,1,95,58,92,98,729,1557,0,0,-1,0,55,-11,0
19.055202,1,0,95,58,91,98,729,1557,0,0,-1,0,55,-11,21
19.065661,1,1,95,58,91,98,731,1557,0,0,-1,0,56,-12,21
19.071171,0,0,95,58,91,98,731,1557,0,0,-1,0,56,-12,21
19.085575,1,1,95,58,92,98,731,1557,0,0,-1,0,55,-12,0
19.095703,1,1,95,58,92,98,732,1557,0,0,-1,0,55,-11,0
19.101653,0,0,95,58,92,98,732,1557,0,0,-1,0,55,-11,0
19.115591,0,0,95,58,92,98,732,1557,0,0,-1,0,55,-11,0
19.120942,0,0,95,58,92,98,732,1557,0,0,-1,0,55,-11,0
19.129047,0,0,95,58,92,98,732,1557,0,0,-1,0,55,-11,0
19.134931,0,0,95,58,92,98,732,1557,0,0,-1,0,55,-11,0
19.148918,0,0,95,58,92,98,732,1557,0,0,-1,0,55,-11,0
19.158936,0,0,95,58,92,98,732,1557,0,0,-1,0,55,-11,0
19.164166,0,0,95,58,92,98,732,1557,0,0,-1,0,55,-11,0
19.178416,0,0,95,58,92,98,732,1557,0,0,-1,0,55,-11,0
19.188507,0,0,95,58,92,98,732,1557,0,0,-1,0,55,-11,0
19.193964,1,0,95,58,91,98,732,1557,0,0,-1,0,55,-11,0
19.208536,0,0,95,58,91,98,732,1557,0,0,-1,0,55,-11,0
19.214189,0,0,95,58,91,98,732,1557,0,0,-1,0,55,-11,0
19.221861,0,0,95,58,91,98,732,1557,0,0,-1,0,55,-11,0
19.223976,1,0,95,58,92,98,732,1557,0,0,-1,0,55,-11,0
19.228094,0,1,95,58,92,98,732,1557,0,0,-1,0,54,-11,0
19.241127,0,0,95,58,92,98,732,1557,0,0,-1,0,54,-11,0
19.251138,0,0,95,58,92,98,732,1557,0,0,-1,0,54,-11,0
19.256728,0,0,95,58,92,98,732,1557,0,0,-1,0,54,-11,0
19.270355,0,0,95,58,92,98,732,1557,0,0,-1,0,54,-11,0
19.275399,0,0,95,58,92,98,732,1557,0,0,-1,0,54,-11,0
19.283385,0,0,95,58,92,98,732,1557,0,0,-1,0,54,-11,0
19.288389,0,0,95,58,92,98,732,1557,0,0,-1,0,54,-11,0
19.302849,0,0,95,58,92,98,732,1557,0,0,-1,0,54,-11,0
19.312612,0,0,95,58,92,98,732,1557,0,0,-1,0,54,-11,0
19.317236,0,1,95,58,92,98,732,1557,-1,0,-1,0,54,-11,0
19.321431,0,0,95,58,92,98,732,1557,-1,0,-1,0,54,-11,0
19.333870,0,0,95,58,92,98,732,1557,-1,0,-1,0,54,-11,0
19.344535,0,0,95,58,92,98,732,1557,-1,0,-1,0,54,-11,0
19.354154,0,0,95,58,92,98,732,1557,-1,0,-1,0,54,-11,0
19.364999,0,0,95,58,92,98,732,1557,-1,0,-1,0,54,-11,0
19.374478,0,1,95,58,92,98,732,1557,0,0,-1,0,54,-11,0
19.378655,0,0,95,58,92,98,732,1557,0,0,-1,0,54,-11,0
19.382826,0,0,95,58,92,98,732,1557,0,0,-1,0,54,-11,0
19.395821,0,0,95,58,92,98,732,1557,0,0,-1,0,54,-11,0
19.405796,0,0,95,58,92,98,732,1557,0,0,-1,0,54,-11,0
19.410889,0,1,95,58,92,98,732,1557,0,0,-1,0,56,-11,66
19.415889,0,0,95,58,92,98,732,1557,0,0,-1,0,56,-11,66
19.427301,0,0,95,58,92,98,732,1557,0,0,-1,0,56,-11,66
19.437406,0,0,95,58,92,98,732,1557,0,0,-1,0,56,-11,66
19.442610,0,0,95,58,92,98,732,1557,0,0,-1,0,56,-11,66
19.456284,0,0,95,58,92,98,732,1557,0,0,-1,0,56,-11,66
19.461263,0,0,95,58,92,98,732,1557,0,0,-1,0,56,-11,66
19.468987,1,1,95,58,91,98,732,1557,0,0,-1,0,54,-11,0
19.473214,1,0,95,58,91,98,733,1557,0,0,-1,0,54,-11,0
19.477763,0,0,95,58,91,98,733,1557,0,0,-1,0,54,-11,0
19.488971,0,1,95,58,91,98,733,1557,-1,0,-1,0,54,-11,0
19.498697,1,0,95,58,92,98,733,1557,-1,0,-1,0,54,-11,0
19.502797,0,0,95,58,92,98,733,1557,-1,0,-1,0,54,-11,0
19.507354,0,0,95,58,92,98,733,1557,-1,0,-1,0,54,-11,0
19.519269,0,0,95,58,92,98,733,1557,-1,0,-1,0,54,-11,0
19.523437,0,0,95,58,92,98,733,1557,-1,0,-1,0,54,-11,0
19.531378,0,0,95,58,92,98,733,1557,-1,0,-1,0,54,-11,0
19.535700,0,0,95,58,92,98,733,1557,-1,0,-1,0,54,-11,0
19.549234,0,0,95,58,92,98,733,1557,-1,0,-1,0,54,-11,0
19.553872,1,0,95,58,91,98,733,1557,-1,0,-1,0,54,-11,0
19.562432,0,0,95,58,91,98,733,1557,-1,0,-1,0,54,-11,0
19.567370,0,0,95,58,91,98,733,1557,-1,0,-1,0,54,-11,0
19.581270,0,0,95,58,91,98,733,1557,-1,0,-1,0,54,-11,0
19.591678,1,0,95,58,92,98,733,1557,-1,0,-1,0,54,-11,0
19.595961,0,0,95,58,92,98,733,1557,-1,0,-1,0,54,-11,0
19.600897,0,0,95,58,92,98,733,1557,-1,0,-1,0,54,-11,0
19.613246,0,0,95,58,92,98,733,1557,-1,0,-1,0,54,-11,0
19.622761,0,0,95,58,92,98,733,1557,-1,0,-1,0,54,-11,0
19.627361,0,0,95,58,92,98,733,1557,-1,0,-1,0,54,-11,0
19.644833,0,0,95,58,92,98,733,1557,-1,0,-1,0,54,-11,0
19.654414,0,0,95,58,92,98,733,1557,-1,0,-1,0,54,-11,0
19.660216,0,0,95,58,92,98,733,1557,-1,0,-1,0,54,-11,0
19.674444,0,0,95,58,92,98,733,1557,-1,0,-1,0,54,-11,0
19.684857,0,1,95,58,92,98,733,1557,-1,0,-1,0,56,-11,45
19.690254,1,1,95,58,92,98,734,1557,-1,0,-1,0,56,-12,45
19.705053,0,0,95,58,92,98,734,1557,-1,0,-1,0,56,-12,45
19.709339,1,1,95,58,91,98,735,1557,-1,0,-1,0,56,-11,-37
19.716624,0,0,95,58,91,98,735,1557,-1,0,-1,0,56,-11,-37
19.721279,0,0,95,58,91,98,735,1557,-1,0,-1,0,56,-11,-37
19.725814,0,1,95,58,91,98,735,1557,0,0,-1,0,56,-11,-37
19.737236,1,0,95,58,92,98,735,1557,0,0,-1,0,56,-11,-37
19.746706,1,1,95,58,92,98,736,1557,0,0,-1,0,54,-11,0
19.750886,0,0,95,58,92,98,736,1557,0,0,-1,0,54,-11,0
19.755091,0,1,95,58,92,98,736,1557,-1,0,-1,0,54,-11,0
19.767797,1,0,95,58,91,98,736,1557,-1,0,-1,0,54,-11,0
19.777827,0,0,95,58,91,98,736,1557,-1,0,-1,0,54,-11,0
19.782005,0,0,95,58,91,98,736,1557,-1,0,-1,0,54,-11,0
19.786703,0,0,95,58,91,98,736,1557,-1,0,-1,0,54,-11,0
19.799322,1,0,95,58,92,98,736,1557,-1,0,-1,0,54,-11,0
19.809476,0,0,95,58,92,98,736,1557,-1,0,-1,0,54,-11,0
19.814494,0,0,95,58,92,98,736,1557,-1,0,-1,0,54,-11,0
19.828309,0,0,95,58,92,98,736,1557,-1,0,-1,0,54,-11,0
19.833019,0,0,95,58,92,98,736,1557,-1,0,-1,0,54,-11,0
19.841464,0,0,95,58,92,98,736,1557,-1,0,-1,0,54,-11,0
19.845700,0,1,95,58,92,98,736,1557,0,0,-1,0,54,-11,0
19.859582,0,0,95,58,92,98,736,1557,0,0,-1,0,54,-11,0
19.863089,0,0,95,58,92,98,736,1557,0,0,-1,0,54,-11,0
19.873193,0,0,95,58,92,98,736,1557,0,0,-1,0,54,-11,0
19.878915,1,0,95,58,91,98,736,1557,0,0,-1,0,54,-11,0
19.891801,0,0,95,58,91,98,736,1557,0,0,-1,0,54,-11,0
19.901364,0,0,95,58,91,98,736,1557,0,0,-1,0,54,-11,0
19.905577,0,1,95,58,91,98,736,1557,-1,0,-1,0,54,-11,0
19.910126,1,0,95,58,92,98,736,1557,-1,0,-1,0,54,-11,0
19.922494,0,0,95,58,92,98,736,1557,-1,0,-1,0,54,-11,0
19.926697,0,0,95,58,92,98,736,1557,-1,0,-1,0,54,-11,0
19.934018,0,0,95,58,92,98,736,1557,-1,0,-1,0,54,-11,0
19.938297,0,0,95,58,92,98,736,1557,-1,0,-1,0,54,-11,0
19.942437,0,0,95,58,92,98,736,1557,-1,0,-1,0,54,-11,0
19.953778,0,0,95,58,92,98,736,1557,-1,0,-1,0,54,-11,0
19.963789,0,0,95,58,92,98,736,1557,-1,0,-1,0,54,-11,0
19.968074,1,0,95,58,91,98,736,1557,-1,0,-1,0,54,-11,0
19.973087,0,1,95,58,91,98,736,1557,-1,0,-1,0,55,-11,0
19.985293,0,0,95,58,91,98,736,1557,-1,0,-1,0,55,-11,0
19.998579,1,0,95,58,92,98,736,1557,0,0,-1,0,55,-11,0
20.002760,0,1,95,58,92,98,736,1557,0,0,-1,0,54,-11,0
20.016654,0,0,95,58,92,98,736,1557,0,0,-1,0,54,-11,0
20.026513,0,1,95,58,92,98,736,1557,-1,0,-1,0,54,-11,0
20.031122,0,1,95,58,92,98,736,1557,-1,0,-1,0,56,-11,-63
20.036097,0,1,95,58,92,98,736,1557,-1,0,-1,0,56,-12,-63
20.046788,0,0,95,58,92,98,736,1557,-1,0,-1,0,56,-12,-63
20.056636,0,0,95,58,92,98,736,1557,-1,0,-1,0,56,-12,-63
20.060825,0,1,95,58,92,98,736,1557,-1,0,-1,0,54,-12,0
20.065064,0,1,95,58,92,98,736,1557,-1,0,-1,0,54,-11,0
20.077804,0,0,95,58,92,98,736,1557,-1,0,-1,0,54,-11,0
20.087579,0,1,95,58,92,98,736,1557,0,0,-1,0,54,-11,0
20.092531,0,0,95,58,92,98,736,1557,0,0,-1,0,54,-11,0
20.096705,0,0,95,58,92,98,736,1557,0,0,-1,0,54,-11,0
20.109091,0,0,95,58,92,98,736,1557,0,0,-1,0,54,-11,0
20.118589,0,0,95,58,92,98,736,1557,0,0,-1,0,54,-11,0
20.122792,0,0,95,58,92,98,736,1557,0,0,-1,0,54,-11,0
20.127348,0,0,95,58,92,98,736,1557,0,0,-1,0,54,-11,0
20.139800,0,1,95,58,92,98,736,1557,-1,0,-1,0,54,-11,0
20.149624,0,0,95,58,92,98,736,1557,-1,0,-1,0,54,-11,0
20.151547,0,0,95,58,92,98,736,1557,-1,0,-1,0,54,-11,0
20.155738,0,0,95,58,92,98,736,1557,-1,0,-1,0,54,-11,0
20.169317,0,0,95,58,92,98,736,1557,-1,0,-1,0,54,-11,0
20.174355,0,1,95,58,92,98,736,1557,0,0,-1,0,54,-11,0
20.182444,0,0,95,58,92,98,736,1557,0,0,-1,0,54,-11,0
20.187184,0,0,95,58,92,98,736,1557,0,0,-1,0,54,-11,0
20.200544,0,0,95,58,92,98,736,1557,0,0,-1,0,54,-11,0
20.205562,0,0,95,58,92,98,736,1557,0,0,-1,0,54,-11,0
20.212580,0,0,95,58,92,98,736,1557,0,0,-1,0,54,-11,0
20.217998,0,0,95,58,92,98,736,1557,0,0,-1,0,54,-11,0
20.231424,0,0,95,58,92,98,736,1557,0,0,-1,0,54,-11,0
20.236013,0,0,95,58,92,98,736,1557,0,0,-1,0,54,-11,0
20.243895,0,1,95,58,92,98,736,1557,0,0,-1,0,54,-12,0
20.248492,0,0,95,58,92,98,736,1557,0,0,-1,0,54,-12,0
20.262272,0,0,95,58,92,98,736,1557,0,0,-1,0,54,-12,0
20.267026,0,0,95,58,92,98,736,1557,0,0,-1,0,54,-12,0
20.275396,0,1,95,58,92,98,736,1557,0,0,-1,0,54,-11,0
20.293612,0,0,95,58,92,98,736,1557,0,0,-1,0,54,-11,0
20.298705,0,0,95,58,92,98,736,1557,0,0,-1,0,54,-11,0
20.306385,0,0,95,58,92,98,736,1557,0,0,-1,0,54,-11,0
20.310616,0,0,95,58,92,98,736,1557,0,0,-1,0,54,-11,0
20.314823,0,0,95,58,92,98,736,1557,0,0,-1,0,54,-11,0
20.326082,0,0,95,58,92,98,736,1557,0,0,-1,0,54,-11,0
20.335884,1,1,95,58,92,98,737,1557,0,0,-1,0,56,-12,58
20.340519,0,0,95,58,92,98,737,1557,0,0,-1,0,56,-12,58
20.344696,0,1,95,58,92,98,737,1557,-1,0,-1,0,56,-12,58
20.357188,0,1,95,58,92,98,737,1557,-1,0,0,0,56,-12,58
20.366817,1,1,95,58,92,98,740,1557,-1,0,0,0,55,-11,-8
20.371885,0,0,95,58,92,98,740,1557,-1,0,0,0,55,-11,-8
20.377157,0,1,95,58,92,98,740,1557,0,0,0,0,55,-11,-8
20.388725,1,1,95,58,91,98,740,1557,0,0,-1,0,55,-11,-8
20.397987,0,0,95,58,91,98,740,1557,0,0,-1,0,55,-11,-8
20.402989,0,0,95,58,91,98,740,1557,0,0,-1,0,55,-11,-8
20.407939,0,1,95,58,91,98,740,1557,-1,0,-1,0,55,-11,-8
20.419383,1,0,95,58,92,98,740,1557,-1,0,-1,0,55,-11,-8
20.429738,0,1,95,58,92,98,740,1557,-1,0,-1,0,54,-11,0
20.434991,0,0,95,58,92,98,740,1557,-1,0,-1,0,54,-11,0
20.448483,0,0,95,58,92,98,740,1557,-1,0,-1,0,54,-11,0
20.453708,0,0,95,58,92,98,740,1557,-1,0,-1,0,54,-11,0
20.460994,0,0,95,58,92,98,740,1557,-1,0,-1,0,54,-11,0
20.465526,0,0,95,58,92,98,740,1557,-1,0,-1,0,54,-11,0
20.479324,0,0,95,58,92,98,740,1557,-1,0,-1,0,54,-11,0
20.484398,0,0,95,58,92,98,740,1557,-1,0,-1,0,54,-11,0
20.491788,0,0,95,58,92,98,740,1557,-1,0,-1,0,54,-11,0
20.496903,0,0,95,58,92,98,740,1557,-1,0,-1,0,54,-11,0
20.510391,0,0,95,58,92,98,740,1557,-1,0,-1,0,54,-11,0
20.515480,0,0,95,58,92,98,740,1557,-1,0,-1,0,54,-11,0
20.523809,0,0,95,58,92,98,740,1557,-1,0,-1,0,54,-11,0
20.526338,0,0,95,58,92,98,740,1557,-1,0,-1,0,54,-11,0
20.531456,1,0,95,58,91,98,740,1557,-1,0,-1,0,54,-11,0
20.542465,0,0,95,58,91,98,740,1557,-1,0,-1,0,54,-11,0
20.546767,0,0,95,58,91,98,740,1557,-1,0,-1,0,54,-11,0
20.554135,0,0,95,58,91,98,740,1557,-1,0,-1,0,54,-11,0
20.559155,0,1,95,58,91,98,740,1557,-1,0,0,0,54,-11,0
20.572446,1,0,95,58,92,98,740,1557,-1,0,0,0,54,-11,0
20.576693,0,0,95,58,92,98,740,1557,-1,0,0,0,54,-11,0
20.585391,0,0,95,58,92,98,740,1557,-1,0,0,0,54,-11,0
20.589952,0,0,95,58,92,98,740,1557,-1,0,0,0,54,-11,0
20.603196,0,0,95,58,92,98,740,1557,-1,0,0,0,54,-11,0
20.608139,0,0,95,58,92,98,740,1557,-1,0,0,0,54,-11,0
20.616758,0,0,95,58,92,98,740,1557,-1,0,0,0,54,-11,0
20.621309,0,1,95,58,92,98,740,1557,-1,0,-1,0,54,-11,0
20.634518,0,0,95,58,92,98,740,1557,-1,0,-1,0,54,-11,0
20.638707,0,0,95,58,92,98,740,1557,-1,0,-1,0,54,-11,0
20.646503,0,0,95,58,92,98,740,1557,-1,0,-1,0,54,-11,0
20.653541,0,0,95,58,92,98,740,1557,-1,0,-1,0,54,-11,0
20.666777,0,0,95,58,92,98,740,1557,-1,0,-1,0,54,-11,0
20.670885,0,0,95,58,92,98,740,1557,-1,0,-1,0,54,-11,0
20.678816,0,0,95,58,92,98,740,1557,-1,0,-1,0,54,-11,0
20.683796,0,0,95,58,92,98,740,1557,-1,0,-1,0,54,-11,0
20.697290,0,0,95,58,92,98,740,1557,-1,0,-1,0,54,-11,0
20.707785,0,0,95,58,92,98,740,1557,-1,0,-1,0,54,-11,0
20.711981,0,1,95,58,92,98,740,1557,0,0,-1,0,54,-11,0
20.716158,1,1,95,58,92,98,741,1557,0,0,-1,0,57,-11,89
20.728846,0,1,95,58,92,98,741,1557,0,0,-1,0,57,-12,89
20.738388,0,0,95,58,92,98,741,1557,0,0,-1,0,57,-12,89
20.742986,0,0,95,58,92,98,741,1557,0,0,-1,0,57,-12,89
20.747603,0,1,95,58,92,98,741,1557,0,0,-1,0,55,-11,0
20.759372,0,0,95,58,92,98,741,1557,0,0,-1,0,55,-11,0
20.763369,0,1,95,58,92,98,741,1557,-1,0,-1,0,55,-11,0
20.770702,0,1,95,58,92,98,741,1557,-1,0,0,0,55,-11,0
20.774629,0,1,95,58,92,98,741,1557,-1,0,0,0,54,-11,0
20.778748,0,0,95,58,92,98,741,1557,-1,0,0,0,54,-11,0
20.791179,0,0,95,58,92,98,741,1557,-1,0,0,0,54,-11,0
20.800881,0,1,95,58,92,98,741,1557,0,0,0,0,54,-11,0
20.805892,0,1,95,58,92,98,741,1557,0,0,-1,0,54,-11,0
20.808120,0,0,95,58,92,98,741,1557,0,0,-1,0,54,-11,0
20.821898,0,0,95,58,92,98,741,1557,0,0,-1,0,54,-11,0
20.831782,0,0,95,58,92,98,741,1557,0,0,-1,0,54,-11,0
20.837247,0,0,95,58,92,98,741,1557,0,0,-1,0,54,-11,0
20.851451,0,0,95,58,92,98,741,1557,0,0,-1,0,54,-11,0
20.857008,0,1,95,58,92,98,741,1557,-1,0,-1,0,54,-11,0
20.863804,0,0,95,58,92,98,741,1557,-1,0,-1,0,54,-11,0
20.867982,0,0,95,58,92,98,741,1557,-1,0,-1,0,54,-11,0
20.872233,0,0,95,58,92,98,741,1557,-1,0,-1,0,54,-11,0
20.883831,0,0,95,58,92,98,741,1557,-1,0,-1,0,54,-11,0
20.893707,0,1,95,58,92,98,741,1557,-1,0,0,0,54,-11,0
20.897956,0,0,95,58,92,98,741,1557,-1,0,0,0,54,-11,0
20.902565,0,0,95,58,92,98,741,1557,-1,0,0,0,54,-11,0
20.914830,0,0,95,58,92,98,741,1557,-1,0,0,0,54,-11,0
20.924403,0,0,95,58,92,98,741,1557,-1,0,0,0,54,-11,0
20.932970,0,0,95,58,92,98,741,1557,-1,0,-1,0,54,-11,0
20.946745,0,0,95,58,92,98,741,1557,-1,0,-1,0,54,-11,0
20.956766,0,0,95,58,92,98,741,1557,-1,0,-1,0,54,-11,0
20.961948,0,0,95,58,92,98,741,1557,-1,0,-1,0,54,-11,0
20.975637,0,0,95,58,92,98,741,1557,-1,0,-1,0,54,-11,0
20.987028,0,0,95,58,92,98,741,1557,-1,0,-1,0,54,-11,0
20.992725,0,0,95,58,92,98,741,1557,-1,0,-1,0,54,-11,0
21.006295,0,0,95,58,92,98,741,1557,-1,0,-1,0,54,-11,0
21.011246,0,0,95,58,92,98,741,1557,-1,0,-1,0,54,-11,0
21.019427,1,1,95,58,92,98,743,1557,-1,0,-1,0,56,-11,0
21.024388,0,0,95,58,92,98,743,1557,-1,0,-1,0,56,-11,0
21.038219,0,0,95,58,92,98,743,1557,-1,0,-1,0,56,-11,0
21.042420,0,0,95,58,92,98,743,1557,-1,0,-1,0,56,-11,0
21.050383,0,1,95,58,92,98,743,1557,-1,0,-1,0,55,-11,0
21.055423,0,0,95,58,92,98,743,1557,-1,0,-1,0,55,-11,0
21.069330,0,0,95,58,92,98,743,1557,-1,0,-1,0,55,-11,0
21.079718,0,0,95,58,92,98,743,1557,-1,0,-1,0,55,-11,0
21.084732,0,0,95,58,92,98,743,1557,-1,0,-1,0,55,-11,0
21.099562,0,0,95,58,92,98,743,1557,-1,0,-1,0,55,-11,0
21.110553,0,0,95,58,92,98,743,1557,-1,0,-1,0,55,-11,0
21.116459,0,0,95,58,92,98,743,1557,-1,0,-1,0,55,-11,0
21.130757,0,0,95,58,92,98,743,1557,-1,0,-1,0,55,-11,0
21.141599,0,0,95,58,92,98,743,1557,-1,0,-1,0,55,-11,0
21.147276,0,0,95,58,92,98,743,1557,-1,0,-1,0,55,-11,0
21.161433,0,0,95,58,92,98,743,1557,-1,0,-1,0,55,-11,0
21.173013,0,0,95,58,92,98,743,1557,-1,0,-1,0,55,-11,0
21.176423,0,0,95,58,92,98,743,1557,-1,0,-1,0,55,-11,0
21.182248,0,0,95,58,92,98,743,1557,-1,0,-1,0,55,-11,0
21.194660,0,1,95,58,92,98,743,1557,-1,0,-1,0,54,-11,0
21.204697,0,0,95,58,92,98,743,1557,-1,0,-1,0,54,-11,0
21.209692,0,1,95,58,92,98,743,1557,0,0,-1,0,54,-11,0
21.223265,0,0,95,58,92,98,743,1557,0,0,-1,0,54,-11,0
21.227829,0,1,95,58,92,98,743,1557,0,0,-1,0,55,-11,0
21.236498,0,0,95,58,92,98,743,1557,0,0,-1,0,55,-11,0
21.240683,0,0,95,58,92,98,743,1557,0,0,-1,0,55,-11,0
21.254349,0,0,95,58,92,98,743,1557,0,0,-1,0,55,-11,0
21.259400,0,1,95,58,92,98,743,1557,0,0,-1,0,54,-11,0
21.267894,0,0,95,58,92,98,743,1557,0,0,-1,0,54,-11,0
21.272156,0,0,95,58,92,98,743,1557,0,0,-1,0,54,-11,0
21.285517,0,1,95,58,92,98,743,1557,0,0,-1,0,55,-11,0
21.290123,0,0,95,58,92,98,743,1557,0,0,-1,0,55,-11,0
21.297567,0,0,95,58,92,98,743,1557,0,0,-1,0,55,-11,0
21.305374,0,0,95,58,92,98,743,1557,0,0,-1,0,55,-11,0
21.317478,0,0,95,58,92,98,743,1557,0,0,-1,0,55,-11,0
21.321628,0,0,95,58,92,98,743,1557,0,0,-1,0,55,-11,0
21.329006,0,1,95,58,92,98,743,1557,-1,0,-1,0,55,-11,0
21.333195,0,0,95,58,92,98,743,1557,-1,0,-1,0,55,-11,0
21.337336,0,1,95,58,92,98,743,1557,-1,0,-1,0,57,-11,85
21.348734,0,0,95,58,92,98,743,1557,-1,0,-1,0,57,-11,85
21.358747,0,0,95,58,92,98,743,1557,-1,0,-1,0,57,-11,85
21.362942,0,1,95,58,92,98,743,1557,0,0,-1,0,57,-11,85
21.367103,0,1,95,58,92,98,743,1557,0,0,-1,0,56,-11,70
21.379641,1,0,95,58,92,98,745,1557,0,0,-1,0,56,-11,70
21.383770,0,0,95,58,92,98,745,1557,0,0,-1,0,56,-11,70
21.390758,0,0,95,58,92,98,745,1557,0,0,-1,0,56,-11,70
21.394879,0,0,95,58,92,98,745,1557,0,0,-1,0,56,-11,70
21.399059,1,1,95,58,92,98,746,1557,0,0,-1,0,54,-11,0
21.410499,0,0,95,58,92,98,746,1557,0,0,-1,0,54,-11,0
21.420404,0,0,95,58,92,98,746,1557,0,0,-1,0,54,-11,0
21.424650,0,0,95,58,92,98,746,1557,0,0,-1,0,54,-11,0
21.428809,0,1,95,58,92,98,746,1557,0,0,-1,0,54,-10,0
21.441815,0,0,95,58,92,98,746,1557,0,0,-1,0,54,-10,0
21.451705,0,0,95,58,92,98,746,1557,0,0,-1,0,54,-10,0
21.456228,0,0,95,58,92,98,746,1557,0,0,-1,0,54,-10,0
21.460407,0,1,95,58,92,98,746,1557,0,0,-1,0,54,-11,0
21.472827,0,0,95,58,92,98,746,1557,0,0,-1,0,54,-11,0
21.482412,0,0,95,58,92,98,746,1557,0,0,-1,0,54,-11,0
21.487306,0,0,95,58,92,98,746,1557,0,0,-1,0,54,-11,0
21.502653,0,0,95,58,92,98,746,1557,0,0,-1,0,54,-11,0
21.513701,0,1,95,58,92,98,746,1557,-1,0,-1,0,54,-11,0
21.519485,0,1,95,58,92,98,746,1557,-1,0,-1,0,55,-11,0
21.533734,0,0,95,58,92,98,746,1557,-1,0,-1,0,55,-11,0
21.537272,0,1,95,58,92,98,746,1557,0,0,-1,0,55,-11,0
21.547099,0,0,95,58,92,98,746,1557,0,0,-1,0,55,-11,0
21.552925,0,0,95,58,92,98,746,1557,0,0,-1,0,55,-11,0
21.567072,0,1,95,58,92,98,746,1557,-1,0,-1,0,55,-11,0
21.577713,0,1,95,58,92,98,746,1557,-1,0,0,0,54,-11,0
21.583416,0,0,95,58,92,98,746,1557,-1,0,0,0,54,-11,0
21.597364,0,0,95,58,92,98,746,1557,-1,0,0,0,54,-11,0
21.607518,0,0,95,58,92,98,746,1557,-1,0,0,0,54,-11,0
21.611781,0,0,95,58,92,98,746,1557,-1,0,0,0,54,-11,0
21.615999,0,0,95,58,92,98,746,1557,-1,0,0,0,54,-11,0
21.627442,0,0,95,58,92,98,746,1557,-1,0,0,0,54,-11,0
21.631553,0,1,95,58,92,98,746,1557,-1,0,-1,0,54,-11,0
21.639266,0,1,95,58,92,98,746,1557,-1,0,-1,0,55,-11,0
21.643405,0,0,95,58,92,98,746,1557,-1,0,-1,0,55,-11,0
21.647589,0,0,95,58,92,98,746,1557,-1,0,-1,0,55,-11,0
21.659703,0,1,95,58,92,98,746,1557,0,0,-1,0,55,-11,0
21.673047,0,0,95,58,92,98,746,1557,0,0,-1,0,54,-11,0
21.677681,0,0,95,58,92,98,746,1557,0,0,-1,0,54,-11,0
21.689835,0,1,95,58,92,98,746,1557,-1,0,0,0,54,-11,0
21.699456,0,0,95,58,92,98,746,1557,-1,0,0,0,54,-11,0
21.704500,0,0,95,58,92,98,746,1557,-1,0,0,0,54,-11,0
21.709149,0,0,95,58,92,98,746,1557,-1,0,0,0,54,-11,0
21.721372,0,0,95,58,92,98,746,1557,-1,0,0,0,54,-11,0
21.731371,1,1,95,58,92,98,747,1557,-1,0,0,0,56,-11,-1
21.736082,0,0,95,58,92,98,747,1557,-1,0,0,0,56,-11,-1
21.740328,0,0,95,58,92,98,747,1557,-1,0,0,0,56,-11,-1
21.752397,0,0,95,58,92,98,747,1557,-1,0,0,0,56,-11,0
21.762475,0,1,95,58,92,98,747,1557,-1,0,0,0,55,-11,0
21.767445,0,0,95,58,92,98,747,1557,-1,0,0,0,55,-11,0
21.781204,0,0,95,58,92,98,747,1557,-1,0,0,0,55,-11,0
21.786300,0,0,95,58,92,98,747,1557,-1,0,0,0,55,-11,0
21.793747,0,0,95,58,92,98,747,1557,-1,0,0,0,55,-11,0
21.798312,0,0,95,58,92,98,747,1557,-1,0,0,0,55,-11,0
21.802930,0,1,95,58,92,98,747,1557,-1,0,-1,0,55,-11,0
21.814399,0,0,95,58,92,98,747,1557,-1,0,-1,0,55,-11,0
21.824653,0,0,95,58,92,98,747,1557,-1,0,-1,0,55,-11,0
21.827198,0,0,95,58,92,98,747,1557,-1,0,-1,0,55,-11,0
21.832023,0,0,95,58,92,98,747,1557,-1,0,-1,0,55,-11,0
21.845253,0,1,95,58,92,98,747,1557,-1,0,-1,0,54,-11,0
21.855478,0,0,95,58,92,98,747,1557,-1,0,-1,0,54,-11,0
21.860526,0,1,95,58,92,98,747,1557,0,0,-1,0,54,-11,0
21.874298,0,0,95,58,92,98,747,1557,0,0,-1,0,54,-11,0
21.879288,0,1,95,58,92,98,747,1557,0,0,-1,0,55,-11,0
21.887499,0,0,95,58,92,98,747,1557,0,0,-1,0,55,-11,0
21.891785,0,1,95,58,92,98,747,1557,-1,0,-1,0,55,-11,0
21.905259,0,1,95,58,92,98,747,1557,-1,0,-1,0,54,-11,0
21.909831,0,0,95,58,92,98,747,1557,-1,0,-1,0,54,-11,0
21.918774,0,0,95,58,92,98,747,1557,-1,0,-1,0,54,-11,0
21.923319,0,1,95,58,92,98,747,1557,-1,0,0,0,54,-11,0
21.936643,0,0,95,58,92,98,747,1557,-1,0,0,0,54,-11,0
21.941269,0,0,95,58,92,98,747,1557,-1,0,0,0,54,-11,0
21.948928,0,0,95,58,92,98,747,1557,-1,0,0,0,54,-11,0
21.957145,0,0,95,58,92,98,747,1557,-1,0,-1,0,54,-11,0
21.968736,0,0,95,58,92,98,747,1557,-1,0,-1,0,54,-11,0
21.972766,0,0,95,58,92,98,747,1557,-1,0,-1,0,54,-11,0
21.980143,0,0,95,58,92,98,747,1557,-1,0,-1,0,54,-11,0
21.984704,0,0,95,58,92,98,747,1557,-1,0,-1,0,54,-11,0
21.998372,1,1,95,58,92,98,749,1557,-1,0,-1,0,57,-11,-47
22.002886,0,0,95,58,92,98,749,1557,-1,0,-1,0,57,-11,-47
22.011292,0,0,95,58,92,98,749,1557,-1,0,-1,0,57,-11,-47
22.016218,0,0,95,58,92,98,749,1557,-1,0,-1,0,57,-11,0
22.029567,1,1,95,58,92,98,750,1557,-1,0,-1,0,54,-11,0
22.033792,0,0,95,58,92,98,750,1557,-1,0,-1,0,54,-11,0
22.041900,0,0,95,58,92,98,750,1557,-1,0,-1,0,54,-11,0
22.047020,0,1,95,58,92,98,750,1557,-1,0,0,0,54,-11,0
22.060352,0,0,95,58,92,98,750,1557,-1,0,0,0,54,-11,0
22.064976,0,0,95,58,92,98,750,1557,-1,0,0,0,54,-11,0
22.072982,0,1,95,58,92,98,750,1557,-1,0,-1,0,54,-11,0
22.077523,0,0,95,58,92,98,750,1557,-1,0,-1,0,54,-11,0
22.082111,0,0,95,58,92,98,750,1557,-1,0,-1,0,54,-11,0
22.092758,0,0,95,58,92,98,750,1557,-1,0,-1,0,54,-11,0
22.102634,0,0,95,58,92,98,750,1557,-1,0,-1,0,54,-11,0
22.108441,0,0,95,58,92,98,750,1557,-1,0,-1,0,54,-11,0
22.122483,0,0,95,58,92,98,750,1557,-1,0,-1,0,54,-11,0
22.128104,0,0,95,58,92,98,750,1557,-1,0,-1,0,54,-11,0
22.136079,0,0,95,58,92,98,750,1557,-1,0,-1,0,54,-11,0
22.141389,0,0,95,58,92,98,750,1557,-1,0,-1,0,54,-11,0
22.155583,0,0,95,58,92,98,750,1557,-1,0,-1,0,54,-11,0
22.158145,0,0,95,58,92,98,750,1557,-1,0,-1,0,54,-11,0
22.166499,0,1,95,58,92,98,750,1557,-1,0,0,0,54,-11,0
22.171595,0,0,95,58,92,98,750,1557,-1,0,0,0,54,-11,0
22.185358,0,0,95,58,92,98,750,1557,-1,0,0,0,54,-11,0
22.195745,0,1,95,58,92,98,750,1557,-1,0,-1,0,54,-11,0
22.200998,0,0,95,58,92,98,750,1557,-1,0,-1,0,54,-11,0
22.205596,0,0,95,58,92,98,750,1557,-1,0,-1,0,54,-11,0
22.217933,0,0,95,58,92,98,750,1557,-1,0,-1,0,54,-11,0
22.227625,0,0,95,58,92,98,750,1557,-1,0,-1,0,54,-11,0
22.232703,0,0,95,58,92,98,750,1557,-1,0,-1,0,54,-11,0
22.246554,0,0,95,58,92,98,750,1557,-1,0,-1,0,54,-11,0
22.251948,0,0,95,58,92,98,750,1557,-1,0,-1,0,54,-11,0
22.259766,0,0,95,58,92,98,750,1557,-1,0,-1,0,54,-11,0
22.264960,0,0,95,58,92,98,750,1557,-1,0,-1,0,54,-11,0
22.278528,0,0,95,58,92,98,750,1557,-1,0,-1,0,54,-11,0
22.292100,0,0,95,58,92,98,750,1557,-1,0,0,-1,54,-11,0
22.296322,0,0,95,58,92,98,750,1557,-1,0,0,-1,54,-11,0
22.309567,0,1,95,58,92,98,750,1557,-1,0,-1,-1,54,-11,0
22.313790,0,1,95,58,92,98,750,1557,-1,0,-1,0,54,-11,0
22.320736,0,0,95,58,92,98,750,1557,-1,0,-1,0,54,-11,0
22.325347,0,0,95,58,92,98,750,1557,-1,0,-1,0,54,-11,0
22.329512,0,0,95,58,92,98,750,1557,-1,0,-1,0,54,-11,0
22.340406,0,0,95,58,92,98,750,1557,-1,0,-1,0,54,-11,0
22.344550,0,1,95,58,92,98,750,1557,-1,0,-1,0,55,-11,0
22.351689,0,0,95,58,92,98,750,1557,-1,0,-1,0,55,-11,0
22.355866,0,0,95,58,92,98,750,1557,-1,0,-1,0,55,-11,0
22.359982,0,0,95,58,92,98,750,1557,-1,0,-1,0,55,-11,0
22.371477,0,0,95,58,92,98,750,1557,-1,0,-1,0,55,-11,0
22.375676,0,0,95,58,92,98,750,1557,-1,0,-1,0,55,-11,0
22.383122,0,0,95,58,92,98,750,1557,-1,0,-1,0,55,-11,0
22.388191,0,0,95,58,92,98,750,1557,-1,0,-1,0,55,-11,0
22.402268,0,0,95,58,92,98,750,1557,-1,0,-1,0,55,-11,0
22.406940,0,1,95,58,92,98,750,1557,-1,0,-1,0,54,-11,0
22.414550,0,0,95,58,92,98,750,1557,-1,0,-1,0,54,-11,0
22.419560,0,0,95,58,92,98,750,1557,-1,0,-1,0,54,-11,0
22.433268,0,1,95,58,92,98,750,1557,-1,0,0,0,54,-11,0
22.437893,0,1,95,58,92,98,750,1557,-1,0,0,0,55,-11,0
22.445305,0,0,95,58,92,98,750,1557,-1,0,0,0,55,-11,0
22.447519,0,0,95,58,92,98,750,1557,-1,0,0,0,55,-11,0
22.452538,0,0,95,58,92,98,750,1557,-1,0,0,0,55,-11,0
22.464796,0,1,95,58,92,98,750,1557,-1,0,-1,0,54,-11,0
22.474776,0,0,95,58,92,98,750,1557,-1,0,-1,0,54,-11,0
22.479648,0,0,95,58,92,98,750,1557,-1,0,-1,0,54,-11,0
22.484230,0,0,95,58,92,98,750,1557,-1,0,-1,0,54,-11,0
22.495919,0,1,95,58,92,98,750,1557,-1,0,0,0,54,-11,0
22.505476,0,0,95,58,92,98,750,1557,-1,0,0,0,54,-11,0
22.510052,0,0,95,58,92,98,750,1557,-1,0,0,0,54,-11,0
22.515093,0,1,95,58,92,98,750,1557,-1,0,-1,0,54,-11,0
22.526832,0,0,95,58,92,98,750,1557,-1,0,-1,0,54,-11,0
22.536444,0,0,95,58,92,98,750,1557,-1,0,-1,0,54,-11,0
22.541453,0,0,95,58,92,98,750,1557,-1,0,-1,0,54,-11,0
22.546428,0,0,95,58,92,98,750,1557,-1,0,-1,0,54,-11,0
22.558197,0,0,95,58,92,98,750,1557,-1,0,-1,0,54,-11,0
22.567980,0,0,95,58,92,98,750,1557,-1,0,-1,0,54,-11,0
22.575469,0,0,95,58,92,98,750,1557,-1,0,-1,0,54,-11,0
22.589277,0,1,95,58,92,98,750,1557,-1,0,-1,0,55,-12,0
22.599496,0,0,95,58,92,98,750,1557,-1,0,-1,0,55,-12,0
22.604227,0,1,95,58,92,98,750,1557,0,0,-1,0,55,-12,0
22.618354,0,1,95,58,92,98,750,1557,0,0,-1,0,57,-12,74
22.622915,1,0,95,58,92,98,751,1557,0,0,-1,0,57,-12,74
22.630646,0,1,95,58,92,98,751,1557,-1,0,-1,0,57,-12,74
22.635555,0,1,95,58,92,98,751,1557,-1,0,0,0,57,-12,74
22.640202,1,1,95,58,92,98,754,1557,-1,0,0,0,56,-12,14
22.650756,0,1,95,58,92,98,754,1557,-1,0,0,0,56,-11,14
22.660780,0,0,95,58,92,98,754,1557,-1,0,0,0,56,-11,14
22.664994,0,1,95,58,92,98,754,1557,-1,0,-1,0,56,-11,14
22.669567,0,1,95,58,92,98,754,1557,-1,0,-1,0,55,-11,0
22.681560,0,0,95,58,92,98,754,1557,-1,0,-1,0,55,-11,0
22.691400,0,0,95,58,92,98,754,1557,-1,0,-1,0,55,-11,0
22.696007,0,0,95,58,92,98,754,1557,-1,0,-1,0,55,-11,0
22.701043,0,1,95,58,92,98,754,1557,-1,0,-1,0,54,-11,0
22.713209,0,0,95,58,92,98,754,1557,-1,0,-1,0,54,-11,0
22.723393,0,0,95,58,92,98,754,1557,-1,0,-1,0,54,-11,0
22.727922,0,0,95,58,92,98,754,1557,-1,0,-1,0,54,-11,0
22.732202,0,0,95,58,92,98,754,1557,-1,0,-1,0,54,-11,0
22.744200,0,0,95,58,92,98,754,1557,-1,0,-1,0,54,-11,0
22.753914,0,0,95,58,92,98,754,1557,-1,0,-1,0,54,-11,0
22.758436,0,0,95,58,92,98,754,1557,-1,0,-1,0,54,-11,0
22.763007,0,0,95,58,92,98,754,1557,-1,0,-1,0,54,-11,0
22.774831,0,0,95,58,92,98,754,1557,-1,0,-1,0,54,-11,0
22.784695,0,0,95,58,92,98,754,1557,-1,0,-1,0,54,-11,0
22.790523,0,1,95,58,92,98,754,1557,-1,0,0,0,55,-11,0
22.793818,0,0,95,58,92,98,754,1557,-1,0,0,0,55,-11,0
22.805884,0,0,95,58,92,98,754,1557,-1,0,0,0,55,-11,0
22.815336,0,0,95,58,92,98,754,1557,-1,0,0,0,55,-11,0
22.820521,0,1,95,58,92,98,754,1557,-1,0,-1,0,54,-11,0
22.824788,0,0,95,58,92,98,754,1557,-1,0,-1,0,54,-11,0
22.836938,0,0,95,58,92,98,754,1557,-1,0,-1,0,54,-11,0
22.846803,0,0,95,58,92,98,754,1557,-1,0,-1,0,54,-11,0
22.851845,0,0,95,58,92,98,754,1557,-1,0,-1,0,54,-11,0
22.856865,0,0,95,58,92,98,754,1557,-1,0,-1,0,54,-11,0
22.868215,0,0,95,58,92,98,754,1557,-1,0,-1,0,54,-11,0
22.877764,0,0,95,58,92,98,754,1557,-1,0,-1,0,54,-11,0
22.882804,0,1,95,58,92,98,754,1557,-1,0,-1,0,55,-11,0
22.888382,0,0,95,58,92,98,754,1557,-1,0,-1,0,55,-11,0
22.900118,0,0,95,58,92,98,754,1557,-1,0,-1,0,55,-11,0
22.910810,0,0,95,58,92,98,754,1557,-1,0,-1,0,55,-11,0
22.928476,0,0,95,58,92,98,754,1557,-1,0,-1,0,55,-11,0
22.933304,0,0,95,58,92,98,754,1557,-1,0,-1,0,55,-11,0
22.941538,0,0,95,58,92,98,754,1557,-1,0,-1,0,55,-11,0
22.945778,0,0,95,58,92,98,754,1557,-1,0,-1,0,55,-11,0
22.959188,0,0,95,58,92,98,754,1557,-1,0,-1,0,55,-11,0
22.963380,0,0,95,58,92,98,754,1557,-1,0,-1,0,55,-11,0
22.972751,1,1,95,58,91,98,754,1557,-1,0,-1,0,54,-11,0
22.977772,0,0,95,58,91,98,754,1557,-1,0,-1,0,54,-11,0
22.991325,0,0,95,58,91,98,754,1557,-1,0,-1,0,54,-11,0
22.996013,1,1,95,58,92,98,754,1557,-1,0,0,0,54,-11,0
23.003731,0,0,95,58,92,98,754,1557,-1,0,0,0,54,-11,0
23.009093,0,0,95,58,92,98,754,1557,-1,0,0,0,54,-11,0
23.022808,0,0,95,58,92,98,754,1557,-1,0,0,0,54,-11,0
23.032657,0,1,95,58,92,98,754,1557,-1,0,-1,0,54,-11,0
23.036825,0,1,95,58,92,98,754,1557,-1,0,-1,0,55,-11,0
23.042245,0,0,95,58,92,98,754,1557,-1,0,-1,0,55,-11,0
23.054914,0,0,95,58,92,98,754,1557,-1,0,-1,0,55,-11,0
23.064436,0,1,95,58,92,98,754,1557,-1,0,-1,0,54,-11,0
23.069428,0,0,95,58,92,98,754,1557,-1,0,-1,0,54,-11,0
23.083319,0,0,95,58,92,98,754,1557,-1,0,-1,0,54,-11,0
23.085908,0,0,95,58,92,98,754,1557,-1,0,-1,0,54,-11,0
23.095191,0,0,95,58,92,98,754,1557,-1,0,-1,0,54,-11,0
23.100218,0,0,95,58,92,98,754,1557,-1,0,-1,0,54,-11,0
23.114349,0,0,95,58,92,98,754,1557,-1,0,-1,0,54,-11,0
23.119038,0,1,95,58,92,98,754,1557,-1,0,0,0,54,-11,0
23.126892,0,0,95,58,92,98,754,1557,-1,0,0,0,54,-11,0
23.131562,0,0,95,58,92,98,754,1557,-1,0,0,0,54,-11,0
23.145481,0,0,95,58,92,98,754,1557,-1,0,0,0,54,-11,0
23.150733,0,1,95,58,92,98,754,1557,-1,0,-1,0,54,-11,0
23.158767,0,0,95,58,92,98,754,1557,-1,0,-1,0,54,-11,0
23.163316,0,0,95,58,92,98,754,1557,-1,0,-1,0,54,-11,0
23.176543,0,1,95,58,92,98,754,1557,0,0,-1,0,54,-11,0
23.181250,0,0,95,58,92,98,754,1557,0,0,-1,0,54,-11,0
23.188567,0,0,95,58,92,98,754,1557,0,0,-1,0,54,-11,0
23.192795,0,0,95,58,92,98,754,1557,0,0,-1,0,54,-11,0
23.196910,0,1,95,58,92,98,754,1557,-1,0,-1,0,54,-11,0
23.208775,0,0,95,58,92,98,754,1557,-1,0,-1,0,54,-11,0
23.221820,0,0,95,58,92,98,754,1557,-1,0,-1,0,54,-11,0
23.226000,0,0,95,58,92,98,754,1557,-1,0,-1,0,54,-11,0
23.239324,0,1,95,58,92,98,754,1557,-1,0,0,0,54,-11,0
23.243418,0,0,95,58,92,98,754,1557,-1,0,0,0,54,-11,0
23.250984,0,0,95,58,92,98,754,1557,-1,0,0,0,54,-11,0
23.255161,0,0,95,58,92,98,754,1557,-1,0,0,0,54,-11,0
23.259654,0,0,95,58,92,98,754,1557,-1,0,0,0,54,-11,0
23.270534,0,0,95,58,92,98,754,1557,-1,0,0,0,54,-11,0
23.274725,0,1,95,58,92,98,754,1557,-1,0,0,0,56,-11,0
23.282223,0,0,95,58,92,98,754,1557,-1,0,0,0,56,-11,0
23.286476,0,0,95,58,92,98,754,1557,-1,0,0,0,56,-11,0
23.290681,0,1,95,58,92,98,754,1557,-1,0,-1,0,56,-11,0
23.301566,0,1,95,58,92,98,754,1557,-1,0,-1,0,55,-11,0
23.311708,0,0,95,58,92,98,754,1557,-1,0,-1,0,55,-11,0
23.316812,0,0,95,58,92,98,754,1557,-1,0,-1,0,55,-11,0
23.321868,0,0,95,58,92,98,754,1557,-1,0,-1,0,55,-11,0
23.333332,0,0,95,58,92,98,754,1557,-1,0,-1,0,55,-11,0
23.343434,0,0,95,58,92,98,754,1557,-1,0,-1,0,55,-11,0
23.348493,0,0,95,58,92,98,754,1557,-1,0,-1,0,55,-11,0
23.362343,0,1,95,58,92,98,754,1557,-1,0,0,0,55,-11,0
23.367385,0,0,95,58,92,98,754,1557,-1,0,0,0,55,-11,0
23.374980,0,0,95,58,92,98,754,1557,-1,0,0,0,55,-11,0
23.377551,0,0,95,58,92,98,754,1557,-1,0,0,0,55,-11,0
23.382092,0,1,95,58,92,98,754,1557,-1,0,-1,0,55,-11,0
23.394507,0,0,95,58,92,98,754,1557,-1,0,-1,0,55,-11,0
23.404722,0,0,95,58,92,98,754,1557,-1,0,-1,0,55,-11,0
23.409164,0,0,95,58,92,98,754,1557,-1,0,-1,0,55,-11,0
23.413393,0,1,95,58,92,98,754,1557,-1,0,-1,0,54,-11,0
23.425523,0,0,95,58,92,98,754,1557,-1,0,-1,0,54,-11,0
23.429763,0,0,95,58,92,98,754,1557,-1,0,-1,0,54,-11,0
23.436847,0,0,95,58,92,98,754,1557,-1,0,-1,0,54,-11,0
23.440943,0,0,95,58,92,98,754,1557,-1,0,-1,0,54,-11,0
23.445133,0,0,95,58,92,98,754,1557,-1,0,-1,0,54,-11,0
23.456853,0,0,95,58,92,98,754,1557,-1,0,-1,0,54,-11,0
23.460932,0,0,95,58,92,98,754,1557,-1,0,-1,0,54,-11,0
23.468301,0,0,95,58,92,98,754,1557,-1,0,-1,0,54,-11,0
23.472440,0,0,95,58,92,98,754,1557,-1,0,-1,0,54,-11,0
23.476626,0,0,95,58,92,98,754,1557,-1,0,-1,0,54,-11,0
23.487825,0,0,95,58,92,98,754,1557,-1,0,-1,0,54,-11,0
23.497681,0,0,95,58,92,98,754,1557,-1,0,-1,0,54,-11,0
23.505052,0,0,95,58,92,98,754,1557,-1,0,-1,0,54,-11,0
23.518120,0,0,95,58,92,98,754,1557,-1,0,-1,0,54,-11,0
23.522683,0,0,95,58,92,98,754,1557,-1,0,-1,0,54,-11,0
23.529641,0,0,95,58,92,98,754,1557,-1,0,-1,0,54,-11,0
23.533783,0,0,95,58,92,98,754,1557,-1,0,-1,0,54,-11,0
23.537988,1,1,95,58,92,98,756,1557,-1,0,-1,0,56,-11,3
23.550261,0,0,95,58,92,98,756,1557,-1,0,-1,0,56,-11,3
23.559674,0,0,95,58,92,98,756,1557,-1,0,-1,0,56,-11,3
23.563785,0,0,95,58,92,98,756,1557,-1,0,-1,0,56,-11,0
23.567973,1,1,95,58,92,98,755,1557,-1,0,-1,0,54,-11,0
23.580838,0,0,95,58,92,98,755,1557,-1,0,-1,0,54,-11,0
23.590592,0,0,95,58,92,98,755,1557,-1,0,-1,0,54,-11,0
23.594852,0,1,95,58,92,98,755,1557,-1,0,-1,0,55,-11,0
23.599396,0,0,95,58,92,98,755,1557,-1,0,-1,0,55,-11,0
23.612290,0,0,95,58,92,98,755,1557,-1,0,-1,0,55,-11,0
23.621739,0,0,95,58,92,98,755,1557,-1,0,-1,0,55,-11,0
23.625895,0,0,95,58,92,98,755,1557,-1,0,-1,0,55,-11,0
23.630137,0,0,95,58,92,98,755,1557,-1,0,-1,0,55,-11,0
23.642805,0,0,95,58,92,98,755,1557,-1,0,-1,0,55,-11,0
23.652350,0,0,95,58,92,98,755,1557,-1,0,-1,0,55,-11,0
23.657613,0,0,95,58,92,98,755,1557,-1,0,-1,0,55,-11,0
23.662775,0,0,95,58,92,98,755,1557,-1,0,-1,0,55,-11,0
23.673834,0,0,95,58,92,98,755,1557,-1,0,-1,0,55,-11,0
23.683604,0,0,95,58,92,98,755,1557,-1,0,-1,0,55,-11,0
23.688872,0,0,95,58,92,98,755,1557,-1,0,-1,0,55,-11,0
23.691970,0,0,95,58,92,98,755,1557,-1,0,-1,0,55,-11,0
23.704424,0,0,95,58,92,98,755,1557,-1,0,-1,0,55,-11,0
23.708621,0,0,95,58,92,98,755,1557,-1,0,-1,0,55,-11,0
23.716104,0,0,95,58,92,98,755,1557,-1,0,-1,0,55,-11,0
23.720777,0,0,95,58,92,98,755,1557,-1,0,-1,0,55,-11,0
23.734319,0,0,95,58,92,98,755,1557,-1,0,-1,0,55,-11,0
23.738538,0,0,95,58,92,98,755,1557,-1,0,-1,0,55,-11,0
23.747332,0,0,95,58,92,98,755,1557,-1,0,-1,0,55,-11,0
23.752248,0,0,95,58,92,98,755,1557,-1,0,-1,0,55,-11,0
23.765483,0,0,95,58,92,98,755,1557,-1,0,-1,0,55,-11,0
23.770015,0,0,95,58,92,98,755,1557,-1,0,-1,0,55,-11,0
23.777873,0,1,95,58,92,98,755,1557,-1,0,-1,0,54,-11,0
23.781993,0,0,95,58,92,98,755,1557,-1,0,-1,0,54,-11,0
23.786214,0,0,95,58,92,98,755,1557,-1,0,-1,0,54,-11,0
23.797792,0,0,95,58,92,98,755,1557,-1,0,-1,0,54,-11,0
23.807449,0,0,95,58,92,98,755,1557,-1,0,-1,0,54,-11,0
23.814162,0,0,95,58,92,98,755,1557,-1,0,-1,0,54,-11,0
23.827313,0,0,95,58,92,98,755,1557,-1,0,-1,0,54,-11,0
23.831288,0,0,95,58,92,98,755,1557,-1,0,-1,0,54,-11,0
23.839697,0,1,95,58,92,98,755,1557,-1,0,-1,0,55,-11,0
23.843814,0,0,95,58,92,98,755,1557,-1,0,-1,0,55,-11,0
23.848686,0,0,95,58,92,98,755,1557,-1,0,-1,0,55,-11,0
23.859800,0,0,95,58,92,98,755,1557,-1,0,-1,0,55,-11,73
23.869770,1,1,95,58,92,98,757,1557,-1,0,-1,0,57,-11,73
23.874745,0,0,95,58,92,98,757,1557,-1,0,-1,0,57,-11,73
23.878879,0,0,95,58,92,98,757,1557,-1,0,-1,0,57,-11,73
23.890809,0,0,95,58,92,98,757,1557,-1,0,-1,0,57,-11,73
23.900578,1,1,95,58,92,98,758,1557,-1,0,-1,0,54,-11,0
23.905159,0,0,95,58,92,98,758,1557,-1,0,-1,0,54,-11,0
23.909781,0,0,95,58,92,98,758,1557,-1,0,-1,0,54,-11,0
23.921521,0,0,95,58,92,98,758,1557,-1,0,-1,0,54,-11,0
23.925779,0,0,95,58,92,98,758,1557,-1,0,-1,0,54,-11,0
23.932800,0,0,95,58,92,98,758,1557,-1,0,-1,0,54,-11,0
23.936918,0,0,95,58,92,98,758,1557,-1,0,-1,0,54,-11,0
23.941123,0,0,95,58,92,98,758,1557,-1,0,-1,0,54,-11,0
23.952883,0,1,95,58,92,98,758,1557,-1,0,-1,0,56,-11,0
23.962599,1,0,95,58,92,98,759,1557,-1,0,-1,0,56,-11,0
23.966785,0,0,95,58,92,98,759,1557,-1,0,-1,0,56,-11,0
23.971690,0,0,95,58,92,98,759,1557,-1,0,-1,0,56,-11,0
23.983464,0,1,95,58,92,98,759,1557,-1,0,-1,0,55,-11,0
23.987742,0,0,95,58,92,98,759,1557,-1,0,-1,0,55,-11,0
23.994725,0,0,95,58,92,98,759,1557,-1,0,-1,0,55,-11,0
23.998796,0,0,95,58,92,98,759,1557,-1,0,-1,0,55,-11,0
24.002893,0,0,95,58,92,98,759,1557,-1,0,-1,0,55,-11,0
24.014455,1,0,95,58,92,98,758,1557,-1,0,-1,0,55,-11,0
24.018772,0,0,95,58,92,98,758,1557,-1,0,-1,0,55,-11,0
24.025752,0,0,95,58,92,98,758,1557,-1,0,-1,0,55,-11,0
24.029883,0,0,95,58,92,98,758,1557,-1,0,-1,0,55,-11,0
24.034097,0,0,95,58,92,98,758,1557,-1,0,-1,0,55,-11,0
24.045863,0,0,95,58,92,98,758,1557,-1,0,-1,0,55,-11,0
24.055756,0,0,95,58,92,98,758,1557,-1,0,-1,0,55,-11,0
24.059991,0,0,95,58,92,98,758,1557,-1,0,-1,0,55,-11,0
24.064122,0,0,95,58,92,98,758,1557,-1,0,-1,0,55,-11,0
24.076463,0,0,95,58,92,98,758,1557,-1,0,-1,0,55,-11,0
24.080730,0,0,95,58,92,98,758,1557,-1,0,-1,0,55,-11,0
24.087712,0,0,95,58,92,98,758,1557,-1,0,-1,0,55,-11,0
24.092287,0,0,95,58,92,98,758,1557,-1,0,-1,0,55,-11,0
24.097221,0,0,95,58,92,98,758,1557,-1,0,-1,0,55,-11,0
24.107749,0,0,95,58,92,98,758,1557,-1,0,-1,0,55,-11,0
24.117384,0,0,95,58,92,98,758,1557,-1,0,-1,0,55,-11,0
24.119245,0,0,95,58,92,98,758,1557,-1,0,-1,0,55,-11,0
24.123443,0,0,95,58,92,98,758,1557,-1,0,-1,0,55,-11,0
24.127566,0,0,95,58,92,98,758,1557,-1,0,-1,0,55,-11,0
24.138539,0,0,95,58,92,98,758,1557,-1,0,-1,0,55,-11,0
24.142758,0,0,95,58,92,98,758,1557,-1,0,-1,0,55,-11,0
24.149943,0,0,95,58,92,98,758,1557,-1,0,-1,0,55,-11,0
24.154132,0,0,95,58,92,98,758,1557,-1,0,-1,0,55,-11,0
24.158643,0,0,95,58,92,98,758,1557,-1,0,-1,0,55,-11,0
24.169534,0,0,95,58,92,98,758,1557,-1,0,-1,0,55,-11,0
24.173783,0,0,95,58,92,98,758,1557,-1,0,-1,0,55,-11,0
24.180799,0,0,95,58,92,98,758,1557,-1,0,-1,0,55,-11,0
24.185381,0,1,95,58,92,98,758,1557,-1,0,-1,0,54,-11,0
24.189559,0,0,95,58,92,98,758,1557,-1,0,-1,0,54,-11,0
24.201199,0,0,95,58,92,98,758,1557,-1,0,-1,0,54,-11,0
24.210707,0,0,95,58,92,98,758,1557,-1,0,-1,0,54,-11,0
24.215269,0,0,95,58,92,98,758,1557,-1,0,-1,0,54,-11,0
24.220581,0,0,95,58,92,98,758,1557,-1,0,-1,0,54,-11,0
24.232268,0,0,95,58,92,98,758,1557,-1,0,-1,0,54,-11,0
24.242705,0,1,95,58,92,98,758,1557,0,0,0,0,54,-11,0
24.250483,0,0,95,58,92,98,758,1557,0,0,0,0,54,-11,0
24.262786,0,0,95,58,92,98,758,1557,0,0,0,0,54,-11,0
24.272435,0,0,95,58,92,98,758,1557,0,0,0,0,54,-11,0
24.276645,0,0,95,58,92,98,758,1557,0,0,0,0,54,-11,0
24.280756,0,0,95,58,92,98,758,1557,0,0,0,0,54,-11,0
24.294492,0,1,95,58,92,98,758,1557,-1,0,0,0,54,-11,0
24.305032,0,0,95,58,92,98,758,1557,-1,0,0,0,54,-11,3
24.310996,1,1,95,58,92,98,760,1557,-1,0,0,0,57,-11,3
24.324509,0,0,95,58,92,98,760,1557,-1,0,0,0,57,-11,3
24.328725,0,1,95,58,92,98,760,1557,-1,0,-1,0,57,-11,3
24.336387,0,1,95,58,92,98,760,1557,-1,0,-1,0,54,-11,0
24.340580,1,0,95,58,92,98,759,1557,-1,0,-1,0,54,-11,0
24.344708,0,0,95,58,92,98,759,1557,-1,0,-1,0,54,-11,0
24.355988,0,1,95,58,92,98,759,1557,0,0,-1,0,54,-11,0
24.365446,0,0,95,58,92,98,759,1557,0,0,-1,0,54,-11,0
24.371277,0,0,95,58,92,98,759,1557,0,0,-1,0,54,-11,0
24.375930,0,0,95,58,92,98,759,1557,0,0,-1,0,54,-11,0
24.387289,0,1,95,58,92,98,759,1557,-1,0,-1,0,54,-11,0
24.397488,0,1,95,58,92,98,759,1557,-1,0,0,0,54,-11,0
24.402558,0,0,95,58,92,98,759,1557,-1,0,0,0,54,-11,0
24.416375,0,0,95,58,92,98,759,1557,-1,0,0,0,54,-11,0
24.421082,0,0,95,58,92,98,759,1557,-1,0,0,0,54,-11,0
24.429540,0,0,95,58,92,98,759,1557,-1,0,0,0,54,-11,0
24.434239,0,0,95,58,92,98,759,1557,-1,0,0,0,54,-11,0
24.448156,0,0,95,58,92,98,759,1557,-1,0,0,0,54,-11,0
24.452366,0,0,95,58,92,98,759,1557,-1,0,0,0,54,-11,0
24.459636,0,0,95,58,92,98,759,1557,-1,0,0,0,54,-11,0
24.464588,0,0,95,58,92,98,759,1557,-1,0,0,0,54,-11,0
24.467492,0,0,95,58,92,98,759,1557,-1,0,0,0,54,-11,0
24.480222,0,0,95,58,92,98,759,1557,-1,0,0,0,54,-11,0
24.489784,0,0,95,58,92,98,759,1557,-1,0,0,0,54,-11,0
24.494819,0,0,95,58,92,98,759,1557,-1,0,0,0,54,-11,0
24.498978,0,0,95,58,92,98,759,1557,-1,0,0,0,54,-11,0
24.511152,0,0,95,58,92,98,759,1557,-1,0,0,0,54,-11,0
24.520797,0,1,95,58,92,98,759,1557,-1,0,0,0,55,-11,0
24.524965,0,0,95,58,92,98,759,1557,-1,0,0,0,55,-11,0
24.529129,0,0,95,58,92,98,759,1557,-1,0,0,0,55,-11,0
24.542161,0,0,95,58,92,98,759,1557,-1,0,0,0,55,-11,0
24.551557,0,1,95,58,92,98,759,1557,-1,0,0,0,54,-11,0
24.556433,0,0,95,58,92,98,759,1557,-1,0,0,0,54,-11,0
24.560604,0,0,95,58,92,98,759,1557,-1,0,0,0,54,-11,0
24.573186,0,0,95,58,92,98,759,1557,-1,0,0,0,54,-11,0
24.582520,0,1,95,58,92,98,759,1557,-1,0,0,0,55,-11,0
24.590848,0,0,95,58,92,98,759,1557,-1,0,0,0,55,-11,0
24.603808,0,0,95,58,92,98,759,1557,-1,0,0,0,55,-11,0
24.613942,0,1,95,58,92,98,759,1557,-1,0,0,0,54,-11,0
24.618682,0,0,95,58,92,98,759,1557,-1,0,0,0,54,-11,0
24.623332,0,0,95,58,92,98,759,1557,-1,0,0,0,54,-11,0
24.634818,0,0,95,58,92,98,759,1557,-1,0,0,0,54,-11,0
24.644384,1,1,95,58,92,98,760,1557,-1,0,0,0,57,-12,25
24.648693,0,0,95,58,92,98,760,1557,-1,0,0,0,57,-12,25
24.653258,0,0,95,58,92,98,760,1557,-1,0,0,0,57,-12,25
24.666282,0,1,95,58,92,98,760,1557,-1,0,-1,-1,55,-12,0
24.675711,0,1,95,58,92,98,760,1557,-1,0,-1,-1,55,-11,0
24.680328,0,0,95,58,92,98,760,1557,-1,0,-1,-1,55,-11,0
24.684588,0,0,95,58,92,98,760,1557,-1,0,-1,-1,55,-11,0
24.697133,0,1,95,58,92,98,760,1557,-1,0,-1,0,55,-11,0
24.706820,0,0,95,58,92,98,760,1557,-1,0,-1,0,55,-11,0
24.711019,0,0,95,58,92,98,760,1557,-1,0,-1,0,55,-11,0
24.715224,0,0,95,58,92,98,760,1557,-1,0,-1,0,55,-11,0
24.727824,0,0,95,58,92,98,760,1557,-1,0,-1,0,55,-11,0
24.737419,0,0,95,58,92,98,760,1557,-1,0,-1,0,55,-11,0
24.741691,0,0,95,58,92,98,760,1557,-1,0,-1,0,55,-11,0
24.743549,0,0,95,58,92,98,760,1557,-1,0,-1,0,55,-11,0
24.747764,0,0,95,58,92,98,760,1557,-1,0,-1,0,55,-11,0
24.758648,0,0,95,58,92,98,760,1557,-1,0,-1,0,55,-11,0
24.762835,0,0,95,58,92,98,760,1557,-1,0,-1,0,55,-11,0
24.769984,0,0,95,58,92,98,760,1557,-1,0,-1,0,55,-11,0
24.775071,0,0,95,58,92,98,760,1557,-1,0,-1,0,55,-11,0
24.788513,0,0,95,58,92,98,760,1557,-1,0,-1,0,55,-11,0
24.793469,0,1,95,58,92,98,760,1557,-1,0,-1,0,54,-11,0
24.801588,0,0,95,58,92,98,760,1557,-1,0,-1,0,54,-11,0
24.806525,0,0,95,58,92,98,760,1557,-1,0,-1,0,54,-11,0
24.820343,0,0,95,58,92,98,760,1557,-1,0,-1,0,54,-11,0
24.824934,0,0,95,58,92,98,760,1557,-1,0,-1,0,54,-11,0
24.832019,0,0,95,58,92,98,760,1557,-1,0,-1,0,54,-11,0
24.836959,0,0,95,58,92,98,760,1557,-1,0,-1,0,54,-11,0
24.850424,0,0,95,58,92,98,760,1557,-1,0,-1,0,54,-11,0
24.855536,0,0,95,58,92,98,760,1557,-1,0,-1,0,54,-11,0
24.863053,0,0,95,58,92,98,760,1557,-1,0,-1,0,54,-11,0
24.872005,0,0,95,58,92,98,760,1557,-1,0,-1,0,54,-11,0
24.883457,0,0,95,58,92,98,760,1557,-1,0,-1,0,54,-11,0
24.893225,0,0,95,58,92,98,760,1557,-1,0,-1,0,54,-11,0
24.897822,1,0,95,58,91,98,760,1557,-1,0,-1,0,54,-11,0
24.901938,1,1,95,58,91,98,761,1557,-1,0,-1,0,56,-11,6
24.914393,0,0,95,58,91,98,761,1557,-1,0,-1,0,56,-11,6
24.924438,0,0,95,58,91,98,761,1557,-1,0,-1,0,56,-11,6
24.928685,1,0,95,58,92,98,761,1557,-1,0,-1,0,56,-11,6
24.932906,0,1,95,58,92,98,761,1557,-1,0,-1,0,54,-11,0
24.945014,0,0,95,58,92,98,761,1557,-1,0,-1,0,54,-11,0
24.954742,0,0,95,58,92,98,761,1557,-1,0,-1,0,54,-11,0
24.959781,0,0,95,58,92,98,761,1557,-1,0,-1,0,54,-11,0
24.963943,0,1,95,58,92,98,761,1557,-1,0,-1,0,55,-11,0
24.976226,0,0,95,58,92,98,761,1557,-1,0,-1,0,55,-11,0
24.986036,0,1,95,58,92,98,761,1557,0,0,-1,0,55,-11,0
24.991007,0,0,95,58,92,98,761,1557,0,0,-1,0,55,-11,0
24.995609,0,0,95,58,92,98,761,1557,0,0,-1,0,55,-11,0
25.006825,0,0,95,58,92,98,761,1557,0,0,-1,0,55,-11,0
25.016434,0,1,95,58,92,98,761,1557,-1,0,-1,0,55,-11,0
25.020717,0,0,95,58,92,98,761,1557,-1,0,-1,0,55,-11,0
25.025371,0,0,95,58,92,98,761,1557,-1,0,-1,0,55,-11,0
25.037310,0,0,95,58,92,98,761,1557,-1,0,-1,0,55,-11,0
25.041873,0,0,95,58,92,98,761,1557,-1,0,-1,0,55,-11,0
25.050241,0,0,95,58,92,98,761,1557,-1,0,-1,0,55,-11,0
25.055277,0,0,95,58,92,98,761,1557,-1,0,-1,0,55,-11,0
25.070582,0,0,95,58,92,98,761,1557,-1,0,-1,0,55,-11,0
25.080836,0,0,95,58,92,98,761,1557,-1,0,-1,0,55,-11,0
25.085955,0,0,95,58,92,98,761,1557,-1,0,-1,0,55,-11,0
25.098945,0,0,95,58,92,98,761,1557,-1,0,-1,0,55,-11,0
25.103469,1,0,95,58,91,98,761,1557,-1,0,-1,0,55,-11,0
25.110506,0,0,95,58,91,98,761,1557,-1,0,-1,0,55,-11,0
25.114673,0,0,95,58,91,98,761,1557,-1,0,-1,0,55,-11,0
25.118886,0,0,95,58,91,98,761,1557,-1,0,-1,0,55,-11,0
25.130512,0,0,95,58,91,98,761,1557,-1,0,-1,0,55,-11,0
25.140453,0,1,95,58,91,98,761,1557,-1,0,0,0,55,-11,0
25.144692,1,0,95,58,92,98,761,1557,-1,0,0,0,55,-11,0
25.161434,0,0,95,58,92,98,761,1557,-1,0,0,0,55,-11,0
25.165628,0,1,95,58,92,98,761,1557,-1,0,-1,0,55,-11,0
25.173238,0,0,95,58,92,98,761,1557,-1,0,-1,0,55,-11,0
25.177907,0,0,95,58,92,98,761,1557,-1,0,-1,0,55,-11,0
25.191319,0,1,95,58,92,98,761,1557,0,0,-1,0,55,-11,0
25.196408,0,0,95,58,92,98,761,1557,0,0,-1,0,55,-11,0
25.203965,1,1,95,58,92,98,763,1557,0,0,-1,0,56,-11,0
25.208140,0,0,95,58,92,98,763,1557,0,0,-1,0,56,-11,0
25.212628,0,1,95,58,92,98,763,1557,-1,0,-1,0,56,-11,0
25.224133,0,0,95,58,92,98,763,1557,-1,0,-1,0,56,-11,0
25.233544,0,1,95,58,92,98,763,1557,-1,0,-1,0,55,-11,0
25.238553,0,0,95,58,92,98,763,1557,-1,0,-1,0,55,-11,0
25.243526,0,0,95,58,92,98,763,1557,-1,0,-1,0,55,-11,0
25.255285,0,0,95,58,92,98,763,1557,-1,0,-1,0,55,-11,0
25.264998,0,0,95,58,92,98,763,1557,-1,0,-1,0,55,-11,0
25.270007,0,0,95,58,92,98,763,1557,-1,0,-1,0,55,-11,0
25.274281,0,0,95,58,92,98,763,1557,-1,0,-1,0,55,-11,0
25.286255,0,1,95,58,92,98,763,1557,-1,0,0,0,55,-11,0
25.296394,0,0,95,58,92,98,763,1557,-1,0,0,0,55,-11,0
25.301389,0,0,95,58,92,98,763,1557,-1,0,0,0,55,-11,0
25.306031,0,0,95,58,92,98,763,1557,-1,0,0,0,55,-11,0
25.317503,0,1,95,58,92,98,763,1557,-1,0,-1,0,55,-11,0
25.327386,1,0,95,58,91,98,763,1557,-1,0,-1,0,55,-11,0
25.332435,0,0,95,58,91,98,763,1557,-1,0,-1,0,55,-11,0
25.346272,0,0,95,58,91,98,763,1557,-1,0,-1,0,55,-11,0
25.351283,1,0,95,58,92,98,763,1557,-1,0,-1,0,55,-11,0
25.359380,0,0,95,58,92,98,763,1557,-1,0,-1,0,55,-11,0
25.361760,0,0,95,58,92,98,763,1557,-1,0,-1,0,55,-11,0
25.366869,0,0,95,58,92,98,763,1557,-1,0,-1,0,55,-11,0
25.379239,0,0,95,58,92,98,763,1557,-1,0,-1,0,55,-11,0
25.388743,0,0,95,58,92,98,763,1557,-1,0,-1,0,55,-11,0
25.393732,0,0,95,58,92,98,763,1557,-1,0,-1,0,55,-11,0
25.398751,0,0,95,58,92,98,763,1557,-1,0,-1,0,55,-11,0
25.410403,0,0,95,58,92,98,763,1557,-1,0,-1,0,55,-11,0
25.420798,0,1,95,58,92,98,763,1557,-1,0,-1,0,54,-11,0
25.425459,0,0,95,58,92,98,763,1557,-1,0,-1,0,54,-11,0
25.429978,0,0,95,58,92,98,763,1557,-1,0,-1,0,54,-11,0
25.440558,0,0,95,58,92,98,763,1557,-1,0,-1,0,54,-11,0
25.444796,0,1,95,58,92,98,763,1557,-1,0,-1,0,55,-11,0
25.452421,0,0,95,58,92,98,763,1557,-1,0,-1,0,55,-11,0
25.456659,0,0,95,58,92,98,763,1557,-1,0,-1,0,55,-11,0
25.460789,0,0,95,58,92,98,763,1557,-1,0,-1,0,55,-11,0
25.471752,0,0,95,58,92,98,763,1557,-1,0,-1,0,55,-11,0
25.475895,0,0,95,58,92,98,763,1557,-1,0,-1,0,55,-11,0
25.483336,0,0,95,58,92,98,763,1557,-1,0,-1,0,55,-11,0
25.491213,0,0,95,58,92,98,763,1557,-1,0,-1,0,55,-11,0
25.503177,0,1,95,58,92,98,763,1557,-1,0,0,0,55,-11,0
25.512660,0,0,95,58,92,98,763,1557,-1,0,0,0,55,-11,0
25.517231,0,0,95,58,92,98,763,1557,-1,0,0,0,55,-11,0
25.521805,0,0,95,58,92,98,763,1557,-1,0,0,0,55,-11,0
25.533825,0,1,95,58,92,98,763,1557,-1,0,-1,0,55,-11,0
25.543677,0,0,95,58,92,98,763,1557,-1,0,-1,0,55,-11,0
25.547840,0,0,95,58,92,98,763,1557,-1,0,-1,0,55,-11,0
25.552420,0,0,95,58,92,98,763,1557,-1,0,-1,0,55,-11,0
25.565213,0,0,95,58,92,98,763,1557,-1,0,-1,0,55,-11,0
25.574692,1,0,95,58,92,98,767,1557,-1,0,-1,0,55,-11,0
25.578901,0,0,95,58,92,98,767,1557,-1,0,-1,0,55,-11,0
25.583491,0,0,95,58,92,98,767,1557,-1,0,-1,0,55,-11,0
25.595895,0,0,95,58,92,98,767,1557,-1,0,-1,0,55,-11,0
25.605607,0,0,95,58,92,98,767,1557,-1,0,-1,0,55,-11,0
25.610102,0,0,95,58,92,98,767,1557,-1,0,-1,0,55,-11,0
25.615065,0,0,95,58,92,98,767,1557,-1,0,-1,0,55,-11,0
25.627269,0,0,95,58,92,98,767,1557,-1,0,-1,0,55,-11,0
25.637606,0,0,95,58,92,98,767,1557,-1,0,-1,0,55,-11,0
25.641894,0,0,95,58,92,98,767,1557,-1,0,-1,0,55,-11,0
25.646897,0,0,95,58,92,98,767,1557,-1,0,-1,0,55,-11,0
25.658398,0,0,95,58,92,98,767,1557,-1,0,-1,0,55,-11,0
25.668485,0,0,95,58,92,98,767,1557,-1,0,-1,0,55,-11,0
25.673535,0,0,95,58,92,98,767,1557,-1,0,-1,0,55,-11,0
25.687459,0,0,95,58,92,98,767,1557,-1,0,-1,0,55,-11,0
25.692841,0,0,95,58,92,98,767,1557,-1,0,-1,0,55,-11,0
25.700466,0,0,95,58,92,98,767,1557,-1,0,-1,0,55,-11,0
25.704982,0,0,95,58,92,98,767,1557,-1,0,-1,0,55,-11,0
25.718647,0,0,95,58,92,98,767,1557,-1,0,-1,0,55,-11,0
25.723918,0,0,95,58,92,98,767,1557,-1,0,-1,0,55,-11,0
25.731755,0,0,95,58,92,98,767,1557,-1,0,-1,0,55,-11,0
25.734694,0,0,95,58,92,98,767,1557,-1,0,-1,0,55,-11,0
25.738726,0,0,95,58,92,98,767,1557,-1,0,-1,0,55,-11,0
25.750761,0,0,95,58,92,98,767,1557,-1,0,-1,0,55,-11,0
25.754858,0,0,95,58,92,98,767,1557,-1,0,-1,0,55,-11,0
25.761862,0,0,95,58,92,98,767,1557,-1,0,-1,0,55,-11,0
25.765978,0,0,95,58,92,98,767,1557,-1,0,-1,0,55,-11,0
25.770137,0,1,95,58,92,98,767,1557,-1,0,-1,0,54,-11,0
25.781761,0,0,95,58,92,98,767,1557,-1,0,-1,0,54,-11,0
25.785921,0,0,95,58,92,98,767,1557,-1,0,-1,0,54,-11,0
25.793287,0,0,95,58,92,98,767,1557,-1,0,-1,0,54,-11,0
25.797821,0,0,95,58,92,98,767,1557,-1,0,-1,0,54,-11,0
25.811221,0,1,95,58,92,98,767,1557,-1,0,-1,0,55,-11,0
25.815870,0,0,95,58,92,98,767,1557,-1,0,-1,0,55,-11,0
25.824244,0,0,95,58,92,98,767,1557,-1,0,-1,0,55,-11,0
25.828475,0,0,95,58,92,98,767,1557,-1,0,-1,0,55,-11,0
25.832615,0,0,95,58,92,98,767,1557,-1,0,-1,0,55,-11,0
25.844396,0,0,95,58,92,98,767,1557,-1,0,-1,0,55,-11,0
25.854296,0,0,95,58,92,98,767,1557,-1,0,-1,0,55,-11,0
25.861750,0,0,95,58,92,98,767,1557,-1,0,-1,-1,55,-11,0
25.875231,0,0,95,58,92,98,767,1557,-1,0,-1,-1,55,-11,0
25.884674,0,0,95,58,92,98,767,1557,-1,0,-1,-1,55,-11,0
25.889190,0,0,95,58,92,98,767,1557,-1,0,-1,-1,55,-11,0
25.893819,0,0,95,58,92,98,767,1557,-1,0,-1,-1,55,-11,0
25.905795,0,0,95,58,92,98,767,1557,-1,0,-1,-1,55,-11,0
25.915698,0,0,95,58,92,98,767,1557,-1,0,-1,-1,55,-11,0
25.919924,0,1,95,58,92,98,767,1557,-1,0,-1,0,55,-11,0
25.924078,0,0,95,58,92,98,767,1557,-1,0,-1,0,55,-11,0
25.937171,0,0,95,58,92,98,767,1557,-1,0,-1,0,55,-11,0
25.946480,0,0,95,58,92,98,767,1557,-1,0,-1,0,55,-11,0
25.950640,0,0,95,58,92,98,767,1557,-1,0,-1,0,55,-11,0
25.954759,0,0,95,58,92,98,767,1557,-1,0,-1,0,55,-11,0
25.967451,0,0,95,58,92,98,767,1557,-1,0,-1,0,55,-11,0
25.971667,0,0,95,58,92,98,767,1557,-1,0,-1,0,55,-11,0
25.978620,0,0,95,58,92,98,767,1557,-1,0,-1,0,55,-11,0
25.982799,0,0,95,58,92,98,767,1557,-1,0,-1,0,55,-11,0
25.986923,0,0,95,58,92,98,767,1557,-1,0,-1,0,55,-11,0
25.998772,0,0,95,58,92,98,767,1557,-1,0,-1,0,55,-11,0
26.008660,0,0,95,58,92,98,767,1557,-1,0,-1,0,55,-11,0
26.012951,0,0,95,58,92,98,767,1557,-1,0,-1,0,55,-11,0
26.014829,0,0,95,58,92,98,767,1557,-1,0,-1,0,55,-11,0
26.028742,0,0,95,58,92,98,767,1557,-1,0,-1,0,55,-11,0
26.034266,0,0,95,58,92,98,767,1557,-1,0,-1,0,55,-11,0
26.041949,0,0,95,58,92,98,767,1557,-1,0,-1,0,55,-11,0
26.046950,0,0,95,58,92,98,767,1557,-1,0,-1,0,55,-11,0
26.060311,0,0,95,58,92,98,767,1557,-1,0,-1,0,55,-11,0
26.070400,0,0,95,58,92,98,767,1557,-1,0,-1,0,55,-11,0
26.075443,0,0,95,58,92,98,767,1557,-1,0,-1,0,55,-11,0
26.080096,0,0,95,58,92,98,767,1557,-1,0,-1,0,55,-11,0
26.092272,0,0,95,58,92,98,767,1557,-1,0,-1,0,55,-11,0
26.102705,0,0,95,58,92,98,767,1557,-1,0,-1,0,55,-11,0
26.107550,0,0,95,58,92,98,767,1557,-1,0,-1,0,55,-11,0
26.112176,0,0,95,58,92,98,767,1557,-1,0,-1,0,55,-11,0
26.123137,0,0,95,58,92,98,767,1557,-1,0,-1,0,55,-11,0
26.132592,0,0,95,58,92,98,767,1557,-1,0,-1,0,55,-11,0
26.140411,0,0,95,58,92,98,767,1557,-1,0,-1,0,55,-11,0
26.153894,0,0,95,58,92,98,767,1557,-1,0,-1,0,55,-11,0
26.163377,0,0,95,58,92,98,767,1557,-1,0,-1,0,55,-11,0
26.167589,0,0,95,58,92,98,767,1557,-1,0,-1,0,55,-11,0
26.171814,0,0,95,58,92,98,767,1557,-1,0,-1,0,55,-11,0
26.184840,0,0,95,58,92,98,767,1557,-1,0,-1,0,55,-11,0
26.194701,0,0,95,58,92,98,767,1557,-1,0,-1,0,55,-11,0
26.199559,0,0,95,58,92,98,767,1557,-1,0,-1,0,55,-11,0
26.204177,0,0,95,58,92,98,767,1557,-1,0,-1,0,55,-11,0
26.216326,0,0,95,58,92,98,767,1557,-1,0,-1,0,55,-11,0
26.225927,0,0,95,58,92,98,767,1557,-1,0,-1,0,55,-11,0
26.230092,0,0,95,58,92,98,767,1557,-1,0,-1,0,55,-11,0
26.234227,0,0,95,58,92,98,767,1557,-1,0,-1,0,55,-11,0
26.246779,0,0,95,58,92,98,767,1557,-1,0,-1,0,55,-11,0
26.256462,0,0,95,58,92,98,767,1557,-1,0,-1,0,55,-11,0
26.261425,0,0,95,58,92,98,767,1557,-1,0,-1,0,55,-11,0
26.266104,0,0,95,58,92,98,767,1557,-1,0,-1,0,55,-11,0
26.278224,0,0,95,58,92,98,767,1557,-1,0,-1,0,55,-11,0
26.287946,0,0,95,58,92,98,767,1557,-1,0,-1,0,55,-11,0
26.292177,0,0,95,58,92,98,767,1557,-1,0,-1,0,55,-11,0
26.294854,0,0,95,58,92,98,767,1557,-1,0,-1,0,55,-11,0
26.308342,0,0,95,58,92,98,767,1557,-1,0,-1,0,55,-11,0
26.318495,0,0,95,58,92,98,767,1557,-1,0,-1,0,55,-11,0
26.323073,0,0,95,58,92,98,767,1557,-1,0,-1,0,55,-11,0
26.327305,0,0,95,58,92,98,767,1557,-1,0,-1,0,55,-11,0
26.339495,0,0,95,58,92,98,767,1557,-1,0,-1,0,55,-11,0
26.343775,0,0,95,58,92,98,767,1557,-1,0,-1,0,55,-11,0
26.350797,0,1,95,58,92,98,767,1557,0,0,-1,0,55,-11,0
26.354873,0,1,95,58,92,98,767,1557,0,0,0,0,55,-11,0
26.359212,0,0,95,58,92,98,767,1557,0,0,0,0,55,-11,0
26.371042,0,0,95,58,92,98,767,1557,0,0,0,0,55,-11,0
26.380590,0,0,95,58,92,98,767,1557,0,0,0,0,55,-11,0
26.385160,0,0,95,58,92,98,767,1557,0,0,0,0,55,-11,0
26.389338,0,0,95,58,92,98,767,1557,0,0,0,0,55,-11,0
26.402267,0,0,95,58,92,98,767,1557,0,0,0,0,55,-11,0
26.412318,0,1,95,58,92,98,767,1557,-1,0,0,0,55,-11,0
26.420358,0,0,95,58,92,98,767,1557,-1,0,-1,0,55,-11,0
26.432422,0,0,95,58,92,98,767,1557,-1,0,-1,0,55,-11,0
26.436587,0,0,95,58,92,98,767,1557,-1,0,-1,0,55,-11,0
26.443648,0,0,95,58,92,98,767,1557,-1,0,-1,0,55,-11,0
26.447794,0,0,95,58,92,98,767,1557,-1,0,-1,0,55,-11,0
26.452405,0,0,95,58,92,98,767,1557,-1,0,-1,0,55,-11,0
26.463843,0,0,95,58,92,98,767,1557,-1,0,-1,0,55,-11,0
26.473964,0,0,95,58,92,98,767,1557,-1,0,-1,0,55,-11,0
26.478221,0,0,95,58,92,98,767,1557,-1,0,-1,0,55,-11,26
26.482423,1,1,95,58,92,98,768,1557,-1,0,-1,0,58,-11,26
26.495328,0,0,95,58,92,98,768,1557,-1,0,-1,0,58,-11,26
26.505470,0,0,95,58,92,98,768,1557,-1,0,-1,0,58,-11,26
26.510568,1,1,95,58,92,98,769,1557,-1,0,-1,0,56,-11,0
26.524478,0,0,95,58,92,98,769,1557,-1,0,-1,0,56,-11,0
26.530037,0,0,95,58,92,98,769,1557,-1,0,-1,0,56,-11,0
26.537914,0,0,95,58,92,98,769,1557,-1,0,-1,0,56,-11,0
26.542950,0,0,95,58,92,98,769,1557,-1,0,-1,0,56,-11,0
26.556590,0,0,95,58,92,98,769,1557,-1,0,-1,0,56,-11,0
26.566754,0,0,95,58,92,98,769,1557,-1,0,-1,0,56,-11,0
26.571039,0,0,95,58,92,98,769,1557,-1,0,-1,0,56,-11,0
26.575253,0,0,95,58,92,98,769,1557,-1,0,-1,0,56,-11,0
26.587405,0,0,95,58,92,98,769,1557,-1,0,-1,0,56,-11,0
26.591567,0,0,95,58,92,98,769,1557,-1,0,-1,0,56,-11,0
26.598635,0,0,95,58,92,98,769,1557,-1,0,-1,0,56,-11,0
26.602799,0,0,95,58,92,98,769,1557,-1,0,-1,0,56,-11,0
26.617628,0,0,95,58,92,98,769,1557,-1,0,-1,0,56,-11,0
26.622998,0,0,95,58,92,98,769,1557,-1,0,-1,0,56,-11,0
26.630489,0,0,95,58,92,98,769,1557,-1,0,-1,0,56,-11,0
26.635509,0,0,95,58,92,98,769,1557,-1,0,-1,0,56,-11,0
26.649286,0,0,95,58,92,98,769,1557,-1,0,-1,0,56,-11,0
26.659908,0,0,95,58,92,98,769,1557,-1,0,-1,0,56,-11,0
26.664584,0,0,95,58,92,98,769,1557,-1,0,-1,0,56,-11,0
26.667134,0,0,95,58,92,98,769,1557,-1,0,-1,0,56,-11,0
26.680566,0,0,95,58,92,98,769,1557,-1,0,-1,0,56,-11,0
26.690448,0,0,95,58,92,98,769,1557,-1,0,-1,0,56,-11,0
26.695405,0,1,95,58,92,98,769,1557,-1,0,-1,0,55,-11,0
26.699579,0,0,95,58,92,98,769,1557,-1,0,-1,0,55,-11,0
26.712234,0,0,95,58,92,98,769,1557,-1,0,-1,0,55,-11,0
26.721615,0,0,95,58,92,98,769,1557,-1,0,-1,0,55,-11,0
26.725860,0,0,95,58,92,98,769,1557,-1,0,-1,0,55,-11,0
26.729987,0,0,95,58,92,98,769,1557,-1,0,-1,0,55,-11,0
26.742839,0,0,95,58,92,98,769,1557,-1,0,-1,0,55,-11,0
26.752639,0,1,95,58,92,98,769,1557,-1,0,-1,0,56,-11,0
26.756821,0,0,95,58,92,98,769,1557,-1,0,-1,0,56,-11,0
26.761347,0,0,95,58,92,98,769,1557,-1,0,-1,0,56,-11,0
26.773511,0,0,95,58,92,98,769,1557,-1,0,-1,0,56,-11,0
26.783395,0,1,95,58,92,98,769,1557,-1,0,-1,0,55,-11,0
26.790485,0,0,95,58,92,98,769,1557,-1,0,-1,0,55,-11,0
26.804227,0,0,95,58,92,98,769,1557,-1,0,-1,0,55,-11,0
26.808484,0,0,95,58,92,98,769,1557,-1,0,-1,0,55,-11,0
26.816186,0,0,95,58,92,98,769,1557,-1,0,-1,0,55,-11,0
26.820429,0,0,95,58,92,98,769,1557,-1,0,-1,0,55,-11,0
26.824638,0,0,95,58,92,98,769,1557,-1,0,-1,0,55,-11,0
26.836207,0,0,95,58,92,98,769,1557,-1,0,-1,0,55,-11,65
26.845748,1,1,95,58,92,98,771,1557,-1,0,-1,0,59,-11,65
26.849962,0,0,95,58,92,98,771,1557,-1,0,-1,0,59,-11,65
26.854205,0,0,95,58,92,98,771,1557,-1,0,-1,0,59,-11,65
26.867258,0,1,95,58,92,98,771,1557,-1,0,-1,0,56,-11,0
26.876697,1,0,95,58,92,98,772,1557,-1,0,-1,0,56,-11,0
26.880890,0,0,95,58,92,98,772,1557,-1,0,-1,0,56,-11,0
26.885114,0,0,95,58,92,98,772,1557,-1,0,-1,0,56,-11,0
26.898320,0,0,95,58,92,98,772,1557,-1,0,-1,0,56,-11,0
26.907995,0,0,95,58,92,98,772,1557,-1,0,-1,0,56,-11,0
26.912258,0,0,95,58,92,98,772,1557,-1,0,-1,0,56,-11,0
26.916457,0,0,95,58,92,98,772,1557,-1,0,-1,0,56,-11,0
26.928993,0,0,95,58,92,98,772,1557,-1,0,-1,0,56,-11,0
26.938788,0,0,95,58,92,98,772,1557,-1,0,-1,0,56,-11,0
26.943314,0,0,95,58,92,98,772,1557,-1,0,-1,0,56,-11,0
26.948302,0,0,95,58,92,98,772,1557,-1,0,-1,0,56,-11,0
26.960337,0,1,95,58,92,98,772,1557,-1,0,-1,0,55,-11,0
26.970307,0,0,95,58,92,98,772,1557,-1,0,-1,0,55,-11,0
26.974382,0,0,95,58,92,98,772,1557,-1,0,-1,0,55,-11,0
26.978298,0,0,95,58,92,98,772,1557,-1,0,-1,0,55,-11,0
26.991140,0,0,95,58,92,98,772,1557,-1,0,-1,0,55,-11,0
27.000509,0,0,95,58,92,98,772,1557,-1,0,-1,0,55,-11,0
27.002804,0,0,95,58,92,98,772,1557,-1,0,-1,0,55,-11,0
27.006982,0,0,95,58,92,98,772,1557,-1,0,-1,0,55,-11,0
27.020515,0,0,95,58,92,98,772,1557,-1,0,-1,0,55,-11,0
27.025106,0,0,95,58,92,98,772,1557,-1,0,-1,0,55,-11,0
27.033281,0,0,95,58,92,98,772,1557,-1,0,-1,0,55,-11,0
27.037781,0,1,95,58,92,98,772,1557,-1,0,0,0,55,-11,0
27.041844,0,0,95,58,92,98,772,1557,-1,0,0,0,55,-11,0
27.052759,0,0,95,58,92,98,772,1557,-1,0,0,0,55,-11,0
27.056918,0,0,95,58,92,98,772,1557,-1,0,0,0,55,-11,0
27.064810,0,0,95,58,92,98,772,1557,-1,0,0,0,55,-11,0
27.069478,0,0,95,58,92,98,772,1557,-1,0,0,0,55,-11,0
27.083316,0,0,95,58,92,98,772,1557,-1,0,0,0,55,-11,0
27.093332,0,0,95,58,92,98,772,1557,-1,0,0,0,55,-11,0
27.098283,0,0,95,58,92,98,772,1557,-1,0,0,0,55,-11,0
27.102532,0,1,95,58,92,98,772,1557,-1,0,-1,0,55,-11,0
27.114495,0,0,95,58,92,98,772,1557,-1,0,-1,0,55,-11,0
27.124679,0,0,95,58,92,98,772,1557,-1,0,-1,0,55,-11,0
27.132842,0,0,95,58,92,98,772,1557,-1,0,-1,0,55,-11,0
27.145893,0,0,95,58,92,98,772,1557,-1,0,-1,0,55,-11,0
27.155688,0,0,95,58,92,98,772,1557,-1,0,-1,0,55,-11,0
27.160214,0,1,95,58,92,98,772,1557,-1,0,0,0,55,-11,0
27.164832,0,0,95,58,92,98,772,1557,-1,0,0,0,55,-11,0
27.176599,0,0,95,58,92,98,772,1557,-1,0,0,0,55,-11,0
27.180816,0,0,95,58,92,98,772,1557,-1,0,0,0,55,-11,0
27.188937,0,0,95,58,92,98,772,1557,-1,0,0,0,55,-11,0
27.194001,0,1,95,58,92,98,772,1557,-1,0,0,0,54,-11,0
27.207194,0,0,95,58,92,98,772,1557,-1,0,0,0,54,-11,0
27.212233,0,1,95,58,92,98,772,1557,0,0,0,0,54,-11,0
27.220147,0,1,95,58,92,98,772,1557,0,0,-1,0,54,-11,0
27.225125,0,1,95,58,92,98,772,1557,0,0,-1,0,55,-11,0
27.238520,0,0,95,58,92,98,772,1557,0,0,-1,0,55,-11,0
27.242783,0,1,95,58,92,98,772,1557,-1,0,-1,0,55,-11,0
27.250183,0,0,95,58,92,98,772,1557,-1,0,-1,0,55,-11,0
27.255196,0,0,95,58,92,98,772,1557,-1,0,-1,0,55,-11,0
27.268549,0,0,95,58,92,98,772,1557,-1,0,-1,0,55,-11,0
27.272851,0,0,95,58,92,98,772,1557,-1,0,-1,0,55,-11,0
27.280970,0,0,95,58,92,98,772,1557,-1,0,-1,0,55,-11,0
27.285613,0,1,95,58,92,98,772,1557,-1,0,-1,0,54,-11,0
27.288158,0,0,95,58,92,98,772,1557,-1,0,-1,0,54,-11,0
27.301178,0,0,95,58,92,98,772,1557,-1,0,-1,0,54,-11,0
27.310947,0,0,95,58,92,98,772,1557,-1,0,-1,0,54,-11,0
27.315916,0,1,95,58,92,98,772,1557,-1,0,-1,0,55,-11,0
27.320950,0,0,95,58,92,98,772,1557,-1,0,-1,0,55,-11,0
27.332236,0,0,95,58,92,98,772,1557,-1,0,-1,0,55,-11,0
27.341603,0,0,95,58,92,98,772,1557,-1,0,-1,0,55,-11,0
27.346594,0,0,95,58,92,98,772,1557,-1,0,-1,0,55,-11,0
27.351687,0,0,95,58,92,98,772,1557,-1,0,-1,0,55,-11,0
27.362505,0,0,95,58,92,98,772,1557,-1,0,-1,0,55,-11,0
27.366696,0,0,95,58,92,98,772,1557,-1,0,-1,0,55,-11,0
27.373753,0,0,95,58,92,98,772,1557,-1,0,-1,0,55,-11,0
27.378305,0,0,95,58,92,98,772,1557,-1,0,-1,0,55,-11,0
27.392238,0,0,95,58,92,98,772,1557,-1,0,-1,0,55,-11,0
27.396488,0,0,95,58,92,98,772,1557,-1,0,-1,0,55,-11,0
27.405552,0,0,95,58,92,98,772,1557,-1,0,-1,0,55,-11,0
27.412400,0,0,95,58,92,98,772,1557,-1,0,-1,0,55,-11,0
27.425293,0,0,95,58,92,98,772,1557,-1,0,-1,0,55,-11,0
27.435467,0,1,95,58,92,98,772,1557,-1,0,-1,-1,55,-11,0
27.440507,0,0,95,58,92,98,772,1557,-1,0,-1,-1,55,-11,0
27.454351,0,0,95,58,92,98,772,1557,-1,0,-1,-1,55,-11,0
27.459347,0,1,95,58,92,98,772,1557,-1,0,-1,0,55,-11,0
27.467323,1,1,95,58,92,98,773,1557,-1,0,-1,0,57,-11,70
27.472374,0,0,95,58,92,98,773,1557,-1,0,-1,0,57,-11,70
27.486303,0,0,95,58,92,98,773,1557,-1,0,-1,0,57,-11,70
27.490869,0,0,95,58,92,98,773,1557,-1,0,-1,0,57,-11,70
27.498975,1,1,95,58,92,98,775,1557,-1,0,-1,0,56,-11,0
27.503808,0,0,95,58,92,98,775,1557,-1,0,-1,0,56,-11,0
27.517268,0,0,95,58,92,98,775,1557,-1,0,-1,0,56,-11,0
27.522218,0,1,95,58,92,98,775,1557,-1,0,-1,0,55,-11,0
27.529680,0,0,95,58,92,98,775,1557,-1,0,-1,0,55,-11,0
27.533851,0,0,95,58,92,98,775,1557,-1,0,-1,0,55,-11,0
27.547263,0,0,95,58,92,98,775,1557,-1,0,-1,0,55,-11,0
27.551845,0,0,95,58,92,98,775,1557,-1,0,-1,0,55,-11,0
27.560529,0,0,95,58,92,98,775,1557,-1,0,-1,0,55,-11,0
27.565085,0,0,95,58,92,98,775,1557,-1,0,-1,0,55,-11,0
27.578301,0,0,95,58,92,98,775,1557,-1,0,-1,0,55,-11,0
27.583191,0,0,95,58,92,98,775,1557,-1,0,-1,0,55,-11,0
27.591563,0,0,95,58,92,98,775,1557,-1,0,-1,0,55,-11,0
27.596514,0,0,95,58,92,98,775,1557,-1,0,-1,0,55,-11,0
27.610233,0,0,95,58,92,98,775,1557,-1,0,-1,0,55,-11,0
27.614789,0,0,95,58,92,98,775,1557,-1,0,-1,0,55,-11,0
27.622195,0,0,95,58,92,98,775,1557,-1,0,-1,0,55,-11,0
27.626764,0,0,95,58,92,98,775,1557,-1,0,-1,0,55,-11,0
27.640404,0,1,95,58,92,98,775,1557,-1,0,0,0,55,-11,0
27.645023,0,1,95,58,92,98,775,1557,-1,0,0,0,56,-11,0
27.652539,0,0,95,58,92,98,775,1557,-1,0,0,0,56,-11,0
27.654405,0,0,95,58,92,98,775,1557,-1,0,0,0,56,-11,0
27.658843,0,0,95,58,92,98,775,1557,-1,0,0,0,56,-11,0
27.672112,0,0,95,58,92,98,775,1557,-1,0,0,0,56,-11,0
27.676268,0,0,95,58,92,98,775,1557,-1,0,0,0,56,-11,0
27.684236,0,0,95,58,92,98,775,1557,-1,0,0,0,56,-11,0
27.688406,0,0,95,58,92,98,775,1557,-1,0,0,0,56,-11,0
27.692637,0,1,95,58,92,98,775,1557,-1,0,-1,0,56,-11,0
27.703430,0,1,95,58,92,98,775,1557,-1,0,-1,0,55,-11,0
27.707634,0,0,95,58,92,98,775,1557,-1,0,-1,0,55,-11,0
27.715300,0,0,95,58,92,98,775,1557,-1,0,-1,0,55,-11,0
27.719813,0,0,95,58,92,98,775,1557,-1,0,-1,0,55,-11,0
27.733378,0,0,95,58,92,98,775,1557,-1,0,-1,0,55,-11,0
27.738495,0,0,95,58,92,98,775,1557,-1,0,-1,0,55,-11,0
27.746733,0,0,95,58,92,98,775,1557,-1,0,-1,0,55,-11,0
27.751996,0,0,95,58,92,98,775,1557,-1,0,-1,0,55,-11,0
27.765885,0,0,95,58,92,98,775,1557,-1,0,-1,0,55,-11,0
27.776167,0,0,95,58,92,98,775,1557,-1,0,-1,0,55,-11,0
27.795594,0,0,95,58,92,98,775,1557,0,0,-1,0,55,-11,0
27.806594,0,0,95,58,92,98,775,1557,0,0,-1,0,55,-11,0
27.811941,0,1,95,58,92,98,775,1557,0,0,0,0,55,-11,0
27.817206,0,0,95,58,92,98,775,1557,0,0,0,0,55,-11,0
27.829216,0,0,95,58,92,98,775,1557,0,0,0,0,55,-11,0
27.840032,0,1,95,58,92,98,775,1557,-1,0,0,0,55,-11,0
27.845065,0,1,95,58,92,98,775,1557,-1,0,-1,0,55,-11,0
27.858446,0,0,95,58,92,98,775,1557,-1,0,-1,0,55,-11,0
27.868640,0,0,95,58,92,98,775,1557,-1,0,-1,0,55,-11,0
27.872838,0,0,95,58,92,98,775,1557,-1,0,-1,0,55,-11,0
27.877383,0,0,95,58,92,98,775,1557,-1,0,-1,0,55,-11,0
27.890196,0,0,95,58,92,98,775,1557,-1,0,-1,0,55,-11,0
27.899497,0,0,95,58,92,98,775,1557,-1,0,-1,0,55,-11,0
27.904055,0,0,95,58,92,98,775,1557,-1,0,-1,0,55,-11,0
27.908227,0,0,95,58,92,98,775,1557,-1,0,-1,0,55,-11,0
27.920438,0,0,95,58,92,98,775,1557,-1,0,-1,0,55,-11,0
27.924621,0,0,95,58,92,98,775,1557,-1,0,-1,0,55,-11,0
27.931711,0,0,95,58,92,98,775,1557,-1,0,-1,0,55,-11,0
27.935893,0,0,95,58,92,98,775,1557,-1,0,-1,0,55,-11,0
27.940083,0,0,95,58,92,98,775,1557,-1,0,-1,0,55,-11,0
27.952231,0,0,95,58,92,98,775,1557,-1,0,-1,0,55,-11,0
27.954435,0,0,95,58,92,98,775,1557,-1,0,-1,0,55,-11,0
27.962771,0,0,95,58,92,98,775,1557,-1,0,-1,0,55,-11,0
27.967281,0,0,95,58,92,98,775,1557,-1,0,-1,0,55,-11,0
27.972169,0,0,95,58,92,98,775,1557,-1,0,-1,0,55,-11,0
27.983161,0,0,95,58,92,98,775,1557,-1,0,-1,0,55,-11,0
27.992563,0,0,95,58,92,98,775,1557,-1,0,-1,0,55,-11,0
27.996762,0,0,95,58,92,98,775,1557,-1,0,-1,0,55,-11,0
28.000871,0,0,95,58,92,98,775,1557,-1,0,-1,0,55,-11,0
28.013868,0,0,95,58,92,98,775,1557,-1,0,-1,0,55,-11,0
28.023360,0,0,95,58,92,98,775,1557,-1,0,-1,0,55,-11,0
28.027864,0,0,95,58,92,98,775,1557,-1,0,-1,0,55,-11,0
28.032039,0,0,95,58,92,98,775,1557,-1,0,-1,0,55,-11,0
28.044786,0,0,95,58,92,98,775,1557,-1,0,-1,0,55,-11,0
28.054715,0,0,95,58,92,98,775,1557,-1,0,-1,0,55,-11,0
28.059287,0,0,95,58,92,98,775,1557,-1,0,-1,0,55,-11,0
28.063870,0,0,95,58,92,98,775,1557,-1,0,-1,0,55,-11,0
28.075519,0,0,95,58,92,98,775,1557,-1,0,-1,0,55,-11,0
28.087413,0,0,95,58,92,98,775,1557,-1,0,-1,0,55,-11,0
28.091581,0,0,95,58,92,98,775,1557,-1,0,-1,0,55,-11,0
28.095772,0,0,95,58,92,98,775,1557,-1,0,-1,0,55,-11,0
28.106990,0,0,95,58,92,98,775,1557,-1,0,-1,0,55,-11,0
28.116344,0,0,95,58,92,98,775,1557,-1,0,-1,0,55,-11,0
28.120525,0,0,95,58,92,98,775,1557,-1,0,-1,0,55,-11,0
28.124747,0,0,95,58,92,98,775,1557,-1,0,-1,0,55,-11,0
28.138289,0,0,95,58,92,98,775,1557,-1,0,-1,0,55,-11,0
28.147981,0,1,95,58,92,98,775,1557,-1,0,-1,0,58,-11,72
28.152503,0,0,95,58,92,98,775,1557,-1,0,-1,0,58,-11,72
28.157503,0,0,95,58,92,98,775,1557,-1,0,-1,0,58,-11,72
28.169214,0,0,95,58,92,98,775,1557,-1,0,-1,0,58,-11,72
28.178703,1,1,95,58,92,98,776,1557,-1,0,-1,0,57,-11,66
28.183626,0,0,95,58,92,98,776,1557,-1,0,-1,0,57,-11,66
28.188754,0,0,95,58,92,98,776,1557,-1,0,-1,0,57,-11,66
28.199806,0,0,95,58,92,98,776,1557,-1,0,-1,0,57,-11,0
28.203891,1,1,95,58,92,98,777,1557,-1,0,-1,0,56,-11,0
28.211113,0,0,95,58,92,98,777,1557,-1,0,-1,0,56,-11,0
28.215748,0,0,95,58,92,98,777,1557,-1,0,-1,0,56,-11,0
28.229227,0,0,95,58,92,98,777,1557,-1,0,-1,0,56,-11,0
28.233789,0,0,95,58,92,98,777,1557,-1,0,-1,0,56,-11,0
28.242413,0,0,95,58,92,98,777,1557,-1,0,-1,0,56,-11,0
28.246530,0,0,95,58,92,98,777,1557,-1,0,-1,0,56,-11,0
28.250999,0,0,95,58,92,98,777,1557,-1,0,-1,0,56,-11,0
28.261599,0,0,95,58,92,98,777,1557,-1,0,-1,0,56,-11,0
28.265778,0,1,95,58,92,98,777,1557,-1,0,-1,0,55,-11,0
28.273153,0,0,95,58,92,98,777,1557,-1,0,-1,0,55,-11,0
28.277326,0,0,95,58,92,98,777,1557,-1,0,-1,0,55,-11,0
28.281509,0,0,95,58,92,98,777,1557,-1,0,-1,0,55,-11,0
28.292785,0,0,95,58,92,98,777,1557,-1,0,-1,0,55,-11,0
28.302413,0,0,95,58,92,98,777,1557,-1,0,-1,0,55,-11,0
28.306486,0,0,95,58,92,98,777,1557,-1,0,-1,0,55,-11,0
28.310600,0,1,95,58,92,98,777,1557,0,0,-1,0,55,-11,0
28.323715,0,1,95,58,92,98,777,1557,0,0,-1,0,56,-11,0
28.333711,0,0,95,58,92,98,777,1557,0,0,-1,0,56,-11,0
28.338710,0,0,95,58,92,98,777,1557,0,0,-1,0,56,-11,0
28.343321,0,0,95,58,92,98,777,1557,0,0,-1,0,56,-11,0
28.355273,0,1,95,58,92,98,777,1557,0,0,-1,0,55,-11,0
28.357464,0,0,95,58,92,98,777,1557,0,0,-1,0,55,-11,0
28.366030,0,0,95,58,92,98,777,1557,0,0,-1,0,55,-11,0
28.370276,0,1,95,58,92,98,777,1557,-1,0,-1,0,55,-11,0
28.374443,0,0,95,58,92,98,777,1557,-1,0,-1,0,55,-11,0
28.385802,0,0,95,58,92,98,777,1557,-1,0,-1,0,55,-11,0
28.395452,0,0,95,58,92,98,777,1557,-1,0,-1,0,55,-11,0
28.400171,0,0,95,58,92,98,777,1557,-1,0,-1,0,55,-11,0
28.405776,0,0,95,58,92,98,777,1557,-1,0,-1,0,55,-11,0
28.417351,0,1,95,58,92,98,777,1557,-1,0,-1,0,56,-10,0
28.427629,0,0,95,58,92,98,777,1557,-1,0,-1,0,56,-10,0
28.432853,0,0,95,58,92,98,777,1557,-1,0,-1,0,56,-10,0
28.446249,0,1,95,58,92,98,777,1557,-1,0,-1,0,55,-10,0
28.450471,0,0,95,58,92,98,777,1557,-1,0,-1,0,55,-10,0
28.458584,0,0,95,58,92,98,777,1557,-1,0,-1,0,55,-10,0
28.463191,0,0,95,58,92,98,777,1557,-1,0,-1,0,55,-10,0
28.467465,0,0,95,58,92,98,777,1557,-1,0,-1,0,55,-10,0
28.478527,0,1,95,58,92,98,777,1557,-1,0,-1,0,55,-11,0
28.491253,0,0,95,58,92,98,777,1557,-1,0,-1,0,55,-11,0
28.495461,0,1,95,58,92,98,777,1557,-1,0,0,0,55,-11,0
28.508968,0,0,95,58,92,98,777,1557,-1,0,0,0,55,-11,0
28.513155,0,0,95,58,92,98,777,1557,-1,0,0,0,55,-11,0
28.521179,0,0,95,58,92,98,777,1557,-1,0,0,0,55,-11,0
28.525527,0,1,95,58,92,98,777,1557,-1,0,-1,0,55,-11,0
28.539296,1,1,95,58,92,98,778,1557,-1,0,-1,0,59,-12,73
28.544346,0,0,95,58,92,98,778,1557,-1,0,-1,0,59,-12,73
28.552403,0,0,95,58,92,98,778,1557,-1,0,-1,0,59,-12,73
28.557350,0,1,95,58,92,98,778,1557,-1,0,-1,0,58,-12,0
28.571260,1,1,95,58,92,98,780,1557,-1,0,-1,0,58,-11,0
28.575848,0,0,95,58,92,98,780,1557,-1,0,-1,0,58,-11,0
28.582577,0,0,95,58,92,98,780,1557,-1,0,-1,0,58,-11,0
28.586746,0,1,95,58,92,98,780,1557,-1,0,-1,0,57,-11,0
28.590877,0,0,95,58,92,98,780,1557,-1,0,-1,0,57,-11,0
28.602478,0,0,95,58,92,98,780,1557,-1,0,-1,0,57,-11,0
28.606591,0,1,95,58,92,98,780,1557,0,0,-1,0,57,-11,0
28.613873,0,1,95,58,92,98,780,1557,0,0,0,0,57,-11,0
28.617924,0,0,95,58,92,98,780,1557,0,0,0,0,57,-11,0
28.622044,0,0,95,58,92,98,780,1557,0,0,0,0,57,-11,0
28.633421,0,0,95,58,92,98,780,1557,0,0,0,0,57,-11,0
28.637550,0,0,95,58,92,98,780,1557,0,0,0,0,57,-11,0
28.644472,0,1,95,58,92,98,780,1557,0,0,-1,0,57,-11,0
28.648600,0,0,95,58,92,98,780,1557,0,0,-1,0,57,-11,0
28.652786,0,0,95,58,92,98,780,1557,0,0,-1,0,57,-11,0
28.664768,0,0,95,58,92,98,780,1557,0,0,-1,0,57,-11,0
28.668887,0,0,95,58,92,98,780,1557,0,0,-1,0,57,-11,0
28.675861,0,0,95,58,92,98,780,1557,0,0,-1,0,57,-11,0
28.679974,0,0,95,58,92,98,780,1557,0,0,-1,0,57,-11,0
28.684112,0,0,95,58,92,98,780,1557,0,0,-1,0,57,-11,0
28.695401,0,0,95,58,92,98,780,1557,0,0,-1,0,57,-11,0
28.699526,0,0,95,58,92,98,780,1557,0,0,-1,0,57,-11,0
28.707435,0,0,95,58,92,98,780,1557,0,0,-1,0,57,-11,0
28.712003,0,0,95,58,92,98,780,1557,0,0,-1,0,57,-11,0
28.725289,0,0,95,58,92,98,780,1557,0,0,-1,0,57,-11,0
28.728189,0,1,95,58,92,98,780,1557,-1,0,-1,0,57,-11,0
28.738396,0,0,95,58,92,98,780,1557,-1,0,-1,0,57,-11,0
28.742706,0,0,95,58,92,98,780,1557,-1,0,-1,0,57,-11,0
28.746881,0,0,95,58,92,98,780,1557,-1,0,-1,0,57,-11,0
28.757820,0,0,95,58,92,98,780,1557,-1,0,-1,0,57,-11,0
28.767469,0,0,95,58,92,98,780,1557,-1,0,-1,0,57,-11,0
28.772514,0,0,95,58,92,98,780,1557,-1,0,-1,0,57,-11,0
28.777563,0,0,95,58,92,98,780,1557,-1,0,-1,0,57,-11,0
28.788963,0,0,95,58,92,98,780,1557,-1,0,-1,0,57,-11,0
28.798788,0,0,95,58,92,98,780,1557,-1,0,-1,0,57,-11,0
28.803830,0,1,95,58,92,98,780,1557,-1,0,-1,0,56,-11,0
28.808071,0,1,95,58,92,98,780,1557,0,0,-1,0,56,-11,0
28.819813,0,0,95,58,92,98,780,1557,0,0,-1,0,56,-11,0
28.829464,0,1,95,58,92,98,780,1557,0,0,-1,0,57,-11,0
28.834502,0,0,95,58,92,98,780,1557,0,0,-1,0,57,-11,0
28.839549,0,0,95,58,92,98,780,1557,0,0,-1,0,57,-11,0
28.851331,0,0,95,58,92,98,780,1557,0,0,-1,0,57,-11,0
28.865353,0,0,95,58,92,98,780,1557,0,0,-1,0,57,-11,0
28.869541,0,0,95,58,92,98,780,1557,0,0,-1,0,57,-11,0
28.882330,0,0,95,58,92,98,780,1557,0,0,-1,0,57,-11,0
28.892714,0,0,95,58,92,98,780,1557,0,0,-1,0,57,-11,0
28.896908,0,0,95,58,92,98,780,1557,0,0,-1,0,57,-11,0
28.900986,0,0,95,58,92,98,780,1557,0,0,-1,0,57,-11,0
28.912417,0,0,95,58,92,98,780,1557,0,0,-1,0,57,-11,0
28.922471,0,1,95,58,92,98,780,1557,0,0,-1,0,56,-11,0
28.926982,0,0,95,58,92,98,780,1557,0,0,-1,0,56,-11,0
28.931552,0,0,95,58,92,98,780,1557,0,0,-1,0,56,-11,0
28.944819,0,1,95,58,92,98,780,1557,0,0,-1,0,57,-11,0
28.954929,0,0,95,58,92,98,780,1557,0,0,-1,0,57,-11,0
28.960062,0,0,95,58,92,98,780,1557,0,0,-1,0,57,-11,0
28.973498,0,0,95,58,92,98,780,1557,0,0,-1,0,57,-11,0
28.978161,0,1,95,58,92,98,780,1557,0,0,-1,0,56,-11,0
28.985985,0,0,95,58,92,98,780,1557,0,0,-1,0,56,-11,0
28.990136,0,0,95,58,92,98,780,1557,0,0,-1,0,56,-11,0
28.994307,0,0,95,58,92,98,780,1557,0,0,-1,0,56,-11,0
29.006693,0,1,95,58,92,98,780,1557,0,0,-1,0,57,-11,0
29.016780,0,0,95,58,92,98,780,1557,0,0,-1,0,57,-11,0
29.018993,0,0,95,58,92,98,780,1557,0,0,-1,0,57,-11,0
29.023572,0,0,95,58,92,98,780,1557,0,0,-1,0,57,-11,0
29.037292,0,0,95,58,92,98,780,1557,0,0,-1,0,57,-11,0
29.046713,0,0,95,58,92,98,780,1557,0,0,-1,0,57,-11,0
29.050847,0,0,95,58,92,98,780,1557,0,0,-1,0,57,-11,0
29.055025,0,0,95,58,92,98,780,1557,0,0,-1,0,57,-11,0
29.067517,0,0,95,58,92,98,780,1557,0,0,-1,0,57,-11,0
29.077808,0,0,95,58,92,98,780,1557,0,0,-1,0,57,-11,0
29.082095,0,0,95,58,92,98,780,1557,0,0,-1,0,57,-11,0
29.086750,0,0,95,58,92,98,780,1557,0,0,-1,0,57,-11,0
29.099328,0,0,95,58,92,98,780,1557,0,0,-1,0,57,-11,0
29.109173,0,0,95,58,92,98,780,1557,0,0,-1,0,57,-11,0
29.114195,0,0,95,58,92,98,780,1557,0,0,-1,0,57,-11,0
29.119277,0,0,95,58,92,98,780,1557,0,0,-1,0,57,-11,0
29.130284,0,1,95,58,92,98,780,1557,0,0,-1,0,56,-11,0
29.140364,0,0,95,58,92,98,780,1557,0,0,-1,0,56,-11,0
29.147851,0,0,95,58,92,98,780,1557,-1,0,-1,0,56,-11,0
29.160771,0,1,95,58,92,98,780,1557,-1,0,-1,0,57,-11,0
29.170823,0,0,95,58,92,98,780,1557,-1,0,-1,0,57,-11,0
29.175029,0,1,95,58,92,98,780,1557,0,0,-1,0,57,-11,0
29.179220,0,0,95,58,92,98,780,1557,0,0,-1,0,57,-11,0
29.192257,0,1,95,58,92,98,780,1557,0,0,-1,0,61,-12,71
29.202522,0,0,95,58,92,98,780,1557,0,0,-1,0,61,-12,71
29.207567,0,1,95,58,92,98,780,1557,-1,0,-1,0,61,-12,71
29.211832,1,1,95,58,92,98,781,1557,-1,0,-1,0,66,-12,-3
29.223102,0,1,95,58,92,98,781,1557,-1,0,-1,0,66,-13,-3
29.232420,0,0,95,58,92,98,781,1557,-1,0,-1,0,66,-13,-3
29.236996,0,1,95,58,92,98,781,1557,0,0,0,0,66,-13,-3
29.241203,0,1,95,58,92,98,781,1557,0,0,0,0,65,-13,0
29.254243,0,1,95,58,92,98,781,1557,0,0,0,0,65,-12,0
29.263893,0,0,95,58,92,98,781,1557,0,0,0,0,65,-12,0
29.268503,0,1,95,58,92,98,781,1557,0,0,-1,0,65,-12,0
29.273067,0,1,95,58,92,98,781,1557,0,0,-1,0,64,-12,0
29.285168,0,0,95,58,92,98,781,1557,0,0,-1,0,64,-12,0
29.294641,0,0,95,58,92,98,781,1557,0,0,-1,0,64,-12,0
29.299190,0,1,95,58,92,98,781,1557,-1,0,-1,0,64,-12,0
29.301465,0,1,95,58,92,98,781,1557,-1,0,-1,0,63,-12,0
29.315306,0,0,95,58,92,98,781,1557,-1,0,-1,0,63,-12,0
29.320173,0,0,95,58,92,98,781,1557,-1,0,-1,0,63,-12,0
29.327699,0,0,95,58,92,98,781,1557,-1,0,-1,0,63,-12,0
29.332581,0,0,95,58,92,98,781,1557,-1,0,-1,0,63,-12,0
29.346251,0,0,95,58,92,98,781,1557,-1,0,-1,0,63,-12,0
29.356709,0,1,95,58,92,98,781,1557,0,0,-1,0,63,-12,0
29.360990,0,1,95,58,92,98,781,1557,0,0,-1,0,62,-12,0
29.366080,0,1,95,58,92,98,781,1557,0,0,-1,0,62,-11,0
29.378169,0,0,95,58,92,98,781,1557,0,0,-1,0,62,-11,0
29.388345,0,0,95,58,92,98,781,1557,0,0,-1,0,62,-11,0
29.393278,0,1,95,58,92,98,781,1557,0,0,-1,0,62,-12,0
29.407266,0,0,95,58,92,98,781,1557,0,0,-1,0,62,-12,0
29.412158,0,1,95,58,92,98,781,1557,-1,0,-1,0,62,-12,0
29.420053,0,1,95,58,92,98,781,1557,-1,0,0,0,62,-12,0
29.438409,0,0,95,58,92,98,781,1557,-1,0,0,0,62,-12,0
29.443113,0,1,95,58,92,98,781,1557,0,0,0,0,62,-12,0
29.450848,0,0,95,58,92,98,781,1557,0,0,0,0,62,-12,0
29.455817,0,0,95,58,92,98,781,1557,0,0,0,0,62,-12,0
29.469253,0,0,95,58,92,98,781,1557,0,0,0,0,62,-12,0
29.473392,0,0,95,58,92,98,781,1557,0,0,0,0,62,-12,0
29.481703,0,1,95,58,92,98,781,1557,0,0,-1,0,62,-12,0
29.486614,0,0,95,58,92,98,781,1557,0,0,-1,0,62,-12,0
29.500192,0,0,95,58,92,98,781,1557,0,0,-1,0,62,-12,0
29.504421,0,0,95,58,92,98,781,1557,0,0,-1,0,62,-12,0
29.512930,1,1,95,58,92,98,783,1557,0,0,-1,0,67,-13,0
29.517106,0,0,95,58,92,98,783,1557,0,0,-1,0,67,-13,0
29.521239,0,0,95,58,92,98,783,1557,0,0,-1,0,67,-13,0
29.532451,0,0,95,58,92,98,783,1557,0,0,-1,0,67,-13,0
29.536544,0,0,95,58,92,98,783,1557,0,0,-1,0,67,-13,0
29.543885,1,1,95,58,92,98,784,1557,0,0,-1,0,64,-13,0
29.548191,0,0,95,58,92,98,784,1557,0,0,-1,0,64,-13,0
29.552742,0,0,95,58,92,98,784,1557,0,0,-1,0,64,-13,0
29.564063,0,0,95,58,92,98,784,1557,0,0,-1,0,64,-13,0
29.573636,0,1,95,58,92,98,784,1557,0,0,-1,0,63,-13,0
29.578582,0,0,95,58,92,98,784,1557,0,0,-1,0,63,-13,0
29.583628,0,0,95,58,92,98,784,1557,0,0,-1,0,63,-13,0
29.594836,0,1,95,58,92,98,784,1557,0,0,0,0,63,-13,0
29.604391,0,0,95,58,92,98,784,1557,0,0,0,0,63,-13,0
29.608533,0,1,95,58,92,98,784,1557,0,0,0,0,63,-12,0
29.612784,0,0,95,58,92,98,784,1557,0,0,0,0,63,-12,0
29.625851,0,0,95,58,92,98,784,1557,0,0,0,0,63,-12,0
29.635574,0,1,95,58,92,98,784,1557,0,0,0,0,62,-13,0
29.639758,0,0,95,58,92,98,784,1557,0,0,0,0,62,-13,0
29.643886,0,0,95,58,92,98,784,1557,0,0,0,0,62,-13,0
29.656763,0,0,95,58,92,98,784,1557,0,0,0,0,62,-13,0
29.667455,0,1,95,58,92,98,784,1557,0,0,0,0,62,-12,0
29.670402,0,0,95,58,92,98,784,1557,0,0,0,0,62,-12,0
29.674582,0,0,95,58,92,98,784,1557,0,0,0,0,62,-12,0
29.688103,0,1,95,58,92,98,784,1557,0,0,-1,0,62,-12,0
29.697632,0,0,95,58,92,98,784,1557,0,0,-1,0,62,-12,0
29.703140,0,0,95,58,92,98,784,1557,0,0,-1,0,62,-12,0
29.707409,0,1,95,58,92,98,784,1557,0,0,0,0,62,-12,0
29.718402,0,0,95,58,92,98,784,1557,0,0,0,0,62,-12,0
29.722591,0,0,95,58,92,98,784,1557,0,0,0,0,62,-12,0
29.730335,0,0,95,58,92,98,784,1557,0,0,0,0,62,-12,0
29.734635,0,0,95,58,92,98,784,1557,0,0,0,0,62,-12,0
29.738819,0,1,95,58,92,98,784,1557,0,0,-1,0,62,-12,0
29.750052,0,0,95,58,92,98,784,1557,0,0,-1,0,62,-12,0
29.759344,0,0,95,58,92,98,784,1557,0,0,-1,0,62,-12,0
29.764266,0,0,95,58,92,98,784,1557,0,0,-1,0,62,-12,0
29.769276,0,1,95,58,92,98,784,1557,0,0,0,0,62,-12,0
29.781222,0,0,95,58,92,98,784,1557,0,0,0,0,62,-12,0
29.791403,0,0,95,58,92,98,784,1557,0,0,0,0,62,-12,0
29.800493,0,0,95,58,92,98,784,1557,0,0,0,0,62,-12,0
29.812334,0,0,95,58,92,98,784,1557,0,0,0,0,62,-12,0
29.822612,0,0,95,58,92,98,784,1557,0,0,0,0,62,-12,0
29.827231,0,0,95,58,92,98,784,1557,0,0,0,0,62,-12,0
29.841241,0,0,95,58,92,98,784,1557,0,0,0,0,62,-12,0
29.846209,0,0,95,58,92,98,784,1557,0,0,0,0,62,-12,0
29.854472,0,0,95,58,92,98,784,1557,0,0,0,0,62,-12,0
29.858658,0,0,95,58,92,98,784,1557,0,0,0,0,62,-12,0
29.862956,0,0,95,58,92,98,784,1557,0,0,0,0,62,-12,0
29.875009,0,0,95,58,92,98,784,1557,0,0,0,0,62,-12,0
29.884993,0,0,95,58,92,98,784,1557,0,0,0,0,62,-12,0
29.890076,0,0,95,58,92,98,784,1557,0,0,0,0,62,-12,0
29.903400,0,1,95,58,92,98,784,1557,0,0,0,0,61,-12,0
29.907622,0,0,95,58,92,98,784,1557,0,0,0,0,61,-12,0
29.916707,0,0,95,58,92,98,784,1557,0,0,0,0,61,-12,0
29.921722,0,1,95,58,92,98,784,1557,0,0,0,0,62,-12,0
29.935750,0,0,95,58,92,98,784,1557,0,0,0,0,62,-12,0
29.945744,0,0,95,58,92,98,784,1557,0,0,0,0,62,-12,0
29.951360,0,0,95,58,92,98,784,1557,0,0,0,0,62,-12,0
29.954652,0,0,95,58,92,98,784,1557,0,0,0,0,62,-12,0
29.967650,0,0,95,58,92,98,784,1557,0,0,0,0,62,-12,0
29.977575,0,0,95,58,92,98,784,1557,0,0,0,0,62,-12,0
29.982939,0,1,95,58,92,98,784,1557,0,0,0,0,61,-12,0
29.996555,0,0,95,58,92,98,784,1557,0,0,0,0,61,-12,0
30.001865,0,0,95,58,92,98,784,1557,0,0,0,0,61,-12,0
30.010097,0,0,95,58,92,98,784,1557,0,0,0,0,61,-12,0
30.016052,0,0,95,58,92,98,784,1557,0,0,0,0,61,-12,0
30.028815,0,0,95,58,92,98,784,1557,0,0,0,0,61,-12,0
30.038407,0,0,95,58,92,98,784,1557,0,0,0,0,61,-12,0
30.042553,0,1,95,58,92,98,784,1557,0,0,0,0,62,-12,0
30.046797,0,0,95,58,92,98,784,1557,0,0,0,0,62,-12,0
30.060259,0,0,95,58,92,98,784,1557,0,0,0,0,62,-12,0
30.070439,0,1,95,58,92,98,784,1557,0,0,-1,0,62,-12,0
30.078680,0,0,95,58,92,98,784,1557,0,0,-1,0,61,-12,0
30.090811,0,0,95,58,92,98,784,1557,0,0,-1,0,61,-12,0
30.100609,0,0,95,58,92,98,784,1557,0,0,-1,0,61,-12,0
30.105752,0,0,95,58,92,98,784,1557,0,0,-1,0,61,-12,0
30.109955,0,0,95,58,92,98,784,1557,0,0,-1,0,61,-12,0
30.121765,0,0,95,58,92,98,784,1557,0,0,-1,0,61,-12,0
30.131517,0,0,95,58,92,98,784,1557,0,0,-1,0,61,-12,58
30.135818,0,1,95,58,92,98,784,1557,0,0,-1,0,65,-13,58
30.140380,0,0,95,58,92,98,784,1557,0,0,-1,0,65,-13,58
30.152601,0,0,95,58,92,98,784,1557,0,0,-1,0,65,-13,58
30.162564,0,1,95,58,92,98,784,1557,0,0,0,0,65,-13,0
30.166826,1,1,95,58,92,98,787,1557,0,0,0,0,68,-13,0
30.170900,0,0,95,58,92,98,787,1557,0,0,0,0,68,-13,0
30.183815,0,1,95,58,92,98,787,1557,0,0,-1,0,68,-13,0
30.187955,0,1,95,58,92,98,787,1557,0,0,-1,0,67,-13,0
30.195247,0,0,95,58,92,98,787,1557,0,0,-1,0,67,-13,0
30.200539,0,0,95,58,92,98,787,1557,0,0,-1,0,67,-13,0
30.214349,0,0,95,58,92,98,787,1557,0,0,-1,0,67,-13,0
30.224424,0,1,95,58,92,98,787,1557,0,0,0,0,66,-13,0
30.229536,0,0,95,58,92,98,787,1557,0,0,0,0,66,-13,0
30.234923,0,0,95,58,92,98,787,1557,0,0,0,0,66,-13,0
30.245806,0,0,95,58,92,98,787,1557,0,0,0,0,66,-13,0
30.255482,0,0,95,58,92,98,787,1557,0,0,0,0,66,-13,0
30.260556,0,0,95,58,92,98,787,1557,0,0,0,0,66,-13,0
30.275452,0,0,95,58,92,98,787,1557,0,0,0,0,66,-13,0
30.280974,0,1,95,58,92,98,787,1557,0,0,-1,0,65,-13,0
30.288431,0,0,95,58,92,98,787,1557,0,0,-1,0,65,-13,0
30.292618,0,0,95,58,92,98,787,1557,0,0,-1,0,65,-13,0
30.296853,0,0,95,58,92,98,787,1557,0,0,-1,0,65,-13,0
30.308495,0,1,95,58,92,98,787,1557,0,0,0,0,65,-13,0
30.318418,0,0,95,58,92,98,787,1557,0,0,0,0,65,-13,0
30.320569,0,0,95,58,92,98,787,1557,0,0,0,0,65,-13,0
30.325114,0,0,95,58,92,98,787,1557,0,0,0,0,65,-13,0
30.338544,0,0,95,58,92,98,787,1557,0,0,0,0,65,-13,0
30.343120,0,0,95,58,92,98,787,1557,0,0,0,0,65,-13,0
30.350594,0,0,95,58,92,98,787,1557,0,0,0,0,65,-13,0
30.354860,0,0,95,58,92,98,787,1557,0,0,0,0,65,-13,0
30.368243,0,0,95,58,92,98,787,1557,0,0,0,0,65,-13,0
30.373323,0,0,95,58,92,98,787,1557,0,0,0,0,65,-13,0
30.381816,0,0,95,58,92,98,787,1557,0,0,0,0,65,-13,0
30.386784,0,0,95,58,92,98,787,1557,0,0,0,0,65,-13,0
30.400239,0,1,95,58,92,98,787,1557,0,0,-1,0,65,-13,0
30.410641,0,0,95,58,92,98,787,1557,0,0,-1,0,65,-13,0
30.416584,0,0,95,58,92,98,787,1557,0,0,-1,0,65,-13,0
30.430654,0,1,95,58,92,98,787,1557,0,0,0,0,65,-13,0
30.436108,0,0,95,58,92,98,787,1557,0,0,0,0,65,-13,0
30.444038,0,0,95,58,92,98,787,1557,0,0,0,0,65,-13,0
30.462909,0,0,95,58,92,98,787,1557,0,0,-1,0,65,-13,0
30.473890,0,0,95,58,92,98,787,1557,0,0,-1,0,65,-13,0
30.479719,0,0,95,58,92,98,787,1557,0,0,-1,0,65,-13,0
30.493696,0,0,95,58,92,98,787,1557,0,0,-1,0,65,-13,0
30.503768,0,0,95,58,92,98,787,1557,0,0,-1,0,65,-13,0
30.508732,0,1,95,58,92,98,787,1557,0,0,0,0,65,-13,0
30.513874,0,0,95,58,92,98,787,1557,0,0,0,0,65,-13,0
30.524643,0,0,95,58,92,98,787,1557,0,0,0,0,65,-13,0
30.528795,0,0,95,58,92,98,787,1557,0,0,0,0,65,-13,0
30.536264,0,0,95,58,92,98,787,1557,0,0,0,0,65,-13,0
30.541174,0,0,95,58,92,98,787,1557,0,0,0,0,65,-13,0
30.554623,0,0,95,58,92,98,787,1557,0,0,0,0,65,-13,0
30.559615,0,0,95,58,92,98,787,1557,0,0,0,0,65,-13,0
30.568431,0,0,95,58,92,98,787,1557,0,0,0,0,65,-13,0
30.573480,0,0,95,58,92,98,787,1557,0,0,0,0,65,-13,0
30.587770,0,0,95,58,92,98,787,1557,0,0,0,0,65,-13,0
30.597459,0,0,95,58,92,98,787,1557,0,0,0,0,65,-13,0
30.602490,0,0,95,58,92,98,787,1557,0,0,0,0,65,-13,0
30.606753,0,1,95,58,92,98,787,1557,0,0,0,0,65,-12,0
30.618401,0,0,95,58,92,98,787,1557,0,0,0,0,65,-12,0
30.621322,0,0,95,58,92,98,787,1557,0,0,0,0,65,-12,0
30.629433,0,0,95,58,92,98,787,1557,0,0,0,0,65,-12,0
30.634437,0,0,95,58,92,98,787,1557,0,0,0,0,65,-12,0
30.648314,0,1,95,58,92,98,787,1557,0,0,0,0,65,-13,0
30.658828,0,0,95,58,92,98,787,1557,0,0,0,0,65,-13,0
30.663852,0,0,95,58,92,98,787,1557,0,0,0,0,65,-13,0
30.668038,0,0,95,58,92,98,787,1557,0,0,0,0,65,-13,0
30.680010,0,0,95,58,92,98,787,1557,0,0,0,0,65,-13,0
30.689638,0,0,95,58,92,98,787,1557,0,0,0,0,65,-13,0
30.694729,0,0,95,58,92,98,787,1557,0,0,0,0,65,-13,0
30.699713,0,0,95,58,92,98,787,1557,0,0,0,0,65,-13,0
30.711200,0,0,95,58,92,98,787,1557,0,0,0,0,65,-13,0
30.720646,0,0,95,58,92,98,787,1557,0,0,0,0,65,-13,0
30.725294,0,1,95,58,92,98,787,1557,0,0,-1,0,65,-13,0
30.729508,0,0,95,58,92,98,787,1557,0,0,-1,0,65,-13,0
30.742283,0,0,95,58,92,98,787,1557,0,0,-1,0,65,-13,0
30.754378,0,1,95,58,92,98,787,1557,0,0,-1,0,64,-13,0
30.759268,0,0,95,58,92,98,787,1557,0,0,-1,0,64,-13,0
30.772339,0,0,95,58,92,98,787,1557,0,0,-1,0,64,-13,0
30.776476,0,0,95,58,92,98,787,1557,0,0,-1,0,64,-13,0
30.783656,0,1,95,58,92,98,787,1557,0,0,-1,0,65,-13,0
30.787739,0,0,95,58,92,98,787,1557,0,0,-1,0,65,-13,0
30.791789,0,0,95,58,92,98,787,1557,0,0,-1,0,65,-13,0
30.803444,0,0,95,58,92,98,787,1557,0,0,-1,0,65,-13,0
30.807968,0,0,95,58,92,98,787,1557,0,0,-1,0,65,-13,25
30.814767,0,1,95,58,92,98,787,1557,0,0,-1,0,67,-13,25
30.819998,0,0,95,58,92,98,787,1557,0,0,-1,0,67,-13,25
30.833306,0,0,95,58,92,98,787,1557,0,0,-1,0,67,-13,25
30.837853,0,0,95,58,92,98,787,1557,0,0,-1,0,67,-13,25
30.845933,1,0,95,58,92,98,788,1557,0,0,-1,0,67,-13,0
30.850191,0,0,95,58,92,98,788,1557,0,0,-1,0,67,-13,0
30.864352,0,0,95,58,92,98,788,1557,0,0,-1,0,67,-13,0
30.869483,0,0,95,58,92,98,788,1557,0,0,-1,0,67,-13,0
30.876650,0,0,95,58,92,98,788,1557,0,0,-1,0,67,-13,0
30.880793,0,0,95,58,92,98,788,1557,0,0,-1,0,67,-13,0
30.885702,0,0,95,58,92,98,788,1557,0,0,-1,0,67,-13,0
30.897231,0,0,95,58,92,98,788,1557,0,0,-1,0,67,-13,0
30.907029,0,0,95,58,92,98,788,1557,0,0,-1,0,67,-13,0
30.908923,0,0,95,58,92,98,788,1557,0,0,-1,0,67,-13,0
30.913899,0,0,95,58,92,98,788,1557,0,0,-1,0,67,-13,0
30.927348,0,1,95,58,92,98,788,1557,0,0,0,0,67,-13,0
30.937724,0,1,95,58,92,98,788,1557,0,0,0,0,67,-14,0
30.941928,0,0,95,58,92,98,788,1557,0,0,0,0,67,-14,0
30.946183,0,0,95,58,92,98,788,1557,0,0,0,0,67,-14,0
30.959257,0,1,95,58,92,98,788,1557,0,0,-1,0,67,-14,0
30.968735,0,1,95,58,92,98,788,1557,0,0,-1,0,67,-13,0
30.973280,0,0,95,58,92,98,788,1557,0,0,-1,0,67,-13,0
30.977856,0,0,95,58,92,98,788,1557,0,0,-1,0,67,-13,0
30.990074,0,1,95,58,92,98,788,1557,0,0,0,0,67,-13,0
30.999571,0,0,95,58,92,98,788,1557,0,0,0,0,67,-13,0
31.004547,0,0,95,58,92,98,788,1557,0,0,0,0,67,-13,0
31.008793,0,1,95,58,92,98,788,1557,0,0,-1,0,67,-13,0
31.021207,0,0,95,58,92,98,788,1557,0,0,-1,0,67,-13,0
31.031561,0,0,95,58,92,98,788,1557,0,0,-1,0,67,-13,0
31.039713,0,1,95,58,92,98,788,1557,0,0,0,0,67,-13,0
31.052177,0,0,95,58,92,98,788,1557,0,0,0,0,67,-13,0
31.061648,0,0,95,58,92,98,788,1557,0,0,0,0,67,-13,0
31.066585,0,0,95,58,92,98,788,1557,0,0,0,0,67,-13,0
31.071772,0,1,95,58,92,98,788,1557,0,0,-1,0,67,-13,0
31.083136,1,1,95,58,92,98,789,1557,0,0,-1,0,72,-14,-39
31.092426,0,0,95,58,92,98,789,1557,0,0,-1,0,72,-14,-39
31.096569,0,0,95,58,92,98,789,1557,0,0,-1,0,72,-14,-39
31.101148,0,1,95,58,92,98,789,1557,0,0,-1,1,72,-14,-39
31.113991,1,0,95,58,92,98,790,1557,0,0,-1,1,72,-14,0
31.123817,0,0,95,58,92,98,790,1557,0,0,-1,1,72,-14,0
31.128798,0,0,95,58,92,98,790,1557,0,0,-1,1,72,-14,0
31.133806,0,1,95,58,92,98,790,1557,0,0,-1,0,72,-14,0
31.145300,0,0,95,58,92,98,790,1557,0,0,-1,0,72,-14,0
31.155391,0,0,95,58,92,98,790,1557,0,0,-1,0,72,-14,0
31.160391,0,0,95,58,92,98,790,1557,0,0,-1,0,72,-14,0
31.174234,0,1,95,58,92,98,790,1557,0,0,-1,0,71,-14,0
31.179248,0,0,95,58,92,98,790,1557,0,0,-1,0,71,-14,0
31.187083,0,0,95,58,92,98,790,1557,0,0,-1,0,71,-14,0
31.192190,0,1,95,58,92,98,790,1557,0,0,0,1,71,-14,0
31.205555,0,0,95,58,92,98,790,1557,0,0,0,1,71,-14,0
31.210512,0,0,95,58,92,98,790,1557,0,0,0,1,71,-14,0
31.219274,0,1,95,58,92,98,790,1557,-1,0,0,1,71,-14,0
31.224745,0,1,95,58,92,98,790,1557,-1,0,0,0,71,-14,0
31.238576,0,0,95,58,92,98,790,1557,-1,0,0,0,71,-14,0
31.248412,0,0,95,58,92,98,790,1557,-1,0,0,0,71,-14,0
31.253352,0,1,95,58,92,98,790,1557,-1,0,-1,0,71,-14,0
31.257828,0,0,95,58,92,98,790,1557,-1,0,-1,0,71,-14,0
31.268809,0,0,95,58,92,98,790,1557,-1,0,-1,0,71,-14,0
31.270716,0,0,95,58,92,98,790,1557,-1,0,-1,0,71,-14,0
31.281194,0,1,95,58,92,98,790,1557,-1,0,0,0,71,-14,0
31.286336,0,1,95,58,92,98,790,1557,-1,0,0,0,70,-14,0
31.300619,0,0,95,58,92,98,790,1557,-1,0,0,0,70,-14,0
31.310602,0,1,95,58,92,98,790,1557,0,0,-1,0,70,-14,0
31.315173,0,1,95,58,92,98,790,1557,0,0,-1,0,71,-14,0
31.319362,0,0,95,58,92,98,790,1557,0,0,-1,0,71,-14,0
31.331009,0,0,95,58,92,98,790,1557,0,0,-1,0,71,-14,0
31.340677,0,0,95,58,92,98,790,1557,0,0,-1,0,71,-14,0
31.345546,0,1,95,58,92,98,790,1557,0,0,-1,1,71,-14,0
31.349736,0,0,95,58,92,98,790,1557,0,0,-1,1,71,-14,0
31.361821,0,0,95,58,92,98,790,1557,0,0,-1,1,71,-14,0
31.371426,0,1,95,58,92,98,790,1557,0,0,-1,0,71,-14,0
31.376015,0,1,95,58,92,98,790,1557,0,0,-1,0,70,-14,0
31.380206,0,0,95,58,92,98,790,1557,0,0,-1,0,70,-14,0
31.392450,0,1,95,58,92,98,790,1557,-1,0,-1,0,70,-14,0
31.404509,0,0,95,58,92,98,790,1557,-1,0,0,0,70,-14,0
31.408713,0,0,95,58,92,98,790,1557,-1,0,0,0,70,-14,0
31.412747,0,0,95,58,92,98,790,1557,-1,0,0,0,70,-14,0
31.423572,0,0,95,58,92,98,790,1557,-1,0,0,0,70,-14,0
31.433399,0,0,95,58,92,98,790,1557,-1,0,0,0,70,-14,66
31.438728,1,1,95,58,92,98,791,1557,-1,0,0,0,73,-15,66
31.443268,0,0,95,58,92,98,791,1557,-1,0,0,0,73,-15,66
31.455362,0,1,95,58,92,98,791,1557,0,0,0,0,73,-15,66
31.464772,0,0,95,58,92,98,791,1557,0,0,0,0,73,-15,0
31.470004,0,1,95,58,92,98,791,1557,0,0,0,0,75,-15,0
31.474218,0,0,95,58,92,98,791,1557,0,0,0,0,75,-15,0
31.486432,0,0,95,58,92,98,791,1557,0,0,0,0,75,-15,0
31.496728,0,1,95,58,92,98,791,1557,0,0,0,1,75,-15,0
31.501033,0,0,95,58,92,98,791,1557,0,0,0,1,75,-15,0
31.505710,0,0,95,58,92,98,791,1557,0,0,0,1,75,-15,0
31.517355,0,0,95,58,92,98,791,1557,0,0,0,1,75,-15,0
31.527340,0,1,95,58,92,98,791,1557,0,0,-1,1,74,-15,0
31.532317,0,0,95,58,92,98,791,1557,0,0,-1,1,74,-15,0
31.546383,0,0,95,58,92,98,791,1557,0,0,-1,1,74,-15,0
31.551454,0,1,95,58,92,98,791,1557,0,0,0,0,74,-15,0
31.559489,0,1,95,58,92,98,791,1557,0,0,0,0,74,-14,0
31.562431,0,0,95,58,92,98,791,1557,0,0,0,0,74,-14,0
31.567403,0,0,95,58,92,98,791,1557,0,0,0,0,74,-14,0
31.579178,0,0,95,58,92,98,791,1557,0,0,0,0,74,-14,0
31.588924,0,1,95,58,92,98,791,1557,0,0,0,1,73,-14,0
31.593898,0,0,95,58,92,98,791,1557,0,0,0,1,73,-14,0
31.608538,0,0,95,58,92,98,791,1557,0,0,0,1,73,-14,0
31.619558,0,1,95,58,92,98,791,1557,0,0,-1,0,73,-14,0
31.625159,0,1,95,58,92,98,791,1557,0,0,-1,0,73,-15,0
31.639266,0,0,95,58,92,98,791,1557,0,0,-1,0,73,-15,0
31.644354,0,1,95,58,92,98,791,1557,0,0,-1,1,73,-15,0
31.651652,0,1,95,58,92,98,791,1557,0,0,-1,1,73,-14,0
31.655839,0,0,95,58,92,98,791,1557,0,0,-1,1,73,-14,0
31.660836,0,0,95,58,92,98,791,1557,0,0,-1,1,73,-14,0
31.672251,0,1,95,58,92,98,791,1557,0,0,0,1,73,-14,0
31.683033,0,0,95,58,92,98,791,1557,0,0,0,1,73,-14,0
31.691648,0,0,95,58,92,98,791,1557,0,0,0,1,73,-14,0
31.703294,0,0,95,58,92,98,791,1557,0,0,0,1,73,-14,0
31.713488,0,1,95,58,92,98,791,1557,0,0,0,1,73,-15,0
31.718545,0,0,95,58,92,98,791,1557,0,0,0,1,73,-15,0
31.732367,0,0,95,58,92,98,791,1557,0,0,0,1,73,-15,0
31.737311,0,1,95,58,92,98,791,1557,0,0,0,0,73,-15,0
31.745425,0,0,95,58,92,98,791,1557,0,0,0,0,73,-15,0
31.750415,0,0,95,58,92,98,791,1557,0,0,0,0,73,-15,0
31.764801,0,1,95,58,92,98,791,1557,0,0,0,1,73,-15,0
31.774709,1,1,95,58,92,98,793,1557,0,0,0,1,79,-15,0
31.779253,0,0,95,58,92,98,793,1557,0,0,0,1,79,-15,0
31.783808,0,0,95,58,92,98,793,1557,0,0,0,1,79,-15,0
31.796269,0,0,95,58,92,98,793,1557,0,0,0,1,79,-15,0
31.806451,0,0,95,58,92,98,793,1557,0,0,0,1,79,-15,0
31.811479,0,0,95,58,92,98,793,1557,0,0,0,1,79,-15,0
31.816150,0,1,95,58,92,98,793,1557,0,0,-1,1,79,-15,0
31.827404,0,1,95,58,92,98,793,1557,0,0,-1,1,78,-15,0
31.837461,0,0,95,58,92,98,793,1557,0,0,-1,1,78,-15,0
31.843255,0,1,95,58,92,98,793,1557,0,0,0,1,78,-15,0
31.857813,0,0,95,58,92,98,793,1557,0,0,0,1,78,-15,0
31.868120,0,0,95,58,92,98,793,1557,0,0,0,1,78,-15,0
31.873271,0,1,95,58,92,98,793,1557,0,0,-1,1,78,-15,0
31.877554,0,0,95,58,92,98,793,1557,0,0,-1,1,78,-15,0
31.889762,0,0,95,58,92,98,793,1557,0,0,-1,1,78,-15,0
31.899764,0,0,95,58,92,98,793,1557,0,0,-1,1,78,-15,0
31.905284,0,0,95,58,92,98,793,1557,0,0,-1,1,78,-15,0
31.919758,0,0,95,58,92,98,793,1557,0,0,-1,1,78,-15,0
31.929774,0,0,95,58,92,98,793,1557,0,0,-1,1,78,-15,0
31.932613,0,0,95,58,92,98,793,1557,0,0,-1,1,78,-15,0
31.937687,0,1,95,58,92,98,793,1557,0,0,-1,1,77,-15,0
31.950937,0,0,95,58,92,98,793,1557,0,0,-1,1,77,-15,0
31.960829,0,0,95,58,92,98,793,1557,0,0,-1,1,77,-15,0
31.965341,0,0,95,58,92,98,793,1557,0,0,-1,1,77,-15,0
31.969510,0,0,95,58,92,98,793,1557,0,0,-1,1,77,-15,0
31.982389,0,0,95,58,92,98,793,1557,0,0,-1,1,77,-15,0
31.992032,0,0,95,58,92,98,793,1557,0,0,-1,1,77,-15,0
31.996694,0,1,95,58,92,98,793,1557,0,0,0,1,77,-15,0
32.001248,0,0,95,58,92,98,793,1557,0,0,0,1,77,-15,0
32.012791,0,0,95,58,92,98,793,1557,0,0,0,1,77,-15,0
32.022342,0,0,95,58,92,98,793,1557,0,0,0,1,77,-15,0
32.026478,0,0,95,58,92,98,793,1557,0,0,0,1,77,-15,0
32.030616,0,0,95,58,92,98,793,1557,0,0,0,1,77,-15,0
32.043448,0,0,95,58,92,98,793,1557,0,0,0,1,77,-15,0
32.053598,0,0,95,58,92,98,793,1557,0,0,0,1,77,-15,0
32.062823,0,0,95,58,92,98,793,1557,0,0,-1,1,77,-15,0
32.074508,0,0,95,58,92,98,793,1557,0,0,-1,1,77,-15,0
32.078742,0,0,95,58,92,98,793,1557,0,0,-1,1,77,-15,0
32.086390,0,0,95,58,92,98,793,1557,0,0,-1,1,77,-15,0
32.091059,0,0,95,58,92,98,793,1557,0,0,-1,1,77,-15,0
32.104514,0,0,95,58,92,98,793,1557,0,0,-1,1,77,-15,0
32.109165,0,0,95,58,92,98,793,1557,0,0,-1,1,77,-15,0
32.116904,0,1,95,58,92,98,793,1557,0,0,-1,0,77,-15,0
32.121519,0,0,95,58,92,98,793,1557,0,0,-1,0,77,-15,0
32.135686,0,0,95,58,92,98,793,1557,0,0,-1,0,77,-15,0
32.141378,0,0,95,58,92,98,793,1557,0,0,-1,0,77,-15,0
32.149762,0,0,95,58,92,98,793,1557,0,0,-1,0,77,-15,0
32.154469,0,0,95,58,92,98,793,1557,0,0,-1,0,77,-15,0
32.168209,0,0,95,58,92,98,793,1557,0,0,-1,0,77,-15,0
32.177577,0,0,95,58,92,98,793,1557,0,0,-1,0,77,-15,0
32.182502,0,0,95,58,92,98,793,1557,0,0,-1,0,77,-15,0
32.187393,0,0,95,58,92,98,793,1557,0,0,-1,0,77,-15,0
32.199179,0,0,95,58,92,98,793,1557,0,0,-1,0,77,-15,0
32.209392,0,1,95,58,92,98,793,1557,-1,0,-1,0,77,-15,0
32.214080,0,0,95,58,92,98,793,1557,-1,0,-1,0,77,-15,0
32.216982,0,0,95,58,92,98,793,1557,-1,0,-1,0,77,-15,0
32.230336,0,1,95,58,92,98,793,1557,0,0,-1,0,77,-15,0
32.240037,0,0,95,58,92,98,793,1557,0,0,-1,0,77,-15,0
32.244887,0,0,95,58,92,98,793,1557,0,0,-1,0,77,-15,0
32.249458,0,0,95,58,92,98,793,1557,0,0,-1,0,77,-15,0
32.261003,0,0,95,58,92,98,793,1557,0,0,-1,0,77,-15,0
32.270543,0,0,95,58,92,98,793,1557,0,0,-1,0,77,-15,0
32.274835,0,0,95,58,92,98,793,1557,0,0,-1,0,77,-15,0
32.279799,0,0,95,58,92,98,793,1557,0,0,-1,0,77,-15,0
32.292096,0,0,95,58,92,98,793,1557,0,0,-1,0,77,-15,0
32.302811,0,0,95,58,92,98,793,1557,0,0,-1,0,77,-15,0
32.308077,0,0,95,58,92,98,793,1557,0,0,-1,0,77,-15,0
32.322531,0,0,95,58,92,98,793,1557,0,0,-1,0,77,-15,0
32.332629,0,0,95,58,92,98,793,1557,0,0,-1,0,77,-15,0
32.341992,0,0,95,58,92,98,793,1557,0,0,-1,0,76,-15,0
32.354737,0,0,95,58,92,98,793,1557,0,0,-1,0,76,-15,0
32.364919,0,1,95,58,92,98,793,1557,0,0,-1,0,77,-15,0
32.370865,0,0,95,58,92,98,793,1557,0,0,-1,0,77,-15,0
32.385001,0,0,95,58,92,98,793,1557,0,0,-1,0,77,-15,0
32.395903,1,1,95,58,92,98,794,1557,0,0,0,0,83,-16,67
32.401892,0,0,95,58,92,98,794,1557,0,0,0,0,83,-16,67
32.415955,0,1,95,58,92,98,794,1557,0,0,-1,0,83,-16,67
32.427065,0,1,95,58,92,98,794,1557,0,0,-1,1,83,-17,67
32.433000,0,0,95,58,92,98,794,1557,0,0,-1,1,83,-17,67
32.446264,0,0,95,58,92,98,794,1557,0,0,-1,1,83,-17,67
32.456421,1,1,95,58,92,98,796,1557,0,0,-1,1,85,-17,0
32.461142,0,0,95,58,92,98,796,1557,0,0,-1,1,85,-17,0
32.465810,0,0,95,58,92,98,796,1557,0,0,-1,1,85,-17,0
32.477799,0,0,95,58,92,98,796,1557,0,0,-1,1,85,-17,0
32.487295,0,0,95,58,92,98,796,1557,0,0,-1,1,85,-17,0
32.491443,0,0,95,58,92,98,796,1557,0,0,-1,1,85,-17,0
32.495459,0,0,95,58,92,98,796,1557,0,0,-1,1,85,-17,0
32.508457,0,0,95,58,92,98,796,1557,0,0,-1,1,85,-17,0
32.512653,0,0,95,58,92,98,796,1557,0,0,-1,1,85,-17,0
32.519997,0,0,95,58,92,98,796,1557,0,0,-1,1,85,-17,0
32.524120,0,0,95,58,92,98,796,1557,0,0,-1,1,85,-17,0
32.528289,0,1,95,58,92,98,796,1557,0,0,0,1,85,-17,0
32.539421,0,0,95,58,92,98,796,1557,0,0,0,1,85,-17,0
32.543982,0,1,95,58,92,98,796,1557,0,0,0,1,85,-16,0
32.551333,0,0,95,58,92,98,796,1557,0,0,0,1,85,-16,0
32.556347,0,0,95,58,92,98,796,1557,0,0,0,1,85,-16,0
32.570175,0,1,95,58,92,98,796,1557,0,0,0,2,85,-16,0
32.574338,0,1,95,58,92,98,796,1557,0,0,0,2,85,-17,0
32.581822,0,0,95,58,92,98,796,1557,0,0,0,2,85,-17,0
32.586033,0,0,95,58,92,98,796,1557,0,0,0,2,85,-17,0
32.590500,0,1,95,58,92,98,796,1557,0,0,-1,2,85,-17,0
32.601853,0,1,95,58,92,98,796,1557,0,0,-1,1,85,-17,0
32.611617,0,0,95,58,92,98,796,1557,0,0,-1,1,85,-17,0
32.613750,0,0,95,58,92,98,796,1557,0,0,-1,1,85,-17,0
32.618712,0,0,95,58,92,98,796,1557,0,0,-1,1,85,-17,0
32.632227,0,0,95,58,92,98,796,1557,0,0,-1,1,85,-17,0
32.637201,0,0,95,58,92,98,796,1557,0,0,-1,1,85,-17,0
32.644594,0,0,95,58,92,98,796,1557,0,0,-1,1,85,-17,0
32.648797,0,1,95,58,92,98,796,1557,0,0,0,1,85,-17,0
32.662415,0,1,95,58,92,98,796,1557,0,0,0,1,84,-17,0
32.667029,0,0,95,58,92,98,796,1557,0,0,0,1,84,-17,0
32.674999,0,0,95,58,92,98,796,1557,0,0,0,1,84,-17,0
32.679232,0,1,95,58,92,98,796,1557,0,0,-1,1,84,-17,0
32.693333,0,1,95,58,92,98,796,1557,0,0,-1,1,85,-17,0
32.698080,0,0,95,58,92,98,796,1557,0,0,-1,1,85,-17,0
32.706590,0,0,95,58,92,98,796,1557,0,0,-1,1,85,-17,0
32.711252,0,1,95,58,92,98,796,1557,0,0,0,1,85,-17,0
32.725368,0,0,95,58,92,98,796,1557,0,0,0,1,85,-17,0
32.735448,0,0,95,58,92,98,796,1557,0,0,0,1,85,-17,0
32.744044,0,0,95,58,92,98,796,1557,0,0,-1,1,85,-17,0
32.757207,0,0,95,58,92,98,796,1557,0,0,-1,1,85,-17,0
32.766714,0,0,95,58,92,98,796,1557,0,0,-1,1,85,-17,0
32.771351,0,1,95,58,92,98,796,1557,0,0,-1,2,85,-17,0
32.775603,0,1,95,58,92,98,796,1557,0,0,-1,2,89,-18,34
32.788197,0,0,95,58,92,98,796,1557,0,0,-1,2,89,-18,34
32.798021,0,0,95,58,92,98,796,1557,0,0,-1,2,89,-18,34
32.803061,0,1,95,58,92,98,796,1557,0,0,0,2,89,-18,0
32.807731,1,0,95,58,92,98,797,1557,0,0,0,2,89,-18,0
32.819200,0,0,95,58,92,98,797,1557,0,0,0,2,89,-18,0
32.828653,0,0,95,58,92,98,797,1557,0,0,0,2,89,-18,0
32.833659,0,1,95,58,92,98,797,1557,0,0,-1,2,89,-18,0
32.838118,0,0,95,58,92,98,797,1557,0,0,-1,2,89,-18,0
32.850233,0,0,95,58,92,98,797,1557,0,0,-1,2,89,-18,0
32.859684,0,1,95,58,92,98,797,1557,0,0,0,2,89,-18,0
32.863786,0,1,95,58,92,98,797,1557,0,0,0,2,88,-18,0
32.868020,0,0,95,58,92,98,797,1557,0,0,0,2,88,-18,0
32.880812,0,0,95,58,92,98,797,1557,0,0,0,2,88,-18,0
32.890606,0,0,95,58,92,98,797,1557,0,0,0,2,88,-18,0
32.895192,0,1,95,58,92,98,797,1557,0,0,-1,2,88,-18,0
32.897411,0,0,95,58,92,98,797,1557,0,0,-1,2,88,-18,0
32.911347,0,0,95,58,92,98,797,1557,0,0,-1,2,88,-18,0
32.921479,0,0,95,58,92,98,797,1557,0,0,-1,2,88,-18,0
32.926509,0,1,95,58,92,98,797,1557,0,0,-1,2,88,-17,0
32.931519,0,0,95,58,92,98,797,1557,0,0,-1,2,88,-17,0
32.943313,0,0,95,58,92,98,797,1557,0,0,-1,2,88,-17,0
32.953448,0,0,95,58,92,98,797,1557,0,0,-1,2,88,-17,0
32.958014,0,1,95,58,92,98,797,1557,0,0,-1,2,88,-18,0
32.962680,0,0,95,58,92,98,797,1557,0,0,-1,2,88,-18,0
32.974306,0,0,95,58,92,98,797,1557,0,0,-1,2,88,-18,0
32.984706,0,1,95,58,92,98,797,1557,0,0,0,2,88,-18,0
32.989004,0,1,95,58,92,98,797,1557,0,0,0,2,88,-17,0
32.993939,0,0,95,58,92,98,797,1557,0,0,0,2,88,-17,0
33.004862,0,1,95,58,92,98,797,1557,-1,0,0,2,88,-17,0
33.014414,0,0,95,58,92,98,797,1557,-1,0,0,2,88,-17,0
33.023428,0,0,95,58,92,98,797,1557,-1,0,0,2,88,-17,0
33.036387,0,1,95,58,92,98,797,1557,0,0,-1,2,88,-17,0
33.046420,0,0,95,58,92,98,797,1557,0,0,-1,2,88,-17,0
33.051496,0,0,95,58,92,98,797,1557,0,0,-1,2,88,-17,0
33.065911,0,0,95,58,92,98,797,1557,0,0,-1,2,88,-17,0
33.076778,0,0,95,58,92,98,797,1557,0,0,-1,2,88,-17,-51
33.082377,1,1,95,58,92,98,798,1557,0,0,-1,2,94,-19,-51
33.096275,0,0,95,58,92,98,798,1557,0,0,-1,2,94,-19,-51
33.100514,1,1,95,58,92,98,799,1557,0,0,0,2,96,-19,0
33.108588,0,0,95,58,92,98,799,1557,0,0,0,2,96,-19,0
33.113162,0,0,95,58,92,98,799,1557,0,0,0,2,96,-19,0
33.117720,0,0,95,58,92,98,799,1557,0,0,0,2,96,-19,0
33.129402,0,0,95,58,92,98,799,1557,0,0,0,2,96,-19,0
33.139387,0,1,95,58,92,98,799,1557,0,0,0,2,95,-19,0
33.144466,0,0,95,58,92,98,799,1557,0,0,0,2,95,-19,0
33.149157,0,0,95,58,92,98,799,1557,0,0,0,2,95,-19,0
33.160525,0,0,95,58,92,98,799,1557,0,0,0,2,95,-19,0
33.170263,0,1,95,58,92,98,799,1557,0,0,0,2,95,-18,0
33.174451,0,0,95,58,92,98,799,1557,0,0,0,2,95,-18,0
33.178634,0,0,95,58,92,98,799,1557,0,0,0,2,95,-18,0
33.190799,0,1,95,58,92,98,799,1557,0,0,0,2,94,-18,0
33.194859,0,1,95,58,92,98,799,1557,0,0,0,2,94,-19,0
33.201940,0,0,95,58,92,98,799,1557,0,0,0,2,94,-19,0
33.206162,0,0,95,58,92,98,799,1557,0,0,0,2,94,-19,0
33.211022,0,0,95,58,92,98,799,1557,0,0,0,2,94,-19,0
33.222030,0,0,95,58,92,98,799,1557,0,0,0,2,94,-19,0
33.231574,0,0,95,58,92,98,799,1557,0,0,0,2,94,-19,0
33.235854,0,0,95,58,92,98,799,1557,0,0,0,2,94,-19,0
33.240750,0,0,95,58,92,98,799,1557,0,0,0,2,94,-19,0
33.252775,0,0,95,58,92,98,799,1557,0,0,0,2,94,-19,0
33.254654,0,0,95,58,92,98,799,1557,0,0,0,2,94,-19,0
33.264338,0,0,95,58,92,98,799,1557,0,0,0,2,94,-19,0
33.268470,0,0,95,58,92,98,799,1557,0,0,0,2,94,-19,0
33.282188,0,0,95,58,92,98,799,1557,0,0,0,2,94,-19,0
33.286353,0,0,95,58,92,98,799,1557,0,0,0,2,94,-19,0
33.294605,0,0,95,58,92,98,799,1557,0,0,0,2,94,-19,0
33.298815,0,0,95,58,92,98,799,1557,0,0,0,2,94,-19,0
33.302850,0,0,95,58,92,98,799,1557,0,0,0,2,94,-19,0
33.315216,0,0,95,58,92,98,799,1557,0,0,0,2,94,-19,0
33.324685,0,1,95,58,92,98,799,1557,0,0,0,2,94,-18,0
33.328857,0,0,95,58,92,98,799,1557,0,0,0,2,94,-18,0
33.333059,0,1,95,58,92,98,799,1557,0,0,-1,2,94,-18,0
33.345505,0,0,95,58,92,98,799,1557,0,0,-1,2,94,-18,0
33.349705,0,0,95,58,92,98,799,1557,0,0,-1,2,94,-18,0
33.357067,0,0,95,58,92,98,799,1557,0,0,-1,2,94,-18,0
33.361352,0,0,95,58,92,98,799,1557,0,0,-1,2,94,-18,0
33.375262,0,1,95,58,92,98,799,1557,0,0,0,2,94,-18,0
33.387574,0,0,95,58,92,98,799,1557,0,0,0,2,94,-18,0
33.392184,0,0,95,58,92,98,799,1557,0,0,0,2,94,-18,0
33.396521,0,1,95,58,92,98,799,1557,0,0,-1,2,94,-18,0
33.407517,0,0,95,58,92,98,799,1557,0,0,-1,2,94,-18,0
33.411714,0,0,95,58,92,98,799,1557,0,0,-1,2,94,-18,0
33.418766,0,0,95,58,92,98,799,1557,0,0,-1,2,94,-18,0
33.422904,0,1,95,58,92,98,799,1557,0,0,0,2,94,-18,0
33.427208,0,1,95,58,92,98,799,1557,0,0,0,2,98,-18,0
33.438454,1,1,95,58,92,98,800,1557,0,0,0,2,98,-19,0
33.442654,0,0,95,58,92,98,800,1557,0,0,0,2,98,-19,0
33.451289,0,0,95,58,92,98,800,1557,0,0,0,2,98,-19,0
33.457031,0,1,95,58,92,98,800,1557,0,0,0,2,99,-19,0
33.471125,0,0,95,58,92,98,800,1557,0,0,0,2,99,-19,0
33.482207,0,0,95,58,92,98,800,1557,0,0,0,2,99,-19,0
33.487959,0,1,95,58,92,98,800,1557,0,0,0,2,98,-19,0
33.502033,0,0,95,58,92,98,800,1557,0,0,0,2,98,-19,0
33.513140,0,0,95,58,92,98,800,1557,0,0,0,2,98,-19,0
33.518304,0,0,95,58,92,98,800,1557,0,0,0,2,98,-19,0
33.531988,0,0,95,58,92,98,800,1557,0,0,0,2,98,-19,0
33.541827,0,0,95,58,92,98,800,1557,0,0,0,2,98,-19,0
33.544629,0,0,95,58,92,98,800,1557,0,0,0,2,98,-19,0
33.549199,0,1,95,58,92,98,800,1557,0,0,0,3,98,-19,0
33.563951,0,0,95,58,92,98,800,1557,0,0,0,3,98,-19,0
33.573537,0,0,95,58,92,98,800,1557,0,0,0,3,98,-19,0
33.578237,0,0,95,58,92,98,800,1557,0,0,0,3,98,-19,0
33.592285,0,0,95,58,92,98,800,1557,0,0,0,3,98,-19,0
33.597338,0,0,95,58,92,98,800,1557,0,0,0,3,98,-19,0
33.604579,0,1,95,58,92,98,800,1557,0,0,0,2,98,-19,0
33.610463,0,1,95,58,92,98,800,1557,0,0,0,2,97,-19,0
33.624431,0,0,95,58,92,98,800,1557,0,0,0,2,97,-19,0
33.635010,0,0,95,58,92,98,800,1557,0,0,0,2,97,-19,0
33.640315,0,0,95,58,92,98,800,1557,0,0,0,2,97,-19,0
33.654494,0,0,95,58,92,98,800,1557,0,0,0,2,97,-19,0
33.660274,0,0,95,58,92,98,800,1557,0,0,0,2,97,-19,0
33.670291,0,1,95,58,92,98,800,1557,0,0,0,2,97,-20,0
33.674457,0,0,95,58,92,98,800,1557,0,0,0,2,97,-20,0
33.687214,0,0,95,58,92,98,800,1557,0,0,0,2,97,-20,0
33.696559,0,1,95,58,92,98,800,1557,-1,0,0,2,97,-20,0
33.700841,0,1,95,58,92,98,800,1557,-1,0,0,2,97,-19,0
33.705081,0,0,95,58,92,98,800,1557,-1,0,0,2,97,-19,0
33.717838,0,1,95,58,92,98,800,1557,0,0,0,2,97,-19,0
33.727593,0,1,95,58,92,98,800,1557,0,0,-1,3,97,-19,0
33.732145,0,0,95,58,92,98,800,1557,0,0,-1,3,97,-19,0
33.736936,0,0,95,58,92,98,800,1557,0,0,-1,3,97,-19,0
33.748452,0,0,95,58,92,98,800,1557,0,0,-1,3,97,-19,0
33.758440,0,1,95,58,92,98,800,1557,0,0,0,3,97,-19,0
33.763481,0,1,95,58,92,98,800,1557,0,0,0,2,97,-19,0
33.768557,0,0,95,58,92,98,800,1557,0,0,0,2,97,-19,0
33.780385,0,0,95,58,92,98,800,1557,0,0,0,2,97,-19,0
33.790317,0,1,95,58,92,98,800,1557,0,0,-1,2,108,-19,0
33.794525,1,1,95,58,92,98,802,1557,0,0,-1,2,108,-21,0
33.799187,0,0,95,58,92,98,802,1557,0,0,-1,2,108,-21,0
33.810427,0,0,95,58,92,98,802,1557,0,0,-1,2,108,-21,0
33.814517,0,1,95,58,92,98,802,1557,0,0,0,3,108,-21,0
33.821798,0,0,95,58,92,98,802,1557,0,0,0,3,108,-21,0
33.825869,0,0,95,58,92,98,802,1557,0,0,0,3,108,-21,0
33.829911,0,0,95,58,92,98,802,1557,0,0,0,3,108,-21,0
33.841441,0,1,95,58,92,98,802,1557,0,0,-1,3,108,-21,0
33.845498,0,1,95,58,92,98,802,1557,0,0,-1,3,107,-21,0
33.852629,0,0,95,58,92,98,802,1557,0,0,-1,3,107,-21,0
33.856733,0,0,95,58,92,98,802,1557,0,0,-1,3,107,-21,0
33.860756,0,0,95,58,92,98,802,1557,0,0,-1,3,107,-21,0
33.872406,0,1,95,58,92,98,802,1557,0,0,0,3,107,-21,0
33.876479,0,1,95,58,92,98,802,1557,0,0,0,2,107,-21,0
33.883465,0,0,95,58,92,98,802,1557,0,0,0,2,107,-21,0
33.887610,0,0,95,58,92,98,802,1557,0,0,0,2,107,-21,0
33.891648,0,0,95,58,92,98,802,1557,0,0,0,2,107,-21,0
33.903806,0,1,95,58,92,98,802,1557,0,0,-1,3,107,-21,0
33.907857,0,0,95,58,92,98,802,1557,0,0,-1,3,107,-21,0
33.915054,0,0,95,58,92,98,802,1557,0,0,-1,3,107,-21,0
33.919191,0,0,95,58,92,98,802,1557,0,0,-1,3,107,-21,0
33.923267,0,0,95,58,92,98,802,1557,0,0,-1,3,107,-21,0
33.934394,0,0,95,58,92,98,802,1557,0,0,-1,3,107,-21,0
33.938474,0,1,95,58,92,98,802,1557,0,0,-1,3,106,-21,0
33.945713,0,0,95,58,92,98,802,1557,0,0,-1,3,106,-21,0
33.947604,0,0,95,58,92,98,802,1557,0,0,-1,3,106,-21,0
33.951705,0,0,95,58,92,98,802,1557,0,0,-1,3,106,-21,0
33.965002,0,0,95,58,92,98,802,1557,0,0,-1,3,106,-21,0
33.969133,0,0,95,58,92,98,802,1557,0,0,-1,3,106,-21,0
33.976597,0,0,95,58,92,98,802,1557,0,0,-1,3,106,-21,0
33.980697,0,1,95,58,92,98,802,1557,-1,0,-1,3,106,-21,0
33.984827,0,0,95,58,92,98,802,1557,-1,0,-1,3,106,-21,0
33.996417,0,1,95,58,92,98,802,1557,-1,0,-1,2,106,-21,0
34.000609,0,0,95,58,92,98,802,1557,-1,0,-1,2,106,-21,0
34.007934,0,0,95,58,92,98,802,1557,-1,0,-1,2,106,-21,0
34.012032,0,0,95,58,92,98,802,1557,-1,0,-1,2,106,-21,0
34.016550,0,0,95,58,92,98,802,1557,-1,0,-1,2,106,-21,0
34.027430,0,1,95,58,92,98,802,1557,-1,0,-1,3,106,-21,0
34.031517,0,0,95,58,92,98,802,1557,-1,0,-1,3,106,-21,0
34.039015,0,0,95,58,92,98,802,1557,-1,0,-1,3,106,-21,0
34.043552,0,0,95,58,92,98,802,1557,-1,0,-1,3,106,-21,0
34.057462,0,1,95,58,92,98,802,1557,-1,0,0,3,106,-21,0
34.062340,0,0,95,58,92,98,802,1557,-1,0,0,3,106,-21,0
34.069932,0,0,95,58,92,98,802,1557,-1,0,0,3,106,-21,0
34.078850,0,0,95,58,92,98,802,1557,-1,0,-1,3,106,-21,0
34.090717,0,0,95,58,92,98,802,1557,-1,0,-1,3,106,-21,0
34.101205,0,0,95,58,92,98,802,1557,-1,0,-1,3,106,-21,0
34.105841,0,0,95,58,92,98,802,1557,-1,0,-1,3,106,-21,0
34.119350,1,0,95,58,92,98,803,1557,-1,0,-1,3,106,-21,0
34.123606,0,0,95,58,92,98,803,1557,-1,0,-1,3,106,-21,0
34.131974,0,1,95,58,92,98,803,1557,0,0,-1,3,106,-21,0
34.136528,0,0,95,58,92,98,803,1557,0,0,-1,3,106,-21,0
34.140757,0,0,95,58,92,98,803,1557,0,0,-1,3,106,-21,0
34.151582,0,0,95,58,92,98,803,1557,0,0,-1,3,106,-21,0
34.155784,0,0,95,58,92,98,803,1557,0,0,-1,3,106,-21,0
34.163129,0,0,95,58,92,98,803,1557,0,0,-1,3,106,-21,0
34.167661,0,0,95,58,92,98,803,1557,0,0,-1,3,106,-21,0
34.172178,0,0,95,58,92,98,803,1557,0,0,-1,3,106,-21,0
34.182824,0,0,95,58,92,98,803,1557,0,0,-1,3,106,-21,0
34.192632,0,0,95,58,92,98,803,1557,0,0,-1,3,106,-21,0
34.196761,0,1,95,58,92,98,803,1557,-1,0,-1,2,106,-21,0
34.201330,0,0,95,58,92,98,803,1557,-1,0,-1,2,106,-21,0
34.213831,0,0,95,58,92,98,803,1557,-1,0,-1,2,106,-21,0
34.223461,0,1,95,58,92,98,803,1557,0,0,-1,2,106,-21,0
34.228077,0,0,95,58,92,98,803,1557,0,0,-1,2,106,-21,0
34.232493,0,0,95,58,92,98,803,1557,0,0,-1,2,106,-21,0
34.244530,0,0,95,58,92,98,803,1557,0,0,-1,2,106,-21,0
34.254474,0,1,95,58,92,98,803,1557,-1,0,-1,2,106,-21,0
34.258778,0,1,95,58,92,98,803,1557,-1,0,-1,3,106,-21,0
34.263436,0,0,95,58,92,98,803,1557,-1,0,-1,3,106,-21,0
34.275786,0,0,95,58,92,98,803,1557,-1,0,-1,3,106,-21,0
34.285714,0,1,95,58,92,98,803,1557,0,0,-1,3,106,-21,0
34.289908,0,0,95,58,92,98,803,1557,0,0,-1,3,106,-21,0
34.294135,0,0,95,58,92,98,803,1557,0,0,-1,3,106,-21,0
34.306781,0,0,95,58,92,98,803,1557,0,0,-1,3,106,-21,0
34.316369,0,1,95,58,92,98,803,1557,-1,0,-1,3,106,-21,0
34.321278,0,0,95,58,92,98,803,1557,-1,0,-1,3,106,-21,0
34.325832,0,0,95,58,92,98,803,1557,-1,0,-1,3,106,-21,0
34.338123,0,1,95,58,92,98,803,1557,0,0,-1,3,106,-21,0
34.347721,0,0,95,58,92,98,803,1557,0,0,-1,3,106,-21,0
34.352908,0,0,95,58,92,98,803,1557,0,0,-1,3,106,-21,0
34.370254,0,0,95,58,92,98,803,1557,0,0,-1,3,106,-21,0
34.380617,0,1,95,58,92,98,803,1557,0,0,-1,3,105,-21,0
34.385221,0,0,95,58,92,98,803,1557,0,0,-1,3,105,-21,0
34.398341,0,0,95,58,92,98,803,1557,0,0,-1,3,105,-21,0
34.402534,0,1,95,58,92,98,803,1557,0,0,-1,2,105,-21,0
34.411362,0,1,95,58,92,98,803,1557,0,0,-1,2,110,-22,75
34.415544,0,0,95,58,92,98,803,1557,0,0,-1,2,110,-22,75
34.419788,0,0,95,58,92,98,803,1557,0,0,-1,2,110,-22,75
34.431380,0,0,95,58,92,98,803,1557,0,0,-1,2,110,-22,75
34.441326,0,1,95,58,92,98,803,1557,0,0,-1,3,114,-22,0
34.445827,1,0,95,58,92,98,805,1557,0,0,-1,3,114,-22,0
34.449900,0,0,95,58,92,98,805,1557,0,0,-1,3,114,-22,0
34.461889,0,0,95,58,92,98,805,1557,0,0,-1,3,114,-22,0
34.471642,1,1,95,58,92,98,804,1557,0,0,-1,3,113,-22,0
34.475772,0,0,95,58,92,98,804,1557,0,0,-1,3,113,-22,0
34.480036,0,0,95,58,92,98,804,1557,0,0,-1,3,113,-22,0
34.492803,0,0,95,58,92,98,804,1557,0,0,-1,3,113,-22,0
34.502436,0,0,95,58,92,98,804,1557,0,0,-1,3,113,-22,0
34.506708,0,0,95,58,92,98,804,1557,0,0,-1,3,113,-22,0
34.511756,0,0,95,58,92,98,804,1557,0,0,-1,3,113,-22,0
34.523872,0,0,95,58,92,98,804,1557,0,0,-1,3,113,-22,0
34.533375,0,0,95,58,92,98,804,1557,0,0,-1,3,113,-22,0
34.537598,0,0,95,58,92,98,804,1557,0,0,-1,3,113,-22,0
34.542624,0,0,95,58,92,98,804,1557,0,0,-1,3,113,-22,0
34.555258,0,0,95,58,92,98,804,1557,0,0,-1,3,113,-22,0
34.565251,0,1,95,58,92,98,804,1557,0,0,-1,3,112,-22,0
34.569751,0,0,95,58,92,98,804,1557,0,0,-1,3,112,-22,0
34.574287,0,0,95,58,92,98,804,1557,0,0,-1,3,112,-22,0
34.585989,0,1,95,58,92,98,804,1557,0,0,0,3,113,-22,0
34.595403,0,1,95,58,92,98,804,1557,0,0,0,3,113,-23,0
34.599559,0,0,95,58,92,98,804,1557,0,0,0,3,113,-23,0
34.601837,0,1,95,58,92,98,804,1557,-1,0,0,3,113,-23,0
34.615849,0,1,95,58,92,98,804,1557,-1,0,-1,3,113,-23,0
34.620993,0,1,95,58,92,98,804,1557,-1,0,-1,3,112,-22,0
34.628493,0,0,95,58,92,98,804,1557,-1,0,-1,3,112,-22,0
34.633457,0,1,95,58,92,98,804,1557,0,0,-1,3,112,-22,0
34.647237,0,0,95,58,92,98,804,1557,0,0,-1,3,112,-22,0
34.652196,0,0,95,58,92,98,804,1557,0,0,-1,3,112,-22,0
34.659656,0,0,95,58,92,98,804,1557,0,0,-1,3,112,-22,0
34.664858,0,0,95,58,92,98,804,1557,0,0,-1,3,112,-22,0
34.678369,0,0,95,58,92,98,804,1557,0,0,-1,3,112,-22,0
34.688470,0,0,95,58,92,98,804,1557,0,0,-1,3,112,-22,0
34.693490,0,0,95,58,92,98,804,1557,0,0,-1,3,112,-22,0
34.698514,0,0,95,58,92,98,804,1557,0,0,-1,3,112,-22,0
34.710346,0,0,95,58,92,98,804,1557,0,0,-1,3,112,-22,0
34.720476,0,0,95,58,92,98,804,1557,0,0,-1,3,112,-22,0
34.729538,0,0,95,58,92,98,804,1557,0,0,-1,3,112,-22,0
34.741264,0,0,95,58,92,98,804,1557,0,0,-1,3,112,-22,0
34.751768,0,0,95,58,92,98,804,1557,0,0,-1,3,112,-22,0
34.755996,0,0,95,58,92,98,804,1557,0,0,-1,3,112,-22,0
34.760191,1,1,95,58,92,98,805,1557,0,0,-1,3,118,-22,17
34.771905,0,1,95,58,92,98,805,1557,0,0,-1,3,118,-23,17
34.781456,0,1,95,58,92,98,805,1557,-1,0,-1,3,118,-23,17
34.786468,0,0,95,58,92,98,805,1557,-1,0,-1,3,118,-23,17
34.790571,0,1,95,58,92,98,805,1557,-1,0,-1,3,119,-24,0
34.803205,0,0,95,58,92,98,805,1557,-1,0,-1,3,119,-24,0
34.813405,0,1,95,58,92,98,805,1557,0,0,-1,3,119,-24,0
34.818509,0,1,95,58,92,98,805,1557,0,0,-1,4,119,-24,0
34.832291,0,1,95,58,92,98,805,1557,0,0,-1,4,118,-23,0
34.836550,0,0,95,58,92,98,805,1557,0,0,-1,4,118,-23,0
34.845812,0,0,95,58,92,98,805,1557,0,0,-1,4,118,-23,0
34.850456,0,1,95,58,92,98,805,1557,0,0,-1,4,118,-24,0
34.864221,0,0,95,58,92,98,805,1557,0,0,-1,4,118,-24,0
34.868398,0,0,95,58,92,98,805,1557,0,0,-1,4,118,-24,0
34.875673,0,0,95,58,92,98,805,1557,0,0,-1,4,118,-24,0
34.880685,0,1,95,58,92,98,805,1557,0,0,-1,4,118,-23,0
34.882890,0,0,95,58,92,98,805,1557,0,0,-1,4,118,-23,0
34.896230,0,0,95,58,92,98,805,1557,0,0,-1,4,118,-23,0
34.906306,0,1,95,58,92,98,805,1557,-1,0,-1,4,118,-23,0
34.911221,0,1,95,58,92,98,805,1557,-1,0,-1,3,118,-23,0
34.916187,0,0,95,58,92,98,805,1557,-1,0,-1,3,118,-23,0
34.927574,0,0,95,58,92,98,805,1557,-1,0,-1,3,118,-23,0
34.937716,0,1,95,58,92,98,805,1557,0,0,-1,3,118,-23,0
34.941797,0,0,95,58,92,98,805,1557,0,0,-1,3,118,-23,0
34.945918,0,0,95,58,92,98,805,1557,0,0,-1,3,118,-23,0
34.957758,0,0,95,58,92,98,805,1557,0,0,-1,3,118,-23,0
34.961839,0,1,95,58,92,98,805,1557,0,0,-1,4,118,-23,0
34.969291,0,0,95,58,92,98,805,1557,0,0,-1,4,118,-23,0
34.973476,0,0,95,58,92,98,805,1557,0,0,-1,4,118,-23,0
34.977727,0,0,95,58,92,98,805,1557,0,0,-1,4,118,-23,0
34.988504,0,0,95,58,92,98,805,1557,0,0,-1,4,118,-23,0
34.992647,0,1,95,58,92,98,805,1557,0,0,0,4,118,-23,0
34.999910,0,0,95,58,92,98,805,1557,0,0,0,4,118,-23,0
35.008959,0,0,95,58,92,98,805,1557,0,0,0,4,118,-23,0
35.020331,0,1,95,58,92,98,805,1557,-1,0,0,4,118,-23,0
35.030562,0,0,95,58,92,98,805,1557,-1,0,0,4,118,-23,0
35.035504,0,0,95,58,92,98,805,1557,-1,0,0,4,118,-23,0
35.039734,0,0,95,58,92,98,805,1557,-1,0,0,4,118,-23,0
35.050820,0,0,95,58,92,98,805,1557,-1,0,0,4,118,-23,0
35.060444,0,1,95,58,92,98,805,1557,-1,0,-1,4,118,-23,81
35.064707,1,1,95,58,92,98,806,1557,-1,0,-1,4,126,-25,81
35.068836,0,0,95,58,92,98,806,1557,-1,0,-1,4,126,-25,81
35.081572,0,1,95,58,92,98,806,1557,0,0,-1,4,126,-25,81
35.091421,1,1,95,58,92,98,808,1557,0,0,-1,4,135,-25,23
35.095899,0,1,95,58,92,98,808,1557,0,0,-1,4,135,-26,23
35.099989,0,0,95,58,92,98,808,1557,0,0,-1,4,135,-26,23
35.112809,0,0,95,58,92,98,808,1557,0,0,-1,4,135,-26,23
35.122691,0,1,95,58,92,98,808,1557,0,0,-1,5,134,-26,0
35.126798,0,0,95,58,92,98,808,1557,0,0,-1,5,134,-26,0
35.131302,0,0,95,58,92,98,808,1557,0,0,-1,5,134,-26,0
35.144475,0,1,95,58,92,98,808,1557,0,0,-1,4,134,-26,0
35.154413,0,0,95,58,92,98,808,1557,0,0,-1,4,134,-26,0
35.158716,0,0,95,58,92,98,808,1557,0,0,-1,4,134,-26,0
35.163277,0,1,95,58,92,98,808,1557,-1,0,-1,4,134,-26,0
35.174551,0,0,95,58,92,98,808,1557,-1,0,-1,4,134,-26,0
35.178805,0,0,95,58,92,98,808,1557,-1,0,-1,4,134,-26,0
35.186231,0,0,95,58,92,98,808,1557,-1,0,-1,4,134,-26,0
35.190322,0,0,95,58,92,98,808,1557,-1,0,-1,4,134,-26,0
35.194898,0,0,95,58,92,98,808,1557,-1,0,-1,4,134,-26,0
35.206055,0,1,95,58,92,98,808,1557,-1,0,-1,4,133,-26,0
35.215576,0,0,95,58,92,98,808,1557,-1,0,-1,4,133,-26,0
35.221309,0,1,95,58,92,98,808,1557,0,0,-1,4,133,-26,0
35.235451,0,0,95,58,92,98,808,1557,0,0,-1,4,133,-26,0
35.246657,0,0,95,58,92,98,808,1557,0,0,-1,4,133,-26,0
35.249862,0,0,95,58,92,98,808,1557,0,0,-1,4,133,-26,0
35.255376,0,1,95,58,92,98,808,1557,-1,0,-1,4,133,-26,0
35.267909,0,1,95,58,92,98,808,1557,-1,0,-1,4,132,-26,0
35.277369,0,0,95,58,92,98,808,1557,-1,0,-1,4,132,-26,0
35.281836,0,1,95,58,92,98,808,1557,0,0,-1,4,132,-26,0
35.286393,0,0,95,58,92,98,808,1557,0,0,-1,4,132,-26,0
35.299244,0,0,95,58,92,98,808,1557,0,0,-1,4,132,-26,0
35.309602,0,0,95,58,92,98,808,1557,0,0,-1,4,132,-26,0
35.314168,0,1,95,58,92,98,808,1557,-1,0,-1,4,132,-26,0
35.319232,0,1,95,58,92,98,808,1557,-1,0,0,5,132,-26,0
35.330800,0,0,95,58,92,98,808,1557,-1,0,0,5,132,-26,0
35.341058,0,0,95,58,92,98,808,1557,-1,0,0,5,132,-26,0
35.346346,0,1,95,58,92,98,808,1557,-1,0,-1,5,132,-26,0
35.360933,0,1,95,58,92,98,808,1557,-1,0,-1,4,132,-26,0
35.371846,0,0,95,58,92,98,808,1557,-1,0,-1,4,132,-26,0
35.390926,0,0,95,58,92,98,808,1557,-1,0,-1,4,132,-26,0
35.401929,0,0,95,58,92,98,808,1557,-1,0,-1,4,132,-26,0
35.407508,0,0,95,58,92,98,808,1557,-1,0,-1,4,132,-26,0
35.421376,0,0,95,58,92,98,808,1557,-1,0,-1,4,132,-26,0
35.425627,0,0,95,58,92,98,808,1557,-1,0,-1,4,132,-26,0
35.433689,0,1,95,58,92,98,808,1557,0,0,-1,4,132,-26,0
35.437885,0,0,95,58,92,98,808,1557,0,0,-1,4,132,-26,-23
35.442459,0,1,95,58,92,98,808,1557,0,0,-1,4,140,-27,-23
35.453583,0,0,95,58,92,98,808,1557,0,0,-1,4,140,-27,-23
35.457806,0,0,95,58,92,98,808,1557,0,0,-1,4,140,-27,-23
35.464832,0,0,95,58,92,98,808,1557,0,0,-1,4,140,-27,-23
35.469040,1,1,95,58,92,98,809,1557,0,0,0,4,140,-27,0
35.473762,0,0,95,58,92,98,809,1557,0,0,0,4,140,-27,0
35.485175,0,0,95,58,92,98,809,1557,0,0,0,4,140,-27,0
35.494765,0,1,95,58,92,98,809,1557,-1,0,0,4,140,-27,0
35.498977,0,1,95,58,92,98,809,1557,-1,0,-1,4,140,-27,0
35.503210,0,1,95,58,92,98,809,1557,-1,0,-1,4,138,-28,0
35.515600,0,0,95,58,92,98,809,1557,-1,0,-1,4,138,-28,0
35.525351,0,1,95,58,92,98,809,1557,0,0,-1,4,138,-28,0
35.529923,0,1,95,58,92,98,809,1557,0,0,0,4,138,-28,0
35.534185,0,1,95,58,92,98,809,1557,0,0,0,4,138,-27,0
35.547743,0,0,95,58,92,98,809,1557,0,0,0,4,138,-27,0
35.550796,0,1,95,58,92,98,809,1557,-1,0,0,4,138,-27,0
35.558483,0,0,95,58,92,98,809,1557,-1,0,0,4,138,-27,0
35.563505,0,1,95,58,92,98,809,1557,-1,0,0,4,137,-28,0
35.577221,0,0,95,58,92,98,809,1557,-1,0,0,4,137,-28,0
35.581843,0,0,95,58,92,98,809,1557,-1,0,0,4,137,-28,0
35.589922,0,0,95,58,92,98,809,1557,-1,0,0,4,137,-28,0
35.594915,0,0,95,58,92,98,809,1557,-1,0,0,4,137,-28,0
35.607979,0,0,95,58,92,98,809,1557,-1,0,0,4,137,-28,0
35.612952,0,1,95,58,92,98,809,1557,0,0,0,4,137,-28,0
35.620143,0,0,95,58,92,98,809,1557,0,0,0,4,137,-28,0
35.624327,0,1,95,58,92,98,809,1557,0,0,0,4,136,-28,0
35.638297,0,0,95,58,92,98,809,1557,0,0,0,4,136,-28,0
35.643013,0,1,95,58,92,98,809,1557,-1,0,0,4,136,-28,0
35.651024,0,0,95,58,92,98,809,1557,-1,0,0,4,136,-28,0
35.655582,0,0,95,58,92,98,809,1557,-1,0,0,4,136,-28,0
35.669326,0,0,95,58,92,98,809,1557,-1,0,0,4,136,-28,0
35.682350,0,1,95,58,92,98,809,1557,0,0,-1,4,136,-28,0
35.686537,1,1,95,58,92,98,808,1557,0,0,-1,4,136,-27,0
35.690715,0,0,95,58,92,98,808,1557,0,0,-1,4,136,-27,0
35.702197,0,0,95,58,92,98,808,1557,0,0,-1,4,136,-27,0
35.711468,0,1,95,58,92,98,808,1557,0,0,0,4,136,-27,0
35.715802,1,1,95,58,92,98,810,1557,0,0,0,4,145,-28,12
35.720049,0,0,95,58,92,98,810,1557,0,0,0,4,145,-28,12
35.732443,0,0,95,58,92,98,810,1557,0,0,0,4,145,-28,12
35.736712,0,1,95,58,92,98,810,1557,0,0,-1,4,145,-28,12
35.744034,0,1,95,58,92,98,810,1557,0,0,-1,5,145,-28,0
35.748587,1,1,95,58,92,98,809,1557,0,0,-1,5,143,-28,0
35.753166,0,0,95,58,92,98,809,1557,0,0,-1,5,143,-28,0
35.764178,0,0,95,58,92,98,809,1557,0,0,-1,5,143,-28,0
35.774636,0,1,95,58,92,98,809,1557,0,0,-1,5,142,-28,0
35.779881,0,0,95,58,92,98,809,1557,0,0,-1,5,142,-28,0
35.793282,0,0,95,58,92,98,809,1557,0,0,-1,5,142,-28,0
35.797448,0,0,95,58,92,98,809,1557,0,0,-1,5,142,-28,0
35.805525,0,1,95,58,92,98,809,1557,0,0,-1,4,142,-28,0
35.809619,0,0,95,58,92,98,809,1557,0,0,-1,4,142,-28,0
35.813742,0,0,95,58,92,98,809,1557,0,0,-1,4,142,-28,0
35.825484,0,0,95,58,92,98,809,1557,0,0,-1,4,142,-28,0
35.829619,0,1,95,58,92,98,809,1557,0,0,-1,5,142,-28,0
35.836678,0,0,95,58,92,98,809,1557,0,0,-1,5,142,-28,0
35.838542,0,0,95,58,92,98,809,1557,0,0,-1,5,142,-28,0
35.842694,0,0,95,58,92,98,809,1557,0,0,-1,5,142,-28,0
35.855799,0,1,95,58,92,98,809,1557,-1,0,-1,5,142,-28,0
35.859904,0,1,95,58,92,98,809,1557,-1,0,0,5,142,-28,0
35.867801,0,1,95,58,92,98,809,1557,-1,0,0,5,141,-28,0
35.871929,0,0,95,58,92,98,809,1557,-1,0,0,5,141,-28,0
35.876175,0,1,95,58,92,98,809,1557,0,0,0,5,141,-28,0
35.887394,0,0,95,58,92,98,809,1557,0,0,0,5,141,-28,0
35.891900,0,0,95,58,92,98,809,1557,0,0,0,5,141,-28,0
35.898892,0,0,95,58,92,98,809,1557,0,0,0,5,141,-28,0
35.903004,0,0,95,58,92,98,809,1557,0,0,0,5,141,-28,0
35.907067,0,1,95,58,92,98,809,1557,-1,0,0,5,141,-28,0
35.918422,0,1,95,58,92,98,809,1557,-1,0,-1,5,141,-28,0
35.922569,0,0,95,58,92,98,809,1557,-1,0,-1,5,141,-28,0
35.929572,0,0,95,58,92,98,809,1557,-1,0,-1,5,141,-28,0
35.933716,0,0,95,58,92,98,809,1557,-1,0,-1,5,141,-28,0
35.937795,0,0,95,58,92,98,809,1557,-1,0,-1,5,141,-28,0
35.949425,0,0,95,58,92,98,809,1557,-1,0,-1,5,141,-28,0
35.953533,0,1,95,58,92,98,809,1557,-1,0,-1,5,140,-28,0
35.960816,0,0,95,58,92,98,809,1557,-1,0,-1,5,140,-28,0
35.967405,0,0,95,58,92,98,809,1557,-1,0,-1,5,140,-28,0
35.980892,0,1,95,58,92,98,809,1557,-1,0,0,5,141,-28,0
35.990338,0,0,95,58,92,98,809,1557,-1,0,0,5,141,-28,0
35.994387,0,0,95,58,92,98,809,1557,-1,0,0,5,141,-28,0
35.998493,0,0,95,58,92,98,809,1557,-1,0,0,5,141,-28,0
36.011414,1,1,95,58,92,98,810,1557,-1,0,0,5,146,-28,92
36.015501,0,1,95,58,92,98,810,1557,-1,0,0,5,146,-30,92
36.022544,0,0,95,58,92,98,810,1557,-1,0,0,5,146,-30,92
36.026749,0,0,95,58,92,98,810,1557,-1,0,0,5,146,-30,92
36.030895,0,1,95,58,92,98,810,1557,-1,0,-1,6,146,-30,92
36.043442,1,1,95,58,92,98,812,1557,-1,0,-1,6,160,-32,6
36.053764,0,0,95,58,92,98,812,1557,-1,0,-1,6,160,-32,6
36.058771,0,1,95,58,92,98,812,1557,-1,0,0,6,160,-32,6
36.072226,0,1,95,58,92,98,812,1557,-1,0,0,6,162,-32,0
36.076852,0,0,95,58,92,98,812,1557,-1,0,0,6,162,-32,0
36.085370,0,0,95,58,92,98,812,1557,-1,0,0,6,162,-32,0
36.089920,0,0,95,58,92,98,812,1557,-1,0,0,6,162,-32,0
36.103328,0,1,95,58,92,98,812,1557,-1,0,0,6,161,-32,0
36.107934,0,0,95,58,92,98,812,1557,-1,0,0,6,161,-32,0
36.115652,0,0,95,58,92,98,812,1557,-1,0,0,6,161,-32,0
36.119838,0,0,95,58,92,98,812,1557,-1,0,0,6,161,-32,0
36.124986,0,0,95,58,92,98,812,1557,-1,0,0,6,161,-32,0
36.135670,0,0,95,58,92,98,812,1557,-1,0,0,6,161,-32,0
36.139803,0,0,95,58,92,98,812,1557,-1,0,0,6,161,-32,0
36.147463,0,0,95,58,92,98,812,1557,-1,0,0,6,161,-32,0
36.151747,0,1,95,58,92,98,812,1557,-1,0,-1,6,161,-32,0
36.165458,0,1,95,58,92,98,812,1557,-1,0,-1,6,160,-31,0
36.169728,0,0,95,58,92,98,812,1557,-1,0,-1,6,160,-31,0
36.177652,0,1,95,58,92,98,812,1557,0,0,-1,6,160,-31,0
36.182561,0,1,95,58,92,98,812,1557,0,0,0,6,160,-31,0
36.187203,0,0,95,58,92,98,812,1557,0,0,0,6,160,-31,0
36.198265,0,0,95,58,92,98,812,1557,0,0,0,6,160,-31,0
36.200497,0,0,95,58,92,98,812,1557,0,0,0,6,160,-31,0
36.208604,0,0,95,58,92,98,812,1557,0,0,0,6,160,-31,0
36.212770,0,0,95,58,92,98,812,1557,0,0,0,6,160,-31,0
36.217337,0,0,95,58,92,98,812,1557,0,0,0,6,160,-31,0
36.229447,0,0,95,58,92,98,812,1557,0,0,0,6,160,-31,0
36.239596,0,1,95,58,92,98,812,1557,-1,0,0,6,160,-31,0
36.244515,0,1,95,58,92,98,812,1557,-1,0,-1,6,160,-32,0
36.248769,0,0,95,58,92,98,812,1557,-1,0,-1,6,160,-32,0
36.260002,0,0,95,58,92,98,812,1557,-1,0,-1,6,160,-32,0
36.269476,0,1,95,58,92,98,812,1557,0,0,0,6,160,-32,0
36.273695,0,0,95,58,92,98,812,1557,0,0,0,6,160,-32,0
36.277787,0,1,95,58,92,98,812,1557,0,0,0,6,160,-31,0
36.290831,0,0,95,58,92,98,812,1557,0,0,0,6,160,-31,0
36.300342,0,0,95,58,92,98,812,1557,0,0,0,6,160,-31,0
36.304539,0,1,95,58,92,98,812,1557,0,0,0,6,159,-31,0
36.308715,0,0,95,58,92,98,812,1557,0,0,0,6,159,-31,0
36.322165,0,0,95,58,92,98,812,1557,0,0,0,6,159,-31,0
36.335914,0,0,95,58,92,98,812,1557,0,0,-1,7,159,-31,0
36.340990,0,0,95,58,92,98,812,1557,0,0,-1,7,159,-31,0
36.352772,0,0,95,58,92,98,812,1557,0,0,-1,7,159,-31,0
36.362345,0,0,95,58,92,98,812,1557,0,0,-1,7,159,-31,0
36.366505,0,1,95,58,92,98,812,1557,0,0,-1,6,159,-31,0
36.370675,0,0,95,58,92,98,812,1557,0,0,-1,6,159,-31,0
36.384313,0,0,95,58,92,98,812,1557,0,0,-1,6,159,-31,0
36.394431,0,1,95,58,92,98,812,1557,0,0,-1,6,165,-31,105
36.399499,1,1,95,58,92,98,813,1557,0,0,-1,6,165,-33,105
36.413316,0,0,95,58,92,98,813,1557,0,0,-1,6,165,-33,105
36.418358,0,1,95,58,92,98,813,1557,0,0,0,6,165,-33,105
36.426585,0,1,95,58,92,98,813,1557,0,0,0,7,167,-33,0
36.432067,0,0,95,58,92,98,813,1557,0,0,0,7,167,-33,0
36.446097,0,1,95,58,92,98,813,1557,-1,0,0,7,167,-33,0
36.455694,0,1,95,58,92,98,813,1557,-1,0,0,7,166,-33,0
36.460226,0,0,95,58,92,98,813,1557,-1,0,0,7,166,-33,0
36.465198,0,1,95,58,92,98,813,1557,0,0,0,7,166,-33,0
36.477249,0,0,95,58,92,98,813,1557,0,0,0,7,166,-33,0
36.487352,0,1,95,58,92,98,813,1557,0,0,0,7,165,-32,0
36.489594,0,0,95,58,92,98,813,1557,0,0,0,7,165,-32,0
36.494872,0,0,95,58,92,98,813,1557,0,0,0,7,165,-32,0
36.507823,0,0,95,58,92,98,813,1557,0,0,0,7,165,-32,0
36.517716,0,1,95,58,92,98,813,1557,0,0,0,7,164,-32,0
36.522437,0,0,95,58,92,98,813,1557,0,0,0,7,164,-32,0
36.527456,0,0,95,58,92,98,813,1557,0,0,0,7,164,-32,0
36.539010,0,1,95,58,92,98,813,1557,0,0,0,6,164,-32,0
36.548595,0,0,95,58,92,98,813,1557,0,0,0,6,164,-32,0
36.553197,0,0,95,58,92,98,813,1557,0,0,0,6,164,-32,0
36.558255,0,0,95,58,92,98,813,1557,0,0,0,6,164,-32,0
36.569900,0,1,95,58,92,98,813,1557,0,0,0,7,164,-32,0
36.579397,0,0,95,58,92,98,813,1557,0,0,0,7,164,-32,0
36.583534,0,0,95,58,92,98,813,1557,0,0,0,7,164,-32,0
36.588187,0,0,95,58,92,98,813,1557,0,0,0,7,164,-32,0
36.601317,0,0,95,58,92,98,813,1557,0,0,0,7,164,-32,0
36.611733,0,0,95,58,92,98,813,1557,0,0,0,7,164,-32,0
36.630249,0,0,95,58,92,98,813,1557,0,0,0,7,164,-32,0
36.635108,0,1,95,58,92,98,813,1557,0,0,0,7,163,-32,0
36.643416,0,0,95,58,92,98,813,1557,0,0,0,7,163,-32,0
36.648121,0,0,95,58,92,98,813,1557,0,0,0,7,163,-32,0
36.661507,0,0,95,58,92,98,813,1557,0,0,0,7,163,-32,0
36.666069,1,1,95,58,92,98,815,1557,0,0,0,7,173,-34,35
36.674391,0,0,95,58,92,98,815,1557,0,0,0,7,173,-34,35
36.679339,0,0,95,58,92,98,815,1557,0,0,0,7,173,-34,35
36.693180,0,1,95,58,92,98,815,1557,0,0,0,7,172,-34,0
36.697338,0,0,95,58,92,98,815,1557,0,0,0,7,172,-34,0
36.705846,0,0,95,58,92,98,815,1557,0,0,0,7,172,-34,0
36.710465,0,0,95,58,92,98,815,1557,0,0,0,7,172,-34,0
36.723745,0,1,95,58,92,98,815,1557,0,0,0,6,171,-34,0
36.727905,0,0,95,58,92,98,815,1557,0,0,0,6,171,-34,0
36.736012,0,0,95,58,92,98,815,1557,0,0,0,6,171,-34,0
36.740191,0,1,95,58,92,98,815,1557,0,0,-1,6,171,-34,0
36.744388,0,1,95,58,92,98,815,1557,0,0,-1,6,170,-34,0
36.755555,0,0,95,58,92,98,815,1557,0,0,-1,6,170,-34,0
36.759785,0,0,95,58,92,98,815,1557,0,0,-1,6,170,-34,0
36.768499,0,0,95,58,92,98,815,1557,0,0,-1,6,170,-34,0
36.773797,0,1,95,58,92,98,815,1557,0,0,0,7,170,-34,0
36.787728,0,1,95,58,92,98,815,1557,0,0,0,7,169,-34,0
36.798105,0,0,95,58,92,98,815,1557,0,0,0,7,169,-34,0
36.803818,0,1,95,58,92,98,815,1557,0,0,-1,7,169,-34,0
36.817772,0,0,95,58,92,98,815,1557,0,0,-1,7,169,-34,0
36.821523,0,0,95,58,92,98,815,1557,0,0,-1,7,169,-34,0
36.830191,0,0,95,58,92,98,815,1557,0,0,-1,7,169,-34,0
36.836086,0,0,95,58,92,98,815,1557,0,0,-1,7,169,-34,0
36.850104,0,0,95,58,92,98,815,1557,0,0,-1,7,169,-34,0
36.861200,0,0,95,58,92,98,815,1557,0,0,-1,7,169,-34,0
36.866941,0,1,95,58,92,98,815,1557,0,0,-1,6,169,-34,0
36.879516,0,0,95,58,92,98,815,1557,0,0,-1,6,169,-34,0
36.883722,0,0,95,58,92,98,815,1557,0,0,-1,6,169,-34,0
36.891431,0,0,95,58,92,98,815,1557,0,0,-1,6,169,-34,0
36.895675,0,1,95,58,92,98,815,1557,0,0,-1,7,169,-34,0
36.899833,0,0,95,58,92,98,815,1557,0,0,-1,7,169,-34,0
36.910778,0,0,95,58,92,98,815,1557,0,0,-1,7,169,-34,0
36.920553,0,0,95,58,92,98,815,1557,0,0,-1,7,169,-34,0
36.925894,0,1,95,58,92,98,815,1557,0,0,0,7,168,-34,0
36.930479,0,1,95,58,92,98,815,1557,0,0,0,7,168,-33,0
36.941771,0,0,95,58,92,98,815,1557,0,0,0,7,168,-33,0
36.953496,0,0,95,58,92,98,815,1557,0,0,0,7,168,-33,0
36.957625,0,0,95,58,92,98,815,1557,0,0,0,7,168,-33,0
36.961822,0,0,95,58,92,98,815,1557,0,0,0,7,168,-33,0
36.973034,0,0,95,58,92,98,815,1557,0,0,0,7,168,-33,0
36.982712,0,0,95,58,92,98,815,1557,0,0,0,7,168,-33,0
36.987572,0,1,95,58,92,98,815,1557,0,0,0,7,168,-35,0
36.991772,0,0,95,58,92,98,815,1557,0,0,0,7,168,-35,0
37.003489,0,0,95,58,92,98,815,1557,0,0,0,7,168,-35,0
37.007738,0,0,95,58,92,98,815,1557,0,0,0,7,168,-35,0
37.015510,0,0,95,58,92,98,815,1557,0,0,0,7,168,-35,0
37.020434,1,1,95,58,92,98,817,1557,0,0,0,7,179,-35,0
37.034310,0,0,95,58,92,98,817,1557,0,0,0,7,179,-35,0
37.038887,0,0,95,58,92,98,817,1557,0,0,0,7,179,-35,0
37.046612,0,0,95,58,92,98,817,1557,0,0,0,7,179,-35,0
37.050959,0,0,95,58,92,98,817,1557,0,0,0,7,179,-35,0
37.064354,0,0,95,58,92,98,817,1557,0,0,0,7,179,-35,0
37.068563,0,0,95,58,92,98,817,1557,0,0,0,7,179,-35,0
37.076815,1,1,95,58,92,98,816,1557,0,0,0,7,178,-35,0
37.081038,0,0,95,58,92,98,816,1557,0,0,0,7,178,-35,0
37.085600,0,0,95,58,92,98,816,1557,0,0,0,7,178,-35,0
37.096779,0,0,95,58,92,98,816,1557,0,0,0,7,178,-35,0
37.106346,0,0,95,58,92,98,816,1557,0,0,0,7,178,-35,0
37.110591,0,0,95,58,92,98,816,1557,0,0,0,7,178,-35,0
37.115155,0,0,95,58,92,98,816,1557,0,0,0,7,178,-35,0
37.128166,0,0,95,58,92,98,816,1557,0,0,0,7,178,-35,0
37.137539,0,0,95,58,92,98,816,1557,0,0,0,7,178,-35,0
37.141773,0,0,95,58,92,98,816,1557,0,0,0,7,178,-35,0
37.145945,0,0,95,58,92,98,816,1557,0,0,0,7,178,-35,0
37.159299,0,0,95,58,92,98,816,1557,0,0,0,7,178,-35,0
37.169631,0,1,95,58,92,98,816,1557,0,0,0,7,177,-35,0
37.173796,0,0,95,58,92,98,816,1557,0,0,0,7,177,-35,0
37.175790,0,0,95,58,92,98,816,1557,0,0,0,7,177,-35,0
37.188868,0,0,95,58,92,98,816,1557,0,0,0,7,177,-35,0
37.193117,0,0,95,58,92,98,816,1557,0,0,0,7,177,-35,0
37.201015,0,0,95,58,92,98,816,1557,0,0,0,7,177,-35,0
37.205136,0,0,95,58,92,98,816,1557,0,0,0,7,177,-35,0
37.209989,0,0,95,58,92,98,816,1557,0,0,0,7,177,-35,0
37.220980,0,0,95,58,92,98,816,1557,0,0,0,7,177,-35,0
37.230848,0,0,95,58,92,98,816,1557,0,0,0,7,177,-35,0
37.235874,0,0,95,58,92,98,816,1557,0,0,0,7,177,-35,0
37.241045,0,0,95,58,92,98,816,1557,0,0,0,7,177,-35,0
37.252523,0,1,95,58,92,98,816,1557,0,0,0,6,177,-35,0
37.262896,0,0,95,58,92,98,816,1557,0,0,0,6,177,-35,0
37.267505,0,0,95,58,92,98,816,1557,0,0,0,6,177,-35,0
37.281310,0,1,95,58,92,98,816,1557,0,-1,-1,6,177,-35,0
37.292770,0,1,95,58,92,98,816,1557,0,-1,-1,6,177,-34,0
37.312410,0,1,95,58,92,98,816,1557,0,0,-1,6,177,-34,0
37.317101,0,1,95,58,92,98,816,1557,0,0,-1,7,177,-34,0
37.325267,0,0,95,58,92,98,816,1557,0,0,-1,7,177,-34,0
37.330417,0,0,95,58,92,98,816,1557,0,0,-1,7,177,-34,0
37.344248,0,1,95,58,92,98,816,1557,0,0,0,7,177,-34,0
37.354718,0,0,95,58,92,98,816,1557,0,0,0,7,177,-34,0
37.359600,0,0,95,58,92,98,816,1557,0,0,0,7,177,-34,0
37.364610,0,1,95,58,92,98,816,1557,0,0,-1,7,177,-34,0
37.375921,0,1,95,58,92,98,816,1557,0,0,-1,6,177,-34,0
37.385382,0,0,95,58,92,98,816,1557,0,0,-1,6,177,-34,0
37.390096,0,0,95,58,92,98,816,1557,0,0,-1,6,177,-34,0
37.396086,0,0,95,58,92,98,816,1557,0,0,-1,6,177,-34,0
37.407883,0,1,95,58,92,98,816,1557,0,0,-1,6,177,-35,0
37.418243,0,0,95,58,92,98,816,1557,0,0,-1,6,177,-35,0
37.423433,0,0,95,58,92,98,816,1557,0,0,-1,6,177,-35,0
37.437372,0,0,95,58,92,98,816,1557,0,0,-1,6,177,-35,0
37.447878,0,0,95,58,92,98,816,1557,0,0,-1,6,177,-35,0
37.453036,0,1,95,58,92,98,816,1557,0,0,0,6,177,-35,0
37.458154,0,1,95,58,92,98,816,1557,0,0,0,7,177,-35,0
37.469054,0,0,95,58,92,98,816,1557,0,0,0,7,177,-35,0
37.470934,0,0,95,58,92,98,816,1557,0,0,0,7,177,-35,0
37.480389,0,0,95,58,92,98,816,1557,0,0,0,7,177,-35,0
37.485302,0,1,95,58,92,98,816,1557,0,0,-1,7,177,-35,0
37.498601,0,0,95,58,92,98,816,1557,0,0,-1,7,177,-35,0
37.503626,0,0,95,58,92,98,816,1557,0,0,-1,7,177,-35,0
37.510976,0,0,95,58,92,98,816,1557,0,0,-1,7,177,-35,0
37.515204,0,0,95,58,92,98,816,1557,0,0,-1,7,177,-35,0
37.519394,0,0,95,58,92,98,816,1557,0,0,-1,7,177,-35,0
37.530442,0,0,95,58,92,98,816,1557,0,0,-1,7,177,-35,0
37.534608,0,0,95,58,92,98,816,1557,0,0,-1,7,177,-35,0
37.542196,0,0,95,58,92,98,816,1557,0,0,-1,7,177,-35,0
37.546390,0,1,95,58,92,98,816,1557,0,0,-1,6,176,-35,0
37.551013,0,0,95,58,92,98,816,1557,0,0,-1,6,176,-35,0
37.562163,0,0,95,58,92,98,816,1557,0,0,-1,6,176,-35,0
37.571646,0,0,95,58,92,98,816,1557,0,0,-1,6,176,-35,0
37.576280,0,1,95,58,92,98,816,1557,0,0,-1,7,176,-35,0
37.580453,0,1,95,58,92,98,816,1557,0,0,-1,7,177,-35,0
37.593269,0,0,95,58,92,98,816,1557,0,0,-1,7,177,-35,0
37.606582,0,1,95,58,92,98,816,1557,0,0,-1,7,176,-35,0
37.610789,0,0,95,58,92,98,816,1557,0,0,-1,7,176,-35,0
37.623861,0,0,95,58,92,98,816,1557,0,0,-1,7,176,-35,0
37.633625,0,0,95,58,92,98,816,1557,0,0,-1,7,176,-35,0
37.638611,1,1,95,58,92,98,817,1557,0,0,-1,7,186,-35,126
37.643179,0,1,95,58,92,98,817,1557,0,0,-1,7,186,-36,126
37.654969,0,0,95,58,92,98,817,1557,0,0,-1,7,186,-36,126
37.664468,0,0,95,58,92,98,817,1557,0,0,-1,7,186,-36,126
37.668735,0,1,95,58,92,98,817,1557,0,0,-1,8,186,-38,126
37.673673,0,0,95,58,92,98,817,1557,0,0,-1,8,186,-38,126
37.686306,0,0,95,58,92,98,817,1557,0,0,-1,8,186,-38,126
37.695682,0,1,95,58,92,98,817,1557,0,0,-1,7,186,-38,126
37.699846,1,1,95,58,92,98,819,1557,0,0,-1,7,196,-37,0
37.704003,0,0,95,58,92,98,819,1557,0,0,-1,7,196,-37,0
37.717163,0,0,95,58,92,98,819,1557,0,0,-1,7,196,-37,0
37.726924,1,0,95,58,91,98,819,1557,0,0,-1,7,196,-37,0
37.731205,0,1,95,58,91,98,819,1557,0,0,-1,8,195,-37,0
37.735752,0,0,95,58,91,98,819,1557,0,0,-1,8,195,-37,0
37.748176,0,0,95,58,91,98,819,1557,0,0,-1,8,195,-37,0
37.757547,1,1,95,58,92,98,819,1557,0,0,-1,7,195,-37,0
37.762149,0,0,95,58,92,98,819,1557,0,0,-1,7,195,-37,0
37.767019,0,0,95,58,92,98,819,1557,0,0,-1,7,195,-37,0
37.778513,0,0,95,58,92,98,819,1557,0,0,-1,7,195,-37,0
37.783081,0,0,95,58,92,98,819,1557,0,0,-1,7,195,-37,0
37.790213,0,1,95,58,92,98,819,1557,0,0,-1,8,194,-37,0
37.794399,0,0,95,58,92,98,819,1557,0,0,-1,8,194,-37,0
37.799262,0,0,95,58,92,98,819,1557,0,0,-1,8,194,-37,0
37.810630,0,0,95,58,92,98,819,1557,0,0,-1,8,194,-37,0
37.820587,0,0,95,58,92,98,819,1557,0,0,-1,8,194,-37,0
37.824825,0,0,95,58,92,98,819,1557,0,0,-1,8,194,-37,0
37.829743,0,0,95,58,92,98,819,1557,0,0,-1,8,194,-37,0
37.840942,0,0,95,58,92,98,819,1557,0,0,-1,8,194,-37,0
37.850550,0,1,95,58,92,98,819,1557,0,0,0,8,194,-37,0
37.853514,0,0,95,58,92,98,819,1557,0,0,0,8,194,-37,0
37.858521,0,0,95,58,92,98,819,1557,0,0,0,8,194,-37,0
37.871898,0,0,95,58,92,98,819,1557,0,0,0,8,194,-37,0
37.881450,1,0,95,58,92,98,818,1557,0,0,0,8,194,-37,0
37.886475,0,0,95,58,92,98,818,1557,0,0,0,8,194,-37,0
37.891147,0,0,95,58,92,98,818,1557,0,0,0,8,194,-37,0
37.903232,0,1,95,58,92,98,818,1557,0,0,-1,8,194,-37,0
37.912946,0,0,95,58,92,98,818,1557,0,0,-1,8,194,-37,0
37.917894,0,1,95,58,92,98,818,1557,0,0,-1,8,194,-36,0
37.922109,0,0,95,58,92,98,818,1557,0,0,-1,8,194,-36,0
37.934202,0,0,95,58,92,98,818,1557,0,0,-1,8,194,-36,0
37.943632,0,0,95,58,92,98,818,1557,0,0,-1,8,194,-36,0
37.949036,0,0,95,58,92,98,818,1557,0,0,-1,8,194,-36,0
37.953784,0,0,95,58,92,98,818,1557,0,0,-1,8,194,-36,0
37.964986,0,0,95,58,92,98,818,1557,0,0,-1,8,194,-36,0
37.974411,1,0,95,58,91,98,818,1557,0,0,-1,8,194,-36,0
37.983764,0,0,95,58,91,98,818,1557,0,0,-1,8,194,-36,0
37.995557,1,0,95,58,92,98,818,1557,0,0,-1,8,194,-36,0
38.005707,0,1,95,58,92,98,818,1557,0,0,-1,8,194,-37,0
38.010875,0,0,95,58,92,98,818,1557,0,0,-1,8,194,-37,0
38.025501,0,0,95,58,92,98,818,1557,0,0,-1,8,194,-37,0
38.029858,1,1,95,58,91,98,820,1557,0,0,-1,8,206,-37,111
38.038019,0,1,95,58,91,98,820,1557,0,0,-1,8,206,-38,111
38.042257,0,0,95,58,91,98,820,1557,0,0,-1,8,206,-38,111
38.046436,0,1,95,58,91,98,820,1557,0,0,0,8,206,-38,111
38.057790,1,1,95,58,92,98,820,1557,0,0,0,9,212,-38,0
38.067347,1,0,95,58,92,98,821,1557,0,0,0,9,212,-38,0
38.071516,0,0,95,58,92,98,821,1557,0,0,0,9,212,-38,0
38.075751,0,0,95,58,92,98,821,1557,0,0,0,9,212,-38,0
38.088970,0,1,95,58,92,98,821,1557,0,0,-1,9,209,-38,0
38.098859,0,1,95,58,92,98,821,1557,0,0,-1,9,209,-39,0
38.103848,0,0,95,58,92,98,821,1557,0,0,-1,9,209,-39,0
38.108876,0,0,95,58,92,98,821,1557,0,0,-1,9,209,-39,0
38.119830,0,1,95,58,92,98,821,1557,0,0,-1,9,207,-39,0
38.129594,0,0,95,58,92,98,821,1557,0,0,-1,9,207,-39,0
38.134254,0,0,95,58,92,98,821,1557,0,0,-1,9,207,-39,0
38.139238,0,0,95,58,92,98,821,1557,0,0,-1,9,207,-39,0
38.151271,0,1,95,58,92,98,821,1557,0,0,-1,8,206,-39,0
38.160809,0,1,95,58,92,98,821,1557,0,0,-1,8,206,-38,0
38.165950,0,0,95,58,92,98,821,1557,0,0,-1,8,206,-38,0
38.170876,0,0,95,58,92,98,821,1557,0,0,-1,8,206,-38,0
38.181933,0,1,95,58,92,98,821,1557,0,0,-1,8,205,-38,0
38.184804,0,0,95,58,92,98,821,1557,0,0,-1,8,205,-38,0
38.193618,0,0,95,58,92,98,821,1557,0,0,-1,8,205,-38,0
38.198608,0,0,95,58,92,98,821,1557,0,0,-1,8,205,-38,0
38.212196,1,0,95,58,91,98,821,1557,0,0,-1,8,205,-38,0
38.216428,0,1,95,58,91,98,821,1557,0,0,-1,8,204,-38,0
38.224068,0,0,95,58,91,98,821,1557,0,0,-1,8,204,-38,0
38.229040,0,0,95,58,91,98,821,1557,0,0,-1,8,204,-38,0
38.242422,1,0,95,58,92,98,821,1557,0,0,-1,8,204,-38,0
38.246687,0,0,95,58,92,98,821,1557,0,0,-1,8,204,-38,0
38.255277,0,0,95,58,92,98,821,1557,0,0,-1,8,204,-38,0
38.259643,0,0,95,58,92,98,821,1557,0,0,-1,8,204,-38,0
38.273249,0,0,95,58,92,98,821,1557,0,0,-1,8,204,-38,0
38.277515,0,1,95,58,92,98,821,1557,0,0,-1,8,203,-38,0
38.286246,0,0,95,58,92,98,821,1557,0,0,-1,8,203,-38,0
38.290907,0,1,95,58,92,98,821,1557,0,0,0,8,203,-38,0
38.304254,1,0,95,58,91,98,821,1557,0,0,0,8,203,-38,0
38.318255,0,0,95,58,91,98,821,1557,0,0,0,8,203,-38,0
38.323159,1,1,95,58,92,98,821,1557,0,0,-1,8,203,-38,0
38.336514,0,1,95,58,92,98,821,1557,0,0,-1,8,202,-37,0
38.340756,0,0,95,58,92,98,821,1557,0,0,-1,8,202,-37,0
38.348571,0,0,95,58,92,98,821,1557,0,0,-1,8,202,-37,0
38.353257,1,0,95,58,91,98,821,1557,0,0,-1,8,202,-37,0
38.367531,0,1,95,58,91,98,821,1557,0,0,-1,8,214,-39,22
38.377627,0,0,95,58,91,98,821,1557,0,0,-1,8,214,-39,22
38.382239,1,1,95,58,92,98,821,1557,0,0,0,8,214,-39,22
38.386795,0,1,95,58,92,98,821,1557,0,0,0,9,213,-39,0
38.399283,0,0,95,58,92,98,821,1557,0,0,0,9,213,-39,0
38.408741,0,0,95,58,92,98,821,1557,0,0,0,9,213,-39,0
38.414165,0,1,95,58,92,98,821,1557,0,0,-1,9,213,-39,0
38.428360,0,1,95,58,92,98,821,1557,0,0,-1,9,210,-39,0
38.433264,0,0,95,58,92,98,821,1557,0,0,-1,9,210,-39,0
38.440679,0,0,95,58,92,98,821,1557,0,0,-1,9,210,-39,0
38.444840,0,1,95,58,92,98,821,1557,0,0,-1,8,210,-39,0
38.449107,0,1,95,58,92,98,821,1557,0,0,-1,8,209,-39,0
38.461187,0,0,95,58,92,98,821,1557,0,0,-1,8,209,-39,0
38.470888,0,0,95,58,92,98,821,1557,0,0,-1,8,209,-39,0
38.473091,0,0,95,58,92,98,821,1557,0,0,-1,8,209,-39,0
38.477791,1,1,95,58,91,98,821,1557,0,0,-1,9,209,-39,0
38.491253,0,1,95,58,91,98,821,1557,0,0,-1,9,208,-38,0
38.495484,0,0,95,58,91,98,821,1557,0,0,-1,9,208,-38,0
38.502995,0,0,95,58,91,98,821,1557,0,0,-1,9,208,-38,0
38.507549,1,1,95,58,92,98,821,1557,0,0,-1,8,208,-38,0
38.511879,0,1,95,58,92,98,821,1557,0,0,-1,8,207,-38,0
38.522807,0,0,95,58,92,98,821,1557,0,0,-1,8,207,-38,0
38.532416,0,0,95,58,92,98,821,1557,0,0,-1,8,207,-38,0
38.536659,0,0,95,58,92,98,821,1557,0,0,-1,8,207,-38,0
38.540860,0,1,95,58,92,98,821,1557,0,0,-1,8,206,-38,0
38.553914,0,0,95,58,92,98,821,1557,0,0,-1,8,206,-38,0
38.563688,0,0,95,58,92,98,821,1557,0,0,-1,8,206,-38,0
38.567807,0,0,95,58,92,98,821,1557,0,0,-1,8,206,-38,0
38.571956,0,0,95,58,92,98,821,1557,0,0,-1,8,206,-38,0
38.584944,0,0,95,58,92,98,821,1557,0,0,-1,8,206,-38,0
38.594374,0,0,95,58,92,98,821,1557,0,0,-1,8,206,-38,0
38.601092,0,0,95,58,92,98,821,1557,0,0,-1,8,205,-38,0
38.614465,0,0,95,58,92,98,821,1557,0,0,-1,8,205,-38,0
38.618764,0,0,95,58,92,98,821,1557,0,0,-1,8,205,-38,0
38.626535,0,0,95,58,92,98,821,1557,0,0,-1,8,205,-38,0
38.630812,0,0,95,58,92,98,821,1557,0,0,-1,8,205,-38,0
38.635659,0,0,95,58,92,98,821,1557,0,0,-1,8,205,-38,0
38.646526,0,0,95,58,92,98,821,1557,0,0,-1,8,205,-38,0
38.650793,0,0,95,58,92,98,821,1557,0,0,-1,8,205,-38,0
38.658573,0,1,95,58,92,98,821,1557,0,0,0,8,205,-38,0
38.664399,1,1,95,58,92,98,822,1557,0,0,0,8,221,-40,9
38.678450,0,0,95,58,92,98,822,1557,0,0,0,8,221,-40,9
38.688592,0,1,95,58,92,98,822,1557,0,0,-1,8,221,-40,9
38.693966,1,1,95,58,92,98,823,1557,0,0,-1,9,217,-40,0
38.707633,0,0,95,58,92,98,823,1557,0,0,-1,9,217,-40,0
38.712961,0,0,95,58,92,98,823,1557,0,0,-1,9,217,-40,0
38.720074,0,0,95,58,92,98,823,1557,0,0,-1,9,217,-40,0
38.724622,0,1,95,58,92,98,823,1557,0,0,-1,9,214,-39,0
38.728772,0,0,95,58,92,98,823,1557,0,0,-1,9,214,-39,0
38.739716,0,0,95,58,92,98,823,1557,0,0,-1,9,214,-39,0
38.743792,1,0,95,58,91,98,823,1557,0,0,-1,9,214,-39,0
38.750973,0,1,95,58,91,98,823,1557,0,0,-1,9,212,-39,0
38.755100,0,0,95,58,91,98,823,1557,0,0,-1,9,212,-39,0
38.759226,0,0,95,58,91,98,823,1557,0,0,-1,9,212,-39,0
38.770486,0,0,95,58,91,98,823,1557,0,0,-1,9,212,-39,0
38.774596,0,0,95,58,91,98,823,1557,0,0,-1,9,212,-39,0
38.782009,0,0,95,58,91,98,823,1557,0,0,-1,9,212,-39,0
38.786108,0,0,95,58,91,98,823,1557,0,0,-1,9,212,-39,0
38.790258,0,0,95,58,91,98,823,1557,0,0,-1,9,212,-39,0
38.801773,0,0,95,58,91,98,823,1557,0,0,-1,9,212,-39,0
38.811413,1,1,95,58,92,98,823,1557,0,0,0,9,212,-39,0
38.815492,0,0,95,58,92,98,823,1557,0,0,0,9,212,-39,0
38.819695,0,0,95,58,92,98,823,1557,0,0,0,9,212,-39,0
38.832487,0,0,95,58,92,98,823,1557,0,0,0,9,212,-39,0
38.836668,0,0,95,58,92,98,823,1557,0,0,0,9,212,-39,0
38.843937,1,0,95,58,92,98,822,1557,0,0,0,9,212,-39,0
38.848022,0,0,95,58,92,98,822,1557,0,0,0,9,212,-39,0
38.849857,0,0,95,58,92,98,822,1557,0,0,0,9,212,-39,0
38.863109,0,0,95,58,92,98,822,1557,0,0,0,9,212,-39,0
38.867685,0,0,95,58,92,98,822,1557,0,0,0,9,212,-39,0
38.874788,0,1,95,58,92,98,822,1557,0,0,0,9,211,-39,0
38.879025,0,0,95,58,92,98,822,1557,0,0,0,9,211,-39,0
38.883631,0,0,95,58,92,98,822,1557,0,0,0,9,211,-39,0
38.895187,0,0,95,58,92,98,822,1557,0,0,0,9,211,-39,0
38.904507,0,0,95,58,92,98,822,1557,0,0,0,9,211,-39,0
38.908737,0,1,95,58,92,98,822,1557,0,0,0,9,210,-39,0
38.913096,0,0,95,58,92,98,822,1557,0,0,0,9,210,-39,0
38.925906,0,0,95,58,92,98,822,1557,0,0,0,9,210,-39,0
38.936773,0,0,95,58,92,98,822,1557,0,0,0,9,210,-39,0
38.942078,0,0,95,58,92,98,822,1557,0,0,0,9,210,-39,0
38.956197,0,0,95,58,92,98,822,1557,0,0,0,9,210,-39,0
38.960373,1,0,95,58,91,98,822,1557,0,0,0,9,210,-39,0
38.968525,0,0,95,58,91,98,822,1557,0,0,0,9,210,-39,0
38.986553,0,0,95,58,91,98,822,1557,0,0,0,9,210,-39,0
38.992011,1,0,95,58,92,98,822,1557,0,0,0,9,210,-39,0
38.999551,0,0,95,58,92,98,822,1557,0,0,0,9,210,-39,0
39.004779,0,0,95,58,92,98,822,1557,0,0,0,9,210,-39,0
39.018292,0,1,95,58,92,98,822,1557,0,0,-1,9,210,-39,0
39.022508,0,1,95,58,92,98,822,1557,0,0,-1,8,210,-39,0
39.029858,0,0,95,58,92,98,822,1557,0,0,-1,8,210,-39,0
39.033958,0,0,95,58,92,98,822,1557,0,0,-1,8,210,-39,0
39.038171,0,1,95,58,92,98,822,1557,0,0,0,8,210,-39,0
39.049788,0,0,95,58,92,98,822,1557,0,0,0,8,210,-39,0
39.059449,0,0,95,58,92,98,822,1557,0,0,0,8,210,-39,0
39.063898,0,0,95,58,92,98,822,1557,0,0,0,8,210,-39,0
39.068168,0,0,95,58,92,98,822,1557,0,0,0,8,210,-39,0
39.081260,0,1,95,58,92,98,822,1557,0,0,0,9,222,-39,0
39.090744,1,1,95,58,92,98,824,1557,0,0,0,9,222,-40,0
39.095303,0,0,95,58,92,98,824,1557,0,0,0,9,222,-40,0
39.099811,0,0,95,58,92,98,824,1557,0,0,0,9,222,-40,0
39.111350,1,1,95,58,91,98,824,1557,0,0,-1,9,219,-40,0
39.115493,0,0,95,58,91,98,824,1557,0,0,-1,9,219,-40,0
39.122790,0,0,95,58,91,98,824,1557,0,0,-1,9,219,-40,0
39.126777,0,0,95,58,91,98,824,1557,0,0,-1,9,219,-40,0
39.130892,1,0,95,58,92,98,824,1557,0,0,-1,9,219,-40,0
39.142338,0,1,95,58,92,98,824,1557,0,0,-1,9,216,-40,0
39.146428,0,0,95,58,92,98,824,1557,0,0,-1,9,216,-40,0
39.153589,0,0,95,58,92,98,824,1557,0,0,-1,9,216,-40,0
39.157802,0,0,95,58,92,98,824,1557,0,0,-1,9,216,-40,0
39.161886,0,1,95,58,92,98,824,1557,0,-1,-1,9,216,-40,0
39.173499,0,1,95,58,92,98,824,1557,0,-1,-1,9,215,-40,0
39.177597,0,1,95,58,92,98,824,1557,0,-1,-1,9,215,-39,0
39.184692,0,0,95,58,92,98,824,1557,0,-1,-1,9,215,-39,0
39.188759,0,0,95,58,92,98,824,1557,0,-1,-1,9,215,-39,0
39.192793,0,0,95,58,92,98,824,1557,0,-1,-1,9,215,-39,0
39.204405,0,1,95,58,92,98,824,1557,0,-1,-1,9,214,-39,0
39.208496,0,0,95,58,92,98,824,1557,0,-1,-1,9,214,-39,0
39.215713,0,0,95,58,92,98,824,1557,0,-1,-1,9,214,-39,0
39.220194,0,1,95,58,92,98,824,1557,0,0,-1,9,214,-39,0
39.224757,1,1,95,58,91,98,824,1557,0,0,0,9,212,-39,0
39.235427,1,0,95,58,91,98,823,1557,0,0,0,9,212,-39,0
39.239998,0,0,95,58,91,98,823,1557,0,0,0,9,212,-39,0
39.247151,0,0,95,58,91,98,823,1557,0,0,0,9,212,-39,0
39.249898,0,1,95,58,91,98,823,1557,0,-1,0,9,212,-39,0
39.254719,1,1,95,58,92,98,823,1557,0,-1,-1,9,212,-39,0
39.267186,0,0,95,58,92,98,823,1557,0,-1,-1,9,212,-39,0
39.276500,0,0,95,58,92,98,823,1557,0,-1,-1,9,212,-39,0
39.280702,0,0,95,58,92,98,823,1557,0,-1,-1,9,212,-39,0
39.284809,0,1,95,58,92,98,823,1557,0,-1,-1,9,211,-39,0
39.297870,0,0,95,58,92,98,823,1557,0,-1,-1,9,211,-39,0
39.307751,0,0,95,58,92,98,823,1557,0,-1,-1,9,211,-39,0
39.312694,1,1,95,58,91,98,823,1557,0,0,-1,9,211,-39,0
39.317810,0,0,95,58,91,98,823,1557,0,0,-1,9,211,-39,0
39.328791,0,0,95,58,91,98,823,1557,0,0,-1,9,211,-39,0
39.338427,0,0,95,58,91,98,823,1557,0,0,-1,9,211,-39,0
39.342727,0,0,95,58,91,98,823,1557,0,0,-1,9,211,-39,0
39.347238,0,0,95,58,91,98,823,1557,0,0,-1,9,211,-39,0
39.360298,0,0,95,58,91,98,823,1557,0,0,-1,9,211,-39,0
39.370370,0,0,95,58,91,98,823,1557,0,0,-1,9,211,-39,0
39.378787,0,0,95,58,91,98,823,1557,0,0,-1,9,210,-39,0
39.390809,0,0,95,58,91,98,823,1557,0,0,-1,9,210,-39,0
39.400690,0,0,95,58,91,98,823,1557,0,0,-1,9,210,-39,0
39.404810,1,0,95,58,92,98,823,1557,0,0,-1,9,210,-39,0
39.409356,0,0,95,58,92,98,823,1557,0,0,-1,9,210,-39,0
39.421810,0,0,95,58,92,98,823,1557,0,0,-1,9,210,-39,0
39.431410,0,1,95,58,92,98,823,1557,0,-1,-1,9,210,-39,0
39.436020,1,1,95,58,91,98,823,1557,0,-1,-1,9,227,-39,142
39.440227,0,1,95,58,91,98,823,1557,0,-1,-1,9,227,-40,142
39.452739,0,0,95,58,91,98,823,1557,0,-1,-1,9,227,-40,142
39.462356,0,1,95,58,91,98,823,1557,0,0,-1,9,227,-40,142
39.466491,1,1,95,58,91,98,826,1557,0,0,-1,10,246,-43,131
39.471011,0,0,95,58,91,98,826,1557,0,0,-1,10,246,-43,131
39.484177,0,0,95,58,91,98,826,1557,0,0,-1,10,246,-43,131
39.493814,1,0,95,58,92,98,826,1557,0,0,-1,10,246,-43,131
39.499483,1,1,95,58,92,98,827,1557,0,0,-1,10,250,-43,0
39.513394,0,0,95,58,92,98,827,1557,0,0,-1,10,250,-43,0
39.518469,0,0,95,58,92,98,827,1557,0,0,-1,10,250,-43,0
39.526489,0,1,95,58,92,98,827,1557,0,0,-1,11,245,-43,0
39.531151,0,1,95,58,92,98,827,1557,0,0,-1,11,245,-42,0
39.544599,0,0,95,58,92,98,827,1557,0,0,-1,11,245,-42,0
39.549614,0,1,95,58,92,98,827,1557,0,0,-1,10,245,-42,0
39.556607,1,1,95,58,92,98,826,1557,0,0,-1,10,242,-42,0
39.561613,0,0,95,58,92,98,826,1557,0,0,-1,10,242,-42,0
39.575298,0,0,95,58,92,98,826,1557,0,0,-1,10,242,-42,0
39.580356,0,1,95,58,92,98,826,1557,0,-1,-1,10,242,-42,0
39.587898,0,1,95,58,92,98,826,1557,0,-1,-1,10,238,-42,0
39.592967,0,0,95,58,92,98,826,1557,0,-1,-1,10,238,-42,0
39.606365,0,0,95,58,92,98,826,1557,0,-1,-1,10,238,-42,0
39.611436,1,1,95,58,91,98,826,1557,0,-1,-1,10,236,-42,0
39.618871,0,1,95,58,91,98,826,1557,0,-1,-1,10,236,-41,0
39.620864,0,0,95,58,91,98,826,1557,0,-1,-1,10,236,-41,0
39.625120,0,0,95,58,91,98,826,1557,0,-1,-1,10,236,-41,0
39.638552,0,1,95,58,91,98,826,1557,0,0,-1,10,236,-41,0
39.643120,1,1,95,58,92,98,826,1557,0,0,0,10,235,-41,0
39.649876,0,0,95,58,92,98,826,1557,0,0,0,10,235,-41,0
39.654014,0,0,95,58,92,98,826,1557,0,0,0,10,235,-41,0
39.658257,0,0,95,58,92,98,826,1557,0,0,0,10,235,-41,0
39.670139,0,0,95,58,92,98,826,1557,0,0,0,10,235,-41,0
39.679830,0,1,95,58,92,98,826,1557,0,0,0,10,234,-42,0
39.683850,0,0,95,58,92,98,826,1557,0,0,0,10,234,-42,0
39.687923,0,0,95,58,92,98,826,1557,0,0,0,10,234,-42,0
39.700442,0,0,95,58,92,98,826,1557,0,0,0,10,234,-42,0
39.704544,0,1,95,58,92,98,826,1557,0,0,0,10,234,-41,0
39.711784,0,0,95,58,92,98,826,1557,0,0,0,10,234,-41,0
39.715935,0,0,95,58,92,98,826,1557,0,0,0,10,234,-41,0
39.720490,0,0,95,58,92,98,826,1557,0,0,0,10,234,-41,0
39.731529,0,0,95,58,92,98,826,1557,0,0,0,10,234,-41,0
39.735759,0,1,95,58,92,98,826,1557,0,0,0,10,233,-41,0
39.743570,0,0,95,58,92,98,826,1557,0,0,0,10,233,-41,0
39.752213,1,0,95,58,91,98,826,1557,0,0,0,10,233,-41,0
39.763593,0,0,95,58,91,98,826,1557,0,0,0,10,233,-41,0
39.773370,0,0,95,58,91,98,826,1557,0,0,0,10,233,-41,0
39.778417,0,0,95,58,91,98,826,1557,0,0,0,10,233,-41,0
39.792312,0,1,95,58,91,98,826,1557,0,0,-1,10,233,-41,111
39.796926,0,1,95,58,91,98,826,1557,0,0,-1,10,242,-43,111
39.805406,0,0,95,58,91,98,826,1557,0,0,-1,10,242,-43,111
39.810388,0,0,95,58,91,98,826,1557,0,0,-1,10,242,-43,111
39.824327,1,1,95,58,92,98,826,1557,0,0,-1,11,259,-43,0
39.834443,1,1,95,58,92,98,828,1557,0,0,-1,11,259,-44,0
39.838704,0,0,95,58,92,98,828,1557,0,0,-1,11,259,-44,0
39.843675,1,1,95,58,91,98,828,1557,0,0,-1,10,259,-44,0
39.855899,0,1,95,58,91,98,828,1557,0,0,-1,10,253,-43,0
39.865714,0,0,95,58,91,98,828,1557,0,0,-1,10,253,-43,0
39.870247,0,0,95,58,91,98,828,1557,0,0,-1,10,253,-43,0
39.875239,1,1,95,58,92,98,828,1557,0,0,0,11,250,-43,0
39.887228,0,0,95,58,92,98,828,1557,0,0,0,11,250,-43,0
39.896752,0,0,95,58,92,98,828,1557,0,0,0,11,250,-43,0
39.901993,0,0,95,58,92,98,828,1557,0,0,0,11,250,-43,0
39.906163,0,1,95,58,92,98,828,1557,0,0,0,11,248,-43,0
39.918229,0,0,95,58,92,98,828,1557,0,0,0,11,248,-43,0
39.927508,0,0,95,58,92,98,828,1557,0,0,0,11,248,-43,0
39.932128,0,0,95,58,92,98,828,1557,0,0,0,11,248,-43,0
39.936706,0,1,95,58,92,98,828,1557,0,0,0,11,246,-43,0
39.948479,0,0,95,58,92,98,828,1557,0,0,0,11,246,-43,0
39.958780,0,0,95,58,92,98,828,1557,0,0,0,11,246,-43,0
39.964297,0,0,95,58,92,98,828,1557,0,0,0,11,246,-43,0
39.978548,0,1,95,58,92,98,828,1557,0,0,0,11,246,-42,0
39.983724,0,0,95,58,92,98,828,1557,0,0,0,11,246,-42,0
39.990601,0,0,95,58,92,98,828,1557,0,0,0,11,246,-42,0
39.992542,0,0,95,58,92,98,828,1557,0,0,0,11,246,-42,0
39.997581,0,1,95,58,92,98,828,1557,0,0,0,11,245,-42,0
40.011100,0,0,95,58,92,98,828,1557,0,0,0,11,245,-42,0
40.020568,0,0,95,58,92,98,828,1557,0,0,0,11,245,-42,0
40.024751,0,1,95,58,92,98,828,1557,0,0,-1,11,245,-42,0
40.028919,0,1,95,58,92,98,828,1557,0,0,-1,11,245,-43,0
40.041874,0,0,95,58,92,98,828,1557,0,0,-1,11,245,-43,0
40.051860,0,0,95,58,92,98,828,1557,0,0,-1,11,245,-43,0
40.056436,0,0,95,58,92,98,828,1557,0,0,-1,11,245,-43,0
40.060619,0,0,95,58,92,98,828,1557,0,0,-1,11,245,-43,0
40.073129,0,0,95,58,92,98,828,1557,0,0,-1,11,245,-43,0
40.082480,0,0,95,58,92,98,828,1557,0,0,-1,11,245,-43,0
40.086613,0,1,95,58,92,98,828,1557,0,0,-1,11,244,-42,0
40.091183,0,0,95,58,92,98,828,1557,0,0,-1,11,244,-42,0
40.104250,0,0,95,58,92,98,828,1557,0,0,-1,11,244,-42,0
40.113763,0,0,95,58,92,98,828,1557,0,0,-1,11,244,-42,0
40.122830,0,0,95,58,92,98,828,1557,0,0,-1,11,244,-43,0
40.134820,0,0,95,58,92,98,828,1557,0,0,-1,11,244,-43,0
40.144748,0,0,95,58,92,98,828,1557,0,0,-1,11,244,-43,0
40.149270,0,0,95,58,92,98,828,1557,0,0,-1,11,244,-43,0
40.153793,0,0,95,58,92,98,828,1557,0,0,-1,11,244,-43,0
40.165802,0,0,95,58,92,98,828,1557,0,0,-1,11,244,-43,0
40.175432,0,0,95,58,92,98,828,1557,0,0,-1,11,244,-43,155
40.179703,0,1,95,58,92,98,828,1557,0,0,-1,11,257,-45,155
40.185119,0,0,95,58,92,98,828,1557,0,0,-1,11,257,-45,155
40.197832,0,0,95,58,92,98,828,1557,0,0,-1,11,257,-45,155
40.207901,0,1,95,58,92,98,828,1557,0,0,0,11,257,-45,0
40.213440,0,1,95,58,92,98,828,1557,0,0,0,11,257,-44,0
40.227593,0,0,95,58,92,98,828,1557,0,0,0,11,257,-44,0
40.237780,0,1,95,58,92,98,828,1557,0,0,0,11,251,-43,0
40.243090,0,0,95,58,92,98,828,1557,0,0,0,11,251,-43,0
40.257370,0,0,95,58,92,98,828,1557,0,0,0,11,251,-43,0
40.262800,1,1,95,58,91,98,828,1557,0,0,-1,11,251,-43,0
40.270518,0,1,95,58,91,98,828,1557,0,0,-1,11,249,-43,0
40.275738,0,0,95,58,91,98,828,1557,0,0,-1,11,249,-43,0
40.278680,0,0,95,58,91,98,828,1557,0,0,-1,11,249,-43,0
40.290479,1,0,95,58,92,98,828,1557,0,0,-1,11,249,-43,0
40.300863,0,1,95,58,92,98,828,1557,0,0,-1,11,247,-43,0
40.305483,0,0,95,58,92,98,828,1557,0,0,-1,11,247,-43,0
40.310100,0,0,95,58,92,98,828,1557,0,0,-1,11,247,-43,0
40.320996,0,0,95,58,92,98,828,1557,0,0,-1,11,247,-43,0
40.330806,0,1,95,58,92,98,828,1557,0,0,-1,11,246,-43,0
40.335054,0,0,95,58,92,98,828,1557,0,0,-1,11,246,-43,0
40.339296,0,0,95,58,92,98,828,1557,0,0,-1,11,246,-43,0
40.351475,0,0,95,58,92,98,828,1557,0,0,-1,11,246,-43,0
40.355710,0,1,95,58,92,98,828,1557,0,0,-1,11,245,-43,0
40.362741,0,0,95,58,92,98,828,1557,0,0,-1,11,245,-43,0
40.367200,0,0,95,58,92,98,828,1557,0,0,-1,11,245,-43,0
40.371365,0,0,95,58,92,98,828,1557,0,0,-1,11,245,-43,0
40.383201,0,0,95,58,92,98,828,1557,0,0,-1,11,245,-43,0
40.392715,0,0,95,58,92,98,828,1557,0,0,-1,11,245,-43,0
40.397254,0,0,95,58,92,98,828,1557,0,0,-1,11,245,-43,0
40.413072,1,1,95,58,91,98,828,1557,0,0,-1,10,245,-43,0
40.417992,0,0,95,58,91,98,828,1557,0,0,-1,10,245,-43,0
40.425357,0,0,95,58,91,98,828,1557,0,0,-1,10,245,-43,0
40.429887,0,0,95,58,91,98,828,1557,0,0,-1,10,245,-43,0
40.443389,1,1,95,58,92,98,828,1557,0,0,-1,11,245,-43,0
40.447681,0,1,95,58,92,98,828,1557,0,0,-1,11,264,-45,154
40.456023,0,0,95,58,92,98,828,1557,0,0,-1,11,264,-45,154
40.461044,0,0,95,58,92,98,828,1557,0,0,-1,11,264,-45,154
40.474405,1,0,95,58,91,98,828,1557,0,0,-1,11,264,-45,0
40.479496,1,1,95,58,91,98,830,1557,0,0,-1,11,271,-46,0
40.487892,0,0,95,58,91,98,830,1557,0,0,-1,11,271,-46,0
40.493565,0,0,95,58,91,98,830,1557,0,0,-1,11,271,-46,0
40.506851,1,1,95,58,92,98,830,1557,0,0,-1,11,267,-45,0
40.516684,0,0,95,58,92,98,830,1557,0,0,-1,11,267,-45,0
40.521214,0,0,95,58,92,98,830,1557,0,0,-1,11,267,-45,0
40.525749,0,0,95,58,92,98,830,1557,0,0,-1,11,267,-45,0
40.537534,0,1,95,58,92,98,830,1557,0,0,-1,11,263,-45,0
40.547443,0,0,95,58,92,98,830,1557,0,0,-1,11,263,-45,0
40.551987,0,0,95,58,92,98,830,1557,0,0,-1,11,263,-45,0
40.556206,0,1,95,58,92,98,830,1557,0,0,-1,11,261,-45,0
40.568400,0,0,95,58,92,98,830,1557,0,0,-1,11,261,-45,0
40.578401,0,0,95,58,92,98,830,1557,0,0,-1,11,261,-45,0
40.583237,0,1,95,58,92,98,830,1557,0,0,0,11,261,-45,0
40.588318,0,1,95,58,92,98,830,1557,0,0,0,11,258,-45,0
40.600315,0,1,95,58,92,98,830,1557,0,0,0,11,258,-44,0
40.610679,0,0,95,58,92,98,830,1557,0,0,0,11,258,-44,0
40.614947,0,1,95,58,92,98,830,1557,0,0,-1,11,258,-44,0
40.619958,1,1,95,58,92,98,829,1557,0,0,-1,11,254,-44,0
40.631370,0,0,95,58,92,98,829,1557,0,0,-1,11,254,-44,0
40.634440,0,0,95,58,92,98,829,1557,0,0,-1,11,254,-44,0
40.642494,0,0,95,58,92,98,829,1557,0,0,-1,11,254,-44,0
40.647192,0,1,95,58,92,98,829,1557,0,0,-1,11,252,-44,0
40.660418,0,1,95,58,92,98,829,1557,0,0,-1,11,252,-43,0
40.664657,0,0,95,58,92,98,829,1557,0,0,-1,11,252,-43,0
40.672952,0,0,95,58,92,98,829,1557,0,0,-1,11,252,-43,0
40.677101,1,1,95,58,92,98,828,1557,0,0,-1,11,250,-43,90
40.681748,0,0,95,58,92,98,828,1557,0,0,-1,11,250,-43,90
40.692765,0,0,95,58,92,98,828,1557,0,0,-1,11,250,-43,90
40.696881,0,0,95,58,92,98,828,1557,0,0,-1,11,250,-43,90
40.704215,0,0,95,58,92,98,828,1557,0,0,-1,11,250,-43,90
40.708411,0,0,95,58,92,98,828,1557,0,0,-1,11,250,-43,57
40.712566,1,1,95,58,92,98,829,1557,0,0,-1,11,272,-46,57
40.723554,0,0,95,58,92,98,829,1557,0,0,-1,11,272,-46,57
40.727847,0,0,95,58,92,98,829,1557,0,0,-1,11,272,-46,57
40.734889,0,0,95,58,92,98,829,1557,0,0,-1,11,272,-46,57
40.739110,1,1,95,58,92,98,830,1557,0,0,-1,11,271,-46,0
40.743692,0,1,95,58,92,98,830,1557,0,0,-1,11,271,-45,0
40.755249,0,0,95,58,92,98,830,1557,0,0,-1,11,271,-45,0
40.770164,0,0,95,58,92,98,830,1557,0,0,-1,11,271,-45,0
40.775187,0,0,95,58,92,98,830,1557,0,0,-1,11,271,-45,0
40.786136,0,0,95,58,92,98,830,1557,0,0,-1,11,271,-45,0
40.795836,0,0,95,58,92,98,830,1557,0,0,-1,11,271,-45,0
40.800082,0,1,95,58,92,98,830,1557,0,0,-1,11,270,-45,0
40.804486,0,1,95,58,92,98,830,1557,0,0,-1,11,270,-46,0
40.817702,0,0,95,58,92,98,830,1557,0,0,-1,11,270,-46,0
40.827557,0,0,95,58,92,98,830,1557,0,0,-1,11,270,-46,0
40.832283,0,0,95,58,92,98,830,1557,0,0,-1,11,270,-46,0
40.836913,0,0,95,58,92,98,830,1557,0,0,-1,11,270,-46,0
40.848389,0,0,95,58,92,98,830,1557,0,0,-1,11,270,-46,0
40.858348,0,0,95,58,92,98,830,1557,0,0,-1,11,270,-46,0
40.863411,0,1,95,58,92,98,830,1557,0,0,-1,11,269,-45,0
40.877274,0,0,95,58,92,98,830,1557,0,0,-1,11,269,-45,0
40.882275,0,0,95,58,92,98,830,1557,0,0,-1,11,269,-45,0
40.890681,0,0,95,58,92,98,830,1557,0,0,-1,11,269,-45,0
40.895751,0,0,95,58,92,98,830,1557,0,0,-1,11,269,-45,0
40.909172,0,0,95,58,92,98,830,1557,0,0,-1,11,269,-45,0
40.913731,0,1,95,58,92,98,830,1557,0,0,-2,11,269,-45,0
40.920731,0,1,95,58,92,98,830,1557,0,0,-2,11,268,-45,0
40.925213,0,0,95,58,92,98,830,1557,0,0,-2,11,268,-45,0
40.929786,0,0,95,58,92,98,830,1557,0,0,-2,11,268,-45,0
40.941069,0,0,95,58,92,98,830,1557,0,0,-2,11,268,-45,0
40.950496,0,1,95,58,92,98,830,1557,0,0,-1,11,268,-45,0
40.954641,0,1,95,58,92,98,830,1557,0,0,-1,11,267,-45,0
40.958764,0,0,95,58,92,98,830,1557,0,0,-1,11,267,-45,0
40.973071,0,0,95,58,92,98,830,1557,0,0,-1,11,267,-45,0
40.983097,0,1,95,58,92,98,830,1557,0,0,-1,12,267,-45,0
40.988117,0,0,95,58,92,98,830,1557,0,0,-1,12,267,-45,0
41.001341,0,0,95,58,92,98,830,1557,0,0,-1,12,267,-45,0
41.006325,0,0,95,58,92,98,830,1557,0,0,-1,12,267,-45,0
41.014033,0,1,95,58,92,98,830,1557,0,0,-1,12,266,-45,0
41.018779,0,0,95,58,92,98,830,1557,0,0,-1,12,266,-45,0
41.032413,0,0,95,58,92,98,830,1557,0,0,-1,12,266,-45,0
41.037119,0,0,95,58,92,98,830,1557,0,0,-1,12,266,-45,0
41.044609,0,0,95,58,92,98,830,1557,0,0,-1,12,266,-45,0
41.049210,0,0,95,58,92,98,830,1557,0,0,-1,12,266,-45,0
41.053390,0,0,95,58,92,98,830,1557,0,0,-1,12,266,-45,0
41.064764,0,0,95,58,92,98,830,1557,0,0,-1,12,266,-45,0
41.074647,0,1,95,58,92,98,830,1557,0,0,-1,11,266,-45,0
41.079181,0,0,95,58,92,98,830,1557,0,0,-1,11,266,-45,0
41.084334,0,0,95,58,92,98,830,1557,0,0,-1,11,266,-45,0
41.096338,0,0,95,58,92,98,830,1557,0,0,-1,11,266,-45,0
41.106330,0,0,95,58,92,98,830,1557,0,0,-1,11,266,-45,0
41.111315,0,0,95,58,92,98,830,1557,0,0,-1,11,266,-45,0
41.125316,0,0,95,58,92,98,830,1557,0,0,-1,11,266,-45,0
41.130312,0,1,95,58,92,98,830,1557,0,0,-1,12,266,-45,0
41.137689,0,0,95,58,92,98,830,1557,0,0,-1,12,266,-45,0
41.142273,0,0,95,58,92,98,830,1557,0,0,-1,12,266,-45,0
41.156255,0,0,95,58,92,98,830,1557,0,0,-1,12,266,-45,0
41.161301,0,1,95,58,92,98,830,1557,0,0,-1,11,265,-45,0
41.169300,0,0,95,58,92,98,830,1557,0,0,-1,11,265,-45,0
41.173853,0,0,95,58,92,98,830,1557,0,0,-1,11,265,-45,0
41.187510,0,0,95,58,92,98,830,1557,0,0,-1,11,265,-45,0
41.193359,0,1,95,58,92,98,830,1557,0,0,-1,11,264,-45,0
41.200963,0,0,95,58,92,98,830,1557,0,0,-1,11,264,-45,0
41.205226,0,0,95,58,92,98,830,1557,0,0,-1,11,264,-45,0
41.218634,0,1,95,58,92,98,830,1557,0,0,-1,12,264,-45,0
41.223674,0,0,95,58,92,98,830,1557,0,0,-1,12,264,-45,0
41.231331,0,0,95,58,92,98,830,1557,0,0,-1,12,264,-45,0
41.236421,0,0,95,58,92,98,830,1557,0,0,-1,12,264,-45,0
41.249812,0,0,95,58,92,98,830,1557,0,0,-1,12,264,-45,0
41.254005,0,0,95,58,92,98,830,1557,0,0,-1,12,264,-45,0
41.262265,0,0,95,58,92,98,830,1557,0,0,-1,12,264,-45,0
41.267176,0,1,95,58,92,98,830,1557,0,0,0,12,264,-45,0
41.280639,0,1,95,58,92,98,830,1557,0,0,0,11,262,-45,0
41.285568,0,1,95,58,92,98,830,1557,0,0,0,11,262,-44,0
41.292924,0,0,95,58,92,98,830,1557,0,0,0,11,262,-44,0
41.297681,0,1,95,58,92,98,830,1557,0,0,-1,11,262,-44,0
41.311230,0,1,95,58,92,98,830,1557,0,0,-1,12,260,-45,0
41.315341,0,0,95,58,92,98,830,1557,0,0,-1,12,260,-45,0
41.323552,0,0,95,58,92,98,830,1557,0,0,-1,12,260,-45,0
41.327697,0,0,95,58,92,98,830,1557,0,0,-1,12,260,-45,0
41.331820,0,1,95,58,92,98,830,1557,0,0,-1,12,259,-45,0
41.343985,0,0,95,58,92,98,830,1557,0,0,-1,12,259,-45,0
41.353662,0,0,95,58,92,98,830,1557,0,0,-1,12,259,-45,0
41.358616,0,0,95,58,92,98,830,1557,0,0,-1,12,259,-45,0
41.363806,0,1,95,58,92,98,830,1557,0,0,-1,11,258,-44,0
41.374530,0,0,95,58,92,98,830,1557,0,0,-1,11,258,-44,0
41.378723,0,0,95,58,92,98,830,1557,0,0,-1,11,258,-44,0
44.257858,1,1,95,58,92,98,830,1558,0,0,-1,11,269,-46,0
44.267553,0,0,95,58,92,98,830,1558,0,0,-1,11,269,-46,0
44.271769,0,1,95,58,92,98,830,1558,0,0,0,11,269,-46,0
44.275866,0,1,95,58,92,98,830,1558,0,0,0,11,268,-46,0
44.288896,0,0,95,58,92,98,830,1558,0,0,0,11,268,-46,0
44.298689,0,0,95,58,92,98,830,1558,0,0,0,11,268,-46,0
44.303336,0,0,95,58,92,98,830,1558,0,0,0,11,268,-46,0
44.307894,0,1,95,58,92,98,830,1558,0,0,0,11,269,-46,0
44.319596,0,0,95,58,92,98,830,1558,0,0,0,11,269,-46,0
44.329985,0,0,95,58,92,98,830,1558,0,0,0,11,269,-46,0
44.335076,0,1,95,58,92,98,830,1558,0,0,0,11,268,-46,0
44.339242,0,0,95,58,92,98,830,1558,0,0,0,11,268,-46,0
44.350537,0,0,95,58,92,98,830,1558,0,0,0,11,268,-46,0
44.354686,0,0,95,58,92,98,830,1558,0,0,0,11,268,-46,0
44.362109,0,0,95,58,92,98,830,1558,0,0,0,11,268,-46,0
44.366660,0,1,95,58,92,98,830,1558,0,0,0,11,269,-46,0
44.370857,0,0,95,58,92,98,830,1558,0,0,0,11,269,-46,0
44.382217,0,0,95,58,92,98,830,1558,0,0,0,11,269,-46,0
44.392460,0,0,95,58,92,98,830,1558,0,0,0,11,269,-46,0
44.396721,0,1,95,58,92,98,830,1558,0,0,0,12,268,-46,0
44.401284,0,0,95,58,92,98,830,1558,0,0,0,12,268,-46,0
44.412521,0,0,95,58,92,98,830,1558,0,0,0,12,268,-46,0
44.414815,0,0,95,58,92,98,830,1558,0,0,0,12,268,-46,0
44.423866,0,1,95,58,92,98,830,1558,0,-1,0,11,268,-46,0
44.428055,0,0,95,58,92,98,830,1558,0,-1,0,11,268,-46,0
44.432211,0,0,95,58,92,98,830,1558,0,-1,0,11,268,-46,0
44.443898,0,0,95,58,92,98,830,1558,0,-1,0,11,268,-46,0
44.453441,0,0,95,58,92,98,830,1558,0,-1,0,11,268,-46,0
44.458059,0,0,95,58,92,98,830,1558,0,-1,0,11,268,-46,0
44.463071,0,0,95,58,92,98,830,1558,0,-1,0,11,268,-46,0
44.474962,0,0,95,58,92,98,830,1558,0,-1,0,11,268,-46,0
44.484553,0,1,95,58,92,98,830,1558,0,-1,-1,11,268,-46,0
44.488854,0,0,95,58,92,98,830,1558,0,-1,-1,11,268,-46,0
44.493898,0,0,95,58,92,98,830,1558,0,-1,-1,11,268,-46,0
44.506349,0,1,95,58,92,98,830,1558,0,0,-1,11,268,-46,0
44.516708,0,0,95,58,92,98,830,1558,0,0,-1,11,268,-46,0
44.521624,0,1,95,58,92,98,830,1558,0,0,-1,11,268,-45,0
44.535343,0,0,95,58,92,98,830,1558,0,0,-1,11,268,-45,0
44.540223,0,1,95,58,92,98,830,1558,0,0,0,11,268,-45,0
44.547739,0,1,95,58,92,98,830,1558,0,0,0,11,268,-46,0
44.552651,0,0,95,58,92,98,830,1558,0,0,0,11,268,-46,0
44.566288,0,0,95,58,92,98,830,1558,0,0,0,11,268,-46,0
44.571281,0,1,95,58,92,98,830,1558,0,0,-1,12,268,-46,0
44.579485,0,0,95,58,92,98,830,1558,0,0,-1,12,268,-46,0
44.584510,0,0,95,58,92,98,830,1558,0,0,-1,12,268,-46,0
44.598285,0,0,95,58,92,98,830,1558,0,0,-1,12,268,-46,0
44.602503,0,1,95,58,92,98,830,1558,0,0,0,12,268,-46,0
44.610717,0,0,95,58,92,98,830,1558,0,0,0,12,268,-46,0
44.615272,0,0,95,58,92,98,830,1558,0,0,0,12,268,-46,0
44.628617,0,0,95,58,92,98,830,1558,0,0,0,12,268,-46,0
44.633162,0,1,95,58,92,98,830,1558,0,0,0,11,268,-45,0
44.641444,0,0,95,58,92,98,830,1558,0,0,0,11,268,-45,0
44.646365,0,0,95,58,92,98,830,1558,0,0,0,11,268,-45,0
44.660295,0,1,95,58,92,98,830,1558,0,0,-1,11,268,-45,0
44.670472,0,1,95,58,92,98,830,1558,0,0,-1,11,268,-46,0
44.675540,0,0,95,58,92,98,830,1558,0,0,-1,11,268,-46,0
44.680835,0,1,95,58,92,98,830,1558,0,-1,-1,11,268,-46,0
44.691910,0,0,95,58,92,98,830,1558,0,-1,-1,11,268,-46,0
44.701609,0,0,95,58,92,98,830,1558,0,-1,-1,11,268,-46,0
44.705834,0,0,95,58,92,98,830,1558,0,-1,-1,11,268,-46,0
44.711222,0,1,95,58,92,98,830,1558,0,0,-1,11,268,-46,0
44.723964,0,0,95,58,92,98,830,1558,0,0,-1,11,268,-46,0
44.733898,0,0,95,58,92,98,830,1558,0,0,-1,11,268,-46,0
44.739222,0,0,95,58,92,98,830,1558,0,0,-1,11,268,-46,0
44.752457,0,0,95,58,92,98,830,1558,0,0,-1,11,268,-46,0
44.756972,0,0,95,58,92,98,830,1558,0,0,-1,11,268,-46,0
44.765057,0,0,95,58,92,98,830,1558,0,0,-1,11,268,-46,0
44.769577,0,0,95,58,92,98,830,1558,0,0,-1,11,268,-46,0
44.773768,0,0,95,58,92,98,830,1558,0,0,-1,11,268,-46,0
44.785109,0,0,95,58,92,98,830,1558,0,0,-1,11,268,-46,0
44.794605,0,0,95,58,92,98,830,1558,0,0,-1,11,268,-46,0
44.798813,0,1,95,58,92,98,830,1558,0,-1,-1,11,268,-46,0
44.803231,0,0,95,58,92,98,830,1558,0,-1,-1,11,268,-46,0
44.815447,0,0,95,58,92,98,830,1558,0,-1,-1,11,268,-46,0
44.819594,0,0,95,58,92,98,830,1558,0,-1,-1,11,268,-46,0
44.826591,0,0,95,58,92,98,830,1558,0,-1,-1,11,268,-46,0
44.831150,0,1,95,58,92,98,830,1558,0,0,-1,11,268,-46,0
44.835933,0,0,95,58,92,98,830,1558,0,0,-1,11,268,-46,0
44.847782,0,0,95,58,92,98,830,1558,0,0,-1,11,268,-46,0
44.857949,0,0,95,58,92,98,830,1558,0,0,-1,11,268,-46,0
44.863952,0,0,95,58,92,98,830,1558,0,0,-1,11,268,-46,0
44.877819,0,0,95,58,92,98,830,1558,0,0,-1,11,268,-46,0
44.888047,0,1,95,58,92,98,830,1558,-1,0,-1,11,268,-46,0
44.893980,0,1,95,58,92,98,830,1558,-1,-1,-1,11,268,-46,0
44.908288,0,0,95,58,92,98,830,1558,-1,-1,-1,11,268,-46,0
44.912519,0,0,95,58,92,98,830,1558,-1,-1,-1,11,268,-46,0
44.919569,0,1,95,58,92,98,830,1558,0,-1,-1,11,268,-46,0
44.923777,0,0,95,58,92,98,830,1558,0,-1,-1,11,268,-46,0
44.928279,0,0,95,58,92,98,830,1558,0,-1,-1,11,268,-46,0
44.939455,0,0,95,58,92,98,830,1558,0,-1,-1,11,268,-46,0
44.943629,0,1,95,58,92,98,830,1558,-1,-1,-1,11,268,-46,0
44.951003,0,1,95,58,92,98,830,1558,-1,-1,0,11,268,-46,0
44.955289,0,0,95,58,92,98,830,1558,-1,-1,0,11,268,-46,0
44.959594,0,0,95,58,92,98,830,1558,-1,-1,0,11,268,-46,0
44.971267,0,0,95,58,92,98,830,1558,-1,-1,0,11,268,-46,0
44.981643,0,0,95,58,92,98,830,1558,-1,-1,0,11,268,-46,0
44.986207,0,0,95,58,92,98,830,1558,-1,-1,0,11,268,-46,0
44.991205,0,0,95,58,92,98,830,1558,-1,-1,0,11,268,-46,0
45.002513,0,0,95,58,92,98,830,1558,-1,-1,0,11,268,-46,0
45.012520,0,1,95,58,92,98,830,1558,0,-1,-1,11,268,-46,0
47.895964,1,1,95,58,92,98,830,1558,-1,-1,-1,11,264,-45,0
47.900126,0,1,95,58,92,98,830,1558,-1,-1,-1,11,264,-46,0
47.904224,0,0,95,58,92,98,830,1558,-1,-1,-1,11,264,-46,0
47.915528,0,0,95,58,92,98,830,1558,-1,-1,-1,11,264,-46,0
47.920201,0,1,95,58,92,98,830,1558,-1,0,-1,11,264,-46,0
47.927201,0,1,95,58,92,98,830,1558,-1,0,-1,11,263,-46,0
47.932255,0,0,95,58,92,98,830,1558,-1,0,-1,11,263,-46,0
47.945637,0,0,95,58,92,98,830,1558,-1,0,-1,11,263,-46,0
47.950820,0,1,95,58,92,98,830,1558,-1,0,0,11,263,-46,0
47.958550,0,1,95,58,92,98,830,1558,-1,0,0,11,262,-46,0
47.963624,0,0,95,58,92,98,830,1558,-1,0,0,11,262,-46,0
47.977069,0,0,95,58,92,98,830,1558,-1,0,0,11,262,-46,0
47.982029,0,1,95,58,92,98,830,1558,-1,0,-1,11,262,-46,0
47.989694,0,1,95,58,92,98,830,1558,-1,0,-1,11,262,-45,0
47.994707,0,0,95,58,92,98,830,1558,-1,0,-1,11,262,-45,0
48.008223,0,0,95,58,92,98,830,1558,-1,0,-1,11,262,-45,0
48.018422,0,0,95,58,92,98,830,1558,-1,0,-1,11,262,-45,0
48.023118,0,0,95,58,92,98,830,1558,-1,0,-1,11,262,-45,0
48.027829,0,0,95,58,92,98,830,1558,-1,0,-1,11,262,-45,0
48.039815,0,0,95,58,92,98,830,1558,-1,0,-1,11,262,-45,0
48.049625,0,0,95,58,92,98,830,1558,-1,0,-1,11,262,-45,0
48.052613,0,0,95,58,92,98,830,1558,-1,0,-1,11,262,-45,0
48.057593,0,0,95,58,92,98,830,1558,-1,0,-1,11,262,-45,0
48.071232,0,0,95,58,92,98,830,1558,-1,0,-1,11,262,-45,0
48.080823,0,0,95,58,92,98,830,1558,-1,0,-1,11,262,-45,0
48.085719,0,0,95,58,92,98,830,1558,-1,0,-1,11,262,-45,0
48.090380,0,0,95,58,92,98,830,1558,-1,0,-1,11,262,-45,0
48.101940,0,0,95,58,92,98,830,1558,-1,0,-1,11,262,-45,0
48.111485,0,0,95,58,92,98,830,1558,-1,0,-1,11,262,-45,0
48.116188,0,0,95,58,92,98,830,1558,-1,0,-1,11,262,-45,0
48.120900,0,0,95,58,92,98,830,1558,-1,0,-1,11,262,-45,0
48.133273,0,1,95,58,92,98,830,1558,-1,0,0,11,262,-45,0
48.143717,0,1,95,58,92,98,830,1558,-1,0,0,11,261,-45,0
48.147897,0,0,95,58,92,98,830,1558,-1,0,0,11,261,-45,0
48.152887,0,1,95,58,92,98,830,1558,-1,0,-1,11,261,-45,0
48.164227,0,1,95,58,92,98,830,1558,-1,0,-1,11,262,-45,0
48.173721,0,0,95,58,92,98,830,1558,-1,0,-1,11,262,-45,0
48.179023,0,0,95,58,92,98,830,1558,-1,0,-1,11,262,-45,0
48.183704,0,0,95,58,92,98,830,1558,-1,0,-1,11,262,-45,0
48.194606,0,1,95,58,92,98,830,1558,-1,0,-1,11,260,-45,0
48.204796,0,0,95,58,92,98,830,1558,-1,0,-1,11,260,-45,0
48.210466,0,1,95,58,92,98,830,1558,0,0,-1,11,260,-45,0
48.224457,0,0,95,58,92,98,830,1558,0,0,-1,11,260,-45,0
48.229728,0,0,95,58,92,98,830,1558,0,0,-1,11,260,-45,0
48.238158,0,0,95,58,92,98,830,1558,0,0,-1,11,260,-45,0
48.243278,0,1,95,58,92,98,830,1558,-1,0,-1,11,260,-45,0
48.257221,0,1,95,58,92,98,830,1558,-1,0,-1,11,259,-45,0
48.266626,0,0,95,58,92,98,830,1558,-1,0,-1,11,259,-45,0
48.270869,0,1,95,58,92,98,830,1558,0,0,-1,11,259,-45,0
48.275457,0,0,95,58,92,98,830,1558,0,0,-1,11,259,-45,0
48.287517,0,0,95,58,92,98,830,1558,0,0,-1,11,259,-45,0
48.291704,0,0,95,58,92,98,830,1558,0,0,-1,11,259,-45,0
48.298710,0,0,95,58,92,98,830,1558,0,0,-1,11,259,-45,0
48.302811,0,0,95,58,92,98,830,1558,0,0,-1,11,259,-45,0
48.306965,0,1,95,58,92,98,830,1558,0,0,-1,11,258,-45,0
48.318461,0,0,95,58,92,98,830,1558,0,0,-1,11,258,-45,0
48.323033,0,0,95,58,92,98,830,1558,0,0,-1,11,258,-45,0
48.330368,0,0,95,58,92,98,830,1558,0,0,-1,11,258,-45,0
48.334627,0,1,95,58,92,98,830,1558,0,0,0,11,258,-45,0
48.338845,0,1,95,58,92,98,830,1558,0,0,0,11,256,-45,0
48.350147,0,0,95,58,92,98,830,1558,0,0,0,11,256,-45,0
48.359559,0,0,95,58,92,98,830,1558,0,0,0,11,256,-45,0
48.364171,0,1,95,58,92,98,830,1558,-1,0,0,11,256,-45,0
48.368685,0,1,95,58,92,98,830,1558,-1,0,-1,11,255,-45,0
48.380831,0,0,95,58,92,98,830,1558,-1,0,-1,11,255,-45,0
48.390401,0,0,95,58,92,98,830,1558,-1,0,-1,11,255,-45,0
48.395353,0,0,95,58,92,98,830,1558,-1,0,-1,11,255,-45,0
48.400197,0,1,95,58,92,98,830,1558,-1,0,-1,11,254,-45,0
48.411799,0,0,95,58,92,98,830,1558,-1,0,-1,11,254,-45,0
48.421625,0,1,95,58,92,98,830,1558,0,0,-1,11,254,-45,0
48.426579,0,1,95,58,92,98,830,1558,0,0,0,11,254,-45,0
48.431607,1,1,95,58,92,98,829,1558,0,0,0,11,253,-45,0
48.443220,0,0,95,58,92,98,829,1558,0,0,0,11,253,-45,0
48.453437,0,0,95,58,92,98,829,1558,0,0,0,11,253,-45,0
48.458523,0,1,95,58,92,98,829,1558,0,0,-1,11,253,-45,0
48.472266,0,1,95,58,92,98,829,1558,0,0,-1,11,251,-44,0
48.477303,0,0,95,58,92,98,829,1558,0,0,-1,11,251,-44,0
48.485219,0,0,95,58,92,98,829,1558,0,0,-1,11,251,-44,0
48.489743,0,1,95,58,92,98,829,1558,0,0,-1,11,250,-44,0
48.493921,0,0,95,58,92,98,829,1558,0,0,-1,11,250,-44,0
48.505153,0,0,95,58,92,98,829,1558,0,0,-1,11,250,-44,0
48.514866,0,0,95,58,92,98,829,1558,0,0,-1,11,250,-44,0
48.519036,0,0,95,58,92,98,829,1558,0,0,-1,11,250,-44,0
48.523320,0,1,95,58,92,98,829,1558,0,0,-1,11,249,-44,0
48.535807,0,0,95,58,92,98,829,1558,0,0,-1,11,249,-44,0
48.545424,0,0,95,58,92,98,829,1558,0,0,-1,11,249,-44,0
48.549945,0,0,95,58,92,98,829,1558,0,0,-1,11,249,-44,117
48.554921,1,1,95,58,92,98,828,1558,0,0,-1,11,247,-44,117
48.567256,0,0,95,58,92,98,828,1558,0,0,-1,11,247,-44,117
48.576633,0,0,95,58,92,98,828,1558,0,0,-1,11,247,-44,117
48.580824,0,1,95,58,92,98,828,1558,0,0,-1,11,270,-44,5
48.585700,1,1,95,58,92,98,830,1558,0,0,-1,11,270,-47,5
48.598268,0,0,95,58,92,98,830,1558,0,0,-1,11,270,-47,5
48.608637,0,1,95,58,92,98,830,1558,-1,0,-1,11,270,-47,5
48.613286,0,1,95,58,92,98,830,1558,-1,0,-1,11,269,-47,0
48.627289,0,0,95,58,92,98,830,1558,-1,0,-1,11,269,-47,0
48.632048,0,0,95,58,92,98,830,1558,-1,0,-1,11,269,-47,0
48.640435,0,0,95,58,92,98,830,1558,-1,0,-1,11,269,-47,0
48.645495,0,1,95,58,92,98,830,1558,-1,0,-1,11,269,-46,0
48.659357,0,0,95,58,92,98,830,1558,-1,0,-1,11,269,-46,0
51.527229,1,1,95,58,92,98,830,1558,-1,0,-1,11,263,-45,0
51.531556,0,0,95,58,92,98,830,1558,-1,0,-1,11,263,-45,0
51.543368,0,0,95,58,92,98,830,1558,-1,0,-1,11,263,-45,0
51.553298,0,1,95,58,92,98,830,1558,-1,0,-1,11,262,-45,0
51.557890,0,0,95,58,92,98,830,1558,-1,0,-1,11,262,-45,0
51.562490,0,1,95,58,92,98,830,1558,0,0,-1,11,262,-45,0
51.573793,0,0,95,58,92,98,830,1558,0,0,-1,11,262,-45,0
51.583685,0,0,95,58,92,98,830,1558,0,0,-1,11,262,-45,0
51.588178,0,0,95,58,92,98,830,1558,0,0,-1,11,262,-45,0
51.592383,0,1,95,58,92,98,830,1558,-1,0,-1,11,262,-45,0
51.604951,0,0,95,58,92,98,830,1558,-1,0,-1,11,262,-45,0
51.614490,0,0,95,58,92,98,830,1558,-1,0,-1,11,262,-45,0
51.619007,0,0,95,58,92,98,830,1558,-1,0,-1,11,262,-45,0
51.623134,0,1,95,58,92,98,830,1558,0,0,-1,11,262,-45,0
51.636094,0,0,95,58,92,98,830,1558,0,0,-1,11,262,-45,0
51.645499,0,0,95,58,92,98,830,1558,0,0,-1,11,262,-45,0
51.649700,0,0,95,58,92,98,830,1558,0,0,-1,11,262,-45,0
51.653772,0,0,95,58,92,98,830,1558,0,0,-1,11,262,-45,0
51.666814,1,0,95,58,91,98,830,1558,0,0,-1,11,262,-45,0
51.676653,0,1,95,58,91,98,830,1558,0,0,-1,11,260,-45,0
51.680793,0,0,95,58,91,98,830,1558,0,0,-1,11,260,-45,0
51.682778,0,1,95,58,91,98,830,1558,-1,0,-1,11,260,-45,0
51.696348,1,0,95,58,92,98,830,1558,-1,0,-1,11,260,-45,0
51.700487,0,0,95,58,92,98,830,1558,-1,0,-1,11,260,-45,0
51.709053,0,0,95,58,92,98,830,1558,-1,0,-1,11,260,-45,0
51.713196,0,0,95,58,92,98,830,1558,-1,0,-1,11,260,-45,0
51.717459,0,1,95,58,92,98,830,1558,-1,0,0,11,260,-45,0
51.728792,0,1,95,58,92,98,830,1558,-1,0,0,11,259,-45,0
51.732921,0,0,95,58,92,98,830,1558,-1,0,0,11,259,-45,0
51.740995,0,0,95,58,92,98,830,1558,-1,0,0,11,259,-45,0
51.746085,0,0,95,58,92,98,830,1558,-1,0,0,11,259,-45,0
51.759806,0,0,95,58,92,98,830,1558,-1,0,0,11,259,-45,0
51.770216,0,1,95,58,92,98,830,1558,-1,0,0,11,257,-45,0
51.776072,0,0,95,58,92,98,830,1558,-1,0,0,11,257,-45,0
51.790316,0,1,95,58,92,98,830,1558,-1,0,-1,11,257,-45,0
51.800775,0,0,95,58,92,98,830,1558,-1,0,-1,11,257,-45,0
51.806741,0,1,95,58,92,98,830,1558,0,0,-1,11,257,-45,0
51.821456,1,1,95,58,91,98,830,1558,0,0,-1,11,256,-45,0
51.831582,0,0,95,58,91,98,830,1558,0,0,-1,11,256,-45,0
51.837441,0,0,95,58,91,98,830,1558,0,0,-1,11,256,-45,0
51.851589,1,1,95,58,92,98,830,1558,0,0,-1,11,255,-45,0
51.862990,1,0,95,58,92,98,829,1558,0,0,-1,11,255,-45,0
51.868870,0,1,95,58,92,98,829,1558,-1,-1,-1,11,255,-45,0
51.882375,0,1,95,58,92,98,829,1558,-1,-1,-1,11,253,-45,0
51.886610,0,0,95,58,92,98,829,1558,-1,-1,-1,11,253,-45,0
51.894626,0,0,95,58,92,98,829,1558,-1,-1,-1,11,253,-45,0
51.899709,0,0,95,58,92,98,829,1558,-1,-1,-1,11,253,-45,0
51.913295,0,1,95,58,92,98,829,1558,-1,-1,-1,11,251,-44,0
51.918282,0,0,95,58,92,98,829,1558,-1,-1,-1,11,251,-44,0
51.925984,0,0,95,58,92,98,829,1558,-1,-1,-1,11,251,-44,0
51.930526,0,1,95,58,92,98,829,1558,-1,0,-1,11,251,-44,0
51.944377,0,1,95,58,92,98,829,1558,-1,0,-1,11,250,-44,0
51.949212,0,0,95,58,92,98,829,1558,-1,0,-1,11,250,-44,0
51.957215,0,0,95,58,92,98,829,1558,-1,0,-1,11,250,-44,0
51.961763,0,0,95,58,92,98,829,1558,-1,0,-1,11,250,-44,0
51.975318,1,1,95,58,92,98,828,1558,-1,0,-1,11,249,-44,0
51.980335,0,0,95,58,92,98,828,1558,-1,0,-1,11,249,-44,0
51.988388,0,1,95,58,92,98,828,1558,0,0,-1,11,249,-44,0
51.993422,0,1,95,58,92,98,828,1558,0,0,0,11,247,-44,0
52.006933,0,0,95,58,92,98,828,1558,0,0,0,11,247,-44,0
52.011558,0,1,95,58,92,98,828,1558,-1,0,0,11,247,-44,0
52.019061,0,0,95,58,92,98,828,1558,-1,0,0,11,247,-44,0
52.023954,0,1,95,58,92,98,828,1558,-1,0,0,11,246,-44,0
52.037317,0,1,95,58,92,98,828,1558,-1,0,0,11,246,-43,0
52.042354,0,0,95,58,92,98,828,1558,-1,0,0,11,246,-43,0
52.050715,0,1,95,58,92,98,828,1558,-1,0,-1,11,246,-43,0
52.055729,0,1,95,58,92,98,828,1558,-1,0,-1,11,245,-43,0
52.069777,0,0,95,58,92,98,828,1558,-1,0,-1,11,245,-43,0
52.080008,0,1,95,58,92,98,828,1558,0,0,0,11,245,-43,0
52.085698,0,1,95,58,92,98,828,1558,0,0,0,11,244,-44,0
52.099619,0,0,95,58,92,98,828,1558,0,0,0,11,244,-44,0
52.105413,0,0,95,58,92,98,828,1558,0,0,0,11,244,-44,0
52.113200,0,1,95,58,92,98,828,1558,0,0,-1,11,244,-44,0
52.117751,0,1,95,58,92,98,828,1558,0,0,-1,11,244,-43,0
52.131324,0,0,95,58,92,98,828,1558,0,0,-1,11,244,-43,0
52.141721,0,0,95,58,92,98,828,1558,0,0,-1,11,244,-43,0
52.146267,0,1,95,58,92,98,828,1558,0,0,-1,11,242,-43,0
52.150462,0,0,95,58,92,98,828,1558,0,0,-1,11,242,-43,0
52.163227,0,1,95,58,92,98,828,1558,-1,0,-1,11,242,-43,0
52.172734,0,0,95,58,92,98,828,1558,-1,0,-1,11,242,-43,0
52.178105,0,1,95,58,92,98,828,1558,-1,0,-1,11,241,-43,0
52.183314,0,0,95,58,92,98,828,1558,-1,0,-1,11,241,-43,0
52.194705,0,0,95,58,92,98,828,1558,-1,0,-1,11,241,-43,0
52.204448,0,0,95,58,92,98,828,1558,-1,0,-1,11,241,-43,0
52.209029,0,0,95,58,92,98,828,1558,-1,0,-1,11,241,-43,0
52.213218,0,0,95,58,92,98,828,1558,-1,0,-1,11,241,-43,0
52.224900,0,0,95,58,92,98,828,1558,-1,0,-1,11,241,-43,0
52.234621,0,0,95,58,92,98,828,1558,-1,0,-1,11,241,-43,0
52.238989,0,1,95,58,92,98,828,1558,-1,0,-1,10,241,-43,0
52.243282,0,0,95,58,92,98,828,1558,-1,0,-1,10,241,-43,0
52.255505,0,1,95,58,92,98,828,1558,0,0,-1,10,241,-43,0
52.259684,0,1,95,58,92,98,828,1558,0,0,-1,11,241,-43,0
52.266574,0,1,95,58,92,98,828,1558,0,0,-1,11,240,-42,0
52.270989,0,0,95,58,92,98,828,1558,0,0,-1,11,240,-42,0
52.275175,0,0,95,58,92,98,828,1558,0,0,-1,11,240,-42,0
52.287329,0,0,95,58,92,98,828,1558,0,0,-1,11,240,-42,0
55.153247,1,1,95,58,92,98,830,1558,0,0,-1,13,260,-42,0
55.157557,0,0,95,58,92,98,830,1558,0,0,-1,13,260,-42,0
55.170182,0,0,95,58,92,98,830,1558,0,0,-1,13,260,-42,0
55.179384,0,1,95,58,92,98,830,1558,-1,0,-1,13,260,-42,0
55.184827,0,0,95,58,92,98,830,1558,-1,0,-1,13,260,-42,0
55.190009,0,0,95,58,92,98,830,1558,-1,0,-1,13,260,-42,0
55.201480,0,0,95,58,92,98,830,1558,-1,0,-1,13,260,-42,0
55.211758,0,1,95,58,92,98,830,1558,0,0,-1,13,260,-42,0
55.216013,0,0,95,58,92,98,830,1558,0,0,-1,13,260,-42,0
55.220742,0,0,95,58,92,98,830,1558,0,0,-1,13,260,-42,0
55.232260,0,0,95,58,92,98,830,1558,0,0,-1,13,260,-42,0
55.242404,0,0,95,58,92,98,830,1558,0,0,-1,13,260,-42,0
55.246959,0,0,95,58,92,98,830,1558,0,0,-1,13,260,-42,0
55.251172,0,0,95,58,92,98,830,1558,0,0,-1,13,260,-42,0
55.262980,0,0,95,58,92,98,830,1558,0,0,-1,13,260,-42,0
55.272456,0,0,95,58,92,98,830,1558,0,0,-1,13,260,-42,0
55.276642,1,0,95,58,91,98,830,1558,0,0,-1,13,260,-42,0
55.281160,0,0,95,58,91,98,830,1558,0,0,-1,13,260,-42,0
55.294096,0,0,95,58,91,98,830,1558,0,0,-1,13,260,-42,0
55.303652,0,0,95,58,91,98,830,1558,0,0,-1,13,260,-42,0
55.305943,1,0,95,58,92,98,830,1558,0,0,-1,13,260,-42,0
55.310175,0,0,95,58,92,98,830,1558,0,0,-1,13,260,-42,0
55.323346,0,0,95,58,92,98,830,1558,0,0,-1,13,260,-42,0
55.327983,0,0,95,58,92,98,830,1558,0,0,-1,13,260,-42,0
55.336026,0,1,95,58,92,98,830,1558,0,-1,-1,13,260,-42,0
55.340672,0,0,95,58,92,98,830,1558,0,-1,-1,13,260,-42,0
55.344847,0,0,95,58,92,98,830,1558,0,-1,-1,13,260,-42,0
55.355806,0,0,95,58,92,98,830,1558,0,-1,-1,13,260,-42,0
55.365327,0,0,95,58,92,98,830,1558,0,-1,-1,13,260,-42,0
55.369920,0,0,95,58,92,98,830,1558,0,-1,-1,13,260,-42,0
55.374112,0,0,95,58,92,98,830,1558,0,-1,-1,13,260,-42,0
55.386488,0,0,95,58,92,98,830,1558,0,-1,-1,13,260,-42,0
55.390687,1,1,95,58,91,98,830,1558,0,0,-2,13,260,-42,0
55.397871,0,0,95,58,91,98,830,1558,0,0,-2,13,260,-42,0
55.402085,0,0,95,58,91,98,830,1558,0,0,-2,13,260,-42,0
55.406733,0,0,95,58,91,98,830,1558,0,0,-2,13,260,-42,0
55.418380,0,0,95,58,91,98,830,1558,0,0,-2,13,260,-42,0
55.428411,1,1,95,58,92,98,830,1558,0,0,-1,13,260,-42,0
55.432653,0,0,95,58,92,98,830,1558,0,0,-1,13,260,-42,0
55.436920,0,0,95,58,92,98,830,1558,0,0,-1,13,260,-42,0
55.449289,0,0,95,58,92,98,830,1558,0,0,-1,13,260,-42,0
55.459123,1,0,95,58,91,98,830,1558,0,0,-1,13,260,-42,0
55.463899,0,0,95,58,91,98,830,1558,0,0,-1,13,260,-42,0
55.468105,0,0,95,58,91,98,830,1558,0,0,-1,13,260,-42,0
55.479418,0,0,95,58,91,98,830,1558,0,0,-1,13,260,-42,0
55.483966,1,0,95,58,92,98,830,1558,0,0,-1,13,260,-42,0
55.491216,0,0,95,58,92,98,830,1558,0,0,-1,13,260,-42,0
55.495623,0,0,95,58,92,98,830,1558,0,0,-1,13,260,-42,0
55.500240,0,1,95,58,92,98,830,1558,-1,0,-1,13,260,-42,0
55.511128,0,0,95,58,92,98,830,1558,-1,0,-1,13,260,-42,0
55.520538,0,1,95,58,92,98,830,1558,-1,0,-1,13,259,-42,0
55.525540,0,0,95,58,92,98,830,1558,-1,0,-1,13,259,-42,0
55.529739,0,1,95,58,92,98,830,1558,0,0,-1,13,259,-42,0
55.542214,0,0,95,58,92,98,830,1558,0,0,-1,13,259,-42,0
55.551765,0,0,95,58,92,98,830,1558,0,0,-1,13,259,-42,0
55.557362,0,0,95,58,92,98,830,1558,0,0,-1,13,259,-42,0
55.571267,0,1,95,58,92,98,830,1558,0,-1,-1,13,259,-42,0
55.575661,0,0,95,58,92,98,830,1558,0,-1,-1,13,259,-42,0
55.584317,0,0,95,58,92,98,830,1558,0,-1,-1,13,259,-42,0
55.588553,0,1,95,58,92,98,830,1558,-1,-1,-1,13,259,-42,0
55.592751,0,1,95,58,92,98,830,1558,-1,0,-1,13,259,-42,0
55.603600,0,0,95,58,92,98,830,1558,-1,0,-1,13,259,-42,0
55.607789,0,0,95,58,92,98,830,1558,-1,0,-1,13,259,-42,0
55.615276,0,0,95,58,92,98,830,1558,-1,0,-1,13,259,-42,0
55.619879,0,0,95,58,92,98,830,1558,-1,0,-1,13,259,-42,0
55.633381,0,0,95,58,92,98,830,1558,-1,0,-1,13,259,-42,0
55.637656,0,1,95,58,92,98,830,1558,-1,0,-1,13,258,-42,0
55.646713,0,0,95,58,92,98,830,1558,-1,0,-1,13,258,-42,0
55.651682,0,0,95,58,92,98,830,1558,-1,0,-1,13,258,-42,0
55.665809,0,0,95,58,92,98,830,1558,-1,0,-1,13,258,-42,0
55.675781,0,0,95,58,92,98,830,1558,-1,0,-1,13,258,-42,0
55.680961,0,1,95,58,92,98,830,1558,0,0,-1,13,258,-42,0
55.685976,0,0,95,58,92,98,830,1558,0,0,-1,13,258,-42,0
55.697135,0,0,95,58,92,98,830,1558,0,0,-1,13,258,-42,0
55.707583,0,0,95,58,92,98,830,1558,0,0,-1,13,258,-42,0
55.713122,0,1,95,58,92,98,830,1558,-1,0,-1,13,258,-42,0
55.727616,0,1,95,58,92,98,830,1558,-1,0,-1,13,257,-42,0
55.737544,0,0,95,58,92,98,830,1558,-1,0,-1,13,257,-42,0
55.742606,0,0,95,58,92,98,830,1558,-1,0,-1,13,257,-42,0
55.746845,0,0,95,58,92,98,830,1558,-1,0,-1,13,257,-42,0
55.759229,0,0,95,58,92,98,830,1558,-1,0,-1,13,257,-42,0
55.768927,0,0,95,58,92,98,830,1558,-1,0,-1,13,257,-42,0
55.773264,0,0,95,58,92,98,830,1558,-1,0,-1,13,257,-42,0
55.778251,0,0,95,58,92,98,830,1558,-1,0,-1,13,257,-42,0
55.789849,0,1,95,58,92,98,830,1558,-1,0,-1,13,257,-41,0
55.799348,0,0,95,58,92,98,830,1558,-1,0,-1,13,257,-41,0
55.803960,0,0,95,58,92,98,830,1558,-1,0,-1,13,257,-41,0
55.808193,0,0,95,58,92,98,830,1558,-1,0,-1,13,257,-41,0
55.821286,0,1,95,58,92,98,830,1558,-1,0,-1,13,257,-42,0
55.830962,0,0,95,58,92,98,830,1558,-1,0,-1,13,257,-42,0
55.835199,0,0,95,58,92,98,830,1558,-1,0,-1,13,257,-42,0
55.839443,0,0,95,58,92,98,830,1558,-1,0,-1,13,257,-42,0
55.851441,0,0,95,58,92,98,830,1558,-1,0,-1,13,257,-42,0
55.855560,0,0,95,58,92,98,830,1558,-1,0,-1,13,257,-42,0
55.862826,0,0,95,58,92,98,830,1558,-1,0,-1,13,257,-42,0
55.866982,0,0,95,58,92,98,830,1558,-1,0,-1,13,257,-42,0
55.871196,0,0,95,58,92,98,830,1558,-1,0,-1,13,257,-42,0
55.882428,0,0,95,58,92,98,830,1558,-1,0,-1,13,257,-42,0
55.886635,0,0,95,58,92,98,830,1558,-1,0,-1,13,257,-42,0
55.894388,0,0,95,58,92,98,830,1558,-1,0,-1,13,257,-42,0
55.898573,0,0,95,58,92,98,830,1558,-1,0,-1,13,257,-42,0
55.902694,0,0,95,58,92,98,830,1558,-1,0,-1,13,257,-42,0
55.913947,0,0,95,58,92,98,830,1558,-1,0,-1,13,257,-42,0
58.795629,1,1,95,58,92,98,830,1558,-1,0,-1,11,253,-40,0
58.800110,0,0,95,58,92,98,830,1558,-1,0,-1,11,253,-40,0
58.808208,0,0,95,58,92,98,830,1558,-1,0,-1,11,253,-40,0
58.813262,0,0,95,58,92,98,830,1558,-1,0,-1,11,253,-40,0
58.826587,0,0,95,58,92,98,830,1558,-1,0,-1,11,253,-40,0
58.830781,0,1,95,58,92,98,830,1558,-1,-1,-1,11,253,-40,0
58.839997,0,0,95,58,92,98,830,1558,-1,-1,-1,11,253,-40,0
58.845012,0,0,95,58,92,98,830,1558,-1,-1,-1,11,253,-40,0
58.858574,0,0,95,58,92,98,830,1558,-1,-1,-1,11,253,-40,0
58.868418,0,1,95,58,92,98,830,1558,0,-1,-1,11,253,-40,0
58.873402,0,1,95,58,92,98,830,1558,0,-1,-1,10,253,-40,0
58.878348,0,0,95,58,92,98,830,1558,0,-1,-1,10,253,-40,0
58.890307,0,1,95,58,92,98,830,1558,-1,-1,-1,10,253,-40,0
58.900459,0,0,95,58,92,98,830,1558,-1,-1,-1,10,253,-40,0
58.905426,0,0,95,58,92,98,830,1558,-1,-1,-1,10,253,-40,0
58.919346,0,0,95,58,92,98,830,1558,-1,-1,-1,10,253,-40,0
58.924409,0,1,95,58,92,98,830,1558,0,-1,-1,10,253,-40,0
58.932573,0,1,95,58,92,98,830,1558,0,-1,-1,11,253,-40,0
58.937099,0,0,95,58,92,98,830,1558,0,-1,-1,11,253,-40,0
58.950380,0,1,95,58,92,98,830,1558,-1,-1,-1,11,253,-40,0
58.953307,0,1,95,58,92,98,830,1558,-1,0,-1,11,253,-40,0
58.962579,0,0,95,58,92,98,830,1558,-1,0,-1,11,253,-40,0
58.967160,0,0,95,58,92,98,830,1558,-1,0,-1,11,253,-40,0
58.971305,0,0,95,58,92,98,830,1558,-1,0,-1,11,253,-40,0
58.982442,0,0,95,58,92,98,830,1558,-1,0,-1,11,253,-40,0
58.986590,0,1,95,58,92,98,830,1558,-1,0,-1,10,253,-40,0
58.993885,0,0,95,58,92,98,830,1558,-1,0,-1,10,253,-40,0
58.997959,0,0,95,58,92,98,830,1558,-1,0,-1,10,253,-40,0
59.002006,0,0,95,58,92,98,830,1558,-1,0,-1,10,253,-40,0
59.013412,0,1,95,58,92,98,830,1558,-1,0,-1,11,253,-40,0
59.017559,0,0,95,58,92,98,830,1558,-1,0,-1,11,253,-40,0
59.024923,0,0,95,58,92,98,830,1558,-1,0,-1,11,253,-40,0
59.029091,0,0,95,58,92,98,830,1558,-1,0,-1,11,253,-40,0
59.033225,0,1,95,58,92,98,830,1558,-1,-1,-1,11,253,-40,0
59.044381,0,1,95,58,92,98,830,1558,-1,-1,-1,10,253,-40,0
59.048541,0,1,95,58,92,98,830,1558,-1,-1,-1,10,253,-41,0
59.055623,0,0,95,58,92,98,830,1558,-1,-1,-1,10,253,-41,0
59.059791,0,0,95,58,92,98,830,1558,-1,-1,-1,10,253,-41,0
59.063840,0,1,95,58,92,98,830,1558,-1,0,-1,10,253,-41,0
59.075514,0,1,95,58,92,98,830,1558,-1,0,-1,11,252,-41,0
59.079645,0,0,95,58,92,98,830,1558,-1,0,-1,11,252,-41,0
59.087284,0,0,95,58,92,98,830,1558,-1,0,-1,11,252,-41,0
59.091460,0,0,95,58,92,98,830,1558,-1,0,-1,11,252,-41,0
59.095600,0,0,95,58,92,98,830,1558,-1,0,-1,11,252,-41,0
59.107327,0,1,95,58,92,98,830,1558,-1,0,-1,10,253,-41,0
59.117748,0,0,95,58,92,98,830,1558,-1,0,-1,10,253,-41,0
59.122760,0,0,95,58,92,98,830,1558,-1,0,-1,10,253,-41,0
59.136349,0,1,95,58,92,98,830,1558,-1,0,-1,11,253,-41,0
59.141379,0,1,95,58,92,98,830,1558,-1,0,-1,11,253,-40,0
59.149417,0,0,95,58,92,98,830,1558,-1,0,-1,11,253,-40,0
59.154396,0,0,95,58,92,98,830,1558,-1,0,-1,11,253,-40,0
59.168116,0,0,95,58,92,98,830,1558,-1,0,-1,11,253,-40,0
59.172800,0,0,95,58,92,98,830,1558,-1,0,-1,11,253,-40,0
59.180009,0,0,95,58,92,98,830,1558,-1,0,-1,11,253,-40,0
59.184967,0,0,95,58,92,98,830,1558,-1,0,-1,11,253,-40,0
59.198332,0,0,95,58,92,98,830,1558,-1,0,-1,11,253,-40,0
59.203326,0,0,95,58,92,98,830,1558,-1,0,-1,11,253,-40,0
59.211559,0,0,95,58,92,98,830,1558,-1,0,-1,11,253,-40,0
59.215807,0,1,95,58,92,98,830,1558,-1,-1,-1,11,253,-40,0
59.229433,0,0,95,58,92,98,830,1558,-1,-1,-1,11,253,-40,0
59.234106,0,0,95,58,92,98,830,1558,-1,-1,-1,11,253,-40,0
59.242490,0,0,95,58,92,98,830,1558,-1,-1,-1,11,253,-40,0
59.246749,0,1,95,58,92,98,830,1558,-1,0,-2,11,253,-40,0
59.260753,0,1,95,58,92,98,830,1558,-1,0,-2,11,253,-41,0
59.266255,0,0,95,58,92,98,830,1558,-1,0,-2,11,253,-41,0
59.274483,0,0,95,58,92,98,830,1558,-1,0,-2,11,253,-41,0
59.279853,0,1,95,58,92,98,830,1558,-1,0,-1,10,253,-41,0
59.293286,0,0,95,58,92,98,830,1558,-1,0,-1,10,253,-41,0
59.303974,0,0,95,58,92,98,830,1558,-1,0,-1,10,253,-41,0
59.308569,0,0,95,58,92,98,830,1558,-1,0,-1,10,253,-41,0
59.313178,0,0,95,58,92,98,830,1558,-1,0,-1,10,253,-41,0
59.323785,0,0,95,58,92,98,830,1558,-1,0,-1,10,253,-41,0
59.333350,0,0,95,58,92,98,830,1558,-1,0,-1,10,253,-41,0
59.338306,0,1,95,58,92,98,830,1558,-1,0,-1,11,253,-41,0
59.342572,0,0,95,58,92,98,830,1558,-1,0,-1,11,253,-41,0
59.355263,0,0,95,58,92,98,830,1558,-1,0,-1,11,253,-41,0
59.364721,0,0,95,58,92,98,830,1558,-1,0,-1,11,253,-41,0
59.369281,0,0,95,58,92,98,830,1558,-1,0,-1,11,253,-41,0
59.373824,0,1,95,58,92,98,830,1558,-1,0,-1,11,253,-40,0
59.386295,0,0,95,58,92,98,830,1558,-1,0,-1,11,253,-40,0
59.395871,0,0,95,58,92,98,830,1558,-1,0,-1,11,253,-40,0
59.400438,0,0,95,58,92,98,830,1558,-1,0,-1,11,253,-40,0
59.405483,0,1,95,58,92,98,830,1558,-1,0,-1,11,253,-41,0
59.417276,0,0,95,58,92,98,830,1558,-1,0,-1,11,253,-41,0
59.427454,0,0,95,58,92,98,830,1558,-1,0,-1,11,253,-41,0
59.432399,0,0,95,58,92,98,830,1558,-1,0,-1,11,253,-41,0
59.446353,0,1,95,58,92,98,830,1558,-1,0,-1,11,253,-40,0
59.451455,0,0,95,58,92,98,830,1558,-1,0,-1,11,253,-40,0
59.459447,0,0,95,58,92,98,830,1558,-1,0,-1,11,253,-40,0
59.464036,0,0,95,58,92,98,830,1558,-1,0,-1,11,253,-40,0
59.477498,0,0,95,58,92,98,830,1558,-1,0,-1,11,253,-40,0
59.481851,0,0,95,58,92,98,830,1558,-1,0,-1,11,253,-40,0
59.490630,0,0,95,58,92,98,830,1558,-1,0,-1,11,253,-40,0
59.495258,0,0,95,58,92,98,830,1558,-1,0,-1,11,253,-40,0
59.508769,0,0,95,58,92,98,830,1558,-1,0,-1,11,253,-40,0
59.513411,0,0,95,58,92,98,830,1558,-1,0,-1,11,253,-40,0
59.521762,0,1,95,58,92,98,830,1558,-1,0,-1,10,253,-40,0
59.526780,0,1,95,58,92,98,830,1558,-1,0,-1,10,253,-41,0
59.540306,0,0,95,58,92,98,830,1558,-1,0,-1,10,253,-41,0
59.550407,0,1,95,58,92,98,830,1558,-1,-1,-1,10,253,-41,0
59.555384,0,1,95,58,92,98,830,1558,-1,-1,-1,11,253,-41,0
59.560437,0,0,95,58,92,98,830,1558,-1,-1,-1,11,253,-41,0
59.571917,0,1,95,58,92,98,830,1558,-1,0,-1,11,253,-41,0
62.439845,1,1,95,58,92,98,830,1558,-1,0,-1,13,256,-40,0
62.453719,0,0,95,58,92,98,830,1558,-1,0,-1,13,256,-40,0
62.458497,0,0,95,58,92,98,830,1558,-1,0,-1,13,256,-40,0
62.466771,0,1,95,58,92,98,830,1558,-1,0,-1,13,256,-41,0
62.471766,0,0,95,58,92,98,830,1558,-1,0,-1,13,256,-41,0
62.485323,0,0,95,58,92,98,830,1558,-1,0,-1,13,256,-41,0
62.495406,0,1,95,58,92,98,830,1558,-1,0,-1,12,256,-41,0
62.500465,0,1,95,58,92,98,830,1558,-1,0,-1,12,256,-40,0
62.505489,0,1,95,58,92,98,830,1558,0,0,-1,12,256,-40,0
62.518025,0,0,95,58,92,98,830,1558,0,0,-1,12,256,-40,0
62.528119,0,1,95,58,92,98,830,1558,0,0,-1,13,256,-40,0
62.533489,0,0,95,58,92,98,830,1558,0,0,-1,13,256,-40,0
62.547592,0,0,95,58,92,98,830,1558,0,0,-1,13,256,-40,0
62.558108,0,0,95,58,92,98,830,1558,0,0,-1,13,256,-40,0
62.563103,0,0,95,58,92,98,830,1558,0,0,-1,13,256,-40,0
62.567280,0,1,95,58,92,98,830,1558,-1,0,-1,13,256,-40,0
62.579174,0,0,95,58,92,98,830,1558,-1,0,-1,13,256,-40,0
62.588630,0,0,95,58,92,98,830,1558,-1,0,-1,13,256,-40,0
62.593894,0,0,95,58,92,98,830,1558,-1,0,-1,13,256,-40,0
62.596544,0,0,95,58,92,98,830,1558,-1,0,-1,13,256,-40,0
62.610758,0,0,95,58,92,98,830,1558,-1,0,-1,13,256,-40,0
62.620778,0,1,95,58,92,98,830,1558,-1,0,-1,13,256,-41,0
62.626060,0,0,95,58,92,98,830,1558,-1,0,-1,13,256,-41,0
62.639412,0,1,95,58,92,98,830,1558,0,0,-1,13,256,-41,0
62.644435,0,1,95,58,92,98,830,1558,0,0,-1,13,256,-40,0
62.651979,0,0,95,58,92,98,830,1558,0,0,-1,13,256,-40,0
62.656629,0,0,95,58,92,98,830,1558,0,0,-1,13,256,-40,0
62.670416,0,0,95,58,92,98,830,1558,0,0,-1,13,256,-40,0
62.675703,0,0,95,58,92,98,830,1558,0,0,-1,13,256,-40,0
62.683401,0,0,95,58,92,98,830,1558,0,0,-1,13,256,-40,0
62.687618,0,0,95,58,92,98,830,1558,0,0,-1,13,256,-40,0
62.701271,0,0,95,58,92,98,830,1558,0,0,-1,13,256,-40,0
62.705781,0,0,95,58,92,98,830,1558,0,0,-1,13,256,-40,0
62.714080,0,0,95,58,92,98,830,1558,0,0,-1,13,256,-40,0
62.718253,0,1,95,58,92,98,830,1558,-1,0,-1,13,256,-40,0
62.722431,0,0,95,58,92,98,830,1558,-1,0,-1,13,256,-40,0
62.734193,0,0,95,58,92,98,830,1558,-1,0,-1,13,256,-40,0
62.743870,0,0,95,58,92,98,830,1558,-1,0,-1,13,256,-40,0
62.748119,0,0,95,58,92,98,830,1558,-1,0,-1,13,256,-40,0
62.752706,0,0,95,58,92,98,830,1558,-1,0,-1,13,256,-40,0
62.765512,0,0,95,58,92,98,830,1558,-1,0,-1,13,256,-40,0
62.775315,0,0,95,58,92,98,830,1558,-1,0,-1,13,256,-40,0
62.780302,0,1,95,58,92,98,830,1558,0,0,-1,13,256,-40,0
62.784539,0,0,95,58,92,98,830,1558,0,0,-1,13,256,-40,0
62.795525,0,1,95,58,92,98,830,1558,0,0,-1,13,257,-40,0
62.800067,0,0,95,58,92,98,830,1558,0,0,-1,13,257,-40,0
62.807253,0,0,95,58,92,98,830,1558,0,0,-1,13,257,-40,0
62.812091,0,1,95,58,92,98,830,1558,-1,0,-1,13,257,-40,0
62.825385,0,0,95,58,92,98,830,1558,-1,0,-1,13,257,-40,0
62.830452,0,0,95,58,92,98,830,1558,-1,0,-1,13,257,-40,0
62.839517,0,0,95,58,92,98,830,1558,-1,0,-1,13,257,-40,0
62.845359,0,0,95,58,92,98,830,1558,-1,0,-1,13,257,-40,0
62.859029,0,1,95,58,92,98,830,1558,-1,0,-1,13,256,-41,0
62.868848,0,0,95,58,92,98,830,1558,-1,0,-1,13,256,-41,0
62.873398,0,1,95,58,92,98,830,1558,0,0,-1,13,256,-41,0
62.877926,0,1,95,58,92,98,830,1558,0,0,-1,13,257,-41,0
62.888734,0,0,95,58,92,98,830,1558,0,0,-1,13,257,-41,0
62.898395,0,0,95,58,92,98,830,1558,0,0,-1,13,257,-41,0
62.902634,0,1,95,58,92,98,830,1558,-1,0,-1,13,257,-41,0
62.907096,0,1,95,58,92,98,830,1558,-1,0,-1,13,256,-41,0
62.920269,0,1,95,58,92,98,830,1558,-1,0,-1,13,256,-40,0
62.929968,0,0,95,58,92,98,830,1558,-1,0,-1,13,256,-40,0
62.934583,0,1,95,58,92,98,830,1558,-1,0,-1,12,256,-40,0
62.938844,0,1,95,58,92,98,830,1558,-1,0,-1,12,257,-41,0
62.951204,0,0,95,58,92,98,830,1558,-1,0,-1,12,257,-41,0
62.960637,0,0,95,58,92,98,830,1558,-1,0,-1,12,257,-41,0
62.965965,0,1,95,58,92,98,830,1558,0,0,-1,13,257,-41,0
62.980456,0,1,95,58,92,98,830,1558,0,0,-1,13,257,-40,0
62.986216,0,1,95,58,92,98,830,1558,-1,0,-1,13,257,-40,0
62.994259,0,0,95,58,92,98,830,1558,-1,0,-1,13,257,-40,0
62.998494,0,0,95,58,92,98,830,1558,-1,0,-1,13,257,-40,0
63.012370,0,0,95,58,92,98,830,1558,-1,0,-1,13,257,-40,0
63.022731,0,1,95,58,92,98,830,1558,0,0,-1,13,257,-40,0
63.027867,0,0,95,58,92,98,830,1558,0,0,-1,13,257,-40,0
63.032998,0,0,95,58,92,98,830,1558,0,0,-1,13,257,-40,0
63.044305,0,0,95,58,92,98,830,1558,0,0,-1,13,257,-40,0
63.054042,0,0,95,58,92,98,830,1558,0,0,-1,13,257,-40,0
63.059751,0,1,95,58,92,98,830,1558,0,0,-1,12,256,-40,0
63.073229,0,0,95,58,92,98,830,1558,0,0,-1,12,256,-40,0
63.077645,0,0,95,58,92,98,830,1558,0,0,-1,12,256,-40,0
63.085949,0,0,95,58,92,98,830,1558,0,0,-1,12,256,-40,0
63.090203,0,1,95,58,92,98,830,1558,0,0,-1,13,257,-40,0
63.104427,0,0,95,58,92,98,830,1558,0,0,-1,13,257,-40,0
63.109796,0,1,95,58,92,98,830,1558,-1,0,-1,13,257,-40,0
63.118404,0,1,95,58,92,98,830,1558,-1,0,-1,12,256,-40,0
63.123361,0,0,95,58,92,98,830,1558,-1,0,-1,12,256,-40,0
63.137169,0,1,95,58,92,98,830,1558,0,0,-1,12,256,-40,0
63.146514,0,0,95,58,92,98,830,1558,0,0,-1,12,256,-40,0
63.150654,0,1,95,58,92,98,830,1558,0,0,-1,13,256,-40,0
63.154799,0,0,95,58,92,98,830,1558,0,0,-1,13,256,-40,0
63.168219,0,1,95,58,92,98,830,1558,-1,0,-1,13,256,-40,0
63.178369,0,0,95,58,92,98,830,1558,-1,0,-1,13,256,-40,0
63.182966,0,0,95,58,92,98,830,1558,-1,0,-1,13,256,-40,0
63.197313,0,0,95,58,92,98,830,1558,-1,0,-1,13,256,-40,0
63.201973,0,1,95,58,92,98,830,1558,0,0,-1,13,256,-40,0
66.081651,1,1,95,58,92,98,830,1558,-1,-1,-1,14,251,-38,0
66.093116,0,1,95,58,92,98,830,1558,-1,0,-1,15,251,-38,0
66.097612,0,0,95,58,92,98,830,1558,-1,0,-1,15,251,-38,0
66.101816,0,0,95,58,92,98,830,1558,-1,0,-1,15,251,-38,0
66.113164,0,0,95,58,92,98,830,1558,-1,0,-1,15,251,-38,0
66.122586,0,0,95,58,92,98,830,1558,-1,0,-1,15,251,-38,0
66.126556,0,0,95,58,92,98,830,1558,-1,0,-1,15,251,-38,0
66.130727,0,0,95,58,92,98,830,1558,-1,0,-1,15,251,-38,0
66.143486,0,0,95,58,92,98,830,1558,-1,0,-1,15,251,-38,0
66.147667,0,0,95,58,92,98,830,1558,-1,0,-1,15,251,-38,0
66.154749,0,0,95,58,92,98,830,1558,-1,0,-1,15,251,-38,0
66.158949,0,0,95,58,92,98,830,1558,-1,0,-1,15,251,-38,0
66.163138,0,0,95,58,92,98,830,1558,-1,0,-1,15,251,-38,0
66.175362,0,0,95,58,92,98,830,1558,-1,0,-1,15,251,-38,0
66.185244,1,0,95,58,91,98,830,1558,-1,0,-1,15,251,-38,0
66.189436,0,0,95,58,91,98,830,1558,-1,0,-1,15,251,-38,0
66.193996,0,0,95,58,91,98,830,1558,-1,0,-1,15,251,-38,0
66.205813,1,0,95,58,92,98,830,1558,-1,0,-1,15,251,-38,0
66.215372,0,0,95,58,92,98,830,1558,-1,0,-1,15,251,-38,0
66.219576,0,0,95,58,92,98,830,1558,-1,0,-1,15,251,-38,0
66.225433,0,0,95,58,92,98,830,1558,-1,0,-1,15,251,-38,0
66.237188,0,0,95,58,92,98,830,1558,-1,0,-1,15,251,-38,0
66.239740,0,0,95,58,92,98,830,1558,-1,0,-1,15,251,-38,0
66.248498,0,0,95,58,92,98,830,1558,-1,0,-1,15,251,-38,0
66.253487,0,0,95,58,92,98,830,1558,-1,0,-1,15,251,-38,0
66.266795,1,0,95,58,91,98,830,1558,-1,0,-1,15,251,-38,0
66.270906,0,0,95,58,91,98,830,1558,-1,0,-1,15,251,-38,0
66.279027,0,0,95,58,91,98,830,1558,-1,0,-1,15,251,-38,0
66.284093,0,0,95,58,91,98,830,1558,-1,0,-1,15,251,-38,0
66.297503,1,0,95,58,92,98,830,1558,-1,0,-1,15,251,-38,0
66.302119,0,0,95,58,92,98,830,1558,-1,0,-1,15,251,-38,0
66.310046,0,0,95,58,92,98,830,1558,-1,0,-1,15,251,-38,0
66.314991,0,0,95,58,92,98,830,1558,-1,0,-1,15,251,-38,0
66.328312,1,0,95,58,91,98,830,1558,-1,0,-1,15,251,-38,0
66.333277,0,0,95,58,91,98,830,1558,-1,0,-1,15,251,-38,0
66.342169,0,0,95,58,91,98,830,1558,-1,0,-1,15,251,-38,0
66.346908,0,1,95,58,91,98,830,1558,0,0,-1,15,251,-38,0
66.359884,1,0,95,58,92,98,830,1558,0,0,-1,15,251,-38,0
66.364008,0,0,95,58,92,98,830,1558,0,0,-1,15,251,-38,0
66.373026,0,1,95,58,92,98,830,1558,-1,0,-1,15,251,-38,0
66.378056,0,0,95,58,92,98,830,1558,-1,0,-1,15,251,-38,0
66.391691,0,0,95,58,92,98,830,1558,-1,0,-1,15,251,-38,0
66.401403,0,0,95,58,92,98,830,1558,-1,0,-1,15,251,-38,0
66.406502,0,0,95,58,92,98,830,1558,-1,0,-1,15,251,-38,0
66.411610,1,0,95,58,91,98,830,1558,-1,0,-1,15,251,-38,0
66.423422,0,0,95,58,91,98,830,1558,-1,0,-1,15,251,-38,0
66.433320,0,0,95,58,91,98,830,1558,-1,0,-1,15,251,-38,0
66.437598,1,0,95,58,92,98,830,1558,-1,0,-1,15,251,-38,0
66.442262,0,0,95,58,92,98,830,1558,-1,0,-1,15,251,-38,0
66.454212,0,0,95,58,92,98,830,1558,-1,0,-1,15,251,-38,0
66.463902,0,0,95,58,92,98,830,1558,-1,0,-1,15,251,-38,0
66.468329,0,0,95,58,92,98,830,1558,-1,0,-1,15,251,-38,0
66.472569,0,1,95,58,92,98,830,1558,-1,0,-1,15,251,-37,0
66.485166,0,0,95,58,92,98,830,1558,-1,0,-1,15,251,-37,0
66.494602,0,0,95,58,92,98,830,1558,-1,0,-1,15,251,-37,0
66.498889,0,0,95,58,92,98,830,1558,-1,0,-1,15,251,-37,0
66.503873,0,0,95,58,92,98,830,1558,-1,0,-1,15,251,-37,0
66.516251,0,0,95,58,92,98,830,1558,-1,0,-1,15,251,-37,0
66.525758,0,0,95,58,92,98,830,1558,-1,0,-1,15,251,-37,0
66.530753,0,0,95,58,92,98,830,1558,-1,0,-1,15,251,-37,0
66.534856,0,1,95,58,92,98,830,1558,-1,0,-1,15,251,-38,0
66.546442,0,0,95,58,92,98,830,1558,-1,0,-1,15,251,-38,0
66.550640,0,0,95,58,92,98,830,1558,-1,0,-1,15,251,-38,0
66.557862,0,0,95,58,92,98,830,1558,-1,0,-1,15,251,-38,0
66.561864,0,0,95,58,92,98,830,1558,-1,0,-1,15,251,-38,0
66.565957,0,0,95,58,92,98,830,1558,-1,0,-1,15,251,-38,0
66.577895,0,0,95,58,92,98,830,1558,-1,0,-1,15,251,-38,0
66.587321,0,0,95,58,92,98,830,1558,-1,0,-1,15,251,-38,0
66.591892,1,0,95,58,91,98,830,1558,-1,0,-1,15,251,-38,0
66.596021,0,1,95,58,91,98,830,1558,-1,0,-1,15,251,-37,0
66.608799,0,0,95,58,91,98,830,1558,-1,0,-1,15,251,-37,0
66.618484,0,0,95,58,91,98,830,1558,-1,0,-1,15,251,-37,0
66.623545,0,1,95,58,91,98,830,1558,-1,0,-1,15,251,-38,0
66.628613,0,0,95,58,91,98,830,1558,-1,0,-1,15,251,-38,0
66.640373,0,1,95,58,91,98,830,1558,0,0,-1,15,251,-38,0
66.650763,1,0,95,58,92,98,830,1558,0,0,-1,15,251,-38,0
66.655837,0,1,95,58,92,98,830,1558,0,0,-1,15,252,-38,0
66.669373,0,0,95,58,92,98,830,1558,0,0,-1,15,252,-38,0
66.674089,0,1,95,58,92,98,830,1558,-1,0,-1,15,252,-38,0
66.682493,1,0,95,58,91,98,830,1558,-1,0,-1,15,252,-38,0
66.687456,0,0,95,58,91,98,830,1558,-1,0,-1,15,252,-38,0
66.701303,0,0,95,58,91,98,830,1558,-1,0,-1,15,252,-38,0
66.711372,0,0,95,58,91,98,830,1558,-1,0,-1,15,252,-38,0
66.715883,0,1,95,58,91,98,830,1558,-1,0,-1,15,251,-38,0
66.720446,0,0,95,58,91,98,830,1558,-1,0,-1,15,251,-38,0
66.733022,0,0,95,58,91,98,830,1558,-1,0,-1,15,251,-38,0
66.742891,0,0,95,58,91,98,830,1558,-1,0,-1,15,251,-38,0
66.748014,0,1,95,58,91,98,830,1558,-1,0,-1,15,252,-38,0
66.753087,0,0,95,58,91,98,830,1558,-1,0,-1,15,252,-38,0
66.764469,0,0,95,58,91,98,830,1558,-1,0,-1,15,252,-38,0
66.774487,0,1,95,58,91,98,830,1558,-1,0,-1,15,251,-38,0
66.779489,0,0,95,58,91,98,830,1558,-1,0,-1,15,251,-38,0
66.793275,0,0,95,58,91,98,830,1558,-1,0,-1,15,251,-38,0
66.797825,1,0,95,58,92,98,830,1558,-1,0,-1,15,251,-38,0
66.806414,0,1,95,58,92,98,830,1558,-1,0,-1,15,252,-38,0
66.811113,0,0,95,58,92,98,830,1558,-1,0,-1,15,252,-38,0
66.824453,0,0,95,58,92,98,830,1558,-1,0,-1,15,252,-38,0
66.829027,1,0,95,58,91,98,830,1558,-1,0,-1,15,252,-38,0
66.836818,0,0,95,58,91,98,830,1558,-1,0,-1,15,252,-38,0
66.840954,0,0,95,58,91,98,830,1558,-1,0,-1,15,252,-38,0
66.845163,0,0,95,58,91,98,830,1558,-1,0,-1,15,252,-38,0
66.857330,0,0,95,58,91,98,830,1558,-1,0,-1,15,252,-38,0
69.738764,1,1,95,58,91,99,830,1558,-1,0,-1,16,250,-37,0
69.743073,0,1,95,58,91,99,830,1558,-1,0,-1,15,250,-37,0
69.751230,0,1,95,58,91,99,830,1558,-1,0,-1,15,250,-38,0
69.755577,0,0,95,58,91,99,830,1558,-1,0,-1,15,250,-38,0
69.769526,0,0,95,58,91,99,830,1558,-1,0,-1,15,250,-38,0
69.774526,0,0,95,58,91,99,830,1558,-1,0,-1,15,250,-38,0
69.782520,0,1,95,58,91,99,830,1558,-1,0,-1,15,250,-37,0
69.787542,0,0,95,58,91,99,830,1558,-1,0,-1,15,250,-37,0
69.801427,0,1,95,58,91,99,830,1558,0,0,-1,15,250,-37,0
69.811830,0,0,95,58,91,99,830,1558,0,0,-1,15,250,-37,0
69.816652,0,0,95,58,91,99,830,1558,0,0,-1,15,250,-37,0
69.822466,0,0,95,58,91,99,830,1558,0,0,-1,15,250,-37,0
69.834087,0,0,95,58,91,99,830,1558,0,0,-1,15,250,-37,0
69.844587,0,1,95,58,91,99,830,1558,0,0,-1,15,251,-37,0
69.849104,0,1,95,58,91,99,830,1558,-1,0,-1,15,251,-37,0
69.862530,0,0,95,58,91,99,830,1558,-1,0,-1,15,251,-37,0
69.867280,0,1,95,58,91,99,830,1558,-1,0,-1,15,251,-38,0
69.875427,0,0,95,58,91,99,830,1558,-1,0,-1,15,251,-38,0
69.880415,0,0,95,58,91,99,830,1558,-1,0,-1,15,251,-38,0
69.894728,0,0,95,58,91,99,830,1558,-1,0,-1,15,251,-38,0
69.897246,0,0,95,58,91,99,830,1558,-1,0,-1,15,251,-38,0
69.906008,0,0,95,58,91,99,830,1558,-1,0,-1,15,251,-38,0
69.910267,0,0,95,58,91,99,830,1558,-1,0,-1,15,251,-38,0
69.914529,0,0,95,58,91,99,830,1558,-1,0,-1,15,251,-38,0
69.925842,0,0,95,58,91,99,830,1558,-1,0,-1,15,251,-38,0
69.935438,0,0,95,58,91,99,830,1558,-1,0,-1,15,251,-38,0
69.939974,0,0,95,58,91,99,830,1558,-1,0,-1,15,251,-38,0
69.944254,0,0,95,58,91,99,830,1558,-1,0,-1,15,251,-38,0
69.957444,0,1,95,58,91,99,830,1558,-1,0,-1,16,251,-38,0
69.967380,0,0,95,58,91,99,830,1558,-1,0,-1,16,251,-38,0
69.971902,0,1,95,58,91,99,830,1558,0,0,-1,16,251,-38,0
69.976107,0,1,95,58,91,99,830,1558,0,0,-1,15,251,-38,0
69.988328,0,0,95,58,91,99,830,1558,0,0,-1,15,251,-38,0
69.998631,0,0,95,58,91,99,830,1558,0,0,-1,15,251,-38,0
70.003609,0,0,95,58,91,99,830,1558,0,0,-1,15,251,-38,0
70.017342,0,0,95,58,91,99,830,1558,0,0,-1,15,251,-38,0
70.021832,0,0,95,58,91,99,830,1558,0,0,-1,15,251,-38,0
70.029953,0,0,95,58,91,99,830,1558,0,0,-1,15,251,-38,0
70.034265,0,1,95,58,91,99,830,1558,-1,0,-1,15,251,-38,0
70.038901,0,0,95,58,91,99,830,1558,-1,0,-1,15,251,-38,0
70.049738,0,1,95,58,91,99,830,1558,-1,0,-1,15,251,-37,0
70.059467,0,0,95,58,91,99,830,1558,-1,0,-1,15,251,-37,0
70.063731,0,1,95,58,91,99,830,1558,0,0,-1,15,251,-37,0
70.068311,0,0,95,58,91,99,830,1558,0,0,-1,15,251,-37,0
70.081113,0,0,95,58,91,99,830,1558,0,0,-1,15,251,-37,0
70.090971,0,0,95,58,91,99,830,1558,0,0,-1,15,251,-37,0
70.096164,0,0,95,58,91,99,830,1558,0,0,-1,15,251,-37,0
70.100876,0,1,95,58,91,99,830,1558,0,0,-1,15,251,-38,0
70.112275,0,0,95,58,91,99,830,1558,0,0,-1,15,251,-38,0
70.122417,0,0,95,58,91,99,830,1558,0,0,-1,15,251,-38,0
70.127389,0,0,95,58,91,99,830,1558,0,0,-1,15,251,-38,0
70.141360,0,1,95,58,91,99,830,1558,0,0,-1,15,251,-37,0
70.146239,0,0,95,58,91,99,830,1558,0,0,-1,15,251,-37,0
70.154600,0,1,95,58,91,99,830,1558,-1,0,-1,15,251,-37,0
70.159805,0,0,95,58,91,99,830,1558,-1,0,-1,15,251,-37,0
70.172856,0,1,95,58,91,99,830,1558,-1,0,-1,15,251,-38,0
70.177027,0,1,95,58,91,99,830,1558,0,0,-1,15,251,-38,0
70.185278,0,0,95,58,91,99,830,1558,0,0,-1,15,251,-38,0
70.189876,0,0,95,58,91,99,830,1558,0,0,-1,15,251,-38,0
70.203428,0,1,95,58,91,99,830,1558,0,0,-1,15,251,-37,0
70.208064,0,0,95,58,91,99,830,1558,0,0,-1,15,251,-37,0
70.216045,0,0,95,58,91,99,830,1558,0,0,-1,15,251,-37,0
70.220239,0,1,95,58,91,99,830,1558,0,0,-1,15,250,-38,0
70.234196,0,0,95,58,91,99,830,1558,0,0,-1,15,250,-38,0
70.238401,0,0,95,58,91,99,830,1558,0,0,-1,15,250,-38,0
70.247335,0,0,95,58,91,99,830,1558,0,0,-1,15,250,-38,0
70.251860,0,1,95,58,91,99,830,1558,0,0,-1,15,251,-37,0
70.265296,0,0,95,58,91,99,830,1558,0,0,-1,15,251,-37,0
70.270235,0,0,95,58,91,99,830,1558,0,0,-1,15,251,-37,0
70.278297,0,0,95,58,91,99,830,1558,0,0,-1,15,251,-37,0
70.282516,0,1,95,58,91,99,830,1558,0,0,-1,15,251,-38,0
70.296521,0,0,95,58,91,99,830,1558,0,0,-1,15,251,-38,0
70.301764,0,0,95,58,91,99,830,1558,0,0,-1,15,251,-38,0
70.309051,0,0,95,58,91,99,830,1558,0,0,-1,15,251,-38,0
70.314415,0,0,95,58,91,99,830,1558,0,0,-1,15,251,-38,0
70.328729,0,0,95,58,91,99,830,1558,0,0,-1,15,251,-38,0
70.338969,0,1,95,58,91,99,830,1558,0,0,0,15,251,-38,0
70.344447,0,0,95,58,91,99,830,1558,0,0,0,15,251,-38,0
70.358767,0,0,95,58,91,99,830,1558,0,0,0,15,251,-38,0
70.364397,0,0,95,58,91,99,830,1558,0,0,0,15,251,-38,0
70.372354,0,1,95,58,91,99,830,1558,0,0,0,15,250,-37,0
70.377983,0,0,95,58,91,99,830,1558,0,0,0,15,250,-37,0
70.391814,0,0,95,58,91,99,830,1558,0,0,0,15,250,-37,0
70.401547,0,1,95,58,91,99,830,1558,0,0,-1,15,251,-37,0
70.406046,0,1,95,58,91,99,830,1558,0,0,-1,15,251,-38,0
70.410297,0,0,95,58,91,99,830,1558,0,0,-1,15,251,-38,0
70.421872,0,0,95,58,91,99,830,1558,0,0,-1,15,251,-38,0
70.431403,0,0,95,58,91,99,830,1558,0,0,-1,15,251,-38,0
70.435962,0,0,95,58,91,99,830,1558,0,0,-1,15,251,-38,0
70.440236,0,0,95,58,91,99,830,1558,0,0,-1,15,251,-38,0
70.453162,0,0,95,58,91,99,830,1558,0,0,-1,15,251,-38,0
70.462836,0,1,95,58,91,99,830,1558,0,0,-1,15,250,-38,0
70.467811,0,0,95,58,91,99,830,1558,0,0,-1,15,250,-38,0
70.473060,0,0,95,58,91,99,830,1558,0,0,-1,15,250,-38,0
70.483639,0,0,95,58,91,99,830,1558,0,0,-1,15,250,-38,0
70.487801,0,1,95,58,91,99,830,1558,0,0,-1,15,251,-38,0
70.494797,0,0,95,58,91,99,830,1558,0,0,-1,15,251,-38,0
70.499068,0,0,95,58,91,99,830,1558,0,0,-1,15,251,-38,0
70.504161,0,0,95,58,91,99,830,1558,0,0,-1,15,251,-38,0
73.380789,1,1,95,58,91,99,830,1558,-1,0,-2,14,243,-36,0
73.384886,0,0,95,58,91,99,830,1558,-1,0,-2,14,243,-36,0
73.397765,0,1,95,58,91,99,830,1558,-1,0,-2,14,242,-36,0
73.401835,0,0,95,58,91,99,830,1558,-1,0,-2,14,242,-36,0
73.408917,0,0,95,58,91,99,830,1558,-1,0,-2,14,242,-36,0
73.413031,0,0,95,58,91,99,830,1558,-1,0,-2,14,242,-36,0
73.417177,0,0,95,58,91,99,830,1558,-1,0,-2,14,242,-36,0
73.428389,0,0,95,58,91,99,830,1558,-1,0,-2,14,242,-36,0
73.432625,0,0,95,58,91,99,830,1558,-1,0,-2,14,242,-36,0
73.439895,0,0,95,58,91,99,830,1558,-1,0,-2,14,242,-36,0
73.444099,0,0,95,58,91,99,830,1558,-1,0,-2,14,242,-36,0
73.448752,0,0,95,58,91,99,830,1558,-1,0,-2,14,242,-36,0
73.459462,0,0,95,58,91,99,830,1558,-1,0,-2,14,242,-36,0
73.463698,0,0,95,58,91,99,830,1558,-1,0,-2,14,242,-36,0
73.471519,0,0,95,58,91,99,830,1558,-1,0,-2,14,242,-36,0
73.476057,0,0,95,58,91,99,830,1558,-1,0,-2,14,242,-36,0
73.489357,0,0,95,58,91,99,830,1558,-1,0,-2,14,242,-36,0
73.493558,0,0,95,58,91,99,830,1558,-1,0,-2,14,242,-36,0
73.501690,0,0,95,58,91,99,830,1558,-1,0,-2,14,242,-36,0
73.505925,0,0,95,58,91,99,830,1558,-1,0,-2,14,242,-36,0
73.510102,0,0,95,58,91,99,830,1558,-1,0,-2,14,242,-36,0
73.522282,0,0,95,58,91,99,830,1558,-1,0,-2,14,242,-36,0
73.531817,0,0,95,58,91,99,830,1558,-1,0,-2,14,242,-36,0
73.533711,0,0,95,58,91,99,830,1558,-1,0,-2,14,242,-36,0
73.538188,0,0,95,58,91,99,830,1558,-1,0,-2,14,242,-36,0
73.551646,0,0,95,58,91,99,830,1558,-1,0,-2,14,242,-36,0
73.555861,0,0,95,58,91,99,830,1558,-1,0,-2,14,242,-36,0
73.563637,0,0,95,58,91,99,830,1558,-1,0,-2,14,242,-36,0
73.568125,0,0,95,58,91,99,830,1558,-1,0,-2,14,242,-36,0
73.572709,0,0,95,58,91,99,830,1558,-1,0,-2,14,242,-36,0
73.583552,0,0,95,58,91,99,830,1558,-1,0,-2,14,242,-36,0
73.593437,0,0,95,58,91,99,830,1558,-1,0,-2,14,242,-36,0
73.598393,0,1,95,58,91,99,830,1558,-1,0,-1,14,242,-36,0
73.602680,0,1,95,58,91,99,830,1558,-1,0,-1,14,241,-36,0
73.614896,0,0,95,58,91,99,830,1558,-1,0,-1,14,241,-36,0
73.624617,0,0,95,58,91,99,830,1558,-1,0,-1,14,241,-36,0
73.628781,0,0,95,58,91,99,830,1558,-1,0,-1,14,241,-36,0
73.633737,0,0,95,58,91,99,830,1558,-1,0,-1,14,241,-36,0
73.645895,0,0,95,58,91,99,830,1558,-1,0,-1,14,241,-36,0
73.655340,0,0,95,58,91,99,830,1558,-1,0,-1,14,241,-36,0
73.659458,0,0,95,58,91,99,830,1558,-1,0,-1,14,241,-36,0
73.663567,0,0,95,58,91,99,830,1558,-1,0,-1,14,241,-36,0
73.677015,0,0,95,58,91,99,830,1558,-1,0,-1,14,241,-36,0
73.686398,0,0,95,58,91,99,830,1558,-1,0,-1,14,241,-36,0
73.690634,0,0,95,58,91,99,830,1558,-1,0,-1,14,241,-36,0
73.694776,0,0,95,58,91,99,830,1558,-1,0,-1,14,241,-36,0
73.708199,0,0,95,58,91,99,830,1558,-1,0,-1,14,241,-36,0
73.717821,0,0,95,58,91,99,830,1558,-1,0,-1,14,241,-36,0
73.721997,0,1,95,58,91,99,830,1558,-1,0,-1,14,242,-36,0
73.726253,0,0,95,58,91,99,830,1558,-1,0,-1,14,242,-36,0
73.738535,0,0,95,58,91,99,830,1558,-1,0,-1,14,242,-36,0
73.742688,0,0,95,58,91,99,830,1558,-1,0,-1,14,242,-36,0
73.749800,0,0,95,58,91,99,830,1558,-1,0,-1,14,242,-36,0
73.753953,0,0,95,58,91,99,830,1558,-1,0,-1,14,242,-36,0
73.758163,0,0,95,58,91,99,830,1558,-1,0,-1,14,242,-36,0
73.769483,0,0,95,58,91,99,830,1558,-1,0,-1,14,242,-36,0
73.773652,0,1,95,58,91,99,830,1558,-1,0,-1,13,242,-36,0
73.780745,0,0,95,58,91,99,830,1558,-1,0,-1,13,242,-36,0
73.785689,0,0,95,58,91,99,830,1558,-1,0,-1,13,242,-36,0
73.799277,0,0,95,58,91,99,830,1558,-1,0,-1,13,242,-36,0
73.803826,0,0,95,58,91,99,830,1558,-1,0,-1,13,242,-36,0
73.811976,0,1,95,58,91,99,830,1558,-1,0,-1,14,242,-36,0
73.816525,0,0,95,58,91,99,830,1558,-1,0,-1,14,242,-36,0
73.820828,0,0,95,58,91,99,830,1558,-1,0,-1,14,242,-36,0
73.831940,0,0,95,58,91,99,830,1558,-1,0,-1,14,242,-36,0
73.841492,0,1,95,58,91,99,830,1558,-1,0,-1,14,241,-36,0
73.845671,0,0,95,58,91,99,830,1558,-1,0,-1,14,241,-36,0
73.849795,0,0,95,58,91,99,830,1558,-1,0,-1,14,241,-36,0
73.862411,0,0,95,58,91,99,830,1558,-1,0,-1,14,241,-36,0
73.866704,0,0,95,58,91,99,830,1558,-1,0,-1,14,241,-36,0
73.874028,0,0,95,58,91,99,830,1558,-1,0,-1,14,241,-36,0
73.878215,0,0,95,58,91,99,830,1558,-1,0,-1,14,241,-36,0
73.882368,0,0,95,58,91,99,830,1558,-1,0,-1,14,241,-36,0
73.893541,0,0,95,58,91,99,830,1558,-1,0,-1,14,241,-36,0
73.897760,0,1,95,58,91,99,830,1558,-1,0,-1,14,242,-36,0
73.904982,0,0,95,58,91,99,830,1558,-1,0,-1,14,242,-36,0
73.909193,0,0,95,58,91,99,830,1558,-1,0,-1,14,242,-36,0
73.913773,0,0,95,58,91,99,830,1558,-1,0,-1,14,242,-36,0
73.924637,0,0,95,58,91,99,830,1558,-1,0,-1,14,242,-36,0
73.928773,0,0,95,58,91,99,830,1558,-1,0,-1,14,242,-36,0
73.935815,0,0,95,58,91,99,830,1558,-1,0,-1,14,242,-36,0
73.939943,0,0,95,58,91,99,830,1558,-1,0,-1,14,242,-36,0
73.944764,0,0,95,58,91,99,830,1558,-1,0,-1,14,242,-36,0
73.956300,0,0,95,58,91,99,830,1558,-1,0,-1,14,242,-36,0
73.966291,0,0,95,58,91,99,830,1558,-1,0,-1,14,242,-36,0
73.971320,0,0,95,58,91,99,830,1558,-1,0,-1,14,242,-36,0
73.985309,0,0,95,58,91,99,830,1558,-1,0,-1,14,242,-36,0
73.990485,0,1,95,58,91,99,830,1558,-1,0,-1,14,242,-35,0
73.998705,0,0,95,58,91,99,830,1558,-1,0,-1,14,242,-35,0
74.003187,0,0,95,58,91,99,830,1558,-1,0,-1,14,242,-35,0
74.016410,0,0,95,58,91,99,830,1558,-1,0,-1,14,242,-35,0
74.021004,0,0,95,58,91,99,830,1558,-1,0,-1,14,242,-35,0
74.028998,0,0,95,58,91,99,830,1558,-1,0,-1,14,242,-35,0
74.033203,0,0,95,58,91,99,830,1558,-1,0,-1,14,242,-35,0
74.037415,0,0,95,58,91,99,830,1558,-1,0,-1,14,242,-35,0
74.048460,0,1,95,58,91,99,830,1558,-1,0,-1,14,241,-35,0
74.058367,0,0,95,58,91,99,830,1558,-1,0,-1,14,241,-35,0
74.063425,0,0,95,58,91,99,830,1558,-1,0,-1,14,241,-35,0
74.068477,0,0,95,58,91,99,830,1558,-1,0,-1,14,241,-35,0
74.079496,0,1,95,58,91,99,830,1558,-1,0,-1,14,242,-36,0
74.089691,0,0,95,58,91,99,830,1558,-1,0,-1,14,242,-36,0
74.095532,0,0,95,58,91,99,830,1558,-1,0,-1,14,242,-36,0
74.109634,0,0,95,58,91,99,830,1558,-1,0,-1,14,242,-36,0
74.114941,0,0,95,58,91,99,830,1558,-1,0,-1,14,242,-36,0
74.122822,0,0,95,58,91,99,830,1558,-1,0,-1,14,242,-36,0
74.128278,0,0,95,58,91,99,830,1558,-1,0,-1,14,242,-36,0
74.142510,0,0,95,58,91,99,830,1558,-1,0,-1,14,242,-36,0
77.023701,1,1,95,58,91,99,830,1558,0,0,-2,16,251,-38,0
77.028773,0,0,95,58,91,99,830,1558,0,0,-2,16,251,-38,0
77.036497,0,0,95,58,91,99,830,1558,0,0,-2,16,251,-38,0
77.040720,0,1,95,58,91,99,830,1558,0,0,-1,16,251,-38,0
77.044957,0,1,95,58,91,99,830,1558,0,0,-1,15,251,-38,0
77.056163,0,0,95,58,91,99,830,1558,0,0,-1,15,251,-38,0
77.065742,0,0,95,58,91,99,830,1558,0,0,-1,15,251,-38,0
77.070254,0,0,95,58,91,99,830,1558,0,0,-1,15,251,-38,0
77.075234,0,1,95,58,91,99,830,1558,0,0,-1,16,251,-38,0
77.086854,0,0,95,58,91,99,830,1558,0,0,-1,16,251,-38,0
77.096383,0,0,95,58,91,99,830,1558,0,0,-1,16,251,-38,0
77.100698,0,0,95,58,91,99,830,1558,0,0,-1,16,251,-38,0
77.104944,0,1,95,58,91,99,830,1558,0,0,-1,15,251,-38,0
77.117909,0,0,95,58,91,99,830,1558,0,0,-1,15,251,-38,0
77.127390,0,0,95,58,91,99,830,1558,0,0,-1,15,251,-38,0
77.131989,0,1,95,58,91,99,830,1558,0,0,-2,15,251,-38,0
77.136174,0,1,95,58,91,99,830,1558,0,0,-2,16,250,-38,0
77.148841,0,0,95,58,91,99,830,1558,0,0,-2,16,250,-38,0
77.158716,0,0,95,58,91,99,830,1558,0,0,-2,16,250,-38,0
77.163255,0,1,95,58,91,99,830,1558,-1,0,-2,16,250,-38,0
77.167970,0,1,95,58,91,99,830,1558,-1,0,-2,16,251,-38,0
77.180349,0,0,95,58,91,99,830,1558,-1,0,-2,16,251,-38,0
77.183321,0,1,95,58,91,99,830,1558,0,0,-2,16,251,-38,0
77.191416,0,1,95,58,91,99,830,1558,0,0,-1,16,251,-38,0
77.196435,0,0,95,58,91,99,830,1558,0,0,-1,16,251,-38,0
77.210254,0,0,95,58,91,99,830,1558,0,0,-1,16,251,-38,0
77.214428,0,0,95,58,91,99,830,1558,0,0,-1,16,251,-38,0
77.222403,0,0,95,58,91,99,830,1558,0,0,-1,16,251,-38,0
77.227398,0,1,95,58,91,99,830,1558,0,0,-1,15,251,-38,0
77.241492,0,0,95,58,91,99,830,1558,0,0,-1,15,251,-38,0
77.251657,0,0,95,58,91,99,830,1558,0,0,-1,15,251,-38,0
77.256538,0,1,95,58,91,99,830,1558,0,0,-1,16,250,-38,0
77.261537,0,0,95,58,91,99,830,1558,0,0,-1,16,250,-38,0
77.273996,0,0,95,58,91,99,830,1558,0,0,-1,16,250,-38,0
77.284288,0,1,95,58,91,99,830,1558,-1,0,-1,16,250,-38,0
77.290024,0,1,95,58,91,99,830,1558,-1,0,-1,16,251,-37,0
77.304116,0,0,95,58,91,99,830,1558,-1,0,-1,16,251,-37,0
77.314608,0,1,95,58,91,99,830,1558,0,0,-1,16,251,-37,0
77.320016,0,1,95,58,91,99,830,1558,0,0,-1,16,251,-38,0
77.333821,0,0,95,58,91,99,830,1558,0,0,-1,16,251,-38,0
77.338436,0,0,95,58,91,99,830,1558,0,0,-1,16,251,-38,0
77.345938,0,0,95,58,91,99,830,1558,0,0,-1,16,251,-38,0
77.350197,0,0,95,58,91,99,830,1558,0,0,-1,16,251,-38,0
77.355138,0,0,95,58,91,99,830,1558,0,0,-1,16,251,-38,0
77.366519,0,0,95,58,91,99,830,1558,0,0,-1,16,251,-38,0
77.376469,0,0,95,58,91,99,830,1558,0,0,-1,16,251,-38,0
77.381499,0,1,95,58,91,99,830,1558,0,0,-1,16,250,-38,0
77.395346,0,0,95,58,91,99,830,1558,0,0,-1,16,250,-38,0
77.400378,0,0,95,58,91,99,830,1558,0,0,-1,16,250,-38,0
77.408054,0,0,95,58,91,99,830,1558,0,0,-1,16,250,-38,0
77.413010,0,0,95,58,91,99,830,1558,0,0,-1,16,250,-38,0
77.426350,0,0,95,58,91,99,830,1558,0,0,-1,16,250,-38,0
77.431298,0,0,95,58,91,99,830,1558,0,0,-1,16,250,-38,0
77.439788,0,1,95,58,91,99,830,1558,0,0,-1,16,251,-38,0
77.444793,0,0,95,58,91,99,830,1558,0,0,-1,16,251,-38,0
77.458280,0,0,95,58,91,99,830,1558,0,0,-1,16,251,-38,0
77.468514,0,0,95,58,91,99,830,1558,0,0,-1,16,251,-38,0
77.473298,0,0,95,58,91,99,830,1558,0,0,-1,16,251,-38,0
77.478610,0,0,95,58,91,99,830,1558,0,0,-1,16,251,-38,0
77.490584,0,0,95,58,91,99,830,1558,0,0,-1,16,251,-38,0
77.500371,0,1,95,58,91,99,830,1558,0,0,-1,16,250,-38,0
77.505372,0,0,95,58,91,99,830,1558,0,0,-1,16,250,-38,0
77.519313,0,0,95,58,91,99,830,1558,0,0,-1,16,250,-38,0
77.524363,0,0,95,58,91,99,830,1558,0,0,-1,16,250,-38,0
77.532770,0,1,95,58,91,99,830,1558,0,0,-1,16,251,-38,0
77.537772,0,0,95,58,91,99,830,1558,0,0,-1,16,251,-38,0
77.551261,0,0,95,58,91,99,830,1558,0,0,-1,16,251,-38,0
77.556192,0,0,95,58,91,99,830,1558,0,0,-1,16,251,-38,0
77.563699,0,0,95,58,91,99,830,1558,0,0,-1,16,251,-38,0
77.568771,0,0,95,58,91,99,830,1558,0,0,-1,16,251,-38,0
77.582253,0,1,95,58,91,99,830,1558,0,0,-2,16,251,-38,0
77.587201,0,0,95,58,91,99,830,1558,0,0,-2,16,251,-38,0
77.594764,0,0,95,58,91,99,830,1558,0,0,-2,16,251,-38,0
77.599759,0,0,95,58,91,99,830,1558,0,0,-2,16,251,-38,0
77.613323,0,1,95,58,91,99,830,1558,0,0,-1,16,251,-38,0
77.623631,0,0,95,58,91,99,830,1558,0,0,-1,16,251,-38,0
77.628198,0,0,95,58,91,99,830,1558,0,0,-1,16,251,-38,0
77.632728,0,0,95,58,91,99,830,1558,0,0,-1,16,251,-38,0
77.644452,0,0,95,58,91,99,830,1558,0,0,-1,16,251,-38,0
77.649050,0,1,95,58,91,99,830,1558,0,0,-1,16,250,-38,0
77.656223,0,0,95,58,91,99,830,1558,0,0,-1,16,250,-38,0
77.660388,0,1,95,58,91,99,830,1558,-1,0,-1,16,250,-38,0
77.664615,0,0,95,58,91,99,830,1558,-1,0,-1,16,250,-38,0
77.675884,0,1,95,58,91,99,830,1558,-1,0,-1,16,251,-38,0
77.685399,0,0,95,58,91,99,830,1558,-1,0,-1,16,251,-38,0
77.690446,0,0,95,58,91,99,830,1558,-1,0,-1,16,251,-38,0
77.695540,0,1,95,58,91,99,830,1558,0,0,-1,16,251,-38,0
77.706763,0,1,95,58,91,99,830,1558,0,0,-1,15,251,-38,0
77.710787,0,0,95,58,91,99,830,1558,0,0,-1,15,251,-38,0
77.718459,0,0,95,58,91,99,830,1558,0,0,-1,15,251,-38,0
77.722695,0,0,95,58,91,99,830,1558,0,0,-1,15,251,-38,0
77.726759,0,0,95,58,91,99,830,1558,0,0,-1,15,251,-38,0
77.737952,0,0,95,58,91,99,830,1558,0,0,-1,15,251,-38,0
77.747606,0,0,95,58,91,99,830,1558,0,0,-1,15,251,-38,0
77.752085,0,0,95,58,91,99,830,1558,0,0,-1,15,251,-38,0
77.756264,0,1,95,58,91,99,830,1558,-1,0,-1,15,251,-38,0
77.768810,0,0,95,58,91,99,830,1558,-1,0,-1,15,251,-38,0
77.778476,0,1,95,58,91,99,830,1558,-1,0,-1,15,251,-37,0
77.783015,0,0,95,58,91,99,830,1558,-1,0,-1,15,251,-37,0
80.661896,1,1,95,58,91,99,830,1558,-1,0,-1,16,253,-38,0
80.667837,0,0,95,58,91,99,830,1558,-1,0,-1,16,253,-38,0
80.681616,0,1,95,58,91,99,830,1558,-1,0,-1,16,252,-38,0
80.686763,0,0,95,58,91,99,830,1558,-1,0,-1,16,252,-38,0
80.694635,0,0,95,58,91,99,830,1558,-1,0,-1,16,252,-38,0
80.699206,0,1,95,58,91,99,830,1558,-1,0,-1,16,253,-38,0
80.713877,0,0,95,58,91,99,830,1558,-1,0,-1,16,253,-38,0
80.723474,0,0,95,58,91,99,830,1558,-1,0,-1,16,253,-38,0
80.727752,0,0,95,58,91,99,830,1558,-1,0,-1,16,253,-38,0
80.731945,0,0,95,58,91,99,830,1558,-1,0,-1,16,253,-38,0
80.745498,0,0,95,58,91,99,830,1558,-1,0,-1,16,253,-38,0
80.755494,0,0,95,58,91,99,830,1558,-1,0,-1,16,253,-38,0
80.759742,0,0,95,58,91,99,830,1558,-1,0,-1,16,253,-38,0
80.763915,0,0,95,58,91,99,830,1558,-1,0,-1,16,253,-38,0
80.776437,0,0,95,58,91,99,830,1558,-1,0,-1,16,253,-38,0
80.786787,0,1,95,58,91,99,830,1558,0,0,-1,16,253,-38,0
80.791656,1,0,95,58,90,99,830,1558,0,0,-1,16,253,-38,0
80.795853,0,0,95,58,90,99,830,1558,0,0,-1,16,253,-38,0
80.807146,0,0,95,58,90,99,830,1558,0,0,-1,16,253,-38,0
80.816366,0,0,95,58,90,99,830,1558,0,0,-1,16,253,-38,0
80.818257,1,0,95,58,91,99,830,1558,0,0,-1,16,253,-38,0
80.823202,0,0,95,58,91,99,830,1558,0,0,-1,16,253,-38,0
80.837506,0,0,95,58,91,99,830,1558,0,0,-1,16,253,-38,0
80.842126,0,1,95,58,91,99,830,1558,-1,0,-1,16,253,-38,0
80.848928,0,0,95,58,91,99,830,1558,-1,0,-1,16,253,-38,0
80.853937,0,0,95,58,91,99,830,1558,-1,0,-1,16,253,-38,0
80.867300,0,0,95,58,91,99,830,1558,-1,0,-1,16,253,-38,0
80.872331,0,1,95,58,91,99,830,1558,0,0,-1,16,253,-38,0
80.880258,0,0,95,58,91,99,830,1558,0,0,-1,16,253,-38,0
80.884517,0,0,95,58,91,99,830,1558,0,0,-1,16,253,-38,0
80.888740,0,0,95,58,91,99,830,1558,0,0,-1,16,253,-38,0
80.899900,0,0,95,58,91,99,830,1558,0,0,-1,16,253,-38,0
80.909339,0,1,95,58,91,99,830,1558,0,0,-1,15,253,-38,0
80.913562,0,0,95,58,91,99,830,1558,0,0,-1,15,253,-38,0
80.918210,0,0,95,58,91,99,830,1558,0,0,-1,15,253,-38,0
80.931269,0,0,95,58,91,99,830,1558,0,0,-1,15,253,-38,0
80.941453,0,1,95,58,91,99,830,1558,0,0,-1,16,253,-38,0
80.946136,0,0,95,58,91,99,830,1558,0,0,-1,16,253,-38,0
80.951049,0,0,95,58,91,99,830,1558,0,0,-1,16,253,-38,0
80.962477,0,0,95,58,91,99,830,1558,0,0,-1,16,253,-38,0
80.972645,0,0,95,58,91,99,830,1558,0,0,-1,16,253,-38,0
80.976787,0,0,95,58,91,99,830,1558,0,0,-1,16,253,-38,0
80.981297,0,0,95,58,91,99,830,1558,0,0,-1,16,253,-38,0
80.992990,0,0,95,58,91,99,830,1558,0,0,-1,16,253,-38,0
81.003770,0,0,95,58,91,99,830,1558,0,0,-1,16,253,-38,0
81.008887,0,0,95,58,91,99,830,1558,0,0,-1,16,253,-38,0
81.022272,0,0,95,58,91,99,830,1558,0,0,-1,16,253,-38,0
81.026855,0,0,95,58,91,99,830,1558,0,0,-1,16,253,-38,0
81.035540,0,0,95,58,91,99,830,1558,0,0,-1,16,253,-38,0
81.040557,0,0,95,58,91,99,830,1558,0,0,-1,16,253,-38,0
81.054195,0,0,95,58,91,99,830,1558,0,0,-1,16,253,-38,0
81.059224,0,0,95,58,91,99,830,1558,0,0,-1,16,253,-38,0
81.067030,0,0,95,58,91,99,830,1558,0,0,-1,16,253,-38,0
81.071632,0,0,95,58,91,99,830,1558,0,0,-1,16,253,-38,0
81.085345,0,0,95,58,91,99,830,1558,0,0,-1,16,253,-38,0
81.089634,0,0,95,58,91,99,830,1558,0,0,-1,16,253,-38,0
81.097406,0,0,95,58,91,99,830,1558,0,0,-1,16,253,-38,0
81.102424,0,0,95,58,91,99,830,1558,0,0,-1,16,253,-38,0
81.116255,0,0,95,58,91,99,830,1558,0,0,-1,16,253,-38,0
81.126450,0,1,95,58,91,99,830,1558,0,0,-1,15,253,-38,0
81.131446,0,0,95,58,91,99,830,1558,0,0,-1,15,253,-38,0
81.136013,0,0,95,58,91,99,830,1558,0,0,-1,15,253,-38,0
81.147881,0,1,95,58,91,99,830,1558,0,0,0,16,252,-38,0
81.157923,0,0,95,58,91,99,830,1558,0,0,0,16,252,-38,0
81.163785,0,0,95,58,91,99,830,1558,0,0,0,16,252,-38,0
81.177508,0,0,95,58,91,99,830,1558,0,0,0,16,252,-38,0
81.183103,0,1,95,58,91,99,830,1558,0,0,0,16,253,-38,0
81.190154,0,0,95,58,91,99,830,1558,0,0,0,16,253,-38,0
81.195035,0,0,95,58,91,99,830,1558,0,0,0,16,253,-38,0
81.208581,0,0,95,58,91,99,830,1558,0,0,0,16,253,-38,0
81.213549,0,1,95,58,91,99,830,1558,0,0,0,16,253,-37,0
81.221401,0,0,95,58,91,99,830,1558,0,0,0,16,253,-37,0
81.225661,0,1,95,58,91,99,830,1558,-1,0,0,16,253,-37,0
81.229794,0,0,95,58,91,99,830,1558,-1,0,0,16,253,-37,0
81.241117,0,1,95,58,91,99,830,1558,-1,0,0,16,253,-38,0
81.250700,0,0,95,58,91,99,830,1558,-1,0,0,16,253,-38,0
81.255210,0,0,95,58,91,99,830,1558,-1,0,0,16,253,-38,0
81.259791,0,0,95,58,91,99,830,1558,-1,0,0,16,253,-38,0
81.271803,0,0,95,58,91,99,830,1558,-1,0,0,16,253,-38,0
81.281351,0,0,95,58,91,99,830,1558,-1,0,0,16,253,-38,0
81.285514,0,0,95,58,91,99,830,1558,-1,0,0,16,253,-38,0
81.289709,0,0,95,58,91,99,830,1558,-1,0,0,16,253,-38,0
81.302518,0,1,95,58,91,99,830,1558,-1,0,0,16,253,-37,0
81.306781,0,0,95,58,91,99,830,1558,-1,0,0,16,253,-37,0
81.313826,0,0,95,58,91,99,830,1558,-1,0,0,16,253,-37,0
81.318407,0,0,95,58,91,99,830,1558,-1,0,0,16,253,-37,0
81.332622,0,1,95,58,91,99,830,1558,-1,0,0,16,253,-38,0
81.337465,0,0,95,58,91,99,830,1558,-1,0,0,16,253,-38,0
81.345268,0,0,95,58,91,99,830,1558,-1,0,0,16,253,-38,0
81.349499,0,0,95,58,91,99,830,1558,-1,0,0,16,253,-38,0
81.363568,0,0,95,58,91,99,830,1558,-1,0,0,16,253,-38,0
81.368881,0,0,95,58,91,99,830,1558,-1,0,0,16,253,-38,0
81.376574,0,0,95,58,91,99,830,1558,-1,0,0,16,253,-38,0
81.381702,0,1,95,58,91,99,830,1558,-1,0,0,16,252,-38,0
81.395047,0,0,95,58,91,99,830,1558,-1,0,0,16,252,-38,0
81.399129,0,0,95,58,91,99,830,1558,-1,0,0,16,252,-38,0
81.407302,0,0,95,58,91,99,830,1558,-1,0,0,16,252,-38,0
81.412376,0,1,95,58,91,99,830,1558,-1,0,0,15,252,-38,0
81.426273,0,0,95,58,91,99,830,1558,-1,0,0,15,252,-38,0
84.294201,1,1,95,58,91,99,830,1558,-1,0,-1,16,251,-38,0
84.299234,0,0,95,58,91,99,830,1558,-1,0,-1,16,251,-38,0
84.310912,0,0,95,58,91,99,830,1558,-1,0,-1,16,251,-38,0
84.321096,0,0,95,58,91,99,830,1558,-1,0,-1,16,251,-38,0
84.325537,0,1,95,58,91,99,830,1558,-1,0,-1,16,252,-38,0
84.339413,0,0,95,58,91,99,830,1558,-1,0,-1,16,252,-38,0
84.343889,0,0,95,58,91,99,830,1558,-1,0,-1,16,252,-38,0
84.352435,0,0,95,58,91,99,830,1558,-1,0,-1,16,252,-38,0
84.357067,0,1,95,58,91,99,830,1558,-1,0,-1,16,251,-38,0
84.370477,0,0,95,58,91,99,830,1558,-1,0,-1,16,251,-38,0
84.375531,0,0,95,58,91,99,830,1558,-1,0,-1,16,251,-38,0
84.383440,0,0,95,58,91,99,830,1558,-1,0,-1,16,251,-38,0
84.387618,0,0,95,58,91,99,830,1558,-1,0,-1,16,251,-38,0
84.391776,0,0,95,58,91,99,830,1558,-1,0,-1,16,251,-38,0
84.403009,0,0,95,58,91,99,830,1558,-1,0,-1,16,251,-38,0
84.412765,0,0,95,58,91,99,830,1558,-1,0,-1,16,251,-38,0
84.417270,0,0,95,58,91,99,830,1558,-1,0,-1,16,251,-38,0
84.421473,0,0,95,58,91,99,830,1558,-1,0,-1,16,251,-38,0
84.434069,0,0,95,58,91,99,830,1558,-1,0,-1,16,251,-38,0
84.443922,0,0,95,58,91,99,830,1558,-1,0,-1,16,251,-38,0
84.448166,0,0,95,58,91,99,830,1558,-1,0,-1,16,251,-38,0
84.450046,0,0,95,58,91,99,830,1558,-1,0,-1,16,251,-38,0
84.463625,0,0,95,58,91,99,830,1558,-1,0,-1,16,251,-38,0
84.468249,0,0,95,58,91,99,830,1558,-1,0,-1,16,251,-38,0
84.476036,1,0,95,58,90,99,830,1558,-1,0,-1,16,251,-38,0
84.481359,0,0,95,58,90,99,830,1558,-1,0,-1,16,251,-38,0
84.495451,0,1,95,58,90,99,830,1558,0,0,-1,16,251,-38,0
84.505792,1,0,95,58,91,99,830,1558,0,0,-1,16,251,-38,0
84.509949,0,0,95,58,91,99,830,1558,0,0,-1,16,251,-38,0
84.514555,0,0,95,58,91,99,830,1558,0,0,-1,16,251,-38,0
84.526821,0,0,95,58,91,99,830,1558,0,0,-1,16,251,-38,0
84.536460,0,0,95,58,91,99,830,1558,0,0,-1,16,251,-38,0
84.541500,0,0,95,58,91,99,830,1558,0,0,-1,16,251,-38,0
84.546098,0,0,95,58,91,99,830,1558,0,0,-1,16,251,-38,0
84.558411,0,1,95,58,91,99,830,1558,-1,0,-1,16,251,-38,0
84.568480,1,0,95,58,90,99,830,1558,-1,0,-1,16,251,-38,0
84.573597,0,0,95,58,90,99,830,1558,-1,0,-1,16,251,-38,0
84.587336,0,0,95,58,90,99,830,1558,-1,0,-1,16,251,-38,0
84.591976,1,0,95,58,91,99,830,1558,-1,0,-1,16,251,-38,0
84.600311,0,0,95,58,91,99,830,1558,-1,0,-1,16,251,-38,0
84.604524,0,0,95,58,91,99,830,1558,-1,0,-1,16,251,-38,0
84.608728,0,1,95,58,91,99,830,1558,0,0,-1,16,251,-38,0
84.620003,0,0,95,58,91,99,830,1558,0,0,-1,16,251,-38,0
84.629586,0,1,95,58,91,99,830,1558,0,0,-1,16,252,-38,0
84.634541,0,0,95,58,91,99,830,1558,0,0,-1,16,252,-38,0
84.639238,0,1,95,58,91,99,830,1558,-1,0,-1,16,252,-38,0
84.650787,0,1,95,58,91,99,830,1558,-1,0,-1,15,252,-38,0
84.654841,0,1,95,58,91,99,830,1558,-1,0,-1,15,251,-38,0
84.661924,0,0,95,58,91,99,830,1558,-1,0,-1,15,251,-38,0
84.666877,0,0,95,58,91,99,830,1558,-1,0,-1,15,251,-38,0
84.680591,0,0,95,58,91,99,830,1558,-1,0,-1,15,251,-38,0
84.685676,0,0,95,58,91,99,830,1558,-1,0,-1,15,251,-38,0
84.693345,0,0,95,58,91,99,830,1558,-1,0,-1,15,251,-38,0
84.698421,0,0,95,58,91,99,830,1558,-1,0,-1,15,251,-38,0
84.712235,0,1,95,58,91,99,830,1558,-1,0,-1,16,251,-38,0
84.717215,0,1,95,58,91,99,830,1558,-1,0,-1,16,252,-38,0
84.725110,0,0,95,58,91,99,830,1558,-1,0,-1,16,252,-38,0
84.731095,0,0,95,58,91,99,830,1558,-1,0,-1,16,252,-38,0
84.744252,1,1,95,58,90,99,830,1558,-1,0,-1,16,251,-38,0
84.753800,0,0,95,58,90,99,830,1558,-1,0,-1,16,251,-38,0
84.758870,0,0,95,58,90,99,830,1558,-1,0,-1,16,251,-38,0
84.763870,1,0,95,58,91,99,830,1558,-1,0,-1,16,251,-38,0
84.775217,0,1,95,58,91,99,830,1558,-1,0,-1,16,252,-38,0
84.785826,0,0,95,58,91,99,830,1558,-1,0,-1,16,252,-38,0
84.790412,0,0,95,58,91,99,830,1558,-1,0,-1,16,252,-38,0
84.794611,0,1,95,58,91,99,830,1558,-1,0,-1,17,252,-38,0
84.805487,0,0,95,58,91,99,830,1558,-1,0,-1,17,252,-38,0
84.809897,0,0,95,58,91,99,830,1558,-1,0,-1,17,252,-38,0
84.817507,0,1,95,58,91,99,830,1558,0,0,-1,17,252,-38,0
84.822080,0,0,95,58,91,99,830,1558,0,0,-1,17,252,-38,0
84.835361,0,1,95,58,91,99,830,1558,0,0,-1,16,251,-38,0
84.839571,0,0,95,58,91,99,830,1558,0,0,-1,16,251,-38,0
84.848393,0,0,95,58,91,99,830,1558,0,0,-1,16,251,-38,0
84.852643,1,0,95,58,90,99,830,1558,0,0,-1,16,251,-38,0
84.866463,0,1,95,58,90,99,830,1558,0,0,-1,16,252,-38,0
84.871584,0,0,95,58,90,99,830,1558,0,0,-1,16,252,-38,0
84.879701,0,0,95,58,90,99,830,1558,0,0,-1,16,252,-38,0
84.884919,1,0,95,58,91,99,830,1558,0,0,-1,16,252,-38,0
84.898474,0,0,95,58,91,99,830,1558,0,0,-1,16,252,-38,0
84.908407,0,0,95,58,91,99,830,1558,0,0,-1,16,252,-38,0
84.912653,0,1,95,58,91,99,830,1558,-1,0,-1,16,252,-38,0
84.917281,0,0,95,58,91,99,830,1558,-1,0,-1,16,252,-38,0
84.929839,0,0,95,58,91,99,830,1558,-1,0,-1,16,252,-38,0
84.939393,0,1,95,58,91,99,830,1558,0,0,-1,16,252,-38,0
84.943994,0,0,95,58,91,99,830,1558,0,0,-1,16,252,-38,0
84.948559,0,0,95,58,91,99,830,1558,0,0,-1,16,252,-38,0
84.960467,0,0,95,58,91,99,830,1558,0,0,-1,16,252,-38,0
84.970741,0,1,95,58,91,99,830,1558,-1,0,-1,16,252,-38,0
84.975352,0,0,95,58,91,99,830,1558,-1,0,-1,16,252,-38,0
84.980203,0,0,95,58,91,99,830,1558,-1,0,-1,16,252,-38,0
84.992527,0,0,95,58,91,99,830,1558,-1,0,-1,16,252,-38,0
85.002660,0,0,95,58,91,99,830,1558,-1,0,-1,16,252,-38,0
85.008035,0,1,95,58,91,99,830,1558,-1,0,-1,16,252,-37,0
85.022623,0,0,95,58,91,99,830,1558,-1,0,-1,16,252,-37,0
85.032496,0,0,95,58,91,99,830,1558,-1,0,-1,16,252,-37,0
85.038204,0,0,95,58,91,99,830,1558,-1,0,-1,16,252,-37,0
85.052316,0,0,95,58,91,99,830,1558,-1,0,-1,16,252,-37,0
85.056892,0,1,95,58,91,99,830,1558,0,0,-1,16,252,-37,0
87.935487,1,1,95,58,90,99,830,1558,-1,0,-1,16,250,-38,0
87.939991,0,0,95,58,90,99,830,1558,-1,0,-1,16,250,-38,0
87.948149,0,0,95,58,90,99,830,1558,-1,0,-1,16,250,-38,0
87.952765,0,0,95,58,90,99,830,1558,-1,0,-1,16,250,-38,0
87.966424,0,0,95,58,90,99,830,1558,-1,0,-1,16,250,-38,0
87.970899,0,0,95,58,90,99,830,1558,-1,0,-1,16,250,-38,0
87.979190,0,1,95,58,90,99,830,1558,-1,-1,-1,16,250,-38,0
87.983482,0,0,95,58,90,99,830,1558,-1,-1,-1,16,250,-38,0
87.997438,0,0,95,58,90,99,830,1558,-1,-1,-1,16,250,-38,0
88.001783,0,0,95,58,90,99,830,1558,-1,-1,-1,16,250,-38,0
88.009894,0,1,95,58,90,99,830,1558,0,0,-1,16,250,-38,0
88.014528,0,1,95,58,90,99,830,1558,0,0,-1,16,249,-38,0
88.028459,0,0,95,58,90,99,830,1558,0,0,-1,16,249,-38,0
88.032702,0,0,95,58,90,99,830,1558,0,0,-1,16,249,-38,0
88.040845,0,0,95,58,90,99,830,1558,0,0,-1,16,249,-38,0
88.045388,0,0,95,58,90,99,830,1558,0,0,-1,16,249,-38,0
88.059306,0,1,95,58,90,99,830,1558,0,0,-1,16,249,-37,0
88.063877,0,0,95,58,90,99,830,1558,0,0,-1,16,249,-37,0
88.071622,0,0,95,58,90,99,830,1558,0,0,-1,16,249,-37,0
88.076170,0,1,95,58,90,99,830,1558,0,0,-1,16,250,-37,0
88.080388,0,0,95,58,90,99,830,1558,0,0,-1,16,250,-37,0
88.091970,0,0,95,58,90,99,830,1558,0,0,-1,16,250,-37,0
88.094238,0,0,95,58,90,99,830,1558,0,0,-1,16,250,-37,0
88.102871,0,0,95,58,90,99,830,1558,0,0,-1,16,250,-37,0
88.106983,0,0,95,58,90,99,830,1558,0,0,-1,16,250,-37,0
88.111159,0,0,95,58,90,99,830,1558,0,0,-1,16,250,-37,0
88.122784,0,0,95,58,90,99,830,1558,0,0,-1,16,250,-37,0
88.132738,0,0,95,58,90,99,830,1558,0,0,-1,16,250,-37,0
88.137308,0,0,95,58,90,99,830,1558,0,0,-1,16,250,-37,0
88.141510,0,0,95,58,90,99,830,1558,0,0,-1,16,250,-37,0
88.153794,0,1,95,58,90,99,830,1558,-1,0,-1,16,250,-37,0
88.157881,0,0,95,58,90,99,830,1558,-1,0,-1,16,250,-37,0
88.165329,0,1,95,58,90,99,830,1558,-1,0,-1,16,249,-37,0
88.170190,0,0,95,58,90,99,830,1558,-1,0,-1,16,249,-37,0
88.183478,0,0,95,58,90,99,830,1558,-1,0,-1,16,249,-37,0
88.188016,0,1,95,58,90,99,830,1558,0,0,-1,16,249,-37,0
88.196681,0,1,95,58,90,99,830,1558,0,0,-1,17,249,-37,0
88.202029,0,0,95,58,90,99,830,1558,0,0,-1,17,249,-37,0
88.215629,0,1,95,58,90,99,830,1558,-1,0,-1,17,249,-37,0
88.225781,0,1,95,58,90,99,830,1558,-1,-1,-1,16,249,-37,0
88.229819,0,0,95,58,90,99,830,1558,-1,-1,-1,16,249,-37,0
88.233826,0,0,95,58,90,99,830,1558,-1,-1,-1,16,249,-37,0
88.247290,0,1,95,58,90,99,830,1558,-1,0,-1,16,249,-37,0
88.257381,0,0,95,58,90,99,830,1558,-1,0,-1,16,249,-37,0
88.261931,0,0,95,58,90,99,830,1558,-1,0,-1,16,249,-37,0
88.266822,0,0,95,58,90,99,830,1558,-1,0,-1,16,249,-37,0
88.277683,0,1,95,58,90,99,830,1558,-1,-1,-1,16,249,-37,0
88.287440,0,1,95,58,90,99,830,1558,-1,-1,-1,16,250,-37,0
88.292497,0,0,95,58,90,99,830,1558,-1,-1,-1,16,250,-37,0
88.297450,0,0,95,58,90,99,830,1558,-1,-1,-1,16,250,-37,0
88.308795,0,0,95,58,90,99,830,1558,-1,-1,-1,16,250,-37,0
88.318680,0,1,95,58,90,99,830,1558,-1,-1,-1,16,249,-37,0
88.322854,0,0,95,58,90,99,830,1558,-1,-1,-1,16,249,-37,0
88.327317,0,1,95,58,90,99,830,1558,0,-1,-1,16,249,-37,0
88.339812,0,1,95,58,90,99,830,1558,0,0,-1,16,249,-37,0
88.349732,0,0,95,58,90,99,830,1558,0,0,-1,16,249,-37,0
88.355384,0,0,95,58,90,99,830,1558,0,0,-1,16,249,-37,0
88.369501,0,1,95,58,90,99,830,1558,-1,0,0,16,249,-37,0
88.375360,0,1,95,58,90,99,830,1558,-1,0,0,16,249,-38,0
88.383451,0,0,95,58,90,99,830,1558,-1,0,0,16,249,-38,0
88.389041,0,1,95,58,90,99,830,1558,-1,-1,0,16,249,-38,0
88.402792,0,1,95,58,90,99,830,1558,-1,-1,-1,16,249,-38,0
88.412882,0,0,95,58,90,99,830,1558,-1,-1,-1,16,249,-38,0
88.418152,0,0,95,58,90,99,830,1558,-1,-1,-1,16,249,-38,0
88.431444,0,0,95,58,90,99,830,1558,-1,-1,-1,16,249,-38,0
88.436655,0,1,95,58,90,99,830,1558,-1,-1,-1,16,249,-37,0
88.444407,0,0,95,58,90,99,830,1558,-1,-1,-1,16,249,-37,0
88.449361,0,1,95,58,90,99,830,1558,0,-1,-1,16,249,-37,0
88.463547,0,1,95,58,90,99,830,1558,0,-1,-1,16,250,-37,0
88.473500,0,0,95,58,90,99,830,1558,0,-1,-1,16,250,-37,0
88.478548,0,1,95,58,90,99,830,1558,-1,-1,-1,16,250,-37,0
88.483946,0,1,95,58,90,99,830,1558,-1,0,-1,16,250,-37,0
88.495307,0,1,95,58,90,99,830,1558,-1,0,-1,16,249,-37,0
88.506028,0,0,95,58,90,99,830,1558,-1,0,-1,16,249,-37,0
88.511977,0,0,95,58,90,99,830,1558,-1,0,-1,16,249,-37,0
88.525506,0,1,95,58,90,99,830,1558,-1,0,-1,16,250,-38,0
88.529755,0,0,95,58,90,99,830,1558,-1,0,-1,16,250,-38,0
88.536776,0,0,95,58,90,99,830,1558,-1,0,-1,16,250,-38,0
88.541070,0,1,95,58,90,99,830,1558,-1,-1,-1,16,250,-38,0
88.545310,0,0,95,58,90,99,830,1558,-1,-1,-1,16,250,-38,0
88.556433,0,1,95,58,90,99,830,1558,-1,-1,-1,16,250,-37,0
88.560702,0,0,95,58,90,99,830,1558,-1,-1,-1,16,250,-37,0
88.568112,0,1,95,58,90,99,830,1558,0,-1,-1,16,250,-37,0
88.572347,0,1,95,58,90,99,830,1558,0,0,-1,16,250,-37,0
88.576578,0,0,95,58,90,99,830,1558,0,0,-1,16,250,-37,0
88.588002,0,0,95,58,90,99,830,1558,0,0,-1,16,250,-37,0
88.597615,0,0,95,58,90,99,830,1558,0,0,-1,16,250,-37,0
88.601832,0,1,95,58,90,99,830,1558,0,-1,-1,16,250,-37,0
88.606000,0,0,95,58,90,99,830,1558,0,-1,-1,16,250,-37,0
88.618524,0,0,95,58,90,99,830,1558,0,-1,-1,16,250,-37,0
88.622738,0,0,95,58,90,99,830,1558,0,-1,-1,16,250,-37,0
88.629804,0,0,95,58,90,99,830,1558,0,-1,-1,16,250,-37,0
88.633970,0,0,95,58,90,99,830,1558,0,-1,-1,16,250,-37,0
88.638188,0,0,95,58,90,99,830,1558,0,-1,-1,16,250,-37,0
88.650526,0,0,95,58,90,99,830,1558,0,-1,-1,16,250,-37,0
88.660460,0,1,95,58,90,99,830,1558,-1,0,-1,16,250,-37,0
88.665061,0,0,95,58,90,99,830,1558,-1,0,-1,16,250,-37,0
88.670111,0,1,95,58,90,99,830,1558,-1,0,-1,16,250,-38,0
88.681420,0,0,95,58,90,99,830,1558,-1,0,-1,16,250,-38,0
88.692369,0,1,95,58,90,99,830,1558,-1,-1,-1,16,250,-38,0
88.698237,0,1,95,58,90,99,830,1558,-1,-1,-1,16,249,-37,0
88.713174,0,0,95,58,90,99,830,1558,-1,-1,-1,16,249,-37,0
91.583716,1,1,95,58,90,99,830,1558,-1,0,-1,15,248,-38,0
91.595821,0,1,95,58,90,99,830,1558,-1,0,-1,15,248,-37,0
91.605080,0,0,95,58,90,99,830,1558,-1,0,-1,15,248,-37,0
91.609599,0,1,95,58,90,99,830,1558,-1,-1,-1,15,248,-37,0
91.614026,0,1,95,58,90,99,830,1558,-1,-1,-1,15,249,-37,0
91.626303,0,1,95,58,90,99,830,1558,-1,-1,-1,15,249,-38,0
91.636871,0,0,95,58,90,99,830,1558,-1,-1,-1,15,249,-38,0
91.641968,0,0,95,58,90,99,830,1558,-1,-1,-1,15,249,-38,0
91.655368,0,0,95,58,90,99,830,1558,-1,-1,-1,15,249,-38,0
91.660366,0,0,95,58,90,99,830,1558,-1,-1,-1,15,249,-38,0
91.668727,0,1,95,58,90,99,830,1558,-1,0,-1,15,249,-38,0
91.673323,0,0,95,58,90,99,830,1558,-1,0,-1,15,249,-38,0
91.687240,0,1,95,58,90,99,830,1558,-1,0,-1,15,249,-37,0
91.697416,0,0,95,58,90,99,830,1558,-1,0,-1,15,249,-37,0
91.702112,0,0,95,58,90,99,830,1558,-1,0,-1,15,249,-37,0
91.706838,0,1,95,58,90,99,830,1558,-1,0,-1,15,249,-38,0
91.718950,0,0,95,58,90,99,830,1558,-1,0,-1,15,249,-38,0
91.728474,0,0,95,58,90,99,830,1558,-1,0,-1,15,249,-38,0
91.733545,0,1,95,58,90,99,830,1558,-1,-1,-1,15,249,-38,0
91.737797,0,1,95,58,90,99,830,1558,-1,-1,-1,15,249,-37,0
91.749272,0,0,95,58,90,99,830,1558,-1,-1,-1,15,249,-37,0
91.759692,0,0,95,58,90,99,830,1558,-1,-1,-1,15,249,-37,0
91.764722,0,0,95,58,90,99,830,1558,-1,-1,-1,15,249,-37,0
91.768908,0,0,95,58,90,99,830,1558,-1,-1,-1,15,249,-37,0
91.781272,0,0,95,58,90,99,830,1558,-1,-1,-1,15,249,-37,0
91.791478,0,1,95,58,90,99,830,1558,-1,0,-1,15,249,-37,0
91.796133,0,1,95,58,90,99,830,1558,-1,0,-1,15,249,-38,0
91.800821,0,0,95,58,90,99,830,1558,-1,0,-1,15,249,-38,0
91.812241,0,0,95,58,90,99,830,1558,-1,0,-1,15,249,-38,0
91.821736,0,0,95,58,90,99,830,1558,-1,0,-1,15,249,-38,0
91.826346,0,0,95,58,90,99,830,1558,-1,0,-1,15,249,-38,0
91.830943,0,0,95,58,90,99,830,1558,-1,0,-1,15,249,-38,0
91.842886,0,0,95,58,90,99,830,1558,-1,0,-1,15,249,-38,0
91.852892,0,0,95,58,90,99,830,1558,-1,0,-1,15,249,-38,0
91.858702,0,0,95,58,90,99,830,1558,-1,0,-1,15,249,-38,0
91.872807,0,0,95,58,90,99,830,1558,-1,0,-1,15,249,-38,0
91.877935,0,0,95,58,90,99,830,1558,-1,0,-1,15,249,-38,0
91.885061,0,1,95,58,90,99,830,1558,-1,0,-1,15,249,-37,0
91.889275,0,0,95,58,90,99,830,1558,-1,0,-1,15,249,-37,0
91.893452,0,0,95,58,90,99,830,1558,-1,0,-1,15,249,-37,0
91.905334,0,0,95,58,90,99,830,1558,-1,0,-1,15,249,-37,0
91.915495,0,0,95,58,90,99,830,1558,-1,0,-1,15,249,-37,0
91.920661,0,1,95,58,90,99,830,1558,-1,0,-1,15,249,-38,0
91.934316,0,0,95,58,90,99,830,1558,-1,0,-1,15,249,-38,0
91.938471,0,0,95,58,90,99,830,1558,-1,0,-1,15,249,-38,0
91.946924,0,0,95,58,90,99,830,1558,-1,0,-1,15,249,-38,0
91.951845,0,0,95,58,90,99,830,1558,-1,0,-1,15,249,-38,0
91.965224,0,0,95,58,90,99,830,1558,-1,0,-1,15,249,-38,0
91.969498,0,0,95,58,90,99,830,1558,-1,0,-1,15,249,-38,0
91.978335,0,0,95,58,90,99,830,1558,-1,0,-1,15,249,-38,0
91.982554,0,0,95,58,90,99,830,1558,-1,0,-1,15,249,-38,0
91.987059,0,1,95,58,90,99,830,1558,-1,-1,-1,15,249,-38,0
91.997768,0,0,95,58,90,99,830,1558,-1,-1,-1,15,249,-38,0
92.007438,0,0,95,58,90,99,830,1558,-1,-1,-1,15,249,-38,0
92.012473,0,0,95,58,90,99,830,1558,-1,-1,-1,15,249,-38,0
92.016652,0,0,95,58,90,99,830,1558,-1,-1,-1,15,249,-38,0
92.029250,0,0,95,58,90,99,830,1558,-1,-1,-1,15,249,-38,0
92.040334,0,1,95,58,90,99,830,1558,-1,-1,-1,15,249,-37,0
92.045455,0,0,95,58,90,99,830,1558,-1,-1,-1,15,249,-37,0
92.059352,0,0,95,58,90,99,830,1558,-1,-1,-1,15,249,-37,0
92.069499,0,0,95,58,90,99,830,1558,-1,-1,-1,15,249,-37,0
92.074540,0,0,95,58,90,99,830,1558,-1,-1,-1,15,249,-37,0
92.079384,0,0,95,58,90,99,830,1558,-1,-1,-1,15,249,-37,0
92.090426,0,0,95,58,90,99,830,1558,-1,-1,-1,15,249,-37,0
92.094560,0,1,95,58,90,99,830,1558,-1,-1,-1,15,249,-38,0
92.102219,0,0,95,58,90,99,830,1558,-1,-1,-1,15,249,-38,0
92.107133,0,0,95,58,90,99,830,1558,-1,-1,-1,15,249,-38,0
92.120413,0,0,95,58,90,99,830,1558,-1,-1,-1,15,249,-38,0
92.124553,0,0,95,58,90,99,830,1558,-1,-1,-1,15,249,-38,0
92.133163,0,0,95,58,90,99,830,1558,-1,-1,-1,15,249,-38,0
92.137762,0,0,95,58,90,99,830,1558,-1,-1,-1,15,249,-38,0
92.151758,0,1,95,58,90,99,830,1558,-1,0,-1,15,249,-38,0
92.162821,0,0,95,58,90,99,830,1558,-1,0,-1,15,249,-38,0
92.168731,0,0,95,58,90,99,830,1558,-1,0,-1,15,249,-38,0
92.182708,0,0,95,58,90,99,830,1558,-1,0,-1,15,249,-38,0
92.188081,0,1,95,58,90,99,830,1558,-1,0,-1,15,249,-37,0
92.196212,0,0,95,58,90,99,830,1558,-1,0,-1,15,249,-37,0
92.201942,0,0,95,58,90,99,830,1558,-1,0,-1,15,249,-37,0
92.215921,0,0,95,58,90,99,830,1558,-1,0,-1,15,249,-37,0
92.226281,0,0,95,58,90,99,830,1558,-1,0,-1,15,249,-37,0
92.231504,0,0,95,58,90,99,830,1558,-1,0,-1,15,249,-37,0
92.244759,0,0,95,58,90,99,830,1558,-1,0,-1,15,249,-37,0
92.248869,0,1,95,58,90,99,830,1558,-1,0,-1,15,249,-38,0
92.257425,0,0,95,58,90,99,830,1558,-1,0,-1,15,249,-38,0
92.261653,0,0,95,58,90,99,830,1558,-1,0,-1,15,249,-38,0
92.266131,0,0,95,58,90,99,830,1558,-1,0,-1,15,249,-38,0
92.276786,0,0,95,58,90,99,830,1558,-1,0,-1,15,249,-38,0
92.286529,0,0,95,58,90,99,830,1558,-1,0,-1,15,249,-38,0
92.291584,0,0,95,58,90,99,830,1558,-1,0,-1,15,249,-38,0
92.296150,0,0,95,58,90,99,830,1558,-1,0,-1,15,249,-38,0
92.307653,0,1,95,58,90,99,830,1558,-1,0,-1,15,249,-37,0
92.311859,0,0,95,58,90,99,830,1558,-1,0,-1,15,249,-37,0
92.319176,0,0,95,58,90,99,830,1558,-1,0,-1,15,249,-37,0
92.323749,0,1,95,58,90,99,830,1558,-1,-1,-1,15,249,-37,0
92.337290,0,0,95,58,90,99,830,1558,-1,-1,-1,15,249,-37,0
92.341650,0,0,95,58,90,99,830,1558,-1,-1,-1,15,249,-37,0
95.222083,1,1,95,58,90,99,830,1558,-1,0,-1,13,244,-34,0
95.232607,0,0,95,58,90,99,830,1558,-1,0,-1,13,244,-34,0
95.237244,0,0,95,58,90,99,830,1558,-1,0,-1,13,244,-34,0
95.241826,0,1,95,58,90,99,830,1558,-1,0,-1,13,243,-34,0
95.253379,0,0,95,58,90,99,830,1558,-1,0,-1,13,243,-34,0
95.263468,0,0,95,58,90,99,830,1558,-1,0,-1,13,243,-34,0
95.268076,0,0,95,58,90,99,830,1558,-1,0,-1,13,243,-34,0
95.272343,0,1,95,58,90,99,830,1558,-1,0,-1,13,243,-35,0
95.283930,0,0,95,58,90,99,830,1558,-1,0,-1,13,243,-35,0
95.293734,0,0,95,58,90,99,830,1558,-1,0,-1,13,243,-35,0
95.298634,0,0,95,58,90,99,830,1558,-1,0,-1,13,243,-35,0
95.303578,0,0,95,58,90,99,830,1558,-1,0,-1,13,243,-35,0
95.315312,0,0,95,58,90,99,830,1558,-1,0,-1,13,243,-35,0
95.324825,0,0,95,58,90,99,830,1558,-1,0,-1,13,243,-35,0
95.329815,0,1,95,58,90,99,830,1558,-2,0,-1,13,243,-35,0
95.334803,0,0,95,58,90,99,830,1558,-2,0,-1,13,243,-35,0
95.346271,0,0,95,58,90,99,830,1558,-2,0,-1,13,243,-35,0
95.355759,0,1,95,58,90,99,830,1558,-1,0,-1,13,243,-35,0
95.360764,0,0,95,58,90,99,830,1558,-1,0,-1,13,243,-35,0
95.365472,0,0,95,58,90,99,830,1558,-1,0,-1,13,243,-35,0
95.377298,0,0,95,58,90,99,830,1558,-1,0,-1,13,243,-35,0
95.380112,0,0,95,58,90,99,830,1558,-1,0,-1,13,243,-35,0
95.389059,0,0,95,58,90,99,830,1558,-1,0,-1,13,243,-35,0
95.394782,0,1,95,58,90,99,830,1558,-1,0,-1,13,243,-34,0
95.408828,0,0,95,58,90,99,830,1558,-1,0,-1,13,243,-34,0
95.418837,0,0,95,58,90,99,830,1558,-1,0,-1,13,243,-34,0
95.423529,0,1,95,58,90,99,830,1558,-1,0,-1,13,243,-35,0
95.437446,0,0,95,58,90,99,830,1558,-1,0,-1,13,243,-35,0
95.442430,0,0,95,58,90,99,830,1558,-1,0,-1,13,243,-35,0
95.450569,0,0,95,58,90,99,830,1558,-1,0,-1,13,243,-35,0
95.455650,0,1,95,58,90,99,830,1558,-1,0,-1,13,243,-34,0
95.469353,0,0,95,58,90,99,830,1558,-1,0,-1,13,243,-34,0
95.480038,0,0,95,58,90,99,830,1558,-1,0,-1,13,243,-34,0
95.485328,0,1,95,58,90,99,830,1558,-1,0,-1,13,243,-35,0
95.489562,0,0,95,58,90,99,830,1558,-1,0,-1,13,243,-35,0
95.501274,0,0,95,58,90,99,830,1558,-1,0,-1,13,243,-35,0
95.510918,0,0,95,58,90,99,830,1558,-1,0,-1,13,243,-35,0
95.516004,0,0,95,58,90,99,830,1558,-1,0,-1,13,243,-35,0
95.520689,0,0,95,58,90,99,830,1558,-1,0,-1,13,243,-35,0
95.532439,0,0,95,58,90,99,830,1558,-1,0,-1,13,243,-35,0
95.541952,0,0,95,58,90,99,830,1558,-1,0,-1,13,243,-35,0
95.546197,0,0,95,58,90,99,830,1558,-1,0,-1,13,243,-35,0
95.551219,0,0,95,58,90,99,830,1558,-1,0,-1,13,243,-35,0
95.563047,0,1,95,58,90,99,830,1558,-1,-1,-1,13,243,-35,0
95.572867,0,0,95,58,90,99,830,1558,-1,-1,-1,13,243,-35,0
95.577514,0,0,95,58,90,99,830,1558,-1,-1,-1,13,243,-35,0
95.581810,0,0,95,58,90,99,830,1558,-1,-1,-1,13,243,-35,0
95.593582,0,1,95,58,90,99,830,1558,-1,0,-1,13,243,-35,0
95.603494,0,0,95,58,90,99,830,1558,-1,0,-1,13,243,-35,0
95.607643,0,0,95,58,90,99,830,1558,-1,0,-1,13,243,-35,0
95.611993,0,0,95,58,90,99,830,1558,-1,0,-1,13,243,-35,0
95.625266,0,0,95,58,90,99,830,1558,-1,0,-1,13,243,-35,0
95.635354,0,0,95,58,90,99,830,1558,-1,0,-1,13,243,-35,0
95.639523,0,1,95,58,90,99,830,1558,-1,0,-1,13,243,-34,0
95.643783,0,0,95,58,90,99,830,1558,-1,0,-1,13,243,-34,0
95.655876,0,0,95,58,90,99,830,1558,-1,0,-1,13,243,-34,0
95.665621,0,1,95,58,90,99,830,1558,-1,0,-1,13,243,-35,0
95.669823,0,0,95,58,90,99,830,1558,-1,0,-1,13,243,-35,0
95.674376,0,0,95,58,90,99,830,1558,-1,0,-1,13,243,-35,0
95.686519,0,0,95,58,90,99,830,1558,-1,0,-1,13,243,-35,0
95.696414,0,0,95,58,90,99,830,1558,-1,0,-1,13,243,-35,0
95.700651,0,0,95,58,90,99,830,1558,-1,0,-1,13,243,-35,0
95.705588,0,0,95,58,90,99,830,1558,-1,0,-1,13,243,-35,0
95.718199,0,0,95,58,90,99,830,1558,-1,0,-1,13,243,-35,0
95.727690,0,0,95,58,90,99,830,1558,-1,0,-1,13,243,-35,0
95.732628,0,0,95,58,90,99,830,1558,-1,0,-1,13,243,-35,0
95.737631,0,0,95,58,90,99,830,1558,-1,0,-1,13,243,-35,0
95.748888,0,0,95,58,90,99,830,1558,-1,0,-1,13,243,-35,0
95.758721,0,0,95,58,90,99,830,1558,-1,0,-1,13,243,-35,0
95.763264,0,0,95,58,90,99,830,1558,-1,0,-1,13,243,-35,0
95.767419,0,0,95,58,90,99,830,1558,-1,0,-1,13,243,-35,0
95.779876,0,0,95,58,90,99,830,1558,-1,0,-1,13,243,-35,0
95.789355,0,0,95,58,90,99,830,1558,-1,0,-1,13,243,-35,0
95.793535,0,0,95,58,90,99,830,1558,-1,0,-1,13,243,-35,0
95.798182,0,0,95,58,90,99,830,1558,-1,0,-1,13,243,-35,0
95.811280,0,0,95,58,90,99,830,1558,-1,0,-1,13,243,-35,0
95.821419,0,0,95,58,90,99,830,1558,-1,0,-1,13,243,-35,0
95.826083,0,0,95,58,90,99,830,1558,-1,0,-1,13,243,-35,0
95.830380,0,0,95,58,90,99,830,1558,-1,0,-1,13,243,-35,0
95.841982,0,0,95,58,90,99,830,1558,-1,0,-1,13,243,-35,0
95.851802,0,0,95,58,90,99,830,1558,-1,0,-1,13,243,-35,0
95.857765,0,0,95,58,90,99,830,1558,-1,0,-1,13,243,-35,0
95.871941,0,0,95,58,90,99,830,1558,-1,0,-1,13,243,-35,0
95.882771,0,0,95,58,90,99,830,1558,-1,0,-1,13,243,-35,0
95.888732,0,0,95,58,90,99,830,1558,-1,0,-1,13,243,-35,0
95.902726,0,0,95,58,90,99,830,1558,-1,0,-1,13,243,-35,0
95.913740,0,0,95,58,90,99,830,1558,-1,0,-1,13,243,-35,0
95.919489,0,1,95,58,90,99,830,1558,-1,-1,-1,13,243,-35,0
95.933733,0,0,95,58,90,99,830,1558,-1,-1,-1,13,243,-35,0
95.944868,0,0,95,58,90,99,830,1558,-1,-1,-1,13,243,-35,0
95.950071,0,1,95,58,90,99,830,1558,-2,-1,-1,13,243,-35,0
95.964809,0,0,95,58,90,99,830,1558,-2,-1,-1,13,243,-35,0
95.969898,0,0,95,58,90,99,830,1558,-2,-1,-1,13,243,-35,0
95.977449,0,1,95,58,90,99,830,1558,-1,0,-1,13,243,-35,0
95.982419,0,0,95,58,90,99,830,1558,-1,0,-1,13,243,-35,0
95.996453,0,0,95,58,90,99,830,1558,-1,0,-1,13,243,-35,0
98.879237,1,1,95,58,90,99,830,1558,-1,-1,-1,15,249,-37,0
98.883961,0,0,95,58,90,99,830,1558,-1,-1,-1,15,249,-37,0
98.892154,0,1,95,58,90,99,830,1558,-2,-1,-1,15,249,-37,0
98.898267,0,0,95,58,90,99,830,1558,-2,-1,-1,15,249,-37,0
98.911825,0,1,95,58,90,99,830,1558,-2,-1,-1,15,249,-36,0
98.922045,0,0,95,58,90,99,830,1558,-2,-1,-1,15,249,-36,0
98.927365,0,1,95,58,90,99,830,1558,-1,0,-1,15,249,-36,0
98.941271,0,0,95,58,90,99,830,1558,-1,0,-1,15,249,-36,0
98.951390,0,0,95,58,90,99,830,1558,-1,0,-1,15,249,-36,0
98.956434,0,0,95,58,90,99,830,1558,-1,0,-1,15,249,-36,0
98.961441,0,0,95,58,90,99,830,1558,-1,0,-1,15,249,-36,0
98.973365,0,0,95,58,90,99,830,1558,-1,0,-1,15,249,-36,0
98.982962,0,0,95,58,90,99,830,1558,-1,0,-1,15,249,-36,0
98.987183,0,1,95,58,90,99,830,1558,-1,-1,-1,15,249,-36,0
98.991777,0,0,95,58,90,99,830,1558,-1,-1,-1,15,249,-36,0
99.004319,0,0,95,58,90,99,830,1558,-1,-1,-1,15,249,-36,0
99.014640,0,0,95,58,90,99,830,1558,-1,-1,-1,15,249,-36,0
99.019231,0,1,95,58,90,99,830,1558,-1,0,-1,15,249,-36,0
99.023799,0,0,95,58,90,99,830,1558,-1,0,-1,15,249,-36,0
99.035168,0,0,95,58,90,99,830,1558,-1,0,-1,15,249,-36,0
99.037379,0,0,95,58,90,99,830,1558,-1,0,-1,15,249,-36,0
99.046516,0,1,95,58,90,99,830,1558,-1,-1,-1,15,249,-36,0
99.051572,0,0,95,58,90,99,830,1558,-1,-1,-1,15,249,-36,0
99.065349,0,0,95,58,90,99,830,1558,-1,-1,-1,15,249,-36,0
99.075509,0,0,95,58,90,99,830,1558,-1,-1,-1,15,249,-36,0
99.080536,0,0,95,58,90,99,830,1558,-1,-1,-1,15,249,-36,0
99.085149,0,0,95,58,90,99,830,1558,-1,-1,-1,15,249,-36,0
99.096537,0,0,95,58,90,99,830,1558,-1,-1,-1,15,249,-36,0
99.106649,0,0,95,58,90,99,830,1558,-1,-1,-1,15,249,-36,0
99.111616,0,0,95,58,90,99,830,1558,-1,-1,-1,15,249,-36,0
99.116164,0,0,95,58,90,99,830,1558,-1,-1,-1,15,249,-36,0
99.128164,0,0,95,58,90,99,830,1558,-1,-1,-1,15,249,-36,0
99.137736,0,1,95,58,90,99,830,1558,-1,0,-1,15,249,-36,0
99.141983,0,1,95,58,90,99,830,1558,-1,0,-1,15,250,-36,0
99.146254,0,0,95,58,90,99,830,1558,-1,0,-1,15,250,-36,0
99.159111,0,0,95,58,90,99,830,1558,-1,0,-1,15,250,-36,0
99.168519,0,0,95,58,90,99,830,1558,-1,0,-1,15,250,-36,0
99.172791,0,1,95,58,90,99,830,1558,-1,0,-1,15,249,-36,0
99.176841,0,0,95,58,90,99,830,1558,-1,0,-1,15,249,-36,0
99.189890,0,0,95,58,90,99,830,1558,-1,0,-1,15,249,-36,0
99.199716,0,0,95,58,90,99,830,1558,-1,0,-1,15,249,-36,0
99.204327,0,0,95,58,90,99,830,1558,-1,0,-1,15,249,-36,0
99.209329,0,0,95,58,90,99,830,1558,-1,0,-1,15,249,-36,0
99.220904,0,0,95,58,90,99,830,1558,-1,0,-1,15,249,-36,0
99.230460,0,0,95,58,90,99,830,1558,-1,0,-1,15,249,-36,0
99.234635,0,1,95,58,90,99,830,1558,-1,0,-1,15,250,-36,0
99.238795,0,0,95,58,90,99,830,1558,-1,0,-1,15,250,-36,0
99.251524,0,1,95,58,90,99,830,1558,-1,-1,-1,15,250,-36,0
99.255700,0,0,95,58,90,99,830,1558,-1,-1,-1,15,250,-36,0
99.262724,0,0,95,58,90,99,830,1558,-1,-1,-1,15,250,-36,0
99.266831,0,0,95,58,90,99,830,1558,-1,-1,-1,15,250,-36,0
99.271051,0,0,95,58,90,99,830,1558,-1,-1,-1,15,250,-36,0
99.282874,0,1,95,58,90,99,830,1558,-1,0,-1,15,250,-36,0
99.292722,0,0,95,58,90,99,830,1558,-1,0,-1,15,250,-36,0
99.296818,0,0,95,58,90,99,830,1558,-1,0,-1,15,250,-36,0
99.301918,0,0,95,58,90,99,830,1558,-1,0,-1,15,250,-36,0
99.314270,0,0,95,58,90,99,830,1558,-1,0,-1,15,250,-36,0
99.324521,0,0,95,58,90,99,830,1558,-1,0,-1,15,250,-36,0
99.329630,0,0,95,58,90,99,830,1558,-1,0,-1,15,250,-36,0
99.343236,0,0,95,58,90,99,830,1558,-1,0,-1,15,250,-36,0
99.348303,0,0,95,58,90,99,830,1558,-1,0,-1,15,250,-36,0
99.355955,0,0,95,58,90,99,830,1558,-1,0,-1,15,250,-36,0
99.360155,0,0,95,58,90,99,830,1558,-1,0,-1,15,250,-36,0
99.364374,0,1,95,58,90,99,830,1558,-1,-1,-1,15,250,-36,0
99.376262,0,0,95,58,90,99,830,1558,-1,-1,-1,15,250,-36,0
99.385921,0,0,95,58,90,99,830,1558,-1,-1,-1,15,250,-36,0
99.390085,0,0,95,58,90,99,830,1558,-1,-1,-1,15,250,-36,0
99.394294,0,0,95,58,90,99,830,1558,-1,-1,-1,15,250,-36,0
99.406502,0,0,95,58,90,99,830,1558,-1,-1,-1,15,250,-36,0
99.410685,0,0,95,58,90,99,830,1558,-1,-1,-1,15,250,-36,0
99.418127,0,0,95,58,90,99,830,1558,-1,-1,-1,15,250,-36,0
99.422376,0,0,95,58,90,99,830,1558,-1,-1,-1,15,250,-36,0
99.426557,0,1,95,58,90,99,830,1558,-1,0,-1,15,250,-36,0
99.437847,0,0,95,58,90,99,830,1558,-1,0,-1,15,250,-36,0
99.447368,0,0,95,58,90,99,830,1558,-1,0,-1,15,250,-36,0
99.451506,0,0,95,58,90,99,830,1558,-1,0,-1,15,250,-36,0
99.455655,0,1,95,58,90,99,830,1558,-2,0,-1,15,250,-36,0
99.468486,0,1,95,58,90,99,830,1558,-2,0,-1,15,249,-36,0
99.478690,0,0,95,58,90,99,830,1558,-2,0,-1,15,249,-36,0
99.483194,0,0,95,58,90,99,830,1558,-2,0,-1,15,249,-36,0
99.488079,0,0,95,58,90,99,830,1558,-2,0,-1,15,249,-36,0
99.500325,0,1,95,58,90,99,830,1558,-2,0,-1,15,250,-36,0
99.509840,0,0,95,58,90,99,830,1558,-2,0,-1,15,250,-36,0
99.514827,0,1,95,58,90,99,830,1558,-1,0,-1,15,250,-36,0
99.519498,0,0,95,58,90,99,830,1558,-1,0,-1,15,250,-36,0
99.531418,0,0,95,58,90,99,830,1558,-1,0,-1,15,250,-36,0
99.541460,0,0,95,58,90,99,830,1558,-1,0,-1,15,250,-36,0
99.546318,0,0,95,58,90,99,830,1558,-1,0,-1,15,250,-36,0
99.560375,0,0,95,58,90,99,830,1558,-1,0,-1,15,250,-36,0
99.565373,0,0,95,58,90,99,830,1558,-1,0,-1,15,250,-36,0
99.573745,0,0,95,58,90,99,830,1558,-1,0,-1,15,250,-36,0
99.578788,0,0,95,58,90,99,830,1558,-1,0,-1,15,250,-36,0
99.592285,0,0,95,58,90,99,830,1558,-1,0,-1,15,250,-36,0
99.602442,0,0,95,58,90,99,830,1558,-1,0,-1,15,250,-36,0
99.607414,0,0,95,58,90,99,830,1558,-1,0,-1,15,250,-36,0
99.611782,0,0,95,58,90,99,830,1558,-1,0,-1,15,250,-36,0
99.624375,0,0,95,58,90,99,830,1558,-1,0,-1,15,250,-36,0
99.634488,0,1,95,58,90,99,830,1558,-2,0,-1,15,250,-36,0
99.639532,0,0,95,58,90,99,830,1558,-2,0,-1,15,250,-36,0
99.643787,0,0,95,58,90,99,830,1558,-2,0,-1,15,250,-36,0
102.522070,1,1,95,58,90,99,830,1558,-1,-1,-1,15,247,-36,0
102.526435,0,0,95,58,90,99,830,1558,-1,-1,-1,15,247,-36,0
102.538025,0,0,95,58,90,99,830,1558,-1,-1,-1,15,247,-36,0
102.547875,0,0,95,58,90,99,830,1558,-1,-1,-1,15,247,-36,0
102.552265,0,0,95,58,90,99,830,1558,-1,-1,-1,15,247,-36,0
102.556209,0,0,95,58,90,99,830,1558,-1,-1,-1,15,247,-36,0
102.568795,0,0,95,58,90,99,830,1558,-1,-1,-1,15,247,-36,0
102.578484,0,0,95,58,90,99,830,1558,-1,-1,-1,15,247,-36,0
102.583076,0,0,95,58,90,99,830,1558,-1,-1,-1,15,247,-36,0
102.587256,0,1,95,58,90,99,830,1558,-1,-1,-1,15,248,-36,0
102.599568,0,0,95,58,90,99,830,1558,-1,-1,-1,15,248,-36,0
102.603817,0,0,95,58,90,99,830,1558,-1,-1,-1,15,248,-36,0
102.611258,0,0,95,58,90,99,830,1558,-1,-1,-1,15,248,-36,0
102.615460,0,0,95,58,90,99,830,1558,-1,-1,-1,15,248,-36,0
102.619555,0,0,95,58,90,99,830,1558,-1,-1,-1,15,248,-36,0
102.631595,0,0,95,58,90,99,830,1558,-1,-1,-1,15,248,-36,0
102.641904,0,1,95,58,90,99,830,1558,-1,0,-1,15,248,-36,0
102.647087,0,0,95,58,90,99,830,1558,-1,0,-1,15,248,-36,0
102.660313,0,0,95,58,90,99,830,1558,-1,0,-1,15,248,-36,0
102.664735,0,1,95,58,90,99,830,1558,-1,-1,-1,15,248,-36,0
102.673098,0,0,95,58,90,99,830,1558,-1,-1,-1,15,248,-36,0
102.676009,0,0,95,58,90,99,830,1558,-1,-1,-1,15,248,-36,0
102.680541,0,0,95,58,90,99,830,1558,-1,-1,-1,15,248,-36,0
102.693242,0,0,95,58,90,99,830,1558,-1,-1,-1,15,248,-36,0
102.702780,0,0,95,58,90,99,830,1558,-1,-1,-1,15,248,-36,0
102.706902,0,0,95,58,90,99,830,1558,-1,-1,-1,15,248,-36,0
102.711456,0,0,95,58,90,99,830,1558,-1,-1,-1,15,248,-36,0
102.724273,0,0,95,58,90,99,830,1558,-1,-1,-1,15,248,-36,0
102.733982,0,0,95,58,90,99,830,1558,-1,-1,-1,15,248,-36,0
102.738982,0,0,95,58,90,99,830,1558,-1,-1,-1,15,248,-36,0
102.743570,0,0,95,58,90,99,830,1558,-1,-1,-1,15,248,-36,0
102.756019,0,0,95,58,90,99,830,1558,-1,-1,-1,15,248,-36,0
102.766403,0,1,95,58,90,99,830,1558,-2,-1,-1,15,248,-36,0
102.770609,0,0,95,58,90,99,830,1558,-2,-1,-1,15,248,-36,0
102.784274,0,0,95,58,90,99,830,1558,-2,-1,-1,15,248,-36,0
102.788466,0,0,95,58,90,99,830,1558,-2,-1,-1,15,248,-36,0
102.797345,0,0,95,58,90,99,830,1558,-2,-1,-1,15,248,-36,0
102.802363,0,0,95,58,90,99,830,1558,-2,-1,-1,15,248,-36,0
102.815781,0,0,95,58,90,99,830,1558,-2,-1,-1,15,248,-36,0
102.820724,0,0,95,58,90,99,830,1558,-2,-1,-1,15,248,-36,0
102.829659,0,0,95,58,90,99,830,1558,-2,-1,-1,15,248,-36,0
102.835430,0,0,95,58,90,99,830,1558,-2,-1,-1,15,248,-36,0
102.849017,0,1,95,58,90,99,830,1558,-1,-1,-1,15,248,-36,0
102.859226,0,0,95,58,90,99,830,1558,-1,-1,-1,15,248,-36,0
102.864898,0,0,95,58,90,99,830,1558,-1,-1,-1,15,248,-36,0
102.878921,0,0,95,58,90,99,830,1558,-1,-1,-1,15,248,-36,0
102.889088,0,0,95,58,90,99,830,1558,-1,-1,-1,15,248,-36,0
102.894322,0,1,95,58,90,99,830,1558,-1,-1,-1,15,249,-36,0
102.908518,0,1,95,58,90,99,830,1558,-2,-1,-1,15,249,-36,0
102.914115,0,0,95,58,90,99,830,1558,-2,-1,-1,15,249,-36,0
102.922043,0,0,95,58,90,99,830,1558,-2,-1,-1,15,249,-36,0
102.927313,0,0,95,58,90,99,830,1558,-2,-1,-1,15,249,-36,0
102.941988,0,1,95,58,90,99,830,1558,-2,0,-1,15,249,-36,0
102.951923,0,1,95,58,90,99,830,1558,-2,0,-1,15,248,-36,0
102.956185,0,0,95,58,90,99,830,1558,-2,0,-1,15,248,-36,0
102.961040,0,1,95,58,90,99,830,1558,-2,-1,-1,15,248,-36,0
102.973029,0,0,95,58,90,99,830,1558,-2,-1,-1,15,248,-36,0
102.982962,0,0,95,58,90,99,830,1558,-2,-1,-1,15,248,-36,0
102.987925,0,0,95,58,90,99,830,1558,-2,-1,-1,15,248,-36,0
103.001322,0,0,95,58,90,99,830,1558,-2,-1,-1,15,248,-36,0
103.006320,0,0,95,58,90,99,830,1558,-2,-1,-1,15,248,-36,0
103.014311,0,0,95,58,90,99,830,1558,-2,-1,-1,15,248,-36,0
103.018507,0,1,95,58,90,99,830,1558,-1,-1,-1,15,248,-36,0
103.022777,0,0,95,58,90,99,830,1558,-1,-1,-1,15,248,-36,0
103.034576,0,0,95,58,90,99,830,1558,-1,-1,-1,15,248,-36,0
103.044483,0,0,95,58,90,99,830,1558,-1,-1,-1,15,248,-36,0
103.049567,0,0,95,58,90,99,830,1558,-1,-1,-1,15,248,-36,0
103.063401,0,0,95,58,90,99,830,1558,-1,-1,-1,15,248,-36,0
103.068553,0,0,95,58,90,99,830,1558,-1,-1,-1,15,248,-36,0
103.076470,0,0,95,58,90,99,830,1558,-1,-1,-1,15,248,-36,0
103.081395,0,0,95,58,90,99,830,1558,-1,-1,-1,15,248,-36,0
103.094889,0,0,95,58,90,99,830,1558,-1,-1,-1,15,248,-36,0
103.099036,0,0,95,58,90,99,830,1558,-1,-1,-1,15,248,-36,0
103.107243,0,0,95,58,90,99,830,1558,-1,-1,-1,15,248,-36,0
103.111746,0,1,95,58,90,99,830,1558,-2,0,-1,15,248,-36,0
103.125185,0,0,95,58,90,99,830,1558,-2,0,-1,15,248,-36,0
103.129355,0,0,95,58,90,99,830,1558,-2,0,-1,15,248,-36,0
103.137722,0,0,95,58,90,99,830,1558,-2,0,-1,15,248,-36,0
103.142659,0,0,95,58,90,99,830,1558,-2,0,-1,15,248,-36,0
103.156342,0,1,95,58,90,99,830,1558,-2,0,-1,15,249,-36,0
103.161345,0,0,95,58,90,99,830,1558,-2,0,-1,15,249,-36,0
103.168631,0,0,95,58,90,99,830,1558,-2,0,-1,15,249,-36,0
103.173851,0,0,95,58,90,99,830,1558,-2,0,-1,15,249,-36,0
103.187226,0,0,95,58,90,99,830,1558,-2,0,-1,15,249,-36,0
103.191457,0,0,95,58,90,99,830,1558,-2,0,-1,15,249,-36,0
103.200279,0,0,95,58,90,99,830,1558,-2,0,-1,15,249,-36,0
103.204501,0,0,95,58,90,99,830,1558,-2,0,-1,15,249,-36,0
103.208821,0,1,95,58,90,99,830,1558,-2,0,-1,15,248,-36,0
103.220085,0,0,95,58,90,99,830,1558,-2,0,-1,15,248,-36,0
103.229530,0,0,95,58,90,99,830,1558,-2,0,-1,15,248,-36,0
103.234527,0,1,95,58,90,99,830,1558,-2,-1,-1,15,248,-36,0
103.238667,0,0,95,58,90,99,830,1558,-2,-1,-1,15,248,-36,0
103.251897,0,0,95,58,90,99,830,1558,-2,-1,-1,15,248,-36,0
103.261580,0,0,95,58,90,99,830,1558,-2,-1,-1,15,248,-36,0
103.265789,0,1,95,58,90,99,830,1558,-2,0,-1,15,248,-36,0
103.270352,0,1,95,58,90,99,830,1558,-2,0,-1,15,249,-36,0
103.281520,0,0,95,58,90,99,830,1558,-2,0,-1,15,249,-36,0
106.149193,1,1,95,58,90,99,830,1558,-1,0,-2,15,247,-36,0
106.153415,0,0,95,58,90,99,830,1558,-1,0,-2,15,247,-36,0
106.164936,0,0,95,58,90,99,830,1558,-1,0,-2,15,247,-36,0
106.174752,0,0,95,58,90,99,830,1558,-1,0,-2,15,247,-36,0
106.178886,0,0,95,58,90,99,830,1558,-1,0,-2,15,247,-36,0
106.183896,0,1,95,58,90,99,830,1558,-2,0,-2,15,247,-36,0
106.195487,0,1,95,58,90,99,830,1558,-2,0,-1,15,247,-36,0
106.199595,0,0,95,58,90,99,830,1558,-2,0,-1,15,247,-36,0
106.206593,0,0,95,58,90,99,830,1558,-2,0,-1,15,247,-36,0
106.211164,0,1,95,58,90,99,830,1558,-1,0,-1,15,247,-36,0
106.215365,0,0,95,58,90,99,830,1558,-1,0,-1,15,247,-36,0
106.226827,0,0,95,58,90,99,830,1558,-1,0,-1,15,247,-36,0
106.236480,0,0,95,58,90,99,830,1558,-1,0,-1,15,247,-36,0
106.240680,0,1,95,58,90,99,830,1558,-2,0,-1,15,247,-36,0
106.245513,0,0,95,58,90,99,830,1558,-2,0,-1,15,247,-36,0
106.258187,0,0,95,58,90,99,830,1558,-2,0,-1,15,247,-36,0
106.267961,0,0,95,58,90,99,830,1558,-2,0,-1,15,247,-36,0
106.272986,0,1,95,58,90,99,830,1558,-1,0,-1,15,247,-36,0
106.277996,0,0,95,58,90,99,830,1558,-1,0,-1,15,247,-36,0
106.289269,0,1,95,58,90,99,830,1558,-1,0,-1,15,247,-37,0
106.299026,0,0,95,58,90,99,830,1558,-1,0,-1,15,247,-37,0
106.305080,0,0,95,58,90,99,830,1558,-1,0,-1,15,247,-37,0
106.308879,0,1,95,58,90,99,830,1558,-1,0,-1,14,247,-37,0
106.320928,0,1,95,58,90,99,830,1558,-1,0,-1,14,248,-37,0
106.330859,0,0,95,58,90,99,830,1558,-1,0,-1,14,248,-37,0
106.335748,0,0,95,58,90,99,830,1558,-1,0,-1,14,248,-37,0
106.339852,0,1,95,58,90,99,830,1558,-1,0,-1,15,248,-37,0
106.351181,0,1,95,58,90,99,830,1558,-1,0,-1,15,248,-36,0
106.360904,0,0,95,58,90,99,830,1558,-1,0,-1,15,248,-36,0
106.365519,0,0,95,58,90,99,830,1558,-1,0,-1,15,248,-36,0
106.369683,0,1,95,58,90,99,830,1558,-1,0,-2,15,248,-36,0
106.382315,0,1,95,58,90,99,830,1558,-1,0,-2,15,247,-36,0
106.392528,0,0,95,58,90,99,830,1558,-1,0,-2,15,247,-36,0
106.397538,0,1,95,58,90,99,830,1558,-1,0,-1,15,247,-36,0
106.411384,0,1,95,58,90,99,830,1558,-1,0,-1,14,247,-36,0
106.415660,0,0,95,58,90,99,830,1558,-1,0,-1,14,247,-36,0
106.424395,0,0,95,58,90,99,830,1558,-1,0,-1,14,247,-36,0
106.429031,0,1,95,58,90,99,830,1558,-1,0,-2,15,247,-36,0
106.442468,0,0,95,58,90,99,830,1558,-1,0,-2,15,247,-36,0
106.447459,0,0,95,58,90,99,830,1558,-1,0,-2,15,247,-36,0
106.456115,0,1,95,58,90,99,830,1558,-2,0,-2,15,247,-36,0
106.461255,0,1,95,58,90,99,830,1558,-2,0,-1,15,248,-36,0
106.475297,0,0,95,58,90,99,830,1558,-2,0,-1,15,248,-36,0
106.485008,0,0,95,58,90,99,830,1558,-2,0,-1,15,248,-36,0
106.489218,0,0,95,58,90,99,830,1558,-2,0,-1,15,248,-36,0
106.494185,0,1,95,58,90,99,830,1558,-2,0,-1,15,248,-35,0
106.505888,0,0,95,58,90,99,830,1558,-2,0,-1,15,248,-35,0
106.515324,0,1,95,58,90,99,830,1558,-1,0,-1,15,248,-35,0
106.519870,0,0,95,58,90,99,830,1558,-1,0,-1,15,248,-35,0
106.524093,0,1,95,58,90,99,830,1558,-1,0,-1,15,247,-36,0
106.537260,0,0,95,58,90,99,830,1558,-1,0,-1,15,247,-36,0
106.547231,0,0,95,58,90,99,830,1558,-1,0,-1,15,247,-36,0
106.551837,0,1,95,58,90,99,830,1558,-1,0,-1,15,248,-36,0
106.556178,0,0,95,58,90,99,830,1558,-1,0,-1,15,248,-36,0
106.567941,0,0,95,58,90,99,830,1558,-1,0,-1,15,248,-36,0
106.577309,0,0,95,58,90,99,830,1558,-1,0,-1,15,248,-36,0
106.581501,0,0,95,58,90,99,830,1558,-1,0,-1,15,248,-36,0
106.585687,0,0,95,58,90,99,830,1558,-1,0,-1,15,248,-36,0
106.598917,0,0,95,58,90,99,830,1558,-1,0,-1,15,248,-36,0
106.608446,0,1,95,58,90,99,830,1558,-2,0,-1,15,248,-36,0
106.612940,0,1,95,58,90,99,830,1558,-2,0,-1,15,247,-36,0
106.617277,0,0,95,58,90,99,830,1558,-2,0,-1,15,247,-36,0
106.630925,0,1,95,58,90,99,830,1558,-1,0,-1,15,247,-36,0
106.640878,0,0,95,58,90,99,830,1558,-1,0,-1,15,247,-36,0
106.645935,0,1,95,58,90,99,830,1558,-1,0,-1,15,248,-36,0
106.659291,0,0,95,58,90,99,830,1558,-1,0,-1,15,248,-36,0
106.663869,0,0,95,58,90,99,830,1558,-1,0,-1,15,248,-36,0
106.672771,0,1,95,58,90,99,830,1558,-1,0,-2,15,248,-36,0
106.677489,0,0,95,58,90,99,830,1558,-1,0,-2,15,248,-36,0
106.691197,0,0,95,58,90,99,830,1558,-1,0,-2,15,248,-36,0
106.695427,0,0,95,58,90,99,830,1558,-1,0,-2,15,248,-36,0
106.703109,0,0,95,58,90,99,830,1558,-1,0,-2,15,248,-36,0
106.708130,0,0,95,58,90,99,830,1558,-1,0,-2,15,248,-36,0
106.721654,0,0,95,58,90,99,830,1558,-1,0,-2,15,248,-36,0
106.726863,0,1,95,58,90,99,830,1558,-1,0,-1,15,248,-36,0
106.735099,0,0,95,58,90,99,830,1558,-1,0,-1,15,248,-36,0
106.739428,0,0,95,58,90,99,830,1558,-1,0,-1,15,248,-36,0
106.753466,0,0,95,58,90,99,830,1558,-1,0,-1,15,248,-36,0
106.763485,0,0,95,58,90,99,830,1558,-1,0,-1,15,248,-36,0
106.768055,0,0,95,58,90,99,830,1558,-1,0,-1,15,248,-36,0
106.772616,0,0,95,58,90,99,830,1558,-1,0,-1,15,248,-36,0
106.784886,0,1,95,58,90,99,830,1558,-1,0,-2,15,248,-36,0
106.794457,0,0,95,58,90,99,830,1558,-1,0,-2,15,248,-36,0
106.799603,0,0,95,58,90,99,830,1558,-1,0,-2,15,248,-36,0
106.804624,0,0,95,58,90,99,830,1558,-1,0,-2,15,248,-36,0
106.816302,0,1,95,58,90,99,830,1558,-1,0,-1,15,248,-36,0
106.825962,0,1,95,58,90,99,830,1558,-1,0,-1,15,247,-36,0
106.830141,0,0,95,58,90,99,830,1558,-1,0,-1,15,247,-36,0
106.834863,0,0,95,58,90,99,830,1558,-1,0,-1,15,247,-36,0
106.847241,0,0,95,58,90,99,830,1558,-1,0,-1,15,247,-36,0
106.856793,0,1,95,58,90,99,830,1558,-1,0,-1,15,248,-36,0
106.861368,0,0,95,58,90,99,830,1558,-1,0,-1,15,248,-36,0
106.865905,0,1,95,58,90,99,830,1558,-2,0,-1,15,248,-36,0
106.877866,0,0,95,58,90,99,830,1558,-2,0,-1,15,248,-36,0
106.887356,0,0,95,58,90,99,830,1558,-2,0,-1,15,248,-36,0
106.891536,0,0,95,58,90,99,830,1558,-2,0,-1,15,248,-36,0
106.896009,0,1,95,58,90,99,830,1558,-1,0,-1,15,248,-36,0
106.909181,0,1,95,58,90,99,830,1558,-1,0,-2,15,248,-36,0
109.776329,1,1,95,58,90,99,830,1558,-1,0,-1,15,246,-35,0
109.790381,0,0,95,58,90,99,830,1558,-1,0,-1,15,246,-35,0
109.796054,0,0,95,58,90,99,830,1558,-1,0,-1,15,246,-35,0
109.804235,0,0,95,58,90,99,830,1558,-1,0,-1,15,246,-35,0
109.809999,0,0,95,58,90,99,830,1558,-1,0,-1,15,246,-35,0
109.822966,0,0,95,58,90,99,830,1558,-1,0,-1,15,246,-35,0
109.832446,0,1,95,58,90,99,830,1558,-1,0,-2,15,246,-35,0
109.836556,0,0,95,58,90,99,830,1558,-1,0,-2,15,246,-35,0
109.841121,0,0,95,58,90,99,830,1558,-1,0,-2,15,246,-35,0
109.853815,0,1,95,58,90,99,830,1558,-1,0,-1,15,246,-35,0
109.863441,0,0,95,58,90,99,830,1558,-1,0,-1,15,246,-35,0
109.867593,0,0,95,58,90,99,830,1558,-1,0,-1,15,246,-35,0
109.871770,0,0,95,58,90,99,830,1558,-1,0,-1,15,246,-35,0
109.884695,0,0,95,58,90,99,830,1558,-1,0,-1,15,246,-35,0
109.894758,0,0,95,58,90,99,830,1558,-1,0,-1,15,246,-35,0
109.898922,0,0,95,58,90,99,830,1558,-1,0,-1,15,246,-35,0
109.903094,0,1,95,58,90,99,830,1558,-2,0,-1,15,246,-35,0
109.915882,0,0,95,58,90,99,830,1558,-2,0,-1,15,246,-35,0
109.925396,0,0,95,58,90,99,830,1558,-2,0,-1,15,246,-35,0
109.929595,0,0,95,58,90,99,830,1558,-2,0,-1,15,246,-35,0
109.931471,0,0,95,58,90,99,830,1558,-2,0,-1,15,246,-35,0
109.935678,0,1,95,58,90,99,830,1558,-1,0,-1,15,246,-35,0
109.947429,0,0,95,58,90,99,830,1558,-1,0,-1,15,246,-35,0
109.957504,0,0,95,58,90,99,830,1558,-1,0,-1,15,246,-35,0
109.962487,0,0,95,58,90,99,830,1558,-1,0,-1,15,246,-35,0
109.976444,0,0,95,58,90,99,830,1558,-1,0,-1,15,246,-35,0
109.981128,0,1,95,58,90,99,830,1558,-1,0,-1,15,247,-35,0
109.989304,0,0,95,58,90,99,830,1558,-1,0,-1,15,247,-35,0
109.993825,0,0,95,58,90,99,830,1558,-1,0,-1,15,247,-35,0
110.007379,0,0,95,58,90,99,830,1558,-1,0,-1,15,247,-35,0
110.011617,0,0,95,58,90,99,830,1558,-1,0,-1,15,247,-35,0
110.020400,0,0,95,58,90,99,830,1558,-1,0,-1,15,247,-35,0
110.024996,0,0,95,58,90,99,830,1558,-1,0,-1,15,247,-35,0
110.038438,0,0,95,58,90,99,830,1558,-1,0,-1,15,247,-35,0
110.043314,0,0,95,58,90,99,830,1558,-1,0,-1,15,247,-35,0
110.051445,0,0,95,58,90,99,830,1558,-1,0,-1,15,247,-35,0
110.056337,0,0,95,58,90,99,830,1558,-1,0,-1,15,247,-35,0
110.070475,0,0,95,58,90,99,830,1558,-1,0,-1,15,247,-35,0
110.080729,0,0,95,58,90,99,830,1558,-1,0,-1,15,247,-35,0
110.085903,0,1,95,58,90,99,830,1558,-2,0,-1,15,247,-35,0
110.090201,0,0,95,58,90,99,830,1558,-2,0,-1,15,247,-35,0
110.101938,0,0,95,58,90,99,830,1558,-2,0,-1,15,247,-35,0
110.111497,0,0,95,58,90,99,830,1558,-2,0,-1,15,247,-35,0
110.116544,0,1,95,58,90,99,830,1558,-1,0,-1,15,247,-35,0
110.120778,0,1,95,58,90,99,830,1558,-1,0,-2,15,247,-35,0
110.133375,0,0,95,58,90,99,830,1558,-1,0,-2,15,247,-35,0
110.143432,0,0,95,58,90,99,830,1558,-1,0,-2,15,247,-35,0
110.148046,0,1,95,58,90,99,830,1558,-1,0,-1,15,247,-35,0
110.153046,0,0,95,58,90,99,830,1558,-1,0,-1,15,247,-35,0
110.163962,0,0,95,58,90,99,830,1558,-1,0,-1,15,247,-35,0
110.173782,0,0,95,58,90,99,830,1558,-1,0,-1,15,247,-35,0
110.178471,0,1,95,58,90,99,830,1558,-1,0,-2,15,247,-35,0
110.183509,0,0,95,58,90,99,830,1558,-1,0,-2,15,247,-35,0
110.194963,0,0,95,58,90,99,830,1558,-1,0,-2,15,247,-35,0
110.204576,0,0,95,58,90,99,830,1558,-1,0,-2,15,247,-35,0
110.209619,0,1,95,58,90,99,830,1558,-1,0,-1,15,247,-35,0
110.214686,0,0,95,58,90,99,830,1558,-1,0,-1,15,247,-35,0
110.226336,0,0,95,58,90,99,830,1558,-1,0,-1,15,247,-35,0
110.236453,0,1,95,58,90,99,830,1558,-2,0,-1,15,247,-35,0
110.241593,0,1,95,58,90,99,830,1558,-2,0,-2,15,247,-35,0
110.255304,0,0,95,58,90,99,830,1558,-2,0,-2,15,247,-35,0
110.260363,0,0,95,58,90,99,830,1558,-2,0,-2,15,247,-35,0
110.268965,0,1,95,58,90,99,830,1558,-1,0,-2,15,247,-35,0
110.274338,0,0,95,58,90,99,830,1558,-1,0,-2,15,247,-35,0
110.288586,0,0,95,58,90,99,830,1558,-1,0,-2,15,247,-35,0
110.298500,0,0,95,58,90,99,830,1558,-1,0,-2,15,247,-35,0
110.304623,0,0,95,58,90,99,830,1558,-1,0,-2,15,247,-35,0
110.318907,0,0,95,58,90,99,830,1558,-1,0,-2,15,247,-35,0
110.329922,0,0,95,58,90,99,830,1558,-1,0,-2,15,247,-35,0
110.335414,0,0,95,58,90,99,830,1558,-1,0,-2,15,247,-35,0
110.349887,0,0,95,58,90,99,830,1558,-1,0,-2,15,247,-35,0
110.360748,0,0,95,58,90,99,830,1558,-1,0,-2,15,247,-35,0
110.365211,0,0,95,58,90,99,830,1558,-1,0,-2,15,247,-35,0
110.369788,0,0,95,58,90,99,830,1558,-1,0,-2,15,247,-35,0
110.381216,0,0,95,58,90,99,830,1558,-1,0,-2,15,247,-35,0
110.390659,0,1,95,58,90,99,830,1558,-1,0,-1,15,247,-35,0
110.394750,0,0,95,58,90,99,830,1558,-1,0,-1,15,247,-35,0
110.398918,0,0,95,58,90,99,830,1558,-1,0,-1,15,247,-35,0
110.411830,0,0,95,58,90,99,830,1558,-1,0,-1,15,247,-35,0
110.421454,0,1,95,58,90,99,830,1558,-1,0,-2,14,247,-35,0
110.425652,0,0,95,58,90,99,830,1558,-1,0,-2,14,247,-35,0
110.429857,0,0,95,58,90,99,830,1558,-1,0,-2,14,247,-35,0
110.442582,0,0,95,58,90,99,830,1558,-1,0,-2,14,247,-35,0
110.446760,0,1,95,58,90,99,830,1558,-1,0,-2,15,247,-35,0
110.454106,0,0,95,58,90,99,830,1558,-1,0,-2,15,247,-35,0
110.459241,0,0,95,58,90,99,830,1558,-1,0,-2,15,247,-35,0
110.473251,0,0,95,58,90,99,830,1558,-1,0,-2,15,247,-35,0
110.483403,0,1,95,58,90,99,830,1558,-1,0,-2,14,247,-35,0
110.488016,0,0,95,58,90,99,830,1558,-1,0,-2,14,247,-35,0
110.492958,0,0,95,58,90,99,830,1558,-1,0,-2,14,247,-35,0
110.504841,0,0,95,58,90,99,830,1558,-1,0,-2,14,247,-35,0
110.514349,0,1,95,58,90,99,830,1558,-1,0,-1,15,247,-35,0
110.518508,0,0,95,58,90,99,830,1558,-1,0,-1,15,247,-35,0
110.522960,0,0,95,58,90,99,830,1558,-1,0,-1,15,247,-35,0
110.535790,0,1,95,58,90,99,830,1558,-1,0,-2,15,247,-35,0
110.539898,0,0,95,58,90,99,830,1558,-1,0,-2,15,247,-35,0
113.418940,1,1,95,58,90,100,830,1558,-1,0,-1,15,245,-35,0
113.428625,0,0,95,58,90,100,830,1558,-1,0,-1,15,245,-35,0
113.433135,0,1,95,58,90,100,830,1558,-1,0,-2,15,245,-35,0
113.437799,0,1,95,58,90,100,830,1558,-1,0,-2,15,246,-35,0
113.450635,0,1,95,58,90,100,830,1558,-1,0,-2,15,246,-36,0
113.461182,0,0,95,58,90,100,830,1558,-1,0,-2,15,246,-36,0
113.466562,0,0,95,58,90,100,830,1558,-1,0,-2,15,246,-36,0
113.480240,0,0,95,58,90,100,830,1558,-1,0,-2,15,246,-36,0
113.485118,0,0,95,58,90,100,830,1558,-1,0,-2,15,246,-36,0
113.492306,0,0,95,58,90,100,830,1558,-1,0,-2,15,246,-36,0
113.496495,0,0,95,58,90,100,830,1558,-1,0,-2,15,246,-36,0
113.500698,0,1,95,58,90,100,830,1558,-1,0,-2,15,246,-35,0
113.511905,0,0,95,58,90,100,830,1558,-1,0,-2,15,246,-35,0
113.521731,0,0,95,58,90,100,830,1558,-1,0,-2,15,246,-35,0
113.525915,0,1,95,58,90,100,830,1558,-1,0,-1,15,246,-35,0
113.530141,0,1,95,58,90,100,830,1558,-1,0,-1,15,246,-36,0
113.542524,0,0,95,58,90,100,830,1558,-1,0,-1,15,246,-36,0
113.547141,0,0,95,58,90,100,830,1558,-1,0,-1,15,246,-36,0
113.554300,0,0,95,58,90,100,830,1558,-1,0,-1,15,246,-36,0
113.559280,0,0,95,58,90,100,830,1558,-1,0,-1,15,246,-36,0
113.572597,0,0,95,58,90,100,830,1558,-1,0,-1,15,246,-36,0
113.574757,0,0,95,58,90,100,830,1558,-1,0,-1,15,246,-36,0
113.583937,0,1,95,58,90,100,830,1558,-1,0,-2,15,246,-36,0
113.588214,0,1,95,58,90,100,830,1558,-1,0,-2,15,246,-35,0
113.592813,0,0,95,58,90,100,830,1558,-1,0,-2,15,246,-35,0
113.605591,0,0,95,58,90,100,830,1558,-1,0,-2,15,246,-35,0
113.615641,0,0,95,58,90,100,830,1558,-1,0,-2,15,246,-35,0
113.619804,0,1,95,58,90,100,830,1558,-1,0,-2,15,246,-36,0
113.623953,0,0,95,58,90,100,830,1558,-1,0,-2,15,246,-36,0
113.636092,0,1,95,58,90,100,830,1558,0,0,-2,15,246,-36,0
113.645500,0,0,95,58,90,100,830,1558,0,0,-2,15,246,-36,0
113.650157,0,1,95,58,90,100,830,1558,0,0,-2,15,246,-35,0
113.655183,0,0,95,58,90,100,830,1558,0,0,-2,15,246,-35,0
113.667242,0,1,95,58,90,100,830,1558,-1,0,-2,15,246,-35,0
113.676698,0,0,95,58,90,100,830,1558,-1,0,-2,15,246,-35,0
113.681259,0,0,95,58,90,100,830,1558,-1,0,-2,15,246,-35,0
113.685411,0,0,95,58,90,100,830,1558,-1,0,-2,15,246,-35,0
113.697470,0,1,95,58,90,100,830,1558,0,0,-2,15,246,-35,0
113.701644,0,1,95,58,90,100,830,1558,0,0,-1,15,246,-35,0
113.708848,0,1,95,58,90,100,830,1558,0,0,-1,15,246,-36,0
113.713353,0,0,95,58,90,100,830,1558,0,0,-1,15,246,-36,0
113.717510,0,0,95,58,90,100,830,1558,0,0,-1,15,246,-36,0
113.728769,0,1,95,58,90,100,830,1558,-1,0,-1,15,246,-36,0
113.738395,0,0,95,58,90,100,830,1558,-1,0,-1,15,246,-36,0
113.742586,0,0,95,58,90,100,830,1558,-1,0,-1,15,246,-36,0
113.746774,0,0,95,58,90,100,830,1558,-1,0,-1,15,246,-36,0
113.759501,0,0,95,58,90,100,830,1558,-1,0,-1,15,246,-36,0
113.763759,0,0,95,58,90,100,830,1558,-1,0,-1,15,246,-36,0
113.770634,0,1,95,58,90,100,830,1558,-1,0,-1,15,246,-35,0
113.775258,0,0,95,58,90,100,830,1558,-1,0,-1,15,246,-35,0
113.779937,0,0,95,58,90,100,830,1558,-1,0,-1,15,246,-35,0
113.791371,0,1,95,58,90,100,830,1558,-1,0,-2,15,246,-35,0
113.801727,0,1,95,58,90,100,830,1558,-1,0,-2,15,246,-36,0
113.807553,0,0,95,58,90,100,830,1558,-1,0,-2,15,246,-36,0
113.821810,0,1,95,58,90,100,830,1558,-1,0,-1,15,246,-36,0
113.832875,0,1,95,58,90,100,830,1558,-1,0,-1,15,246,-35,0
113.838211,0,0,95,58,90,100,830,1558,-1,0,-1,15,246,-35,0
113.852398,0,1,95,58,90,100,830,1558,-1,0,-2,15,246,-35,0
113.862439,0,1,95,58,90,100,830,1558,-1,0,-2,15,246,-36,0
113.866651,0,0,95,58,90,100,830,1558,-1,0,-2,15,246,-36,0
113.870764,0,0,95,58,90,100,830,1558,-1,0,-2,15,246,-36,0
113.883904,0,1,95,58,90,100,830,1558,-1,0,-2,15,247,-36,0
113.893699,0,1,95,58,90,100,830,1558,-1,0,-2,15,247,-35,0
113.898785,0,0,95,58,90,100,830,1558,-1,0,-2,15,247,-35,0
113.903755,0,0,95,58,90,100,830,1558,-1,0,-2,15,247,-35,0
113.915310,0,1,95,58,90,100,830,1558,-1,0,-2,16,247,-35,0
113.925213,0,0,95,58,90,100,830,1558,-1,0,-2,16,247,-35,0
113.930159,0,0,95,58,90,100,830,1558,-1,0,-2,16,247,-35,0
113.934850,0,1,95,58,90,100,830,1558,-1,0,-2,15,247,-35,0
113.946273,0,1,95,58,90,100,830,1558,-1,0,-2,15,246,-35,0
113.955738,0,0,95,58,90,100,830,1558,-1,0,-2,15,246,-35,0
113.960692,0,0,95,58,90,100,830,1558,-1,0,-2,15,246,-35,0
113.965867,0,0,95,58,90,100,830,1558,-1,0,-2,15,246,-35,0
113.977376,0,0,95,58,90,100,830,1558,-1,0,-2,15,246,-35,0
113.987633,0,0,95,58,90,100,830,1558,-1,0,-2,15,246,-35,0
113.992084,0,0,95,58,90,100,830,1558,-1,0,-2,15,246,-35,0
113.997018,0,1,95,58,90,100,830,1558,-1,0,-1,15,247,-35,0
114.007682,0,1,95,58,90,100,830,1558,-1,0,-1,15,247,-36,0
114.017396,0,0,95,58,90,100,830,1558,-1,0,-1,15,247,-36,0
114.021671,0,0,95,58,90,100,830,1558,-1,0,-1,15,247,-36,0
114.026588,0,0,95,58,90,100,830,1558,-1,0,-1,15,247,-36,0
114.039314,0,1,95,58,90,100,830,1558,-1,0,-1,15,246,-36,0
114.049036,0,0,95,58,90,100,830,1558,-1,0,-1,15,246,-36,0
114.054195,0,0,95,58,90,100,830,1558,-1,0,-1,15,246,-36,0
114.068661,0,1,95,58,90,100,830,1558,-1,0,-1,15,246,-35,0
114.074313,0,0,95,58,90,100,830,1558,-1,0,-1,15,246,-35,0
114.081499,0,1,95,58,90,100,830,1558,0,-1,-1,15,246,-35,0
114.085739,0,0,95,58,90,100,830,1558,0,-1,-1,15,246,-35,0
114.099501,0,0,95,58,90,100,830,1558,0,-1,-1,15,246,-35,0
114.103831,0,0,95,58,90,100,830,1558,0,-1,-1,15,246,-35,0
114.112213,0,0,95,58,90,100,830,1558,0,-1,-1,15,246,-35,0
114.116494,0,1,95,58,90,100,830,1558,0,-1,-2,15,246,-35,0
114.121071,0,0,95,58,90,100,830,1558,0,-1,-2,15,246,-35,0
114.132478,0,0,95,58,90,100,830,1558,0,-1,-2,15,246,-35,0
114.142827,0,1,95,58,90,100,830,1558,-1,-1,-2,15,246,-35,0
114.148131,0,1,95,58,90,100,830,1558,-1,-1,-1,15,246,-35,0
114.162421,0,0,95,58,90,100,830,1558,-1,-1,-1,15,246,-35,0
114.173248,0,0,95,58,90,100,830,1558,-1,-1,-1,15,246,-35,0
117.057909,1,1,95,58,90,100,830,1558,-1,0,-1,13,240,-34,0
117.062275,0,1,95,58,90,100,830,1558,-1,0,-1,13,239,-34,0
117.075625,0,0,95,58,90,100,830,1558,-1,0,-1,13,239,-34,0
117.080028,0,0,95,58,90,100,830,1558,-1,0,-1,13,239,-34,0
117.087843,0,1,95,58,90,100,830,1558,-1,0,-1,14,239,-34,0
117.092410,0,1,95,58,90,100,830,1558,-1,0,-1,14,239,-33,0
117.096593,0,0,95,58,90,100,830,1558,-1,0,-1,14,239,-33,0
117.107890,0,1,95,58,90,100,830,1558,-2,0,-1,14,239,-33,0
117.117356,0,1,95,58,90,100,830,1558,-2,0,-1,13,239,-33,0
117.121528,0,1,95,58,90,100,830,1558,-2,0,-1,13,239,-34,0
117.125732,0,0,95,58,90,100,830,1558,-2,0,-1,13,239,-34,0
117.139347,0,1,95,58,90,100,830,1558,-1,0,-1,13,239,-34,0
117.149612,0,0,95,58,90,100,830,1558,-1,0,-1,13,239,-34,0
117.153822,0,0,95,58,90,100,830,1558,-1,0,-1,13,239,-34,0
117.158279,0,0,95,58,90,100,830,1558,-1,0,-1,13,239,-34,0
117.169522,0,0,95,58,90,100,830,1558,-1,0,-1,13,239,-34,0
117.179626,0,0,95,58,90,100,830,1558,-1,0,-1,13,239,-34,0
117.184597,0,0,95,58,90,100,830,1558,-1,0,-1,13,239,-34,0
117.189184,0,0,95,58,90,100,830,1558,-1,0,-1,13,239,-34,0
117.201263,0,0,95,58,90,100,830,1558,-1,0,-1,13,239,-34,0
117.210714,0,0,95,58,90,100,830,1558,-1,0,-1,13,239,-34,0
117.212615,0,0,95,58,90,100,830,1558,-1,0,-1,13,239,-34,0
117.216854,0,0,95,58,90,100,830,1558,-1,0,-1,13,239,-34,0
117.230455,0,0,95,58,90,100,830,1558,-1,0,-1,13,239,-34,0
117.234667,0,0,95,58,90,100,830,1558,-1,0,-1,13,239,-34,0
117.244067,0,1,95,58,90,100,830,1558,-1,0,-1,13,239,-33,0
117.248651,0,0,95,58,90,100,830,1558,-1,0,-1,13,239,-33,0
117.262304,0,0,95,58,90,100,830,1558,-1,0,-1,13,239,-33,0
117.272449,0,0,95,58,90,100,830,1558,-1,0,-1,13,239,-33,0
117.277413,0,0,95,58,90,100,830,1558,-1,0,-1,13,239,-33,0
117.282436,0,0,95,58,90,100,830,1558,-1,0,-1,13,239,-33,0
117.293847,0,0,95,58,90,100,830,1558,-1,0,-1,13,239,-33,0
117.303515,0,1,95,58,90,100,830,1558,-1,0,-1,13,239,-34,0
117.307756,0,0,95,58,90,100,830,1558,-1,0,-1,13,239,-34,0
117.311928,0,0,95,58,90,100,830,1558,-1,0,-1,13,239,-34,0
117.325268,0,0,95,58,90,100,830,1558,-1,0,-1,13,239,-34,0
117.334963,0,1,95,58,90,100,830,1558,-1,0,-1,13,239,-33,0
117.339593,0,0,95,58,90,100,830,1558,-1,0,-1,13,239,-33,0
117.344289,0,0,95,58,90,100,830,1558,-1,0,-1,13,239,-33,0
117.356296,1,0,95,58,91,100,830,1558,-1,0,-1,13,239,-33,0
117.366376,0,1,95,58,91,100,830,1558,-1,0,-1,13,239,-34,0
117.371006,0,0,95,58,91,100,830,1558,-1,0,-1,13,239,-34,0
117.375754,0,0,95,58,91,100,830,1558,-1,0,-1,13,239,-34,0
117.387297,0,0,95,58,91,100,830,1558,-1,0,-1,13,239,-34,0
117.396784,0,1,95,58,91,100,830,1558,-1,0,-1,13,239,-33,0
117.400889,0,0,95,58,91,100,830,1558,-1,0,-1,13,239,-33,0
117.405001,0,0,95,58,91,100,830,1558,-1,0,-1,13,239,-33,0
117.417529,0,0,95,58,91,100,830,1558,-1,0,-1,13,239,-33,0
117.427712,0,0,95,58,91,100,830,1558,-1,0,-1,13,239,-33,0
117.432640,0,0,95,58,91,100,830,1558,-1,0,-1,13,239,-33,0
117.436779,0,1,95,58,91,100,830,1558,-1,-1,-1,13,239,-33,0
117.448431,0,0,95,58,91,100,830,1558,-1,-1,-1,13,239,-33,0
117.452536,0,1,95,58,91,100,830,1558,-1,-1,-1,13,239,-34,0
117.459704,0,0,95,58,91,100,830,1558,-1,-1,-1,13,239,-34,0
117.463771,0,0,95,58,91,100,830,1558,-1,-1,-1,13,239,-34,0
117.468223,0,0,95,58,91,100,830,1558,-1,-1,-1,13,239,-34,0
117.479847,0,0,95,58,91,100,830,1558,-1,-1,-1,13,239,-34,0
117.489540,0,0,95,58,91,100,830,1558,-1,-1,-1,13,239,-34,0
117.493764,0,0,95,58,91,100,830,1558,-1,-1,-1,13,239,-34,0
117.497932,0,1,95,58,91,100,830,1558,-2,0,-1,13,239,-34,0
117.510934,0,0,95,58,91,100,830,1558,-2,0,-1,13,239,-34,0
117.520655,0,1,95,58,91,100,830,1558,-2,0,-1,13,239,-33,0
117.525645,0,0,95,58,91,100,830,1558,-2,0,-1,13,239,-33,0
117.529785,0,1,95,58,91,100,830,1558,-2,-1,-1,13,239,-33,0
117.542220,0,1,95,58,91,100,830,1558,-2,-1,-1,13,239,-34,0
117.551551,0,0,95,58,91,100,830,1558,-2,-1,-1,13,239,-34,0
117.556916,0,1,95,58,91,100,830,1558,-1,0,-1,13,239,-34,0
117.562057,0,0,95,58,91,100,830,1558,-1,0,-1,13,239,-34,0
117.573057,0,0,95,58,91,100,830,1558,-1,0,-1,13,239,-34,0
117.582550,0,0,95,58,91,100,830,1558,-1,0,-1,13,239,-34,0
117.587555,0,0,95,58,91,100,830,1558,-1,0,-1,13,239,-34,0
117.592509,0,0,95,58,91,100,830,1558,-1,0,-1,13,239,-34,0
117.604308,0,0,95,58,91,100,830,1558,-1,0,-1,13,239,-34,0
117.615120,0,0,95,58,91,100,830,1558,-1,0,-1,13,239,-34,0
117.621023,0,0,95,58,91,100,830,1558,-1,0,-1,13,239,-34,0
117.635342,0,1,95,58,91,100,830,1558,-1,0,-1,13,240,-34,0
117.645007,0,0,95,58,91,100,830,1558,-1,0,-1,13,240,-34,0
117.649153,0,0,95,58,91,100,830,1558,-1,0,-1,13,240,-34,0
117.653451,0,1,95,58,91,100,830,1558,-1,0,-1,13,239,-34,0
117.665553,0,0,95,58,91,100,830,1558,-1,0,-1,13,239,-34,0
117.670134,0,0,95,58,91,100,830,1558,-1,0,-1,13,239,-34,0
117.677297,0,1,95,58,91,100,830,1558,-2,0,-1,13,239,-34,0
117.681525,0,0,95,58,91,100,830,1558,-2,0,-1,13,239,-34,0
117.695348,0,1,95,58,91,100,830,1558,-2,0,-1,13,239,-33,0
117.699265,0,0,95,58,91,100,830,1558,-2,0,-1,13,239,-33,0
117.707871,0,1,95,58,91,100,830,1558,-1,0,-1,13,239,-33,0
117.712375,0,0,95,58,91,100,830,1558,-1,0,-1,13,239,-33,0
117.716587,0,1,95,58,91,100,830,1558,-1,0,-1,13,239,-34,0
117.727905,0,0,95,58,91,100,830,1558,-1,0,-1,13,239,-34,0
117.737344,0,1,95,58,91,100,830,1558,-2,0,-1,13,239,-34,0
117.741889,0,0,95,58,91,100,830,1558,-2,0,-1,13,239,-34,0
117.746035,0,1,95,58,91,100,830,1558,-2,0,-1,13,240,-34,0
117.759345,0,0,95,58,91,100,830,1558,-2,0,-1,13,240,-34,0
117.769425,0,1,95,58,91,100,830,1558,-1,0,-1,13,240,-34,0
117.774408,0,1,95,58,91,100,830,1558,-1,0,-1,13,239,-34,0
117.788694,0,1,95,58,91,100,830,1558,-1,0,-1,13,239,-33,0
117.793274,0,1,95,58,91,100,830,1558,-2,0,-1,13,239,-33,0
117.801661,0,1,95,58,91,100,830,1558,-2,0,-2,13,239,-33,0
117.806339,0,1,95,58,91,100,830,1558,-2,0,-2,13,240,-33,0
117.820376,0,0,95,58,91,100,830,1558,-2,0,-2,13,240,-33,0
120.687776,1,1,95,58,91,100,830,1558,-1,0,-1,15,246,-36,0
120.691946,0,0,95,58,91,100,830,1558,-1,0,-1,15,246,-36,0
120.704533,0,0,95,58,91,100,830,1558,-1,0,-1,15,246,-36,0
120.714476,0,1,95,58,91,100,830,1558,-2,-1,-1,15,246,-36,0
120.719537,0,1,95,58,91,100,830,1558,-2,-1,-1,15,247,-36,0
120.733542,0,1,95,58,91,100,830,1558,-2,-1,-1,15,247,-35,0
120.744867,0,1,95,58,91,100,830,1558,-1,-1,-1,15,247,-35,0
120.750757,0,1,95,58,91,100,830,1558,-1,0,-1,15,247,-35,0
120.764905,0,0,95,58,91,100,830,1558,-1,0,-1,15,247,-35,0
120.775855,0,1,95,58,91,100,830,1558,-2,0,-1,15,247,-35,0
120.780449,0,1,95,58,91,100,830,1558,-2,0,-1,15,247,-36,0
120.785450,0,0,95,58,91,100,830,1558,-2,0,-1,15,247,-36,0
120.796910,0,0,95,58,91,100,830,1558,-2,0,-1,15,247,-36,0
120.806529,0,1,95,58,91,100,830,1558,-1,0,-1,15,247,-36,0
120.811127,0,0,95,58,91,100,830,1558,-1,0,-1,15,247,-36,0
120.815338,0,0,95,58,91,100,830,1558,-1,0,-1,15,247,-36,0
120.828325,0,1,95,58,91,100,830,1558,-2,0,-1,15,247,-36,0
120.838487,0,0,95,58,91,100,830,1558,-2,0,-1,15,247,-36,0
120.841421,0,0,95,58,91,100,830,1558,-2,0,-1,15,247,-36,0
120.846361,0,0,95,58,91,100,830,1558,-2,0,-1,15,247,-36,0
120.859151,0,0,95,58,91,100,830,1558,-2,0,-1,15,247,-36,0
120.868951,0,0,95,58,91,100,830,1558,-2,0,-1,15,247,-36,0
120.873567,0,1,95,58,91,100,830,1558,-2,0,-1,15,247,-35,0
120.877826,0,0,95,58,91,100,830,1558,-2,0,-1,15,247,-35,0
120.889873,0,1,95,58,91,100,830,1558,-1,0,-1,15,247,-35,0
120.899468,0,0,95,58,91,100,830,1558,-1,0,-1,15,247,-35,0
120.903975,0,0,95,58,91,100,830,1558,-1,0,-1,15,247,-35,0
120.908613,0,0,95,58,91,100,830,1558,-1,0,-1,15,247,-35,0
120.920504,0,0,95,58,91,100,830,1558,-1,0,-1,15,247,-35,0
120.924720,0,0,95,58,91,100,830,1558,-1,0,-1,15,247,-35,0
120.932573,0,0,95,58,91,100,830,1558,-1,0,-1,15,247,-35,0
120.937636,0,0,95,58,91,100,830,1558,-1,0,-1,15,247,-35,0
120.950828,0,0,95,58,91,100,830,1558,-1,0,-1,15,247,-35,0
120.954978,0,0,95,58,91,100,830,1558,-1,0,-1,15,247,-35,0
120.963652,0,0,95,58,91,100,830,1558,-1,0,-1,15,247,-35,0
120.968932,0,0,95,58,91,100,830,1558,-1,0,-1,15,247,-35,0
120.982515,0,1,95,58,91,100,830,1558,-2,0,-1,15,247,-35,0
120.992441,0,0,95,58,91,100,830,1558,-2,0,-1,15,247,-35,0
120.997081,0,0,95,58,91,100,830,1558,-2,0,-1,15,247,-35,0
121.002077,0,0,95,58,91,100,830,1558,-2,0,-1,15,247,-35,0
121.014280,0,1,95,58,91,100,830,1558,-1,0,-1,15,247,-35,0
121.024039,0,0,95,58,91,100,830,1558,-1,0,-1,15,247,-35,0
121.028620,0,0,95,58,91,100,830,1558,-1,0,-1,15,247,-35,0
121.033058,0,1,95,58,91,100,830,1558,-2,0,-1,15,247,-35,0
121.045493,0,1,95,58,91,100,830,1558,-2,-1,-1,15,247,-35,0
121.056234,0,0,95,58,91,100,830,1558,-2,-1,-1,15,247,-35,0
121.061405,0,0,95,58,91,100,830,1558,-2,-1,-1,15,247,-35,0
121.074990,0,0,95,58,91,100,830,1558,-2,-1,-1,15,247,-35,0
121.079243,0,0,95,58,91,100,830,1558,-2,-1,-1,15,247,-35,0
121.086966,0,0,95,58,91,100,830,1558,-2,-1,-1,15,247,-35,0
121.091580,0,0,95,58,91,100,830,1558,-2,-1,-1,15,247,-35,0
121.105206,0,0,95,58,91,100,830,1558,-2,-1,-1,15,247,-35,0
121.109478,0,0,95,58,91,100,830,1558,-2,-1,-1,15,247,-35,0
121.118109,0,1,95,58,91,100,830,1558,-2,-1,-1,15,247,-34,0
121.122354,0,0,95,58,91,100,830,1558,-2,-1,-1,15,247,-34,0
121.127052,0,1,95,58,91,100,830,1558,-1,0,-1,15,247,-34,0
121.138353,0,1,95,58,91,100,830,1558,-1,0,-1,15,248,-34,0
121.148719,0,1,95,58,91,100,830,1558,-1,0,-1,15,248,-35,0
121.153303,0,0,95,58,91,100,830,1558,-1,0,-1,15,248,-35,0
121.157874,0,0,95,58,91,100,830,1558,-1,0,-1,15,248,-35,0
121.168778,0,0,95,58,91,100,830,1558,-1,0,-1,15,248,-35,0
121.178444,0,0,95,58,91,100,830,1558,-1,0,-1,15,248,-35,0
121.182592,0,0,95,58,91,100,830,1558,-1,0,-1,15,248,-35,0
121.186756,0,0,95,58,91,100,830,1558,-1,0,-1,15,248,-35,0
121.199857,0,1,95,58,91,100,830,1558,-1,0,-1,15,247,-35,0
121.209520,0,0,95,58,91,100,830,1558,-1,0,-1,15,247,-35,0
121.214488,0,1,95,58,91,100,830,1558,-2,0,-1,15,247,-35,0
121.218714,0,0,95,58,91,100,830,1558,-2,0,-1,15,247,-35,0
121.231237,0,1,95,58,91,100,830,1558,-2,0,-1,15,248,-35,0
121.240939,0,0,95,58,91,100,830,1558,-2,0,-1,15,248,-35,0
121.245205,0,0,95,58,91,100,830,1558,-2,0,-1,15,248,-35,0
121.249744,0,0,95,58,91,100,830,1558,-2,0,-1,15,248,-35,0
121.261447,0,0,95,58,91,100,830,1558,-2,0,-1,15,248,-35,0
121.265684,0,0,95,58,91,100,830,1558,-2,0,-1,15,248,-35,0
121.273845,0,0,95,58,91,100,830,1558,-2,0,-1,15,248,-35,0
121.278786,0,1,95,58,91,100,830,1558,-1,-1,-1,15,248,-35,0
121.292507,0,0,95,58,91,100,830,1558,-1,-1,-1,15,248,-35,0
121.302449,0,0,95,58,91,100,830,1558,-1,-1,-1,15,248,-35,0
121.307351,0,1,95,58,91,100,830,1558,-2,0,-1,15,248,-35,0
121.311561,0,0,95,58,91,100,830,1558,-2,0,-1,15,248,-35,0
121.323915,0,1,95,58,91,100,830,1558,-2,0,-1,15,247,-35,0
121.333685,0,0,95,58,91,100,830,1558,-2,0,-1,15,247,-35,0
121.338762,0,0,95,58,91,100,830,1558,-2,0,-1,15,247,-35,0
121.343650,0,1,95,58,91,100,830,1558,-2,0,-1,15,248,-35,0
121.355352,0,0,95,58,91,100,830,1558,-2,0,-1,15,248,-35,0
121.365431,0,0,95,58,91,100,830,1558,-2,0,-1,15,248,-35,0
121.370347,0,1,95,58,91,100,830,1558,-1,0,-1,15,248,-35,0
121.374910,0,0,95,58,91,100,830,1558,-1,0,-1,15,248,-35,0
121.386373,0,0,95,58,91,100,830,1558,-1,0,-1,15,248,-35,0
121.396385,0,1,95,58,91,100,830,1558,-2,0,-1,15,248,-35,0
121.401390,0,1,95,58,91,100,830,1558,-2,0,-2,15,248,-35,0
121.415347,0,1,95,58,91,100,830,1558,-2,0,-2,15,247,-35,0
121.420438,0,0,95,58,91,100,830,1558,-2,0,-2,15,247,-35,0
121.428733,0,1,95,58,91,100,830,1558,-1,0,-2,15,247,-35,0
121.434534,0,1,95,58,91,100,830,1558,-1,0,-2,15,248,-35,0
121.448438,0,0,95,58,91,100,830,1558,-1,0,-2,15,248,-35,0
124.314536,1,1,95,58,91,100,830,1558,-1,-1,-2,15,247,-35,0
124.318717,0,1,95,58,91,100,830,1558,-1,-1,-2,15,247,-36,0
124.330523,0,0,95,58,91,100,830,1558,-1,-1,-2,15,247,-36,0
124.334747,0,1,95,58,91,100,830,1558,-2,-1,-2,15,247,-36,0
124.342062,0,0,95,58,91,100,830,1558,-2,-1,-2,15,247,-36,0
124.346265,0,0,95,58,91,100,830,1558,-2,-1,-2,15,247,-36,0
124.350506,0,1,95,58,91,100,830,1558,-2,-1,-2,15,247,-35,0
124.361905,0,0,95,58,91,100,830,1558,-2,-1,-2,15,247,-35,0
124.371424,0,1,95,58,91,100,830,1558,-2,0,-1,15,247,-35,0
124.376991,0,0,95,58,91,100,830,1558,-2,0,-1,15,247,-35,0
124.391460,0,0,95,58,91,100,830,1558,-2,0,-1,15,247,-35,0
124.396379,0,1,95,58,91,100,830,1558,-1,0,-1,15,247,-35,0
124.405335,0,0,95,58,91,100,830,1558,-1,0,-1,15,247,-35,0
124.410032,0,0,95,58,91,100,830,1558,-1,0,-1,15,247,-35,0
124.423343,0,0,95,58,91,100,830,1558,-1,0,-1,15,247,-35,0
124.427579,0,1,95,58,91,100,830,1558,-2,0,-2,15,247,-35,0
124.435356,0,1,95,58,91,100,830,1558,-2,0,-2,16,247,-35,0
124.440840,0,0,95,58,91,100,830,1558,-2,0,-2,16,247,-35,0
124.454326,0,0,95,58,91,100,830,1558,-2,0,-2,16,247,-35,0
124.458897,0,1,95,58,91,100,830,1558,-1,0,-1,16,247,-35,0
124.466208,0,1,95,58,91,100,830,1558,-1,0,-1,15,247,-35,0
124.468112,0,0,95,58,91,100,830,1558,-1,0,-1,15,247,-35,0
124.472343,0,0,95,58,91,100,830,1558,-1,0,-1,15,247,-35,0
124.486195,0,1,95,58,91,100,830,1558,-2,0,-1,15,247,-35,0
124.495799,0,0,95,58,91,100,830,1558,-2,0,-1,15,247,-35,0
124.500111,0,0,95,58,91,100,830,1558,-2,0,-1,15,247,-35,0
124.504291,0,0,95,58,91,100,830,1558,-2,0,-1,15,247,-35,0
124.517232,0,1,95,58,91,100,830,1558,-1,0,-1,15,247,-35,0
124.527047,0,0,95,58,91,100,830,1558,-1,0,-1,15,247,-35,0
124.532078,0,0,95,58,91,100,830,1558,-1,0,-1,15,247,-35,0
124.536304,0,0,95,58,91,100,830,1558,-1,0,-1,15,247,-35,0
124.547933,0,0,95,58,91,100,830,1558,-1,0,-1,15,247,-35,0
124.557458,0,0,95,58,91,100,830,1558,-1,0,-1,15,247,-35,0
124.561678,0,0,95,58,91,100,830,1558,-1,0,-1,15,247,-35,0
124.565770,0,0,95,58,91,100,830,1558,-1,0,-1,15,247,-35,0
124.578850,0,1,95,58,91,100,830,1558,-2,0,-1,15,247,-35,0
124.588744,0,0,95,58,91,100,830,1558,-2,0,-1,15,247,-35,0
124.592885,0,0,95,58,91,100,830,1558,-2,0,-1,15,247,-35,0
124.596986,0,0,95,58,91,100,830,1558,-2,0,-1,15,247,-35,0
124.609769,0,0,95,58,91,100,830,1558,-2,0,-1,15,247,-35,0
124.619552,0,1,95,58,91,100,830,1558,-2,0,-1,15,248,-35,0
124.623750,0,0,95,58,91,100,830,1558,-2,0,-1,15,248,-35,0
124.627887,0,1,95,58,91,100,830,1558,-1,0,-1,15,248,-35,0
124.640451,0,1,95,58,91,100,830,1558,-1,-1,-1,15,248,-35,0
124.644679,0,1,95,58,91,100,830,1558,-1,-1,-1,15,247,-35,0
124.651768,0,0,95,58,91,100,830,1558,-1,-1,-1,15,247,-35,0
124.656306,0,1,95,58,91,100,830,1558,-2,-1,-1,15,247,-35,0
124.660468,0,0,95,58,91,100,830,1558,-2,-1,-1,15,247,-35,0
124.671911,0,1,95,58,91,100,830,1558,-2,-1,-1,15,248,-35,0
124.681968,0,0,95,58,91,100,830,1558,-2,-1,-1,15,248,-35,0
124.686686,0,1,95,58,91,100,830,1558,-1,-1,-1,15,248,-35,0
124.691744,0,1,95,58,91,100,830,1558,-1,0,-1,15,248,-35,0
124.703237,0,0,95,58,91,100,830,1558,-1,0,-1,15,248,-35,0
124.713109,0,0,95,58,91,100,830,1558,-1,0,-1,15,248,-35,0
124.718069,0,0,95,58,91,100,830,1558,-1,0,-1,15,248,-35,0
124.732427,0,1,95,58,91,100,830,1558,-1,-1,-1,15,248,-35,0
124.737153,0,0,95,58,91,100,830,1558,-1,-1,-1,15,248,-35,0
124.745360,0,0,95,58,91,100,830,1558,-1,-1,-1,15,248,-35,0
124.749582,0,0,95,58,91,100,830,1558,-1,-1,-1,15,248,-35,0
124.753840,0,0,95,58,91,100,830,1558,-1,-1,-1,15,248,-35,0
124.765116,0,0,95,58,91,100,830,1558,-1,-1,-1,15,248,-35,0
124.774801,0,0,95,58,91,100,830,1558,-1,-1,-1,15,248,-35,0
124.778986,0,0,95,58,91,100,830,1558,-1,-1,-1,15,248,-35,0
124.783638,0,0,95,58,91,100,830,1558,-1,-1,-1,15,248,-35,0
124.795831,0,0,95,58,91,100,830,1558,-1,-1,-1,15,248,-35,0
124.805332,0,0,95,58,91,100,830,1558,-1,-1,-1,15,248,-35,0
124.809573,0,0,95,58,91,100,830,1558,-1,-1,-1,15,248,-35,0
124.813772,0,0,95,58,91,100,830,1558,-1,-1,-1,15,248,-35,0
124.826904,0,1,95,58,91,100,830,1558,-1,-1,-1,15,247,-35,0
124.836450,0,0,95,58,91,100,830,1558,-1,-1,-1,15,247,-35,0
124.840638,0,0,95,58,91,100,830,1558,-1,-1,-1,15,247,-35,0
124.844802,0,0,95,58,91,100,830,1558,-1,-1,-1,15,247,-35,0
124.857534,0,1,95,58,91,100,830,1558,-1,-1,-1,15,248,-35,0
124.867748,0,0,95,58,91,100,830,1558,-1,-1,-1,15,248,-35,0
124.872807,0,1,95,58,91,100,830,1558,-1,-1,-2,15,248,-35,0
124.877805,0,0,95,58,91,100,830,1558,-1,-1,-2,15,248,-35,0
124.888879,0,0,95,58,91,100,830,1558,-1,-1,-2,15,248,-35,0
124.898489,0,0,95,58,91,100,830,1558,-1,-1,-2,15,248,-35,0
124.902766,0,1,95,58,91,100,830,1558,-1,-1,-1,15,248,-35,0
124.907241,0,1,95,58,91,100,830,1558,-1,-1,-1,15,247,-35,0
124.919941,0,0,95,58,91,100,830,1558,-1,-1,-1,15,247,-35,0
124.929407,0,0,95,58,91,100,830,1558,-1,-1,-1,15,247,-35,0
124.933924,0,0,95,58,91,100,830,1558,-1,-1,-1,15,247,-35,0
124.938415,0,1,95,58,91,100,830,1558,-1,-1,-1,15,248,-35,0
124.950916,0,0,95,58,91,100,830,1558,-1,-1,-1,15,248,-35,0
124.960652,0,0,95,58,91,100,830,1558,-1,-1,-1,15,248,-35,0
124.964834,0,1,95,58,91,100,830,1558,-1,0,-1,15,248,-35,0
124.969381,0,0,95,58,91,100,830,1558,-1,0,-1,15,248,-35,0
124.982351,0,0,95,58,91,100,830,1558,-1,0,-1,15,248,-35,0
124.992016,0,1,95,58,91,100,830,1558,-1,-1,-1,15,248,-35,0
124.996242,0,1,95,58,91,100,830,1558,-1,-1,-1,15,247,-35,0
125.001143,0,0,95,58,91,100,830,1558,-1,-1,-1,15,247,-35,0
125.013195,0,0,95,58,91,100,830,1558,-1,-1,-1,15,247,-35,0
125.022720,0,0,95,58,91,100,830,1558,-1,-1,-1,15,247,-35,0
125.026904,0,1,95,58,91,100,830,1558,-1,-1,-1,15,248,-35,0
125.031114,0,0,95,58,91,100,830,1558,-1,-1,-1,15,248,-35,0
125.044277,0,0,95,58,91,100,830,1558,-1,-1,-1,15,248,-35,0
125.054591,0,1,95,58,91,100,830,1558,-1,0,-1,15,248,-35,0
125.058808,0,1,95,58,91,100,830,1558,-1,0,-1,15,248,-34,0
125.064057,0,0,95,58,91,100,830,1558,-1,0,-1,15,248,-34,0
125.076251,0,0,95,58,91,100,830,1558,-1,0,-1,15,248,-34,0
127.942220,1,1,95,58,91,100,830,1558,-1,0,-1,13,242,-33,0
127.956353,0,0,95,58,91,100,830,1558,-1,0,-1,13,242,-33,0
127.961991,0,0,95,58,91,100,830,1558,-1,0,-1,13,242,-33,0
127.969522,0,0,95,58,91,100,830,1558,-1,0,-1,13,242,-33,0
127.974034,0,1,95,58,91,100,830,1558,-1,0,-1,13,241,-33,0
127.987899,0,0,95,58,91,100,830,1558,-1,0,-1,13,241,-33,0
127.993221,0,0,95,58,91,100,830,1558,-1,0,-1,13,241,-33,0
128.000592,0,0,95,58,91,100,830,1558,-1,0,-1,13,241,-33,0
128.004780,0,0,95,58,91,100,830,1558,-1,0,-1,13,241,-33,0
128.008886,0,0,95,58,91,100,830,1558,-1,0,-1,13,241,-33,0
128.020137,0,0,95,58,91,100,830,1558,-1,0,-1,13,241,-33,0
128.029789,0,1,95,58,91,100,830,1558,-1,0,-2,13,241,-33,0
128.033889,0,1,95,58,91,100,830,1558,-1,0,-2,13,240,-33,0
128.038077,0,0,95,58,91,100,830,1558,-1,0,-2,13,240,-33,0
128.050793,0,0,95,58,91,100,830,1558,-1,0,-2,13,240,-33,0
128.060562,0,1,95,58,91,100,830,1558,-1,0,-1,13,240,-33,0
128.065550,0,1,95,58,91,100,830,1558,-1,0,-1,13,241,-33,0
128.070131,0,0,95,58,91,100,830,1558,-1,0,-1,13,241,-33,0
128.082245,0,1,95,58,91,100,830,1558,-1,-1,-1,13,241,-33,0
128.091756,0,1,95,58,91,100,830,1558,-1,-1,-1,13,240,-33,0
128.096701,0,1,95,58,91,100,830,1558,-1,-1,-1,13,240,-32,0
128.098937,0,0,95,58,91,100,830,1558,-1,-1,-1,13,240,-32,0
128.111843,0,0,95,58,91,100,830,1558,-1,-1,-1,13,240,-32,0
128.115877,0,0,95,58,91,100,830,1558,-1,-1,-1,13,240,-32,0
128.124350,0,1,95,58,91,100,830,1558,-1,-1,-1,13,240,-33,0
128.129314,0,0,95,58,91,100,830,1558,-1,-1,-1,13,240,-33,0
128.143252,0,0,95,58,91,100,830,1558,-1,-1,-1,13,240,-33,0
128.153394,0,1,95,58,91,100,830,1558,-1,-1,-1,13,239,-33,0
128.157661,0,0,95,58,91,100,830,1558,-1,-1,-1,13,239,-33,0
128.162656,0,0,95,58,91,100,830,1558,-1,-1,-1,13,239,-33,0
128.175096,0,0,95,58,91,100,830,1558,-1,-1,-1,13,239,-33,0
128.184647,0,0,95,58,91,100,830,1558,-1,-1,-1,13,239,-33,0
128.189160,0,0,95,58,91,100,830,1558,-1,-1,-1,13,239,-33,0
128.193762,0,0,95,58,91,100,830,1558,-1,-1,-1,13,239,-33,0
128.205853,0,1,95,58,91,100,830,1558,-1,0,-1,13,239,-33,0
128.209969,0,0,95,58,91,100,830,1558,-1,0,-1,13,239,-33,0
128.217224,0,0,95,58,91,100,830,1558,-1,0,-1,13,239,-33,0
128.222114,0,0,95,58,91,100,830,1558,-1,0,-1,13,239,-33,0
128.236191,0,1,95,58,91,100,830,1558,-2,-1,-2,13,239,-33,0
128.240440,0,1,95,58,91,100,830,1558,-2,-1,-2,13,240,-33,0
128.248528,0,0,95,58,91,100,830,1558,-2,-1,-2,13,240,-33,0
128.253328,0,1,95,58,91,100,830,1558,-1,-1,-2,13,240,-33,0
128.267409,0,1,95,58,91,100,830,1558,-1,0,-2,13,240,-33,0
128.277477,0,1,95,58,91,100,830,1558,-1,0,-2,13,239,-34,0
128.281769,0,0,95,58,91,100,830,1558,-1,0,-2,13,239,-34,0
128.287198,0,1,95,58,91,100,830,1558,-2,0,-1,13,239,-34,0
128.299313,0,0,95,58,91,100,830,1558,-2,0,-1,13,239,-34,0
128.308971,0,0,95,58,91,100,830,1558,-2,0,-1,13,239,-34,0
128.313568,0,0,95,58,91,100,830,1558,-2,0,-1,13,239,-34,0
128.318159,0,0,95,58,91,100,830,1558,-2,0,-1,13,239,-34,0
128.330367,0,1,95,58,91,100,830,1558,-2,0,-1,13,240,-34,0
128.340433,0,0,95,58,91,100,830,1558,-2,0,-1,13,240,-34,0
128.345450,0,0,95,58,91,100,830,1558,-2,0,-1,13,240,-34,0
128.359816,0,0,95,58,91,100,830,1558,-2,0,-1,13,240,-34,0
128.370718,0,1,95,58,91,100,830,1558,-2,0,-1,13,240,-33,0
128.376251,0,1,95,58,91,100,830,1558,-1,0,-1,13,240,-33,0
128.390367,0,0,95,58,91,100,830,1558,-1,0,-1,13,240,-33,0
128.394611,0,0,95,58,91,100,830,1558,-1,0,-1,13,240,-33,0
128.403714,0,0,95,58,91,100,830,1558,-1,0,-1,13,240,-33,0
128.407962,0,0,95,58,91,100,830,1558,-1,0,-1,13,240,-33,0
128.421392,0,0,95,58,91,100,830,1558,-1,0,-1,13,240,-33,0
128.426349,0,0,95,58,91,100,830,1558,-1,0,-1,13,240,-33,0
128.434010,0,0,95,58,91,100,830,1558,-1,0,-1,13,240,-33,0
128.438178,0,0,95,58,91,100,830,1558,-1,0,-1,13,240,-33,0
128.443136,0,0,95,58,91,100,830,1558,-1,0,-1,13,240,-33,0
128.454541,0,0,95,58,91,100,830,1558,-1,0,-1,13,240,-33,0
128.464457,0,0,95,58,91,100,830,1558,-1,0,-1,13,240,-33,0
128.469487,0,0,95,58,91,100,830,1558,-1,0,-1,13,240,-33,0
128.483349,0,0,95,58,91,100,830,1558,-1,0,-1,13,240,-33,0
128.488360,0,0,95,58,91,100,830,1558,-1,0,-1,13,240,-33,0
128.496646,0,0,95,58,91,100,830,1558,-1,0,-1,13,240,-33,0
128.501623,0,0,95,58,91,100,830,1558,-1,0,-1,13,240,-33,0
128.515472,0,0,95,58,91,100,830,1558,-1,0,-1,13,240,-33,0
128.525423,0,0,95,58,91,100,830,1558,-1,0,-1,13,240,-33,0
128.529826,0,1,95,58,91,100,830,1558,-1,-1,-1,13,240,-33,0
128.534456,0,0,95,58,91,100,830,1558,-1,-1,-1,13,240,-33,0
128.546869,0,0,95,58,91,100,830,1558,-1,-1,-1,13,240,-33,0
128.556522,0,0,95,58,91,100,830,1558,-1,-1,-1,13,240,-33,0
128.561654,0,1,95,58,91,100,830,1558,-1,0,-1,13,240,-33,0
128.566781,0,0,95,58,91,100,830,1558,-1,0,-1,13,240,-33,0
128.577982,0,0,95,58,91,100,830,1558,-1,0,-1,13,240,-33,0
128.587836,0,0,95,58,91,100,830,1558,-1,0,-1,13,240,-33,0
128.592755,0,0,95,58,91,100,830,1558,-1,0,-1,13,240,-33,0
128.597303,0,0,95,58,91,100,830,1558,-1,0,-1,13,240,-33,0
128.608882,0,0,95,58,91,100,830,1558,-1,0,-1,13,240,-33,0
128.618503,0,0,95,58,91,100,830,1558,-1,0,-1,13,240,-33,0
128.623083,0,0,95,58,91,100,830,1558,-1,0,-1,13,240,-33,0
128.627232,0,0,95,58,91,100,830,1558,-1,0,-1,13,240,-33,0
128.639922,0,0,95,58,91,100,830,1558,-1,0,-1,13,240,-33,0
128.649489,0,0,95,58,91,100,830,1558,-1,0,-1,13,240,-33,0
128.654450,0,0,95,58,91,100,830,1558,-1,0,-1,13,240,-33,0
128.658597,0,0,95,58,91,100,830,1558,-1,0,-1,13,240,-33,0
128.671163,0,0,95,58,91,100,830,1558,-1,0,-1,13,240,-33,0
128.680917,0,0,95,58,91,100,830,1558,-1,0,-1,13,240,-33,0
128.685142,0,0,95,58,91,100,830,1558,-1,0,-1,13,240,-33,0
128.689707,0,0,95,58,91,100,830,1558,-1,0,-1,13,240,-33,0
128.701911,0,0,95,58,91,100,830,1558,-1,0,-1,13,240,-33,0
128.711434,0,0,95,58,91,100,830,1558,-1,0,-1,13,240,-33,0
131.588646,1,1,95,58,91,100,830,1558,-1,0,-1,15,247,-35,0
131.595899,0,0,95,58,91,100,830,1558,-1,0,-1,15,247,-35,0
131.600247,0,1,95,58,91,100,830,1558,-1,0,-1,15,247,-34,0
131.605206,0,0,95,58,91,100,830,1558,-1,0,-1,15,247,-34,0
131.616537,0,0,95,58,91,100,830,1558,-1,0,-1,15,247,-34,0
131.626387,0,1,95,58,91,100,830,1558,-1,0,-2,15,247,-34,0
131.631385,0,1,95,58,91,100,830,1558,-1,0,-2,15,247,-35,0
131.645377,0,0,95,58,91,100,830,1558,-1,0,-2,15,247,-35,0
131.650414,0,0,95,58,91,100,830,1558,-1,0,-2,15,247,-35,0
131.658444,0,1,95,58,91,100,830,1558,-1,0,-1,15,247,-35,0
131.663508,0,0,95,58,91,100,830,1558,-1,0,-1,15,247,-35,0
131.677981,0,1,95,58,91,100,830,1558,-2,0,-1,15,247,-35,0
131.687645,0,0,95,58,91,100,830,1558,-2,0,-1,15,247,-35,0
131.691838,0,1,95,58,91,100,830,1558,-2,0,-1,15,247,-34,0
131.696771,0,0,95,58,91,100,830,1558,-2,0,-1,15,247,-34,0
131.709346,0,1,95,58,91,100,830,1558,-1,0,-1,15,247,-34,0
131.718952,0,0,95,58,91,100,830,1558,-1,0,-1,15,247,-34,0
131.723496,0,1,95,58,91,100,830,1558,-1,0,-1,15,247,-35,0
131.728601,0,0,95,58,91,100,830,1558,-1,0,-1,15,247,-35,0
131.740174,0,0,95,58,91,100,830,1558,-1,0,-1,15,247,-35,0
131.742769,0,0,95,58,91,100,830,1558,-1,0,-1,15,247,-35,0
131.751557,0,0,95,58,91,100,830,1558,-1,0,-1,15,247,-35,0
131.756137,0,0,95,58,91,100,830,1558,-1,0,-1,15,247,-35,0
131.769360,0,1,95,58,91,100,830,1558,-2,0,-1,15,247,-35,0
131.773536,0,0,95,58,91,100,830,1558,-2,0,-1,15,247,-35,0
131.782451,0,0,95,58,91,100,830,1558,-2,0,-1,15,247,-35,0
131.787532,0,0,95,58,91,100,830,1558,-2,0,-1,15,247,-35,0
131.801426,0,0,95,58,91,100,830,1558,-2,0,-1,15,247,-35,0
131.811443,0,1,95,58,91,100,830,1558,-2,0,-1,15,247,-34,0
131.816534,0,0,95,58,91,100,830,1558,-2,0,-1,15,247,-34,0
131.821564,0,0,95,58,91,100,830,1558,-2,0,-1,15,247,-34,0
131.832483,0,0,95,58,91,100,830,1558,-2,0,-1,15,247,-34,0
131.836667,0,0,95,58,91,100,830,1558,-2,0,-1,15,247,-34,0
131.844290,0,0,95,58,91,100,830,1558,-2,0,-1,15,247,-34,0
131.848350,0,0,95,58,91,100,830,1558,-2,0,-1,15,247,-34,0
131.852538,0,1,95,58,91,100,830,1558,-2,-1,-1,15,247,-34,0
131.863540,0,0,95,58,91,100,830,1558,-2,-1,-1,15,247,-34,0
131.867737,0,1,95,58,91,100,830,1558,-2,-1,-1,15,248,-34,0
131.874778,0,0,95,58,91,100,830,1558,-2,-1,-1,15,248,-34,0
131.878952,0,0,95,58,91,100,830,1558,-2,-1,-1,15,248,-34,0
131.883420,0,1,95,58,91,100,830,1558,-2,0,-1,15,248,-34,0
131.894495,0,1,95,58,91,100,830,1558,-2,0,-1,15,247,-34,0
131.899064,0,0,95,58,91,100,830,1558,-2,0,-1,15,247,-34,0
131.906237,0,0,95,58,91,100,830,1558,-2,0,-1,15,247,-34,0
131.910466,0,0,95,58,91,100,830,1558,-2,0,-1,15,247,-34,0
131.924243,0,0,95,58,91,100,830,1558,-2,0,-1,15,247,-34,0
131.928433,0,0,95,58,91,100,830,1558,-2,0,-1,15,247,-34,0
131.937317,0,0,95,58,91,100,830,1558,-2,0,-1,15,247,-34,0
131.941553,0,1,95,58,91,100,830,1558,-1,-1,-1,15,247,-34,0
131.945824,0,0,95,58,91,100,830,1558,-1,-1,-1,15,247,-34,0
131.956582,0,1,95,58,91,100,830,1558,-1,-1,-1,15,248,-35,0
131.960794,0,0,95,58,91,100,830,1558,-1,-1,-1,15,248,-35,0
131.967947,0,0,95,58,91,100,830,1558,-1,-1,-1,15,248,-35,0
131.972102,0,1,95,58,91,100,830,1558,-1,0,-1,15,248,-35,0
131.977252,0,1,95,58,91,100,830,1558,-1,0,-1,15,247,-35,0
131.987899,0,1,95,58,91,100,830,1558,-1,0,-1,15,247,-34,0
131.997477,0,0,95,58,91,100,830,1558,-1,0,-1,15,247,-34,0
132.002447,0,0,95,58,91,100,830,1558,-1,0,-1,15,247,-34,0
132.007029,0,1,95,58,91,100,830,1558,-1,0,-1,16,248,-34,0
132.019540,0,0,95,58,91,100,830,1558,-1,0,-1,16,248,-34,0
132.029785,0,0,95,58,91,100,830,1558,-1,0,-1,16,248,-34,0
132.034934,0,0,95,58,91,100,830,1558,-1,0,-1,16,248,-34,0
132.048373,0,1,95,58,91,100,830,1558,-1,0,-1,16,247,-34,0
132.053461,0,0,95,58,91,100,830,1558,-1,0,-1,16,247,-34,0
132.061608,0,0,95,58,91,100,830,1558,-1,0,-1,16,247,-34,0
132.066645,0,1,95,58,91,100,830,1558,-1,0,-1,15,247,-34,0
132.080051,0,0,95,58,91,100,830,1558,-1,0,-1,15,247,-34,0
132.085035,0,0,95,58,91,100,830,1558,-1,0,-1,15,247,-34,0
132.092190,0,0,95,58,91,100,830,1558,-1,0,-1,15,247,-34,0
132.096856,0,1,95,58,91,100,830,1558,-1,0,-1,16,248,-34,0
132.110388,0,0,95,58,91,100,830,1558,-1,0,-1,16,248,-34,0
132.114583,0,0,95,58,91,100,830,1558,-1,0,-1,16,248,-34,0
132.123219,0,1,95,58,91,100,830,1558,-1,-1,-1,16,248,-34,0
132.128209,0,1,95,58,91,100,830,1558,-1,-1,-1,15,248,-34,0
132.141533,0,1,95,58,91,100,830,1558,-1,-1,-1,15,248,-35,0
132.146557,0,0,95,58,91,100,830,1558,-1,-1,-1,15,248,-35,0
132.154471,0,0,95,58,91,100,830,1558,-1,-1,-1,15,248,-35,0
132.159491,0,1,95,58,91,100,830,1558,-1,-1,-1,15,248,-34,0
132.173215,0,0,95,58,91,100,830,1558,-1,-1,-1,15,248,-34,0
132.177872,0,1,95,58,91,100,830,1558,-2,-1,-1,15,248,-34,0
132.186297,0,1,95,58,91,100,830,1558,-2,-1,-1,16,248,-34,0
132.191768,0,1,95,58,91,100,830,1558,-2,-1,-1,16,248,-35,0
132.204960,0,0,95,58,91,100,830,1558,-2,-1,-1,16,248,-35,0
132.214729,0,1,95,58,91,100,830,1558,-1,-1,-1,16,248,-35,0
132.219323,0,1,95,58,91,100,830,1558,-1,-1,-1,16,248,-34,0
132.223542,0,0,95,58,91,100,830,1558,-1,-1,-1,16,248,-34,0
132.236186,0,0,95,58,91,100,830,1558,-1,-1,-1,16,248,-34,0
132.245697,0,1,95,58,91,100,830,1558,-1,-1,-1,15,248,-34,0
132.249853,0,0,95,58,91,100,830,1558,-1,-1,-1,15,248,-34,0
132.254792,0,0,95,58,91,100,830,1558,-1,-1,-1,15,248,-34,0
132.267274,0,0,95,58,91,100,830,1558,-1,-1,-1,15,248,-34,0
132.276588,0,1,95,58,91,100,830,1558,-1,0,-1,15,248,-34,0
132.280839,0,0,95,58,91,100,830,1558,-1,0,-1,15,248,-34,0
132.285772,0,0,95,58,91,100,830,1558,-1,0,-1,15,248,-34,0
132.298273,0,0,95,58,91,100,830,1558,-1,0,-1,15,248,-34,0
132.307920,0,0,95,58,91,100,830,1558,-1,0,-1,15,248,-34,0
132.312076,0,0,95,58,91,100,830,1558,-1,0,-1,15,248,-34,0
132.316621,0,0,95,58,91,100,830,1558,-1,0,-1,15,248,-34,0
132.329304,0,1,95,58,91,100,830,1558,-2,0,-1,15,248,-34,0
132.338713,0,0,95,58,91,100,830,1558,-2,0,-1,15,248,-34,0
132.342849,0,0,95,58,91,100,830,1558,-2,0,-1,15,248,-34,0
132.346905,0,0,95,58,91,100,830,1558,-2,0,-1,15,248,-34,0
132.359872,0,1,95,58,91,100,830,1558,-1,-1,-1,15,248,-34,0
135.227444,1,1,95,58,91,100,830,1558,-2,0,-1,16,246,-34,0
135.241587,0,0,95,58,91,100,830,1558,-2,0,-1,16,246,-34,0
135.246918,0,0,95,58,91,100,830,1558,-2,0,-1,16,246,-34,0
135.254560,0,0,95,58,91,100,830,1558,-2,0,-1,16,246,-34,0
135.259680,0,0,95,58,91,100,830,1558,-2,0,-1,16,246,-34,0
135.273575,0,0,95,58,91,100,830,1558,-2,0,-1,16,246,-34,0
135.284129,0,1,95,58,91,100,830,1558,-2,0,-1,16,246,-33,0
135.288427,0,0,95,58,91,100,830,1558,-2,0,-1,16,246,-33,0
135.292682,0,0,95,58,91,100,830,1558,-2,0,-1,16,246,-33,0
135.304434,0,0,95,58,91,100,830,1558,-2,0,-1,16,246,-33,0
135.308652,0,1,95,58,91,100,830,1558,-2,0,-1,16,246,-34,0
135.316468,0,0,95,58,91,100,830,1558,-2,0,-1,16,246,-34,0
135.320655,0,0,95,58,91,100,830,1558,-2,0,-1,16,246,-34,0
135.334285,0,0,95,58,91,100,830,1558,-2,0,-1,16,246,-34,0
135.339179,0,0,95,58,91,100,830,1558,-2,0,-1,16,246,-34,0
135.346979,0,0,95,58,91,100,830,1558,-2,0,-1,16,246,-34,0
135.351199,0,1,95,58,91,100,830,1558,-1,0,-1,16,246,-34,0
135.355780,1,0,95,58,90,100,830,1558,-1,0,-1,16,246,-34,0
135.367230,0,0,95,58,90,100,830,1558,-1,0,-1,16,246,-34,0
135.376897,0,0,95,58,90,100,830,1558,-1,0,-1,16,246,-34,0
135.380994,0,1,95,58,90,100,830,1558,-2,0,-1,16,246,-34,0
135.382923,0,0,95,58,90,100,830,1558,-2,0,-1,16,246,-34,0
135.396426,1,1,95,58,91,100,830,1558,-2,0,-2,15,246,-34,0
135.400781,0,0,95,58,91,100,830,1558,-2,0,-2,15,246,-34,0
135.409345,0,0,95,58,91,100,830,1558,-2,0,-2,15,246,-34,0
135.413931,0,1,95,58,91,100,830,1558,-1,0,-2,15,246,-34,0
135.427342,0,1,95,58,91,100,830,1558,-1,0,-1,16,246,-34,0
135.431736,0,0,95,58,91,100,830,1558,-1,0,-1,16,246,-34,0
135.439684,0,0,95,58,91,100,830,1558,-1,0,-1,16,246,-34,0
135.443880,0,0,95,58,91,100,830,1558,-1,0,-1,16,246,-34,0
135.448711,0,1,95,58,91,100,830,1558,-1,0,-1,15,246,-34,0
135.459577,0,0,95,58,91,100,830,1558,-1,0,-1,15,246,-34,0
135.469929,0,0,95,58,91,100,830,1558,-1,0,-1,15,246,-34,0
135.474606,0,0,95,58,91,100,830,1558,-1,0,-1,15,246,-34,0
135.479630,0,0,95,58,91,100,830,1558,-1,0,-1,15,246,-34,0
135.490868,0,0,95,58,91,100,830,1558,-1,0,-1,15,246,-34,0
135.500542,0,0,95,58,91,100,830,1558,-1,0,-1,15,246,-34,0
135.505194,0,0,95,58,91,100,830,1558,-1,0,-1,15,246,-34,0
135.510194,0,1,95,58,91,100,830,1558,-1,0,-1,16,246,-34,0
135.522404,0,0,95,58,91,100,830,1558,-1,0,-1,16,246,-34,0
135.532466,0,0,95,58,91,100,830,1558,-1,0,-1,16,246,-34,0
135.537421,0,0,95,58,91,100,830,1558,-1,0,-1,16,246,-34,0
135.551282,0,0,95,58,91,100,830,1558,-1,0,-1,16,246,-34,0
135.556129,0,0,95,58,91,100,830,1558,-1,0,-1,16,246,-34,0
135.564844,0,1,95,58,91,100,830,1558,-2,0,-1,16,246,-34,0
135.569838,0,0,95,58,91,100,830,1558,-2,0,-1,16,246,-34,0
135.583239,0,0,95,58,91,100,830,1558,-2,0,-1,16,246,-34,0
135.593418,0,1,95,58,91,100,830,1558,-1,0,-1,16,246,-34,0
135.598263,0,0,95,58,91,100,830,1558,-1,0,-1,16,246,-34,0
135.602388,0,0,95,58,91,100,830,1558,-1,0,-1,16,246,-34,0
135.614916,0,0,95,58,91,100,830,1558,-1,0,-1,16,246,-34,0
135.624404,0,0,95,58,91,100,830,1558,-1,0,-1,16,246,-34,0
135.628567,1,1,95,58,90,100,830,1558,-1,0,-1,15,246,-34,0
135.633106,0,0,95,58,90,100,830,1558,-1,0,-1,15,246,-34,0
135.646363,0,0,95,58,90,100,830,1558,-1,0,-1,15,246,-34,0
135.656698,0,0,95,58,90,100,830,1558,-1,0,-1,15,246,-34,0
135.661698,1,1,95,58,91,100,830,1558,-1,0,-1,16,246,-34,0
135.675286,0,0,95,58,91,100,830,1558,-1,0,-1,16,246,-34,0
135.681039,0,0,95,58,91,100,830,1558,-1,0,-1,16,246,-34,0
135.688037,1,1,95,58,90,100,830,1558,-1,0,-2,16,246,-34,0
135.693001,0,0,95,58,90,100,830,1558,-1,0,-2,16,246,-34,0
135.706263,0,0,95,58,90,100,830,1558,-1,0,-2,16,246,-34,0
135.711290,0,0,95,58,90,100,830,1558,-1,0,-2,16,246,-34,0
135.719022,1,0,95,58,91,100,830,1558,-1,0,-2,16,246,-34,0
135.724001,0,0,95,58,91,100,830,1558,-1,0,-2,16,246,-34,0
135.737519,0,0,95,58,91,100,830,1558,-1,0,-2,16,246,-34,0
135.742562,0,0,95,58,91,100,830,1558,-1,0,-2,16,246,-34,0
135.751003,1,1,95,58,90,100,830,1558,-1,0,-1,16,246,-34,0
135.755653,0,0,95,58,90,100,830,1558,-1,0,-1,16,246,-34,0
135.769260,0,0,95,58,90,100,830,1558,-1,0,-1,16,246,-34,0
135.774039,0,0,95,58,90,100,830,1558,-1,0,-1,16,246,-34,0
135.782097,0,0,95,58,90,100,830,1558,-1,0,-1,16,246,-34,0
135.787749,0,0,95,58,90,100,830,1558,-1,0,-1,16,246,-34,0
135.800477,0,0,95,58,90,100,830,1558,-1,0,-1,16,246,-34,0
135.804683,1,1,95,58,91,100,830,1558,-1,0,-2,16,246,-34,0
135.811705,0,0,95,58,91,100,830,1558,-1,0,-2,16,246,-34,0
135.815873,0,0,95,58,91,100,830,1558,-1,0,-2,16,246,-34,0
135.819977,0,0,95,58,91,100,830,1558,-1,0,-2,16,246,-34,0
135.831516,0,0,95,58,91,100,830,1558,-1,0,-2,16,246,-34,0
135.835608,1,1,95,58,90,100,830,1558,-1,0,-2,15,246,-34,0
135.843231,0,0,95,58,90,100,830,1558,-1,0,-2,15,246,-34,0
135.847421,0,0,95,58,90,100,830,1558,-1,0,-2,15,246,-34,0
135.851500,0,0,95,58,90,100,830,1558,-1,0,-2,15,246,-34,0
135.862463,0,0,95,58,90,100,830,1558,-1,0,-2,15,246,-34,0
135.866606,1,1,95,58,91,100,830,1558,-1,0,-2,16,247,-34,0
135.873669,0,0,95,58,91,100,830,1558,-1,0,-2,16,247,-34,0
135.877783,0,0,95,58,91,100,830,1558,-1,0,-2,16,247,-34,0
135.881855,0,0,95,58,91,100,830,1558,-1,0,-2,16,247,-34,0
135.893390,1,1,95,58,90,100,830,1558,-1,0,-1,16,247,-34,0
135.897529,0,1,95,58,90,100,830,1558,-1,0,-1,16,246,-33,0
135.904630,0,0,95,58,90,100,830,1558,-1,0,-1,16,246,-33,0
135.908770,0,0,95,58,90,100,830,1558,-1,0,-1,16,246,-33,0
135.912933,0,0,95,58,90,100,830,1558,-1,0,-1,16,246,-33,0
135.924520,1,1,95,58,91,100,830,1558,-1,0,-2,16,246,-33,0
135.928714,0,1,95,58,91,100,830,1558,-1,0,-2,16,247,-34,0
135.935925,0,0,95,58,91,100,830,1558,-1,0,-2,16,247,-34,0
135.940021,0,0,95,58,91,100,830,1558,-1,0,-2,16,247,-34,0
135.944120,0,0,95,58,91,100,830,1558,-1,0,-2,16,247,-34,0
135.955561,0,0,95,58,91,100,830,1558,-1,0,-2,16,247,-34,0
135.959691,0,0,95,58,91,100,830,1558,-1,0,-2,16,247,-34,0
135.966673,0,0,95,58,91,100,830,1558,-1,0,-2,16,247,-34,0
135.970767,0,0,95,58,91,100,830,1558,-1,0,-2,16,247,-34,0
135.974859,1,1,95,58,90,100,830,1558,-1,0,-1,16,247,-34,0
135.986445,0,1,95,58,90,100,830,1558,-1,0,-1,16,246,-34,0
138.854324,1,1,95,58,90,100,830,1558,-1,0,-2,13,240,-32,0
138.868995,0,1,95,58,90,100,830,1558,-1,0,-1,13,240,-32,0
138.880089,0,0,95,58,90,100,830,1558,-1,0,-1,13,240,-32,0
138.885921,0,0,95,58,90,100,830,1558,-1,0,-1,13,240,-32,0
138.899848,0,0,95,58,90,100,830,1558,-1,0,-1,13,240,-32,0
138.905138,0,1,95,58,90,100,830,1558,-1,0,-1,13,239,-32,0
138.913095,0,0,95,58,90,100,830,1558,-1,0,-1,13,239,-32,0
138.917329,0,0,95,58,90,100,830,1558,-1,0,-1,13,239,-32,0
138.930548,0,1,95,58,90,100,830,1558,-1,-1,-1,13,239,-32,0
138.934786,0,0,95,58,90,100,830,1558,-1,-1,-1,13,239,-32,0
138.942712,0,0,95,58,90,100,830,1558,-1,-1,-1,13,239,-32,0
138.946908,0,0,95,58,90,100,830,1558,-1,-1,-1,13,239,-32,0
138.951449,0,1,95,58,90,100,830,1558,-1,0,-1,13,239,-32,0
138.962526,0,1,95,58,90,100,830,1558,-1,0,-1,13,240,-32,0
138.966722,1,0,95,58,90,100,829,1558,-1,0,-1,13,240,-32,0
138.973726,0,0,95,58,90,100,829,1558,-1,0,-1,13,240,-32,0
138.978394,0,0,95,58,90,100,829,1558,-1,0,-1,13,240,-32,0
138.982675,0,0,95,58,90,100,829,1558,-1,0,-1,13,240,-32,0
138.993485,0,0,95,58,90,100,829,1558,-1,0,-1,13,240,-32,0
138.997772,0,0,95,58,90,100,829,1558,-1,0,-1,13,240,-32,0
139.005822,0,0,95,58,90,100,829,1558,-1,0,-1,13,240,-32,0
139.008742,0,0,95,58,90,100,829,1558,-1,0,-1,13,240,-32,0
139.012961,0,0,95,58,90,100,829,1558,-1,0,-1,13,240,-32,0
139.024448,0,1,95,58,90,100,829,1558,-1,0,-1,13,239,-32,0
139.028656,0,0,95,58,90,100,829,1558,-1,0,-1,13,239,-32,0
139.035708,0,0,95,58,90,100,829,1558,-1,0,-1,13,239,-32,0
139.039811,0,0,95,58,90,100,829,1558,-1,0,-1,13,239,-32,0
139.044023,0,0,95,58,90,100,829,1558,-1,0,-1,13,239,-32,0
139.056265,0,0,95,58,90,100,829,1558,-1,0,-1,13,239,-32,0
139.065768,0,0,95,58,90,100,829,1558,-1,0,-1,13,239,-32,0
139.070001,0,0,95,58,90,100,829,1558,-1,0,-1,13,239,-32,0
139.074996,0,0,95,58,90,100,829,1558,-1,0,-1,13,239,-32,0
139.087372,0,1,95,58,90,100,829,1558,-1,0,-1,13,239,-33,0
139.097761,0,0,95,58,90,100,829,1558,-1,0,-1,13,239,-33,0
139.102751,0,0,95,58,90,100,829,1558,-1,0,-1,13,239,-33,0
139.116309,0,1,95,58,90,100,829,1558,-1,0,-1,13,239,-32,0
139.120521,0,0,95,58,90,100,829,1558,-1,0,-1,13,239,-32,0
139.129498,0,0,95,58,90,100,829,1558,-1,0,-1,13,239,-32,0
139.134396,0,0,95,58,90,100,829,1558,-1,0,-1,13,239,-32,0
139.148842,0,0,95,58,90,100,829,1558,-1,0,-1,13,239,-32,0
139.158789,0,0,95,58,90,100,829,1558,-1,0,-1,13,239,-32,0
139.163807,0,0,95,58,90,100,829,1558,-1,0,-1,13,239,-32,0
139.168688,0,0,95,58,90,100,829,1558,-1,0,-1,13,239,-32,0
139.179866,0,0,95,58,90,100,829,1558,-1,0,-1,13,239,-32,0
139.189813,0,0,95,58,90,100,829,1558,-1,0,-1,13,239,-32,0
139.194895,0,0,95,58,90,100,829,1558,-1,0,-1,13,239,-32,0
139.200252,0,0,95,58,90,100,829,1558,-1,0,-1,13,239,-32,0
139.212347,0,0,95,58,90,100,829,1558,-1,0,-1,13,239,-32,0
139.223079,0,0,95,58,90,100,829,1558,-1,0,-1,13,239,-32,0
139.229035,0,0,95,58,90,100,829,1558,-1,0,-1,13,239,-32,0
139.241793,0,0,95,58,90,100,829,1558,-1,0,-1,13,239,-32,0
139.251541,0,0,95,58,90,100,829,1558,-1,0,-1,13,239,-32,0
139.256964,0,0,95,58,90,100,829,1558,-1,0,-1,13,239,-32,0
139.262138,0,0,95,58,90,100,829,1558,-1,0,-1,13,239,-32,0
139.273056,0,0,95,58,90,100,829,1558,-1,0,-1,13,239,-32,0
139.282675,0,0,95,58,90,100,829,1558,-1,0,-1,13,239,-32,0
139.286786,0,1,95,58,90,100,829,1558,-1,0,-1,14,239,-32,0
139.291802,0,0,95,58,90,100,829,1558,-1,0,-1,14,239,-32,0
139.303878,0,0,95,58,90,100,829,1558,-1,0,-1,14,239,-32,0
139.313519,0,0,95,58,90,100,829,1558,-1,0,-1,14,239,-32,0
139.318773,0,0,95,58,90,100,829,1558,-1,0,-1,14,239,-32,0
139.323903,0,0,95,58,90,100,829,1558,-1,0,-1,14,239,-32,0
139.334782,0,1,95,58,90,100,829,1558,-2,0,-1,14,239,-32,0
139.344546,0,0,95,58,90,100,829,1558,-2,0,-1,14,239,-32,0
139.349139,0,0,95,58,90,100,829,1558,-2,0,-1,14,239,-32,0
139.353407,0,0,95,58,90,100,829,1558,-2,0,-1,14,239,-32,0
139.366135,0,1,95,58,90,100,829,1558,-1,0,-1,14,239,-32,0
139.375727,0,0,95,58,90,100,829,1558,-1,0,-1,14,239,-32,0
139.379892,0,0,95,58,90,100,829,1558,-1,0,-1,14,239,-32,0
139.384145,0,0,95,58,90,100,829,1558,-1,0,-1,14,239,-32,0
139.396831,0,0,95,58,90,100,829,1558,-1,0,-1,14,239,-32,0
139.406386,0,0,95,58,90,100,829,1558,-1,0,-1,14,239,-32,0
139.410649,0,0,95,58,90,100,829,1558,-1,0,-1,14,239,-32,0
139.414821,0,0,95,58,90,100,829,1558,-1,0,-1,14,239,-32,0
139.427889,0,1,95,58,90,100,829,1558,-1,-1,-1,14,239,-32,0
139.437403,0,0,95,58,90,100,829,1558,-1,-1,-1,14,239,-32,0
139.441997,0,0,95,58,90,100,829,1558,-1,-1,-1,14,239,-32,0
139.446593,0,0,95,58,90,100,829,1558,-1,-1,-1,14,239,-32,0
139.458956,0,1,95,58,90,100,829,1558,-1,0,-1,14,239,-32,0
139.468758,0,0,95,58,90,100,829,1558,-1,0,-1,14,239,-32,0
139.473438,0,0,95,58,90,100,829,1558,-1,0,-1,14,239,-32,0
139.478384,0,1,95,58,90,100,829,1558,-2,0,-1,14,239,-32,0
139.490142,0,0,95,58,90,100,829,1558,-2,0,-1,14,239,-32,0
139.500516,0,0,95,58,90,100,829,1558,-2,0,-1,14,239,-32,0
139.505104,0,0,95,58,90,100,829,1558,-2,0,-1,14,239,-32,0
139.509300,0,1,95,58,90,100,829,1558,-1,0,-1,14,239,-32,0
139.520905,0,1,95,58,90,100,829,1558,-1,0,-1,13,239,-32,0
139.530500,0,0,95,58,90,100,829,1558,-1,0,-1,13,239,-32,0
139.535513,0,0,95,58,90,100,829,1558,-1,0,-1,13,239,-32,0
139.540112,0,1,95,58,90,100,829,1558,-2,0,-1,13,239,-32,0
139.552315,0,1,95,58,90,100,829,1558,-2,0,-1,14,239,-32,0
139.561978,0,0,95,58,90,100,829,1558,-2,0,-1,14,239,-32,0
139.566486,0,0,95,58,90,100,829,1558,-2,0,-1,14,239,-32,0
139.570596,0,0,95,58,90,100,829,1558,-2,0,-1,14,239,-32,0
139.582444,0,1,95,58,90,100,829,1558,-2,0,-1,13,239,-32,0
139.586610,0,0,95,58,90,100,829,1558,-2,0,-1,13,239,-32,0
139.593696,0,0,95,58,90,100,829,1558,-2,0,-1,13,239,-32,0
139.597794,0,0,95,58,90,100,829,1558,-2,0,-1,13,239,-32,0
139.601900,0,0,95,58,90,100,829,1558,-2,0,-1,13,239,-32,0
139.613515,0,0,95,58,90,100,829,1558,-2,0,-1,13,239,-32,0
142.480546,1,1,95,58,90,100,830,1558,-1,-1,-2,14,240,-32,0
142.484709,0,1,95,58,90,100,830,1558,-1,-1,-2,13,240,-32,0
142.496781,0,0,95,58,90,100,830,1558,-1,-1,-2,13,240,-32,0
142.500928,0,0,95,58,90,100,830,1558,-1,-1,-2,13,240,-32,0
142.508310,0,0,95,58,90,100,830,1558,-1,-1,-2,13,240,-32,0
142.512525,0,0,95,58,90,100,830,1558,-1,-1,-2,13,240,-32,0
142.516873,0,0,95,58,90,100,830,1558,-1,-1,-2,13,240,-32,0
142.528522,0,0,95,58,90,100,830,1558,-1,-1,-2,13,240,-32,0
142.538573,0,1,95,58,90,100,830,1558,-2,-1,-2,13,240,-32,0
142.542780,0,0,95,58,90,100,830,1558,-2,-1,-2,13,240,-32,0
142.546869,0,0,95,58,90,100,830,1558,-2,-1,-2,13,240,-32,0
142.558577,0,0,95,58,90,100,830,1558,-2,-1,-2,13,240,-32,0
142.562795,0,0,95,58,90,100,830,1558,-2,-1,-2,13,240,-32,0
142.569782,0,1,95,58,90,100,830,1558,-2,0,-1,13,240,-32,0
142.573982,0,1,95,58,90,100,830,1558,-2,0,-1,13,239,-32,0
142.578565,0,0,95,58,90,100,830,1558,-2,0,-1,13,239,-32,0
142.589503,0,0,95,58,90,100,830,1558,-2,0,-1,13,239,-32,0
142.599409,0,0,95,58,90,100,830,1558,-2,0,-1,13,239,-32,0
142.603618,0,1,95,58,90,100,830,1558,-2,0,-1,14,239,-32,0
142.608193,0,0,95,58,90,100,830,1558,-2,0,-1,14,239,-32,0
142.621215,0,0,95,58,90,100,830,1558,-2,0,-1,14,239,-32,0
142.630892,0,0,95,58,90,100,830,1558,-2,0,-1,14,239,-32,0
142.633184,0,1,95,58,90,100,830,1558,-2,0,-1,13,239,-32,0
142.637364,0,1,95,58,90,100,830,1558,-2,0,-1,13,239,-33,0
142.650773,0,0,95,58,90,100,830,1558,-2,0,-1,13,239,-33,0
142.654952,0,0,95,58,90,100,830,1558,-2,0,-1,13,239,-33,0
142.662719,0,0,95,58,90,100,830,1558,-2,0,-1,13,239,-33,0
142.667564,0,1,95,58,90,100,830,1558,-2,0,-1,13,239,-32,0
142.671790,0,0,95,58,90,100,830,1558,-2,0,-1,13,239,-32,0
142.683208,0,0,95,58,90,100,830,1558,-2,0,-1,13,239,-32,0
142.692693,0,1,95,58,90,100,830,1558,-2,-1,-1,13,239,-32,0
142.698048,0,1,95,58,90,100,830,1558,-2,-1,-1,13,239,-33,0
142.703065,0,0,95,58,90,100,830,1558,-2,-1,-1,13,239,-33,0
142.714745,0,1,95,58,90,100,830,1558,-2,0,-1,13,239,-33,0
142.724553,0,0,95,58,90,100,830,1558,-2,0,-1,13,239,-33,0
142.728778,0,0,95,58,90,100,830,1558,-2,0,-1,13,239,-33,0
142.732951,0,0,95,58,90,100,830,1558,-2,0,-1,13,239,-33,0
142.745249,0,0,95,58,90,100,830,1558,-2,0,-1,13,239,-33,0
142.754727,0,0,95,58,90,100,830,1558,-2,0,-1,13,239,-33,0
142.759254,0,0,95,58,90,100,830,1558,-2,0,-1,13,239,-33,0
142.763463,0,0,95,58,90,100,830,1558,-2,0,-1,13,239,-33,0
142.775946,0,0,95,58,90,100,830,1558,-2,0,-1,13,239,-33,0
142.785378,0,1,95,58,90,100,830,1558,-2,0,-2,13,239,-33,0
142.789599,0,1,95,58,90,100,830,1558,-2,0,-2,13,239,-32,0
142.793804,0,0,95,58,90,100,830,1558,-2,0,-2,13,239,-32,0
142.806828,0,0,95,58,90,100,830,1558,-2,0,-2,13,239,-32,0
142.816684,0,1,95,58,90,100,830,1558,-2,0,-1,13,239,-32,0
142.820821,0,0,95,58,90,100,830,1558,-2,0,-1,13,239,-32,0
142.826073,0,0,95,58,90,100,830,1558,-2,0,-1,13,239,-32,0
142.838430,0,0,95,58,90,100,830,1558,-2,0,-1,13,239,-32,0
142.848439,0,0,95,58,90,100,830,1558,-2,0,-1,13,239,-32,0
142.852688,0,0,95,58,90,100,830,1558,-2,0,-1,13,239,-32,0
142.857693,0,0,95,58,90,100,830,1558,-2,0,-1,13,239,-32,0
142.868833,0,1,95,58,90,100,830,1558,-2,0,-2,13,239,-32,0
142.872924,0,0,95,58,90,100,830,1558,-2,0,-2,13,239,-32,0
142.880310,0,0,95,58,90,100,830,1558,-2,0,-2,13,239,-32,0
142.885392,0,0,95,58,90,100,830,1558,-2,0,-2,13,239,-32,0
142.899410,0,0,95,58,90,100,830,1558,-2,0,-2,13,239,-32,0
142.909758,0,0,95,58,90,100,830,1558,-2,0,-2,13,239,-32,0
142.914824,0,0,95,58,90,100,830,1558,-2,0,-2,13,239,-32,0
142.919727,0,0,95,58,90,100,830,1558,-2,0,-2,13,239,-32,0
142.930879,0,0,95,58,90,100,830,1558,-2,0,-2,13,239,-32,0
142.940700,0,0,95,58,90,100,830,1558,-2,0,-2,13,239,-32,0
142.945759,0,0,95,58,90,100,830,1558,-2,0,-2,13,239,-32,0
142.950862,0,1,95,58,90,100,830,1558,-2,-1,-1,13,239,-32,0
142.962480,0,1,95,58,90,100,830,1558,-2,-1,-1,14,239,-32,0
142.972476,0,0,95,58,90,100,830,1558,-2,-1,-1,14,239,-32,0
142.977566,0,0,95,58,90,100,830,1558,-2,-1,-1,14,239,-32,0
142.991468,0,1,95,58,90,100,830,1558,-2,0,-1,14,239,-32,0
142.996656,0,1,95,58,90,100,830,1558,-2,0,-1,14,240,-32,0
143.005510,0,0,95,58,90,100,830,1558,-2,0,-1,14,240,-32,0
143.011535,0,1,95,58,90,100,830,1558,-2,-1,-1,14,240,-32,0
143.023796,0,1,95,58,90,100,830,1558,-2,-1,-1,14,239,-32,0
143.027897,0,0,95,58,90,100,830,1558,-2,-1,-1,14,239,-32,0
143.035685,0,0,95,58,90,100,830,1558,-2,-1,-1,14,239,-32,0
143.040642,0,1,95,58,90,100,830,1558,-1,0,-1,14,239,-32,0
143.054222,0,0,95,58,90,100,830,1558,-1,0,-1,14,239,-32,0
143.058788,0,0,95,58,90,100,830,1558,-1,0,-1,14,239,-32,0
143.065768,0,0,95,58,90,100,830,1558,-1,0,-1,14,239,-32,0
143.070216,0,1,95,58,90,100,830,1558,-1,-1,-1,14,239,-32,0
143.074269,0,0,95,58,90,100,830,1558,-1,-1,-1,14,239,-32,0
143.085770,0,0,95,58,90,100,830,1558,-1,-1,-1,14,239,-32,0
143.089889,0,0,95,58,90,100,830,1558,-1,-1,-1,14,239,-32,0
143.097185,0,1,95,58,90,100,830,1558,-2,-1,-1,14,239,-32,0
143.101770,0,0,95,58,90,100,830,1558,-2,-1,-1,14,239,-32,0
143.115256,0,0,95,58,90,100,830,1558,-2,-1,-1,14,239,-32,0
143.119449,0,0,95,58,90,100,830,1558,-2,-1,-1,14,239,-32,0
143.127803,0,0,95,58,90,100,830,1558,-2,-1,-1,14,239,-32,0
143.132808,0,1,95,58,90,100,830,1558,-2,0,-1,14,239,-32,0
143.146424,0,1,95,58,90,100,830,1558,-2,0,-1,14,240,-32,0
143.151026,0,0,95,58,90,100,830,1558,-2,0,-1,14,240,-32,0
143.159442,0,0,95,58,90,100,830,1558,-2,0,-1,14,240,-32,0
143.164350,0,0,95,58,90,100,830,1558,-2,0,-1,14,240,-32,0
143.177785,0,1,95,58,90,100,830,1558,-2,0,-1,14,239,-33,0
143.181884,0,0,95,58,90,100,830,1558,-2,0,-1,14,239,-33,0
143.191035,0,1,95,58,90,100,830,1558,-1,0,-1,14,239,-33,0
143.196864,0,0,95,58,90,100,830,1558,-1,0,-1,14,239,-33,0
143.210549,0,1,95,58,90,100,830,1558,-1,0,-1,14,239,-32,0
143.220930,0,0,95,58,90,100,830,1558,-1,0,-1,14,239,-32,0
143.225534,0,1,95,58,90,100,830,1558,-1,0,-2,14,239,-32,0
143.229868,0,1,95,58,90,100,830,1558,-1,0,-2,14,239,-33,0
143.242162,0,0,95,58,90,100,830,1558,-1,0,-2,14,239,-33,0
146.112950,1,1,95,58,90,100,830,1558,-2,0,-2,14,240,-32,0
146.124000,0,0,95,58,90,100,830,1558,-2,0,-2,14,240,-32,0
146.133660,0,1,95,58,90,100,830,1558,-1,0,-2,14,240,-32,0
146.138070,0,0,95,58,90,100,830,1558,-1,0,-2,14,240,-32,0
146.142607,0,0,95,58,90,100,830,1558,-1,0,-2,14,240,-32,0
146.155054,0,0,95,58,90,100,830,1558,-1,0,-2,14,240,-32,0
146.164730,0,1,95,58,90,100,830,1558,-2,0,-2,14,240,-32,0
146.168848,0,1,95,58,90,100,830,1558,-2,0,-2,14,239,-32,0
146.173751,0,0,95,58,90,100,830,1558,-2,0,-2,14,239,-32,0
146.185822,0,0,95,58,90,100,830,1558,-2,0,-2,14,239,-32,0
146.195462,0,0,95,58,90,100,830,1558,-2,0,-2,14,239,-32,0
146.199568,0,0,95,58,90,100,830,1558,-2,0,-2,14,239,-32,0
146.204634,0,0,95,58,90,100,830,1558,-2,0,-2,14,239,-32,0
146.217123,0,0,95,58,90,100,830,1558,-2,0,-2,14,239,-32,0
146.226654,0,1,95,58,90,100,830,1558,-1,0,-2,14,239,-32,0
146.231684,0,0,95,58,90,100,830,1558,-1,0,-2,14,239,-32,0
146.236830,0,0,95,58,90,100,830,1558,-1,0,-2,14,239,-32,0
146.248260,0,0,95,58,90,100,830,1558,-1,0,-2,14,239,-32,0
146.257995,0,1,95,58,90,100,830,1558,-1,0,-1,14,239,-32,0
146.262894,0,0,95,58,90,100,830,1558,-1,0,-1,14,239,-32,0
146.267500,0,0,95,58,90,100,830,1558,-1,0,-1,14,239,-32,0
146.278516,0,0,95,58,90,100,830,1558,-1,0,-1,14,239,-32,0
146.288451,0,0,95,58,90,100,830,1558,-1,0,-1,14,239,-32,0
146.292678,0,1,95,58,90,100,830,1558,-1,0,-1,13,239,-32,0
146.296791,0,0,95,58,90,100,830,1558,-1,0,-1,13,239,-32,0
146.309821,0,1,95,58,90,100,830,1558,-2,0,-1,13,239,-32,0
146.319502,0,1,95,58,90,100,830,1558,-2,0,-2,13,239,-32,0
146.324532,0,1,95,58,90,100,830,1558,-2,0,-2,13,240,-32,0
146.329739,0,0,95,58,90,100,830,1558,-2,0,-2,13,240,-32,0
146.340536,0,1,95,58,90,100,830,1558,-1,0,-2,13,240,-32,0
146.344711,0,1,95,58,90,100,830,1558,-1,0,-2,14,240,-32,0
146.352020,0,0,95,58,90,100,830,1558,-1,0,-2,14,240,-32,0
146.356205,0,0,95,58,90,100,830,1558,-1,0,-2,14,240,-32,0
146.360816,0,0,95,58,90,100,830,1558,-1,0,-2,14,240,-32,0
146.372087,0,0,95,58,90,100,830,1558,-1,0,-2,14,240,-32,0
146.381549,0,1,95,58,90,100,830,1558,-1,0,-1,14,240,-32,0
146.385785,0,0,95,58,90,100,830,1558,-1,0,-1,14,240,-32,0
146.390555,0,0,95,58,90,100,830,1558,-1,0,-1,14,240,-32,0
146.402828,0,0,95,58,90,100,830,1558,-1,0,-1,14,240,-32,0
146.412475,0,0,95,58,90,100,830,1558,-1,0,-1,14,240,-32,0
146.416711,0,0,95,58,90,100,830,1558,-1,0,-1,14,240,-32,0
146.420837,0,0,95,58,90,100,830,1558,-1,0,-1,14,240,-32,0
146.433860,0,1,95,58,90,100,830,1558,-2,0,-2,14,240,-32,0
146.443639,0,0,95,58,90,100,830,1558,-2,0,-2,14,240,-32,0
146.448020,0,0,95,58,90,100,830,1558,-2,0,-2,14,240,-32,0
146.452291,0,1,95,58,90,100,830,1558,-1,0,-2,14,240,-32,0
146.465324,0,1,95,58,90,100,830,1558,-1,0,-1,14,240,-32,0
146.475455,0,0,95,58,90,100,830,1558,-1,0,-1,14,240,-32,0
146.480463,0,0,95,58,90,100,830,1558,-1,0,-1,14,240,-32,0
146.484653,0,0,95,58,90,100,830,1558,-1,0,-1,14,240,-32,0
146.496277,0,1,95,58,90,100,830,1558,-1,0,-2,14,240,-32,0
146.506039,0,0,95,58,90,100,830,1558,-1,0,-2,14,240,-32,0
146.511017,0,0,95,58,90,100,830,1558,-1,0,-2,14,240,-32,0
146.516047,0,0,95,58,90,100,830,1558,-1,0,-2,14,240,-32,0
146.527521,0,0,95,58,90,100,830,1558,-1,0,-2,14,240,-32,0
146.537811,0,1,95,58,90,100,830,1558,-1,0,-2,14,239,-32,0
146.542881,0,0,95,58,90,100,830,1558,-1,0,-2,14,239,-32,0
146.556345,0,0,95,58,90,100,830,1558,-1,0,-2,14,239,-32,0
146.561305,0,1,95,58,90,100,830,1558,-1,0,-1,14,239,-32,0
146.569052,0,0,95,58,90,100,830,1558,-1,0,-1,14,239,-32,0
146.573752,0,0,95,58,90,100,830,1558,-1,0,-1,14,239,-32,0
146.587342,0,1,95,58,90,100,830,1558,-1,0,-2,14,239,-32,0
146.592447,0,1,95,58,90,100,830,1558,-1,0,-2,14,240,-32,0
146.600464,0,0,95,58,90,100,830,1558,-1,0,-2,14,240,-32,0
146.605138,0,1,95,58,90,100,830,1558,-2,0,-2,14,240,-32,0
146.618569,0,1,95,58,90,100,830,1558,-2,0,-1,14,240,-32,0
146.623223,0,0,95,58,90,100,830,1558,-2,0,-1,14,240,-32,0
146.632377,0,0,95,58,90,100,830,1558,-2,0,-1,14,240,-32,0
146.638039,0,0,95,58,90,100,830,1558,-2,0,-1,14,240,-32,0
146.651374,0,0,95,58,90,100,830,1558,-2,0,-1,14,240,-32,0
146.660805,0,0,95,58,90,100,830,1558,-2,0,-1,14,240,-32,0
146.665510,0,0,95,58,90,100,830,1558,-2,0,-1,14,240,-32,0
146.670447,0,1,95,58,90,100,830,1558,-1,0,-1,14,240,-32,0
146.682564,0,1,95,58,90,100,830,1558,-1,0,-2,14,240,-32,0
146.692458,0,0,95,58,90,100,830,1558,-1,0,-2,14,240,-32,0
146.697540,0,1,95,58,90,100,830,1558,-2,0,-2,14,240,-32,0
146.702210,0,0,95,58,90,100,830,1558,-2,0,-2,14,240,-32,0
146.713575,0,0,95,58,90,100,830,1558,-2,0,-2,14,240,-32,0
146.724354,0,0,95,58,90,100,830,1558,-2,0,-2,14,240,-32,0
146.730533,0,0,95,58,90,100,830,1558,-2,0,-2,14,240,-32,0
146.745053,0,1,95,58,90,100,830,1558,-2,0,-1,13,240,-32,0
146.755086,0,0,95,58,90,100,830,1558,-2,0,-1,13,240,-32,0
146.759785,0,1,95,58,90,100,830,1558,-1,0,-1,13,240,-32,0
146.773307,0,1,95,58,90,100,830,1558,-1,0,-1,14,240,-32,0
146.778266,0,0,95,58,90,100,830,1558,-1,0,-1,14,240,-32,0
146.786424,0,0,95,58,90,100,830,1558,-1,0,-1,14,240,-32,0
146.790728,0,1,95,58,90,100,830,1558,-2,0,-2,14,240,-32,0
146.794898,0,0,95,58,90,100,830,1558,-2,0,-2,14,240,-32,0
146.806226,0,0,95,58,90,100,830,1558,-2,0,-2,14,240,-32,0
146.816702,0,0,95,58,90,100,830,1558,-2,0,-2,14,240,-32,0
146.821226,0,1,95,58,90,100,830,1558,-1,0,-2,14,240,-32,0
146.825408,0,0,95,58,90,100,830,1558,-1,0,-2,14,240,-32,0
146.836544,0,0,95,58,90,100,830,1558,-1,0,-2,14,240,-32,0
146.846555,0,0,95,58,90,100,830,1558,-1,0,-2,14,240,-32,0
146.851753,0,1,95,58,90,100,830,1558,-1,0,-1,14,240,-32,0
146.856704,0,0,95,58,90,100,830,1558,-1,0,-1,14,240,-32,0
146.868341,0,0,95,58,90,100,830,1558,-1,0,-1,14,240,-32,0
146.878441,0,1,95,58,90,100,830,1558,-2,0,-1,14,240,-32,0
149.753962,1,1,95,58,90,100,830,1558,-1,0,-2,16,246,-35,0
149.762264,0,1,95,58,90,100,830,1558,-1,0,-1,15,246,-35,0
149.766490,0,1,95,58,90,100,830,1558,-1,0,-1,15,246,-34,0
149.770520,0,0,95,58,90,100,830,1558,-1,0,-1,15,246,-34,0
149.781830,0,1,95,58,90,100,830,1558,-2,0,-1,15,246,-34,0
149.785965,0,0,95,58,90,100,830,1558,-2,0,-1,15,246,-34,0
149.793140,0,1,95,58,90,100,830,1558,-2,0,-1,16,246,-34,0
149.797271,0,0,95,58,90,100,830,1558,-2,0,-1,16,246,-34,0
149.801446,0,0,95,58,90,100,830,1558,-2,0,-1,16,246,-34,0
149.812468,0,0,95,58,90,100,830,1558,-2,0,-1,16,246,-34,0
149.816695,0,1,95,58,90,100,830,1558,-1,0,-1,16,246,-34,0
149.824057,0,0,95,58,90,100,830,1558,-1,0,-1,16,246,-34,0
149.828223,0,0,95,58,90,100,830,1558,-1,0,-1,16,246,-34,0
149.832825,0,0,95,58,90,100,830,1558,-1,0,-1,16,246,-34,0
149.844544,0,0,95,58,90,100,830,1558,-1,0,-1,16,246,-34,0
149.854476,0,0,95,58,90,100,830,1558,-1,0,-1,16,246,-34,0
149.859519,0,0,95,58,90,100,830,1558,-1,0,-1,16,246,-34,0
149.873351,0,0,95,58,90,100,830,1558,-1,0,-1,16,246,-34,0
149.878429,0,0,95,58,90,100,830,1558,-1,0,-1,16,246,-34,0
149.886577,0,0,95,58,90,100,830,1558,-1,0,-1,16,246,-34,0
149.890805,0,0,95,58,90,100,830,1558,-1,0,-1,16,246,-34,0
149.904271,0,0,95,58,90,100,830,1558,-1,0,-1,16,246,-34,0
149.906914,0,1,95,58,90,100,830,1558,-1,-1,-1,16,246,-34,0
149.916471,0,0,95,58,90,100,830,1558,-1,-1,-1,16,246,-34,0
149.921493,0,0,95,58,90,100,830,1558,-1,-1,-1,16,246,-34,0
149.935242,0,0,95,58,90,100,830,1558,-1,-1,-1,16,246,-34,0
149.940132,0,1,95,58,90,100,830,1558,-1,0,-1,16,246,-34,0
149.948178,0,0,95,58,90,100,830,1558,-1,0,-1,16,246,-34,0
149.952816,0,0,95,58,90,100,830,1558,-1,0,-1,16,246,-34,0
149.966257,0,1,95,58,90,100,830,1558,-2,0,-1,16,246,-34,0
149.970402,0,0,95,58,90,100,830,1558,-2,0,-1,16,246,-34,0
149.979652,0,0,95,58,90,100,830,1558,-2,0,-1,16,246,-34,0
149.984677,0,1,95,58,90,100,830,1558,-1,0,-1,16,246,-34,0
149.998438,0,0,95,58,90,100,830,1558,-1,0,-1,16,246,-34,0
150.008565,0,0,95,58,90,100,830,1558,-1,0,-1,16,246,-34,0
150.013212,0,0,95,58,90,100,830,1558,-1,0,-1,16,246,-34,0
150.017807,0,0,95,58,90,100,830,1558,-1,0,-1,16,246,-34,0
150.030200,0,0,95,58,90,100,830,1558,-1,0,-1,16,246,-34,0
150.039670,0,0,95,58,90,100,830,1558,-1,0,-1,16,246,-34,0
150.044207,0,0,95,58,90,100,830,1558,-1,0,-1,16,246,-34,0
150.049068,0,0,95,58,90,100,830,1558,-1,0,-1,16,246,-34,0
150.060879,0,0,95,58,90,100,830,1558,-1,0,-1,16,246,-34,0
150.070684,0,0,95,58,90,100,830,1558,-1,0,-1,16,246,-34,0
150.074752,0,0,95,58,90,100,830,1558,-1,0,-1,16,246,-34,0
150.079309,0,1,95,58,90,100,830,1558,-1,-1,-1,16,246,-34,0
150.092285,0,0,95,58,90,100,830,1558,-1,-1,-1,16,246,-34,0
150.102574,0,0,95,58,90,100,830,1558,-1,-1,-1,16,246,-34,0
150.108023,0,1,95,58,90,100,830,1558,-2,-1,-1,16,246,-34,0
150.121486,0,1,95,58,90,100,830,1558,-2,-1,-1,15,247,-34,0
150.126553,0,0,95,58,90,100,830,1558,-2,-1,-1,15,247,-34,0
150.134429,0,0,95,58,90,100,830,1558,-2,-1,-1,15,247,-34,0
150.139425,0,1,95,58,90,100,830,1558,-2,0,-1,15,247,-34,0
150.152862,0,1,95,58,90,100,830,1558,-2,0,-1,16,246,-34,0
150.157154,0,0,95,58,90,100,830,1558,-2,0,-1,16,246,-34,0
150.165603,0,0,95,58,90,100,830,1558,-2,0,-1,16,246,-34,0
150.170591,0,1,95,58,90,100,830,1558,-2,-1,-1,16,246,-34,0
150.184323,0,1,95,58,90,100,830,1558,-2,-1,-1,15,247,-34,0
150.194628,0,0,95,58,90,100,830,1558,-2,-1,-1,15,247,-34,0
150.199913,0,1,95,58,90,100,830,1558,-2,0,-1,15,247,-34,0
150.205118,0,0,95,58,90,100,830,1558,-2,0,-1,15,247,-34,0
150.216609,0,0,95,58,90,100,830,1558,-2,0,-1,15,247,-34,0
150.226392,0,0,95,58,90,100,830,1558,-2,0,-1,15,247,-34,0
150.231998,0,1,95,58,90,100,830,1558,-2,-1,-1,16,247,-34,0
150.245682,0,1,95,58,90,100,830,1558,-2,-1,-1,16,247,-33,0
150.249827,0,0,95,58,90,100,830,1558,-2,-1,-1,16,247,-33,0
150.258223,0,1,95,58,90,100,830,1558,-2,0,-1,16,247,-33,0
150.262446,0,1,95,58,90,100,830,1558,-2,0,-1,16,246,-33,0
150.266794,0,1,95,58,90,100,830,1558,-2,0,-1,16,246,-34,0
150.277991,0,0,95,58,90,100,830,1558,-2,0,-1,16,246,-34,0
150.287479,0,0,95,58,90,100,830,1558,-2,0,-1,16,246,-34,0
150.291755,0,0,95,58,90,100,830,1558,-2,0,-1,16,246,-34,0
150.296001,0,0,95,58,90,100,830,1558,-2,0,-1,16,246,-34,0
150.309241,0,0,95,58,90,100,830,1558,-2,0,-1,16,246,-34,0
150.318639,0,1,95,58,90,100,830,1558,-1,0,-1,16,246,-34,0
150.322841,0,1,95,58,90,100,830,1558,-1,-1,-1,16,246,-34,0
150.327401,0,0,95,58,90,100,830,1558,-1,-1,-1,16,246,-34,0
150.341345,0,1,95,58,90,100,830,1558,-2,-1,-1,16,246,-34,0
150.351906,0,1,95,58,90,100,830,1558,-2,0,-1,16,246,-34,0
150.357503,0,1,95,58,90,100,830,1558,-2,0,-1,16,247,-34,0
150.372124,0,0,95,58,90,100,830,1558,-2,0,-1,16,247,-34,0
150.382740,0,1,95,58,90,100,830,1558,-2,-1,-1,15,247,-34,0
150.387436,0,0,95,58,90,100,830,1558,-2,-1,-1,15,247,-34,0
150.401397,0,0,95,58,90,100,830,1558,-2,-1,-1,15,247,-34,0
150.405601,0,1,95,58,90,100,830,1558,-2,0,-1,15,247,-34,0
150.412991,0,0,95,58,90,100,830,1558,-2,0,-1,15,247,-34,0
150.417140,0,0,95,58,90,100,830,1558,-2,0,-1,15,247,-34,0
150.421406,0,0,95,58,90,100,830,1558,-2,0,-1,15,247,-34,0
150.432962,0,0,95,58,90,100,830,1558,-2,0,-1,15,247,-34,0
150.442791,0,0,95,58,90,100,830,1558,-2,0,-1,15,247,-34,0
150.447379,0,0,95,58,90,100,830,1558,-2,0,-1,15,247,-34,0
150.451958,0,0,95,58,90,100,830,1558,-2,0,-1,15,247,-34,0
150.463846,0,0,95,58,90,100,830,1558,-2,0,-1,15,247,-34,0
150.467981,0,0,95,58,90,100,830,1558,-2,0,-1,15,247,-34,0
150.475397,0,0,95,58,90,100,830,1558,-2,0,-1,15,247,-34,0
150.479894,0,1,95,58,90,100,830,1558,-2,0,-1,15,247,-33,0
150.493261,0,0,95,58,90,100,830,1558,-2,0,-1,15,247,-33,0
150.497431,0,0,95,58,90,100,830,1558,-2,0,-1,15,247,-33,0
150.506059,0,1,95,58,90,100,830,1558,-2,0,-1,16,247,-33,0
153.382201,1,1,95,58,90,100,830,1558,-2,0,-1,14,240,-32,0
153.390274,0,0,95,58,90,100,830,1558,-2,0,-1,14,240,-32,0
153.396119,0,0,95,58,90,100,830,1558,-2,0,-1,14,240,-32,0
153.409642,0,0,95,58,90,100,830,1558,-2,0,-1,14,240,-32,0
153.420385,0,0,95,58,90,100,830,1558,-2,0,-1,14,240,-32,0
153.426283,0,1,95,58,90,100,830,1558,-2,0,-1,13,240,-32,0
153.440886,0,0,95,58,90,100,830,1558,-2,0,-1,13,240,-32,0
153.450512,0,0,95,58,90,100,830,1558,-2,0,-1,13,240,-32,0
153.454877,0,0,95,58,90,100,830,1558,-2,0,-1,13,240,-32,0
153.459129,0,1,95,58,90,100,830,1558,-2,0,-1,13,239,-32,0
153.470486,0,0,95,58,90,100,830,1558,-2,0,-1,13,239,-32,0
153.480381,0,0,95,58,90,100,830,1558,-2,0,-1,13,239,-32,0
153.484511,0,1,95,58,90,100,830,1558,-2,0,-1,14,239,-32,0
153.490354,0,0,95,58,90,100,830,1558,-2,0,-1,14,239,-32,0
153.502711,0,0,95,58,90,100,830,1558,-2,0,-1,14,239,-32,0
153.512693,0,0,95,58,90,100,830,1558,-2,0,-1,14,239,-32,0
153.517598,0,0,95,58,90,100,830,1558,-2,0,-1,14,239,-32,0
153.531317,0,0,95,58,90,100,830,1558,-2,0,-1,14,239,-32,0
153.536304,0,0,95,58,90,100,830,1558,-2,0,-1,14,239,-32,0
153.544074,0,1,95,58,90,100,830,1558,-2,0,0,14,239,-32,0
153.548660,0,0,95,58,90,100,830,1558,-2,0,0,14,239,-32,0
153.562273,0,0,95,58,90,100,830,1558,-2,0,0,14,239,-32,0
153.566423,0,0,95,58,90,100,830,1558,-2,0,0,14,239,-32,0
153.575485,0,1,95,58,90,100,830,1558,-2,0,-1,13,239,-32,0
153.580578,0,1,95,58,90,100,830,1558,-2,0,-1,13,239,-31,0
153.594280,0,0,95,58,90,100,830,1558,-2,0,-1,13,239,-31,0
153.599264,0,0,95,58,90,100,830,1558,-2,0,-1,13,239,-31,0
153.607059,0,0,95,58,90,100,830,1558,-2,0,-1,13,239,-31,0
153.611717,0,1,95,58,90,100,830,1558,-2,0,-1,13,239,-32,0
153.625218,0,0,95,58,90,100,830,1558,-2,0,-1,13,239,-32,0
153.629483,0,0,95,58,90,100,830,1558,-2,0,-1,13,239,-32,0
153.637450,0,0,95,58,90,100,830,1558,-2,0,-1,13,239,-32,0
153.642415,0,0,95,58,90,100,830,1558,-2,0,-1,13,239,-32,0
153.655918,0,0,95,58,90,100,830,1558,-2,0,-1,13,239,-32,0
153.660981,0,0,95,58,90,100,830,1558,-2,0,-1,13,239,-32,0
153.667761,0,0,95,58,90,100,830,1558,-2,0,-1,13,239,-32,0
153.672994,0,0,95,58,90,100,830,1558,-2,0,-1,13,239,-32,0
153.686653,0,0,95,58,90,100,830,1558,-2,0,-1,13,239,-32,0
153.691646,0,0,95,58,90,100,830,1558,-2,0,-1,13,239,-32,0
153.699712,0,0,95,58,90,100,830,1558,-2,0,-1,13,239,-32,0
153.703848,0,0,95,58,90,100,830,1558,-2,0,-1,13,239,-32,0
153.717387,0,0,95,58,90,100,830,1558,-2,0,-1,13,239,-32,0
153.721591,0,0,95,58,90,100,830,1558,-2,0,-1,13,239,-32,0
153.730503,0,0,95,58,90,100,830,1558,-2,0,-1,13,239,-32,0
153.735201,0,0,95,58,90,100,830,1558,-2,0,-1,13,239,-32,0
153.748640,0,0,95,58,90,100,830,1558,-2,0,-1,13,239,-32,0
153.752952,0,1,95,58,90,100,830,1558,-2,0,-1,14,239,-32,0
153.761374,0,1,95,58,90,100,830,1558,-2,0,-1,14,239,-31,0
153.766264,0,0,95,58,90,100,830,1558,-2,0,-1,14,239,-31,0
153.779582,0,0,95,58,90,100,830,1558,-2,0,-1,14,239,-31,0
153.784221,0,0,95,58,90,100,830,1558,-2,0,-1,14,239,-31,0
153.792174,0,0,95,58,90,100,830,1558,-2,0,-1,14,239,-31,0
153.796346,0,0,95,58,90,100,830,1558,-2,0,-1,14,239,-31,0
153.800882,0,0,95,58,90,100,830,1558,-2,0,-1,14,239,-31,0
153.812418,0,0,95,58,90,100,830,1558,-2,0,-1,14,239,-31,0
153.822416,0,0,95,58,90,100,830,1558,-2,0,-1,14,239,-31,0
153.826640,0,0,95,58,90,100,830,1558,-2,0,-1,14,239,-31,0
153.830847,0,0,95,58,90,100,830,1558,-2,0,-1,14,239,-31,0
153.842532,0,0,95,58,90,100,830,1558,-2,0,-1,14,239,-31,0
153.852393,0,0,95,58,90,100,830,1558,-2,0,-1,14,239,-31,0
153.856682,0,0,95,58,90,100,830,1558,-2,0,-1,14,239,-31,0
153.861714,0,0,95,58,90,100,830,1558,-2,0,-1,14,239,-31,0
153.874313,0,1,95,58,90,100,830,1558,-2,0,-1,13,239,-31,0
153.885214,0,0,95,58,90,100,830,1558,-2,0,-1,13,239,-31,0
153.891131,0,0,95,58,90,100,830,1558,-2,0,-1,13,239,-31,0
153.906240,0,1,95,58,90,100,830,1558,-2,0,-1,14,239,-31,0
153.916985,0,1,95,58,90,100,830,1558,-2,0,-1,14,239,-32,0
153.922205,0,0,95,58,90,100,830,1558,-2,0,-1,14,239,-32,0
153.935532,0,0,95,58,90,100,830,1558,-2,0,-1,14,239,-32,0
153.939724,0,0,95,58,90,100,830,1558,-2,0,-1,14,239,-32,0
153.946802,0,0,95,58,90,100,830,1558,-2,0,-1,14,239,-32,0
153.951298,0,0,95,58,90,100,830,1558,-2,0,-1,14,239,-32,0
153.955509,0,0,95,58,90,100,830,1558,-2,0,-1,14,239,-32,0
153.966535,0,1,95,58,90,100,830,1558,-2,0,-1,13,239,-32,0
153.970796,0,0,95,58,90,100,830,1558,-2,0,-1,13,239,-32,0
153.978762,0,0,95,58,90,100,830,1558,-2,0,-1,13,239,-32,0
153.982893,0,0,95,58,90,100,830,1558,-2,0,-1,13,239,-32,0
153.996309,0,0,95,58,90,100,830,1558,-2,0,-1,13,239,-32,0
154.000513,0,1,95,58,90,100,830,1558,-2,0,-1,14,239,-32,0
154.009052,0,0,95,58,90,100,830,1558,-2,0,-1,14,239,-32,0
154.013249,0,0,95,58,90,100,830,1558,-2,0,-1,14,239,-32,0
154.017425,0,0,95,58,90,100,830,1558,-2,0,-1,14,239,-32,0
154.028456,0,1,95,58,90,100,830,1558,-2,0,-1,13,239,-32,0
154.032602,0,0,95,58,90,100,830,1558,-2,0,-1,13,239,-32,0
154.039767,0,0,95,58,90,100,830,1558,-2,0,-1,13,239,-32,0
154.043917,0,0,95,58,90,100,830,1558,-2,0,-1,13,239,-32,0
154.048575,0,0,95,58,90,100,830,1558,-2,0,-1,13,239,-32,0
154.059551,0,0,95,58,90,100,830,1558,-2,0,-1,13,239,-32,0
154.063740,0,0,95,58,90,100,830,1558,-2,0,-1,13,239,-32,0
154.072028,0,0,95,58,90,100,830,1558,-2,0,-1,13,239,-32,0
154.078207,0,0,95,58,90,100,830,1558,-2,0,-1,13,239,-32,0
154.092030,0,0,95,58,90,100,830,1558,-2,0,-1,13,239,-32,0
154.102200,0,0,95,58,90,100,830,1558,-2,0,-1,13,239,-32,0
154.108030,0,0,95,58,90,100,830,1558,-2,0,-1,13,239,-32,0
154.122139,0,1,95,58,90,100,830,1558,-2,0,-1,14,239,-32,0
154.132817,0,0,95,58,90,100,830,1558,-2,0,-1,14,239,-32,0
154.138388,0,0,95,58,90,100,830,1558,-2,0,-1,14,239,-32,0
154.151904,0,0,95,58,90,100,830,1558,-2,0,-1,14,239,-32,0
157.019809,1,1,95,58,90,100,830,1558,-1,0,-1,15,246,-34,0
157.024101,0,0,95,58,90,100,830,1558,-1,0,-1,15,246,-34,0
157.035735,0,0,95,58,90,100,830,1558,-1,0,-1,15,246,-34,0
157.045543,0,0,95,58,90,100,830,1558,-1,0,-1,15,246,-34,0
157.050094,0,0,95,58,90,100,830,1558,-1,0,-1,15,246,-34,0
157.054447,0,0,95,58,90,100,830,1558,-1,0,-1,15,246,-34,0
157.067104,0,0,95,58,90,100,830,1558,-1,0,-1,15,246,-34,0
157.076832,0,0,95,58,90,100,830,1558,-1,0,-1,15,246,-34,0
157.081802,0,0,95,58,90,100,830,1558,-1,0,-1,15,246,-34,0
157.087181,0,0,95,58,90,100,830,1558,-1,0,-1,15,246,-34,0
157.097968,0,0,95,58,90,100,830,1558,-1,0,-1,15,246,-34,0
157.107556,0,0,95,58,90,100,830,1558,-1,0,-1,15,246,-34,0
157.112572,0,0,95,58,90,100,830,1558,-1,0,-1,15,246,-34,0
157.116785,0,0,95,58,90,100,830,1558,-1,0,-1,15,246,-34,0
157.128544,0,0,95,58,90,100,830,1558,-1,0,-1,15,246,-34,0
157.132784,0,0,95,58,90,100,830,1558,-1,0,-1,15,246,-34,0
157.140483,0,0,95,58,90,100,830,1558,-1,0,-1,15,246,-34,0
157.145152,0,0,95,58,90,100,830,1558,-1,0,-1,15,246,-34,0
157.158344,0,0,95,58,90,100,830,1558,-1,0,-1,15,246,-34,0
157.162763,0,0,95,58,90,100,830,1558,-1,0,-1,15,246,-34,0
157.171810,0,0,95,58,90,100,830,1558,-1,0,-1,15,246,-34,0
157.174754,0,0,95,58,90,100,830,1558,-1,0,-1,15,246,-34,0
157.179315,0,0,95,58,90,100,830,1558,-1,0,-1,15,246,-34,0
157.191292,0,0,95,58,90,100,830,1558,-1,0,-1,15,246,-34,0
157.201437,0,0,95,58,90,100,830,1558,-1,0,-1,15,246,-34,0
157.205631,0,0,95,58,90,100,830,1558,-1,0,-1,15,246,-34,0
157.210215,0,0,95,58,90,100,830,1558,-1,0,-1,15,246,-34,0
157.222327,0,0,95,58,90,100,830,1558,-1,0,-1,15,246,-34,0
157.232820,0,0,95,58,90,100,830,1558,-1,0,-1,15,246,-34,0
157.237381,0,0,95,58,90,100,830,1558,-1,0,-1,15,246,-34,0
157.251303,0,0,95,58,90,100,830,1558,-1,0,-1,15,246,-34,0
157.256322,0,0,95,58,90,100,830,1558,-1,0,-1,15,246,-34,0
157.264372,0,0,95,58,90,100,830,1558,-1,0,-1,15,246,-34,0
157.268651,0,0,95,58,90,100,830,1558,-1,0,-1,15,246,-34,0
157.282499,0,0,95,58,90,100,830,1558,-1,0,-1,15,246,-34,0
157.287150,0,0,95,58,90,100,830,1558,-1,0,-1,15,246,-34,0
157.295031,0,0,95,58,90,100,830,1558,-1,0,-1,15,246,-34,0
157.299214,0,0,95,58,90,100,830,1558,-1,0,-1,15,246,-34,0
157.303425,0,0,95,58,90,100,830,1558,-1,0,-1,15,246,-34,0
157.314807,0,0,95,58,90,100,830,1558,-1,0,-1,15,246,-34,0
157.324758,0,0,95,58,90,100,830,1558,-1,0,-1,15,246,-34,0
157.328880,0,0,95,58,90,100,830,1558,-1,0,-1,15,246,-34,0
157.333002,0,0,95,58,90,100,830,1558,-1,0,-1,15,246,-34,0
157.346024,0,0,95,58,90,100,830,1558,-1,0,-1,15,246,-34,0
157.355469,0,0,95,58,90,100,830,1558,-1,0,-1,15,246,-34,0
157.359983,0,1,95,58,90,100,830,1558,-1,-1,-1,15,246,-34,0
157.364563,0,0,95,58,90,100,830,1558,-1,-1,-1,15,246,-34,0
157.376562,0,0,95,58,90,100,830,1558,-1,-1,-1,15,246,-34,0
157.380748,0,0,95,58,90,100,830,1558,-1,-1,-1,15,246,-34,0
157.387863,0,0,95,58,90,100,830,1558,-1,-1,-1,15,246,-34,0
157.392080,0,0,95,58,90,100,830,1558,-1,-1,-1,15,246,-34,0
157.396969,0,0,95,58,90,100,830,1558,-1,-1,-1,15,246,-34,0
157.408480,0,0,95,58,90,100,830,1558,-1,-1,-1,15,246,-34,0
157.419000,0,1,95,58,90,100,830,1558,-1,0,-1,15,246,-34,0
157.424425,0,0,95,58,90,100,830,1558,-1,0,-1,15,246,-34,0
157.438311,0,0,95,58,90,100,830,1558,-1,0,-1,15,246,-34,0
157.448548,0,0,95,58,90,100,830,1558,-1,0,-1,15,246,-34,0
157.454855,0,1,95,58,90,100,830,1558,-1,0,0,15,246,-34,0
157.468509,0,0,95,58,90,100,830,1558,-1,0,0,15,246,-34,0
157.473444,0,0,95,58,90,100,830,1558,-1,0,0,15,246,-34,0
157.480885,0,1,95,58,90,100,830,1558,-1,0,-1,15,246,-34,0
157.485762,0,0,95,58,90,100,830,1558,-1,0,-1,15,246,-34,0
157.499387,0,0,95,58,90,100,830,1558,-1,0,-1,15,246,-34,0
157.503522,0,0,95,58,90,100,830,1558,-1,0,-1,15,246,-34,0
157.511927,0,0,95,58,90,100,830,1558,-1,0,-1,15,246,-34,0
157.516861,0,0,95,58,90,100,830,1558,-1,0,-1,15,246,-34,0
157.530303,0,0,95,58,90,100,830,1558,-1,0,-1,15,246,-34,0
157.534903,0,0,95,58,90,100,830,1558,-1,0,-1,15,246,-34,0
157.543367,0,0,95,58,90,100,830,1558,-1,0,-1,15,246,-34,0
157.547904,0,0,95,58,90,100,830,1558,-1,0,-1,15,246,-34,0
157.561317,0,0,95,58,90,100,830,1558,-1,0,-1,15,246,-34,0
157.565525,0,0,95,58,90,100,830,1558,-1,0,-1,15,246,-34,0
157.574089,0,1,95,58,90,100,830,1558,-1,0,-1,15,247,-34,0
157.578271,0,0,95,58,90,100,830,1558,-1,0,-1,15,247,-34,0
157.582858,0,0,95,58,90,100,830,1558,-1,0,-1,15,247,-34,0
157.594143,0,0,95,58,90,100,830,1558,-1,0,-1,15,247,-34,0
157.603681,0,1,95,58,90,100,830,1558,-1,0,-1,15,246,-34,0
157.607756,0,0,95,58,90,100,830,1558,-1,0,-1,15,246,-34,0
157.611883,0,0,95,58,90,100,830,1558,-1,0,-1,15,246,-34,0
157.625329,0,0,95,58,90,100,830,1558,-1,0,-1,15,246,-34,0
157.635410,0,1,95,58,90,100,830,1558,-1,0,-1,15,247,-34,0
157.639658,0,0,95,58,90,100,830,1558,-1,0,-1,15,247,-34,0
157.644202,0,0,95,58,90,100,830,1558,-1,0,-1,15,247,-34,0
157.655454,0,0,95,58,90,100,830,1558,-1,0,-1,15,247,-34,0
157.665445,0,1,95,58,90,100,830,1558,-1,0,-1,15,246,-34,0
157.669744,0,0,95,58,90,100,830,1558,-1,0,-1,15,246,-34,0
157.674923,0,0,95,58,90,100,830,1558,-1,0,-1,15,246,-34,0
157.687273,0,1,95,58,90,100,830,1558,-1,-1,-1,15,246,-34,0
157.696954,0,1,95,58,90,100,830,1558,-1,-1,-1,15,247,-34,0
157.701158,0,0,95,58,90,100,830,1558,-1,-1,-1,15,247,-34,0
157.706009,0,0,95,58,90,100,830,1558,-1,-1,-1,15,247,-34,0
157.717526,0,1,95,58,90,100,830,1558,-1,0,-1,15,247,-34,0
157.721782,0,0,95,58,90,100,830,1558,-1,0,-1,15,247,-34,0
157.728809,0,0,95,58,90,100,830,1558,-1,0,-1,15,247,-34,0
157.732908,0,0,95,58,90,100,830,1558,-1,0,-1,15,247,-34,0
157.737135,0,0,95,58,90,100,830,1558,-1,0,-1,15,247,-34,0
157.748474,0,1,95,58,90,100,830,1558,-1,-1,-1,15,247,-34,0
157.752957,0,1,95,58,90,100,830,1558,-1,-1,-1,15,246,-34,0
157.761237,0,0,95,58,90,100,830,1558,-1,-1,-1,15,246,-34,0
157.766788,0,0,95,58,90,100,830,1558,-1,-1,-1,15,246,-34,0
157.779860,0,1,95,58,90,100,830,1558,-1,0,-1,15,246,-34,0
160.647254,1,1,95,58,90,100,830,1558,-1,0,-1,13,236,-31,0
160.651484,0,0,95,58,90,100,830,1558,-1,0,-1,13,236,-31,0
160.663249,0,1,95,58,90,100,830,1558,-1,0,-1,13,235,-31,0
160.673137,0,0,95,58,90,100,830,1558,-1,0,-1,13,235,-31,0
160.677086,0,0,95,58,90,100,830,1558,-1,0,-1,13,235,-31,0
160.681373,0,1,95,58,90,100,830,1558,-2,-1,-1,13,235,-31,0
160.693855,0,0,95,58,90,100,830,1558,-2,-1,-1,13,235,-31,0
160.703373,0,0,95,58,90,100,830,1558,-2,-1,-1,13,235,-31,0
160.707924,0,0,95,58,90,100,830,1558,-2,-1,-1,13,235,-31,0
160.712108,0,1,95,58,90,100,830,1558,-1,-1,-1,13,235,-31,0
160.724436,0,0,95,58,90,100,830,1558,-1,-1,-1,13,235,-31,0
160.728692,0,0,95,58,90,100,830,1558,-1,-1,-1,13,235,-31,0
160.736391,0,0,95,58,90,100,830,1558,-1,-1,-1,13,235,-31,0
160.741463,0,0,95,58,90,100,830,1558,-1,-1,-1,13,235,-31,0
160.755342,0,1,95,58,90,100,830,1558,-1,-1,-1,13,234,-31,0
160.765741,0,0,95,58,90,100,830,1558,-1,-1,-1,13,234,-31,0
160.769972,0,1,95,58,90,100,830,1558,-2,0,-1,13,234,-31,0
160.775043,0,0,95,58,90,100,830,1558,-2,0,-1,13,234,-31,0
160.786451,0,0,95,58,90,100,830,1558,-2,0,-1,13,234,-31,0
160.790711,0,0,95,58,90,100,830,1558,-2,0,-1,13,234,-31,0
160.799310,0,0,95,58,90,100,830,1558,-2,0,-1,13,234,-31,0
160.803000,0,0,95,58,90,100,830,1558,-2,0,-1,13,234,-31,0
160.816687,0,0,95,58,90,100,830,1558,-2,0,-1,13,234,-31,0
160.821260,0,0,95,58,90,100,830,1558,-2,0,-1,13,234,-31,0
160.828644,0,0,95,58,90,100,830,1558,-2,0,-1,13,234,-31,0
160.832802,0,0,95,58,90,100,830,1558,-2,0,-1,13,234,-31,0
160.837320,0,1,95,58,90,100,830,1558,-2,0,-1,13,235,-31,0
160.848452,0,0,95,58,90,100,830,1558,-2,0,-1,13,235,-31,0
160.852583,0,0,95,58,90,100,830,1558,-2,0,-1,13,235,-31,0
160.860292,0,0,95,58,90,100,830,1558,-2,0,-1,13,235,-31,0
160.864473,0,0,95,58,90,100,830,1558,-2,0,-1,13,235,-31,0
160.868854,0,1,95,58,90,100,830,1558,-2,0,-1,13,234,-31,0
160.880333,0,0,95,58,90,100,830,1558,-2,0,-1,13,234,-31,0
160.889640,0,0,95,58,90,100,830,1558,-2,0,-1,13,234,-31,0
160.895400,0,0,95,58,90,100,830,1558,-2,0,-1,13,234,-31,0
160.899698,0,1,95,58,90,100,830,1558,-2,0,-1,13,235,-31,0
160.911308,0,0,95,58,90,100,830,1558,-2,0,-1,13,235,-31,0
160.920895,0,0,95,58,90,100,830,1558,-2,0,-1,13,235,-31,0
160.925535,0,0,95,58,90,100,830,1558,-2,0,-1,13,235,-31,0
160.930142,0,1,95,58,90,100,830,1558,-2,0,-1,13,234,-31,0
160.942368,0,0,95,58,90,100,830,1558,-2,0,-1,13,234,-31,0
160.952768,0,1,95,58,90,100,830,1558,-1,0,-1,13,234,-31,0
160.957889,0,0,95,58,90,100,830,1558,-1,0,-1,13,234,-31,0
160.971353,0,0,95,58,90,100,830,1558,-1,0,-1,13,234,-31,0
160.976392,0,0,95,58,90,100,830,1558,-1,0,-1,13,234,-31,0
160.984560,0,1,95,58,90,100,830,1558,-2,0,-1,13,234,-31,0
160.989645,0,1,95,58,90,100,830,1558,-2,0,-2,13,234,-31,0
161.003311,0,0,95,58,90,100,830,1558,-2,0,-2,13,234,-31,0
161.007862,0,1,95,58,90,100,830,1558,-1,0,-2,13,234,-31,0
161.014888,0,0,95,58,90,100,830,1558,-1,0,-2,13,234,-31,0
161.019429,0,1,95,58,90,100,830,1558,-1,0,-1,13,234,-31,0
161.033361,0,0,95,58,90,100,830,1558,-1,0,-1,13,234,-31,0
161.038375,0,0,95,58,90,100,830,1558,-1,0,-1,13,234,-31,0
161.046326,0,1,95,58,90,100,830,1558,-2,0,-1,13,234,-31,0
161.050508,0,0,95,58,90,100,830,1558,-2,0,-1,13,234,-31,0
161.064326,0,0,95,58,90,100,830,1558,-2,0,-1,13,234,-31,0
161.069353,0,0,95,58,90,100,830,1558,-2,0,-1,13,234,-31,0
161.077461,0,0,95,58,90,100,830,1558,-2,0,-1,13,234,-31,0
161.081834,0,0,95,58,90,100,830,1558,-2,0,-1,13,234,-31,0
161.095242,0,0,95,58,90,100,830,1558,-2,0,-1,13,234,-31,0
161.099388,0,0,95,58,90,100,830,1558,-2,0,-1,13,234,-31,0
161.108077,0,0,95,58,90,100,830,1558,-2,0,-1,13,234,-31,0
161.112291,0,0,95,58,90,100,830,1558,-2,0,-1,13,234,-31,0
161.116431,0,0,95,58,90,100,830,1558,-2,0,-1,13,234,-31,0
161.127842,0,0,95,58,90,100,830,1558,-2,0,-1,13,234,-31,0
161.137711,0,0,95,58,90,100,830,1558,-2,0,-1,13,234,-31,0
161.142331,0,1,95,58,90,100,830,1558,-2,0,-1,13,235,-31,0
161.147260,0,0,95,58,90,100,830,1558,-2,0,-1,13,235,-31,0
161.159305,0,0,95,58,90,100,830,1558,-2,0,-1,13,235,-31,0
161.168622,0,0,95,58,90,100,830,1558,-2,0,-1,13,235,-31,0
161.172836,0,0,95,58,90,100,830,1558,-2,0,-1,13,235,-31,0
161.177051,0,0,95,58,90,100,830,1558,-2,0,-1,13,235,-31,0
161.189852,0,0,95,58,90,100,830,1558,-2,0,-1,13,235,-31,0
161.199500,0,1,95,58,90,100,830,1558,-2,0,-1,13,234,-31,0
161.203811,0,0,95,58,90,100,830,1558,-2,0,-1,13,234,-31,0
161.208047,0,0,95,58,90,100,830,1558,-2,0,-1,13,234,-31,0
161.221274,0,0,95,58,90,100,830,1558,-2,0,-1,13,234,-31,0
161.230832,0,0,95,58,90,100,830,1558,-2,0,-1,13,234,-31,0
161.235345,0,0,95,58,90,100,830,1558,-2,0,-1,13,234,-31,0
161.239579,0,0,95,58,90,100,830,1558,-2,0,-1,13,234,-31,0
161.251500,0,0,95,58,90,100,830,1558,-2,0,-1,13,234,-31,0
161.255819,0,1,95,58,90,100,830,1558,-2,0,-1,14,234,-31,0
161.263319,0,1,95,58,90,100,830,1558,-2,0,-1,14,234,-32,0
161.268233,0,0,95,58,90,100,830,1558,-2,0,-1,14,234,-32,0
161.281501,0,0,95,58,90,100,830,1558,-2,0,-1,14,234,-32,0
161.285703,0,1,95,58,90,100,830,1558,-2,-1,-1,14,234,-32,0
161.293774,0,1,95,58,90,100,830,1558,-2,-1,-1,13,234,-31,0
161.298136,0,0,95,58,90,100,830,1558,-2,-1,-1,13,234,-31,0
161.302714,0,0,95,58,90,100,830,1558,-2,-1,-1,13,234,-31,0
161.313887,0,1,95,58,90,100,830,1558,-2,0,-1,13,234,-31,0
161.318001,0,0,95,58,90,100,830,1558,-2,0,-1,13,234,-31,0
161.325557,0,0,95,58,90,100,830,1558,-2,0,-1,13,234,-31,0
161.329783,0,0,95,58,90,100,830,1558,-2,0,-1,13,234,-31,0
161.343369,0,0,95,58,90,100,830,1558,-2,0,-1,13,234,-31,0
161.347548,0,0,95,58,90,100,830,1558,-2,0,-1,13,234,-31,0
161.355989,0,0,95,58,90,100,830,1558,-2,0,-1,13,234,-31,0
161.360132,0,0,95,58,90,100,830,1558,-2,0,-1,13,234,-31,0
161.364227,0,0,95,58,90,100,830,1558,-2,0,-1,13,234,-31,0
161.375939,0,0,95,58,90,100,830,1558,-2,0,-1,13,234,-31,0
161.385401,0,0,95,58,90,100,830,1558,-2,0,-1,13,234,-31,0
161.389890,0,0,95,58,90,100,830,1558,-2,0,-1,13,234,-31,0
161.394108,0,0,95,58,90,100,830,1558,-2,0,-1,13,234,-31,0
161.407596,0,0,95,58,90,100,830,1558,-2,0,-1,13,234,-31,0
164.288908,1,1,95,58,90,100,830,1558,-1,0,-1,14,239,-31,0
164.293439,0,1,95,58,90,100,830,1558,-2,0,-1,14,239,-31,0
164.301173,0,1,95,58,90,100,830,1558,-2,0,-1,13,239,-31,0
164.305616,0,1,95,58,90,100,830,1558,-2,0,-1,13,238,-31,0
164.309685,0,0,95,58,90,100,830,1558,-2,0,-1,13,238,-31,0
164.321253,0,0,95,58,90,100,830,1558,-2,0,-1,13,238,-31,0
164.330883,0,0,95,58,90,100,830,1558,-2,0,-1,13,238,-31,0
164.335594,1,0,95,58,90,100,829,1558,-2,0,-1,13,238,-31,0
164.340728,0,0,95,58,90,100,829,1558,-2,0,-1,13,238,-31,0
164.352221,0,0,95,58,90,100,829,1558,-2,0,-1,13,238,-31,0
164.361757,0,0,95,58,90,100,829,1558,-2,0,-1,13,238,-31,0
164.366773,0,0,95,58,90,100,829,1558,-2,0,-1,13,238,-31,0
164.371389,0,0,95,58,90,100,829,1558,-2,0,-1,13,238,-31,0
164.382825,0,0,95,58,90,100,829,1558,-2,0,-1,13,238,-31,0
164.386899,0,0,95,58,90,100,829,1558,-2,0,-1,13,238,-31,0
164.394651,0,0,95,58,90,100,829,1558,-2,0,-1,13,238,-31,0
164.398813,0,0,95,58,90,100,829,1558,-2,0,-1,13,238,-31,0
164.402905,0,0,95,58,90,100,829,1558,-2,0,-1,13,238,-31,0
164.414613,0,0,95,58,90,100,829,1558,-2,0,-1,13,238,-31,0
164.423988,0,1,95,58,90,100,829,1558,-2,0,-1,14,238,-31,0
164.428081,0,0,95,58,90,100,829,1558,-2,0,-1,14,238,-31,0
164.432313,0,0,95,58,90,100,829,1558,-2,0,-1,14,238,-31,0
164.444881,0,0,95,58,90,100,829,1558,-2,0,-1,14,238,-31,0
164.446816,0,0,95,58,90,100,829,1558,-2,0,-1,14,238,-31,0
164.455920,0,0,95,58,90,100,829,1558,-2,0,-1,14,238,-31,0
164.460103,0,0,95,58,90,100,829,1558,-2,0,-1,14,238,-31,0
164.464351,0,0,95,58,90,100,829,1558,-2,0,-1,14,238,-31,0
164.476228,0,0,95,58,90,100,829,1558,-2,0,-1,14,238,-31,0
164.485875,0,1,95,58,90,100,829,1558,-2,0,-1,13,238,-31,0
164.490065,0,0,95,58,90,100,829,1558,-2,0,-1,13,238,-31,0
164.494543,0,0,95,58,90,100,829,1558,-2,0,-1,13,238,-31,0
164.507307,0,0,95,58,90,100,829,1558,-2,0,-1,13,238,-31,0
164.517895,0,1,95,58,90,100,829,1558,-2,0,-1,14,237,-31,0
164.524195,0,0,95,58,90,100,829,1558,-2,0,-1,14,237,-31,0
164.539312,0,1,95,58,90,100,829,1558,-2,0,-1,13,237,-31,0
164.549884,0,0,95,58,90,100,829,1558,-2,0,-1,13,237,-31,0
164.554555,0,0,95,58,90,100,829,1558,-2,0,-1,13,237,-31,0
164.567818,0,0,95,58,90,100,829,1558,-2,0,-1,13,237,-31,0
164.572344,0,0,95,58,90,100,829,1558,-2,0,-1,13,237,-31,0
164.580010,0,0,95,58,90,100,829,1558,-2,0,-1,13,237,-31,0
164.584217,0,0,95,58,90,100,829,1558,-2,0,-1,13,237,-31,0
164.588740,0,0,95,58,90,100,829,1558,-2,0,-1,13,237,-31,0
164.599932,0,0,95,58,90,100,829,1558,-2,0,-1,13,237,-31,0
164.609438,0,0,95,58,90,100,829,1558,-2,0,-1,13,237,-31,0
164.613930,0,0,95,58,90,100,829,1558,-2,0,-1,13,237,-31,0
164.618151,0,0,95,58,90,100,829,1558,-2,0,-1,13,237,-31,0
164.630856,0,1,95,58,90,100,829,1558,-2,0,-1,14,237,-31,0
164.640506,0,0,95,58,90,100,829,1558,-2,0,-1,14,237,-31,0
164.645478,0,0,95,58,90,100,829,1558,-2,0,-1,14,237,-31,0
164.649734,0,0,95,58,90,100,829,1558,-2,0,-1,14,237,-31,0
164.661497,0,1,95,58,90,100,829,1558,-2,0,-1,13,237,-31,0
164.665653,0,0,95,58,90,100,829,1558,-2,0,-1,13,237,-31,0
164.673725,0,0,95,58,90,100,829,1558,-2,0,-1,13,237,-31,0
164.677866,0,0,95,58,90,100,829,1558,-2,0,-1,13,237,-31,0
164.691384,0,1,95,58,90,100,829,1558,-2,0,-1,14,237,-31,0
164.695955,0,0,95,58,90,100,829,1558,-2,0,-1,14,237,-31,0
164.703975,0,0,95,58,90,100,829,1558,-2,0,-1,14,237,-31,0
164.709875,0,1,95,58,90,100,829,1558,-1,0,-1,14,237,-31,0
164.723548,0,0,95,58,90,100,829,1558,-1,0,-1,14,237,-31,0
164.733641,0,0,95,58,90,100,829,1558,-1,0,-1,14,237,-31,0
164.739463,0,0,95,58,90,100,829,1558,-1,0,-1,14,237,-31,0
164.753260,0,1,95,58,90,100,829,1558,-1,0,-1,13,237,-31,0
164.758302,0,0,95,58,90,100,829,1558,-1,0,-1,13,237,-31,0
164.765936,0,0,95,58,90,100,829,1558,-1,0,-1,13,237,-31,0
164.770132,0,0,95,58,90,100,829,1558,-1,0,-1,13,237,-31,0
164.774362,0,0,95,58,90,100,829,1558,-1,0,-1,13,237,-31,0
164.785573,0,0,95,58,90,100,829,1558,-1,0,-1,13,237,-31,0
164.789795,0,0,95,58,90,100,829,1558,-1,0,-1,13,237,-31,0
164.797760,0,0,95,58,90,100,829,1558,-1,0,-1,13,237,-31,0
164.802747,0,0,95,58,90,100,829,1558,-1,0,-1,13,237,-31,0
164.815830,0,0,95,58,90,100,829,1558,-1,0,-1,13,237,-31,0
164.819955,0,0,95,58,90,100,829,1558,-1,0,-1,13,237,-31,0
164.828301,0,0,95,58,90,100,829,1558,-1,0,-1,13,237,-31,0
164.832456,0,1,95,58,90,100,829,1558,-1,0,-1,14,237,-31,0
164.846569,0,1,95,58,90,100,829,1558,-1,0,-1,14,238,-31,0
164.851436,0,0,95,58,90,100,829,1558,-1,0,-1,14,238,-31,0
164.859350,0,0,95,58,90,100,829,1558,-1,0,-1,14,238,-31,0
164.863640,0,0,95,58,90,100,829,1558,-1,0,-1,14,238,-31,0
164.867821,0,1,95,58,90,100,829,1558,-1,0,-1,14,237,-31,0
164.878773,0,0,95,58,90,100,829,1558,-1,0,-1,14,237,-31,0
164.882936,0,0,95,58,90,100,829,1558,-1,0,-1,14,237,-31,0
164.890009,0,1,95,58,90,100,829,1558,-2,0,-1,14,237,-31,0
164.894582,0,1,95,58,90,100,829,1558,-2,0,-1,13,237,-31,0
164.898769,0,1,95,58,90,100,829,1558,-2,0,-1,13,237,-32,0
164.910051,0,0,95,58,90,100,829,1558,-2,0,-1,13,237,-32,0
164.919783,0,0,95,58,90,100,829,1558,-2,0,-1,13,237,-32,0
164.924885,0,0,95,58,90,100,829,1558,-2,0,-1,13,237,-32,0
164.929878,0,1,95,58,90,100,829,1558,-2,0,-1,13,237,-31,0
164.941207,0,0,95,58,90,100,829,1558,-2,0,-1,13,237,-31,0
164.951009,0,0,95,58,90,100,829,1558,-2,0,-1,13,237,-31,0
164.956139,0,1,95,58,90,100,829,1558,-2,0,-1,14,237,-31,0
164.970373,0,0,95,58,90,100,829,1558,-2,0,-1,14,237,-31,0
164.975154,0,0,95,58,90,100,829,1558,-2,0,-1,14,237,-31,0
164.983024,0,0,95,58,90,100,829,1558,-2,0,-1,14,237,-31,0
164.987997,0,1,95,58,90,100,829,1558,-2,0,-1,13,237,-31,0
165.001284,0,0,95,58,90,100,829,1558,-2,0,-1,13,237,-31,0
165.005515,0,0,95,58,90,100,829,1558,-2,0,-1,13,237,-31,0
165.013681,0,0,95,58,90,100,829,1558,-2,0,-1,13,237,-31,0
165.017863,0,0,95,58,90,100,829,1558,-2,0,-1,13,237,-31,0
165.021964,0,0,95,58,90,100,829,1558,-2,0,-1,13,237,-31,0
165.033811,0,0,95,58,90,100,829,1558,-2,0,-1,13,237,-31,0
165.037953,0,0,95,58,90,100,829,1558,-2,0,-1,13,237,-31,0
165.045138,0,0,95,58,90,100,829,1558,-2,0,-1,13,237,-31,0
165.049299,0,0,95,58,90,100,829,1558,-2,0,-1,13,237,-31,0
165.053536,0,0,95,58,90,100,829,1558,-2,0,-1,13,237,-31,0
167.931171,1,1,95,58,90,100,830,1558,-2,0,-1,13,241,-31,0
167.935627,0,0,95,58,90,100,830,1558,-2,0,-1,13,241,-31,0
167.948168,0,0,95,58,90,100,830,1558,-2,0,-1,13,241,-31,0
167.957989,1,1,95,58,90,100,829,1558,-2,0,-1,13,239,-31,0
167.963241,0,0,95,58,90,100,829,1558,-2,0,-1,13,239,-31,0
167.977520,0,0,95,58,90,100,829,1558,-2,0,-1,13,239,-31,0
167.982202,0,1,95,58,90,100,829,1558,-2,0,-1,14,239,-31,0
167.989810,0,0,95,58,90,100,829,1558,-2,0,-1,14,239,-31,0
167.994748,0,0,95,58,90,100,829,1558,-2,0,-1,14,239,-31,0
167.998886,0,1,95,58,90,100,829,1558,-1,0,-1,14,239,-31,0
168.010165,0,0,95,58,90,100,829,1558,-1,0,-1,14,239,-31,0
168.019897,0,1,95,58,90,100,829,1558,-1,0,-1,14,238,-31,0
168.024894,0,0,95,58,90,100,829,1558,-1,0,-1,14,238,-31,0
168.029791,0,1,95,58,90,100,829,1558,-2,0,-1,14,238,-31,0
168.040808,0,0,95,58,90,100,829,1558,-2,0,-1,14,238,-31,0
168.044931,0,0,95,58,90,100,829,1558,-2,0,-1,14,238,-31,0
168.052373,0,0,95,58,90,100,829,1558,-2,0,-1,14,238,-31,0
168.056632,0,0,95,58,90,100,829,1558,-2,0,-1,14,238,-31,0
168.060793,0,0,95,58,90,100,829,1558,-2,0,-1,14,238,-31,0
168.071682,0,1,95,58,90,100,829,1558,-2,0,-1,13,238,-31,0
168.075833,0,1,95,58,90,100,829,1558,-2,0,-1,13,237,-31,0
168.083315,0,0,95,58,90,100,829,1558,-2,0,-1,13,237,-31,0
168.085887,0,0,95,58,90,100,829,1558,-2,0,-1,13,237,-31,0
168.091113,0,0,95,58,90,100,829,1558,-2,0,-1,13,237,-31,0
168.102841,0,0,95,58,90,100,829,1558,-2,0,-1,13,237,-31,0
168.112759,0,0,95,58,90,100,829,1558,-2,0,-1,13,237,-31,0
168.116896,0,0,95,58,90,100,829,1558,-2,0,-1,13,237,-31,0
168.121953,0,0,95,58,90,100,829,1558,-2,0,-1,13,237,-31,0
168.134162,0,0,95,58,90,100,829,1558,-2,0,-1,13,237,-31,0
168.143775,0,0,95,58,90,100,829,1558,-2,0,-1,13,237,-31,0
168.148292,0,0,95,58,90,100,829,1558,-2,0,-1,13,237,-31,0
168.152373,0,0,95,58,90,100,829,1558,-2,0,-1,13,237,-31,0
168.164529,0,0,95,58,90,100,829,1558,-2,0,-1,13,237,-31,0
168.168753,0,0,95,58,90,100,829,1558,-2,0,-1,13,237,-31,0
168.176046,0,0,95,58,90,100,829,1558,-2,0,-1,13,237,-31,0
168.180120,0,1,95,58,90,100,829,1558,-1,0,-1,13,237,-31,0
168.184331,0,0,95,58,90,100,829,1558,-1,0,-1,13,237,-31,0
168.195754,0,0,95,58,90,100,829,1558,-1,0,-1,13,237,-31,0
168.199877,0,0,95,58,90,100,829,1558,-1,0,-1,13,237,-31,0
168.207205,0,0,95,58,90,100,829,1558,-1,0,-1,13,237,-31,0
168.211890,0,1,95,58,90,100,829,1558,-2,0,-1,13,237,-31,0
168.225320,0,0,95,58,90,100,829,1558,-2,0,-1,13,237,-31,0
168.229423,0,0,95,58,90,100,829,1558,-2,0,-1,13,237,-31,0
168.238075,0,0,95,58,90,100,829,1558,-2,0,-1,13,237,-31,0
168.242645,0,1,95,58,90,100,829,1558,-1,0,-1,13,237,-31,0
168.246801,0,1,95,58,90,100,829,1558,-1,0,-1,14,237,-31,0
168.258014,0,0,95,58,90,100,829,1558,-1,0,-1,14,237,-31,0
168.267503,0,0,95,58,90,100,829,1558,-1,0,-1,14,237,-31,0
168.271738,0,0,95,58,90,100,829,1558,-1,0,-1,14,237,-31,0
168.277185,0,1,95,58,90,100,829,1558,-1,0,-1,13,237,-31,0
168.290068,0,0,95,58,90,100,829,1558,-1,0,-1,13,237,-31,0
168.300164,0,0,95,58,90,100,829,1558,-1,0,-1,13,237,-31,0
168.305435,0,0,95,58,90,100,829,1558,-1,0,-1,13,237,-31,0
168.319915,0,0,95,58,90,100,829,1558,-1,0,-1,13,237,-31,0
168.330817,0,0,95,58,90,100,829,1558,-1,0,-1,13,237,-31,0
168.336627,0,0,95,58,90,100,829,1558,-1,0,-1,13,237,-31,0
168.350709,0,0,95,58,90,100,829,1558,-1,0,-1,13,237,-31,0
168.360697,0,0,95,58,90,100,829,1558,-1,0,-1,13,237,-31,0
168.365971,0,0,95,58,90,100,829,1558,-1,0,-1,13,237,-31,0
168.380509,0,1,95,58,90,100,829,1558,-1,0,-1,14,237,-31,0
168.384670,0,0,95,58,90,100,829,1558,-1,0,-1,14,237,-31,0
168.393302,0,0,95,58,90,100,829,1558,-1,0,-1,14,237,-31,0
168.397533,0,0,95,58,90,100,829,1558,-1,0,-1,14,237,-31,0
168.401812,0,0,95,58,90,100,829,1558,-1,0,-1,14,237,-31,0
168.413159,0,0,95,58,90,100,829,1558,-1,0,-1,14,237,-31,0
168.423613,0,1,95,58,90,100,829,1558,-2,0,-1,14,237,-31,0
168.429086,0,1,95,58,90,100,829,1558,-2,0,-1,14,238,-31,0
168.443856,0,1,95,58,90,100,829,1558,-2,0,-1,14,238,-32,0
168.455008,0,1,95,58,90,100,829,1558,-1,0,-1,14,238,-32,0
168.460501,0,1,95,58,90,100,829,1558,-1,0,-1,14,237,-32,0
168.474571,0,0,95,58,90,100,829,1558,-1,0,-1,14,237,-32,0
168.484785,0,0,95,58,90,100,829,1558,-1,0,-1,14,237,-32,0
168.490651,0,1,95,58,90,100,829,1558,-1,0,0,13,237,-32,0
168.504408,0,0,95,58,90,100,829,1558,-1,0,0,13,237,-32,0
168.509170,0,0,95,58,90,100,829,1558,-1,0,0,13,237,-32,0
168.517175,0,0,95,58,90,100,829,1558,-1,0,0,13,237,-32,0
168.521948,0,1,95,58,90,100,829,1558,-1,0,0,13,237,-31,0
168.535473,0,0,95,58,90,100,829,1558,-1,0,0,13,237,-31,0
168.540556,0,0,95,58,90,100,829,1558,-1,0,0,13,237,-31,0
168.549316,0,1,95,58,90,100,829,1558,-1,0,-1,13,237,-31,0
168.555156,0,0,95,58,90,100,829,1558,-1,0,-1,13,237,-31,0
168.568831,0,0,95,58,90,100,829,1558,-1,0,-1,13,237,-31,0
168.578235,0,0,95,58,90,100,829,1558,-1,0,-1,13,237,-31,0
168.582550,0,1,95,58,90,100,829,1558,-1,0,-1,13,238,-31,0
168.587178,0,0,95,58,90,100,829,1558,-1,0,-1,13,238,-31,0
168.599361,0,0,95,58,90,100,829,1558,-1,0,-1,13,238,-31,0
168.609480,0,1,95,58,90,100,829,1558,-1,0,0,13,238,-31,0
168.614411,0,0,95,58,90,100,829,1558,-1,0,0,13,238,-31,0
168.628384,0,0,95,58,90,100,829,1558,-1,0,0,13,238,-31,0
168.632953,0,1,95,58,90,100,829,1558,-1,0,-1,13,238,-31,0
168.641091,0,1,95,58,90,100,829,1558,-1,0,-1,13,237,-32,0
168.646128,0,0,95,58,90,100,829,1558,-1,0,-1,13,237,-32,0
168.659559,0,0,95,58,90,100,829,1558,-1,0,-1,13,237,-32,0
168.671034,0,0,95,58,90,100,829,1558,-1,0,-1,13,237,-32,0
168.675846,0,1,95,58,90,100,829,1558,-1,0,-1,13,238,-31,0
168.679979,0,0,95,58,90,100,829,1558,-1,0,-1,13,238,-31,0
168.691838,0,0,95,58,90,100,829,1558,-1,0,-1,13,238,-31,0
171.558926,1,1,95,58,90,100,829,1558,-2,0,-1,13,240,-31,0
171.563367,0,0,95,58,90,100,829,1558,-2,0,-1,13,240,-31,0
171.575601,0,1,95,58,90,100,829,1558,-1,0,-1,13,240,-31,0
171.585531,0,0,95,58,90,100,829,1558,-1,0,-1,13,240,-31,0
171.590652,0,1,95,58,90,100,829,1558,-1,0,-1,13,239,-31,0
171.594823,0,0,95,58,90,100,829,1558,-1,0,-1,13,239,-31,0
171.606785,0,0,95,58,90,100,829,1558,-1,0,-1,13,239,-31,0
171.616129,0,0,95,58,90,100,829,1558,-1,0,-1,13,239,-31,0
171.621369,0,0,95,58,90,100,829,1558,-1,0,-1,13,239,-31,0
171.625559,0,0,95,58,90,100,829,1558,-1,0,-1,13,239,-31,0
171.636897,0,1,95,58,90,100,829,1558,-2,0,-1,13,239,-31,0
171.646641,0,0,95,58,90,100,829,1558,-2,0,-1,13,239,-31,0
171.651495,0,1,95,58,90,100,829,1558,-2,0,-1,13,238,-31,0
171.656000,0,0,95,58,90,100,829,1558,-2,0,-1,13,238,-31,0
171.668305,0,1,95,58,90,100,829,1558,-1,0,-1,13,238,-31,0
171.677641,0,0,95,58,90,100,829,1558,-1,0,-1,13,238,-31,0
171.681848,0,0,95,58,90,100,829,1558,-1,0,-1,13,238,-31,0
171.687997,0,1,95,58,90,100,829,1558,-2,0,-1,13,238,-31,0
171.699298,0,0,95,58,90,100,829,1558,-2,0,-1,13,238,-31,0
171.708892,0,0,95,58,90,100,829,1558,-2,0,-1,13,238,-31,0
171.713963,0,0,95,58,90,100,829,1558,-2,0,-1,13,238,-31,0
171.716545,0,0,95,58,90,100,829,1558,-2,0,-1,13,238,-31,0
171.729943,0,0,95,58,90,100,829,1558,-2,0,-1,13,238,-31,0
171.739748,0,0,95,58,90,100,829,1558,-2,0,-1,13,238,-31,0
171.743927,0,0,95,58,90,100,829,1558,-2,0,-1,13,238,-31,0
171.748094,0,0,95,58,90,100,829,1558,-2,0,-1,13,238,-31,0
171.760590,0,0,95,58,90,100,829,1558,-2,0,-1,13,238,-31,0
171.764843,0,1,95,58,90,100,829,1558,-2,0,-1,13,237,-31,0
171.771910,0,0,95,58,90,100,829,1558,-2,0,-1,13,237,-31,0
171.775993,0,0,95,58,90,100,829,1558,-2,0,-1,13,237,-31,0
171.780198,0,0,95,58,90,100,829,1558,-2,0,-1,13,237,-31,0
171.791895,0,0,95,58,90,100,829,1558,-2,0,-1,13,237,-31,0
171.801393,0,0,95,58,90,100,829,1558,-2,0,-1,13,237,-31,0
171.805996,0,0,95,58,90,100,829,1558,-2,0,-1,13,237,-31,0
171.810238,0,0,95,58,90,100,829,1558,-2,0,-1,13,237,-31,0
171.822474,0,0,95,58,90,100,829,1558,-2,0,-1,13,237,-31,0
171.826721,0,0,95,58,90,100,829,1558,-2,0,-1,13,237,-31,0
171.834279,0,0,95,58,90,100,829,1558,-2,0,-1,13,237,-31,0
171.838502,0,0,95,58,90,100,829,1558,-2,0,-1,13,237,-31,0
171.842710,0,0,95,58,90,100,829,1558,-2,0,-1,13,237,-31,0
171.853490,0,1,95,58,90,100,829,1558,-2,0,-1,13,236,-31,0
171.863377,0,0,95,58,90,100,829,1558,-2,0,-1,13,236,-31,0
171.867439,0,0,95,58,90,100,829,1558,-2,0,-1,13,236,-31,0
171.871714,0,0,95,58,90,100,829,1558,-2,0,-1,13,236,-31,0
171.884784,0,1,95,58,90,100,829,1558,-2,0,-1,13,237,-31,0
171.888831,0,0,95,58,90,100,829,1558,-2,0,-1,13,237,-31,0
171.895912,0,0,95,58,90,100,829,1558,-2,0,-1,13,237,-31,0
171.900080,0,1,95,58,90,100,829,1558,-1,0,-1,13,237,-31,0
171.904421,0,0,95,58,90,100,829,1558,-1,0,-1,13,237,-31,0
171.915867,0,0,95,58,90,100,829,1558,-1,0,-1,13,237,-31,0
171.925635,0,0,95,58,90,100,829,1558,-1,0,-1,13,237,-31,0
171.929843,0,0,95,58,90,100,829,1558,-1,0,-1,13,237,-31,0
171.934246,0,1,95,58,90,100,829,1558,-1,0,-1,14,237,-31,0
171.946574,0,0,95,58,90,100,829,1558,-1,0,-1,14,237,-31,0
171.951053,0,0,95,58,90,100,829,1558,-1,0,-1,14,237,-31,0
171.958211,0,0,95,58,90,100,829,1558,-1,0,-1,14,237,-31,0
171.962386,0,1,95,58,90,100,829,1558,-2,0,-1,14,237,-31,0
171.966592,0,0,95,58,90,100,829,1558,-2,0,-1,14,237,-31,0
171.978772,0,0,95,58,90,100,829,1558,-2,0,-1,14,237,-31,0
171.988916,0,0,95,58,90,100,829,1558,-2,0,-1,14,237,-31,0
171.993134,0,1,95,58,90,100,829,1558,-1,0,-1,14,237,-31,0
171.998392,0,0,95,58,90,100,829,1558,-1,0,-1,14,237,-31,0
172.010011,0,0,95,58,90,100,829,1558,-1,0,-1,14,237,-31,0
172.020281,0,0,95,58,90,100,829,1558,-1,0,-1,14,237,-31,0
172.025537,0,1,95,58,90,100,829,1558,-2,0,-1,14,237,-31,0
172.039100,0,1,95,58,90,100,829,1558,-2,0,-1,13,237,-31,0
172.049995,0,0,95,58,90,100,829,1558,-2,0,-1,13,237,-31,0
172.055926,0,1,95,58,90,100,829,1558,-1,0,-1,13,237,-31,0
172.069766,0,0,95,58,90,100,829,1558,-1,0,-1,13,237,-31,0
172.080700,0,0,95,58,90,100,829,1558,-1,0,-1,13,237,-31,0
172.086596,0,1,95,58,90,100,829,1558,-2,0,-1,13,237,-31,0
172.100746,0,0,95,58,90,100,829,1558,-2,0,-1,13,237,-31,0
172.106032,0,0,95,58,90,100,829,1558,-2,0,-1,13,237,-31,0
172.114302,0,0,95,58,90,100,829,1558,-2,0,-1,13,237,-31,0
172.120092,0,0,95,58,90,100,829,1558,-2,0,-1,13,237,-31,0
172.134142,0,0,95,58,90,100,829,1558,-2,0,-1,13,237,-31,0
172.144914,0,0,95,58,90,100,829,1558,-2,0,-1,13,237,-31,0
172.150725,0,1,95,58,90,100,829,1558,-2,0,-1,14,237,-31,0
172.164635,0,0,95,58,90,100,829,1558,-2,0,-1,14,237,-31,0
172.174785,0,0,95,58,90,100,829,1558,-2,0,-1,14,237,-31,0
172.179584,0,0,95,58,90,100,829,1558,-2,0,-1,14,237,-31,0
172.183799,0,0,95,58,90,100,829,1558,-2,0,-1,14,237,-31,0
172.194983,0,0,95,58,90,100,829,1558,-2,0,-1,14,237,-31,0
172.205088,0,1,95,58,90,100,829,1558,-1,0,-1,14,237,-31,0
172.210545,0,0,95,58,90,100,829,1558,-1,0,-1,14,237,-31,0
172.224497,0,0,95,58,90,100,829,1558,-1,0,-1,14,237,-31,0
172.228856,0,1,95,58,90,100,829,1558,-2,0,-1,14,237,-31,0
172.237634,0,0,95,58,90,100,829,1558,-2,0,-1,14,237,-31,0
172.242202,0,0,95,58,90,100,829,1558,-2,0,-1,14,237,-31,0
172.255523,0,0,95,58,90,100,829,1558,-2,0,-1,14,237,-31,0
172.260576,0,0,95,58,90,100,829,1558,-2,0,-1,14,237,-31,0
172.268093,0,0,95,58,90,100,829,1558,-2,0,-1,14,237,-31,0
172.272715,0,0,95,58,90,100,829,1558,-2,0,-1,14,237,-31,0
172.286386,0,0,95,58,90,100,829,1558,-2,0,-1,14,237,-31,0
172.291852,0,0,95,58,90,100,829,1558,-2,0,-1,14,237,-31,0
172.300103,0,0,95,58,90,100,829,1558,-2,0,-1,14,237,-31,0
172.305391,0,0,95,58,90,100,829,1558,-2,0,-1,14,237,-31,0
172.318883,0,0,95,58,90,100,829,1558,-2,0,-1,14,237,-31,0
172.328421,0,0,95,58,90,100,829,1558,-2,0,-1,14,237,-31,0
175.211657,1,1,95,58,90,100,829,1558,-2,0,-1,14,239,-32,0
175.217182,0,0,95,58,90,100,829,1558,-2,0,-1,14,239,-32,0
175.231652,0,1,95,58,90,100,829,1558,-2,0,-1,13,239,-32,0
175.235962,0,1,95,58,90,100,829,1558,-2,0,-1,13,239,-31,0
175.244625,0,0,95,58,90,100,829,1558,-2,0,-1,13,239,-31,0
175.250102,0,0,95,58,90,100,829,1558,-2,0,-1,13,239,-31,0
175.263607,0,0,95,58,90,100,829,1558,-2,0,-1,13,239,-31,0
175.273775,0,0,95,58,90,100,829,1558,-2,0,-1,13,239,-31,0
175.278290,0,0,95,58,90,100,829,1558,-2,0,-1,13,239,-31,0
175.282502,0,1,95,58,90,100,829,1558,-2,0,-1,14,238,-31,0
175.294468,0,0,95,58,90,100,829,1558,-2,0,-1,14,238,-31,0
175.298656,0,0,95,58,90,100,829,1558,-2,0,-1,14,238,-31,0
175.306335,0,0,95,58,90,100,829,1558,-2,0,-1,14,238,-31,0
175.310575,0,0,95,58,90,100,829,1558,-2,0,-1,14,238,-31,0
175.314816,0,1,95,58,90,100,829,1558,-2,0,-1,14,238,-32,0
175.325682,0,0,95,58,90,100,829,1558,-2,0,-1,14,238,-32,0
175.335447,0,0,95,58,90,100,829,1558,-2,0,-1,14,238,-32,0
175.341565,0,0,95,58,90,100,829,1558,-2,0,-1,14,238,-32,0
175.355548,0,1,95,58,90,100,829,1558,-2,0,-1,14,239,-32,0
175.360886,0,0,95,58,90,100,829,1558,-2,0,-1,14,239,-32,0
175.368656,0,0,95,58,90,100,829,1558,-2,0,-1,14,239,-32,0
175.371712,0,0,95,58,90,100,829,1558,-2,0,-1,14,239,-32,0
175.375808,0,0,95,58,90,100,829,1558,-2,0,-1,14,239,-32,0
175.388302,0,0,95,58,90,100,829,1558,-2,0,-1,14,239,-32,0
175.397763,0,0,95,58,90,100,829,1558,-2,0,-1,14,239,-32,0
175.402697,0,1,95,58,90,100,829,1558,-2,0,-1,13,238,-32,0
175.407410,0,0,95,58,90,100,829,1558,-2,0,-1,13,238,-32,0
175.418949,0,0,95,58,90,100,829,1558,-2,0,-1,13,238,-32,0
175.428582,0,0,95,58,90,100,829,1558,-2,0,-1,13,238,-32,0
175.433635,0,1,95,58,90,100,829,1558,-2,0,-1,14,239,-32,0
175.439194,0,1,95,58,90,100,829,1558,-2,0,-1,14,239,-31,0
175.451114,0,0,95,58,90,100,829,1558,-2,0,-1,14,239,-31,0
175.461284,0,0,95,58,90,100,829,1558,-2,0,-1,14,239,-31,0
175.465832,0,1,95,58,90,100,829,1558,-2,0,-1,14,238,-31,0
175.479412,0,0,95,58,90,100,829,1558,-2,0,-1,14,238,-31,0
175.484218,0,0,95,58,90,100,829,1558,-2,0,-1,14,238,-31,0
175.491963,0,0,95,58,90,100,829,1558,-2,0,-1,14,238,-31,0
175.496575,0,0,95,58,90,100,829,1558,-2,0,-1,14,238,-31,0
175.510311,0,0,95,58,90,100,829,1558,-2,0,-1,14,238,-31,0
175.514907,0,0,95,58,90,100,829,1558,-2,0,-1,14,238,-31,0
175.523044,0,0,95,58,90,100,829,1558,-2,0,-1,14,238,-31,0
175.527255,0,0,95,58,90,100,829,1558,-2,0,-1,14,238,-31,0
175.531373,0,0,95,58,90,100,829,1558,-2,0,-1,14,238,-31,0
175.542553,0,0,95,58,90,100,829,1558,-2,0,-1,14,238,-31,0
175.547129,0,0,95,58,90,100,829,1558,-2,0,-1,14,238,-31,0
175.554166,0,0,95,58,90,100,829,1558,-2,0,-1,14,238,-31,0
175.558353,0,0,95,58,90,100,829,1558,-2,0,-1,14,238,-31,0
175.563009,0,0,95,58,90,100,829,1558,-2,0,-1,14,238,-31,0
175.574363,0,0,95,58,90,100,829,1558,-2,0,-1,14,238,-31,0
175.584511,0,0,95,58,90,100,829,1558,-2,0,-1,14,238,-31,0
175.589155,0,0,95,58,90,100,829,1558,-2,0,-1,14,238,-31,0
175.593358,0,0,95,58,90,100,829,1558,-2,0,-1,14,238,-31,0
175.604632,0,0,95,58,90,100,829,1558,-2,0,-1,14,238,-31,0
175.614486,0,1,95,58,90,100,829,1558,-1,0,-1,14,238,-31,0
175.618754,0,0,95,58,90,100,829,1558,-1,0,-1,14,238,-31,0
175.623689,0,0,95,58,90,100,829,1558,-1,0,-1,14,238,-31,0
175.635855,0,1,95,58,90,100,829,1558,-2,0,-1,14,238,-31,0
175.645825,0,0,95,58,90,100,829,1558,-2,0,-1,14,238,-31,0
175.650733,0,0,95,58,90,100,829,1558,-2,0,-1,14,238,-31,0
175.655332,0,0,95,58,90,100,829,1558,-2,0,-1,14,238,-31,0
175.667430,0,0,95,58,90,100,829,1558,-2,0,-1,14,238,-31,0
175.677446,0,0,95,58,90,100,829,1558,-2,0,-1,14,238,-31,0
175.682009,0,0,95,58,90,100,829,1558,-2,0,-1,14,238,-31,0
175.686597,0,0,95,58,90,100,829,1558,-2,0,-1,14,238,-31,0
175.698309,0,0,95,58,90,100,829,1558,-2,0,-1,14,238,-31,0
175.708178,0,0,95,58,90,100,829,1558,-2,0,-1,14,238,-31,0
175.713159,0,0,95,58,90,100,829,1558,-2,0,-1,14,238,-31,0
175.718197,0,0,95,58,90,100,829,1558,-2,0,-1,14,238,-31,0
175.729141,0,0,95,58,90,100,829,1558,-2,0,-1,14,238,-31,0
175.738886,0,0,95,58,90,100,829,1558,-2,0,-1,14,238,-31,0
175.743798,0,0,95,58,90,100,829,1558,-2,0,-1,14,238,-31,0
175.749072,0,0,95,58,90,100,829,1558,-2,0,-1,14,238,-31,0
175.759708,0,0,95,58,90,100,829,1558,-2,0,-1,14,238,-31,0
175.769396,0,0,95,58,90,100,829,1558,-2,0,-1,14,238,-31,0
175.773549,0,0,95,58,90,100,829,1558,-2,0,-1,14,238,-31,0
175.777780,0,0,95,58,90,100,829,1558,-2,0,-1,14,238,-31,0
175.790856,0,0,95,58,90,100,829,1558,-2,0,-1,14,238,-31,0
175.800453,0,0,95,58,90,100,829,1558,-2,0,-1,14,238,-31,0
175.804630,0,0,95,58,90,100,829,1558,-2,0,-1,14,238,-31,0
175.808775,0,0,95,58,90,100,829,1558,-2,0,-1,14,238,-31,0
175.821919,0,0,95,58,90,100,829,1558,-2,0,-1,14,238,-31,0
175.831709,0,0,95,58,90,100,829,1558,-2,0,-1,14,238,-31,0
175.836068,0,0,95,58,90,100,829,1558,-2,0,-1,14,238,-31,0
175.841484,0,0,95,58,90,100,829,1558,-2,0,-1,14,238,-31,0
175.854167,0,0,95,58,90,100,829,1558,-2,0,-1,14,238,-31,0
175.865382,0,0,95,58,90,100,829,1558,-2,0,-1,14,238,-31,0
175.871370,0,0,95,58,90,100,829,1558,-2,0,-1,14,238,-31,0
175.884834,0,0,95,58,90,100,829,1558,-2,0,-1,14,238,-31,0
175.894898,0,0,95,58,90,100,829,1558,-2,0,-1,14,238,-31,0
175.900817,0,0,95,58,90,100,829,1558,-2,0,-1,14,238,-31,0
175.914437,0,0,95,58,90,100,829,1558,-2,0,-1,14,238,-31,0
175.919025,0,0,95,58,90,100,829,1558,-2,0,-1,14,238,-31,0
175.926816,0,0,95,58,90,100,829,1558,-2,0,-1,14,238,-31,0
175.931772,0,0,95,58,90,100,829,1558,-2,0,-1,14,238,-31,0
175.945486,0,1,95,58,90,100,829,1558,-2,0,-1,14,239,-31,0
175.955567,0,0,95,58,90,100,829,1558,-2,0,-1,14,239,-31,0
175.960641,0,0,95,58,90,100,829,1558,-2,0,-1,14,239,-31,0
175.965736,0,0,95,58,90,100,829,1558,-2,0,-1,14,239,-31,0
175.976854,0,0,95,58,90,100,829,1558,-2,0,-1,14,239,-31,0
178.848558,1,1,95,58,90,100,829,1558,-2,0,-1,13,239,-32,0
178.859711,0,0,95,58,90,100,829,1558,-2,0,-1,13,239,-32,0
178.869718,0,0,95,58,90,100,829,1558,-2,0,-1,13,239,-32,0
178.874068,0,1,95,58,90,100,829,1558,-2,0,-1,13,238,-32,0
178.878355,0,0,95,58,90,100,829,1558,-2,0,-1,13,238,-32,0
178.891092,0,0,95,58,90,100,829,1558,-2,0,-1,13,238,-32,0
178.900889,0,0,95,58,90,100,829,1558,-2,0,-1,13,238,-32,0
178.905345,0,0,95,58,90,100,829,1558,-2,0,-1,13,238,-32,0
178.909631,0,0,95,58,90,100,829,1558,-2,0,-1,13,238,-32,0
178.921886,0,0,95,58,90,100,829,1558,-2,0,-1,13,238,-32,0
178.931408,0,0,95,58,90,100,829,1558,-2,0,-1,13,238,-32,0
178.935655,0,0,95,58,90,100,829,1558,-2,0,-1,13,238,-32,0
178.939861,0,0,95,58,90,100,829,1558,-2,0,-1,13,238,-32,0
178.952838,0,0,95,58,90,100,829,1558,-2,0,-1,13,238,-32,0
178.962434,0,1,95,58,90,100,829,1558,-2,0,-1,14,238,-32,0
178.967015,0,0,95,58,90,100,829,1558,-2,0,-1,14,238,-32,0
178.971226,0,0,95,58,90,100,829,1558,-2,0,-1,14,238,-32,0
178.983883,0,0,95,58,90,100,829,1558,-2,0,-1,14,238,-32,0
178.993623,0,1,95,58,90,100,829,1558,-2,0,-1,13,238,-32,0
178.997766,0,0,95,58,90,100,829,1558,-2,0,-1,13,238,-32,0
179.001839,0,0,95,58,90,100,829,1558,-2,0,-1,13,238,-32,0
179.003788,0,0,95,58,90,100,829,1558,-2,0,-1,13,238,-32,0
179.014720,0,0,95,58,90,100,829,1558,-2,0,-1,13,238,-32,0
179.018916,0,1,95,58,90,100,829,1558,-2,0,-1,14,238,-32,0
179.026931,0,0,95,58,90,100,829,1558,-2,0,-1,14,238,-32,0
179.031935,0,0,95,58,90,100,829,1558,-2,0,-1,14,238,-32,0
179.045797,0,0,95,58,90,100,829,1558,-2,0,-1,14,238,-32,0
179.055440,0,1,95,58,90,100,829,1558,-2,0,-1,13,238,-32,0
179.059630,0,0,95,58,90,100,829,1558,-2,0,-1,13,238,-32,0
179.063862,0,0,95,58,90,100,829,1558,-2,0,-1,13,238,-32,0
179.076531,0,0,95,58,90,100,829,1558,-2,0,-1,13,238,-32,0
179.086795,0,1,95,58,90,100,829,1558,-2,0,-1,14,238,-32,0
179.090939,0,0,95,58,90,100,829,1558,-2,0,-1,14,238,-32,0
179.095170,0,0,95,58,90,100,829,1558,-2,0,-1,14,238,-32,0
179.107469,0,0,95,58,90,100,829,1558,-2,0,-1,14,238,-32,0
179.117453,0,0,95,58,90,100,829,1558,-2,0,-1,14,238,-32,0
179.121639,0,0,95,58,90,100,829,1558,-2,0,-1,14,238,-32,0
179.125805,0,0,95,58,90,100,829,1558,-2,0,-1,14,238,-32,0
179.138940,0,0,95,58,90,100,829,1558,-2,0,-1,14,238,-32,0
179.148534,0,0,95,58,90,100,829,1558,-2,0,-1,14,238,-32,0
179.153701,0,0,95,58,90,100,829,1558,-2,0,-1,14,238,-32,0
179.157830,0,0,95,58,90,100,829,1558,-2,0,-1,14,238,-32,0
179.169567,0,0,95,58,90,100,829,1558,-2,0,-1,14,238,-32,0
179.173775,0,0,95,58,90,100,829,1558,-2,0,-1,14,238,-32,0
179.181137,0,0,95,58,90,100,829,1558,-2,0,-1,14,238,-32,0
179.185318,0,0,95,58,90,100,829,1558,-2,0,-1,14,238,-32,0
179.190225,0,0,95,58,90,100,829,1558,-2,0,-1,14,238,-32,0
179.201129,0,0,95,58,90,100,829,1558,-2,0,-1,14,238,-32,0
179.210481,0,0,95,58,90,100,829,1558,-2,0,-1,14,238,-32,0
179.215026,0,0,95,58,90,100,829,1558,-2,0,-1,14,238,-32,0
179.219577,0,0,95,58,90,100,829,1558,-2,0,-1,14,238,-32,0
179.231489,0,0,95,58,90,100,829,1558,-2,0,-1,14,238,-32,0
179.241405,0,0,95,58,90,100,829,1558,-2,0,-1,14,238,-32,0
179.245905,0,0,95,58,90,100,829,1558,-2,0,-1,14,238,-32,0
179.250016,0,0,95,58,90,100,829,1558,-2,0,-1,14,238,-32,0
179.262938,0,0,95,58,90,100,829,1558,-2,0,-1,14,238,-32,0
179.272662,0,0,95,58,90,100,829,1558,-2,0,-1,14,238,-32,0
179.277588,0,0,95,58,90,100,829,1558,-2,0,-1,14,238,-32,0
179.281758,0,0,95,58,90,100,829,1558,-2,0,-1,14,238,-32,0
179.293582,0,0,95,58,90,100,829,1558,-2,0,-1,14,238,-32,0
179.303516,0,0,95,58,90,100,829,1558,-2,0,-1,14,238,-32,0
179.308835,0,0,95,58,90,100,829,1558,-2,0,-1,14,238,-32,0
179.313385,0,0,95,58,90,100,829,1558,-2,0,-1,14,238,-32,0
179.325232,0,0,95,58,90,100,829,1558,-2,0,-1,14,238,-32,0
179.334875,0,0,95,58,90,100,829,1558,-2,0,-1,14,238,-32,0
179.339907,0,0,95,58,90,100,829,1558,-2,0,-1,14,238,-32,0
179.344018,0,1,95,58,90,100,829,1558,-2,0,-1,14,238,-31,0
179.356402,0,0,95,58,90,100,829,1558,-2,0,-1,14,238,-31,0
179.366256,0,0,95,58,90,100,829,1558,-2,0,-1,14,238,-31,0
179.371267,0,0,95,58,90,100,829,1558,-2,0,-1,14,238,-31,0
179.385267,0,1,95,58,90,100,829,1558,-2,0,-1,14,237,-32,0
179.390290,0,0,95,58,90,100,829,1558,-2,0,-1,14,237,-32,0
179.397969,0,0,95,58,90,100,829,1558,-2,0,-1,14,237,-32,0
179.402219,0,1,95,58,90,100,829,1558,-2,0,-1,14,238,-32,0
179.406418,0,0,95,58,90,100,829,1558,-2,0,-1,14,238,-32,0
179.417933,0,0,95,58,90,100,829,1558,-2,0,-1,14,238,-32,0
179.427381,0,0,95,58,90,100,829,1558,-2,0,-1,14,238,-32,0
179.431683,0,0,95,58,90,100,829,1558,-2,0,-1,14,238,-32,0
179.436637,0,0,95,58,90,100,829,1558,-2,0,-1,14,238,-32,0
179.449017,0,0,95,58,90,100,829,1558,-2,0,-1,14,238,-32,0
179.458816,0,0,95,58,90,100,829,1558,-2,0,-1,14,238,-32,0
179.463876,0,0,95,58,90,100,829,1558,-2,0,-1,14,238,-32,0
179.468841,0,0,95,58,90,100,829,1558,-2,0,-1,14,238,-32,0
179.479928,0,0,95,58,90,100,829,1558,-2,0,-1,14,238,-32,0
179.489404,0,0,95,58,90,100,829,1558,-2,0,-1,14,238,-32,0
179.494399,0,0,95,58,90,100,829,1558,-2,0,-1,14,238,-32,0
179.499023,0,0,95,58,90,100,829,1558,-2,0,-1,14,238,-32,0
179.510506,0,0,95,58,90,100,829,1558,-2,0,-1,14,238,-32,0
179.514722,0,0,95,58,90,100,829,1558,-2,0,-1,14,238,-32,0
179.522157,0,0,95,58,90,100,829,1558,-2,0,-1,14,238,-32,0
179.526753,0,1,95,58,90,100,829,1558,-2,0,-1,14,237,-31,0
179.540532,0,0,95,58,90,100,829,1558,-2,0,-1,14,237,-31,0
179.546410,0,0,95,58,90,100,829,1558,-2,0,-1,14,237,-31,0
179.554044,0,0,95,58,90,100,829,1558,-2,0,-1,14,237,-31,0
179.559139,0,1,95,58,90,100,829,1558,-2,0,-1,14,237,-32,0
179.573451,0,0,95,58,90,100,829,1558,-2,0,-1,14,237,-32,0
179.583728,0,0,95,58,90,100,829,1558,-2,0,-1,14,237,-32,0
179.588814,0,0,95,58,90,100,829,1558,-2,0,-1,14,237,-32,0
179.602561,0,0,95,58,90,100,829,1558,-2,0,-1,14,237,-32,0
179.607787,0,0,95,58,90,100,829,1558,-2,0,-1,14,237,-32,0
182.487319,1,1,95,58,90,100,830,1558,-2,0,-1,14,238,-31,0
182.496400,0,0,95,58,90,100,830,1558,-2,0,-1,14,238,-31,0
182.500504,0,1,95,58,90,100,830,1558,-2,0,-1,14,238,-32,0
182.504681,0,0,95,58,90,100,830,1558,-2,0,-1,14,238,-32,0
182.517952,0,0,95,58,90,100,830,1558,-2,0,-1,14,238,-32,0
182.527748,0,0,95,58,90,100,830,1558,-2,0,-1,14,238,-32,0
182.532784,0,0,95,58,90,100,830,1558,-2,0,-1,14,238,-32,0
182.537757,0,0,95,58,90,100,830,1558,-2,0,-1,14,238,-32,0
182.549312,0,0,95,58,90,100,830,1558,-2,0,-1,14,238,-32,0
182.559423,0,0,95,58,90,100,830,1558,-2,0,-1,14,238,-32,0
182.564151,0,0,95,58,90,100,830,1558,-2,0,-1,14,238,-32,0
182.569231,0,0,95,58,90,100,830,1558,-2,0,-1,14,238,-32,0
182.580617,0,0,95,58,90,100,830,1558,-2,0,-1,14,238,-32,0
182.590419,1,0,95,58,90,100,829,1558,-2,0,-1,14,238,-32,0
182.595440,0,0,95,58,90,100,829,1558,-2,0,-1,14,238,-32,0
182.609443,0,0,95,58,90,100,829,1558,-2,0,-1,14,238,-32,0
182.614167,0,0,95,58,90,100,829,1558,-2,0,-1,14,238,-32,0
182.622634,0,0,95,58,90,100,829,1558,-2,0,-1,14,238,-32,0
182.627584,0,0,95,58,90,100,829,1558,-2,0,-1,14,238,-32,0
182.641298,0,0,95,58,90,100,829,1558,-2,0,-1,14,238,-32,0
182.643887,0,0,95,58,90,100,829,1558,-2,0,-1,14,238,-32,0
182.653060,0,0,95,58,90,100,829,1558,-2,0,-1,14,238,-32,0
182.657616,0,0,95,58,90,100,829,1558,-2,0,-1,14,238,-32,0
182.671322,0,0,95,58,90,100,829,1558,-2,0,-1,14,238,-32,0
182.676372,0,0,95,58,90,100,829,1558,-2,0,-1,14,238,-32,0
182.684412,0,0,95,58,90,100,829,1558,-2,0,-1,14,238,-32,0
182.690299,0,0,95,58,90,100,829,1558,-2,0,-1,14,238,-32,0
182.703705,0,1,95,58,90,100,829,1558,-2,0,0,14,238,-32,0
182.707898,0,0,95,58,90,100,829,1558,-2,0,0,14,238,-32,0
182.715601,0,0,95,58,90,100,829,1558,-2,0,0,14,238,-32,0
182.720815,0,0,95,58,90,100,829,1558,-2,0,0,14,238,-32,0
182.734384,0,1,95,58,90,100,829,1558,-2,0,-1,14,238,-32,0
182.738619,0,0,95,58,90,100,829,1558,-2,0,-1,14,238,-32,0
182.745711,0,0,95,58,90,100,829,1558,-2,0,-1,14,238,-32,0
182.749801,0,0,95,58,90,100,829,1558,-2,0,-1,14,238,-32,0
182.753874,0,0,95,58,90,100,829,1558,-2,0,-1,14,238,-32,0
182.765878,0,0,95,58,90,100,829,1558,-2,0,-1,14,238,-32,0
182.775384,0,0,95,58,90,100,829,1558,-2,0,-1,14,238,-32,0
182.779605,0,0,95,58,90,100,829,1558,-2,0,-1,14,238,-32,0
182.784605,0,0,95,58,90,100,829,1558,-2,0,-1,14,238,-32,0
182.796877,0,0,95,58,90,100,829,1558,-2,0,-1,14,238,-32,0
182.806825,0,0,95,58,90,100,829,1558,-2,0,-1,14,238,-32,0
182.812020,0,0,95,58,90,100,829,1558,-2,0,-1,14,238,-32,0
182.816688,0,0,95,58,90,100,829,1558,-2,0,-1,14,238,-32,0
182.828297,0,0,95,58,90,100,829,1558,-2,0,-1,14,238,-32,0
182.838327,0,0,95,58,90,100,829,1558,-2,0,-1,14,238,-32,0
182.842540,0,0,95,58,90,100,829,1558,-2,0,-1,14,238,-32,0
182.848339,0,0,95,58,90,100,829,1558,-2,0,-1,14,238,-32,0
182.858976,0,0,95,58,90,100,829,1558,-2,0,-1,14,238,-32,0
182.868523,0,0,95,58,90,100,829,1558,-2,0,-1,14,238,-32,0
182.873249,0,0,95,58,90,100,829,1558,-2,0,-1,14,238,-32,0
182.877829,0,0,95,58,90,100,829,1558,-2,0,-1,14,238,-32,0
182.889441,0,0,95,58,90,100,829,1558,-2,0,-1,14,238,-32,0
182.899637,0,0,95,58,90,100,829,1558,-2,0,-1,14,238,-32,0
182.904913,0,0,95,58,90,100,829,1558,-2,0,-1,14,238,-32,0
182.909529,0,0,95,58,90,100,829,1558,-2,0,-1,14,238,-32,0
182.921947,0,0,95,58,90,100,829,1558,-2,0,-1,14,238,-32,0
182.931201,0,0,95,58,90,100,829,1558,-2,0,-1,14,238,-32,0
182.935742,0,0,95,58,90,100,829,1558,-2,0,-1,14,238,-32,0
182.939849,0,0,95,58,90,100,829,1558,-2,0,-1,14,238,-32,0
182.951927,0,0,95,58,90,100,829,1558,-2,0,-1,14,238,-32,0
182.961428,0,0,95,58,90,100,829,1558,-2,0,-1,14,238,-32,0
182.966620,0,0,95,58,90,100,829,1558,-2,0,-1,14,238,-32,0
182.970805,0,0,95,58,90,100,829,1558,-2,0,-1,14,238,-32,0
182.983183,0,0,95,58,90,100,829,1558,-2,0,-1,14,238,-32,0
182.992874,0,0,95,58,90,100,829,1558,-2,0,-1,14,238,-32,0
182.997012,0,0,95,58,90,100,829,1558,-2,0,-1,14,238,-32,0
183.001177,0,0,95,58,90,100,829,1558,-2,0,-1,14,238,-32,0
183.013923,0,0,95,58,90,100,829,1558,-2,0,-1,14,238,-32,0
183.023644,0,0,95,58,90,100,829,1558,-2,0,-1,14,238,-32,0
183.028724,0,0,95,58,90,100,829,1558,-2,0,-1,14,238,-32,0
183.033226,0,0,95,58,90,100,829,1558,-2,0,-1,14,238,-32,0
183.045255,0,0,95,58,90,100,829,1558,-2,0,-1,14,238,-32,0
183.055493,0,0,95,58,90,100,829,1558,-2,0,-1,14,238,-32,0
183.060573,0,1,95,58,90,100,829,1558,-2,0,0,14,238,-32,0
183.064777,0,0,95,58,90,100,829,1558,-2,0,0,14,238,-32,0
183.075988,0,0,95,58,90,100,829,1558,-2,0,0,14,238,-32,0
183.085661,0,0,95,58,90,100,829,1558,-2,0,0,14,238,-32,0
183.089939,0,1,95,58,90,100,829,1558,-2,0,-1,14,238,-32,0
183.094946,0,0,95,58,90,100,829,1558,-2,0,-1,14,238,-32,0
183.106430,0,0,95,58,90,100,829,1558,-2,0,-1,14,238,-32,0
183.110562,0,0,95,58,90,100,829,1558,-2,0,-1,14,238,-32,0
183.117622,0,0,95,58,90,100,829,1558,-2,0,-1,14,238,-32,0
183.121783,0,0,95,58,90,100,829,1558,-2,0,-1,14,238,-32,0
183.125907,0,0,95,58,90,100,829,1558,-2,0,-1,14,238,-32,0
183.137903,0,0,95,58,90,100,829,1558,-2,0,-1,14,238,-32,0
183.147462,0,0,95,58,90,100,829,1558,-2,0,-1,14,238,-32,0
183.151649,0,0,95,58,90,100,829,1558,-2,0,-1,14,238,-32,0
183.155826,0,0,95,58,90,100,829,1558,-2,0,-1,14,238,-32,0
183.169195,0,0,95,58,90,100,829,1558,-2,0,-1,14,238,-32,0
183.178935,0,0,95,58,90,100,829,1558,-2,0,-1,14,238,-32,0
183.183971,0,1,95,58,90,100,829,1558,-2,0,-1,15,238,-32,0
183.188172,0,0,95,58,90,100,829,1558,-2,0,-1,15,238,-32,0
183.199980,0,0,95,58,90,100,829,1558,-2,0,-1,15,238,-32,0
183.209421,0,0,95,58,90,100,829,1558,-2,0,-1,15,238,-32,0
183.214458,0,0,95,58,90,100,829,1558,-2,0,-1,15,238,-32,0
183.219062,0,0,95,58,90,100,829,1558,-2,0,-1,15,238,-32,0
183.231322,0,0,95,58,90,100,829,1558,-2,0,-1,15,238,-32,0
183.241458,0,0,95,58,90,100,829,1558,-2,0,-1,15,238,-32,0
186.114319,1,1,95,58,90,100,830,1558,-2,0,0,14,243,-31,0
186.123997,0,1,95,58,90,100,830,1558,-2,0,-1,14,243,-31,0
186.128448,0,1,95,58,90,100,830,1558,-2,0,-1,14,242,-31,0
186.132927,0,0,95,58,90,100,830,1558,-2,0,-1,14,242,-31,0
186.144748,0,0,95,58,90,100,830,1558,-2,0,-1,14,242,-31,0
186.154895,0,0,95,58,90,100,830,1558,-2,0,-1,14,242,-31,0
186.159805,0,0,95,58,90,100,830,1558,-2,0,-1,14,242,-31,0
186.164710,0,0,95,58,90,100,830,1558,-2,0,-1,14,242,-31,0
186.176342,0,0,95,58,90,100,830,1558,-2,0,-1,14,242,-31,0
186.186476,0,0,95,58,90,100,830,1558,-2,0,-1,14,242,-31,0
186.190713,1,0,95,58,90,100,829,1558,-2,0,-1,14,242,-31,0
186.194852,0,0,95,58,90,100,829,1558,-2,0,-1,14,242,-31,0
186.206935,0,0,95,58,90,100,829,1558,-2,0,-1,14,242,-31,0
186.216481,0,0,95,58,90,100,829,1558,-2,0,-1,14,242,-31,0
186.220757,0,0,95,58,90,100,829,1558,-2,0,-1,14,242,-31,0
186.225804,0,0,95,58,90,100,829,1558,-2,0,-1,14,242,-31,0
186.238272,0,0,95,58,90,100,829,1558,-2,0,-1,14,242,-31,0
186.248278,0,1,95,58,90,100,829,1558,-2,0,-1,14,241,-31,0
186.253226,0,0,95,58,90,100,829,1558,-2,0,-1,14,241,-31,0
186.258068,0,0,95,58,90,100,829,1558,-2,0,-1,14,241,-31,0
186.268628,0,0,95,58,90,100,829,1558,-2,0,-1,14,241,-31,0
