t_s,phase,tag,pos0,pos1,pos2,pos3,pos4,pos5,force0,force1,force2,force3,force4,force5
14.07201,grasp,base,93,58,96,100,246,1556,0,0,0,0,0,0
14.07347,grasp,base,93,58,96,100,246,1556,0,0,0,0,0,0
14.07465,grasp,base,93,58,96,100,246,1556,0,0,0,0,0,0
14.07586,grasp,base,93,58,96,100,246,1556,0,0,0,0,0,0
14.07709,grasp,base,93,58,96,100,246,1556,0,0,0,0,0,0
14.07862,grasp,base,93,58,96,100,246,1556,0,0,0,0,0,0
14.08918,grasp,base,93,58,96,100,246,1556,0,0,0,0,0,0
14.09036,grasp,base,93,58,96,100,246,1556,0,0,0,0,0,0
14.09168,grasp,base,93,58,96,100,246,1556,0,0,0,0,0,0
14.09311,grasp,base,93,58,96,100,246,1556,0,0,0,0,0,0
14.09953,grasp,base,93,58,96,100,246,1556,0,0,0,0,0,0
14.10085,grasp,base,93,58,96,100,246,1556,0,0,0,0,0,0
14.10211,grasp,base,93,58,96,100,246,1556,0,0,0,0,0,0
14.10332,grasp,base,93,58,96,100,246,1556,0,0,0,0,0,0
14.10451,grasp,base,93,58,96,100,246,1556,0,0,0,0,0,0
14.10577,grasp,base,93,58,96,100,246,1556,0,0,0,0,0,0
14.10696,grasp,base,93,58,96,100,246,1556,0,0,0,0,0,0
14.10814,grasp,base,93,58,96,100,246,1556,0,0,0,0,0,0
14.10933,grasp,base,93,58,96,100,246,1556,0,0,0,0,0,0
14.11969,grasp,base,93,58,96,100,246,1556,0,0,0,0,0,0
14.12095,grasp,base,93,58,96,100,246,1556,0,0,0,0,0,0
14.12224,grasp,base,93,58,96,100,246,1556,0,0,0,0,0,0
14.12334,grasp,base,93,58,96,100,246,1556,0,0,0,0,0,0
14.12455,grasp,base,93,58,96,100,246,1556,0,0,0,0,0,0
14.13155,grasp,base,93,58,96,100,246,1556,0,0,0,0,0,0
14.13277,grasp,base,93,58,96,100,246,1556,0,0,0,0,0,0
14.13393,grasp,base,93,58,96,100,246,1556,0,0,0,0,0,0
14.13517,grasp,base,93,58,96,100,246,1556,0,0,0,0,0,0
14.13634,grasp,base,93,58,96,100,246,1556,0,0,0,0,0,0
14.13758,grasp,base,93,58,96,100,246,1556,0,0,0,0,0,0
14.13879,grasp,base,93,58,96,100,246,1556,0,0,0,0,0,0
14.14003,grasp,base,93,58,96,100,246,1556,0,0,0,0,0,0
14.15034,grasp,base,93,58,96,100,246,1556,0,0,0,0,0,0
14.15177,grasp,base,93,58,96,100,246,1556,0,0,0,0,0,0
14.15302,grasp,base,93,58,96,100,246,1556,0,0,0,0,0,0
14.15423,grasp,base,93,58,96,100,246,1556,0,0,0,0,0,0
14.15558,grasp,base,93,58,96,100,246,1556,0,0,0,0,0,0
14.16234,grasp,base,93,58,96,100,246,1556,0,0,0,0,0,0
14.16353,grasp,base,93,58,96,100,246,1556,0,0,0,0,0,0
14.16471,grasp,base,93,58,96,100,246,1556,0,0,0,0,0,0
14.16598,grasp,base,93,58,96,100,246,1556,0,0,0,0,0,0
14.16715,grasp,base,93,58,96,100,246,1556,0,0,0,0,0,0
14.16830,grasp,base,93,58,96,100,246,1556,0,0,0,0,0,0
14.16948,grasp,base,93,58,96,100,246,1556,0,0,0,0,0,0
14.17071,grasp,base,93,58,96,100,246,1556,0,0,0,0,0,0
14.17191,grasp,base,93,58,96,100,246,1556,0,0,0,0,0,0
14.18219,grasp,base,93,58,96,100,246,1556,0,0,0,0,0,0
14.18334,grasp,base,93,58,96,100,246,1556,0,0,0,0,0,0
14.18459,grasp,base,93,58,96,100,246,1556,0,0,0,0,0,0
14.18585,grasp,base,93,58,96,100,246,1556,0,0,0,0,0,0
14.19240,grasp,base,93,58,96,100,246,1556,0,0,0,0,0,0
14.19366,grasp,base,93,58,96,100,246,1556,0,0,0,0,0,0
14.19486,grasp,base,93,58,96,100,246,1556,0,0,0,0,0,0
14.19601,grasp,base,93,58,96,100,246,1556,0,0,0,0,0,0
14.19721,grasp,base,93,58,96,100,246,1556,0,0,0,0,0,0
14.19843,grasp,base,93,58,96,100,246,1556,0,0,0,0,0,0
14.19965,grasp,base,93,58,96,100,246,1556,0,0,0,0,0,0
14.20112,grasp,base,93,58,96,100,246,1556,0,0,0,0,0,0
14.20232,grasp,base,93,58,96,100,246,1556,0,0,0,0,0,0
14.21245,grasp,base,93,58,96,100,246,1556,0,0,0,0,0,0
14.21367,grasp,base,93,58,96,100,246,1556,0,0,0,0,0,0
14.21487,grasp,base,93,58,96,100,246,1556,0,0,0,0,0,0
14.21607,grasp,base,93,58,96,100,246,1556,0,0,0,0,0,0
14.21725,grasp,base,93,58,96,100,246,1556,0,0,0,0,0,0
14.22386,grasp,base,93,58,96,100,246,1556,0,0,0,0,0,0
14.22515,grasp,base,93,58,96,100,246,1556,0,0,0,0,0,0
14.22631,grasp,base,93,58,96,100,246,1556,0,0,0,0,0,0
14.22749,grasp,base,93,58,96,100,246,1556,0,0,0,0,0,0
14.22876,grasp,base,93,58,96,100,246,1556,0,0,0,0,0,0
14.22992,grasp,base,93,58,96,100,246,1556,0,0,0,0,0,0
14.23119,grasp,base,93,58,96,100,246,1556,0,0,0,0,0,0
14.23234,grasp,base,93,58,96,100,246,1556,0,0,0,0,0,0
14.23350,grasp,base,93,58,96,100,246,1556,0,0,0,0,0,0
14.24424,grasp,base,93,58,96,100,246,1556,0,0,0,0,0,0
14.24537,grasp,base,93,58,96,100,246,1556,0,0,0,0,0,0
14.24655,grasp,base,93,58,96,100,246,1556,0,0,0,0,0,0
14.24779,grasp,base,93,58,96,100,246,1556,0,0,0,0,0,0
14.25441,grasp,base,93,58,96,100,246,1556,0,0,0,0,0,0
14.25560,grasp,base,93,58,96,100,246,1556,0,0,0,0,0,0
14.25709,grasp,base,93,58,96,100,246,1556,0,0,0,0,0,0
14.25861,grasp,base,93,58,96,100,246,1556,0,0,0,0,0,0
14.25981,grasp,base,93,58,96,100,246,1556,0,0,0,0,0,0
14.26106,grasp,base,93,58,96,100,246,1556,0,0,0,0,0,0
14.26233,grasp,base,93,58,96,100,246,1556,0,0,0,0,0,0
14.26377,grasp,base,93,58,96,100,246,1556,0,0,0,0,0,0
14.26502,grasp,base,93,58,96,100,246,1556,0,0,0,0,0,0
14.27538,grasp,base,93,58,96,100,246,1556,0,0,0,0,0,0
14.27663,grasp,base,93,58,96,100,246,1556,0,0,0,0,0,0
14.27785,grasp,base,93,58,96,100,246,1556,0,0,0,0,0,0
14.27909,grasp,base,93,58,96,100,246,1556,0,0,0,0,0,0
14.28549,grasp,base,93,58,96,100,246,1556,1,0,0,0,0,0
14.28702,grasp,base,93,58,96,100,246,1556,1,0,0,0,0,0
14.28825,grasp,base,93,58,96,100,246,1556,1,0,0,0,0,0
14.28938,grasp,base,93,58,96,100,246,1556,1,0,0,0,0,0
14.29057,grasp,base,93,58,96,100,246,1556,1,0,0,0,0,0
14.29194,grasp,base,93,58,96,100,246,1556,1,0,0,0,0,0
14.29367,grasp,base,93,58,96,100,246,1556,1,0,0,0,0,0
14.29478,grasp,base,93,58,96,100,246,1556,1,0,0,0,0,0
14.30531,grasp,base,93,58,96,100,246,1556,1,0,0,0,0,0
14.30639,grasp,base,93,58,96,100,246,1556,1,0,0,0,0,0
14.30761,grasp,base,93,58,96,100,246,1556,1,0,0,0,0,0
14.30882,grasp,base,93,58,96,100,246,1556,0,0,0,0,0,0
14.31003,grasp,base,93,58,96,100,246,1556,0,0,0,0,0,0
14.31670,grasp,base,93,58,96,100,246,1556,0,0,0,0,0,0
14.31831,grasp,base,93,58,96,100,246,1556,0,0,0,0,0,0
14.31964,grasp,base,93,58,96,100,246,1556,0,0,0,0,0,0
14.32121,grasp,base,93,58,96,100,246,1556,0,0,0,0,0,0
14.32246,grasp,base,93,58,96,100,246,1556,0,0,0,0,0,0
14.32411,grasp,base,93,58,96,100,246,1556,0,0,0,0,0,0
14.32597,grasp,base,93,58,96,100,246,1556,0,0,0,0,0,0
14.33641,grasp,base,93,58,96,100,246,1556,0,0,0,0,0,0
14.33817,grasp,base,93,58,96,100,246,1556,0,0,0,0,0,0
14.33980,grasp,base,93,58,96,100,246,1556,0,0,0,0,0,0
14.34124,grasp,base,93,58,96,100,246,1556,1,0,0,0,0,0
14.34771,grasp,base,93,58,96,100,246,1556,1,0,0,0,0,0
14.34922,grasp,base,93,58,96,100,246,1556,1,0,0,0,0,0
14.35035,grasp,base,93,58,96,100,246,1556,1,0,0,0,0,0
14.35159,grasp,base,93,58,96,100,246,1556,1,0,0,0,0,0
14.35283,grasp,base,93,58,96,100,246,1556,1,0,0,0,0,0
14.35398,grasp,base,93,58,96,100,246,1556,1,0,0,0,0,0
14.35524,grasp,base,93,58,96,100,246,1556,1,0,0,0,0,0
14.35640,grasp,base,93,58,96,100,246,1556,1,0,0,0,0,0
14.35796,grasp,base,93,58,96,100,246,1556,1,0,0,0,0,0
14.36805,grasp,base,93,58,96,100,246,1556,1,0,0,0,0,0
14.36923,grasp,base,93,58,96,100,246,1556,0,0,0,0,0,0
14.37089,grasp,base,93,58,96,100,246,1556,0,0,0,0,0,0
14.37287,grasp,base,93,58,96,100,246,1556,0,0,0,0,0,0
14.37933,grasp,base,93,58,96,100,246,1556,0,0,0,0,0,0
14.38052,grasp,base,93,58,96,100,246,1556,0,0,0,0,0,0
14.38172,grasp,base,93,58,96,100,246,1556,0,0,0,0,0,0
14.38295,grasp,base,93,58,96,100,246,1556,0,0,0,0,0,0
14.38414,grasp,base,93,58,96,100,246,1556,0,0,0,0,0,0
14.38533,grasp,base,93,58,96,100,246,1556,0,0,0,0,0,0
14.38652,grasp,base,93,58,96,100,246,1556,0,0,0,0,0,0
14.38777,grasp,base,93,58,96,100,246,1556,0,0,0,0,0,0
14.38889,grasp,base,93,58,96,100,246,1556,0,0,0,0,0,0
14.39931,grasp,base,93,58,96,100,246,1556,0,0,0,0,0,0
14.40045,grasp,base,93,58,96,100,246,1556,0,0,0,0,0,0
14.40165,grasp,base,93,58,96,100,246,1556,0,0,0,0,0,0
14.40292,grasp,base,93,58,96,100,246,1556,0,0,0,0,0,0
14.40986,grasp,base,93,58,96,100,246,1556,0,0,0,0,0,0
14.41172,grasp,base,93,58,96,100,246,1556,0,0,0,0,0,0
14.41325,grasp,base,93,58,96,100,246,1556,0,0,0,0,0,0
14.41478,grasp,base,93,58,96,100,246,1556,0,0,0,0,0,0
14.41663,grasp,base,93,58,96,100,246,1556,0,0,0,0,0,0
14.41818,grasp,base,93,58,96,100,246,1556,0,0,0,0,0,0
14.41969,grasp,base,93,58,96,100,246,1556,0,0,0,0,0,0
14.43024,grasp,base,93,58,96,100,246,1556,0,0,0,0,0,0
14.43174,grasp,base,93,58,96,100,246,1556,0,0,0,0,0,0
14.43353,grasp,base,93,58,96,100,246,1556,0,0,0,0,0,0
14.44051,grasp,base,93,58,96,100,246,1556,0,0,0,0,0,0
14.44242,grasp,base,93,58,96,100,246,1556,0,0,0,0,0,0
14.44388,grasp,base,93,58,96,100,246,1556,0,0,0,0,0,0
14.44534,grasp,base,93,58,96,100,246,1556,0,0,0,0,0,0
14.44659,grasp,base,93,58,96,100,246,1556,0,0,0,0,0,0
14.44820,grasp,base,93,58,96,100,246,1556,0,0,0,0,0,0
14.44981,grasp,base,93,58,96,100,246,1556,0,0,0,0,0,0
14.46022,grasp,base,93,58,96,100,246,1556,0,0,0,0,0,0
14.46137,grasp,base,93,58,96,100,246,1556,0,0,0,0,0,0
14.46253,grasp,base,93,58,96,100,246,1556,0,0,0,0,0,0
14.46378,grasp,base,93,58,96,100,246,1556,0,0,0,0,0,0
14.46494,grasp,base,93,58,96,100,246,1556,0,0,0,0,0,0
14.47143,grasp,base,93,58,96,100,246,1556,0,0,0,0,0,0
14.47265,grasp,base,93,58,96,100,246,1556,0,0,0,0,0,0
14.47380,grasp,base,93,58,96,100,246,1556,0,0,0,0,0,0
14.47507,grasp,base,93,58,96,100,246,1556,0,0,0,0,0,0
14.47624,grasp,base,93,58,96,100,246,1556,0,0,0,0,0,0
14.47742,grasp,base,93,58,96,100,246,1556,0,0,0,0,0,0
14.47867,grasp,base,93,58,96,100,246,1556,0,0,0,0,0,0
14.47985,grasp,base,93,58,96,100,246,1556,0,0,0,0,0,0
14.48107,grasp,base,93,58,96,100,246,1556,0,0,0,0,0,0
14.49129,grasp,base,93,58,96,100,246,1556,0,0,0,0,0,0
14.49252,grasp,base,93,58,96,100,246,1556,0,0,0,0,0,0
14.49372,grasp,base,93,58,96,100,246,1556,0,0,0,0,0,0
14.49491,grasp,base,93,58,96,100,246,1556,0,0,0,0,0,0
14.49604,grasp,base,93,58,96,100,246,1556,0,0,0,0,0,0
14.50267,grasp,base,93,58,96,100,246,1556,0,0,0,0,0,0
14.50415,grasp,base,93,58,96,100,246,1556,0,0,0,0,0,0
14.50535,grasp,base,93,58,96,100,246,1556,0,0,0,0,0,0
14.50658,grasp,base,93,58,96,100,246,1556,0,0,0,0,0,0
14.50777,grasp,base,93,58,96,100,246,1556,0,0,0,0,0,0
14.50899,grasp,base,93,58,96,100,246,1556,0,0,0,0,0,0
14.51018,grasp,base,93,58,96,100,246,1556,0,0,0,0,0,0
14.51137,grasp,base,93,58,96,100,246,1556,0,0,0,0,0,0
14.51256,grasp,base,93,58,96,100,246,1556,0,0,0,0,0,0
14.52282,grasp,base,93,58,96,100,246,1556,0,0,0,0,0,0
14.52409,grasp,base,93,58,96,100,246,1556,0,0,0,0,0,0
14.52533,grasp,base,93,58,96,100,246,1556,0,0,0,0,0,0
14.52645,grasp,base,93,58,96,100,246,1556,0,0,0,0,0,0
14.52774,grasp,base,93,58,96,100,246,1556,0,0,0,0,0,0
14.53410,grasp,base,93,58,96,100,246,1556,0,0,0,0,0,0
14.53533,grasp,base,93,58,96,100,246,1556,0,0,0,0,0,0
14.53655,grasp,base,93,58,96,100,246,1556,0,0,0,0,0,0
14.53769,grasp,base,93,58,96,100,246,1556,0,0,0,0,0,0
14.53929,grasp,base,93,58,96,100,246,1556,0,0,0,0,0,0
14.54119,grasp,base,93,58,96,100,246,1556,0,0,0,0,0,0
14.54237,grasp,base,93,58,96,100,246,1556,0,0,0,0,0,0
14.54359,grasp,base,93,58,96,100,246,1556,0,0,0,0,0,0
14.55389,grasp,base,93,58,96,100,246,1556,0,0,0,0,0,0
14.55507,grasp,base,93,58,96,100,246,1556,0,0,0,0,0,0
14.55630,grasp,base,93,58,96,100,246,1556,0,0,0,0,0,0
14.55747,grasp,base,93,58,96,100,246,1556,0,0,0,0,0,0
14.55870,grasp,base,93,58,96,100,246,1556,0,0,0,0,0,0
14.56504,grasp,base,93,58,96,100,246,1556,0,0,0,0,0,0
14.56622,grasp,base,93,58,96,100,246,1556,0,0,0,0,0,0
14.56784,grasp,base,93,58,96,100,246,1556,0,0,0,0,0,0
14.56958,grasp,base,93,58,96,100,246,1556,0,0,0,0,0,0
14.57116,grasp,base,93,58,96,100,246,1556,0,0,0,0,0,0
14.57236,grasp,base,93,58,96,100,246,1556,0,0,0,0,0,0
14.57380,grasp,base,93,58,96,100,246,1556,0,0,0,0,0,0
14.58429,grasp,base,93,58,96,100,246,1556,0,0,0,0,0,0
14.58561,grasp,base,93,58,96,100,246,1556,0,0,0,0,0,0
14.58750,grasp,base,93,58,96,100,246,1556,0,0,0,0,0,0
14.58888,grasp,base,93,58,96,100,246,1556,0,0,0,0,0,0
14.59581,grasp,base,93,58,96,100,246,1556,0,0,0,0,0,0
14.59718,grasp,base,93,58,96,100,246,1556,0,0,0,0,0,0
14.59838,grasp,base,93,58,96,100,246,1556,0,0,0,0,0,0
14.59962,grasp,base,93,58,96,100,246,1556,0,0,0,0,0,0
14.60080,grasp,base,93,58,96,100,246,1556,0,0,0,0,0,0
14.60203,grasp,base,93,58,96,100,246,1556,0,0,0,0,0,0
14.60326,grasp,base,93,58,96,100,246,1556,0,0,0,0,0,0
14.60441,grasp,base,93,58,96,100,246,1556,0,0,0,0,0,0
14.60592,grasp,base,93,58,96,100,246,1556,0,0,0,0,0,0
14.61624,grasp,base,93,58,96,100,246,1556,0,0,0,0,0,0
14.61738,grasp,base,93,58,96,100,246,1556,0,0,0,0,0,0
14.61860,grasp,base,93,58,96,100,246,1556,0,0,0,0,0,0
14.61979,grasp,base,93,58,96,100,246,1556,0,0,0,0,0,0
14.62643,grasp,base,93,58,96,100,246,1556,0,0,0,0,0,0
14.62761,grasp,base,93,58,96,100,246,1556,0,0,0,0,0,0
14.62876,grasp,base,93,58,96,100,246,1556,0,0,0,0,0,0
14.62997,grasp,base,93,58,96,100,246,1556,0,0,0,0,0,0
14.63129,grasp,base,93,58,96,100,246,1556,0,0,0,0,0,0
14.63236,grasp,base,93,58,96,100,246,1556,0,0,0,0,0,0
14.63361,grasp,base,93,58,96,100,246,1556,0,0,0,0,0,0
14.63483,grasp,base,93,58,96,100,246,1556,0,0,0,0,0,0
14.63596,grasp,base,93,58,96,100,246,1556,0,0,0,0,0,0
14.64630,grasp,base,93,58,96,100,246,1556,0,0,0,0,0,0
14.64772,grasp,base,93,58,96,100,246,1556,0,0,0,0,0,0
14.64898,grasp,base,93,58,96,100,246,1556,0,0,0,0,0,0
14.65016,grasp,base,93,58,96,100,246,1556,0,0,0,0,0,0
14.65130,grasp,base,93,58,96,100,246,1556,0,0,0,0,0,0
14.65787,grasp,base,93,58,96,100,246,1556,0,0,0,0,0,0
14.65904,grasp,base,93,58,96,100,246,1556,0,0,0,0,0,0
14.66031,grasp,base,93,58,96,100,246,1556,0,0,0,0,0,0
14.66149,grasp,base,93,58,96,100,246,1556,0,0,0,0,0,0
14.66271,grasp,base,93,58,96,100,246,1556,0,0,0,0,0,0
14.66391,grasp,base,93,58,96,100,246,1556,0,0,0,0,0,0
14.66518,grasp,base,93,58,96,100,246,1556,0,0,0,0,0,0
14.66665,grasp,base,93,58,96,100,246,1556,0,0,0,0,0,0
14.66786,grasp,base,93,58,96,100,246,1556,0,0,0,0,0,0
14.67832,grasp,base,93,58,96,100,246,1556,0,0,0,0,0,0
14.67953,grasp,base,93,58,96,100,246,1556,0,0,0,0,0,0
14.68080,grasp,base,93,58,96,100,246,1556,0,0,0,0,0,0
14.68204,grasp,base,93,58,96,100,246,1556,0,0,0,0,0,0
14.68865,grasp,base,93,58,96,100,246,1556,0,0,0,0,0,0
14.68982,grasp,base,93,58,96,100,246,1556,0,0,0,0,0,0
14.69116,grasp,base,93,58,96,100,246,1556,0,0,0,0,0,0
14.69235,grasp,base,93,58,96,100,246,1556,0,0,0,0,0,0
14.69359,grasp,base,93,58,96,100,246,1556,0,0,0,0,0,0
14.69483,grasp,base,93,58,96,100,246,1556,0,0,0,0,0,0
14.69596,grasp,base,93,58,96,100,246,1556,0,0,0,0,0,0
14.69721,grasp,base,93,58,96,100,246,1556,0,0,0,0,0,0
14.69836,grasp,base,93,58,96,100,246,1556,0,0,0,0,0,0
14.70851,grasp,base,93,58,96,100,246,1556,0,0,0,0,0,0
14.70994,grasp,base,93,58,96,100,246,1556,0,0,0,0,0,0
14.71120,grasp,base,93,58,96,100,246,1556,0,0,0,0,0,0
14.71238,grasp,base,93,58,96,100,246,1556,0,0,0,0,0,0
14.71358,grasp,base,93,58,96,100,246,1556,0,0,0,0,0,0
14.71996,grasp,base,93,58,96,100,246,1556,0,0,0,0,0,0
14.72117,grasp,base,93,58,96,100,246,1556,0,0,0,0,0,0
14.72236,grasp,base,93,58,96,100,246,1556,0,0,0,0,0,0
14.72358,grasp,base,93,58,96,100,246,1556,0,0,0,0,0,0
14.72488,grasp,base,93,58,96,100,246,1556,0,0,0,0,0,0
14.72639,grasp,base,93,58,96,100,246,1556,0,0,0,0,0,0
14.72757,grasp,base,93,58,96,100,246,1556,0,0,0,0,0,0
14.72878,grasp,base,93,58,96,100,246,1556,0,0,1,0,0,0
14.73921,grasp,base,93,58,96,100,246,1556,0,0,1,0,0,0
14.74048,grasp,base,93,58,96,100,246,1556,0,0,1,0,0,0
14.74158,grasp,base,93,58,96,100,246,1556,0,0,1,0,0,0
14.74284,grasp,base,93,58,96,100,246,1556,0,0,1,0,0,0
14.74406,grasp,base,93,58,96,100,246,1556,0,0,1,0,0,0
14.75034,grasp,base,93,58,96,100,246,1556,0,0,1,0,0,0
14.75148,grasp,base,93,58,96,100,246,1556,0,0,1,0,0,0
14.75273,grasp,base,93,58,96,100,246,1556,0,0,1,0,0,0
14.75394,grasp,base,93,58,96,100,246,1556,0,0,1,0,0,0
14.75514,grasp,base,93,58,96,100,246,1556,0,0,1,0,0,0
14.75637,grasp,base,93,58,96,100,246,1556,0,0,1,0,0,0
14.75756,grasp,base,93,58,96,100,246,1556,0,0,1,0,0,0
14.75886,grasp,base,93,58,96,100,246,1556,0,0,0,0,0,0
14.76001,grasp,base,93,58,96,100,246,1556,0,0,0,0,0,0
14.77043,grasp,base,93,58,96,100,246,1556,0,0,0,0,0,0
14.77188,grasp,base,93,58,96,100,246,1556,0,0,0,0,0,0
14.77308,grasp,base,93,58,96,100,246,1556,0,0,0,0,0,0
14.77430,grasp,base,93,58,96,100,246,1556,0,0,0,0,0,0
14.77584,grasp,base,93,58,96,100,246,1556,0,0,0,0,0,0
14.78230,grasp,base,93,58,96,100,246,1556,0,0,0,0,0,0
14.78356,grasp,base,93,58,96,100,246,1556,0,0,0,0,0,0
14.78474,grasp,base,93,58,96,100,246,1556,0,0,0,0,0,0
14.78594,grasp,base,93,58,96,100,246,1556,0,0,0,0,0,0
14.78715,grasp,base,93,58,96,100,246,1556,0,0,0,0,0,0
14.78841,grasp,base,93,58,96,100,246,1556,0,0,0,0,0,0
14.78958,grasp,base,93,58,96,100,246,1556,0,0,0,0,0,0
14.79074,grasp,base,93,58,96,100,246,1556,0,0,0,0,0,0
14.79208,grasp,base,93,58,96,100,246,1556,0,0,0,0,0,0
14.80243,grasp,base,93,58,96,100,246,1556,0,0,0,0,0,0
14.80368,grasp,base,93,58,96,100,246,1556,0,0,0,0,0,0
14.80490,grasp,base,93,58,96,100,246,1556,0,0,0,0,0,0
14.80611,grasp,base,93,58,96,100,246,1556,0,0,0,0,0,0
14.81253,grasp,base,93,58,96,100,246,1556,0,0,0,0,0,0
14.81371,grasp,base,93,58,96,100,246,1556,0,0,0,0,0,0
14.81489,grasp,base,93,58,96,100,246,1556,0,0,0,0,0,0
14.81610,grasp,base,93,58,96,100,246,1556,0,0,0,0,0,0
14.81734,grasp,base,93,58,96,100,246,1556,0,0,0,0,0,0
14.81894,grasp,base,93,58,96,100,246,1556,0,0,0,0,0,0
14.82036,grasp,base,93,58,96,100,246,1556,0,0,0,0,0,0
14.82155,grasp,base,93,58,96,100,246,1556,0,0,0,0,0,0
14.82274,grasp,base,93,58,96,100,246,1556,0,0,0,0,0,0
14.83324,grasp,base,93,58,96,100,246,1556,0,0,0,0,0,0
14.83473,grasp,base,93,58,96,100,246,1556,0,0,0,0,0,0
14.83591,grasp,base,93,58,96,100,246,1556,0,0,0,0,0,0
14.83749,grasp,base,93,58,96,100,246,1556,0,0,0,0,0,0
14.84405,grasp,base,93,58,96,100,246,1556,0,0,0,0,0,0
14.84519,grasp,base,93,58,96,100,246,1556,0,0,0,0,0,0
14.84643,grasp,base,93,58,96,100,246,1556,0,0,0,0,0,0
14.84764,grasp,base,93,58,96,100,246,1556,0,0,0,0,0,0
14.84885,grasp,base,93,58,96,100,246,1556,0,0,0,0,0,0
14.85004,grasp,base,93,58,96,100,246,1556,0,0,0,0,0,0
14.85128,grasp,base,93,58,96,100,246,1556,0,0,0,0,0,0
14.85248,grasp,base,93,58,96,100,246,1556,0,0,0,0,0,0
14.85378,grasp,base,93,58,96,100,246,1556,0,0,0,0,0,0
14.86435,grasp,base,93,58,96,100,246,1556,0,0,0,0,0,0
14.86573,grasp,base,93,58,96,100,246,1556,0,0,0,0,0,0
14.86693,grasp,base,93,58,96,100,246,1556,0,0,0,0,0,0
14.86819,grasp,base,93,58,96,100,246,1556,0,0,0,0,0,0
14.87487,grasp,base,93,58,96,100,246,1556,0,0,0,0,0,0
16.68203,grasp,place,94,59,96,100,246,1556,-4,-2,0,0,-1,0
16.70454,grasp,place,94,59,96,100,246,1556,-4,-2,0,0,0,-1
16.72580,grasp,place,94,58,96,100,246,1556,-4,-2,0,0,-1,-1
16.75486,grasp,place,94,58,96,100,246,1556,-4,-2,0,0,0,-1
16.78541,grasp,place,94,58,96,100,246,1556,-4,-2,0,0,0,-1
16.81621,grasp,place,94,58,96,100,246,1556,-4,-2,0,0,0,0
16.83809,grasp,place,94,58,95,100,246,1556,-4,-2,0,0,0,0
16.85974,grasp,place,94,58,95,100,246,1556,-4,-2,0,0,0,0
16.88126,grasp,place,94,58,96,100,246,1556,-4,-2,0,0,0,0
16.91032,grasp,place,94,58,96,100,246,1556,-4,-2,0,0,0,0
16.94136,grasp,place,94,58,96,100,246,1556,-3,-2,0,0,0,0
16.97220,grasp,place,94,58,96,100,246,1556,-4,-2,0,0,0,0
17.00284,grasp,place,94,58,96,100,247,1556,-4,-2,0,0,0,0
17.03336,grasp,place,94,58,96,100,246,1556,-4,-2,0,0,0,0
17.05510,grasp,place,94,58,96,100,246,1556,-4,-2,0,0,0,0
17.07726,grasp,place,94,58,96,100,246,1556,-4,-2,0,0,0,0
17.09875,grasp,place,94,58,96,100,246,1556,-4,-2,0,0,0,0
17.12718,grasp,place,94,58,96,100,246,1556,-4,-2,0,0,0,0
17.15813,grasp,place,94,58,96,100,246,1556,-4,-2,0,0,0,0
17.18856,grasp,place,94,58,96,100,246,1556,-4,-2,0,0,0,0
17.21931,grasp,place,94,58,96,100,246,1556,-4,-2,0,0,0,0
17.25023,grasp,place,94,58,96,100,246,1556,-4,-2,0,0,0,0
17.27173,grasp,place,94,58,96,100,246,1556,-4,-2,0,0,0,0
17.29363,grasp,place,94,58,96,100,246,1556,-4,-2,0,0,0,0
17.31521,grasp,place,94,58,96,100,246,1556,-4,-2,0,0,0,0
17.34430,grasp,place,94,58,96,100,246,1556,-4,-1,0,0,0,0
17.37537,grasp,place,94,58,96,100,246,1556,-4,-2,0,0,0,0
17.40617,grasp,place,94,58,96,100,247,1556,-3,-2,0,0,0,0
17.43647,grasp,place,94,58,96,100,246,1556,-4,-2,0,0,0,0
17.46736,grasp,place,94,58,96,100,246,1556,-3,-1,0,0,0,0
17.48882,grasp,place,94,58,96,100,246,1556,-4,-2,0,0,0,0
17.51027,grasp,place,94,58,96,100,246,1556,-3,-1,0,0,0,0
17.53181,grasp,place,94,58,96,100,246,1556,-3,-1,0,0,0,0
17.56090,grasp,place,94,58,96,100,246,1556,-3,-1,0,0,0,0
17.59122,grasp,place,94,58,96,100,246,1556,-3,-2,0,0,0,-1
17.62238,grasp,place,94,58,96,100,246,1556,-3,-1,0,0,0,0
17.65324,grasp,place,94,58,96,100,246,1556,-3,-1,0,0,0,-1
17.67478,grasp,place,94,58,96,100,246,1556,-3,-2,0,0,0,-1
17.69623,grasp,place,94,58,96,100,246,1556,-3,-1,0,0,0,-1
17.71773,grasp,place,94,58,96,100,246,1556,-3,-2,0,0,0,0
17.74710,grasp,place,94,58,96,100,246,1556,-3,-2,0,0,0,0
17.77748,grasp,place,94,58,96,100,246,1556,-3,-1,0,0,0,0
17.80835,grasp,place,94,58,96,100,246,1556,-3,-2,0,0,0,-1
17.82979,grasp,place,94,58,96,100,246,1556,-3,-1,0,0,0,0
17.85172,grasp,place,94,58,96,100,246,1556,-3,-1,0,0,0,0
17.87331,grasp,place,94,58,96,100,246,1556,-3,-2,0,0,0,0
17.90209,grasp,place,94,58,96,100,246,1556,-3,-2,0,0,0,0
17.93254,grasp,place,94,58,96,100,246,1556,-3,-2,0,0,0,0
17.96331,grasp,place,94,58,96,100,246,1556,-3,-1,0,0,0,0
17.98481,grasp,place,94,58,96,100,247,1556,-3,-1,0,0,0,0
18.00662,grasp,place,94,58,96,100,246,1556,-3,-1,0,0,0,0
18.02831,grasp,place,94,58,96,100,246,1556,-3,-2,0,0,0,0
18.05703,grasp,place,94,58,96,100,246,1556,-3,-1,0,0,0,0
18.08737,grasp,place,94,58,96,100,246,1556,-3,-1,0,0,0,-1
18.11824,grasp,place,94,58,96,100,246,1556,-3,-1,0,0,0,0
18.13997,grasp,place,94,58,96,100,246,1556,-3,-1,0,0,0,0
18.16172,grasp,place,94,58,96,100,246,1556,-3,-2,0,0,0,0
18.18337,grasp,place,94,58,96,100,246,1556,-3,-2,0,0,0,0
18.21239,grasp,place,94,58,96,100,246,1556,-3,-1,0,0,0,0
18.24349,grasp,place,94,58,95,100,246,1556,-3,-1,0,0,0,0
18.27433,grasp,place,94,58,96,100,247,1556,-4,-1,0,0,0,0
18.30508,grasp,place,94,58,96,100,246,1556,-4,-1,0,0,0,0
18.33558,grasp,place,94,58,96,100,246,1556,-4,-2,0,0,0,0
18.36614,grasp,place,94,58,96,100,246,1556,-3,-1,0,0,0,0
18.38772,grasp,place,94,58,96,100,246,1556,-3,-2,0,0,0,0
18.40933,grasp,place,94,58,96,100,246,1556,-3,-1,0,0,0,0
18.43095,grasp,place,94,58,96,100,246,1556,-3,-2,0,0,0,0
18.46010,grasp,place,94,58,96,100,246,1556,-3,-2,0,0,0,0
18.49044,grasp,place,94,58,96,100,246,1556,-3,-2,0,0,0,-1
18.52139,grasp,place,94,58,96,100,246,1556,-3,-2,0,0,0,0
18.55223,grasp,place,94,58,96,100,246,1556,-3,-2,0,0,0,0
18.57374,grasp,place,94,58,96,100,246,1556,-3,-2,0,0,0,0
18.59614,grasp,place,94,58,96,100,246,1556,-3,-2,0,0,0,0
18.61769,grasp,place,94,58,96,100,246,1556,-3,-2,0,0,0,0
18.64639,grasp,place,94,58,96,100,246,1556,-3,-2,0,0,0,0
18.67707,grasp,place,94,58,96,100,246,1556,-3,-2,0,0,0,0
18.70837,grasp,place,94,58,96,100,246,1556,-3,-2,0,0,0,0
18.73953,grasp,place,94,58,96,100,246,1556,-3,-2,0,0,0,0
18.77016,grasp,place,94,58,96,100,247,1556,-3,-2,0,0,0,0
18.80099,grasp,place,94,58,96,100,246,1556,-3,-1,0,0,0,0
18.83142,grasp,place,94,58,96,100,246,1556,-3,-1,0,0,0,0
18.85291,grasp,place,94,58,96,100,246,1556,-3,-1,0,0,0,0
18.87457,grasp,place,94,58,96,100,246,1556,-3,-1,0,0,0,0
18.89641,grasp,place,94,58,96,100,246,1556,-3,-2,0,0,0,0
18.92495,grasp,place,94,58,96,100,246,1556,-3,-2,0,0,0,0
18.95534,grasp,place,94,58,96,100,246,1556,-3,-2,0,0,0,0
18.97685,grasp,place,94,58,96,100,246,1556,-3,-2,0,0,0,0
18.99831,grasp,place,94,58,96,100,246,1556,-3,-2,0,0,0,0
19.01985,grasp,place,94,58,96,100,246,1556,-3,-2,0,0,0,0
19.04912,grasp,place,94,58,96,100,246,1556,-3,-2,0,0,0,0
19.07948,grasp,place,94,58,95,100,246,1556,-3,-2,0,0,0,0
19.11033,grasp,place,94,58,95,100,246,1556,-3,-2,0,0,0,0
19.14137,grasp,place,94,58,96,100,246,1556,-3,-2,0,0,0,0
19.16266,grasp,place,94,58,96,100,246,1556,-3,-2,0,0,0,0
19.18417,grasp,place,94,58,96,100,246,1556,-3,-2,0,0,0,0
19.20619,grasp,place,94,58,96,100,247,1556,-3,-1,0,0,0,0
19.23507,grasp,place,94,58,96,100,246,1556,-3,-2,0,0,0,0
19.26573,grasp,place,94,58,96,100,246,1556,-3,-1,0,0,0,-1
19.29637,grasp,place,94,58,96,100,246,1556,-3,-2,0,0,0,0
19.32736,grasp,place,94,58,96,100,246,1556,-3,-1,0,0,0,0
19.35826,grasp,place,94,58,95,100,246,1556,-2,-1,0,0,0,0
19.38926,grasp,place,94,58,96,100,246,1556,-3,-2,0,0,0,0
19.41076,grasp,place,94,58,96,100,246,1556,-3,-2,0,0,0,0
19.43225,grasp,place,94,58,96,100,246,1556,-3,-2,0,0,0,0
19.45425,grasp,place,94,58,96,100,246,1556,-3,-2,0,0,0,0
19.48307,grasp,place,94,58,96,100,246,1556,-3,-1,0,0,0,0
19.51419,grasp,place,94,58,96,100,246,1556,-3,-2,0,0,0,0
19.54519,grasp,place,94,58,96,100,246,1556,-3,-1,0,0,-1,0
19.57560,grasp,place,94,58,96,100,246,1556,-3,-1,0,0,0,0
19.60627,grasp,place,94,58,96,100,247,1556,-3,-2,0,0,0,0
19.62801,grasp,place,94,58,96,100,246,1556,-3,-2,0,0,0,0
19.64963,grasp,place,94,59,96,100,246,1556,-3,-2,0,0,0,0
19.67124,grasp,place,94,58,96,100,246,1556,-3,-1,0,0,0,0
19.70013,grasp,place,94,58,96,100,246,1556,-3,-1,0,0,0,0
19.73063,grasp,place,94,58,96,100,246,1556,-3,-2,0,0,0,0
19.76125,grasp,place,94,58,96,100,246,1556,-3,-2,0,0,0,0
19.79222,grasp,place,94,58,96,100,246,1556,-3,-1,0,0,0,0
19.82330,grasp,place,94,58,96,100,246,1556,-3,-2,0,0,0,0
19.85427,grasp,place,94,58,96,100,247,1556,-3,-2,0,0,0,0
19.87614,grasp,place,94,58,96,100,246,1556,-3,-2,0,0,0,0
19.89794,grasp,place,94,58,96,100,246,1556,-3,-2,0,0,0,-1
19.91939,grasp,place,94,58,96,100,246,1556,-3,-2,0,0,0,0
19.94817,grasp,place,94,58,96,100,246,1556,-3,-2,0,0,0,0
19.97914,grasp,place,94,58,96,100,246,1556,-3,-2,0,0,0,0
20.00947,grasp,place,94,58,96,100,246,1556,-3,-2,0,0,0,0
20.03097,grasp,place,94,58,96,100,246,1556,-3,-2,0,0,0,0
20.05287,grasp,place,94,58,96,100,246,1556,-2,-2,0,0,0,0
20.07430,grasp,place,94,58,96,100,246,1556,-2,-2,0,0,0,0
20.10309,grasp,place,94,58,96,100,246,1556,-2,-2,0,0,0,0
20.13353,grasp,place,94,58,96,100,246,1556,-2,-2,0,0,0,0
20.16399,grasp,place,94,58,96,100,246,1556,-2,-2,0,0,0,0
20.18549,grasp,place,94,58,96,100,246,1556,-3,-2,0,0,0,0
20.20719,grasp,place,94,58,96,100,246,1556,-2,-2,0,0,0,0
20.22906,grasp,place,94,58,96,100,246,1556,-2,-2,0,0,0,0
20.25811,grasp,place,94,58,96,100,246,1556,-2,-2,0,0,0,0
20.28881,grasp,place,94,58,96,100,246,1556,-3,-2,0,0,0,0
20.31934,grasp,place,94,58,96,100,246,1556,-2,-2,0,0,0,0
20.34079,grasp,place,94,58,96,100,246,1556,-3,-2,0,0,0,0
20.36239,grasp,place,94,58,96,100,246,1556,-3,-2,0,0,0,0
20.38418,grasp,place,94,58,96,100,246,1556,-2,-2,0,0,0,0
20.41312,grasp,place,94,58,96,100,246,1556,-2,-2,0,0,0,0
20.44351,grasp,place,94,58,96,100,246,1556,-2,-1,0,0,0,0
20.47428,grasp,place,94,58,96,100,246,1556,-2,-2,0,0,0,0
20.49575,grasp,place,94,58,96,100,246,1556,-3,-2,0,0,0,0
20.51734,grasp,place,94,58,96,100,246,1556,-3,-2,0,0,0,0
20.53881,grasp,place,94,58,96,100,246,1556,-3,-2,0,0,0,0
20.56785,grasp,place,94,58,96,100,246,1556,-3,-2,0,0,0,0
20.59828,grasp,place,94,58,96,100,246,1556,-3,-2,0,0,0,0
20.61972,grasp,place,94,58,96,100,246,1556,-3,-2,0,0,0,0
20.64138,grasp,place,94,58,96,100,246,1556,-3,-2,0,0,0,0
20.66334,grasp,place,94,58,96,100,246,1556,-3,-2,0,0,0,0
20.69209,grasp,place,94,58,96,100,246,1556,-3,-2,0,0,0,0
20.72240,grasp,place,94,58,96,100,246,1556,-3,-2,0,0,0,0
20.75314,grasp,place,94,58,96,100,246,1556,-3,-2,0,0,0,0
20.77458,grasp,place,94,58,96,100,246,1556,-3,-2,0,0,0,0
20.79595,grasp,place,94,58,96,100,246,1556,-3,-2,0,0,0,0
20.81748,grasp,place,94,58,96,100,246,1556,-3,-2,0,0,0,0
20.84669,grasp,place,94,58,96,100,246,1556,-3,-2,0,0,0,0
20.87716,grasp,place,94,58,96,100,246,1556,-3,-1,0,0,0,0
20.89858,grasp,place,94,58,96,100,246,1556,-2,-1,0,0,0,0
20.92005,grasp,place,94,58,96,100,246,1556,-2,-2,0,0,0,0
20.94159,grasp,place,94,58,96,100,246,1556,-3,-1,0,0,0,0
20.97107,grasp,place,94,58,96,100,246,1556,-3,-1,0,0,0,0
21.00164,grasp,place,94,58,96,100,246,1556,-2,-2,0,0,0,0
21.03244,grasp,place,94,58,96,100,246,1556,-2,-2,0,0,0,0
21.06326,grasp,place,94,58,95,100,246,1556,-2,-2,0,0,0,0
21.09423,grasp,place,94,58,96,100,246,1556,-2,-2,0,0,0,0
21.11583,grasp,place,94,58,96,100,246,1556,-3,-2,0,0,0,0
21.13760,grasp,place,94,58,96,100,246,1556,-3,-2,0,0,0,0
21.15924,grasp,place,94,58,96,100,246,1556,-3,-2,0,0,0,0
21.18807,grasp,place,94,58,96,100,246,1556,-2,-2,0,0,0,0
21.21895,grasp,place,94,58,96,100,246,1556,-2,-2,0,0,0,0
21.24948,grasp,place,94,58,95,100,246,1556,-2,-2,0,0,0,0
21.27081,grasp,place,94,58,96,100,246,1556,-2,-2,0,0,0,0
21.29235,grasp,place,94,58,96,100,246,1556,-3,-2,0,0,0,0
21.31419,grasp,place,94,58,96,100,246,1556,-3,-2,0,0,0,0
21.34271,grasp,place,94,58,96,100,246,1556,-3,-2,0,0,0,0
21.37334,grasp,place,94,58,96,100,246,1556,-2,-2,0,0,0,0
21.39463,grasp,place,94,58,96,100,246,1556,-2,-2,0,0,0,0
21.41620,grasp,place,94,58,96,100,246,1556,-2,-1,0,0,0,0
21.43769,grasp,place,94,58,96,100,246,1556,-2,-2,0,0,0,0
21.46720,grasp,place,94,58,96,100,246,1556,-2,-2,0,0,0,0
21.49792,grasp,place,94,58,96,100,246,1556,-2,-2,0,0,0,0
21.52832,grasp,place,94,58,96,100,246,1556,-2,-2,0,0,0,0
21.55915,grasp,place,94,58,96,100,246,1556,-2,-2,0,0,0,0
21.58063,grasp,place,94,58,96,100,246,1556,-2,-2,0,0,0,0
21.60215,grasp,place,94,58,96,100,246,1556,-2,-2,0,0,0,0
21.62370,grasp,place,94,58,96,100,246,1556,-2,-2,0,0,0,0
21.65269,grasp,place,94,58,96,100,246,1556,-2,-2,0,0,0,0
21.68316,grasp,place,94,58,96,100,246,1556,-2,-2,0,0,0,0
21.71410,grasp,place,94,58,96,100,246,1556,-3,-2,0,0,0,0
21.73556,grasp,place,94,58,96,100,246,1556,-2,-2,0,0,0,0
21.75708,grasp,place,94,58,96,100,246,1556,-2,-2,0,0,0,0
21.77864,grasp,place,94,58,96,100,247,1556,-2,-2,0,0,0,0
21.80812,grasp,place,94,58,96,100,246,1556,-2,-2,0,0,0,0
21.83899,grasp,place,94,58,96,100,246,1556,-3,-2,0,0,0,0
21.86948,grasp,place,94,58,96,100,246,1556,-2,-2,0,0,0,0
21.90014,grasp,place,94,58,96,100,246,1556,-3,-2,0,0,0,0
21.92177,grasp,place,94,58,96,100,246,1556,-2,-1,0,0,0,0
21.94367,grasp,place,94,58,96,100,246,1556,-3,-2,0,0,0,0
21.96529,grasp,place,94,58,96,100,246,1556,-2,-2,0,0,0,0
21.99375,grasp,place,94,58,96,100,246,1556,-2,-1,0,0,0,0
22.02421,grasp,place,94,58,96,100,246,1556,-3,-2,0,0,0,0
22.04574,grasp,place,94,58,96,100,246,1556,-2,-2,0,0,0,0
22.06750,grasp,place,94,58,96,100,246,1556,-3,-2,0,0,0,0
22.08916,grasp,place,94,58,96,100,246,1556,-3,-2,0,0,0,0
22.11809,grasp,place,94,58,96,100,246,1556,-3,-2,0,0,0,0
22.14844,grasp,place,94,58,96,100,246,1556,-2,-1,0,0,0,0
22.16996,grasp,place,94,58,96,100,246,1556,-3,-1,0,0,0,0
22.19165,grasp,place,94,58,96,100,246,1556,-3,-1,0,0,0,0
22.21314,grasp,place,94,58,96,100,246,1556,-3,-1,0,0,0,0
22.24208,grasp,place,94,58,96,100,246,1556,-3,-1,0,0,0,0
22.27296,grasp,place,94,58,96,100,246,1556,-3,-1,0,0,0,0
22.30359,grasp,place,94,58,96,100,246,1556,-3,-1,0,0,0,0
22.33419,grasp,place,94,58,96,100,246,1556,-3,-1,0,0,0,0
22.35589,grasp,place,94,58,96,100,246,1556,-3,-1,0,0,0,0
22.37755,grasp,place,94,58,96,100,246,1556,-3,-1,0,0,0,0
22.39894,grasp,place,94,58,96,100,246,1556,-3,-2,0,0,0,0
22.42821,grasp,place,94,58,96,100,246,1556,-3,-2,0,0,0,0
22.45902,grasp,place,94,58,96,100,246,1556,-2,-1,0,0,0,0
22.48947,grasp,place,94,58,96,100,246,1556,-3,-2,0,0,0,0
22.52026,grasp,place,94,58,96,100,246,1556,-3,-2,0,0,0,0
22.54178,grasp,place,94,58,96,100,246,1556,-3,-2,0,0,0,0
22.56332,grasp,place,94,58,96,100,246,1556,-3,-2,0,0,0,0
22.58481,grasp,place,94,58,96,100,246,1556,-2,-2,0,0,0,0
22.61408,grasp,place,94,58,96,100,246,1556,-3,-1,0,0,0,0
22.64504,grasp,place,94,58,96,100,246,1556,-3,-2,0,0,0,0
22.67540,grasp,place,94,58,96,100,246,1556,-2,-2,0,0,0,0
22.70610,grasp,place,94,58,96,100,246,1556,-2,-2,0,0,0,0
22.72761,grasp,place,94,58,95,100,246,1556,-3,-1,0,0,0,0
22.74916,grasp,place,94,58,96,100,246,1556,-3,-2,0,0,0,0
22.77062,grasp,place,94,58,96,100,246,1556,-2,-1,0,0,0,0
22.79997,grasp,place,94,58,96,100,246,1556,-2,-1,0,0,0,0
22.83048,grasp,place,94,58,96,100,246,1556,-2,-1,0,0,0,0
22.86131,grasp,place,94,58,96,100,246,1556,-2,-1,0,0,0,0
22.88278,grasp,place,94,58,96,100,246,1556,-2,-1,0,0,0,0
22.90426,grasp,place,94,58,96,100,246,1556,-2,-1,0,0,0,0
22.92565,grasp,place,94,58,96,100,246,1556,-2,-2,0,0,0,0
22.95509,grasp,place,94,58,96,100,246,1556,-2,-2,0,0,0,0
22.98570,grasp,place,94,58,96,100,246,1556,-2,-1,0,0,0,0
23.01614,grasp,place,94,58,96,100,246,1556,-2,-2,0,0,0,0
23.03800,grasp,place,94,58,96,100,246,1556,-2,-2,0,0,0,0
23.05955,grasp,place,94,58,96,100,246,1556,-2,-2,0,0,0,0
23.08109,grasp,place,94,58,96,100,247,1556,-2,-2,0,0,0,0
23.11003,grasp,place,94,58,96,100,246,1556,-2,-2,0,0,0,0
23.14108,grasp,place,94,58,96,100,246,1556,-2,-2,0,0,0,0
23.17146,grasp,place,94,58,96,100,247,1556,-2,-2,0,0,0,0
23.20213,grasp,place,94,58,95,100,246,1556,-3,-2,0,0,0,0
23.22407,grasp,place,94,58,96,100,246,1556,-2,-2,0,0,0,0
23.24566,grasp,place,94,58,96,100,246,1556,-2,-2,0,0,0,0
23.26711,grasp,place,94,58,96,100,246,1556,-3,-2,0,0,0,0
23.29574,grasp,place,94,58,96,100,246,1556,-2,-2,0,0,0,0
23.32607,grasp,place,94,58,96,100,246,1556,-2,-2,0,0,0,0
23.34754,grasp,place,94,58,96,100,246,1556,-2,-2,0,0,0,0
23.36912,grasp,place,94,58,96,100,246,1556,-2,-2,0,0,0,0
23.39063,grasp,place,94,58,96,100,246,1556,-2,-2,0,0,0,0
23.41974,grasp,place,94,58,96,100,246,1556,-2,-2,0,0,0,0
23.45027,grasp,place,94,58,96,100,246,1556,-3,-2,0,0,0,0
23.47172,grasp,place,94,58,96,100,246,1556,-2,-2,0,0,0,0
23.49333,grasp,place,94,58,96,100,246,1556,-2,-2,0,0,0,0
23.51520,grasp,place,94,58,96,100,246,1556,-2,-2,0,0,0,0
23.54420,grasp,place,94,58,96,100,246,1556,-2,-2,0,0,0,0
23.57516,grasp,place,94,58,96,100,246,1556,-3,-2,0,0,0,0
23.60570,grasp,place,94,58,96,100,246,1556,-2,-2,0,0,0,0
23.63617,grasp,place,94,58,96,100,246,1556,-2,-1,0,0,0,0
23.65778,grasp,place,94,58,96,100,246,1556,-2,-2,0,0,0,0
23.67936,grasp,place,94,58,96,100,246,1556,-3,-1,0,0,0,0
23.70087,grasp,place,94,58,96,100,246,1556,-3,-1,0,0,0,0
23.72970,grasp,place,94,58,96,100,246,1556,-2,-1,0,0,0,0
23.76015,grasp,place,94,58,95,100,246,1556,-2,-1,0,0,0,0
23.78175,grasp,place,94,58,96,100,246,1556,-2,-1,0,0,0,0
23.80323,grasp,place,94,58,96,100,246,1556,-2,-2,0,0,0,0
23.82471,grasp,place,94,58,96,100,246,1556,-2,-2,0,0,0,0
23.85398,grasp,place,94,58,96,100,247,1556,-2,-1,0,0,0,0
23.88447,grasp,place,94,58,96,100,246,1556,-2,-1,0,0,0,0
23.91518,grasp,place,94,58,96,100,246,1556,-2,-1,0,0,0,0
23.93679,grasp,place,94,58,96,100,246,1556,-2,-2,0,0,0,0
23.95828,grasp,place,94,58,96,100,246,1556,-2,-2,0,0,0,0
23.98012,grasp,place,94,58,96,100,246,1556,-3,-2,0,0,0,0
24.00909,grasp,place,94,58,96,100,246,1556,-3,-2,0,0,0,0
24.03989,grasp,place,94,58,96,100,246,1556,-3,-2,0,0,0,0
24.07046,grasp,place,94,58,96,100,246,1556,-2,-2,0,0,0,0
24.10121,grasp,place,94,58,96,100,247,1556,-2,-2,0,0,0,0
24.12273,grasp,place,94,58,96,100,246,1556,-2,-2,0,0,0,0
24.14422,grasp,place,94,58,96,100,246,1556,-2,-2,0,0,0,0
24.16585,grasp,place,94,58,96,100,246,1556,-2,-2,0,0,0,0
24.19510,grasp,place,94,58,96,100,246,1556,-2,-2,0,0,0,0
24.22594,grasp,place,94,58,96,100,246,1556,-2,-2,0,0,0,0
24.25629,grasp,place,94,58,96,100,246,1556,-2,-2,0,0,0,0
24.27772,grasp,place,94,58,96,100,246,1556,-2,-2,0,0,0,0
24.29912,grasp,place,94,58,96,100,246,1556,-2,-1,0,0,0,0
24.32057,grasp,place,94,58,96,100,246,1556,-2,-1,0,0,0,0
24.34977,grasp,place,94,58,96,100,246,1556,-2,-1,0,0,0,0
24.38002,grasp,place,94,58,96,100,246,1556,-2,-1,0,0,0,0
24.40151,grasp,place,94,58,96,100,247,1556,-2,-2,0,0,0,0
24.42353,grasp,place,94,58,96,100,247,1556,-3,-2,0,0,0,0
24.44549,grasp,place,94,58,96,100,246,1556,-2,-2,0,0,0,0
24.47415,grasp,place,94,58,96,100,246,1556,-3,-2,0,0,0,0
24.50464,grasp,place,94,58,96,100,246,1556,-3,-2,0,0,0,0
24.53520,grasp,place,94,58,96,100,246,1556,-2,-2,0,0,0,0
24.55668,grasp,place,94,58,96,100,246,1556,-2,-2,0,0,0,0
24.57859,grasp,place,94,58,96,100,246,1556,-2,-1,0,0,0,0
24.60011,grasp,place,94,58,96,100,246,1556,-2,-1,0,0,0,0
24.62864,grasp,place,94,58,96,100,246,1556,-2,-1,0,0,0,0
24.65909,grasp,place,94,58,96,100,246,1556,-3,-1,0,0,0,0
24.68071,grasp,place,94,58,96,100,246,1556,-2,-1,0,0,0,0
24.70231,grasp,place,94,58,96,100,246,1556,-2,-1,0,0,0,0
24.72377,grasp,place,94,58,96,100,246,1556,-2,-1,0,0,0,0
24.75310,grasp,place,94,58,95,100,246,1556,-2,-1,0,0,0,0
24.78349,grasp,place,94,58,96,100,246,1556,-2,-1,0,0,0,0
24.81406,grasp,place,94,58,96,100,246,1556,-2,-1,0,0,0,0
24.84528,grasp,place,94,58,96,100,246,1556,-2,-1,0,0,0,0
24.86669,grasp,place,94,58,96,100,246,1556,-2,-1,0,0,0,0
24.88830,grasp,place,94,58,96,100,246,1556,-2,-1,0,0,0,0
24.91025,grasp,place,94,58,96,100,246,1556,-2,-1,0,0,0,0
24.93905,grasp,place,94,58,96,100,246,1556,-2,-1,0,0,0,0
24.96940,grasp,place,94,58,96,100,246,1556,-2,-1,0,0,0,0
25.00008,grasp,place,94,58,95,100,246,1556,-2,-1,0,0,0,0
25.02157,grasp,place,94,58,96,100,247,1556,-2,-1,0,0,0,0
25.04320,grasp,place,94,58,96,100,247,1556,-2,-1,0,0,0,0
25.06468,grasp,place,94,58,96,100,246,1556,-3,-1,0,0,0,0
25.09374,grasp,place,94,58,96,100,246,1556,-3,-1,0,0,0,0
25.12429,grasp,place,94,58,96,100,246,1556,-2,-1,0,0,0,0
25.15544,grasp,place,94,58,96,100,246,1556,-2,-2,0,0,0,0
25.18608,grasp,place,94,58,95,100,246,1556,-2,-2,0,0,0,-1
25.20759,grasp,place,94,58,96,100,246,1556,-2,-2,0,0,0,0
25.22905,grasp,place,94,58,96,100,246,1556,-2,-1,0,0,0,0
25.25048,grasp,place,94,58,96,100,246,1556,-2,-2,0,0,0,0
25.27989,grasp,place,94,58,96,100,246,1556,-2,-1,0,0,0,0
25.31026,grasp,place,94,58,95,100,246,1556,-2,-2,0,0,0,0
25.33171,grasp,place,94,58,96,100,246,1556,-2,-1,0,0,0,0
25.35311,grasp,place,94,58,96,100,246,1556,-2,-1,0,0,0,0
25.37496,grasp,place,94,58,96,100,246,1556,-3,-1,0,0,0,0
25.40394,grasp,place,94,58,96,100,246,1556,-2,-1,0,0,0,0
25.43432,grasp,place,94,58,96,100,246,1556,-2,-1,0,0,0,0
25.46521,grasp,place,94,58,96,100,246,1556,-3,-1,0,0,0,0
25.48665,grasp,place,94,58,96,100,246,1556,-2,-1,0,0,0,0
25.50860,grasp,place,94,58,96,100,246,1556,-2,-1,0,0,0,0
25.53014,grasp,place,94,58,96,100,246,1556,-2,-1,0,0,0,0
25.55914,grasp,place,94,58,96,100,246,1556,-2,-1,0,0,0,0
25.59010,grasp,place,94,58,96,100,246,1556,-3,-1,0,0,0,0
25.62074,grasp,place,94,58,96,100,246,1556,-2,-1,0,0,0,0
25.65110,grasp,place,94,58,96,100,246,1556,-2,-1,0,0,0,0
25.67236,grasp,place,94,58,96,100,246,1556,-2,-1,0,0,0,0
25.69417,grasp,place,94,58,96,100,246,1556,-2,-1,0,0,0,0
25.71563,grasp,place,94,58,96,100,246,1556,-2,-1,0,0,0,0
25.74503,grasp,place,94,58,96,100,247,1556,-2,-1,0,0,0,0
25.77535,grasp,place,94,58,96,100,246,1556,-2,-1,0,0,0,0
25.80597,grasp,place,94,58,96,100,246,1556,-2,-1,0,0,0,0
25.82735,grasp,place,94,58,96,100,246,1556,-2,-1,0,0,0,0
25.84913,grasp,place,94,58,95,100,246,1556,-2,-1,0,0,0,0
25.87103,grasp,place,94,58,96,100,246,1556,-2,-1,0,0,0,0
25.89994,grasp,place,94,58,96,100,246,1556,-2,-1,0,0,0,0
25.93045,grasp,place,94,58,96,100,246,1556,-2,-1,0,0,0,0
25.96119,grasp,place,94,58,96,100,247,1556,-2,-1,0,0,0,0
25.98275,grasp,place,94,58,96,100,246,1556,-2,-1,0,0,0,0
26.00425,grasp,place,94,58,96,100,246,1556,-2,-1,0,0,0,0
26.02570,grasp,place,94,58,96,100,247,1556,-3,-1,0,0,0,0
26.05467,grasp,place,94,58,96,100,246,1556,-2,-1,0,0,0,0
26.08535,grasp,place,94,58,96,100,246,1556,-2,-1,0,0,0,0
26.11619,grasp,place,94,58,96,100,246,1556,-2,-1,0,0,0,0
26.13797,grasp,place,94,58,96,100,246,1556,-3,-1,0,0,0,0
26.15988,grasp,place,94,58,96,100,246,1556,-3,-1,0,0,0,0
26.18176,grasp,place,94,58,96,100,246,1556,-3,-1,0,0,0,0
26.20988,grasp,place,94,58,96,100,246,1556,-2,-1,0,0,0,0
26.24039,grasp,place,94,58,95,100,246,1556,-3,-1,0,0,0,0
26.27112,grasp,place,94,58,96,100,246,1556,-3,-1,0,0,0,0
26.29261,grasp,place,94,58,96,100,246,1556,-3,-1,0,0,0,0
26.31446,grasp,place,94,58,96,100,246,1556,-3,-1,0,0,0,0
26.33666,grasp,place,94,58,96,100,246,1556,-3,-1,0,0,0,0
26.36486,grasp,place,94,58,96,100,246,1556,-2,-1,0,0,0,0
26.39547,grasp,place,94,58,95,100,246,1556,-3,-1,0,0,0,0
26.42623,grasp,place,94,58,96,100,246,1556,-2,-1,0,0,0,0
26.45717,grasp,place,94,58,96,100,246,1556,-3,-1,0,0,0,0
26.48804,grasp,place,94,58,96,100,246,1556,-3,-1,0,0,0,0
26.50980,grasp,place,94,58,95,100,246,1556,-3,-1,0,0,0,0
26.53134,grasp,place,94,58,96,100,246,1556,-3,-1,0,0,0,0
26.55280,grasp,place,94,58,96,100,246,1556,-2,-1,0,0,0,0
26.58192,grasp,place,94,58,96,100,246,1556,-2,-1,0,0,0,0
26.61225,grasp,place,94,58,96,100,246,1556,-2,-2,0,0,0,0
26.63372,grasp,place,94,58,96,100,246,1556,-2,-1,0,0,0,0
26.65524,grasp,place,94,58,96,100,246,1556,-2,-1,0,0,0,0
26.67670,grasp,place,94,58,96,100,246,1556,-2,-1,0,0,0,0
26.70598,grasp,place,94,58,96,100,246,1556,-2,-1,0,0,1,0
26.73635,grasp,place,94,58,96,100,246,1556,-3,-1,0,0,0,0
26.75803,grasp,place,94,58,96,100,246,1556,-2,-1,0,0,0,0
26.77969,grasp,place,94,58,96,100,246,1556,-2,-1,0,0,0,0
26.80119,grasp,place,94,58,96,100,246,1556,-2,-1,0,0,0,0
26.82981,grasp,place,94,58,96,100,246,1556,-2,-1,0,0,0,0
26.86035,grasp,place,94,58,96,100,246,1556,-3,-1,0,0,0,0
26.89101,grasp,place,94,58,96,100,246,1556,-2,-1,0,0,0,0
26.91260,grasp,place,94,58,96,100,246,1556,-2,-1,0,0,0,0
26.93452,grasp,place,94,58,96,100,246,1556,-3,-1,0,0,0,0
26.95648,grasp,place,94,58,96,100,246,1556,-2,-2,0,0,0,0
26.98505,grasp,place,94,58,96,100,246,1556,-3,-2,0,0,0,0
27.01601,grasp,place,94,58,96,100,246,1556,-2,-1,0,0,0,0
27.04744,grasp,place,94,58,96,100,246,1556,-2,-1,0,0,0,0
27.07827,grasp,place,94,58,96,100,246,1556,-2,-1,0,0,0,0
27.10899,grasp,place,94,58,96,100,246,1556,-2,-1,0,0,0,0
27.13938,grasp,place,94,58,96,100,246,1556,-2,-1,0,0,0,0
27.17005,grasp,place,94,58,96,100,246,1556,-2,-1,0,0,0,0
27.19152,grasp,place,94,58,96,100,246,1556,-2,-2,0,0,0,0
27.21302,grasp,place,94,58,96,100,246,1556,-2,-2,0,0,0,0
27.23498,grasp,place,94,58,96,100,246,1556,-2,-1,0,0,0,0
27.26385,grasp,place,94,58,96,100,246,1556,-2,-1,0,0,0,0
27.29437,grasp,place,94,58,96,100,246,1556,-2,-1,0,0,0,0
27.32496,grasp,place,94,58,96,100,246,1556,-2,-1,0,0,0,0
27.34690,grasp,place,94,58,96,100,246,1556,-2,-1,0,0,0,0
27.36843,grasp,place,94,58,96,100,246,1556,-2,-1,0,0,0,0
27.39011,grasp,place,94,58,96,100,246,1556,-2,-2,0,0,0,0
27.41878,grasp,place,94,58,96,100,246,1556,-2,-1,0,0,0,0
27.44942,grasp,place,94,58,96,100,246,1556,-2,-1,0,0,0,0
27.48019,grasp,place,94,58,96,100,246,1556,-2,-1,0,0,0,0
27.50173,grasp,place,94,58,96,100,246,1556,-2,-1,0,0,0,0
27.52371,grasp,place,94,58,96,100,246,1556,-2,-1,0,0,0,0
27.54530,grasp,place,94,58,96,100,246,1556,-2,-1,0,0,0,0
27.57387,grasp,place,94,58,96,100,246,1556,-2,-1,0,0,0,0
27.60436,grasp,place,94,58,96,100,246,1556,-2,-1,0,0,0,0
27.63508,grasp,place,94,58,96,100,247,1556,-2,-1,0,0,0,0
27.65653,grasp,place,94,58,96,100,246,1556,-2,-1,0,0,0,0
27.67824,grasp,place,94,58,96,100,246,1556,-2,-1,0,0,0,0
27.69977,grasp,place,94,58,96,100,246,1556,-2,-1,0,0,0,0
27.72899,grasp,place,94,58,96,100,246,1556,-2,-1,0,0,0,0
27.75986,grasp,place,94,58,96,100,246,1556,-2,-1,0,0,0,0
27.79036,grasp,place,94,58,96,100,246,1556,-2,-1,0,0,0,0
27.82111,grasp,place,94,58,96,100,246,1556,-2,-1,0,0,0,0
27.84274,grasp,place,94,58,96,100,246,1556,-2,-1,0,0,0,0
27.86433,grasp,place,94,58,96,100,246,1556,-2,-1,0,0,0,0
27.88585,grasp,place,94,58,96,100,246,1556,-2,-1,0,0,0,0
27.91463,grasp,place,94,58,96,100,246,1556,-2,-1,0,0,0,0
27.94510,grasp,place,94,58,96,100,246,1556,-2,-1,0,0,0,0
27.96658,grasp,place,94,58,96,100,246,1556,-3,-1,0,0,0,0
27.98828,grasp,place,94,58,96,100,246,1556,-2,-1,0,0,0,0
28.00992,grasp,place,94,58,96,100,246,1556,-2,-1,0,0,0,0
28.03902,grasp,place,94,58,96,100,246,1556,-2,-1,0,0,0,0
28.06966,grasp,place,94,58,96,100,246,1556,-2,-1,0,0,0,0
28.10019,grasp,place,94,58,96,100,246,1556,-2,-1,0,0,0,0
28.12165,grasp,place,94,58,96,100,246,1556,-2,-1,0,0,0,0
28.14317,grasp,place,94,58,96,100,246,1556,-3,-1,0,0,0,0
28.16462,grasp,place,94,58,96,100,246,1556,-3,-1,0,0,0,0
28.19402,grasp,place,94,58,96,100,246,1556,-3,-1,0,0,0,0
28.22460,grasp,place,94,58,96,100,246,1556,-3,-1,0,0,0,0
28.25533,grasp,place,94,58,96,100,246,1556,-3,-1,0,0,0,0
28.28607,grasp,place,94,58,96,100,246,1556,-2,-1,0,0,0,0
28.30801,grasp,place,94,58,96,100,246,1556,-3,-1,0,0,0,0
28.32947,grasp,place,94,58,96,100,246,1556,-3,-1,0,0,0,0
28.35099,grasp,place,94,58,96,100,246,1556,-3,-1,0,0,0,0
28.37972,grasp,place,94,58,96,100,246,1556,-3,-1,0,0,0,0
28.41029,grasp,place,94,58,96,100,246,1556,-3,-1,0,0,0,0
28.43170,grasp,place,94,58,96,100,246,1556,-2,-1,0,0,0,0
28.45325,grasp,place,94,58,96,100,246,1556,-2,-1,0,0,0,0
28.47478,grasp,place,94,58,96,100,246,1556,-2,-1,0,0,0,0
28.50395,grasp,place,94,58,96,100,246,1556,-2,-1,0,0,0,0
28.53443,grasp,place,94,58,96,100,246,1556,-2,-1,0,0,0,0
28.56511,grasp,place,94,58,96,100,246,1556,-3,-1,0,0,0,0
28.59601,grasp,place,94,58,96,100,246,1556,-3,-1,0,0,0,0
28.61751,grasp,place,94,58,96,100,246,1556,-3,-1,0,0,0,0
28.63905,grasp,place,94,58,96,100,246,1556,-2,-1,0,0,0,0
28.66097,grasp,place,94,58,96,100,246,1556,-2,-1,0,0,0,0
28.69008,grasp,place,94,58,96,100,247,1556,-2,-1,0,0,0,0
28.72094,grasp,place,94,58,96,100,246,1556,-2,-1,0,0,0,0
28.75143,grasp,place,94,58,96,100,246,1556,-2,-1,0,0,0,0
28.78213,grasp,place,94,58,96,100,246,1556,-2,-1,0,0,0,0
28.81317,grasp,place,94,58,96,100,246,1556,-2,-2,0,0,0,0
28.84430,grasp,place,94,58,95,100,246,1556,-2,-2,0,0,0,0
28.86584,grasp,place,94,58,96,100,246,1556,-2,-2,0,0,0,0
28.88735,grasp,place,94,58,96,100,246,1556,-2,-1,0,0,0,0
28.90891,grasp,place,94,58,96,100,246,1556,-2,-1,0,0,0,0
28.93780,grasp,place,94,58,96,100,246,1556,-2,-1,0,0,0,0
28.96819,grasp,place,94,58,96,100,246,1556,-2,-1,0,0,0,0
28.99913,grasp,place,94,58,96,100,246,1556,-2,-1,0,0,0,0
29.02067,grasp,place,94,58,96,100,246,1556,-2,-1,0,0,0,0
29.04220,grasp,place,94,58,96,100,246,1556,-2,-1,0,0,0,0
29.06414,grasp,place,94,58,96,100,246,1556,-2,-1,0,0,0,0
29.09298,grasp,place,94,58,96,100,246,1556,-2,-1,0,0,0,0
29.12394,grasp,place,94,58,96,100,246,1556,-2,-1,0,0,0,0
29.15509,grasp,place,94,58,96,100,246,1556,-2,-1,0,0,0,0
29.18585,grasp,place,94,58,96,100,246,1556,-2,-1,0,0,0,0
29.21617,grasp,place,94,58,96,100,246,1556,-2,-1,0,0,0,0
29.23764,grasp,place,94,58,96,100,246,1556,-2,-1,0,0,0,0
29.25921,grasp,place,94,58,96,100,246,1556,-2,-1,0,0,0,0
29.28068,grasp,place,94,58,96,100,246,1556,-2,-1,0,0,0,0
29.30967,grasp,place,94,58,96,100,246,1556,-2,-1,0,0,0,0
29.34019,grasp,place,94,58,96,100,246,1556,-2,-1,0,0,0,0
29.36173,grasp,place,94,58,96,100,246,1556,-2,-1,0,0,0,0
29.38339,grasp,place,94,58,96,100,246,1556,-2,-2,0,0,0,0
29.40549,grasp,place,94,58,96,100,246,1556,-2,-2,0,0,0,0
29.43370,grasp,place,94,58,96,100,246,1556,-2,-1,0,0,0,0
29.46406,grasp,place,94,58,96,100,246,1556,-2,-2,0,0,0,0
29.48592,grasp,place,94,58,96,100,246,1556,-2,-1,0,0,0,0
29.50777,grasp,place,94,58,96,100,246,1556,-2,-1,0,0,0,0
29.52930,grasp,place,94,58,96,100,246,1556,-2,-1,0,0,0,0
29.55767,grasp,place,94,58,96,100,246,1556,-2,-2,0,0,0,0
29.58821,grasp,place,94,58,96,100,246,1556,-2,-2,0,0,0,0
29.60982,grasp,place,94,58,96,100,246,1556,-2,-2,0,0,0,0
29.63149,grasp,place,94,58,96,100,246,1556,-2,-2,0,0,0,0
29.65343,grasp,place,94,58,96,100,246,1556,-2,-1,0,0,0,0
29.68193,grasp,place,94,58,96,100,246,1556,-2,-2,0,0,0,0
29.71242,grasp,place,94,58,96,100,246,1556,-2,-2,0,0,0,0
29.74302,grasp,place,94,58,96,100,246,1556,-2,-2,0,0,0,0
29.76456,grasp,place,94,58,96,100,246,1556,-2,-2,0,0,0,0
29.78642,grasp,place,94,58,96,100,246,1556,-2,-2,0,0,0,0
29.80829,grasp,place,94,58,96,100,246,1556,-2,-2,0,0,0,0
29.83701,grasp,place,94,58,96,100,246,1556,-2,-2,0,0,0,0
29.86780,grasp,place,94,58,96,100,246,1556,-2,-2,0,0,0,0
29.89815,grasp,place,94,58,96,100,246,1556,-2,-2,0,0,0,0
29.92899,grasp,place,94,58,95,100,246,1556,-2,-2,0,0,0,0
29.95046,grasp,place,94,58,96,100,246,1556,-2,-2,0,0,0,0
29.97260,grasp,place,94,58,96,100,246,1556,-3,-2,0,0,0,0
29.99457,grasp,place,94,58,96,100,246,1556,-2,-2,0,0,0,0
30.02302,grasp,place,94,58,96,100,246,1556,-2,-2,0,0,0,0
30.05422,grasp,place,94,58,96,100,246,1556,-2,-2,0,0,0,0
30.08492,grasp,place,94,58,96,100,247,1556,-2,-2,0,0,0,0
30.11534,grasp,place,94,58,96,100,246,1556,-2,-2,0,0,0,0
30.14604,grasp,place,94,58,96,100,246,1556,-2,-2,0,0,0,0
30.16756,grasp,place,94,58,96,100,246,1556,-2,-2,0,0,0,0
30.18897,grasp,place,94,58,96,100,246,1556,-2,-2,0,0,0,0
30.21055,grasp,place,94,58,96,100,246,1556,-2,-2,0,0,0,0
30.24004,grasp,place,94,58,96,100,246,1556,-2,-1,0,0,0,0
30.27083,grasp,place,94,58,96,100,246,1556,-2,-2,0,0,0,0
30.30164,grasp,place,94,58,96,100,247,1556,-2,-1,0,0,0,0
30.33209,grasp,place,94,58,96,100,246,1556,-2,-1,0,0,0,0
30.36318,grasp,place,94,58,96,100,246,1556,-2,-1,0,0,0,0
30.38466,grasp,place,94,58,96,100,247,1556,-2,-1,0,0,0,0
30.40662,grasp,place,94,58,96,100,246,1556,-2,-1,0,0,0,0
30.42820,grasp,place,94,58,96,100,246,1556,-2,-1,0,0,0,0
30.45691,grasp,place,94,58,96,100,247,1556,-2,-1,0,0,0,0
30.48829,grasp,place,94,58,96,100,246,1556,-2,-2,0,0,0,0
30.51885,grasp,place,94,58,95,100,246,1556,-3,-1,0,0,0,0
30.54948,grasp,place,94,58,96,100,246,1556,-2,-1,0,0,0,0
30.58017,grasp,place,94,58,96,100,246,1556,-2,-1,0,0,0,0
30.60170,grasp,place,94,58,96,100,246,1556,-2,-1,0,0,0,0
30.62354,grasp,place,94,58,96,100,246,1556,-2,-1,0,0,0,0
30.64517,grasp,place,94,58,96,100,246,1556,-2,-1,0,0,0,0
30.67411,grasp,place,94,58,96,100,246,1556,-2,-1,0,0,0,0
30.70490,grasp,place,94,58,96,100,246,1556,-2,-1,0,0,0,0
30.73599,grasp,place,94,58,96,100,246,1556,-2,-1,0,0,0,0
30.76721,grasp,place,94,58,96,100,247,1556,-2,-1,0,0,0,0
30.79779,grasp,place,94,58,96,100,246,1556,-2,-1,0,0,0,0
30.82832,grasp,place,94,58,96,100,246,1556,-3,-1,0,0,0,0
30.85920,grasp,place,94,58,96,100,246,1556,-2,-1,0,0,0,0
30.88998,grasp,place,94,58,96,100,246,1556,-2,-1,0,0,0,0
30.91167,grasp,place,94,58,96,100,246,1556,-2,-1,0,0,0,0
30.93369,grasp,place,94,58,96,100,246,1556,-2,-1,0,0,0,0
30.95528,grasp,place,94,58,96,100,246,1556,-3,-1,0,0,0,0
30.98356,grasp,place,94,58,96,100,246,1556,-2,-1,0,0,0,0
31.01412,grasp,place,94,58,96,100,246,1556,-2,-1,0,0,0,0
31.03578,grasp,place,94,58,96,100,246,1556,-3,-1,0,0,0,0
31.05783,grasp,place,94,58,96,100,246,1556,-2,-1,0,0,0,0
31.07970,grasp,place,94,58,96,100,246,1556,-2,-1,0,0,0,0
31.10797,grasp,place,94,58,96,100,246,1556,-2,-1,0,0,0,0
31.13888,grasp,place,94,58,96,100,246,1556,-3,-1,0,0,0,0
31.16937,grasp,place,94,58,96,100,246,1556,-2,-1,0,0,0,0
31.19089,grasp,place,94,58,96,100,246,1556,-2,-1,0,0,0,0
31.21237,grasp,place,94,58,96,100,246,1556,-2,-1,0,0,0,0
31.23382,grasp,place,94,58,96,100,246,1556,-2,-1,0,0,0,0
31.26298,grasp,place,94,58,96,100,246,1556,-2,-1,0,0,0,0
31.29388,grasp,place,94,58,96,100,246,1556,-2,-1,0,0,0,0
31.32430,grasp,place,94,58,96,100,246,1556,-2,-1,0,0,0,0
31.35500,grasp,place,94,58,96,100,246,1556,-3,-1,0,0,0,0
31.37655,grasp,place,94,58,96,100,246,1556,-3,-1,0,0,0,0
31.39791,grasp,place,94,58,96,100,246,1556,-3,-1,0,0,0,0
31.41933,grasp,place,94,58,96,100,246,1556,-2,-1,0,0,0,0
31.44889,grasp,place,94,58,96,100,246,1556,-2,-1,0,0,0,0
31.47952,grasp,place,94,58,96,100,246,1556,-3,-1,0,0,0,0
31.51008,grasp,place,94,58,96,100,246,1556,-2,-1,0,0,0,0
31.53155,grasp,place,94,58,96,100,246,1556,-2,-1,0,0,0,0
31.55308,grasp,place,94,58,96,100,247,1556,-2,-1,0,0,0,0
31.57470,grasp,place,94,58,96,100,246,1556,-2,-1,0,0,0,0
31.60350,grasp,place,94,58,96,100,246,1556,-2,-2,0,0,1,0
31.63429,grasp,place,94,58,96,100,246,1556,-2,-2,0,0,0,0
31.65579,grasp,place,94,58,96,100,246,1556,-2,-1,0,0,0,0
31.67730,grasp,place,94,58,96,100,246,1556,-2,-1,0,0,0,0
31.69975,grasp,close,94,58,96,100,246,1556,-2,-1,0,0,1,0
31.70142,grasp,close,94,58,96,100,246,1556,-2,-1,0,0,1,0
31.70827,grasp,close,94,58,96,100,246,1556,-2,-1,0,0,1,0
31.70940,grasp,close,94,58,96,100,246,1556,-2,-1,0,0,1,0
31.71069,grasp,close,94,58,96,100,246,1556,-2,-1,0,0,1,0
31.71235,grasp,close,94,58,96,100,246,1556,-2,-1,0,0,1,0
31.71375,grasp,close,94,58,96,100,246,1556,-2,-1,0,0,1,0
31.71527,grasp,close,94,58,96,100,246,1556,-2,-1,0,0,0,0
31.71654,grasp,close,94,58,96,100,246,1556,-2,-1,0,0,0,0
31.72735,grasp,close,94,58,96,100,246,1556,-2,-1,0,0,0,0
31.72884,grasp,close,94,58,96,100,246,1556,-2,-1,0,0,0,0
31.73041,grasp,close,94,58,96,100,246,1556,-2,-1,0,0,0,0
31.73173,grasp,close,94,58,96,100,246,1556,-2,-1,0,0,0,0
31.73809,grasp,close,94,58,96,100,246,1556,-2,-1,0,0,0,0
31.73930,grasp,close,94,58,96,100,246,1556,-2,-2,0,0,0,0
31.74044,grasp,close,94,58,96,100,246,1556,-2,-2,0,0,0,0
31.74170,grasp,close,94,58,98,100,246,1556,-2,-2,1,0,0,0
31.74290,grasp,close,94,58,98,100,246,1556,-2,-2,1,1,0,0
31.74411,grasp,close,94,58,98,100,246,1556,-2,-2,1,1,0,0
31.74536,grasp,close,94,58,98,100,246,1556,-2,-2,1,1,4,0
31.74652,grasp,close,94,58,98,100,246,1556,-2,-2,1,1,4,-1
31.74773,grasp,close,94,58,98,100,246,1556,-2,-2,1,1,4,-1
31.75796,grasp,close,94,58,98,100,246,1556,-2,-2,1,1,4,-1
31.75914,grasp,close,94,58,98,100,246,1556,-2,-2,1,1,4,-1
31.76029,grasp,close,94,58,98,100,246,1556,-2,-2,1,1,4,-1
31.76150,grasp,close,94,58,98,100,246,1556,-2,-2,1,1,4,-1
31.76271,grasp,close,94,58,98,100,246,1556,-2,-2,1,1,4,-1
31.76905,grasp,close,94,58,98,100,246,1556,-2,-2,1,1,4,-1
31.77026,grasp,close,94,58,98,100,246,1556,-2,-1,1,1,4,-1
31.77140,grasp,close,94,58,98,100,246,1556,-2,-1,8,1,4,-1
31.77260,grasp,close,94,58,99,100,246,1556,-2,-1,8,1,4,-1
31.77384,grasp,close,94,58,99,100,246,1556,-2,-1,8,4,4,-1
31.77513,grasp,close,94,58,99,100,246,1556,-2,-1,8,4,5,-1
31.77695,grasp,close,94,58,99,100,246,1556,-2,-1,8,4,5,0
31.77814,grasp,close,94,58,99,100,246,1556,-2,-1,8,4,5,0
31.77933,grasp,close,94,58,99,100,246,1556,-2,-1,8,4,5,0
31.79002,grasp,close,94,58,99,100,246,1556,-2,-1,8,4,5,0
31.79155,grasp,close,94,58,99,100,246,1556,-2,-1,8,4,5,0
31.79299,grasp,close,94,58,99,100,246,1556,-2,-1,8,4,5,0
31.79434,grasp,close,94,58,99,100,246,1556,-2,-1,8,4,5,0
31.80100,grasp,close,94,58,99,100,246,1556,-2,-2,8,4,5,0
31.80215,grasp,close,94,58,101,100,246,1556,-2,-2,13,4,5,0
31.80339,grasp,close,94,58,101,100,246,1556,-2,-2,13,2,5,0
31.80464,grasp,close,94,58,101,100,246,1556,-2,-2,13,2,12,0
31.80581,grasp,close,94,58,101,100,248,1556,-2,-2,13,2,12,0
31.80703,grasp,close,94,58,101,100,248,1556,-2,-2,13,2,12,-1
31.80821,grasp,close,94,58,101,100,248,1556,-2,-2,13,2,12,-1
31.80939,grasp,close,94,58,101,100,248,1556,-2,-2,13,2,12,-1
31.81062,grasp,close,94,58,101,100,248,1556,-2,-2,13,2,12,-1
31.82126,grasp,close,94,58,101,100,248,1556,-2,-2,13,2,12,-1
31.82240,grasp,close,94,58,101,100,248,1556,-2,-2,13,2,12,-1
31.82362,grasp,close,94,58,101,100,248,1556,-2,-2,13,2,12,-1
31.82482,grasp,close,94,58,101,100,248,1556,-2,-2,13,2,12,-1
31.83117,grasp,close,94,58,101,100,248,1556,-2,-2,13,2,12,-1
31.83235,grasp,close,94,58,101,100,248,1556,-2,-2,15,2,12,-1
31.83355,grasp,close,94,58,103,100,248,1556,-2,-2,15,2,12,-1
31.83480,grasp,close,94,58,103,100,248,1556,-2,-2,15,2,19,-1
31.83599,grasp,close,94,58,103,100,255,1556,-2,-2,15,2,19,-1
31.83721,grasp,close,94,58,103,100,255,1556,-2,-2,15,2,19,-2
31.83871,grasp,close,94,58,103,100,255,1556,-2,-2,15,2,19,-2
31.83991,grasp,close,94,58,103,100,255,1556,-2,-2,15,2,19,-2
31.84106,grasp,close,94,58,103,100,255,1556,-2,-2,15,2,19,-2
31.85183,grasp,close,94,58,103,100,255,1556,-2,-2,15,2,19,-2
31.85305,grasp,close,94,58,103,100,255,1556,-2,-2,15,2,19,-2
31.85425,grasp,close,94,58,103,100,255,1556,-2,-2,15,2,19,-2
31.85543,grasp,close,94,58,103,100,255,1556,-2,-2,15,2,19,-2
31.85667,grasp,close,94,58,103,100,255,1556,-2,-2,19,2,19,-2
31.86300,grasp,close,94,58,104,100,255,1556,-2,-2,19,2,19,-2
31.86418,grasp,close,94,58,104,110,255,1556,-2,-2,19,20,19,-2
31.86536,grasp,close,94,58,104,110,257,1556,-2,-2,19,20,20,-2
31.86656,grasp,close,94,58,104,110,257,1556,-2,-2,19,20,20,-3
31.86777,grasp,close,94,58,104,110,257,1556,-2,-2,19,20,20,-3
31.86897,grasp,close,94,58,104,110,257,1556,-2,-2,19,20,20,-3
31.87013,grasp,close,94,58,104,110,257,1556,-2,-2,19,20,20,-3
31.87133,grasp,close,94,58,104,110,257,1556,-2,-2,19,20,20,-3
31.87267,grasp,close,94,58,104,110,257,1556,-2,-2,19,20,20,-3
31.88273,grasp,close,94,58,104,110,257,1556,-2,-2,19,20,20,-3
31.88428,grasp,close,94,58,104,110,257,1556,-2,-2,19,20,20,-3
31.88548,grasp,close,94,58,104,110,257,1556,-2,-2,19,20,20,-3
31.88667,grasp,close,94,58,104,110,257,1556,-2,-2,19,20,20,-3
31.89333,grasp,close,94,58,104,110,257,1556,-2,-2,18,20,20,-3
31.89447,grasp,close,94,58,106,110,257,1556,-2,-2,18,25,20,-3
31.89612,grasp,close,94,58,106,111,257,1556,-2,-2,18,25,20,-3
31.89732,grasp,close,94,58,106,111,257,1556,-2,-2,18,25,20,-3
31.89847,grasp,close,94,58,106,111,257,1556,-2,-2,18,25,20,-3
31.89965,grasp,close,94,58,106,111,257,1556,-2,-2,18,25,20,-3
31.90088,grasp,close,94,58,106,111,257,1556,-2,-2,18,25,20,-3
31.90205,grasp,close,94,58,106,111,257,1556,-2,-2,18,25,20,-3
31.90329,grasp,close,94,58,106,111,257,1556,-2,-2,18,25,20,-3
31.91386,grasp,close,94,58,106,111,257,1556,-2,-2,18,25,20,-3
31.91509,grasp,close,94,58,106,111,257,1556,-2,-2,18,25,20,-3
31.91660,grasp,close,94,58,106,111,257,1556,-2,-2,18,25,20,-3
31.91780,grasp,close,94,58,109,111,257,1556,-2,-2,20,25,20,-3
31.92430,grasp,close,94,58,109,112,257,1556,-2,-2,20,31,20,-3
31.92618,grasp,close,94,58,109,112,257,1556,-2,-2,20,31,22,-3
31.92767,grasp,close,94,58,109,112,262,1556,-2,-2,20,31,22,-3
31.92924,grasp,close,94,58,109,112,262,1556,-2,-2,20,31,22,-3
31.93109,grasp,close,94,58,109,112,262,1556,-2,-2,20,31,22,-3
31.93245,grasp,close,94,58,109,112,262,1556,-2,-2,20,31,22,-3
31.93374,grasp,close,94,58,109,112,262,1556,-2,-2,20,31,22,-3
31.94399,grasp,close,94,58,109,112,262,1556,-2,-2,20,31,22,-3
31.94545,grasp,close,94,58,109,112,262,1556,-2,-2,20,31,22,-3
31.94667,grasp,close,94,58,109,112,262,1556,-2,-2,20,31,22,-3
31.94820,grasp,close,94,58,109,112,262,1556,-2,-2,20,31,22,-3
31.94940,grasp,close,94,58,111,112,262,1556,-2,-2,21,31,22,-3
31.95619,grasp,close,94,58,111,114,262,1556,-2,-2,21,38,22,-3
31.95759,grasp,close,94,58,111,114,262,1556,-2,-2,21,38,22,-3
31.95920,grasp,close,94,58,111,114,262,1556,-2,-2,21,38,22,-3
31.96061,grasp,close,94,58,111,114,262,1556,-2,-2,21,38,22,-3
31.96182,grasp,close,94,58,111,114,262,1556,-2,-2,21,38,22,-3
31.96309,grasp,close,94,58,111,114,262,1556,-2,-2,21,38,22,-3
31.96433,grasp,close,94,58,111,114,262,1556,-2,-2,21,38,22,-3
31.97503,grasp,close,94,58,111,114,262,1556,-3,-2,21,38,22,-3
31.97619,grasp,close,94,58,111,114,262,1556,-3,-2,21,38,22,-3
31.97733,grasp,close,94,58,113,114,262,1556,-3,-2,18,38,22,-3
31.97855,grasp,close,94,58,113,114,262,1556,-3,-2,18,45,22,-3
31.97977,grasp,close,94,58,113,116,262,1556,-3,-2,18,45,22,-3
31.98637,grasp,close,94,58,113,116,264,1556,-3,-2,18,45,23,-3
31.98752,grasp,close,94,58,113,116,264,1556,-3,-2,18,45,23,-2
31.98871,grasp,close,94,58,113,116,264,1556,-3,-2,18,45,23,-2
31.98993,grasp,close,94,58,113,116,264,1556,-3,-2,18,45,23,-2
31.99125,grasp,close,94,58,113,116,264,1556,-3,-2,18,45,23,-2
31.99240,grasp,close,94,58,113,116,264,1556,-3,-2,18,45,23,-2
31.99370,grasp,close,94,58,113,116,264,1556,-3,-2,18,45,23,-2
31.99489,grasp,close,94,58,113,116,264,1556,-3,-2,18,45,23,-2
31.99607,grasp,close,94,58,113,116,264,1556,-3,-2,18,45,23,-2
32.00625,grasp,close,94,58,113,116,264,1556,-2,-2,18,45,23,-2
32.00737,grasp,close,94,58,113,116,264,1556,-2,-2,18,45,23,-2
32.00898,grasp,close,94,58,113,116,264,1556,-2,-2,21,45,23,-2
32.01012,grasp,close,94,58,115,116,264,1556,-2,-2,21,45,23,-2
32.01129,grasp,close,94,58,115,116,264,1556,-2,-2,21,54,23,-2
32.01765,grasp,close,94,58,115,116,266,1556,-2,-2,21,54,24,-2
32.01893,grasp,close,94,58,115,116,266,1556,-2,-2,21,54,24,-3
32.02015,grasp,close,94,58,115,116,266,1556,-2,-2,21,54,24,-3
32.02137,grasp,close,94,58,115,116,266,1556,-2,-2,21,54,24,-3
32.02263,grasp,close,94,58,115,116,266,1556,-2,-2,21,54,24,-3
32.02382,grasp,close,94,58,115,116,266,1556,-2,-2,21,54,24,-3
32.02528,grasp,close,94,58,115,116,266,1556,-2,-2,21,54,24,-3
32.02660,grasp,close,94,58,115,116,266,1556,-2,-2,21,54,24,-3
32.03701,grasp,close,94,58,115,116,266,1556,-2,-2,21,54,24,-3
32.03815,grasp,close,94,58,115,116,266,1556,-2,-2,17,54,24,-3
32.03937,grasp,close,94,58,117,117,266,1556,-2,-2,17,57,24,-3
32.04054,grasp,close,94,58,117,117,266,1556,-2,-2,17,57,25,-3
32.04174,grasp,close,94,58,117,117,269,1556,-2,-2,17,57,25,-3
32.04824,grasp,close,94,58,117,117,269,1556,-2,-2,17,57,25,-3
32.04971,grasp,close,94,58,117,117,269,1556,-2,-2,17,57,25,-3
32.05092,grasp,close,94,58,117,117,269,1556,-2,-2,17,57,25,-3
32.05208,grasp,close,94,58,117,117,269,1556,-2,-2,17,57,25,-3
32.05333,grasp,close,94,58,117,117,269,1556,-2,-2,17,57,25,-3
32.05447,grasp,close,94,58,117,117,269,1556,-2,-2,17,57,25,-3
32.05569,grasp,close,94,58,117,117,269,1556,-2,-2,17,57,25,-3
32.05696,grasp,close,94,58,117,117,269,1556,-3,-2,17,57,25,-3
32.05822,grasp,close,94,58,117,117,269,1556,-3,-2,17,57,25,-3
32.06891,grasp,close,94,58,117,117,269,1556,-3,-2,17,57,25,-3
32.07050,grasp,close,94,58,120,117,269,1556,-3,-2,23,57,25,-3
32.07196,grasp,close,94,58,120,118,269,1556,-3,-2,23,67,25,-3
32.07316,grasp,close,94,58,120,118,271,1556,-3,-2,23,67,26,-3
32.07999,grasp,close,94,58,120,118,271,1556,-3,-2,23,67,26,-3
32.08113,grasp,close,94,58,120,118,271,1556,-3,-2,23,67,26,-3
32.08263,grasp,close,94,58,120,118,271,1556,-3,-2,23,67,26,-3
32.08382,grasp,close,94,58,120,118,271,1556,-3,-2,23,67,26,-3
32.08506,grasp,close,94,58,120,118,271,1556,-3,-2,23,67,26,-3
32.08664,grasp,close,94,58,120,118,271,1556,-3,-2,23,67,26,-3
32.08795,grasp,close,94,58,120,118,271,1556,-3,-2,23,67,26,-3
32.08934,grasp,close,94,58,120,118,271,1556,-3,-2,23,67,26,-3
32.09963,grasp,close,94,58,121,118,271,1556,-3,-2,22,67,26,-3
32.10084,grasp,close,94,58,121,119,271,1556,-3,-2,22,68,26,-3
32.10201,grasp,close,94,58,121,119,271,1556,-3,-2,22,68,26,-3
32.10325,grasp,close,94,58,121,119,271,1556,-3,-2,22,68,26,-3
32.10441,grasp,close,94,58,121,119,271,1556,-3,-2,22,68,26,-3
32.11104,grasp,close,94,58,121,119,271,1556,-3,-2,22,68,26,-3
32.11224,grasp,close,94,58,121,119,271,1556,-3,-2,22,68,26,-3
32.11341,grasp,close,94,58,121,119,271,1556,-3,-2,22,68,26,-3
32.11459,grasp,close,94,58,121,119,271,1556,-3,-2,22,68,26,-3
32.11582,grasp,close,94,58,121,119,271,1556,-3,-2,22,68,26,-3
32.11706,grasp,close,94,58,121,119,271,1556,-2,-2,22,68,26,-3
32.11823,grasp,close,94,58,121,119,271,1556,-2,-2,22,68,26,-3
32.11953,grasp,close,94,58,121,119,271,1556,-2,-2,22,68,26,-3
32.13009,grasp,close,94,58,121,119,271,1556,-2,-2,23,68,26,-3
32.13139,grasp,close,94,58,125,121,271,1556,-2,-2,23,73,26,-3
32.13313,grasp,close,94,58,125,121,271,1556,-2,-2,23,73,28,-3
32.13429,grasp,close,94,58,125,121,276,1556,-2,-2,23,73,28,-3
32.13554,grasp,close,94,58,125,121,276,1556,-2,-2,23,73,28,-3
32.14196,grasp,close,94,58,125,121,276,1556,-2,-2,23,73,28,-3
32.14316,grasp,close,94,58,125,121,276,1556,-2,-2,23,73,28,-3
32.14435,grasp,close,94,58,125,121,276,1556,-2,-2,23,73,28,-3
32.14551,grasp,close,94,58,125,121,276,1556,-2,-2,23,73,28,-3
32.14677,grasp,close,94,58,125,121,276,1556,-3,-2,23,73,28,-3
32.14803,grasp,close,94,58,125,121,276,1556,-3,-2,23,73,28,-3
32.14917,grasp,close,94,58,125,121,276,1556,-3,-2,23,73,28,-3
32.15037,grasp,close,94,58,125,121,276,1556,-3,-2,23,73,28,-3
32.15158,grasp,close,94,58,126,121,276,1556,-3,-2,21,73,28,-3
32.16238,grasp,close,94,58,126,123,276,1556,-3,-2,21,72,28,-3
32.16366,grasp,close,94,58,126,123,276,1556,-3,-2,21,72,28,-3
32.16484,grasp,close,94,58,126,123,276,1556,-3,-2,21,72,28,-3
32.16599,grasp,close,94,58,126,123,276,1556,-3,-2,21,72,28,-3
32.17252,grasp,close,94,58,126,123,276,1556,-3,-2,21,72,28,-3
32.17370,grasp,close,94,58,126,123,276,1556,-3,-2,21,72,28,-3
32.17504,grasp,close,94,58,126,123,276,1556,-3,-2,21,72,28,-3
32.17643,grasp,close,94,58,126,123,276,1556,-3,-2,21,72,28,-3
32.17771,grasp,close,94,58,126,123,276,1556,-3,-2,21,72,28,-3
32.17887,grasp,close,94,58,126,123,276,1556,-3,-2,21,72,28,-3
32.18009,grasp,close,94,58,126,123,276,1556,-3,-2,21,72,28,-3
32.18128,grasp,close,94,58,129,123,276,1556,-3,-2,20,72,28,-3
32.18242,grasp,close,94,58,129,123,276,1556,-3,-2,20,73,28,-3
32.19291,grasp,close,94,58,129,129,276,1556,-3,-2,20,73,28,-3
32.19434,grasp,close,94,58,129,129,280,1556,-3,-2,20,73,30,-3
32.19580,grasp,close,94,58,129,129,280,1556,-3,-2,20,73,30,-3
32.19693,grasp,close,94,58,129,129,280,1556,-3,-2,20,73,30,-3
32.20329,grasp,close,94,58,129,129,280,1556,-3,-2,20,73,30,-3
32.20444,grasp,close,94,58,129,129,280,1556,-3,-2,20,73,30,-3
32.20568,grasp,close,94,58,129,129,280,1556,-3,-2,20,73,30,-3
32.20692,grasp,close,94,58,129,129,280,1556,-3,-2,20,73,30,-3
32.20809,grasp,close,94,58,129,129,280,1556,-3,-2,20,73,30,-3
32.20922,grasp,close,94,58,129,129,280,1556,-3,-2,20,73,30,-3
32.21046,grasp,close,94,58,129,129,280,1556,-3,-2,20,73,30,-3
32.21165,grasp,close,94,58,132,129,280,1556,-3,-2,22,73,30,-3
32.21285,grasp,close,94,58,132,129,280,1556,-3,-2,22,74,30,-3
32.22330,grasp,close,94,58,132,133,280,1556,-3,-2,22,74,30,-3
32.22457,grasp,close,94,58,132,133,282,1556,-3,-2,22,74,30,-4
32.22593,grasp,close,94,58,132,133,282,1556,-3,-2,22,74,30,-4
32.22710,grasp,close,94,58,132,133,282,1556,-3,-2,22,74,30,-4
32.22834,grasp,close,94,58,132,133,282,1556,-3,-2,22,74,30,-4
32.23466,grasp,close,94,58,132,133,282,1556,-3,-2,22,74,30,-4
32.23581,grasp,close,94,58,132,133,282,1556,-3,-2,22,74,30,-4
32.23704,grasp,close,94,58,132,133,282,1556,-3,-2,22,74,30,-4
32.23826,grasp,close,94,58,132,133,282,1556,-3,-2,22,74,30,-4
32.23975,grasp,close,94,58,132,133,282,1556,-3,-2,22,74,30,-4
32.24098,grasp,close,94,58,132,133,282,1556,-3,-2,21,74,30,-4
32.24218,grasp,close,94,58,134,133,282,1556,-3,-2,21,74,30,-4
32.24373,grasp,close,94,58,134,135,282,1556,-3,-2,21,74,30,-4
32.25401,grasp,close,94,58,134,135,282,1556,-3,-2,21,74,31,-4
32.25520,grasp,close,94,58,134,135,283,1556,-3,-2,21,74,31,-4
32.25665,grasp,close,94,58,134,135,283,1556,-3,-2,21,74,31,-4
32.25799,grasp,close,94,58,134,135,283,1556,-3,-2,21,74,31,-4
32.25915,grasp,close,94,58,134,135,283,1556,-3,-2,21,74,31,-4
32.26574,grasp,close,94,58,134,135,283,1556,-3,-2,21,74,31,-4
32.26684,grasp,close,94,58,134,135,283,1556,-3,-2,21,74,31,-4
32.26809,grasp,close,94,58,134,135,283,1556,-3,-2,21,74,31,-4
32.26928,grasp,close,94,58,134,135,283,1556,-3,-2,21,74,31,-4
32.27047,grasp,close,94,58,134,135,283,1556,-3,-2,21,74,31,-4
32.27165,grasp,close,94,59,134,135,283,1556,-3,-2,21,74,31,-4
32.27326,grasp,close,94,59,134,135,283,1556,-3,-2,22,74,31,-4
32.27443,grasp,close,94,59,137,135,283,1556,-3,-2,22,74,31,-4
32.28501,grasp,close,94,59,137,137,283,1556,-3,-2,22,72,32,-4
32.28646,grasp,close,94,59,137,137,285,1556,-3,-2,22,72,32,-4
32.28804,grasp,close,94,59,137,137,285,1556,-3,-2,22,72,32,-4
32.28922,grasp,close,94,59,137,137,285,1556,-3,-2,22,72,32,-4
32.29066,grasp,close,94,59,137,137,285,1556,-3,-2,22,72,32,-4
32.29732,grasp,close,94,59,137,137,285,1556,-3,-2,22,72,32,-4
32.29846,grasp,close,94,59,137,137,285,1556,-3,-2,22,72,32,-4
32.29967,grasp,close,94,59,137,137,285,1556,-3,-2,22,72,32,-4
32.30090,grasp,close,94,59,137,137,285,1556,-3,-2,22,72,32,-4
32.30227,grasp,close,94,59,137,137,285,1556,-3,-2,22,72,32,-4
32.30369,grasp,close,94,59,140,137,285,1556,-3,-2,22,72,32,-4
32.30482,grasp,close,94,59,140,137,285,1556,-3,-2,22,72,32,-4
32.30608,grasp,close,94,59,140,139,285,1556,-3,-2,22,72,32,-4
32.31653,grasp,close,94,59,140,139,288,1556,-3,-2,22,72,32,-4
32.31798,grasp,close,94,59,140,139,288,1556,-3,-2,22,72,32,-4
32.31927,grasp,close,94,59,140,139,288,1556,-3,-2,22,72,32,-4
32.32045,grasp,close,94,59,140,139,288,1556,-3,-2,22,72,32,-4
32.32706,grasp,close,94,59,140,139,288,1556,-3,-2,22,72,32,-4
32.32833,grasp,close,94,59,140,139,288,1556,-3,-2,22,72,32,-4
32.32983,grasp,close,94,59,140,139,288,1556,-3,-2,22,72,32,-4
32.33103,grasp,close,94,58,140,139,288,1556,-3,-2,22,72,32,-4
32.33224,grasp,close,94,58,140,139,288,1556,-3,-2,22,72,32,-4
32.33337,grasp,close,94,58,140,139,288,1556,-3,-2,21,72,32,-4
32.33459,grasp,close,94,58,142,139,288,1556,-3,-2,21,69,32,-4
32.33582,grasp,close,94,58,142,142,288,1556,-3,-2,21,69,32,-4
32.33701,grasp,close,94,58,142,142,289,1556,-3,-2,21,69,33,-4
32.34716,grasp,close,94,58,142,142,289,1556,-3,-2,21,69,33,-4
32.34832,grasp,close,94,58,142,142,289,1556,-3,-2,21,69,33,-4
32.34951,grasp,close,94,58,142,142,289,1556,-3,-2,21,69,33,-4
32.35077,grasp,close,94,58,142,142,289,1556,-3,-2,21,69,33,-4
32.35200,grasp,close,94,58,142,142,289,1556,-3,-2,21,69,33,-4
32.35843,grasp,close,94,58,142,142,289,1556,-3,-2,21,69,33,-4
32.35961,grasp,close,94,58,142,142,289,1556,-3,-2,21,69,33,-4
32.36095,grasp,close,94,58,142,142,289,1556,-3,-2,21,69,33,-4
32.36225,grasp,close,94,58,142,142,289,1556,-3,-2,21,69,33,-4
32.36353,grasp,close,94,58,144,142,289,1556,-3,-2,22,69,33,-4
32.36479,grasp,close,94,58,144,142,289,1556,-3,-2,22,66,33,-4
32.36598,grasp,close,94,58,144,146,289,1556,-3,-2,22,66,33,-4
32.36715,grasp,close,94,58,144,146,290,1556,-3,-2,22,66,34,-4
32.36840,grasp,close,94,58,144,146,290,1556,-3,-2,22,66,34,-4
32.37893,grasp,close,94,58,144,146,290,1556,-3,-2,22,66,34,-4
32.38012,grasp,close,94,58,144,146,290,1556,-3,-2,22,66,34,-4
32.38134,grasp,close,94,58,144,146,290,1556,-3,-2,22,66,34,-4
32.38251,grasp,close,94,58,144,146,290,1556,-3,-2,22,66,34,-4
32.38913,grasp,close,94,58,144,146,290,1556,-3,-2,22,66,34,-4
32.39033,grasp,close,94,58,144,146,290,1556,-4,-2,22,66,34,-4
32.39150,grasp,close,94,58,144,146,290,1556,-4,-2,22,66,34,-4
32.39274,grasp,close,94,58,144,146,290,1556,-4,-2,20,66,34,-4
32.39399,grasp,close,94,58,147,146,290,1556,-4,-2,20,66,34,-4
32.39515,grasp,close,94,58,147,148,290,1556,-4,-2,20,65,34,-4
32.39641,grasp,close,94,58,147,148,290,1556,-4,-2,20,65,34,-4
32.39751,grasp,close,94,58,147,148,292,1556,-4,-2,20,65,36,-4
32.39872,grasp,close,94,58,147,148,292,1556,-4,-2,20,65,36,-5
32.40919,grasp,close,94,58,147,148,292,1556,-4,-2,20,65,36,-5
32.41059,grasp,close,94,58,147,148,292,1556,-4,-2,20,65,36,-5
32.41180,grasp,close,94,58,147,148,292,1556,-4,-2,20,65,36,-5
32.41300,grasp,close,94,58,147,148,292,1556,-4,-2,20,65,36,-5
32.41416,grasp,close,94,58,147,148,292,1556,-4,-2,20,65,36,-5
32.42069,grasp,close,94,58,147,148,292,1556,-3,-2,20,65,36,-5
32.42226,grasp,close,94,58,147,148,292,1556,-3,-2,20,65,36,-5
32.42375,grasp,close,94,58,148,148,292,1556,-3,-2,22,65,36,-5
32.42526,grasp,close,94,58,148,151,292,1556,-3,-2,22,62,36,-5
32.42641,grasp,close,94,58,148,151,292,1556,-3,-2,22,62,36,-5
32.42772,grasp,close,94,58,148,151,295,1556,-3,-2,22,62,37,-5
32.42920,grasp,close,94,58,148,151,295,1556,-3,-2,22,62,37,-5
32.43036,grasp,close,94,58,148,151,295,1556,-3,-2,22,62,37,-5
32.44046,grasp,close,94,58,148,151,295,1556,-3,-2,22,62,37,-5
32.44165,grasp,close,94,58,148,151,295,1556,-3,-2,22,62,37,-5
32.44318,grasp,close,94,58,148,151,295,1556,-3,-2,22,62,37,-5
32.44439,grasp,close,94,58,148,151,295,1556,-3,-2,22,62,37,-5
32.44562,grasp,close,94,58,148,151,295,1556,-3,-2,22,62,37,-5
32.45226,grasp,close,94,58,148,151,295,1556,-3,-2,22,62,37,-5
32.45373,grasp,close,94,58,148,151,295,1556,-3,-2,22,62,37,-5
32.45524,grasp,close,94,58,148,151,295,1556,-3,-2,21,62,37,-5
32.45650,grasp,close,94,58,150,151,295,1556,-3,-2,21,62,37,-5
32.45770,grasp,close,94,58,150,153,295,1556,-3,-2,21,61,37,-5
32.45889,grasp,close,94,58,150,153,295,1556,-3,-2,21,61,37,-5
32.46008,grasp,close,94,58,150,153,299,1556,-3,-2,21,61,37,-5
32.46130,grasp,close,94,58,150,153,299,1556,-3,-2,21,61,37,-6
32.47161,grasp,close,94,58,150,153,299,1556,-3,-2,21,61,37,-6
32.47280,grasp,close,94,58,150,153,299,1556,-3,-2,21,61,37,-6
32.47402,grasp,close,94,58,150,153,299,1556,-3,-2,21,61,37,-6
32.47524,grasp,close,94,58,150,153,299,1556,-3,-2,21,61,37,-6
32.47636,grasp,close,94,58,150,153,299,1556,-3,-2,21,61,37,-6
32.48285,grasp,close,94,58,150,153,299,1556,-3,-2,21,61,37,-6
32.48426,grasp,close,94,58,150,153,299,1556,-3,-2,21,61,37,-6
32.48556,grasp,close,94,58,152,153,299,1556,-3,-2,20,61,37,-6
32.48710,grasp,close,94,58,152,153,299,1556,-3,-2,20,58,37,-6
32.48899,grasp,close,94,58,152,155,299,1556,-3,-2,20,58,39,-6
32.49082,grasp,close,94,58,152,155,301,1556,-3,-2,20,58,39,-6
32.49204,grasp,close,94,58,152,155,301,1556,-3,-2,20,58,39,-6
32.50285,grasp,close,94,58,152,155,301,1556,-3,-2,20,58,39,-6
32.50398,grasp,close,94,58,152,155,301,1556,-3,-2,20,58,39,-6
32.50512,grasp,close,94,58,152,155,301,1556,-3,-2,20,58,39,-6
32.50636,grasp,close,94,58,152,155,301,1556,-3,-2,20,58,39,-6
32.50760,grasp,close,94,58,152,155,301,1556,-3,-2,20,58,39,-6
32.51432,grasp,close,94,58,152,155,301,1556,-3,-2,20,58,39,-6
32.51541,grasp,close,94,58,152,155,301,1556,-3,-2,20,58,39,-6
32.51667,grasp,close,94,58,152,155,301,1556,-3,-2,20,58,39,-6
32.51787,grasp,close,94,58,152,159,301,1556,-3,-2,20,56,39,-6
32.51919,grasp,close,94,58,152,159,303,1556,-3,-2,20,56,39,-6
32.52029,grasp,close,94,58,152,159,303,1556,-3,-2,20,56,39,-6
32.52155,grasp,close,94,58,152,159,303,1556,-3,-2,20,56,39,-6
32.52276,grasp,close,94,58,152,159,303,1556,-3,-2,20,56,39,-6
32.53291,grasp,close,94,58,152,159,303,1556,-3,-2,20,56,39,-6
32.53410,grasp,close,94,58,152,159,303,1556,-3,-2,20,56,39,-6
32.53528,grasp,close,94,58,152,159,303,1556,-3,-2,20,56,39,-6
32.53689,grasp,close,94,58,152,159,303,1556,-3,-2,20,56,39,-6
32.53801,grasp,close,94,58,152,159,303,1556,-3,-2,20,56,39,-6
32.54458,grasp,close,94,58,152,159,303,1556,-3,-2,20,56,39,-6
32.54575,grasp,close,94,58,152,159,303,1556,-3,-2,19,56,39,-6
32.54695,grasp,close,94,58,156,160,303,1556,-3,-2,19,57,39,-6
32.54817,grasp,close,94,58,156,160,303,1556,-3,-2,19,57,39,-6
32.54938,grasp,close,94,58,156,160,306,1556,-3,-2,19,57,40,-6
32.55052,grasp,close,94,58,156,160,306,1556,-3,-2,19,57,40,-6
32.55181,grasp,close,94,58,156,160,306,1556,-3,-2,19,57,40,-6
32.55303,grasp,close,94,58,156,160,306,1556,-3,-2,19,57,40,-6
32.55419,grasp,close,94,58,156,160,306,1556,-3,-2,19,57,40,-6
32.56448,grasp,close,94,58,156,160,306,1556,-3,-2,19,57,40,-6
32.56564,grasp,close,94,58,156,160,306,1556,-3,-2,19,57,40,-6
32.56686,grasp,close,94,58,156,160,306,1556,-3,-2,19,57,40,-6
32.56806,grasp,close,94,58,156,160,306,1556,-3,-2,19,57,40,-6
32.56928,grasp,close,94,58,156,160,306,1556,-3,-2,19,57,40,-6
32.57601,grasp,close,94,58,156,160,306,1556,-3,-2,19,57,40,-6
32.57715,grasp,close,94,58,158,162,306,1556,-3,-2,19,54,40,-6
32.57836,grasp,close,94,58,158,162,306,1556,-3,-2,19,54,40,-6
32.57956,grasp,close,94,58,158,162,308,1556,-3,-2,19,54,40,-6
32.58079,grasp,close,94,58,158,162,308,1556,-3,-2,19,54,40,-6
32.58248,grasp,close,94,58,158,162,308,1556,-3,-2,19,54,40,-6
32.58401,grasp,close,94,58,158,162,308,1556,-3,-2,19,54,40,-6
32.58535,grasp,close,94,58,158,162,308,1556,-3,-2,19,54,40,-6
32.59596,grasp,close,94,58,158,162,308,1556,-3,-2,19,54,40,-6
32.59716,grasp,close,94,58,158,162,308,1556,-3,-2,19,54,40,-6
32.59831,grasp,close,94,58,158,162,308,1556,-3,-2,19,54,40,-6
32.59953,grasp,close,94,58,158,162,308,1556,-3,-2,19,54,40,-6
32.60632,grasp,close,94,58,158,162,308,1556,-3,-2,19,54,40,-6
32.60777,grasp,close,94,58,163,162,308,1556,-3,-2,19,54,40,-6
32.60929,grasp,close,94,58,163,165,308,1556,-3,-2,19,54,40,-6
32.61043,grasp,close,94,58,163,165,309,1556,-3,-2,19,54,40,-6
32.61174,grasp,close,94,58,163,165,309,1556,-3,-2,19,54,40,-6
32.61316,grasp,close,94,58,163,165,309,1556,-3,-2,19,54,40,-6
32.61438,grasp,close,94,58,163,165,309,1556,-3,-2,19,54,40,-6
32.61556,grasp,close,94,58,163,165,309,1556,-3,-2,19,54,40,-6
32.62606,grasp,close,94,58,163,165,309,1556,-3,-2,19,54,40,-6
32.62763,grasp,close,94,58,163,165,309,1556,-3,-2,19,54,40,-6
32.62905,grasp,close,94,58,163,165,309,1556,-3,-2,19,54,40,-6
32.63064,grasp,close,94,58,163,165,309,1556,-3,-2,19,54,40,-6
32.63740,grasp,close,94,58,163,165,309,1556,-3,-2,22,54,40,-6
32.63892,grasp,close,94,58,166,165,309,1556,-3,-2,22,51,40,-6
32.64014,grasp,close,94,58,166,167,309,1556,-3,-2,22,51,40,-6
32.64130,grasp,close,94,58,166,167,309,1556,-3,-2,22,51,40,-6
32.64250,grasp,close,94,58,166,167,309,1556,-3,-2,22,51,40,-6
32.64405,grasp,close,94,58,166,167,309,1556,-3,-2,22,51,40,-6
32.64528,grasp,close,94,58,166,167,309,1556,-3,-2,22,51,40,-6
32.64676,grasp,close,94,58,166,167,309,1556,-3,-2,22,51,40,-6
32.65702,grasp,close,94,58,166,167,309,1556,-3,-2,22,51,40,-6
32.65848,grasp,close,94,58,166,167,309,1556,-3,-2,22,51,40,-6
32.65973,grasp,close,94,58,166,167,309,1556,-3,-2,22,51,40,-6
32.66093,grasp,close,94,58,166,167,309,1556,-3,-2,20,51,40,-6
32.66214,grasp,close,94,58,168,167,309,1556,-3,-2,20,51,40,-6
32.66835,grasp,close,94,58,168,169,309,1556,-3,-2,20,49,40,-6
32.66954,grasp,close,94,58,168,169,309,1556,-3,-2,20,49,41,-6
32.67073,grasp,close,94,58,168,169,313,1556,-3,-2,20,49,41,-7
32.67191,grasp,close,94,58,168,169,313,1556,-3,-2,20,49,41,-7
32.67317,grasp,close,94,58,168,169,313,1556,-3,-2,20,49,41,-7
32.67441,grasp,close,94,58,168,169,313,1556,-3,-2,20,49,41,-7
32.67556,grasp,close,94,58,168,169,313,1556,-3,-2,20,49,41,-7
32.67685,grasp,close,94,58,168,169,313,1556,-3,-2,20,49,41,-7
32.67806,grasp,close,94,58,168,169,313,1556,-3,-2,20,49,41,-7
32.68886,grasp,close,94,58,168,169,313,1556,-3,-2,20,49,41,-7
32.69019,grasp,close,94,58,168,169,313,1556,-3,-2,20,49,41,-7
32.69139,grasp,close,94,58,168,169,313,1556,-3,-2,20,49,41,-7
32.69269,grasp,close,94,58,168,169,313,1556,-3,-2,20,49,41,-7
32.69920,grasp,close,94,58,170,169,313,1556,-3,-2,20,48,41,-7
32.70067,grasp,close,94,58,170,169,313,1556,-3,-2,20,48,41,-7
32.70182,grasp,close,94,58,170,169,313,1556,-3,-2,20,48,41,-7
32.70303,grasp,close,94,58,170,169,313,1556,-3,-2,20,48,41,-7
32.70430,grasp,close,94,58,170,169,313,1556,-3,-2,20,48,41,-7
32.70545,grasp,close,94,58,170,169,313,1556,-3,-2,20,48,41,-7
32.70666,grasp,close,94,58,170,169,313,1556,-3,-2,20,48,41,-7
32.70784,grasp,close,94,58,170,169,313,1556,-3,-2,20,48,41,-7
32.70901,grasp,close,94,58,170,169,313,1556,-3,-2,20,48,41,-7
32.71920,grasp,close,94,58,170,169,313,1556,-3,-2,20,48,41,-7
32.72064,grasp,close,94,58,170,169,313,1556,-3,-2,20,48,41,-7
32.72234,grasp,close,94,58,170,169,313,1556,-3,-2,20,48,41,-7
32.72338,grasp,close,94,58,170,171,313,1556,-3,-2,20,46,41,-7
32.72468,grasp,close,94,58,170,171,313,1556,-3,-2,20,46,41,-7
32.73131,grasp,close,94,58,170,171,315,1556,-3,-2,20,46,41,-7
32.73244,grasp,close,94,58,170,171,315,1556,-3,-2,20,46,41,-8
32.73400,grasp,close,94,58,170,171,315,1556,-3,-2,20,46,41,-8
32.73521,grasp,close,94,58,170,171,315,1556,-3,-2,20,46,41,-8
32.73636,grasp,close,94,58,170,171,315,1556,-3,-2,20,46,41,-8
32.73765,grasp,close,94,58,170,171,315,1556,-3,-2,20,46,41,-8
32.73883,grasp,close,94,58,170,171,315,1556,-3,-2,20,46,41,-8
32.74002,grasp,close,94,58,170,171,315,1556,-3,-2,20,46,41,-8
32.75027,grasp,close,94,58,170,171,315,1556,-3,-2,20,46,41,-8
32.75179,grasp,close,94,58,170,171,315,1556,-3,-2,20,46,41,-8
32.75296,grasp,close,94,58,172,171,315,1556,-3,-2,21,46,41,-8
32.75423,grasp,close,94,58,172,171,315,1556,-3,-2,21,46,41,-8
32.75538,grasp,close,94,58,172,173,315,1556,-3,-2,21,45,41,-8
32.76203,grasp,close,94,58,172,173,319,1556,-3,-2,21,45,40,-7
32.76347,grasp,close,94,58,172,173,319,1556,-3,-2,21,45,40,-7
32.76477,grasp,close,94,58,172,173,319,1556,-3,-2,21,45,40,-7
32.76593,grasp,close,94,58,172,173,319,1556,-3,-2,21,45,40,-7
32.76720,grasp,close,94,58,172,173,319,1556,-3,-2,21,45,40,-7
32.76836,grasp,close,94,58,172,173,319,1556,-3,-2,21,45,40,-7
32.76961,grasp,close,94,58,172,173,319,1556,-3,-2,21,45,40,-7
32.77080,grasp,close,94,58,172,173,319,1556,-3,-2,21,45,40,-7
32.78113,grasp,close,94,58,172,173,319,1556,-3,-2,21,45,40,-7
32.78260,grasp,close,94,58,172,173,319,1556,-3,-2,20,45,40,-7
32.78379,grasp,close,94,58,175,175,319,1556,-3,-2,20,45,40,-7
32.78505,grasp,close,94,58,175,175,319,1556,-3,-2,20,45,41,-7
32.78654,grasp,close,94,58,175,175,321,1556,-3,-2,20,45,41,-7
32.79297,grasp,close,94,58,175,175,321,1556,-3,-2,20,45,41,-7
32.79434,grasp,close,94,58,175,175,321,1556,-3,-2,20,45,41,-7
32.79552,grasp,close,94,58,175,175,321,1556,-3,-2,20,45,41,-7
32.79674,grasp,close,94,58,175,175,321,1556,-3,-2,20,45,41,-7
32.79791,grasp,close,94,58,175,175,321,1556,-3,-2,20,45,41,-7
32.79912,grasp,close,94,58,175,175,321,1556,-3,-2,20,45,41,-7
32.80028,grasp,close,94,58,175,175,321,1556,-3,-2,20,45,41,-7
32.80153,grasp,close,94,58,175,175,321,1556,-3,-2,20,45,41,-7
32.81188,grasp,close,94,58,175,175,321,1556,-3,-2,20,45,41,-7
32.81303,grasp,close,94,58,175,175,321,1556,-3,-2,23,45,41,-7
32.81438,grasp,close,94,58,177,175,321,1556,-3,-2,23,45,41,-7
32.81580,grasp,close,94,58,177,177,321,1556,-3,-2,23,43,41,-7
32.81746,grasp,close,94,58,177,177,321,1556,-3,-2,23,43,41,-7
32.82429,grasp,close,94,58,177,177,324,1556,-3,-2,23,43,41,-7
32.82558,grasp,close,94,58,177,177,324,1556,-3,-2,23,43,41,-7
32.82682,grasp,close,94,58,177,177,324,1556,-3,-2,23,43,41,-7
32.82804,grasp,close,94,58,177,177,324,1556,-3,-2,23,43,41,-7
32.82922,grasp,close,94,58,177,177,324,1556,-3,-2,23,43,41,-7
32.83041,grasp,close,94,58,177,177,324,1556,-4,-2,23,43,41,-7
32.83159,grasp,close,94,58,177,177,324,1556,-4,-2,23,43,41,-7
32.83282,grasp,close,94,58,177,177,324,1556,-4,-2,23,43,41,-7
32.84310,grasp,close,94,58,177,177,324,1556,-4,-2,21,43,41,-7
32.84456,grasp,close,94,58,179,177,324,1556,-4,-2,21,43,41,-7
32.84575,grasp,close,94,58,179,181,326,1556,-4,-2,21,43,41,-7
32.84693,grasp,close,94,58,179,181,326,1556,-4,-2,21,43,41,-7
32.84819,grasp,close,94,58,179,181,326,1556,-4,-2,21,43,41,-7
32.85503,grasp,close,94,58,179,181,326,1556,-4,-2,21,43,41,-7
32.85621,grasp,close,94,58,179,181,326,1556,-4,-2,21,43,41,-7
32.85740,grasp,close,94,58,179,181,326,1556,-4,-2,21,43,41,-7
32.85867,grasp,close,94,58,179,181,326,1556,-4,-2,21,43,41,-7
32.86017,grasp,close,94,58,179,181,326,1556,-4,-2,21,43,41,-7
32.86161,grasp,close,94,58,179,181,326,1556,-3,-2,21,43,41,-7
32.86290,grasp,close,94,58,179,181,326,1556,-3,-2,21,43,41,-7
32.86405,grasp,close,94,58,179,181,326,1556,-3,-2,21,43,41,-7
32.87438,grasp,close,94,58,181,181,326,1556,-3,-2,20,43,41,-7
32.87622,grasp,close,94,58,181,181,326,1556,-3,-2,20,42,41,-7
32.87773,grasp,close,94,58,181,184,331,1556,-3,-2,20,42,41,-7
32.87899,grasp,close,94,58,181,184,331,1556,-3,-2,20,42,41,-8
32.88535,grasp,close,94,58,181,184,331,1556,-3,-2,20,42,41,-8
32.88652,grasp,close,94,58,181,184,331,1556,-3,-2,20,42,41,-8
32.88774,grasp,close,94,58,181,184,331,1556,-3,-2,20,42,41,-8
32.88894,grasp,close,94,58,181,184,331,1556,-3,-2,20,42,41,-8
32.89016,grasp,close,94,58,181,184,331,1556,-3,-2,20,42,41,-8
32.89138,grasp,close,94,58,181,184,331,1556,-3,-2,20,42,41,-8
32.89274,grasp,close,94,58,181,184,331,1556,-3,-2,20,42,41,-8
32.89408,grasp,close,94,58,181,184,331,1556,-3,-2,20,42,41,-8
32.89536,grasp,close,94,58,183,184,331,1556,-3,-2,22,42,41,-8
32.90580,grasp,close,94,58,183,187,331,1556,-3,-2,22,41,41,-8
32.90706,grasp,close,94,58,183,187,334,1556,-3,-2,22,41,40,-8
32.90827,grasp,close,94,58,183,187,334,1556,-3,-2,22,41,40,-8
32.90944,grasp,close,94,58,183,187,334,1556,-3,-2,22,41,40,-8
32.91067,grasp,close,94,58,183,187,334,1556,-3,-2,22,41,40,-8
32.91720,grasp,close,94,58,183,187,334,1556,-3,-2,22,41,40,-8
32.91882,grasp,close,94,58,183,187,334,1556,-3,-2,22,41,40,-8
32.92003,grasp,close,94,58,183,187,334,1556,-3,-2,22,41,40,-8
32.92126,grasp,close,94,58,183,187,334,1556,-3,-2,22,41,40,-8
32.92238,grasp,close,94,58,183,187,334,1556,-3,-2,22,41,40,-8
32.92370,grasp,close,94,58,183,187,334,1556,-3,-2,22,41,40,-8
32.92516,grasp,close,94,58,183,187,334,1556,-3,-2,20,41,40,-8
32.92642,grasp,close,94,58,185,187,334,1556,-3,-2,20,41,40,-8
32.93673,grasp,close,94,58,185,189,334,1556,-3,-2,20,41,40,-8
32.93791,grasp,close,94,58,185,189,337,1556,-3,-2,20,41,41,-8
32.93912,grasp,close,94,58,185,189,337,1556,-3,-2,20,41,41,-8
32.94032,grasp,close,94,58,185,189,337,1556,-3,-2,20,41,41,-8
32.94186,grasp,close,94,58,185,189,337,1556,-3,-2,20,41,41,-8
32.94811,grasp,close,94,58,185,189,337,1556,-3,-2,20,41,41,-8
32.94953,grasp,close,94,58,185,189,337,1556,-3,-2,20,41,41,-8
32.95113,grasp,close,94,58,185,189,337,1556,-3,-2,20,41,41,-8
32.95238,grasp,close,94,58,185,189,337,1556,-3,-2,20,41,41,-8
32.95364,grasp,close,94,58,185,189,337,1556,-3,-2,20,41,41,-8
32.95478,grasp,close,94,58,185,189,337,1556,-3,-2,20,41,41,-8
32.95599,grasp,close,94,58,185,189,337,1556,-3,-2,20,41,41,-8
32.95723,grasp,close,94,58,185,189,337,1556,-3,-2,23,41,41,-8
32.96773,grasp,close,94,58,189,191,337,1556,-3,-2,23,40,41,-8
32.96907,grasp,close,94,58,189,191,337,1556,-3,-2,23,40,41,-8
32.97027,grasp,close,94,58,189,191,337,1556,-3,-2,23,40,41,-8
32.97177,grasp,close,94,58,189,191,337,1556,-3,-2,23,40,41,-8
32.97810,grasp,close,94,58,189,191,337,1556,-3,-2,23,40,41,-8
32.97927,grasp,close,94,58,189,191,337,1556,-3,-2,23,40,41,-8
32.98040,grasp,close,94,58,189,191,337,1556,-3,-2,23,40,41,-8
32.98166,grasp,close,94,58,189,191,337,1556,-3,-2,23,40,41,-8
32.98284,grasp,close,94,58,189,191,337,1556,-3,-2,23,40,41,-8
32.98409,grasp,close,94,58,189,191,337,1556,-3,-2,23,40,41,-8
32.98528,grasp,close,94,58,189,191,337,1556,-3,-2,23,40,41,-8
32.98658,grasp,close,94,58,189,191,337,1556,-3,-2,23,40,41,-8
32.98807,grasp,close,94,58,189,191,337,1556,-3,-2,23,40,41,-8
32.99832,grasp,close,94,58,189,191,337,1556,-3,-2,23,40,41,-8
32.99996,grasp,close,94,58,189,191,337,1556,-3,-2,23,40,41,-8
33.00150,grasp,close,94,58,189,191,337,1556,-3,-2,23,40,41,-8
33.00288,grasp,close,94,58,189,191,337,1556,-3,-2,23,40,41,-8
33.00958,grasp,close,94,58,189,191,337,1556,-3,-2,23,40,41,-8
33.01069,grasp,close,94,58,189,191,337,1556,-3,-2,23,40,41,-8
33.01228,grasp,close,94,58,189,191,337,1556,-3,-2,23,40,41,-8
33.01348,grasp,close,94,58,189,191,337,1556,-3,-2,23,40,41,-8
33.01469,grasp,close,94,58,189,191,337,1556,-3,-2,23,40,41,-8
33.01582,grasp,close,94,58,189,191,337,1556,-3,-2,23,40,41,-8
33.01705,grasp,close,94,58,189,191,337,1556,-3,-2,23,40,41,-8
33.01829,grasp,close,94,58,189,191,337,1556,-3,-2,23,40,41,-8
33.01956,grasp,close,94,58,193,191,337,1556,-3,-2,21,40,41,-8
33.02995,grasp,close,94,58,193,196,337,1556,-3,-2,21,41,41,-8
33.03133,grasp,close,94,58,193,196,337,1556,-3,-2,21,41,41,-8
33.03271,grasp,close,94,58,193,196,337,1556,-3,-2,21,41,41,-8
33.03386,grasp,close,94,58,193,196,337,1556,-3,-2,21,41,41,-8
33.04014,grasp,close,94,58,193,196,337,1556,-3,-2,21,41,41,-8
33.04128,grasp,close,94,58,193,196,337,1556,-3,-2,21,41,41,-8
33.04256,grasp,close,94,58,193,196,337,1556,-3,-2,21,41,41,-8
33.04372,grasp,close,94,58,193,196,337,1556,-3,-2,21,41,41,-8
33.04535,grasp,close,94,58,193,196,337,1556,-2,-2,21,41,41,-8
33.04648,grasp,close,94,58,193,196,337,1556,-2,-1,21,41,41,-8
33.04775,grasp,close,94,58,193,196,337,1556,-2,-1,21,41,41,-8
33.04893,grasp,close,94,58,193,196,337,1556,-2,-1,20,41,41,-8
33.05015,grasp,close,94,58,196,196,337,1556,-2,-1,20,41,41,-8
33.06080,grasp,close,94,58,196,198,337,1556,-2,-1,20,42,41,-8
33.06226,grasp,close,94,58,196,198,347,1556,-2,-1,20,42,41,-8
33.06365,grasp,close,94,58,196,198,347,1556,-2,-1,20,42,41,-8
33.06492,grasp,close,94,58,196,198,347,1556,-2,-1,20,42,41,-8
33.07139,grasp,close,94,58,196,198,347,1556,-2,-1,20,42,41,-8
33.07249,grasp,close,94,58,196,198,347,1556,-2,-1,20,42,41,-8
33.07370,grasp,close,94,58,196,198,347,1556,-2,-1,20,42,41,-8
33.07525,grasp,close,94,58,196,198,347,1556,-3,-1,20,42,41,-8
33.07642,grasp,close,94,58,196,198,347,1556,-3,-2,20,42,41,-8
33.07763,grasp,close,94,58,196,198,347,1556,-3,-2,20,42,41,-8
33.07884,grasp,close,94,58,196,198,347,1556,-3,-2,19,42,41,-8
33.08022,grasp,close,94,58,197,198,347,1556,-3,-2,19,42,41,-8
33.08163,grasp,close,94,58,197,200,347,1556,-3,-2,19,43,41,-8
33.09225,grasp,close,94,58,197,200,347,1556,-3,-2,19,43,41,-8
33.09351,grasp,close,94,58,197,200,347,1556,-3,-2,19,43,41,-8
33.09477,grasp,close,94,58,197,200,347,1556,-3,-2,19,43,41,-8
33.09591,grasp,close,94,58,197,200,347,1556,-3,-2,19,43,41,-8
33.10253,grasp,close,94,58,197,200,347,1556,-3,-2,19,43,41,-8
33.10373,grasp,close,94,58,197,200,347,1556,-3,-2,19,43,41,-8
33.10495,grasp,close,94,58,197,200,347,1556,-2,-2,19,43,41,-8
33.10613,grasp,close,94,58,197,200,347,1556,-2,-2,19,43,41,-8
33.10740,grasp,close,94,58,197,200,347,1556,-2,-2,19,43,41,-8
33.10865,grasp,close,94,58,197,200,347,1556,-2,-2,22,43,41,-8
33.10983,grasp,close,94,58,200,200,347,1556,-2,-2,22,43,41,-8
33.11106,grasp,close,94,58,200,202,347,1556,-2,-2,22,42,41,-8
33.11225,grasp,close,94,58,200,202,347,1556,-2,-2,22,42,41,-8
33.12279,grasp,close,94,58,200,202,348,1556,-2,-2,22,42,41,-7
33.12415,grasp,close,94,58,200,202,348,1556,-2,-2,22,42,41,-7
33.12530,grasp,close,94,58,200,202,348,1556,-2,-2,22,42,41,-7
33.12652,grasp,close,94,58,200,202,348,1556,-2,-2,22,42,41,-7
33.13306,grasp,close,94,58,200,202,348,1556,-2,-2,22,42,41,-7
33.13424,grasp,close,94,58,200,202,348,1556,-3,-2,22,42,41,-7
33.13540,grasp,close,94,58,200,202,348,1556,-3,-2,22,42,41,-7
33.13664,grasp,close,94,58,200,202,348,1556,-3,-2,22,42,41,-7
33.13783,grasp,close,94,58,200,202,348,1556,-3,-2,22,42,41,-7
33.13899,grasp,close,94,58,203,202,348,1556,-3,-2,20,42,41,-7
33.14020,grasp,close,94,58,203,202,348,1556,-3,-2,20,42,41,-7
33.14137,grasp,close,94,58,203,202,348,1556,-3,-2,20,44,41,-7
33.14261,grasp,close,94,58,203,202,348,1556,-3,-2,20,44,41,-7
33.15312,grasp,close,94,58,203,202,348,1556,-3,-2,20,44,41,-8
33.15456,grasp,close,94,58,203,202,348,1556,-3,-2,20,44,41,-8
33.15579,grasp,close,94,58,203,202,348,1556,-3,-2,20,44,41,-8
33.15743,grasp,close,94,58,203,202,348,1556,-3,-2,20,44,41,-8
33.16420,grasp,close,94,58,203,202,348,1556,-3,-2,20,44,41,-8
33.16556,grasp,close,94,58,203,202,348,1556,-3,-2,20,44,41,-8
33.16700,grasp,close,94,58,203,202,348,1556,-3,-1,20,44,41,-8
33.16830,grasp,close,94,58,203,202,348,1556,-3,-1,20,44,41,-8
33.16972,grasp,close,94,58,205,202,348,1556,-3,-1,21,44,41,-8
33.17098,grasp,close,94,58,205,202,348,1556,-3,-1,21,43,41,-8
33.17216,grasp,close,94,58,205,204,348,1556,-3,-1,21,43,41,-8
33.17336,grasp,close,94,58,205,204,350,1556,-3,-1,21,43,42,-8
33.18405,grasp,close,94,58,205,204,350,1556,-3,-1,21,43,42,-7
33.18524,grasp,close,94,58,205,204,350,1556,-3,-1,21,43,42,-7
33.18647,grasp,close,94,58,205,204,350,1556,-3,-1,21,43,42,-7
33.18769,grasp,close,94,58,205,204,350,1556,-3,-1,21,43,42,-7
33.18890,grasp,close,94,58,205,204,350,1556,-3,-1,21,43,42,-7
33.19556,grasp,close,94,58,205,204,350,1556,-3,-1,21,43,42,-7
33.19675,grasp,close,94,58,205,204,350,1556,-3,-1,21,43,42,-7
33.19817,grasp,close,94,58,205,204,350,1556,-3,-1,21,43,42,-7
33.19938,grasp,close,94,58,205,204,350,1556,-3,-1,21,43,42,-7
33.20065,grasp,close,94,58,205,204,350,1556,-3,-1,20,43,42,-7
33.20179,grasp,close,94,58,208,204,350,1556,-3,-1,20,43,42,-7
33.20304,grasp,close,94,58,208,204,350,1556,-3,-1,20,42,42,-7
33.20415,grasp,close,94,58,208,206,350,1556,-3,-1,20,42,42,-7
33.20533,grasp,close,94,58,208,206,354,1556,-3,-1,20,42,41,-7
33.21594,grasp,close,94,58,208,206,354,1556,-3,-1,20,42,41,-7
33.21714,grasp,close,94,58,208,206,354,1556,-3,-1,20,42,41,-7
33.21837,grasp,close,94,58,208,206,354,1556,-3,-1,20,42,41,-7
33.21989,grasp,close,94,58,208,206,354,1556,-3,-1,20,42,41,-7
33.22642,grasp,close,94,58,208,206,354,1556,-3,-1,20,42,41,-7
33.22793,grasp,close,94,58,208,206,354,1556,-3,-1,20,42,41,-7
33.22944,grasp,close,94,58,208,206,354,1556,-3,-2,20,42,41,-7
33.23054,grasp,close,94,58,208,206,354,1556,-3,-2,20,42,41,-7
33.23183,grasp,close,94,58,210,206,354,1556,-3,-2,19,42,41,-7
33.23298,grasp,close,94,58,210,206,354,1556,-3,-2,19,41,41,-7
33.23418,grasp,close,94,58,210,209,354,1556,-3,-2,19,41,41,-7
33.23536,grasp,close,94,58,210,209,357,1556,-3,-2,19,41,42,-7
33.23656,grasp,close,94,58,210,209,357,1556,-3,-2,19,41,42,-7
33.24722,grasp,close,94,58,210,209,357,1556,-3,-2,19,41,42,-7
33.24845,grasp,close,94,58,210,209,357,1556,-3,-2,19,41,42,-7
33.24969,grasp,close,94,58,210,209,357,1556,-3,-2,19,41,42,-7
33.25085,grasp,close,94,58,210,209,357,1556,-3,-2,19,41,42,-7
33.25740,grasp,close,94,58,210,209,357,1556,-3,-2,19,41,42,-7
33.25897,grasp,close,94,58,210,209,357,1556,-3,-1,19,41,42,-7
33.26013,grasp,close,94,58,210,209,357,1556,-3,-1,19,41,42,-7
33.26130,grasp,close,94,58,212,209,357,1556,-3,-1,21,41,42,-7
33.26250,grasp,close,94,58,212,209,357,1556,-3,-1,21,41,42,-7
33.26379,grasp,close,94,58,212,212,357,1556,-3,-1,21,42,42,-7
33.26504,grasp,close,94,58,212,212,357,1556,-3,-1,21,42,42,-7
33.26618,grasp,close,94,58,212,212,361,1556,-3,-1,21,42,42,-7
33.26733,grasp,close,94,58,212,212,361,1556,-3,-1,21,42,42,-7
33.27755,grasp,close,94,58,212,212,361,1556,-3,-1,21,42,42,-7
33.27875,grasp,close,94,58,212,212,361,1556,-3,-1,21,42,42,-7
33.28001,grasp,close,94,58,212,212,361,1556,-3,-1,21,42,42,-7
33.28180,grasp,close,94,58,212,212,361,1556,-3,-1,21,42,42,-7
33.28850,grasp,close,94,58,212,212,361,1556,-3,-1,21,42,42,-7
33.28962,grasp,close,94,58,212,212,361,1556,-3,-1,21,42,42,-7
33.29121,grasp,close,94,58,212,212,361,1556,-3,-1,19,42,42,-7
33.29288,grasp,close,94,58,214,212,361,1556,-3,-1,19,42,42,-7
33.29407,grasp,close,94,58,214,214,361,1556,-3,-1,19,42,42,-7
33.29536,grasp,close,94,58,214,214,363,1556,-3,-1,19,42,42,-7
33.29681,grasp,close,94,58,214,214,363,1556,-3,-1,19,42,42,-8
33.29795,grasp,close,94,58,214,214,363,1556,-3,-1,19,42,42,-8
33.30823,grasp,close,94,58,214,214,363,1556,-3,-1,19,42,42,-8
33.30967,grasp,close,94,58,214,214,363,1556,-3,-1,19,42,42,-8
33.31088,grasp,close,94,58,214,214,363,1556,-3,-1,19,42,42,-8
33.31208,grasp,close,94,58,214,214,363,1556,-3,-1,19,42,42,-8
33.31327,grasp,close,94,58,214,214,363,1556,-3,-1,19,42,42,-8
33.32016,grasp,close,94,58,214,214,363,1556,-3,-2,19,42,42,-8
33.32139,grasp,close,94,58,215,214,363,1556,-3,-2,21,42,42,-8
33.32276,grasp,close,94,58,215,214,363,1556,-3,-2,21,41,42,-8
33.32434,grasp,close,94,58,215,215,363,1556,-3,-2,21,41,42,-8
33.32560,grasp,close,94,58,215,215,366,1556,-3,-2,21,41,43,-8
33.32686,grasp,close,94,58,215,215,366,1556,-3,-2,21,41,43,-8
33.32808,grasp,close,94,58,215,215,366,1556,-3,-2,21,41,43,-8
33.32932,grasp,close,94,58,215,215,366,1556,-3,-2,21,41,43,-8
33.33966,grasp,close,94,58,215,215,366,1556,-3,-2,21,41,43,-8
33.34098,grasp,close,94,58,215,215,366,1556,-3,-2,21,41,43,-8
33.34249,grasp,close,94,58,215,215,366,1556,-2,-2,21,41,43,-8
33.34367,grasp,close,94,58,215,215,366,1556,-2,-2,21,41,43,-8
33.35018,grasp,close,94,58,215,215,366,1556,-2,-1,21,41,43,-8
33.35136,grasp,close,94,58,215,215,366,1556,-2,-1,20,41,43,-8
33.35245,grasp,close,94,58,218,215,366,1556,-2,-1,20,42,43,-8
33.35372,grasp,close,94,58,218,218,366,1556,-2,-1,20,42,43,-8
33.35551,grasp,close,94,58,218,218,366,1556,-2,-1,20,42,42,-8
33.35745,grasp,close,94,58,218,218,369,1556,-2,-1,20,42,42,-8
33.35885,grasp,close,94,58,218,218,369,1556,-2,-1,20,42,42,-8
33.36000,grasp,close,94,58,218,218,369,1556,-2,-1,20,42,42,-8
33.37040,grasp,close,94,58,218,218,369,1556,-2,-1,20,42,42,-8
33.37223,grasp,close,94,58,218,218,369,1556,-2,-1,20,42,42,-8
33.37406,grasp,close,94,58,218,218,369,1556,-2,-1,20,42,42,-8
33.37595,grasp,close,94,58,218,218,369,1556,-3,-1,20,42,42,-8
33.38261,grasp,close,94,58,218,218,369,1556,-3,-1,20,42,42,-8
33.38457,grasp,close,94,58,220,218,369,1556,-3,-1,20,42,42,-8
33.38649,grasp,close,94,58,220,221,369,1556,-3,-1,20,41,42,-8
33.38824,grasp,close,94,58,220,221,371,1556,-3,-1,20,41,43,-8
33.39042,grasp,close,94,58,220,221,371,1556,-3,-1,20,41,43,-7
33.40125,grasp,close,94,58,220,221,371,1556,-3,-1,20,41,43,-7
33.40298,grasp,close,94,58,220,221,371,1556,-3,-1,20,41,43,-7
33.40461,grasp,close,94,58,220,221,371,1556,-3,-1,20,41,43,-7
33.40658,grasp,close,94,58,220,221,371,1556,-3,-1,20,41,43,-7
33.41308,grasp,close,94,58,220,221,371,1556,-3,-1,20,41,43,-7
33.41490,grasp,close,94,58,222,221,371,1556,-3,-1,21,42,43,-7
33.41611,grasp,close,94,58,222,225,371,1556,-3,-1,21,42,43,-7
33.41735,grasp,close,94,58,222,225,373,1556,-3,-1,21,42,43,-7
33.41864,grasp,close,94,58,222,225,373,1556,-3,-1,21,42,43,-8
33.41986,grasp,close,94,58,222,225,373,1556,-3,-1,21,42,43,-8
33.42105,grasp,close,94,58,222,225,373,1556,-3,-1,21,42,43,-8
33.42267,grasp,close,94,58,222,225,373,1556,-3,-1,21,42,43,-8
33.43284,grasp,close,94,58,222,225,373,1556,-3,-1,21,42,43,-8
33.43397,grasp,close,94,58,222,225,373,1556,-3,-1,21,42,43,-8
33.43518,grasp,close,94,58,222,225,373,1556,-3,-1,21,42,43,-8
33.43635,grasp,close,94,58,222,225,373,1556,-3,-1,21,42,43,-8
33.43760,grasp,close,94,58,222,225,373,1556,-3,-1,21,42,43,-8
33.44385,grasp,close,94,58,222,225,373,1556,-3,-1,21,42,43,-8
33.44506,grasp,close,94,58,222,225,373,1556,-3,-1,21,42,43,-8
33.44629,grasp,close,94,58,222,225,373,1556,-3,-1,21,42,43,-8
33.44749,grasp,close,94,58,222,225,373,1556,-3,-1,21,42,43,-8
33.44871,grasp,close,94,58,222,225,373,1556,-3,-1,21,42,43,-8
33.44991,grasp,close,94,58,222,225,373,1556,-3,-1,21,42,43,-8
33.45122,grasp,close,94,58,222,225,373,1556,-3,-1,21,42,43,-8
33.45270,grasp,close,94,58,222,225,373,1556,-3,-1,21,42,43,-8
33.46318,grasp,close,94,58,222,225,373,1556,-3,-1,21,42,43,-8
33.46454,grasp,close,94,58,222,225,373,1556,-3,-1,21,42,43,-8
33.46572,grasp,close,94,58,222,225,373,1556,-3,-1,21,42,43,-8
33.46694,grasp,close,94,58,222,225,373,1556,-3,-1,21,42,43,-8
33.46811,grasp,close,94,58,222,225,373,1556,-3,-1,21,42,43,-8
33.47488,grasp,close,94,58,227,225,373,1556,-3,-1,21,42,43,-8
33.47607,grasp,close,94,58,227,225,373,1556,-3,-1,21,42,43,-8
33.47730,grasp,close,94,58,227,229,375,1556,-3,-1,21,42,43,-8
33.47850,grasp,close,94,58,227,229,375,1556,-3,-1,21,42,43,-8
33.47973,grasp,close,94,58,227,229,375,1556,-3,-1,21,42,43,-8
33.48126,grasp,close,94,58,227,229,375,1556,-3,-1,21,42,43,-8
33.48283,grasp,close,94,58,227,229,375,1556,-3,-1,21,42,43,-8
33.48407,grasp,close,94,58,227,229,375,1556,-3,-1,21,42,43,-8
33.49432,grasp,close,94,58,227,229,375,1556,-3,-1,21,42,43,-8
33.49560,grasp,close,94,58,227,229,375,1556,-3,-1,21,42,43,-8
33.49701,grasp,close,94,58,227,229,375,1556,-3,-1,21,42,43,-8
33.49819,grasp,close,94,58,227,229,375,1556,-3,-1,21,42,43,-8
33.49939,grasp,close,94,58,227,229,375,1556,-3,-1,21,42,43,-8
33.50571,grasp,close,94,58,229,229,375,1556,-3,-1,20,42,43,-8
33.50692,grasp,close,94,58,229,231,375,1556,-3,-1,20,41,43,-8
33.50815,grasp,close,94,58,229,231,375,1556,-3,-1,20,41,43,-8
33.50933,grasp,close,94,58,229,231,375,1556,-3,-1,20,41,43,-8
33.51057,grasp,close,94,58,229,231,375,1556,-3,-1,20,41,43,-8
33.51191,grasp,close,94,58,229,231,375,1556,-3,-1,20,41,43,-8
33.51300,grasp,close,94,58,229,231,375,1556,-3,-1,20,41,43,-8
33.51420,grasp,close,94,58,229,231,375,1556,-3,-1,20,41,43,-8
33.51549,grasp,close,94,58,229,231,375,1556,-3,-1,20,41,43,-8
33.52599,grasp,close,94,58,229,231,375,1556,-3,-1,20,41,43,-8
33.52744,grasp,close,94,58,229,231,375,1556,-3,-2,20,41,43,-8
33.52864,grasp,close,94,58,229,231,375,1556,-3,-2,19,41,43,-8
33.52982,grasp,close,94,58,232,231,375,1556,-3,-2,19,41,43,-8
33.53611,grasp,close,94,58,232,231,375,1556,-3,-2,19,40,43,-8
33.53732,grasp,close,94,58,232,232,375,1556,-3,-2,19,40,44,-8
33.53846,grasp,close,94,58,232,232,376,1556,-3,-2,19,40,44,-8
33.53973,grasp,close,94,58,232,232,376,1556,-3,-2,19,40,44,-8
33.54091,grasp,close,94,58,232,232,376,1556,-3,-2,19,40,44,-8
33.54214,grasp,close,94,58,232,232,376,1556,-3,-2,19,40,44,-8
33.54334,grasp,close,94,58,232,232,376,1556,-3,-2,19,40,44,-8
33.54455,grasp,close,94,58,232,232,376,1556,-3,-2,19,40,44,-8
33.54576,grasp,close,94,58,232,232,376,1556,-3,-2,19,40,44,-8
33.55619,grasp,close,94,58,232,232,376,1556,-3,-2,19,40,44,-8
33.55777,grasp,close,94,58,232,232,376,1556,-3,-2,19,40,44,-8
33.55900,grasp,close,94,58,232,232,376,1556,-3,-2,19,40,44,-8
33.56019,grasp,close,94,58,232,232,376,1556,-3,-2,19,40,44,-8
33.56137,grasp,close,94,58,233,232,376,1556,-3,-2,20,40,44,-8
33.56838,grasp,close,94,58,233,235,376,1556,-3,-2,20,40,44,-8
33.56982,grasp,close,94,58,233,235,379,1556,-3,-2,20,40,44,-8
33.57097,grasp,close,94,58,233,235,379,1556,-3,-2,20,40,44,-8
33.57219,grasp,close,94,58,233,235,379,1556,-3,-2,20,40,44,-8
33.57336,grasp,close,94,58,233,235,379,1556,-3,-2,20,40,44,-8
33.57461,grasp,close,94,58,233,235,379,1556,-3,-2,20,40,44,-8
33.57572,grasp,close,94,58,233,235,379,1556,-3,-2,20,40,44,-8
33.57699,grasp,close,94,58,233,235,379,1556,-3,-2,20,40,44,-8
33.58721,grasp,close,94,58,233,235,379,1556,-3,-2,20,40,44,-8
33.58862,grasp,close,94,58,233,235,379,1556,-3,-2,18,40,44,-8
33.59023,grasp,close,94,58,235,235,379,1556,-3,-2,18,40,44,-8
33.59190,grasp,close,94,58,235,237,379,1556,-3,-2,18,40,44,-8
33.59833,grasp,close,94,58,235,237,379,1556,-3,-2,18,40,43,-8
33.59949,grasp,close,94,58,235,237,383,1556,-3,-2,18,40,43,-8
33.60075,grasp,close,94,58,235,237,383,1556,-3,-2,18,40,43,-8
33.60195,grasp,close,94,58,235,237,383,1556,-3,-2,18,40,43,-8
33.60312,grasp,close,94,58,235,237,383,1556,-3,-2,18,40,43,-8
33.60432,grasp,close,94,58,235,237,383,1556,-3,-2,18,40,43,-8
33.60547,grasp,close,94,58,235,237,383,1556,-3,-2,18,40,43,-8
33.60666,grasp,close,94,58,235,237,383,1556,-3,-2,18,40,43,-8
33.60794,grasp,close,94,58,235,237,383,1556,-3,-2,18,40,43,-8
33.61815,grasp,close,94,58,235,237,383,1556,-3,-2,18,40,43,-8
33.61936,grasp,close,94,58,235,237,383,1556,-3,-1,18,40,43,-8
33.62048,grasp,close,94,58,235,237,383,1556,-3,-1,20,40,43,-8
33.62174,grasp,close,94,58,239,237,383,1556,-3,-1,20,40,43,-8
33.62302,grasp,close,94,58,239,237,383,1556,-3,-1,20,40,43,-8
33.62964,grasp,close,94,58,239,240,383,1556,-3,-1,20,40,44,-8
33.63103,grasp,close,94,58,239,240,387,1556,-3,-1,20,40,44,-8
33.63221,grasp,close,94,58,239,240,387,1556,-3,-1,20,40,44,-8
33.63343,grasp,close,94,58,239,240,387,1556,-3,-1,20,40,44,-8
33.63462,grasp,close,94,58,239,240,387,1556,-3,-1,20,40,44,-8
33.63595,grasp,close,94,58,239,240,387,1556,-3,-1,20,40,44,-8
33.63783,grasp,close,94,58,239,240,387,1556,-3,-1,20,40,44,-8
33.63922,grasp,close,94,58,239,240,387,1556,-3,-1,20,40,44,-8
33.64965,grasp,close,94,58,239,240,387,1556,-3,-1,20,40,44,-8
33.65082,grasp,close,94,58,241,240,387,1556,-3,-1,20,40,44,-8
33.65209,grasp,close,94,58,241,240,387,1556,-3,-1,20,40,44,-8
33.65332,grasp,close,94,58,241,240,391,1556,-3,-1,20,40,44,-8
33.65446,grasp,close,94,58,241,240,391,1556,-3,-1,20,40,44,-8
33.66113,grasp,close,94,58,241,240,391,1556,-3,-1,20,40,44,-8
33.66234,grasp,close,94,58,241,240,391,1556,-3,-1,20,40,44,-8
33.66387,grasp,close,94,58,241,240,391,1556,-3,-1,20,40,44,-8
33.66511,grasp,close,94,58,241,240,391,1556,-3,-1,20,40,44,-8
33.66659,grasp,close,94,58,241,240,391,1556,-3,-1,20,40,44,-8
33.66786,grasp,close,94,58,241,240,391,1556,-3,-1,20,40,44,-8
33.66905,grasp,close,94,58,241,240,391,1556,-3,-1,20,40,44,-8
33.67063,grasp,close,94,58,241,240,391,1556,-3,-1,20,40,44,-8
33.68122,grasp,close,94,58,241,240,391,1556,-3,-1,20,40,44,-8
33.68241,grasp,close,94,58,243,240,391,1556,-3,-1,19,40,44,-8
33.68366,grasp,close,94,58,243,244,391,1556,-3,-1,19,40,44,-8
33.68487,grasp,close,94,58,243,244,391,1556,-3,-1,19,40,44,-8
33.69154,grasp,close,94,58,243,244,394,1556,-3,-1,19,40,44,-8
33.69291,grasp,close,94,58,243,244,394,1556,-3,-1,19,40,44,-8
33.69406,grasp,close,94,58,243,244,394,1556,-3,-1,19,40,44,-8
33.69527,grasp,close,94,58,243,244,394,1556,-3,-1,19,40,44,-8
33.69649,grasp,close,94,58,243,244,394,1556,-3,-1,19,40,44,-8
33.69771,grasp,close,94,58,243,244,394,1556,-3,-1,19,40,44,-8
33.69890,grasp,close,94,58,243,244,394,1556,-3,-1,19,40,44,-8
33.70010,grasp,close,94,58,243,244,394,1556,-3,-1,19,40,44,-8
33.70138,grasp,close,94,58,243,244,394,1556,-3,-2,19,40,44,-8
33.71159,grasp,close,94,58,244,244,394,1556,-3,-2,20,40,44,-8
33.71304,grasp,close,94,58,244,246,394,1556,-3,-2,20,41,45,-8
33.71421,grasp,close,94,58,244,246,396,1556,-3,-2,20,41,45,-8
33.71550,grasp,close,94,58,244,246,396,1556,-3,-2,20,41,45,-8
33.71669,grasp,close,94,58,244,246,396,1556,-3,-2,20,41,45,-8
33.72324,grasp,close,94,58,244,246,396,1556,-3,-2,20,41,45,-8
33.72453,grasp,close,94,58,244,246,396,1556,-3,-2,20,41,45,-8
33.72576,grasp,close,94,58,244,246,396,1556,-3,-2,20,41,45,-8
33.72692,grasp,close,94,58,244,246,396,1556,-3,-2,20,41,45,-8
33.72814,grasp,close,94,58,244,246,396,1556,-3,-2,20,41,45,-8
33.72938,grasp,close,94,58,244,246,396,1556,-3,-2,20,41,45,-8
33.73054,grasp,close,94,58,244,246,396,1556,-3,-2,20,41,45,-8
33.73176,grasp,close,94,58,244,246,396,1556,-3,-2,20,41,45,-8
33.74191,grasp,close,94,58,247,246,396,1556,-3,-2,19,41,45,-8
33.74310,grasp,close,94,58,247,246,396,1556,-3,-2,19,40,45,-8
33.74433,grasp,close,94,58,247,248,396,1556,-3,-2,19,40,45,-8
33.74591,grasp,close,94,58,247,248,398,1556,-3,-2,19,40,45,-8
33.74740,grasp,close,94,58,247,248,398,1556,-3,-2,19,40,45,-8
33.75447,grasp,close,94,58,247,248,398,1556,-3,-2,19,40,45,-8
33.75566,grasp,close,94,58,247,248,398,1556,-3,-2,19,40,45,-8
33.75689,grasp,close,94,58,247,248,398,1556,-3,-2,19,40,45,-8
33.75814,grasp,close,94,58,247,248,398,1556,-3,-2,19,40,45,-8
33.75957,grasp,close,94,58,247,248,398,1556,-3,-2,19,40,45,-8
33.76093,grasp,close,94,58,247,248,398,1556,-4,-2,19,40,45,-8
33.76215,grasp,close,94,58,247,248,398,1556,-4,-2,19,40,45,-8
33.76338,grasp,close,94,58,247,248,398,1556,-4,-2,19,40,45,-8
33.77399,grasp,close,94,58,250,248,398,1556,-4,-2,20,40,45,-8
33.77519,grasp,close,94,58,250,250,398,1556,-4,-2,20,40,45,-8
33.77640,grasp,close,94,58,250,250,398,1556,-4,-2,20,40,45,-8
33.77763,grasp,close,94,58,250,250,398,1556,-4,-2,20,40,45,-8
33.78429,grasp,close,94,58,250,250,398,1556,-4,-2,20,40,45,-8
33.78577,grasp,close,94,58,250,250,398,1556,-4,-2,20,40,45,-8
33.78733,grasp,close,94,58,250,250,398,1556,-4,-2,20,40,45,-8
33.78850,grasp,close,94,58,250,250,398,1556,-4,-2,20,40,45,-8
33.78970,grasp,close,94,58,250,250,398,1556,-4,-2,20,40,45,-8
33.79117,grasp,close,94,58,250,250,398,1556,-3,-2,20,40,45,-8
33.79269,grasp,close,94,58,250,250,398,1556,-3,-1,20,40,45,-8
33.79382,grasp,close,94,58,250,250,398,1556,-3,-1,20,40,45,-8
33.80410,grasp,close,94,58,251,250,398,1556,-3,-1,19,40,45,-8
33.80519,grasp,close,94,58,251,250,398,1556,-3,-1,19,40,45,-8
33.80636,grasp,close,94,58,251,253,398,1556,-3,-1,19,40,45,-8
33.80754,grasp,close,94,58,251,253,403,1556,-3,-1,19,40,45,-8
33.80880,grasp,close,94,58,251,253,403,1556,-3,-1,19,40,45,-9
33.81530,grasp,close,94,58,251,253,403,1556,-3,-1,19,40,45,-9
33.81646,grasp,close,94,58,251,253,403,1556,-3,-1,19,40,45,-9
33.81766,grasp,close,94,58,251,253,403,1556,-3,-1,19,40,45,-9
33.81886,grasp,close,94,58,251,253,403,1556,-3,-1,19,40,45,-9
33.82004,grasp,close,94,58,251,253,403,1556,-3,-1,19,40,45,-9
33.82130,grasp,close,94,58,251,253,403,1556,-3,-1,19,40,45,-9
33.82244,grasp,close,94,58,251,253,403,1556,-3,-1,19,40,45,-9
33.82369,grasp,close,94,58,251,253,403,1556,-3,-1,19,40,45,-9
33.82502,grasp,close,94,58,251,253,403,1556,-3,-1,18,40,45,-9
33.83531,grasp,close,94,58,252,253,403,1556,-3,-1,18,41,45,-9
33.83680,grasp,close,94,58,252,255,403,1556,-3,-1,18,41,45,-9
33.83799,grasp,close,94,58,252,255,403,1556,-3,-1,18,41,45,-9
33.83919,grasp,close,94,58,252,255,403,1556,-3,-1,18,41,45,-9
33.84035,grasp,close,94,58,252,255,403,1556,-3,-1,18,41,45,-9
33.84692,grasp,close,94,58,252,255,403,1556,-3,-1,18,41,45,-9
33.84812,grasp,close,94,58,252,255,403,1556,-3,-1,18,41,45,-9
33.84931,grasp,close,94,58,252,255,403,1556,-3,-1,18,41,45,-9
33.85053,grasp,close,94,58,252,255,403,1556,-3,-1,18,41,45,-9
33.85179,grasp,close,94,58,252,255,403,1556,-3,-1,18,41,45,-9
33.85299,grasp,close,94,58,252,255,403,1556,-3,-1,18,41,45,-9
33.85425,grasp,close,94,58,252,255,403,1556,-3,-1,18,41,45,-9
33.85541,grasp,close,94,58,255,255,403,1556,-3,-1,18,41,45,-9
33.86608,grasp,close,94,58,255,255,403,1556,-3,-1,18,41,45,-9
33.86753,grasp,close,94,58,255,258,403,1556,-3,-1,18,41,45,-9
33.86886,grasp,close,94,58,255,258,408,1556,-3,-1,18,41,45,-8
33.87009,grasp,close,94,58,255,258,408,1556,-3,-1,18,41,45,-8
33.87132,grasp,close,94,58,255,258,408,1556,-3,-1,18,41,45,-8
33.87762,grasp,close,94,58,255,258,408,1556,-3,-1,18,41,45,-8
33.87888,grasp,close,94,58,255,258,408,1556,-3,-1,18,41,45,-8
33.88004,grasp,close,94,58,255,258,408,1556,-3,-1,18,41,45,-8
33.88131,grasp,close,94,58,255,258,408,1556,-3,-1,18,41,45,-8
33.88247,grasp,close,94,58,255,258,408,1556,-3,-2,18,41,45,-8
33.88371,grasp,close,94,58,255,258,408,1556,-3,-2,18,41,45,-8
33.88491,grasp,close,94,58,255,258,408,1556,-3,-2,19,41,45,-8
33.88612,grasp,close,94,58,258,258,408,1556,-3,-2,19,41,45,-8
33.88738,grasp,close,94,58,258,260,408,1556,-3,-2,19,41,45,-8
33.89783,grasp,close,94,58,258,260,410,1556,-3,-2,19,41,45,-9
33.89898,grasp,close,94,58,258,260,410,1556,-3,-2,19,41,45,-9
33.90022,grasp,close,94,58,258,260,410,1556,-3,-2,19,41,45,-9
33.90135,grasp,close,94,58,258,260,410,1556,-3,-2,19,41,45,-9
33.90252,grasp,close,94,58,258,260,410,1556,-3,-2,19,41,45,-9
33.90890,grasp,close,94,58,258,260,410,1556,-3,-2,19,41,45,-9
33.91008,grasp,close,94,58,258,260,410,1556,-3,-2,19,41,45,-9
33.91131,grasp,close,94,58,258,260,410,1556,-3,-2,19,41,45,-9
33.91249,grasp,close,94,58,258,260,410,1556,-3,-1,19,41,45,-9
33.91369,grasp,close,94,58,258,260,410,1556,-3,-1,19,41,45,-9
33.91489,grasp,close,94,58,258,260,410,1556,-3,-1,19,41,45,-9
33.91617,grasp,close,94,58,260,260,410,1556,-3,-1,19,41,45,-9
33.91740,grasp,close,94,58,260,262,410,1556,-3,-1,19,41,45,-9
33.92813,grasp,close,94,58,260,262,410,1556,-3,-1,19,41,45,-9
33.92968,grasp,close,94,58,260,262,413,1556,-3,-1,19,41,45,-8
33.93086,grasp,close,94,58,260,262,413,1556,-3,-1,19,41,45,-8
33.93207,grasp,close,94,58,260,262,413,1556,-3,-1,19,41,45,-8
33.93329,grasp,close,94,58,260,262,413,1556,-3,-1,19,41,45,-8
33.93992,grasp,close,94,58,260,262,413,1556,-3,-1,19,41,45,-8
33.94144,grasp,close,94,58,260,262,413,1556,-3,-1,19,41,45,-8
33.94270,grasp,close,94,58,260,262,413,1556,-3,-1,19,41,45,-8
33.94392,grasp,close,94,58,260,262,413,1556,-3,-1,19,41,45,-8
33.94516,grasp,close,94,58,260,262,413,1556,-3,-1,17,41,45,-8
33.94633,grasp,close,94,58,263,262,413,1556,-3,-1,17,41,45,-8
33.94753,grasp,close,94,58,263,263,413,1556,-3,-1,17,42,45,-8
33.94913,grasp,close,94,58,263,263,413,1556,-3,-1,17,42,45,-8
33.95988,grasp,close,94,58,263,263,414,1556,-3,-1,17,42,45,-8
33.96133,grasp,close,94,58,263,263,414,1556,-3,-1,17,42,45,-8
33.96257,grasp,close,94,58,263,263,414,1556,-3,-1,17,42,45,-8
33.96378,grasp,close,94,58,263,263,414,1556,-3,-1,17,42,45,-8
33.97010,grasp,close,94,58,263,263,414,1556,-3,-1,17,42,45,-8
33.97130,grasp,close,94,58,263,263,414,1556,-3,-1,17,42,45,-8
33.97250,grasp,close,94,58,263,263,414,1556,-3,-1,17,42,45,-8
33.97372,grasp,close,94,58,263,263,414,1556,-3,-1,17,42,45,-8
33.97495,grasp,close,94,58,263,263,414,1556,-3,-1,20,42,45,-8
33.97616,grasp,close,94,58,266,263,414,1556,-3,-1,20,42,45,-8
33.97736,grasp,close,94,58,266,264,414,1556,-3,-1,20,41,45,-8
33.97861,grasp,close,94,58,266,264,414,1556,-3,-1,20,41,45,-8
33.98006,grasp,close,94,58,266,264,415,1556,-3,-1,20,41,46,-8
33.99103,grasp,close,94,58,266,264,415,1556,-3,-1,20,41,46,-9
33.99293,grasp,close,94,58,266,264,415,1556,-3,-1,20,41,46,-9
33.99479,grasp,close,94,58,266,264,415,1556,-3,-1,20,41,46,-9
34.00127,grasp,close,94,58,266,264,415,1556,-3,-1,20,41,46,-9
34.00312,grasp,close,94,58,266,264,415,1556,-3,-1,20,41,46,-9
34.00491,grasp,close,94,58,266,264,415,1556,-3,-1,18,41,46,-9
34.00612,grasp,close,94,58,270,264,415,1556,-3,-1,18,41,46,-9
34.00733,grasp,close,94,58,270,266,415,1556,-3,-1,18,41,46,-9
34.00916,grasp,close,94,58,270,266,415,1556,-3,-1,18,41,46,-9
34.01031,grasp,close,94,58,270,266,418,1556,-3,-1,18,41,46,-9
34.01185,grasp,close,94,58,270,266,418,1556,-3,-1,18,41,46,-9
34.02194,grasp,close,94,58,270,266,418,1556,-3,-1,18,41,46,-9
34.02320,grasp,close,94,58,270,266,418,1556,-3,-1,18,41,46,-9
34.02455,grasp,close,94,58,270,266,418,1556,-3,-1,18,41,46,-9
34.02575,grasp,close,94,58,270,266,418,1556,-3,-1,18,41,46,-9
34.03229,grasp,close,94,58,270,266,418,1556,-3,-1,18,41,46,-9
34.03349,grasp,close,94,58,270,266,418,1556,-3,-1,18,41,46,-9
34.03468,grasp,close,94,58,270,266,418,1556,-3,-1,19,41,46,-9
34.03589,grasp,close,94,58,271,266,418,1556,-3,-1,19,41,46,-9
34.03707,grasp,close,94,58,271,266,418,1556,-3,-1,19,40,46,-9
34.03828,grasp,close,94,58,271,269,418,1556,-3,-1,19,40,46,-9
34.03946,grasp,close,94,58,271,269,420,1556,-3,-1,19,40,46,-9
34.04066,grasp,close,94,58,271,269,420,1556,-3,-1,19,40,46,-8
34.04225,grasp,close,94,58,271,269,420,1556,-3,-1,19,40,46,-8
34.05290,grasp,close,94,58,271,269,420,1556,-3,-1,19,40,46,-8
34.05418,grasp,close,94,58,271,269,420,1556,-3,-1,19,40,46,-8
34.05537,grasp,close,94,58,271,269,420,1556,-3,-1,19,40,46,-8
34.05658,grasp,close,94,58,271,269,420,1556,-3,-1,19,40,46,-8
34.06327,grasp,close,94,58,271,269,420,1556,-3,-1,19,40,46,-8
34.06455,grasp,close,94,58,271,269,420,1556,-3,-1,19,40,46,-8
34.06626,grasp,close,94,58,273,269,420,1556,-3,-1,19,40,46,-8
34.06743,grasp,close,94,58,273,274,420,1556,-3,-1,19,40,46,-8
34.06864,grasp,close,94,58,273,274,420,1556,-3,-1,19,40,47,-8
34.06986,grasp,close,94,58,273,274,422,1556,-3,-1,19,40,47,-8
34.07105,grasp,close,94,58,273,274,422,1556,-3,-1,19,40,47,-9
34.07225,grasp,close,94,58,273,274,422,1556,-3,-1,19,40,47,-9
34.07346,grasp,close,94,58,273,274,422,1556,-3,-1,19,40,47,-9
34.08378,grasp,close,94,58,273,274,422,1556,-3,-1,19,40,47,-9
34.08496,grasp,close,94,58,273,274,422,1556,-3,-1,19,40,47,-9
34.08616,grasp,close,94,58,273,274,422,1556,-3,-1,19,40,47,-9
34.08742,grasp,close,94,58,273,274,422,1556,-3,-1,19,40,47,-9
34.08888,grasp,close,94,58,273,274,422,1556,-3,-2,19,40,47,-9
34.09531,grasp,close,94,58,273,274,422,1556,-3,-2,19,40,47,-9
34.09664,grasp,close,94,58,276,274,422,1556,-3,-2,17,40,47,-9
34.09777,grasp,close,94,58,276,278,422,1556,-3,-2,17,40,47,-9
34.09895,grasp,close,94,58,276,278,422,1556,-3,-2,17,40,46,-9
34.10016,grasp,close,94,58,276,278,425,1556,-3,-2,17,40,46,-9
34.10135,grasp,close,94,58,276,278,425,1556,-3,-2,17,40,46,-9
34.10259,grasp,close,94,58,276,278,425,1556,-3,-2,17,40,46,-9
34.10377,grasp,close,94,58,276,278,425,1556,-3,-2,17,40,46,-9
34.11397,grasp,close,94,58,276,278,425,1556,-3,-2,17,40,46,-9
34.11513,grasp,close,94,58,276,278,425,1556,-3,-2,17,40,46,-9
34.11641,grasp,close,94,58,276,278,425,1556,-3,-2,17,40,46,-9
34.11796,grasp,close,94,58,276,278,425,1556,-3,-2,17,40,46,-9
34.11919,grasp,close,94,58,276,278,425,1556,-3,-2,17,40,46,-9
34.12625,grasp,close,94,58,276,278,425,1556,-3,-1,17,40,46,-9
34.12769,grasp,close,94,58,278,278,425,1556,-3,-1,20,40,46,-9
34.12880,grasp,close,94,58,278,278,425,1556,-3,-1,20,40,46,-9
34.13002,grasp,close,94,58,278,278,427,1556,-3,-1,20,40,46,-9
34.13123,grasp,close,94,58,278,278,427,1556,-3,-1,20,40,46,-8
34.13237,grasp,close,94,58,278,278,427,1556,-3,-1,20,40,46,-8
34.13365,grasp,close,94,58,278,278,427,1556,-3,-1,20,40,46,-8
34.13486,grasp,close,94,58,278,278,427,1556,-3,-1,20,40,46,-8
34.14497,grasp,close,94,58,278,278,427,1556,-3,-1,20,40,46,-8
34.14619,grasp,close,94,58,278,278,427,1556,-3,-1,20,40,46,-8
34.14740,grasp,close,94,58,278,278,427,1556,-3,-1,20,40,46,-8
34.14878,grasp,close,94,58,278,278,427,1556,-3,-1,20,40,46,-8
34.15018,grasp,close,94,58,278,278,427,1556,-3,-1,20,40,46,-8
34.15709,grasp,close,94,58,279,278,427,1556,-3,-1,19,40,46,-8
34.15852,grasp,close,94,58,279,282,427,1556,-3,-1,19,39,47,-8
34.16006,grasp,close,94,58,279,282,429,1556,-3,-1,19,39,47,-8
34.16130,grasp,close,94,58,279,282,429,1556,-3,-1,19,39,47,-8
34.16249,grasp,close,94,58,279,282,429,1556,-3,-1,19,39,47,-8
34.16375,grasp,close,94,58,279,282,429,1556,-3,-1,19,39,47,-8
34.16495,grasp,close,94,58,279,282,429,1556,-3,-1,19,39,47,-8
34.16616,grasp,close,94,58,279,282,429,1556,-3,-1,19,39,47,-8
34.17653,grasp,close,94,58,279,282,429,1556,-3,-1,19,39,47,-8
34.17770,grasp,close,94,58,279,282,429,1556,-3,-1,19,39,47,-8
34.17890,grasp,close,94,58,279,282,429,1556,-3,-1,19,39,47,-8
34.18028,grasp,close,94,58,279,282,429,1556,-3,-1,19,39,47,-8
34.18714,grasp,close,94,58,279,282,429,1556,-3,-1,21,39,47,-8
34.18829,grasp,close,94,58,280,282,429,1556,-3,-1,21,40,47,-8
34.18973,grasp,close,94,58,280,285,429,1556,-3,-1,21,40,47,-8
34.19119,grasp,close,94,58,280,285,429,1556,-3,-1,21,40,47,-8
34.19230,grasp,close,94,58,280,285,429,1556,-3,-1,21,40,47,-8
34.19357,grasp,close,94,58,280,285,429,1556,-3,-1,21,40,47,-8
34.19478,grasp,close,94,58,280,285,429,1556,-3,-1,21,40,47,-8
34.19600,grasp,close,94,58,280,285,429,1556,-3,-1,21,40,47,-8
34.19717,grasp,close,94,58,280,285,429,1556,-3,-1,21,40,47,-8
34.20758,grasp,close,94,58,280,285,429,1556,-4,-1,21,40,47,-8
34.20912,grasp,close,94,58,280,285,429,1556,-4,-1,21,40,47,-8
34.21062,grasp,close,94,58,280,285,429,1556,-4,-1,19,40,47,-8
34.21182,grasp,close,94,58,283,285,429,1556,-4,-1,19,40,47,-8
34.21859,grasp,close,94,58,283,286,429,1556,-4,-1,19,39,47,-8
34.22044,grasp,close,94,58,283,286,429,1556,-4,-1,19,39,47,-8
34.22158,grasp,close,94,58,283,286,433,1556,-4,-1,19,39,47,-8
34.22280,grasp,close,94,58,283,286,433,1556,-4,-1,19,39,47,-8
34.22403,grasp,close,94,58,283,286,433,1556,-4,-1,19,39,47,-8
34.22559,grasp,close,94,58,283,286,433,1556,-4,-1,19,39,47,-8
34.22703,grasp,close,94,58,283,286,433,1556,-4,-1,19,39,47,-8
34.22849,grasp,close,94,58,283,286,433,1556,-4,-1,19,39,47,-8
34.23888,grasp,close,94,58,283,286,433,1556,-3,-1,19,39,47,-8
34.24051,grasp,close,94,58,283,286,433,1556,-3,-1,19,39,47,-8
34.24175,grasp,close,94,58,283,286,433,1556,-3,-1,19,39,47,-8
34.24324,grasp,close,94,58,285,286,433,1556,-3,-1,18,39,47,-8
34.25001,grasp,close,94,58,285,289,433,1556,-3,-1,18,38,47,-8
34.25122,grasp,close,94,58,285,289,433,1556,-3,-1,18,38,47,-8
34.25244,grasp,close,94,58,285,289,433,1556,-3,-1,18,38,47,-8
34.25401,grasp,close,94,58,285,289,433,1556,-3,-1,18,38,47,-8
34.25521,grasp,close,94,58,285,289,433,1556,-3,-1,18,38,47,-8
34.25645,grasp,close,94,58,285,289,433,1556,-3,-1,18,38,47,-8
34.25766,grasp,close,94,58,285,289,433,1556,-3,-1,18,38,47,-8
34.25889,grasp,close,94,58,285,289,433,1556,-3,-1,18,38,47,-8
34.26933,grasp,close,94,58,285,289,433,1556,-4,-1,18,38,47,-8
34.27069,grasp,close,94,58,285,289,433,1556,-4,-1,19,38,47,-8
34.27206,grasp,close,94,58,287,289,433,1556,-4,-1,19,38,47,-8
34.27350,grasp,close,94,58,287,290,433,1556,-4,-1,19,39,47,-8
34.28012,grasp,close,94,58,287,290,433,1556,-4,-1,19,39,47,-8
34.28164,grasp,close,94,58,287,290,435,1556,-4,-1,19,39,47,-8
34.28284,grasp,close,94,58,287,290,435,1556,-4,-1,19,39,47,-8
34.28407,grasp,close,94,58,287,290,435,1556,-4,-1,19,39,47,-8
34.28533,grasp,close,94,58,287,290,435,1556,-4,-1,19,39,47,-8
34.28649,grasp,close,94,58,287,290,435,1556,-4,-1,19,39,47,-8
34.28779,grasp,close,94,58,287,290,435,1556,-4,-1,19,39,47,-8
34.28901,grasp,close,94,58,287,290,435,1556,-4,-1,19,39,47,-8
34.29022,grasp,close,94,58,287,290,435,1556,-4,-1,19,39,47,-8
34.30069,grasp,close,94,58,287,290,435,1556,-4,-1,19,39,47,-8
34.30192,grasp,close,94,58,287,290,435,1556,-4,-1,19,39,47,-8
34.30313,grasp,close,94,58,292,290,435,1556,-4,-1,16,39,47,-8
34.30466,grasp,close,94,58,292,290,435,1556,-4,-1,16,36,47,-8
34.31131,grasp,close,94,58,292,294,435,1556,-4,-1,16,36,47,-8
34.31245,grasp,close,94,58,292,294,437,1556,-4,-1,16,36,47,-8
34.31400,grasp,close,94,58,292,294,437,1556,-4,-1,16,36,47,-8
34.31522,grasp,close,94,58,292,294,437,1556,-4,-1,16,36,47,-8
34.31643,grasp,close,94,58,292,294,437,1556,-4,-1,16,36,47,-8
34.31766,grasp,close,94,58,292,294,437,1556,-4,-1,16,36,47,-8
34.31887,grasp,close,94,58,292,294,437,1556,-4,-1,16,36,47,-8
34.32013,grasp,close,94,58,292,294,437,1556,-4,-1,16,36,47,-8
34.32136,grasp,close,94,58,292,294,437,1556,-3,-1,16,36,47,-8
34.33196,grasp,close,94,58,292,294,437,1556,-3,-1,19,36,47,-8
34.33328,grasp,close,94,58,294,296,437,1556,-3,-1,19,37,47,-8
34.33443,grasp,close,94,58,294,296,437,1556,-3,-1,19,37,47,-8
34.33563,grasp,close,94,58,294,296,440,1556,-3,-1,19,37,47,-8
34.34216,grasp,close,94,58,294,296,440,1556,-3,-1,19,37,47,-8
34.34364,grasp,close,94,58,294,296,440,1556,-3,-1,19,37,47,-8
34.34481,grasp,close,94,58,294,296,440,1556,-3,-1,19,37,47,-8
34.34606,grasp,close,94,58,294,296,440,1556,-3,-1,19,37,47,-8
34.34733,grasp,close,94,58,294,296,440,1556,-3,-1,19,37,47,-8
34.34852,grasp,close,94,58,294,296,440,1556,-3,-1,19,37,47,-8
34.34970,grasp,close,94,58,294,296,440,1556,-3,-1,19,37,47,-8
34.35088,grasp,close,94,58,294,296,440,1556,-3,-1,19,37,47,-8
34.35214,grasp,close,94,58,294,296,440,1556,-3,-1,19,37,47,-8
34.36305,grasp,close,94,58,294,296,440,1556,-3,-1,19,37,47,-8
34.36421,grasp,close,94,58,296,296,440,1556,-3,-1,18,37,47,-8
34.36537,grasp,close,94,58,296,299,440,1556,-3,-1,18,37,47,-8
34.36661,grasp,close,94,58,296,299,440,1556,-3,-1,18,37,48,-8
34.37316,grasp,close,94,58,296,299,442,1556,-3,-1,18,37,48,-8
34.37434,grasp,close,94,58,296,299,442,1556,-3,-1,18,37,48,-8
34.37547,grasp,close,94,58,296,299,442,1556,-3,-1,18,37,48,-8
34.37675,grasp,close,94,58,296,299,442,1556,-3,-1,18,37,48,-8
34.37792,grasp,close,94,58,296,299,442,1556,-3,-1,18,37,48,-8
34.37915,grasp,close,94,58,296,299,442,1556,-3,-1,18,37,48,-8
34.38041,grasp,close,94,58,296,299,442,1556,-3,-1,18,37,48,-8
34.38188,grasp,close,94,58,296,299,442,1556,-3,-1,18,37,48,-8
34.38304,grasp,close,94,58,296,299,442,1556,-3,-1,18,37,48,-8
34.39331,grasp,close,94,58,296,299,442,1556,-3,-1,17,37,48,-8
34.39479,grasp,close,94,58,297,299,442,1556,-3,-1,17,37,48,-8
34.39596,grasp,close,94,58,297,299,442,1556,-3,-1,17,37,48,-8
34.39715,grasp,close,94,58,297,299,442,1556,-3,-1,17,37,48,-8
34.39838,grasp,close,94,58,297,299,442,1556,-3,-1,17,37,48,-8
34.40493,grasp,close,94,58,297,299,442,1556,-3,-1,17,37,48,-8
34.40612,grasp,close,94,58,297,299,442,1556,-3,-1,17,37,48,-8
34.40740,grasp,close,94,58,297,299,442,1556,-3,-1,17,37,48,-8
34.40898,grasp,close,94,58,297,299,442,1556,-3,-1,17,37,48,-8
34.41086,grasp,close,94,58,297,299,442,1556,-3,-1,17,37,48,-8
34.41261,grasp,close,94,58,297,299,442,1556,-3,-1,17,37,48,-8
34.41389,grasp,close,94,58,297,299,442,1556,-3,-1,17,37,48,-8
34.42415,grasp,close,94,58,301,299,442,1556,-3,-1,19,37,48,-8
34.42534,grasp,close,94,58,301,299,442,1556,-3,-1,19,37,48,-8
34.42654,grasp,close,94,58,301,302,442,1556,-3,-1,19,37,48,-8
34.42770,grasp,close,94,58,301,302,447,1556,-3,-1,19,37,48,-8
34.42895,grasp,close,94,58,301,302,447,1556,-3,-1,19,37,48,-8
34.43543,grasp,close,94,58,301,302,447,1556,-3,-1,19,37,48,-8
34.43696,grasp,close,94,58,301,302,447,1556,-3,-1,19,37,48,-8
34.43824,grasp,close,94,58,301,302,447,1556,-3,-1,19,37,48,-8
34.43978,grasp,close,94,58,301,302,447,1556,-3,-1,19,37,48,-8
34.44119,grasp,close,94,58,301,302,447,1556,-3,-1,19,37,48,-8
34.44237,grasp,close,94,58,301,302,447,1556,-3,-1,19,37,48,-8
34.44362,grasp,close,94,58,301,302,447,1556,-3,-1,19,37,48,-8
34.44484,grasp,close,94,58,301,302,447,1556,-3,-1,17,37,48,-8
34.45530,grasp,close,94,58,303,302,447,1556,-3,-1,17,36,48,-8
34.45687,grasp,close,94,58,303,303,447,1556,-3,-1,17,36,48,-8
34.45831,grasp,close,94,58,303,303,447,1556,-3,-1,17,36,48,-8
34.45951,grasp,close,94,58,303,303,447,1556,-3,-1,17,36,48,-8
34.46606,grasp,close,94,58,303,303,447,1556,-3,-1,17,36,48,-8
34.46737,grasp,close,94,58,303,303,447,1556,-3,-1,17,36,48,-8
34.46881,grasp,close,94,58,303,303,447,1556,-3,-1,17,36,48,-8
34.47036,grasp,close,94,58,303,303,447,1556,-3,-1,17,36,48,-8
34.47179,grasp,close,94,58,303,303,447,1556,-3,-1,17,36,48,-8
34.47299,grasp,close,94,58,303,303,447,1556,-3,-1,17,36,48,-8
34.47424,grasp,close,94,58,303,303,447,1556,-3,-1,17,36,48,-8
34.47541,grasp,close,94,58,303,303,447,1556,-3,-1,19,36,48,-8
34.47666,grasp,close,94,58,303,303,447,1556,-3,-1,19,36,48,-8
34.48682,grasp,close,94,58,303,304,447,1556,-3,-1,19,36,48,-8
34.48824,grasp,close,94,58,303,304,449,1556,-3,-1,19,36,49,-8
34.48965,grasp,close,94,58,303,304,449,1556,-3,-1,19,36,49,-9
34.49089,grasp,close,94,58,303,304,449,1556,-3,-1,19,36,49,-9
34.49759,grasp,close,94,58,303,304,449,1556,-3,-1,19,36,49,-9
34.49911,grasp,close,94,58,303,304,449,1556,-3,-1,19,36,49,-9
34.50033,grasp,close,94,58,303,304,449,1556,-3,-1,19,36,49,-9
34.50188,grasp,close,94,58,303,304,449,1556,-3,-1,19,36,49,-9
34.50327,grasp,close,94,58,303,304,449,1556,-3,-1,19,36,49,-9
34.50447,grasp,close,94,58,303,304,449,1556,-3,-1,19,36,49,-9
34.50571,grasp,close,94,58,303,304,449,1556,-3,-1,19,36,49,-9
34.50690,grasp,close,94,58,306,304,449,1556,-3,-1,18,36,49,-9
34.51702,grasp,close,94,58,306,304,449,1556,-3,-1,18,36,49,-9
34.51836,grasp,close,94,58,306,306,449,1556,-3,-1,18,36,48,-8
34.52001,grasp,close,94,58,306,306,451,1556,-3,-1,18,36,48,-8
34.52140,grasp,close,94,58,306,306,451,1556,-3,-1,18,36,48,-8
34.52828,grasp,close,94,58,306,306,451,1556,-3,-1,18,36,48,-8
34.52967,grasp,close,94,58,306,306,451,1556,-3,-1,18,36,48,-8
34.53117,grasp,close,94,58,306,306,451,1556,-3,-1,18,36,48,-8
34.53235,grasp,close,94,58,306,306,451,1556,-3,-1,18,36,48,-8
34.53359,grasp,close,94,58,306,306,451,1556,-3,-1,18,36,48,-8
34.53473,grasp,close,94,58,306,306,451,1556,-3,-1,18,36,48,-8
34.53594,grasp,close,94,58,306,306,451,1556,-3,-1,18,36,48,-8
34.53718,grasp,close,94,58,306,306,451,1556,-3,-1,17,36,48,-8
34.53838,grasp,close,94,58,308,306,451,1556,-3,-1,17,36,48,-8
34.54845,grasp,close,94,58,308,308,451,1556,-3,-1,17,34,48,-8
34.54968,grasp,close,94,58,308,308,455,1556,-3,-1,17,34,48,-8
34.55088,grasp,close,94,58,308,308,455,1556,-3,-1,17,34,48,-9
34.55209,grasp,close,94,58,308,308,455,1556,-3,-1,17,34,48,-9
34.55334,grasp,close,94,58,308,308,455,1556,-3,-1,17,34,48,-9
34.56027,grasp,close,94,58,308,308,455,1556,-3,-1,17,34,48,-9
34.56195,grasp,close,94,58,308,308,455,1556,-3,-1,17,34,48,-9
34.56318,grasp,close,94,58,308,308,455,1556,-3,-1,17,34,48,-9
34.56476,grasp,close,94,58,308,308,455,1556,-3,-1,17,34,48,-9
34.56618,grasp,close,94,58,308,308,455,1556,-3,-1,17,34,48,-9
34.56736,grasp,close,94,58,310,308,455,1556,-3,-1,19,34,48,-9
34.56892,grasp,close,94,58,310,308,455,1556,-3,-1,19,36,48,-9
34.57913,grasp,close,94,58,310,310,455,1556,-3,-1,19,36,49,-9
34.58074,grasp,close,94,58,310,310,459,1556,-3,-1,19,36,49,-9
34.58214,grasp,close,94,58,310,310,459,1556,-3,-1,19,36,49,-9
34.58339,grasp,close,94,58,310,310,459,1556,-3,-1,19,36,49,-9
34.58463,grasp,close,94,58,310,310,459,1556,-3,-1,19,36,49,-9
34.59163,grasp,close,94,58,310,310,459,1556,-3,-1,19,36,49,-9
34.59300,grasp,close,94,58,310,310,459,1556,-3,-1,19,36,49,-9
34.59424,grasp,close,94,58,310,310,459,1556,-3,-1,19,36,49,-9
34.59541,grasp,close,94,58,310,310,459,1556,-3,-1,19,36,49,-9
34.59663,grasp,close,94,58,310,310,459,1556,-3,-1,16,36,49,-9
34.59788,grasp,close,94,58,312,310,459,1556,-3,-1,16,36,49,-9
34.59909,grasp,close,94,58,312,315,459,1556,-3,-1,16,35,49,-9
34.60025,grasp,close,94,58,312,315,459,1556,-3,-1,16,35,49,-9
34.61086,grasp,close,94,58,312,315,462,1556,-3,-1,16,35,49,-9
34.61203,grasp,close,94,58,312,315,462,1556,-3,-1,16,35,49,-9
34.61338,grasp,close,94,58,312,315,462,1556,-3,-1,16,35,49,-9
34.61481,grasp,close,94,58,312,315,462,1556,-3,-1,16,35,49,-9
34.62117,grasp,close,94,58,312,315,462,1556,-3,-1,16,35,49,-9
34.62255,grasp,close,94,58,312,315,462,1556,-3,-1,16,35,49,-9
34.62376,grasp,close,94,58,312,315,462,1556,-3,-1,16,35,49,-9
34.62496,grasp,close,94,58,312,315,462,1556,-3,-1,16,35,49,-9
34.62621,grasp,close,94,58,312,315,462,1556,-3,-1,16,35,49,-9
34.62763,grasp,close,94,58,315,315,462,1556,-3,-1,17,35,49,-9
34.62886,grasp,close,94,58,315,315,462,1556,-3,-1,17,36,49,-9
34.63005,grasp,close,94,58,315,317,462,1556,-3,-1,17,36,49,-9
34.63129,grasp,close,94,58,315,317,464,1556,-3,-1,17,36,49,-9
34.64187,grasp,close,94,58,315,317,464,1556,-3,-1,17,36,49,-9
34.64306,grasp,close,94,58,315,317,464,1556,-3,-1,17,36,49,-9
34.64426,grasp,close,94,58,315,317,464,1556,-3,-1,17,36,49,-9
34.64548,grasp,close,94,58,315,317,464,1556,-3,-1,17,36,49,-9
34.65211,grasp,close,94,58,315,317,464,1556,-3,-1,17,36,49,-9
34.65323,grasp,close,94,58,315,317,464,1556,-3,-1,17,36,49,-9
34.65442,grasp,close,94,58,315,317,464,1556,-3,-1,17,36,49,-9
34.65593,grasp,close,94,58,315,317,464,1556,-3,-1,17,36,49,-9
34.65709,grasp,close,94,58,315,317,464,1556,-3,-1,18,36,49,-9
34.65834,grasp,close,94,58,318,317,464,1556,-3,-1,18,36,49,-9
34.65950,grasp,close,94,58,318,320,464,1556,-3,-1,18,35,49,-9
34.66075,grasp,close,94,58,318,320,464,1556,-3,-1,18,35,49,-9
34.66196,grasp,close,94,58,318,320,466,1556,-3,-1,18,35,49,-9
34.67212,grasp,close,94,58,318,320,466,1556,-3,-1,18,35,49,-9
34.67361,grasp,close,94,58,318,320,466,1556,-3,-1,18,35,49,-9
34.67479,grasp,close,94,58,318,320,466,1556,-3,-1,18,35,49,-9
34.67599,grasp,close,94,58,318,320,466,1556,-3,-1,18,35,49,-9
34.67716,grasp,close,94,58,318,320,466,1556,-3,-1,18,35,49,-9
34.68398,grasp,close,94,58,318,320,466,1556,-3,-1,18,35,49,-9
34.68547,grasp,close,94,58,318,320,466,1556,-4,-1,18,35,49,-9
34.68668,grasp,close,94,58,318,320,466,1556,-4,-1,18,35,49,-9
34.68787,grasp,close,94,58,320,320,466,1556,-4,-1,17,35,49,-9
34.68910,grasp,close,94,58,320,322,466,1556,-4,-1,17,34,49,-9
34.69080,grasp,close,94,58,320,322,466,1556,-4,-1,17,34,48,-9
34.69220,grasp,close,94,58,320,322,468,1556,-4,-1,17,34,48,-10
34.69361,grasp,close,94,58,320,322,468,1556,-4,-1,17,34,48,-10
34.70386,grasp,close,94,58,320,322,468,1556,-4,-1,17,34,48,-10
34.70506,grasp,close,94,58,320,322,468,1556,-4,-1,17,34,48,-10
34.70622,grasp,close,94,58,320,322,468,1556,-4,-1,17,34,48,-10
34.70779,grasp,close,94,58,320,322,468,1556,-4,-1,17,34,48,-10
34.71422,grasp,close,94,58,320,322,468,1556,-3,-1,17,34,48,-10
34.71536,grasp,close,94,58,320,322,468,1556,-3,-1,17,34,48,-10
34.71657,grasp,close,94,58,320,322,468,1556,-3,-1,19,34,48,-10
34.71786,grasp,close,94,58,323,322,468,1556,-3,-1,19,34,48,-10
34.71911,grasp,close,94,58,323,323,468,1556,-3,-1,19,35,48,-10
34.72054,grasp,close,94,58,323,323,468,1556,-3,-1,19,35,49,-10
34.72184,grasp,close,94,58,323,323,470,1556,-3,-1,19,35,49,-10
34.72302,grasp,close,94,58,323,323,470,1556,-3,-1,19,35,49,-10
34.72471,grasp,close,94,58,323,323,470,1556,-3,-1,19,35,49,-10
34.73476,grasp,close,94,58,323,323,470,1556,-3,-1,19,35,49,-10
34.73596,grasp,close,94,58,323,323,470,1556,-3,-1,19,35,49,-10
34.73717,grasp,close,94,58,323,323,470,1556,-3,-1,19,35,49,-10
34.73833,grasp,close,94,58,323,323,470,1556,-3,-1,19,35,49,-10
34.73955,grasp,close,94,58,323,323,470,1556,-3,-1,19,35,49,-10
34.74587,grasp,close,94,58,323,323,470,1556,-3,-1,19,35,49,-10
34.74706,grasp,close,94,58,323,323,470,1556,-3,-1,19,35,49,-10
34.74829,grasp,close,94,58,323,323,470,1556,-3,-1,19,35,49,-10
34.74945,grasp,close,94,58,323,327,470,1556,-3,-1,19,33,49,-10
34.75072,grasp,close,94,58,323,327,470,1556,-3,-1,19,33,49,-10
34.75193,grasp,close,94,58,323,327,472,1556,-3,-1,19,33,49,-10
34.75315,grasp,close,94,58,323,327,472,1556,-3,-1,19,33,49,-9
34.75472,grasp,close,94,58,323,327,472,1556,-3,-1,19,33,49,-9
34.76514,grasp,close,94,58,323,327,472,1556,-3,-1,19,33,49,-9
34.76660,grasp,close,94,58,323,327,472,1556,-3,-1,19,33,49,-9
34.76791,grasp,close,94,58,323,327,472,1556,-3,-1,19,33,49,-9
34.76908,grasp,close,94,58,323,327,472,1556,-3,-1,19,33,49,-9
34.77034,grasp,close,94,58,323,327,472,1556,-3,-1,19,33,49,-9
34.77690,grasp,close,94,58,323,327,472,1556,-3,-1,19,33,49,-9
34.77809,grasp,close,94,58,327,327,472,1556,-3,-1,18,33,49,-9
34.77959,grasp,close,94,58,327,328,472,1556,-3,-1,18,34,49,-9
34.78094,grasp,close,94,58,327,328,472,1556,-3,-1,18,34,49,-9
34.78239,grasp,close,94,58,327,328,473,1556,-3,-1,18,34,49,-9
34.78368,grasp,close,94,58,327,328,473,1556,-3,-1,18,34,49,-9
34.78485,grasp,close,94,58,327,328,473,1556,-3,-1,18,34,49,-9
34.78604,grasp,close,94,58,327,328,473,1556,-3,-1,18,34,49,-9
34.79657,grasp,close,94,58,327,328,473,1556,-3,-1,18,34,49,-9
34.79794,grasp,close,94,58,327,328,473,1556,-3,-1,18,34,49,-9
34.79930,grasp,close,94,58,327,328,473,1556,-3,-1,18,34,49,-9
34.80049,grasp,close,94,58,327,328,473,1556,-2,-1,18,34,49,-9
34.80173,grasp,close,94,58,327,328,473,1556,-2,-1,18,34,49,-9
34.80802,grasp,close,94,58,327,328,473,1556,-2,-1,18,34,49,-9
34.80916,grasp,close,94,58,329,328,473,1556,-2,-1,18,34,49,-9
34.81035,grasp,close,94,58,329,328,473,1556,-2,-1,18,34,49,-9
34.81155,grasp,close,94,58,329,331,473,1556,-2,-1,18,34,49,-9
34.81287,grasp,close,94,58,329,331,473,1556,-2,-1,18,34,49,-9
34.81402,grasp,close,94,58,329,331,475,1556,-2,-1,18,34,49,-9
34.81533,grasp,close,94,58,329,331,475,1556,-2,-1,18,34,49,-9
34.81647,grasp,close,94,58,329,331,475,1556,-2,-1,18,34,49,-9
34.81776,grasp,close,94,58,329,331,475,1556,-2,-1,18,34,49,-9
34.82786,grasp,close,94,58,329,331,475,1556,-2,-1,18,34,49,-9
34.82933,grasp,close,94,58,329,331,475,1556,-2,-1,18,34,49,-9
34.83044,grasp,close,94,58,329,331,475,1556,-3,-1,18,34,49,-9
34.83164,grasp,close,94,58,329,331,475,1556,-3,-1,18,34,49,-9
34.83814,grasp,close,94,58,329,331,475,1556,-3,-1,18,34,49,-9
34.83929,grasp,close,94,58,329,331,475,1556,-3,-1,17,34,49,-9
34.84044,grasp,close,94,58,330,331,475,1556,-3,-1,17,34,49,-9
34.84165,grasp,close,94,58,330,333,475,1556,-3,-1,17,34,49,-9
34.84291,grasp,close,94,58,330,333,477,1556,-3,-1,17,34,49,-9
34.84410,grasp,close,94,58,330,333,477,1556,-3,-1,17,34,49,-9
34.84527,grasp,close,94,58,330,333,477,1556,-3,-1,17,34,49,-9
34.84647,grasp,close,94,58,330,333,477,1556,-3,-1,17,34,49,-9
34.84772,grasp,close,94,58,330,333,477,1556,-3,-1,17,34,49,-9
34.85807,grasp,close,94,58,330,333,477,1556,-3,-1,17,34,49,-9
34.85949,grasp,close,94,58,330,333,477,1556,-3,-1,17,34,49,-9
34.86076,grasp,close,94,58,330,333,477,1556,-3,-1,17,34,49,-9
34.86191,grasp,close,94,58,330,333,477,1556,-3,-1,17,34,49,-9
34.86315,grasp,close,94,58,330,333,477,1556,-2,-1,17,34,49,-9
34.87026,grasp,close,94,58,330,333,477,1556,-2,-1,17,34,49,-9
34.87143,grasp,close,94,58,333,333,477,1556,-2,-1,18,34,49,-9
34.87266,grasp,close,94,58,333,333,477,1556,-2,-1,18,34,49,-9
34.87387,grasp,close,94,58,333,333,481,1556,-2,-1,18,34,49,-9
34.87509,grasp,close,94,58,333,333,481,1556,-2,-1,18,34,49,-9
34.87634,grasp,close,94,58,333,333,481,1556,-2,-1,18,34,49,-9
34.87752,grasp,close,94,58,333,333,481,1556,-2,-1,18,34,49,-9
34.87871,grasp,close,94,58,333,333,481,1556,-2,-1,18,34,49,-9
34.88896,grasp,close,94,58,333,333,481,1556,-2,-1,18,34,49,-9
34.89048,grasp,close,94,58,333,333,481,1556,-3,-1,18,34,49,-9
34.89187,grasp,close,94,58,333,333,481,1556,-3,-1,18,34,49,-9
34.89301,grasp,close,94,58,333,333,481,1556,-3,-1,18,34,49,-9
34.89427,grasp,close,94,58,333,333,481,1556,-3,-1,18,34,49,-9
34.90071,grasp,close,94,58,334,333,481,1556,-3,-1,16,34,49,-9
34.90193,grasp,close,94,58,334,339,481,1556,-3,-1,16,33,49,-9
34.90310,grasp,close,94,58,334,339,484,1556,-3,-1,16,33,49,-9
34.90438,grasp,close,94,58,334,339,484,1556,-3,-1,16,33,49,-9
34.90552,grasp,close,94,58,334,339,484,1556,-3,-1,16,33,49,-9
34.90667,grasp,close,94,58,334,339,484,1556,-3,-1,16,33,49,-9
34.90789,grasp,close,94,58,334,339,484,1556,-3,-1,16,33,49,-9
34.90906,grasp,close,94,58,334,339,484,1556,-3,-1,16,33,49,-9
34.91028,grasp,close,94,58,334,339,484,1556,-3,-1,16,33,49,-9
34.92055,grasp,close,94,58,334,339,484,1556,-3,-1,16,33,49,-9
34.92176,grasp,close,94,58,334,339,484,1556,-3,-1,16,33,49,-9
34.92309,grasp,close,94,58,334,339,484,1556,-3,-1,16,33,49,-9
34.92456,grasp,close,94,58,334,339,484,1556,-3,-1,16,33,49,-9
34.93107,grasp,close,94,58,334,339,484,1556,-3,-1,18,33,49,-9
34.93251,grasp,close,94,58,337,339,484,1556,-3,-1,18,35,49,-9
34.93377,grasp,close,94,58,337,341,486,1556,-3,-1,18,35,49,-9
34.93529,grasp,close,94,58,337,341,486,1556,-3,-1,18,35,49,-9
34.93643,grasp,close,94,58,337,341,486,1556,-3,-1,18,35,49,-9
34.93756,grasp,close,94,58,337,341,486,1556,-3,-1,18,35,49,-9
34.93879,grasp,close,94,58,337,341,486,1556,-3,-1,18,35,49,-9
34.94016,grasp,close,94,58,337,341,486,1556,-3,-1,18,35,49,-9
34.94137,grasp,close,94,58,337,341,486,1556,-3,-1,18,35,49,-9
34.95193,grasp,close,94,58,337,341,486,1556,-3,-1,18,35,49,-9
34.95321,grasp,close,94,58,337,341,486,1556,-3,-1,18,35,49,-9
34.95473,grasp,close,94,58,337,341,486,1556,-3,-1,18,35,49,-9
34.95626,grasp,close,94,58,340,341,486,1556,-3,-1,18,35,49,-9
34.96320,grasp,close,94,58,340,341,486,1556,-3,-1,18,34,49,-9
34.96436,grasp,close,94,58,340,341,490,1556,-3,-1,18,34,49,-9
34.96555,grasp,close,94,58,340,341,490,1556,-3,-1,18,34,49,-9
34.96675,grasp,close,94,58,340,341,490,1556,-3,-1,18,34,49,-9
34.96802,grasp,close,94,58,340,341,490,1556,-3,-1,18,34,49,-9
34.96921,grasp,close,94,58,340,341,490,1556,-3,-1,18,34,49,-9
34.97034,grasp,close,94,58,340,341,490,1556,-3,-1,18,34,49,-9
34.97151,grasp,close,94,58,340,341,490,1556,-3,-1,18,34,49,-9
34.98200,grasp,close,94,58,340,341,490,1556,-3,-1,18,34,49,-9
34.98347,grasp,close,94,58,340,341,490,1556,-3,-1,18,34,49,-9
34.98486,grasp,close,94,58,340,341,490,1556,-3,-1,18,34,49,-9
34.98624,grasp,close,94,58,340,341,490,1556,-3,-1,18,34,49,-9
34.98738,grasp,close,94,58,344,341,490,1556,-3,-1,17,34,49,-9
34.99378,grasp,close,94,58,344,343,490,1556,-3,-1,17,35,49,-9
34.99499,grasp,close,94,58,344,343,493,1556,-3,-1,17,35,48,-9
34.99617,grasp,close,94,58,344,343,493,1556,-3,-1,17,35,48,-9
34.99734,grasp,close,94,58,344,343,493,1556,-3,-1,17,35,48,-9
34.99854,grasp,close,94,58,344,343,493,1556,-3,-1,17,35,48,-9
34.99977,grasp,close,94,58,344,343,493,1556,-3,-1,17,35,48,-9
35.00097,grasp,close,94,58,344,343,493,1556,-3,-1,17,35,48,-9
35.00215,grasp,close,94,58,344,343,493,1556,-3,-1,17,35,48,-9
35.00332,grasp,close,94,58,344,343,493,1556,-3,-1,17,35,48,-9
35.01348,grasp,close,94,58,344,343,493,1556,-3,-1,17,35,48,-9
35.01476,grasp,close,94,58,344,343,493,1556,-3,-1,15,35,48,-9
35.01592,grasp,close,94,58,347,343,493,1556,-3,-1,15,35,48,-9
35.01709,grasp,close,94,58,347,345,493,1556,-3,-1,15,36,48,-9
35.01830,grasp,close,94,58,347,345,493,1556,-3,-1,15,36,48,-9
35.02473,grasp,close,94,58,347,345,496,1556,-3,-1,15,36,48,-9
35.02592,grasp,close,94,58,347,345,496,1556,-3,-1,15,36,48,-9
35.02720,grasp,close,94,58,347,345,496,1556,-3,-1,15,36,48,-9
35.02846,grasp,close,94,58,347,345,496,1556,-3,-1,15,36,48,-9
35.02994,grasp,close,94,58,347,345,496,1556,-3,-1,15,36,48,-9
35.03110,grasp,close,94,58,347,345,496,1556,-3,-1,15,36,48,-9
35.03227,grasp,close,94,58,347,345,496,1556,-3,-1,15,36,48,-9
35.03349,grasp,close,94,58,347,345,496,1556,-3,-1,15,36,48,-9
35.03464,grasp,close,94,58,347,345,496,1556,-4,-1,15,36,48,-9
35.04475,grasp,close,94,58,347,345,496,1556,-4,-1,15,36,48,-9
35.04596,grasp,close,94,58,347,345,496,1556,-4,-1,15,36,48,-9
35.04718,grasp,close,94,58,348,345,496,1556,-4,-1,17,36,48,-9
35.04836,grasp,close,94,58,348,345,496,1556,-4,-1,17,36,48,-9
35.04953,grasp,close,94,58,348,347,496,1556,-4,-1,17,34,48,-9
35.05620,grasp,close,94,58,348,347,499,1556,-4,-1,17,34,48,-9
35.05734,grasp,close,94,58,348,347,499,1556,-4,-1,17,34,48,-9
35.05856,grasp,close,94,58,348,347,499,1556,-4,-1,17,34,48,-9
35.05980,grasp,close,94,58,348,347,499,1556,-4,-1,17,34,48,-9
35.06094,grasp,close,94,58,348,347,499,1556,-4,-1,17,34,48,-9
35.06214,grasp,close,94,58,348,347,499,1556,-4,-1,17,34,48,-9
35.06334,grasp,close,94,58,348,347,499,1556,-4,-1,17,34,48,-9
35.06452,grasp,close,94,58,348,347,499,1556,-4,-1,17,34,48,-9
35.07505,grasp,close,94,58,348,347,499,1556,-4,-1,17,34,48,-9
35.07647,grasp,close,94,59,348,347,499,1556,-4,-1,17,34,48,-9
35.07770,grasp,close,94,59,351,347,499,1556,-4,-1,17,34,48,-9
35.07891,grasp,close,94,59,351,347,499,1556,-4,-1,17,36,48,-9
35.08007,grasp,close,94,59,351,350,499,1556,-4,-1,17,36,48,-9
35.08640,grasp,close,94,59,351,350,499,1556,-4,-1,17,36,47,-9
35.08789,grasp,close,94,59,351,350,500,1556,-4,-1,17,36,47,-9
35.08910,grasp,close,94,59,351,350,500,1556,-4,-1,17,36,47,-9
35.09033,grasp,close,94,59,351,350,500,1556,-4,-1,17,36,47,-9
35.09150,grasp,close,94,59,351,350,500,1556,-4,-1,17,36,47,-9
35.09270,grasp,close,94,59,351,350,500,1556,-4,-1,17,36,47,-9
35.09399,grasp,close,94,59,351,350,500,1556,-4,-1,17,36,47,-9
35.09519,grasp,close,94,59,351,350,500,1556,-4,-1,17,36,47,-9
35.09640,grasp,close,94,59,351,350,500,1556,-3,-1,17,36,47,-9
35.10658,grasp,close,94,59,351,350,500,1556,-3,-1,17,36,47,-9
35.10808,grasp,close,94,59,351,350,500,1556,-3,-1,17,36,47,-9
35.10929,grasp,close,94,59,353,350,500,1556,-3,-1,17,36,47,-9
35.11049,grasp,close,94,59,353,350,500,1556,-3,-1,17,34,47,-9
35.11704,grasp,close,94,59,353,352,500,1556,-3,-1,17,34,48,-9
35.11859,grasp,close,94,59,353,352,501,1556,-3,-1,17,34,48,-9
35.11978,grasp,close,94,59,353,352,501,1556,-3,-1,17,34,48,-9
35.12097,grasp,close,94,59,353,352,501,1556,-3,-1,17,34,48,-9
35.12218,grasp,close,94,59,353,352,501,1556,-3,-1,17,34,48,-9
35.12336,grasp,close,94,59,353,352,501,1556,-3,-1,17,34,48,-9
35.12456,grasp,close,94,59,353,352,501,1556,-3,-1,17,34,48,-9
35.12575,grasp,close,94,59,353,352,501,1556,-3,-1,17,34,48,-9
35.12706,grasp,close,94,59,353,352,501,1556,-3,-1,17,34,48,-9
35.13781,grasp,close,94,59,353,352,501,1556,-3,-1,17,34,48,-9
35.13931,grasp,close,94,59,355,352,501,1556,-3,-1,16,37,48,-9
35.14051,grasp,close,94,59,355,354,501,1556,-3,-1,16,37,48,-9
35.14174,grasp,close,94,59,355,354,503,1556,-3,-1,16,37,48,-9
35.14831,grasp,close,94,59,355,354,503,1556,-3,-1,16,37,48,-8
35.14945,grasp,close,94,59,355,354,503,1556,-3,-1,16,37,48,-8
35.15066,grasp,close,94,59,355,354,503,1556,-3,-1,16,37,48,-8
35.15188,grasp,close,94,59,355,354,503,1556,-3,-1,16,37,48,-8
35.15317,grasp,close,94,59,355,354,503,1556,-3,-1,16,37,48,-8
35.15435,grasp,close,94,59,355,354,503,1556,-3,-1,16,37,48,-8
35.15552,grasp,close,94,59,355,354,503,1556,-3,-1,16,37,48,-8
35.15676,grasp,close,94,59,355,354,503,1556,-4,-1,16,37,48,-8
35.15796,grasp,close,94,59,355,354,503,1556,-4,-1,16,37,48,-8
35.16811,grasp,close,94,59,355,354,503,1556,-4,-1,16,37,48,-8
35.16931,grasp,close,94,59,355,354,503,1556,-4,-1,19,37,48,-8
35.17050,grasp,close,94,59,357,354,503,1556,-4,-1,19,35,48,-8
35.17177,grasp,close,94,59,357,357,503,1556,-4,-1,19,35,48,-8
35.17294,grasp,close,94,59,357,357,506,1556,-4,-1,19,35,47,-8
35.17932,grasp,close,94,59,357,357,506,1556,-4,-1,19,35,47,-9
35.18041,grasp,close,94,59,357,357,506,1556,-4,-1,19,35,47,-9
35.18164,grasp,close,94,59,357,357,506,1556,-4,-1,19,35,47,-9
35.18288,grasp,close,94,59,357,357,506,1556,-4,-1,19,35,47,-9
35.18405,grasp,close,94,59,357,357,506,1556,-4,-1,19,35,47,-9
35.18532,grasp,close,94,59,357,357,506,1556,-4,-1,19,35,47,-9
35.18684,grasp,close,94,59,357,357,506,1556,-3,-1,19,35,47,-9
35.18833,grasp,close,94,59,357,357,506,1556,-3,-1,19,35,47,-9
35.18950,grasp,close,94,59,357,357,506,1556,-3,-1,19,35,47,-9
35.20014,grasp,close,94,59,359,357,506,1556,-3,-1,17,35,47,-9
35.20153,grasp,close,94,59,359,357,506,1556,-3,-1,17,35,47,-9
35.20282,grasp,close,94,59,359,357,506,1556,-3,-1,17,35,47,-9
35.20403,grasp,close,94,59,359,357,506,1556,-3,-1,17,35,47,-9
35.21030,grasp,close,94,59,359,357,506,1556,-3,-1,17,35,47,-9
35.21152,grasp,close,94,59,359,357,506,1556,-3,-1,17,35,47,-9
35.21272,grasp,close,94,59,359,357,506,1556,-3,-1,17,35,47,-9
35.21388,grasp,close,94,59,359,357,506,1556,-3,-1,17,35,47,-9
35.21513,grasp,close,94,59,359,357,506,1556,-3,-1,17,35,47,-9
35.21631,grasp,close,94,59,359,357,506,1556,-3,-1,17,35,47,-9
35.21753,grasp,close,94,59,359,357,506,1556,-3,-1,17,35,47,-9
35.21881,grasp,close,94,59,359,357,506,1556,-3,0,17,35,47,-9
35.22000,grasp,close,94,59,359,357,506,1556,-3,0,17,35,47,-9
35.23039,grasp,close,94,59,359,357,506,1556,-3,0,17,35,47,-9
35.23183,grasp,close,94,59,362,357,506,1556,-3,0,17,36,47,-9
35.23327,grasp,close,94,59,362,363,506,1556,-3,0,17,36,48,-9
35.23477,grasp,close,94,59,362,363,511,1556,-3,0,17,36,48,-10
35.24147,grasp,close,94,59,362,363,511,1556,-3,0,17,36,48,-10
35.24286,grasp,close,94,59,362,363,511,1556,-3,0,17,36,48,-10
35.24465,grasp,close,94,59,362,363,511,1556,-3,0,17,36,48,-10
35.24582,grasp,close,94,59,362,363,511,1556,-3,0,17,36,48,-10
35.24703,grasp,close,94,59,362,363,511,1556,-3,0,17,36,48,-10
35.24823,grasp,close,94,59,362,363,511,1556,-3,0,17,36,48,-10
35.24941,grasp,close,94,59,362,363,511,1556,-3,0,17,36,48,-10
35.25057,grasp,close,94,59,362,363,511,1556,-3,-1,17,36,48,-10
35.26087,grasp,close,94,58,362,363,511,1556,-3,-1,18,36,48,-10
35.26223,grasp,close,94,58,365,363,511,1556,-3,-1,18,35,48,-10
35.26374,grasp,close,94,58,365,366,514,1556,-3,-1,18,35,47,-10
35.26501,grasp,close,94,58,365,366,514,1556,-3,-1,18,35,47,-9
35.26644,grasp,close,94,58,365,366,514,1556,-3,-1,18,35,47,-9
35.27312,grasp,close,94,58,365,366,514,1556,-3,-1,18,35,47,-9
35.27458,grasp,close,94,58,365,366,514,1556,-3,-1,18,35,47,-9
35.27575,grasp,close,94,58,365,366,514,1556,-3,-1,18,35,47,-9
35.27697,grasp,close,94,58,365,366,514,1556,-3,-1,18,35,47,-9
35.27818,grasp,close,94,58,365,366,514,1556,-3,-1,18,35,47,-9
35.27935,grasp,close,94,58,365,366,514,1556,-4,-1,18,35,47,-9
35.28055,grasp,close,94,58,365,366,514,1556,-4,-1,18,35,47,-9
35.28176,grasp,close,94,58,365,366,514,1556,-4,-1,18,35,47,-9
35.29219,grasp,close,94,58,367,366,514,1556,-4,-1,15,35,47,-9
35.29343,grasp,close,94,58,367,366,514,1556,-4,-1,15,36,47,-9
35.29476,grasp,close,94,58,367,369,514,1556,-4,-1,15,36,48,-9
35.29593,grasp,close,94,58,367,369,516,1556,-4,-1,15,36,48,-9
35.29719,grasp,close,94,58,367,369,516,1556,-4,-1,15,36,48,-9
35.30368,grasp,close,94,58,367,369,516,1556,-4,-1,15,36,48,-9
35.30494,grasp,close,94,58,367,369,516,1556,-4,-1,15,36,48,-9
35.30614,grasp,close,94,58,367,369,516,1556,-4,-1,15,36,48,-9
35.30731,grasp,close,94,58,367,369,516,1556,-4,-1,15,36,48,-9
35.30849,grasp,close,94,58,367,369,516,1556,-3,-1,15,36,48,-9
35.30971,grasp,close,94,58,367,369,516,1556,-3,-1,15,36,48,-9
35.31093,grasp,close,94,58,367,369,516,1556,-3,-1,15,36,48,-9
35.31215,grasp,close,94,58,367,369,516,1556,-3,-1,15,36,48,-9
35.31332,grasp,close,94,58,367,369,516,1556,-3,-1,19,36,48,-9
35.32396,grasp,close,94,58,369,371,516,1556,-3,-1,19,36,48,-9
35.32549,grasp,close,94,58,369,371,516,1556,-3,-1,19,36,48,-9
35.32671,grasp,close,94,58,369,371,516,1556,-3,-1,19,36,48,-9
35.32793,grasp,close,94,58,369,371,516,1556,-3,-1,19,36,48,-9
35.33450,grasp,close,94,58,369,371,516,1556,-3,-1,19,36,48,-9
35.33563,grasp,close,94,58,369,371,516,1556,-3,-1,19,36,48,-9
35.33691,grasp,close,94,58,369,371,516,1556,-3,-1,19,36,48,-9
35.33808,grasp,close,94,58,369,371,516,1556,-3,-1,19,36,48,-9
35.33931,grasp,close,94,58,369,371,516,1556,-4,-1,19,36,48,-9
35.34047,grasp,close,94,58,369,371,516,1556,-4,-1,19,36,48,-9
35.34177,grasp,close,94,58,369,371,516,1556,-4,-1,19,36,48,-9
35.34324,grasp,close,94,58,369,371,516,1556,-4,-1,17,36,48,-9
35.34441,grasp,close,94,58,371,371,516,1556,-4,-1,17,36,48,-9
35.35458,grasp,close,94,58,371,373,516,1556,-4,-1,17,34,48,-9
35.35585,grasp,close,94,58,371,373,519,1556,-4,-1,17,34,48,-9
35.35704,grasp,close,94,58,371,373,519,1556,-4,-1,17,34,48,-9
35.35856,grasp,close,94,58,371,373,519,1556,-4,-1,17,34,48,-9
35.36509,grasp,close,94,58,371,373,519,1556,-4,-1,17,34,48,-9
35.36628,grasp,close,94,58,371,373,519,1556,-4,-1,17,34,48,-9
35.36749,grasp,close,94,58,371,373,519,1556,-4,-1,17,34,48,-9
35.36868,grasp,close,94,58,371,373,519,1556,-3,-1,17,34,48,-9
35.36990,grasp,close,94,58,371,373,519,1556,-3,-1,17,34,48,-9
35.37109,grasp,close,94,58,371,373,519,1556,-3,-1,17,34,48,-9
35.37231,grasp,close,94,58,371,373,519,1556,-3,-1,17,34,48,-9
35.37344,grasp,close,94,58,372,373,519,1556,-3,-1,16,34,48,-9
35.37467,grasp,close,94,58,372,373,519,1556,-3,-1,16,34,48,-9
35.38491,grasp,close,94,58,372,375,519,1556,-3,-1,16,35,48,-9
35.38633,grasp,close,94,58,372,375,521,1556,-3,-1,16,35,48,-9
35.38751,grasp,close,94,58,372,375,521,1556,-3,-1,16,35,48,-9
35.38874,grasp,close,94,58,372,375,521,1556,-3,-1,16,35,48,-9
35.39000,grasp,close,94,58,372,375,521,1556,-3,-1,16,35,48,-9
35.39626,grasp,close,94,58,372,375,521,1556,-3,-1,16,35,48,-9
35.39746,grasp,close,94,58,372,375,521,1556,-3,-1,16,35,48,-9
35.39867,grasp,close,94,58,372,375,521,1556,-3,-1,16,35,48,-9
35.39989,grasp,close,94,58,372,375,521,1556,-3,-1,16,35,48,-9
35.40111,grasp,close,94,58,372,375,521,1556,-3,-1,16,35,48,-9
35.40223,grasp,close,94,58,372,375,521,1556,-3,-1,16,35,48,-9
35.40343,grasp,close,94,58,374,375,521,1556,-3,-1,18,35,48,-9
35.40466,grasp,close,94,58,374,375,521,1556,-3,-1,18,35,48,-9
35.40583,grasp,close,94,58,374,377,521,1556,-3,-1,18,34,48,-9
35.41609,grasp,close,94,58,374,377,523,1556,-3,-1,18,34,48,-9
35.41720,grasp,close,94,58,374,377,523,1556,-3,-1,18,34,48,-9
35.41842,grasp,close,94,58,374,377,523,1556,-3,-1,18,34,48,-9
35.41963,grasp,close,94,58,374,377,523,1556,-3,-1,18,34,48,-9
35.42089,grasp,close,94,58,374,377,523,1556,-3,-1,18,34,48,-9
35.42745,grasp,close,94,58,374,377,523,1556,-3,-1,18,34,48,-9
35.42865,grasp,close,94,58,374,377,523,1556,-3,-1,18,34,48,-9
35.42986,grasp,close,94,58,374,377,523,1556,-3,-1,18,34,48,-9
35.43106,grasp,close,94,58,374,377,523,1556,-3,-1,18,34,48,-9
35.43228,grasp,close,94,58,374,377,523,1556,-3,-1,18,34,48,-9
35.43346,grasp,close,94,58,374,377,523,1556,-3,-1,18,34,48,-9
35.43463,grasp,close,94,58,374,377,523,1556,-3,-1,15,34,48,-9
35.43581,grasp,close,94,58,376,377,523,1556,-3,-1,15,34,48,-9
35.43705,grasp,close,94,58,376,380,523,1556,-3,-1,15,35,48,-9
35.44721,grasp,close,94,58,376,380,523,1556,-3,-1,15,35,48,-9
35.44841,grasp,close,94,58,376,380,525,1556,-3,-1,15,35,48,-9
35.44961,grasp,close,94,58,376,380,525,1556,-3,-1,15,35,48,-9
35.45084,grasp,close,94,58,376,380,525,1556,-3,-1,15,35,48,-9
35.45204,grasp,close,94,58,376,380,525,1556,-3,-1,15,35,48,-9
35.45829,grasp,close,94,58,376,380,525,1556,-3,-1,15,35,48,-9
35.45952,grasp,close,94,58,376,380,525,1556,-3,-1,15,35,48,-9
35.46073,grasp,close,94,58,376,380,525,1556,-3,-1,15,35,48,-9
35.46191,grasp,close,94,58,376,380,525,1556,-3,-1,15,35,48,-9
35.46310,grasp,close,94,58,376,380,525,1556,-3,-1,15,35,48,-9
35.46430,grasp,close,94,58,376,380,525,1556,-3,-1,15,35,48,-9
35.46553,grasp,close,94,58,378,380,525,1556,-3,-1,17,35,48,-9
35.46673,grasp,close,94,58,378,380,525,1556,-3,-1,17,35,48,-9
35.46791,grasp,close,94,58,378,382,525,1556,-3,-1,17,35,48,-9
35.47805,grasp,close,94,58,378,382,525,1556,-3,-1,17,35,48,-9
35.47925,grasp,close,94,58,378,382,526,1556,-3,-1,17,35,48,-9
35.48047,grasp,close,94,58,378,382,526,1556,-3,-1,17,35,48,-9
35.48166,grasp,close,94,58,378,382,526,1556,-3,-1,17,35,48,-9
35.48284,grasp,close,94,58,378,382,526,1556,-3,-1,17,35,48,-9
35.48917,grasp,close,94,58,378,382,526,1556,-3,-1,17,35,48,-9
35.49037,grasp,close,94,58,378,382,526,1556,-3,-1,17,35,48,-9
35.49150,grasp,close,94,58,378,382,526,1556,-3,-1,17,35,48,-9
35.49271,grasp,close,94,58,378,382,526,1556,-3,-1,17,35,48,-9
35.49391,grasp,close,94,58,378,382,526,1556,-3,-1,17,35,48,-9
35.49513,grasp,close,94,58,378,382,526,1556,-3,-1,17,35,48,-9
35.49664,grasp,close,94,58,380,382,526,1556,-3,-1,17,35,48,-9
35.49782,grasp,close,94,58,380,385,526,1556,-3,-1,17,34,48,-9
35.49901,grasp,close,94,58,380,385,527,1556,-3,-1,17,34,47,-9
35.50920,grasp,close,94,58,380,385,527,1556,-3,-1,17,34,47,-9
35.51066,grasp,close,94,58,380,385,527,1556,-3,-1,17,34,47,-9
35.51181,grasp,close,94,58,380,385,527,1556,-3,-1,17,34,47,-9
35.51319,grasp,close,94,58,380,385,527,1556,-3,-1,17,34,47,-9
35.51439,grasp,close,94,58,380,385,527,1556,-3,-1,17,34,47,-9
35.52118,grasp,close,94,58,380,385,527,1556,-3,-1,17,34,47,-9
35.52248,grasp,close,94,58,380,385,527,1556,-3,-1,17,34,47,-9
35.52371,grasp,close,94,58,380,385,527,1556,-3,-1,17,34,47,-9
35.52495,grasp,close,94,58,380,385,527,1556,-3,-1,16,34,47,-9
35.52624,grasp,close,94,58,382,385,527,1556,-3,-1,16,34,47,-9
35.52739,grasp,close,94,58,382,387,527,1556,-3,-1,16,35,47,-9
35.52863,grasp,close,94,58,382,387,527,1556,-3,-1,16,35,48,-9
35.52984,grasp,close,94,58,382,387,528,1556,-3,-1,16,35,48,-9
35.54006,grasp,close,94,58,382,387,528,1556,-3,-1,16,35,48,-9
35.54148,grasp,close,94,58,382,387,528,1556,-3,-1,16,35,48,-9
35.54274,grasp,close,94,58,382,387,528,1556,-3,-1,16,35,48,-9
35.54391,grasp,close,94,58,382,387,528,1556,-3,-1,16,35,48,-9
35.54510,grasp,close,94,58,382,387,528,1556,-3,-1,16,35,48,-9
35.55168,grasp,close,94,58,382,387,528,1556,-3,-1,16,35,48,-9
35.55296,grasp,close,94,58,382,387,528,1556,-3,-1,16,35,48,-9
35.55414,grasp,close,94,58,382,387,528,1556,-3,-1,16,35,48,-9
35.55543,grasp,close,94,58,384,387,528,1556,-3,-1,18,35,48,-9
35.55658,grasp,close,94,58,384,387,528,1556,-3,-1,18,33,48,-9
35.55778,grasp,close,94,58,384,389,528,1556,-3,-1,18,33,48,-9
35.55902,grasp,close,94,58,384,389,528,1556,-3,-1,18,33,47,-9
35.56028,grasp,close,94,58,384,389,531,1556,-3,-1,18,33,47,-9
35.57104,grasp,close,94,58,384,389,531,1556,-3,-1,18,33,47,-9
35.57247,grasp,close,94,58,384,389,531,1556,-3,-1,18,33,47,-9
35.57362,grasp,close,94,58,384,389,531,1556,-3,-1,18,33,47,-9
35.57481,grasp,close,94,58,384,389,531,1556,-3,-1,18,33,47,-9
35.57601,grasp,close,94,58,384,389,531,1556,-3,-1,18,33,47,-9
35.58232,grasp,close,94,58,384,389,531,1556,-3,-1,18,33,47,-9
35.58351,grasp,close,94,58,384,389,531,1556,-3,-1,18,33,47,-9
35.58471,grasp,close,94,58,384,389,531,1556,-3,-1,15,33,47,-9
35.58594,grasp,close,94,58,386,389,531,1556,-3,-1,15,33,47,-9
35.58715,grasp,close,94,58,386,390,531,1556,-3,-1,15,34,47,-9
35.58877,grasp,close,94,58,386,390,531,1556,-3,-1,15,34,48,-9
35.59064,grasp,close,94,58,386,390,535,1556,-3,-1,15,34,48,-9
35.59241,grasp,close,94,58,386,390,535,1556,-3,-1,15,34,48,-9
35.60246,grasp,close,94,58,386,390,535,1556,-3,-1,15,34,48,-9
35.60363,grasp,close,94,58,386,390,535,1556,-3,-1,15,34,48,-9
35.60490,grasp,close,94,58,386,390,535,1556,-3,-1,15,34,48,-9
35.60612,grasp,close,94,58,386,390,535,1556,-3,-1,15,34,48,-9
35.60730,grasp,close,94,58,386,390,535,1556,-3,-1,15,34,48,-9
35.61379,grasp,close,94,58,386,390,535,1556,-4,-1,15,34,48,-9
35.61503,grasp,close,94,58,386,390,535,1556,-4,-1,15,34,48,-9
35.61624,grasp,close,94,58,386,390,535,1556,-4,-1,15,34,48,-9
35.61776,grasp,close,94,58,386,392,535,1556,-4,-1,15,32,48,-9
35.61903,grasp,close,94,58,386,392,535,1556,-4,-1,15,32,46,-9
35.62018,grasp,close,94,58,386,392,538,1556,-4,-1,15,32,46,-9
35.62151,grasp,close,94,58,386,392,538,1556,-4,-1,15,32,46,-9
35.62300,grasp,close,94,58,386,392,538,1556,-4,-1,15,32,46,-9
35.63327,grasp,close,94,58,386,392,538,1556,-4,-1,15,32,46,-9
35.63436,grasp,close,94,58,386,392,538,1556,-4,-1,15,32,46,-9
35.63553,grasp,close,94,58,386,392,538,1556,-4,-1,15,32,46,-9
35.63678,grasp,close,94,58,386,392,538,1556,-3,-1,15,32,46,-9
35.63796,grasp,close,94,58,386,392,538,1556,-3,-1,15,32,46,-9
35.64430,grasp,close,94,58,386,392,538,1556,-3,-1,15,32,46,-9
35.64562,grasp,close,94,58,386,392,538,1556,-3,-1,14,32,46,-9
35.64710,grasp,close,94,58,391,392,538,1556,-3,-1,14,32,46,-9
35.64825,grasp,close,94,58,391,396,538,1556,-3,-1,14,32,46,-9
35.64984,grasp,close,94,58,391,396,539,1556,-3,-1,14,32,47,-9
35.65105,grasp,close,94,58,391,396,539,1556,-3,-1,14,32,47,-9
35.65229,grasp,close,94,58,391,396,539,1556,-3,-1,14,32,47,-9
35.65354,grasp,close,94,58,391,396,539,1556,-3,-1,14,32,47,-9
35.66406,grasp,close,94,58,391,396,539,1556,-3,-1,14,32,47,-9
35.66582,grasp,close,94,58,391,396,539,1556,-3,-1,14,32,47,-9
35.66697,grasp,close,94,58,391,396,539,1556,-3,-1,14,32,47,-9
35.66816,grasp,close,94,58,391,396,539,1556,-3,-1,14,32,47,-9
35.66934,grasp,close,94,58,391,396,539,1556,-3,-1,14,32,47,-9
35.67575,grasp,close,94,58,391,396,539,1556,-3,-1,14,32,47,-9
35.67691,grasp,close,94,58,394,396,539,1556,-3,-1,17,32,47,-9
35.67812,grasp,close,94,58,394,396,539,1556,-3,-1,17,32,47,-9
35.67933,grasp,close,94,58,394,396,541,1556,-3,-1,17,32,47,-9
35.68052,grasp,close,94,58,394,396,541,1556,-3,-1,17,32,47,-9
35.68174,grasp,close,94,58,394,396,541,1556,-3,-1,17,32,47,-9
35.68293,grasp,close,94,58,394,396,541,1556,-3,-1,17,32,47,-9
35.68425,grasp,close,94,58,394,396,541,1556,-3,-1,17,32,47,-9
35.69518,grasp,close,94,58,394,396,541,1556,-3,-1,17,32,47,-9
35.69663,grasp,close,94,58,394,396,541,1556,-3,-1,17,32,47,-9
35.69790,grasp,close,94,58,394,396,541,1556,-3,-1,17,32,47,-9
35.69904,grasp,close,94,58,394,396,541,1556,-3,-1,17,32,47,-9
35.70024,grasp,close,94,58,394,396,541,1556,-3,-1,17,32,47,-9
35.70722,grasp,close,94,58,396,396,541,1556,-3,-1,14,32,47,-9
35.70840,grasp,close,94,58,396,400,541,1556,-3,-1,14,33,48,-9
35.70962,grasp,close,94,58,396,400,544,1556,-3,-1,14,33,48,-9
35.71085,grasp,close,94,58,396,400,544,1556,-3,-1,14,33,48,-9
35.71207,grasp,close,94,58,396,400,544,1556,-3,-1,14,33,48,-9
35.71324,grasp,close,94,58,396,400,544,1556,-3,-1,14,33,48,-9
35.71445,grasp,close,94,58,396,400,544,1556,-3,-1,14,33,48,-9
35.71566,grasp,close,94,58,396,400,544,1556,-3,-1,14,33,48,-9
35.72594,grasp,close,94,58,396,400,544,1556,-3,-1,14,33,48,-9
35.72742,grasp,close,94,58,396,400,544,1556,-3,-1,14,33,48,-9
35.72884,grasp,close,94,58,396,400,544,1556,-3,-1,14,33,48,-9
35.73005,grasp,close,94,58,396,400,544,1556,-3,-1,14,33,48,-9
35.73129,grasp,close,94,58,396,400,544,1556,-3,-1,14,33,48,-9
35.73764,grasp,close,94,58,399,400,544,1556,-3,-1,16,33,48,-9
35.73878,grasp,close,94,58,399,400,544,1556,-3,-1,16,34,48,-9
35.74004,grasp,close,94,58,399,402,544,1556,-3,-1,16,34,48,-9
35.74126,grasp,close,94,58,399,402,544,1556,-3,-1,16,34,48,-9
35.74242,grasp,close,94,58,399,402,544,1556,-3,-1,16,34,48,-9
35.74364,grasp,close,94,58,399,402,544,1556,-3,-1,16,34,48,-9
35.74501,grasp,close,94,58,399,402,544,1556,-3,-1,16,34,48,-9
35.74685,grasp,close,94,58,399,402,544,1556,-3,-1,16,34,48,-9
35.75714,grasp,close,94,58,399,402,544,1556,-3,-1,16,34,48,-9
35.75867,grasp,close,94,58,399,402,544,1556,-3,-1,16,34,48,-9
35.75980,grasp,close,94,58,399,402,544,1556,-3,-1,16,34,48,-9
35.76100,grasp,close,94,58,401,402,544,1556,-3,-1,16,34,48,-9
35.76223,grasp,close,94,58,401,402,544,1556,-3,-1,16,34,48,-9
35.76895,grasp,close,94,58,401,403,544,1556,-3,-1,16,34,48,-9
35.77011,grasp,close,94,58,401,403,549,1556,-3,-1,16,34,48,-9
35.77133,grasp,close,94,58,401,403,549,1556,-3,-1,16,34,48,-9
35.77248,grasp,close,94,58,401,403,549,1556,-3,-1,16,34,48,-9
35.77366,grasp,close,94,58,401,403,549,1556,-3,-1,16,34,48,-9
35.77489,grasp,close,94,58,401,403,549,1556,-3,-1,16,34,48,-9
35.77613,grasp,close,94,58,401,403,549,1556,-3,-1,16,34,48,-9
35.77746,grasp,close,94,58,401,403,549,1556,-3,-1,16,34,48,-9
35.78798,grasp,close,94,58,401,403,549,1556,-3,-1,16,34,48,-9
35.78920,grasp,close,94,58,401,403,549,1556,-3,-1,16,34,48,-9
35.79035,grasp,close,94,58,401,403,549,1556,-3,-1,16,34,48,-9
35.79151,grasp,close,94,58,401,403,549,1556,-3,-1,16,34,48,-9
35.79276,grasp,close,94,58,401,403,549,1556,-3,-1,16,34,48,-9
35.79947,grasp,close,94,58,405,403,549,1556,-3,-1,15,35,48,-9
35.80064,grasp,close,94,58,405,405,549,1556,-3,-1,15,35,48,-9
35.80192,grasp,close,94,58,405,405,553,1556,-3,-1,15,35,48,-9
35.80312,grasp,close,94,58,405,405,553,1556,-3,-1,15,35,48,-9
35.80433,grasp,close,94,58,405,405,553,1556,-3,-1,15,35,48,-9
35.80550,grasp,close,94,58,405,405,553,1556,-3,-1,15,35,48,-9
35.80671,grasp,close,94,58,405,405,553,1556,-3,-1,15,35,48,-9
35.80789,grasp,close,94,58,405,405,553,1556,-3,-1,15,35,48,-9
35.80910,grasp,close,94,58,405,405,553,1556,-3,-1,15,35,48,-9
35.81929,grasp,close,94,58,405,405,553,1556,-3,-1,15,35,48,-9
35.82077,grasp,close,94,58,405,405,553,1556,-3,-1,17,35,48,-9
35.82200,grasp,close,94,58,406,405,553,1556,-3,-1,17,35,48,-9
35.82317,grasp,close,94,58,406,405,553,1556,-3,-1,17,37,48,-9
35.82446,grasp,close,94,58,406,405,553,1556,-3,-1,17,37,48,-9
35.83063,grasp,close,94,58,406,405,554,1556,-3,-1,17,37,48,-9
35.83178,grasp,close,94,58,406,405,554,1556,-3,-1,17,37,48,-10
35.83291,grasp,close,94,58,406,405,554,1556,-3,-1,17,37,48,-10
35.83412,grasp,close,94,58,406,405,554,1556,-3,-1,17,37,48,-10
35.83559,grasp,close,94,58,406,405,554,1556,-3,-1,17,37,48,-10
35.83687,grasp,close,94,58,406,405,554,1556,-3,-1,17,37,48,-10
35.83804,grasp,close,94,58,406,405,554,1556,-3,-1,17,37,48,-10
35.83931,grasp,close,94,58,406,405,554,1556,-3,-1,17,37,48,-10
35.84042,grasp,close,94,58,406,405,554,1556,-3,-1,17,37,48,-10
35.85105,grasp,close,94,58,406,405,554,1556,-3,-1,17,37,48,-10
35.85249,grasp,close,94,58,406,405,554,1556,-3,-1,17,37,48,-10
35.85365,grasp,close,94,58,409,405,554,1556,-3,-1,14,37,48,-10
35.85486,grasp,close,94,58,409,405,554,1556,-3,-1,14,36,48,-10
35.86138,grasp,close,94,58,409,408,554,1556,-3,-1,14,36,48,-10
35.86278,grasp,close,94,58,409,408,554,1556,-3,-1,14,36,48,-10
35.86401,grasp,close,94,58,409,408,554,1556,-3,-1,14,36,48,-10
35.86522,grasp,close,94,58,409,408,554,1556,-3,-1,14,36,48,-10
35.86645,grasp,close,94,58,409,408,554,1556,-3,-1,14,36,48,-10
35.86762,grasp,close,94,58,409,408,554,1556,-3,-1,14,36,48,-10
35.86880,grasp,close,94,58,409,408,554,1556,-3,-1,14,36,48,-10
35.87024,grasp,close,94,58,409,408,554,1556,-3,-1,14,36,48,-10
35.88092,grasp,close,94,58,409,408,554,1556,-3,-1,14,36,48,-10
35.88203,grasp,close,94,58,409,408,554,1556,-3,-1,17,36,48,-10
35.88326,grasp,close,94,58,411,408,554,1556,-3,-1,17,36,48,-10
35.88440,grasp,close,94,58,411,408,554,1556,-3,-1,17,36,48,-10
35.88562,grasp,close,94,58,411,408,556,1556,-3,-1,17,36,48,-10
35.89226,grasp,close,94,58,411,408,556,1556,-3,-1,17,36,48,-10
35.89345,grasp,close,94,58,411,408,556,1556,-3,-1,17,36,48,-10
35.89465,grasp,close,94,58,411,408,556,1556,-3,-1,17,36,48,-10
35.89586,grasp,close,94,58,411,408,556,1556,-3,-1,17,36,48,-10
35.89739,grasp,close,94,58,411,408,556,1556,-3,-1,17,36,48,-10
35.89858,grasp,close,94,58,411,408,556,1556,-3,-1,17,36,48,-10
35.89976,grasp,close,94,58,411,408,556,1556,-3,-1,17,36,48,-10
35.90099,grasp,close,94,58,411,408,556,1556,-4,-1,17,36,48,-10
35.90216,grasp,close,94,58,411,408,556,1556,-4,-1,17,36,48,-10
35.91249,grasp,close,94,58,411,408,556,1556,-4,-1,17,36,48,-10
35.91370,grasp,close,94,58,411,408,556,1556,-4,-1,14,36,48,-10
35.91489,grasp,close,94,58,413,408,556,1556,-4,-1,14,37,48,-10
35.91610,grasp,close,94,58,413,413,556,1556,-4,-1,14,37,48,-10
35.91730,grasp,close,94,58,413,413,556,1556,-4,-1,14,37,47,-10
35.92362,grasp,close,94,58,413,413,560,1556,-4,-1,14,37,47,-10
35.92490,grasp,close,94,58,413,413,560,1556,-4,-1,14,37,47,-10
35.92613,grasp,close,94,58,413,413,560,1556,-4,-1,14,37,47,-10
35.92727,grasp,close,94,58,413,413,560,1556,-4,-1,14,37,47,-10
35.92849,grasp,close,94,58,413,413,560,1556,-4,-1,14,37,47,-10
35.92970,grasp,close,94,58,413,413,560,1556,-4,-1,14,37,47,-10
35.93091,grasp,close,94,58,413,413,560,1556,-3,-1,14,37,47,-10
35.93210,grasp,close,94,58,413,413,560,1556,-3,-1,14,37,47,-10
35.93329,grasp,close,94,58,413,413,560,1556,-3,-1,14,37,47,-10
35.94386,grasp,close,94,58,413,413,560,1556,-3,-1,14,37,47,-10
35.94535,grasp,close,94,58,413,416,560,1556,-3,-1,14,40,48,-10
35.94653,grasp,close,94,58,413,416,563,1556,-3,-1,14,40,48,-10
35.94772,grasp,close,94,58,413,416,563,1556,-3,-1,14,40,48,-10
35.95403,grasp,close,94,58,413,416,563,1556,-3,-1,14,40,48,-10
35.95531,grasp,close,94,58,413,416,563,1556,-3,-1,14,40,48,-10
35.95643,grasp,close,94,58,413,416,563,1556,-3,-1,14,40,48,-10
35.95769,grasp,close,94,58,413,416,563,1556,-3,-1,14,40,48,-10
35.95891,grasp,close,94,58,413,416,563,1556,-3,-1,14,40,48,-10
35.96007,grasp,close,94,58,413,416,563,1556,-3,-1,14,40,48,-10
35.96128,grasp,close,94,58,413,416,563,1556,-3,-1,14,40,48,-10
35.96251,grasp,close,94,58,413,416,563,1556,-3,-1,14,40,48,-10
35.96373,grasp,close,94,58,413,416,563,1556,-3,-1,14,40,48,-10
35.97401,grasp,close,94,58,413,416,563,1556,-3,-1,17,40,48,-10
35.97552,grasp,close,94,58,416,416,563,1556,-3,-1,17,40,48,-10
35.97702,grasp,close,94,58,416,419,563,1556,-3,-1,17,40,47,-10
35.97821,grasp,close,94,58,416,419,565,1556,-3,-1,17,40,47,-10
35.97950,grasp,close,94,58,416,419,565,1556,-3,-1,17,40,47,-10
35.98654,grasp,close,94,58,416,419,565,1556,-3,-1,17,40,47,-10
35.98804,grasp,close,94,58,416,419,565,1556,-3,-1,17,40,47,-10
35.98953,grasp,close,94,58,416,419,565,1556,-3,-1,17,40,47,-10
35.99075,grasp,close,94,58,416,419,565,1556,-3,-1,17,40,47,-10
35.99202,grasp,close,94,58,416,419,565,1556,-3,-1,17,40,47,-10
35.99312,grasp,close,94,58,416,419,565,1556,-3,-1,17,40,47,-10
35.99437,grasp,close,94,58,416,419,565,1556,-3,-1,17,40,47,-10
35.99558,grasp,close,94,58,416,419,565,1556,-3,-1,17,40,47,-10
36.00625,grasp,close,94,58,419,419,565,1556,-3,-1,13,40,47,-10
36.00809,grasp,close,94,58,419,423,565,1556,-3,-1,13,41,47,-10
36.00964,grasp,close,94,58,419,423,565,1556,-3,-1,13,41,47,-10
36.01619,grasp,close,94,58,419,423,565,1556,-3,-1,13,41,47,-10
36.01829,grasp,close,94,58,419,423,565,1556,-3,-1,13,41,47,-10
36.01979,grasp,close,94,58,419,423,565,1556,-3,-1,13,41,47,-10
36.02126,grasp,close,94,58,419,423,565,1556,-3,-1,13,41,47,-10
36.02269,grasp,close,94,58,419,423,565,1556,-3,-1,13,41,47,-10
36.02437,grasp,close,94,58,419,423,565,1556,-3,-1,13,41,47,-10
36.02577,grasp,close,94,58,419,423,565,1556,-3,-1,13,41,47,-10
36.03625,grasp,close,94,58,419,423,565,1556,-3,-1,15,41,47,-10
36.03814,grasp,close,94,58,422,423,565,1556,-3,-1,15,42,47,-10
36.04008,grasp,close,94,58,422,426,571,1556,-3,-1,15,42,47,-10
36.04155,grasp,close,94,58,422,426,571,1556,-3,-1,15,42,47,-10
36.04831,grasp,close,94,58,422,426,571,1556,-3,-1,15,42,47,-10
36.04978,grasp,close,94,58,422,426,571,1556,-3,-1,15,42,47,-10
36.05094,grasp,close,94,58,422,426,571,1556,-3,-1,15,42,47,-10
36.05218,grasp,close,94,58,422,426,571,1556,-3,-1,15,42,47,-10
36.05340,grasp,close,94,58,422,426,571,1556,-3,-1,15,42,47,-10
36.05461,grasp,close,94,58,422,426,571,1556,-3,-1,15,42,47,-10
36.05580,grasp,close,94,58,422,426,571,1556,-3,-1,15,42,47,-10
36.05698,grasp,close,94,58,422,426,571,1556,-3,-1,15,42,47,-10
36.06712,grasp,close,94,58,424,426,571,1556,-3,-1,15,42,47,-10
36.06831,grasp,close,94,58,424,428,571,1556,-3,-1,15,42,47,-10
36.06945,grasp,close,94,58,424,428,571,1556,-3,-1,15,42,47,-10
36.07068,grasp,close,94,58,424,428,571,1556,-3,-1,15,42,47,-10
36.07187,grasp,close,94,58,424,428,571,1556,-3,-1,15,42,47,-10
36.07849,grasp,close,94,58,424,428,571,1556,-3,-1,15,42,47,-10
36.07971,grasp,close,94,58,424,428,571,1556,-3,-1,15,42,47,-10
36.08122,grasp,close,94,58,424,428,571,1556,-3,-1,15,42,47,-10
36.08240,grasp,close,94,58,424,428,571,1556,-3,-1,15,42,47,-10
36.08364,grasp,close,94,58,424,428,571,1556,-3,-1,15,42,47,-10
36.08480,grasp,close,94,58,424,428,571,1556,-3,-1,15,42,47,-10
36.08601,grasp,close,94,58,424,428,571,1556,-3,-1,15,42,47,-10
36.08726,grasp,close,94,58,426,428,571,1556,-3,-1,14,42,47,-10
36.08841,grasp,close,94,58,426,428,571,1556,-3,-1,14,42,47,-10
36.09887,grasp,close,94,58,426,430,571,1556,-3,-1,14,42,47,-10
36.10007,grasp,close,94,58,426,430,574,1556,-3,-1,14,42,47,-10
36.10123,grasp,close,94,58,426,430,574,1556,-3,-1,14,42,47,-11
36.10281,grasp,close,94,58,426,430,574,1556,-3,-1,14,42,47,-11
36.10926,grasp,close,94,58,426,430,574,1556,-3,-1,14,42,47,-11
36.11039,grasp,close,94,58,426,430,574,1556,-3,-1,14,42,47,-11
36.11169,grasp,close,94,58,426,430,574,1556,-3,-1,14,42,47,-11
36.11283,grasp,close,94,58,426,430,574,1556,-3,-1,14,42,47,-11
36.11411,grasp,close,94,58,426,430,574,1556,-3,-1,14,42,47,-11
36.11602,grasp,close,94,58,426,430,574,1556,-3,0,14,42,47,-11
36.11747,grasp,close,94,58,426,430,574,1556,-3,0,16,42,47,-11
36.11900,grasp,close,94,58,427,430,574,1556,-3,0,16,44,47,-11
36.12951,grasp,close,94,58,427,431,576,1556,-3,0,16,44,47,-11
36.13074,grasp,close,94,58,427,431,576,1556,-3,0,16,44,47,-11
36.13188,grasp,close,94,58,427,431,576,1556,-3,0,16,44,47,-11
36.13308,grasp,close,94,58,427,431,576,1556,-3,0,16,44,47,-11
36.13435,grasp,close,94,58,427,431,576,1556,-3,0,16,44,47,-11
36.14057,grasp,close,94,58,427,431,576,1556,-3,0,16,44,47,-11
36.14184,grasp,close,94,58,427,431,576,1556,-3,0,16,44,47,-11
36.14309,grasp,close,94,58,427,431,576,1556,-3,0,16,44,47,-11
36.14432,grasp,close,94,58,427,431,576,1556,-3,-1,16,44,47,-11
36.14554,grasp,close,94,58,427,431,576,1556,-3,-1,16,44,47,-11
36.14672,grasp,close,94,58,427,431,576,1556,-3,-1,13,44,47,-11
36.14789,grasp,close,94,58,430,431,576,1556,-3,-1,13,44,47,-11
36.14907,grasp,close,94,58,430,433,576,1556,-3,-1,13,43,47,-11
36.15062,grasp,close,94,58,430,433,576,1556,-3,-1,13,43,47,-11
36.16087,grasp,close,94,58,430,433,578,1556,-3,-1,13,43,47,-11
36.16200,grasp,close,94,58,430,433,578,1556,-3,-1,13,43,47,-11
36.16328,grasp,close,94,58,430,433,578,1556,-3,-1,13,43,47,-11
36.16441,grasp,close,94,58,430,433,578,1556,-3,-1,13,43,47,-11
36.16566,grasp,close,94,58,430,433,578,1556,-3,-1,13,43,47,-11
36.17252,grasp,close,94,58,430,433,578,1556,-3,-1,13,43,47,-11
36.17418,grasp,close,94,58,430,433,578,1556,-2,-1,13,43,47,-11
36.17603,grasp,close,94,58,430,433,578,1556,-2,-1,13,43,47,-11
36.17721,grasp,close,94,58,430,433,578,1556,-2,0,13,43,47,-11
36.17840,grasp,close,94,58,430,433,578,1556,-2,0,16,43,47,-11
36.17957,grasp,close,94,58,431,433,578,1556,-2,0,16,43,47,-11
36.18080,grasp,close,94,58,431,433,578,1556,-2,0,16,43,47,-11
36.19104,grasp,close,94,58,431,435,578,1556,-2,0,16,45,47,-11
36.19215,grasp,close,94,58,431,435,582,1556,-2,0,16,45,47,-12
36.19339,grasp,close,94,58,431,435,582,1556,-2,0,16,45,47,-12
36.19454,grasp,close,94,58,431,435,582,1556,-2,0,16,45,47,-12
36.19578,grasp,close,94,58,431,435,582,1556,-2,0,16,45,47,-12
36.20209,grasp,close,94,58,431,435,582,1556,-2,0,16,45,47,-12
36.20327,grasp,close,94,58,431,435,582,1556,-2,0,16,45,47,-12
36.20441,grasp,close,94,58,431,435,582,1556,-3,0,16,45,47,-12
36.20562,grasp,close,94,58,431,435,582,1556,-3,0,16,45,47,-12
36.20685,grasp,close,94,58,431,435,582,1556,-3,-1,16,45,47,-12
36.20807,grasp,close,94,58,431,435,582,1556,-3,-1,16,45,47,-12
36.20928,grasp,close,94,58,434,435,582,1556,-3,-1,13,45,47,-12
36.21048,grasp,close,94,58,434,435,582,1556,-3,-1,13,45,47,-12
36.21169,grasp,close,94,58,434,437,582,1556,-3,-1,13,44,47,-12
36.22200,grasp,close,94,58,434,437,582,1556,-3,-1,13,44,46,-12
36.22312,grasp,close,94,58,434,437,585,1556,-3,-1,13,44,46,-12
36.22443,grasp,close,94,58,434,437,585,1556,-3,-1,13,44,46,-12
36.22559,grasp,close,94,58,434,437,585,1556,-3,-1,13,44,46,-12
36.22677,grasp,close,94,58,434,437,585,1556,-3,-1,13,44,46,-12
36.23313,grasp,close,94,58,434,437,585,1556,-3,-1,13,44,46,-12
36.23427,grasp,close,94,58,434,437,585,1556,-2,-1,13,44,46,-12
36.23586,grasp,close,94,58,434,437,585,1556,-2,-1,13,44,46,-12
36.23702,grasp,close,94,58,434,437,585,1556,-2,0,13,44,46,-12
36.23822,grasp,close,94,58,434,437,585,1556,-2,0,13,44,46,-12
36.23941,grasp,close,94,58,434,437,585,1556,-2,0,15,44,46,-12
36.24061,grasp,close,94,58,438,437,585,1556,-2,0,15,44,46,-12
36.24183,grasp,close,94,58,438,439,585,1556,-2,0,15,44,46,-12
36.24302,grasp,close,94,58,438,439,588,1556,-2,0,15,44,47,-12
36.25382,grasp,close,94,58,438,439,588,1556,-2,0,15,44,47,-12
36.25509,grasp,close,94,58,438,439,588,1556,-2,0,15,44,47,-12
36.25629,grasp,close,94,58,438,439,588,1556,-2,0,15,44,47,-12
36.25742,grasp,close,94,58,438,439,588,1556,-2,0,15,44,47,-12
36.26435,grasp,close,94,58,438,439,588,1556,-2,0,15,44,47,-12
36.26588,grasp,close,94,58,438,439,588,1556,-3,0,15,44,47,-12
36.26735,grasp,close,94,58,438,439,588,1556,-3,-1,15,44,47,-12
36.26853,grasp,close,94,58,438,439,588,1556,-3,-1,15,44,47,-12
36.26977,grasp,close,94,58,441,439,588,1556,-3,-1,15,44,47,-12
36.27100,grasp,close,94,58,441,439,588,1556,-3,-1,15,46,47,-12
36.27248,grasp,close,94,58,441,440,588,1556,-3,-1,15,46,46,-12
36.27378,grasp,close,94,58,441,440,591,1556,-3,-1,15,46,46,-12
36.28388,grasp,close,94,58,441,440,591,1556,-3,-1,15,46,46,-12
36.28514,grasp,close,94,58,441,440,591,1556,-3,-1,15,46,46,-12
36.28630,grasp,close,94,58,441,440,591,1556,-3,-1,15,46,46,-12
36.28749,grasp,close,94,58,441,440,591,1556,-3,-1,15,46,46,-12
36.28870,grasp,close,94,58,441,440,591,1556,-3,-1,15,46,46,-12
36.29519,grasp,close,94,58,441,440,591,1556,-3,-1,15,46,46,-12
36.29672,grasp,close,94,58,441,440,591,1556,-3,-1,15,46,46,-12
36.29825,grasp,close,94,58,441,440,591,1556,-3,-1,15,46,46,-12
36.29965,grasp,close,94,58,444,440,591,1556,-3,-1,13,46,46,-12
36.30086,grasp,close,94,58,444,440,591,1556,-3,-1,13,46,46,-12
36.30205,grasp,close,94,58,444,443,591,1556,-3,-1,13,46,46,-12
36.30326,grasp,close,94,58,444,443,591,1556,-3,-1,13,46,47,-12
36.30441,grasp,close,94,58,444,443,591,1556,-3,-1,13,46,47,-12
36.30566,grasp,close,94,58,444,443,591,1556,-3,-1,13,46,47,-12
36.31594,grasp,close,94,58,444,443,591,1556,-3,-1,13,46,47,-12
36.31711,grasp,close,94,58,444,443,591,1556,-3,-1,13,46,47,-12
36.31833,grasp,close,94,58,444,443,591,1556,-3,-1,13,46,47,-12
36.31973,grasp,close,94,58,444,443,591,1556,-3,-1,13,46,47,-12
36.32616,grasp,close,94,58,444,443,591,1556,-3,-1,13,46,47,-12
36.32755,grasp,close,94,58,444,443,591,1556,-3,0,13,46,47,-12
36.32914,grasp,close,94,58,444,443,591,1556,-3,0,16,46,47,-12
36.33099,grasp,close,94,58,446,443,591,1556,-3,0,16,47,47,-12
36.33282,grasp,close,94,58,446,446,591,1556,-3,0,16,47,47,-12
36.33427,grasp,close,94,58,446,446,594,1556,-3,0,16,47,45,-12
36.33578,grasp,close,94,58,446,446,594,1556,-3,0,16,47,45,-12
36.34594,grasp,close,94,58,446,446,594,1556,-3,0,16,47,45,-12
36.34745,grasp,close,94,58,446,446,594,1556,-3,0,16,47,45,-12
36.34865,grasp,close,94,58,446,446,594,1556,-3,0,16,47,45,-12
36.34983,grasp,close,94,58,446,446,594,1556,-3,0,16,47,45,-12
36.35104,grasp,close,94,58,446,446,594,1556,-3,0,16,47,45,-12
36.35772,grasp,close,94,58,446,446,594,1556,-3,0,16,47,45,-12
36.35916,grasp,close,94,58,446,446,594,1556,-3,0,16,47,45,-12
36.36043,grasp,close,94,58,446,446,594,1556,-3,0,16,47,45,-12
36.36158,grasp,close,94,58,448,446,594,1556,-3,0,15,47,45,-12
36.36273,grasp,close,94,58,448,446,594,1556,-3,0,15,48,45,-12
36.36400,grasp,close,94,58,448,449,594,1556,-3,0,15,48,45,-12
36.36515,grasp,close,94,58,448,449,595,1556,-3,0,15,48,46,-12
36.36637,grasp,close,94,58,448,449,595,1556,-3,0,15,48,46,-13
36.37693,grasp,close,94,58,448,449,595,1556,-3,0,15,48,46,-13
36.37808,grasp,close,94,58,448,449,595,1556,-3,0,15,48,46,-13
36.37930,grasp,close,94,58,448,449,595,1556,-3,0,15,48,46,-13
36.38061,grasp,close,94,58,448,449,595,1556,-3,0,15,48,46,-13
36.38205,grasp,close,94,58,448,449,595,1556,-3,0,15,48,46,-13
36.38856,grasp,close,94,58,448,449,595,1556,-3,0,15,48,46,-13
36.38977,grasp,close,94,58,448,449,595,1556,-3,0,15,48,46,-13
36.39097,grasp,close,94,58,448,449,595,1556,-3,0,13,48,46,-13
36.39234,grasp,close,94,58,450,449,595,1556,-3,0,13,48,46,-13
36.39344,grasp,close,94,58,450,452,595,1556,-3,0,13,48,46,-13
36.39463,grasp,close,94,58,450,452,595,1556,-3,0,13,48,45,-13
36.39584,grasp,close,94,58,450,452,597,1556,-3,0,13,48,45,-13
36.39702,grasp,close,94,58,450,452,597,1556,-3,0,13,48,45,-13
36.39859,grasp,close,94,58,450,452,597,1556,-3,0,13,48,45,-13
36.40871,grasp,close,94,58,450,452,597,1556,-3,0,13,48,45,-13
36.41028,grasp,close,94,58,450,452,597,1556,-3,0,13,48,45,-13
36.41143,grasp,close,94,58,450,452,597,1556,-3,0,13,48,45,-13
36.41268,grasp,close,94,58,450,452,597,1556,-3,0,13,48,45,-13
36.41917,grasp,close,94,58,450,452,597,1556,-3,0,13,48,45,-13
36.42058,grasp,close,94,58,450,452,597,1556,-3,0,13,48,45,-13
36.42183,grasp,close,94,58,450,452,597,1556,-3,0,13,48,45,-13
36.42299,grasp,close,94,58,450,454,597,1556,-3,0,13,50,45,-13
36.42429,grasp,close,94,58,450,454,597,1556,-3,0,13,50,45,-13
36.42540,grasp,close,94,58,450,454,599,1556,-3,0,13,50,45,-13
36.42662,grasp,close,94,58,450,454,599,1556,-3,0,13,50,45,-13
36.42828,grasp,close,94,58,450,454,599,1556,-3,0,13,50,45,-13
36.43896,grasp,close,94,58,450,454,599,1556,-3,0,13,50,45,-13
36.44037,grasp,close,94,58,450,454,599,1556,-3,0,13,50,45,-13
36.44163,grasp,close,94,58,450,454,599,1556,-3,0,13,50,45,-13
36.44281,grasp,close,94,58,450,454,599,1556,-3,0,13,50,45,-13
36.44405,grasp,close,94,58,450,454,599,1556,-3,0,13,50,45,-13
36.45127,grasp,close,94,58,450,454,599,1556,-3,-1,13,50,45,-13
36.45271,grasp,close,94,58,454,454,599,1556,-3,-1,13,49,45,-13
36.45391,grasp,close,94,58,454,456,599,1556,-3,-1,13,49,45,-13
36.45512,grasp,close,94,58,454,456,599,1556,-3,-1,13,49,46,-13
36.45624,grasp,close,94,58,454,456,599,1556,-3,-1,13,49,46,-13
36.45747,grasp,close,94,58,454,456,599,1556,-3,-1,13,49,46,-13
36.45873,grasp,close,94,58,454,456,599,1556,-3,-1,13,49,46,-13
36.45995,grasp,close,94,58,454,456,599,1556,-3,-1,13,49,46,-13
36.47019,grasp,close,94,58,454,456,599,1556,-3,-1,13,49,46,-13
36.47131,grasp,close,94,58,454,456,599,1556,-3,-1,13,49,46,-13
36.47250,grasp,close,94,58,454,456,599,1556,-3,-1,13,49,46,-13
36.47376,grasp,close,94,58,454,456,599,1556,-3,-1,13,49,46,-13
36.47491,grasp,close,94,58,454,456,599,1556,-3,-1,13,49,46,-13
36.48126,grasp,close,94,58,454,456,599,1556,-3,0,13,49,46,-13
36.48248,grasp,close,94,58,454,456,599,1556,-3,0,15,49,46,-13
36.48362,grasp,close,94,58,457,456,599,1556,-3,0,15,49,46,-13
36.48524,grasp,close,94,58,457,456,601,1556,-3,0,15,49,45,-13
36.48668,grasp,close,94,58,457,456,601,1556,-3,0,15,49,45,-13
36.48795,grasp,close,94,58,457,456,601,1556,-3,0,15,49,45,-13
36.48917,grasp,close,94,58,457,456,601,1556,-3,0,15,49,45,-13
36.49034,grasp,close,94,58,457,456,601,1556,-3,0,15,49,45,-13
36.49155,grasp,close,94,58,457,456,601,1556,-3,0,15,49,45,-13
36.50205,grasp,close,94,58,457,456,601,1556,-3,0,15,49,45,-13
36.50324,grasp,close,94,58,457,456,601,1556,-3,0,15,49,45,-13
36.50475,grasp,close,94,58,457,456,601,1556,-3,-1,15,49,45,-13
36.50596,grasp,close,94,58,457,456,601,1556,-3,-1,15,49,45,-13
36.51235,grasp,close,94,58,457,456,601,1556,-3,-1,15,49,45,-13
36.51391,grasp,close,94,58,459,456,601,1556,-3,-1,15,51,45,-13
36.51509,grasp,close,94,58,459,460,604,1556,-3,-1,15,51,45,-13
36.51634,grasp,close,94,58,459,460,604,1556,-3,-1,15,51,45,-13
36.51782,grasp,close,94,58,459,460,604,1556,-3,-1,15,51,45,-13
36.51905,grasp,close,94,58,459,460,604,1556,-3,-1,15,51,45,-13
36.52062,grasp,close,94,58,459,460,604,1556,-3,-1,15,51,45,-13
36.52223,grasp,close,94,58,459,460,604,1556,-3,-1,15,51,45,-13
36.53247,grasp,close,94,58,459,460,604,1556,-3,-1,15,51,45,-13
36.53366,grasp,close,94,58,459,460,604,1556,-3,-1,15,51,45,-13
36.53489,grasp,close,94,58,459,460,604,1556,-2,-1,15,51,45,-13
36.53607,grasp,close,94,58,459,460,604,1556,-2,-1,15,51,45,-13
36.53727,grasp,close,94,58,459,460,604,1556,-2,0,15,51,45,-13
36.54386,grasp,close,94,58,460,460,604,1556,-2,0,13,51,45,-13
36.54502,grasp,close,94,58,460,463,604,1556,-2,0,13,52,45,-13
36.54627,grasp,close,94,58,460,463,604,1556,-2,0,13,52,45,-13
36.54743,grasp,close,94,58,460,463,604,1556,-2,0,13,52,45,-14
36.54867,grasp,close,94,58,460,463,604,1556,-2,0,13,52,45,-14
36.54990,grasp,close,94,58,460,463,604,1556,-2,0,13,52,45,-14
36.55118,grasp,close,94,58,460,463,604,1556,-2,0,13,52,45,-14
36.55250,grasp,close,94,58,460,463,604,1556,-2,0,13,52,45,-14
36.56307,grasp,close,94,58,460,463,604,1556,-2,0,13,52,45,-14
36.56448,grasp,close,94,58,460,463,604,1556,-3,0,13,52,45,-14
36.56598,grasp,close,94,58,460,463,604,1556,-3,0,13,52,45,-14
36.56720,grasp,close,94,58,460,463,604,1556,-3,0,15,52,45,-14
36.56836,grasp,close,94,58,464,463,604,1556,-3,0,15,52,45,-14
36.57466,grasp,close,94,58,464,464,604,1556,-3,0,15,52,45,-14
36.57583,grasp,close,94,58,464,464,604,1556,-3,0,15,52,45,-14
36.57699,grasp,close,94,58,464,464,611,1556,-3,0,15,52,45,-13
36.57828,grasp,close,94,58,464,464,611,1556,-3,0,15,52,45,-13
36.57939,grasp,close,94,58,464,464,611,1556,-3,0,15,52,45,-13
36.58061,grasp,close,94,58,464,464,611,1556,-3,0,15,52,45,-13
36.58183,grasp,close,94,58,464,464,611,1556,-3,0,15,52,45,-13
36.58304,grasp,close,94,58,464,464,611,1556,-3,0,15,52,45,-13
36.58438,grasp,close,94,58,464,464,611,1556,-3,0,15,52,45,-13
36.59468,grasp,close,94,58,464,464,611,1556,-2,0,15,52,45,-13
36.59616,grasp,close,94,58,464,464,611,1556,-2,0,15,52,45,-13
36.59744,grasp,close,94,58,464,464,611,1556,-2,0,15,52,45,-13
36.59860,grasp,close,94,58,464,464,611,1556,-2,0,11,52,45,-13
36.60509,grasp,close,94,58,466,464,611,1556,-2,0,11,51,45,-13
36.60624,grasp,close,94,58,466,467,611,1556,-2,0,11,51,45,-13
36.60746,grasp,close,94,58,466,467,611,1556,-2,0,11,51,45,-13
36.60901,grasp,close,94,58,466,467,611,1556,-2,0,11,51,45,-13
36.61045,grasp,close,94,58,466,467,611,1556,-2,0,11,51,45,-13
36.61162,grasp,close,94,58,466,467,611,1556,-2,0,11,51,45,-13
36.61289,grasp,close,94,58,466,467,611,1556,-2,0,11,51,45,-13
36.61410,grasp,close,94,58,466,467,611,1556,-2,0,11,51,45,-13
36.61527,grasp,close,94,58,466,467,611,1556,-2,0,11,51,45,-13
36.62583,grasp,close,94,58,466,467,611,1556,-2,0,11,51,45,-13
36.62740,grasp,close,94,58,467,467,611,1556,-2,0,15,51,45,-13
36.62858,grasp,close,94,58,467,467,611,1556,-2,0,15,53,45,-13
36.62985,grasp,close,94,58,467,470,611,1556,-2,0,15,53,45,-13
36.63644,grasp,close,94,58,467,470,614,1556,-2,0,15,53,46,-13
36.63759,grasp,close,94,58,467,470,614,1556,-2,0,15,53,46,-14
36.63881,grasp,close,94,58,467,470,614,1556,-2,0,15,53,46,-14
36.64000,grasp,close,94,58,467,470,614,1556,-2,0,15,53,46,-14
36.64126,grasp,close,94,58,467,470,614,1556,-2,0,15,53,46,-14
36.64248,grasp,close,94,58,467,470,614,1556,-2,0,15,53,46,-14
36.64370,grasp,close,94,58,467,470,614,1556,-2,0,15,53,46,-14
36.64487,grasp,close,94,58,467,470,614,1556,-2,0,15,53,46,-14
36.64607,grasp,close,94,58,467,470,614,1556,-2,0,15,53,46,-14
36.65626,grasp,close,94,58,467,470,614,1556,-3,0,15,53,46,-14
36.65778,grasp,close,94,58,467,470,614,1556,-3,-1,15,53,46,-14
36.65959,grasp,close,94,58,467,470,614,1556,-3,-1,13,53,46,-14
36.66088,grasp,close,94,58,469,470,614,1556,-3,-1,13,52,46,-14
36.66739,grasp,close,94,58,469,474,614,1556,-3,-1,13,52,46,-14
36.66876,grasp,close,94,58,469,474,617,1556,-3,-1,13,52,46,-14
36.66996,grasp,close,94,58,469,474,617,1556,-3,-1,13,52,46,-14
36.67118,grasp,close,94,58,469,474,617,1556,-3,-1,13,52,46,-14
36.67304,grasp,close,94,58,469,474,617,1556,-3,-1,13,52,46,-14
36.67425,grasp,close,94,58,469,474,617,1556,-3,-1,13,52,46,-14
36.67541,grasp,close,94,58,469,474,617,1556,-3,-1,13,52,46,-14
36.67666,grasp,close,94,58,469,474,617,1556,-3,-1,13,52,46,-14
36.68693,grasp,close,94,58,469,474,617,1556,-3,-1,13,52,46,-14
36.68837,grasp,close,94,58,469,474,617,1556,-3,-1,13,52,46,-14
36.68994,grasp,close,94,58,471,474,617,1556,-3,-1,13,52,46,-14
36.69112,grasp,close,94,58,471,474,618,1556,-3,-1,13,52,46,-14
36.69234,grasp,close,94,58,471,474,618,1556,-3,-1,13,52,46,-14
36.69898,grasp,close,94,58,471,474,618,1556,-3,-1,13,52,46,-14
36.70078,grasp,close,94,58,471,474,618,1556,-3,-1,13,52,46,-14
36.70226,grasp,close,94,58,471,474,618,1556,-3,-1,13,52,46,-14
36.70341,grasp,close,94,58,471,474,618,1556,-3,-1,13,52,46,-14
36.70460,grasp,close,94,58,471,474,618,1556,-3,-1,13,52,46,-14
36.70580,grasp,close,94,58,471,474,618,1556,-3,-1,13,52,46,-14
36.70735,grasp,close,94,58,471,474,618,1556,-3,-1,13,52,46,-14
36.70855,grasp,close,94,58,471,474,618,1556,-3,-1,13,52,46,-14
36.71875,grasp,close,94,58,471,474,618,1556,-3,-1,13,52,46,-14
36.72021,grasp,close,94,58,474,474,618,1556,-3,-1,14,52,46,-14
36.72145,grasp,close,94,58,474,477,618,1556,-3,-1,14,54,46,-14
36.72265,grasp,close,94,58,474,477,618,1556,-3,-1,14,54,46,-14
36.72926,grasp,close,94,58,474,477,622,1556,-3,-1,14,54,46,-13
36.73076,grasp,close,94,58,474,477,622,1556,-3,-1,14,54,46,-13
36.73194,grasp,close,94,58,474,477,622,1556,-3,-1,14,54,46,-13
36.73315,grasp,close,94,58,474,477,622,1556,-3,-1,14,54,46,-13
36.73446,grasp,close,94,58,474,477,622,1556,-3,-1,14,54,46,-13
36.73592,grasp,close,94,58,474,477,622,1556,-3,-1,14,54,46,-13
36.73777,grasp,close,94,58,474,477,622,1556,-3,-1,14,54,46,-13
36.73936,grasp,close,94,58,474,477,622,1556,-3,-1,14,54,46,-13
36.74948,grasp,close,94,58,476,477,622,1556,-3,-1,12,54,46,-13
36.75067,grasp,close,94,58,476,478,622,1556,-3,-1,12,53,47,-13
36.75226,grasp,close,94,58,476,478,625,1556,-3,-1,12,53,47,-13
36.75346,grasp,close,94,58,476,478,625,1556,-3,-1,12,53,47,-13
36.75460,grasp,close,94,58,476,478,625,1556,-3,-1,12,53,47,-13
36.76092,grasp,close,94,58,476,478,625,1556,-3,-1,12,53,47,-13
36.76210,grasp,close,94,58,476,478,625,1556,-3,-1,12,53,47,-13
36.76335,grasp,close,94,58,476,478,625,1556,-3,-1,12,53,47,-13
36.76455,grasp,close,94,58,476,478,625,1556,-3,-1,12,53,47,-13
36.76575,grasp,close,94,58,476,478,625,1556,-3,-1,12,53,47,-13
36.76692,grasp,close,94,58,476,478,625,1556,-2,-1,12,53,47,-13
36.76821,grasp,close,94,58,476,478,625,1556,-2,-1,12,53,47,-13
36.76939,grasp,close,94,58,476,478,625,1556,-2,0,12,53,47,-13
36.77059,grasp,close,94,58,476,478,625,1556,-2,0,12,53,47,-13
36.78076,grasp,close,94,58,478,478,625,1556,-2,0,14,53,47,-13
36.78194,grasp,close,94,58,478,479,625,1556,-2,0,14,54,47,-13
36.78312,grasp,close,94,58,478,479,628,1556,-2,0,14,54,46,-13
36.78436,grasp,close,94,58,478,479,628,1556,-2,0,14,54,46,-14
36.78559,grasp,close,94,58,478,479,628,1556,-2,0,14,54,46,-14
36.79198,grasp,close,94,58,478,479,628,1556,-2,0,14,54,46,-14
36.79318,grasp,close,94,58,478,479,628,1556,-2,0,14,54,46,-14
36.79445,grasp,close,94,58,478,479,628,1556,-2,0,14,54,46,-14
36.79559,grasp,close,94,58,478,479,628,1556,-2,0,14,54,46,-14
36.79701,grasp,close,94,58,478,479,628,1556,-2,0,14,54,46,-14
36.79835,grasp,close,94,58,478,479,628,1556,-3,0,14,54,46,-14
36.79953,grasp,close,94,58,478,479,628,1556,-3,0,14,54,46,-14
36.80079,grasp,close,94,58,478,479,628,1556,-3,0,14,54,46,-14
36.81100,grasp,close,94,58,478,479,628,1556,-3,0,14,54,46,-14
36.81213,grasp,close,94,58,481,479,628,1556,-3,0,14,54,46,-14
36.81378,grasp,close,94,58,481,480,631,1556,-3,0,14,55,46,-14
36.81522,grasp,close,94,58,481,480,631,1556,-3,0,14,55,46,-14
36.81639,grasp,close,94,58,481,480,631,1556,-3,0,14,55,46,-14
36.82303,grasp,close,94,58,481,480,631,1556,-3,0,14,55,46,-14
36.82424,grasp,close,94,58,481,480,631,1556,-3,0,14,55,46,-14
36.82540,grasp,close,94,58,481,480,631,1556,-3,0,14,55,46,-14
36.82670,grasp,close,94,58,481,480,631,1556,-3,0,14,55,46,-14
36.82790,grasp,close,94,58,481,480,631,1556,-3,0,14,55,46,-14
36.82915,grasp,close,94,58,481,480,631,1556,-2,0,14,55,46,-14
36.83029,grasp,close,94,58,481,480,631,1556,-2,0,14,55,46,-14
36.83153,grasp,close,94,58,481,480,631,1556,-2,0,14,55,46,-14
36.84196,grasp,close,94,58,481,480,631,1556,-2,0,11,55,46,-14
36.84312,grasp,close,94,58,484,480,631,1556,-2,0,11,55,46,-14
36.84430,grasp,close,94,58,484,481,631,1556,-2,0,11,55,46,-14
36.84549,grasp,close,94,58,484,481,633,1556,-2,0,11,55,46,-14
36.84676,grasp,close,94,58,484,481,633,1556,-2,0,11,55,46,-14
36.85331,grasp,close,94,58,484,481,633,1556,-2,0,11,55,46,-14
36.85512,grasp,close,94,58,484,481,633,1556,-2,0,11,55,46,-14
36.85656,grasp,close,94,58,484,481,633,1556,-2,0,11,55,46,-14
36.85776,grasp,close,94,58,484,481,633,1556,-2,0,11,55,46,-14
36.85900,grasp,close,94,58,484,481,633,1556,-2,0,11,55,46,-14
36.86021,grasp,close,94,58,484,481,633,1556,-2,0,11,55,46,-14
36.86143,grasp,close,94,58,484,481,633,1556,-2,0,11,55,46,-14
36.86265,grasp,close,94,58,484,481,633,1556,-2,0,15,55,46,-14
36.87297,grasp,close,94,58,487,481,633,1556,-2,0,15,56,46,-14
36.87442,grasp,close,94,58,487,483,633,1556,-2,0,15,56,46,-14
36.87563,grasp,close,94,58,487,483,633,1556,-2,0,15,56,46,-14
36.87688,grasp,close,94,58,487,483,633,1556,-2,0,15,56,46,-14
36.87804,grasp,close,94,58,487,483,633,1556,-2,0,15,56,46,-14
36.88457,grasp,close,94,58,487,483,633,1556,-2,0,15,56,46,-14
36.88618,grasp,close,94,58,487,483,633,1556,-2,0,15,56,46,-14
36.88734,grasp,close,94,58,487,483,633,1556,-2,0,15,56,46,-14
36.88856,grasp,close,94,58,487,483,633,1556,-3,0,15,56,46,-14
36.88974,grasp,close,94,58,487,483,633,1556,-3,0,15,56,46,-14
36.89099,grasp,close,94,58,487,483,633,1556,-3,-1,15,56,46,-14
36.89213,grasp,close,94,58,487,483,633,1556,-3,-1,15,56,46,-14
36.89333,grasp,close,94,58,489,483,633,1556,-3,-1,12,56,46,-14
36.89456,grasp,close,94,58,489,483,633,1556,-3,-1,12,56,46,-14
36.90492,grasp,close,94,58,489,486,633,1556,-3,-1,12,55,46,-14
36.90639,grasp,close,94,58,489,486,637,1556,-3,-1,12,55,47,-14
36.90791,grasp,close,94,58,489,486,637,1556,-3,-1,12,55,47,-14
36.90910,grasp,close,94,58,489,486,637,1556,-3,-1,12,55,47,-14
36.91596,grasp,close,94,58,489,486,637,1556,-3,-1,12,55,47,-14
36.91713,grasp,close,94,58,489,486,637,1556,-3,-1,12,55,47,-14
36.91835,grasp,close,94,58,489,486,637,1556,-3,-1,12,55,47,-14
36.91991,grasp,close,94,58,489,486,637,1556,-3,-1,12,55,47,-14
36.92109,grasp,close,94,58,489,486,637,1556,-2,-1,12,55,47,-14
36.92231,grasp,close,94,58,489,486,637,1556,-2,-1,12,55,47,-14
36.92384,grasp,close,94,58,489,486,637,1556,-2,-1,12,55,47,-14
36.92510,grasp,close,94,58,489,486,637,1556,-2,-1,13,55,47,-14
36.93578,grasp,close,94,58,490,489,637,1556,-2,-1,13,58,47,-14
36.93696,grasp,close,94,58,490,489,637,1556,-2,-1,13,58,47,-14
36.93824,grasp,close,94,58,490,489,637,1556,-2,-1,13,58,47,-14
36.93937,grasp,close,94,58,490,489,637,1556,-2,-1,13,58,47,-14
36.94058,grasp,close,94,58,490,489,637,1556,-2,-1,13,58,47,-14
36.94730,grasp,close,94,58,490,489,637,1556,-2,-1,13,58,47,-14
36.94881,grasp,close,94,58,490,489,637,1556,-2,-1,13,58,47,-14
36.95003,grasp,close,94,58,490,489,637,1556,-2,-1,13,58,47,-14
36.95122,grasp,close,94,58,490,489,637,1556,-2,-1,13,58,47,-14
36.95243,grasp,close,94,58,490,489,637,1556,-2,0,13,58,47,-14
36.95364,grasp,close,94,58,490,489,637,1556,-2,0,13,58,47,-14
36.95484,grasp,close,94,58,490,489,637,1556,-2,0,13,58,47,-14
36.95604,grasp,close,94,58,495,489,637,1556,-2,0,11,58,47,-14
36.96681,grasp,close,94,58,495,492,637,1556,-2,0,11,57,46,-14
36.96822,grasp,close,94,58,495,492,642,1556,-2,0,11,57,46,-14
36.96956,grasp,close,94,58,495,492,642,1556,-2,0,11,57,46,-14
36.97074,grasp,close,94,58,495,492,642,1556,-2,0,11,57,46,-14
36.97712,grasp,close,94,58,495,492,642,1556,-2,0,11,57,46,-14
36.97832,grasp,close,94,58,495,492,642,1556,-2,0,11,57,46,-14
36.97960,grasp,close,94,58,495,492,642,1556,-2,0,11,57,46,-14
36.98082,grasp,close,94,58,495,492,642,1556,-2,0,11,57,46,-14
36.98200,grasp,close,94,58,495,492,642,1556,-2,0,11,57,46,-14
36.98315,grasp,close,94,58,495,492,642,1556,-2,0,11,57,46,-14
36.98436,grasp,close,94,58,495,492,642,1556,-2,0,13,57,46,-14
36.98559,grasp,close,94,58,495,492,642,1556,-2,0,13,57,46,-14
36.98683,grasp,close,94,58,495,492,642,1556,-2,0,13,57,46,-14
36.99707,grasp,close,94,58,495,494,642,1556,-2,0,13,59,47,-14
36.99842,grasp,close,94,58,495,494,643,1556,-2,0,13,59,47,-15
36.99962,grasp,close,94,58,495,494,643,1556,-2,0,13,59,47,-15
37.00114,grasp,close,94,58,495,494,643,1556,-2,0,13,59,47,-15
37.00235,grasp,close,94,58,495,494,643,1556,-2,0,13,59,47,-15
37.00888,grasp,close,94,58,495,494,643,1556,-2,0,13,59,47,-15
37.01009,grasp,close,94,58,495,494,643,1556,-2,0,13,59,47,-15
37.01129,grasp,close,94,58,495,494,643,1556,-2,0,13,59,47,-15
37.01252,grasp,close,94,58,495,494,643,1556,-2,0,13,59,47,-15
37.01370,grasp,close,94,58,495,494,643,1556,-2,0,13,59,47,-15
37.01531,grasp,close,94,58,495,494,643,1556,-2,0,11,59,47,-15
37.01699,grasp,close,94,58,498,494,643,1556,-2,0,11,59,47,-15
37.01830,grasp,close,94,58,498,497,643,1556,-2,0,11,59,47,-15
37.02846,grasp,close,94,58,498,497,646,1556,-2,0,11,59,46,-15
37.02999,grasp,close,94,58,498,497,646,1556,-2,0,11,59,46,-15
37.03117,grasp,close,94,58,498,497,646,1556,-2,0,11,59,46,-15
37.03236,grasp,close,94,58,498,497,646,1556,-2,0,11,59,46,-15
37.03913,grasp,close,94,58,498,497,646,1556,-2,0,11,59,46,-15
37.04052,grasp,close,94,58,498,497,646,1556,-2,0,11,59,46,-15
37.04177,grasp,close,94,58,498,497,646,1556,-2,0,11,59,46,-15
37.04296,grasp,close,94,58,498,497,646,1556,-2,0,11,59,46,-15
37.04415,grasp,close,94,58,498,497,646,1556,-2,0,11,59,46,-15
37.04537,grasp,close,94,58,498,497,646,1556,-2,0,14,59,46,-15
37.04686,grasp,close,94,58,498,497,646,1556,-2,0,14,62,46,-15
37.04824,grasp,close,94,58,498,500,646,1556,-2,0,14,62,46,-15
37.05909,grasp,close,94,58,498,500,647,1556,-2,0,14,62,46,-15
37.06038,grasp,close,94,58,498,500,647,1556,-2,0,14,62,46,-15
37.06186,grasp,close,94,58,498,500,647,1556,-2,0,14,62,46,-15
37.06313,grasp,close,94,58,498,500,647,1556,-2,0,14,62,46,-15
37.06440,grasp,close,94,58,498,500,647,1556,-2,0,14,62,46,-15
37.07102,grasp,close,94,58,498,500,647,1556,-2,0,14,62,46,-15
37.07221,grasp,close,94,58,498,500,647,1556,-2,0,14,62,46,-15
37.07339,grasp,close,94,58,498,500,647,1556,-2,0,14,62,46,-15
37.07462,grasp,close,94,58,498,500,647,1556,-2,0,14,62,46,-15
37.07584,grasp,close,94,58,500,500,647,1556,-2,0,11,62,46,-15
37.07700,grasp,close,94,58,500,502,647,1556,-2,0,11,60,46,-15
37.07827,grasp,close,94,58,500,502,647,1556,-2,0,11,60,46,-15
37.07952,grasp,close,94,58,500,502,648,1556,-2,0,11,60,46,-15
37.09010,grasp,close,94,58,500,502,648,1556,-2,0,11,60,46,-15
37.09145,grasp,close,94,58,500,502,648,1556,-2,0,11,60,46,-15
37.09293,grasp,close,94,58,500,502,648,1556,-2,0,11,60,46,-15
37.09422,grasp,close,94,58,500,502,648,1556,-2,0,11,60,46,-15
37.10148,grasp,close,94,58,500,502,648,1556,-2,0,11,60,46,-15
37.10337,grasp,close,94,58,500,502,648,1556,-3,0,11,60,46,-15
37.10527,grasp,close,94,58,500,502,648,1556,-3,0,13,60,46,-15
37.10721,grasp,close,94,58,500,502,648,1556,-3,0,13,61,46,-15
37.10892,grasp,close,94,58,500,503,648,1556,-3,0,13,61,46,-15
37.11015,grasp,close,94,58,500,503,650,1556,-3,0,13,61,46,-15
37.11131,grasp,close,94,58,500,503,650,1556,-3,0,13,61,46,-14
37.12158,grasp,close,94,58,500,503,650,1556,-3,0,13,61,46,-14
37.12281,grasp,close,94,58,500,503,650,1556,-3,0,13,61,46,-14
37.12406,grasp,close,94,58,500,503,650,1556,-3,0,13,61,46,-14
37.12543,grasp,close,94,58,500,503,650,1556,-3,0,13,61,46,-14
37.13201,grasp,close,94,58,500,503,650,1556,-2,0,13,61,46,-14
37.13316,grasp,close,94,58,500,503,650,1556,-2,0,13,61,46,-14
37.13438,grasp,close,94,58,500,503,650,1556,-2,0,13,61,46,-14
37.13559,grasp,close,94,58,504,503,650,1556,-2,0,11,61,46,-14
37.13681,grasp,close,94,58,504,503,650,1556,-2,0,11,61,46,-14
37.13801,grasp,close,94,58,504,506,650,1556,-2,0,11,61,46,-14
37.13925,grasp,close,94,58,504,506,651,1556,-2,0,11,61,47,-14
37.14078,grasp,close,94,58,504,506,651,1556,-2,0,11,61,47,-15
37.14195,grasp,close,94,58,504,506,651,1556,-2,0,11,61,47,-15
37.15213,grasp,close,94,58,504,506,651,1556,-2,0,11,61,47,-15
37.15360,grasp,close,94,58,504,506,651,1556,-2,0,11,61,47,-15
37.15478,grasp,close,94,58,504,506,651,1556,-2,0,11,61,47,-15
37.15601,grasp,close,94,58,504,506,651,1556,-2,0,11,61,47,-15
37.15717,grasp,close,94,58,504,506,651,1556,-2,0,11,61,47,-15
37.16392,grasp,close,94,58,504,506,651,1556,-2,0,11,61,47,-15
37.16537,grasp,close,94,58,506,506,651,1556,-2,0,11,61,47,-15
37.16661,grasp,close,94,58,506,506,651,1556,-2,0,11,60,47,-15
37.16783,grasp,close,94,58,506,508,651,1556,-2,0,11,60,47,-15
37.16901,grasp,close,94,58,506,508,656,1556,-2,0,11,60,46,-15
37.17020,grasp,close,94,58,506,508,656,1556,-2,0,11,60,46,-15
37.17139,grasp,close,94,58,506,508,656,1556,-2,0,11,60,46,-15
37.17265,grasp,close,94,58,506,508,656,1556,-2,0,11,60,46,-15
37.18311,grasp,close,94,58,506,508,656,1556,-2,0,11,60,46,-15
37.18454,grasp,close,94,58,506,508,656,1556,-2,0,11,60,46,-15
37.18606,grasp,close,94,58,506,508,656,1556,-2,0,11,60,46,-15
37.18726,grasp,close,94,58,506,508,656,1556,-2,0,11,60,46,-15
37.18881,grasp,close,94,58,506,508,656,1556,-2,0,11,60,46,-15
37.19518,grasp,close,94,58,506,508,656,1556,-2,0,11,60,46,-15
37.19639,grasp,close,94,58,509,508,656,1556,-2,0,11,60,46,-15
37.19763,grasp,close,94,58,509,510,656,1556,-2,0,11,62,46,-15
37.19910,grasp,close,94,58,509,510,656,1556,-2,0,11,62,46,-15
37.20031,grasp,close,94,58,509,510,659,1556,-2,0,11,62,46,-15
37.20151,grasp,close,94,58,509,510,659,1556,-2,0,11,62,46,-15
37.20271,grasp,close,94,58,509,510,659,1556,-2,0,11,62,46,-15
37.20389,grasp,close,94,58,509,510,659,1556,-2,0,11,62,46,-15
37.21418,grasp,close,94,58,509,510,659,1556,-2,0,11,62,46,-15
37.21561,grasp,close,94,58,509,510,659,1556,-2,0,11,62,46,-15
37.21689,grasp,close,94,58,509,510,659,1556,-2,0,11,62,46,-15
37.21813,grasp,close,94,58,509,510,659,1556,-2,0,11,62,46,-15
37.22496,grasp,close,94,58,509,510,659,1556,-2,0,11,62,46,-15
37.22618,grasp,close,94,58,509,510,659,1556,-2,0,12,62,46,-15
37.22734,grasp,close,94,58,512,510,659,1556,-2,0,12,60,46,-15
37.22854,grasp,close,94,58,512,513,659,1556,-2,0,12,60,46,-15
37.22979,grasp,close,94,58,512,513,664,1556,-2,0,12,60,48,-15
37.23134,grasp,close,94,58,512,513,664,1556,-2,0,12,60,48,-16
37.23245,grasp,close,94,58,512,513,664,1556,-2,0,12,60,48,-16
37.23374,grasp,close,94,58,512,513,664,1556,-2,0,12,60,48,-16
37.23521,grasp,close,94,58,512,513,664,1556,-2,0,12,60,48,-16
37.24554,grasp,close,94,58,512,513,664,1556,-2,0,12,60,48,-16
37.24667,grasp,close,94,58,512,513,664,1556,-2,0,12,60,48,-16
37.24831,grasp,close,94,58,512,513,664,1556,-2,0,12,60,48,-16
37.24980,grasp,close,94,58,512,513,664,1556,-2,0,12,60,48,-16
37.25621,grasp,close,94,58,512,513,664,1556,-2,0,11,60,48,-16
37.25728,grasp,close,94,58,514,513,664,1556,-2,0,11,63,48,-16
37.25850,grasp,close,94,58,514,515,664,1556,-2,0,11,63,48,-16
37.25970,grasp,close,94,58,514,515,666,1556,-2,0,11,63,48,-16
37.26090,grasp,close,94,58,514,515,666,1556,-2,0,11,63,48,-16
37.26214,grasp,close,94,58,514,515,666,1556,-2,0,11,63,48,-16
37.26334,grasp,close,94,58,514,515,666,1556,-2,0,11,63,48,-16
37.26450,grasp,close,94,58,514,515,666,1556,-2,0,11,63,48,-16
37.26566,grasp,close,94,58,514,515,666,1556,-2,0,11,63,48,-16
37.27582,grasp,close,94,58,514,515,666,1556,-2,0,11,63,48,-16
37.27736,grasp,close,94,58,514,515,666,1556,-2,0,11,63,48,-16
37.27851,grasp,close,94,58,514,515,666,1556,-2,0,11,63,48,-16
37.27966,grasp,close,94,58,514,515,666,1556,-2,0,11,63,48,-16
37.28093,grasp,close,94,58,514,515,666,1556,-2,0,11,63,48,-16
37.28746,grasp,close,94,58,514,515,666,1556,-2,0,13,63,48,-16
37.28872,grasp,close,94,58,516,515,666,1556,-2,0,13,63,48,-16
37.28990,grasp,close,94,58,516,517,666,1556,-2,0,13,61,48,-16
37.29104,grasp,close,94,58,516,517,666,1556,-2,0,13,61,47,-16
37.29226,grasp,close,94,58,516,517,666,1556,-2,0,13,61,47,-16
37.29347,grasp,close,94,58,516,517,666,1556,-2,0,13,61,47,-16
37.29476,grasp,close,94,58,516,517,666,1556,-2,0,13,61,47,-16
37.29591,grasp,close,94,58,516,517,666,1556,-2,0,13,61,47,-16
37.29708,grasp,close,94,58,516,517,666,1556,-2,0,13,61,47,-16
37.30749,grasp,close,94,58,516,517,666,1556,-2,0,13,61,47,-16
37.30864,grasp,close,94,58,516,517,666,1556,-1,0,13,61,47,-16
37.30987,grasp,close,94,58,516,517,666,1556,-1,0,13,61,47,-16
37.31110,grasp,close,94,58,516,517,666,1556,-1,0,13,61,47,-16
37.31235,grasp,close,94,58,516,517,666,1556,-1,0,12,61,47,-16
37.31857,grasp,close,94,58,518,517,666,1556,-1,0,12,61,47,-16
37.31976,grasp,close,94,58,518,519,666,1556,-1,0,12,65,47,-16
37.32096,grasp,close,94,58,518,519,666,1556,-1,0,12,65,47,-16
37.32225,grasp,close,94,58,518,519,668,1556,-1,0,12,65,47,-16
37.32338,grasp,close,94,58,518,519,668,1556,-1,0,12,65,47,-16
37.32456,grasp,close,94,58,518,519,668,1556,-1,0,12,65,47,-16
37.32577,grasp,close,94,58,518,519,668,1556,-1,0,12,65,47,-16
37.32702,grasp,close,94,58,518,519,668,1556,-1,0,12,65,47,-16
37.32826,grasp,close,94,58,518,519,668,1556,-1,0,12,65,47,-16
37.33853,grasp,close,94,58,518,519,668,1556,-1,0,12,65,47,-16
37.33971,grasp,close,94,58,518,519,668,1556,-1,0,12,65,47,-16
37.34094,grasp,close,94,58,518,519,668,1556,-2,0,12,65,47,-16
37.34223,grasp,close,94,58,518,519,668,1556,-2,0,12,65,47,-16
37.34335,grasp,close,94,58,518,519,668,1556,-2,0,12,65,47,-16
37.34977,grasp,close,94,58,520,519,668,1556,-2,0,11,65,47,-16
37.35103,grasp,close,94,58,520,523,668,1556,-2,0,11,64,47,-16
37.35221,grasp,close,94,58,520,523,668,1556,-2,0,11,64,47,-16
37.35350,grasp,close,94,58,520,523,668,1556,-2,0,11,64,47,-16
37.35499,grasp,close,94,58,520,523,668,1556,-2,0,11,64,47,-16
37.35649,grasp,close,94,58,520,523,668,1556,-2,0,11,64,47,-16
37.35770,grasp,close,94,58,520,523,668,1556,-2,0,11,64,47,-16
37.35896,grasp,close,94,58,520,523,668,1556,-2,0,11,64,47,-16
37.36920,grasp,close,94,58,520,523,668,1556,-2,0,11,64,47,-16
37.37066,grasp,close,94,58,520,523,668,1556,-2,0,11,64,47,-16
37.37187,grasp,close,94,58,520,523,668,1556,-2,0,11,64,47,-16
37.37302,grasp,close,94,58,520,523,668,1556,-2,0,12,64,47,-16
37.37424,grasp,close,94,58,523,523,668,1556,-2,0,12,64,47,-16
37.38091,grasp,close,94,58,523,525,668,1556,-2,0,12,65,47,-16
37.38211,grasp,close,94,58,523,525,671,1556,-2,0,12,65,44,-16
37.38332,grasp,close,94,58,523,525,671,1556,-2,0,12,65,44,-16
37.38454,grasp,close,94,58,523,525,671,1556,-2,0,12,65,44,-16
37.38589,grasp,close,94,58,523,525,671,1556,-2,0,12,65,44,-16
37.38712,grasp,close,94,58,523,525,671,1556,-2,0,12,65,44,-16
37.38835,grasp,close,94,58,523,525,671,1556,-2,0,12,65,44,-16
37.38955,grasp,close,94,58,523,525,671,1556,-2,0,12,65,44,-16
37.40000,grasp,close,94,58,523,525,671,1556,-2,0,12,65,44,-16
37.40144,grasp,close,94,58,523,525,671,1556,-2,0,12,65,44,-16
37.40260,grasp,close,94,58,523,525,671,1556,-2,-1,12,65,44,-16
37.40378,grasp,close,94,58,523,525,671,1556,-2,-1,12,65,44,-16
37.40500,grasp,close,94,58,523,525,671,1556,-2,-1,11,65,44,-16
37.41130,grasp,close,94,58,527,525,671,1556,-2,-1,11,67,44,-16
37.41248,grasp,close,94,58,527,529,671,1556,-2,-1,11,67,45,-16
37.41366,grasp,close,94,58,527,529,672,1556,-2,-1,11,67,45,-16
37.41496,grasp,close,94,58,527,529,672,1556,-2,-1,11,67,45,-16
37.41627,grasp,close,94,58,527,529,672,1556,-2,-1,11,67,45,-16
37.41781,grasp,close,94,58,527,529,672,1556,-2,-1,11,67,45,-16
37.41909,grasp,close,94,58,527,529,672,1556,-2,-1,11,67,45,-16
37.42035,grasp,close,94,58,527,529,672,1556,-2,-1,11,67,45,-16
37.42143,grasp,close,94,58,527,529,672,1556,-2,-1,11,67,45,-16
37.43167,grasp,close,94,58,527,529,672,1556,-2,-1,11,67,45,-16
37.43290,grasp,close,94,58,527,529,672,1556,-2,-1,11,67,45,-16
37.43411,grasp,close,94,58,527,529,672,1556,-2,-1,11,67,45,-16
37.43533,grasp,close,94,58,527,529,672,1556,-2,-1,11,66,45,-16
37.43647,grasp,close,94,58,527,531,672,1556,-2,-1,11,66,46,-16
37.44271,grasp,close,94,58,527,531,673,1556,-2,-1,11,66,46,-16
37.44398,grasp,close,94,58,527,531,673,1556,-2,-1,11,66,46,-16
37.44517,grasp,close,94,58,527,531,673,1556,-2,-1,11,66,46,-16
37.44640,grasp,close,94,58,527,531,673,1556,-2,-1,11,66,46,-16
37.44758,grasp,close,94,58,527,531,673,1556,-2,-1,11,66,46,-16
37.44882,grasp,close,94,58,527,531,673,1556,-2,-1,11,66,46,-16
37.45006,grasp,close,94,58,527,531,673,1556,-2,-1,11,66,46,-16
37.45126,grasp,close,94,58,527,531,673,1556,-2,-1,11,66,46,-16
37.45238,grasp,close,94,58,527,531,673,1556,-1,-1,11,66,46,-16
37.46258,grasp,close,94,58,527,531,673,1556,-1,0,11,66,46,-16
37.46375,grasp,close,94,58,527,531,673,1556,-1,0,11,66,46,-16
37.46501,grasp,close,94,58,527,531,673,1556,-1,0,10,66,46,-16
37.46620,grasp,close,94,58,531,531,673,1556,-1,0,10,66,46,-16
37.47338,grasp,close,94,58,531,534,673,1556,-1,0,10,69,47,-16
37.47452,grasp,close,94,58,531,534,678,1556,-1,0,10,69,47,-16
37.47572,grasp,close,94,58,531,534,678,1556,-1,0,10,69,47,-16
37.47691,grasp,close,94,58,531,534,678,1556,-1,0,10,69,47,-16
37.47816,grasp,close,94,58,531,534,678,1556,-1,0,10,69,47,-16
37.47935,grasp,close,94,58,531,534,678,1556,-1,0,10,69,47,-16
37.48059,grasp,close,94,58,531,534,678,1556,-1,0,10,69,47,-16
37.48176,grasp,close,94,58,531,534,678,1556,-1,0,10,69,47,-16
37.48303,grasp,close,94,58,531,534,678,1556,-1,0,10,69,47,-16
37.49337,grasp,close,94,58,531,534,678,1556,-2,0,10,69,47,-16
37.49491,grasp,close,94,58,531,534,678,1556,-2,0,10,69,47,-16
37.49612,grasp,close,94,58,531,534,678,1556,-2,0,10,69,47,-16
37.49737,grasp,close,94,58,531,537,678,1556,-2,0,10,67,47,-16
37.49851,grasp,close,94,58,531,537,678,1556,-2,0,10,67,47,-16
37.50480,grasp,close,94,58,531,537,681,1556,-2,0,10,67,47,-16
37.50598,grasp,close,94,58,531,537,681,1556,-2,0,10,67,47,-16
37.50722,grasp,close,94,58,531,537,681,1556,-2,0,10,67,47,-16
37.50836,grasp,close,94,58,531,537,681,1556,-2,0,10,67,47,-16
37.50959,grasp,close,94,58,531,537,681,1556,-2,0,10,67,47,-16
37.51082,grasp,close,94,58,531,537,681,1556,-2,0,10,67,47,-16
37.51201,grasp,close,94,58,531,537,681,1556,-2,0,10,67,47,-16
37.51329,grasp,close,94,58,531,537,681,1556,-2,0,10,67,47,-16
37.51446,grasp,close,94,58,531,537,681,1556,-2,0,10,67,47,-16
37.52492,grasp,close,94,58,531,537,681,1556,-2,0,10,67,47,-16
37.52613,grasp,close,94,58,531,537,681,1556,-2,0,10,67,47,-16
37.52730,grasp,close,94,58,531,537,681,1556,-2,0,11,67,47,-16
37.52858,grasp,close,94,58,536,537,681,1556,-2,0,11,69,47,-16
37.53512,grasp,close,94,58,536,539,681,1556,-2,0,11,69,47,-16
37.53652,grasp,close,94,58,536,539,684,1556,-2,0,11,69,47,-16
37.53804,grasp,close,94,58,536,539,684,1556,-2,0,11,69,47,-16
37.53923,grasp,close,94,58,536,539,684,1556,-2,0,11,69,47,-16
37.54037,grasp,close,94,58,536,539,684,1556,-2,0,11,69,47,-16
37.54160,grasp,close,94,58,536,539,684,1556,-2,0,11,69,47,-16
37.54281,grasp,close,94,58,536,539,684,1556,-2,0,11,69,47,-16
37.54406,grasp,close,94,58,536,539,684,1556,-2,0,11,69,47,-16
37.54522,grasp,close,94,58,536,539,684,1556,-2,0,11,69,47,-16
37.55572,grasp,close,94,58,536,539,684,1556,-2,0,11,69,47,-16
37.55694,grasp,close,94,58,536,539,684,1556,-2,0,11,69,47,-16
37.55823,grasp,close,94,58,536,539,684,1556,-2,0,11,69,47,-16
37.55934,grasp,close,94,58,536,539,686,1556,-2,0,11,69,48,-16
37.56059,grasp,close,94,58,536,539,686,1556,-2,0,11,69,48,-16
37.56720,grasp,close,94,58,536,539,686,1556,-2,0,11,69,48,-16
37.56864,grasp,close,94,58,536,539,686,1556,-2,0,11,69,48,-16
37.56985,grasp,close,94,58,536,539,686,1556,-2,0,11,69,48,-16
37.57125,grasp,close,94,58,536,539,686,1556,-2,0,11,69,48,-16
37.57269,grasp,close,94,58,536,539,686,1556,-2,0,11,69,48,-16
37.57427,grasp,close,94,58,536,539,686,1556,-2,0,11,69,48,-16
37.57546,grasp,close,94,58,536,539,686,1556,-2,0,11,69,48,-16
37.58592,grasp,close,94,58,536,539,686,1556,-2,0,11,69,48,-16
37.58737,grasp,close,94,58,536,539,686,1556,-2,0,11,69,48,-16
37.58859,grasp,close,94,58,541,539,686,1556,-2,0,11,69,48,-16
37.58981,grasp,close,94,58,541,544,686,1556,-2,0,11,68,48,-16
37.59102,grasp,close,94,58,541,544,686,1556,-2,0,11,68,48,-16
37.59753,grasp,close,94,58,541,544,688,1556,-2,0,11,68,48,-16
37.59874,grasp,close,94,58,541,544,688,1556,-2,0,11,68,48,-16
37.59997,grasp,close,94,58,541,544,688,1556,-2,0,11,68,48,-16
37.60118,grasp,close,94,58,541,544,688,1556,-2,0,11,68,48,-16
37.60235,grasp,close,94,58,541,544,688,1556,-2,0,11,68,48,-16
37.60356,grasp,close,94,58,541,544,688,1556,-2,0,11,68,48,-16
37.60466,grasp,close,94,58,541,544,688,1556,-2,0,11,68,48,-16
37.60588,grasp,close,94,58,541,544,688,1556,-2,0,11,68,48,-16
37.60716,grasp,close,94,58,541,544,688,1556,-2,0,11,68,48,-16
37.61747,grasp,close,94,58,543,544,688,1556,-2,0,10,68,48,-16
37.61874,grasp,close,94,58,543,546,688,1556,-2,0,10,71,47,-16
37.61991,grasp,close,94,58,543,546,690,1556,-2,0,10,71,47,-16
37.62107,grasp,close,94,58,543,546,690,1556,-2,0,10,71,47,-16
37.62265,grasp,close,94,58,543,546,690,1556,-2,0,10,71,47,-16
37.62887,grasp,close,94,58,543,546,690,1556,-2,0,10,71,47,-16
37.63007,grasp,close,94,58,543,546,690,1556,-2,0,10,71,47,-16
37.63128,grasp,close,94,58,543,546,690,1556,-2,0,10,71,47,-16
37.63247,grasp,close,94,58,543,546,690,1556,-2,0,10,71,47,-16
37.63366,grasp,close,94,58,543,546,690,1556,-2,0,10,71,47,-16
37.63487,grasp,close,94,58,543,546,690,1556,-2,0,10,71,47,-16
37.63607,grasp,close,94,58,543,546,690,1556,-2,0,10,71,47,-16
37.63728,grasp,close,94,58,543,546,690,1556,-2,0,10,71,47,-16
37.63846,grasp,close,94,58,543,546,690,1556,-2,0,11,71,47,-16
37.64854,grasp,close,94,58,545,546,690,1556,-2,0,11,71,47,-16
37.64973,grasp,close,94,58,545,548,690,1556,-2,0,11,69,47,-16
37.65102,grasp,close,94,58,545,548,690,1556,-2,0,11,69,47,-16
37.65225,grasp,close,94,58,545,548,692,1556,-2,0,11,69,47,-16
37.65336,grasp,close,94,58,545,548,692,1556,-2,0,11,69,47,-16
37.66007,grasp,close,94,58,545,548,692,1556,-2,0,11,69,47,-16
37.66123,grasp,close,94,58,545,548,692,1556,-2,0,11,69,47,-16
37.66245,grasp,close,94,58,545,548,692,1556,-2,0,11,69,47,-16
37.66365,grasp,close,94,58,545,548,692,1556,-2,0,11,69,47,-16
37.66491,grasp,close,94,58,545,548,692,1556,-2,0,11,69,47,-16
37.66615,grasp,close,94,58,545,548,692,1556,-2,0,11,69,47,-16
37.66735,grasp,close,94,58,545,548,692,1556,-1,0,11,69,47,-16
37.66855,grasp,close,94,58,545,548,692,1556,-1,0,11,69,47,-16
37.67893,grasp,close,94,58,545,548,692,1556,-1,0,10,69,47,-16
37.68011,grasp,close,94,58,548,548,692,1556,-1,0,10,69,47,-16
37.68129,grasp,close,94,58,548,551,692,1556,-1,0,10,69,47,-16
37.68247,grasp,close,94,58,548,551,694,1556,-1,0,10,69,47,-16
37.68368,grasp,close,94,58,548,551,694,1556,-1,0,10,69,47,-16
37.69007,grasp,close,94,58,548,551,694,1556,-1,0,10,69,47,-16
37.69157,grasp,close,94,58,548,551,694,1556,-1,0,10,69,47,-16
37.69273,grasp,close,94,58,548,551,694,1556,-1,0,10,69,47,-16
37.69396,grasp,close,94,58,548,551,694,1556,-1,0,10,69,47,-16
37.69517,grasp,close,94,58,548,551,694,1556,-1,0,10,69,47,-16
37.69634,grasp,close,94,58,548,551,694,1556,-2,0,10,69,47,-16
37.69754,grasp,close,94,58,548,551,694,1556,-2,0,10,69,47,-16
37.69877,grasp,close,94,58,548,551,694,1556,-2,0,10,69,47,-16
37.69994,grasp,close,94,58,548,551,694,1556,-2,0,10,69,47,-16
37.71025,grasp,close,94,58,550,551,694,1556,-2,0,11,69,47,-16
37.71167,grasp,close,94,58,550,555,694,1556,-2,0,11,87,47,-16
37.71287,grasp,close,94,58,550,555,696,1556,-2,0,11,87,47,-16
37.71406,grasp,close,94,58,550,555,696,1556,-2,0,11,87,47,-16
37.71527,grasp,close,94,58,550,555,696,1556,-2,0,11,87,47,-17
37.72208,grasp,close,94,58,550,555,696,1556,-2,0,11,87,47,-17
37.72355,grasp,close,94,58,550,555,696,1556,-2,0,11,87,47,-17
37.72474,grasp,close,94,58,550,555,696,1556,-2,0,11,87,47,-17
37.72593,grasp,close,94,58,550,555,696,1556,-2,0,11,87,47,-17
37.72714,grasp,close,94,58,550,555,696,1556,-1,0,11,87,47,-17
37.72832,grasp,close,94,58,550,555,696,1556,-1,0,11,87,47,-17
37.72953,grasp,close,94,58,550,555,696,1556,-1,0,11,87,47,-17
37.73078,grasp,close,94,58,550,555,696,1556,-1,0,11,87,47,-17
37.74104,grasp,close,94,58,552,555,696,1556,-1,0,11,99,47,-17
37.74249,grasp,close,94,58,552,556,696,1556,-1,0,11,99,47,-17
37.74407,grasp,close,94,58,552,556,696,1556,-1,0,11,99,47,-17
37.74524,grasp,close,94,58,552,556,696,1556,-1,0,11,99,47,-17
37.74644,grasp,close,94,58,552,556,696,1556,-1,0,11,99,47,-17
37.75337,grasp,close,94,58,552,556,696,1556,-1,0,11,99,47,-17
37.75460,grasp,close,94,58,552,556,696,1556,-1,0,11,99,47,-17
37.75585,grasp,close,94,58,552,556,696,1556,-1,0,11,99,47,-17
37.75700,grasp,close,94,58,552,556,696,1556,-2,0,11,99,47,-17
37.75827,grasp,close,94,58,552,556,696,1556,-2,0,11,99,47,-17
37.75956,grasp,close,94,58,552,556,696,1556,-2,0,11,99,47,-17
37.76069,grasp,close,94,58,552,556,696,1556,-2,0,12,99,47,-17
37.76190,grasp,close,94,58,554,556,696,1556,-2,0,12,99,47,-17
37.77206,grasp,close,94,58,554,558,696,1556,-2,0,12,112,47,-17
37.77322,grasp,close,94,58,554,558,696,1556,-2,0,12,112,49,-17
37.77439,grasp,close,94,58,554,558,703,1556,-2,0,12,112,49,-17
37.77565,grasp,close,94,58,554,558,703,1556,-2,0,12,112,49,-17
37.77686,grasp,close,94,58,554,558,703,1556,-2,0,12,112,49,-17
37.78326,grasp,close,94,58,554,558,703,1556,-2,0,12,112,49,-17
37.78446,grasp,close,94,58,554,558,703,1556,-2,0,12,112,49,-17
37.78566,grasp,close,94,58,554,558,703,1556,-2,0,12,112,49,-17
37.78687,grasp,close,94,58,554,558,703,1556,-2,0,12,112,49,-17
37.78804,grasp,close,94,58,554,558,703,1556,-2,0,12,112,49,-17
37.78933,grasp,close,94,58,554,558,703,1556,-2,0,12,112,49,-17
37.79050,grasp,close,94,58,554,558,703,1556,-2,0,12,112,49,-17
37.79171,grasp,close,94,58,556,558,703,1556,-2,0,9,112,49,-17
37.79297,grasp,close,94,58,556,558,703,1556,-2,0,9,132,49,-17
37.80315,grasp,close,94,58,556,560,703,1556,-2,0,9,132,49,-17
37.80433,grasp,close,94,58,556,560,705,1556,-2,0,9,132,49,-17
37.80546,grasp,close,94,58,556,560,705,1556,-2,0,9,132,49,-17
37.80677,grasp,close,94,58,556,560,705,1556,-2,0,9,132,49,-17
37.80799,grasp,close,94,58,556,560,705,1556,-2,0,9,132,49,-17
37.81428,grasp,close,94,58,556,560,705,1556,-2,0,9,132,49,-17
37.81546,grasp,close,94,58,556,560,705,1556,-2,0,9,132,49,-17
37.81672,grasp,close,94,58,556,560,705,1556,-1,0,9,132,49,-17
37.81803,grasp,close,94,58,556,560,705,1556,-1,0,9,132,49,-17
37.81959,grasp,close,94,58,556,560,705,1556,-1,0,9,132,49,-17
37.82102,grasp,close,94,58,556,560,705,1556,-1,0,12,132,49,-17
37.82226,grasp,close,94,58,557,560,705,1556,-1,0,12,146,49,-17
37.82347,grasp,close,94,58,557,560,705,1556,-1,0,12,146,49,-17
37.83390,grasp,close,94,58,557,560,705,1556,-1,0,12,146,53,-17
37.83502,grasp,close,94,58,557,560,708,1556,-1,0,12,146,53,-18
37.83624,grasp,close,94,58,557,560,708,1556,-1,0,12,146,53,-18
37.83744,grasp,close,94,58,557,560,708,1556,-1,0,12,146,53,-18
37.83862,grasp,close,94,58,557,560,708,1556,-1,0,12,146,53,-18
37.84533,grasp,close,94,58,557,560,708,1556,-1,0,12,146,53,-18
37.84647,grasp,close,94,58,557,560,708,1556,-2,0,12,146,53,-18
37.84766,grasp,close,94,58,557,560,708,1556,-2,0,12,146,53,-18
37.84888,grasp,close,94,58,557,560,708,1556,-2,0,12,146,53,-18
37.85013,grasp,close,94,58,557,560,708,1556,-2,0,12,146,53,-18
37.85138,grasp,close,94,58,557,560,708,1556,-2,0,10,146,53,-18
37.85251,grasp,close,94,58,560,560,708,1556,-2,0,10,146,53,-18
37.85387,grasp,close,94,58,560,562,708,1556,-2,0,10,154,53,-18
37.86618,grasp,close,94,58,560,562,710,1556,-2,0,10,154,56,-18
37.86763,grasp,close,94,58,560,562,710,1556,-2,0,10,154,56,-18
37.86922,grasp,close,94,58,560,562,710,1556,-2,0,10,154,56,-18
37.87037,grasp,close,94,58,560,562,710,1556,-2,0,10,154,56,-18
37.87703,grasp,close,94,58,560,562,710,1556,-2,0,10,154,56,-18
37.87845,grasp,close,94,58,560,562,710,1556,-2,0,10,154,56,-18
37.87970,grasp,close,94,58,560,562,710,1556,-2,0,10,154,56,-18
37.88095,grasp,close,94,58,560,562,710,1556,-2,0,10,154,56,-18
37.88222,grasp,close,94,58,562,562,710,1556,-2,0,10,154,56,-18
37.88366,grasp,close,94,58,562,562,710,1556,-2,0,10,167,56,-18
37.88524,grasp,close,94,58,562,565,710,1556,-2,0,10,167,60,-18
37.88642,grasp,close,94,58,562,565,712,1556,-2,0,10,167,60,-19
37.89655,grasp,close,94,58,562,565,712,1556,-2,0,10,167,60,-19
37.89774,grasp,close,94,58,562,565,712,1556,-2,0,10,167,60,-19
37.89894,grasp,close,94,58,562,565,712,1556,-2,0,10,167,60,-19
37.90011,grasp,close,94,58,562,565,712,1556,-2,0,10,167,60,-19
37.90144,grasp,close,94,58,562,565,712,1556,-2,0,10,167,60,-19
37.90801,grasp,close,94,58,562,565,712,1556,-2,0,10,167,60,-19
37.90920,grasp,close,94,58,562,565,712,1556,-2,0,10,167,60,-19
37.91039,grasp,close,94,58,562,565,712,1556,-2,0,10,167,60,-19
37.91198,grasp,close,94,58,563,565,712,1556,-2,0,12,167,60,-19
37.91315,grasp,close,94,58,563,565,712,1556,-2,0,12,136,60,-19
37.91443,grasp,close,94,58,563,565,712,1556,-2,0,12,136,62,-19
37.91558,grasp,close,94,58,563,565,713,1556,-2,0,12,136,62,-19
37.91677,grasp,close,94,58,563,565,713,1556,-2,0,12,136,62,-19
37.92716,grasp,close,94,58,563,565,713,1556,-2,0,12,136,62,-19
37.92863,grasp,close,94,58,563,565,713,1556,-2,0,12,136,62,-19
37.92981,grasp,close,94,58,563,565,713,1556,-2,0,12,136,62,-19
37.93102,grasp,close,94,58,563,565,713,1556,-2,0,12,136,62,-19
37.93219,grasp,close,94,58,563,565,713,1556,-2,0,12,136,62,-19
37.93884,grasp,close,94,58,563,565,713,1556,-2,0,12,136,62,-19
37.94034,grasp,close,94,58,563,565,713,1556,-2,0,12,136,62,-19
37.94155,grasp,close,94,58,565,565,713,1556,-2,0,9,136,62,-19
37.94279,grasp,close,94,58,565,565,713,1556,-2,0,9,93,62,-19
37.94396,grasp,close,94,58,565,560,713,1556,-2,0,9,93,62,-19
37.94524,grasp,close,94,58,565,560,715,1556,-2,0,9,93,67,-19
37.94686,grasp,close,94,58,565,560,715,1556,-2,0,9,93,67,-20
37.94802,grasp,close,94,58,565,560,715,1556,-2,0,9,93,67,-20
37.95877,grasp,close,94,58,565,560,715,1556,-2,0,9,93,67,-20
37.95994,grasp,close,94,58,565,560,715,1556,-2,0,9,93,67,-20
37.96117,grasp,close,94,58,565,560,715,1556,-2,0,9,93,67,-20
37.96235,grasp,close,94,58,565,560,715,1556,-2,0,9,93,67,-20
37.96902,grasp,close,94,58,565,560,715,1556,-2,0,9,93,67,-20
37.97052,grasp,close,94,58,565,560,715,1556,-2,0,12,93,67,-20
37.97175,grasp,close,94,58,568,560,715,1556,-2,0,12,93,67,-20
37.97297,grasp,close,94,58,568,560,715,1556,-2,0,12,94,67,-20
37.97450,grasp,close,94,58,568,560,715,1556,-2,0,12,94,67,-20
37.97571,grasp,close,94,58,568,560,717,1556,-2,0,12,94,73,-20
37.97691,grasp,close,94,58,568,560,717,1556,-2,0,12,94,73,-21
37.97812,grasp,close,94,58,568,560,717,1556,-2,0,12,94,73,-21
37.97934,grasp,close,94,58,568,560,717,1556,-2,0,12,94,73,-21
37.98953,grasp,close,94,58,568,560,717,1556,-2,0,12,94,73,-21
37.99079,grasp,close,94,58,568,560,717,1556,-2,0,12,94,73,-21
37.99197,grasp,close,94,58,568,560,717,1556,-2,0,12,94,73,-21
37.99319,grasp,close,94,58,568,560,717,1556,-2,0,12,94,73,-21
37.99436,grasp,close,94,58,568,560,717,1556,-2,0,12,94,73,-21
38.00068,grasp,close,94,58,568,560,717,1556,-2,0,12,94,73,-21
38.00188,grasp,close,94,58,571,560,717,1556,-2,0,9,94,73,-21
38.00307,grasp,close,94,58,571,560,717,1556,-2,0,9,97,73,-21
38.00426,grasp,close,94,58,571,560,717,1556,-2,0,9,97,73,-21
38.00547,grasp,close,94,58,571,560,721,1556,-2,0,9,97,79,-21
38.00668,grasp,close,94,58,571,560,721,1556,-2,0,9,97,79,-21
38.00788,grasp,close,94,58,571,560,721,1556,-2,0,9,97,79,-21
38.00910,grasp,close,94,58,571,560,721,1556,-2,0,9,97,79,-21
38.01033,grasp,close,94,58,571,560,721,1556,-2,0,9,97,79,-21
38.02046,grasp,close,94,58,571,560,721,1556,-2,0,9,97,79,-21
38.02174,grasp,close,94,58,571,560,721,1556,-2,0,9,97,79,-21
38.02295,grasp,close,94,58,571,560,721,1556,-2,0,9,97,79,-21
38.02410,grasp,close,94,58,571,560,721,1556,-2,0,9,97,79,-21
38.02529,grasp,close,94,58,571,560,721,1556,-2,0,9,97,79,-21
38.03184,grasp,close,94,58,571,560,721,1556,-2,-1,9,97,79,-21
38.03302,grasp,close,94,58,573,560,721,1556,-2,-1,10,97,79,-21
38.03424,grasp,close,94,58,573,560,721,1556,-2,-1,10,97,79,-21
38.03544,grasp,close,94,58,573,560,723,1556,-2,-1,10,97,83,-21
38.03699,grasp,close,94,58,573,560,723,1556,-2,-1,10,97,83,-22
38.03849,grasp,close,94,58,573,560,723,1556,-2,-1,10,97,83,-22
38.03974,grasp,close,94,58,573,560,723,1556,-2,-1,10,97,83,-22
38.04090,grasp,close,94,58,573,560,723,1556,-2,-1,10,97,83,-22
38.05109,grasp,close,94,58,573,560,723,1556,-2,-1,10,97,83,-22
38.05226,grasp,close,94,58,573,560,723,1556,-2,-1,10,97,83,-22
38.05343,grasp,close,94,58,573,560,723,1556,-2,-1,10,97,83,-22
38.05467,grasp,close,94,58,573,560,723,1556,-2,0,10,97,83,-22
38.05583,grasp,close,94,58,573,560,723,1556,-2,0,10,97,83,-22
38.06236,grasp,close,94,58,575,560,723,1556,-2,0,10,97,83,-22
38.06393,grasp,close,94,58,575,560,723,1556,-2,0,10,99,83,-22
38.06550,grasp,close,94,58,575,560,727,1556,-2,0,10,99,88,-22
38.06678,grasp,close,94,58,575,560,727,1556,-2,0,10,99,88,-23
38.06801,grasp,close,94,58,575,560,727,1556,-2,0,10,99,88,-23
38.06921,grasp,close,94,58,575,560,727,1556,-2,0,10,99,88,-23
38.07038,grasp,close,94,58,575,560,727,1556,-2,0,10,99,88,-23
38.07163,grasp,close,94,58,575,560,727,1556,-2,0,10,99,88,-23
38.08193,grasp,close,94,58,575,560,727,1556,-2,0,10,99,88,-23
38.08314,grasp,close,94,58,575,560,727,1556,-2,0,10,99,88,-23
38.08437,grasp,close,94,58,575,560,727,1556,-2,0,10,99,88,-23
38.08548,grasp,close,94,58,575,560,727,1556,-2,0,10,99,88,-23
38.08678,grasp,close,94,58,575,560,727,1556,-2,0,10,99,88,-23
38.09311,grasp,close,94,58,575,560,727,1556,-2,0,8,99,88,-23
38.09440,grasp,close,94,58,577,560,727,1556,-2,0,8,102,88,-23
38.09568,grasp,close,94,58,577,560,727,1556,-2,0,8,102,88,-23
38.09685,grasp,close,94,58,577,560,727,1556,-2,0,8,102,88,-24
38.09810,grasp,close,94,58,577,560,727,1556,-2,0,8,102,88,-24
38.09929,grasp,close,94,58,577,560,727,1556,-2,0,8,102,88,-24
38.10049,grasp,close,94,58,577,560,727,1556,-2,0,8,102,88,-24
38.10168,grasp,close,94,58,577,560,727,1556,-2,0,8,102,88,-24
38.10295,grasp,close,94,58,577,560,727,1556,-2,0,8,102,88,-24
38.11313,grasp,close,94,58,577,560,727,1556,-2,0,8,102,88,-24
38.11433,grasp,close,94,58,577,560,727,1556,-2,0,8,102,88,-24
38.11554,grasp,close,94,58,577,560,727,1556,-2,0,8,102,88,-24
38.11689,grasp,close,94,58,577,560,727,1556,-2,0,12,102,88,-24
38.11828,grasp,close,94,58,578,560,727,1556,-2,0,12,102,88,-24
38.12489,grasp,close,94,58,578,560,727,1556,-2,0,12,102,88,-24
38.12624,grasp,close,94,58,578,560,729,1556,-2,0,12,102,101,-24
38.12784,grasp,close,94,58,578,560,729,1556,-2,0,12,102,101,-24
38.12908,grasp,close,94,58,578,560,729,1556,-2,0,12,102,101,-24
38.13030,grasp,close,94,58,578,560,729,1556,-2,0,12,102,101,-24
38.13152,grasp,close,94,58,578,560,729,1556,-2,0,12,102,101,-24
38.13271,grasp,close,94,58,578,560,729,1556,-2,0,12,102,101,-24
38.13395,grasp,close,94,58,578,560,729,1556,-2,0,12,102,101,-24
38.14410,grasp,close,94,58,578,560,729,1556,-2,0,12,102,101,-24
38.14565,grasp,close,94,58,578,560,729,1556,-1,0,12,102,101,-24
38.14716,grasp,close,94,58,578,560,729,1556,-1,0,12,102,101,-24
38.14834,grasp,close,94,58,578,560,729,1556,-1,0,7,102,101,-24
38.15513,grasp,close,94,58,582,560,729,1556,-1,0,7,106,101,-24
38.15662,grasp,close,94,58,582,560,729,1556,-1,0,7,106,101,-24
38.15777,grasp,close,94,58,582,560,729,1556,-1,0,7,106,101,-24
38.15900,grasp,close,94,58,582,560,729,1556,-1,0,7,106,101,-24
38.16049,grasp,close,94,58,582,560,729,1556,-1,0,7,106,101,-24
38.16177,grasp,close,94,58,582,560,729,1556,-1,0,7,106,101,-24
38.16323,grasp,close,94,58,582,560,729,1556,-1,0,7,106,101,-24
38.16440,grasp,close,94,58,582,560,729,1556,-1,0,7,106,101,-24
38.16556,grasp,close,94,58,582,560,729,1556,-1,0,7,106,101,-24
38.17615,grasp,close,94,58,582,560,729,1556,-2,0,7,106,101,-24
38.17733,grasp,close,94,58,582,560,729,1556,-2,0,7,106,101,-24
38.17852,grasp,close,94,58,582,560,729,1556,-2,0,7,110,101,-24
38.17976,grasp,close,94,58,582,560,729,1556,-2,0,7,110,101,-24
38.18621,grasp,close,94,58,582,560,732,1556,-2,0,7,110,114,-24
38.18733,grasp,close,94,58,582,560,732,1556,-2,0,7,110,114,-27
38.18848,grasp,close,94,58,582,560,732,1556,-2,0,7,110,114,-27
38.18969,grasp,close,94,58,582,560,732,1556,-2,0,7,110,114,-27
38.19093,grasp,close,94,58,582,560,732,1556,-2,0,7,110,114,-27
38.19213,grasp,close,94,58,582,560,732,1556,-2,0,7,110,114,-27
38.19330,grasp,close,94,58,582,560,732,1556,-2,0,7,110,114,-27
38.19464,grasp,close,94,58,582,560,732,1556,-2,0,7,110,114,-27
38.19602,grasp,close,94,58,582,560,732,1556,-2,0,7,110,114,-27
38.20674,grasp,close,94,58,582,560,732,1556,-2,0,7,110,114,-27
38.20799,grasp,close,94,58,582,560,732,1556,-2,-1,7,110,114,-27
38.20947,grasp,close,94,58,586,560,732,1556,-2,-1,9,110,114,-27
38.21068,grasp,close,94,58,586,560,732,1556,-2,-1,9,116,114,-27
38.21742,grasp,close,94,58,586,560,732,1556,-2,-1,9,116,120,-27
38.21885,grasp,close,94,58,586,560,734,1556,-2,-1,9,116,120,-29
38.22005,grasp,close,94,58,586,560,734,1556,-2,-1,9,116,120,-29
38.22122,grasp,close,94,58,586,560,734,1556,-2,-1,9,116,120,-29
38.22245,grasp,close,94,58,586,560,734,1556,-2,-1,9,116,120,-29
38.22368,grasp,close,94,58,586,560,734,1556,-2,-1,9,116,120,-29
38.22491,grasp,close,94,58,586,560,734,1556,-2,-1,9,116,120,-29
38.22612,grasp,close,94,58,586,560,734,1556,-2,-1,9,116,120,-29
38.22734,grasp,close,94,58,586,560,734,1556,-1,-1,9,116,120,-29
38.23810,grasp,close,94,58,586,560,734,1556,-1,0,9,116,120,-29
38.23956,grasp,close,94,58,586,560,734,1556,-1,0,9,116,120,-29
38.24077,grasp,close,94,58,586,560,734,1556,-1,0,9,116,120,-29
38.24193,grasp,close,94,58,586,560,736,1556,-1,0,9,116,129,-29
38.24842,grasp,close,94,58,586,560,736,1556,-1,0,9,116,129,-30
38.25030,grasp,close,94,58,586,560,736,1556,-1,0,9,116,129,-30
38.25219,grasp,close,94,58,586,560,736,1556,-1,0,9,116,129,-30
38.25404,grasp,close,94,58,586,560,736,1556,-1,0,9,116,129,-30
38.25548,grasp,close,94,58,586,560,736,1556,-1,0,9,116,129,-30
38.25670,grasp,close,94,58,586,560,736,1556,-2,0,9,116,129,-30
38.25791,grasp,close,94,58,586,560,736,1556,-2,0,9,116,129,-30
38.26811,grasp,close,94,58,586,560,736,1556,-2,-1,9,116,129,-30
38.26939,grasp,close,94,58,586,560,736,1556,-2,-1,38,116,129,-30
38.27057,grasp,close,94,58,591,560,736,1556,-2,-1,38,116,129,-30
38.27180,grasp,close,94,58,591,560,736,1556,-2,-1,38,116,129,-30
38.27298,grasp,close,94,58,591,560,737,1556,-2,-1,38,116,141,-30
38.27932,grasp,close,94,58,591,560,737,1556,-2,-1,38,116,141,-33
38.28052,grasp,close,94,58,591,560,737,1556,-2,-1,38,116,141,-33
38.28173,grasp,close,94,58,591,560,737,1556,-2,-1,38,116,141,-33
38.28293,grasp,close,94,58,591,560,737,1556,-2,-1,38,116,141,-33
38.28416,grasp,close,94,58,591,560,737,1556,-2,-1,38,116,141,-33
38.28536,grasp,close,94,58,591,560,737,1556,-2,-1,38,116,141,-33
38.28652,grasp,close,94,58,591,560,737,1556,-1,-1,38,116,141,-33
38.28775,grasp,close,94,58,591,560,737,1556,-1,-1,38,116,141,-33
38.28896,grasp,close,94,58,591,560,737,1556,-1,-1,38,116,141,-33
38.29975,grasp,close,94,58,594,560,737,1556,-1,-1,50,116,141,-33
38.30132,grasp,close,94,58,594,560,737,1556,-1,-1,50,116,153,-33
38.30428,grasp,close,94,58,594,560,740,1556,-1,-1,50,116,153,-34
38.31122,grasp,close,94,58,594,560,740,1556,-1,-1,50,116,153,-34
38.31254,grasp,close,94,58,594,560,740,1556,-1,-1,50,116,153,-34
38.31374,grasp,close,94,58,594,560,740,1556,-1,-1,50,116,153,-34
38.31493,grasp,close,94,58,594,560,740,1556,-1,-1,50,116,153,-34
38.31613,grasp,close,94,58,594,560,740,1556,-1,-1,50,116,153,-34
38.31734,grasp,close,94,58,594,560,740,1556,-2,-1,50,116,153,-34
38.31852,grasp,close,94,58,594,560,740,1556,-2,-1,50,116,153,-34
38.31971,grasp,close,94,58,594,560,740,1556,-2,-1,50,116,153,-34
38.33001,grasp,close,94,58,594,560,740,1556,-2,-1,74,116,153,-34
38.33145,grasp,close,94,58,596,560,740,1556,-2,-1,74,113,153,-34
38.33263,grasp,close,94,58,596,560,740,1556,-2,-1,74,113,153,-34
38.33390,grasp,close,94,58,596,560,741,1556,-2,-1,74,113,166,-34
38.33506,grasp,close,94,58,596,560,741,1556,-2,-1,74,113,166,-35
38.34182,grasp,close,94,58,596,560,741,1556,-2,-1,74,113,166,-35
38.34305,grasp,close,94,58,596,560,741,1556,-2,-1,74,113,166,-35
38.34430,grasp,close,94,58,596,560,741,1556,-2,-1,74,113,166,-35
38.34552,grasp,close,94,58,596,560,741,1556,-2,-1,74,113,166,-35
38.34671,grasp,close,94,58,596,560,741,1556,-1,-1,74,113,166,-35
38.34790,grasp,close,94,58,596,560,741,1556,-1,-1,74,113,166,-35
38.34911,grasp,close,94,58,596,560,741,1556,-1,-1,74,113,166,-35
38.35029,grasp,close,94,58,596,560,741,1556,-1,-1,74,113,166,-35
38.35146,grasp,close,94,58,599,560,741,1556,-1,-1,94,113,166,-35
38.36209,grasp,close,94,58,599,560,741,1556,-1,-1,94,112,166,-35
38.36333,grasp,close,94,58,599,560,741,1556,-1,-1,94,112,166,-35
38.36447,grasp,close,94,58,599,560,741,1556,-1,-1,94,112,166,-35
38.36567,grasp,close,94,58,599,560,741,1556,-1,-1,94,112,166,-35
38.37203,grasp,close,94,58,599,560,741,1556,-1,-1,94,112,166,-35
38.37347,grasp,close,94,58,599,560,741,1556,-1,-1,94,112,166,-35
38.37497,grasp,close,94,58,599,560,741,1556,-1,-1,94,112,166,-35
38.37653,grasp,close,94,58,599,560,741,1556,-1,-1,94,112,166,-35
38.37803,grasp,close,94,58,599,560,741,1556,-1,-1,94,112,166,-35
38.37936,grasp,close,94,58,599,560,741,1556,-1,-1,94,112,166,-35
38.38081,grasp,close,94,58,599,560,741,1556,-1,-1,94,112,166,-35
38.38200,grasp,close,94,58,599,560,741,1556,-1,-1,94,112,166,-35
38.39215,grasp,close,94,58,599,560,741,1556,-1,-1,94,112,166,-35
38.39334,grasp,close,94,58,599,560,741,1556,-1,-1,94,112,166,-35
38.39456,grasp,close,94,58,599,560,741,1556,-1,-1,94,112,166,-35
38.39577,grasp,close,94,58,599,560,741,1556,-1,-1,94,112,166,-35
38.39694,grasp,close,94,58,599,560,741,1556,-1,-1,94,112,166,-35
38.40368,grasp,close,94,58,599,560,741,1556,-1,-1,94,112,166,-35
38.40481,grasp,close,94,58,599,560,741,1556,-1,-1,94,112,166,-35
38.40599,grasp,close,94,58,599,560,741,1556,-1,-1,94,112,166,-35
38.40719,grasp,close,94,58,599,560,741,1556,-1,-1,94,112,166,-35
38.40835,grasp,close,94,58,599,560,741,1556,-1,-1,94,112,166,-35
38.40956,grasp,close,94,58,599,560,741,1556,-1,-1,94,112,166,-35
38.41081,grasp,close,94,58,599,560,741,1556,-1,-1,94,112,166,-35
38.41199,grasp,close,94,58,599,560,741,1556,-1,-1,94,112,166,-35
38.41328,grasp,close,94,58,601,560,741,1556,-1,-1,130,112,166,-35
38.42397,grasp,close,94,58,601,560,741,1556,-1,-1,130,95,166,-35
38.42514,grasp,close,94,58,601,560,741,1556,-1,-1,130,95,166,-35
38.42672,grasp,close,94,58,601,560,741,1556,-1,-1,130,95,166,-35
38.42817,grasp,close,94,58,601,560,741,1556,-1,-1,130,95,166,-35
38.43463,grasp,close,94,58,601,560,741,1556,-1,-1,130,95,166,-35
38.43612,grasp,close,94,58,601,560,741,1556,-1,-1,130,95,166,-35
38.43732,grasp,close,94,58,601,560,741,1556,-1,-1,130,95,166,-35
38.43846,grasp,close,94,58,601,560,741,1556,-1,-1,130,95,166,-35
38.43965,grasp,close,94,58,601,560,741,1556,-1,-1,130,95,166,-35
38.44115,grasp,close,94,58,601,560,741,1556,-1,-1,130,95,166,-35
38.44238,grasp,close,94,58,601,560,741,1556,-1,-1,130,95,166,-35
38.44360,grasp,close,94,58,602,560,741,1556,-1,-1,145,95,166,-35
38.45386,grasp,close,94,58,602,560,741,1556,-1,-1,145,86,166,-35
38.45516,grasp,close,94,58,602,560,741,1556,-1,-1,145,86,129,-35
38.45654,grasp,close,94,58,602,560,737,1556,-1,-1,145,86,129,-30
38.45816,grasp,close,94,58,602,560,737,1556,-1,-1,145,86,129,-30
38.45936,grasp,close,94,58,602,560,737,1556,-1,-1,145,86,129,-30
38.46579,grasp,close,94,58,602,560,737,1556,-1,-1,145,86,129,-30
38.46728,grasp,close,94,58,602,560,737,1556,-1,-1,145,86,129,-30
38.46879,grasp,close,94,58,602,560,737,1556,-2,-1,145,86,129,-30
38.47038,grasp,close,94,58,602,560,737,1556,-2,-1,145,86,129,-30
38.47179,grasp,close,94,58,602,560,737,1556,-2,-1,145,86,129,-30
38.47332,grasp,close,94,58,602,560,737,1556,-2,-1,184,86,129,-30
38.48530,grasp,held,94,58,604,560,737,1556,-2,-1,184,70,128,-30
38.48681,grasp,held,94,58,604,560,736,1556,-2,-1,184,70,128,-30
38.48798,grasp,held,94,58,604,560,736,1556,-2,-1,184,70,128,-30
38.48913,grasp,held,94,58,604,560,736,1556,-2,-1,184,70,128,-30
38.49030,grasp,held,94,58,604,560,736,1556,-2,-1,184,70,128,-30
38.49687,grasp,held,94,58,604,560,736,1556,-2,-1,184,70,128,-30
38.49809,grasp,held,94,58,604,560,736,1556,-2,-1,184,70,128,-30
38.49919,grasp,held,94,58,604,560,736,1556,-1,-1,184,70,128,-30
38.50040,grasp,held,94,58,604,560,736,1556,-1,-1,184,70,128,-30
38.50159,grasp,held,94,58,604,560,736,1556,-1,-1,184,70,128,-30
38.50278,grasp,held,94,58,604,560,736,1556,-1,-1,184,70,128,-30
38.50403,grasp,held,94,58,608,560,736,1556,-1,-1,206,70,128,-30
38.50519,grasp,held,94,58,608,560,736,1556,-1,-1,206,62,128,-30
38.50635,grasp,held,94,58,608,560,736,1556,-1,-1,206,62,132,-30
38.51661,grasp,held,94,58,608,560,736,1556,-1,-1,206,62,132,-30
38.51783,grasp,held,94,58,608,560,736,1556,-1,-1,206,62,132,-30
38.51915,grasp,held,94,58,608,560,736,1556,-1,-1,206,62,132,-30
38.52080,grasp,held,94,58,608,560,736,1556,-1,-1,206,62,132,-30
38.52740,grasp,held,94,58,608,560,736,1556,-1,-1,206,62,132,-30
38.52861,grasp,held,94,58,608,560,736,1556,-2,-1,206,62,132,-30
38.52981,grasp,held,94,58,608,560,736,1556,-2,-1,206,62,132,-30
38.53110,grasp,held,94,58,608,560,736,1556,-2,-1,206,62,132,-30
38.53221,grasp,held,94,58,608,560,736,1556,-2,-1,206,62,132,-30
38.53344,grasp,held,94,58,606,560,736,1556,-2,-1,169,62,132,-30
38.53462,grasp,held,94,58,606,560,736,1556,-2,-1,169,61,132,-30
38.53584,grasp,held,94,58,606,560,736,1556,-2,-1,169,61,132,-30
38.53706,grasp,held,94,58,606,560,735,1556,-2,-1,169,61,132,-30
38.54718,grasp,held,94,58,606,560,735,1556,-2,-1,169,61,132,-30
38.54837,grasp,held,94,58,606,560,735,1556,-2,-1,169,61,132,-30
38.54954,grasp,held,94,58,606,560,735,1556,-2,-1,169,61,132,-30
38.55079,grasp,held,94,58,606,560,735,1556,-2,-1,169,61,132,-30
38.55202,grasp,held,94,58,606,560,735,1556,-2,-1,169,61,132,-30
38.55889,grasp,held,94,58,606,560,735,1556,-1,-1,169,61,132,-30
38.56033,grasp,held,94,58,606,560,735,1556,-1,-1,169,61,132,-30
38.56163,grasp,held,94,58,606,560,735,1556,-1,-1,169,61,132,-30
38.56290,grasp,held,94,58,606,560,735,1556,-1,-1,124,61,132,-30
38.56412,grasp,held,94,58,603,560,735,1556,-1,-1,124,61,132,-30
38.56533,grasp,held,94,58,603,560,735,1556,-1,-1,124,66,132,-30
38.56644,grasp,held,94,58,603,560,735,1556,-1,-1,124,66,130,-30
38.56767,grasp,held,94,58,603,560,734,1556,-1,-1,124,66,130,-30
38.57789,grasp,held,94,58,603,560,734,1556,-1,-1,124,66,130,-30
38.57939,grasp,held,94,58,603,560,734,1556,-1,-1,124,66,130,-30
38.58056,grasp,held,94,58,603,560,734,1556,-1,-1,124,66,130,-30
38.58176,grasp,held,94,58,603,560,734,1556,-1,-1,124,66,130,-30
38.58296,grasp,held,94,58,603,560,734,1556,-1,-1,124,66,130,-30
38.59016,grasp,held,94,58,603,560,734,1556,-1,-1,124,66,130,-30
38.59130,grasp,held,94,58,603,560,734,1556,-1,-1,124,66,130,-30
38.59263,grasp,held,94,58,603,560,734,1556,-1,-1,117,66,130,-30
38.59415,grasp,held,94,58,602,560,734,1556,-1,-1,117,66,130,-30
38.59567,grasp,held,94,58,602,560,734,1556,-1,-1,117,66,130,-30
38.59681,grasp,held,94,58,602,560,734,1556,-1,-1,117,66,129,-30
38.59802,grasp,held,94,58,602,560,734,1556,-1,-1,117,66,129,-30
38.59919,grasp,held,94,58,602,560,734,1556,-1,-1,117,66,129,-30
38.60978,grasp,held,94,58,602,560,734,1556,-1,-1,117,66,129,-30
38.61101,grasp,held,94,58,602,560,734,1556,-1,-1,117,66,129,-30
38.61220,grasp,held,94,58,602,560,734,1556,-1,-1,117,66,129,-30
38.61335,grasp,held,94,58,602,560,734,1556,-1,-1,117,66,129,-30
38.62006,grasp,held,94,58,602,560,734,1556,-1,-1,117,66,129,-30
38.62114,grasp,held,94,58,602,560,734,1556,-1,-1,117,66,129,-30
38.62237,grasp,held,94,58,602,560,734,1556,-1,-1,120,66,129,-30
38.62358,grasp,held,94,58,602,560,734,1556,-1,-1,120,66,129,-30
38.62488,grasp,held,94,58,602,560,734,1556,-1,-1,120,68,129,-30
38.62627,grasp,held,94,58,602,560,734,1556,-1,-1,120,68,129,-30
38.62752,grasp,held,94,58,602,560,734,1556,-1,-1,120,68,129,-30
38.62880,grasp,held,94,58,602,560,734,1556,-1,-1,120,68,129,-30
38.63003,grasp,held,94,58,602,560,734,1556,-1,-1,120,68,129,-30
38.64029,grasp,held,94,58,602,560,734,1556,-1,-1,120,68,129,-30
38.64169,grasp,held,94,58,602,560,734,1556,-1,-1,120,68,129,-30
38.64294,grasp,held,94,58,602,560,734,1556,-1,-1,120,68,129,-30
38.64410,grasp,held,94,58,602,560,734,1556,-1,-1,120,68,129,-30
38.64537,grasp,held,94,58,602,560,734,1556,-1,-1,120,68,129,-30
38.65202,grasp,held,94,58,602,560,734,1556,-1,-1,120,68,129,-30
38.65319,grasp,held,94,58,602,560,734,1556,-1,-1,120,68,129,-30
38.65439,grasp,held,94,58,602,560,734,1556,-1,-1,120,70,129,-30
38.65560,grasp,held,94,58,602,560,734,1556,-1,-1,120,70,129,-30
38.65688,grasp,held,94,58,602,560,734,1556,-1,-1,120,70,128,-30
38.65805,grasp,held,94,58,602,560,734,1556,-1,-1,120,70,128,-30
38.65924,grasp,held,94,58,602,560,734,1556,-1,-1,120,70,128,-30
38.66040,grasp,held,94,58,602,560,734,1556,-1,-1,120,70,128,-30
38.67080,grasp,held,94,58,602,560,734,1556,-1,-1,120,70,128,-30
38.67219,grasp,held,94,58,602,560,734,1556,-1,-1,120,70,128,-30
38.67358,grasp,held,94,58,602,560,734,1556,-1,-1,120,70,128,-30
38.67489,grasp,held,94,58,602,560,734,1556,-1,-1,120,70,128,-30
38.67616,grasp,held,94,58,602,560,734,1556,-1,-1,120,70,128,-30
38.68315,grasp,held,94,58,602,560,734,1556,-1,-1,121,70,128,-30
38.68434,grasp,held,94,58,602,560,734,1556,-1,-1,121,70,128,-30
38.68552,grasp,held,94,58,602,560,734,1556,-1,-1,121,70,128,-30
38.68675,grasp,held,94,58,602,560,734,1556,-1,-1,121,70,128,-30
38.68796,grasp,held,94,58,602,560,734,1556,-1,-1,121,70,128,-30
38.68918,grasp,held,94,58,602,560,734,1556,-1,-1,121,70,128,-30
38.69069,grasp,held,94,58,602,560,734,1556,-1,-1,121,70,128,-30
38.69189,grasp,held,94,58,602,560,734,1556,-1,-1,121,70,128,-30
38.70222,grasp,held,94,58,602,560,734,1556,-1,-1,121,70,128,-30
38.70345,grasp,held,94,58,602,560,734,1556,-1,-1,121,70,128,-30
38.70475,grasp,held,94,58,602,560,734,1556,-1,-1,121,70,128,-30
38.70596,grasp,held,94,58,602,560,734,1556,-1,-1,121,70,128,-30
38.70710,grasp,held,94,58,602,560,734,1556,-1,-1,121,70,128,-30
38.71362,grasp,held,94,58,602,560,734,1556,-1,-1,121,70,128,-30
38.71484,grasp,held,94,58,602,560,734,1556,-1,-1,121,70,128,-30
38.71602,grasp,held,94,58,602,560,734,1556,-1,-1,121,70,128,-30
38.71723,grasp,held,94,58,602,560,734,1556,-1,-1,121,70,127,-30
38.71839,grasp,held,94,58,602,560,734,1556,-1,-1,121,70,127,-30
38.71995,grasp,held,94,58,602,560,734,1556,-1,-1,121,70,127,-30
38.72118,grasp,held,94,58,602,560,734,1556,-1,-1,121,70,127,-30
38.72234,grasp,held,94,58,602,560,734,1556,-1,-1,121,70,127,-30
38.72359,grasp,held,94,58,602,560,734,1556,-1,-1,121,70,127,-30
38.73377,grasp,held,94,58,602,560,734,1556,-1,-1,121,70,127,-30
38.73493,grasp,held,94,58,602,560,734,1556,-1,-1,121,70,127,-30
38.73619,grasp,held,94,58,602,560,734,1556,-1,-1,121,70,127,-30
38.73734,grasp,held,94,58,602,560,734,1556,-1,-1,121,70,127,-30
38.73859,grasp,held,94,58,602,560,734,1556,-1,-1,119,70,127,-30
38.74493,grasp,held,94,58,602,560,734,1556,-1,-1,119,70,127,-30
38.74611,grasp,held,94,58,602,560,734,1556,-1,-1,119,70,127,-30
38.74730,grasp,held,94,58,602,560,734,1556,-1,-1,119,70,128,-30
38.74847,grasp,held,94,58,602,560,734,1556,-1,-1,119,70,128,-30
38.74969,grasp,held,94,58,602,560,734,1556,-1,-1,119,70,128,-30
38.75100,grasp,held,94,58,602,560,734,1556,-1,-1,119,70,128,-30
38.75243,grasp,held,94,58,602,560,734,1556,-1,-1,119,70,128,-30
38.75366,grasp,held,94,58,602,560,734,1556,-1,-1,119,70,128,-30
38.76391,grasp,held,94,58,602,560,734,1556,-1,-1,119,70,128,-30
38.76513,grasp,held,94,58,602,560,734,1556,-1,-1,119,70,128,-30
38.76652,grasp,held,94,58,602,560,734,1556,-1,-1,119,70,128,-30
38.76771,grasp,held,94,58,602,560,734,1556,-1,-1,119,70,128,-30
38.76926,grasp,held,94,58,602,560,734,1556,-1,-1,119,70,128,-30
38.77586,grasp,held,94,58,602,560,734,1556,-1,-1,119,70,128,-30
38.77708,grasp,held,94,58,602,560,734,1556,-1,-1,119,72,128,-30
38.77829,grasp,held,94,58,602,560,734,1556,-1,-1,119,72,128,-30
38.77947,grasp,held,94,58,602,560,734,1556,-1,-1,119,72,128,-30
38.78070,grasp,held,94,58,602,560,734,1556,-1,-1,119,72,128,-30
38.78193,grasp,held,94,58,602,560,734,1556,-1,-1,119,72,128,-30
38.78311,grasp,held,94,58,602,560,734,1556,-1,-1,119,72,128,-30
38.78432,grasp,held,94,58,602,560,734,1556,-1,-1,119,72,128,-30
38.78552,grasp,held,94,58,602,560,734,1556,-1,-1,119,72,128,-30
38.79611,grasp,held,94,58,602,560,734,1556,-1,-1,119,72,128,-30
38.79797,grasp,held,94,58,602,560,734,1556,-1,-1,119,72,128,-30
38.79946,grasp,held,94,58,602,560,734,1556,-1,-1,122,72,128,-30
38.80610,grasp,held,94,58,602,560,734,1556,-1,-1,122,73,128,-30
38.80731,grasp,held,94,58,602,560,734,1556,-1,-1,122,73,127,-30
38.80843,grasp,held,94,58,602,560,734,1556,-1,-1,122,73,127,-30
38.80967,grasp,held,94,58,602,560,734,1556,-1,-1,122,73,127,-30
38.81088,grasp,held,94,58,602,560,734,1556,-1,-1,122,73,127,-30
38.81204,grasp,held,94,58,602,560,734,1556,-1,-1,122,73,127,-30
38.81330,grasp,held,94,58,602,560,734,1556,-1,-1,122,73,127,-30
38.81455,grasp,held,94,58,602,560,734,1556,-1,-1,122,73,127,-30
38.81571,grasp,held,94,58,602,560,734,1556,-1,-1,122,73,127,-30
38.82594,grasp,held,94,58,602,560,734,1556,-1,-1,122,73,127,-30
38.82711,grasp,held,94,58,602,560,734,1556,-1,-1,122,73,127,-30
38.82830,grasp,held,94,58,602,560,734,1556,-1,-1,122,73,127,-30
38.82949,grasp,held,94,58,602,560,734,1556,-1,-1,122,73,127,-30
38.83075,grasp,held,94,58,602,560,734,1556,-1,-1,123,73,127,-30
38.83710,grasp,held,94,58,602,560,734,1556,-1,-1,123,74,127,-30
38.83872,grasp,held,94,58,602,560,734,1556,-1,-1,123,74,127,-30
38.84022,grasp,held,94,58,602,560,734,1556,-1,-1,123,74,127,-30
38.84155,grasp,held,94,58,602,560,734,1556,-1,-1,123,74,127,-30
38.84276,grasp,held,94,58,602,560,734,1556,-1,-1,123,74,127,-30
38.84398,grasp,held,94,58,602,560,734,1556,-1,-1,123,74,127,-30
38.84523,grasp,held,94,58,602,560,734,1556,-1,-1,123,74,127,-30
38.84638,grasp,held,94,58,602,560,734,1556,-1,-1,123,74,127,-30
38.84764,grasp,held,94,58,602,560,734,1556,-1,-1,123,74,127,-30
38.85815,grasp,held,94,58,602,560,734,1556,-1,-1,123,74,127,-30
38.85929,grasp,held,94,58,602,560,734,1556,-1,-1,125,74,127,-30
38.86046,grasp,held,94,58,602,560,734,1556,-1,-1,125,74,127,-30
38.86166,grasp,held,94,58,602,560,734,1556,-1,-1,125,74,127,-30
38.86828,grasp,held,94,58,602,560,734,1556,-1,-1,125,74,126,-30
38.86976,grasp,held,94,58,602,560,734,1556,-1,-1,125,74,126,-30
38.87095,grasp,held,94,58,602,560,734,1556,-1,-1,125,74,126,-30
38.87244,grasp,held,94,58,602,560,734,1556,-1,-1,125,74,126,-30
38.87363,grasp,held,94,58,602,560,734,1556,-1,-1,125,74,126,-30
38.87512,grasp,held,94,58,602,560,734,1556,-1,-1,125,74,126,-30
38.87656,grasp,held,94,58,602,560,734,1556,-1,-1,125,74,126,-30
38.87775,grasp,held,94,58,602,560,734,1556,-1,-1,125,74,126,-30
38.88793,grasp,held,94,58,602,560,734,1556,-1,-1,125,74,126,-30
38.88907,grasp,held,94,58,602,560,734,1556,-1,-1,125,74,126,-30
38.89026,grasp,held,94,58,602,560,734,1556,-1,-1,125,74,126,-30
38.89155,grasp,held,94,58,602,560,734,1556,-1,-1,125,74,126,-30
38.89275,grasp,held,94,58,602,560,734,1556,-1,-1,125,74,126,-30
38.89919,grasp,held,94,58,602,560,734,1556,-1,-1,125,74,126,-30
38.90059,grasp,held,94,58,602,560,734,1556,-1,-1,125,74,126,-30
38.90176,grasp,held,94,58,602,560,734,1556,-1,-1,125,74,126,-30
38.90299,grasp,held,94,58,602,560,734,1556,-1,-1,125,74,126,-30
38.90418,grasp,held,94,58,602,560,734,1556,-1,-1,125,74,126,-30
38.90533,grasp,held,94,58,602,560,734,1556,-1,-1,125,74,126,-30
38.90653,grasp,held,94,58,602,560,734,1556,-1,-1,125,74,126,-30
38.90773,grasp,held,94,58,602,560,734,1556,-1,-1,125,74,126,-30
38.90894,grasp,held,94,58,602,560,734,1556,-1,-1,125,74,126,-30
38.91928,grasp,held,94,58,602,560,734,1556,-1,-1,125,74,126,-30
38.92081,grasp,held,94,58,602,560,734,1556,-1,-1,125,74,126,-30
38.92201,grasp,held,94,58,602,560,734,1556,-1,-1,125,74,126,-30
38.92319,grasp,held,94,58,602,560,734,1556,-1,-1,125,74,126,-30
38.92437,grasp,held,94,58,602,560,734,1556,-1,-1,125,74,126,-30
38.93111,grasp,held,94,58,602,560,734,1556,-1,-1,125,74,126,-30
38.93262,grasp,held,94,58,602,560,734,1556,-1,-1,125,74,126,-30
38.93414,grasp,held,94,58,602,560,734,1556,-1,-1,125,74,126,-30
38.93533,grasp,held,94,58,602,560,734,1556,-1,-1,125,74,126,-30
38.93646,grasp,held,94,58,602,560,734,1556,-1,-1,125,74,126,-30
38.93763,grasp,held,94,58,602,560,734,1556,-1,-1,125,74,126,-30
38.93882,grasp,held,94,58,602,560,734,1556,-1,-1,125,74,126,-30
38.94007,grasp,held,94,58,602,560,734,1556,-1,-1,125,74,126,-30
38.95050,grasp,held,94,58,602,560,734,1556,-1,-1,125,74,126,-30
38.95170,grasp,held,94,58,602,560,734,1556,-1,-1,119,74,126,-30
38.95301,grasp,held,94,58,602,560,734,1556,-1,-1,119,75,126,-30
38.95427,grasp,held,94,58,602,560,734,1556,-1,-1,119,75,126,-30
38.96143,grasp,held,94,58,602,560,734,1556,-1,-1,119,75,127,-30
38.96289,grasp,held,94,58,602,560,734,1556,-1,-1,119,75,127,-30
38.96405,grasp,held,94,58,602,560,734,1556,-1,-1,119,75,127,-30
38.96525,grasp,held,94,58,602,560,734,1556,-1,-1,119,75,127,-30
38.96645,grasp,held,94,58,602,560,734,1556,-1,-1,119,75,127,-30
38.96804,grasp,held,94,58,602,560,734,1556,-1,-1,119,75,127,-30
38.96921,grasp,held,94,58,602,560,734,1556,-1,-1,119,75,127,-30
38.97036,grasp,held,94,58,602,560,734,1556,-1,-1,119,75,127,-30
38.97155,grasp,held,94,58,602,560,734,1556,-1,-1,119,75,127,-30
38.98213,grasp,held,94,58,602,560,734,1556,-1,-1,118,75,127,-30
38.98351,grasp,held,94,58,602,560,734,1556,-1,-1,118,75,127,-30
38.98475,grasp,held,94,58,602,560,734,1556,-1,-1,118,75,127,-30
38.98653,grasp,held,94,58,602,560,734,1556,-1,-1,118,75,127,-30
38.99269,grasp,held,94,58,602,560,734,1556,-1,-1,118,75,127,-30
38.99425,grasp,held,94,58,602,560,734,1556,-1,-1,118,75,127,-30
38.99538,grasp,held,94,58,602,560,734,1556,-1,-1,118,75,127,-30
38.99659,grasp,held,94,58,602,560,734,1556,-1,-1,118,75,127,-30
38.99796,grasp,held,94,58,602,560,734,1556,-1,-1,118,75,127,-30
38.99942,grasp,held,94,58,602,560,734,1556,-2,-1,118,75,127,-30
39.00095,grasp,held,94,58,602,560,734,1556,-2,-1,118,75,127,-30
39.01186,grasp,held,94,58,602,560,734,1556,-2,-1,115,75,127,-30
39.01331,grasp,held,94,58,602,560,734,1556,-2,-1,115,74,127,-30
39.01449,grasp,held,94,58,602,560,734,1556,-2,-1,115,74,127,-30
39.01570,grasp,held,94,58,602,560,734,1556,-2,-1,115,74,127,-30
39.01737,grasp,held,94,58,602,560,734,1556,-2,-1,115,74,127,-30
39.02373,grasp,held,94,58,602,560,734,1556,-2,-1,115,74,127,-30
39.02530,grasp,held,94,58,602,560,734,1556,-2,-1,115,74,127,-30
39.02652,grasp,held,94,58,602,560,734,1556,-2,-1,115,74,127,-30
39.02776,grasp,held,94,58,602,560,734,1556,-2,-1,115,74,127,-30
39.02897,grasp,held,94,58,602,560,734,1556,-1,-1,115,74,127,-30
39.03019,grasp,held,94,58,602,560,734,1556,-1,-1,115,74,127,-30
39.03172,grasp,held,94,58,602,560,734,1556,-1,-1,115,74,127,-30
39.03293,grasp,held,94,58,602,560,734,1556,-1,-1,116,74,127,-30
39.04321,grasp,held,94,58,602,560,734,1556,-1,-1,116,73,127,-30
39.04508,grasp,held,94,58,602,560,734,1556,-1,-1,116,73,127,-30
39.04651,grasp,held,94,58,602,560,734,1556,-1,-1,116,73,127,-30
39.04769,grasp,held,94,58,602,560,734,1556,-1,-1,116,73,127,-30
39.05443,grasp,held,94,58,602,560,734,1556,-1,-1,116,73,127,-30
39.05621,grasp,held,94,58,602,560,734,1556,-1,-1,116,73,127,-30
39.05736,grasp,held,94,58,602,560,734,1556,-1,-1,116,73,127,-30
39.05851,grasp,held,94,58,602,560,734,1556,-1,-1,116,73,127,-30
39.05974,grasp,held,94,58,602,560,734,1556,-1,-1,116,73,127,-30
39.06098,grasp,held,94,58,602,560,734,1556,-1,-1,116,73,127,-30
39.06230,grasp,held,94,58,602,560,734,1556,-1,-1,116,73,127,-30
39.06375,grasp,held,94,58,602,560,734,1556,-1,-1,117,73,127,-30
39.07392,grasp,held,94,58,602,560,734,1556,-1,-1,117,72,127,-30
39.07539,grasp,held,94,58,602,560,734,1556,-1,-1,117,72,127,-30
39.07660,grasp,held,94,58,602,560,734,1556,-1,-1,117,72,127,-30
39.07781,grasp,held,94,58,602,560,734,1556,-1,-1,117,72,127,-30
39.07905,grasp,held,94,58,602,560,734,1556,-1,-1,117,72,127,-30
39.08565,grasp,held,94,58,602,560,734,1556,-1,-1,117,72,127,-30
39.08683,grasp,held,94,58,602,560,734,1556,-1,-1,117,72,127,-30
39.08804,grasp,held,94,58,602,560,734,1556,-1,-1,117,72,127,-30
39.08919,grasp,held,94,58,602,560,734,1556,-1,-1,117,72,127,-30
39.09039,grasp,held,94,58,602,560,734,1556,-1,-1,117,72,127,-30
39.09160,grasp,held,94,58,602,560,734,1556,-1,-1,117,72,127,-30
39.09290,grasp,held,94,58,602,560,734,1556,-1,-1,117,72,127,-30
39.09404,grasp,held,94,58,602,560,734,1556,-1,-1,117,71,127,-30
39.09536,grasp,held,94,58,602,560,734,1556,-1,-1,117,71,127,-30
39.10546,grasp,held,94,58,602,560,734,1556,-1,-1,117,71,127,-29
39.10670,grasp,held,94,58,602,560,734,1556,-1,-1,117,71,127,-29
39.10790,grasp,held,94,58,602,560,734,1556,-1,-1,117,71,127,-29
39.10910,grasp,held,94,58,602,560,734,1556,-1,-1,117,71,127,-29
39.11027,grasp,held,94,58,602,560,734,1556,-1,-1,117,71,127,-29
39.11669,grasp,held,94,58,602,560,734,1556,-1,-1,117,71,127,-29
39.11818,grasp,held,94,58,602,560,734,1556,-1,-1,117,71,127,-29
39.11934,grasp,held,94,58,602,560,734,1556,-1,-1,117,71,127,-29
39.12058,grasp,held,94,58,602,560,734,1556,-1,-1,117,71,127,-29
39.12178,grasp,held,94,58,602,560,734,1556,-1,-1,117,71,127,-29
39.12302,grasp,held,94,58,602,560,734,1556,-1,-1,117,71,127,-29
39.12424,grasp,held,94,58,602,560,734,1556,-1,-1,117,73,127,-29
39.12540,grasp,held,94,58,602,560,734,1556,-1,-1,117,73,127,-29
39.13585,grasp,held,94,58,602,560,734,1556,-1,-1,117,73,127,-29
39.13733,grasp,held,94,58,602,560,734,1556,-1,-1,117,73,127,-29
39.13846,grasp,held,94,58,602,560,734,1556,-1,-1,117,73,127,-29
39.13971,grasp,held,94,58,602,560,734,1556,-1,-1,117,73,127,-29
39.14097,grasp,held,94,58,602,560,734,1556,-1,-1,117,73,127,-29
39.14829,grasp,held,94,58,602,560,734,1556,-2,-1,117,73,127,-29
39.15006,grasp,held,94,58,602,560,734,1556,-2,-1,117,73,127,-29
39.15122,grasp,held,94,58,602,560,734,1556,-2,-1,117,73,127,-29
39.15236,grasp,held,94,58,602,560,734,1556,-2,-1,117,73,127,-29
39.15357,grasp,held,94,58,602,560,734,1556,-2,-1,117,73,127,-29
39.15482,grasp,held,94,58,602,560,734,1556,-2,-1,117,72,127,-29
39.15602,grasp,held,94,58,602,560,734,1556,-2,-1,117,72,127,-29
39.15719,grasp,held,94,58,602,560,734,1556,-2,-1,117,72,127,-29
39.16777,grasp,held,94,58,602,560,734,1556,-2,-1,117,72,127,-29
39.16911,grasp,held,94,58,602,560,734,1556,-2,-1,117,72,127,-29
39.17031,grasp,held,94,58,602,560,734,1556,-2,-1,117,72,127,-29
39.17152,grasp,held,94,58,602,560,734,1556,-2,-1,117,72,127,-29
39.17809,grasp,held,94,58,602,560,734,1556,-2,-1,117,72,127,-29
39.17924,grasp,held,94,58,602,560,734,1556,-2,-1,117,72,127,-29
39.18039,grasp,held,94,58,602,560,734,1556,-2,-1,117,72,127,-29
39.18161,grasp,held,94,58,602,560,734,1556,-2,-1,117,72,127,-29
39.18281,grasp,held,94,58,602,560,734,1556,-2,-1,116,72,127,-29
39.18415,grasp,held,94,58,602,560,734,1556,-2,-1,116,72,127,-29
39.18598,grasp,held,94,58,602,560,734,1556,-2,-1,116,73,127,-29
39.18781,grasp,held,94,58,602,560,734,1556,-2,-1,116,73,127,-29
39.19789,grasp,held,94,58,602,560,734,1556,-2,-1,116,73,127,-29
39.19927,grasp,held,94,58,602,560,734,1556,-2,-1,116,73,127,-29
39.20046,grasp,held,94,58,602,560,734,1556,-2,-1,116,73,127,-29
39.20168,grasp,held,94,58,602,560,734,1556,-2,-1,116,73,127,-29
39.20289,grasp,held,94,58,602,560,734,1556,-2,-1,116,73,127,-29
39.20922,grasp,held,94,58,602,560,734,1556,-2,-1,116,73,127,-29
39.21039,grasp,held,94,58,602,560,734,1556,-1,-1,116,73,127,-29
39.21159,grasp,held,94,58,602,560,734,1556,-1,-1,116,73,127,-29
39.21280,grasp,held,94,58,602,560,734,1556,-1,-1,116,73,127,-29
39.21402,grasp,held,94,58,602,560,734,1556,-1,-1,116,73,127,-29
39.21522,grasp,held,94,58,602,560,734,1556,-1,-1,116,73,127,-29
39.21638,grasp,held,94,58,602,560,734,1556,-1,-1,116,73,127,-29
39.21771,grasp,held,94,58,602,560,734,1556,-1,-1,116,73,127,-29
39.21933,grasp,held,94,58,602,560,734,1556,-1,-1,116,73,127,-29
39.22981,grasp,held,94,58,602,560,734,1556,-1,-1,116,73,127,-29
39.23103,grasp,held,94,58,602,560,734,1556,-1,-1,116,73,127,-29
39.23219,grasp,held,94,58,602,560,734,1556,-1,-1,116,73,127,-29
39.23354,grasp,held,94,58,602,560,734,1556,-1,-1,116,73,127,-29
39.24030,grasp,held,94,58,602,560,734,1556,-1,-1,116,73,127,-29
39.24141,grasp,held,94,58,602,560,734,1556,-1,-1,116,73,127,-29
39.24270,grasp,held,94,58,602,560,734,1556,-1,-1,115,73,127,-29
39.24425,grasp,held,94,58,602,560,734,1556,-1,-1,115,73,127,-29
39.24540,grasp,held,94,58,602,560,734,1556,-1,-1,115,73,127,-29
39.24666,grasp,held,94,58,602,560,734,1556,-1,-1,115,73,127,-29
39.24786,grasp,held,94,58,602,560,734,1556,-1,-1,115,73,127,-30
39.24904,grasp,held,94,58,602,560,734,1556,-1,-1,115,73,127,-30
39.25029,grasp,held,94,58,602,560,734,1556,-1,-1,115,73,127,-30
39.26072,grasp,held,94,58,602,560,734,1556,-1,-1,115,73,127,-30
39.26192,grasp,held,94,58,602,560,734,1556,-1,-1,115,73,127,-30
39.26309,grasp,held,94,58,602,560,734,1556,-1,-1,115,73,127,-30
39.26432,grasp,held,94,58,602,560,734,1556,-1,-1,115,73,127,-30
39.27119,grasp,held,94,58,602,560,734,1556,-2,-1,115,73,127,-30
39.27232,grasp,held,94,58,602,560,734,1556,-2,-1,116,73,127,-30
39.27356,grasp,held,94,58,602,560,734,1556,-2,-1,116,73,127,-30
39.27477,grasp,held,94,58,602,560,734,1556,-2,-1,116,73,127,-30
39.27595,grasp,held,94,58,602,560,734,1556,-2,-1,116,73,127,-30
39.27721,grasp,held,94,58,602,560,734,1556,-2,-1,116,73,127,-30
39.27840,grasp,held,94,58,602,560,734,1556,-2,-1,116,73,127,-29
39.27965,grasp,held,94,58,602,560,734,1556,-2,-1,116,73,127,-29
39.28085,grasp,held,94,58,602,560,734,1556,-2,-1,116,73,127,-29
39.29114,grasp,held,94,58,602,560,734,1556,-2,-1,116,73,127,-29
39.29231,grasp,held,94,58,602,560,734,1556,-2,-1,116,73,127,-29
39.29346,grasp,held,94,58,602,560,734,1556,-2,-1,116,73,127,-29
39.29472,grasp,held,94,58,602,560,734,1556,-1,-1,116,73,127,-29
39.29589,grasp,held,94,58,602,560,734,1556,-1,-1,116,73,127,-29
39.30235,grasp,held,94,58,602,560,734,1556,-1,-1,116,73,127,-29
39.30347,grasp,held,94,58,602,560,734,1556,-1,-1,115,73,127,-29
39.30475,grasp,held,94,58,602,560,734,1556,-1,-1,115,73,127,-29
39.30593,grasp,held,94,58,602,560,734,1556,-1,-1,115,73,127,-29
39.30719,grasp,held,94,58,602,560,734,1556,-1,-1,115,73,127,-29
39.30832,grasp,held,94,58,602,560,734,1556,-1,-1,115,73,127,-29
39.30953,grasp,held,94,58,602,560,734,1556,-1,-1,115,73,127,-29
39.31078,grasp,held,94,58,602,560,734,1556,-1,-1,115,73,127,-29
39.31197,grasp,held,94,58,602,560,734,1556,-1,-1,115,73,127,-29
39.32233,grasp,held,94,58,602,560,734,1556,-1,-1,115,73,127,-29
39.32350,grasp,held,94,58,602,560,734,1556,-1,-1,115,73,127,-29
39.32475,grasp,held,94,58,602,560,734,1556,-1,-1,115,73,127,-29
39.32597,grasp,held,94,58,602,560,734,1556,-1,-1,115,73,127,-29
39.32713,grasp,held,94,58,602,560,734,1556,-2,-1,115,73,127,-29
39.33412,grasp,held,94,58,602,560,734,1556,-2,-1,115,73,127,-29
39.33536,grasp,held,94,58,602,560,734,1556,-2,-1,115,73,127,-29
39.33647,grasp,held,94,58,602,560,734,1556,-2,-1,115,73,127,-29
39.33794,grasp,held,94,58,602,560,734,1556,-2,-1,115,73,127,-29
39.33925,grasp,held,94,58,602,560,734,1556,-2,-1,115,73,127,-29
39.34042,grasp,held,94,58,602,560,734,1556,-2,-1,115,73,127,-29
39.34163,grasp,held,94,58,602,560,734,1556,-2,-1,115,73,127,-29
39.34290,grasp,held,94,58,602,560,734,1556,-2,-1,115,73,127,-29
39.35310,grasp,held,94,58,602,560,734,1556,-2,-1,115,73,127,-29
39.35428,grasp,held,94,58,602,560,734,1556,-2,-1,115,73,127,-29
39.35550,grasp,held,94,58,602,560,734,1556,-2,-1,115,73,127,-29
39.35668,grasp,held,94,58,602,560,734,1556,-2,-1,115,73,127,-29
39.35795,grasp,held,94,58,602,560,734,1556,-2,-1,115,73,127,-29
39.36425,grasp,held,94,58,602,560,734,1556,-2,-1,115,73,127,-29
39.36544,grasp,held,94,58,602,560,734,1556,-2,-1,115,73,127,-29
39.36665,grasp,held,94,58,602,560,734,1556,-2,-1,115,73,127,-29
39.36785,grasp,held,94,58,602,560,734,1556,-2,-1,115,73,127,-29
39.36903,grasp,held,94,58,602,560,734,1556,-2,-1,115,73,127,-29
39.37022,grasp,held,94,58,602,560,734,1556,-2,-1,115,73,127,-29
39.37136,grasp,held,94,58,602,560,734,1556,-2,-1,115,73,127,-29
39.37262,grasp,held,94,58,602,560,734,1556,-2,-1,115,73,127,-29
39.37380,grasp,held,94,58,602,560,734,1556,-2,-1,115,73,127,-29
39.38414,grasp,held,94,58,602,560,734,1556,-2,-1,115,73,127,-29
39.38572,grasp,held,94,58,602,560,734,1556,-2,-1,115,73,127,-29
39.38707,grasp,held,94,58,602,560,734,1556,-1,-1,115,73,127,-29
39.38854,grasp,held,94,58,602,560,734,1556,-1,-1,115,73,127,-29
39.39496,grasp,held,94,58,602,560,734,1556,-1,-1,115,73,127,-29
39.39647,grasp,held,94,58,602,560,734,1556,-1,-1,115,73,127,-29
39.39772,grasp,held,94,58,602,560,734,1556,-1,-1,115,73,127,-29
39.39925,grasp,held,94,58,602,560,734,1556,-1,-1,115,73,127,-29
39.40074,grasp,held,94,58,602,560,734,1556,-1,-1,115,73,127,-29
39.40191,grasp,held,94,58,602,560,734,1556,-1,-1,115,73,127,-29
39.40311,grasp,held,94,58,602,560,734,1556,-1,-1,115,73,127,-29
39.40432,grasp,held,94,58,602,560,734,1556,-1,-1,115,73,127,-29
39.40547,grasp,held,94,58,602,560,734,1556,-1,-1,115,73,127,-29
39.41610,grasp,held,94,58,602,560,734,1556,-2,-1,115,73,127,-29
39.41768,grasp,held,94,58,602,560,734,1556,-2,-1,115,73,127,-29
39.41895,grasp,held,94,58,602,560,734,1556,-2,-1,115,73,127,-29
39.42044,grasp,held,94,58,602,560,734,1556,-2,-1,115,73,127,-29
39.42682,grasp,held,94,58,602,560,734,1556,-2,-1,115,73,127,-29
39.42805,grasp,held,94,58,602,560,734,1556,-2,-1,115,73,127,-29
39.42926,grasp,held,94,58,602,560,734,1556,-2,-1,115,73,127,-29
39.43054,grasp,held,94,58,602,560,734,1556,-2,-1,115,73,127,-29
39.43202,grasp,held,94,58,602,560,734,1556,-2,-1,115,73,127,-29
39.43319,grasp,held,94,58,602,560,734,1556,-2,-1,115,73,127,-29
39.43439,grasp,held,94,58,602,560,734,1556,-2,-1,115,73,127,-29
39.43592,grasp,held,94,58,602,560,734,1556,-2,-1,115,73,127,-29
39.44608,grasp,held,94,58,602,560,734,1556,-2,-1,115,73,127,-29
39.44737,grasp,held,94,58,602,560,734,1556,-2,-1,115,73,127,-29
39.44884,grasp,held,94,58,602,560,734,1556,-2,-1,115,73,127,-29
39.45001,grasp,held,94,58,602,560,734,1556,-2,-1,115,73,127,-29
39.45122,grasp,held,94,58,602,560,734,1556,-2,-1,115,73,127,-29
39.45790,grasp,held,94,58,602,560,734,1556,-2,-1,115,73,127,-29
39.45910,grasp,held,94,58,602,560,734,1556,-2,-1,115,73,127,-29
39.46034,grasp,held,94,58,602,560,734,1556,-2,-1,115,73,127,-29
39.46147,grasp,held,94,58,602,560,734,1556,-2,-1,115,73,127,-29
39.46292,grasp,held,94,58,602,560,734,1556,-2,-1,115,73,127,-29
39.46472,grasp,held,94,58,602,560,734,1556,-2,-1,115,73,127,-29
39.46628,grasp,held,94,58,602,560,734,1556,-2,-1,115,73,127,-29
39.47691,grasp,held,94,58,602,560,734,1556,-1,-1,115,73,127,-29
39.47805,grasp,held,94,58,602,560,734,1556,-1,-1,115,73,127,-29
39.47927,grasp,held,94,58,602,560,734,1556,-1,-1,115,73,127,-29
39.48047,grasp,held,94,58,602,560,734,1556,-1,-1,115,74,127,-29
39.48161,grasp,held,94,58,602,560,734,1556,-1,-1,115,74,127,-29
39.48793,grasp,held,94,58,602,560,734,1556,-1,-1,115,74,127,-29
39.48913,grasp,held,94,58,602,560,734,1556,-1,-1,115,74,127,-29
39.49033,grasp,held,94,58,602,560,734,1556,-1,-1,115,74,127,-29
39.49159,grasp,held,94,58,602,560,734,1556,-1,-1,115,74,127,-29
39.49279,grasp,held,94,58,602,560,734,1556,-1,-1,115,74,127,-29
39.49393,grasp,held,94,58,602,560,734,1556,-1,-1,115,74,127,-29
39.49513,grasp,held,94,58,602,560,734,1556,-1,-1,115,74,127,-29
39.49634,grasp,held,94,58,602,560,734,1556,-1,-1,115,74,127,-29
39.49772,grasp,held,94,58,602,560,734,1556,-1,-1,115,74,127,-29
39.50807,grasp,held,94,58,602,560,734,1556,-1,-1,115,74,127,-29
39.50947,grasp,held,94,58,602,560,734,1556,-1,-1,115,74,127,-29
39.51069,grasp,held,94,58,602,560,734,1556,-1,-1,115,74,127,-29
39.51233,grasp,held,94,58,602,560,734,1556,-1,-1,115,73,127,-29
39.51341,grasp,held,94,58,602,560,734,1556,-1,-1,115,73,127,-29
39.52040,grasp,held,94,58,602,560,734,1556,-1,-1,115,73,127,-30
39.52163,grasp,held,94,58,602,560,734,1556,-1,-1,115,73,127,-30
39.52281,grasp,held,94,58,602,560,734,1556,-1,-1,115,73,127,-30
39.52401,grasp,held,94,58,602,560,734,1556,-1,-1,115,73,127,-30
39.52525,grasp,held,94,58,602,560,734,1556,-1,-1,115,73,127,-30
39.52638,grasp,held,94,58,602,560,734,1556,-1,-1,115,73,127,-30
39.52759,grasp,held,94,58,602,560,734,1556,-1,-1,115,73,127,-30
39.52883,grasp,held,94,58,602,560,734,1556,-1,-1,115,73,127,-30
39.53908,grasp,held,94,58,602,560,734,1556,-1,-1,115,73,127,-30
39.54057,grasp,held,94,58,602,560,734,1556,-1,-1,115,73,127,-30
39.54176,grasp,held,94,58,602,560,734,1556,-1,-1,115,73,127,-30
39.54299,grasp,held,94,58,602,560,734,1556,-1,-1,115,73,127,-30
39.54448,grasp,held,94,58,602,560,734,1556,-1,-1,115,73,127,-30
39.55076,grasp,held,94,58,602,560,734,1556,-1,-1,115,73,127,-30
39.55199,grasp,held,94,58,602,560,734,1556,-1,-1,115,73,127,-29
39.55318,grasp,held,94,58,602,560,734,1556,-1,-1,115,73,127,-29
39.55454,grasp,held,94,58,602,560,734,1556,-1,-1,115,73,127,-29
39.55651,grasp,held,94,58,602,560,734,1556,-1,-1,115,73,127,-29
39.55830,grasp,held,94,58,602,560,734,1556,-1,-1,115,73,127,-29
39.56018,grasp,held,94,58,602,560,734,1556,-1,-1,115,73,127,-29
39.57082,grasp,held,94,58,602,560,734,1556,-1,-1,115,73,127,-29
39.57265,grasp,held,94,58,602,560,734,1556,-1,-1,115,73,127,-29
39.57416,grasp,held,94,58,602,560,734,1556,-1,-1,115,73,127,-29
39.57532,grasp,held,94,58,602,560,734,1556,-1,-1,115,73,127,-29
39.58169,grasp,held,94,58,602,560,734,1556,-1,-1,115,73,126,-29
39.58289,grasp,held,94,58,602,560,734,1556,-1,-1,115,73,126,-29
39.58409,grasp,held,94,58,602,560,734,1556,-1,-1,115,73,126,-29
39.58541,grasp,held,94,58,602,560,734,1556,-1,-1,115,73,126,-29
39.58689,grasp,held,94,58,602,560,734,1556,-1,-1,115,73,126,-29
39.58804,grasp,held,94,58,602,560,734,1556,-1,-1,115,73,126,-29
39.58924,grasp,held,94,58,602,560,734,1556,-1,-1,115,73,126,-29
39.59044,grasp,held,94,58,602,560,734,1556,-1,-1,115,73,126,-29
39.60095,grasp,held,94,58,602,560,734,1556,-1,-1,115,73,126,-29
39.60238,grasp,held,94,58,602,560,734,1556,-1,-1,115,73,126,-29
39.60357,grasp,held,94,58,602,560,734,1556,-1,-1,115,73,126,-29
39.60488,grasp,held,94,58,602,560,734,1556,-1,-1,115,73,126,-29
39.60613,grasp,held,94,58,602,560,734,1556,-1,-1,115,73,126,-29
39.61309,grasp,held,94,58,602,560,734,1556,-1,-1,115,73,126,-30
39.61436,grasp,held,94,58,602,560,734,1556,-1,-1,115,73,126,-30
39.61552,grasp,held,94,58,602,560,734,1556,-1,-1,115,73,126,-30
39.61672,grasp,held,94,58,602,560,734,1556,-1,-1,115,73,126,-30
39.61803,grasp,held,94,58,602,560,734,1556,-1,-1,115,73,126,-30
39.61949,grasp,held,94,58,602,560,734,1556,-1,-1,115,73,126,-30
39.62070,grasp,held,94,58,602,560,734,1556,-1,-1,115,73,126,-30
39.62231,grasp,held,94,58,602,560,734,1556,-1,-1,115,73,126,-30
39.63313,grasp,held,94,58,602,560,734,1556,-1,-1,115,73,126,-30
39.63500,grasp,held,94,58,602,560,734,1556,-1,-1,115,73,126,-30
39.63679,grasp,held,94,58,602,560,734,1556,-1,-1,115,73,127,-30
39.64314,grasp,held,94,58,602,560,734,1556,-1,-1,115,73,127,-29
39.64436,grasp,held,94,58,602,560,734,1556,-1,-1,115,73,127,-29
39.64552,grasp,held,94,58,602,560,734,1556,-1,-1,115,73,127,-29
39.64679,grasp,held,94,58,602,560,734,1556,-1,-1,115,73,127,-29
39.64802,grasp,held,94,58,602,560,734,1556,-1,-1,115,73,127,-29
39.64919,grasp,held,94,58,602,560,734,1556,-1,-1,115,73,127,-29
39.65050,grasp,held,94,58,602,560,734,1556,-1,-1,115,73,127,-29
39.65201,grasp,held,94,58,602,560,734,1556,-1,-1,115,73,127,-29
39.65348,grasp,held,94,58,602,560,734,1556,-1,-1,115,73,127,-29
39.66408,grasp,held,94,58,602,560,734,1556,-1,-1,115,73,127,-29
39.66552,grasp,held,94,58,602,560,734,1556,-1,-1,115,73,127,-29
39.66671,grasp,held,94,58,602,560,734,1556,-1,-1,115,73,127,-29
39.66793,grasp,held,94,58,602,560,734,1556,-1,-1,115,73,127,-29
39.67431,grasp,held,94,58,602,560,734,1556,-1,-1,115,73,127,-29
39.67559,grasp,held,94,58,602,560,734,1556,-1,-1,115,73,127,-29
39.67702,grasp,held,94,58,602,560,734,1556,-1,-1,115,73,127,-29
39.67860,grasp,held,94,58,602,560,734,1556,-1,-1,115,73,127,-29
39.67974,grasp,held,94,58,602,560,734,1556,-1,-1,115,73,127,-29
39.68104,grasp,held,94,58,602,560,734,1556,-1,-1,115,73,127,-29
39.68250,grasp,held,94,58,602,560,734,1556,-1,-1,115,73,127,-29
39.68372,grasp,held,94,58,602,560,734,1556,-1,-1,115,73,127,-29
39.69380,grasp,held,94,58,602,560,734,1556,-1,-1,115,73,127,-29
39.69498,grasp,held,94,58,602,560,734,1556,-1,-1,115,73,127,-29
39.69627,grasp,held,94,58,602,560,734,1556,-1,-1,115,73,127,-29
39.69738,grasp,held,94,58,602,560,734,1556,-1,-1,115,73,127,-29
39.69869,grasp,held,94,58,602,560,734,1556,-1,-1,115,73,127,-29
39.70535,grasp,held,94,58,602,560,734,1556,-1,-1,115,73,127,-29
39.70651,grasp,held,94,58,602,560,734,1556,-1,-1,115,73,127,-29
39.70776,grasp,held,94,58,602,560,734,1556,-1,-1,115,73,127,-29
39.70894,grasp,held,94,58,602,560,734,1556,-1,-1,115,73,127,-29
39.71017,grasp,held,94,58,602,560,734,1556,-1,-1,115,73,127,-29
39.71134,grasp,held,94,58,602,560,734,1556,-1,-1,115,73,127,-29
39.71257,grasp,held,94,58,602,560,734,1556,-1,-1,115,73,127,-29
39.71376,grasp,held,94,58,602,560,734,1556,-1,-1,115,73,127,-29
39.71495,grasp,held,94,58,602,560,734,1556,-1,-1,115,73,127,-29
39.72513,grasp,held,94,58,602,560,734,1556,-1,-1,114,73,127,-29
39.72633,grasp,held,94,58,602,560,734,1556,-1,-1,114,73,127,-29
39.72752,grasp,held,94,58,602,560,734,1556,-1,-1,114,73,127,-29
39.72878,grasp,held,94,58,602,560,734,1556,-1,-1,114,73,127,-30
39.72999,grasp,held,94,58,602,560,734,1556,-1,-1,114,73,127,-30
39.73656,grasp,held,94,58,602,560,734,1556,-1,-1,114,73,127,-30
39.73775,grasp,held,94,58,602,560,734,1556,-1,-1,114,73,127,-30
39.73896,grasp,held,94,58,602,560,734,1556,-1,-1,114,73,127,-30
39.74011,grasp,held,94,58,602,560,734,1556,-1,-1,114,73,127,-30
39.74137,grasp,held,94,58,602,560,734,1556,-1,-1,114,73,127,-30
39.74253,grasp,held,94,58,602,560,734,1556,-1,-1,114,73,127,-30
39.74383,grasp,held,94,58,602,560,734,1556,-1,-1,114,73,127,-30
39.74497,grasp,held,94,58,602,560,734,1556,-1,-2,114,73,127,-30
39.74620,grasp,held,94,58,602,560,734,1556,-1,-2,114,73,127,-30
39.75631,grasp,held,94,58,602,560,734,1556,-1,-2,115,73,127,-30
39.75752,grasp,held,94,58,602,560,734,1556,-1,-2,115,73,127,-30
39.75874,grasp,held,94,58,602,560,734,1556,-1,-2,115,73,126,-30
39.75994,grasp,held,94,58,602,560,734,1556,-1,-2,115,73,126,-30
39.76122,grasp,held,94,58,602,560,734,1556,-1,-2,115,73,126,-30
39.76799,grasp,held,94,58,602,560,734,1556,-1,-2,115,73,126,-30
39.76912,grasp,held,94,58,602,560,734,1556,-1,-2,115,73,126,-30
39.77042,grasp,held,94,58,602,560,734,1556,-1,-2,115,73,126,-30
39.77225,grasp,held,94,58,602,560,734,1556,-1,-2,115,73,126,-30
39.77351,grasp,held,94,58,602,560,734,1556,-1,-2,115,73,126,-30
39.77541,grasp,held,94,58,602,560,734,1556,-1,-1,115,73,126,-30
39.77690,grasp,held,94,58,602,560,734,1556,-1,-1,115,73,126,-30
39.78728,grasp,held,94,58,602,560,734,1556,-1,-1,115,73,126,-30
39.78867,grasp,held,94,58,602,560,734,1556,-1,-1,115,73,127,-30
39.78990,grasp,held,94,58,602,560,734,1556,-1,-1,115,73,127,-30
39.79105,grasp,held,94,58,602,560,734,1556,-1,-1,115,73,127,-30
39.79231,grasp,held,94,58,602,560,734,1556,-1,-1,115,73,127,-30
39.79883,grasp,held,94,58,602,560,734,1556,-1,-1,115,73,127,-30
39.80001,grasp,held,94,58,602,560,734,1556,-1,-1,115,73,127,-30
39.80120,grasp,held,94,58,602,560,734,1556,-1,-1,115,73,127,-30
39.80241,grasp,held,94,58,602,560,734,1556,-1,-1,115,73,127,-30
39.80365,grasp,held,94,58,602,560,734,1556,-1,-1,115,73,127,-30
39.80482,grasp,held,94,58,602,560,734,1556,-1,-1,115,73,127,-30
39.80606,grasp,held,94,58,602,560,734,1556,-1,-1,115,73,127,-30
39.80773,grasp,held,94,58,602,560,734,1556,-1,-1,115,73,127,-30
39.81818,grasp,held,94,58,602,560,734,1556,-1,-1,115,73,127,-30
39.81999,grasp,held,94,58,602,560,734,1556,-1,-1,115,73,126,-30
39.82158,grasp,held,94,58,602,560,734,1556,-1,-1,115,73,126,-30
39.82349,grasp,held,94,58,602,560,734,1556,-1,-1,115,73,126,-30
39.83015,grasp,held,94,58,602,560,734,1556,-1,-1,115,73,126,-30
39.83196,grasp,held,94,58,602,560,734,1556,-1,-1,115,73,126,-30
39.83387,grasp,held,94,58,602,560,734,1556,-1,-1,115,73,126,-30
39.83525,grasp,held,94,58,602,560,734,1556,-1,-1,115,73,126,-30
39.83654,grasp,held,94,58,602,560,734,1556,-1,-1,115,73,126,-30
39.83800,grasp,held,94,58,602,560,734,1556,-1,-1,115,73,126,-30
39.83950,grasp,held,94,58,602,560,734,1556,-1,-1,115,73,126,-30
39.84967,grasp,held,94,58,602,560,734,1556,-1,-1,115,73,126,-30
39.85088,grasp,held,94,58,602,560,734,1556,-1,-1,115,73,126,-30
39.85211,grasp,held,94,58,602,560,734,1556,-1,-1,115,73,126,-30
39.85329,grasp,held,94,58,602,560,734,1556,-1,-1,115,73,126,-30
39.85448,grasp,held,94,58,602,560,734,1556,-1,-1,115,73,126,-30
39.86077,grasp,held,94,58,602,560,734,1556,-1,-1,115,73,126,-30
39.86192,grasp,held,94,58,602,560,734,1556,-1,-1,115,73,126,-30
39.86319,grasp,held,94,58,602,560,734,1556,-1,-1,115,73,126,-30
39.86435,grasp,held,94,58,602,560,734,1556,-1,-1,115,73,126,-30
39.86556,grasp,held,94,58,602,560,734,1556,-1,-1,115,73,126,-30
39.86688,grasp,held,94,58,602,560,734,1556,-1,-1,115,73,126,-30
39.86810,grasp,held,94,58,602,560,734,1556,-1,-1,115,73,126,-30
39.86929,grasp,held,94,58,602,560,734,1556,-1,-1,115,73,126,-30
39.87043,grasp,held,94,58,602,560,734,1556,-1,-1,115,73,126,-30
39.88079,grasp,held,94,58,602,560,734,1556,-1,-1,115,73,126,-29
39.88201,grasp,held,94,58,602,560,734,1556,-1,-1,115,73,126,-29
39.88329,grasp,held,94,58,602,560,734,1556,-1,-1,115,73,126,-29
39.88445,grasp,held,94,58,602,560,734,1556,-1,-1,115,73,126,-29
39.89117,grasp,held,94,58,602,560,734,1556,-1,-1,115,73,126,-29
39.89236,grasp,held,94,58,602,560,734,1556,-1,-1,115,73,126,-29
39.89357,grasp,held,94,58,602,560,734,1556,-1,-1,115,73,126,-29
39.89475,grasp,held,94,58,602,560,734,1556,-1,-1,115,73,126,-29
39.89600,grasp,held,94,58,602,560,734,1556,-1,-1,114,73,126,-29
39.89721,grasp,held,94,58,602,560,734,1556,-1,-1,114,73,126,-29
39.89835,grasp,held,94,58,602,560,734,1556,-1,-1,114,73,126,-29
39.89956,grasp,held,94,58,602,560,734,1556,-1,-1,114,73,126,-29
39.90074,grasp,held,94,58,602,560,734,1556,-1,-1,114,73,126,-29
39.91105,grasp,held,94,58,602,560,734,1556,-1,-1,114,73,126,-30
39.91223,grasp,held,94,58,602,560,734,1556,-1,-1,114,73,126,-30
39.91338,grasp,held,94,58,602,560,734,1556,-1,-1,114,73,126,-30
39.91469,grasp,held,94,58,602,560,734,1556,-1,-1,114,73,126,-30
39.91618,grasp,held,94,58,602,560,734,1556,-1,-1,114,73,126,-30
39.92301,grasp,held,94,58,602,560,734,1556,0,-1,114,73,126,-30
39.92417,grasp,held,94,58,602,560,734,1556,0,-1,114,73,126,-30
39.92536,grasp,held,94,58,602,560,734,1556,0,-1,114,73,126,-30
39.92662,grasp,held,94,58,602,560,734,1556,0,-1,114,73,126,-30
39.92780,grasp,held,94,58,602,560,734,1556,0,-1,114,73,126,-30
39.92934,grasp,held,94,58,602,560,734,1556,0,-1,114,73,126,-30
39.93050,grasp,held,94,58,602,560,734,1556,0,-1,114,73,127,-30
39.93175,grasp,held,94,58,602,560,734,1556,0,-1,114,73,127,-30
39.94194,grasp,held,94,58,602,560,734,1556,0,-1,114,73,127,-29
39.94311,grasp,held,94,58,602,560,734,1556,0,-1,114,73,127,-29
39.94438,grasp,held,94,58,602,560,734,1556,0,-1,114,73,127,-29
39.94556,grasp,held,94,58,602,560,734,1556,0,-1,114,73,127,-29
39.94676,grasp,held,94,58,602,560,734,1556,0,-1,114,73,127,-29
39.95303,grasp,held,94,58,602,560,734,1556,0,-1,114,73,127,-29
39.95426,grasp,held,94,58,602,560,734,1556,0,-1,114,73,127,-29
39.95547,grasp,held,94,58,602,560,734,1556,0,-1,114,73,127,-29
39.95673,grasp,held,94,58,602,560,734,1556,0,-1,115,73,127,-29
39.95795,grasp,held,94,58,602,560,734,1556,0,-1,115,73,127,-29
39.95908,grasp,held,94,58,602,560,734,1556,0,-1,115,73,127,-29
39.96037,grasp,held,94,58,602,560,734,1556,0,-1,115,73,127,-29
39.96164,grasp,held,94,58,602,560,734,1556,0,-1,115,73,127,-29
39.96281,grasp,held,94,58,602,560,734,1556,0,-1,115,73,127,-29
39.97303,grasp,held,94,58,602,560,734,1556,0,-1,115,73,127,-29
39.97423,grasp,held,94,58,602,560,734,1556,0,-1,115,73,127,-29
39.97546,grasp,held,94,58,602,560,734,1556,0,-1,115,73,127,-29
