t_s,phase,tag,pos0,pos1,pos2,pos3,pos4,pos5,force0,force1,force2,force3,force4,force5
14.07564,grasp,base,95,58,94,101,246,1558,0,0,0,0,0,0
14.07691,grasp,base,95,58,94,101,246,1558,0,0,0,0,0,0
14.07833,grasp,base,95,58,94,101,246,1558,0,0,0,0,0,0
14.07959,grasp,base,95,58,94,101,246,1558,0,0,0,0,0,0
14.08076,grasp,base,95,58,94,101,246,1558,0,0,0,0,0,0
14.08238,grasp,base,95,58,94,101,246,1558,0,0,0,0,0,0
14.09339,grasp,base,95,58,94,101,246,1558,0,0,0,0,0,0
14.09523,grasp,base,95,58,94,101,246,1558,0,0,0,0,0,0
14.09643,grasp,base,95,58,94,101,246,1558,0,0,0,0,0,0
14.09767,grasp,base,95,58,94,101,246,1558,0,0,0,0,0,0
14.10407,grasp,base,95,58,94,101,246,1558,0,0,0,0,0,0
14.10528,grasp,base,95,58,94,101,246,1558,0,0,0,0,0,0
14.10644,grasp,base,95,58,94,101,246,1558,0,0,0,0,0,0
14.10800,grasp,base,95,58,94,101,246,1558,0,0,0,0,0,0
14.10956,grasp,base,95,58,94,101,246,1558,0,0,0,0,0,0
14.11079,grasp,base,95,58,94,101,246,1558,0,0,0,0,0,0
14.11231,grasp,base,95,58,94,101,246,1558,0,0,0,0,0,0
14.11353,grasp,base,95,58,94,101,246,1558,0,0,0,0,0,0
14.12417,grasp,base,95,58,94,101,246,1558,0,0,0,0,0,0
14.12578,grasp,base,95,58,94,101,246,1558,0,0,0,0,0,0
14.12700,grasp,base,95,58,94,101,246,1558,0,0,0,0,0,0
14.12826,grasp,base,95,58,94,101,246,1558,0,0,0,0,0,0
14.13538,grasp,base,95,58,94,101,246,1558,0,0,0,0,0,0
14.13661,grasp,base,95,58,94,101,246,1558,0,0,0,0,0,0
14.13783,grasp,base,95,58,94,101,246,1558,0,0,0,0,0,0
14.13905,grasp,base,95,58,94,101,246,1558,0,0,0,0,0,0
14.14058,grasp,base,95,58,94,101,246,1558,0,0,0,0,0,0
14.14186,grasp,base,95,58,94,101,246,1558,0,0,0,0,0,0
14.14306,grasp,base,95,58,94,101,246,1558,0,0,0,0,0,0
14.14427,grasp,base,95,58,94,101,246,1558,0,0,0,0,0,0
14.15496,grasp,base,95,58,94,101,246,1558,0,0,0,0,0,0
14.15619,grasp,base,95,58,94,101,246,1558,0,0,0,0,0,0
14.15805,grasp,base,95,58,94,101,246,1558,0,0,0,0,0,0
14.15931,grasp,base,95,58,94,101,246,1558,0,0,0,0,0,0
14.16683,grasp,base,95,58,94,101,246,1558,0,0,0,0,0,0
14.16910,grasp,base,95,58,94,101,246,1558,0,0,0,0,0,0
14.17131,grasp,base,95,58,94,101,246,1558,0,0,0,0,0,0
14.17328,grasp,base,95,58,94,101,246,1558,0,0,0,0,0,0
14.17520,grasp,base,95,58,94,101,246,1558,0,0,0,0,0,0
14.18602,grasp,base,95,58,94,101,246,1558,0,0,0,0,0,0
14.18797,grasp,base,95,58,94,101,246,1558,0,0,0,0,0,0
14.18999,grasp,base,95,58,94,101,246,1558,0,0,0,0,0,0
14.19664,grasp,base,95,58,94,101,246,1558,0,0,0,0,0,0
14.19881,grasp,base,95,58,94,101,246,1558,0,0,0,0,0,0
14.20095,grasp,base,95,58,94,101,246,1558,0,0,0,0,0,0
14.20298,grasp,base,95,58,94,101,246,1558,0,0,0,0,0,0
14.20489,grasp,base,95,58,94,101,246,1558,0,0,0,0,0,0
14.20678,grasp,base,95,58,94,101,246,1558,0,0,0,0,0,0
14.21730,grasp,base,95,58,94,101,246,1558,0,0,0,0,0,0
14.21846,grasp,base,95,58,94,101,246,1558,0,0,0,0,0,0
14.22031,grasp,base,95,58,94,101,246,1558,0,0,0,0,0,0
14.22743,grasp,base,95,58,94,101,246,1558,0,0,0,0,0,0
14.22925,grasp,base,95,58,94,101,246,1558,0,0,0,0,0,0
14.23107,grasp,base,95,58,94,101,246,1558,0,0,0,0,0,0
14.23258,grasp,base,95,58,94,101,246,1558,0,0,0,0,0,0
14.23375,grasp,base,95,58,94,101,246,1558,0,0,0,0,0,0
14.23492,grasp,base,95,58,94,101,246,1558,0,0,0,0,0,0
14.23607,grasp,base,95,58,94,101,246,1558,0,0,0,0,0,0
14.23756,grasp,base,95,58,94,101,246,1558,0,0,0,0,0,0
14.24792,grasp,base,95,58,94,101,246,1558,0,0,0,0,0,0
14.24967,grasp,base,95,58,94,101,246,1558,0,0,0,0,0,0
14.25114,grasp,base,95,58,94,101,246,1558,0,0,0,0,0,0
14.25811,grasp,base,95,58,94,101,246,1558,0,0,0,0,0,0
14.25989,grasp,base,95,58,94,101,246,1558,0,0,0,0,0,0
14.26136,grasp,base,95,58,94,101,246,1558,0,0,0,0,0,0
14.26263,grasp,base,95,58,94,101,246,1558,0,0,0,0,0,0
14.26388,grasp,base,95,58,94,101,246,1558,0,0,0,0,0,0
14.26544,grasp,base,95,58,94,101,246,1558,0,0,0,0,0,0
14.26670,grasp,base,95,58,94,101,246,1558,0,0,0,0,0,0
14.26859,grasp,base,95,58,94,101,246,1558,0,0,0,0,0,0
14.27901,grasp,base,95,58,94,101,246,1558,0,0,0,0,0,0
14.28094,grasp,base,95,58,94,101,246,1558,0,0,0,0,0,0
14.28280,grasp,base,95,58,94,101,246,1558,0,0,0,0,0,0
14.28932,grasp,base,95,58,94,101,246,1558,0,0,0,0,0,0
14.29112,grasp,base,95,58,94,101,246,1558,0,0,0,0,0,0
14.29290,grasp,base,95,58,94,101,246,1558,0,0,0,0,0,0
14.29443,grasp,base,95,58,94,101,246,1558,0,0,0,0,0,0
14.29562,grasp,base,95,58,94,101,246,1558,0,0,0,0,0,0
14.29757,grasp,base,95,58,94,101,246,1558,0,0,0,0,0,0
14.29944,grasp,base,95,58,94,101,246,1558,0,0,0,0,0,0
14.31067,grasp,base,95,58,94,101,246,1558,0,0,0,0,0,0
14.31256,grasp,base,95,58,94,101,246,1558,0,0,0,0,0,0
14.31446,grasp,base,95,58,94,101,246,1558,0,0,0,0,0,0
14.32141,grasp,base,95,58,94,101,246,1558,0,0,0,0,0,0
14.32329,grasp,base,95,58,94,101,246,1558,0,0,0,0,0,0
14.32516,grasp,base,95,58,94,101,246,1558,0,0,0,0,0,0
14.32708,grasp,base,95,58,94,101,246,1558,0,0,0,0,0,0
14.32892,grasp,base,95,58,94,101,246,1558,0,0,0,0,0,0
14.33081,grasp,base,95,58,94,101,246,1558,0,0,0,0,0,0
14.34150,grasp,base,95,58,94,101,246,1558,0,0,0,0,0,0
14.34356,grasp,base,95,58,94,101,246,1558,0,0,0,0,0,0
14.34552,grasp,base,95,58,94,101,246,1558,0,0,0,0,0,0
14.35211,grasp,base,95,58,94,101,246,1558,0,0,0,0,0,0
14.35400,grasp,base,95,58,94,101,246,1558,0,0,0,0,0,0
14.35588,grasp,base,95,58,94,101,246,1558,0,0,0,0,0,0
14.35713,grasp,base,95,58,94,101,246,1558,0,0,0,0,0,0
14.35903,grasp,base,95,58,94,101,246,1558,0,0,0,0,0,0
14.36034,grasp,base,95,58,94,101,246,1558,0,0,0,0,0,0
14.37104,grasp,base,95,58,94,101,246,1558,0,0,0,0,0,0
14.37291,grasp,base,95,58,94,101,246,1558,0,0,0,0,0,0
14.37441,grasp,base,95,58,94,101,246,1558,0,0,0,0,0,0
14.37605,grasp,base,95,58,94,101,246,1558,0,0,0,0,0,0
14.38318,grasp,base,95,58,94,101,246,1558,0,0,0,0,0,0
14.38503,grasp,base,95,58,94,101,246,1558,0,0,0,0,0,0
14.38627,grasp,base,95,58,94,101,246,1558,0,0,0,0,0,0
14.38782,grasp,base,95,58,94,101,246,1558,0,0,0,0,0,0
14.38938,grasp,base,95,58,94,101,246,1558,0,0,0,0,0,0
14.39058,grasp,base,95,58,94,101,246,1558,0,0,0,0,0,0
14.39182,grasp,base,95,58,94,101,246,1558,0,0,0,0,0,0
14.40218,grasp,base,95,58,94,101,246,1558,0,0,0,0,0,0
14.40416,grasp,base,95,58,94,101,246,1558,0,0,0,0,0,0
14.40606,grasp,base,95,58,94,101,246,1558,0,0,0,0,0,0
14.40817,grasp,base,95,58,94,101,246,1558,0,0,0,0,0,0
14.41559,grasp,base,95,58,94,101,246,1558,0,0,0,0,0,0
14.41741,grasp,base,95,58,94,101,246,1558,0,0,0,0,0,0
14.41880,grasp,base,95,58,94,101,246,1558,0,0,0,0,0,0
14.42066,grasp,base,95,58,94,101,246,1558,0,0,0,0,0,0
14.42257,grasp,base,95,58,94,101,246,1558,0,0,0,0,0,0
14.43304,grasp,base,95,58,94,101,246,1558,0,0,0,0,0,0
14.43491,grasp,base,95,58,94,101,246,1558,0,0,0,0,0,0
14.43675,grasp,base,95,58,94,101,246,1558,0,0,0,0,0,0
14.43833,grasp,base,95,58,94,101,246,1558,0,0,0,0,0,0
14.44522,grasp,base,95,58,94,101,246,1558,0,0,0,0,0,0
14.44710,grasp,base,95,58,94,101,246,1558,0,0,0,0,0,0
14.44891,grasp,base,95,58,94,101,246,1558,0,0,0,0,0,0
14.45073,grasp,base,95,58,94,101,246,1558,0,0,0,0,0,0
14.45254,grasp,base,95,58,94,101,246,1558,0,0,0,0,0,0
14.45438,grasp,base,95,58,94,101,246,1558,0,0,0,0,0,0
14.46499,grasp,base,95,58,94,101,246,1558,0,0,0,0,0,0
14.46618,grasp,base,95,58,94,101,246,1558,0,0,0,0,0,0
14.46740,grasp,base,95,58,94,101,246,1558,0,0,0,0,0,0
14.46892,grasp,base,95,58,94,101,246,1558,0,0,0,0,0,0
14.47538,grasp,base,95,58,94,101,246,1558,0,0,0,0,0,0
14.47693,grasp,base,95,58,94,101,246,1558,0,0,0,0,0,0
14.47853,grasp,base,95,58,94,101,246,1558,0,0,0,0,0,0
14.48034,grasp,base,95,58,94,101,246,1558,0,0,0,0,0,0
14.48217,grasp,base,95,58,94,101,246,1558,0,0,0,0,0,0
14.48400,grasp,base,95,58,94,101,246,1558,0,0,0,0,0,0
14.49498,grasp,base,95,58,94,101,246,1558,0,0,0,0,0,0
14.49681,grasp,base,95,58,94,101,246,1558,0,0,0,0,0,0
14.49857,grasp,base,95,58,94,101,246,1558,0,0,0,0,0,0
14.50042,grasp,base,95,58,94,101,246,1558,0,0,0,0,0,0
14.50691,grasp,base,95,58,94,101,246,1558,0,0,0,0,0,0
14.50871,grasp,base,95,58,94,101,246,1558,0,0,0,0,0,0
14.51019,grasp,base,95,58,94,101,246,1558,0,0,0,0,0,0
14.51178,grasp,base,95,58,94,101,246,1558,0,0,0,0,0,0
14.51298,grasp,base,95,58,94,101,246,1558,0,0,0,0,0,0
14.51423,grasp,base,95,58,94,101,246,1558,0,0,0,0,0,0
14.51616,grasp,base,95,58,94,101,246,1558,0,0,0,0,0,0
14.52707,grasp,base,95,58,94,101,246,1558,0,0,0,0,0,0
14.52902,grasp,base,95,58,94,101,246,1558,0,0,0,0,0,0
14.53055,grasp,base,95,58,94,101,246,1558,0,0,0,0,0,0
14.53713,grasp,base,95,58,94,101,246,1558,0,0,0,0,0,0
14.53861,grasp,base,95,58,94,101,246,1558,0,0,0,0,0,0
14.54014,grasp,base,95,58,94,101,246,1558,0,0,0,0,0,0
14.54132,grasp,base,95,58,94,101,246,1558,0,0,0,0,0,0
14.54249,grasp,base,95,58,94,101,246,1558,0,0,0,0,0,0
14.54373,grasp,base,95,58,94,101,246,1558,0,0,0,0,0,0
14.54566,grasp,base,95,58,94,101,246,1558,0,0,0,0,0,0
14.54687,grasp,base,95,58,94,101,246,1558,0,0,0,0,0,0
14.55748,grasp,base,95,58,94,101,246,1558,0,0,0,0,0,0
14.55985,grasp,base,95,58,94,101,246,1558,0,0,0,0,0,0
14.56242,grasp,base,95,58,94,101,246,1558,0,0,0,0,0,0
14.56911,grasp,base,95,58,94,101,246,1558,0,0,0,0,0,0
14.57097,grasp,base,95,58,94,101,246,1558,0,0,0,0,0,0
14.57251,grasp,base,95,58,94,101,246,1558,0,0,0,0,0,0
14.57375,grasp,base,95,58,94,101,246,1558,0,0,0,0,0,0
14.57559,grasp,base,95,58,94,101,246,1558,0,0,0,0,0,0
14.57713,grasp,base,95,58,94,101,246,1558,0,0,0,0,0,0
14.58807,grasp,base,95,58,94,101,246,1558,0,0,0,0,0,0
14.58956,grasp,base,95,58,94,101,246,1558,0,0,0,0,0,0
14.59115,grasp,base,95,58,94,101,246,1558,0,0,0,0,0,0
14.59235,grasp,base,95,58,94,101,246,1558,0,0,0,0,0,0
14.59396,grasp,base,95,58,94,101,246,1558,0,0,0,0,0,0
14.60037,grasp,base,95,58,94,101,246,1558,0,0,0,0,0,0
14.60155,grasp,base,95,58,94,101,246,1558,0,0,0,0,0,0
14.60281,grasp,base,95,58,94,101,246,1558,0,0,0,0,0,0
14.60438,grasp,base,95,58,94,101,246,1558,0,0,0,0,0,0
14.60563,grasp,base,95,58,94,101,246,1558,0,0,0,0,0,0
14.60759,grasp,base,95,58,94,101,246,1558,0,0,0,0,0,0
14.60941,grasp,base,95,58,94,101,246,1558,0,0,0,0,0,0
14.62020,grasp,base,95,58,94,101,246,1558,0,0,0,0,0,0
14.62141,grasp,base,95,58,94,101,246,1558,0,0,0,0,0,0
14.62320,grasp,base,95,58,94,101,246,1558,0,0,0,0,0,0
14.62462,grasp,base,95,58,94,101,246,1558,0,0,0,0,0,0
14.63114,grasp,base,95,58,94,101,246,1558,0,0,0,0,0,0
14.63276,grasp,base,95,58,94,101,246,1558,0,0,0,0,0,0
14.63424,grasp,base,95,58,94,101,246,1558,0,0,0,0,0,0
14.63542,grasp,base,95,58,94,101,246,1558,0,0,0,0,0,0
14.63661,grasp,base,95,58,94,101,246,1558,0,0,0,0,0,0
14.63825,grasp,base,95,58,94,101,246,1558,0,0,0,0,1,0
14.64009,grasp,base,95,58,94,101,246,1558,0,0,0,0,1,0
14.65090,grasp,base,95,58,94,101,246,1558,0,0,0,0,1,0
14.65216,grasp,base,95,58,94,101,246,1558,0,0,0,0,1,0
14.65337,grasp,base,95,58,94,101,246,1558,0,0,0,0,1,0
14.65464,grasp,base,95,58,94,101,246,1558,0,0,0,0,1,0
14.66117,grasp,base,95,58,94,101,246,1558,0,0,0,0,1,0
14.66234,grasp,base,95,58,94,101,246,1558,0,0,0,0,1,0
14.66362,grasp,base,95,58,94,101,246,1558,0,0,0,0,1,0
14.66515,grasp,base,95,58,94,101,246,1558,0,0,0,0,1,0
14.66636,grasp,base,95,58,94,101,246,1558,0,0,0,0,1,0
14.66760,grasp,base,95,58,94,101,246,1558,0,0,0,0,0,0
14.66916,grasp,base,95,58,94,101,246,1558,0,0,0,0,0,0
14.67103,grasp,base,95,58,94,101,246,1558,0,0,0,0,0,0
14.68187,grasp,base,95,58,94,101,246,1558,0,0,0,0,0,0
14.68308,grasp,base,95,58,94,101,246,1558,0,0,0,0,0,0
14.68428,grasp,base,95,58,94,101,246,1558,0,0,0,0,0,0
14.68583,grasp,base,95,58,94,101,246,1558,0,0,0,0,0,0
14.69253,grasp,base,95,58,94,101,246,1558,0,0,0,0,0,0
14.69372,grasp,base,95,58,94,101,246,1558,0,0,0,0,0,0
14.69524,grasp,base,95,58,94,101,246,1558,0,0,0,0,0,0
14.69647,grasp,base,95,58,94,101,246,1558,0,0,0,0,0,0
14.69773,grasp,base,95,58,94,101,246,1558,0,0,0,0,0,0
14.69900,grasp,base,95,58,94,101,246,1558,0,0,0,0,0,0
14.70023,grasp,base,95,58,94,101,246,1558,0,0,0,0,0,0
14.70141,grasp,base,95,58,94,101,246,1558,0,0,0,0,0,0
14.71240,grasp,base,95,58,94,101,246,1558,0,0,0,0,0,0
14.71420,grasp,base,95,58,94,101,246,1558,0,0,0,0,0,0
14.71615,grasp,base,95,58,94,101,246,1558,0,0,0,0,0,0
14.71797,grasp,base,95,58,94,101,246,1558,0,0,0,0,0,0
14.72405,grasp,base,95,58,94,101,246,1558,0,0,0,0,0,0
14.72525,grasp,base,95,58,94,101,246,1558,0,0,0,0,0,0
14.72652,grasp,base,95,58,94,101,246,1558,0,0,0,0,0,0
14.72835,grasp,base,95,58,94,101,246,1558,0,0,0,0,0,0
14.73019,grasp,base,95,58,94,101,246,1558,0,0,0,0,0,0
14.73178,grasp,base,95,58,94,101,246,1558,0,0,0,0,0,0
14.73334,grasp,base,95,58,94,101,246,1558,0,0,0,0,0,0
14.74404,grasp,base,95,58,94,101,246,1558,0,0,0,0,0,0
14.74595,grasp,base,95,58,94,101,246,1558,0,0,0,0,0,0
14.74780,grasp,base,95,58,94,101,246,1558,0,0,0,0,0,0
14.75439,grasp,base,95,58,94,101,246,1558,0,0,0,0,0,0
14.75594,grasp,base,95,58,94,101,246,1558,0,0,0,0,0,0
14.75786,grasp,base,95,58,94,101,246,1558,0,0,0,0,0,0
14.75906,grasp,base,95,58,94,101,246,1558,0,0,0,0,0,0
14.76032,grasp,base,95,58,94,101,246,1558,0,0,0,0,0,0
14.76223,grasp,base,95,58,94,101,246,1558,0,0,0,0,0,0
14.76417,grasp,base,95,58,94,101,246,1558,0,0,0,0,0,0
14.77520,grasp,base,95,58,94,101,246,1558,0,0,0,0,0,0
14.77706,grasp,base,95,58,94,101,246,1558,0,0,0,0,0,0
14.77861,grasp,base,95,58,94,101,246,1558,0,0,0,0,0,0
14.78538,grasp,base,95,58,94,101,246,1558,0,0,0,0,0,0
14.78666,grasp,base,95,58,94,101,246,1558,0,0,0,0,0,0
14.78787,grasp,base,95,58,94,101,246,1558,0,0,0,0,0,0
14.78937,grasp,base,95,58,94,101,246,1558,0,0,0,0,0,0
14.79068,grasp,base,95,58,94,101,246,1558,0,0,0,0,0,0
14.79190,grasp,base,95,58,94,101,246,1558,0,0,0,0,0,0
14.79305,grasp,base,95,58,94,101,246,1558,0,0,0,0,0,0
14.79428,grasp,base,95,58,94,101,246,1558,0,0,0,0,0,0
14.79553,grasp,base,95,58,94,101,246,1558,0,0,0,0,0,0
14.80617,grasp,base,95,58,94,101,246,1558,0,0,0,0,0,0
14.80809,grasp,base,95,58,94,101,246,1558,0,0,0,0,0,0
14.81009,grasp,base,95,58,94,101,246,1558,0,0,0,0,0,0
14.81674,grasp,base,95,58,94,101,246,1558,0,0,0,0,0,0
14.81867,grasp,base,95,58,94,101,246,1558,0,0,0,0,0,0
14.82053,grasp,base,95,58,94,101,246,1558,0,0,0,0,0,0
14.82206,grasp,base,95,58,94,101,246,1558,0,0,0,0,1,0
14.82325,grasp,base,95,58,94,101,246,1558,0,0,0,0,1,0
14.82448,grasp,base,95,58,94,101,246,1558,0,0,0,0,1,0
14.82623,grasp,base,95,58,94,101,246,1558,0,0,0,0,1,0
14.83697,grasp,base,95,58,94,101,246,1558,0,0,0,0,1,0
14.83848,grasp,base,95,58,94,101,246,1558,0,0,0,0,1,0
14.83974,grasp,base,95,58,94,101,246,1558,0,0,0,0,1,0
14.84093,grasp,base,95,58,94,101,246,1558,0,0,0,0,1,0
14.84743,grasp,base,95,58,94,101,246,1558,0,0,0,0,1,0
14.84945,grasp,base,95,58,94,101,246,1558,0,0,0,0,1,0
14.85139,grasp,base,95,58,94,101,246,1558,0,0,0,0,1,0
14.85321,grasp,base,95,58,94,101,246,1558,0,0,0,0,0,0
14.85513,grasp,base,95,58,94,101,246,1558,0,0,0,0,0,0
14.85669,grasp,base,95,58,94,101,246,1558,0,0,0,0,0,0
14.86712,grasp,base,95,58,94,101,246,1558,0,0,0,0,0,0
14.86867,grasp,base,95,58,94,101,246,1558,0,0,0,0,0,0
14.87024,grasp,base,95,58,94,101,246,1558,0,0,0,0,0,0
14.87206,grasp,base,95,58,94,101,246,1558,0,0,0,0,0,0
14.87936,grasp,base,95,58,94,101,246,1558,0,0,0,0,0,0
16.69766,grasp,place,94,58,94,101,246,1558,-9,-11,0,0,-1,0
16.72806,grasp,place,94,58,94,101,246,1558,-9,-11,0,0,0,0
16.75894,grasp,place,94,58,94,101,246,1558,-8,-11,0,0,0,0
16.79042,grasp,place,94,58,94,101,246,1558,-8,-11,0,0,-1,0
16.82097,grasp,place,94,58,94,101,246,1558,-9,-11,0,0,-1,0
16.85221,grasp,place,94,58,94,101,246,1558,-8,-11,0,0,-1,0
16.88333,grasp,place,94,58,94,101,246,1558,-8,-11,0,0,0,0
16.91446,grasp,place,94,58,94,101,246,1558,-8,-11,0,0,-1,0
16.94494,grasp,place,94,58,94,101,246,1558,-8,-10,0,0,-1,0
16.97595,grasp,place,94,58,94,101,246,1558,-8,-10,0,0,-1,0
17.00756,grasp,place,94,58,94,101,246,1558,-8,-11,0,0,-1,0
17.03859,grasp,place,94,58,94,101,246,1558,-8,-11,0,0,-1,0
17.06957,grasp,place,94,58,94,101,246,1558,-8,-11,0,0,-1,0
17.10016,grasp,place,94,58,94,101,246,1558,-8,-10,0,0,-1,0
17.13105,grasp,place,94,58,94,101,246,1558,-8,-11,0,0,-1,0
17.16177,grasp,place,94,58,94,101,246,1558,-8,-11,0,0,-1,0
17.19231,grasp,place,94,58,94,101,246,1558,-8,-11,0,0,0,0
17.22302,grasp,place,94,58,94,101,246,1558,-8,-11,0,0,-1,0
17.25417,grasp,place,94,58,94,101,246,1558,-8,-11,0,0,-1,0
17.28526,grasp,place,94,58,94,101,246,1558,-8,-11,0,0,-1,0
17.31644,grasp,place,94,58,94,101,246,1558,-8,-11,0,0,-1,0
17.34730,grasp,place,94,58,94,101,246,1558,-8,-11,0,0,0,0
17.37810,grasp,place,94,58,94,101,246,1558,-8,-10,0,0,-1,0
17.40937,grasp,place,94,58,94,101,246,1558,-8,-11,0,0,0,0
17.44024,grasp,place,94,58,94,101,246,1558,-8,-11,0,0,-1,0
17.47098,grasp,place,94,58,94,101,246,1558,-8,-11,0,0,-1,0
17.50209,grasp,place,94,58,94,101,246,1558,-8,-11,0,0,-1,0
17.53301,grasp,place,94,58,94,101,246,1558,-8,-10,0,0,-1,0
17.56418,grasp,place,94,58,94,101,246,1558,-8,-11,0,0,-1,0
17.59531,grasp,place,94,58,94,101,246,1558,-8,-10,0,0,-1,0
17.62606,grasp,place,94,58,94,101,246,1558,-8,-11,0,0,-1,0
17.65712,grasp,place,94,58,94,101,246,1558,-8,-11,0,0,0,0
17.68820,grasp,place,94,58,94,101,246,1558,-8,-11,0,0,0,0
17.71939,grasp,place,94,58,94,101,246,1558,-8,-11,0,0,-1,0
17.75017,grasp,place,94,58,94,101,246,1558,-8,-11,0,0,0,0
17.78106,grasp,place,94,58,94,101,246,1558,-8,-11,0,0,0,0
17.81231,grasp,place,94,58,94,101,246,1558,-8,-11,0,0,0,0
17.84300,grasp,place,94,58,94,101,246,1558,-8,-11,0,0,-1,0
17.87398,grasp,place,94,58,94,101,246,1558,-8,-11,0,0,-1,0
17.90503,grasp,place,94,58,94,101,246,1558,-7,-10,0,0,0,0
17.93652,grasp,place,94,58,94,101,246,1558,-8,-11,0,0,-1,0
17.96852,grasp,place,94,58,94,101,246,1558,-8,-11,0,0,-1,0
17.99915,grasp,place,94,58,94,101,246,1558,-8,-11,0,0,-1,0
18.02949,grasp,place,94,58,94,101,246,1558,-8,-10,0,0,0,0
18.05994,grasp,place,94,58,94,101,246,1558,-8,-10,0,0,0,0
18.08158,grasp,place,94,58,94,101,246,1558,-8,-10,0,0,-1,0
18.10327,grasp,place,94,58,94,101,246,1558,-8,-10,0,0,-1,0
18.12476,grasp,place,94,58,94,101,246,1558,-8,-10,0,0,0,0
18.15372,grasp,place,94,58,94,101,246,1558,-8,-11,0,0,0,0
18.18454,grasp,place,94,58,94,101,246,1558,-8,-10,0,0,-1,0
18.21558,grasp,place,94,58,94,101,246,1558,-8,-10,0,0,0,0
18.24674,grasp,place,94,58,94,101,246,1558,-8,-11,0,0,-1,0
18.27872,grasp,place,94,58,94,101,246,1558,-7,-10,0,0,0,0
18.30944,grasp,place,94,58,94,101,246,1558,-7,-10,0,0,0,0
18.34023,grasp,place,94,58,94,101,246,1558,-8,-10,0,0,0,0
18.37134,grasp,place,94,58,94,101,246,1558,-7,-10,0,0,0,0
18.40196,grasp,place,94,58,94,101,246,1558,-8,-10,0,0,-1,0
18.43289,grasp,place,94,58,94,101,246,1558,-8,-10,0,0,0,0
18.46339,grasp,place,94,58,94,101,246,1558,-8,-10,0,0,0,0
18.49408,grasp,place,94,58,94,101,246,1558,-8,-10,0,0,0,0
18.52489,grasp,place,94,58,94,101,246,1558,-8,-10,0,0,-1,0
18.55595,grasp,place,94,58,94,101,246,1558,-8,-10,0,0,-1,0
18.58699,grasp,place,94,58,94,101,246,1558,-8,-10,0,0,-1,0
18.60887,grasp,place,94,58,94,101,246,1558,-8,-10,0,0,-1,0
18.63087,grasp,place,94,58,94,101,246,1558,-8,-10,0,0,-1,0
18.65301,grasp,place,94,58,94,101,246,1558,-8,-10,0,0,0,0
18.68078,grasp,place,94,58,94,101,246,1558,-8,-11,0,0,-1,0
18.71148,grasp,place,94,58,94,101,246,1558,-8,-11,0,0,0,0
18.74210,grasp,place,94,58,94,101,246,1558,-8,-11,0,0,0,0
18.77296,grasp,place,94,58,94,101,246,1558,-8,-11,0,0,0,0
18.80399,grasp,place,94,58,94,101,246,1558,-8,-11,0,0,-1,0
18.82558,grasp,place,94,58,94,101,246,1558,-8,-11,0,0,-1,0
18.84736,grasp,place,94,58,94,101,246,1558,-8,-11,0,0,0,0
18.86950,grasp,place,94,58,94,101,246,1558,-8,-11,0,0,0,0
18.89797,grasp,place,94,58,94,101,246,1558,-8,-11,0,0,-1,0
18.92908,grasp,place,94,58,94,101,246,1558,-8,-11,0,0,-1,0
18.95997,grasp,place,94,58,94,101,246,1558,-8,-11,0,0,-1,0
18.99089,grasp,place,94,58,94,101,246,1558,-8,-11,0,0,-1,0
19.02153,grasp,place,94,58,94,101,246,1558,-8,-10,0,0,-1,0
19.05216,grasp,place,94,58,94,101,246,1558,-8,-11,0,0,-1,0
19.08298,grasp,place,94,58,94,101,246,1558,-8,-11,0,0,-1,0
19.11421,grasp,place,94,58,94,101,246,1558,-7,-11,0,0,0,0
19.14499,grasp,place,94,58,94,101,246,1558,-7,-11,0,0,-1,0
19.16684,grasp,place,94,58,94,101,246,1558,-8,-10,0,0,-1,0
19.18865,grasp,place,94,58,94,101,246,1558,-8,-10,0,0,-1,0
19.21034,grasp,place,94,58,94,101,246,1558,-8,-10,0,0,-1,0
19.23871,grasp,place,94,58,94,101,246,1558,-8,-11,0,0,-1,0
19.26928,grasp,place,94,58,94,101,246,1558,-8,-11,0,0,-1,0
19.30026,grasp,place,94,58,94,101,246,1558,-8,-11,0,0,-1,0
19.33096,grasp,place,94,58,94,101,246,1558,-8,-11,0,0,0,0
19.36242,grasp,place,94,58,94,101,246,1558,-8,-11,0,0,0,0
19.39325,grasp,place,94,58,94,101,246,1558,-8,-10,0,0,0,0
19.42429,grasp,place,94,58,94,101,246,1558,-8,-10,0,0,0,0
19.45507,grasp,place,94,58,94,101,246,1558,-8,-11,0,0,0,0
19.48622,grasp,place,94,58,94,101,246,1558,-8,-11,0,0,0,0
19.51720,grasp,place,94,58,94,101,246,1558,-8,-11,0,0,0,0
19.54832,grasp,place,94,58,94,101,246,1558,-7,-10,0,0,0,0
19.57895,grasp,place,94,58,94,101,246,1558,-8,-11,0,0,0,0
19.60049,grasp,place,94,58,94,101,246,1558,-7,-10,0,0,-1,0
19.62217,grasp,place,94,58,94,101,246,1558,-7,-11,0,0,0,0
19.64415,grasp,place,94,58,94,101,246,1558,-8,-10,0,0,0,0
19.67282,grasp,place,94,58,94,101,246,1558,-8,-11,0,0,0,0
19.70324,grasp,place,94,58,94,101,246,1558,-8,-10,0,0,0,0
19.73393,grasp,place,94,58,94,101,246,1558,-7,-10,0,0,-1,0
19.76508,grasp,place,94,58,94,101,246,1558,-8,-10,0,0,0,0
19.79622,grasp,place,94,58,94,101,246,1558,-8,-11,0,0,0,0
19.82713,grasp,place,94,58,94,101,246,1558,-8,-11,0,0,0,0
19.85822,grasp,place,94,58,94,101,246,1558,-8,-10,0,0,0,0
19.88936,grasp,place,94,58,94,101,246,1558,-7,-10,0,0,0,0
19.92003,grasp,place,94,58,94,101,246,1558,-8,-10,0,0,0,0
19.94155,grasp,place,94,58,94,101,246,1558,-8,-11,0,0,-1,0
19.96376,grasp,place,94,58,94,101,246,1558,-8,-11,0,0,-1,0
19.98573,grasp,place,94,58,94,101,246,1558,-8,-11,0,0,0,0
20.01469,grasp,place,94,58,94,101,246,1558,-8,-11,0,0,-1,0
20.04567,grasp,place,94,58,94,101,246,1558,-8,-10,0,0,-1,0
20.07632,grasp,place,94,58,94,101,246,1558,-8,-11,0,0,-1,0
20.10765,grasp,place,94,58,94,101,246,1558,-8,-11,0,0,-1,0
20.13815,grasp,place,94,58,94,101,246,1558,-8,-11,0,0,-1,0
20.16892,grasp,place,94,58,94,101,246,1558,-8,-11,0,0,0,0
20.20010,grasp,place,94,58,94,101,246,1558,-8,-10,0,0,-1,0
20.23058,grasp,place,94,58,94,101,246,1558,-8,-10,0,0,0,0
20.26099,grasp,place,94,58,94,101,246,1558,-8,-11,0,0,0,0
20.29199,grasp,place,94,58,94,101,246,1558,-8,-10,0,0,-1,0
20.32313,grasp,place,94,58,94,101,246,1558,-8,-11,0,0,0,0
20.35399,grasp,place,94,58,94,101,246,1558,-8,-11,0,0,-1,0
20.38487,grasp,place,94,58,94,101,246,1558,-8,-10,0,0,0,0
20.41642,grasp,place,94,58,94,101,246,1558,-8,-10,0,0,-1,0
20.44714,grasp,place,94,58,94,101,246,1558,-8,-11,0,0,0,0
20.47849,grasp,place,94,58,94,101,246,1558,-8,-11,0,0,0,0
20.50964,grasp,place,94,58,94,101,246,1558,-8,-11,0,0,0,0
20.54044,grasp,place,94,58,94,101,246,1558,-8,-11,0,0,-1,0
20.57118,grasp,place,94,58,94,101,246,1558,-8,-11,0,0,-1,0
20.60206,grasp,place,94,58,94,101,246,1558,-8,-11,0,0,-1,0
20.63307,grasp,place,94,58,94,101,246,1558,-8,-11,0,0,-1,0
20.66422,grasp,place,94,58,94,101,246,1558,-8,-11,0,0,0,0
20.69514,grasp,place,94,58,94,101,246,1558,-8,-10,0,0,-1,0
20.72601,grasp,place,94,58,94,101,246,1558,-8,-11,0,0,0,0
20.75711,grasp,place,94,58,94,101,246,1558,-7,-11,0,0,-1,-1
20.78821,grasp,place,94,58,94,101,246,1558,-8,-11,0,0,-1,-1
20.81911,grasp,place,94,58,94,101,246,1558,-8,-11,0,0,0,0
20.85011,grasp,place,94,58,94,101,246,1558,-8,-11,0,0,-1,0
20.88106,grasp,place,94,58,94,101,246,1558,-8,-11,0,0,0,0
20.91216,grasp,place,94,58,94,101,246,1558,-8,-11,0,0,-1,0
20.94311,grasp,place,94,58,94,101,246,1558,-8,-11,0,0,0,0
20.97393,grasp,place,94,58,94,101,246,1558,-8,-11,0,0,0,0
21.00544,grasp,place,94,58,94,101,246,1558,-8,-11,0,0,0,0
21.03616,grasp,place,94,58,94,101,246,1558,-8,-11,0,0,0,0
21.06699,grasp,place,94,58,94,101,246,1558,-8,-11,0,0,0,0
21.08864,grasp,place,94,58,94,101,246,1558,-8,-11,0,0,0,0
21.11066,grasp,place,94,58,94,101,246,1558,-8,-11,0,0,0,0
21.13253,grasp,place,94,58,94,101,246,1558,-8,-11,0,0,0,0
21.16092,grasp,place,94,58,94,101,246,1558,-7,-11,0,0,0,0
21.19251,grasp,place,94,58,94,101,246,1558,-7,-11,0,0,0,0
21.22292,grasp,place,94,58,94,101,246,1558,-7,-11,0,0,0,0
21.25414,grasp,place,94,58,94,101,246,1558,-8,-10,0,0,0,0
21.28498,grasp,place,94,58,94,101,246,1558,-8,-10,0,0,0,0
21.31628,grasp,place,94,58,94,101,246,1558,-8,-10,0,0,0,0
21.34693,grasp,place,94,58,94,101,246,1558,-8,-10,0,0,0,0
21.37824,grasp,place,94,58,94,101,246,1558,-8,-10,0,0,0,0
21.40935,grasp,place,94,58,94,101,246,1558,-8,-10,0,0,0,0
21.43996,grasp,place,94,58,94,101,246,1558,-7,-10,0,0,0,0
21.47086,grasp,place,94,58,94,101,246,1558,-8,-11,0,0,0,0
21.50154,grasp,place,94,58,94,101,246,1558,-7,-11,0,0,0,0
21.53211,grasp,place,94,58,94,101,246,1558,-8,-11,0,0,0,0
21.56291,grasp,place,94,58,94,101,246,1558,-8,-10,0,0,-1,0
21.59417,grasp,place,94,58,94,101,246,1558,-8,-11,0,0,0,0
21.62513,grasp,place,94,58,94,101,246,1558,-8,-11,0,0,0,0
21.65643,grasp,place,94,58,94,101,246,1558,-7,-11,0,0,0,0
21.68749,grasp,place,94,58,94,101,246,1558,-7,-10,0,0,0,0
21.71873,grasp,place,94,58,94,101,246,1558,-7,-11,0,0,0,0
21.74995,grasp,place,94,58,94,101,246,1558,-7,-11,0,0,0,0
21.78135,grasp,place,94,58,94,101,246,1558,-7,-11,0,0,0,0
21.81246,grasp,place,94,58,94,101,246,1558,-7,-11,0,0,0,0
21.84302,grasp,place,94,58,94,101,246,1558,-7,-11,0,0,0,0
21.87357,grasp,place,94,58,94,101,246,1558,-8,-10,0,0,0,0
21.90458,grasp,place,94,58,94,101,246,1558,-8,-11,0,0,0,0
21.93555,grasp,place,94,58,94,101,246,1558,-8,-10,0,0,0,0
21.96648,grasp,place,94,58,94,101,246,1558,-8,-10,0,0,-1,0
21.99738,grasp,place,94,58,94,101,246,1558,-7,-10,0,0,0,0
22.02816,grasp,place,94,58,94,101,246,1558,-7,-10,0,0,0,0
22.05897,grasp,place,94,58,94,101,246,1558,-8,-10,0,0,0,0
22.09010,grasp,place,94,58,94,101,246,1558,-8,-10,0,0,-1,0
22.12103,grasp,place,94,58,94,101,246,1558,-8,-10,0,0,0,-1
22.15201,grasp,place,94,58,94,101,246,1558,-8,-11,0,0,0,-1
22.18296,grasp,place,94,58,94,101,246,1558,-8,-10,0,0,0,0
22.21421,grasp,place,94,58,94,101,246,1558,-8,-11,0,0,0,0
22.24488,grasp,place,94,58,94,101,246,1558,-7,-11,0,0,-1,0
22.27589,grasp,place,94,58,94,101,246,1558,-8,-11,0,0,0,0
22.30690,grasp,place,94,58,94,101,246,1558,-8,-11,0,0,0,0
22.32873,grasp,place,94,58,94,101,246,1558,-8,-11,0,0,0,0
22.35008,grasp,place,94,58,94,101,246,1558,-8,-11,0,0,0,0
22.37201,grasp,place,94,58,94,101,246,1558,-8,-11,0,0,0,-1
22.40090,grasp,place,94,58,94,101,246,1558,-8,-11,0,0,0,0
22.43182,grasp,place,94,58,94,101,246,1558,-8,-10,0,0,0,0
22.46273,grasp,place,94,58,94,101,246,1558,-7,-10,0,0,0,0
22.49332,grasp,place,94,58,94,101,246,1558,-8,-11,0,0,0,0
22.52409,grasp,place,94,58,94,101,246,1558,-7,-10,0,0,0,0
22.55510,grasp,place,94,58,94,101,246,1558,-7,-10,0,0,0,0
22.58608,grasp,place,94,58,94,101,246,1558,-8,-10,0,0,0,0
22.61725,grasp,place,94,58,94,101,246,1558,-7,-11,0,0,0,0
22.64811,grasp,place,94,58,94,101,246,1558,-7,-11,0,0,0,0
22.67905,grasp,place,94,58,94,101,246,1558,-7,-11,0,0,0,0
22.71020,grasp,place,94,58,94,101,246,1558,-7,-11,0,0,0,0
22.74107,grasp,place,94,58,94,101,246,1558,-7,-11,0,0,0,0
22.77202,grasp,place,94,58,94,101,246,1558,-7,-11,0,0,0,-1
22.80302,grasp,place,94,58,94,101,246,1558,-7,-11,0,0,0,-1
22.83414,grasp,place,94,58,94,101,246,1558,-7,-11,0,0,0,-1
22.86503,grasp,place,94,58,94,101,246,1558,-7,-11,0,0,0,-1
22.89618,grasp,place,94,58,94,101,246,1558,-8,-10,0,0,0,-1
22.92699,grasp,place,94,58,94,101,246,1558,-7,-11,0,0,0,0
22.95820,grasp,place,94,58,94,101,246,1558,-7,-11,0,0,0,0
22.98928,grasp,place,94,58,94,101,246,1558,-7,-11,0,0,0,0
23.01997,grasp,place,94,58,94,101,246,1558,-8,-10,0,0,0,0
23.05111,grasp,place,94,58,94,101,246,1558,-8,-10,0,0,-1,0
23.08216,grasp,place,94,58,94,101,246,1558,-8,-10,0,0,-1,0
23.11337,grasp,place,94,58,94,101,246,1558,-8,-10,0,0,-1,0
23.14417,grasp,place,94,58,94,101,246,1558,-8,-10,0,0,-1,0
23.17493,grasp,place,94,58,94,101,246,1558,-7,-10,0,0,-1,0
23.20631,grasp,place,94,58,94,101,246,1558,-7,-10,0,0,0,0
23.23699,grasp,place,94,58,94,101,246,1558,-8,-10,0,0,0,0
23.26816,grasp,place,94,58,94,101,246,1558,-7,-10,0,0,0,0
23.29890,grasp,place,94,58,94,101,246,1558,-7,-11,0,0,0,-1
23.32049,grasp,place,94,58,94,101,246,1558,-7,-10,0,0,0,0
23.34243,grasp,place,94,58,94,101,246,1558,-7,-11,0,0,0,0
23.36450,grasp,place,94,58,94,101,246,1558,-7,-10,0,0,0,0
23.39248,grasp,place,94,58,94,101,246,1558,-7,-11,0,0,0,0
23.42307,grasp,place,94,58,94,101,246,1558,-7,-11,0,0,0,0
23.45395,grasp,place,94,58,94,101,246,1558,-7,-11,0,0,0,0
23.48494,grasp,place,94,58,94,101,246,1558,-7,-10,0,0,0,0
23.50678,grasp,place,94,58,94,101,246,1558,-7,-10,0,0,0,0
23.52831,grasp,place,94,58,94,101,246,1558,-7,-10,0,0,0,0
23.55020,grasp,place,94,58,94,101,246,1558,-7,-10,0,0,0,0
23.57883,grasp,place,94,58,94,101,246,1558,-7,-10,0,0,0,0
23.60956,grasp,place,94,58,94,101,246,1558,-7,-10,0,0,-1,0
23.64004,grasp,place,94,58,94,101,246,1558,-7,-10,0,0,0,0
23.67103,grasp,place,94,58,94,101,246,1558,-7,-10,0,0,-1,0
23.70234,grasp,place,94,58,94,101,246,1558,-7,-10,0,0,0,0
23.73297,grasp,place,94,58,94,101,246,1558,-7,-10,0,0,-1,0
23.76395,grasp,place,94,58,94,101,246,1558,-7,-11,0,0,0,0
23.79494,grasp,place,94,58,94,101,246,1558,-7,-11,0,0,-1,0
23.81645,grasp,place,94,58,94,101,246,1558,-8,-10,0,0,-1,0
23.83837,grasp,place,94,58,94,101,246,1558,-8,-10,0,0,-1,0
23.85982,grasp,place,94,58,94,101,246,1558,-8,-10,0,0,-1,0
23.88877,grasp,place,94,58,94,101,246,1558,-8,-10,0,0,0,0
23.91946,grasp,place,94,58,94,101,246,1558,-7,-10,0,0,-1,0
23.95024,grasp,place,94,58,94,101,246,1558,-7,-10,0,0,-1,0
23.98092,grasp,place,94,58,94,101,246,1558,-7,-10,0,0,0,-1
24.00286,grasp,place,94,58,94,101,246,1558,-7,-10,0,0,-1,0
24.02496,grasp,place,94,58,94,101,246,1558,-8,-10,0,0,-1,-1
24.04703,grasp,place,94,58,94,101,246,1558,-8,-10,0,0,-1,-1
24.07478,grasp,place,94,58,94,101,246,1558,-8,-10,0,0,-1,-1
24.10594,grasp,place,94,58,94,101,246,1558,-7,-10,0,0,-1,-1
24.13691,grasp,place,94,58,94,101,246,1558,-8,-10,0,0,0,-1
24.16791,grasp,place,94,58,94,101,246,1558,-7,-10,0,0,0,0
24.19944,grasp,place,94,58,94,101,246,1558,-7,-10,0,0,0,-1
24.23046,grasp,place,94,58,94,101,246,1558,-7,-10,0,0,0,-1
24.26109,grasp,place,94,58,94,101,246,1558,-7,-10,0,0,0,-1
24.29204,grasp,place,94,58,94,101,246,1558,-7,-10,0,0,0,0
24.32283,grasp,place,94,58,94,101,246,1558,-7,-10,0,0,-1,-1
24.35339,grasp,place,94,58,94,101,246,1558,-7,-10,0,0,0,-1
24.38409,grasp,place,94,58,94,101,246,1558,-7,-10,0,0,0,0
24.40549,grasp,place,94,58,94,101,246,1558,-7,-10,0,0,0,0
24.42718,grasp,place,94,58,94,101,246,1558,-7,-11,0,0,0,0
24.44917,grasp,place,94,58,94,101,246,1558,-7,-11,0,0,0,-1
24.47796,grasp,place,94,58,94,101,246,1558,-7,-11,0,0,0,0
24.50932,grasp,place,94,58,94,101,246,1558,-8,-11,0,0,0,-1
24.53999,grasp,place,94,58,94,101,246,1558,-8,-10,0,0,0,-1
24.57076,grasp,place,94,58,94,101,246,1558,-8,-11,0,0,0,0
24.60179,grasp,place,94,58,94,101,246,1558,-8,-11,0,0,0,0
24.63222,grasp,place,94,58,94,101,246,1558,-7,-11,0,0,0,0
24.66299,grasp,place,94,58,94,101,246,1558,-7,-10,0,0,0,0
24.69437,grasp,place,94,58,94,101,246,1558,-8,-10,0,0,0,-1
24.72537,grasp,place,94,58,94,101,246,1558,-8,-11,0,0,0,0
24.75596,grasp,place,94,58,94,101,246,1558,-8,-11,0,0,0,0
24.78707,grasp,place,94,58,94,101,246,1558,-8,-11,0,0,0,-1
24.81847,grasp,place,94,58,94,101,246,1558,-7,-11,0,0,0,0
24.84931,grasp,place,94,58,94,101,246,1558,-8,-11,0,0,0,0
24.88016,grasp,place,94,58,94,101,246,1558,-8,-11,0,0,0,0
24.91149,grasp,place,94,58,94,101,246,1558,-8,-11,0,0,0,0
24.94204,grasp,place,94,58,94,101,246,1558,-8,-11,0,0,0,0
24.97289,grasp,place,94,58,94,101,246,1558,-8,-11,0,0,0,0
25.00400,grasp,place,94,58,94,101,246,1558,-8,-11,0,0,0,0
25.03513,grasp,place,94,58,94,101,246,1558,-8,-10,0,0,0,0
25.06622,grasp,place,94,58,94,101,246,1558,-8,-11,0,0,0,0
25.09705,grasp,place,94,58,94,101,246,1558,-7,-11,0,0,0,0
25.12833,grasp,place,94,58,94,101,246,1558,-7,-11,0,0,0,0
25.15893,grasp,place,94,58,94,101,246,1558,-8,-11,0,0,0,0
25.18053,grasp,place,94,58,94,101,246,1558,-8,-11,0,0,0,0
25.20216,grasp,place,94,58,94,101,246,1558,-8,-11,0,0,0,0
25.22377,grasp,place,94,58,94,101,246,1558,-8,-11,0,0,0,0
25.25298,grasp,place,94,58,94,101,246,1558,-7,-11,0,0,0,0
25.28389,grasp,place,94,58,94,101,246,1558,-7,-11,0,0,0,0
25.31508,grasp,place,94,58,94,101,246,1558,-7,-11,0,0,0,0
25.34628,grasp,place,94,58,94,101,246,1558,-8,-10,0,0,0,0
25.37732,grasp,place,94,58,94,101,246,1558,-8,-10,0,0,0,0
25.40799,grasp,place,94,58,94,101,246,1558,-8,-10,0,0,0,0
25.43894,grasp,place,94,58,94,101,246,1558,-7,-10,0,0,0,0
25.46987,grasp,place,94,58,94,101,246,1558,-8,-11,0,0,0,0
25.50089,grasp,place,94,58,94,101,246,1558,-8,-10,0,0,0,0
25.53191,grasp,place,94,58,94,101,246,1558,-8,-10,0,0,0,0
25.56327,grasp,place,94,58,94,101,246,1558,-8,-10,0,0,0,0
25.59391,grasp,place,94,58,94,101,246,1558,-8,-11,0,0,0,0
25.62459,grasp,place,94,58,94,101,246,1558,-8,-11,0,0,0,0
25.65524,grasp,place,94,58,94,101,246,1558,-8,-10,0,0,0,0
25.68628,grasp,place,94,58,94,101,246,1558,-8,-10,0,0,0,0
25.71730,grasp,place,94,58,94,101,246,1558,-8,-10,0,0,0,-1
25.74807,grasp,place,94,58,94,101,246,1558,-8,-10,0,0,0,0
25.77916,grasp,place,94,58,94,101,246,1558,-8,-10,0,0,0,0
25.81022,grasp,place,94,58,94,101,246,1558,-8,-11,0,0,0,0
25.84107,grasp,place,94,58,94,101,246,1558,-8,-11,0,0,0,0
25.87190,grasp,place,94,58,94,101,246,1558,-7,-10,0,0,0,-1
25.89353,grasp,place,94,58,94,101,246,1558,-8,-11,0,0,0,-1
25.91556,grasp,place,94,58,94,101,246,1558,-8,-11,0,0,0,0
25.93755,grasp,place,94,58,94,101,246,1558,-8,-11,0,0,0,0
25.96588,grasp,place,94,58,94,101,246,1558,-8,-11,0,0,0,0
25.99728,grasp,place,94,58,94,101,246,1558,-8,-11,0,0,0,0
26.02813,grasp,place,94,58,94,101,246,1558,-8,-11,0,0,0,0
26.05891,grasp,place,94,58,94,101,246,1558,-8,-11,0,0,-1,0
26.08977,grasp,place,94,58,94,101,246,1558,-8,-11,0,0,0,0
26.12024,grasp,place,94,58,94,101,246,1558,-8,-11,0,0,0,0
26.15106,grasp,place,94,58,94,101,246,1558,-8,-11,0,0,0,0
26.18185,grasp,place,94,58,94,101,246,1558,-8,-11,0,0,0,0
26.20377,grasp,place,94,58,94,101,246,1558,-7,-10,0,0,0,0
26.22573,grasp,place,94,58,94,101,246,1558,-8,-10,0,0,0,0
26.24777,grasp,place,94,58,94,101,246,1558,-8,-10,0,0,0,-1
26.27606,grasp,place,94,58,94,101,246,1558,-8,-11,0,0,0,0
26.30733,grasp,place,94,58,94,101,246,1558,-8,-10,0,0,0,-1
26.33857,grasp,place,94,58,94,101,246,1558,-8,-10,0,0,0,-1
26.36904,grasp,place,94,58,94,101,246,1558,-8,-10,0,0,0,0
26.40008,grasp,place,94,58,94,101,246,1558,-8,-10,0,0,0,0
26.43107,grasp,place,94,58,94,101,246,1558,-8,-10,0,0,0,0
26.46203,grasp,place,94,58,94,101,246,1558,-8,-10,0,0,0,0
26.49294,grasp,place,94,58,94,101,246,1558,-8,-11,0,0,0,-1
26.52372,grasp,place,94,58,94,101,246,1558,-8,-10,0,0,0,-1
26.55418,grasp,place,94,58,94,101,246,1558,-8,-10,0,0,0,0
26.58508,grasp,place,94,58,94,101,246,1558,-8,-10,0,0,0,-1
26.61648,grasp,place,94,58,94,101,246,1558,-8,-11,0,0,0,-1
26.64741,grasp,place,94,58,94,101,246,1558,-8,-11,0,0,0,0
26.67818,grasp,place,94,58,94,101,246,1558,-8,-10,0,0,0,0
26.70945,grasp,place,94,58,94,101,246,1558,-8,-10,0,0,0,0
26.74035,grasp,place,94,58,94,101,246,1558,-8,-10,0,0,0,-1
26.77105,grasp,place,94,58,94,101,246,1558,-8,-10,0,0,0,0
26.80204,grasp,place,94,58,94,101,246,1558,-8,-10,0,0,0,0
26.83310,grasp,place,94,58,94,101,246,1558,-8,-10,0,0,0,0
26.86395,grasp,place,94,58,94,101,246,1558,-8,-10,0,0,0,0
26.89521,grasp,place,94,58,94,101,246,1558,-8,-10,0,0,0,0
26.92658,grasp,place,94,58,94,101,246,1558,-8,-11,0,0,0,0
26.95713,grasp,place,94,58,94,101,246,1558,-8,-11,0,0,0,0
26.98804,grasp,place,94,58,94,101,246,1558,-8,-10,0,0,0,-1
27.01901,grasp,place,94,58,94,101,246,1558,-8,-10,0,0,0,0
27.05001,grasp,place,94,58,94,101,246,1558,-8,-10,0,0,0,0
27.07162,grasp,place,94,58,94,101,246,1558,-8,-10,0,0,0,0
27.09322,grasp,place,94,58,94,101,246,1558,-8,-10,0,0,0,0
27.11485,grasp,place,94,58,94,101,246,1558,-8,-10,0,0,0,0
27.14379,grasp,place,94,58,94,101,246,1558,-8,-10,0,0,0,0
27.17449,grasp,place,94,58,94,101,246,1558,-8,-10,0,0,0,0
27.20549,grasp,place,94,58,94,101,246,1558,-8,-10,0,0,0,0
27.23664,grasp,place,94,58,94,101,246,1558,-8,-10,0,0,0,0
27.26732,grasp,place,94,58,94,101,246,1558,-8,-10,0,0,0,-1
27.29799,grasp,place,94,58,94,101,246,1558,-7,-10,0,0,0,0
27.32892,grasp,place,94,58,94,101,246,1558,-7,-10,0,0,0,-1
27.36008,grasp,place,94,58,94,101,246,1558,-7,-10,0,0,0,0
27.39105,grasp,place,94,58,94,101,246,1558,-8,-10,0,0,0,0
27.42192,grasp,place,94,58,94,101,246,1558,-8,-10,0,0,0,0
27.45290,grasp,place,94,58,94,101,246,1558,-8,-10,0,0,0,0
27.48400,grasp,place,94,58,94,101,246,1558,-7,-10,0,0,0,0
27.51523,grasp,place,94,58,94,101,246,1558,-8,-10,0,0,0,0
27.54607,grasp,place,94,58,94,101,246,1558,-8,-10,0,0,0,-1
27.56752,grasp,place,94,58,94,101,246,1558,-8,-10,0,1,0,-1
27.58942,grasp,place,94,58,94,101,246,1558,-7,-11,0,1,0,-1
27.61172,grasp,place,94,58,94,101,246,1558,-7,-11,0,1,0,0
27.64015,grasp,place,94,58,94,101,246,1558,-8,-10,0,1,0,0
27.67099,grasp,place,94,58,94,101,246,1558,-8,-10,0,0,0,0
27.70202,grasp,place,94,58,94,101,246,1558,-8,-10,0,0,0,-1
27.73273,grasp,place,94,58,94,101,246,1558,-8,-10,0,0,0,0
27.76317,grasp,place,94,58,94,101,246,1558,-7,-10,0,0,0,-1
27.79393,grasp,place,94,58,94,101,246,1558,-8,-10,0,1,0,0
27.82493,grasp,place,94,58,94,101,246,1558,-8,-10,0,0,0,0
27.84649,grasp,place,94,58,94,101,246,1558,-8,-10,0,0,0,0
27.86835,grasp,place,94,58,94,101,246,1558,-8,-10,0,0,0,0
27.89018,grasp,place,94,58,94,101,246,1558,-8,-10,0,0,0,0
27.91956,grasp,place,94,58,94,101,246,1558,-8,-10,0,0,0,0
27.94991,grasp,place,94,58,94,101,246,1558,-8,-10,0,0,0,0
27.98141,grasp,place,94,58,94,101,246,1558,-8,-10,0,0,-1,0
28.01211,grasp,place,94,58,94,101,246,1558,-8,-10,0,0,-1,0
28.04280,grasp,place,94,58,94,101,246,1558,-8,-10,0,0,0,0
28.07470,grasp,place,94,58,94,101,246,1558,-8,-11,0,0,-1,-1
28.10572,grasp,place,94,58,94,101,246,1558,-8,-10,0,0,-1,0
28.13600,grasp,place,94,58,94,101,246,1558,-8,-10,0,0,-1,0
28.16746,grasp,place,94,58,94,101,246,1558,-8,-10,0,0,0,0
28.19800,grasp,place,94,58,94,101,246,1558,-8,-11,0,0,0,0
28.22853,grasp,place,94,58,94,101,246,1558,-8,-11,0,1,0,0
28.25901,grasp,place,94,58,94,101,246,1558,-8,-10,0,0,0,0
28.28994,grasp,place,94,58,94,101,246,1558,-8,-10,0,0,0,0
28.32095,grasp,place,94,58,94,101,246,1558,-8,-10,0,0,-1,0
28.34244,grasp,place,94,58,94,101,246,1558,-8,-10,0,0,0,0
28.36413,grasp,place,94,58,94,101,246,1558,-8,-10,0,0,0,0
28.38617,grasp,place,94,58,94,101,246,1558,-8,-10,0,0,0,0
28.41507,grasp,place,94,58,94,101,246,1558,-8,-10,0,0,0,0
28.44585,grasp,place,94,58,94,101,246,1558,-8,-10,0,1,0,0
28.47697,grasp,place,94,58,94,101,246,1558,-8,-10,0,0,0,0
28.50800,grasp,place,94,58,94,101,246,1558,-8,-10,0,0,0,0
28.53915,grasp,place,94,58,94,101,246,1558,-8,-10,0,1,-1,0
28.56969,grasp,place,94,58,94,101,246,1558,-8,-10,0,1,-1,-1
28.60017,grasp,place,94,58,94,101,246,1558,-8,-10,0,0,0,-1
28.63093,grasp,place,94,58,94,101,246,1558,-8,-10,0,0,0,-1
28.65241,grasp,place,94,58,94,101,246,1558,-8,-10,0,1,0,0
28.67437,grasp,place,94,58,94,101,246,1558,-8,-10,0,0,0,-1
28.69601,grasp,place,94,58,94,101,246,1558,-8,-10,0,1,0,0
28.72521,grasp,place,94,58,94,101,246,1558,-8,-10,0,0,0,-1
28.75582,grasp,place,94,58,94,101,246,1558,-8,-10,0,0,-1,0
28.78710,grasp,place,94,58,94,101,246,1558,-8,-10,0,0,-1,0
28.81836,grasp,place,94,58,94,101,246,1558,-8,-10,0,0,0,0
28.84958,grasp,place,94,58,94,101,246,1558,-8,-10,0,0,0,-1
28.88029,grasp,place,94,58,94,101,246,1558,-8,-10,0,0,0,-1
28.91105,grasp,place,94,58,94,101,246,1558,-8,-10,0,0,0,-1
28.94179,grasp,place,94,58,94,101,246,1558,-8,-10,0,0,0,0
28.97285,grasp,place,94,58,94,101,246,1558,-8,-10,0,0,0,-1
29.00374,grasp,place,94,58,94,101,246,1558,-8,-10,0,0,0,-1
29.03487,grasp,place,94,58,94,101,246,1558,-8,-10,0,0,0,-1
29.06596,grasp,place,94,58,94,101,246,1558,-8,-10,0,0,0,-1
29.09691,grasp,place,94,58,94,101,246,1558,-8,-10,0,0,0,-1
29.12790,grasp,place,94,58,94,101,246,1558,-8,-10,0,0,0,-1
29.15869,grasp,place,94,58,94,101,246,1558,-8,-10,0,0,0,-1
29.18968,grasp,place,94,58,94,101,246,1558,-8,-10,0,0,0,-1
29.22075,grasp,place,94,58,94,101,246,1558,-8,-10,0,0,0,-1
29.25185,grasp,place,94,58,94,101,246,1558,-8,-10,0,0,0,-1
29.28303,grasp,place,94,58,94,101,246,1558,-8,-10,0,0,0,-1
29.31406,grasp,place,94,58,94,101,246,1558,-8,-10,0,0,0,-1
29.34487,grasp,place,94,58,94,101,246,1558,-8,-10,0,0,0,-1
29.37540,grasp,place,94,58,94,101,246,1558,-8,-10,0,0,0,-1
29.40593,grasp,place,94,58,94,101,246,1558,-8,-10,0,0,0,-1
29.43689,grasp,place,94,58,94,101,246,1558,-7,-10,0,0,0,-1
29.46801,grasp,place,94,58,94,101,246,1558,-8,-10,0,0,0,-1
29.49900,grasp,place,94,58,94,101,246,1558,-8,-10,0,0,0,-1
29.52992,grasp,place,94,58,94,101,246,1558,-8,-10,0,0,0,-1
29.56089,grasp,place,94,58,94,101,246,1558,-8,-10,0,0,0,-1
29.59190,grasp,place,94,58,94,101,246,1558,-8,-10,0,0,0,-1
29.62293,grasp,place,94,58,94,101,246,1558,-8,-10,0,0,0,-1
29.65404,grasp,place,94,58,94,101,246,1558,-8,-10,0,0,0,-1
29.68492,grasp,place,94,58,94,101,246,1558,-8,-10,0,0,0,-1
29.70642,grasp,place,94,58,94,101,246,1558,-7,-10,0,0,0,-1
29.72814,grasp,place,94,58,94,101,246,1558,-7,-10,0,0,0,0
29.75035,grasp,place,94,58,94,101,246,1558,-8,-10,0,0,0,0
29.77842,grasp,place,94,58,94,101,246,1558,-8,-11,0,0,0,-1
29.80911,grasp,place,94,58,94,101,246,1558,-8,-10,0,0,0,-1
29.83985,grasp,place,94,58,94,101,246,1558,-8,-11,0,0,0,-1
29.87093,grasp,place,94,58,94,101,246,1558,-7,-10,0,0,0,0
29.90182,grasp,place,94,58,94,101,246,1558,-7,-10,0,0,0,-1
29.92377,grasp,place,94,58,94,101,246,1558,-7,-10,0,0,0,-1
29.94589,grasp,place,94,58,94,101,246,1558,-7,-10,0,0,0,0
29.96830,grasp,place,94,58,94,101,246,1558,-7,-10,0,0,0,0
29.99651,grasp,place,94,58,94,101,246,1558,-8,-10,0,1,0,-1
30.02683,grasp,place,94,58,94,101,246,1558,-7,-10,0,0,0,-1
30.05787,grasp,place,94,58,94,101,246,1558,-7,-10,0,0,0,-1
30.08881,grasp,place,94,58,94,101,246,1558,-7,-10,0,0,0,-1
30.12023,grasp,place,94,58,94,101,246,1558,-8,-10,0,0,0,-1
30.15077,grasp,place,94,58,94,101,246,1558,-8,-10,0,0,0,-1
30.18174,grasp,place,94,58,94,101,246,1558,-7,-10,0,0,0,-1
30.21240,grasp,place,94,58,94,101,246,1558,-8,-10,0,0,0,-1
30.24295,grasp,place,94,58,94,101,246,1558,-8,-10,0,0,0,-1
30.27398,grasp,place,94,58,94,101,246,1558,-7,-11,0,0,0,-1
30.30500,grasp,place,94,58,94,101,246,1558,-7,-10,0,0,0,-1
30.33605,grasp,place,94,58,94,101,246,1558,-7,-10,0,0,0,-1
30.36694,grasp,place,94,58,94,101,246,1558,-7,-10,0,0,0,-1
30.39835,grasp,place,94,58,94,101,246,1558,-7,-10,0,0,0,-1
30.42899,grasp,place,94,58,94,101,246,1558,-7,-10,0,0,0,0
30.46022,grasp,place,94,58,94,101,246,1558,-8,-11,0,0,0,-1
30.49087,grasp,place,94,58,94,101,246,1558,-7,-10,0,0,0,-1
30.51267,grasp,place,94,58,94,101,246,1558,-8,-11,0,0,0,0
30.53532,grasp,place,94,58,94,101,246,1558,-8,-11,0,0,0,0
30.55734,grasp,place,94,58,94,101,246,1558,-8,-11,0,0,0,-1
30.58493,grasp,place,94,58,94,101,246,1558,-8,-11,0,0,0,-1
30.61606,grasp,place,94,58,94,101,246,1558,-8,-10,0,0,0,0
30.64700,grasp,place,94,58,94,101,246,1558,-8,-10,0,0,0,0
30.67792,grasp,place,94,58,94,101,246,1558,-8,-11,0,0,0,0
30.70901,grasp,place,94,58,94,101,246,1558,-7,-10,0,0,0,0
30.73983,grasp,place,94,58,94,101,246,1558,-7,-11,0,0,0,0
30.77053,grasp,place,94,58,94,101,246,1558,-8,-11,0,0,0,-1
30.80103,grasp,place,94,58,94,101,246,1558,-8,-11,0,0,0,-1
30.83204,grasp,place,94,58,94,101,246,1558,-7,-10,0,0,0,-1
30.86307,grasp,place,94,58,94,101,246,1558,-8,-10,0,0,0,-1
30.89377,grasp,place,94,58,94,101,246,1558,-7,-10,0,0,0,-1
30.91532,grasp,place,94,58,94,101,246,1558,-8,-10,0,1,0,-1
30.93684,grasp,place,94,58,94,101,246,1558,-8,-10,0,1,0,-1
30.95833,grasp,place,94,58,94,101,246,1558,-8,-11,0,1,0,-1
30.98801,grasp,place,94,58,94,101,246,1558,-7,-11,0,0,0,0
31.01864,grasp,place,94,58,94,101,246,1558,-8,-10,0,0,0,0
31.04978,grasp,place,94,58,94,101,246,1558,-8,-10,0,1,0,-1
31.08104,grasp,place,94,58,94,101,246,1558,-8,-10,0,1,0,0
31.11235,grasp,place,94,58,94,101,246,1558,-8,-10,0,1,0,0
31.14263,grasp,place,94,58,94,101,246,1558,-8,-10,0,0,0,-1
31.17311,grasp,place,94,58,94,101,246,1558,-8,-10,0,0,0,-1
31.20390,grasp,place,94,58,94,101,246,1558,-7,-10,0,0,0,0
31.22549,grasp,place,94,58,94,101,246,1558,-7,-10,0,0,0,0
31.24730,grasp,place,94,58,94,101,246,1558,-7,-10,0,0,0,0
31.26910,grasp,place,94,58,94,101,246,1558,-8,-10,0,0,0,0
31.29778,grasp,place,94,58,94,101,246,1558,-7,-10,0,1,0,0
31.32872,grasp,place,94,58,94,101,246,1558,-8,-10,0,0,0,-1
31.35948,grasp,place,94,58,94,101,246,1558,-8,-10,0,0,0,-1
31.39022,grasp,place,94,58,94,101,246,1558,-7,-10,0,0,0,-1
31.42094,grasp,place,94,58,94,101,246,1558,-8,-10,0,0,0,-1
31.45197,grasp,place,94,58,94,101,246,1558,-8,-10,0,0,0,0
31.48283,grasp,place,94,58,94,101,246,1558,-8,-10,0,0,0,0
31.51406,grasp,place,94,58,94,101,246,1558,-8,-10,0,0,0,0
31.54499,grasp,place,94,58,94,101,246,1558,-8,-10,0,0,0,0
31.57591,grasp,place,94,58,94,101,246,1558,-8,-10,0,0,0,0
31.60681,grasp,place,94,58,94,101,246,1558,-8,-10,0,1,0,-1
31.63790,grasp,place,94,58,94,101,246,1558,-8,-10,0,1,0,-1
31.66883,grasp,place,94,58,94,101,246,1558,-8,-10,0,0,0,-1
31.69985,grasp,place,94,58,94,101,246,1558,-8,-10,0,0,0,-1
31.73124,grasp,close,94,58,94,101,246,1558,-8,-10,0,0,0,-1
31.73309,grasp,close,94,58,94,101,246,1558,-8,-10,0,0,0,-1
31.73470,grasp,close,94,58,94,101,246,1558,-8,-10,0,1,0,-1
31.73650,grasp,close,94,58,94,101,246,1558,-8,-10,0,1,0,-1
31.74309,grasp,close,94,58,94,101,246,1558,-8,-10,0,1,0,-1
31.74432,grasp,close,94,58,94,101,246,1558,-8,-10,0,1,0,-1
31.74638,grasp,close,94,58,94,101,246,1558,-8,-10,0,1,0,-1
31.74845,grasp,close,94,58,94,101,246,1558,-8,-10,0,1,0,-1
31.75032,grasp,close,94,58,94,101,246,1558,-8,-10,0,1,0,-1
31.75225,grasp,close,94,58,94,101,246,1558,-8,-11,0,1,0,-1
31.76276,grasp,close,94,58,94,101,246,1558,-8,-11,0,1,0,-1
31.76453,grasp,close,94,58,94,101,246,1558,-8,-11,0,3,2,-1
31.76572,grasp,close,94,58,94,101,246,1558,-8,-11,0,3,2,-1
31.76723,grasp,close,94,58,94,101,246,1558,-8,-11,0,3,2,-1
31.77389,grasp,close,94,58,94,101,246,1558,-8,-11,0,3,2,-1
31.77574,grasp,close,94,58,94,101,246,1558,-8,-11,0,3,2,-1
31.77734,grasp,close,94,58,94,101,246,1558,-8,-11,0,3,2,-1
31.77924,grasp,close,94,58,94,101,246,1558,-8,-11,0,3,2,-1
31.78045,grasp,close,94,58,94,101,246,1558,-8,-11,0,3,2,-1
31.78202,grasp,close,94,58,94,101,246,1558,-8,-10,0,3,2,-1
31.79296,grasp,close,94,58,94,101,246,1558,-8,-10,0,3,2,-1
31.79492,grasp,close,94,58,94,102,246,1558,-8,-10,0,3,2,-1
31.79668,grasp,close,94,58,94,102,246,1558,-8,-10,0,3,4,-1
31.79848,grasp,close,94,58,94,102,246,1558,-8,-10,0,3,4,-1
31.80506,grasp,close,94,58,94,102,246,1558,-8,-10,0,3,4,-1
31.80660,grasp,close,94,58,94,102,246,1558,-8,-10,0,3,4,-1
31.80802,grasp,close,94,58,94,102,246,1558,-8,-10,0,3,4,-1
31.80986,grasp,close,94,58,94,102,246,1558,-8,-10,0,3,4,-1
31.81106,grasp,close,94,58,94,102,246,1558,-8,-10,0,3,4,-1
31.81263,grasp,close,94,58,94,102,246,1558,-8,-10,0,3,4,-1
31.81439,grasp,close,94,58,94,102,246,1558,-8,-10,0,3,4,-1
31.82508,grasp,close,94,58,94,102,246,1558,-8,-10,0,3,4,-1
31.82728,grasp,close,94,58,94,102,246,1558,-8,-10,0,3,4,-1
31.82946,grasp,close,94,58,94,102,246,1558,-8,-10,0,3,4,-2
31.83608,grasp,close,94,58,94,102,246,1558,-8,-10,0,3,4,-2
31.83751,grasp,close,94,58,94,102,246,1558,-8,-10,0,3,4,-2
31.83870,grasp,close,94,58,94,102,246,1558,-8,-10,0,3,4,-2
31.84018,grasp,close,94,58,94,102,246,1558,-8,-10,0,3,4,-2
31.84135,grasp,close,94,58,94,102,246,1558,-8,-10,0,3,4,-2
31.84288,grasp,close,94,58,94,102,246,1558,-8,-10,0,3,4,-2
31.84434,grasp,close,94,58,94,102,246,1558,-8,-10,0,3,4,-2
31.85493,grasp,close,94,58,94,102,246,1558,-8,-10,0,3,4,-2
31.85676,grasp,close,94,58,94,102,246,1558,-8,-10,0,5,4,-2
31.85848,grasp,close,94,58,94,102,246,1558,-8,-10,0,5,15,-2
31.86047,grasp,close,94,58,94,102,255,1558,-8,-10,0,5,15,-2
31.86700,grasp,close,94,58,94,102,255,1558,-8,-10,0,5,15,-2
31.86849,grasp,close,94,58,94,102,255,1558,-8,-10,0,5,15,-2
31.86976,grasp,close,94,58,94,102,255,1558,-8,-10,0,5,15,-2
31.87134,grasp,close,94,58,94,102,255,1558,-8,-10,0,5,15,-2
31.87255,grasp,close,94,58,94,102,255,1558,-8,-10,0,5,15,-2
31.87406,grasp,close,94,58,94,102,255,1558,-8,-10,0,5,15,-2
31.87525,grasp,close,94,58,94,102,255,1558,-8,-10,0,5,15,-2
31.88587,grasp,close,94,58,94,102,255,1558,-8,-10,0,19,15,-2
31.88731,grasp,close,94,58,94,109,255,1558,-8,-10,0,19,15,-2
31.88860,grasp,close,94,58,94,109,255,1558,-8,-10,0,19,15,-2
31.89044,grasp,close,94,58,94,109,255,1558,-8,-10,0,19,15,-2
31.89737,grasp,close,94,58,94,109,255,1558,-8,-10,0,19,15,-2
31.89888,grasp,close,94,58,94,109,255,1558,-8,-10,0,19,15,-2
31.90048,grasp,close,94,58,94,109,255,1558,-8,-10,0,19,15,-2
31.90171,grasp,close,94,58,94,109,255,1558,-8,-10,0,19,15,-2
31.90364,grasp,close,94,58,94,109,255,1558,-8,-10,0,19,15,-2
31.90550,grasp,close,94,58,94,109,255,1558,-8,-10,0,19,15,-2
31.90737,grasp,close,94,58,94,109,255,1558,-8,-10,0,28,15,-2
31.91794,grasp,close,94,58,94,110,255,1558,-8,-10,0,28,15,-2
31.91945,grasp,close,94,58,94,110,258,1558,-8,-10,0,28,17,-2
31.92071,grasp,close,94,58,94,110,258,1558,-8,-10,0,28,17,-3
31.92260,grasp,close,94,58,94,110,258,1558,-8,-10,0,28,17,-3
31.92877,grasp,close,94,58,94,110,258,1558,-8,-10,0,28,17,-3
31.93002,grasp,close,94,58,94,110,258,1558,-8,-10,0,28,17,-3
31.93156,grasp,close,94,58,94,110,258,1558,-8,-10,0,28,17,-3
31.93283,grasp,close,94,58,94,110,258,1558,-8,-10,0,28,17,-3
31.93473,grasp,close,94,58,94,110,258,1558,-8,-10,0,28,17,-3
31.93597,grasp,close,94,58,94,110,258,1558,-8,-10,0,28,17,-3
31.93716,grasp,close,94,58,94,110,258,1558,-8,-10,0,33,17,-3
31.94793,grasp,close,94,58,94,112,258,1558,-8,-10,0,33,17,-3
31.94940,grasp,close,94,58,94,112,260,1558,-8,-10,0,33,17,-3
31.95068,grasp,close,94,58,94,112,260,1558,-8,-10,0,33,17,-3
31.95228,grasp,close,94,58,94,112,260,1558,-8,-10,0,33,17,-3
31.95340,grasp,close,94,58,94,112,260,1558,-8,-10,0,33,17,-3
31.95986,grasp,close,94,58,94,112,260,1558,-8,-10,0,33,17,-3
31.96104,grasp,close,94,58,94,112,260,1558,-8,-10,0,33,17,-3
31.96228,grasp,close,94,58,94,112,260,1558,-8,-10,0,33,17,-3
31.96354,grasp,close,94,58,94,112,260,1558,-8,-10,0,33,17,-3
31.96479,grasp,close,94,58,94,112,260,1558,-8,-10,0,33,17,-3
31.96600,grasp,close,94,58,94,112,260,1558,-8,-10,0,33,17,-3
31.96724,grasp,close,94,58,94,112,260,1558,-8,-10,0,33,17,-3
31.96881,grasp,close,94,58,94,114,260,1558,-8,-10,0,41,17,-3
31.97926,grasp,close,94,58,94,114,262,1558,-8,-10,0,41,18,-3
31.98110,grasp,close,94,58,94,114,262,1558,-8,-10,0,41,18,-4
31.98231,grasp,close,94,58,94,114,262,1558,-8,-10,0,41,18,-4
31.98354,grasp,close,94,58,94,114,262,1558,-8,-10,0,41,18,-4
31.99014,grasp,close,94,58,94,114,262,1558,-8,-10,0,41,18,-4
31.99136,grasp,close,94,58,94,114,262,1558,-8,-10,0,41,18,-4
31.99256,grasp,close,94,58,94,114,262,1558,-8,-10,0,41,18,-4
31.99424,grasp,close,94,58,94,114,262,1558,-8,-10,0,41,18,-4
31.99532,grasp,close,94,58,94,114,262,1558,-8,-10,0,41,18,-4
31.99662,grasp,close,94,58,94,114,262,1558,-8,-10,0,41,18,-4
31.99817,grasp,close,94,58,94,116,262,1558,-8,-10,0,46,18,-4
31.99969,grasp,close,94,58,94,116,262,1558,-8,-10,0,46,18,-4
32.01020,grasp,close,94,58,94,116,264,1558,-8,-10,0,46,18,-3
32.01168,grasp,close,94,58,94,116,264,1558,-8,-10,0,46,18,-3
32.01324,grasp,close,94,58,94,116,264,1558,-8,-10,0,46,18,-3
32.01471,grasp,close,94,58,94,116,264,1558,-8,-10,0,46,18,-3
32.02110,grasp,close,94,58,94,116,264,1558,-8,-10,0,46,18,-3
32.02294,grasp,close,94,58,94,116,264,1558,-8,-10,0,46,18,-3
32.02414,grasp,close,94,58,94,116,264,1558,-8,-10,0,46,18,-3
32.02533,grasp,close,94,58,94,116,264,1558,-8,-10,0,46,18,-3
32.02656,grasp,close,94,58,94,116,264,1558,-8,-10,0,46,18,-3
32.02813,grasp,close,94,58,94,116,264,1558,-8,-10,0,46,18,-3
32.02969,grasp,close,94,58,94,116,264,1558,-8,-10,0,54,18,-3
32.03094,grasp,close,94,58,94,117,264,1558,-8,-10,0,54,18,-3
32.04169,grasp,close,94,58,94,117,265,1558,-8,-10,0,54,20,-3
32.04327,grasp,close,94,58,94,117,265,1558,-8,-10,0,54,20,-3
32.04522,grasp,close,94,58,94,117,265,1558,-8,-10,0,54,20,-3
32.05188,grasp,close,94,58,94,117,265,1558,-8,-10,0,54,20,-3
32.05309,grasp,close,94,58,94,117,265,1558,-8,-10,0,54,20,-3
32.05431,grasp,close,94,58,94,117,265,1558,-8,-10,0,54,20,-3
32.05549,grasp,close,94,58,94,117,265,1558,-8,-10,0,54,20,-3
32.05670,grasp,close,94,58,94,117,265,1558,-8,-10,0,54,20,-3
32.05821,grasp,close,94,58,94,117,265,1558,-8,-10,0,54,20,-3
32.06013,grasp,close,94,58,94,117,265,1558,-8,-10,0,63,20,-3
32.06135,grasp,close,94,58,94,117,265,1558,-8,-10,0,63,22,-3
32.07168,grasp,close,94,58,94,117,267,1558,-8,-10,0,63,22,-3
32.07321,grasp,close,94,58,94,117,267,1558,-8,-10,0,63,22,-3
32.07436,grasp,close,94,58,94,117,267,1558,-8,-10,0,63,22,-3
32.07593,grasp,close,94,58,94,117,267,1558,-8,-10,0,63,22,-3
32.07738,grasp,close,94,58,94,117,267,1558,-8,-10,0,63,22,-3
32.08409,grasp,close,94,58,94,117,267,1558,-8,-10,0,63,22,-3
32.08559,grasp,close,94,58,94,117,267,1558,-8,-10,0,63,22,-3
32.08679,grasp,close,94,58,94,117,267,1558,-8,-10,0,63,22,-3
32.08798,grasp,close,94,58,94,117,267,1558,-8,-10,0,63,22,-3
32.08917,grasp,close,94,58,94,117,267,1558,-8,-10,0,63,22,-3
32.09036,grasp,close,94,58,94,118,267,1558,-8,-10,0,72,22,-3
32.09157,grasp,close,94,58,94,118,267,1558,-8,-10,0,72,22,-3
32.09276,grasp,close,94,58,94,118,271,1558,-8,-10,0,72,24,-3
32.10306,grasp,close,94,58,94,118,271,1558,-8,-10,0,72,24,-4
32.10492,grasp,close,94,58,94,118,271,1558,-8,-10,0,72,24,-4
32.10612,grasp,close,94,58,94,118,271,1558,-8,-10,0,72,24,-4
32.10795,grasp,close,94,58,94,118,271,1558,-8,-10,0,72,24,-4
32.11465,grasp,close,94,58,94,118,271,1558,-8,-10,0,72,24,-4
32.11624,grasp,close,94,58,94,118,271,1558,-7,-10,0,72,24,-4
32.11813,grasp,close,94,58,94,118,271,1558,-7,-10,0,72,24,-4
32.11969,grasp,close,94,58,94,118,271,1558,-7,-10,0,72,24,-4
32.12161,grasp,close,94,58,94,118,271,1558,-7,-10,0,72,24,-4
32.12282,grasp,close,94,58,94,121,271,1558,-7,-10,0,73,24,-4
32.12406,grasp,close,94,58,94,121,271,1558,-7,-10,0,73,25,-4
32.13441,grasp,close,94,58,94,121,273,1558,-7,-10,0,73,25,-3
32.13567,grasp,close,94,58,94,121,273,1558,-7,-10,0,73,25,-3
32.13727,grasp,close,94,58,94,121,273,1558,-7,-10,0,73,25,-3
32.13843,grasp,close,94,58,94,121,273,1558,-7,-10,0,73,25,-3
32.14505,grasp,close,94,58,94,121,273,1558,-7,-10,0,73,25,-3
32.14663,grasp,close,94,58,94,121,273,1558,-8,-10,0,73,25,-3
32.14822,grasp,close,94,58,94,121,273,1558,-8,-10,0,73,25,-3
32.14939,grasp,close,94,58,94,121,273,1558,-8,-10,0,73,25,-3
32.15057,grasp,close,94,58,94,121,273,1558,-8,-10,0,73,25,-3
32.15189,grasp,close,94,58,94,124,273,1558,-8,-10,0,78,25,-3
32.15375,grasp,close,94,58,94,124,273,1558,-8,-10,0,78,26,-3
32.15500,grasp,close,94,58,94,124,276,1558,-8,-10,0,78,26,-3
32.16540,grasp,close,94,58,94,124,276,1558,-8,-10,0,78,26,-4
32.16704,grasp,close,94,58,94,124,276,1558,-8,-10,0,78,26,-4
32.16884,grasp,close,94,58,94,124,276,1558,-8,-10,0,78,26,-4
32.17007,grasp,close,94,58,94,124,276,1558,-8,-10,0,78,26,-4
32.17732,grasp,close,94,58,94,124,276,1558,-8,-10,0,78,26,-4
32.17921,grasp,close,94,58,94,124,276,1558,-8,-10,0,78,26,-4
32.18071,grasp,close,94,58,94,124,276,1558,-8,-10,0,78,26,-4
32.18262,grasp,close,94,58,94,124,276,1558,-8,-10,0,78,26,-4
32.18382,grasp,close,94,58,94,124,276,1558,-8,-10,0,82,26,-4
32.18505,grasp,close,94,58,94,130,276,1558,-8,-10,0,82,26,-4
32.18632,grasp,close,94,58,94,130,279,1558,-8,-10,0,82,26,-4
32.19707,grasp,close,94,58,94,130,279,1558,-8,-10,0,82,26,-4
32.19898,grasp,close,94,58,94,130,279,1558,-8,-10,0,82,26,-4
32.20085,grasp,close,94,58,94,130,279,1558,-8,-10,0,82,26,-4
32.20763,grasp,close,94,58,94,130,279,1558,-8,-10,0,82,26,-4
32.20910,grasp,close,94,58,94,130,279,1558,-8,-10,0,82,26,-4
32.21104,grasp,close,94,58,94,130,279,1558,-8,-10,0,82,26,-4
32.21300,grasp,close,94,58,94,130,279,1558,-8,-10,0,82,26,-4
32.21495,grasp,close,94,58,94,133,279,1558,-8,-10,0,85,26,-4
32.21641,grasp,close,94,58,94,133,280,1558,-8,-10,0,85,26,-4
32.22673,grasp,close,94,58,94,133,280,1558,-8,-10,0,85,26,-3
32.22834,grasp,close,94,58,94,133,280,1558,-8,-10,0,85,26,-3
32.23033,grasp,close,94,58,94,133,280,1558,-8,-10,0,85,26,-3
32.23234,grasp,close,94,58,94,133,280,1558,-8,-10,0,85,26,-3
32.23901,grasp,close,94,58,94,133,280,1558,-8,-10,0,85,26,-3
32.24056,grasp,close,94,58,94,133,280,1558,-8,-10,0,85,26,-3
32.24177,grasp,close,94,58,94,133,280,1558,-8,-10,0,85,26,-3
32.24300,grasp,close,94,58,94,133,280,1558,-8,-10,0,85,26,-3
32.24464,grasp,close,94,58,94,136,280,1558,-8,-10,0,87,26,-3
32.24654,grasp,close,94,58,94,136,283,1558,-8,-10,0,87,26,-3
32.24840,grasp,close,94,58,94,136,283,1558,-8,-10,0,87,26,-3
32.25898,grasp,close,94,58,94,136,283,1558,-8,-10,0,87,26,-3
32.26137,grasp,close,94,58,94,136,283,1558,-8,-10,0,87,26,-3
32.26325,grasp,close,94,58,94,136,283,1558,-8,-10,0,87,26,-3
32.27039,grasp,close,94,58,94,136,283,1558,-8,-10,0,87,26,-3
32.27240,grasp,close,94,58,94,136,283,1558,-8,-10,0,87,26,-3
32.27430,grasp,close,94,58,94,136,283,1558,-8,-10,0,90,26,-3
32.27608,grasp,close,94,58,94,137,283,1558,-8,-10,0,90,27,-3
32.27740,grasp,close,94,58,94,137,284,1558,-8,-10,0,90,27,-3
32.27934,grasp,close,94,58,94,137,284,1558,-8,-10,0,90,27,-3
32.29021,grasp,close,94,58,94,137,284,1558,-8,-10,0,90,27,-3
32.29258,grasp,close,94,58,94,137,284,1558,-8,-10,0,90,27,-3
32.29470,grasp,close,94,58,94,137,284,1558,-8,-10,0,90,27,-3
32.30149,grasp,close,94,58,94,137,284,1558,-8,-10,0,90,27,-3
32.30347,grasp,close,94,58,94,137,284,1558,-8,-10,0,88,27,-3
32.30550,grasp,close,94,58,94,140,284,1558,-8,-10,0,88,28,-3
32.30746,grasp,close,94,58,94,140,286,1558,-8,-10,0,88,28,-3
32.30930,grasp,close,94,58,94,140,286,1558,-8,-10,0,88,28,-3
32.32001,grasp,close,94,58,94,140,286,1558,-8,-10,0,88,28,-3
32.32199,grasp,close,94,58,94,140,286,1558,-8,-10,0,88,28,-3
32.32394,grasp,close,94,58,94,140,286,1558,-8,-10,0,88,28,-3
32.33106,grasp,close,94,58,94,140,286,1558,-8,-10,0,88,28,-3
32.33295,grasp,close,94,58,94,140,286,1558,-8,-10,0,88,28,-3
32.33481,grasp,close,94,58,94,144,286,1558,-8,-10,0,87,28,-3
32.33674,grasp,close,94,58,94,144,288,1558,-8,-10,0,87,29,-3
32.33830,grasp,close,94,58,94,144,288,1558,-8,-10,0,87,29,-4
32.33988,grasp,close,94,58,94,144,288,1558,-8,-10,0,87,29,-4
32.34170,grasp,close,94,58,94,144,288,1558,-8,-10,0,87,29,-4
32.35211,grasp,close,94,58,94,144,288,1558,-8,-10,0,87,29,-4
32.35368,grasp,close,94,58,94,144,288,1558,-8,-10,0,87,29,-4
32.35525,grasp,close,94,58,94,144,288,1558,-8,-10,0,87,29,-4
32.36264,grasp,close,94,58,94,144,288,1558,-8,-10,0,87,29,-4
32.36461,grasp,close,94,58,94,144,288,1558,-8,-10,0,87,29,-4
32.36647,grasp,close,94,58,94,144,288,1558,-8,-10,0,85,29,-4
32.36838,grasp,close,94,58,94,146,290,1558,-8,-10,0,85,30,-4
32.37024,grasp,close,94,58,94,146,290,1558,-8,-10,0,85,30,-4
32.37203,grasp,close,94,58,94,146,290,1558,-8,-10,0,85,30,-4
32.38241,grasp,close,94,58,94,146,290,1558,-8,-10,0,85,30,-4
32.38358,grasp,close,94,58,94,146,290,1558,-8,-10,0,85,30,-4
32.38508,grasp,close,94,58,94,146,290,1558,-8,-10,0,85,30,-4
32.38657,grasp,close,94,58,94,146,290,1558,-7,-10,0,85,30,-4
32.39309,grasp,close,94,58,94,146,290,1558,-7,-10,0,85,30,-4
32.39499,grasp,close,94,58,94,146,290,1558,-7,-10,0,85,30,-4
32.39652,grasp,close,94,58,94,149,290,1558,-7,-10,0,82,30,-4
32.39810,grasp,close,94,58,94,149,291,1558,-7,-10,0,82,31,-4
32.39957,grasp,close,94,58,94,149,291,1558,-7,-10,0,82,31,-4
32.40137,grasp,close,94,58,94,149,291,1558,-7,-10,0,82,31,-4
32.40327,grasp,close,94,58,94,149,291,1558,-7,-10,0,82,31,-4
32.41387,grasp,close,94,58,94,149,291,1558,-7,-10,0,82,31,-4
32.41567,grasp,close,94,58,94,149,291,1558,-7,-10,0,82,31,-4
32.41745,grasp,close,94,58,94,149,291,1558,-8,-10,0,82,31,-4
32.42398,grasp,close,94,58,94,149,291,1558,-8,-10,0,82,31,-4
32.42524,grasp,close,94,58,94,149,291,1558,-8,-10,0,82,31,-4
32.42642,grasp,close,94,58,94,151,291,1558,-8,-10,0,82,31,-4
32.42802,grasp,close,94,58,94,151,291,1558,-8,-10,0,82,32,-4
32.42959,grasp,close,94,58,94,151,294,1558,-8,-10,0,82,32,-5
32.43122,grasp,close,94,58,94,151,294,1558,-8,-10,0,82,32,-5
32.43323,grasp,close,94,58,94,151,294,1558,-8,-10,0,82,32,-5
32.44395,grasp,close,94,58,94,151,294,1558,-8,-10,0,82,32,-5
32.44591,grasp,close,94,58,94,151,294,1558,-8,-10,0,82,32,-5
32.44781,grasp,close,94,58,94,151,294,1558,-8,-10,0,82,32,-5
32.44943,grasp,close,94,58,94,151,294,1558,-8,-10,0,82,32,-5
32.45597,grasp,close,94,58,94,151,294,1558,-8,-10,0,82,32,-5
32.45715,grasp,close,94,58,94,153,294,1558,-8,-10,0,77,33,-5
32.45837,grasp,close,94,58,94,153,297,1558,-8,-10,0,77,33,-5
32.45966,grasp,close,94,58,94,153,297,1558,-8,-10,0,77,33,-5
32.46089,grasp,close,94,58,94,153,297,1558,-8,-10,0,77,33,-5
32.46211,grasp,close,94,58,94,153,297,1558,-8,-10,0,77,33,-5
32.46328,grasp,close,94,58,94,153,297,1558,-8,-10,0,77,33,-5
32.46451,grasp,close,94,58,94,153,297,1558,-8,-10,0,77,33,-5
32.47482,grasp,close,94,58,94,153,297,1558,-8,-10,0,77,33,-5
32.47627,grasp,close,94,58,94,153,297,1558,-8,-10,0,77,33,-5
32.47778,grasp,close,94,58,94,153,297,1558,-8,-10,0,77,33,-5
32.47898,grasp,close,94,58,94,153,297,1558,-8,-10,0,77,33,-5
32.48590,grasp,close,94,58,94,153,297,1558,-8,-10,0,77,33,-5
32.48736,grasp,close,94,58,94,153,297,1558,-8,-10,0,75,33,-5
32.48862,grasp,close,94,58,94,156,299,1558,-8,-10,0,75,34,-5
32.49006,grasp,close,94,58,94,156,299,1558,-8,-10,0,75,34,-5
32.49169,grasp,close,94,58,94,156,299,1558,-8,-10,0,75,34,-5
32.49284,grasp,close,94,58,94,156,299,1558,-8,-10,0,75,34,-5
32.49406,grasp,close,94,58,94,156,299,1558,-8,-10,0,75,34,-5
32.49525,grasp,close,94,58,94,156,299,1558,-8,-10,0,75,34,-5
32.49640,grasp,close,94,58,94,156,299,1558,-8,-10,0,75,34,-5
32.50664,grasp,close,94,58,94,156,299,1558,-8,-10,0,75,34,-5
32.50850,grasp,close,94,58,94,156,299,1558,-8,-10,0,75,34,-5
32.50969,grasp,close,94,58,94,156,299,1558,-8,-10,0,75,34,-5
32.51090,grasp,close,94,58,94,156,299,1558,-8,-10,0,75,34,-5
32.51746,grasp,close,94,58,94,159,299,1558,-8,-10,0,74,34,-5
32.51898,grasp,close,94,58,94,159,302,1558,-8,-10,0,74,35,-5
32.52023,grasp,close,94,58,94,159,302,1558,-8,-10,0,74,35,-6
32.52140,grasp,close,94,58,94,159,302,1558,-8,-10,0,74,35,-6
32.52263,grasp,close,94,58,94,159,302,1558,-8,-10,0,74,35,-6
32.52385,grasp,close,94,58,94,159,302,1558,-8,-10,0,74,35,-6
32.52506,grasp,close,94,58,94,159,302,1558,-8,-10,0,74,35,-6
32.52629,grasp,close,94,58,94,159,302,1558,-8,-10,0,74,35,-6
32.53675,grasp,close,94,58,94,159,302,1558,-8,-10,0,74,35,-6
32.53795,grasp,close,94,58,94,159,302,1558,-8,-10,0,74,35,-6
32.53915,grasp,close,94,58,94,159,302,1558,-8,-10,0,74,35,-6
32.54033,grasp,close,94,58,94,159,302,1558,-8,-10,0,74,35,-6
32.54160,grasp,close,94,58,94,159,302,1558,-8,-10,0,74,35,-6
32.54821,grasp,close,94,58,94,159,302,1558,-8,-10,0,71,35,-6
32.54936,grasp,close,94,58,94,160,302,1558,-8,-10,0,71,35,-6
32.55058,grasp,close,94,58,94,160,306,1558,-8,-10,0,71,35,-6
32.55178,grasp,close,94,58,94,160,306,1558,-8,-10,0,71,35,-6
32.55298,grasp,close,94,58,94,160,306,1558,-8,-10,0,71,35,-6
32.55419,grasp,close,94,58,94,160,306,1558,-8,-10,0,71,35,-6
32.55538,grasp,close,94,58,94,160,306,1558,-8,-10,0,71,35,-6
32.55660,grasp,close,94,58,94,160,306,1558,-8,-10,0,71,35,-6
32.55781,grasp,close,94,58,94,160,306,1558,-8,-10,0,71,35,-6
32.56859,grasp,close,94,58,94,160,306,1558,-8,-10,0,71,35,-6
32.57010,grasp,close,94,58,94,160,306,1558,-8,-10,0,71,35,-6
32.57130,grasp,close,94,58,94,160,306,1558,-8,-10,0,71,35,-6
32.57252,grasp,close,94,58,94,160,306,1558,-8,-10,0,71,35,-6
32.57896,grasp,close,94,58,94,160,306,1558,-8,-10,0,68,35,-6
32.58016,grasp,close,94,58,94,162,306,1558,-8,-10,0,68,34,-6
32.58169,grasp,close,94,58,94,162,308,1558,-8,-10,0,68,34,-6
32.58291,grasp,close,94,58,94,162,308,1558,-8,-10,0,68,34,-6
32.58411,grasp,close,94,58,94,162,308,1558,-8,-10,0,68,34,-6
32.58532,grasp,close,94,58,94,162,308,1558,-8,-10,0,68,34,-6
32.58651,grasp,close,94,58,94,162,308,1558,-8,-10,0,68,34,-6
32.58771,grasp,close,94,58,94,162,308,1558,-8,-10,0,68,34,-6
32.58929,grasp,close,94,58,94,162,308,1558,-8,-10,0,68,34,-6
32.59983,grasp,close,94,58,94,162,308,1558,-7,-10,0,68,34,-6
32.60131,grasp,close,94,58,94,162,308,1558,-7,-10,0,68,34,-6
32.60251,grasp,close,94,58,94,162,308,1558,-7,-10,0,68,34,-6
32.60376,grasp,close,94,58,94,162,308,1558,-7,-10,0,68,34,-6
32.61042,grasp,close,94,58,94,162,308,1558,-7,-10,0,66,34,-6
32.61192,grasp,close,94,58,94,165,308,1558,-7,-10,0,66,34,-6
32.61336,grasp,close,94,58,94,165,309,1558,-7,-10,0,66,34,-6
32.61483,grasp,close,94,58,94,165,309,1558,-7,-10,0,66,34,-6
32.61606,grasp,close,94,58,94,165,309,1558,-7,-10,0,66,34,-6
32.61725,grasp,close,94,58,94,165,309,1558,-7,-10,0,66,34,-6
32.61880,grasp,close,94,58,94,165,309,1558,-7,-10,0,66,34,-6
32.61999,grasp,close,94,58,94,165,309,1558,-7,-10,0,66,34,-6
32.63085,grasp,close,94,58,94,165,309,1558,-7,-10,0,66,34,-6
32.63272,grasp,close,94,58,94,165,309,1558,-7,-10,0,66,34,-6
32.63428,grasp,close,94,58,94,165,309,1558,-7,-10,0,66,34,-6
32.64136,grasp,close,94,58,94,165,309,1558,-7,-10,0,64,34,-6
32.64334,grasp,close,94,58,94,167,311,1558,-7,-10,0,64,35,-6
32.64516,grasp,close,94,58,94,167,311,1558,-7,-10,0,64,35,-6
32.64711,grasp,close,94,58,94,167,311,1558,-7,-10,0,64,35,-6
32.64897,grasp,close,94,58,94,167,311,1558,-7,-10,0,64,35,-6
32.65015,grasp,close,94,58,94,167,311,1558,-7,-10,0,64,35,-6
32.65138,grasp,close,94,58,94,167,311,1558,-7,-10,0,64,35,-6
32.66200,grasp,close,94,58,94,167,311,1558,-8,-10,0,64,35,-6
32.66346,grasp,close,94,58,94,167,311,1558,-8,-10,0,64,35,-6
32.66501,grasp,close,94,58,94,167,311,1558,-8,-10,0,64,35,-6
32.66645,grasp,close,94,58,94,167,311,1558,-8,-10,1,64,35,-6
32.67288,grasp,close,94,58,94,169,311,1558,-8,-10,1,64,35,-6
32.67410,grasp,close,94,58,94,169,313,1558,-8,-10,1,64,35,-6
32.67531,grasp,close,94,58,94,169,313,1558,-8,-10,1,64,35,-6
32.67690,grasp,close,94,58,94,169,313,1558,-8,-10,1,64,35,-6
32.67843,grasp,close,94,58,94,169,313,1558,-8,-10,1,64,35,-6
32.67969,grasp,close,94,58,94,169,313,1558,-8,-10,1,64,35,-6
32.68154,grasp,close,94,58,94,169,313,1558,-8,-10,1,64,35,-6
32.69194,grasp,close,94,58,94,169,313,1558,-8,-10,1,64,35,-6
32.69342,grasp,close,94,58,94,169,313,1558,-7,-10,1,64,35,-6
32.69496,grasp,close,94,58,94,169,313,1558,-7,-10,0,64,35,-6
32.69654,grasp,close,94,58,94,169,313,1558,-7,-10,0,64,35,-6
32.70297,grasp,close,94,58,94,170,313,1558,-7,-10,0,59,35,-6
32.70420,grasp,close,94,58,94,170,313,1558,-7,-10,0,59,35,-6
32.70540,grasp,close,94,58,94,170,315,1558,-7,-10,0,59,35,-6
32.70693,grasp,close,94,58,94,170,315,1558,-7,-10,0,59,35,-6
32.70873,grasp,close,94,58,94,170,315,1558,-7,-10,0,59,35,-6
32.71054,grasp,close,94,58,94,170,315,1558,-7,-10,0,59,35,-6
32.71245,grasp,close,94,58,94,170,315,1558,-7,-10,0,59,35,-6
32.72287,grasp,close,94,58,94,170,315,1558,-7,-10,0,59,35,-6
32.72470,grasp,close,94,58,94,170,315,1558,-8,-10,0,59,35,-6
32.72626,grasp,close,94,58,94,170,315,1558,-8,-11,0,59,35,-6
32.72745,grasp,close,94,58,94,170,315,1558,-8,-11,0,59,35,-6
32.73415,grasp,close,94,58,94,170,315,1558,-8,-11,0,57,35,-6
32.73533,grasp,close,94,58,94,172,315,1558,-8,-11,0,57,35,-6
32.73656,grasp,close,94,58,94,172,317,1558,-8,-11,0,57,35,-6
32.73779,grasp,close,94,58,94,172,317,1558,-8,-11,0,57,35,-6
32.73900,grasp,close,94,58,94,172,317,1558,-8,-11,0,57,35,-6
32.74068,grasp,close,94,58,94,172,317,1558,-8,-11,0,57,35,-6
32.74249,grasp,close,94,58,94,172,317,1558,-8,-11,0,57,35,-6
32.74410,grasp,close,94,58,94,172,317,1558,-8,-11,0,57,35,-6
32.75493,grasp,close,94,58,94,172,317,1558,-8,-11,0,57,35,-6
32.75683,grasp,close,94,58,94,172,317,1558,-8,-11,0,57,35,-6
32.75803,grasp,close,94,58,94,174,317,1558,-8,-11,0,54,35,-6
32.75960,grasp,close,94,58,94,174,317,1558,-8,-11,0,54,35,-6
32.76618,grasp,close,94,58,94,174,317,1558,-8,-11,0,54,35,-6
32.76814,grasp,close,94,58,94,174,317,1558,-8,-11,0,54,35,-6
32.77006,grasp,close,94,58,94,174,317,1558,-8,-11,0,54,35,-6
32.77163,grasp,close,94,58,94,174,317,1558,-8,-11,0,54,35,-6
32.77349,grasp,close,94,58,94,174,317,1558,-8,-11,0,54,35,-6
32.77479,grasp,close,94,58,94,174,317,1558,-8,-11,0,54,35,-6
32.78515,grasp,close,94,58,94,174,317,1558,-8,-11,0,54,35,-6
32.78705,grasp,close,94,58,94,174,317,1558,-8,-10,0,54,35,-6
32.78885,grasp,close,94,58,94,174,317,1558,-8,-10,0,54,35,-6
32.79067,grasp,close,94,58,94,176,317,1558,-8,-10,0,50,35,-6
32.79729,grasp,close,94,58,94,176,320,1558,-8,-10,0,50,35,-7
32.79887,grasp,close,94,58,94,176,320,1558,-8,-10,0,50,35,-7
32.80074,grasp,close,94,58,94,176,320,1558,-8,-10,0,50,35,-7
32.80233,grasp,close,94,58,94,176,320,1558,-8,-10,0,50,35,-7
32.80351,grasp,close,94,58,94,176,320,1558,-8,-10,0,50,35,-7
32.80474,grasp,close,94,58,94,176,320,1558,-8,-10,0,50,35,-7
32.80633,grasp,close,94,58,94,176,320,1558,-8,-10,0,50,35,-7
32.81708,grasp,close,94,58,94,176,320,1558,-8,-10,0,50,35,-7
32.81831,grasp,close,94,58,94,176,320,1558,-8,-10,0,50,35,-7
32.82025,grasp,close,94,58,94,176,320,1558,-8,-10,0,50,35,-7
32.82728,grasp,close,94,58,94,176,320,1558,-8,-10,0,50,35,-7
32.82912,grasp,close,94,58,94,178,320,1558,-8,-10,0,50,35,-7
32.83108,grasp,close,94,58,94,178,323,1558,-8,-10,0,50,35,-7
32.83265,grasp,close,94,58,94,178,323,1558,-8,-10,0,50,35,-7
32.83425,grasp,close,94,58,94,178,323,1558,-8,-10,0,50,35,-7
32.83610,grasp,close,94,58,94,178,323,1558,-8,-10,0,50,35,-7
32.84676,grasp,close,94,58,94,178,323,1558,-8,-10,0,50,35,-7
32.84831,grasp,close,94,58,94,178,323,1558,-7,-10,0,50,35,-7
32.85011,grasp,close,94,58,94,178,323,1558,-7,-10,0,50,35,-7
32.85181,grasp,close,94,58,94,178,323,1558,-7,-10,0,50,35,-7
32.85844,grasp,close,94,58,94,178,323,1558,-7,-10,0,47,35,-7
32.85978,grasp,close,94,58,94,182,323,1558,-7,-10,0,47,35,-7
32.86100,grasp,close,94,58,94,182,326,1558,-7,-10,0,47,35,-7
32.86225,grasp,close,94,58,94,182,326,1558,-7,-10,0,47,35,-7
32.86384,grasp,close,94,58,94,182,326,1558,-7,-10,0,47,35,-7
32.86536,grasp,close,94,58,94,182,326,1558,-7,-10,0,47,35,-7
32.86654,grasp,close,94,58,94,182,326,1558,-7,-10,0,47,35,-7
32.86773,grasp,close,94,58,94,182,326,1558,-7,-10,0,47,35,-7
32.87816,grasp,close,94,58,94,182,326,1558,-7,-10,0,47,35,-7
32.87992,grasp,close,94,58,94,182,326,1558,-8,-10,0,47,35,-7
32.88173,grasp,close,94,58,94,182,326,1558,-8,-10,0,47,35,-7
32.88320,grasp,close,94,58,94,182,326,1558,-8,-10,0,47,35,-7
32.88966,grasp,close,94,58,94,186,326,1558,-8,-10,0,47,35,-7
32.89088,grasp,close,94,58,94,186,329,1558,-8,-10,0,47,35,-7
32.89274,grasp,close,94,58,94,186,329,1558,-8,-10,0,47,35,-7
32.89456,grasp,close,94,58,94,186,329,1558,-8,-10,0,47,35,-7
32.89604,grasp,close,94,58,94,186,329,1558,-8,-10,0,47,35,-7
32.89786,grasp,close,94,58,94,186,329,1558,-8,-10,0,47,35,-7
32.89967,grasp,close,94,58,94,186,329,1558,-8,-10,0,47,35,-7
32.91031,grasp,close,94,58,94,186,329,1558,-8,-10,0,47,35,-7
32.91215,grasp,close,94,58,94,186,329,1558,-8,-10,0,47,35,-7
32.91373,grasp,close,94,58,94,186,329,1558,-8,-10,1,47,35,-7
32.92058,grasp,close,94,58,94,186,329,1558,-8,-10,1,46,35,-7
32.92247,grasp,close,94,58,94,188,333,1558,-8,-10,1,46,35,-7
32.92403,grasp,close,94,58,94,188,333,1558,-8,-10,1,46,35,-7
32.92544,grasp,close,94,58,94,188,333,1558,-8,-10,1,46,35,-7
32.92747,grasp,close,94,58,94,188,333,1558,-8,-10,1,46,35,-7
32.92946,grasp,close,94,58,94,188,333,1558,-8,-10,1,46,35,-7
32.94005,grasp,close,94,58,94,188,333,1558,-8,-10,1,46,35,-7
32.94246,grasp,close,94,58,94,188,333,1558,-8,-10,1,46,35,-7
32.94471,grasp,close,94,58,94,188,333,1558,-8,-10,0,46,35,-7
32.95125,grasp,close,94,58,94,190,333,1558,-8,-10,0,44,35,-7
32.95242,grasp,close,94,58,94,190,333,1558,-8,-10,0,44,35,-7
32.95365,grasp,close,94,58,94,190,336,1558,-8,-10,0,44,35,-7
32.95523,grasp,close,94,58,94,190,336,1558,-8,-10,0,44,35,-7
32.95715,grasp,close,94,58,94,190,336,1558,-8,-10,0,44,35,-7
32.95869,grasp,close,94,58,94,190,336,1558,-8,-10,0,44,35,-7
32.96023,grasp,close,94,58,94,190,336,1558,-8,-10,0,44,35,-7
32.96150,grasp,close,94,58,94,190,336,1558,-8,-10,0,44,35,-7
32.97209,grasp,close,94,58,94,190,336,1558,-8,-10,0,44,35,-7
32.97405,grasp,close,94,58,94,190,336,1558,-8,-10,0,44,35,-7
32.97590,grasp,close,94,58,94,190,336,1558,-8,-10,1,44,35,-7
32.98292,grasp,close,94,58,94,192,336,1558,-8,-10,1,45,35,-7
32.98480,grasp,close,94,58,94,192,336,1558,-8,-10,1,45,35,-7
32.98632,grasp,close,94,58,94,192,336,1558,-8,-10,1,45,35,-7
32.98789,grasp,close,94,58,94,192,336,1558,-8,-10,1,45,35,-7
32.98979,grasp,close,94,58,94,192,336,1558,-8,-10,1,45,35,-7
32.99104,grasp,close,94,58,94,192,336,1558,-8,-10,1,45,35,-7
33.00199,grasp,close,94,58,94,192,336,1558,-8,-10,1,45,35,-7
33.00391,grasp,close,94,58,94,192,336,1558,-8,-10,1,45,35,-7
33.00583,grasp,close,94,58,94,192,336,1558,-8,-10,1,44,35,-7
33.00743,grasp,close,94,58,94,195,336,1558,-8,-10,1,44,35,-7
33.01465,grasp,close,94,58,94,195,341,1558,-8,-10,1,44,35,-7
33.01620,grasp,close,94,58,94,195,341,1558,-8,-10,1,44,35,-7
33.01833,grasp,close,94,58,94,195,341,1558,-8,-10,1,44,35,-7
33.02012,grasp,close,94,58,94,195,341,1558,-8,-10,1,44,35,-7
33.02135,grasp,close,94,58,94,195,341,1558,-8,-10,1,44,35,-7
33.02261,grasp,close,94,58,94,195,341,1558,-8,-10,1,44,35,-7
33.03281,grasp,close,94,58,94,195,341,1558,-8,-10,1,44,35,-7
33.03401,grasp,close,94,58,94,195,341,1558,-8,-10,1,44,35,-7
33.03522,grasp,close,94,58,94,195,341,1558,-8,-10,1,44,35,-7
33.03684,grasp,close,94,58,94,195,341,1558,-8,-10,1,44,35,-7
33.03804,grasp,close,94,58,94,197,341,1558,-8,-10,1,45,35,-7
33.04487,grasp,close,94,58,94,197,343,1558,-8,-10,1,45,35,-7
33.04609,grasp,close,94,58,94,197,343,1558,-8,-10,1,45,35,-7
33.04729,grasp,close,94,58,94,197,343,1558,-8,-10,1,45,35,-7
33.04883,grasp,close,94,58,94,197,343,1558,-8,-10,1,45,35,-7
33.05005,grasp,close,94,58,94,197,343,1558,-8,-10,1,45,35,-7
33.05131,grasp,close,94,58,94,197,343,1558,-8,-10,1,45,35,-7
33.05315,grasp,close,94,58,94,197,343,1558,-7,-10,1,45,35,-7
33.05437,grasp,close,94,58,94,197,343,1558,-7,-10,1,45,35,-7
33.06495,grasp,close,94,58,94,197,343,1558,-7,-10,1,45,35,-7
33.06609,grasp,close,94,58,94,198,343,1558,-7,-10,1,44,35,-7
33.06729,grasp,close,94,58,94,198,343,1558,-7,-10,1,44,35,-7
33.06858,grasp,close,94,58,94,198,345,1558,-7,-10,1,44,35,-7
33.07499,grasp,close,94,58,94,198,345,1558,-7,-10,1,44,35,-7
33.07624,grasp,close,94,58,94,198,345,1558,-7,-10,1,44,35,-7
33.07740,grasp,close,94,58,94,198,345,1558,-7,-10,1,44,35,-7
33.07867,grasp,close,94,58,94,198,345,1558,-7,-10,1,44,35,-7
33.08025,grasp,close,94,58,94,198,345,1558,-7,-10,1,44,35,-7
33.08148,grasp,close,94,58,94,198,345,1558,-7,-10,1,44,35,-7
33.08308,grasp,close,94,58,94,198,345,1558,-7,-10,1,44,35,-7
33.08464,grasp,close,94,58,94,198,345,1558,-7,-10,1,44,35,-7
33.09513,grasp,close,94,58,94,198,345,1558,-7,-10,1,44,35,-7
33.09697,grasp,close,94,58,94,198,345,1558,-7,-10,1,44,35,-7
33.09873,grasp,close,94,58,94,200,345,1558,-7,-10,1,45,35,-7
33.10033,grasp,close,94,58,94,200,347,1558,-7,-10,1,45,35,-7
33.10721,grasp,close,94,58,94,200,347,1558,-7,-10,1,45,35,-7
33.10871,grasp,close,94,58,94,200,347,1558,-7,-10,1,45,35,-7
33.11027,grasp,close,94,58,94,200,347,1558,-7,-10,1,45,35,-7
33.11218,grasp,close,94,58,94,200,347,1558,-7,-10,1,45,35,-7
33.11410,grasp,close,94,58,94,200,347,1558,-7,-10,1,45,35,-7
33.11599,grasp,close,94,58,94,200,347,1558,-8,-10,1,45,35,-7
33.12692,grasp,close,94,58,94,200,347,1558,-8,-10,1,45,35,-7
33.12880,grasp,close,94,58,94,202,347,1558,-8,-10,1,45,35,-7
33.13065,grasp,close,94,58,94,202,348,1558,-8,-10,1,45,35,-7
33.13709,grasp,close,94,58,94,202,348,1558,-8,-10,1,45,35,-7
33.13831,grasp,close,94,58,94,202,348,1558,-8,-10,1,45,35,-7
33.13949,grasp,close,94,58,94,202,348,1558,-8,-10,1,45,35,-7
33.14075,grasp,close,94,58,94,202,348,1558,-8,-10,1,45,35,-7
33.14231,grasp,close,94,58,94,202,348,1558,-8,-10,1,45,35,-7
33.14356,grasp,close,94,58,94,202,348,1558,-8,-10,1,45,35,-7
33.14539,grasp,close,94,58,94,202,348,1558,-8,-10,1,45,35,-7
33.14664,grasp,close,94,58,94,202,348,1558,-8,-10,1,45,35,-7
33.15700,grasp,close,94,58,94,202,348,1558,-8,-10,1,45,35,-7
33.15847,grasp,close,94,58,94,202,348,1558,-8,-10,0,45,35,-7
33.16005,grasp,close,94,58,94,202,348,1558,-8,-10,0,45,35,-7
33.16130,grasp,close,94,58,94,204,348,1558,-8,-10,0,45,35,-7
33.16803,grasp,close,94,58,94,204,350,1558,-8,-10,0,45,35,-7
33.16957,grasp,close,94,58,94,204,350,1558,-8,-10,0,45,35,-7
33.17082,grasp,close,94,58,94,204,350,1558,-8,-10,0,45,35,-7
33.17237,grasp,close,94,58,94,204,350,1558,-8,-10,0,45,35,-7
33.17356,grasp,close,94,58,94,204,350,1558,-8,-10,0,45,35,-7
33.17479,grasp,close,94,58,94,204,350,1558,-8,-10,0,45,35,-7
33.17604,grasp,close,94,58,94,204,350,1558,-8,-10,0,45,35,-7
33.17760,grasp,close,94,58,94,204,350,1558,-8,-11,0,45,35,-7
33.18808,grasp,close,94,58,94,204,350,1558,-8,-11,0,45,35,-7
33.18986,grasp,close,94,58,94,204,350,1558,-8,-11,0,46,35,-7
33.19134,grasp,close,94,58,94,206,350,1558,-8,-11,0,46,35,-7
33.19286,grasp,close,94,58,94,206,350,1558,-8,-11,0,46,35,-7
33.20004,grasp,close,94,58,94,206,350,1558,-8,-11,0,46,35,-7
33.20122,grasp,close,94,58,94,206,350,1558,-8,-11,0,46,35,-7
33.20237,grasp,close,94,58,94,206,350,1558,-8,-11,0,46,35,-7
33.20355,grasp,close,94,58,94,206,350,1558,-8,-11,0,46,35,-7
33.20506,grasp,close,94,58,94,206,350,1558,-8,-11,0,46,35,-7
33.20657,grasp,close,94,58,94,206,350,1558,-8,-11,0,46,35,-7
33.20832,grasp,close,94,58,94,206,350,1558,-8,-10,0,46,35,-7
33.21911,grasp,close,94,58,94,206,350,1558,-8,-10,0,46,35,-7
33.22098,grasp,close,94,58,94,206,350,1558,-8,-10,0,45,35,-7
33.22253,grasp,close,94,58,94,209,352,1558,-8,-10,0,45,35,-7
33.22409,grasp,close,94,58,94,209,352,1558,-8,-10,0,45,35,-7
33.23099,grasp,close,94,58,94,209,352,1558,-8,-10,0,45,35,-7
33.23218,grasp,close,94,58,94,209,352,1558,-8,-10,0,45,35,-7
33.23375,grasp,close,94,58,94,209,352,1558,-8,-10,0,45,35,-7
33.23493,grasp,close,94,58,94,209,352,1558,-8,-10,0,45,35,-7
33.23616,grasp,close,94,58,94,209,352,1558,-8,-10,0,45,35,-7
33.23737,grasp,close,94,58,94,209,352,1558,-8,-10,0,45,35,-7
33.23894,grasp,close,94,58,94,209,352,1558,-8,-10,0,45,35,-7
33.24023,grasp,close,94,58,94,209,352,1558,-8,-10,0,45,35,-7
33.25078,grasp,close,94,58,94,211,352,1558,-8,-10,0,46,35,-7
33.25261,grasp,close,94,58,94,211,352,1558,-8,-10,0,46,35,-7
33.25414,grasp,close,94,58,94,211,352,1558,-8,-10,0,46,35,-7
33.26100,grasp,close,94,58,94,211,352,1558,-8,-10,0,46,35,-7
33.26284,grasp,close,94,58,94,211,352,1558,-8,-10,0,46,35,-7
33.26406,grasp,close,94,58,94,211,352,1558,-8,-10,0,46,35,-7
33.26532,grasp,close,94,58,94,211,352,1558,-9,-10,0,46,35,-7
33.26677,grasp,close,94,58,94,211,352,1558,-9,-10,0,46,35,-7
33.26800,grasp,close,94,58,94,211,352,1558,-9,-10,0,46,35,-7
33.26922,grasp,close,94,58,94,211,352,1558,-9,-10,1,46,35,-7
33.27040,grasp,close,94,58,94,211,352,1558,-9,-10,1,46,35,-7
33.28082,grasp,close,94,58,94,211,352,1558,-9,-10,1,46,35,-7
33.28229,grasp,close,94,58,94,213,352,1558,-9,-10,1,46,36,-7
33.28355,grasp,close,94,58,94,213,359,1558,-9,-10,1,46,36,-7
33.28514,grasp,close,94,58,94,213,359,1558,-9,-10,1,46,36,-7
33.29221,grasp,close,94,58,94,213,359,1558,-9,-10,1,46,36,-7
33.29342,grasp,close,94,58,94,213,359,1558,-9,-10,1,46,36,-7
33.29499,grasp,close,94,58,94,213,359,1558,-9,-10,1,46,36,-7
33.29618,grasp,close,94,58,94,213,359,1558,-9,-10,1,46,36,-7
33.29740,grasp,close,94,58,94,213,359,1558,-7,-10,1,46,36,-7
33.29863,grasp,close,94,58,94,213,359,1558,-7,-10,1,46,36,-7
33.30022,grasp,close,94,58,94,213,359,1558,-7,-10,1,46,36,-7
33.30141,grasp,close,94,58,94,213,359,1558,-7,-10,0,46,36,-7
33.31218,grasp,close,94,58,94,213,359,1558,-7,-10,0,45,36,-7
33.31418,grasp,close,94,58,94,215,359,1558,-7,-10,0,45,36,-7
33.31595,grasp,close,94,58,94,215,363,1558,-7,-10,0,45,36,-7
33.31739,grasp,close,94,58,94,215,363,1558,-7,-10,0,45,36,-7
33.32376,grasp,close,94,58,94,215,363,1558,-7,-10,0,45,36,-7
33.32496,grasp,close,94,58,94,215,363,1558,-7,-10,0,45,36,-7
33.32618,grasp,close,94,58,94,215,363,1558,-7,-10,0,45,36,-7
33.32738,grasp,close,94,58,94,215,363,1558,-8,-10,0,45,36,-7
33.32925,grasp,close,94,58,94,215,363,1558,-8,-10,0,45,36,-7
33.33045,grasp,close,94,58,94,215,363,1558,-8,-10,0,45,36,-7
33.33164,grasp,close,94,58,94,215,363,1558,-8,-10,1,45,36,-7
33.33282,grasp,close,94,58,94,215,363,1558,-8,-10,1,45,36,-7
33.34331,grasp,close,94,58,94,216,363,1558,-8,-10,1,46,36,-7
33.34447,grasp,close,94,58,94,216,366,1558,-8,-10,1,46,36,-7
33.34569,grasp,close,94,58,94,216,366,1558,-8,-10,1,46,36,-7
33.34691,grasp,close,94,58,94,216,366,1558,-8,-10,1,46,36,-7
33.34809,grasp,close,94,58,94,216,366,1558,-8,-10,1,46,36,-7
33.35456,grasp,close,94,58,94,216,366,1558,-8,-10,1,46,36,-7
33.35645,grasp,close,94,58,94,216,366,1558,-8,-10,1,46,36,-7
33.35803,grasp,close,94,58,94,216,366,1558,-8,-10,1,46,36,-7
33.35994,grasp,close,94,58,94,216,366,1558,-8,-10,1,46,36,-7
33.36190,grasp,close,94,58,94,216,366,1558,-8,-10,0,46,36,-7
33.36372,grasp,close,94,58,94,216,366,1558,-8,-10,0,45,36,-7
33.37415,grasp,close,94,58,94,220,366,1558,-8,-10,0,45,36,-7
33.37617,grasp,close,94,58,94,220,368,1558,-8,-10,0,45,36,-8
33.37784,grasp,close,94,58,94,220,368,1558,-8,-10,0,45,36,-8
33.37937,grasp,close,94,58,94,220,368,1558,-8,-10,0,45,36,-8
33.38607,grasp,close,94,58,94,220,368,1558,-8,-10,0,45,36,-8
33.38798,grasp,close,94,58,94,220,368,1558,-8,-10,0,45,36,-8
33.38919,grasp,close,94,58,94,220,368,1558,-8,-10,0,45,36,-8
33.39040,grasp,close,94,58,94,220,368,1558,-8,-10,0,45,36,-8
33.39163,grasp,close,94,58,94,220,368,1558,-8,-10,0,45,36,-8
33.39289,grasp,close,94,58,94,220,368,1558,-8,-10,0,45,36,-8
33.39410,grasp,close,94,58,94,222,368,1558,-8,-10,0,46,36,-8
33.39570,grasp,close,94,58,94,222,368,1558,-8,-10,0,46,36,-8
33.40620,grasp,close,94,58,94,222,371,1558,-8,-10,0,46,36,-8
33.40817,grasp,close,94,58,94,222,371,1558,-8,-10,0,46,36,-8
33.41030,grasp,close,94,58,94,222,371,1558,-8,-10,0,46,36,-8
33.41684,grasp,close,94,58,94,222,371,1558,-8,-10,0,46,36,-8
33.41841,grasp,close,94,58,94,222,371,1558,-8,-10,0,46,36,-8
33.41963,grasp,close,94,58,94,222,371,1558,-8,-10,0,46,36,-8
33.42087,grasp,close,94,58,94,222,371,1558,-8,-10,0,46,36,-8
33.42209,grasp,close,94,58,94,222,371,1558,-8,-10,1,46,36,-8
33.42334,grasp,close,94,58,94,222,371,1558,-8,-10,1,45,36,-8
33.42521,grasp,close,94,58,94,227,371,1558,-8,-10,1,45,36,-8
33.42641,grasp,close,94,58,94,227,373,1558,-8,-10,1,45,36,-8
33.43722,grasp,close,94,58,94,227,373,1558,-8,-10,1,45,36,-8
33.43943,grasp,close,94,58,94,227,373,1558,-8,-10,1,45,36,-8
33.44097,grasp,close,94,58,94,227,373,1558,-8,-10,1,45,36,-8
33.44766,grasp,close,94,58,94,227,373,1558,-8,-10,1,45,36,-8
33.44921,grasp,close,94,58,94,227,373,1558,-8,-10,1,45,36,-8
33.45040,grasp,close,94,58,94,227,373,1558,-8,-10,1,45,36,-8
33.45219,grasp,close,94,58,94,227,373,1558,-8,-10,1,45,36,-8
33.45335,grasp,close,94,58,94,227,373,1558,-8,-10,1,45,36,-8
33.45486,grasp,close,94,58,94,229,373,1558,-8,-10,1,45,36,-8
33.45638,grasp,close,94,58,94,229,374,1558,-8,-10,1,45,36,-8
33.46697,grasp,close,94,58,94,229,374,1558,-8,-10,1,45,36,-7
33.46886,grasp,close,94,58,94,229,374,1558,-8,-10,1,45,36,-7
33.47041,grasp,close,94,58,94,229,374,1558,-8,-10,1,45,36,-7
33.47250,grasp,close,94,58,94,229,374,1558,-8,-10,1,45,36,-7
33.47934,grasp,close,94,58,94,229,374,1558,-8,-10,1,45,36,-7
33.48125,grasp,close,94,58,94,229,374,1558,-8,-10,1,45,36,-7
33.48315,grasp,close,94,58,94,229,374,1558,-8,-10,1,45,36,-7
33.48465,grasp,close,94,58,94,230,374,1558,-8,-10,1,44,36,-7
33.48651,grasp,close,94,58,94,230,375,1558,-8,-10,1,44,36,-7
33.48810,grasp,close,94,58,94,230,375,1558,-8,-10,1,44,36,-7
33.49841,grasp,close,94,58,94,230,375,1558,-8,-10,1,44,36,-7
33.49966,grasp,close,94,58,94,230,375,1558,-8,-10,1,44,36,-7
33.50129,grasp,close,94,58,94,230,375,1558,-8,-10,1,44,36,-7
33.50317,grasp,close,94,58,94,230,375,1558,-8,-10,1,44,36,-7
33.51017,grasp,close,94,58,94,230,375,1558,-8,-10,1,44,36,-7
33.51203,grasp,close,94,58,94,230,375,1558,-8,-10,1,44,36,-7
33.51392,grasp,close,94,58,94,230,375,1558,-8,-10,1,43,36,-7
33.51548,grasp,close,94,58,94,232,375,1558,-8,-10,1,43,37,-7
33.51670,grasp,close,94,58,94,232,376,1558,-8,-10,1,43,37,-7
33.51793,grasp,close,94,58,94,232,376,1558,-8,-10,1,43,37,-7
33.51947,grasp,close,94,58,94,232,376,1558,-8,-10,1,43,37,-7
33.53015,grasp,close,94,58,94,232,376,1558,-8,-10,1,43,37,-7
33.53202,grasp,close,94,58,94,232,376,1558,-8,-10,1,43,37,-7
33.53356,grasp,close,94,58,94,232,376,1558,-8,-10,1,43,37,-7
33.54002,grasp,close,94,58,94,232,376,1558,-8,-10,1,43,37,-7
33.54154,grasp,close,94,58,94,232,376,1558,-8,-10,1,43,37,-7
33.54310,grasp,close,94,58,94,232,376,1558,-8,-10,1,43,37,-7
33.54501,grasp,close,94,58,94,233,376,1558,-8,-10,1,45,37,-7
33.54685,grasp,close,94,58,94,233,376,1558,-8,-10,1,45,38,-7
33.54868,grasp,close,94,58,94,233,376,1558,-8,-10,1,45,38,-7
33.55051,grasp,close,94,58,94,233,376,1558,-8,-10,1,45,38,-7
33.56101,grasp,close,94,58,94,233,376,1558,-8,-10,1,45,38,-7
33.56253,grasp,close,94,58,94,233,376,1558,-8,-10,1,45,38,-7
33.56374,grasp,close,94,58,94,233,376,1558,-8,-10,1,45,38,-7
33.56496,grasp,close,94,58,94,233,376,1558,-8,-10,1,45,38,-7
33.57176,grasp,close,94,58,94,233,376,1558,-8,-10,1,45,38,-7
33.57296,grasp,close,94,58,94,233,376,1558,-8,-10,1,45,38,-7
33.57418,grasp,close,94,58,94,236,376,1558,-8,-10,1,42,38,-7
33.57536,grasp,close,94,58,94,236,376,1558,-8,-10,1,42,38,-7
33.57665,grasp,close,94,58,94,236,379,1558,-8,-10,1,42,38,-7
33.57822,grasp,close,94,58,94,236,379,1558,-8,-10,1,42,38,-7
33.57975,grasp,close,94,58,94,236,379,1558,-8,-10,1,42,38,-7
33.58099,grasp,close,94,58,94,236,379,1558,-8,-10,1,42,38,-7
33.59175,grasp,close,94,58,94,236,379,1558,-8,-10,1,42,38,-7
33.59373,grasp,close,94,58,94,236,379,1558,-8,-10,1,42,38,-7
33.59534,grasp,close,94,58,94,236,379,1558,-8,-10,1,42,38,-7
33.60201,grasp,close,94,58,94,236,379,1558,-8,-10,1,42,38,-7
33.60315,grasp,close,94,58,94,236,379,1558,-8,-10,0,42,38,-7
33.60436,grasp,close,94,58,94,239,379,1558,-8,-10,0,43,38,-7
33.60566,grasp,close,94,58,94,239,379,1558,-8,-10,0,43,38,-7
33.60745,grasp,close,94,58,94,239,382,1558,-8,-10,0,43,38,-7
33.60932,grasp,close,94,58,94,239,382,1558,-8,-10,0,43,38,-7
33.61094,grasp,close,94,58,94,239,382,1558,-8,-10,0,43,38,-7
33.62178,grasp,close,94,58,94,239,382,1558,-8,-10,0,43,38,-7
33.62365,grasp,close,94,58,94,239,382,1558,-8,-10,0,43,38,-7
33.62520,grasp,close,94,58,94,239,382,1558,-8,-10,0,43,38,-7
33.62645,grasp,close,94,58,94,239,382,1558,-8,-10,0,43,38,-7
33.63300,grasp,close,94,58,94,239,382,1558,-8,-10,1,43,38,-7
33.63449,grasp,close,94,58,94,239,382,1558,-8,-10,1,42,38,-7
33.63593,grasp,close,94,58,94,242,387,1558,-8,-10,1,42,38,-7
33.63715,grasp,close,94,58,94,242,387,1558,-8,-10,1,42,38,-7
33.63836,grasp,close,94,58,94,242,387,1558,-8,-10,1,42,38,-7
33.63955,grasp,close,94,58,94,242,387,1558,-8,-10,1,42,38,-7
33.64079,grasp,close,94,58,94,242,387,1558,-8,-10,1,42,38,-7
33.64205,grasp,close,94,58,94,242,387,1558,-8,-10,1,42,38,-7
33.65294,grasp,close,94,58,94,242,387,1558,-8,-10,1,42,38,-7
33.65483,grasp,close,94,58,94,242,387,1558,-8,-10,1,42,38,-7
33.65678,grasp,close,94,58,94,242,387,1558,-8,-10,1,42,38,-7
33.65871,grasp,close,94,58,94,242,387,1558,-8,-10,1,42,38,-7
33.66546,grasp,close,94,58,94,242,387,1558,-8,-10,0,42,38,-7
33.66700,grasp,close,94,58,94,243,387,1558,-8,-10,0,41,38,-7
33.66883,grasp,close,94,58,94,243,391,1558,-8,-10,0,41,38,-7
33.67027,grasp,close,94,58,94,243,391,1558,-8,-10,0,41,38,-7
33.67177,grasp,close,94,58,94,243,391,1558,-8,-10,0,41,38,-7
33.67327,grasp,close,94,58,94,243,391,1558,-8,-10,0,41,38,-7
33.68370,grasp,close,94,58,94,243,391,1558,-8,-10,0,41,38,-7
33.68491,grasp,close,94,58,94,243,391,1558,-8,-10,0,41,38,-7
33.68614,grasp,close,94,58,94,243,391,1558,-8,-10,0,41,38,-7
33.68743,grasp,close,94,58,94,243,391,1558,-8,-10,0,41,38,-7
33.68868,grasp,close,94,58,94,243,391,1558,-8,-10,0,41,38,-7
33.69529,grasp,close,94,58,94,243,391,1558,-8,-10,1,41,38,-7
33.69713,grasp,close,94,58,94,243,391,1558,-8,-10,1,42,38,-7
33.69905,grasp,close,94,58,94,245,393,1558,-8,-10,1,42,38,-7
33.70056,grasp,close,94,58,94,245,393,1558,-8,-10,1,42,38,-8
33.70176,grasp,close,94,58,94,245,393,1558,-8,-10,1,42,38,-8
33.70332,grasp,close,94,58,94,245,393,1558,-8,-10,1,42,38,-8
33.70490,grasp,close,94,58,94,245,393,1558,-8,-10,1,42,38,-8
33.71584,grasp,close,94,58,94,245,393,1558,-8,-10,1,42,38,-8
33.71772,grasp,close,94,58,94,245,393,1558,-8,-10,1,42,38,-8
33.71930,grasp,close,94,58,94,245,393,1558,-8,-10,1,42,38,-8
33.72050,grasp,close,94,58,94,245,393,1558,-8,-10,1,42,38,-8
33.72728,grasp,close,94,58,94,245,393,1558,-8,-10,1,42,38,-8
33.72885,grasp,close,94,58,94,247,393,1558,-8,-10,1,41,38,-8
33.73070,grasp,close,94,58,94,247,396,1558,-8,-10,1,41,38,-8
33.73286,grasp,close,94,58,94,247,396,1558,-8,-10,1,41,38,-8
33.73491,grasp,close,94,58,94,247,396,1558,-8,-10,1,41,38,-8
33.74574,grasp,close,94,58,94,247,396,1558,-8,-10,1,41,38,-8
33.74723,grasp,close,94,58,94,247,396,1558,-8,-10,1,41,38,-8
33.74890,grasp,close,94,58,94,247,396,1558,-8,-10,1,41,38,-8
33.75081,grasp,close,94,58,94,247,396,1558,-8,-10,1,41,38,-8
33.75864,grasp,close,94,58,94,247,396,1558,-8,-10,0,41,38,-8
33.76055,grasp,close,94,58,94,249,396,1558,-8,-10,0,43,38,-8
33.76217,grasp,close,94,58,94,249,398,1558,-8,-10,0,43,38,-8
33.76407,grasp,close,94,58,94,249,398,1558,-8,-10,0,43,38,-8
33.76599,grasp,close,94,58,94,249,398,1558,-8,-10,0,43,38,-8
33.77689,grasp,close,94,58,94,249,398,1558,-8,-10,0,43,38,-8
33.77840,grasp,close,94,58,94,249,398,1558,-8,-10,0,43,38,-8
33.77962,grasp,close,94,58,94,249,398,1558,-8,-10,0,43,38,-8
33.78087,grasp,close,94,58,94,249,398,1558,-8,-10,0,43,38,-8
33.78789,grasp,close,94,58,94,249,398,1558,-8,-10,0,43,38,-8
33.78937,grasp,close,94,58,94,249,398,1558,-8,-10,0,42,38,-8
33.79058,grasp,close,94,58,94,252,398,1558,-8,-10,0,42,38,-8
33.79239,grasp,close,94,58,94,252,398,1558,-8,-10,0,42,38,-8
33.79428,grasp,close,94,58,94,252,398,1558,-8,-10,0,42,38,-8
33.79603,grasp,close,94,58,94,252,398,1558,-8,-10,0,42,38,-8
33.79752,grasp,close,94,58,94,252,398,1558,-8,-10,0,42,38,-8
33.80796,grasp,close,94,58,94,252,398,1558,-8,-10,0,42,38,-8
33.80975,grasp,close,94,58,94,252,398,1558,-8,-10,0,42,38,-8
33.81132,grasp,close,94,58,94,252,398,1558,-8,-10,1,42,38,-8
33.81268,grasp,close,94,58,94,252,398,1558,-8,-10,1,42,38,-8
33.81927,grasp,close,94,58,94,255,398,1558,-8,-10,1,43,38,-8
33.82046,grasp,close,94,58,94,255,398,1558,-8,-10,1,43,38,-8
33.82164,grasp,close,94,58,94,255,401,1558,-8,-10,1,43,38,-8
33.82289,grasp,close,94,58,94,255,401,1558,-8,-10,1,43,38,-8
33.82413,grasp,close,94,58,94,255,401,1558,-8,-10,1,43,38,-8
33.82535,grasp,close,94,58,94,255,401,1558,-8,-10,1,43,38,-8
33.82735,grasp,close,94,58,94,255,401,1558,-8,-10,1,43,38,-8
33.82924,grasp,close,94,58,94,255,401,1558,-8,-10,1,43,38,-8
33.83986,grasp,close,94,58,94,255,401,1558,-8,-10,1,43,38,-8
33.84141,grasp,close,94,58,94,255,401,1558,-8,-10,1,43,38,-8
33.84301,grasp,close,94,58,94,255,401,1558,-8,-10,1,43,38,-8
33.85033,grasp,close,94,58,94,255,401,1558,-8,-10,0,43,38,-8
33.85169,grasp,close,94,58,94,257,401,1558,-8,-10,0,43,38,-8
33.85290,grasp,close,94,58,94,257,405,1558,-8,-10,0,43,38,-8
33.85410,grasp,close,94,58,94,257,405,1558,-8,-10,0,43,38,-8
33.85529,grasp,close,94,58,94,257,405,1558,-8,-10,0,43,38,-8
33.85650,grasp,close,94,58,94,257,405,1558,-8,-10,0,43,38,-8
33.85776,grasp,close,94,58,94,257,405,1558,-8,-10,0,43,38,-8
33.85930,grasp,close,94,58,94,257,405,1558,-8,-10,0,43,38,-8
33.86984,grasp,close,94,58,94,257,405,1558,-8,-10,0,43,38,-8
33.87133,grasp,close,94,58,94,257,405,1558,-8,-10,0,43,38,-8
33.87333,grasp,close,94,58,94,257,405,1558,-8,-10,0,43,38,-8
33.87527,grasp,close,94,58,94,257,405,1558,-8,-10,0,43,38,-8
33.88204,grasp,close,94,58,94,259,405,1558,-8,-10,0,43,38,-8
33.88385,grasp,close,94,58,94,259,407,1558,-8,-10,0,43,39,-8
33.88572,grasp,close,94,58,94,259,407,1558,-8,-10,0,43,39,-8
33.88760,grasp,close,94,58,94,259,407,1558,-8,-10,0,43,39,-8
33.88880,grasp,close,94,58,94,259,407,1558,-8,-10,0,43,39,-8
33.88998,grasp,close,94,58,94,259,407,1558,-8,-10,0,43,39,-8
33.89156,grasp,close,94,58,94,259,407,1558,-8,-10,0,43,39,-8
33.90188,grasp,close,94,58,94,259,407,1558,-8,-10,0,43,39,-8
33.90338,grasp,close,94,58,94,259,407,1558,-8,-10,0,43,39,-8
33.90455,grasp,close,94,58,94,259,407,1558,-8,-10,0,43,39,-8
33.90575,grasp,close,94,58,94,259,407,1558,-8,-10,1,43,39,-8
33.91240,grasp,close,94,58,94,259,407,1558,-8,-10,1,44,39,-8
33.91387,grasp,close,94,58,94,261,407,1558,-8,-10,1,44,39,-8
33.91507,grasp,close,94,58,94,261,410,1558,-8,-10,1,44,39,-8
33.91630,grasp,close,94,58,94,261,410,1558,-8,-10,1,44,39,-9
33.91751,grasp,close,94,58,94,261,410,1558,-8,-10,1,44,39,-9
33.91904,grasp,close,94,58,94,261,410,1558,-8,-10,1,44,39,-9
33.92083,grasp,close,94,58,94,261,410,1558,-8,-10,1,44,39,-9
33.92230,grasp,close,94,58,94,261,410,1558,-8,-10,1,44,39,-9
33.93283,grasp,close,94,58,94,261,410,1558,-8,-10,1,44,39,-9
33.93406,grasp,close,94,58,94,261,410,1558,-8,-10,1,44,39,-9
33.93528,grasp,close,94,58,94,261,410,1558,-8,-10,0,44,39,-9
33.93687,grasp,close,94,58,94,261,410,1558,-8,-10,0,44,39,-9
33.94376,grasp,close,94,58,94,263,410,1558,-8,-10,0,42,39,-9
33.94525,grasp,close,94,58,94,263,413,1558,-8,-10,0,42,39,-8
33.94641,grasp,close,94,58,94,263,413,1558,-8,-10,0,42,39,-8
33.94767,grasp,close,94,58,94,263,413,1558,-8,-10,0,42,39,-8
33.94925,grasp,close,94,58,94,263,413,1558,-8,-10,0,42,39,-8
33.95082,grasp,close,94,58,94,263,413,1558,-8,-10,0,42,39,-8
33.95233,grasp,close,94,58,94,263,413,1558,-8,-10,0,42,39,-8
33.96280,grasp,close,94,58,94,263,413,1558,-8,-10,0,42,39,-8
33.96395,grasp,close,94,58,94,263,413,1558,-8,-10,0,42,39,-8
33.96515,grasp,close,94,58,94,263,413,1558,-8,-10,0,42,39,-8
33.96635,grasp,close,94,58,94,263,413,1558,-8,-10,0,42,39,-8
33.96761,grasp,close,94,58,94,263,413,1558,-8,-10,0,42,39,-8
33.97424,grasp,close,94,58,94,263,413,1558,-8,-10,0,45,39,-8
33.97623,grasp,close,94,58,94,264,413,1558,-8,-10,0,45,39,-8
33.97832,grasp,close,94,58,94,264,413,1558,-8,-10,0,45,39,-8
33.98042,grasp,close,94,58,94,264,413,1558,-8,-10,0,45,39,-8
33.98245,grasp,close,94,58,94,264,413,1558,-8,-10,0,45,39,-8
33.98455,grasp,close,94,58,94,264,413,1558,-8,-10,0,45,39,-8
33.99474,grasp,close,94,58,94,264,413,1558,-8,-10,0,45,39,-8
33.99598,grasp,close,94,58,94,264,413,1558,-8,-10,0,45,39,-8
33.99725,grasp,close,94,58,94,264,413,1558,-8,-10,0,42,39,-8
33.99844,grasp,close,94,58,94,266,413,1558,-8,-10,0,42,39,-8
34.00489,grasp,close,94,58,94,266,413,1558,-8,-10,0,42,39,-8
34.00613,grasp,close,94,58,94,266,416,1558,-8,-10,0,42,39,-8
34.00736,grasp,close,94,58,94,266,416,1558,-8,-10,0,42,39,-8
34.00917,grasp,close,94,58,94,266,416,1558,-8,-10,0,42,39,-8
34.01073,grasp,close,94,58,94,266,416,1558,-8,-10,0,42,39,-8
34.01286,grasp,close,94,58,94,266,416,1558,-8,-10,0,42,39,-8
34.01435,grasp,close,94,58,94,266,416,1558,-8,-10,0,42,39,-8
34.02498,grasp,close,94,58,94,266,416,1558,-8,-10,0,42,39,-8
34.02630,grasp,close,94,58,94,266,416,1558,-8,-10,0,42,39,-8
34.02823,grasp,close,94,58,94,266,416,1558,-8,-10,1,42,39,-8
34.03016,grasp,close,94,58,94,266,416,1558,-8,-10,1,43,39,-8
34.03718,grasp,close,94,58,94,269,417,1558,-8,-10,1,43,39,-8
34.03909,grasp,close,94,58,94,269,417,1558,-8,-10,1,43,39,-8
34.04106,grasp,close,94,58,94,269,417,1558,-8,-10,1,43,39,-8
34.04297,grasp,close,94,58,94,269,417,1558,-8,-10,1,43,39,-8
34.04486,grasp,close,94,58,94,269,417,1558,-8,-10,1,43,39,-8
34.04672,grasp,close,94,58,94,269,417,1558,-8,-10,1,43,39,-8
34.05780,grasp,close,94,58,94,269,417,1558,-8,-9,1,43,39,-8
34.05985,grasp,close,94,58,94,269,417,1558,-8,-9,1,41,39,-8
34.06170,grasp,close,94,58,94,274,417,1558,-8,-9,1,41,39,-8
34.06783,grasp,close,94,58,94,274,420,1558,-8,-9,1,41,39,-8
34.06901,grasp,close,94,58,94,274,420,1558,-8,-9,1,41,39,-8
34.07028,grasp,close,94,58,94,274,420,1558,-8,-9,1,41,39,-8
34.07145,grasp,close,94,58,94,274,420,1558,-8,-9,1,41,39,-8
34.07270,grasp,close,94,58,94,274,420,1558,-8,-9,1,41,39,-8
34.07421,grasp,close,94,58,94,274,420,1558,-8,-9,1,41,39,-8
34.07613,grasp,close,94,58,94,274,420,1558,-8,-9,1,41,39,-8
34.08692,grasp,close,94,58,94,274,420,1558,-8,-9,1,41,39,-8
34.08881,grasp,close,94,58,94,274,420,1558,-8,-10,1,41,39,-8
34.09072,grasp,close,94,58,94,274,420,1558,-8,-10,1,41,39,-8
34.09195,grasp,close,94,58,94,274,420,1558,-8,-10,1,44,39,-8
34.09884,grasp,close,94,58,94,278,422,1558,-8,-10,1,44,39,-8
34.10009,grasp,close,94,58,94,278,422,1558,-8,-10,1,44,39,-8
34.10129,grasp,close,94,58,94,278,422,1558,-8,-10,1,44,39,-8
34.10248,grasp,close,94,58,94,278,422,1558,-8,-10,1,44,39,-8
34.10374,grasp,close,94,58,94,278,422,1558,-8,-10,1,44,39,-8
34.10494,grasp,close,94,58,94,278,422,1558,-8,-10,1,44,39,-8
34.10616,grasp,close,94,58,94,278,422,1558,-8,-10,1,44,39,-8
34.10839,grasp,close,94,58,94,278,422,1558,-8,-10,1,44,39,-8
34.11905,grasp,close,94,58,94,278,422,1558,-8,-10,1,44,39,-8
34.12122,grasp,close,94,58,94,280,422,1558,-8,-10,1,43,39,-8
34.12321,grasp,close,94,58,94,280,424,1558,-8,-10,1,43,39,-8
34.12975,grasp,close,94,58,94,280,424,1558,-8,-10,1,43,39,-8
34.13097,grasp,close,94,58,94,280,424,1558,-8,-10,1,43,39,-8
34.13247,grasp,close,94,58,94,280,424,1558,-8,-10,1,43,39,-8
34.13435,grasp,close,94,58,94,280,424,1558,-8,-10,1,43,39,-8
34.13615,grasp,close,94,58,94,280,424,1558,-8,-10,1,43,39,-8
34.13787,grasp,close,94,58,94,280,424,1558,-8,-10,1,43,39,-8
34.14883,grasp,close,94,58,94,280,424,1558,-8,-10,1,43,39,-8
34.15065,grasp,close,94,58,94,280,424,1558,-8,-10,1,43,39,-8
34.15223,grasp,close,94,58,94,280,424,1558,-8,-10,1,43,39,-8
34.15340,grasp,close,94,58,94,283,424,1558,-8,-10,1,43,39,-8
34.16023,grasp,close,94,58,94,283,427,1558,-8,-10,1,43,39,-8
34.16213,grasp,close,94,58,94,283,427,1558,-8,-10,1,43,39,-8
34.16370,grasp,close,94,58,94,283,427,1558,-8,-10,1,43,39,-8
34.16561,grasp,close,94,58,94,283,427,1558,-8,-10,1,43,39,-8
34.16745,grasp,close,94,58,94,283,427,1558,-8,-10,1,43,39,-8
34.16928,grasp,close,94,58,94,283,427,1558,-8,-9,1,43,39,-8
34.17988,grasp,close,94,58,94,283,427,1558,-8,-9,1,43,39,-8
34.18138,grasp,close,94,58,94,283,427,1558,-8,-9,1,44,39,-8
34.18263,grasp,close,94,58,94,285,427,1558,-8,-9,1,44,39,-8
34.18451,grasp,close,94,58,94,285,427,1558,-8,-9,1,44,39,-7
34.19103,grasp,close,94,58,94,285,427,1558,-8,-9,1,44,39,-7
34.19227,grasp,close,94,58,94,285,427,1558,-8,-9,1,44,39,-7
34.19383,grasp,close,94,58,94,285,427,1558,-8,-9,1,44,39,-7
34.19501,grasp,close,94,58,94,285,427,1558,-8,-9,1,44,39,-7
34.19655,grasp,close,94,58,94,285,427,1558,-8,-9,1,44,39,-7
34.19839,grasp,close,94,58,94,285,427,1558,-8,-9,1,44,39,-7
34.20030,grasp,close,94,58,94,285,427,1558,-8,-10,1,44,39,-7
34.21107,grasp,close,94,58,94,285,427,1558,-8,-10,1,44,39,-7
34.21279,grasp,close,94,58,94,285,427,1558,-8,-10,1,42,39,-7
34.21471,grasp,close,94,58,94,286,427,1558,-8,-10,1,42,40,-7
34.21647,grasp,close,94,58,94,286,431,1558,-8,-10,1,42,40,-7
34.22342,grasp,close,94,58,94,286,431,1558,-8,-10,1,42,40,-7
34.22527,grasp,close,94,58,94,286,431,1558,-8,-10,1,42,40,-7
34.22670,grasp,close,94,58,94,286,431,1558,-8,-10,1,42,40,-7
34.22785,grasp,close,94,58,94,286,431,1558,-8,-10,1,42,40,-7
34.22928,grasp,close,94,58,94,286,431,1558,-8,-10,1,42,40,-7
34.23085,grasp,close,94,58,94,286,431,1558,-8,-10,1,42,40,-7
34.23205,grasp,close,94,58,94,286,431,1558,-8,-9,1,42,40,-7
34.24237,grasp,close,94,58,94,286,431,1558,-8,-9,1,42,40,-7
34.24359,grasp,close,94,58,94,288,431,1558,-8,-9,1,42,39,-7
34.24480,grasp,close,94,58,94,288,433,1558,-8,-9,1,42,39,-7
34.24601,grasp,close,94,58,94,288,433,1558,-8,-9,1,42,39,-8
34.24725,grasp,close,94,58,94,288,433,1558,-8,-9,1,42,39,-8
34.25365,grasp,close,94,58,94,288,433,1558,-8,-9,1,42,39,-8
34.25554,grasp,close,94,58,94,288,433,1558,-8,-9,1,42,39,-8
34.25717,grasp,close,94,58,94,288,433,1558,-8,-9,1,42,39,-8
34.25925,grasp,close,94,58,94,288,433,1558,-8,-9,1,42,39,-8
34.26087,grasp,close,94,58,94,288,433,1558,-8,-9,1,42,39,-8
34.26288,grasp,close,94,58,94,288,433,1558,-8,-9,1,42,39,-8
34.27387,grasp,close,94,58,94,288,433,1558,-8,-9,1,42,39,-8
34.27572,grasp,close,94,58,94,290,433,1558,-8,-9,1,41,40,-8
34.27695,grasp,close,94,58,94,290,434,1558,-8,-9,1,41,40,-8
34.27816,grasp,close,94,58,94,290,434,1558,-8,-9,1,41,40,-8
34.28461,grasp,close,94,58,94,290,434,1558,-8,-9,1,41,40,-8
34.28587,grasp,close,94,58,94,290,434,1558,-8,-9,1,41,40,-8
34.28738,grasp,close,94,58,94,290,434,1558,-8,-9,1,41,40,-8
34.28866,grasp,close,94,58,94,290,434,1558,-8,-9,1,41,40,-8
34.28989,grasp,close,94,58,94,290,434,1558,-8,-9,1,41,40,-8
34.29127,grasp,close,94,58,94,290,434,1558,-8,-9,1,41,40,-8
34.29285,grasp,close,94,58,94,290,434,1558,-8,-9,0,41,40,-8
34.29481,grasp,close,94,58,94,290,434,1558,-8,-9,0,41,40,-8
34.30502,grasp,close,94,58,94,292,434,1558,-8,-9,0,40,40,-8
34.30620,grasp,close,94,58,94,292,435,1558,-8,-9,0,40,40,-8
34.30765,grasp,close,94,58,94,292,435,1558,-8,-9,0,40,40,-8
34.30920,grasp,close,94,58,94,292,435,1558,-8,-9,0,40,40,-8
34.31615,grasp,close,94,58,94,292,435,1558,-8,-9,0,40,40,-8
34.31768,grasp,close,94,58,94,292,435,1558,-8,-9,0,40,40,-8
34.31959,grasp,close,94,58,94,292,435,1558,-9,-9,0,40,40,-8
34.32083,grasp,close,94,58,94,292,435,1558,-9,-9,0,40,40,-8
34.32196,grasp,close,94,58,94,292,435,1558,-9,-9,0,40,40,-8
34.32329,grasp,close,94,58,94,292,435,1558,-9,-9,1,40,40,-8
34.32516,grasp,close,94,58,94,292,435,1558,-9,-9,1,40,40,-8
34.33544,grasp,close,94,58,94,295,435,1558,-9,-9,1,41,40,-8
34.33669,grasp,close,94,58,94,295,437,1558,-9,-9,1,41,40,-8
34.33855,grasp,close,94,58,94,295,437,1558,-9,-9,1,41,40,-7
34.34039,grasp,close,94,58,94,295,437,1558,-9,-9,1,41,40,-7
34.34659,grasp,close,94,58,94,295,437,1558,-9,-9,1,41,40,-7
34.34777,grasp,close,94,58,94,295,437,1558,-9,-9,1,41,40,-7
34.34900,grasp,close,94,58,94,295,437,1558,-9,-9,1,41,40,-7
34.35044,grasp,close,94,58,94,295,437,1558,-8,-9,1,41,40,-7
34.35168,grasp,close,94,58,94,295,437,1558,-8,-9,1,41,40,-7
34.35323,grasp,close,94,58,94,295,437,1558,-8,-9,0,41,40,-7
34.35475,grasp,close,94,58,94,295,437,1558,-8,-9,0,41,40,-7
34.35596,grasp,close,94,58,94,299,437,1558,-8,-9,0,39,40,-7
34.36682,grasp,close,94,58,94,299,438,1558,-8,-9,0,39,40,-7
34.36870,grasp,close,94,58,94,299,438,1558,-8,-9,0,39,40,-7
34.37028,grasp,close,94,58,94,299,438,1558,-8,-9,0,39,40,-7
34.37701,grasp,close,94,58,94,299,438,1558,-8,-9,0,39,40,-7
34.37891,grasp,close,94,58,94,299,438,1558,-8,-9,0,39,40,-7
34.38045,grasp,close,94,58,94,299,438,1558,-8,-9,0,39,40,-7
34.38170,grasp,close,94,58,94,299,438,1558,-8,-9,0,39,40,-7
34.38355,grasp,close,94,58,94,299,438,1558,-8,-9,1,39,40,-7
34.38479,grasp,close,94,58,94,299,438,1558,-8,-9,1,39,40,-7
34.38601,grasp,close,94,58,94,301,438,1558,-8,-9,1,40,40,-7
34.38725,grasp,close,94,58,94,301,438,1558,-8,-9,1,40,40,-7
34.39742,grasp,close,94,58,94,301,440,1558,-8,-9,1,40,40,-7
34.39869,grasp,close,94,58,94,301,440,1558,-8,-9,1,40,40,-7
34.40043,grasp,close,94,58,94,301,440,1558,-8,-9,1,40,40,-7
34.40226,grasp,close,94,58,94,301,440,1558,-8,-9,1,40,40,-7
34.41003,grasp,close,94,58,94,301,440,1558,-8,-9,1,40,40,-7
34.41200,grasp,close,94,58,94,301,440,1558,-8,-9,1,40,40,-7
34.41405,grasp,close,94,58,94,301,440,1558,-8,-9,1,40,40,-7
34.41569,grasp,close,94,58,94,301,440,1558,-8,-9,1,40,40,-7
34.41766,grasp,close,94,58,94,301,440,1558,-8,-9,1,40,40,-7
34.42808,grasp,close,94,58,94,302,440,1558,-8,-9,1,39,39,-7
34.42996,grasp,close,94,58,94,302,443,1558,-8,-9,1,39,39,-7
34.43193,grasp,close,94,58,94,302,443,1558,-8,-9,1,39,39,-7
34.43914,grasp,close,94,58,94,302,443,1558,-8,-9,1,39,39,-7
34.44132,grasp,close,94,58,94,302,443,1558,-8,-9,1,39,39,-7
34.44361,grasp,close,94,58,94,302,443,1558,-8,-10,1,39,39,-7
34.44583,grasp,close,94,58,94,302,443,1558,-8,-10,1,39,39,-7
34.44824,grasp,close,94,58,94,302,443,1558,-8,-10,1,39,39,-7
34.45886,grasp,close,94,58,94,303,443,1558,-8,-10,1,39,39,-7
34.46000,grasp,close,94,58,94,303,447,1558,-8,-10,1,39,39,-7
34.46167,grasp,close,94,58,94,303,447,1558,-8,-10,1,39,39,-7
34.46348,grasp,close,94,58,94,303,447,1558,-8,-10,1,39,39,-7
34.47005,grasp,close,94,58,94,303,447,1558,-8,-10,1,39,39,-7
34.47171,grasp,close,94,58,94,303,447,1558,-8,-10,1,39,39,-7
34.47324,grasp,close,94,58,94,303,447,1558,-8,-10,1,39,39,-7
34.47509,grasp,close,94,58,94,303,447,1558,-8,-9,1,39,39,-7
34.47699,grasp,close,94,58,94,303,447,1558,-8,-9,1,39,39,-7
34.47891,grasp,close,94,58,94,304,447,1558,-8,-9,1,40,39,-7
34.48074,grasp,close,94,58,94,304,449,1558,-8,-9,1,40,39,-7
34.49111,grasp,close,94,58,94,304,449,1558,-8,-9,1,40,39,-7
34.49297,grasp,close,94,58,94,304,449,1558,-8,-9,1,40,39,-7
34.49447,grasp,close,94,58,94,304,449,1558,-8,-9,1,40,39,-7
34.50119,grasp,close,94,58,94,304,449,1558,-8,-9,1,40,39,-7
34.50272,grasp,close,94,58,94,304,449,1558,-8,-9,1,40,39,-7
34.50385,grasp,close,94,58,94,304,449,1558,-8,-9,1,40,39,-7
34.50542,grasp,close,94,58,94,304,449,1558,-8,-9,1,40,39,-7
34.50717,grasp,close,94,58,94,304,449,1558,-8,-9,2,40,39,-7
34.50887,grasp,close,94,58,94,306,449,1558,-8,-9,2,39,39,-7
34.51004,grasp,close,94,58,94,306,450,1558,-8,-9,2,39,39,-7
34.51127,grasp,close,94,58,94,306,450,1558,-8,-9,2,39,39,-8
34.52189,grasp,close,94,58,94,306,450,1558,-8,-9,2,39,39,-8
34.52343,grasp,close,94,58,94,306,450,1558,-8,-9,2,39,39,-8
34.52534,grasp,close,94,58,94,306,450,1558,-8,-9,2,39,39,-8
34.53185,grasp,close,94,58,94,306,450,1558,-8,-9,2,39,39,-8
34.53343,grasp,close,94,58,94,306,450,1558,-8,-9,2,39,39,-8
34.53460,grasp,close,94,58,94,306,450,1558,-8,-9,2,39,39,-8
34.53578,grasp,close,94,58,94,306,450,1558,-8,-9,0,39,39,-8
34.53740,grasp,close,94,58,94,306,450,1558,-8,-9,0,39,39,-8
34.53927,grasp,close,94,58,94,308,450,1558,-8,-9,0,39,39,-8
34.54048,grasp,close,94,58,94,308,452,1558,-8,-9,0,39,40,-8
34.54174,grasp,close,94,58,94,308,452,1558,-8,-9,0,39,40,-8
34.55213,grasp,close,94,58,94,308,452,1558,-8,-9,0,39,40,-8
34.55362,grasp,close,94,58,94,308,452,1558,-8,-9,0,39,40,-8
34.55483,grasp,close,94,58,94,308,452,1558,-8,-9,0,39,40,-8
34.55604,grasp,close,94,58,94,308,452,1558,-8,-9,0,39,40,-8
34.55729,grasp,close,94,58,94,308,452,1558,-8,-9,0,39,40,-8
34.56356,grasp,close,94,58,94,308,452,1558,-8,-10,0,39,40,-8
34.56476,grasp,close,94,58,94,308,452,1558,-8,-10,0,39,40,-8
34.56601,grasp,close,94,58,94,308,452,1558,-8,-10,1,39,40,-8
34.56718,grasp,close,94,58,94,308,452,1558,-8,-10,1,38,40,-8
34.56842,grasp,close,94,58,94,311,452,1558,-8,-10,1,38,40,-8
34.56959,grasp,close,94,58,94,311,452,1558,-8,-10,1,38,40,-8
34.57080,grasp,close,94,58,94,311,456,1558,-8,-10,1,38,40,-8
34.57201,grasp,close,94,58,94,311,456,1558,-8,-10,1,38,40,-8
34.57323,grasp,close,94,58,94,311,456,1558,-8,-10,1,38,40,-8
34.58349,grasp,close,94,58,94,311,456,1558,-8,-10,1,38,40,-8
34.58471,grasp,close,94,58,94,311,456,1558,-8,-10,1,38,40,-8
34.58631,grasp,close,94,58,94,311,456,1558,-8,-10,1,38,40,-8
34.58752,grasp,close,94,58,94,311,456,1558,-8,-10,1,38,40,-8
34.59431,grasp,close,94,58,94,311,456,1558,-8,-10,1,38,40,-8
34.59586,grasp,close,94,58,94,311,456,1558,-8,-10,1,38,40,-8
34.59775,grasp,close,94,58,94,311,456,1558,-8,-10,0,38,40,-8
34.59928,grasp,close,94,58,94,311,456,1558,-8,-10,0,38,40,-8
34.60075,grasp,close,94,58,94,315,456,1558,-8,-10,0,39,40,-8
34.60225,grasp,close,94,58,94,315,461,1558,-8,-10,0,39,40,-8
34.60374,grasp,close,94,58,94,315,461,1558,-8,-10,0,39,40,-8
34.61437,grasp,close,94,58,94,315,461,1558,-8,-10,0,39,40,-8
34.61617,grasp,close,94,58,94,315,461,1558,-8,-10,0,39,40,-8
34.61776,grasp,close,94,58,94,315,461,1558,-8,-10,0,39,40,-8
34.61935,grasp,close,94,58,94,315,461,1558,-8,-10,0,39,40,-8
34.62614,grasp,close,94,58,94,315,461,1558,-8,-10,0,39,40,-8
34.62737,grasp,close,94,58,94,315,461,1558,-8,-10,0,39,40,-8
34.62897,grasp,close,94,58,94,315,461,1558,-8,-10,1,39,40,-8
34.63017,grasp,close,94,58,94,315,461,1558,-8,-10,1,39,40,-8
34.63137,grasp,close,94,58,94,315,461,1558,-8,-10,1,39,40,-8
34.63261,grasp,close,94,58,94,317,461,1558,-8,-10,1,39,40,-8
34.63447,grasp,close,94,58,94,317,464,1558,-8,-10,1,39,40,-8
34.64486,grasp,close,94,58,94,317,464,1558,-8,-10,1,39,40,-8
34.64607,grasp,close,94,58,94,317,464,1558,-8,-10,1,39,40,-8
34.64730,grasp,close,94,58,94,317,464,1558,-8,-10,1,39,40,-8
34.64888,grasp,close,94,58,94,317,464,1558,-8,-10,1,39,40,-8
34.65013,grasp,close,94,58,94,317,464,1558,-8,-10,1,39,40,-8
34.65683,grasp,close,94,58,94,317,464,1558,-8,-10,1,39,40,-8
34.65805,grasp,close,94,58,94,317,464,1558,-8,-10,1,39,40,-8
34.65927,grasp,close,94,58,94,317,464,1558,-8,-10,1,39,40,-8
34.66053,grasp,close,94,58,94,317,464,1558,-8,-10,1,39,40,-8
34.66175,grasp,close,94,58,94,317,464,1558,-8,-10,1,38,40,-8
34.66300,grasp,close,94,58,94,320,464,1558,-8,-10,1,38,40,-8
34.66460,grasp,close,94,58,94,320,466,1558,-8,-10,1,38,40,-8
34.66584,grasp,close,94,58,94,320,466,1558,-8,-10,1,38,40,-8
34.67651,grasp,close,94,58,94,320,466,1558,-8,-10,1,38,40,-8
34.67802,grasp,close,94,58,94,320,466,1558,-8,-10,1,38,40,-8
34.67954,grasp,close,94,58,94,320,466,1558,-8,-10,1,38,40,-8
34.68077,grasp,close,94,58,94,320,466,1558,-8,-10,1,38,40,-8
34.68744,grasp,close,94,58,94,320,466,1558,-8,-10,1,38,40,-8
34.68938,grasp,close,94,58,94,320,466,1558,-8,-9,1,38,40,-8
34.69093,grasp,close,94,58,94,320,466,1558,-8,-9,1,38,40,-8
34.69252,grasp,close,94,58,94,322,466,1558,-8,-9,1,39,40,-8
34.69412,grasp,close,94,58,94,322,466,1558,-8,-9,1,39,40,-8
34.69599,grasp,close,94,58,94,322,468,1558,-8,-9,1,39,40,-8
34.70679,grasp,close,94,58,94,322,468,1558,-8,-9,1,39,40,-8
34.70827,grasp,close,94,58,94,322,468,1558,-8,-9,1,39,40,-8
34.71013,grasp,close,94,58,94,322,468,1558,-8,-9,1,39,40,-8
34.71134,grasp,close,94,58,94,322,468,1558,-8,-9,1,39,40,-8
34.71792,grasp,close,94,58,94,322,468,1558,-8,-9,1,39,40,-8
34.71942,grasp,close,94,58,94,322,468,1558,-8,-9,1,39,40,-8
34.72066,grasp,close,94,58,94,322,468,1558,-8,-9,1,39,40,-8
34.72262,grasp,close,94,58,94,325,468,1558,-8,-9,1,38,40,-8
34.72411,grasp,close,94,58,94,325,468,1558,-8,-9,1,38,40,-8
34.72563,grasp,close,94,58,94,325,470,1558,-8,-9,1,38,40,-8
34.72735,grasp,close,94,58,94,325,470,1558,-8,-9,1,38,40,-8
34.73796,grasp,close,94,58,94,325,470,1558,-8,-9,1,38,40,-8
34.73986,grasp,close,94,58,94,325,470,1558,-8,-9,1,38,40,-8
34.74137,grasp,close,94,58,94,325,470,1558,-8,-9,1,38,40,-8
34.74288,grasp,close,94,58,94,325,470,1558,-8,-9,1,38,40,-8
34.74936,grasp,close,94,58,94,325,470,1558,-8,-10,1,38,40,-8
34.75128,grasp,close,94,58,94,325,470,1558,-8,-10,1,38,40,-8
34.75314,grasp,close,94,58,94,327,470,1558,-8,-10,1,39,40,-8
34.75506,grasp,close,94,58,94,327,472,1558,-8,-10,1,39,39,-8
34.75692,grasp,close,94,58,94,327,472,1558,-8,-10,1,39,39,-8
34.75880,grasp,close,94,58,94,327,472,1558,-8,-10,1,39,39,-8
34.76976,grasp,close,94,58,94,327,472,1558,-8,-10,1,39,39,-8
34.77187,grasp,close,94,58,94,327,472,1558,-8,-10,1,39,39,-8
34.77384,grasp,close,94,58,94,327,472,1558,-8,-10,1,39,39,-8
34.78116,grasp,close,94,58,94,327,472,1558,-8,-9,1,39,39,-8
34.78304,grasp,close,94,58,94,327,472,1558,-8,-9,1,39,39,-8
34.78484,grasp,close,94,58,94,328,472,1558,-8,-9,1,39,39,-8
34.78632,grasp,close,94,58,94,328,473,1558,-8,-9,1,39,39,-8
34.78828,grasp,close,94,58,94,328,473,1558,-8,-9,1,39,39,-8
34.79008,grasp,close,94,58,94,328,473,1558,-8,-9,1,39,39,-8
34.80118,grasp,close,94,58,94,328,473,1558,-8,-9,1,39,39,-8
34.80353,grasp,close,94,58,94,328,473,1558,-9,-9,1,39,39,-8
34.80584,grasp,close,94,58,94,328,473,1558,-9,-10,1,39,39,-8
34.81248,grasp,close,94,58,94,328,473,1558,-9,-10,0,39,39,-8
34.81437,grasp,close,94,58,94,328,473,1558,-9,-10,0,38,39,-8
34.81627,grasp,close,94,58,94,331,474,1558,-9,-10,0,38,39,-8
34.81817,grasp,close,94,58,94,331,474,1558,-9,-10,0,38,39,-8
34.81999,grasp,close,94,58,94,331,474,1558,-9,-10,0,38,39,-8
34.83082,grasp,close,94,58,94,331,474,1558,-9,-10,0,38,39,-8
34.83265,grasp,close,94,58,94,331,474,1558,-9,-10,0,38,39,-8
34.83472,grasp,close,94,58,94,331,474,1558,-9,-10,0,38,39,-8
34.83663,grasp,close,94,58,94,331,474,1558,-8,-10,0,38,39,-8
34.84323,grasp,close,94,58,94,331,474,1558,-8,-9,0,38,39,-8
34.84509,grasp,close,94,58,94,331,474,1558,-8,-9,0,38,39,-8
34.84632,grasp,close,94,58,94,333,474,1558,-8,-9,0,39,39,-8
34.84788,grasp,close,94,58,94,333,474,1558,-8,-9,0,39,40,-8
34.84941,grasp,close,94,58,94,333,477,1558,-8,-9,0,39,40,-8
34.85097,grasp,close,94,58,94,333,477,1558,-8,-9,0,39,40,-8
34.85220,grasp,close,94,58,94,333,477,1558,-8,-9,0,39,40,-8
34.86284,grasp,close,94,58,94,333,477,1558,-8,-9,0,39,40,-8
34.86439,grasp,close,94,58,94,333,477,1558,-8,-9,0,39,40,-8
34.86562,grasp,close,94,58,94,333,477,1558,-8,-9,0,39,40,-8
34.86748,grasp,close,94,58,94,333,477,1558,-8,-9,0,39,40,-8
34.87431,grasp,close,94,58,94,333,477,1558,-8,-9,1,39,40,-8
34.87621,grasp,close,94,58,94,333,477,1558,-8,-9,1,38,40,-8
34.87743,grasp,close,94,58,94,336,477,1558,-8,-9,1,38,39,-8
34.87867,grasp,close,94,58,94,336,478,1558,-8,-9,1,38,39,-8
34.88056,grasp,close,94,58,94,336,478,1558,-8,-9,1,38,39,-8
34.88209,grasp,close,94,58,94,336,478,1558,-8,-9,1,38,39,-8
34.89283,grasp,close,94,58,94,336,478,1558,-8,-9,1,38,39,-8
34.89429,grasp,close,94,58,94,336,478,1558,-8,-9,1,38,39,-8
34.89551,grasp,close,94,58,94,336,478,1558,-8,-9,1,38,39,-8
34.89710,grasp,close,94,58,94,336,478,1558,-8,-9,1,38,39,-8
34.90396,grasp,close,94,58,94,336,478,1558,-8,-9,1,38,39,-8
34.90605,grasp,close,94,58,94,336,478,1558,-8,-9,0,39,39,-8
34.90763,grasp,close,94,58,94,339,478,1558,-8,-9,0,39,40,-8
34.90944,grasp,close,94,58,94,339,481,1558,-8,-9,0,39,40,-7
34.91134,grasp,close,94,58,94,339,481,1558,-8,-9,0,39,40,-7
34.91285,grasp,close,94,58,94,339,481,1558,-8,-9,0,39,40,-7
34.91466,grasp,close,94,58,94,339,481,1558,-8,-9,0,39,40,-7
34.92471,grasp,close,94,58,94,339,481,1558,-8,-9,0,39,40,-7
34.92591,grasp,close,94,58,94,339,481,1558,-8,-9,0,39,40,-7
34.92715,grasp,close,94,58,94,339,481,1558,-8,-9,0,39,40,-7
34.92900,grasp,close,94,58,94,339,481,1558,-8,-9,0,39,40,-7
34.93585,grasp,close,94,58,94,339,481,1558,-8,-9,1,39,40,-7
34.93776,grasp,close,94,58,94,341,481,1558,-8,-9,1,38,39,-7
34.93933,grasp,close,94,58,94,341,484,1558,-8,-9,1,38,39,-8
34.94086,grasp,close,94,58,94,341,484,1558,-8,-9,1,38,39,-8
34.94284,grasp,close,94,58,94,341,484,1558,-8,-9,1,38,39,-8
34.94432,grasp,close,94,58,94,341,484,1558,-8,-9,1,38,39,-8
34.95476,grasp,close,94,58,94,341,484,1558,-8,-9,1,38,39,-8
34.95662,grasp,close,94,58,94,341,484,1558,-8,-9,1,38,39,-8
34.95817,grasp,close,94,58,94,341,484,1558,-8,-9,1,38,39,-8
34.96005,grasp,close,94,58,94,341,484,1558,-8,-9,1,38,39,-8
34.96680,grasp,close,94,58,94,341,484,1558,-8,-9,0,38,39,-8
34.96805,grasp,close,94,58,94,342,484,1558,-8,-9,0,38,39,-8
34.96950,grasp,close,94,58,94,342,484,1558,-8,-9,0,38,39,-8
34.97077,grasp,close,94,58,94,342,484,1558,-8,-9,0,38,39,-8
34.97232,grasp,close,94,58,94,342,484,1558,-8,-9,0,38,39,-8
34.97390,grasp,close,94,58,94,342,484,1558,-8,-9,0,38,39,-8
34.97507,grasp,close,94,58,94,342,484,1558,-8,-9,0,38,39,-8
34.97628,grasp,close,94,58,94,342,484,1558,-8,-9,0,38,39,-8
34.98661,grasp,close,94,58,94,342,484,1558,-8,-9,0,38,39,-8
34.98850,grasp,close,94,58,94,342,484,1558,-8,-9,0,38,39,-8
34.99005,grasp,close,94,58,94,342,484,1558,-8,-9,1,38,39,-8
34.99134,grasp,close,94,58,94,342,484,1558,-8,-9,1,38,39,-8
34.99817,grasp,close,94,58,94,343,484,1558,-8,-9,1,39,39,-8
35.00016,grasp,close,94,58,94,343,490,1558,-8,-9,1,39,39,-8
35.00189,grasp,close,94,58,94,343,490,1558,-8,-9,1,39,39,-8
35.00329,grasp,close,94,58,94,343,490,1558,-8,-9,1,39,39,-8
35.00445,grasp,close,94,58,94,343,490,1558,-8,-9,1,39,39,-8
35.00567,grasp,close,94,58,94,343,490,1558,-8,-9,1,39,39,-8
35.00687,grasp,close,94,58,94,343,490,1558,-8,-9,1,39,39,-8
35.01754,grasp,close,94,58,94,343,490,1558,-8,-9,1,39,39,-8
35.01988,grasp,close,94,58,94,343,490,1558,-8,-10,1,39,39,-8
35.02144,grasp,close,94,58,94,343,490,1558,-8,-10,1,39,39,-8
35.02807,grasp,close,94,58,94,343,490,1558,-8,-10,1,38,39,-8
35.02988,grasp,close,94,58,94,345,490,1558,-8,-10,1,38,39,-8
35.03177,grasp,close,94,58,94,345,490,1558,-8,-10,1,38,39,-8
35.03300,grasp,close,94,58,94,345,490,1558,-8,-10,1,38,39,-8
35.03426,grasp,close,94,58,94,345,490,1558,-8,-10,1,38,39,-8
35.03580,grasp,close,94,58,94,345,490,1558,-8,-10,1,38,39,-8
35.03702,grasp,close,94,58,94,345,490,1558,-8,-10,1,38,39,-8
35.04802,grasp,close,94,58,94,345,490,1558,-8,-10,1,38,39,-8
35.04990,grasp,close,94,58,94,345,490,1558,-8,-10,1,38,39,-8
35.05182,grasp,close,94,58,94,345,490,1558,-8,-10,1,39,39,-8
35.05920,grasp,close,94,58,94,347,490,1558,-8,-10,1,39,40,-8
35.06106,grasp,close,94,58,94,347,497,1558,-8,-10,1,39,40,-8
35.06296,grasp,close,94,58,94,347,497,1558,-8,-10,1,39,40,-8
35.06417,grasp,close,94,58,94,347,497,1558,-8,-10,1,39,40,-8
35.06651,grasp,close,94,58,94,347,497,1558,-8,-10,1,39,40,-8
35.06850,grasp,close,94,58,94,347,497,1558,-8,-10,1,39,40,-8
35.07888,grasp,close,94,58,94,347,497,1558,-8,-10,1,39,40,-8
35.08091,grasp,close,94,58,94,347,497,1558,-8,-9,1,39,40,-8
35.08305,grasp,close,94,58,94,347,497,1558,-8,-9,1,39,40,-8
35.09012,grasp,close,94,58,94,350,497,1558,-8,-9,1,38,39,-8
35.09204,grasp,close,94,58,94,350,500,1558,-8,-9,1,38,39,-7
35.09397,grasp,close,94,58,94,350,500,1558,-8,-9,1,38,39,-7
35.09542,grasp,close,94,58,94,350,500,1558,-8,-9,1,38,39,-7
35.09657,grasp,close,94,58,94,350,500,1558,-8,-9,1,38,39,-7
35.09827,grasp,close,94,58,94,350,500,1558,-8,-9,1,38,39,-7
35.10010,grasp,close,94,58,94,350,500,1558,-8,-9,1,38,39,-7
35.11094,grasp,close,94,58,94,350,500,1558,-8,-9,1,38,39,-7
35.11290,grasp,close,94,58,94,350,500,1558,-8,-9,1,38,39,-7
35.11474,grasp,close,94,58,94,350,501,1558,-8,-9,1,38,40,-7
35.12127,grasp,close,94,58,94,350,501,1558,-8,-9,1,38,40,-8
35.12283,grasp,close,94,58,94,350,501,1558,-8,-9,1,38,40,-8
35.12404,grasp,close,94,58,94,350,501,1558,-8,-9,1,38,40,-8
35.12554,grasp,close,94,58,94,350,501,1558,-8,-9,1,38,40,-8
35.12708,grasp,close,94,58,94,350,501,1558,-8,-9,1,38,40,-8
35.12833,grasp,close,94,58,94,350,501,1558,-8,-9,1,38,40,-8
35.13025,grasp,close,94,58,94,350,501,1558,-8,-9,1,38,40,-8
35.14072,grasp,close,94,58,94,350,501,1558,-8,-10,1,38,40,-8
35.14193,grasp,close,94,58,93,350,501,1558,-8,-10,0,38,40,-8
35.14309,grasp,close,94,58,93,350,501,1558,-8,-10,0,39,40,-8
35.14432,grasp,close,94,58,93,355,501,1558,-8,-10,0,39,40,-8
35.14550,grasp,close,94,58,93,355,501,1558,-8,-10,0,39,40,-8
35.15226,grasp,close,94,58,93,355,502,1558,-8,-10,0,39,40,-7
35.15374,grasp,close,94,58,93,355,502,1558,-8,-10,0,39,40,-7
35.15533,grasp,close,94,58,93,355,502,1558,-8,-10,0,39,40,-7
35.15683,grasp,close,94,58,93,355,502,1558,-8,-10,0,39,40,-7
35.15801,grasp,close,94,58,93,355,502,1558,-8,-10,0,39,40,-7
35.15925,grasp,close,94,58,93,355,502,1558,-8,-10,0,39,40,-7
35.16052,grasp,close,94,58,93,355,502,1558,-8,-10,0,39,40,-7
35.16203,grasp,close,94,58,93,355,502,1558,-8,-10,0,39,40,-7
35.17240,grasp,close,94,58,93,355,502,1558,-8,-9,0,39,40,-7
35.17362,grasp,close,94,58,93,355,502,1558,-8,-9,0,39,40,-7
35.17484,grasp,close,94,58,93,358,502,1558,-8,-9,0,40,40,-7
35.17611,grasp,close,94,58,93,358,504,1558,-8,-9,0,40,39,-7
35.18293,grasp,close,94,58,93,358,504,1558,-8,-9,0,40,39,-8
35.18409,grasp,close,94,58,93,358,504,1558,-8,-9,0,40,39,-8
35.18569,grasp,close,94,58,93,358,504,1558,-8,-9,0,40,39,-8
35.18722,grasp,close,94,58,93,358,504,1558,-8,-9,0,40,39,-8
35.18843,grasp,close,94,58,93,358,504,1558,-8,-9,0,40,39,-8
35.18967,grasp,close,94,58,93,358,504,1558,-8,-9,0,40,39,-8
35.19158,grasp,close,94,58,93,358,504,1558,-8,-9,0,40,39,-8
35.19280,grasp,close,94,58,93,358,504,1558,-8,-9,0,40,39,-8
35.20312,grasp,close,94,58,93,358,504,1558,-8,-9,0,40,39,-8
35.20461,grasp,close,94,58,93,358,504,1558,-8,-9,1,40,39,-8
35.20610,grasp,close,94,58,93,361,504,1558,-8,-9,1,39,39,-8
35.20755,grasp,close,94,58,93,361,504,1558,-8,-9,1,39,39,-8
35.21429,grasp,close,94,58,93,361,507,1558,-8,-9,1,39,39,-7
35.21603,grasp,close,94,58,93,361,507,1558,-8,-9,1,39,39,-7
35.21728,grasp,close,94,58,93,361,507,1558,-8,-9,1,39,39,-7
35.21882,grasp,close,94,58,93,361,507,1558,-8,-9,1,39,39,-7
35.22059,grasp,close,94,58,93,361,507,1558,-8,-9,1,39,39,-7
35.22213,grasp,close,94,58,93,361,507,1558,-8,-9,1,39,39,-7
35.22368,grasp,close,94,58,93,361,507,1558,-8,-9,1,39,39,-7
35.23414,grasp,close,94,58,93,361,507,1558,-8,-9,1,39,39,-7
35.23607,grasp,close,94,58,93,361,507,1558,-8,-9,0,38,39,-7
35.23801,grasp,close,94,58,93,364,507,1558,-8,-9,0,38,40,-7
35.24518,grasp,close,94,58,93,364,510,1558,-8,-9,0,38,40,-8
35.24744,grasp,close,94,58,93,364,510,1558,-8,-9,0,38,40,-8
35.24939,grasp,close,94,58,93,364,510,1558,-8,-9,0,38,40,-8
35.25140,grasp,close,94,58,93,364,510,1558,-8,-9,0,38,40,-8
35.25318,grasp,close,94,58,93,364,510,1558,-8,-9,0,38,40,-8
35.25490,grasp,close,94,58,93,364,510,1558,-8,-9,0,38,40,-8
35.26614,grasp,close,94,58,93,364,510,1558,-8,-9,1,38,40,-8
35.26856,grasp,close,94,58,93,364,510,1558,-8,-9,1,38,40,-8
35.27090,grasp,close,94,58,93,367,510,1558,-8,-9,1,38,39,-8
35.27772,grasp,close,94,58,93,367,512,1558,-8,-9,1,38,39,-8
35.27981,grasp,close,94,58,93,367,512,1558,-8,-9,1,38,39,-8
35.28176,grasp,close,94,58,93,367,512,1558,-8,-9,1,38,39,-8
35.28362,grasp,close,94,58,93,367,512,1558,-8,-9,1,38,39,-8
35.28550,grasp,close,94,58,93,367,512,1558,-9,-9,1,38,39,-8
35.29584,grasp,close,94,58,93,367,512,1558,-9,-10,1,38,39,-8
35.29751,grasp,close,94,58,93,367,512,1558,-9,-10,1,38,39,-8
35.29941,grasp,close,94,58,93,367,512,1558,-9,-10,1,38,39,-8
35.30063,grasp,close,94,58,93,367,514,1558,-9,-10,1,38,39,-8
35.30731,grasp,close,94,58,93,367,514,1558,-9,-10,1,38,39,-8
35.30894,grasp,close,94,58,93,367,514,1558,-9,-10,1,38,39,-8
35.31085,grasp,close,94,58,93,367,514,1558,-9,-10,1,38,39,-8
35.31278,grasp,close,94,58,93,367,514,1558,-9,-10,1,38,39,-8
35.31467,grasp,close,94,58,93,367,514,1558,-9,-10,1,38,39,-8
35.31660,grasp,close,94,58,93,367,514,1558,-8,-10,1,38,39,-8
35.32701,grasp,close,94,58,93,367,514,1558,-8,-10,1,38,39,-8
35.32892,grasp,close,94,58,93,367,514,1558,-8,-10,0,38,39,-8
35.33082,grasp,close,94,58,93,372,514,1558,-8,-10,0,37,39,-8
35.33829,grasp,close,94,58,93,372,516,1558,-8,-10,0,37,40,-8
35.34021,grasp,close,94,58,93,372,516,1558,-8,-10,0,37,40,-8
35.34211,grasp,close,94,58,93,372,516,1558,-8,-10,0,37,40,-8
35.34403,grasp,close,94,58,93,372,516,1558,-8,-10,0,37,40,-8
35.34587,grasp,close,94,58,93,372,516,1558,-8,-10,0,37,40,-8
35.34766,grasp,close,94,58,93,372,516,1558,-8,-9,0,37,40,-8
35.35797,grasp,close,94,58,93,372,516,1558,-8,-9,0,37,40,-8
35.35916,grasp,close,94,58,93,372,516,1558,-8,-9,0,37,40,-8
35.36039,grasp,close,94,58,93,375,519,1558,-8,-9,0,37,40,-8
35.36191,grasp,close,94,58,93,375,519,1558,-8,-9,0,37,40,-8
35.36312,grasp,close,94,58,93,375,519,1558,-8,-9,0,37,40,-8
35.36989,grasp,close,94,58,93,375,519,1558,-8,-9,0,37,40,-8
35.37176,grasp,close,94,58,93,375,519,1558,-8,-9,0,37,40,-8
35.37338,grasp,close,94,58,93,375,519,1558,-8,-9,0,37,40,-8
35.37569,grasp,close,94,58,93,375,519,1558,-8,-9,0,37,40,-8
35.37813,grasp,close,94,58,93,375,519,1558,-8,-9,0,37,40,-8
35.38881,grasp,close,94,58,93,375,519,1558,-8,-9,0,37,40,-8
35.39084,grasp,close,94,58,93,375,519,1558,-8,-9,0,36,40,-8
35.39260,grasp,close,94,58,93,376,521,1558,-8,-9,0,36,39,-8
35.39418,grasp,close,94,58,93,376,521,1558,-8,-9,0,36,39,-8
35.40050,grasp,close,94,58,93,376,521,1558,-8,-9,0,36,39,-8
35.40174,grasp,close,94,58,93,376,521,1558,-8,-9,0,36,39,-8
35.40301,grasp,close,94,58,93,376,521,1558,-8,-9,0,36,39,-8
35.40421,grasp,close,94,58,93,376,521,1558,-8,-9,0,36,39,-8
35.40547,grasp,close,94,58,93,376,521,1558,-8,-9,0,36,39,-8
35.40758,grasp,close,94,58,93,376,521,1558,-8,-9,0,36,39,-8
35.40939,grasp,close,94,58,93,376,521,1558,-8,-9,0,36,39,-8
35.41987,grasp,close,94,58,93,376,521,1558,-8,-9,0,37,39,-8
35.42145,grasp,close,94,58,93,378,521,1558,-8,-9,0,37,39,-8
35.42266,grasp,close,94,58,93,378,521,1558,-8,-9,0,37,39,-8
35.42390,grasp,close,94,58,93,378,521,1558,-8,-9,0,37,39,-8
35.42543,grasp,close,94,58,93,378,521,1558,-8,-9,0,37,39,-8
35.43238,grasp,close,94,58,93,378,521,1558,-8,-9,0,37,39,-8
35.43396,grasp,close,94,58,93,378,521,1558,-8,-9,0,37,39,-8
35.43520,grasp,close,94,58,93,378,521,1558,-8,-9,0,37,39,-8
35.43699,grasp,close,94,58,93,378,521,1558,-8,-9,0,37,39,-8
35.43817,grasp,close,94,58,93,378,521,1558,-8,-10,0,37,39,-8
35.44000,grasp,close,94,58,93,378,521,1558,-8,-10,0,37,39,-8
35.45085,grasp,close,94,58,93,378,521,1558,-8,-10,0,36,39,-8
35.45259,grasp,close,94,58,93,381,521,1558,-8,-10,0,36,39,-8
35.45440,grasp,close,94,58,93,381,525,1558,-8,-10,0,36,39,-8
35.45618,grasp,close,94,58,93,381,525,1558,-8,-10,0,36,39,-8
35.46302,grasp,close,94,58,93,381,525,1558,-8,-10,0,36,39,-8
35.46457,grasp,close,94,58,93,381,525,1558,-8,-10,0,36,39,-8
35.46582,grasp,close,94,58,93,381,525,1558,-8,-10,0,36,39,-8
35.46770,grasp,close,94,58,93,381,525,1558,-8,-10,0,36,39,-8
35.46893,grasp,close,94,58,93,381,525,1558,-8,-10,0,36,39,-8
35.47014,grasp,close,94,58,93,381,525,1558,-8,-10,0,36,39,-8
35.47171,grasp,close,94,58,93,381,525,1558,-8,-10,0,36,39,-8
35.48216,grasp,close,94,58,93,384,525,1558,-8,-10,0,36,40,-8
35.48405,grasp,close,94,58,93,384,526,1558,-8,-10,0,36,40,-8
35.48563,grasp,close,94,58,93,384,526,1558,-8,-10,0,36,40,-8
35.48752,grasp,close,94,58,93,384,526,1558,-8,-10,0,36,40,-8
35.49399,grasp,close,94,58,93,384,526,1558,-8,-10,0,36,40,-8
35.49544,grasp,close,94,58,93,384,526,1558,-8,-10,0,36,40,-8
35.49669,grasp,close,94,58,93,384,526,1558,-8,-10,0,36,40,-8
35.49857,grasp,close,94,58,93,384,526,1558,-8,-10,0,36,40,-8
35.50012,grasp,close,94,58,93,384,526,1558,-8,-10,0,36,40,-8
35.50133,grasp,close,94,58,93,384,526,1558,-8,-10,0,37,40,-8
35.50292,grasp,close,94,58,93,385,526,1558,-8,-10,0,37,40,-8
35.51396,grasp,close,94,58,93,385,528,1558,-8,-10,0,37,40,-8
35.51576,grasp,close,94,58,93,385,528,1558,-8,-10,0,37,40,-8
35.51763,grasp,close,94,58,93,385,528,1558,-8,-10,0,37,40,-8
35.52440,grasp,close,94,58,93,385,528,1558,-8,-10,0,37,40,-8
35.52627,grasp,close,94,58,93,385,528,1558,-8,-10,0,37,40,-8
35.52783,grasp,close,94,58,93,385,528,1558,-9,-10,0,37,40,-8
35.52904,grasp,close,94,58,93,385,528,1558,-9,-10,0,37,40,-8
35.53027,grasp,close,94,58,93,385,528,1558,-9,-10,0,37,40,-8
35.53148,grasp,close,94,58,93,385,528,1558,-9,-10,0,37,40,-8
35.53311,grasp,close,94,58,93,385,528,1558,-9,-10,0,37,40,-8
35.53471,grasp,close,94,58,93,387,528,1558,-9,-10,0,35,40,-8
35.54509,grasp,close,94,58,93,387,528,1558,-9,-10,0,35,39,-8
35.54677,grasp,close,94,58,93,387,528,1558,-9,-10,0,35,39,-8
35.54867,grasp,close,94,58,93,387,528,1558,-9,-10,0,35,39,-8
35.55560,grasp,close,94,58,93,387,528,1558,-9,-10,0,35,39,-8
35.55757,grasp,close,94,58,93,387,528,1558,-8,-10,0,35,39,-8
35.55881,grasp,close,94,58,93,387,528,1558,-8,-10,0,35,39,-8
35.56000,grasp,close,94,58,93,387,528,1558,-8,-10,0,35,39,-8
35.56185,grasp,close,94,58,93,387,528,1558,-8,-10,0,35,39,-8
35.56384,grasp,close,94,58,93,387,528,1558,-8,-10,0,37,39,-8
35.56580,grasp,close,94,58,93,389,528,1558,-8,-10,0,37,40,-8
35.57624,grasp,close,94,58,93,389,530,1558,-8,-10,0,37,40,-8
35.57813,grasp,close,94,58,93,389,530,1558,-8,-10,0,37,40,-8
35.58005,grasp,close,94,58,93,389,530,1558,-8,-10,0,37,40,-8
35.58697,grasp,close,94,58,93,389,530,1558,-8,-10,0,37,40,-8
35.58850,grasp,close,94,58,93,389,530,1558,-8,-10,0,37,40,-8
35.58977,grasp,close,94,58,93,389,530,1558,-8,-9,0,37,40,-8
35.59164,grasp,close,94,58,93,389,530,1558,-8,-9,1,37,40,-8
35.59292,grasp,close,94,58,93,389,530,1558,-8,-9,1,37,40,-8
35.59474,grasp,close,94,58,93,392,530,1558,-8,-9,1,36,40,-8
35.59609,grasp,close,94,58,93,392,534,1558,-8,-9,1,36,39,-8
35.60632,grasp,close,94,58,93,392,534,1558,-8,-9,1,36,39,-8
35.60817,grasp,close,94,58,93,392,534,1558,-8,-9,1,36,39,-8
35.60994,grasp,close,94,58,93,392,534,1558,-8,-9,1,36,39,-8
35.61722,grasp,close,94,58,93,392,534,1558,-8,-9,1,36,39,-8
35.61876,grasp,close,94,58,93,392,534,1558,-8,-9,1,36,39,-8
35.62032,grasp,close,94,58,93,392,534,1558,-8,-10,1,36,39,-8
35.62156,grasp,close,94,58,93,392,534,1558,-8,-10,0,36,39,-8
35.62342,grasp,close,94,58,93,392,534,1558,-8,-10,0,36,39,-8
35.62500,grasp,close,94,58,93,394,534,1558,-8,-10,0,35,39,-8
35.62623,grasp,close,94,58,93,394,537,1558,-8,-10,0,35,39,-8
35.63678,grasp,close,94,58,93,394,537,1558,-8,-10,0,35,39,-8
35.63833,grasp,close,94,58,93,394,537,1558,-8,-10,0,35,39,-8
35.63955,grasp,close,94,58,93,394,537,1558,-8,-10,0,35,39,-8
35.64137,grasp,close,94,58,93,394,537,1558,-8,-10,0,35,39,-8
35.64787,grasp,close,94,58,93,394,537,1558,-8,-10,0,35,39,-8
35.64909,grasp,close,94,58,93,394,537,1558,-8,-10,0,35,39,-8
35.65033,grasp,close,94,58,93,394,537,1558,-8,-10,0,35,39,-8
35.65215,grasp,close,94,58,93,394,537,1558,-8,-10,1,35,39,-8
35.65406,grasp,close,94,58,93,394,537,1558,-8,-10,1,36,39,-8
35.65597,grasp,close,94,58,93,397,537,1558,-8,-10,1,36,39,-8
35.65750,grasp,close,94,58,93,397,539,1558,-8,-10,1,36,39,-7
35.66805,grasp,close,94,58,93,397,539,1558,-8,-10,1,36,39,-7
35.67011,grasp,close,94,58,93,397,539,1558,-8,-10,1,36,39,-7
35.67163,grasp,close,94,58,93,397,539,1558,-8,-10,1,36,39,-7
35.67320,grasp,close,94,58,93,397,539,1558,-8,-10,1,36,39,-7
35.68002,grasp,close,94,58,93,397,539,1558,-8,-10,1,36,39,-7
35.68181,grasp,close,94,58,93,397,539,1558,-8,-10,1,36,39,-7
35.68301,grasp,close,94,58,93,397,539,1558,-8,-10,1,36,39,-7
35.68419,grasp,close,94,58,93,399,539,1558,-8,-10,1,35,39,-7
35.68602,grasp,close,94,58,93,399,539,1558,-8,-10,1,35,39,-7
35.68751,grasp,close,94,58,93,399,541,1558,-8,-10,1,35,39,-8
35.68902,grasp,close,94,58,93,399,541,1558,-8,-10,1,35,39,-8
35.69981,grasp,close,94,58,93,399,541,1558,-8,-10,1,35,39,-8
35.70164,grasp,close,94,58,93,399,541,1558,-8,-10,1,35,39,-8
35.70344,grasp,close,94,58,93,399,541,1558,-8,-10,1,35,39,-8
35.71053,grasp,close,94,58,93,399,541,1558,-8,-10,1,35,39,-8
35.71238,grasp,close,94,58,93,399,541,1558,-8,-10,1,35,39,-8
35.71431,grasp,close,94,58,93,399,541,1558,-8,-10,0,35,39,-8
35.71610,grasp,close,94,58,93,399,541,1558,-8,-10,0,36,39,-8
35.71791,grasp,close,94,58,93,401,541,1558,-8,-10,0,36,39,-8
35.71968,grasp,close,94,58,93,401,543,1558,-8,-10,0,36,39,-8
35.73012,grasp,close,94,58,93,401,543,1558,-8,-10,0,36,39,-8
35.73211,grasp,close,94,58,93,401,543,1558,-8,-10,0,36,39,-8
35.73400,grasp,close,94,58,93,401,543,1558,-8,-10,0,36,39,-8
35.74104,grasp,close,94,58,93,401,543,1558,-8,-10,0,36,39,-8
35.74291,grasp,close,94,58,93,401,543,1558,-8,-10,0,36,39,-8
35.74482,grasp,close,94,58,93,401,543,1558,-8,-10,1,36,39,-8
35.74665,grasp,close,94,58,93,403,543,1558,-8,-10,1,35,39,-8
35.74823,grasp,close,94,58,93,403,543,1558,-8,-10,1,35,39,-8
35.74976,grasp,close,94,58,93,403,545,1558,-8,-10,1,35,39,-8
35.75096,grasp,close,94,58,93,403,545,1558,-8,-10,1,35,39,-8
35.76173,grasp,close,94,58,93,403,545,1558,-8,-10,1,35,39,-8
35.76320,grasp,close,94,58,93,403,545,1558,-8,-10,1,35,39,-8
35.76468,grasp,close,94,58,93,403,545,1558,-8,-10,1,35,39,-8
35.76625,grasp,close,94,58,93,403,545,1558,-8,-10,1,35,39,-8
35.77286,grasp,close,94,58,93,403,545,1558,-8,-9,1,35,39,-8
35.77408,grasp,close,94,58,93,403,545,1558,-8,-9,0,35,39,-8
35.77535,grasp,close,94,58,93,403,545,1558,-8,-9,0,35,39,-8
35.77689,grasp,close,94,58,93,403,545,1558,-8,-9,0,35,39,-8
35.77812,grasp,close,94,58,93,403,548,1558,-8,-9,0,35,39,-8
35.77933,grasp,close,94,58,93,403,548,1558,-8,-9,0,35,39,-8
35.78054,grasp,close,94,58,93,403,548,1558,-8,-9,0,35,39,-8
35.78179,grasp,close,94,58,93,403,548,1558,-8,-9,0,35,39,-8
35.79230,grasp,close,94,58,93,403,548,1558,-8,-9,0,35,39,-8
35.79345,grasp,close,94,58,93,403,548,1558,-8,-9,0,35,39,-8
35.79471,grasp,close,94,58,93,403,548,1558,-8,-9,0,35,39,-8
35.79636,grasp,close,94,58,93,403,548,1558,-8,-9,0,35,39,-8
35.80340,grasp,close,94,58,93,403,548,1558,-8,-10,0,35,39,-8
35.80522,grasp,close,94,58,93,403,548,1558,-8,-10,1,35,39,-8
35.80712,grasp,close,94,58,93,405,548,1558,-8,-10,1,36,39,-8
35.80892,grasp,close,94,58,93,405,551,1558,-8,-10,1,36,39,-8
35.81085,grasp,close,94,58,93,405,551,1558,-8,-10,1,36,39,-8
35.81236,grasp,close,94,58,93,405,551,1558,-8,-10,1,36,39,-8
35.82286,grasp,close,94,58,93,405,551,1558,-8,-10,1,36,39,-8
35.82465,grasp,close,94,58,93,405,551,1558,-8,-10,1,36,39,-8
35.82641,grasp,close,94,58,93,405,551,1558,-8,-10,1,36,39,-8
35.82765,grasp,close,94,58,93,405,551,1558,-8,-10,1,36,39,-8
35.83416,grasp,close,94,58,93,405,551,1558,-8,-10,1,36,39,-8
35.83613,grasp,close,94,58,93,405,551,1558,-8,-10,0,34,39,-8
35.83766,grasp,close,94,58,93,407,551,1558,-8,-10,0,34,39,-8
35.83945,grasp,close,94,58,93,407,553,1558,-8,-10,0,34,39,-8
35.84134,grasp,close,94,58,93,407,553,1558,-8,-10,0,34,39,-8
35.84334,grasp,close,94,58,93,407,553,1558,-8,-10,0,34,39,-8
35.85380,grasp,close,94,58,93,407,553,1558,-8,-10,0,34,39,-8
35.85562,grasp,close,94,58,93,407,553,1558,-8,-10,0,34,39,-8
35.85724,grasp,close,94,58,93,407,553,1558,-8,-10,0,34,39,-8
35.85840,grasp,close,94,58,93,407,553,1558,-8,-10,0,34,39,-8
35.86487,grasp,close,94,58,93,407,553,1558,-8,-10,0,34,39,-8
35.86679,grasp,close,94,58,93,410,553,1558,-8,-10,0,36,39,-8
35.86834,grasp,close,94,58,93,410,554,1558,-8,-10,0,36,38,-8
35.86958,grasp,close,94,58,93,410,554,1558,-8,-10,0,36,38,-8
35.87146,grasp,close,94,58,93,410,554,1558,-8,-10,0,36,38,-8
35.87339,grasp,close,94,58,93,410,554,1558,-8,-10,0,36,38,-8
35.87528,grasp,close,94,58,93,410,554,1558,-8,-10,0,36,38,-8
35.88587,grasp,close,94,58,93,410,554,1558,-8,-10,0,36,38,-8
35.88777,grasp,close,94,58,93,410,554,1558,-9,-10,0,36,38,-8
35.88967,grasp,close,94,58,93,410,554,1558,-9,-9,0,36,38,-8
35.89660,grasp,close,94,58,93,410,554,1558,-9,-9,1,36,38,-8
35.89859,grasp,close,94,58,93,410,554,1558,-9,-9,1,35,38,-8
35.90066,grasp,close,94,58,93,413,556,1558,-9,-9,1,35,39,-8
35.90277,grasp,close,94,58,93,413,556,1558,-9,-9,1,35,39,-8
35.90494,grasp,close,94,58,93,413,556,1558,-9,-9,1,35,39,-8
35.91612,grasp,close,94,58,93,413,556,1558,-9,-9,1,35,39,-8
35.91799,grasp,close,94,58,93,413,556,1558,-8,-9,1,35,39,-8
35.92001,grasp,close,94,58,93,413,556,1558,-8,-9,1,35,39,-8
35.92692,grasp,close,94,58,93,413,556,1558,-8,-9,0,35,39,-8
35.92809,grasp,close,94,58,93,413,556,1558,-8,-9,0,36,39,-8
35.92934,grasp,close,94,58,93,415,556,1558,-8,-9,0,36,39,-8
35.93053,grasp,close,94,58,93,415,558,1558,-8,-9,0,36,39,-8
35.93175,grasp,close,94,58,93,415,558,1558,-8,-9,0,36,39,-8
35.93295,grasp,close,94,58,93,415,558,1558,-8,-9,0,36,39,-8
35.93415,grasp,close,94,58,93,415,558,1558,-8,-9,0,36,39,-8
35.93536,grasp,close,94,58,93,415,558,1558,-8,-9,0,36,39,-8
35.93692,grasp,close,94,58,93,415,558,1558,-8,-9,0,36,39,-8
35.94791,grasp,close,94,58,93,415,558,1558,-8,-9,0,36,39,-8
35.95003,grasp,close,94,58,93,415,558,1558,-9,-9,0,36,39,-8
35.95210,grasp,close,94,58,93,415,558,1558,-9,-9,0,36,39,-8
35.95897,grasp,close,94,58,93,415,558,1558,-9,-9,1,35,39,-8
35.96085,grasp,close,94,58,93,418,558,1558,-9,-9,1,35,39,-8
35.96241,grasp,close,94,58,93,418,558,1558,-9,-9,1,35,39,-8
35.96431,grasp,close,94,58,93,418,558,1558,-9,-9,1,35,39,-8
35.96612,grasp,close,94,58,93,418,558,1558,-9,-9,1,35,39,-8
35.96773,grasp,close,94,58,93,418,558,1558,-9,-9,1,35,39,-8
35.97822,grasp,close,94,58,93,418,558,1558,-9,-9,1,35,39,-8
35.98016,grasp,close,94,58,93,418,558,1558,-8,-9,1,35,39,-8
35.98201,grasp,close,94,58,93,418,558,1558,-8,-9,0,35,39,-8
35.98957,grasp,close,94,58,93,418,558,1558,-8,-9,0,35,39,-8
35.99204,grasp,close,94,58,93,421,565,1558,-8,-9,0,35,39,-8
35.99410,grasp,close,94,58,93,421,565,1558,-8,-9,0,35,39,-8
35.99611,grasp,close,94,58,93,421,565,1558,-8,-9,0,35,39,-8
35.99811,grasp,close,94,58,93,421,565,1558,-8,-9,0,35,39,-8
36.00914,grasp,close,94,58,93,421,565,1558,-8,-9,0,35,39,-8
36.01094,grasp,close,94,58,93,421,565,1558,-8,-9,0,35,39,-8
36.01281,grasp,close,94,58,93,421,565,1558,-8,-9,0,35,39,-8
36.01432,grasp,close,94,58,93,421,565,1558,-8,-9,1,35,39,-8
36.02107,grasp,close,94,58,93,424,565,1558,-8,-9,1,37,39,-8
36.02284,grasp,close,94,58,93,424,567,1558,-8,-9,1,37,39,-8
36.02434,grasp,close,94,58,93,424,567,1558,-8,-9,1,37,39,-8
36.02614,grasp,close,94,58,93,424,567,1558,-8,-9,1,37,39,-8
36.02804,grasp,close,94,58,93,424,567,1558,-8,-9,1,37,39,-8
36.02964,grasp,close,94,58,93,424,567,1558,-8,-9,1,37,39,-8
36.04004,grasp,close,94,58,93,424,567,1558,-8,-9,1,37,39,-8
36.04159,grasp,close,94,58,93,424,567,1558,-8,-9,1,37,39,-8
36.04354,grasp,close,94,58,93,424,567,1558,-8,-9,1,37,39,-8
36.04509,grasp,close,94,58,93,427,567,1558,-8,-9,1,36,39,-8
36.05173,grasp,close,94,58,93,427,568,1558,-8,-9,1,36,39,-8
36.05366,grasp,close,94,58,93,427,568,1558,-8,-9,1,36,39,-8
36.05555,grasp,close,94,58,93,427,568,1558,-8,-9,1,36,39,-8
36.05774,grasp,close,94,58,93,427,568,1558,-8,-9,1,36,39,-8
36.05990,grasp,close,94,58,93,427,568,1558,-8,-9,1,36,39,-8
36.07075,grasp,close,94,58,93,427,568,1558,-8,-9,1,36,39,-8
36.07261,grasp,close,94,58,93,427,568,1558,-8,-9,1,36,39,-8
36.07450,grasp,close,94,58,93,427,568,1558,-8,-9,0,36,39,-8
36.07639,grasp,close,94,58,93,427,568,1558,-8,-9,0,38,39,-8
36.08346,grasp,close,94,58,93,429,570,1558,-8,-9,0,38,39,-9
36.08502,grasp,close,94,58,93,429,570,1558,-8,-9,0,38,39,-9
36.08695,grasp,close,94,58,93,429,570,1558,-8,-9,0,38,39,-9
36.08844,grasp,close,94,58,93,429,570,1558,-8,-9,0,38,39,-9
36.08966,grasp,close,94,58,93,429,570,1558,-8,-9,0,38,39,-9
36.09145,grasp,close,94,58,93,429,570,1558,-8,-9,0,38,39,-9
36.10183,grasp,close,94,58,93,429,570,1558,-8,-9,0,38,39,-9
36.10300,grasp,close,94,58,93,429,570,1558,-8,-9,0,38,39,-9
36.10425,grasp,close,94,58,93,429,570,1558,-8,-9,1,38,39,-9
36.10613,grasp,close,94,58,93,429,570,1558,-8,-9,1,38,39,-9
36.10754,grasp,close,94,58,93,431,570,1558,-8,-9,1,38,38,-9
36.11442,grasp,close,94,58,93,431,572,1558,-8,-9,1,38,38,-9
36.11597,grasp,close,94,58,93,431,572,1558,-8,-9,1,38,38,-9
36.11799,grasp,close,94,58,93,431,572,1558,-8,-9,1,38,38,-9
36.11988,grasp,close,94,58,93,431,572,1558,-8,-9,1,38,38,-9
36.12180,grasp,close,94,58,93,431,572,1558,-8,-9,1,38,38,-9
36.12372,grasp,close,94,58,93,431,572,1558,-8,-9,1,38,38,-9
36.13442,grasp,close,94,58,93,431,572,1558,-8,-9,1,38,38,-9
36.13636,grasp,close,94,58,93,431,572,1558,-8,-9,0,38,38,-9
36.13837,grasp,close,94,58,93,431,572,1558,-8,-9,0,37,38,-9
36.14457,grasp,close,94,58,93,433,574,1558,-8,-9,0,37,39,-9
36.14578,grasp,close,94,58,93,433,574,1558,-8,-9,0,37,39,-9
36.14696,grasp,close,94,58,93,433,574,1558,-8,-9,0,37,39,-9
36.14823,grasp,close,94,58,93,433,574,1558,-8,-9,0,37,39,-9
36.14981,grasp,close,94,58,93,433,574,1558,-8,-9,0,37,39,-9
36.15105,grasp,close,94,58,93,433,574,1558,-8,-9,0,37,39,-9
36.15235,grasp,close,94,58,93,433,574,1558,-8,-9,0,37,39,-9
36.15425,grasp,close,94,58,93,433,574,1558,-8,-9,0,37,39,-9
36.16477,grasp,close,94,58,93,433,574,1558,-8,-9,1,37,39,-9
36.16688,grasp,close,94,58,93,435,574,1558,-8,-9,1,40,39,-9
36.16895,grasp,close,94,58,93,435,577,1558,-8,-9,1,40,38,-9
36.17624,grasp,close,94,58,93,435,577,1558,-8,-9,1,40,38,-9
36.17815,grasp,close,94,58,93,435,577,1558,-8,-9,1,40,38,-9
36.18005,grasp,close,94,58,93,435,577,1558,-8,-9,1,40,38,-9
36.18184,grasp,close,94,58,93,435,577,1558,-8,-9,1,40,38,-9
36.18356,grasp,close,94,58,93,435,577,1558,-8,-9,1,40,38,-9
36.18542,grasp,close,94,58,93,435,577,1558,-8,-9,1,40,38,-9
36.19584,grasp,close,94,58,93,435,577,1558,-8,-9,0,40,38,-9
36.19772,grasp,close,94,58,93,435,577,1558,-8,-9,0,39,38,-9
36.19961,grasp,close,94,58,93,437,577,1558,-8,-9,0,39,38,-9
36.20617,grasp,close,94,58,93,437,580,1558,-8,-9,0,39,39,-10
36.20795,grasp,close,94,58,93,437,580,1558,-8,-9,0,39,39,-10
36.20942,grasp,close,94,58,93,437,580,1558,-8,-9,0,39,39,-10
36.21103,grasp,close,94,58,93,437,580,1558,-8,-9,0,39,39,-10
36.21226,grasp,close,94,58,93,437,580,1558,-8,-9,0,39,39,-10
36.21343,grasp,close,94,58,93,437,580,1558,-8,-9,0,39,39,-10
36.21507,grasp,close,94,58,93,437,580,1558,-8,-9,0,39,39,-10
36.21628,grasp,close,94,58,93,437,580,1558,-8,-9,0,39,39,-10
36.22663,grasp,close,94,58,93,437,580,1558,-8,-9,0,39,39,-10
36.22802,grasp,close,94,58,93,439,580,1558,-8,-9,0,41,39,-10
36.22948,grasp,close,94,58,93,439,580,1558,-8,-9,0,41,39,-10
36.23109,grasp,close,94,58,93,439,580,1558,-8,-9,0,41,39,-10
36.23753,grasp,close,94,58,93,439,580,1558,-8,-9,0,41,39,-10
36.23882,grasp,close,94,58,93,439,580,1558,-8,-9,0,41,39,-10
36.24036,grasp,close,94,58,93,439,580,1558,-8,-9,0,41,39,-10
36.24199,grasp,close,94,58,93,439,580,1558,-8,-9,0,41,39,-10
36.24376,grasp,close,94,58,93,439,580,1558,-8,-9,0,41,39,-10
36.24558,grasp,close,94,58,93,439,580,1558,-8,-9,0,41,39,-10
36.24735,grasp,close,94,58,93,439,580,1558,-8,-9,1,41,39,-10
36.25744,grasp,close,94,58,93,439,580,1558,-8,-9,1,41,39,-10
36.25869,grasp,close,94,58,93,440,580,1558,-8,-9,1,41,39,-10
36.26063,grasp,close,94,58,93,440,585,1558,-8,-9,1,41,38,-10
36.26250,grasp,close,94,58,93,440,585,1558,-8,-9,1,41,38,-10
36.26940,grasp,close,94,58,93,440,585,1558,-8,-9,1,41,38,-10
36.27102,grasp,close,94,58,93,440,585,1558,-8,-9,1,41,38,-10
36.27288,grasp,close,94,58,93,440,585,1558,-8,-9,1,41,38,-10
36.27484,grasp,close,94,58,93,440,585,1558,-8,-9,1,41,38,-10
36.27673,grasp,close,94,58,93,440,585,1558,-7,-9,1,41,38,-10
36.27863,grasp,close,94,58,93,440,585,1558,-7,-9,1,41,38,-10
36.28863,grasp,close,94,58,93,440,585,1558,-7,-9,0,41,38,-10
36.29030,grasp,close,94,58,93,443,585,1558,-7,-9,0,41,38,-10
36.29212,grasp,close,94,58,93,443,589,1558,-7,-9,0,41,38,-10
36.29910,grasp,close,94,58,93,443,589,1558,-7,-9,0,41,38,-10
36.30154,grasp,close,94,58,93,443,589,1558,-7,-9,0,41,38,-10
36.30387,grasp,close,94,58,93,443,589,1558,-7,-9,0,41,38,-10
36.30594,grasp,close,94,58,93,443,589,1558,-8,-9,0,41,38,-10
36.30753,grasp,close,94,58,93,443,589,1558,-8,-9,0,41,38,-10
36.30929,grasp,close,94,58,93,443,589,1558,-8,-9,1,41,38,-10
36.31951,grasp,close,94,58,93,443,589,1558,-8,-9,1,41,38,-10
36.32077,grasp,close,94,58,93,446,589,1558,-8,-9,1,43,38,-10
36.32228,grasp,close,94,58,93,446,591,1558,-8,-9,1,43,38,-10
36.32348,grasp,close,94,58,93,446,591,1558,-8,-9,1,43,38,-11
36.33003,grasp,close,94,58,93,446,591,1558,-8,-9,1,43,38,-11
36.33169,grasp,close,94,58,93,446,591,1558,-8,-9,1,43,38,-11
36.33355,grasp,close,94,58,93,446,591,1558,-8,-9,1,43,38,-11
36.33543,grasp,close,94,58,93,446,591,1558,-8,-9,1,43,38,-11
36.33671,grasp,close,94,58,93,446,591,1558,-8,-9,1,43,38,-11
36.33855,grasp,close,94,58,93,446,591,1558,-8,-9,1,43,38,-11
36.34022,grasp,close,94,58,93,446,591,1558,-8,-9,0,43,38,-11
36.35068,grasp,close,94,58,93,447,591,1558,-8,-9,0,42,38,-11
36.35248,grasp,close,94,58,93,447,593,1558,-8,-9,0,42,39,-11
36.35407,grasp,close,94,58,93,447,593,1558,-8,-9,0,42,39,-11
36.36116,grasp,close,94,58,93,447,593,1558,-8,-9,0,42,39,-11
36.36259,grasp,close,94,58,93,447,593,1558,-8,-9,0,42,39,-11
36.36382,grasp,close,94,58,93,447,593,1558,-8,-9,0,42,39,-11
36.36509,grasp,close,94,58,93,447,593,1558,-7,-9,0,42,39,-11
36.36636,grasp,close,94,58,93,447,593,1558,-7,-9,0,42,39,-11
36.36824,grasp,close,94,58,93,447,593,1558,-7,-9,0,42,39,-11
36.36941,grasp,close,94,58,93,447,593,1558,-7,-9,0,42,39,-11
36.37068,grasp,close,94,58,93,447,593,1558,-7,-9,0,42,39,-11
36.38119,grasp,close,94,58,93,450,593,1558,-7,-9,0,43,39,-11
36.38267,grasp,close,94,58,93,450,596,1558,-7,-9,0,43,38,-11
36.38409,grasp,close,94,58,93,450,596,1558,-7,-9,0,43,38,-11
36.38597,grasp,close,94,58,93,450,596,1558,-7,-9,0,43,38,-11
36.39257,grasp,close,94,58,93,450,596,1558,-7,-9,0,43,38,-11
36.39376,grasp,close,94,58,93,450,596,1558,-7,-9,0,43,38,-11
36.39525,grasp,close,94,58,93,450,596,1558,-8,-9,0,43,38,-11
36.39681,grasp,close,94,58,93,450,596,1558,-8,-9,0,43,38,-11
36.39836,grasp,close,94,58,93,450,596,1558,-8,-9,0,43,38,-11
36.39956,grasp,close,94,58,93,450,596,1558,-8,-9,1,43,38,-11
36.40080,grasp,close,94,58,93,450,596,1558,-8,-9,1,43,38,-11
36.40201,grasp,close,94,58,93,452,596,1558,-8,-9,1,45,38,-11
36.41307,grasp,close,94,58,93,452,597,1558,-8,-9,1,45,38,-11
36.41482,grasp,close,94,58,93,452,597,1558,-8,-9,1,45,38,-11
36.41601,grasp,close,94,58,93,452,597,1558,-8,-9,1,45,38,-11
36.41721,grasp,close,94,58,93,452,597,1558,-8,-9,1,45,38,-11
36.42397,grasp,close,94,58,93,452,597,1558,-8,-9,1,45,38,-11
36.42553,grasp,close,94,58,93,452,597,1558,-8,-9,1,45,38,-11
36.42677,grasp,close,94,58,93,452,597,1558,-8,-9,1,45,38,-11
36.42829,grasp,close,94,58,93,452,597,1558,-8,-9,1,45,38,-11
36.43023,grasp,close,94,58,93,452,597,1558,-8,-9,0,45,38,-11
36.43168,grasp,close,94,58,93,452,597,1558,-8,-9,0,44,38,-11
36.43290,grasp,close,94,58,93,455,597,1558,-8,-9,0,44,38,-11
36.44371,grasp,close,94,58,93,455,599,1558,-8,-9,0,44,39,-12
36.44527,grasp,close,94,58,93,455,599,1558,-8,-9,0,44,39,-12
36.44714,grasp,close,94,58,93,455,599,1558,-8,-9,0,44,39,-12
36.44834,grasp,close,94,58,93,455,599,1558,-8,-9,0,44,39,-12
36.45504,grasp,close,94,58,93,455,599,1558,-8,-9,0,44,39,-12
36.45663,grasp,close,94,58,93,455,599,1558,-8,-9,0,44,39,-12
36.45782,grasp,close,94,58,93,455,599,1558,-8,-9,0,44,39,-12
36.45902,grasp,close,94,58,93,455,599,1558,-8,-9,0,44,39,-12
36.46064,grasp,close,94,58,93,455,599,1558,-8,-9,0,44,39,-12
36.46218,grasp,close,94,58,93,455,599,1558,-8,-9,1,44,39,-12
36.46335,grasp,close,94,58,93,455,599,1558,-8,-9,1,47,39,-12
36.47377,grasp,close,94,58,93,456,599,1558,-8,-9,1,47,38,-12
36.47500,grasp,close,94,58,93,456,600,1558,-8,-9,1,47,38,-12
36.47624,grasp,close,94,58,93,456,600,1558,-8,-9,1,47,38,-12
36.47742,grasp,close,94,58,93,456,600,1558,-8,-9,1,47,38,-12
36.47871,grasp,close,94,58,93,456,600,1558,-8,-9,1,47,38,-12
36.48548,grasp,close,94,58,93,456,600,1558,-8,-9,1,47,38,-12
36.48722,grasp,close,94,58,93,456,600,1558,-7,-9,1,47,38,-12
36.48939,grasp,close,94,58,93,456,600,1558,-7,-9,1,47,38,-12
36.49062,grasp,close,94,58,93,456,600,1558,-7,-9,1,47,38,-12
36.49206,grasp,close,94,58,93,456,600,1558,-7,-9,0,47,38,-12
36.49407,grasp,close,94,58,93,456,600,1558,-7,-9,0,46,38,-12
36.50473,grasp,close,94,58,93,458,600,1558,-7,-9,0,46,38,-12
36.50623,grasp,close,94,58,93,458,602,1558,-7,-9,0,46,38,-12
36.50748,grasp,close,94,58,93,458,602,1558,-7,-9,0,46,38,-12
36.50898,grasp,close,94,58,93,458,602,1558,-7,-9,0,46,38,-12
36.51059,grasp,close,94,58,93,458,602,1558,-7,-9,0,46,38,-12
36.51707,grasp,close,94,58,93,458,602,1558,-7,-9,0,46,38,-12
36.51861,grasp,close,94,58,93,458,602,1558,-7,-9,0,46,38,-12
36.52018,grasp,close,94,58,93,458,602,1558,-7,-9,0,46,38,-12
36.52138,grasp,close,94,58,93,458,602,1558,-7,-9,0,46,38,-12
36.52259,grasp,close,94,58,93,458,602,1558,-7,-9,0,46,38,-12
36.52379,grasp,close,94,58,93,458,602,1558,-7,-9,0,47,38,-12
36.52505,grasp,close,94,58,93,461,602,1558,-7,-9,0,47,38,-12
36.53582,grasp,close,94,58,93,461,604,1558,-7,-9,0,47,38,-13
36.53733,grasp,close,94,58,93,461,604,1558,-7,-9,0,47,38,-13
36.53862,grasp,close,94,58,93,461,604,1558,-7,-9,0,47,38,-13
36.54034,grasp,close,94,58,93,461,604,1558,-7,-9,0,47,38,-13
36.54734,grasp,close,94,58,93,461,604,1558,-7,-9,0,47,38,-13
36.54949,grasp,close,94,58,93,461,604,1558,-7,-9,0,47,38,-13
36.55158,grasp,close,94,58,93,461,604,1558,-7,-9,1,47,38,-13
36.55379,grasp,close,94,58,93,461,604,1558,-7,-9,1,47,38,-13
36.55615,grasp,close,94,58,93,463,604,1558,-7,-9,1,48,37,-13
36.56673,grasp,close,94,58,93,463,607,1558,-7,-9,1,48,37,-13
36.56828,grasp,close,94,58,93,463,607,1558,-7,-9,1,48,37,-13
36.57014,grasp,close,94,58,93,463,607,1558,-7,-9,1,48,37,-13
36.57133,grasp,close,94,58,93,463,607,1558,-7,-9,1,48,37,-13
36.57798,grasp,close,94,58,93,463,607,1558,-7,-9,1,48,37,-13
36.57913,grasp,close,94,58,93,463,607,1558,-7,-9,1,48,37,-13
36.58029,grasp,close,94,58,93,463,607,1558,-7,-9,1,48,37,-13
36.58160,grasp,close,94,58,93,463,607,1558,-7,-9,0,48,37,-13
36.58283,grasp,close,94,58,93,463,607,1558,-7,-9,0,48,37,-13
36.58403,grasp,close,94,58,93,466,607,1558,-7,-9,0,47,37,-13
36.58528,grasp,close,94,58,93,466,607,1558,-7,-9,0,47,38,-13
36.58681,grasp,close,94,58,93,466,611,1558,-7,-9,0,47,38,-13
36.58864,grasp,close,94,58,93,466,611,1558,-7,-9,0,47,38,-13
36.59963,grasp,close,94,58,93,466,611,1558,-7,-9,0,47,38,-13
36.60181,grasp,close,94,58,93,466,611,1558,-7,-9,0,47,38,-13
36.60938,grasp,close,94,58,93,466,611,1558,-7,-9,0,47,38,-13
36.61115,grasp,close,94,58,93,466,611,1558,-7,-9,0,47,38,-13
36.61294,grasp,close,94,58,93,466,611,1558,-7,-9,1,47,38,-13
36.61474,grasp,close,94,58,93,469,611,1558,-7,-9,1,49,38,-13
36.61656,grasp,close,94,58,93,469,612,1558,-7,-9,1,49,38,-13
36.61838,grasp,close,94,58,93,469,612,1558,-7,-9,1,49,38,-13
36.62883,grasp,close,94,58,93,469,612,1558,-7,-9,1,49,38,-13
36.63034,grasp,close,94,58,93,469,612,1558,-7,-9,1,49,38,-13
36.63194,grasp,close,94,58,93,469,612,1558,-7,-9,1,49,38,-13
36.63380,grasp,close,94,58,93,469,612,1558,-7,-9,1,49,38,-13
36.64051,grasp,close,94,58,93,469,612,1558,-7,-9,1,49,38,-13
36.64197,grasp,close,94,58,93,469,612,1558,-7,-9,1,49,38,-13
36.64343,grasp,close,94,58,93,469,612,1558,-7,-9,0,49,38,-13
36.64527,grasp,close,94,58,93,469,612,1558,-7,-9,0,48,38,-13
36.64708,grasp,close,94,58,93,472,612,1558,-7,-9,0,48,38,-13
36.64889,grasp,close,94,58,93,472,614,1558,-7,-9,0,48,38,-13
36.65070,grasp,close,94,58,93,472,614,1558,-7,-9,0,48,38,-13
36.66114,grasp,close,94,58,93,472,614,1558,-7,-9,0,48,38,-13
36.66272,grasp,close,94,58,93,472,614,1558,-7,-9,0,48,38,-13
36.66390,grasp,close,94,58,93,472,614,1558,-7,-9,0,48,38,-13
36.66516,grasp,close,94,58,93,472,614,1558,-7,-9,0,48,38,-13
36.67193,grasp,close,94,58,93,472,614,1558,-7,-9,0,48,38,-13
36.67394,grasp,close,94,58,93,472,614,1558,-7,-9,0,48,38,-13
36.67597,grasp,close,94,58,93,472,614,1558,-7,-9,0,48,38,-13
36.67752,grasp,close,94,58,93,475,614,1558,-7,-9,0,50,38,-13
36.67912,grasp,close,94,58,93,475,617,1558,-7,-9,0,50,38,-13
36.68066,grasp,close,94,58,93,475,617,1558,-7,-9,0,50,38,-13
36.69103,grasp,close,94,58,93,475,617,1558,-7,-9,0,50,38,-13
36.69236,grasp,close,94,58,93,475,617,1558,-7,-9,0,50,38,-13
36.69384,grasp,close,94,58,93,475,617,1558,-7,-9,0,50,38,-13
36.69506,grasp,close,94,58,93,475,617,1558,-7,-9,0,50,38,-13
36.69632,grasp,close,94,58,93,475,617,1558,-7,-9,0,50,38,-13
36.70269,grasp,close,94,58,93,475,617,1558,-8,-9,0,50,38,-13
36.70390,grasp,close,94,58,93,475,617,1558,-8,-9,0,50,38,-13
36.70544,grasp,close,94,58,93,475,617,1558,-8,-9,0,51,38,-13
36.70732,grasp,close,94,58,93,477,617,1558,-8,-9,0,51,39,-13
36.70891,grasp,close,94,58,93,477,618,1558,-8,-9,0,51,39,-13
36.71072,grasp,close,94,58,93,477,618,1558,-8,-9,0,51,39,-13
36.71264,grasp,close,94,58,93,477,618,1558,-8,-9,0,51,39,-13
36.72309,grasp,close,94,58,93,477,618,1558,-8,-9,0,51,39,-13
36.72468,grasp,close,94,58,93,477,618,1558,-8,-9,0,51,39,-13
36.72587,grasp,close,94,58,93,477,618,1558,-7,-9,0,51,39,-13
36.72710,grasp,close,94,58,93,477,618,1558,-7,-9,0,51,39,-13
36.73406,grasp,close,94,58,93,477,618,1558,-7,-9,0,51,39,-13
36.73532,grasp,close,94,58,93,477,618,1558,-7,-9,0,50,39,-13
36.73708,grasp,close,94,58,93,477,618,1558,-7,-9,0,50,39,-13
36.73911,grasp,close,94,58,93,477,621,1558,-7,-9,0,50,39,-13
36.74108,grasp,close,94,58,93,477,621,1558,-7,-9,0,50,39,-13
36.74295,grasp,close,94,58,93,477,621,1558,-7,-9,0,50,39,-13
36.75370,grasp,close,94,58,93,477,621,1558,-7,-9,0,50,39,-13
36.75494,grasp,close,94,58,93,477,621,1558,-7,-9,0,50,39,-13
36.75684,grasp,close,94,58,93,477,621,1558,-7,-9,0,50,39,-13
36.75856,grasp,close,94,58,93,477,621,1558,-8,-9,0,50,39,-13
36.76568,grasp,close,94,58,93,477,621,1558,-8,-9,1,50,39,-13
36.76799,grasp,close,94,58,93,477,621,1558,-8,-9,1,53,39,-13
36.77044,grasp,close,94,58,93,479,621,1558,-8,-9,1,53,38,-13
36.77279,grasp,close,94,58,93,479,625,1558,-8,-9,1,53,38,-13
36.78389,grasp,close,94,58,93,479,625,1558,-8,-9,1,53,38,-13
36.78544,grasp,close,94,58,93,479,625,1558,-8,-9,1,53,38,-13
36.78665,grasp,close,94,58,93,479,625,1558,-8,-9,1,53,38,-13
36.78783,grasp,close,94,58,93,479,625,1558,-8,-9,1,53,38,-13
36.78908,grasp,close,94,58,93,479,625,1558,-8,-9,1,53,38,-13
36.79586,grasp,close,94,58,93,479,625,1558,-8,-9,0,53,38,-13
36.79749,grasp,close,94,58,93,479,625,1558,-8,-9,0,51,38,-13
36.79953,grasp,close,94,58,93,480,625,1558,-8,-9,0,51,38,-13
36.80170,grasp,close,94,58,93,480,628,1558,-8,-9,0,51,38,-13
36.80389,grasp,close,94,58,93,480,628,1558,-8,-9,0,51,38,-13
36.81517,grasp,close,94,58,93,480,628,1558,-8,-9,0,51,38,-13
36.81697,grasp,close,94,58,93,480,628,1558,-8,-9,0,51,38,-13
36.81887,grasp,close,94,58,93,480,628,1558,-8,-9,0,51,38,-13
36.82620,grasp,close,94,58,93,480,628,1558,-8,-9,0,51,38,-13
36.82803,grasp,close,94,58,93,480,628,1558,-8,-9,1,53,38,-13
36.82949,grasp,close,94,58,93,481,628,1558,-8,-9,1,53,38,-13
36.83104,grasp,close,94,58,93,481,631,1558,-8,-9,1,53,39,-13
36.83286,grasp,close,94,58,93,481,631,1558,-8,-9,1,53,39,-13
36.83470,grasp,close,94,58,93,481,631,1558,-8,-9,1,53,39,-13
36.83654,grasp,close,94,58,93,481,631,1558,-8,-9,1,53,39,-13
36.84687,grasp,close,94,58,93,481,631,1558,-8,-9,1,53,39,-13
36.84845,grasp,close,94,58,93,481,631,1558,-8,-9,1,53,39,-13
36.84995,grasp,close,94,58,93,481,631,1558,-8,-9,1,53,39,-13
36.85670,grasp,close,94,58,93,481,631,1558,-8,-9,1,53,39,-13
36.85821,grasp,close,94,58,93,481,631,1558,-8,-9,1,51,39,-13
36.85999,grasp,close,94,58,93,484,631,1558,-8,-9,1,51,38,-13
36.86175,grasp,close,94,58,93,484,633,1558,-8,-9,1,51,38,-14
36.86362,grasp,close,94,58,93,484,633,1558,-8,-9,1,51,38,-14
36.86550,grasp,close,94,58,93,484,633,1558,-8,-9,1,51,38,-14
36.86672,grasp,close,94,58,93,484,633,1558,-8,-9,1,51,38,-14
36.87769,grasp,close,94,58,93,484,633,1558,-8,-9,1,51,38,-14
36.87930,grasp,close,94,58,93,484,633,1558,-8,-9,1,51,38,-14
36.88123,grasp,close,94,58,93,484,633,1558,-8,-9,1,51,38,-14
36.88799,grasp,close,94,58,93,484,633,1558,-8,-9,0,51,38,-14
36.88948,grasp,close,94,58,93,484,633,1558,-8,-9,0,55,39,-14
36.89138,grasp,close,94,58,93,486,635,1558,-8,-9,0,55,39,-13
36.89300,grasp,close,94,58,93,486,635,1558,-8,-9,0,55,39,-13
36.89453,grasp,close,94,58,93,486,635,1558,-8,-9,0,55,39,-13
36.89572,grasp,close,94,58,93,486,635,1558,-8,-9,0,55,39,-13
36.89756,grasp,close,94,58,93,486,635,1558,-8,-9,0,55,39,-13
36.90825,grasp,close,94,58,93,486,635,1558,-8,-9,0,55,39,-13
36.91049,grasp,close,94,58,93,486,635,1558,-8,-9,0,55,39,-13
36.91240,grasp,close,94,58,93,486,635,1558,-8,-9,1,55,39,-13
36.91914,grasp,close,94,58,93,486,635,1558,-8,-9,1,53,39,-13
36.92034,grasp,close,94,58,93,488,635,1558,-8,-9,1,53,39,-13
36.92161,grasp,close,94,58,93,488,637,1558,-8,-9,1,53,39,-14
36.92349,grasp,close,94,58,93,488,637,1558,-8,-9,1,53,39,-14
36.92475,grasp,close,94,58,93,488,637,1558,-8,-9,1,53,39,-14
36.92598,grasp,close,94,58,93,488,637,1558,-8,-9,1,53,39,-14
36.92753,grasp,close,94,58,93,488,637,1558,-8,-9,1,53,39,-14
36.92876,grasp,close,94,58,93,488,637,1558,-8,-9,1,53,39,-14
36.93929,grasp,close,94,58,93,488,637,1558,-8,-9,1,53,39,-14
36.94054,grasp,close,94,58,93,488,637,1558,-8,-9,1,53,39,-14
36.94233,grasp,close,94,58,93,488,637,1558,-8,-9,1,53,39,-14
36.94355,grasp,close,94,58,93,488,637,1558,-8,-9,0,53,39,-14
36.95005,grasp,close,94,58,93,488,637,1558,-8,-9,0,57,39,-14
36.95159,grasp,close,94,58,93,491,637,1558,-8,-9,0,57,39,-14
36.95279,grasp,close,94,58,93,491,639,1558,-8,-9,0,57,39,-14
36.95399,grasp,close,94,58,93,491,639,1558,-8,-9,0,57,39,-14
36.95519,grasp,close,94,58,93,491,639,1558,-8,-9,0,57,39,-14
36.95635,grasp,close,94,58,93,491,639,1558,-8,-9,0,57,39,-14
36.95761,grasp,close,94,58,93,491,639,1558,-8,-9,0,57,39,-14
36.95912,grasp,close,94,58,93,491,639,1558,-8,-9,0,57,39,-14
36.96034,grasp,close,94,58,93,491,639,1558,-8,-9,0,57,39,-14
36.97105,grasp,close,94,58,93,491,639,1558,-8,-9,0,57,39,-14
36.97262,grasp,close,94,58,93,491,639,1558,-8,-9,0,57,39,-14
36.97382,grasp,close,94,58,93,491,639,1558,-8,-9,0,56,39,-14
36.97505,grasp,close,94,58,93,494,639,1558,-8,-9,0,56,39,-14
36.98176,grasp,close,94,58,93,494,641,1558,-8,-9,0,56,39,-14
36.98338,grasp,close,94,58,93,494,641,1558,-8,-9,0,56,39,-14
36.98521,grasp,close,94,58,93,494,641,1558,-8,-9,0,56,39,-14
36.98674,grasp,close,94,58,93,494,641,1558,-8,-9,0,56,39,-14
36.98798,grasp,close,94,58,93,494,641,1558,-8,-9,0,56,39,-14
36.98952,grasp,close,94,58,93,494,641,1558,-8,-9,0,56,39,-14
36.99077,grasp,close,94,58,93,494,641,1558,-8,-9,0,56,39,-14
37.00164,grasp,close,94,58,93,494,641,1558,-8,-9,0,56,39,-14
37.00342,grasp,close,94,58,93,494,641,1558,-8,-9,1,56,39,-14
37.00462,grasp,close,94,58,93,494,641,1558,-8,-9,1,56,39,-14
37.00591,grasp,close,94,58,93,494,641,1558,-8,-9,1,58,39,-14
37.01335,grasp,close,94,58,93,496,643,1558,-8,-9,1,58,40,-14
37.01455,grasp,close,94,58,93,496,643,1558,-8,-9,1,58,40,-14
37.01577,grasp,close,94,58,93,496,643,1558,-8,-9,1,58,40,-14
37.01697,grasp,close,94,58,93,496,643,1558,-8,-9,1,58,40,-14
37.01820,grasp,close,94,58,93,496,643,1558,-8,-9,1,58,40,-14
37.02007,grasp,close,94,58,93,496,643,1558,-8,-9,1,58,40,-14
37.02131,grasp,close,94,58,93,496,643,1558,-8,-9,1,58,40,-14
37.03186,grasp,close,94,58,93,496,643,1558,-8,-9,1,58,40,-14
37.03338,grasp,close,94,58,93,496,643,1558,-8,-9,1,58,40,-14
37.03525,grasp,close,94,58,93,496,643,1558,-8,-9,1,58,40,-14
37.03647,grasp,close,94,58,93,499,643,1558,-8,-9,1,58,40,-14
37.04290,grasp,close,94,58,93,499,643,1558,-8,-9,1,58,40,-14
37.04407,grasp,close,94,58,93,499,644,1558,-8,-9,1,58,40,-14
37.04558,grasp,close,94,58,93,499,644,1558,-8,-9,1,58,40,-14
37.04681,grasp,close,94,58,93,499,644,1558,-8,-9,1,58,40,-14
37.04801,grasp,close,94,58,93,499,644,1558,-8,-9,1,58,40,-14
37.04921,grasp,close,94,58,93,499,644,1558,-8,-9,1,58,40,-14
37.05040,grasp,close,94,58,93,499,644,1558,-8,-9,1,58,40,-14
37.05164,grasp,close,94,58,93,499,644,1558,-8,-9,1,58,40,-14
37.05320,grasp,close,94,58,93,499,644,1558,-8,-9,1,58,40,-14
37.06371,grasp,close,94,58,93,499,644,1558,-8,-9,1,58,40,-14
37.06556,grasp,close,94,58,93,499,644,1558,-8,-9,0,58,40,-14
37.06681,grasp,close,94,58,93,499,644,1558,-8,-9,0,58,40,-14
37.06803,grasp,close,94,58,93,501,644,1558,-8,-9,0,57,40,-14
37.07477,grasp,close,94,58,93,501,646,1558,-8,-9,0,57,39,-14
37.07632,grasp,close,94,58,93,501,646,1558,-8,-9,0,57,39,-14
37.07752,grasp,close,94,58,93,501,646,1558,-8,-9,0,57,39,-14
37.07916,grasp,close,94,58,93,501,646,1558,-8,-9,0,57,39,-14
37.08076,grasp,close,94,58,93,501,646,1558,-8,-9,0,57,39,-14
37.08201,grasp,close,94,58,93,501,646,1558,-8,-9,0,57,39,-14
37.08394,grasp,close,94,58,93,501,646,1558,-8,-9,0,57,39,-14
37.09472,grasp,close,94,58,93,501,646,1558,-8,-9,1,57,39,-14
37.09667,grasp,close,94,58,93,501,646,1558,-8,-9,1,57,39,-14
37.09784,grasp,close,94,58,93,501,648,1558,-8,-9,1,57,40,-14
37.09911,grasp,close,94,58,93,501,648,1558,-8,-9,1,57,40,-14
37.10626,grasp,close,94,58,93,501,648,1558,-8,-9,1,57,40,-15
37.10803,grasp,close,94,58,93,501,648,1558,-8,-9,1,57,40,-15
37.10985,grasp,close,94,58,93,501,648,1558,-8,-9,1,57,40,-15
37.11177,grasp,close,94,58,93,501,648,1558,-8,-9,1,57,40,-15
37.11367,grasp,close,94,58,93,501,648,1558,-8,-9,1,57,40,-15
37.11518,grasp,close,94,58,93,501,648,1558,-8,-9,1,57,40,-15
37.12587,grasp,close,94,58,93,501,648,1558,-8,-10,0,57,40,-15
37.12774,grasp,close,94,58,93,501,648,1558,-8,-10,0,56,40,-15
37.12962,grasp,close,94,58,93,506,648,1558,-8,-10,0,56,39,-15
37.13623,grasp,close,94,58,93,506,649,1558,-8,-10,0,56,39,-15
37.13812,grasp,close,94,58,93,506,649,1558,-8,-10,0,56,39,-15
37.13972,grasp,close,94,58,93,506,649,1558,-8,-10,0,56,39,-15
37.14126,grasp,close,94,58,93,506,649,1558,-8,-10,0,56,39,-15
37.14242,grasp,close,94,58,93,506,649,1558,-8,-10,0,56,39,-15
37.14366,grasp,close,94,58,93,506,649,1558,-8,-10,0,56,39,-15
37.14520,grasp,close,94,58,93,506,649,1558,-8,-9,0,56,39,-15
37.15573,grasp,close,94,58,93,506,649,1558,-8,-9,1,56,39,-15
37.15730,grasp,close,94,58,93,506,649,1558,-8,-9,1,60,39,-15
37.15879,grasp,close,94,58,93,508,649,1558,-8,-9,1,60,39,-15
37.16063,grasp,close,94,58,93,508,649,1558,-8,-9,1,60,39,-15
37.16708,grasp,close,94,58,93,508,649,1558,-8,-9,1,60,39,-15
37.16901,grasp,close,94,58,93,508,649,1558,-8,-9,1,60,39,-15
37.17094,grasp,close,94,58,93,508,649,1558,-8,-9,1,60,39,-15
37.17282,grasp,close,94,58,93,508,649,1558,-8,-9,1,60,39,-15
37.17474,grasp,close,94,58,93,508,649,1558,-8,-9,1,60,39,-15
37.17658,grasp,close,94,58,93,508,649,1558,-8,-9,1,60,39,-15
37.18694,grasp,close,94,58,93,508,649,1558,-8,-9,1,60,39,-15
37.18816,grasp,close,94,58,93,508,649,1558,-8,-9,1,57,39,-15
37.18930,grasp,close,94,58,93,510,649,1558,-8,-9,1,57,40,-15
37.19057,grasp,close,94,58,93,510,655,1558,-8,-9,1,57,40,-15
37.19233,grasp,close,94,58,93,510,655,1558,-8,-9,1,57,40,-15
37.19946,grasp,close,94,58,93,510,655,1558,-8,-9,1,57,40,-15
37.20171,grasp,close,94,58,93,510,655,1558,-8,-9,1,57,40,-15
37.20396,grasp,close,94,58,93,510,655,1558,-8,-9,1,57,40,-15
37.20586,grasp,close,94,58,93,510,655,1558,-8,-10,1,57,40,-15
37.20794,grasp,close,94,58,93,510,655,1558,-8,-10,1,57,40,-15
37.21855,grasp,close,94,58,93,510,655,1558,-8,-10,1,58,40,-15
37.21984,grasp,close,94,58,93,511,655,1558,-8,-10,1,58,40,-15
37.22165,grasp,close,94,58,93,511,659,1558,-8,-10,1,58,40,-15
37.22322,grasp,close,94,58,93,511,659,1558,-8,-10,1,58,40,-15
37.22987,grasp,close,94,58,93,511,659,1558,-8,-10,1,58,40,-15
37.23166,grasp,close,94,58,93,511,659,1558,-8,-10,1,58,40,-15
37.23316,grasp,close,94,58,93,511,659,1558,-8,-10,1,58,40,-15
37.23501,grasp,close,94,58,93,511,659,1558,-8,-10,1,58,40,-15
37.23686,grasp,close,94,58,93,511,659,1558,-8,-10,1,58,40,-15
37.23868,grasp,close,94,58,93,511,659,1558,-8,-9,1,58,40,-15
37.24902,grasp,close,94,58,93,511,659,1558,-8,-9,1,58,40,-15
37.25053,grasp,close,94,58,93,511,659,1558,-8,-9,1,58,40,-15
37.25208,grasp,close,94,58,93,515,662,1558,-8,-9,1,58,42,-15
37.25398,grasp,close,94,58,93,515,662,1558,-8,-9,1,58,42,-15
37.26063,grasp,close,94,58,93,515,662,1558,-8,-9,1,58,42,-15
37.26181,grasp,close,94,58,93,515,662,1558,-8,-9,1,58,42,-15
37.26372,grasp,close,94,58,93,515,662,1558,-8,-9,1,58,42,-15
37.26494,grasp,close,94,58,93,515,662,1558,-8,-9,1,58,42,-15
37.26614,grasp,close,94,58,93,515,662,1558,-8,-9,1,58,42,-15
37.26791,grasp,close,94,58,93,515,662,1558,-8,-9,1,58,42,-15
37.26991,grasp,close,94,58,93,515,662,1558,-8,-9,0,58,42,-15
37.28089,grasp,close,94,58,93,516,662,1558,-8,-9,0,59,42,-15
37.28286,grasp,close,94,58,93,516,662,1558,-8,-9,0,59,42,-15
37.28479,grasp,close,94,58,93,516,662,1558,-8,-9,0,59,42,-15
37.29215,grasp,close,94,58,93,516,662,1558,-8,-9,0,59,42,-15
37.29409,grasp,close,94,58,93,516,662,1558,-8,-9,0,59,42,-15
37.29596,grasp,close,94,58,93,516,662,1558,-8,-9,0,59,42,-15
37.29779,grasp,close,94,58,93,516,662,1558,-8,-9,0,59,42,-15
37.29981,grasp,close,94,58,93,516,662,1558,-8,-9,1,59,42,-15
37.31108,grasp,close,94,58,93,516,662,1558,-8,-9,1,61,42,-15
37.31283,grasp,close,94,58,93,518,662,1558,-8,-9,1,61,42,-15
37.31478,grasp,close,94,58,93,518,667,1558,-8,-9,1,61,42,-16
37.31630,grasp,close,94,58,93,518,667,1558,-8,-9,1,61,42,-16
37.32309,grasp,close,94,58,93,518,667,1558,-8,-9,1,61,42,-16
37.32465,grasp,close,94,58,93,518,667,1558,-8,-9,1,61,42,-16
37.32618,grasp,close,94,58,93,518,667,1558,-8,-9,1,61,42,-16
37.32801,grasp,close,94,58,93,518,667,1558,-8,-9,1,61,42,-16
37.32916,grasp,close,94,58,93,518,667,1558,-8,-9,0,61,42,-16
37.33040,grasp,close,94,58,93,518,667,1558,-8,-9,0,61,42,-16
37.33200,grasp,close,94,58,93,518,667,1558,-8,-9,0,59,42,-16
37.34268,grasp,close,94,58,93,521,668,1558,-8,-9,0,59,42,-16
37.34388,grasp,close,94,58,93,521,668,1558,-8,-9,0,59,42,-16
37.34542,grasp,close,94,58,93,521,668,1558,-8,-9,0,59,42,-16
37.34701,grasp,close,94,58,93,521,668,1558,-8,-9,0,59,42,-16
37.35343,grasp,close,94,58,93,521,668,1558,-8,-9,0,59,42,-16
37.35534,grasp,close,94,58,93,521,668,1558,-8,-9,0,59,42,-16
37.35657,grasp,close,94,58,93,521,668,1558,-8,-9,0,59,42,-16
37.35812,grasp,close,94,58,93,521,668,1558,-8,-9,0,59,42,-16
37.36002,grasp,close,94,58,93,521,668,1558,-8,-9,0,59,42,-16
37.36125,grasp,close,94,58,93,521,668,1558,-8,-9,0,59,42,-16
37.36241,grasp,close,94,58,93,524,668,1558,-8,-9,0,62,42,-16
37.37275,grasp,close,94,58,93,524,668,1558,-8,-9,0,62,43,-16
37.37457,grasp,close,94,58,93,524,669,1558,-8,-9,0,62,43,-16
37.37643,grasp,close,94,58,93,524,669,1558,-8,-9,0,62,43,-16
37.37824,grasp,close,94,58,93,524,669,1558,-8,-9,0,62,43,-16
37.38514,grasp,close,94,58,93,524,669,1558,-8,-9,0,62,43,-16
37.38708,grasp,close,94,58,93,524,669,1558,-8,-9,0,62,43,-16
37.38900,grasp,close,94,58,93,524,669,1558,-8,-9,0,62,43,-16
37.39094,grasp,close,94,58,93,524,669,1558,-8,-9,1,62,43,-16
37.39210,grasp,close,94,58,93,528,669,1558,-8,-9,1,61,43,-16
37.39333,grasp,close,94,58,93,528,669,1558,-8,-9,1,61,43,-16
37.40383,grasp,close,94,58,93,528,671,1558,-8,-9,1,61,43,-17
37.40505,grasp,close,94,58,93,528,671,1558,-8,-9,1,61,43,-17
37.40625,grasp,close,94,58,93,528,671,1558,-8,-9,1,61,43,-17
37.40773,grasp,close,94,58,93,528,671,1558,-8,-9,1,61,43,-17
37.40953,grasp,close,94,58,93,528,671,1558,-8,-9,1,61,43,-17
37.41615,grasp,close,94,58,93,528,671,1558,-8,-9,1,61,43,-17
37.41734,grasp,close,94,58,93,528,671,1558,-8,-10,1,61,43,-17
37.41895,grasp,close,94,58,93,528,671,1558,-8,-10,1,61,43,-17
37.42017,grasp,close,94,58,93,528,671,1558,-8,-10,0,61,43,-17
37.42139,grasp,close,94,58,93,528,671,1558,-8,-10,0,62,43,-17
37.42264,grasp,close,94,58,93,530,671,1558,-8,-10,0,62,43,-17
37.42422,grasp,close,94,58,93,530,673,1558,-8,-10,0,62,44,-17
37.43468,grasp,close,94,58,93,530,673,1558,-8,-10,0,62,44,-17
37.43589,grasp,close,94,58,93,530,673,1558,-8,-10,0,62,44,-17
37.43711,grasp,close,94,58,93,530,673,1558,-8,-10,0,62,44,-17
37.43834,grasp,close,94,58,93,530,673,1558,-8,-10,0,62,44,-17
37.43957,grasp,close,94,58,93,530,673,1558,-8,-10,0,62,44,-17
37.44601,grasp,close,94,58,93,530,673,1558,-8,-10,0,62,44,-17
37.44753,grasp,close,94,58,93,530,673,1558,-8,-10,0,62,44,-17
37.44876,grasp,close,94,58,93,530,673,1558,-8,-10,0,62,44,-17
37.44995,grasp,close,94,58,93,530,673,1558,-8,-10,1,62,44,-17
37.45154,grasp,close,94,58,93,530,673,1558,-8,-10,1,62,44,-17
37.45277,grasp,close,94,58,93,533,673,1558,-8,-10,1,62,44,-17
37.45397,grasp,close,94,58,93,533,675,1558,-8,-10,1,62,47,-17
37.45520,grasp,close,94,58,93,533,675,1558,-8,-10,1,62,47,-17
37.46578,grasp,close,94,58,93,533,675,1558,-8,-10,1,62,47,-17
37.46733,grasp,close,94,58,93,533,675,1558,-8,-10,1,62,47,-17
37.46854,grasp,close,94,58,93,533,675,1558,-8,-10,1,62,47,-17
37.46977,grasp,close,94,58,93,533,675,1558,-8,-10,1,62,47,-17
37.47099,grasp,close,94,58,93,533,675,1558,-8,-10,1,62,47,-17
37.47783,grasp,close,94,58,93,533,675,1558,-8,-10,1,62,47,-17
37.47905,grasp,close,94,58,93,533,675,1558,-8,-9,1,62,47,-17
37.48029,grasp,close,94,58,93,533,675,1558,-8,-9,0,62,47,-17
37.48220,grasp,close,94,58,93,533,675,1558,-8,-9,0,62,47,-17
37.48429,grasp,close,94,58,93,535,675,1558,-8,-9,0,62,49,-17
37.48621,grasp,close,94,58,93,535,679,1558,-8,-9,0,62,49,-18
37.49679,grasp,close,94,58,93,535,679,1558,-8,-9,0,62,49,-18
37.49870,grasp,close,94,58,93,535,679,1558,-8,-9,0,62,49,-18
37.49987,grasp,close,94,58,93,535,679,1558,-8,-9,0,62,49,-18
37.50112,grasp,close,94,58,93,535,679,1558,-8,-9,0,62,49,-18
37.50818,grasp,close,94,58,93,535,679,1558,-8,-9,0,62,49,-18
37.51000,grasp,close,94,58,93,535,679,1558,-8,-9,0,62,49,-18
37.51159,grasp,close,94,58,93,535,679,1558,-8,-9,0,62,49,-18
37.51280,grasp,close,94,58,93,535,679,1558,-8,-9,0,62,49,-18
37.51434,grasp,close,94,58,93,535,679,1558,-8,-9,0,65,49,-18
37.51620,grasp,close,94,58,93,539,679,1558,-8,-9,0,65,52,-18
37.51802,grasp,close,94,58,93,539,683,1558,-8,-9,0,65,52,-19
37.52885,grasp,close,94,58,93,539,683,1558,-8,-9,0,65,52,-19
37.53038,grasp,close,94,58,93,539,683,1558,-8,-9,0,65,52,-19
37.53184,grasp,close,94,58,93,539,683,1558,-8,-9,0,65,52,-19
37.53333,grasp,close,94,58,93,539,683,1558,-8,-9,0,65,52,-19
37.53947,grasp,close,94,58,93,539,683,1558,-8,-9,0,65,52,-19
37.54069,grasp,close,94,58,93,539,683,1558,-8,-9,0,65,52,-19
37.54190,grasp,close,94,58,93,539,683,1558,-8,-9,1,65,52,-19
37.54348,grasp,close,94,58,93,539,683,1558,-8,-9,1,62,52,-19
37.54473,grasp,close,94,58,93,541,683,1558,-8,-9,1,62,52,-19
37.54635,grasp,close,94,58,93,541,683,1558,-8,-9,1,62,53,-19
37.54815,grasp,close,94,58,93,541,685,1558,-8,-9,1,62,53,-19
37.55890,grasp,close,94,58,93,541,685,1558,-8,-9,1,62,53,-19
37.56071,grasp,close,94,58,93,541,685,1558,-8,-9,1,62,53,-19
37.56224,grasp,close,94,58,93,541,685,1558,-8,-9,1,62,53,-19
37.56338,grasp,close,94,58,93,541,685,1558,-8,-9,1,62,53,-19
37.57023,grasp,close,94,58,93,541,685,1558,-8,-9,1,62,53,-19
37.57139,grasp,close,94,58,93,541,685,1558,-8,-9,1,62,53,-19
37.57257,grasp,close,94,58,93,541,685,1558,-8,-9,1,62,53,-19
37.57380,grasp,close,94,58,93,541,685,1558,-8,-9,0,62,53,-19
37.57498,grasp,close,94,58,93,541,685,1558,-8,-9,0,62,53,-19
37.57621,grasp,close,94,58,93,541,685,1558,-8,-9,0,64,53,-19
37.57740,grasp,close,94,58,93,543,685,1558,-8,-9,0,64,55,-19
37.57861,grasp,close,94,58,93,543,687,1558,-8,-9,0,64,55,-19
37.58021,grasp,close,94,58,93,543,687,1558,-8,-9,0,64,55,-19
37.59076,grasp,close,94,58,93,543,687,1558,-8,-9,0,64,55,-19
37.59194,grasp,close,94,58,93,543,687,1558,-8,-9,0,64,55,-19
37.59308,grasp,close,94,58,93,543,687,1558,-8,-9,0,64,55,-19
37.59430,grasp,close,94,58,93,543,687,1558,-8,-9,0,64,55,-19
37.60083,grasp,close,94,58,93,543,687,1558,-8,-9,0,64,55,-19
37.60202,grasp,close,94,58,93,543,687,1558,-8,-9,0,64,55,-19
37.60320,grasp,close,94,58,93,543,687,1558,-8,-9,1,64,55,-19
37.60442,grasp,close,94,58,93,543,687,1558,-8,-9,1,64,55,-19
37.60561,grasp,close,94,58,93,543,687,1558,-8,-9,1,64,55,-19
37.60688,grasp,close,94,58,93,546,687,1558,-8,-9,1,64,55,-19
37.60829,grasp,close,94,58,93,546,688,1558,-8,-9,1,64,60,-19
37.60952,grasp,close,94,58,93,546,688,1558,-8,-9,1,64,60,-20
37.61073,grasp,close,94,58,93,546,688,1558,-8,-9,1,64,60,-20
37.62111,grasp,close,94,58,93,546,688,1558,-8,-9,1,64,60,-20
37.62253,grasp,close,94,58,93,546,688,1558,-8,-9,1,64,60,-20
37.62373,grasp,close,94,58,93,546,688,1558,-8,-9,1,64,60,-20
37.62491,grasp,close,94,58,93,546,688,1558,-8,-9,1,64,60,-20
37.62650,grasp,close,94,58,93,546,688,1558,-8,-9,1,64,60,-20
37.63294,grasp,close,94,58,93,546,688,1558,-8,-9,1,64,60,-20
37.63411,grasp,close,94,58,93,546,688,1558,-8,-9,1,64,60,-20
37.63560,grasp,close,94,58,93,546,688,1558,-8,-9,1,63,60,-20
37.63707,grasp,close,94,58,93,548,688,1558,-8,-9,1,63,60,-20
37.63826,grasp,close,94,58,93,548,690,1558,-8,-9,1,63,62,-20
37.63948,grasp,close,94,58,93,548,690,1558,-8,-9,1,63,62,-20
37.64107,grasp,close,94,58,93,548,690,1558,-8,-9,1,63,62,-20
37.64225,grasp,close,94,58,93,548,690,1558,-8,-9,1,63,62,-20
37.65289,grasp,close,94,58,93,548,690,1558,-8,-9,1,63,62,-20
37.65478,grasp,close,94,58,93,548,690,1558,-8,-9,1,63,62,-20
37.65599,grasp,close,94,58,93,548,690,1558,-8,-9,1,63,62,-20
37.65726,grasp,close,94,58,93,548,690,1558,-8,-9,1,63,62,-20
37.66385,grasp,close,94,58,93,548,690,1558,-8,-9,1,63,62,-20
37.66508,grasp,close,94,58,93,548,690,1558,-8,-9,0,63,62,-20
37.66660,grasp,close,94,58,93,551,690,1558,-8,-9,0,67,62,-20
37.66778,grasp,close,94,58,93,551,690,1558,-8,-9,0,67,61,-20
37.66902,grasp,close,94,58,93,551,692,1558,-8,-9,0,67,61,-20
37.67095,grasp,close,94,58,93,551,692,1558,-8,-9,0,67,61,-20
37.67219,grasp,close,94,58,93,551,692,1558,-8,-9,0,67,61,-20
37.68277,grasp,close,94,58,93,551,692,1558,-8,-9,0,67,61,-20
37.68393,grasp,close,94,58,93,551,692,1558,-8,-9,0,67,61,-20
37.68520,grasp,close,94,58,93,551,692,1558,-8,-9,0,67,61,-20
37.68633,grasp,close,94,58,93,551,692,1558,-8,-9,0,67,61,-20
37.68792,grasp,close,94,58,93,551,692,1558,-8,-9,0,67,61,-20
37.69490,grasp,close,94,58,93,551,692,1558,-8,-9,1,67,61,-20
37.69677,grasp,close,94,58,93,551,692,1558,-8,-9,1,67,61,-20
37.69835,grasp,close,94,58,93,551,694,1558,-8,-9,1,67,58,-20
37.69960,grasp,close,94,58,93,551,694,1558,-8,-9,1,67,58,-19
37.70121,grasp,close,94,58,93,551,694,1558,-8,-9,1,67,58,-19
37.70241,grasp,close,94,58,93,551,694,1558,-8,-9,1,67,58,-19
37.70367,grasp,close,94,58,93,551,694,1558,-8,-9,1,67,58,-19
37.71439,grasp,close,94,58,93,551,694,1558,-8,-9,1,67,58,-19
37.71610,grasp,close,94,58,93,551,694,1558,-8,-9,1,67,58,-19
37.71731,grasp,close,94,58,93,551,694,1558,-8,-9,1,67,58,-19
37.71859,grasp,close,94,58,93,551,694,1558,-8,-9,1,67,58,-19
37.72507,grasp,close,94,58,93,551,694,1558,-8,-9,1,67,58,-19
37.72654,grasp,close,94,58,93,551,694,1558,-8,-9,0,67,58,-19
37.72776,grasp,close,94,58,93,557,694,1558,-8,-9,0,66,58,-19
37.72971,grasp,close,94,58,93,557,694,1558,-8,-9,0,66,60,-19
37.73153,grasp,close,94,58,93,557,695,1558,-8,-9,0,66,60,-19
37.73350,grasp,close,94,58,93,557,695,1558,-8,-9,0,66,60,-19
37.73549,grasp,close,94,58,93,557,695,1558,-8,-9,0,66,60,-19
37.74599,grasp,close,94,58,93,557,695,1558,-8,-9,0,66,60,-19
37.74793,grasp,close,94,58,93,557,695,1558,-8,-9,0,66,60,-19
37.74981,grasp,close,94,58,93,557,695,1558,-8,-9,0,66,60,-19
37.75658,grasp,close,94,58,93,557,695,1558,-8,-9,0,66,60,-19
37.75806,grasp,close,94,58,93,557,695,1558,-8,-9,0,66,60,-19
37.75995,grasp,close,94,58,93,557,695,1558,-8,-9,0,68,60,-19
37.76144,grasp,close,94,58,93,558,695,1558,-8,-9,0,68,58,-19
37.76267,grasp,close,94,58,93,558,699,1558,-8,-9,0,68,58,-19
37.76426,grasp,close,94,58,93,558,699,1558,-8,-9,0,68,58,-19
37.76583,grasp,close,94,58,93,558,699,1558,-8,-9,0,68,58,-19
37.77626,grasp,close,94,58,93,558,699,1558,-8,-9,0,68,58,-19
37.77782,grasp,close,94,58,93,558,699,1558,-8,-9,0,68,58,-19
37.77972,grasp,close,94,58,93,558,699,1558,-8,-9,0,68,58,-19
37.78093,grasp,close,94,58,93,558,699,1558,-8,-9,0,68,58,-19
37.78748,grasp,close,94,58,93,558,699,1558,-8,-9,0,68,58,-19
37.78875,grasp,close,94,58,93,558,699,1558,-8,-9,0,68,58,-19
37.79059,grasp,close,94,58,93,560,699,1558,-8,-9,0,75,58,-19
37.79207,grasp,close,94,58,93,560,699,1558,-8,-9,0,75,60,-19
37.79330,grasp,close,94,58,93,560,701,1558,-8,-9,0,75,60,-19
37.79487,grasp,close,94,58,93,560,701,1558,-8,-9,0,75,60,-19
37.79605,grasp,close,94,58,93,560,701,1558,-8,-9,0,75,60,-19
37.80681,grasp,close,94,58,93,560,701,1558,-8,-9,0,75,60,-19
37.80858,grasp,close,94,58,93,560,701,1558,-8,-9,0,75,60,-19
37.81012,grasp,close,94,58,93,560,701,1558,-8,-9,0,75,60,-19
37.81169,grasp,close,94,58,93,560,701,1558,-8,-9,0,75,60,-19
37.81810,grasp,close,94,58,93,560,701,1558,-8,-8,0,75,60,-19
37.81931,grasp,close,94,58,93,560,701,1558,-8,-8,0,75,60,-19
37.82051,grasp,close,94,58,93,562,701,1558,-8,-8,0,88,60,-19
37.82220,grasp,close,94,58,93,562,703,1558,-8,-8,0,88,66,-19
37.82367,grasp,close,94,58,93,562,703,1558,-8,-8,0,88,66,-21
37.82486,grasp,close,94,58,93,562,703,1558,-8,-8,0,88,66,-21
37.82604,grasp,close,94,58,93,562,703,1558,-8,-8,0,88,66,-21
37.82727,grasp,close,94,58,93,562,703,1558,-8,-8,0,88,66,-21
37.83777,grasp,close,94,58,93,562,703,1558,-8,-8,0,88,66,-21
37.83929,grasp,close,94,58,93,562,703,1558,-8,-8,0,88,66,-21
37.84141,grasp,close,94,58,93,562,703,1558,-8,-9,0,88,66,-21
37.84296,grasp,close,94,58,93,562,703,1558,-8,-9,0,88,66,-21
37.85010,grasp,close,94,58,93,562,703,1558,-8,-9,0,88,66,-21
37.85196,grasp,close,94,58,93,562,703,1558,-8,-9,0,106,66,-21
37.85321,grasp,close,94,58,93,562,703,1558,-8,-9,0,106,66,-22
37.85438,grasp,close,94,58,93,562,703,1558,-8,-9,0,106,66,-22
37.85562,grasp,close,94,58,93,562,703,1558,-8,-9,0,106,66,-22
37.85686,grasp,close,94,58,93,562,703,1558,-8,-9,0,106,66,-22
37.85809,grasp,close,94,58,93,562,703,1558,-8,-9,0,106,66,-22
37.85930,grasp,close,94,58,93,562,703,1558,-8,-9,0,106,66,-22
37.86970,grasp,close,94,58,93,562,703,1558,-8,-9,0,106,66,-22
37.87131,grasp,close,94,58,93,562,703,1558,-8,-9,0,106,66,-22
37.87320,grasp,close,94,58,93,562,703,1558,-8,-9,0,106,66,-22
37.87438,grasp,close,94,58,93,562,703,1558,-8,-9,0,106,66,-22
37.88127,grasp,close,94,58,93,562,703,1558,-8,-9,0,117,66,-22
37.88244,grasp,close,94,58,93,565,703,1558,-8,-9,0,117,66,-22
37.88370,grasp,close,94,58,93,565,703,1558,-8,-9,0,117,82,-22
37.88556,grasp,close,94,58,93,565,710,1558,-8,-9,0,117,82,-23
37.88681,grasp,close,94,58,93,565,710,1558,-8,-9,0,117,82,-23
37.88806,grasp,close,94,58,93,565,710,1558,-8,-9,0,117,82,-23
37.88931,grasp,close,94,58,93,565,710,1558,-8,-9,0,117,82,-23
37.89983,grasp,close,94,58,93,565,710,1558,-8,-9,0,117,82,-23
37.90102,grasp,close,94,58,93,565,710,1558,-8,-9,0,117,82,-23
37.90223,grasp,close,94,58,93,565,710,1558,-8,-9,0,117,82,-23
37.90335,grasp,close,94,58,93,565,710,1558,-8,-9,0,117,82,-23
37.90505,grasp,close,94,58,93,565,710,1558,-8,-9,0,117,82,-23
37.91218,grasp,close,94,58,93,565,710,1558,-8,-9,0,117,82,-23
37.91400,grasp,close,94,58,93,569,710,1558,-8,-9,0,131,95,-23
37.91599,grasp,close,94,58,93,569,713,1558,-8,-9,0,131,95,-25
37.91793,grasp,close,94,58,93,569,713,1558,-8,-9,0,131,95,-25
37.91983,grasp,close,94,58,93,569,713,1558,-8,-9,0,131,95,-25
37.92130,grasp,close,94,58,93,569,713,1558,-8,-9,0,131,95,-25
37.93151,grasp,close,94,58,93,569,713,1558,-8,-9,0,131,95,-25
37.93278,grasp,close,94,58,93,569,713,1558,-8,-9,0,131,95,-25
37.93434,grasp,close,94,58,93,569,713,1558,-8,-9,0,131,95,-25
37.93560,grasp,close,94,58,93,569,713,1558,-8,-9,0,131,95,-25
37.94240,grasp,close,94,58,93,569,713,1558,-8,-9,0,131,95,-25
37.94366,grasp,close,94,58,93,569,713,1558,-8,-9,0,144,95,-25
37.94529,grasp,close,94,58,93,572,713,1558,-8,-9,0,144,95,-25
37.94723,grasp,close,94,58,93,572,714,1558,-8,-9,0,144,104,-26
37.94876,grasp,close,94,58,93,572,714,1558,-8,-9,0,144,104,-26
37.94998,grasp,close,94,58,93,572,714,1558,-8,-9,0,144,104,-26
37.95125,grasp,close,94,58,93,572,714,1558,-8,-9,0,144,104,-26
37.96173,grasp,close,94,58,93,572,714,1558,-8,-9,0,144,104,-26
37.96293,grasp,close,94,58,93,572,714,1558,-8,-9,0,144,104,-26
37.96418,grasp,close,94,58,93,572,714,1558,-8,-9,0,144,104,-26
37.96575,grasp,close,94,58,93,572,714,1558,-8,-9,0,144,104,-26
37.96733,grasp,close,94,58,93,572,714,1558,-8,-9,0,144,104,-26
37.97387,grasp,close,94,58,93,572,714,1558,-8,-9,0,144,104,-26
37.97510,grasp,close,94,58,93,574,714,1558,-8,-9,0,162,104,-26
37.97805,grasp,close,94,58,93,574,715,1558,-8,-9,0,162,114,-28
37.97992,grasp,close,94,58,93,574,715,1558,-8,-9,0,162,114,-28
37.98169,grasp,close,94,58,93,574,715,1558,-8,-9,0,162,114,-28
37.98350,grasp,close,94,58,93,574,715,1558,-8,-9,0,162,114,-28
37.99391,grasp,close,94,58,93,574,715,1558,-8,-9,0,162,114,-28
37.99545,grasp,close,94,58,93,574,715,1558,-8,-9,0,162,114,-28
37.99668,grasp,close,94,58,93,574,715,1558,-8,-9,0,162,114,-28
37.99850,grasp,close,94,58,93,574,715,1558,-8,-10,0,162,114,-28
38.00472,grasp,close,94,58,93,574,715,1558,-8,-10,0,162,114,-28
38.00593,grasp,close,94,58,93,574,715,1558,-8,-10,0,186,114,-28
38.00713,grasp,close,94,58,93,576,715,1558,-8,-10,0,186,114,-30
38.00892,grasp,close,94,58,93,576,715,1558,-8,-10,0,186,114,-30
38.01080,grasp,close,94,58,93,576,715,1558,-8,-10,0,186,114,-30
38.01233,grasp,close,94,58,93,576,715,1558,-8,-10,0,186,114,-30
38.01396,grasp,close,94,58,93,576,715,1558,-8,-10,0,186,114,-30
38.02474,grasp,close,94,58,93,576,715,1558,-8,-10,0,186,114,-30
38.02666,grasp,close,94,58,93,576,715,1558,-8,-10,0,186,114,-30
38.02839,grasp,close,94,58,93,576,715,1558,-8,-10,0,186,114,-30
38.03514,grasp,close,94,58,93,576,715,1558,-8,-10,0,179,114,-30
38.03631,grasp,close,94,58,93,577,715,1558,-8,-10,0,179,135,-30
38.03750,grasp,close,94,58,93,577,719,1558,-8,-10,0,179,135,-31
38.03872,grasp,close,94,58,93,577,719,1558,-8,-10,0,179,135,-31
38.03998,grasp,close,94,58,93,577,719,1558,-8,-10,0,179,135,-31
38.04122,grasp,close,94,58,93,577,719,1558,-8,-10,0,179,135,-31
38.04278,grasp,close,94,58,93,577,719,1558,-8,-10,0,179,135,-31
38.04393,grasp,close,94,58,93,577,719,1558,-8,-10,0,179,135,-31
38.04546,grasp,close,94,58,93,577,719,1558,-8,-10,0,179,135,-31
38.05550,grasp,close,94,58,93,577,719,1558,-8,-10,0,179,135,-31
38.05679,grasp,close,94,58,93,577,719,1558,-8,-10,0,179,135,-31
38.05837,grasp,close,94,58,93,577,719,1558,-8,-10,0,179,135,-31
38.05961,grasp,close,94,58,93,577,719,1558,-8,-10,1,179,135,-31
38.06615,grasp,close,94,58,93,577,719,1558,-8,-10,1,152,135,-31
38.06740,grasp,close,94,58,93,572,719,1558,-8,-10,1,152,135,-31
38.06895,grasp,close,94,58,93,572,723,1558,-8,-10,1,152,143,-31
38.07082,grasp,close,94,58,93,572,723,1558,-8,-10,1,152,143,-31
38.07232,grasp,close,94,58,93,572,723,1558,-8,-10,1,152,143,-31
38.07356,grasp,close,94,58,93,572,723,1558,-8,-10,1,152,143,-31
38.07476,grasp,close,94,58,93,572,723,1558,-8,-10,1,152,143,-31
38.07649,grasp,close,94,58,93,572,723,1558,-8,-10,1,152,143,-31
38.08703,grasp,close,94,58,93,572,723,1558,-8,-10,1,152,143,-31
38.08895,grasp,close,94,58,93,572,723,1558,-8,-10,1,152,143,-31
38.09095,grasp,close,94,58,93,572,723,1558,-8,-10,1,179,143,-31
38.09808,grasp,close,94,58,93,572,725,1558,-8,-10,1,179,150,-34
38.10202,grasp,held,94,58,93,572,725,1558,-8,-10,1,179,150,-34
38.10394,grasp,held,94,58,93,572,725,1558,-8,-10,1,179,150,-34
38.10585,grasp,held,94,58,93,572,725,1558,-8,-10,1,179,150,-34
38.11704,grasp,held,94,58,93,572,725,1558,-8,-10,1,179,150,-34
38.11877,grasp,held,94,58,93,572,725,1558,-8,-10,1,179,150,-34
38.12043,grasp,held,94,58,93,572,725,1558,-8,-10,1,179,150,-34
38.12228,grasp,held,94,58,93,576,725,1558,-8,-10,1,202,150,-34
38.12912,grasp,held,94,58,93,576,728,1558,-8,-10,1,202,160,-35
38.13073,grasp,held,94,58,93,576,728,1558,-8,-10,1,202,160,-35
38.13231,grasp,held,94,58,93,576,728,1558,-8,-10,1,202,160,-35
38.13414,grasp,held,94,58,93,576,728,1558,-8,-10,1,202,160,-35
38.13610,grasp,held,94,58,93,576,728,1558,-8,-10,1,202,160,-35
38.13803,grasp,held,94,58,93,576,728,1558,-8,-10,1,202,160,-35
38.14875,grasp,held,94,58,93,576,728,1558,-9,-10,1,202,160,-35
38.15000,grasp,held,94,58,93,576,728,1558,-9,-10,1,202,160,-35
38.15156,grasp,held,94,58,93,576,728,1558,-9,-10,1,204,160,-35
38.15278,grasp,held,94,58,93,576,728,1558,-9,-10,1,204,160,-35
38.15921,grasp,held,94,58,93,576,728,1558,-9,-10,1,204,155,-35
38.16038,grasp,held,94,58,93,576,729,1558,-9,-10,1,204,155,-33
38.16163,grasp,held,94,58,93,576,729,1558,-9,-10,1,204,155,-33
38.16346,grasp,held,94,58,93,576,729,1558,-9,-10,1,204,155,-33
38.16462,grasp,held,94,58,93,576,729,1558,-9,-10,1,204,155,-33
38.16614,grasp,held,94,58,93,576,729,1558,-9,-10,1,204,155,-33
38.16801,grasp,held,94,58,93,576,729,1558,-9,-10,1,204,155,-33
38.17889,grasp,held,94,58,93,576,729,1558,-9,-10,1,204,155,-33
38.18031,grasp,held,94,58,93,576,729,1558,-9,-10,1,204,155,-33
38.18181,grasp,held,94,58,93,576,729,1558,-9,-10,1,204,155,-33
38.18322,grasp,held,94,58,93,576,729,1558,-9,-10,1,204,155,-33
38.18988,grasp,held,94,58,93,576,729,1558,-9,-10,1,202,139,-33
38.19137,grasp,held,94,58,93,576,725,1558,-9,-10,1,202,139,-31
38.19328,grasp,held,94,58,93,576,725,1558,-9,-10,1,202,139,-31
38.19447,grasp,held,94,58,93,576,725,1558,-9,-10,1,202,139,-31
38.19569,grasp,held,94,58,93,576,725,1558,-9,-10,1,202,139,-31
38.19728,grasp,held,94,58,93,576,725,1558,-9,-10,1,202,139,-31
38.19845,grasp,held,94,58,93,576,725,1558,-9,-10,1,202,139,-31
38.19969,grasp,held,94,58,93,576,725,1558,-8,-10,1,202,139,-31
38.21025,grasp,held,94,58,93,576,725,1558,-8,-10,1,202,139,-31
38.21170,grasp,held,94,58,93,576,725,1558,-8,-10,1,202,139,-31
38.21291,grasp,held,94,58,93,576,725,1558,-8,-10,1,202,139,-31
38.21411,grasp,held,94,58,93,576,725,1558,-8,-10,1,200,139,-31
38.21530,grasp,held,94,58,93,576,725,1558,-8,-10,1,200,126,-31
38.22194,grasp,held,94,58,93,576,721,1558,-8,-10,1,200,126,-29
38.22319,grasp,held,94,58,93,576,721,1558,-8,-10,1,200,126,-29
38.22466,grasp,held,94,58,93,576,721,1558,-8,-10,1,200,126,-29
38.22588,grasp,held,94,58,93,576,721,1558,-8,-10,1,200,126,-29
38.22707,grasp,held,94,58,93,576,721,1558,-8,-10,1,200,126,-29
38.22826,grasp,held,94,58,93,576,721,1558,-8,-10,1,200,126,-29
38.22948,grasp,held,94,58,93,576,721,1558,-8,-10,1,200,126,-29
38.23075,grasp,held,94,58,93,576,721,1558,-9,-10,1,200,126,-29
38.24109,grasp,held,94,58,93,576,721,1558,-9,-10,1,200,126,-29
38.24251,grasp,held,94,58,93,576,721,1558,-9,-10,1,200,126,-29
38.24428,grasp,held,94,58,93,576,721,1558,-9,-10,1,200,126,-29
38.24549,grasp,held,94,58,93,576,721,1558,-9,-10,1,199,126,-29
38.25199,grasp,held,94,58,93,576,721,1558,-9,-10,1,199,126,-29
38.25381,grasp,held,94,58,93,576,720,1558,-9,-10,1,199,126,-29
38.25568,grasp,held,94,58,93,576,720,1558,-9,-10,1,199,126,-29
38.25688,grasp,held,94,58,93,576,720,1558,-9,-10,1,199,126,-29
38.25809,grasp,held,94,58,93,576,720,1558,-9,-10,1,199,126,-29
38.25965,grasp,held,94,58,93,576,720,1558,-9,-10,1,199,126,-29
38.26144,grasp,held,94,58,93,576,720,1558,-9,-10,1,199,126,-29
38.27179,grasp,held,94,58,93,576,720,1558,-9,-10,1,199,126,-29
38.27331,grasp,held,94,58,93,576,720,1558,-9,-10,1,199,126,-29
38.27525,grasp,held,94,58,93,576,720,1558,-9,-10,1,199,125,-29
38.27680,grasp,held,94,58,93,576,720,1558,-9,-10,1,199,125,-29
38.28349,grasp,held,94,58,93,576,720,1558,-9,-10,1,199,125,-29
38.28473,grasp,held,94,58,93,576,720,1558,-9,-10,1,199,125,-29
38.28594,grasp,held,94,58,93,576,720,1558,-9,-10,1,199,125,-29
38.28718,grasp,held,94,58,93,576,720,1558,-9,-10,1,199,125,-29
38.28838,grasp,held,94,58,93,576,720,1558,-9,-10,1,199,125,-29
38.28966,grasp,held,94,58,93,576,720,1558,-9,-10,1,199,125,-29
38.29090,grasp,held,94,58,93,576,720,1558,-9,-10,1,199,125,-29
38.29211,grasp,held,94,58,93,576,720,1558,-9,-10,1,199,125,-29
38.29331,grasp,held,94,58,93,576,720,1558,-9,-10,1,199,125,-29
38.30365,grasp,held,94,58,93,576,720,1558,-9,-10,1,199,125,-29
38.30551,grasp,held,94,58,93,576,720,1558,-9,-10,1,196,125,-29
38.30709,grasp,held,94,58,93,576,720,1558,-9,-10,1,196,126,-29
38.31465,grasp,held,94,58,93,576,720,1558,-9,-10,1,196,126,-29
38.31612,grasp,held,94,58,93,576,720,1558,-9,-10,1,196,126,-29
38.31734,grasp,held,94,58,93,576,720,1558,-9,-10,1,196,126,-29
38.31911,grasp,held,94,58,93,576,720,1558,-9,-10,1,196,126,-29
38.32062,grasp,held,94,58,93,576,720,1558,-9,-10,1,196,126,-29
38.32239,grasp,held,94,58,93,576,720,1558,-9,-10,1,196,126,-29
38.32415,grasp,held,94,58,93,576,720,1558,-8,-10,1,196,126,-29
38.33451,grasp,held,94,58,93,576,720,1558,-8,-10,1,196,126,-29
38.33591,grasp,held,94,58,93,576,720,1558,-8,-10,1,195,126,-29
38.33786,grasp,held,94,58,93,576,720,1558,-8,-10,1,195,126,-29
38.33929,grasp,held,94,58,93,576,720,1558,-8,-10,1,195,126,-29
38.34562,grasp,held,94,58,93,576,720,1558,-8,-10,1,195,126,-29
38.34683,grasp,held,94,58,93,576,720,1558,-8,-10,1,195,126,-29
38.34806,grasp,held,94,58,93,576,720,1558,-8,-10,1,195,126,-29
38.34990,grasp,held,94,58,93,576,720,1558,-8,-10,1,195,126,-29
38.35174,grasp,held,94,58,93,576,720,1558,-8,-10,1,195,126,-29
38.35327,grasp,held,94,58,93,576,720,1558,-8,-10,1,195,126,-29
38.35474,grasp,held,94,58,93,576,720,1558,-8,-10,1,195,126,-29
38.36504,grasp,held,94,58,93,576,720,1558,-8,-10,1,195,126,-29
38.36619,grasp,held,94,58,93,576,720,1558,-8,-10,1,195,126,-29
38.36736,grasp,held,94,58,93,576,720,1558,-8,-10,1,195,126,-29
38.36856,grasp,held,94,58,93,576,720,1558,-8,-10,1,195,126,-29
38.37018,grasp,held,94,58,93,576,720,1558,-8,-10,1,195,126,-29
38.37690,grasp,held,94,58,93,576,720,1558,-8,-10,1,195,126,-29
38.37815,grasp,held,94,58,93,576,720,1558,-8,-10,1,195,126,-29
38.37972,grasp,held,94,58,93,576,720,1558,-8,-10,1,195,126,-29
38.38091,grasp,held,94,58,93,576,720,1558,-8,-10,1,195,126,-29
38.38215,grasp,held,94,58,93,576,720,1558,-8,-10,1,195,126,-29
38.38401,grasp,held,94,58,93,576,720,1558,-8,-10,1,195,126,-29
38.38554,grasp,held,94,58,93,576,720,1558,-8,-10,1,195,126,-29
38.39582,grasp,held,94,58,93,576,720,1558,-8,-10,1,195,126,-29
38.39701,grasp,held,94,58,93,576,720,1558,-8,-10,1,194,126,-29
38.39825,grasp,held,94,58,93,576,720,1558,-8,-10,1,194,126,-29
38.39948,grasp,held,94,58,93,576,720,1558,-8,-10,1,194,126,-29
38.40067,grasp,held,94,58,93,576,720,1558,-8,-10,1,194,126,-29
38.40729,grasp,held,94,58,93,576,720,1558,-8,-10,1,194,126,-29
38.40911,grasp,held,94,58,93,576,720,1558,-8,-10,1,194,126,-29
38.41065,grasp,held,94,58,93,576,720,1558,-8,-10,1,194,126,-29
38.41192,grasp,held,94,58,93,576,720,1558,-8,-10,1,194,126,-29
38.41348,grasp,held,94,58,93,576,720,1558,-9,-10,1,194,126,-29
38.41468,grasp,held,94,58,93,576,720,1558,-9,-10,1,194,126,-29
38.41593,grasp,held,94,58,93,576,720,1558,-9,-10,1,194,126,-29
38.41712,grasp,held,94,58,93,576,720,1558,-9,-10,1,194,126,-29
38.42735,grasp,held,94,58,93,576,720,1558,-9,-10,1,194,126,-29
38.42920,grasp,held,94,58,93,576,720,1558,-9,-10,1,194,125,-29
38.43064,grasp,held,94,58,93,576,720,1558,-9,-10,1,194,125,-29
38.43236,grasp,held,94,58,93,576,720,1558,-9,-10,1,194,125,-29
38.43887,grasp,held,94,58,93,576,720,1558,-9,-10,1,194,125,-29
38.44012,grasp,held,94,58,93,576,720,1558,-9,-10,1,194,125,-29
38.44204,grasp,held,94,58,93,576,720,1558,-9,-10,1,194,125,-29
38.44394,grasp,held,94,58,93,576,720,1558,-9,-10,1,194,125,-29
38.44591,grasp,held,94,58,93,576,720,1558,-9,-11,1,194,125,-29
38.44790,grasp,held,94,58,93,576,720,1558,-9,-11,1,194,125,-29
38.45901,grasp,held,94,58,93,576,720,1558,-9,-11,1,195,125,-29
38.46111,grasp,held,94,58,93,576,720,1558,-9,-11,1,195,125,-29
38.46304,grasp,held,94,58,93,576,720,1558,-9,-11,1,195,125,-29
38.46962,grasp,held,94,58,93,576,720,1558,-9,-11,1,195,125,-29
38.47142,grasp,held,94,58,93,576,720,1558,-9,-11,1,195,125,-29
38.47267,grasp,held,94,58,93,576,720,1558,-9,-11,1,195,125,-29
38.47387,grasp,held,94,58,93,576,720,1558,-8,-11,1,195,125,-29
38.47537,grasp,held,94,58,93,576,720,1558,-8,-10,1,195,125,-29
38.47700,grasp,held,94,58,93,576,720,1558,-8,-10,1,195,125,-29
38.47831,grasp,held,94,58,93,576,720,1558,-8,-10,1,195,125,-29
38.48887,grasp,held,94,58,93,576,720,1558,-8,-10,1,196,125,-29
38.49071,grasp,held,94,58,93,576,720,1558,-8,-10,1,196,125,-29
38.49233,grasp,held,94,58,93,576,720,1558,-8,-10,1,196,125,-28
38.49349,grasp,held,94,58,93,576,720,1558,-8,-10,1,196,125,-28
38.50017,grasp,held,94,58,93,576,720,1558,-8,-10,1,196,125,-28
38.50139,grasp,held,94,58,93,576,720,1558,-8,-10,1,196,125,-28
38.50265,grasp,held,94,58,93,576,720,1558,-8,-10,1,196,125,-28
38.50391,grasp,held,94,58,93,576,720,1558,-8,-10,1,196,125,-28
38.50516,grasp,held,94,58,93,576,720,1558,-8,-10,1,196,125,-28
38.50646,grasp,held,94,58,93,576,720,1558,-8,-10,1,196,125,-28
38.50796,grasp,held,94,58,93,576,720,1558,-8,-10,1,196,125,-28
38.50944,grasp,held,94,58,93,576,720,1558,-8,-10,1,196,125,-28
38.51991,grasp,held,94,58,93,576,720,1558,-8,-10,1,197,125,-28
38.52141,grasp,held,94,58,93,576,720,1558,-8,-10,1,197,124,-28
38.52266,grasp,held,94,58,93,576,720,1558,-8,-10,1,197,124,-28
38.52424,grasp,held,94,58,93,576,720,1558,-8,-10,1,197,124,-28
38.53098,grasp,held,94,58,93,576,720,1558,-8,-10,1,197,124,-28
38.53285,grasp,held,94,58,93,576,720,1558,-8,-10,1,197,124,-28
38.53472,grasp,held,94,58,93,576,720,1558,-8,-10,1,197,124,-28
38.53631,grasp,held,94,58,93,576,720,1558,-8,-10,1,197,124,-28
38.53746,grasp,held,94,58,93,576,720,1558,-8,-10,1,197,124,-28
38.53868,grasp,held,94,58,93,576,720,1558,-8,-10,1,197,124,-28
38.54025,grasp,held,94,58,93,576,720,1558,-8,-10,1,197,124,-28
38.55076,grasp,held,94,58,93,576,720,1558,-8,-10,1,197,124,-28
38.55198,grasp,held,94,58,93,576,720,1558,-8,-10,1,197,124,-28
38.55322,grasp,held,94,58,93,576,720,1558,-8,-10,1,197,124,-28
38.55516,grasp,held,94,58,93,576,720,1558,-8,-10,1,197,124,-28
38.56215,grasp,held,94,58,93,576,720,1558,-8,-10,1,197,124,-28
38.56446,grasp,held,94,58,93,576,720,1558,-8,-10,1,197,124,-28
38.56684,grasp,held,94,58,93,576,720,1558,-9,-10,1,197,124,-28
38.56906,grasp,held,94,58,93,576,720,1558,-9,-10,1,197,124,-28
38.57081,grasp,held,94,58,93,576,720,1558,-9,-10,1,197,124,-28
38.57231,grasp,held,94,58,93,576,720,1558,-9,-10,1,196,124,-28
38.58309,grasp,held,94,58,93,576,720,1558,-9,-10,1,196,124,-28
38.58449,grasp,held,94,58,93,576,720,1558,-9,-10,1,196,124,-28
38.58612,grasp,held,94,58,93,576,720,1558,-9,-10,1,196,124,-28
38.59326,grasp,held,94,58,93,576,720,1558,-9,-10,1,196,124,-28
38.59518,grasp,held,94,58,93,576,720,1558,-9,-10,1,196,124,-28
38.59720,grasp,held,94,58,93,576,720,1558,-9,-10,1,196,124,-28
38.59941,grasp,held,94,58,93,576,720,1558,-9,-10,1,196,124,-28
38.60175,grasp,held,94,58,93,576,720,1558,-9,-10,1,196,124,-28
38.61296,grasp,held,94,58,93,576,720,1558,-9,-10,1,196,124,-28
38.61490,grasp,held,94,58,93,576,720,1558,-9,-10,1,196,124,-29
38.61679,grasp,held,94,58,93,576,720,1558,-9,-10,1,196,124,-29
38.61818,grasp,held,94,58,93,576,720,1558,-9,-10,1,196,124,-29
38.62465,grasp,held,94,58,93,576,720,1558,-9,-10,1,196,124,-29
38.62586,grasp,held,94,58,93,576,720,1558,-9,-10,1,196,124,-29
38.62705,grasp,held,94,58,93,576,720,1558,-9,-10,1,196,124,-29
38.62829,grasp,held,94,58,93,576,720,1558,-9,-10,1,196,124,-29
38.62980,grasp,held,94,58,93,576,720,1558,-9,-10,1,196,124,-29
38.63108,grasp,held,94,58,93,576,720,1558,-9,-10,1,196,124,-29
38.63240,grasp,held,94,58,93,576,720,1558,-9,-10,1,196,124,-29
38.63426,grasp,held,94,58,93,576,720,1558,-9,-10,1,196,124,-29
38.64470,grasp,held,94,58,93,576,720,1558,-9,-10,1,196,124,-28
38.64618,grasp,held,94,58,93,576,720,1558,-9,-10,1,196,124,-28
38.64738,grasp,held,94,58,93,576,720,1558,-9,-10,1,196,124,-28
38.64857,grasp,held,94,58,93,576,720,1558,-9,-10,1,196,124,-28
38.65483,grasp,held,94,58,93,576,720,1558,-9,-10,1,196,124,-28
38.65631,grasp,held,94,58,93,576,720,1558,-9,-10,1,196,124,-28
38.65760,grasp,held,94,58,93,576,720,1558,-9,-10,1,196,124,-28
38.65918,grasp,held,94,58,93,576,720,1558,-9,-10,1,196,124,-28
38.66037,grasp,held,94,58,93,576,720,1558,-9,-10,1,196,124,-28
38.66197,grasp,held,94,58,93,576,720,1558,-9,-10,1,196,124,-28
38.66377,grasp,held,94,58,93,576,720,1558,-9,-10,1,196,124,-28
38.66527,grasp,held,94,58,93,576,720,1558,-9,-10,1,196,124,-28
38.67544,grasp,held,94,58,93,576,720,1558,-9,-10,1,196,124,-28
38.67668,grasp,held,94,58,93,576,720,1558,-9,-10,1,196,124,-28
38.67827,grasp,held,94,58,93,576,720,1558,-9,-10,1,196,124,-28
38.68041,grasp,held,94,58,93,576,720,1558,-9,-10,1,196,124,-28
38.68730,grasp,held,94,58,93,576,720,1558,-8,-10,1,196,124,-28
38.68911,grasp,held,94,58,93,576,720,1558,-8,-10,1,196,124,-28
38.69094,grasp,held,94,58,93,576,720,1558,-8,-10,1,196,124,-28
38.69223,grasp,held,94,58,93,576,720,1558,-8,-10,2,196,124,-28
38.69336,grasp,held,94,58,93,576,720,1558,-8,-10,2,196,124,-28
38.69465,grasp,held,94,58,93,576,720,1558,-8,-10,2,196,124,-28
38.69585,grasp,held,94,58,93,576,720,1558,-8,-10,2,196,124,-28
38.70609,grasp,held,94,58,93,576,720,1558,-8,-10,2,196,124,-28
38.70768,grasp,held,94,58,93,576,720,1558,-8,-10,2,196,124,-28
38.70949,grasp,held,94,58,93,576,720,1558,-8,-10,2,196,124,-28
38.71069,grasp,held,94,58,93,576,720,1558,-8,-10,2,196,124,-28
38.71724,grasp,held,94,58,93,576,720,1558,-8,-10,2,196,124,-28
38.71874,grasp,held,94,58,93,576,720,1558,-8,-10,2,196,124,-28
38.71999,grasp,held,94,58,93,576,720,1558,-8,-10,2,196,124,-28
38.72187,grasp,held,94,58,93,576,720,1558,-8,-10,1,196,124,-28
38.72308,grasp,held,94,58,93,576,720,1558,-8,-10,1,196,124,-28
38.72425,grasp,held,94,58,93,576,720,1558,-8,-10,1,196,124,-28
38.72547,grasp,held,94,58,93,576,720,1558,-8,-10,1,196,124,-28
38.72674,grasp,held,94,58,93,576,720,1558,-8,-10,1,196,124,-28
38.73726,grasp,held,94,58,93,576,720,1558,-8,-10,1,196,124,-28
38.73918,grasp,held,94,58,93,576,720,1558,-8,-10,1,196,124,-28
38.74119,grasp,held,94,58,93,576,720,1558,-8,-10,1,196,124,-28
38.74788,grasp,held,94,58,93,576,720,1558,-8,-10,1,196,124,-28
38.74941,grasp,held,94,58,93,576,720,1558,-8,-10,1,196,124,-28
38.75065,grasp,held,94,58,93,576,720,1558,-8,-10,1,196,124,-28
38.75184,grasp,held,94,58,93,576,720,1558,-8,-10,1,196,124,-28
38.75309,grasp,held,94,58,93,576,720,1558,-8,-10,1,195,124,-28
38.75463,grasp,held,94,58,93,576,720,1558,-8,-10,1,195,124,-28
38.75590,grasp,held,94,58,93,576,720,1558,-8,-10,1,195,123,-28
38.75707,grasp,held,94,58,93,576,720,1558,-8,-10,1,195,123,-28
38.75827,grasp,held,94,58,93,576,720,1558,-8,-10,1,195,123,-28
38.76865,grasp,held,94,58,93,576,720,1558,-8,-10,1,195,123,-28
38.76990,grasp,held,94,58,93,576,720,1558,-8,-10,1,195,123,-28
38.77141,grasp,held,94,58,93,576,720,1558,-8,-10,1,195,123,-28
38.77263,grasp,held,94,58,93,576,720,1558,-8,-10,1,195,123,-28
38.77940,grasp,held,94,58,93,576,720,1558,-8,-10,1,195,123,-28
38.78090,grasp,held,94,58,93,576,720,1558,-8,-10,1,195,123,-28
38.78212,grasp,held,94,58,93,576,720,1558,-8,-10,1,195,123,-28
38.78368,grasp,held,94,58,93,576,720,1558,-8,-10,1,195,123,-28
38.78526,grasp,held,94,58,93,576,720,1558,-8,-10,1,195,123,-28
38.78721,grasp,held,94,58,93,576,720,1558,-8,-10,1,195,123,-28
38.78872,grasp,held,94,58,93,576,720,1558,-8,-10,1,195,123,-29
38.79907,grasp,held,94,58,93,576,720,1558,-8,-10,1,195,123,-29
38.80055,grasp,held,94,58,93,576,720,1558,-8,-10,1,195,123,-29
38.80212,grasp,held,94,58,93,576,720,1558,-8,-10,1,195,123,-29
38.80334,grasp,held,94,58,93,576,720,1558,-8,-10,1,195,123,-29
38.81017,grasp,held,94,58,93,576,720,1558,-9,-10,1,195,123,-29
38.81223,grasp,held,94,58,93,576,720,1558,-9,-10,1,195,123,-29
38.81410,grasp,held,94,58,93,576,720,1558,-9,-10,1,195,123,-29
38.81610,grasp,held,94,58,93,576,720,1558,-9,-10,1,195,123,-29
38.81798,grasp,held,94,58,93,576,720,1558,-9,-10,1,195,123,-28
38.81987,grasp,held,94,58,93,576,720,1558,-9,-10,1,195,123,-28
38.83074,grasp,held,94,58,93,576,720,1558,-9,-10,1,195,123,-28
38.83228,grasp,held,94,58,93,576,720,1558,-9,-10,1,195,123,-28
38.83346,grasp,held,94,58,93,576,720,1558,-9,-10,1,195,123,-28
38.83474,grasp,held,94,58,93,576,720,1558,-9,-10,1,195,123,-28
38.84182,grasp,held,94,58,93,576,720,1558,-9,-10,1,195,123,-28
38.84364,grasp,held,94,58,93,576,720,1558,-9,-10,1,196,123,-28
38.84547,grasp,held,94,58,93,576,720,1558,-9,-10,1,196,124,-28
38.84675,grasp,held,94,58,93,576,720,1558,-9,-10,1,196,124,-28
38.84795,grasp,held,94,58,93,576,720,1558,-9,-10,1,196,124,-28
38.84924,grasp,held,94,58,93,576,720,1558,-9,-10,1,196,124,-28
38.85111,grasp,held,94,58,93,576,720,1558,-9,-10,1,196,124,-28
38.86162,grasp,held,94,58,93,576,720,1558,-9,-10,1,196,124,-28
38.86361,grasp,held,94,58,93,576,720,1558,-9,-10,1,196,124,-28
38.86541,grasp,held,94,58,93,576,720,1558,-9,-10,1,196,124,-28
38.87211,grasp,held,94,58,93,576,720,1558,-9,-10,1,196,124,-28
38.87335,grasp,held,94,58,93,576,720,1558,-9,-10,1,196,124,-28
38.87462,grasp,held,94,58,93,576,720,1558,-9,-10,1,196,124,-28
38.87651,grasp,held,94,58,93,576,720,1558,-9,-10,1,196,123,-28
38.87773,grasp,held,94,58,93,576,720,1558,-9,-10,1,196,123,-28
38.87969,grasp,held,94,58,93,576,720,1558,-9,-10,1,196,123,-28
38.88146,grasp,held,94,58,93,576,720,1558,-9,-10,1,196,123,-28
38.89183,grasp,held,94,58,93,576,720,1558,-9,-10,1,196,123,-28
38.89301,grasp,held,94,58,93,576,720,1558,-9,-10,1,196,123,-28
38.89420,grasp,held,94,58,93,576,720,1558,-8,-10,1,196,123,-28
38.89542,grasp,held,94,58,93,576,720,1558,-8,-10,1,196,123,-28
38.89662,grasp,held,94,58,93,576,720,1558,-8,-10,1,196,123,-28
38.90296,grasp,held,94,58,93,576,720,1558,-8,-10,1,196,123,-28
38.90425,grasp,held,94,58,93,576,720,1558,-8,-10,1,195,123,-28
38.90543,grasp,held,94,58,93,576,720,1558,-8,-10,1,195,123,-28
38.90696,grasp,held,94,58,93,576,720,1558,-8,-10,1,195,123,-28
38.90889,grasp,held,94,58,93,576,720,1558,-8,-10,1,195,123,-28
38.91075,grasp,held,94,58,93,576,720,1558,-8,-10,1,195,123,-28
38.91230,grasp,held,94,58,93,576,720,1558,-8,-10,1,195,123,-28
38.92285,grasp,held,94,58,93,576,720,1558,-8,-10,1,195,123,-28
38.92464,grasp,held,94,58,93,576,720,1558,-8,-10,1,195,123,-28
38.92623,grasp,held,94,58,93,576,720,1558,-8,-10,1,195,123,-28
38.92780,grasp,held,94,58,93,576,720,1558,-8,-10,1,195,123,-28
38.93421,grasp,held,94,58,93,576,720,1558,-8,-10,1,195,123,-28
38.93537,grasp,held,94,58,93,576,720,1558,-8,-10,1,195,123,-28
38.93660,grasp,held,94,58,93,576,720,1558,-8,-10,1,195,123,-28
38.93822,grasp,held,94,58,93,576,720,1558,-8,-10,1,195,123,-28
38.93979,grasp,held,94,58,93,576,720,1558,-8,-10,1,195,123,-28
38.94172,grasp,held,94,58,93,576,720,1558,-8,-10,1,195,123,-28
38.94294,grasp,held,94,58,93,576,720,1558,-8,-10,1,195,123,-28
38.94418,grasp,held,94,58,93,576,720,1558,-8,-10,1,195,123,-28
38.95492,grasp,held,94,58,93,576,720,1558,-8,-10,1,195,123,-28
38.95647,grasp,held,94,58,93,576,720,1558,-8,-10,1,195,123,-28
38.95769,grasp,held,94,58,93,576,720,1558,-8,-10,1,195,123,-28
38.95940,grasp,held,94,58,93,576,720,1558,-8,-10,1,195,123,-28
38.96610,grasp,held,94,58,93,576,720,1558,-8,-10,1,195,123,-28
38.96793,grasp,held,94,58,93,576,720,1558,-8,-10,1,195,123,-28
38.96988,grasp,held,94,58,93,576,720,1558,-8,-10,1,195,123,-28
38.97105,grasp,held,94,58,93,576,720,1558,-8,-10,1,195,123,-28
38.97232,grasp,held,94,58,93,576,720,1558,-8,-10,1,195,123,-28
38.97418,grasp,held,94,58,93,576,720,1558,-8,-10,1,195,123,-28
38.98499,grasp,held,94,58,93,576,720,1558,-8,-10,1,195,123,-28
38.98736,grasp,held,94,58,93,576,720,1558,-8,-10,1,195,123,-28
38.98972,grasp,held,94,58,93,576,720,1558,-8,-10,1,195,123,-28
38.99637,grasp,held,94,58,93,576,720,1558,-8,-10,1,195,123,-28
38.99822,grasp,held,94,58,93,576,720,1558,-8,-10,1,195,123,-28
39.00004,grasp,held,94,58,93,576,720,1558,-8,-10,1,195,123,-28
39.00180,grasp,held,94,58,93,576,720,1558,-8,-10,1,195,123,-28
39.00360,grasp,held,94,58,93,576,720,1558,-8,-10,1,195,123,-28
39.00503,grasp,held,94,58,93,576,720,1558,-8,-10,1,195,123,-28
39.00623,grasp,held,94,58,93,576,720,1558,-8,-10,1,195,123,-28
39.01712,grasp,held,94,58,93,576,720,1558,-8,-10,1,195,123,-28
39.01889,grasp,held,94,58,93,576,720,1558,-8,-10,1,195,123,-28
39.02011,grasp,held,94,58,93,576,720,1558,-8,-10,1,195,123,-28
39.02132,grasp,held,94,58,93,576,720,1558,-8,-10,1,195,123,-28
39.02774,grasp,held,94,58,93,576,720,1558,-8,-10,1,195,123,-28
39.02897,grasp,held,94,58,93,576,720,1558,-8,-10,1,195,123,-28
39.03021,grasp,held,94,58,93,576,720,1558,-8,-10,1,195,123,-28
39.03137,grasp,held,94,58,93,576,720,1558,-8,-10,1,195,123,-28
39.03262,grasp,held,94,58,93,576,720,1558,-8,-10,1,195,123,-28
39.03390,grasp,held,94,58,93,576,720,1558,-8,-10,1,195,123,-28
39.03541,grasp,held,94,58,93,576,720,1558,-8,-10,1,195,123,-28
39.03667,grasp,held,94,58,93,576,720,1558,-8,-10,1,195,123,-28
39.04702,grasp,held,94,58,93,576,720,1558,-8,-10,1,195,123,-28
39.04821,grasp,held,94,58,93,576,720,1558,-8,-10,1,195,123,-28
39.04942,grasp,held,94,58,93,576,720,1558,-8,-10,1,195,123,-28
39.05073,grasp,held,94,58,93,576,720,1558,-8,-10,1,195,123,-28
39.05195,grasp,held,94,58,93,576,720,1558,-8,-10,1,195,123,-28
39.05876,grasp,held,94,58,93,576,720,1558,-8,-10,1,195,123,-28
39.06000,grasp,held,94,58,93,576,720,1558,-8,-10,1,195,123,-28
39.06145,grasp,held,94,58,93,576,720,1558,-8,-10,1,195,123,-28
39.06272,grasp,held,94,58,93,576,720,1558,-8,-10,1,195,123,-28
39.06429,grasp,held,94,58,93,576,720,1558,-8,-10,1,195,123,-28
39.06549,grasp,held,94,58,93,576,720,1558,-8,-10,1,195,123,-28
39.06675,grasp,held,94,58,93,576,720,1558,-8,-10,1,195,123,-28
39.06800,grasp,held,94,58,93,576,720,1558,-8,-10,1,195,123,-28
39.07830,grasp,held,94,58,93,576,720,1558,-8,-10,1,195,123,-28
39.07956,grasp,held,94,58,93,576,720,1558,-8,-10,1,195,123,-28
39.08083,grasp,held,94,58,93,576,720,1558,-8,-10,1,195,123,-28
39.08202,grasp,held,94,58,93,576,720,1558,-8,-10,1,195,123,-28
39.08321,grasp,held,94,58,93,576,720,1558,-8,-10,1,195,123,-28
39.08964,grasp,held,94,58,93,576,720,1558,-8,-10,1,195,123,-28
39.09089,grasp,held,94,58,93,576,720,1558,-8,-10,1,195,123,-28
39.09214,grasp,held,94,58,93,576,720,1558,-8,-10,1,195,123,-28
39.09337,grasp,held,94,58,93,576,720,1558,-8,-10,1,195,123,-28
39.09464,grasp,held,94,58,93,576,720,1558,-8,-10,1,195,123,-28
39.09625,grasp,held,94,58,93,576,720,1558,-8,-10,1,195,123,-28
39.09744,grasp,held,94,58,93,576,720,1558,-8,-10,1,195,123,-28
39.09892,grasp,held,94,58,93,576,720,1558,-8,-10,1,195,123,-28
39.10990,grasp,held,94,58,93,576,720,1558,-8,-10,1,195,123,-28
39.11179,grasp,held,94,58,93,576,720,1558,-8,-10,1,195,123,-28
39.11301,grasp,held,94,58,93,576,720,1558,-8,-10,1,195,123,-28
39.11420,grasp,held,94,58,93,576,720,1558,-8,-10,1,195,123,-28
39.12097,grasp,held,94,58,93,576,720,1558,-8,-10,1,194,123,-28
39.12215,grasp,held,94,58,93,576,720,1558,-8,-10,1,194,123,-28
39.12336,grasp,held,94,58,93,576,720,1558,-8,-10,1,194,123,-28
39.12523,grasp,held,94,58,93,576,720,1558,-8,-10,1,194,123,-28
39.12703,grasp,held,94,58,93,576,720,1558,-8,-10,1,194,123,-28
39.12822,grasp,held,94,58,93,576,720,1558,-8,-10,1,194,123,-28
39.12940,grasp,held,94,58,93,576,720,1558,-8,-10,1,194,123,-28
39.13987,grasp,held,94,58,93,576,720,1558,-8,-10,1,194,123,-28
39.14185,grasp,held,94,58,93,576,720,1558,-8,-10,1,194,123,-28
39.14370,grasp,held,94,58,93,576,720,1558,-8,-10,1,194,123,-28
39.14558,grasp,held,94,58,93,576,720,1558,-8,-10,1,194,123,-28
39.15194,grasp,held,94,58,93,576,720,1558,-8,-10,1,194,123,-28
39.15318,grasp,held,94,58,93,576,720,1558,-8,-10,1,194,123,-28
39.15436,grasp,held,94,58,93,576,720,1558,-8,-10,1,194,123,-28
39.15557,grasp,held,94,58,93,576,720,1558,-8,-10,1,194,123,-28
39.15684,grasp,held,94,58,93,576,720,1558,-8,-10,1,194,123,-28
39.15802,grasp,held,94,58,93,576,720,1558,-8,-10,1,194,123,-28
39.15960,grasp,held,94,58,93,576,720,1558,-8,-10,1,194,123,-28
39.16121,grasp,held,94,58,93,576,720,1558,-8,-10,1,194,123,-28
39.17175,grasp,held,94,58,93,576,720,1558,-8,-10,1,194,123,-28
39.17370,grasp,held,94,58,93,576,720,1558,-8,-10,1,194,123,-28
39.17562,grasp,held,94,58,93,576,720,1558,-8,-10,1,194,123,-28
39.18223,grasp,held,94,58,93,576,720,1558,-8,-10,1,194,123,-28
39.18339,grasp,held,94,58,93,576,720,1558,-8,-10,1,194,123,-28
39.18462,grasp,held,94,58,93,576,720,1558,-8,-10,1,194,123,-28
39.18641,grasp,held,94,58,93,576,720,1558,-8,-10,1,194,123,-28
39.18759,grasp,held,94,58,93,576,720,1558,-8,-10,1,194,123,-28
39.18906,grasp,held,94,58,93,576,720,1558,-8,-10,1,194,123,-28
39.19059,grasp,held,94,58,93,576,720,1558,-8,-10,1,194,123,-28
39.19203,grasp,held,94,58,93,576,720,1558,-8,-10,1,194,123,-28
39.20244,grasp,held,94,58,93,576,720,1558,-8,-10,1,194,123,-28
39.20438,grasp,held,94,58,93,576,720,1558,-8,-10,1,194,123,-28
39.20630,grasp,held,94,58,93,576,720,1558,-8,-10,1,194,123,-28
39.21325,grasp,held,94,58,93,576,720,1558,-8,-10,1,193,123,-28
39.21526,grasp,held,94,58,93,576,720,1558,-8,-10,1,193,124,-28
39.21645,grasp,held,94,58,93,576,720,1558,-8,-10,1,193,124,-28
39.21770,grasp,held,94,58,93,576,720,1558,-8,-10,1,193,124,-28
39.21922,grasp,held,94,58,93,576,720,1558,-8,-10,1,193,124,-28
39.22034,grasp,held,94,58,93,576,720,1558,-8,-10,1,193,124,-28
39.22184,grasp,held,94,58,93,576,720,1558,-8,-10,1,193,124,-28
39.22299,grasp,held,94,58,93,576,720,1558,-8,-10,1,193,124,-28
39.23362,grasp,held,94,58,93,576,720,1558,-8,-10,1,193,124,-28
39.23552,grasp,held,94,58,93,576,720,1558,-8,-10,1,193,124,-28
39.23716,grasp,held,94,58,93,576,720,1558,-8,-10,1,193,124,-28
39.24432,grasp,held,94,58,93,576,720,1558,-8,-10,1,194,124,-28
39.24614,grasp,held,94,58,93,576,720,1558,-8,-10,1,194,123,-28
39.24770,grasp,held,94,58,93,576,720,1558,-8,-10,1,194,123,-28
39.24888,grasp,held,94,58,93,576,720,1558,-8,-10,1,194,123,-28
39.25007,grasp,held,94,58,93,576,720,1558,-8,-10,1,194,123,-28
39.25132,grasp,held,94,58,93,576,720,1558,-8,-10,1,194,123,-28
39.25248,grasp,held,94,58,93,576,720,1558,-8,-10,1,194,123,-28
39.25369,grasp,held,94,58,93,576,720,1558,-8,-10,1,194,123,-28
39.26423,grasp,held,94,58,93,576,720,1558,-8,-10,1,194,123,-28
39.26615,grasp,held,94,58,93,576,720,1558,-8,-10,1,194,123,-28
39.26807,grasp,held,94,58,93,576,720,1558,-8,-10,1,194,123,-28
39.27502,grasp,held,94,58,93,576,720,1558,-8,-10,1,194,123,-28
39.27711,grasp,held,94,58,93,576,720,1558,-8,-10,1,194,123,-28
39.27904,grasp,held,94,58,93,576,720,1558,-8,-10,1,194,123,-28
39.28097,grasp,held,94,58,93,576,720,1558,-8,-10,1,194,123,-28
39.28285,grasp,held,94,58,93,576,720,1558,-8,-10,1,194,123,-28
39.28474,grasp,held,94,58,93,576,720,1558,-8,-10,1,194,123,-28
39.29508,grasp,held,94,58,93,576,720,1558,-8,-10,1,194,123,-28
39.29642,grasp,held,94,58,93,576,720,1558,-9,-10,1,194,123,-28
39.29828,grasp,held,94,58,93,576,720,1558,-9,-10,1,194,123,-28
39.30015,grasp,held,94,58,93,576,720,1558,-9,-10,1,194,123,-28
39.30718,grasp,held,94,58,93,576,720,1558,-9,-10,1,193,123,-28
39.30941,grasp,held,94,58,93,576,720,1558,-9,-10,1,193,123,-28
39.31143,grasp,held,94,58,93,576,720,1558,-9,-10,1,193,123,-28
39.31344,grasp,held,94,58,93,576,720,1558,-9,-10,1,193,123,-28
39.31549,grasp,held,94,58,93,576,720,1558,-9,-10,1,193,123,-28
39.32586,grasp,held,94,58,93,576,720,1558,-8,-10,1,193,123,-28
39.32732,grasp,held,94,58,93,576,720,1558,-8,-10,1,193,123,-28
39.32856,grasp,held,94,58,93,576,720,1558,-8,-10,1,193,123,-28
39.32975,grasp,held,94,58,93,576,720,1558,-8,-10,1,193,123,-28
39.33125,grasp,held,94,58,93,576,720,1558,-8,-10,1,193,123,-28
39.33843,grasp,held,94,58,93,576,720,1558,-8,-10,1,193,123,-28
39.33990,grasp,held,94,58,93,576,720,1558,-8,-10,1,193,123,-28
39.34110,grasp,held,94,58,93,576,720,1558,-8,-10,1,193,123,-28
39.34234,grasp,held,94,58,93,576,720,1558,-8,-10,1,193,123,-28
39.34403,grasp,held,94,58,93,576,720,1558,-8,-10,1,193,123,-28
39.34625,grasp,held,94,58,93,576,720,1558,-8,-10,1,193,123,-28
39.35693,grasp,held,94,58,93,576,720,1558,-8,-10,1,193,123,-28
39.35843,grasp,held,94,58,93,576,720,1558,-8,-10,1,193,123,-28
39.35963,grasp,held,94,58,93,576,720,1558,-8,-10,1,193,123,-28
39.36082,grasp,held,94,58,93,576,720,1558,-8,-10,1,193,123,-28
39.36207,grasp,held,94,58,93,576,720,1558,-8,-10,1,193,123,-28
39.36879,grasp,held,94,58,93,576,720,1558,-8,-10,1,193,123,-28
39.36997,grasp,held,94,58,93,576,720,1558,-8,-10,1,193,123,-28
39.37124,grasp,held,94,58,93,576,720,1558,-8,-10,1,193,123,-28
39.37283,grasp,held,94,58,93,576,720,1558,-8,-10,1,193,123,-28
39.37407,grasp,held,94,58,93,576,720,1558,-8,-10,1,193,123,-28
39.37566,grasp,held,94,58,93,576,720,1558,-8,-10,1,193,123,-28
39.37752,grasp,held,94,58,93,576,720,1558,-9,-10,1,193,123,-28
39.38796,grasp,held,94,58,93,576,720,1558,-9,-10,1,193,123,-28
39.38989,grasp,held,94,58,93,576,720,1558,-9,-10,1,193,123,-28
39.39173,grasp,held,94,58,93,576,720,1558,-9,-10,1,193,123,-28
39.39319,grasp,held,94,58,93,576,720,1558,-9,-10,1,193,123,-28
39.39995,grasp,held,94,58,93,576,720,1558,-9,-10,1,193,123,-28
39.40118,grasp,held,94,58,93,576,720,1558,-9,-10,1,193,123,-28
39.40239,grasp,held,94,58,93,576,720,1558,-9,-10,1,193,123,-28
39.40435,grasp,held,94,58,93,576,720,1558,-9,-10,1,193,123,-28
39.40616,grasp,held,94,58,93,576,720,1558,-9,-10,1,193,123,-28
39.40757,grasp,held,94,58,93,576,720,1558,-8,-10,1,193,123,-28
39.40945,grasp,held,94,58,93,576,720,1558,-8,-10,1,193,123,-28
39.41999,grasp,held,94,58,93,576,720,1558,-8,-10,1,193,123,-28
39.42196,grasp,held,94,58,93,576,720,1558,-8,-10,1,193,123,-28
39.42382,grasp,held,94,58,93,576,720,1558,-8,-10,1,193,123,-28
39.43115,grasp,held,94,58,93,576,720,1558,-8,-10,1,193,123,-28
39.43299,grasp,held,94,58,93,576,720,1558,-8,-10,1,193,123,-28
39.43446,grasp,held,94,58,93,576,720,1558,-8,-10,1,193,123,-28
39.43604,grasp,held,94,58,93,576,720,1558,-8,-10,1,193,123,-28
39.43746,grasp,held,94,58,93,576,720,1558,-8,-10,1,193,123,-28
39.43872,grasp,held,94,58,93,576,720,1558,-8,-10,1,193,123,-28
39.44034,grasp,held,94,58,93,576,720,1558,-8,-10,1,193,123,-28
39.45063,grasp,held,94,58,93,576,720,1558,-8,-10,1,193,123,-28
39.45248,grasp,held,94,58,93,576,720,1558,-8,-10,1,193,123,-28
39.45403,grasp,held,94,58,93,576,720,1558,-8,-10,1,193,123,-28
39.45544,grasp,held,94,58,93,576,720,1558,-8,-10,1,193,123,-28
39.46207,grasp,held,94,58,93,576,720,1558,-8,-10,1,193,123,-28
39.46395,grasp,held,94,58,93,576,720,1558,-8,-10,1,193,123,-28
39.46515,grasp,held,94,58,93,576,720,1558,-8,-10,1,193,123,-28
39.46702,grasp,held,94,58,93,576,720,1558,-8,-10,1,193,123,-28
39.46855,grasp,held,94,58,93,576,720,1558,-8,-10,1,193,123,-28
39.47035,grasp,held,94,58,93,576,720,1558,-8,-10,1,193,123,-28
39.48083,grasp,held,94,58,93,576,720,1558,-8,-10,1,193,123,-28
39.48263,grasp,held,94,58,93,576,720,1558,-8,-10,1,193,123,-28
39.48391,grasp,held,94,58,93,576,720,1558,-8,-10,1,193,123,-28
39.48512,grasp,held,94,58,93,576,720,1558,-8,-10,1,193,123,-28
39.49187,grasp,held,94,58,93,576,720,1558,-8,-10,1,193,123,-28
39.49305,grasp,held,94,58,93,576,720,1558,-8,-10,1,193,123,-28
39.49428,grasp,held,94,58,93,576,720,1558,-8,-10,1,193,123,-28
39.49587,grasp,held,94,58,93,576,720,1558,-8,-10,1,193,123,-28
39.49714,grasp,held,94,58,93,576,720,1558,-8,-10,1,193,123,-28
39.49897,grasp,held,94,58,93,576,720,1558,-8,-10,1,193,123,-28
39.50087,grasp,held,94,58,93,576,720,1558,-8,-10,1,193,123,-28
39.50207,grasp,held,94,58,93,576,720,1558,-8,-10,1,193,123,-28
39.51254,grasp,held,94,58,93,576,720,1558,-8,-10,1,193,123,-28
39.51406,grasp,held,94,58,93,576,720,1558,-8,-10,1,193,123,-28
39.51528,grasp,held,94,58,93,576,720,1558,-8,-10,1,193,123,-28
39.51651,grasp,held,94,58,93,576,720,1558,-8,-10,1,193,123,-28
39.52314,grasp,held,94,58,93,576,720,1558,-8,-10,1,193,123,-28
39.52431,grasp,held,94,58,93,576,720,1558,-8,-10,1,193,123,-28
39.52556,grasp,held,94,58,93,576,720,1558,-8,-10,1,193,123,-28
39.52711,grasp,held,94,58,93,576,720,1558,-8,-10,1,193,123,-28
39.52828,grasp,held,94,58,93,576,720,1558,-8,-10,1,193,123,-28
39.52949,grasp,held,94,58,93,576,720,1558,-8,-10,1,193,123,-28
39.53073,grasp,held,94,58,93,576,720,1558,-8,-10,1,193,123,-28
39.53197,grasp,held,94,58,93,576,720,1558,-8,-10,1,193,123,-28
39.54266,grasp,held,94,58,93,576,720,1558,-8,-10,1,193,123,-28
39.54425,grasp,held,94,58,93,576,720,1558,-8,-10,1,193,123,-28
39.54582,grasp,held,94,58,93,576,720,1558,-8,-10,1,193,123,-28
39.54705,grasp,held,94,58,93,576,720,1558,-8,-10,1,193,123,-28
39.54826,grasp,held,94,58,93,576,720,1558,-8,-10,1,193,123,-28
39.55513,grasp,held,94,58,93,576,720,1558,-8,-10,1,193,123,-28
39.55667,grasp,held,94,58,93,576,720,1558,-8,-10,1,193,123,-28
39.55855,grasp,held,94,58,93,576,720,1558,-8,-10,1,193,123,-28
39.56011,grasp,held,94,58,93,576,720,1558,-8,-10,1,193,123,-28
39.56162,grasp,held,94,58,93,576,720,1558,-8,-10,1,193,123,-28
39.56281,grasp,held,94,58,93,576,720,1558,-8,-10,1,193,123,-28
39.56431,grasp,held,94,58,93,576,720,1558,-8,-10,1,193,123,-28
39.57496,grasp,held,94,58,93,576,720,1558,-8,-10,1,193,123,-28
39.57654,grasp,held,94,58,93,576,720,1558,-8,-10,1,193,123,-28
39.57809,grasp,held,94,58,93,576,720,1558,-8,-10,1,193,123,-28
39.57929,grasp,held,94,58,93,576,720,1558,-8,-10,1,193,123,-28
39.58566,grasp,held,94,58,93,576,720,1558,-8,-10,1,193,123,-28
39.58736,grasp,held,94,58,93,576,720,1558,-9,-10,1,193,123,-28
39.58931,grasp,held,94,58,93,576,720,1558,-9,-10,1,193,123,-28
39.59122,grasp,held,94,58,93,576,720,1558,-9,-10,1,193,123,-28
39.59298,grasp,held,94,58,93,576,720,1558,-9,-10,1,193,123,-28
39.59487,grasp,held,94,58,93,576,720,1558,-9,-10,1,193,123,-28
39.60574,grasp,held,94,58,93,576,720,1558,-9,-10,1,193,123,-28
