t_s,force_g,pos_act,current_mA
0.000878,24,1612,55
0.003086,24,,
0.004020,24,,
0.004615,24,,
0.005541,24,,
0.006165,24,,
0.006738,24,,
0.007375,24,,
0.007987,24,1612,55
0.019028,24,,
0.019928,24,,
0.020877,24,,
0.021856,24,,
0.022849,24,,
0.023824,24,,
0.030065,24,,
0.030997,24,1612,53
0.033242,24,,
0.034182,24,,
0.034838,24,,
0.035759,24,,
0.036817,24,,
0.037673,24,,
0.038619,24,,
0.039251,24,1612,53
0.050593,24,,
0.051557,24,,
0.052156,24,,
0.052821,24,,
0.053416,24,,
0.054027,24,,
0.054625,24,,
0.060708,24,1612,43
0.062565,24,,
0.063504,24,,
0.064146,24,,
0.064819,24,,
0.065398,24,,
0.066034,24,,
0.066952,24,,
0.067578,24,1612,43
0.069462,24,,
0.070040,24,,
0.070670,24,,
0.080570,24,,
0.081490,24,,
0.082162,24,,
0.082784,24,,
0.083393,24,1612,43
0.085669,28,,
0.091672,28,,
0.092606,28,,
0.093248,28,,
0.093843,28,,
0.094646,28,,
0.095591,28,,
0.096539,28,1612,66
0.098978,28,,
0.099580,28,,
0.100577,28,,
0.101192,28,,
0.101807,28,,
0.111683,28,,
0.112261,28,,
0.112889,28,1612,51
0.115805,40,,
0.116389,40,,
0.117357,40,,
0.123083,40,,
0.123642,40,,
0.124279,40,,
0.124879,40,,
0.125494,40,1614,51
0.127700,40,,
0.128351,40,,
0.128932,40,,
0.129555,40,,
0.130174,40,,
0.130796,40,,
0.131413,40,,
0.132026,40,1614,51
0.142980,40,,
0.143920,40,,
0.144903,40,,
0.146131,40,,
0.147181,40,,
0.148106,40,,
0.153795,40,,
0.154425,40,1614,51
0.156937,40,,
0.157586,40,,
0.158227,40,,
0.158871,40,,
0.159474,40,,
0.160103,40,,
0.161084,40,,
0.162060,40,1614,51
0.164303,40,,
0.173846,40,,
0.174478,40,,
0.175109,75,,
0.175767,75,,
0.176346,75,,
0.177329,75,,
0.178298,75,1621,66
0.185372,75,,
0.186348,75,,
0.187304,75,,
0.187919,75,,
0.188558,75,,
0.189193,75,,
0.189813,75,,
0.190449,75,1621,66
0.192669,75,,
0.193309,75,,
0.194273,75,,
0.194904,75,,
0.204753,75,,
0.205637,75,,
0.206574,75,,
0.207211,91,1624,78
0.209119,91,,
0.209753,91,,
0.216039,91,,
0.216618,91,,
0.217269,91,,
0.218169,91,,
0.218780,91,,
0.219429,91,1624,78
0.221629,91,,
0.222582,91,,
0.223227,91,,
0.223875,91,,
0.224472,91,,
0.225068,91,,
0.225732,91,,
0.235657,91,1624,87
0.237749,104,,
0.238347,104,,
0.239335,104,,
0.240268,104,,
0.240875,104,,
0.246711,104,,
0.247773,104,,
0.248829,104,1626,87
0.252589,104,,
0.253827,104,,
0.254802,104,,
0.255765,104,,
0.257062,104,,
0.267072,104,,
0.268308,111,,
0.269526,111,1630,81
0.278152,111,,
0.279488,111,,
0.280905,111,,
0.282292,111,,
0.283607,111,,
0.284747,111,,
0.285957,111,,
0.287105,111,1631,107
0.299504,115,,
0.300751,115,,
0.301948,115,,
0.303066,115,,
0.309251,115,,
0.310512,115,,
0.311688,115,,
0.312870,115,1631,107
0.315974,115,,
0.316976,115,,
0.318035,115,,
0.319023,120,,
0.328878,120,,
0.330106,120,,
0.331221,120,,
0.332282,120,1633,70
0.339867,120,,
0.340784,120,,
0.341378,120,,
0.341934,120,,
0.342575,120,,
0.343176,120,,
0.344139,120,,
0.344764,120,1633,70
0.346608,120,,
0.347195,120,,
0.347828,120,,
0.348422,120,,
0.349055,120,,
0.349818,120,,
0.359752,120,,
0.360684,120,1633,70
0.362904,120,,
0.363876,120,,
0.364471,120,,
0.365432,120,,
0.371274,120,,
0.372505,120,,
0.373677,120,,
0.374886,120,1633,70
0.378063,120,,
0.379055,120,,
0.380055,127,,
0.381081,127,,
0.391087,127,,
0.392559,127,,
0.393819,127,,
0.394870,127,1636,76
0.402960,127,,
0.403873,127,,
0.404488,127,,
0.405103,127,,
0.405782,127,,
0.406377,127,,
0.406950,127,,
0.407603,127,1636,76
0.409856,131,,
0.410502,131,,
0.411107,131,,
0.411795,131,,
0.421598,131,,
0.422183,131,,
0.423130,131,,
0.423811,131,1638,74
0.426255,131,,
0.426873,131,,
0.432696,131,,
0.433643,131,,
0.434234,131,,
0.434834,131,,
0.435477,131,,
0.436046,131,1638,74
0.438290,131,,
0.438900,131,,
0.439567,131,,
0.440180,130,,
0.440798,130,,
0.441420,130,,
0.442002,130,,
0.442631,130,1640,83
0.453828,130,,
0.454764,130,,
0.455356,130,,
0.456279,130,,
0.456842,130,,
0.457499,130,,
0.458076,130,,
0.463886,130,1640,83
0.466051,130,,
0.466665,130,,
0.467268,130,,
0.467852,130,,
0.468487,130,,
0.469088,131,,
0.469697,131,,
0.470310,131,1642,116
0.472145,131,,
0.472756,131,,
0.473369,131,,
0.473974,131,,
0.483766,131,,
0.484604,131,,
0.485539,131,,
0.486160,131,1642,116
0.487995,131,,
0.488618,131,,
0.489222,131,,
0.495163,131,,
0.495811,131,,
0.496387,131,,
0.497004,131,,
0.497640,131,1642,116
0.499812,130,,
0.500448,130,,
0.501087,130,,
0.501860,130,,
0.502795,130,,
0.503711,130,,
0.504684,130,,
0.514475,130,1644,97
0.516350,130,,
0.516967,130,,
0.517577,130,,
0.518196,130,,
0.518813,130,,
0.519441,130,,
0.520010,130,,
0.525781,130,1644,97
0.527648,130,,
0.528284,130,,
0.528865,130,,
0.529495,131,,
0.530109,131,,
0.530719,131,,
0.531359,131,,
0.531928,131,1645,101
0.534137,131,,
0.534749,131,,
0.535359,131,,
0.535972,131,,
0.545551,131,,
0.546161,131,,
0.546784,131,,
0.547402,131,1645,101
0.549215,131,,
0.549802,131,,
0.550444,131,,
0.551077,131,,
0.556795,131,,
0.557394,131,,
0.557996,131,,
0.558608,131,1647,84
0.560451,132,,
0.561063,132,,
0.561693,132,,
0.562290,132,,
0.562901,132,,
0.563505,132,,
0.564134,132,,
0.564726,132,1647,84
0.566565,132,,
0.567177,132,,
0.576924,132,,
0.577761,132,,
0.578321,132,,
0.578954,132,,
0.579579,132,,
0.580194,132,1647,84
0.588013,132,,
0.588931,132,,
0.589569,132,,
0.590186,132,,
0.591160,132,,
0.591808,132,,
0.592447,132,,
0.593076,132,1649,103
0.594943,132,,
0.595570,132,,
0.596197,132,,
0.597147,132,,
0.597784,132,,
0.607685,132,,
0.608636,132,,
0.609261,132,1649,103
0.611139,132,,
0.611755,132,,
0.612680,132,,
0.618790,132,,
0.619388,132,,
0.619966,135,,
0.620593,135,,
0.621248,135,1654,108
0.623160,135,,
0.623785,135,,
0.624416,135,,
0.625032,135,,
0.625657,135,,
0.626639,135,,
0.627613,135,,
0.628607,135,1654,108
0.639452,135,,
0.640060,135,,
0.640656,135,,
0.641309,135,,
0.642235,135,,
0.643379,135,,
0.644508,135,,
0.650125,135,1654,108
0.653232,135,,
0.654193,135,,
0.655166,135,,
0.656119,135,,
0.656761,135,,
0.657756,135,,
0.658707,135,,
0.659648,135,1654,108
0.671506,135,,
0.672429,135,,
0.673382,135,,
0.674332,135,,
0.675307,137,,
0.681171,137,,
0.682248,137,,
0.683396,137,1658,118
0.686581,137,,
0.687511,137,,
0.688077,137,,
0.688743,137,,
0.689321,137,,
0.689950,137,,
0.690890,137,,
0.701091,137,1658,118
0.704001,137,,
0.704971,137,,
0.705949,138,,
0.711799,138,,
0.712800,138,,
0.714010,138,,
0.714984,138,,
0.715939,138,1660,92
0.718095,138,,
0.718758,138,,
0.719314,138,,
0.719921,138,,
0.720543,138,,
0.721185,138,,
0.721800,138,,
0.731700,138,1660,92
0.733816,138,,
0.734414,138,,
0.735014,138,,
0.735628,138,,
0.736579,138,,
0.737213,138,,
0.742962,138,,
0.743568,138,1661,100
0.745399,138,,
0.746005,138,,
0.746625,138,,
0.747248,138,,
0.747845,138,,
0.748461,138,,
0.749081,138,,
0.749702,138,1661,100
0.751539,138,,
0.752164,138,,
0.752758,138,,
0.762703,138,,
0.763576,138,,
0.764506,138,,
0.765396,138,,
0.765943,138,1661,104
0.767818,140,,
0.773930,140,,
0.774821,140,,
0.775454,140,,
0.776045,140,,
0.776656,140,,
0.777298,140,,
0.777858,140,1661,104
0.779710,140,,
0.780298,140,,
0.780913,140,,
0.781536,140,,
0.782141,140,,
0.782787,140,,
0.783385,140,,
0.783990,140,1661,104
0.795285,140,,
0.796013,140,,
0.796891,140,,
0.797533,140,,
0.798237,140,,
0.799112,140,,
0.804641,140,,
0.805233,140,1665,69
0.807055,140,,
0.807725,140,,
0.808306,140,,
0.808895,140,,
0.809538,140,,
0.810180,140,,
0.810813,140,,
0.811391,140,1665,69
0.813231,140,,
0.813862,140,,
0.814487,140,,
0.815114,140,,
0.824670,140,,
0.825319,140,,
0.825911,140,,
0.826501,140,1667,102
0.828424,141,,
0.829063,141,,
0.829689,141,,
0.835611,141,,
0.836233,141,,
0.836823,141,,
0.837458,141,,
0.838042,141,1667,102
0.839917,141,,
0.840559,141,,
0.841157,141,,
0.841743,141,,
0.842403,141,,
0.842987,141,,
0.843646,141,,
0.844300,141,1667,102
0.846095,141,,
0.855583,141,,
0.856148,141,,
0.856755,141,,
0.857373,142,,
0.858041,142,,
0.858627,142,,
0.859253,142,1668,102
0.861114,142,,
0.867015,142,,
0.867597,142,,
0.868242,142,,
0.868849,142,,
0.869451,142,,
0.870075,142,,
0.870705,142,1668,102
0.872530,142,,
0.873145,142,,
0.873802,142,,
0.874379,142,,
0.874955,142,,
0.875594,142,,
0.876170,142,,
0.876828,142,1668,102
0.887728,143,,
0.888394,143,,
0.889004,143,,
0.889565,143,,
0.890226,143,,
0.890825,143,,
0.891418,143,,
0.892072,143,1672,107
0.898992,143,,
0.899618,143,,
0.900246,143,,
0.900868,143,,
0.901495,143,,
0.902075,143,,
0.902688,143,,
0.903361,143,1672,107
0.905224,143,,
0.905817,143,,
0.906493,143,,
0.907110,143,,
0.907853,145,,
0.917569,145,,
0.918119,145,,
0.918768,145,1675,93
0.920655,145,,
0.921246,145,,
0.921822,145,,
0.922493,145,,
0.923102,145,,
0.928808,145,,
0.929446,145,,
0.930093,145,1675,93
0.931928,145,,
0.932531,145,,
0.933121,145,,
0.933801,145,,
0.934407,145,,
0.934980,145,,
0.935632,145,,
0.936236,145,1675,93
0.938127,145,,
0.938739,145,,
0.948472,145,,
0.949042,145,,
0.949682,145,,
0.950313,145,,
0.950882,145,,
0.951523,145,1677,104
0.953945,145,,
0.959993,145,,
0.960886,145,,
0.961650,145,,
0.962597,145,,
0.963541,145,,
0.964477,145,,
0.965031,145,1677,104
0.967251,145,,
0.967827,145,,
0.968517,145,,
0.969157,148,,
0.969769,148,,
0.979555,148,,
0.980243,148,,
0.981153,148,1679,142
0.983062,148,,
0.983701,148,,
0.984334,148,,
0.984957,148,,
0.990668,148,,
0.991281,148,,
0.991903,148,,
0.992500,148,1679,142
0.994842,148,,
0.995732,148,,
0.996456,148,,
0.997343,148,,
0.997932,148,,
0.998875,148,,
0.999577,148,,
1.000424,149,1681,91
1.011741,149,,
1.012683,149,,
1.013615,149,,
1.014567,149,,
1.015496,149,,
1.016099,149,,
1.021928,149,,
1.022870,149,1681,91
1.024743,149,,
1.025663,149,,
1.026578,149,,
1.027234,149,,
1.027981,149,,
1.028902,149,,
1.029791,151,,
1.030810,151,1683,76
1.042573,151,,
1.043206,151,,
1.043850,151,,
1.044815,151,,
1.045778,151,,
1.046392,151,,
1.047317,151,,
1.053211,151,1683,76
1.055616,151,,
1.056248,151,,
1.056839,151,,
1.057490,151,,
1.058101,151,,
1.058800,151,,
1.059695,153,,
1.060643,153,1684,81
1.063364,153,,
1.072893,153,,
1.073870,153,,
1.074488,153,,
1.075409,153,,
1.076036,153,,
1.076645,153,,
1.077260,153,1684,81
1.084663,153,,
1.085292,153,,
1.085874,153,,
1.086488,153,,
1.087119,153,,
1.088035,153,,
1.088644,153,,
1.089332,155,1687,84
1.091099,155,,
1.091739,155,,
1.092365,155,,
1.092938,155,,
1.093572,155,,
1.094205,155,,
1.103911,155,,
1.104799,155,1687,84
1.106631,155,,
1.107547,155,,
1.108177,155,,
1.108789,155,,
1.114647,155,,
1.115290,155,,
1.115868,155,,
1.116494,155,1687,84
1.118311,155,,
1.118926,155,,
1.119557,156,,
1.120178,156,,
1.120788,156,,
1.121462,156,,
1.122459,156,,
1.123312,156,1690,113
1.134421,156,,
1.135044,156,,
1.135653,156,,
1.136284,156,,
1.136908,156,,
1.137492,156,,
1.138069,156,,
1.138736,156,1690,113
1.145973,156,,
1.146575,156,,
1.147207,156,,
1.147807,156,,
1.148458,156,,
1.149058,156,,
1.149668,156,,
1.150307,156,1691,97
1.152169,156,,
1.152805,156,,
1.153416,156,,
1.154064,156,,
1.154684,156,,
1.155306,156,,
1.155866,156,,
1.165485,156,1691,97
1.167306,156,,
1.167879,156,,
1.168511,156,,
1.169101,156,,
1.169713,156,,
1.170343,156,,
1.170942,156,,
1.176703,156,1691,97
1.178557,155,,
1.179504,155,,
1.180132,155,,
1.180758,155,,
1.181367,155,,
1.182279,155,,
1.182877,155,,
1.183511,155,1695,101
1.185335,155,,
1.185938,155,,
1.186556,155,,
1.187204,155,,
1.196879,155,,
1.197835,155,,
1.198804,155,,
1.199760,155,1695,101
1.201604,155,,
1.207667,155,,
1.208329,155,,
1.209304,155,,
1.210267,156,,
1.210917,156,,
1.211530,156,,
1.212163,156,1698,73
1.214362,156,,
1.214996,156,,
1.215614,156,,
1.216231,156,,
1.216857,156,,
1.217485,156,,
1.218087,156,,
1.227817,156,1698,73
1.229945,156,,
1.230543,156,,
1.231183,156,,
1.231815,156,,
1.232405,156,,
1.233362,156,,
1.239112,156,,
1.239763,156,1698,73
1.241969,156,,
1.242941,156,,
1.243580,156,,
1.244570,156,,
1.245236,156,,
1.246196,156,,
1.246813,156,,
1.247407,156,1698,73
1.258665,156,,
1.259574,156,,
1.260498,156,,
1.261145,156,,
1.261748,156,,
1.262389,156,,
1.262998,156,,
1.263646,156,1698,73
1.270608,156,,
1.271565,156,,
1.272203,156,,
1.272838,156,,
1.273477,156,,
1.274112,156,,
1.274759,156,,
1.275386,156,1698,73
1.277275,156,,
1.277871,156,,
1.278835,156,,
1.279491,156,,
1.280463,156,,
1.289835,156,,
1.290468,156,,
1.291088,156,1698,73
1.293000,156,,
1.293941,156,,
1.294574,156,,
1.300635,156,,
1.301242,156,,
1.301852,156,,
1.302488,156,,
1.303091,156,1698,73
1.304967,156,,
1.305583,156,,
1.306539,156,,
1.307176,156,,
1.307829,156,,
1.308419,156,,
1.309072,156,,
1.309700,156,1698,73
1.321094,156,,
1.321723,156,,
1.322357,156,,
1.322982,156,,
1.323957,156,,
1.324597,156,,
1.325554,156,,
1.326193,159,1705,120
1.333377,159,,
1.333973,159,,
1.334588,159,,
1.335200,159,,
1.335838,159,,
1.336443,159,,
1.337052,159,,
1.337678,159,1705,120
1.339505,159,,
1.340123,159,,
1.340707,159,,
1.341335,159,,
1.341931,159,,
1.351577,159,,
1.352169,159,,
1.352808,159,1705,120
1.354646,159,,
1.355250,159,,
1.355825,159,,
1.356459,159,,
1.357110,159,,
1.362849,159,,
1.363483,159,,
1.364094,159,1707,106
1.366302,159,,
1.366925,159,,
1.367552,159,,
1.368182,159,,
1.369148,159,,
1.370085,159,,
1.371018,159,,
1.371650,159,1707,106
1.382585,159,,
1.383226,159,,
1.383830,159,,
1.384797,159,,
1.385767,159,,
1.386372,159,,
1.386979,159,,
1.387607,159,1710,107
1.394631,160,,
1.395581,160,,
1.396228,160,,
1.396815,160,,
1.397413,160,,
1.398369,160,,
1.398979,160,,
1.399574,160,1710,107
1.401458,160,,
1.402061,160,,
1.403013,160,,
1.403636,160,,
1.404251,160,,
1.413937,160,,
1.414595,160,,
1.415539,160,1710,107
1.417789,161,,
1.418383,161,,
1.418994,161,,
1.425096,161,,
1.425734,161,,
1.426342,161,,
1.427299,161,,
1.428259,161,1713,96
1.430117,161,,
1.431063,161,,
1.431727,161,,
1.432315,161,,
1.433288,161,,
1.434231,161,,
1.434853,161,,
1.444641,161,1713,96
1.447093,161,,
1.447728,161,,
1.448328,161,,
1.448907,161,,
1.449549,161,,
1.450151,161,,
1.455939,161,,
1.456556,161,1717,102
1.458709,161,,
1.459320,161,,
1.460269,161,,
1.460873,161,,
1.461474,161,,
1.462086,161,,
1.462724,161,,
1.463319,161,1717,102
1.465511,161,,
1.466119,161,,
1.475782,161,,
1.476693,162,,
1.477641,162,,
1.478603,162,,
1.479592,162,,
1.480550,162,1719,118
1.487578,162,,
1.488200,162,,
1.489161,162,,
1.490136,162,,
1.490789,162,,
1.491415,162,,
1.492064,162,,
1.492665,162,1719,118
1.494565,162,,
1.495163,162,,
1.495796,162,,
1.496752,162,,
1.506547,162,,
1.507507,162,,
1.508474,162,,
1.509121,162,1719,118
1.511011,162,,
1.511658,162,,
1.517930,162,,
1.518546,162,,
1.519511,162,,
1.520143,162,,
1.520743,162,,
1.521362,162,1719,118
1.523236,162,,
1.523862,162,,
1.524871,162,,
1.525808,162,,
1.526467,162,,
1.527451,162,,
1.528410,162,,
1.537778,162,1719,118
1.539864,162,,
1.540476,162,,
1.541080,162,,
1.541703,162,,
1.542323,162,,
1.543271,162,,
1.548817,162,,
1.549401,162,1719,118
1.551581,162,,
1.552189,162,,
1.552798,162,,
1.553409,162,,
1.554025,162,,
1.554654,162,,
1.555277,162,,
1.555904,162,1719,118
1.557804,162,,
1.558436,162,,
1.559071,162,,
1.568788,162,,
1.570016,163,,
1.571066,163,,
1.572040,163,,
1.573088,163,1725,106
1.581018,163,,
1.582073,163,,
1.583048,163,,
1.584021,163,,
1.585025,163,,
1.586091,163,,
1.587178,163,,
1.588341,163,1726,91
1.600759,163,,
1.601810,163,,
1.602869,163,,
1.604018,163,,
1.605115,163,,
1.611243,163,,
1.612495,163,,
1.613809,163,1726,91
1.617220,163,,
1.618124,163,,
1.618750,163,,
1.619635,163,,
1.620255,163,,
1.620858,164,,
1.630901,164,,
1.632199,164,1728,109
1.635730,164,,
1.642054,164,,
1.643251,164,,
1.644527,164,,
1.645787,164,,
1.647063,164,,
1.648185,164,,
1.649075,164,1728,109
1.651561,164,,
1.652172,168,,
1.661783,168,,
1.662733,168,,
1.663701,168,,
1.664280,168,,
1.664909,168,,
1.665857,168,1731,94
1.672909,168,,
1.673517,168,,
1.674134,168,,
1.674763,168,,
1.675377,168,,
1.675974,168,,
1.676587,168,,
1.677520,168,1731,94
1.679365,168,,
1.679929,168,,
1.680627,168,,
1.681563,179,,
1.682194,179,,
1.682788,179,,
1.692608,179,,
1.693482,179,1733,105
1.695300,179,,
1.695886,179,,
1.696481,179,,
1.697143,179,,
1.697743,179,,
1.704005,179,,
1.704880,179,,
1.705479,179,1733,105
1.707308,179,,
1.707886,179,,
1.708529,179,,
1.709181,179,,
1.709837,179,,
1.710436,179,,
1.711008,179,,
1.711676,197,1737,99
1.713529,197,,
1.714160,197,,
1.723870,197,,
1.724911,197,,
1.725969,197,,
1.726987,197,,
1.728015,197,,
1.729047,197,1737,99
1.736306,197,,
1.737178,197,,
1.737786,197,,
1.738407,197,,
1.739144,197,,
1.740048,197,,
1.740950,197,,
1.741951,218,1738,121
1.744919,218,,
1.754660,218,,
1.755479,218,,
1.756085,218,,
1.756750,218,,
1.757326,218,,
1.758288,218,,
1.758857,218,1738,121
1.765992,218,,
1.766865,218,,
1.767514,218,,
1.768121,218,,
1.768736,218,,
1.769344,218,,
1.769913,218,,
1.770601,218,1742,139
1.772539,240,,
1.773459,240,,
1.774376,240,,
1.775293,240,,
1.775921,240,,
1.785590,240,,
1.786497,240,,
1.787415,240,1742,139
1.789244,240,,
1.789906,240,,
1.790832,240,,
1.796951,240,,
1.797508,240,,
1.798113,240,,
1.798738,240,,
1.799333,240,1742,139
1.801181,240,,
1.801793,240,,
1.802375,264,,
1.803035,264,,
1.803631,264,,
1.804209,264,,
1.804915,264,,
1.805860,264,1745,116
1.816832,264,,
1.817698,264,,
1.818645,264,,
1.819244,264,,
1.820137,264,,
1.820816,264,,
1.821772,264,,
1.827909,264,1745,116
1.830864,264,,
1.831818,283,,
1.832443,283,,
1.833374,283,,
1.834309,283,,
1.835262,283,,
1.836206,283,,
1.836833,283,1747,138
1.848016,283,,
1.849036,283,,
1.850109,283,,
1.851002,283,,
1.851922,283,,
1.852473,283,,
1.853079,283,,
1.858963,283,1747,138
1.861803,283,,
1.862744,283,,
1.863363,283,,
1.864262,277,,
1.865455,277,,
1.866776,277,,
1.867950,277,,
1.869008,277,1749,-30
1.880988,277,,
1.881936,277,,
1.882563,277,,
1.883187,277,,
1.884060,277,,
1.889955,277,,
1.890868,242,,
1.891484,242,1744,41
1.893631,242,,
1.894554,242,,
1.895169,242,,
1.895805,242,,
1.896396,242,,
1.897170,242,,
1.898040,242,,
1.898977,242,1744,41
1.910519,242,,
1.911436,242,,
1.912384,242,,
1.912986,242,,
1.913930,242,,
1.914909,242,,
1.920757,242,,
1.921655,242,1744,41
1.924548,242,,
1.925519,242,,
1.926151,242,,
1.927122,242,,
1.928067,242,,
1.929033,242,,
1.929680,242,,
1.931034,242,1744,41
1.942541,242,,
1.943419,242,,
1.944015,242,,
1.944603,242,,
1.945237,242,,
1.945841,242,,
1.951844,242,,
1.952705,242,1744,41
1.954904,242,,
1.955522,242,,
1.956158,242,,
1.957121,242,,
1.957773,242,,
1.958423,242,,
1.959040,242,,
1.959676,242,1744,41
1.971909,242,,
1.973048,242,,
1.974123,242,,
1.975170,242,,
1.976201,264,,
1.977101,264,,
1.982870,264,,
1.983503,264,1744,0
1.985687,264,,
1.986312,264,,
1.987259,264,,
1.987844,264,,
1.988483,264,,
1.989117,264,,
1.989760,264,,
1.990683,264,1744,0
1.992514,264,,
1.993105,264,,
2.002749,264,,
2.003640,264,,
2.004246,264,,
2.004870,264,,
2.005487,264,,
2.006098,264,1744,0
2.013654,263,,
2.014610,263,,
2.015209,263,,
2.015832,263,,
2.016446,263,,
2.017018,263,,
2.017667,263,,
2.018287,263,1744,0
2.020990,263,,
2.021862,263,,
2.022529,263,,
2.023125,263,,
2.023747,263,,
2.033738,263,,
2.034595,263,,
2.035209,263,1744,0
2.037051,260,,
2.037653,260,,
2.038588,260,,
2.039220,260,,
2.045170,260,,
2.046290,260,,
2.047239,260,,
2.047837,260,1745,-8
2.049989,260,,
2.050935,260,,
2.051558,260,,
2.052175,260,,
2.053117,260,,
2.053743,260,,
2.054659,260,,
2.064568,260,1745,-8
2.066770,260,,
2.067738,260,,
2.068346,260,,
2.068940,260,,
2.069571,260,,
2.070200,255,,
2.076295,255,,
2.077248,255,1745,-18
2.080100,255,,
2.081404,255,,
2.082679,255,,
2.083977,255,,
2.085151,255,,
2.086303,255,,
2.096075,255,,
2.097047,255,1745,-28
2.100605,248,,
2.106919,248,,
2.108004,248,,
2.109148,248,,
2.110321,248,,
2.111540,248,,
2.112781,248,,
2.114042,248,1747,-28
2.117494,248,,
2.126922,248,,
2.128062,248,,
2.129267,248,,
2.130499,213,,
2.131773,213,,
2.137866,213,,
2.138941,213,1742,0
2.141907,213,,
2.142823,213,,
2.143938,213,,
2.144963,213,,
2.146009,213,,
2.147047,213,,
2.148034,213,,
2.157811,213,1739,73
2.160355,210,,
2.161282,210,,
2.162211,210,,
2.163124,210,,
2.168969,210,,
2.169551,210,,
2.170515,210,,
2.171104,210,1739,73
2.172979,210,,
2.173617,210,,
2.174581,210,,
2.175250,210,,
2.175847,210,,
2.176478,210,,
2.177126,210,,
2.178082,210,1739,73
2.189590,210,,
2.190559,210,,
2.191211,214,,
2.191848,214,,
2.192477,214,,
2.193098,214,,
2.193741,214,,
2.199912,214,1740,92
2.201979,214,,
2.202591,214,,
2.203209,214,,
2.203852,214,,
2.204817,214,,
2.205787,214,,
2.206417,214,,
2.207037,214,1740,92
2.208928,214,,
2.209574,214,,
2.210531,214,,
2.219884,214,,
2.220796,214,,
2.221779,220,,
2.222424,220,,
2.223037,220,1740,88
2.224906,220,,
2.230755,220,,
2.231618,220,,
2.232253,220,,
2.232868,220,,
2.233486,220,,
2.234068,220,,
2.234684,220,1740,88
2.236548,220,,
2.237163,220,,
2.237786,220,,
2.238767,220,,
2.239920,220,,
2.241210,220,,
2.250921,228,,
2.251905,228,1742,0
2.255074,228,,
2.256055,228,,
2.262282,228,,
2.263408,228,,
2.264501,228,,
2.265642,228,,
2.266779,228,,
2.267678,228,1742,0
2.270221,228,,
2.270966,228,,
2.271832,228,,
2.281509,227,,
2.282099,227,,
2.282713,227,,
2.283323,227,,
2.283920,227,1742,0
2.285790,227,,
2.286396,227,,
2.286976,227,,
2.292908,227,,
2.293799,227,,
2.294746,227,,
2.295348,227,,
2.295959,227,1742,0
2.298059,227,,
2.299017,227,,
2.299640,227,,
2.300299,227,,
2.301217,227,,
2.301875,227,,
2.302482,227,,
2.303086,227,1742,0
2.313941,227,,
2.314568,227,,
2.315189,227,,
2.315836,227,,
2.316792,227,,
2.317409,227,,
2.318012,227,,
2.323769,227,1742,0
2.325594,227,,
2.326224,227,,
2.326862,227,,
2.327436,227,,
2.328055,227,,
2.328671,227,,
2.329284,227,,
2.329884,227,1742,0
2.331732,227,,
2.332339,227,,
2.332940,227,,
2.333556,227,,
2.334191,227,,
2.343930,227,,
2.344778,227,,
2.345344,227,1742,0
2.347660,227,,
2.348582,227,,
2.349547,227,,
2.355334,227,,
2.356290,227,,
2.357155,227,,
2.358077,227,,
2.358630,227,1742,0
2.361159,227,,
2.361818,227,,
2.362454,227,,
2.363045,227,,
2.363713,227,,
2.364284,227,,
2.364877,227,,
2.374596,227,1742,0
2.377024,227,,
2.377688,227,,
2.378286,227,,
2.378929,227,,
2.380013,227,,
2.385745,227,,
2.386653,227,,
2.387270,227,1742,0
2.389075,227,,
2.389709,227,,
2.390272,227,,
2.390880,227,,
2.391540,227,,
2.392154,227,,
2.392761,227,,
2.393399,227,1742,0
2.395212,226,,
2.395839,226,,
2.405587,226,,
2.406166,226,,
2.406801,226,,
2.407393,226,,
2.408013,226,,
2.408630,226,1742,0
2.410457,226,,
2.411094,226,,
2.416876,226,,
2.417947,226,,
2.418932,226,,
2.419862,226,,
2.420459,226,,
2.421054,226,1742,0
2.422959,226,,
2.423602,226,,
2.424230,226,,
2.425207,227,,
2.426180,227,,
2.426809,227,,
2.436557,227,,
2.437533,227,1742,0
2.439457,227,,
2.440091,227,,
2.440752,227,,
2.441342,227,,
2.441950,227,,
2.448081,227,,
2.448990,227,,
2.449906,227,1742,0
2.452082,227,,
2.452754,227,,
2.453318,227,,
2.453913,227,,
2.454922,227,,
2.455850,227,,
2.456504,226,,
2.457142,226,1742,0
2.468208,226,,
2.468846,226,,
2.469438,226,,
2.470065,226,,
2.470751,226,,
2.471353,226,,
2.471941,226,,
2.472573,226,1742,0
2.479562,226,,
2.480154,226,,
2.480800,226,,
2.481397,226,,
2.482350,226,,
2.482911,226,,
2.483560,226,,
2.484174,226,1742,0
2.485974,226,,
2.486607,226,,
2.487231,226,,
2.487839,226,,
2.488481,226,,
2.489088,226,,
2.498676,226,,
2.499612,226,1742,0
2.501844,226,,
2.502497,226,,
2.503147,226,,
2.504084,226,,
2.509787,226,,
2.510751,226,,
2.511696,226,,
2.512311,226,1742,0
2.514810,226,,
2.516123,226,,
2.517305,226,,
2.518525,226,,
2.519748,226,,
2.529834,226,,
2.530996,226,,
2.531906,226,1742,0
2.534108,226,,
2.535095,226,,
2.540955,226,,
2.541863,226,,
2.542497,226,,
2.543121,226,,
2.543786,226,,
2.544707,226,1742,0
2.546554,226,,
2.547549,226,,
2.548517,226,,
2.549121,226,,
2.549791,226,,
2.550347,226,,
2.550951,226,,
2.560606,226,1742,0
2.563115,226,,
2.563778,226,,
2.564753,226,,
2.565364,226,,
2.565965,226,,
2.571864,226,,
2.572474,226,,
2.573068,226,1742,0
2.575210,226,,
2.575865,226,,
2.576485,226,,
2.577106,226,,
2.577735,226,,
2.578697,226,,
2.579326,226,,
2.579940,226,1742,0
2.581845,226,,
2.591713,226,,
2.592627,226,,
2.593519,226,,
2.594128,226,,
2.595047,226,,
2.595679,226,,
2.596590,226,1742,0
2.603944,226,,
2.604606,226,,
2.605183,226,,
2.605834,226,,
2.606792,226,,
2.607435,226,,
2.608414,226,,
2.609038,226,1742,0
2.612519,226,,
2.622965,226,,
2.624315,226,,
2.625349,226,,
2.626262,226,,
2.627223,226,,
2.627845,226,,
2.634065,226,1742,0
2.636266,226,,
2.636852,226,,
2.637500,226,,
2.638097,226,,
2.639053,226,,
2.639697,226,,
2.640285,226,,
2.640922,226,1742,0
2.643163,226,,
2.644111,226,,
2.653577,226,,
2.654216,226,,
2.655130,226,,
2.655784,226,,
2.656749,226,,
2.657706,226,1742,0
2.664811,226,,
2.665779,226,,
2.666684,226,,
2.667298,226,,
2.667887,226,,
2.668532,225,,
2.669147,225,,
2.669805,225,1742,0
2.672321,225,,
2.672889,225,,
2.673490,225,,
2.674141,225,,
2.674773,225,,
2.684596,225,,
2.685212,225,,
2.685834,225,1742,0
2.687931,225,,
2.688594,225,,
2.689214,225,,
2.689854,225,,
2.695853,225,,
2.696799,225,,
2.697784,225,,
2.698734,225,1742,0
2.700843,225,,
2.701839,225,,
2.702432,225,,
2.703052,225,,
2.703663,225,,
2.704585,225,,
2.705206,225,,
2.705807,225,1742,0
2.716858,225,,
2.717443,225,,
2.718061,225,,
2.718679,225,,
2.719313,225,,
2.719901,225,,
2.720514,225,,
2.721133,225,1742,0
2.728770,225,,
2.729692,225,,
2.730325,225,,
2.730894,225,,
2.731532,225,,
2.732187,225,,
2.733110,225,,
2.733775,225,1742,0
2.735886,225,,
2.736522,225,,
2.737136,225,,
2.746848,225,,
2.747781,225,,
2.748722,225,,
2.749310,225,,
2.749885,225,1742,0
2.751914,225,,
2.757823,225,,
2.758708,225,,
2.759663,225,,
2.760278,225,,
2.761245,225,,
2.762234,225,,
2.762839,225,1742,0
2.764757,225,,
2.765357,225,,
2.765958,225,,
2.766603,225,,
2.767233,225,,
2.767867,225,,
2.777596,225,,
2.778228,225,1742,0
2.780408,225,,
2.781375,225,,
2.782326,225,,
2.783288,225,,
2.788798,225,,
2.789420,225,,
2.790004,225,,
2.790645,225,1742,0
2.793033,225,,
2.793612,225,,
2.794589,225,,
2.795558,225,,
2.796536,225,,
2.797186,225,,
2.797818,225,,
2.798415,225,1742,0
2.809351,225,,
2.809949,225,,
2.810563,225,,
2.811186,225,,
2.811823,225,,
2.812435,225,,
2.813077,225,,
2.814041,225,1742,0
2.821515,225,,
2.822130,225,,
2.822832,225,,
2.823683,225,,
2.824306,225,,
2.824879,225,,
2.825507,225,,
2.826117,225,1742,0
2.827951,225,,
2.828572,225,,
2.829194,225,,
2.829835,225,,
2.839648,225,,
2.840571,225,,
2.841227,225,,
2.842212,225,1742,0
2.845186,225,,
2.850845,225,,
2.851772,225,,
2.852680,225,,
2.853320,225,,
2.853912,225,,
2.854527,225,,
2.855144,225,1742,0
2.856977,225,,
2.857574,225,,
2.858215,225,,
2.858812,225,,
2.859445,225,,
2.860036,225,,
2.860665,225,,
2.870592,225,1742,0
2.872780,225,,
2.873389,225,,
2.874018,225,,
2.874960,225,,
2.875945,225,,
2.881667,225,,
2.882286,225,,
2.882926,225,1742,0
2.885086,225,,
2.885752,225,,
2.886655,225,,
2.887288,225,,
2.887921,225,,
2.888528,225,,
2.889491,225,,
2.890104,225,1742,0
2.892286,225,,
2.901902,225,,
2.902510,225,,
2.903144,225,,
2.903790,225,,
2.904406,225,,
2.905008,225,,
2.905652,225,1742,0
2.913185,225,,
2.913824,225,,
2.914433,225,,
2.915066,225,,
2.915681,225,,
2.916320,225,,
2.916951,225,,
2.917522,225,1742,0
2.919411,225,,
2.919997,225,,
2.920643,225,,
2.921279,225,,
2.921868,225,,
2.922492,225,,
2.923110,225,,
2.932685,225,1742,0
2.934513,225,,
2.935133,225,,
2.935767,225,,
2.936396,225,,
2.937007,225,,
2.937826,225,,
2.943699,225,,
2.944538,225,1742,0
2.946359,225,,
2.946984,225,,
2.947600,225,,
2.948234,225,,
2.948849,225,,
2.949483,225,,
2.950100,225,,
2.950707,225,1742,0
2.952524,225,,
2.953136,225,,
2.953924,225,,
2.963642,225,,
2.964545,225,,
2.965523,225,,
2.966429,225,,
2.967353,225,1742,0
2.974746,225,,
2.975632,225,,
2.976559,225,,
2.977193,225,,
2.978098,225,,
2.979037,225,,
2.979646,225,,
2.980599,225,1742,0
2.982602,225,,
2.983545,225,,
2.984401,225,,
2.985318,225,,
2.994657,225,,
2.995570,225,,
2.996514,225,,
2.997080,225,1742,0
2.998884,225,,
2.999549,225,,
3.000115,225,,
3.006214,225,,
3.007032,225,,
3.007675,225,,
3.008281,225,,
3.008841,225,1742,0
3.010682,225,,
3.011290,225,,
3.011904,225,,
3.012549,225,,
3.013159,225,,
3.013731,225,,
3.014387,225,,
3.014952,225,1742,0
3.025781,225,,
3.026388,225,,
3.026982,225,,
3.027604,225,,
3.028220,225,,
3.028871,225,,
3.029463,225,,
3.030032,225,1742,0
3.037258,225,,
3.037869,225,,
3.038482,225,,
3.039096,225,,
3.039725,225,,
3.040325,225,,
3.040935,225,,
3.041552,225,1742,0
3.043343,225,,
3.044002,225,,
3.044619,225,,
3.045234,225,,
3.045850,225,,
3.046476,225,,
3.047075,225,,
3.056698,225,1742,0
3.058899,225,,
3.060070,225,,
3.061013,225,,
3.061950,225,,
3.067803,225,,
3.068663,225,,
3.069308,225,,
3.070259,225,1742,0
3.072192,225,,
3.073148,225,,
3.074091,225,,
3.075066,225,,
3.076039,225,,
3.077009,225,,
3.077999,225,,
3.087570,225,1742,0
3.089461,225,,
3.090078,225,,
3.090741,225,,
3.091703,225,,
3.092285,225,,
3.092911,225,,
3.098989,225,,
3.099557,225,1742,0
3.101772,225,,
3.102719,225,,
3.103317,225,,
3.103926,225,,
3.104575,225,,
3.105194,225,,
3.105843,225,,
3.106821,225,1742,0
3.108737,225,,
3.118499,225,,
3.119090,225,,
3.119726,225,,
3.120617,225,,
3.121269,225,,
3.121853,225,,
3.122481,225,1742,0
3.129797,225,,
3.130398,225,,
3.131353,225,,
3.132328,225,,
3.132926,225,,
3.133892,225,,
3.134499,225,,
3.135445,225,1742,0
3.137307,225,,
3.137906,225,,
3.138528,225,,
3.139128,225,,
3.139793,225,,
3.149526,225,,
3.150437,225,,
3.151049,225,1742,0
3.153214,225,,
3.153765,225,,
3.154598,225,,
3.155677,225,,
3.161272,225,,
3.162188,225,,
3.162796,225,,
3.163396,225,1742,0
3.165274,225,,
3.165881,225,,
3.166831,225,,
3.167811,225,,
3.168784,225,,
3.169803,225,,
3.170747,225,,
3.180640,225,1742,0
3.182887,225,,
3.183509,225,,
3.184130,225,,
3.185069,225,,
3.185684,225,,
3.191976,225,,
3.192945,225,,
3.193585,225,1742,0
3.195842,225,,
3.196459,225,,
3.197425,225,,
3.198361,225,,
3.198989,225,,
3.199605,225,,
3.200257,225,,
3.200878,225,1742,0
3.211843,225,,
3.212452,225,,
3.213078,225,,
3.214022,225,,
3.214656,225,,
3.215282,225,,
3.215904,225,,
3.216540,225,1742,0
3.223570,225,,
3.224214,225,,
3.224807,225,,
3.225423,225,,
3.226055,225,,
3.226685,225,,
3.227306,225,,
3.228280,225,1742,0
3.230849,225,,
3.231461,225,,
3.232098,225,,
3.232706,225,,
3.242518,225,,
3.243147,225,,
3.243788,225,,
3.244353,225,1742,0
3.246568,225,,
3.247196,225,,
3.247852,225,,
3.253763,225,,
3.254383,225,,
3.254999,225,,
3.255626,225,,
3.256269,225,1742,0
3.258192,225,,
3.259128,225,,
3.259749,225,,
3.260359,225,,
3.260971,225,,
3.261905,225,,
3.262529,225,,
3.263115,225,1742,0
3.274200,225,,
3.274812,225,,
3.275780,225,,
3.276408,225,,
3.277025,225,,
3.277638,225,,
3.278605,225,,
3.279217,225,1742,0
3.287168,225,,
3.288614,225,,
3.289988,225,,
3.291232,225,,
3.292458,225,,
3.293623,225,,
3.294790,225,,
3.304745,225,1742,0
3.308352,225,,
3.309605,225,,
3.315935,225,,
3.317120,225,,
3.318211,225,,
3.319285,225,,
3.320442,225,,
3.321655,225,1742,0
3.325369,225,,
3.326346,225,,
3.335713,225,,
3.336311,225,,
3.336922,225,,
3.337521,225,,
3.338143,225,,
3.338761,225,1742,0
3.340563,225,,
3.341218,225,,
3.346910,225,,
3.347509,225,,
3.348114,225,,
3.348756,225,,
3.349721,225,,
3.350343,225,1742,0
3.352174,225,,
3.353073,225,,
3.353693,225,,
3.354277,225,,
3.354879,225,,
3.355493,225,,
3.356097,225,,
3.356726,225,1742,0
3.367847,225,,
3.368471,225,,
3.369078,225,,
3.369694,225,,
3.370632,225,,
3.371241,225,,
3.371845,225,,
3.377988,225,1742,0
3.379772,225,,
3.380386,225,,
3.381007,225,,
3.381642,225,,
3.382241,225,,
3.382822,225,,
3.383480,225,,
3.384090,225,1742,0
3.386268,225,,
3.386832,225,,
3.387485,225,,
3.388424,225,,
3.397813,225,,
3.398758,225,,
3.399686,225,,
3.400622,225,1742,0
3.402511,225,,
3.403110,225,,
3.408926,225,,
3.409902,225,,
3.410537,225,,
3.411172,225,,
3.411819,225,,
3.412433,225,1742,0
3.414637,225,,
3.415282,225,,
3.416261,225,,
3.416839,225,,
3.417466,225,,
3.418427,225,,
3.419008,225,,
3.428668,225,1742,0
3.430505,225,,
3.431161,225,,
3.432082,225,,
3.432740,225,,
3.433718,225,,
3.439674,225,,
3.440328,225,,
3.440921,225,1742,0
3.442850,225,,
3.443455,225,,
3.444057,225,,
3.445105,225,,
3.446008,225,,
3.446641,225,,
3.447251,225,,
3.448107,225,1742,0
3.459822,225,,
3.460911,225,,
3.461964,225,,
3.463155,225,,
3.464347,225,,
3.465554,225,,
3.471271,225,,
3.472229,225,1742,0
3.475065,225,,
3.476041,225,,
3.477019,225,,
3.477992,225,,
3.478964,225,,
3.480179,225,,
3.481482,225,,
3.490765,225,1742,0
3.493762,225,,
3.494806,225,,
3.495830,225,,
3.501932,225,,
3.503041,225,,
3.504191,225,,
3.505406,225,,
3.506672,225,1742,0
3.510287,225,,
3.511253,225,,
3.512203,225,,
3.521615,225,,
3.522536,225,,
3.523145,225,,
3.523752,225,,
3.524455,225,1742,0
3.526831,225,,
3.532670,225,,
3.533247,225,,
3.533847,225,,
3.534459,225,,
3.535093,225,,
3.535701,225,,
3.536313,225,1742,0
3.538160,225,,
3.538764,225,,
3.539367,225,,
3.539972,225,,
3.540591,225,,
3.541194,225,,
3.541997,225,,
3.542880,225,1742,0
3.554480,225,,
3.555048,225,,
3.555698,225,,
3.556303,225,,
3.556851,225,,
3.557499,225,,
3.558072,224,,
3.564094,224,1742,0
3.566248,224,,
3.567178,224,,
3.567824,224,,
3.568389,224,,
3.568963,224,,
3.569623,224,,
3.570270,224,,
3.570855,224,1742,0
3.572690,224,,
3.573329,224,,
3.573866,224,,
3.583632,224,,
3.584498,224,,
3.585156,224,,
3.585776,224,,
3.586381,224,1742,0
3.588570,225,,
3.589230,225,,
3.594925,225,,
3.595517,225,,
3.596125,225,,
3.596786,225,,
3.597362,225,,
3.597963,225,1742,0
3.599838,225,,
3.600474,225,,
3.601027,225,,
3.601689,225,,
3.602315,225,,
3.602866,225,,
3.603551,225,,
3.604180,225,1742,0
3.615457,225,,
3.615996,225,,
3.616654,225,,
3.617246,225,,
3.617870,225,,
3.618479,225,,
3.619070,225,,
3.619733,225,1742,0
3.626900,225,,
3.627555,225,,
3.628133,225,,
3.628796,225,,
3.629769,225,,
3.630690,225,,
3.631346,225,,
3.631918,225,1742,0
3.633818,225,,
3.634413,225,,
3.635051,225,,
3.635951,225,,
3.645650,225,,
3.646314,225,,
3.647254,225,,
3.647893,225,1742,0
3.649811,224,,
3.650416,224,,
3.650999,224,,
3.657110,224,,
3.658034,224,,
3.659015,224,,
3.659616,224,,
3.660237,224,1742,0
3.662431,224,,
3.662998,224,,
3.663645,224,,
3.664572,224,,
3.665211,224,,
3.665838,224,,
3.666427,224,,
3.667022,224,1742,0
3.678929,224,,
3.679900,224,,
3.680468,224,,
3.681087,224,,
3.681732,224,,
3.687666,224,,
3.688292,224,,
3.689263,224,1742,0
3.691521,224,,
3.692506,224,,
3.693113,224,,
3.693733,224,,
3.694689,224,,
3.695297,224,,
3.695901,224,,
3.696491,224,1742,0
3.707953,224,,
3.709032,224,,
3.710024,224,,
3.711040,224,,
3.712107,224,,
3.713178,224,,
3.718863,224,,
3.719957,224,1742,0
3.723106,224,,
3.724198,224,,
3.725302,224,,
3.726442,224,,
3.727548,224,,
3.728541,224,,
3.738750,224,,
3.739998,224,1742,0
3.743785,224,,
3.749999,224,,
3.750889,224,,
3.751500,224,,
3.752455,224,,
3.753060,224,,
3.753676,224,,
3.754614,224,1742,0
3.756511,224,,
3.757499,224,,
3.758131,224,,
3.759086,224,,
3.759749,224,,
3.769544,224,,
3.770164,224,,
3.770794,224,1742,0
3.773237,224,,
3.774187,224,,
3.775135,224,,
3.780624,224,,
3.781243,224,,
3.781848,224,,
3.782483,224,,
3.783099,224,1742,0
3.785291,224,,
3.785863,224,,
3.786522,224,,
3.787134,224,,
3.787752,224,,
3.788436,224,,
3.789358,224,,
3.789944,224,1742,0
3.801039,224,,
3.801972,224,,
3.802583,224,,
3.803237,224,,
3.803848,224,,
3.804836,224,,
3.805810,224,,
3.811680,224,1742,0
3.813800,224,,
3.814425,224,,
3.815046,224,,
3.815630,224,,
3.816582,224,,
3.817198,224,,
3.817796,224,,
3.818428,224,1742,0
3.820596,224,,
3.821245,224,,
3.821868,224,,
3.831675,224,,
3.832621,224,,
3.833260,224,,
3.833874,224,,
3.834765,224,1742,0
3.836920,224,,
3.842974,224,,
3.843559,224,,
3.844202,224,,
3.845262,224,,
3.846277,224,,
3.847217,224,,
3.847809,224,1742,0
3.849672,224,,
3.850608,224,,
3.851207,224,,
3.851835,224,,
3.852430,224,,
3.853055,224,,
3.862637,224,,
3.863206,224,1742,0
3.865236,224,,
3.866171,224,,
3.867014,224,,
3.867653,224,,
3.873743,224,,
3.874678,224,,
3.875641,224,,
3.876606,224,1742,0
3.879214,224,,
3.880139,224,,
3.881120,224,,
3.882054,224,,
3.883013,224,,
3.883592,224,,
3.884236,224,,
3.893908,224,1742,0
3.895781,224,,
3.896710,224,,
3.897386,224,,
3.898319,224,,
3.898940,224,,
3.904774,224,,
3.905348,224,,
3.906305,224,1742,0
3.908190,224,,
3.908828,224,,
3.909802,224,,
3.910772,224,,
3.911743,224,,
3.912678,224,,
3.913620,224,,
3.914767,224,1742,0
3.927270,224,,
3.928328,224,,
3.929363,224,,
3.930523,224,,
3.936151,224,,
3.936985,224,,
3.937605,224,,
3.938504,224,1742,0
3.940361,224,,
3.940979,224,,
3.941606,224,,
3.942198,224,,
3.942821,224,,
3.943604,224,,
3.944481,224,,
3.945063,224,1742,0
3.956806,224,,
3.957741,224,,
3.958684,224,,
3.959644,224,,
3.960599,224,,
3.961218,224,,
3.967203,224,,
3.968128,224,1742,0
3.970255,224,,
3.971226,224,,
3.971865,224,,
3.972808,224,,
3.973466,224,,
3.974414,224,,
3.975070,224,,
3.975702,224,1742,0
3.986664,224,,
3.987828,224,,
3.988811,224,,
3.989777,224,,
3.990724,224,,
3.991365,224,,
3.991973,224,,
3.997754,224,1742,0
3.999596,224,,
4.000227,224,,
4.000820,224,,
4.001450,224,,
4.002084,224,,
4.002987,224,,
4.003601,224,,
4.004222,224,1742,0
4.006124,224,,
4.006783,224,,
4.007419,224,,
4.008014,224,,
4.017611,224,,
4.018199,224,,
4.018789,224,,
4.019450,224,1742,0
4.021314,224,,
4.022271,224,,
4.022901,224,,
4.028931,224,,
4.029853,224,,
4.030458,224,,
4.031094,224,,
4.031692,224,1742,0
4.033564,224,,
4.034524,224,,
4.035104,224,,
4.035729,224,,
4.036382,224,,
4.037347,224,,
4.038331,224,,
4.038928,224,1742,0
4.050103,224,,
4.050708,224,,
4.051324,224,,
4.051886,224,,
4.052536,224,,
4.053122,224,,
4.053799,224,,
4.059978,224,1742,0
4.063103,224,,
4.064199,224,,
4.065320,224,,
4.066494,224,,
4.067424,224,,
4.068020,224,,
4.068632,224,,
4.069587,224,1742,0
4.081119,224,,
4.082010,224,,
4.082944,224,,
4.083577,224,,
4.084205,224,,
4.085135,224,,
4.090675,224,,
4.091615,224,1742,0
4.093875,224,,
4.094527,224,,
4.095163,224,,
4.095757,224,,
4.096392,224,,
4.097357,224,,
4.098323,224,,
4.098877,224,1742,0
4.101113,224,,
4.110755,224,,
4.111312,224,,
4.112218,224,,
4.112819,224,,
4.113455,224,,
4.114035,224,,
4.114688,224,1742,0
4.121976,224,,
4.122668,224,,
4.123303,224,,
4.123861,224,,
4.124449,224,,
4.125061,224,,
4.125680,224,,
4.126362,224,1742,0
4.128534,224,,
4.129161,224,,
4.129795,224,,
4.130374,224,,
4.130957,224,,
4.131591,224,,
4.132212,224,,
4.141946,224,1742,0
4.144376,224,,
4.145301,224,,
4.146024,224,,
4.146874,224,,
4.152753,224,,
4.153647,224,,
4.154243,224,,
4.154811,224,1742,0
4.156809,224,,
4.157648,224,,
4.158567,224,,
4.159249,224,,
4.160182,224,,
4.161132,224,,
4.161973,224,,
4.162591,224,1742,0
4.173680,224,,
4.174295,224,,
4.174909,224,,
4.175517,224,,
4.176121,224,,
4.176773,224,,
4.177405,224,,
4.177972,224,1742,0
4.185095,224,,
4.185721,224,,
4.186336,224,,
4.186917,224,,
4.187572,224,,
4.188184,224,,
4.188884,224,,
4.189453,224,1742,0
4.191275,224,,
4.191895,224,,
4.192490,224,,
4.193103,224,,
4.193767,224,,
4.203441,224,,
4.204022,224,,
4.204641,224,1742,0
4.206454,224,,
4.207096,224,,
4.207666,224,,
4.208340,224,,
4.208936,224,,
4.214918,224,,
4.215513,224,,
4.216130,224,1742,0
4.217977,224,,
4.218603,224,,
4.219551,224,,
4.220208,224,,
4.220800,224,,
4.221420,224,,
4.222017,224,,
4.222974,224,1742,0
4.224846,224,,
4.234507,224,,
4.235079,224,,
4.235713,224,,
4.236341,224,,
4.236925,224,,
4.237570,224,,
4.238201,224,1742,0
4.240029,224,,
4.245851,224,,
4.246499,224,,
4.247130,224,,
4.247781,224,,
4.248357,224,,
4.249267,224,,
4.250263,224,1742,0
4.252652,224,,
4.253309,224,,
4.254245,224,,
4.255195,224,,
4.256113,224,,
4.265704,224,,
4.266676,224,,
4.267596,224,1742,0
4.270065,224,,
4.270996,224,,
4.276649,224,,
4.277583,224,,
4.278520,224,,
4.279115,224,,
4.280068,224,,
4.281001,224,1742,0
4.283492,224,,
4.284071,224,,
4.284684,224,,
4.285346,224,,
4.285946,224,,
4.286876,224,,
4.296635,224,,
4.297652,224,1742,0
4.300537,224,,
4.301473,224,,
4.302418,224,,
4.308130,224,,
4.308732,224,,
4.309761,224,,
4.310594,224,,
4.311189,224,1742,0
4.313808,224,,
4.314392,224,,
4.315402,224,,
4.316353,224,,
4.317299,224,,
4.318259,224,,
4.327579,224,,
4.328159,224,1742,0
4.329986,224,,
4.330617,224,,
4.331245,224,,
4.331827,224,,
4.332470,224,,
4.333054,224,,
4.338852,224,,
4.339443,224,1742,0
4.341288,224,,
4.341833,224,,
4.342510,224,,
4.343126,224,,
4.343766,224,,
4.344393,224,,
4.344988,224,,
4.345610,224,1742,0
4.347464,224,,
4.348089,224,,
4.348969,224,,
4.358556,224,,
4.359124,224,,
4.359731,224,,
4.360390,224,,
4.360984,224,1742,0
4.362850,224,,
4.363489,224,,
4.364136,224,,
4.369826,224,,
4.370465,224,,
4.371087,224,,
4.371750,224,,
4.372349,224,1742,0
4.374149,224,,
4.374839,224,,
4.375430,224,,
4.376347,224,,
4.376922,224,,
4.377576,224,,
4.378207,224,,
4.378782,224,1742,0
4.389669,224,,
4.390255,224,,
4.390861,224,,
4.391503,224,,
4.392095,224,,
4.392725,224,,
4.393332,224,,
4.393942,224,1742,0
4.401403,224,,
4.402016,224,,
4.402652,224,,
4.403288,224,,
4.403880,224,,
4.404470,224,,
4.405121,224,,
4.405698,224,1742,0
4.407605,224,,
4.408229,224,,
4.408824,224,,
4.409607,224,,
4.410520,224,,
4.411487,224,,
4.420867,224,,
4.421748,224,1742,0
4.424246,224,,
4.425136,224,,
4.425794,224,,
4.431801,224,,
4.432422,224,,
4.433373,224,,
4.434237,224,,
4.434803,224,1742,0
4.436709,224,,
4.437340,224,,
4.437965,224,,
4.438555,224,,
4.439160,224,,
4.439778,224,,
4.440421,224,,
4.441007,224,1742,0
4.452489,224,,
4.453063,224,,
4.453944,224,,
4.454850,224,,
4.455800,224,,
4.456709,224,,
4.462732,224,,
4.463713,224,1742,0
4.465760,224,,
4.466710,224,,
4.467326,224,,
4.467888,224,,
4.468501,224,,
4.469158,224,,
4.469801,224,,
4.470391,224,1742,0
4.472531,224,,
4.473198,224,,
4.482876,224,,
4.483725,224,,
4.484322,224,,
4.484871,224,,
4.485494,224,,
4.486166,224,1742,0
4.487977,224,,
4.494151,224,,
4.494968,224,,
4.495625,224,,
4.496751,224,,
4.497632,224,,
4.498579,224,,
4.499210,224,1742,0
4.501028,224,,
4.501689,224,,
4.502298,224,,
4.502902,224,,
4.503525,224,,
4.504571,224,,
4.514244,224,,
4.515571,224,1742,0
4.519125,224,,
4.525055,224,,
4.526078,224,,
4.527124,224,,
4.528245,224,,
4.529366,224,,
4.530595,224,,
4.531863,224,1742,0
4.535010,224,,
4.544594,224,,
4.545541,224,,
4.546493,224,,
4.547102,224,,
4.547693,224,,
4.548613,224,,
4.549257,224,1742,0
4.556267,224,,
4.557254,224,,
4.557891,224,,
4.558872,224,,
4.559521,224,,
4.560496,224,,
4.561136,224,,
4.562063,224,1742,0
4.564135,224,,
4.564732,224,,
4.565327,224,,
4.565934,224,,
4.575617,224,,
4.576167,224,,
4.577141,224,,
4.577779,224,1742,0
4.579635,224,,
4.580276,224,,
4.580877,224,,
4.586977,224,,
4.587598,224,,
4.588239,224,,
4.588854,224,,
4.589466,224,1742,0
4.591738,224,,
4.592685,224,,
4.593614,224,,
4.594191,224,,
4.594802,224,,
4.595414,224,,
4.595998,224,,
4.596636,224,1742,0
4.608579,224,,
4.609686,224,,
4.610656,224,,
4.611600,224,,
4.612208,224,,
4.618047,224,,
4.618994,224,,
4.619579,224,1742,0
4.622533,224,,
4.623114,224,,
4.623756,224,,
4.624730,224,,
4.625694,224,,
4.626642,224,,
4.627302,224,,
4.628265,224,1742,0
4.639166,224,,
4.640112,224,,
4.641360,224,,
4.642563,224,,
4.648952,224,,
4.650043,224,,
4.651106,224,,
4.652227,224,1742,0
4.655761,224,,
4.656690,224,,
4.657948,224,,
4.659186,224,,
4.668873,224,,
4.670113,223,,
4.671276,223,,
4.672505,223,1742,0
4.681099,223,,
4.682011,223,,
4.683024,223,,
4.684040,223,,
4.685080,223,,
4.686016,223,,
4.686951,223,,
4.687886,223,1742,0
4.689769,223,,
4.699523,224,,
4.700110,224,,
4.701056,224,,
4.701690,224,,
4.702353,224,,
4.702943,224,,
4.703555,224,1742,0
4.710671,224,,
4.711245,224,,
4.711863,224,,
4.712475,224,,
4.713093,224,,
4.713692,224,,
4.714341,224,,
4.714922,224,1742,0
4.717281,224,,
4.718007,224,,
4.718975,224,,
4.719833,224,,
4.720397,224,,
4.721008,224,,
4.730702,224,,
4.731948,224,1742,0
4.734831,224,,
4.735762,224,,
4.741850,224,,
4.742810,224,,
4.743789,224,,
4.744796,224,,
4.745809,224,,
4.746832,224,1742,0
4.749851,224,,
4.750849,224,,
4.751849,224,,
4.761526,224,,
4.762405,224,,
4.762998,224,,
4.763589,224,,
4.764222,224,1742,0
4.766081,224,,
4.766851,224,,
4.772957,224,,
4.773898,224,,
4.774825,224,,
4.775409,224,,
4.776355,224,,
4.777304,224,1742,0
4.779836,224,,
4.780479,224,,
4.781116,224,,
4.781992,224,,
4.782599,224,,
4.792457,224,,
4.793136,224,,
4.794066,224,1742,0
4.796933,224,,
4.797864,224,,
4.803866,224,,
4.804824,224,,
4.805788,224,,
4.806776,224,,
4.807739,224,,
4.808701,224,1742,0
4.811120,224,,
4.811741,224,,
4.812291,224,,
4.812903,224,,
4.813508,224,,
4.814127,224,,
4.823708,224,,
4.824598,224,1742,0
4.826447,224,,
4.827060,224,,
4.827675,224,,
4.828321,224,,
4.828947,224,,
4.834689,224,,
4.835285,224,,
4.835870,224,1742,0
4.837755,224,,
4.838371,224,,
4.838971,224,,
4.839568,224,,
4.840230,224,,
4.840801,224,,
4.841469,224,,
4.842088,224,1742,0
4.843954,224,,
4.844568,224,,
4.854507,224,,
4.855354,224,,
4.855975,224,,
4.856591,224,,
4.857196,224,,
4.857811,224,1742,0
4.859664,224,,
4.865951,224,,
4.866567,224,,
4.867178,224,,
4.867822,224,,
4.868756,224,,
4.869739,224,,
4.870723,224,1742,0
4.872962,224,,
4.873576,224,,
4.874222,224,,
4.874853,224,,
4.875471,224,,
4.876052,224,,
4.885833,224,,
4.886706,224,1742,0
4.888939,224,,
4.889548,224,,
4.890189,224,,
4.891044,224,,
4.896764,224,,
4.897691,224,,
4.898664,224,,
4.899605,224,1742,0
4.902078,224,,
4.902711,224,,
4.903293,224,,
4.903900,224,,
4.904560,224,,
4.905487,224,,
4.906143,224,,
4.906751,224,1742,0
4.918518,224,,
4.919064,224,,
4.919735,224,,
4.920651,224,,
4.921301,224,,
4.921915,224,,
4.927749,224,,
4.928640,224,1742,0
4.930505,224,,
4.931152,224,,
4.931773,224,,
4.932345,224,,
4.932965,224,,
4.933572,224,,
4.934230,224,,
4.934823,224,1742,0
4.936643,224,,
4.937303,224,,
4.938262,224,,
4.947792,224,,
4.948734,224,,
4.949304,224,,
4.950255,224,,
4.950836,224,1742,0
4.953030,224,,
4.959044,224,,
4.959988,224,,
4.960613,224,,
4.961187,224,,
4.961858,224,,
4.963221,223,,
4.964296,223,1742,0
4.966802,223,,
4.967960,223,,
4.968906,223,,
4.978482,223,,
4.979105,223,,
4.979986,223,,
4.980616,223,,
4.981217,223,1742,0
4.983049,223,,
4.983697,223,,
4.989766,223,,
4.990696,223,,
4.991632,223,,
4.992260,224,,
4.993197,224,,
4.994162,224,1742,0
4.996126,224,,
4.997049,224,,
4.997668,224,,
4.998600,224,,
4.999242,224,,
4.999847,224,,
5.009474,224,,
5.010101,224,1742,0
5.012687,224,,
5.013633,224,,
5.014650,224,,
5.021055,224,,
5.021951,224,,
5.022918,224,,
5.023544,224,,
5.024189,224,1742,0
5.026097,224,,
5.026745,224,,
5.027400,224,,
5.028009,224,,
5.028627,224,,
5.029576,224,,
5.030858,224,,
5.040660,224,1742,0
5.044271,224,,
5.045460,224,,
5.046673,224,,
5.052312,224,,
5.053255,224,,
5.054112,224,,
5.054722,224,,
5.055339,224,1742,0
5.057543,224,,
5.058208,224,,
5.059165,224,,
5.060052,224,,
5.060666,224,,
5.061600,224,,
5.062214,224,,
5.072005,224,1742,0
5.074543,224,,
5.075177,224,,
5.076053,224,,
5.077085,224,,
5.082728,224,,
5.083643,224,,
5.084240,224,,
5.085165,224,1742,0
5.087046,224,,
5.087657,224,,
5.088320,224,,
5.089267,224,,
5.089891,224,,
5.090552,224,,
5.091199,224,,
5.092150,224,1742,0
5.103208,224,,
5.103874,224,,
5.104778,224,,
5.105731,224,,
5.106617,224,,
5.107267,224,,
5.107868,224,,
5.113738,224,1742,0
5.115928,223,,
5.116538,223,,
5.117168,223,,
5.117778,223,,
5.118418,223,,
5.119042,223,,
5.119618,223,,
5.120242,223,1742,0
5.122185,223,,
5.123132,223,,
5.123794,223,,
5.133563,223,,
5.134461,223,,
5.135009,223,,
5.135624,223,,
5.136274,223,1742,0
5.138861,223,,
5.145007,224,,
5.145859,224,,
5.146499,224,,
5.147079,224,,
5.147700,224,,
5.148332,224,,
5.148950,224,1742,0
5.150809,224,,
5.151751,224,,
5.152373,224,,
5.152952,224,,
5.153601,224,,
5.154213,224,,
5.154876,224,,
5.164671,224,1742,0
5.167465,224,,
5.168041,224,,
5.168701,224,,
5.169314,224,,
5.169861,224,,
5.175765,224,,
5.176345,224,,
5.177310,224,1742,0
5.179914,224,,
5.180804,224,,
5.181388,224,,
5.182017,224,,
5.182652,224,,
5.183593,224,,
5.184218,224,,
5.184835,224,1742,0
5.196522,224,,
5.197483,224,,
5.198459,224,,
5.199432,224,,
5.200381,224,,
5.200968,224,,
5.206831,224,,
5.207805,224,1742,0
5.210375,224,,
5.211338,224,,
5.211930,224,,
5.212876,224,,
5.213513,224,,
5.214134,224,,
5.214779,224,,
5.215392,224,1742,0
5.217255,224,,
5.226852,224,,
5.227814,224,,
5.228782,224,,
5.229766,224,,
5.230713,224,,
5.231655,224,,
5.237922,224,1742,0
5.239787,224,,
5.240786,224,,
5.241767,224,,
5.242387,224,,
5.242954,224,,
5.243592,224,,
5.244545,224,,
5.245169,224,1742,0
5.247015,224,,
5.247616,224,,
5.257548,224,,
5.258179,224,,
5.258833,224,,
5.259798,224,,
5.260411,224,,
5.261025,224,1742,0
5.262933,224,,
5.268744,224,,
5.269352,224,,
5.269954,224,,
5.270943,224,,
5.271899,224,,
5.272533,224,,
5.273178,224,1742,0
5.275024,224,,
5.275777,224,,
5.276385,224,,
5.276947,224,,
5.277590,224,,
5.278205,224,,
5.278826,224,,
5.288768,224,1742,0
5.291750,224,,
5.292791,224,,
5.293875,224,,
5.299746,224,,
5.300640,224,,
5.301585,224,,
5.302534,224,,
5.303156,224,1742,0
5.305724,224,,
5.306656,224,,
5.307600,224,,
5.308229,224,,
5.309173,224,,
5.309817,224,,
5.319510,224,,
5.320135,224,1742,0
5.322641,224,,
5.323292,224,,
5.323921,224,,
5.324543,224,,
5.325141,224,,
5.331319,224,,
5.332191,224,,
5.333098,224,1742,0
5.335319,224,,
5.335896,224,,
5.336536,224,,
5.337503,224,,
5.338434,224,,
5.339054,224,,
5.339668,224,,
5.340283,224,1742,0
5.351246,224,,
5.352080,224,,
5.353027,224,,
5.353640,224,,
5.354257,224,,
5.354839,224,,
5.355464,224,,
5.356069,224,1742,0
5.363789,224,,
5.364919,224,,
5.366079,224,,
5.367213,224,,
5.368260,224,,
5.369294,224,,
5.370054,224,,
5.370976,224,1742,0
5.382100,223,,
5.382669,223,,
5.383330,223,,
5.383889,223,,
5.384554,223,,
5.385168,223,,
5.385813,223,,
5.386407,223,1742,0
5.393803,223,,
5.394931,223,,
5.395897,223,,
5.396770,223,,
5.397359,223,,
5.397919,223,,
5.398548,223,,
5.399171,223,1742,0
5.401325,223,,
5.401897,223,,
5.402547,223,,
5.412434,224,,
5.413013,224,,
5.413616,224,,
5.414210,224,,
5.414805,224,1742,0
5.416692,224,,
5.417447,224,,
5.418413,224,,
5.424103,224,,
5.424712,224,,
5.425626,224,,
5.426252,224,,
5.426871,224,1742,0
5.429362,224,,
5.430336,224,,
5.431237,224,,
5.431826,224,,
5.432452,224,,
5.433049,224,,
5.433684,224,,
5.443508,223,1742,0
5.445732,223,,
5.446575,223,,
5.447534,223,,
5.448471,223,,
5.449409,223,,
5.454910,223,,
5.455527,223,,
5.456474,223,1742,0
5.458598,223,,
5.459236,223,,
5.459818,223,,
5.460421,223,,
5.461045,223,,
5.462015,223,,
5.462654,223,,
5.463581,223,1742,0
5.474548,224,,
5.475405,224,,
5.476093,224,,
5.477002,224,,
5.477641,224,,
5.478587,224,,
5.479222,224,,
5.479807,224,1742,0
5.487276,224,,
5.488204,224,,
5.488796,224,,
5.489920,224,,
5.490880,224,,
5.491752,224,,
5.492354,224,,
5.492957,224,1742,0
5.494811,224,,
5.495742,224,,
5.505459,224,,
5.506023,224,,
5.506637,224,,
5.507265,224,,
5.507867,224,,
5.508523,224,1742,0
5.510709,224,,
5.516887,224,,
5.517507,224,,
5.518094,224,,
5.518736,224,,
5.519368,224,,
5.519998,224,,
5.520633,224,1742,0
5.522533,224,,
5.523190,224,,
5.523796,224,,
5.524752,224,,
5.525729,224,,
5.526662,224,,
5.536531,224,,
5.537134,224,1742,0
5.538959,224,,
5.539582,224,,
5.540180,224,,
5.540821,224,,
5.541445,224,,
5.542071,224,,
5.547831,224,,
5.548792,224,1742,0
5.550636,224,,
5.551269,224,,
5.551905,224,,
5.552879,224,,
5.553843,224,,
5.554492,224,,
5.555115,224,,
5.556095,224,1742,0
5.558014,224,,
5.567569,224,,
5.568175,224,,
5.568822,224,,
5.569436,224,,
5.570083,224,,
5.570739,224,,
5.571327,224,1742,0
5.578636,224,,
5.579291,224,,
5.579894,224,,
5.580482,224,,
5.581108,224,,
5.581732,224,,
5.582332,224,,
5.582969,224,1742,0
5.585143,224,,
5.585760,224,,
5.586909,223,,
5.587831,223,,
5.588766,223,,
5.598584,223,,
5.599196,223,,
5.599814,223,1742,0
5.601623,223,,
5.602300,223,,
5.602863,223,,
5.603517,223,,
5.604466,223,,
5.610266,223,,
5.611205,223,,
5.611839,223,1742,0
5.613599,223,,
5.614216,223,,
5.614822,223,,
5.615436,223,,
5.616085,223,,
5.616729,223,,
5.617307,223,,
5.617896,223,1742,0
5.619819,223,,
5.629569,223,,
5.630525,223,,
5.631125,223,,
5.631751,223,,
5.632704,223,,
5.633344,223,,
5.633907,223,1742,0
5.640921,223,,
5.641523,223,,
5.642148,223,,
5.642763,223,,
5.643351,223,,
5.644003,223,,
5.644951,223,,
5.645603,223,1742,0
5.647842,223,,
5.648805,223,,
5.649409,223,,
5.649991,223,,
5.650934,223,,
5.660594,223,,
5.661569,223,,
5.662529,223,1742,0
5.664749,223,,
5.665679,223,,
5.671703,223,,
5.672335,223,,
5.672946,223,,
5.673601,223,,
5.674241,223,,
5.674873,223,1742,0
5.677505,223,,
5.678463,223,,
5.679048,223,,
5.679687,223,,
5.680637,223,,
5.681783,223,,
5.691592,223,,
5.692173,223,1742,0
5.694362,223,,
5.694957,223,,
5.695572,223,,
5.696196,223,,
5.696812,223,,
5.702881,223,,
5.703510,223,,
5.704129,223,1742,0
5.706018,223,,
5.706666,223,,
5.707604,223,,
5.708564,223,,
5.709214,223,,
5.709886,223,,
5.710506,223,,
5.711446,223,1742,0
5.723832,223,,
5.724766,223,,
5.725636,223,,
5.726597,223,,
5.727199,223,,
5.727794,223,,
5.733928,223,,
5.734925,223,1742,0
5.737803,223,,
5.738704,223,,
5.739640,223,,
5.740262,223,,
5.740891,223,,
5.741524,223,,
5.742169,223,,
5.743138,223,1742,0
5.754625,223,,
5.755205,223,,
5.755850,223,,
5.756813,223,,
5.757396,223,,
5.758001,223,,
5.758611,223,,
5.764668,223,1742,0
5.766845,223,,
5.767536,223,,
5.768405,224,,
5.769347,224,,
5.769991,224,,
5.770614,224,,
5.771210,224,,
5.771862,224,1742,0
5.774108,224,,
5.774769,224,,
5.784464,224,,
5.785053,224,,
5.785678,224,,
5.786604,224,,
5.787210,224,,
5.787836,224,1742,0
5.789763,224,,
5.796025,224,,
5.796643,224,,
5.797274,224,,
5.797857,224,,
5.798510,224,,
5.799094,224,,
5.799735,224,1742,0
5.801878,223,,
5.802544,223,,
5.803485,223,,
5.804127,223,,
5.804781,223,,
5.805593,223,,
5.815580,223,,
5.816453,223,1742,0
5.818944,223,,
5.819580,223,,
5.820550,223,,
5.826634,223,,
5.827600,223,,
5.828530,223,,
5.829186,223,,
5.829806,223,1742,0
5.831669,223,,
5.832604,223,,
5.833259,223,,
5.833865,223,,
5.834844,223,,
5.835791,223,,
5.836392,223,,
5.837014,223,1742,0
5.849059,223,,
5.850086,223,,
5.851091,223,,
5.852086,223,,
5.857833,223,,
5.858797,223,,
5.859918,223,,
5.860841,223,1742,0
5.862942,223,,
5.863576,223,,
5.864192,223,,
5.864820,223,,
5.865775,223,,
5.866395,223,,
5.866970,223,,
5.867620,223,1742,0
5.879235,223,,
5.880141,223,,
5.881061,223,,
5.881690,223,,
5.882622,223,,
5.888878,223,,
5.889511,223,,
5.890453,223,1742,0
5.892891,223,,
5.893512,223,,
5.894089,223,,
5.894710,223,,
5.895317,223,,
5.895898,223,,
5.896515,223,,
5.897378,223,1742,0
5.909048,223,,
5.910077,223,,
5.911116,223,,
5.912220,223,,
5.913439,223,,
5.914421,223,,
5.920022,223,,
5.920901,223,1742,0
5.923023,223,,
5.924030,223,,
5.924944,223,,
5.925549,223,,
5.926123,223,,
5.927135,223,,
5.928025,223,,
5.928687,223,1742,0
5.940070,223,,
5.940749,223,,
5.941288,223,,
5.941901,223,,
5.942541,223,,
5.943176,223,,
5.943819,223,,
5.944786,223,1742,0
5.951797,223,,
5.952405,223,,
5.952987,223,,
5.953605,223,,
5.954549,223,,
5.955151,223,,
5.955818,223,,
5.956430,223,1742,0
5.958279,223,,
5.958926,223,,
5.959500,223,,
5.960451,223,,
5.961001,223,,
5.970747,223,,
5.971668,223,,
5.972623,223,1742,0
5.974489,223,,
5.975106,223,,
5.975764,223,,
5.981949,224,,
5.982537,224,,
5.983351,224,,
5.984240,224,,
5.984873,224,1742,0
5.987387,224,,
5.988323,224,,
5.989214,224,,
5.990200,224,,
5.991079,224,,
5.991690,224,,
6.001523,224,,
6.002127,224,1742,0
6.004337,224,,
6.004879,224,,
6.005541,224,,
6.006468,224,,
6.007109,224,,
6.012932,224,,
6.013842,224,,
6.014798,224,1742,0
6.016599,224,,
6.017209,224,,
6.017821,224,,
6.018424,224,,
6.019068,224,,
6.019687,224,,
6.020291,224,,
6.020863,224,1742,0
6.022756,224,,
6.032500,224,,
6.033583,224,,
6.034652,224,,
6.035760,224,,
6.036651,224,,
6.037538,224,,
6.038142,223,1742,0
6.045139,223,,
6.045793,223,,
6.046369,223,,
6.046996,223,,
6.047624,223,,
6.048561,223,,
6.049160,223,,
6.049769,223,1742,0
6.051611,223,,
6.052224,223,,
6.052848,223,,
6.053430,223,,
6.054045,223,,
6.063870,223,,
6.064726,223,,
6.065645,223,1742,0
6.067484,223,,
6.068068,223,,
6.068712,224,,
6.074869,224,,
6.075531,224,,
6.076496,224,,
6.077125,224,,
6.077740,224,1742,0
6.079557,224,,
6.080184,224,,
6.080763,224,,
6.081409,224,,
6.082361,224,,
6.082959,224,,
6.083590,224,,
6.084679,224,1742,0
6.096051,224,,
6.096666,224,,
6.097415,224,,
6.098423,224,,
6.099406,224,,
6.100258,224,,
6.105813,224,,
6.106656,224,1742,0
6.108820,224,,
6.109811,224,,
6.110361,224,,
6.110969,224,,
6.111574,224,,
6.112231,224,,
6.112849,224,,
6.113479,224,1742,0
6.115314,224,,
6.115872,224,,
6.125613,224,,
6.126227,224,,
6.126845,224,,
6.127463,224,,
6.128022,224,,
6.128773,224,1742,0
6.130815,224,,
6.136652,224,,
6.137252,224,,
6.138202,224,,
6.138822,224,,
6.139429,224,,
6.140037,224,,
6.140658,224,1742,0
6.142490,224,,
6.143112,224,,
6.143735,224,,
6.144333,224,,
6.145260,224,,
6.145900,224,,
6.146485,224,,
6.147119,224,1742,0
6.157968,224,,
6.158568,224,,
6.159224,224,,
6.159857,224,,
6.160508,224,,
6.161128,224,,
6.161785,224,,
6.167930,224,1742,0
6.170090,224,,
6.170679,224,,
6.171312,224,,
6.171915,224,,
6.172523,224,,
6.173490,224,,
6.174107,224,,
6.174737,224,1742,0
6.176529,224,,
6.177158,224,,
6.177778,224,,
6.187501,224,,
6.188453,224,,
6.189064,224,,
6.189674,224,,
6.190641,224,1742,0
6.192925,224,,
6.198688,224,,
6.199586,224,,
6.200523,224,,
6.201162,224,,
6.201790,224,,
6.202699,224,,
6.203349,224,1742,0
6.205234,224,,
6.205878,224,,
6.206473,224,,
6.207097,224,,
6.207743,224,,
6.208675,224,,
6.218584,224,,
6.219420,224,1742,0
6.221303,224,,
6.221930,224,,
6.222897,224,,
6.223538,224,,
6.224174,224,,
6.229934,224,,
6.230531,224,,
6.231494,224,1742,0
6.233356,224,,
6.233966,224,,
6.234560,224,,
6.235204,224,,
6.235848,224,,
6.236771,224,,
6.237391,224,,
6.238034,224,1742,0
6.239935,224,,
6.249563,224,,
6.250520,224,,
6.251129,224,,
6.252316,224,,
6.253408,224,,
6.254505,224,,
6.255564,224,1742,0
6.262353,224,,
6.263045,224,,
6.263651,224,,
6.264603,224,,
6.265230,224,,
6.265850,224,,
6.266468,224,,
6.267043,224,1742,0
6.268885,224,,
6.269525,224,,
6.270496,224,,
6.271457,224,,
6.280892,223,,
6.281820,223,,
6.282708,223,,
6.283350,223,1742,0
6.285213,223,,
6.285790,223,,
6.291784,223,,
6.292571,223,,
6.293183,223,,
6.293790,223,,
6.294512,223,,
6.295455,223,1742,0
6.298411,223,,
6.299474,223,,
6.300498,223,,
6.301546,223,,
6.311656,223,,
6.312833,223,,
6.314010,223,,
6.315109,223,1742,0
6.323134,223,,
6.324421,223,,
6.325692,223,,
6.326967,223,,
6.328189,223,,
6.329386,223,,
6.330625,223,,
6.331856,223,1742,0
6.343502,223,,
6.344100,223,,
6.344736,223,,
6.345340,223,,
6.346404,223,,
6.347238,223,,
6.348176,223,,
6.353948,223,1742,0
6.356157,223,,
6.356795,223,,
6.357415,223,,
6.358057,223,,
6.358696,223,,
6.359653,223,,
6.360265,223,,
6.360873,223,1742,0
6.362736,223,,
6.363696,223,,
6.373515,223,,
6.374101,223,,
6.375069,223,,
6.375672,223,,
6.376281,223,,
6.377193,223,1742,0
6.379040,223,,
6.384786,223,,
6.385700,223,,
6.386307,223,,
6.387247,223,,
6.387862,223,,
6.388511,223,,
6.389161,223,1742,0
6.391756,223,,
6.392945,223,,
6.393950,223,,
6.394915,223,,
6.404544,223,,
6.405426,223,,
6.406037,223,,
6.406668,223,1742,0
6.408908,223,,
6.409548,223,,
6.415624,223,,
6.416552,223,,
6.417510,223,,
6.418166,223,,
6.419120,223,,
6.419753,223,1742,0
6.421606,223,,
6.422253,223,,
6.422866,223,,
6.423525,223,,
6.424162,223,,
6.424831,223,,
6.425412,223,,
6.426034,223,1742,0
6.436883,223,,
6.437499,223,,
6.438118,223,,
6.438771,223,,
6.439359,223,,
6.440346,223,,
6.440921,223,,
6.447073,223,1742,0
6.449554,223,,
6.450206,223,,
6.451127,223,,
6.451752,223,,
6.452350,224,,
6.452956,224,,
6.453590,224,,
6.454211,224,1742,0
6.456082,224,,
6.457061,224,,
6.466538,224,,
6.467119,224,,
6.467742,224,,
6.468665,224,,
6.469290,224,,
6.469907,224,1742,0
6.477650,224,,
6.478597,224,,
6.479253,224,,
6.480194,224,,
6.480815,224,,
6.481443,224,,
6.482048,224,,
6.482679,223,1742,0
6.484815,223,,
6.485447,223,,
6.486041,223,,
6.486654,223,,
6.487283,223,,
6.488228,223,,
6.497620,223,,
6.498671,223,1742,0
6.501732,223,,
6.502762,223,,
6.508679,223,,
6.509260,223,,
6.509853,223,,
6.510493,223,,
6.511093,223,,
6.511708,223,1742,0
6.513547,223,,
6.514162,223,,
6.514958,223,,
6.516061,223,,
6.517082,223,,
6.518158,223,,
6.519132,223,,
6.528710,223,1742,0
6.531181,223,,
6.532094,223,,
6.533015,223,,
6.533650,223,,
6.539992,223,,
6.540579,223,,
6.541294,223,,
6.542149,223,1742,0
6.544334,223,,
6.544946,223,,
6.545537,223,,
6.546185,223,,
6.546798,223,,
6.547420,223,,
6.548018,223,,
6.548660,223,1742,0
6.559696,223,,
6.560597,223,,
6.561225,223,,
6.561852,223,,
6.562474,223,,
6.563101,223,,
6.563758,223,,
6.564739,223,1742,0
6.572274,223,,
6.573232,223,,
6.573827,223,,
6.574802,223,,
6.575775,223,,
6.576382,223,,
6.576997,223,,
6.577941,223,1742,0
6.580208,223,,
6.580856,223,,
6.590534,223,,
6.591475,223,,
6.592089,223,,
6.593069,223,,
6.594034,223,,
6.594655,223,1742,0
6.601799,223,,
6.602421,223,,
6.603007,223,,
6.603638,223,,
6.604243,223,,
6.604838,223,,
6.605465,223,,
6.606069,223,1742,0
6.607905,223,,
6.608522,223,,
6.609131,223,,
6.609770,223,,
6.610368,223,,
6.610979,223,,
6.611568,223,,
6.621553,223,1742,0
6.624820,223,,
6.625759,223,,
6.626631,223,,
6.632897,223,,
6.633499,223,,
6.634108,223,,
6.635039,223,,
6.635668,223,1742,0
6.637483,223,,
6.638098,223,,
6.638736,223,,
6.639342,223,,
6.640260,223,,
6.640859,223,,
6.641462,223,,
6.642076,223,1742,0
6.653365,223,,
6.653993,223,,
6.654595,223,,
6.655213,223,,
6.655833,223,,
6.656456,223,,
6.657045,223,,
6.657660,223,1742,0
6.665390,223,,
6.666243,223,,
6.667299,223,,
6.668165,223,,
6.669092,223,,
6.670039,223,,
6.670935,223,,
6.671588,223,1742,0
6.673773,223,,
6.683458,223,,
6.684003,223,,
6.684598,223,,
6.685267,223,,
6.686189,223,,
6.686819,223,,
6.687399,223,1742,0
6.694650,223,,
6.695228,223,,
6.695834,223,,
6.696431,223,,
6.697078,223,,
6.697689,223,,
6.698296,223,,
6.698866,223,1742,0
6.700736,223,,
6.701355,223,,
6.701944,223,,
6.702580,223,,
6.703193,223,,
6.703812,223,,
6.704443,223,,
6.705037,223,1742,0
6.716513,223,,
6.717151,223,,
6.717769,223,,
6.718391,223,,
6.718980,223,,
6.719580,223,,
6.720218,223,,
6.726240,223,1742,0
6.729014,223,,
6.729895,223,,
6.730841,223,,
6.731525,223,,
6.732106,223,,
6.732738,223,,
6.733661,223,,
6.734298,223,1742,0
6.736168,223,,
6.745962,223,,
6.746931,223,,
6.747939,223,,
6.748900,223,,
6.749840,223,,
6.750832,223,,
6.756652,223,1742,0
6.758938,223,,
6.759853,223,,
6.760768,223,,
6.761364,223,,
6.762306,223,,
6.762867,223,,
6.763532,223,,
6.764486,223,1742,0
6.766346,223,,
6.767282,223,,
6.776630,223,,
6.777582,223,,
6.778556,223,,
6.779510,223,,
6.780453,223,,
6.781092,223,1742,0
6.788306,223,,
6.788932,223,,
6.789560,223,,
6.790500,223,,
6.791168,223,,
6.792083,223,,
6.792748,223,,
6.793698,223,1742,0
6.795864,223,,
6.796851,223,,
6.797830,223,,
6.807670,223,,
6.808281,223,,
6.809240,223,,
6.810209,223,,
6.811236,223,1742,0
6.819043,223,,
6.819905,223,,
6.820592,223,,
6.821488,223,,
6.822431,223,,
6.823018,223,,
6.823638,223,,
6.824274,223,1742,0
6.826135,223,,
6.827095,223,,
6.827705,223,,
6.828322,223,,
6.829272,223,,
6.838861,223,,
6.839848,223,,
6.840689,223,1742,0
6.842505,223,,
6.843098,223,,
6.843763,223,,
6.849688,223,,
6.850546,223,,
6.851183,223,,
6.851818,223,,
6.852801,223,1742,0
6.855262,223,,
6.856191,223,,
6.857409,223,,
6.858611,223,,
6.859679,223,,
6.869532,223,,
6.870416,223,,
6.871022,223,1742,0
6.873204,223,,
6.873829,223,,
6.874782,223,,
6.880642,223,,
6.881235,223,,
6.881861,223,,
6.882815,223,,
6.883442,223,1742,0
6.885329,223,,
6.885948,223,,
6.886918,223,,
6.887888,223,,
6.888521,223,,
6.889143,223,,
6.889772,223,,
6.890377,223,1742,0
6.901846,223,,
6.902962,223,,
6.903958,223,,
6.904929,223,,
6.905896,223,,
6.911956,223,,
6.913038,223,,
6.914040,223,1742,0
6.916904,223,,
6.917912,223,,
6.918836,223,,
6.919763,223,,
6.920681,223,,
6.921622,223,,
6.931543,223,,
6.932461,223,1742,0
6.934585,223,,
6.935199,223,,
6.936095,223,,
6.936757,223,,
6.942707,223,,
6.943664,223,,
6.944630,223,,
6.945603,223,1742,0
6.948069,223,,
6.948684,223,,
6.949308,223,,
6.949975,223,,
6.950866,223,,
6.951476,223,,
6.952449,223,,
6.953414,223,1742,0
6.964288,223,,
6.965229,223,,
6.966130,223,,
6.967101,223,,
6.968063,223,,
6.974022,223,,
6.975021,223,,
6.975931,223,1742,0
6.978446,223,,
6.979092,223,,
6.979724,223,,
6.980367,223,,
6.980975,223,,
6.981594,223,,
6.982207,223,,
6.982815,223,1742,0
6.993771,223,,
6.994703,223,,
6.995659,223,,
6.996284,223,,
6.997239,223,,
6.998174,223,,
6.998816,223,,
7.004945,223,1742,0
7.006839,223,,
7.007779,223,,
7.008387,223,,
7.009038,223,,
7.009637,223,,
7.010590,223,,
7.011221,223,,
7.012188,223,1742,0
7.014819,223,,
7.024603,223,,
7.025533,223,,
7.026156,223,,
7.027090,223,,
7.027759,223,,
7.028932,223,,
7.029888,223,1742,0
7.037307,223,,
7.037933,223,,
7.038561,223,,
7.039196,223,,
7.039827,223,,
7.040426,223,,
7.041047,223,,
7.041678,223,1742,0
7.043554,223,,
7.044498,223,,
7.045458,223,,
7.046089,223,,
7.055784,223,,
7.056355,223,,
7.057316,223,,
7.058285,223,1742,0
7.060196,223,,
7.060827,223,,
7.066596,223,,
7.067179,223,,
7.067796,223,,
7.068398,223,,
7.068996,223,,
7.069770,223,1742,0
7.071863,223,,
7.072802,223,,
7.073779,223,,
7.074759,223,,
7.075690,223,,
7.076766,223,,
7.086596,223,,
7.087524,223,1742,0
7.089786,223,,
7.090734,223,,
7.091317,223,,
7.091912,223,,
7.098017,223,,
7.098676,223,,
7.099548,223,,
7.100484,223,1742,0
7.102707,223,,
7.103337,223,,
7.103928,223,,
7.104586,223,,
7.105441,223,,
7.106781,223,,
7.107801,223,,
7.117580,223,1742,0
7.120090,223,,
7.120738,223,,
7.121360,223,,
7.121983,223,,
7.122614,223,,
7.128643,223,,
7.129278,223,,
7.129893,223,1742,0
7.133138,223,,
7.134256,223,,
7.135420,223,,
7.136614,223,,
7.137872,223,,
7.138984,223,,
7.148751,223,,
7.149802,223,1742,0
7.153097,223,,
7.154319,223,,
7.160020,223,,
7.160995,223,,
7.161862,223,,
7.162454,223,,
7.163069,223,,
7.163704,223,1742,0
7.165849,223,,
7.166451,223,,
7.167057,223,,
7.167686,223,,
7.168321,223,,
7.168908,223,,
7.169515,223,,
7.179586,223,1742,0
7.182836,223,,
7.184019,223,,
7.185157,223,,
7.191157,223,,
7.192454,223,,
7.193852,223,,
7.195246,223,,
7.196617,223,1742,0
7.200158,223,,
7.201167,223,,
7.210681,223,,
7.211825,223,,
7.212751,223,,
7.213684,223,,
7.214611,223,,
7.215270,223,1742,0
7.223218,223,,
7.224459,223,,
7.225714,223,,
7.227024,223,,
7.228163,223,,
7.229345,223,,
7.230573,223,,
7.231791,223,1742,0
7.243106,223,,
7.243992,223,,
7.244930,223,,
7.245546,223,,
7.246180,223,,
7.246821,223,,
7.252587,223,,
7.253186,223,1742,0
7.255038,223,,
7.255665,223,,
7.256262,223,,
7.256868,223,,
7.257501,223,,
7.258127,223,,
7.258891,223,,
7.259823,223,1742,0
7.262235,223,,
7.263171,223,,
7.272542,223,,
7.273113,223,,
7.273920,223,,
7.274815,223,,
7.275369,223,,
7.276311,223,1742,0
7.278080,223,,
7.284133,223,,
7.285036,223,,
7.285651,223,,
7.286253,223,,
7.286902,223,,
7.287476,223,,
7.288082,223,1742,0
7.289939,223,,
7.290537,223,,
7.291120,223,,
7.291800,223,,
7.292405,223,,
7.293001,223,,
7.293648,223,,
7.303609,223,1742,0
7.305678,223,,
7.306334,223,,
7.306923,223,,
7.307509,223,,
7.308262,223,,
7.309129,223,,
7.314785,223,,
7.315642,223,1742,0
7.318092,223,,
7.318747,223,,
7.319375,223,,
7.319914,223,,
7.320643,223,,
7.321482,223,,
7.322034,223,,
7.322680,223,1742,0
7.324490,223,,
7.325111,223,,
7.334796,223,,
7.335632,223,,
7.336249,223,,
7.336838,223,,
7.337454,223,,
7.338061,223,1742,0
7.339890,223,,
7.345791,223,,
7.346671,223,,
7.347290,223,,
7.347878,223,,
7.348494,223,,
7.349121,223,,
7.349728,223,1742,0
7.351703,223,,
7.352517,223,,
7.353158,223,,
7.353850,223,,
7.354706,223,,
7.355311,223,,
7.355847,223,,
7.365566,223,1742,0
7.367762,223,,
7.368366,223,,
7.368937,223,,
7.369535,223,,
7.370540,223,,
7.371165,223,,
7.377176,223,,
7.377784,223,1742,0
7.379968,223,,
7.380887,223,,
7.381506,223,,
7.382116,223,,
7.382752,223,,
7.383368,223,,
7.383969,223,,
7.384574,223,1742,0
7.387075,223,,
7.396700,223,,
7.398087,223,,
7.399073,223,,
7.399993,223,,
7.400940,223,,
7.401855,223,,
7.407714,223,1742,0
7.409513,223,,
7.410130,223,,
7.410758,223,,
7.411350,223,,
7.411975,223,,
7.412904,223,,
7.413535,223,,
7.414143,223,1742,0
7.416635,223,,
7.417742,223,,
7.427670,223,,
7.428688,223,,
7.429628,223,,
7.430581,223,,
7.431514,223,,
7.432164,223,1742,0
7.439283,223,,
7.440292,223,,
7.440865,223,,
7.441497,223,,
7.442082,223,,
7.442750,223,,
7.443710,223,,
7.444678,223,1742,0
7.448207,223,,
7.449241,223,,
7.458817,223,,
7.460010,223,,
7.461132,223,,
7.462233,223,,
7.463300,223,,
7.464332,223,1742,0
7.472293,223,,
7.473313,223,,
7.474405,223,,
7.475495,223,,
7.476597,223,,
7.477816,223,,
7.478947,223,,
7.479865,223,1742,0
7.490728,223,,
7.492085,223,,
7.493228,223,,
7.494451,223,,
7.495753,223,,
7.501105,223,,
7.502231,223,,
7.503380,223,1742,0
7.507020,223,,
7.508162,223,,
7.509356,223,,
7.510619,223,,
7.520538,223,,
7.521141,223,,
7.521761,223,,
7.522374,223,1742,0
7.524515,223,,
7.525337,223,,
7.526254,223,,
7.532029,223,,
7.532978,223,,
7.534124,223,,
7.535172,223,,
7.536146,223,1742,0
7.538587,223,,
7.539186,223,,
7.540102,223,,
7.540732,223,,
7.541861,223,,
7.551619,223,,
7.552608,223,,
7.553560,223,1742,0
7.556495,223,,
7.557459,223,,
7.563291,223,,
7.564258,223,,
7.565190,223,,
7.566117,223,,
7.566796,223,,
7.567739,223,1742,0
7.570267,223,,
7.570910,223,,
7.571544,223,,
7.572177,223,,
7.573138,223,,
7.582600,223,,
7.583513,223,,
7.584132,223,1742,0
7.586336,223,,
7.586957,223,,
7.587950,223,,
7.593662,223,,
7.594633,223,,
7.595618,223,,
7.596573,223,,
7.597550,223,1742,0
7.600350,223,,
7.601316,223,,
7.602285,223,,
7.603247,223,,
7.604175,223,,
7.613596,223,,
7.614548,223,,
7.615498,223,1742,0
7.617685,223,,
7.618633,223,,
7.624649,223,,
7.625622,223,,
7.626622,223,,
7.627605,223,,
7.628549,223,,
7.629521,223,1742,0
7.631978,223,,
7.632570,223,,
7.633334,223,,
7.634189,223,,
7.634805,223,,
7.644756,223,,
7.645651,223,,
7.646293,223,1742,0
7.648158,223,,
7.648779,223,,
7.649363,223,,
7.649974,223,,
7.656097,223,,
7.656730,223,,
7.657896,223,,
7.658871,223,1742,0
7.661756,223,,
7.662737,223,,
7.663324,223,,
7.664228,223,,
7.664865,223,,
7.665482,223,,
7.666063,223,,
7.675837,223,1742,0
7.677694,223,,
7.678626,223,,
7.679332,223,,
7.680241,223,,
7.680879,223,,
7.686599,223,,
7.687230,223,,
7.687850,223,1742,0
7.690103,223,,
7.691074,223,,
7.691728,223,,
7.692336,223,,
7.692967,223,,
7.693554,223,,
7.694554,223,,
7.695529,223,1742,0
7.706789,223,,
7.707395,223,,
7.708013,223,,
7.708658,223,,
7.709273,223,,
7.709902,223,,
7.710523,223,,
7.711142,223,1742,0
7.718499,223,,
7.719142,223,,
7.719780,223,,
7.720376,223,,
7.721326,223,,
7.721917,223,,
7.722521,223,,
7.723148,223,1742,0
7.724979,223,,
7.725602,223,,
7.726546,223,,
7.727169,223,,
7.727808,223,,
7.737557,223,,
7.738543,223,,
7.739553,223,1742,0
7.741748,223,,
7.742662,223,,
7.748894,223,,
7.749470,223,,
7.750072,223,,
7.750701,223,,
7.751327,223,,
7.751908,223,1742,0
7.753772,223,,
7.754406,223,,
7.755348,223,,
7.755969,223,,
7.756577,223,,
7.757234,223,,
7.757848,223,,
7.758515,223,1742,0
7.770075,223,,
7.771029,223,,
7.771659,223,,
7.772292,223,,
7.772890,223,,
7.773483,223,,
7.774102,223,,
7.779811,223,1742,0
7.781982,223,,
7.782590,223,,
7.783239,223,,
7.783857,223,,
7.784466,223,,
7.785097,223,,
7.785696,223,,
7.786337,223,1742,0
7.788525,223,,
7.789166,223,,
7.789779,223,,
7.799568,223,,
7.800460,223,,
7.801064,223,,
7.801702,223,,
7.802682,223,1742,0
7.804602,223,,
7.810551,223,,
7.811187,223,,
7.812230,223,,
7.813481,223,,
7.814795,223,,
7.816149,223,,
7.817465,223,1742,0
7.821336,223,,
7.830896,223,,
7.832097,223,,
7.833205,223,,
7.834391,223,,
7.835666,223,,
7.842227,223,,
7.843542,223,1742,0
7.847351,223,,
7.848404,223,,
7.849446,223,,
7.850443,223,,
7.851449,223,,
7.852473,223,,
7.861854,223,,
7.862914,223,1742,0
7.865437,223,,
7.866307,223,,
7.867259,223,,
7.872823,223,,
7.873402,223,,
7.874332,223,,
7.874919,223,,
7.875548,223,1742,0
7.877685,223,,
7.878304,223,,
7.878883,223,,
7.879525,223,,
7.880133,223,,
7.880773,223,,
7.881380,223,,
7.881982,223,1742,0
7.893417,223,,
7.893996,223,,
7.894568,223,,
7.895217,223,,
7.895787,223,,
7.896448,223,,
7.897036,223,,
7.897647,223,1742,0
7.905121,223,,
7.905875,223,,
7.906709,223,,
7.907320,223,,
7.907958,223,,
7.908865,223,,
7.909480,223,,
7.910532,223,1742,0
7.912597,223,,
7.913260,223,,
7.914133,222,,
7.923587,222,,
7.924462,222,,
7.925094,222,,
7.926013,222,,
7.926941,222,1742,0
7.928802,222,,
7.934929,222,,
7.935839,222,,
7.936780,222,,
7.937728,222,,
7.938683,222,,
7.939583,222,,
7.940187,222,1742,0
7.941970,222,,
7.942617,222,,
7.943233,222,,
7.943819,222,,
7.944454,223,,
7.945022,223,,
7.954605,223,,
7.955159,223,1742,0
7.957035,223,,
7.957636,223,,
7.958385,223,,
7.959262,223,,
7.960238,223,,
7.965840,223,,
7.966762,223,,
7.967692,223,1742,0
7.969814,223,,
7.970793,223,,
7.971729,223,,
7.972328,223,,
7.972892,223,,
7.973632,223,,
7.974509,223,,
7.975127,223,1742,0
7.986036,223,,
7.986609,223,,
7.987269,223,,
7.987855,223,,
7.988478,223,,
7.989122,223,,
7.989761,223,,
7.990329,223,1742,0
7.997238,223,,
7.997857,223,,
7.998454,223,,
7.999072,223,,
7.999709,223,,
8.000312,223,,
8.000917,223,,
8.001517,223,1742,0
8.003370,223,,
8.003987,223,,
8.004619,222,,
8.005203,222,,
8.005831,222,,
8.006438,222,,
8.007067,222,,
8.016667,222,1742,0
8.018886,222,,
8.019823,222,,
8.020431,222,,
8.021072,222,,
8.021707,222,,
8.028076,222,,
8.029083,222,,
8.030034,222,1742,0
8.032245,222,,
8.033215,222,,
8.033842,222,,
8.034425,223,,
8.035045,223,,
8.035676,223,,
8.036639,223,,
8.037251,223,1742,0
8.048519,223,,
8.049113,223,,
8.049670,223,,
8.050315,223,,
8.050909,223,,
8.051533,223,,
8.052528,223,,
8.053145,223,1742,0
8.060145,223,,
8.060793,223,,
8.061400,223,,
8.062026,223,,
8.062646,223,,
8.063565,223,,
8.064228,223,,
8.064852,223,1742,0
8.067035,223,,
8.067687,223,,
8.068306,223,,
8.068902,223,,
8.078576,223,,
8.079135,223,,
8.080035,223,,
8.080687,223,1742,0
8.082512,223,,
8.083111,223,,
8.083693,223,,
8.089776,223,,
8.090383,223,,
8.091341,223,,
8.092291,223,,
8.093219,223,1742,0
8.095751,223,,
8.096671,223,,
8.097302,223,,
8.097888,223,,
8.098536,223,,
8.099477,223,,
8.100085,223,,
8.109751,223,1742,0
8.112305,223,,
8.112891,223,,
8.113859,223,,
8.114791,223,,
8.120914,223,,
8.121854,223,,
8.122828,223,,
8.123489,223,1742,0
8.125748,223,,
8.126334,223,,
8.126953,223,,
8.127561,223,,
8.128628,223,,
8.129516,223,,
8.130555,223,,
8.140945,223,1742,0
8.144319,223,,
8.145266,223,,
8.145871,223,,
8.151763,223,,
8.152342,223,,
8.152941,223,,
8.153542,223,,
8.154155,223,1742,0
8.156396,223,,
8.156975,223,,
8.157601,223,,
8.158252,223,,
8.158863,223,,
8.159526,223,,
8.160518,223,,
8.161166,223,1742,0
8.172509,223,,
8.173132,223,,
8.173783,223,,
8.174382,223,,
8.174986,223,,
8.175609,223,,
8.176265,223,,
8.177135,223,1742,0
8.184226,223,,
8.184846,223,,
8.185452,223,,
8.186057,223,,
8.186656,223,,
8.187336,223,,
8.188207,223,,
8.188835,223,1742,0
8.191024,223,,
8.191638,223,,
8.192264,223,,
8.192852,223,,
8.202531,223,,
8.203475,223,,
8.204100,223,,
8.204731,223,1742,0
8.206625,223,,
8.207242,223,,
8.207853,223,,
8.213913,223,,
8.214495,223,,
8.215102,223,,
8.216035,223,,
8.216634,223,1742,0
8.218506,223,,
8.219162,223,,
8.219791,223,,
8.220407,223,,
8.221031,223,,
8.221672,223,,
8.222600,223,,
8.223261,223,1742,0
8.234547,223,,
8.235158,223,,
8.235786,223,,
8.236408,223,,
8.237029,223,,
8.237660,223,,
8.238280,223,,
8.238917,223,1742,0
8.246623,223,,
8.247266,223,,
8.248244,223,,
8.248867,223,,
8.249500,223,,
8.250116,223,,
8.250735,223,,
8.251358,223,1742,0
8.253599,223,,
8.254270,223,,
8.254862,223,,
8.264558,223,,
8.265161,223,,
8.266087,223,,
8.267023,223,,
8.267640,223,1742,0
8.269484,223,,
8.270105,223,,
8.275952,223,,
8.276543,223,,
8.277175,223,,
8.277814,223,,
8.278760,223,,
8.279376,223,1742,0
8.281559,223,,
8.282184,223,,
8.282787,223,,
8.283416,223,,
8.284037,223,,
8.284959,223,,
8.285563,223,,
8.295542,223,1742,0
8.297412,223,,
8.298033,223,,
8.298985,223,,
8.299588,223,,
8.300200,223,,
8.300818,223,,
8.306846,223,,
8.307640,223,1742,0
8.310065,223,,
8.310680,223,,
8.311559,223,,
8.312648,223,,
8.313765,223,,
8.314843,223,,
8.315904,223,,
8.316950,223,1742,0
8.329651,223,,
8.330972,223,,
8.332187,223,,
8.337761,223,,
8.338803,223,,
8.339806,223,,
8.340652,223,,
8.341394,223,1742,0
8.344442,223,,
8.345414,223,,
8.346437,223,,
8.347504,223,,
8.348373,223,,
8.357830,223,,
8.358409,223,,
8.358967,223,1742,0
8.361230,223,,
8.361798,223,,
8.362764,223,,
8.368613,223,,
8.369218,223,,
8.369845,223,,
8.370795,223,,
8.371418,223,1742,0
8.373266,223,,
8.374227,223,,
8.374863,223,,
8.375444,223,,
8.376344,223,,
8.376971,223,,
8.377597,223,,
8.378216,223,1742,0
8.389458,223,,
8.390085,223,,
8.390698,223,,
8.391368,223,,
8.392291,223,,
8.393258,223,,
8.394212,223,,
8.399994,223,1742,0
8.401846,223,,
8.402481,223,,
8.403444,223,,
8.404080,223,,
8.404744,223,,
8.405701,223,,
8.406317,223,,
8.406910,223,1742,0
8.408802,223,,
8.409384,223,,
8.409964,223,,
8.419767,223,,
8.420330,223,,
8.420941,223,,
8.421579,223,,
8.422216,222,1742,0
8.424390,222,,
8.425009,222,,
8.430852,222,,
8.431772,222,,
8.432743,222,,
8.433364,222,,
8.433986,222,,
8.434599,222,1742,0
8.436478,222,,
8.437127,222,,
8.438073,222,,
8.438713,222,,
8.439363,222,,
8.439943,222,,
8.440549,222,,
8.450472,222,1742,0
8.452627,222,,
8.453203,222,,
8.453849,222,,
8.454436,222,,
8.455062,222,,
8.455734,222,,
8.461609,222,,
8.462213,222,1742,0
8.464104,222,,
8.464754,222,,
8.465372,222,,
8.465945,222,,
8.466607,222,,
8.467217,222,,
8.467834,222,,
8.468486,222,1742,0
8.470395,222,,
8.470990,222,,
8.471657,222,,
8.481420,222,,
8.482058,222,,
8.482672,222,,
8.483268,222,,
8.483850,222,1742,0
8.485780,222,,
8.486379,222,,
8.486992,222,,
8.493133,222,,
8.493990,222,,
8.494569,222,,
8.495214,222,,
8.496151,222,1742,0
8.499041,222,,
8.499979,222,,
8.500949,222,,
8.501933,222,,
8.502926,222,,
8.512627,222,,
8.513570,222,,
8.514509,222,1742,0
8.517343,222,,
8.518412,222,,
8.523896,222,,
8.524941,222,,
8.525909,222,,
8.526882,222,,
8.527848,222,,
8.528641,222,1742,0
8.530475,222,,
8.531112,222,,
8.531726,222,,
8.532348,222,,
8.532930,222,,
8.533560,222,,
8.534212,222,,
8.543762,223,1742,0
8.545949,223,,
8.546551,223,,
8.547477,223,,
8.548044,223,,
8.548748,223,,
8.554620,223,,
8.555211,223,,
8.556109,223,1742,0
8.557924,223,,
8.558532,223,,
8.559147,223,,
8.559752,223,,
8.560509,223,,
8.561368,223,,
8.562325,223,,
8.562938,223,1742,0
8.564796,223,,
8.574611,222,,
8.575503,222,,
8.576444,222,,
8.577405,222,,
8.578373,222,,
8.578922,222,,
8.579577,222,1742,0
8.587768,222,,
8.588727,222,,
8.589663,222,,
8.590607,222,,
8.591216,222,,
8.591829,222,,
8.592421,222,,
8.593039,222,1742,0
8.594887,222,,
8.595495,222,,
8.596122,223,,
8.605807,223,,
8.606684,223,,
8.607314,223,,
8.607862,223,,
8.608514,223,1742,0
8.610353,223,,
8.611315,223,,
8.616836,223,,
8.617414,223,,
8.617996,223,,
8.618656,223,,
8.619259,223,,
8.620217,223,1742,0
8.623230,223,,
8.624292,223,,
8.625191,223,,
8.625831,223,,
8.626760,223,,
8.636569,223,,
8.637410,223,,
8.638359,223,1742,0
8.640174,223,,
8.640917,223,,
8.641843,223,,
8.647733,223,,
8.648633,223,,
8.649219,223,,
8.650140,223,,
8.651099,223,1742,0
8.653669,223,,
8.654680,223,,
8.655641,223,,
8.656612,223,,
8.657246,223,,
8.658223,223,,
8.667702,223,,
8.668605,223,1742,0
8.671542,223,,
8.672511,223,,
8.679281,223,,
8.680434,223,,
8.681525,223,,
8.682558,223,,
8.683553,223,,
8.684501,223,1742,0
8.686993,223,,
8.687974,223,,
8.688939,223,,
8.698584,223,,
8.699482,223,,
8.700451,223,,
8.701058,223,,
8.702006,223,1742,0
8.709689,223,,
8.710980,223,,
8.712212,223,,
8.713193,223,,
8.714403,223,,
8.715603,223,,
8.716737,223,,
8.717709,223,1742,0
8.719776,223,,
8.729450,223,,
8.730046,223,,
8.730965,223,,
8.731586,223,,
8.732197,223,,
8.732818,223,,
8.733430,223,1742,0
8.740681,223,,
8.741531,223,,
8.742166,223,,
8.742811,223,,
8.743438,223,,
8.744078,223,,
8.745047,223,,
8.745676,223,1742,0
8.747519,223,,
8.748499,223,,
8.749456,223,,
8.750049,223,,
8.750668,223,,
8.760466,223,,
8.761377,223,,
8.761997,223,1742,0
8.764308,223,,
8.765461,223,,
8.766633,223,,
8.772548,223,,
8.773845,223,,
8.775033,223,,
8.776190,223,,
8.777326,223,1742,0
8.780694,223,,
8.781836,223,,
8.791804,223,,
8.793098,223,,
8.794050,223,,
8.795034,223,,
8.795963,223,,
8.796595,223,1742,0
8.803870,223,,
8.804510,223,,
8.805442,223,,
8.806075,223,,
8.806764,223,,
8.807685,223,,
8.808700,223,,
8.809626,223,1742,0
8.811846,223,,
8.812409,223,,
8.813035,223,,
8.822744,223,,
8.823679,223,,
8.824320,223,,
8.825293,223,,
8.826252,223,1742,0
8.833675,223,,
8.834601,223,,
8.835238,223,,
8.835873,223,,
8.836503,223,,
8.837147,223,,
8.838147,222,,
8.839106,222,1742,0
8.841292,222,,
8.842282,222,,
8.842882,222,,
8.843471,222,,
8.844120,222,,
8.853874,222,,
8.854796,222,,
8.855749,222,1742,0
8.858284,222,,
8.859272,222,,
8.865000,222,,
8.865927,222,,
8.866542,222,,
8.867158,222,,
8.867751,222,,
8.868386,223,1742,0
8.870299,223,,
8.870867,223,,
8.871526,223,,
8.872163,223,,
8.872750,223,,
8.873684,223,,
8.874337,223,,
8.874933,223,1742,0
8.886491,223,,
8.887110,223,,
8.887769,223,,
8.888373,223,,
8.888974,223,,
8.889621,223,,
8.895789,223,,
8.896751,223,1742,0
8.898914,223,,
8.899558,223,,
8.900521,223,,
8.901167,223,,
8.902158,223,,
8.902800,223,,
8.903413,223,,
8.904019,223,1742,0
8.905913,223,,
8.915614,223,,
8.916511,223,,
8.917130,223,,
8.917774,223,,
8.918397,223,,
8.919005,223,,
8.919639,223,1742,0
8.926798,223,,
8.927747,223,,
8.928699,223,,
8.929283,223,,
8.929907,223,,
8.930556,223,,
8.931194,223,,
8.932123,223,1742,0
8.933935,223,,
8.934585,223,,
8.935198,223,,
8.935817,223,,
8.936756,223,,
8.946492,223,,
8.947078,223,,
8.947683,223,1742,0
8.949534,223,,
8.950487,223,,
8.951089,223,,
8.952019,223,,
8.957933,223,,
8.958577,223,,
8.959180,223,,
8.959847,223,1742,0
8.961744,223,,
8.962705,223,,
8.963649,223,,
8.964279,223,,
8.964846,223,,
8.965492,223,,
8.966455,223,,
8.967087,223,1742,0
8.978019,223,,
8.978617,223,,
8.979255,223,,
8.979864,223,,
8.980495,223,,
8.981103,223,,
8.981705,223,,
8.982311,223,1742,0
8.989406,223,,
8.990027,223,,
8.990655,223,,
8.991284,223,,
8.991879,223,,
8.992514,223,,
8.993164,223,,
8.993760,223,1742,0
8.995634,223,,
8.996610,223,,
8.997229,223,,
8.997853,223,,
8.998452,223,,
8.999073,223,,
9.008776,223,,
9.009369,223,1742,0
9.011391,223,,
9.012786,223,,
9.014081,223,,
9.019913,223,,
9.021164,223,,
9.022418,223,,
9.023676,223,,
9.024954,223,1742,0
9.028442,223,,
9.029693,223,,
9.039851,223,,
9.041112,223,,
9.042360,223,,
9.043639,223,,
9.044647,223,,
9.050830,223,1742,0
9.052654,223,,
9.053250,223,,
9.053862,223,,
9.054461,223,,
9.055094,223,,
9.055734,223,,
9.056371,223,,
9.056980,223,1742,0
9.058866,223,,
9.059508,223,,
9.060122,223,,
9.060788,223,,
9.070500,223,,
9.071087,223,,
9.071752,223,,
9.072699,223,1742,0
9.074967,223,,
9.075596,223,,
9.081653,223,,
9.082543,223,,
9.083162,223,,
9.083777,223,,
9.084729,223,,
9.085346,223,1742,0
9.087168,223,,
9.087832,223,,
9.088412,223,,
9.088965,223,,
9.089651,223,,
9.090206,223,,
9.090865,223,,
9.091842,223,1742,0
9.103537,223,,
9.104537,223,,
9.105152,223,,
9.105790,223,,
9.106389,223,,
9.107008,223,,
9.112928,223,,
9.113834,223,1742,0
9.116374,223,,
9.116959,223,,
9.117594,223,,
9.118462,223,,
9.119114,223,,
9.119702,223,,
9.120305,223,,
9.120955,223,1742,0
9.132423,223,,
9.133026,223,,
9.133669,223,,
9.134293,223,,
9.134890,223,,
9.135505,223,,
9.136463,223,,
9.137068,223,1742,0
9.144811,223,,
9.145404,223,,
9.146138,223,,
9.146977,223,,
9.147580,223,,
9.148189,223,,
9.148806,223,,
9.149396,223,1742,0
9.151231,223,,
9.151831,223,,
9.152455,223,,
9.153071,223,,
9.153680,223,,
9.163430,223,,
9.164004,223,,
9.164627,223,1742,0
9.166467,223,,
9.167084,223,,
9.167824,223,,
9.168832,223,,
9.174687,223,,
9.175605,223,,
9.176519,223,,
9.177473,223,1742,0
9.180004,223,,
9.180630,223,,
9.181566,223,,
9.182496,223,,
9.183432,223,,
9.184004,223,,
9.184645,223,,
9.194473,223,1742,0
9.196504,223,,
9.197142,223,,
9.197801,223,,
9.198419,223,,
9.199351,223,,
9.199891,223,,
9.205712,223,,
9.206674,223,1742,0
9.208486,223,,
9.209084,223,,
9.209700,223,,
9.210331,223,,
9.210927,223,,
9.211541,223,,
9.212169,223,,
9.212783,223,1742,0
9.214627,223,,
9.215381,223,,
9.216228,223,,
9.225658,223,,
9.226619,223,,
9.227556,223,,
9.228118,223,,
9.229092,223,1742,0
9.236799,223,,
9.237400,223,,
9.237969,223,,
9.238580,223,,
9.239233,223,,
9.239798,223,,
9.240448,223,,
9.241023,223,1742,0
9.242864,223,,
9.243521,223,,
9.244123,223,,
9.244754,223,,
9.245370,223,,
9.245943,223,,
9.246590,223,,
9.256549,223,1742,0
9.259095,223,,
9.260064,223,,
9.260739,223,,
9.261676,223,,
9.267702,223,,
9.268625,223,,
9.269247,223,,
9.269846,223,1742,0
9.271742,223,,
9.272740,223,,
9.273701,223,,
9.274640,223,,
9.275260,223,,
9.275853,223,,
9.276495,223,,
9.277095,223,1742,0
9.288116,223,,
9.289022,223,,
9.289663,223,,
9.290283,223,,
9.291236,223,,
9.291823,223,,
9.292462,223,,
9.293041,223,1742,0
9.300427,223,,
9.301022,223,,
9.301688,223,,
9.302326,223,,
9.302920,223,,
9.303581,223,,
9.304558,223,,
9.305472,223,1742,0
9.307664,223,,
9.308284,223,,
9.308844,223,,
9.318560,223,,
9.319493,223,,
9.320083,223,,
9.320713,223,,
9.321360,223,1742,0
9.323223,223,,
9.324202,223,,
9.330327,223,,
9.331572,223,,
9.332535,223,,
9.333444,223,,
9.334394,223,,
9.334994,223,1742,0
9.336833,223,,
9.337442,223,,
9.338070,223,,
9.339000,223,,
9.339622,223,,
9.349585,223,,
9.350399,223,,
9.351001,223,1742,0
9.352884,223,,
9.353503,223,,
9.354457,223,,
9.355064,223,,
9.360866,223,,
9.361475,223,,
9.362102,223,,
9.362752,223,1742,0
9.364626,223,,
9.365269,223,,
9.365871,223,,
9.366503,223,,
9.367129,223,,
9.367934,223,,
9.368988,223,,
9.369986,223,1742,0
9.380967,223,,
9.381588,223,,
9.382199,223,,
9.382818,223,,
9.383424,223,,
9.384052,223,,
9.384658,223,,
9.385271,223,1742,0
9.392662,223,,
9.393287,223,,
9.393871,223,,
9.394873,223,,
9.395811,223,,
9.396792,223,,
9.397737,223,,
9.398354,223,1742,0
9.400241,223,,
9.401202,223,,
9.401879,223,,
9.411375,223,,
9.412037,223,,
9.412669,223,,
9.413272,223,,
9.413876,223,1742,0
9.415746,223,,
9.416782,223,,
9.422943,223,,
9.423571,223,,
9.424258,223,,
9.425159,223,,
9.426129,223,,
9.427062,223,1742,0
9.428929,223,,
9.429553,223,,
9.430195,223,,
9.431151,223,,
9.432077,223,,
9.432692,223,,
9.442609,223,,
9.443550,223,1742,0
9.446166,223,,
9.447305,223,,
9.448301,223,,
9.453938,223,,
9.454853,223,,
9.455835,223,,
9.456969,223,,
9.457927,223,1742,0
9.460081,223,,
9.460739,223,,
9.461671,223,,
9.462313,223,,
9.462914,223,,
9.463509,223,,
9.473439,223,,
9.474051,223,1742,0
9.476269,223,,
9.477216,223,,
9.478172,223,,
9.479116,223,,
9.484579,223,,
9.485183,223,,
9.485818,223,,
9.486423,223,1742,0
9.489077,222,,
9.490031,222,,
9.490973,222,,
9.492117,222,,
9.493158,222,,
9.494259,222,,
9.495386,222,,
9.504768,222,1742,0
9.508174,222,,
9.509258,222,,
9.510353,222,,
9.516239,222,,
9.517404,222,,
9.518611,222,,
9.519834,222,,
9.520982,222,1742,0
9.523577,222,,
9.524499,222,,
9.525121,222,,
9.525707,222,,
9.535543,222,,
9.536442,222,,
9.537065,222,,
9.537677,222,1742,0
9.539513,222,,
9.540141,222,,
9.540750,222,,
9.546675,222,,
9.547581,222,,
9.548215,222,,
9.548804,222,,
9.549427,222,1742,0
9.551304,223,,
9.552567,223,,
9.553544,223,,
9.554479,223,,
9.555102,223,,
9.556030,223,,
9.556654,223,,
9.566443,223,1742,0
9.568314,223,,
9.568891,223,,
9.569528,223,,
9.570491,223,,
9.571127,223,,
9.571776,223,,
9.577726,223,,
9.578681,223,1742,0
9.580878,222,,
9.581479,222,,
9.582114,222,,
9.582760,222,,
9.583346,222,,
9.583987,222,,
9.584566,222,,
9.585193,222,1742,0
9.587933,222,,
9.597623,222,,
9.598638,222,,
9.599706,222,,
9.600811,222,,
9.601997,222,,
9.602887,222,,
9.608949,222,1742,0
9.611386,223,,
9.612346,223,,
9.612920,223,,
9.613545,223,,
9.614522,223,,
9.615157,223,,
9.615784,223,,
9.616354,223,1742,0
9.618215,223,,
9.618831,223,,
9.628456,223,,
9.629006,223,,
9.629650,223,,
9.630227,223,,
9.630825,223,,
9.631493,223,1742,0
9.633682,223,,
9.639668,223,,
9.640613,222,,
9.641235,222,,
9.641848,222,,
9.642790,222,,
9.643354,222,,
9.643984,222,1742,0
9.646224,222,,
9.646858,222,,
9.647458,222,,
9.648056,222,,
9.649003,222,,
9.649632,222,,
9.659588,222,,
9.660875,222,1742,0
9.663757,222,,
9.664689,222,,
9.670557,222,,
9.671199,222,,
9.671829,222,,
9.672461,222,,
9.673095,222,,
9.673694,222,1742,0
9.675935,222,,
9.676526,222,,
9.677167,222,,
9.677797,222,,
9.678820,222,,
9.679746,222,,
9.680370,222,,
9.680996,222,1742,0
9.691840,222,,
9.692428,222,,
9.693048,222,,
9.693982,222,,
9.694610,222,,
9.695223,222,,
9.696038,222,,
9.701975,222,1742,0
9.704473,222,,
9.705117,222,,
9.705762,222,,
9.706701,222,,
9.707342,222,,
9.707940,222,,
9.708579,222,,
9.709557,222,1742,0
9.712133,222,,
9.722046,222,,
9.723010,222,,
9.723953,222,,
9.724909,222,,
9.725549,222,,
9.726514,222,,
9.727147,222,1742,0
9.734489,222,,
9.735481,222,,
9.736485,222,,
9.737407,222,,
9.738012,222,,
9.738953,222,,
9.739592,222,,
9.740240,222,1742,0
9.742431,222,,
9.743033,222,,
9.752730,222,,
9.753591,222,,
9.754164,222,,
9.754770,222,,
9.755376,222,,
9.755971,222,1742,0
9.757836,222,,
9.763753,222,,
9.764600,222,,
9.765205,222,,
9.765823,222,,
9.766416,222,,
9.766995,222,,
9.767641,222,1742,0
9.769436,222,,
9.770100,222,,
9.770710,222,,
9.771316,222,,
9.772063,222,,
9.772933,222,,
9.773834,222,,
9.783612,222,1742,0
9.785724,222,,
9.786329,223,,
9.786898,223,,
9.787501,223,,
9.788164,223,,
9.788782,223,,
9.794887,223,,
9.795464,223,1742,0
9.797619,223,,
9.798248,223,,
9.798823,223,,
9.799480,223,,
9.800125,223,,
9.800756,223,,
9.801347,223,,
9.801937,223,1742,0
9.803777,223,,
9.804440,223,,
9.805021,223,,
9.814695,223,,
9.815557,223,,
9.816161,223,,
9.816772,223,,
9.817402,223,1742,0
9.819248,223,,
9.820189,223,,
9.825803,223,,
9.826624,223,,
9.827246,223,,
9.827997,223,,
9.828885,223,,
9.829833,223,1742,0
9.832660,223,,
9.833587,223,,
9.834556,223,,
9.835447,223,,
9.836126,223,,
9.845718,223,,
9.846255,223,,
9.846828,223,1742,0
9.848751,223,,
9.849656,223,,
9.850246,223,,
9.850835,223,,
9.856711,223,,
9.857252,223,,
9.857860,223,,
9.858450,223,1742,0
9.860279,223,,
9.860896,223,,
9.861503,223,,
9.862111,223,,
9.862723,223,,
9.863395,223,,
9.863949,223,,
9.864550,223,1742,0
9.866711,223,,
9.876491,223,,
9.877349,223,,
9.877985,223,,
9.878544,223,,
9.879180,223,,
9.879793,223,,
9.880380,223,1742,0
9.887913,223,,
9.888798,223,,
9.889551,223,,
9.890397,223,,
9.890968,223,,
9.891581,223,,
9.892220,223,,
9.892785,223,1742,0
9.894718,223,,
9.895320,223,,
9.895886,223,,
9.896558,223,,
9.897189,223,,
9.897797,223,,
9.907474,223,,
9.908372,223,1742,0
9.910165,223,,
9.910768,223,,
9.911387,223,,
9.912007,223,,
9.912661,223,,
9.918506,223,,
9.919086,223,,
9.919769,223,1742,0
9.921591,223,,
9.922238,223,,
9.922820,223,,
9.923463,223,,
9.924049,223,,
9.924669,223,,
9.925301,223,,
9.925888,223,1742,0
9.927784,223,,
9.928673,223,,
9.938373,223,,
9.938987,223,,
9.939593,223,,
9.940281,223,,
9.941223,223,,
9.941813,223,1742,0
9.943668,223,,
9.949644,223,,
9.950249,223,,
9.951198,223,,
9.951826,223,,
9.952437,223,,
9.953347,223,,
9.953958,223,1742,0
9.956532,223,,
9.957445,223,,
9.958047,223,,
9.958665,223,,
9.959391,223,,
9.960222,223,,
9.969807,223,,
9.970676,223,1742,0
9.972539,223,,
9.973495,223,,
9.974731,223,,
9.980896,223,,
9.981947,223,,
9.982939,223,,
9.983915,223,,
9.984869,223,1742,0
9.987699,223,,
9.988707,223,,
9.989490,223,,
9.990569,223,,
10.000711,223,,
10.001621,223,,
10.002698,223,,
10.003659,223,1742,0
10.006143,223,,
10.011918,223,,
10.012509,223,,
10.013161,223,,
10.013775,223,,
10.014746,223,,
10.015375,223,,
10.015975,223,1742,0
10.018538,223,,
10.019190,223,,
10.019821,223,,
10.020444,223,,
10.021373,223,,
10.022391,223,,
10.031816,223,,
10.032706,223,1742,0
10.035178,223,,
10.036145,223,,
10.037113,223,,
10.042617,223,,
10.043230,223,,
10.044181,223,,
10.044799,223,,
10.045425,223,1742,0
10.047293,223,,
10.047920,223,,
10.048878,223,,
10.049522,223,,
10.050494,223,,
10.051139,223,,
10.052078,223,,
10.052756,223,1742,0
10.064005,223,,
10.064937,223,,
10.065552,223,,
10.066177,223,,
10.067128,223,,
10.067776,223,,
10.073882,223,,
10.074784,223,1742,0
10.076645,223,,
10.077576,223,,
10.078513,223,,
10.079159,223,,
10.079778,223,,
10.080383,223,,
10.080974,223,,
10.081602,223,1742,0
10.083881,223,,
10.093535,223,,
10.094135,223,,
10.095045,223,,
10.095683,223,,
10.096284,223,,
10.096888,223,,
10.097514,223,1742,0
10.104545,223,,
10.105171,223,,
10.105783,223,,
10.106436,223,,
10.107043,223,,
10.107656,223,,
10.108596,223,,
10.109229,223,1742,0
10.111125,223,,
10.111741,223,,
10.112374,223,,
10.113010,223,,
10.113645,223,,
10.114279,223,,
10.114877,223,,
10.124616,223,1742,0
10.126702,223,,
10.127310,223,,
10.127908,223,,
10.128517,223,,
10.129466,223,,
10.130347,223,,
10.135930,223,,
10.136840,223,1742,0
10.139298,223,,
10.140263,223,,
10.141200,223,,
10.142101,223,,
10.143171,223,,
10.144339,223,,
10.145549,223,,
10.155657,223,1742,0
10.157784,223,,
10.158751,223,,
10.159377,223,,
10.159989,223,,
10.160603,223,,
10.166954,223,,
10.167875,223,,
10.168498,223,1742,0
10.170425,223,,
10.171050,223,,
10.171680,223,,
10.172302,223,,
10.172936,223,,
10.173500,223,,
10.174135,223,,
10.175116,223,1742,0
10.186566,223,,
10.187441,223,,
10.188010,223,,
10.188942,223,,
10.189569,223,,
10.190169,223,,
10.190831,223,,
10.191736,223,1742,0
10.198859,223,,
10.199809,223,,
10.200739,223,,
10.201355,223,,
10.201959,223,,
10.202570,223,,
10.203173,223,,
10.203797,223,1742,0
10.205638,223,,
10.206232,223,,
10.206863,223,,
10.207478,223,,
10.208082,223,,
10.217819,223,,
10.218695,223,,
10.219583,223,1742,0
10.222172,223,,
10.223093,223,,
10.228883,223,,
10.230030,223,,
10.231076,223,,
10.232110,223,,
10.233113,223,,
10.234091,223,1742,0
10.236984,223,,
10.238130,223,,
10.239042,223,,
10.248690,223,,
10.249588,223,,
10.250162,223,,
10.251130,223,,
10.252100,223,1742,0
10.260044,223,,
10.261042,223,,
10.261997,223,,
10.262947,223,,
10.263911,223,,
10.264892,223,,
10.265956,223,,
10.266871,223,1742,0
10.268996,223,,
10.269639,223,,
10.279437,223,,
10.280047,223,,
10.280659,223,,
10.281626,223,,
10.282255,223,,
10.282840,223,1742,0
10.284694,223,,
10.290653,223,,
10.291598,223,,
10.292241,223,,
10.293098,223,,
10.294061,222,,
10.295002,222,,
10.295937,222,1742,0
10.297801,222,,
10.298966,222,,
10.300004,222,,
10.301024,222,,
10.310687,222,,
10.311854,222,,
10.313054,222,,
10.313922,222,1742,0
10.316089,222,,
10.321942,222,,
10.322555,222,,
10.323186,222,,
10.323778,222,,
10.324356,222,,
10.324986,222,,
10.325584,222,1742,0
10.327456,223,,
10.328058,223,,
10.328674,223,,
10.329331,223,,
10.329968,223,,
10.330563,223,,
10.331214,223,,
10.331835,223,1742,0
10.343494,223,,
10.344491,223,,
10.345447,223,,
10.346348,223,,
10.347287,223,,
10.353032,223,,
10.353645,223,,
10.354284,223,1742,0
10.356748,222,,
10.357381,222,,
10.358339,222,,
10.359287,222,,
10.360212,222,,
10.361229,222,,
10.362088,222,,
10.362672,222,1742,0
10.373960,222,,
10.374551,222,,
10.375175,222,,
10.375791,222,,
10.376411,222,,
10.377008,222,,
10.377636,222,,
10.383568,222,1742,0
10.385515,222,,
10.386395,222,,
10.387013,222,,
10.387883,222,,
10.388541,222,,
10.389134,222,,
10.389758,222,,
10.390726,222,1742,0
10.392545,222,,
10.393168,222,,
10.393755,222,,
10.403492,222,,
10.404126,222,,
10.405016,222,,
10.405620,222,,
10.406274,222,1742,0
10.408704,222,,
10.414724,222,,
10.415616,222,,
10.416527,223,,
10.417096,223,,
10.417744,223,,
10.418350,223,,
10.419309,223,1742,0
10.421143,223,,
10.422153,223,,
10.423049,223,,
10.423656,223,,
10.424251,223,,
10.424846,223,,
10.434646,223,,
10.435517,223,1742,0
10.438096,223,,
10.439058,223,,
10.439931,223,,
10.445903,223,,
10.446909,223,,
10.447800,223,,
10.448382,223,,
10.449352,223,1742,0
10.451531,223,,
10.452461,223,,
10.453052,223,,
10.453689,223,,
10.454278,223,,
10.454886,223,,
10.455509,223,,
10.456128,223,1742,0
10.466974,223,,
10.467616,223,,
10.468576,223,,
10.469525,223,,
10.470149,223,,
10.470773,223,,
10.476610,223,,
10.477300,223,1742,0
10.479401,223,,
10.480020,223,,
10.480949,223,,
10.481572,223,,
10.482179,223,,
10.482777,223,,
10.483398,223,,
10.484013,223,1742,0
10.485839,223,,
10.486469,223,,
10.487056,223,,
10.496703,223,,
10.497287,223,,
10.497916,223,,
10.498505,223,,
10.499134,223,1742,0
10.500968,223,,
10.501613,223,,
10.507615,223,,
10.508224,223,,
10.508870,223,,
10.509813,223,,
10.510468,223,,
10.511037,223,1742,0
10.512879,223,,
10.513511,223,,
10.514091,223,,
10.514721,223,,
10.515330,223,,
10.515929,223,,
10.516538,223,,
10.517182,223,1742,0
10.528499,223,,
10.529460,223,,
10.530072,223,,
10.530693,223,,
10.531324,223,,
10.531921,223,,
10.532521,223,,
10.533165,223,1742,0
10.540697,223,,
10.541317,223,,
10.541926,223,,
10.542539,223,,
10.543474,223,,
10.544106,223,,
10.544695,223,,
10.545322,223,1742,0
10.547142,223,,
10.547813,223,,
10.548343,223,,
10.548950,223,,
10.558919,223,,
10.559845,223,,
10.560807,223,,
10.561367,223,1742,0
10.563245,223,,
10.564199,223,,
10.569710,223,,
10.570323,223,,
10.571268,223,,
10.571902,223,,
10.572546,223,,
10.573133,223,1742,0
10.575711,223,,
10.576371,223,,
10.577015,223,,
10.577947,223,,
10.578918,223,,
10.579864,223,,
10.589567,223,,
10.590557,223,1742,0
10.593183,223,,
10.594632,223,,
10.600761,223,,
10.601682,223,,
10.602627,223,,
10.603230,223,,
10.603863,223,,
10.604844,223,1742,0
10.607002,223,,
10.607647,223,,
10.608245,223,,
10.608874,223,,
10.609512,223,,
10.610170,223,,
10.611102,223,,
10.620565,223,1742,0
10.622689,223,,
10.623282,223,,
10.623873,223,,
10.624508,223,,
10.625132,223,,
10.625774,223,,
10.631879,223,,
10.632804,223,1742,0
10.634675,223,,
10.635645,223,,
10.636233,223,,
10.636836,223,,
10.637491,223,,
10.638057,223,,
10.638722,223,,
10.639819,223,1742,0
10.641960,223,,
10.651645,223,,
10.652550,223,,
10.653173,223,,
10.653824,223,,
10.654763,223,,
10.655408,223,,
10.655988,223,1742,0
10.663158,223,,
10.663772,223,,
10.664376,223,,
10.664944,223,,
10.665613,223,,
10.666525,223,,
10.667155,223,,
10.667780,223,1742,0
10.669637,223,,
10.670569,223,,
10.671201,223,,
10.671845,223,,
10.672450,223,,
10.673020,223,,
10.682758,223,,
10.683637,223,1742,0
10.685868,223,,
10.686820,223,,
10.687447,223,,
10.688079,223,,
10.693866,223,,
10.694462,223,,
10.695113,223,,
10.696011,223,1742,0
10.697929,223,,
10.698847,223,,
10.699482,223,,
10.700093,223,,
10.700731,223,,
10.701341,223,,
10.701930,223,,
10.702575,223,1742,0
10.713458,222,,
10.714056,222,,
10.714985,222,,
10.715557,222,,
10.716204,222,,
10.716826,222,,
10.717438,222,,
10.718017,222,1742,0
10.725491,222,,
10.726090,222,,
10.727041,222,,
10.727668,222,,
10.728315,222,,
10.728915,222,,
10.729560,222,,
10.730514,222,1742,0
10.732703,222,,
10.733329,222,,
10.733905,222,,
10.734524,222,,
10.744444,223,,
10.745377,223,,
10.745967,223,,
10.746646,223,1742,0
10.748825,223,,
10.749428,223,,
10.750009,223,,
10.755884,223,,
10.756792,223,,
10.757419,223,,
10.758007,223,,
10.758644,223,1742,0
10.760495,223,,
10.761111,223,,
10.761731,223,,
10.762365,223,,
10.762964,223,,
10.763566,223,,
10.764499,223,,
10.765137,223,1742,0
10.776063,222,,
10.776681,222,,
10.777304,222,,
10.777926,222,,
10.778542,222,,
10.779476,222,,
10.780079,222,,
10.780709,222,1742,0
10.788421,222,,
10.789016,222,,
10.789622,222,,
10.790228,222,,
10.791166,222,,
10.791814,222,,
10.792787,222,,
10.793412,222,1742,0
10.796486,223,,
10.806475,223,,
10.807350,223,,
10.808351,223,,
10.809245,223,,
10.810169,223,,
10.810816,223,,
10.811425,223,1742,0
10.818770,223,,
10.819360,223,,
10.820005,223,,
10.820931,223,,
10.821759,223,,
10.822739,223,,
10.823840,223,,
10.824754,223,1742,0
10.826889,223,,
10.827541,222,,
10.837484,222,,
10.838410,222,,
10.839380,222,,
10.840364,222,,
10.841008,222,,
10.841650,222,1742,0
10.848798,222,,
10.849678,222,,
10.850788,222,,
10.851705,222,,
10.852655,222,,
10.853599,222,,
10.854199,222,,
10.855133,222,1742,0
10.857310,222,,
10.857886,222,,
10.858587,222,,
10.868595,222,,
10.869639,222,,
10.870643,222,,
10.871521,222,,
10.872498,222,1742,0
10.879909,222,,
10.881042,222,,
10.881934,222,,
10.882873,222,,
10.883839,222,,
10.884401,222,,
10.885027,222,,
10.885630,222,1742,0
10.887529,222,,
10.888496,222,,
10.889497,222,,
10.899431,222,,
10.900014,222,,
10.900631,222,,
10.901212,222,,
10.901845,222,1742,0
10.904058,222,,
10.904676,222,,
10.910887,222,,
10.911456,222,,
10.912077,222,,
10.912726,222,,
10.913336,222,,
10.913914,222,1742,0
10.916143,222,,
10.916760,222,,
10.917658,222,,
10.918763,222,,
10.919694,222,,
10.920634,222,,
10.930492,222,,
10.931058,222,1742,0
10.932872,222,,
10.933498,222,,
10.934115,222,,
10.934801,222,,
10.935404,222,,
10.936031,222,,
10.941908,222,,
10.942867,222,1742,0
10.945538,222,,
10.946141,222,,
10.947070,222,,
10.947983,222,,
10.948915,222,,
10.949542,222,,
10.950159,222,,
10.950789,222,1742,0
10.961693,222,,
10.962812,222,,
10.963735,222,,
10.964670,222,,
10.965592,222,,
10.966208,222,,
10.967095,222,,
10.972669,222,1742,0
10.975246,222,,
10.975948,222,,
10.976875,222,,
10.977458,222,,
10.978084,222,,
10.979046,222,,
10.979683,222,,
10.980312,222,1742,0
10.982147,222,,
10.982768,222,,
10.992529,222,,
10.993423,222,,
10.994033,222,,
10.994667,222,,
10.995287,222,,
10.995891,222,1742,0
10.997736,222,,
11.003887,222,,
11.004865,222,,
11.005843,222,,
11.006785,222,,
11.007406,222,,
11.008026,222,,
11.008636,222,1742,0
11.010839,222,,
11.011451,222,,
11.012045,222,,
11.012660,222,,
11.013286,222,,
11.013883,222,,
11.023488,222,,
11.024123,222,1742,0
11.026085,222,,
11.026936,222,,
11.027873,222,,
11.028469,222,,
11.029091,222,,
11.034921,222,,
11.035844,222,,
11.036419,222,1742,0
11.038588,222,,
11.039174,222,,
11.039763,222,,
11.040384,222,,
11.040939,222,,
11.041597,222,,
11.042237,222,,
11.042836,222,1742,0
11.044766,222,,
11.054506,222,,
11.055429,222,,
11.056323,222,,
11.056921,222,,
11.057906,222,,
11.058490,222,,
11.059096,222,1742,0
11.066673,222,,
11.067532,222,,
11.068481,223,,
11.069171,223,,
11.070068,223,,
11.070988,223,,
11.071617,223,,
11.072187,223,1742,0
11.074706,223,,
11.075681,223,,
11.085605,223,,
11.086465,223,,
11.087053,223,,
11.087644,223,,
11.088243,223,,
11.088873,223,1742,0
11.090714,223,,
11.096844,223,,
11.097713,223,,
11.098342,222,,
11.098927,222,,
11.099530,222,,
11.100182,222,,
11.100805,222,1742,0
11.102628,222,,
11.103248,222,,
11.103821,222,,
11.104452,222,,
11.105072,222,,
11.105702,222,,
11.106292,222,,
11.106906,222,1742,0
11.118068,222,,
11.118680,222,,
11.119293,222,,
11.119878,222,,
11.120468,222,,
11.121119,222,,
11.121746,222,,
11.127558,222,1742,0
11.129746,222,,
11.130314,222,,
11.131257,222,,
11.131827,222,,
11.132482,222,,
11.133405,222,,
11.134012,222,,
11.134604,222,1742,0
11.136473,222,,
11.137066,222,,
11.137742,222,,
11.147449,222,,
11.148323,222,,
11.149219,222,,
11.149826,222,,
11.150461,222,1742,0
11.152331,222,,
11.152941,222,,
11.158801,223,,
11.159758,223,,
11.160352,223,,
11.161122,223,,
11.161968,223,,
11.162918,223,1742,0
11.165064,223,,
11.165690,223,,
11.166289,223,,
11.166912,223,,
11.167523,223,,
11.168160,223,,
11.168763,223,,
11.178556,223,1742,0
11.181011,223,,
11.181630,223,,
11.182454,223,,
11.183391,223,,
11.184347,223,,
11.190168,222,,
11.191112,222,,
11.191761,222,1742,0
11.194850,222,,
11.195791,222,,
11.196701,222,,
11.197334,222,,
11.198314,222,,
11.198905,222,,
11.199519,222,,
11.209419,222,1742,0
11.211170,222,,
11.211830,222,,
11.212426,222,,
11.213003,222,,
11.213659,222,,
11.214280,222,,
11.214829,222,,
11.220694,222,1742,0
11.222609,222,,
11.223182,222,,
11.223853,222,,
11.224800,222,,
11.225381,222,,
11.225971,222,,
11.226942,222,,
11.227593,222,1742,0
11.229462,222,,
11.230042,222,,
11.230696,222,,
11.240456,222,,
11.241416,222,,
11.242027,222,,
11.242633,222,,
11.243283,222,1742,0
11.245159,222,,
11.245785,222,,
11.251593,222,,
11.252225,222,,
11.252854,222,,
11.253465,222,,
11.254468,222,,
11.255084,222,1742,0
11.257690,222,,
11.258297,222,,
11.258926,222,,
11.259551,222,,
11.260522,222,,
11.261156,222,,
11.261834,222,,
11.271556,222,1742,0
11.274141,222,,
11.275059,222,,
11.275730,222,,
11.276681,222,,
11.282839,222,,
11.283401,222,,
11.283998,222,,
11.284640,222,1742,0
11.286845,222,,
11.287799,222,,
11.288406,222,,
11.289017,222,,
11.289651,222,,
11.290621,222,,
11.291267,222,,
11.292229,222,1742,0
11.303490,222,,
11.304473,222,,
11.305102,222,,
11.305756,222,,
11.306705,222,,
11.307681,222,,
11.313624,222,,
11.314252,222,1742,0
11.316458,222,,
11.317065,222,,
11.317665,222,,
11.318661,222,,
11.319619,222,,
11.320214,222,,
11.321137,222,,
11.321781,222,1742,0
11.333456,222,,
11.334055,222,,
11.334694,222,,
11.335310,222,,
11.335885,222,,
11.336519,222,,
11.337131,222,,
11.337764,222,1742,0
11.344795,222,,
11.345391,222,,
11.346006,222,,
11.346619,222,,
11.347248,222,,
11.347827,222,,
11.348461,222,,
11.349028,222,1742,0
11.351269,222,,
11.352236,222,,
11.352847,222,,
11.353482,222,,
11.354432,222,,
11.355047,222,,
11.364715,222,,
11.365696,222,1742,0
11.368119,222,,
11.368761,222,,
11.369374,222,,
11.370325,222,,
11.376070,222,,
11.376646,222,,
11.377263,222,,
11.377828,222,1742,0
11.379718,222,,
11.380332,222,,
11.380945,222,,
11.381560,222,,
11.382171,222,,
11.383107,222,,
11.383733,222,,
11.384671,222,1742,0
11.395687,222,,
11.396569,222,,
11.397196,222,,
11.397760,222,,
11.398417,222,,
11.399024,222,,
11.399644,222,,
11.400281,222,1742,0
11.407271,222,,
11.408221,222,,
11.408792,222,,
11.409445,222,,
11.410001,222,,
11.410655,222,,
11.411274,222,,
11.411854,222,1742,0
11.413753,222,,
11.414357,222,,
11.415316,222,,
11.415928,222,,
11.416546,222,,
11.417154,222,,
11.427134,222,,
11.428155,222,1742,0
11.430609,222,,
11.431235,222,,
11.431855,222,,
11.437673,222,,
11.438605,222,,
11.439255,222,,
11.440201,222,,
11.440876,222,1742,0
11.443074,222,,
11.443689,222,,
11.444653,222,,
11.445661,222,,
11.446734,222,,
11.447606,222,,
11.457399,222,,
11.458381,222,1742,0
11.460291,222,,
11.460905,222,,
11.461509,222,,
11.462494,222,,
11.468843,222,,
11.469429,222,,
11.470039,222,,
11.470997,222,1742,0
11.472890,222,,
11.473508,222,,
11.474469,222,,
11.475107,222,,
11.475756,222,,
11.476664,222,,
11.477323,222,,
11.478304,222,1742,0
11.489268,222,,
11.490224,222,,
11.490842,222,,
11.491476,222,,
11.492099,222,,
11.493048,222,,
11.493685,222,,
11.499511,222,1742,0
11.501732,222,,
11.502349,222,,
11.502981,222,,
11.503606,222,,
11.504238,222,,
11.504869,222,,
11.505504,222,,
11.506133,222,1742,0
11.508017,222,,
11.508652,222,,
11.509608,222,,
11.519412,222,,
11.519999,222,,
11.520936,222,,
11.521748,222,,
11.522683,222,1742,0
11.530642,222,,
11.531549,222,,
11.532507,222,,
11.533455,222,,
11.534038,222,,
11.534676,222,,
11.535851,222,,
11.537087,222,1742,0
11.540268,222,,
11.541217,222,,
11.550868,222,,
11.551944,222,,
11.553008,222,,
11.554055,222,,
11.555117,222,,
11.556181,222,1742,0
11.565080,222,,
11.566320,222,,
11.567737,222,,
11.568732,222,,
11.569706,222,,
11.570680,222,,
11.571657,222,,
11.581444,222,1742,0
11.584382,222,,
11.585329,222,,
11.586296,222,,
11.587275,222,,
11.592942,222,,
11.594095,222,,
11.594995,222,,
11.595948,222,1742,0
11.598455,222,,
11.599081,222,,
11.599995,222,,
11.600634,222,,
11.601252,222,,
11.601874,222,,
11.602537,222,,
11.612491,222,1742,0
11.614982,222,,
11.615584,222,,
11.616507,222,,
11.617119,222,,
11.617740,222,,
11.623608,222,,
11.624504,222,,
11.625449,222,1742,0
11.627635,222,,
11.628577,222,,
11.629227,222,,
11.630184,222,,
11.630832,222,,
11.631758,222,,
11.632364,222,,
11.632977,222,1742,0
11.644493,222,,
11.645405,222,,
11.646334,222,,
11.647296,222,,
11.647870,222,,
11.648858,222,,
11.654975,222,,
11.655872,222,1742,0
11.658392,222,,
11.659318,222,,
11.660259,222,,
11.660867,222,,
11.661529,222,,
11.662091,222,,
11.663026,222,,
11.663677,222,1742,0
11.674629,222,,
11.675487,222,,
11.676461,222,,
11.677041,222,,
11.677698,222,,
11.678615,222,,
11.679246,222,,
11.679807,222,1742,0
11.687157,222,,
11.687711,222,,
11.688361,222,,
11.688952,222,,
11.689561,222,,
11.690238,222,,
11.691133,222,,
11.691771,222,1742,0
11.693616,222,,
11.694559,223,,
11.695210,223,,
11.696071,223,,
11.705393,223,,
11.705991,223,,
11.706624,223,,
11.707239,223,1742,0
11.709016,223,,
11.709675,223,,
11.710399,223,,
11.711270,223,,
11.716934,223,,
11.717839,223,,
11.718437,223,,
11.719406,223,1742,0
11.721579,223,,
11.722194,223,,
11.722807,223,,
11.723461,223,,
11.724361,223,,
11.724948,223,,
11.725553,223,,
11.726178,223,1742,0
11.737360,223,,
11.738279,223,,
11.738886,223,,
11.739543,223,,
11.740505,223,,
11.741134,223,,
11.742030,223,,
11.747862,223,1742,0
11.749989,223,,
11.750630,223,,
11.751246,223,,
11.751815,223,,
11.752900,223,,
11.753740,223,,
11.754334,222,,
11.755218,222,1742,0
11.757092,222,,
11.757713,222,,
11.767513,222,,
11.768414,222,,
11.769255,222,,
11.769814,222,,
11.770468,222,,
11.771115,222,1742,0
11.778575,222,,
11.779459,222,,
11.780071,222,,
11.780722,222,,
11.781333,222,,
11.781889,222,,
11.782540,222,,
11.783163,222,1742,0
11.784958,222,,
11.785634,222,,
11.786555,222,,
11.787182,222,,
11.787783,222,,
11.788397,222,,
11.788990,222,,
11.798681,222,1742,0
11.801118,222,,
11.801745,222,,
11.802744,222,,
11.803368,222,,
11.803968,222,,
11.809879,222,,
11.810848,222,,
11.811485,222,1742,0
11.813707,222,,
11.814656,222,,
11.815310,222,,
11.815920,222,,
11.816523,222,,
11.817176,222,,
11.818116,222,,
11.818769,222,1742,0
11.829637,222,,
11.830509,222,,
11.831112,222,,
11.831765,222,,
11.832383,222,,
11.832953,222,,
11.833572,222,,
11.834559,222,1742,0
11.842786,222,,
11.843751,222,,
11.844344,221,,
11.844949,221,,
11.845587,221,,
11.846553,221,,
11.847139,221,,
11.847745,221,1742,0
11.849594,221,,
11.850215,221,,
11.851169,221,,
11.860524,221,,
11.861143,221,,
11.861773,221,,
11.862392,221,,
11.863017,221,1742,0
11.865160,221,,
11.865780,221,,
11.871714,221,,
11.872657,221,,
11.873277,221,,
11.873867,221,,
11.874892,221,,
11.875807,221,1742,0
11.877652,221,,
11.878266,221,,
11.878996,221,,
11.879951,221,,
11.880930,221,,
11.881811,221,,
11.891572,221,,
11.892777,221,1742,0
11.896047,221,,
11.897065,221,,
11.902947,221,,
11.904020,222,,
11.904910,222,,
11.905875,222,,
11.906489,222,,
11.907434,222,1742,0
11.910402,222,,
11.911019,222,,
11.911642,222,,
11.912575,222,,
11.922405,222,,
11.923041,222,,
11.923680,222,,
11.924636,222,1742,0
11.926858,222,,
11.927511,222,,
11.933779,222,,
11.934402,221,,
11.935013,221,,
11.935635,221,,
11.936598,221,,
11.937244,221,1742,0
11.939507,221,,
11.940504,221,,
11.941095,221,,
11.941724,221,,
11.942685,221,,
11.944048,221,,
11.953784,221,,
11.955154,221,1742,0
11.957637,221,,
11.958221,221,,
11.958837,221,,
11.964660,221,,
11.965268,221,,
11.965854,221,,
11.966497,221,,
11.967100,221,1742,0
11.969313,221,,
11.970279,221,,
11.970931,221,,
11.971514,221,,
11.972181,221,,
11.972805,221,,
11.973425,221,,
11.974023,221,1742,0
11.985069,221,,
11.986019,221,,
11.986951,221,,
11.987569,221,,
11.988191,221,,
11.988784,221,,
11.989410,221,,
11.990034,221,1742,0
11.997752,221,,
11.998668,221,,
11.999285,221,,
11.999852,221,,
12.000477,221,,
12.001102,221,,
12.001713,221,,
12.002291,221,1742,0
12.004145,221,,
12.004751,221,,
12.005356,221,,
12.005941,221,,
12.015698,221,,
12.016655,221,,
12.017279,221,,
12.017890,221,1742,0
12.019827,221,,
12.020429,222,,
12.021027,222,,
12.027132,222,,
12.027708,222,,
12.028636,222,,
12.029297,222,,
12.029943,222,1742,0
12.031748,222,,
12.032363,222,,
12.032936,222,,
12.033571,222,,
12.034500,222,,
12.035154,222,,
12.035771,222,,
12.036730,222,1742,0
12.047965,222,,
12.048573,222,,
12.049186,222,,
12.050062,222,,
12.050966,222,,
12.051547,222,,
12.057729,222,,
12.058660,222,1742,0
12.061181,222,,
12.062158,222,,
12.062777,222,,
12.063356,222,,
12.064225,222,,
12.065209,222,,
12.066141,222,,
12.067060,222,1742,0
12.078488,222,,
12.079443,222,,
12.080069,222,,
12.080691,222,,
12.081324,222,,
12.081909,222,,
12.082530,222,,
12.088545,222,1742,0
12.090733,222,,
12.091681,222,,
12.092304,222,,
12.092914,222,,
12.093508,222,,
12.094149,222,,
12.094753,222,,
12.095349,222,1742,0
12.097198,222,,
12.097808,222,,
12.098430,222,,
12.099013,222,,
12.108746,222,,
12.109688,222,,
12.110655,222,,
12.111573,222,1742,0
12.113413,221,,
12.114026,221,,
12.120048,221,,
12.120610,221,,
12.121248,221,,
12.122223,221,,
12.122790,221,,
12.123753,221,1742,0
12.125666,221,,
12.126308,221,,
12.127101,221,,
12.127975,221,,
12.128544,221,,
12.129191,221,,
12.129797,221,,
12.139575,221,1742,0
12.143145,221,,
12.144249,221,,
12.145356,221,,
12.150995,221,,
12.151892,221,,
12.152830,221,,
12.153445,221,,
12.154053,221,1742,0
12.156311,221,,
12.156944,221,,
12.157557,221,,
12.158210,221,,
12.158860,221,,
12.159807,221,,
12.160423,221,,
12.161055,221,1742,0
12.171925,221,,
12.172550,221,,
12.173192,221,,
12.174187,222,,
12.174783,222,,
12.175400,222,,
12.176019,222,,
12.181812,222,1742,0
12.183991,222,,
12.184600,222,,
12.185227,222,,
12.186155,222,,
12.186775,222,,
12.187428,222,,
12.188044,222,,
12.188665,222,1742,0
12.190525,222,,
12.191131,222,,
12.191761,222,,
12.201422,222,,
12.202376,221,,
12.202993,221,,
12.203632,221,,
12.204234,221,1742,0
12.206755,221,,
12.212830,221,,
12.213393,221,,
12.214003,221,,
12.214646,221,,
12.215266,221,,
12.215881,221,,
12.216499,221,1742,0
12.219053,221,,
12.219699,221,,
12.220308,221,,
12.220909,221,,
12.221535,221,,
12.222177,221,,
12.222806,221,,
12.232521,221,1742,0
12.234675,221,,
12.235295,221,,
12.235890,221,,
12.236530,221,,
12.237154,221,,
12.237768,221,,
12.243609,221,,
12.244209,221,1742,0
12.247859,221,,
12.248953,221,,
12.249811,221,,
12.250707,221,,
12.251309,221,,
12.251950,221,,
12.252580,221,,
12.253225,221,1742,0
12.264423,221,,
12.265000,221,,
12.265632,221,,
12.266541,221,,
12.267134,221,,
12.267770,221,,
12.268398,221,,
12.269020,221,1742,0
12.275990,221,,
12.276959,221,,
12.277612,221,,
12.278227,221,,
12.278848,221,,
12.279462,221,,
12.280431,221,,
12.281004,221,1742,0
12.282843,221,,
12.283495,221,,
12.284107,221,,
12.284812,221,,
12.294311,221,,
12.294888,221,,
12.295518,221,,
12.296146,221,1742,0
12.298036,221,,
12.298668,221,,
12.299258,221,,
12.299857,221,,
12.305907,221,,
12.306466,221,,
12.307112,221,,
12.307721,221,1742,0
12.309559,221,,
12.310182,221,,
12.310806,221,,
12.311397,221,,
12.311995,221,,
12.312601,221,,
12.313203,221,,
12.313811,221,1742,0
12.315666,221,,
12.325480,222,,
12.326309,222,,
12.326903,222,,
12.327497,222,,
12.328124,222,,
12.328738,222,,
12.329358,222,1742,0
12.336475,222,,
12.337100,222,,
12.337724,222,,
12.338338,222,,
12.338947,222,,
12.339550,222,,
12.340167,222,,
12.340920,222,1742,0
12.343397,222,,
12.343955,222,,
12.344564,222,,
12.345186,222,,
12.346153,222,,
12.347078,222,,
12.356514,222,,
12.357402,222,1742,0
12.359573,222,,
12.360535,222,,
12.361155,222,,
12.361776,222,,
12.367574,222,,
12.368502,222,,
12.369512,222,,
12.370442,222,1742,0
12.372625,222,,
12.373534,222,,
12.374192,222,,
12.375069,222,,
12.375676,222,,
12.376326,222,,
12.376893,222,,
12.377540,222,1742,0
12.388903,222,,
12.389499,222,,
12.390132,222,,
12.390899,222,,
12.391818,222,,
12.392778,222,,
12.398935,222,,
12.399927,222,1742,0
12.402358,222,,
12.403283,222,,
12.404258,222,,
12.405215,222,,
12.406130,222,,
12.407072,222,,
12.408014,222,,
12.408965,222,1742,0
12.419978,222,,
12.420917,222,,
12.421907,222,,
12.422888,222,,
12.423850,222,,
12.429748,222,,
12.430673,222,,
12.431283,222,1742,0
12.433459,222,,
12.434068,222,,
12.434686,222,,
12.435281,222,,
12.435874,222,,
12.436493,222,,
12.437139,222,,
12.437764,222,1742,0
12.439925,221,,
12.449592,221,,
12.450459,221,,
12.451100,221,,
12.451713,221,,
12.452670,221,,
12.453286,221,,
12.453906,221,1742,0
12.461129,221,,
12.462238,221,,
12.463318,221,,
12.464421,221,,
12.465535,221,,
12.466653,221,,
12.467810,221,,
12.468912,221,1742,0
12.480506,221,,
12.481445,221,,
12.482381,221,,
12.483377,221,,
12.484341,221,,
12.485302,221,,
12.486277,221,,
12.492116,221,1742,0
12.495528,221,,
12.496469,221,,
12.497442,221,,
12.498360,221,,
12.499306,221,,
12.500248,221,,
12.501190,221,,
12.502123,221,1742,0
12.513156,221,,
12.514040,221,,
12.514677,221,,
12.515267,221,,
12.516204,221,,
12.516821,221,,
12.522634,221,,
12.523612,221,1742,0
12.526564,221,,
12.527523,221,,
12.528505,221,,
12.529436,221,,
12.530044,221,,
12.531003,221,,
12.531916,221,,
12.532877,221,1742,0
12.544483,221,,
12.545412,221,,
12.545979,221,,
12.546924,221,,
12.547568,221,,
12.553553,221,,
12.554509,221,,
12.555481,221,1742,0
12.557610,221,,
12.558241,221,,
12.559158,221,,
12.560134,221,,
12.560776,221,,
12.561382,221,,
12.561981,221,,
12.563037,221,1742,0
12.574547,221,,
12.575514,221,,
12.576469,221,,
12.577436,221,,
12.578050,221,,
12.578976,221,,
12.584954,221,,
12.585853,221,1742,0
12.588781,221,,
12.589709,221,,
12.590640,221,,
12.591605,221,,
12.592567,221,,
12.593538,221,,
12.594507,221,,
12.595442,221,1742,0
12.607204,221,,
12.608251,221,,
12.609178,221,,
12.610116,221,,
12.615674,221,,
12.616649,221,,
12.617257,221,,
12.617889,221,1742,0
12.619808,221,,
12.620795,222,,
12.621754,222,,
12.622326,222,,
12.622951,222,,
12.623607,222,,
12.624544,222,,
12.625199,222,1742,0
12.636329,222,,
12.636911,222,,
12.637561,222,,
12.638544,222,,
12.639094,222,,
12.639723,222,,
12.640314,222,,
12.640894,222,1742,0
12.648706,222,,
12.649302,222,,
12.649932,221,,
12.650578,221,,
12.651183,221,,
12.651842,221,,
12.653063,221,,
12.654049,221,1742,0
12.656916,221,,
12.666391,221,,
12.666953,221,,
12.667562,221,,
12.668190,221,,
12.668788,221,,
12.669416,221,,
12.669999,221,1742,0
12.671884,221,,
12.678242,221,,
12.679199,221,,
12.679790,221,,
12.680703,221,,
12.681333,221,,
12.681939,221,,
12.682555,221,1742,0
12.684403,221,,
12.685026,221,,
12.685641,221,,
12.686278,221,,
12.687246,221,,
12.688204,221,,
12.697525,221,,
12.698170,221,1742,0
12.700330,221,,
12.700960,221,,
12.701572,221,,
12.702511,221,,
12.708530,221,,
12.709499,221,,
12.710497,221,,
12.711469,221,1742,0
12.713661,221,,
12.714600,221,,
12.715181,221,,
12.715815,221,,
12.716443,221,,
12.717059,221,,
12.717692,221,,
12.718353,221,1742,0
12.729165,221,,
12.729795,221,,
12.730734,221,,
12.731379,221,,
12.731968,221,,
12.732583,221,,
12.733202,221,,
12.733812,221,1742,0
12.741291,221,,
12.742244,221,,
12.742832,221,,
12.743454,221,,
12.744401,221,,
12.745039,221,,
12.745662,221,,
12.746278,221,1742,0
12.748434,221,,
12.749392,221,,
12.750018,221,,
12.759754,221,,
12.760688,221,,
12.761617,221,,
12.762576,221,,
12.763224,221,1742,0
12.770821,221,,
12.771757,222,,
12.772352,222,,
12.772969,222,,
12.774144,222,,
12.775033,222,,
12.775669,222,,
12.776582,222,1742,0
12.778840,222,,
12.779768,222,,
12.780315,222,,
12.781272,222,,
12.790606,222,,
12.791216,222,,
12.791865,222,,
12.792831,222,1742,0
12.794952,222,,
12.795607,222,,
12.801629,222,,
12.802234,221,,
12.802869,221,,
12.803784,221,,
12.804428,221,,
12.805029,221,1742,0
12.806937,221,,
12.807601,221,,
12.808236,221,,
12.808843,221,,
12.809473,221,,
12.810577,221,,
12.811748,221,,
12.821658,221,1742,0
12.824801,221,,
12.825758,221,,
12.826708,221,,
12.832571,221,,
12.833163,222,,
12.834174,222,,
12.834804,222,,
12.835403,222,1742,0
12.837284,222,,
12.837882,222,,
12.838554,222,,
12.839508,222,,
12.840159,222,,
12.840775,222,,
12.841381,222,,
12.842002,222,1742,0
12.853497,222,,
12.854444,222,,
12.855371,222,,
12.856007,222,,
12.856616,222,,
12.857246,222,,
12.857826,222,,
12.863863,221,1742,0
12.865700,221,,
12.866323,221,,
12.866898,221,,
12.867561,221,,
12.868127,221,,
12.868810,221,,
12.869739,221,,
12.870384,221,1742,0
12.872599,221,,
12.873242,221,,
12.874216,221,,
12.883530,221,,
12.884478,221,,
12.885434,221,,
12.886040,221,,
12.886679,221,1742,0
12.888541,221,,
12.894574,222,,
12.895500,222,,
12.896089,222,,
12.897043,222,,
12.897681,222,,
12.898304,222,,
12.898881,222,1742,0
12.900765,222,,
12.901356,222,,
12.901938,222,,
12.902570,222,,
12.903243,222,,
12.903871,222,,
12.904435,222,,
12.905037,222,1742,0
12.916283,222,,
12.916890,222,,
12.917527,222,,
12.918133,222,,
12.918769,222,,
12.919344,222,,
12.919905,222,,
12.925795,222,1742,0
12.928003,222,,
12.928849,222,,
12.929841,222,,
12.930417,222,,
12.930978,222,,
12.931634,222,,
12.932216,222,,
12.932827,222,1742,0
12.934702,222,,
12.935278,222,,
12.935891,222,,
12.945568,222,,
12.946172,222,,
12.946793,222,,
12.947426,222,,
12.948134,222,1742,0
12.950892,222,,
12.956912,222,,
12.957797,222,,
12.958690,222,,
12.959308,222,,
12.959869,222,,
12.960515,222,,
12.961127,222,1742,0
12.963325,222,,
12.963908,222,,
12.964562,222,,
12.965504,222,,
12.966112,222,,
12.966735,222,,
12.976451,222,,
12.977333,222,1742,0
12.979148,222,,
12.980038,222,,
12.980688,222,,
12.981299,222,,
12.981880,222,,
12.987675,222,,
12.988295,222,,
12.988862,222,1742,0
12.990820,222,,
12.991761,222,,
12.992343,222,,
12.992903,222,,
12.993565,222,,
12.994145,222,,
12.994801,222,,
12.995393,222,1742,0
12.997185,222,,
12.998129,222,,
13.007643,222,,
13.008539,222,,
13.009181,222,,
13.009772,222,,
13.010379,221,,
13.010996,221,1742,0
13.018563,221,,
13.019139,221,,
13.020030,221,,
13.020683,221,,
13.021307,221,,
13.022241,221,,
13.022873,221,,
13.023827,221,1742,0
13.026742,221,,
13.027638,221,,
13.028570,221,,
13.038576,221,,
13.039560,221,,
13.040512,221,,
13.041511,221,,
13.042485,221,1742,0
13.050233,221,,
13.051184,221,,
13.052139,221,,
13.053114,221,,
13.053759,221,,
13.054705,221,,
13.056110,221,,
13.057361,221,1742,0
13.069980,221,,
13.070983,221,,
13.071918,221,,
13.072860,221,,
13.073826,221,,
13.074445,221,,
13.075054,221,,
13.080964,221,1742,0
13.083425,221,,
13.084003,221,,
13.084646,221,,
13.085281,221,,
13.085872,221,,
13.086528,221,,
13.087136,221,,
13.087810,221,1742,0
13.089668,221,,
13.090486,221,,
13.100446,221,,
13.101378,221,,
13.102026,221,,
13.102655,221,,
13.103622,221,,
13.104279,221,1742,0
13.111529,221,,
13.112125,221,,
13.112762,221,,
13.113350,221,,
13.113965,221,,
13.114564,221,,
13.115183,221,,
13.115825,221,1742,0
13.117660,221,,
13.118270,221,,
13.118876,221,,
13.119508,221,,
13.120474,221,,
13.121100,221,,
13.121745,221,,
13.131376,221,1742,0
13.133570,221,,
13.134521,221,,
13.135158,221,,
13.135898,221,,
13.136865,221,,
13.142864,221,,
13.143820,221,,
13.144428,221,1742,0
13.146992,221,,
13.147624,221,,
13.148251,221,,
13.148850,221,,
13.149504,221,,
13.150463,221,,
13.151072,221,,
13.151758,221,1742,0
13.162624,221,,
13.163519,221,,
13.164152,221,,
13.165111,221,,
13.165740,221,,
13.166370,221,,
13.166958,221,,
13.167587,221,1742,0
13.174828,221,,
13.175418,221,,
13.176050,221,,
13.177003,221,,
13.177627,221,,
13.178247,221,,
13.179208,221,,
13.179842,221,1742,0
13.182024,221,,
13.182661,221,,
13.183274,221,,
13.183904,221,,
13.193507,221,,
13.194090,221,,
13.195033,221,,
13.195634,221,1742,0
13.197818,221,,
13.198451,221,,
13.199045,221,,
13.204930,221,,
13.205862,221,,
13.206518,221,,
13.207534,221,,
13.208406,221,1742,0
13.210231,221,,
13.211188,221,,
13.211808,221,,
13.212423,221,,
13.212992,221,,
13.213646,221,,
13.214272,221,,
13.214836,221,1742,0
13.225846,221,,
13.226799,221,,
13.227701,221,,
13.228636,221,,
13.229261,221,,
13.229858,221,,
13.235934,221,,
13.236527,221,1742,0
13.238362,221,,
13.238980,221,,
13.239602,221,,
13.240291,221,,
13.240871,221,,
13.241491,221,,
13.242099,221,,
13.242759,221,1742,0
13.244585,221,,
13.245221,221,,
13.245835,221,,
13.255557,221,,
13.256484,221,,
13.257450,221,,
13.258429,221,,
13.259064,221,1742,0
13.266521,221,,
13.267150,221,,
13.267779,221,,
13.268748,221,,
13.269386,221,,
13.270002,221,,
13.270650,221,,
13.271249,221,1742,0
13.273125,221,,
13.273776,221,,
13.274357,221,,
13.275021,221,,
13.275615,221,,
13.276242,221,,
13.276875,221,,
13.286534,221,1742,0
13.288862,221,,
13.290001,221,,
13.290900,221,,
13.291515,221,,
13.297519,221,,
13.298472,221,,
13.299117,221,,
13.299730,221,1742,0
13.302629,221,,
13.303284,221,,
13.304378,221,,
13.305369,221,,
13.306273,221,,
13.307188,221,,
13.308121,221,,
13.317533,221,1742,0
13.319694,221,,
13.320304,221,,
13.320861,221,,
13.321515,221,,
13.322495,221,,
13.323122,221,,
13.329134,221,,
13.329765,221,1742,0
13.332271,221,,
13.333217,221,,
13.334131,221,,
13.335085,221,,
13.336062,221,,
13.337004,221,,
13.337909,221,,
13.338903,221,1742,0
13.350302,221,,
13.350969,221,,
13.351904,221,,
13.352535,221,,
13.353182,221,,
13.354028,221,,
13.359963,221,,
13.360930,221,1742,0
13.363428,221,,
13.364035,221,,
13.364981,221,,
13.365601,221,,
13.366216,221,,
13.366828,221,,
13.367441,221,,
13.368070,221,1742,0
13.379434,221,,
13.380303,221,,
13.381186,221,,
13.381794,221,,
13.382412,221,,
13.383036,221,,
13.383658,221,,
13.384324,221,1742,0
13.391821,221,,
13.392757,221,,
13.393967,221,,
13.395334,221,,
13.396674,221,,
13.397860,222,,
13.398744,222,,
13.399673,222,1742,0
13.410516,222,,
13.411405,222,,
13.412348,222,,
13.412948,222,,
13.413539,222,,
13.414192,222,,
13.414766,222,,
13.415430,222,1742,0
13.422693,222,,
13.423351,222,,
13.423928,222,,
13.424543,222,,
13.425176,222,,
13.426122,222,,
13.426759,222,,
13.427400,222,1742,0
13.429280,222,,
13.430214,222,,
13.430814,222,,
13.431420,222,,
13.432003,222,,
13.441610,222,,
13.442588,222,,
13.443555,222,1742,0
13.445840,222,,
13.446431,222,,
13.447036,222,,
13.452846,222,,
13.453782,222,,
13.454709,222,,
13.455336,222,,
13.455928,222,1742,0
13.457858,222,,
13.458479,222,,
13.459124,222,,
13.460095,222,,
13.460744,222,,
13.461367,222,,
13.461946,222,,
13.462599,222,1742,0
13.473608,222,,
13.474600,222,,
13.475556,222,,
13.476176,222,,
13.477102,222,,
13.478082,222,,
13.483549,222,,
13.484132,222,1742,0
13.486325,222,,
13.486945,222,,
13.487592,222,,
13.488231,222,,
13.488866,222,,
13.489500,222,,
13.490156,222,,
13.490768,222,1742,0
13.492953,222,,
13.493582,222,,
13.503471,222,,
13.504096,222,,
13.504771,222,,
13.505350,222,,
13.505949,222,,
13.506591,222,1742,0
13.508860,222,,
13.514835,222,,
13.515480,222,,
13.516094,222,,
13.516736,222,,
13.517348,222,,
13.517920,222,,
13.518569,222,1742,0
13.520421,222,,
13.521028,222,,
13.521661,222,,
13.522284,222,,
13.522868,222,,
13.523499,222,,
13.524472,222,,
13.525106,222,1742,0
13.536641,222,,
13.537287,222,,
13.537917,222,,
13.538522,222,,
13.539139,222,,
13.540092,222,,
13.545617,222,,
13.546231,222,1742,0
13.548060,222,,
13.548669,222,,
13.549285,222,,
13.549855,222,,
13.550479,222,,
13.551139,222,,
13.551990,222,,
13.552993,222,1742,0
13.555861,222,,
13.565573,222,,
13.566562,222,,
13.567564,222,,
13.568456,222,,
13.569509,222,,
13.570433,222,,
13.576545,222,1742,0
13.579491,222,,
13.580497,221,,
13.581501,221,,
13.582477,221,,
13.583458,221,,
13.584446,221,,
13.585434,221,,
13.586344,221,1742,0
13.597283,221,,
13.598214,221,,
13.598845,221,,
13.599798,221,,
13.600690,221,,
13.601590,221,,
13.607876,221,,
13.608504,221,1742,0
13.610357,221,,
13.611403,221,,
13.612301,222,,
13.613176,222,,
13.613775,222,,
13.614383,222,,
13.614952,222,,
13.615589,222,1742,0
13.617460,222,,
13.627335,222,,
13.627893,222,,
13.628529,222,,
13.629147,222,,
13.629756,222,,
13.630365,222,,
13.630933,222,1742,0
13.632824,222,,
13.638652,222,,
13.639208,222,,
13.639791,222,,
13.640436,222,,
13.641024,222,,
13.641654,222,,
13.642276,222,1742,0
13.644143,222,,
13.644745,222,,
13.645359,222,,
13.645960,222,,
13.646538,222,,
13.647192,222,,
13.647926,222,,
13.648797,222,1742,0
13.660085,222,,
13.661022,222,,
13.661641,222,,
13.662272,222,,
13.663117,222,,
13.664075,222,,
13.669780,222,,
13.670682,222,1742,0
13.673528,221,,
13.674451,221,,
13.675389,221,,
13.676334,221,,
13.677280,221,,
13.677906,221,,
13.678902,221,,
13.679858,221,1742,0
13.691641,221,,
13.692606,221,,
13.693590,221,,
13.694523,221,,
13.700899,221,,
13.701888,221,,
13.703164,222,,
13.704221,222,1742,0
13.706713,222,,
13.707691,222,,
13.708304,222,,
13.708891,222,,
13.709746,222,,
13.710712,222,,
13.720542,222,,
13.721444,222,1742,0
13.723677,222,,
13.724294,222,,
13.725259,222,,
13.726223,222,,
13.731739,222,,
13.732657,222,,
13.733305,222,,
13.733887,222,1742,0
13.735802,222,,
13.736431,222,,
13.737076,222,,
13.738250,222,,
13.739504,222,,
13.740782,222,,
13.742051,222,,
13.751604,222,1742,0
13.755247,222,,
13.756536,222,,
13.762609,221,,
13.763499,221,,
13.764450,221,,
13.765007,221,,
13.765667,221,,
13.766613,221,1742,0
13.768813,221,,
13.769463,221,,
13.770450,221,,
13.771066,221,,
13.771750,221,,
13.772687,221,,
13.782489,221,,
13.783365,221,1742,0
13.785219,221,,
13.785840,221,,
13.786443,221,,
13.787036,221,,
13.787651,221,,
13.793961,221,,
13.794848,221,,
13.796227,221,1742,0
13.799949,221,,
13.800918,221,,
13.801860,221,,
13.802495,221,,
13.803107,221,,
13.804047,221,,
13.813382,221,,
13.814314,221,1742,0
13.816136,221,,
13.816771,221,,
13.817378,221,,
13.818348,222,,
13.818928,222,,
13.824710,222,,
13.825359,222,,
13.825934,222,1742,0
13.827818,222,,
13.828410,222,,
13.829026,222,,
13.829652,222,,
13.830283,222,,
13.830835,222,,
13.831494,222,,
13.832448,222,1742,0
13.834293,222,,
13.834926,222,,
13.844689,222,,
13.845535,222,,
13.846142,222,,
13.846774,222,,
13.847376,222,,
13.847965,222,1742,0
13.850147,221,,
13.855712,221,,
13.856310,221,,
13.857246,221,,
13.858239,221,,
13.858843,221,,
13.859931,221,,
13.860968,221,1742,0
13.863191,221,,
13.864065,221,,
13.864692,221,,
13.865271,221,,
13.866243,221,,
13.875686,221,,
13.876568,221,,
13.877172,221,1742,0
13.879403,222,,
13.880286,222,,
13.880875,222,,
13.886908,222,,
13.887548,222,,
13.888173,222,,
13.889086,222,,
13.889779,222,1742,0
13.892676,222,,
13.893635,222,,
13.894261,222,,
13.894900,222,,
13.895498,222,,
13.896444,222,,
13.897049,222,,
13.906755,222,1742,0
13.909321,222,,
13.910285,222,,
13.910889,222,,
13.911500,222,,
13.917528,222,,
13.918139,222,,
13.918818,222,,
13.919902,222,1742,0
13.922870,222,,
13.923473,222,,
13.924050,222,,
13.924683,222,,
13.925315,222,,
13.925961,222,,
13.926584,222,,
13.927220,222,1742,0
13.938413,221,,
13.939019,221,,
13.939636,221,,
13.940634,221,,
13.941605,221,,
13.942224,221,,
13.942853,221,,
13.948663,221,1742,0
13.950817,221,,
13.951403,221,,
13.951998,221,,
13.952672,221,,
13.953658,221,,
13.954293,221,,
13.954906,221,,
13.955565,221,1742,0
13.957846,221,,
13.958449,221,,
13.968335,221,,
13.969331,221,,
13.970317,222,,
13.970951,222,,
13.971583,222,,
13.972191,222,1742,0
13.979754,222,,
13.980691,222,,
13.981635,222,,
13.982270,222,,
13.982875,222,,
13.983837,222,,
13.984445,222,,
13.985047,222,1742,0
13.987245,222,,
13.988305,222,,
13.989170,222,,
13.989788,222,,
13.999464,221,,
14.000362,221,,
14.001322,221,,
14.002303,221,1742,0
14.004180,221,,
14.004797,221,,
14.010625,221,,
14.011166,221,,
14.012111,221,,
14.012711,221,,
14.013309,221,,
14.013951,221,1742,0
14.016121,221,,
14.017058,221,,
14.017686,221,,
14.018303,221,,
14.019206,221,,
14.020311,221,,
14.021372,221,,
14.030966,222,1742,0
14.034680,222,,
14.035772,222,,
14.041549,222,,
14.042170,222,,
14.043161,222,,
14.044161,222,,
14.045085,222,,
14.045758,222,1742,0
14.047888,222,,
14.048538,222,,
14.049135,222,,
14.049789,222,,
14.050370,222,,
14.050972,222,,
14.051601,222,,
14.061427,222,1742,0
14.063930,222,,
14.064553,222,,
14.065497,222,,
14.066114,222,,
14.066741,222,,
14.072811,222,,
14.073771,222,,
14.074734,222,1742,0
14.077667,222,,
14.078603,222,,
14.079279,222,,
14.080218,222,,
14.080848,222,,
14.081428,222,,
14.082047,222,,
14.082957,221,1742,0
14.094017,221,,
14.094994,221,,
14.095919,221,,
14.096550,221,,
14.097508,221,,
14.098137,221,,
14.103879,221,,
14.104932,221,1742,0
14.107088,221,,
14.107711,221,,
14.108352,221,,
14.109323,221,,
14.110294,221,,
14.111263,221,,
14.112176,222,,
14.112828,222,1742,0
14.123551,222,,
14.124524,222,,
14.125135,222,,
14.125765,222,,
14.126707,222,,
14.127330,222,,
14.127914,222,,
14.128558,222,1742,0
14.135754,222,,
14.136383,222,,
14.136948,222,,
14.137583,222,,
14.138493,222,,
14.139198,222,,
14.140107,222,,
14.140775,222,1742,0
14.143281,222,,
14.144244,222,,
14.144852,222,,
14.154568,222,,
14.155422,222,,
14.156379,222,,
14.156951,222,,
14.157610,222,1742,0
14.159435,222,,
14.160019,222,,
14.166049,222,,
14.166692,222,,
14.167314,222,,
14.167884,222,,
14.168492,222,,
14.169110,222,1742,0
14.170955,222,,
14.171614,222,,
14.172186,222,,
14.172950,222,,
14.173814,222,,
14.174426,222,,
14.175192,222,,
14.176108,222,1742,0
14.187446,222,,
14.188057,222,,
14.188746,222,,
14.189585,222,,
14.190194,222,,
14.190848,222,,
14.196488,222,,
14.197101,222,1742,0
14.198922,222,,
14.199545,222,,
14.200165,222,,
14.200910,222,,
14.201829,222,,
14.202692,222,,
14.203671,222,,
14.204259,222,1742,0
14.206820,222,,
14.216488,222,,
14.217360,222,,
14.218275,222,,
14.219216,222,,
14.220104,222,,
14.221038,222,,
14.221689,222,1742,0
14.229489,222,,
14.230443,222,,
14.231323,222,,
14.231896,222,,
14.232547,222,,
14.233491,222,,
14.234070,222,,
14.234728,222,1742,0
14.237243,222,,
14.238157,222,,
14.247560,222,,
14.248463,222,,
14.249410,222,,
14.250007,222,,
14.250659,222,,
14.251281,222,1742,0
14.258870,222,,
14.259775,222,,
14.260427,222,,
14.261003,222,,
14.261920,222,,
14.262519,222,,
14.263131,222,,
14.263772,222,1742,0
14.265902,222,,
14.266505,222,,
14.267193,222,,
14.268092,222,,
14.268723,222,,
14.278398,222,,
14.278964,222,,
14.279584,222,1742,0
14.281855,222,,
14.282415,222,,
14.283018,222,,
14.283658,222,,
14.289583,222,,
14.290541,222,,
14.291507,222,,
14.292483,222,1742,0
14.294974,222,,
14.295627,222,,
14.296270,222,,
14.296847,222,,
14.297491,222,,
14.298428,222,,
14.299017,222,,
14.299653,222,1742,0
14.311024,222,,
14.311631,222,,
14.312293,222,,
14.313189,222,,
14.313813,222,,
14.314424,222,,
14.315019,222,,
14.320864,222,1742,0
14.323797,222,,
14.324430,222,,
14.325031,222,,
14.325650,222,,
14.326271,222,,
14.326862,222,,
14.327479,222,,
14.328093,222,1742,0
14.330265,222,,
14.331200,222,,
14.340593,222,,
14.341457,222,,
14.342476,222,,
14.343403,222,,
14.344021,222,,
14.344640,222,1742,0
14.351952,222,,
14.352528,222,,
14.353172,222,,
14.353801,222,,
14.354395,222,,
14.355286,222,,
14.356370,222,,
14.357308,222,1742,0
14.360197,222,,
14.361223,222,,
14.362381,222,,
14.371914,222,,
14.373125,222,,
14.374225,222,,
14.375075,222,,
14.375711,222,1742,0
14.383107,222,,
14.383748,222,,
14.384339,222,,
14.385289,222,,
14.385899,222,,
14.386525,222,,
14.387277,222,,
14.388187,222,1742,0
14.390441,222,,
14.391374,222,,
14.392316,222,,
14.393252,222,,
14.402942,222,,
14.404281,222,,
14.405403,222,,
14.406326,222,1742,0
14.413805,222,,
14.414411,222,,
14.415042,222,,
14.415665,222,,
14.416307,222,,
14.416918,222,,
14.417542,222,,
14.418499,222,1742,0
14.420789,222,,
14.421740,222,,
14.422709,222,,
14.423643,222,,
14.433501,222,,
14.434423,222,,
14.435022,222,,
14.435622,222,1742,0
14.437472,222,,
14.438099,222,,
14.438755,222,,
14.444778,222,,
14.445384,222,,
14.446210,221,,
14.447224,221,,
14.448197,221,1742,0
14.450948,221,,
14.451938,221,,
14.452887,221,,
14.453810,221,,
14.454795,221,,
14.464353,221,,
14.464941,221,,
14.465521,221,1742,0
14.467385,221,,
14.467978,221,,
14.468586,221,,
14.469262,221,,
14.469835,221,,
14.475591,221,,
14.476189,221,,
14.476775,221,1742,0
14.478664,221,,
14.479291,221,,
14.479927,221,,
14.480489,221,,
14.481167,221,,
14.481733,221,,
14.482383,221,,
14.482964,221,1742,0
14.484904,221,,
14.485470,221,,
14.495297,221,,
14.495881,221,,
14.496484,221,,
14.497155,221,,
14.497729,221,,
14.498366,221,1742,0
14.500240,221,,
14.500850,221,,
14.506588,222,,
14.507145,222,,
14.507770,222,,
14.508406,222,,
14.508981,222,,
14.509637,222,1742,0
14.511461,222,,
14.512087,222,,
14.512713,222,,
14.513333,222,,
14.513936,222,,
14.514502,222,,
14.515169,222,,
14.515798,222,1742,0
14.526656,222,,
14.527292,222,,
14.527860,222,,
14.528461,222,,
14.529131,222,,
14.529705,222,,
14.530376,222,,
14.530982,222,1742,0
14.538314,222,,
14.538889,222,,
14.539492,222,,
14.540130,222,,
14.540766,222,,
14.541412,222,,
14.541990,222,,
14.542646,222,1742,0
14.544446,222,,
14.545101,222,,
14.545750,222,,
14.546381,222,,
14.547014,222,,
14.547590,222,,
14.557414,222,,
14.558028,222,1742,0
14.559900,222,,
14.560514,222,,
14.561110,222,,
14.561720,222,,
14.562330,221,,
14.562972,221,,
14.568694,221,,
14.569273,221,1742,0
14.571118,221,,
14.571747,221,,
14.572370,221,,
14.572943,221,,
14.573594,221,,
14.574162,221,,
14.574816,221,,
14.575404,221,1742,0
14.577321,221,,
14.577898,221,,
14.578552,221,,
14.588335,221,,
14.588930,221,,
14.589591,221,,
14.590195,221,,
14.590764,221,1742,0
14.592645,221,,
14.593243,221,,
14.593828,221,,
14.599611,221,,
14.600201,221,,
14.600837,221,,
14.601442,221,,
14.602040,221,1742,0
14.603883,221,,
14.604512,221,,
14.605098,221,,
14.605746,221,,
14.606355,221,,
14.606954,221,,
14.607587,221,,
14.608215,221,1742,0
14.610047,221,,
14.619791,221,,
14.620748,221,,
14.621708,221,,
14.622368,221,,
14.622985,221,,
14.623616,221,,
14.624272,221,1742,0
14.631491,221,,
14.632483,221,,
14.633071,221,,
14.633706,221,,
14.634307,221,,
14.635303,221,,
14.636306,221,,
14.637198,221,1742,0
14.639366,221,,
14.639985,221,,
14.640612,221,,
14.650347,221,,
14.650939,221,,
14.651575,221,,
14.652191,221,,
14.652824,221,1742,0
14.654671,221,,
14.655315,221,,
14.656290,221,,
14.661816,221,,
14.662758,221,,
14.663694,221,,
14.664331,221,,
14.664916,221,1742,0
14.666786,221,,
14.667395,221,,
14.668032,221,,
14.668658,221,,
14.669304,221,,
14.669916,221,,
14.670537,221,,
14.671160,221,1742,0
14.682395,222,,
14.683015,222,,
14.683597,222,,
14.684216,222,,
14.684799,222,,
14.685409,222,,
14.686049,222,,
14.686659,222,1742,0
14.694190,222,,
14.695064,222,,
14.695680,222,,
14.696298,222,,
14.697264,222,,
14.698214,222,,
14.699158,222,,
14.700124,222,1742,0
14.702360,222,,
14.703001,222,,
14.712669,222,,
14.713571,222,,
14.714207,221,,
14.715170,221,,
14.716114,221,,
14.716732,221,1742,0
14.724080,221,,
14.724697,221,,
14.725307,221,,
14.726253,221,,
14.727216,221,,
14.727849,221,,
14.728474,221,,
14.729085,221,1742,0
14.730946,221,,
14.731560,221,,
14.732527,221,,
14.733188,221,,
14.733812,221,,
14.743472,221,,
14.744411,222,,
14.745039,222,1742,0
14.746920,222,,
14.747544,222,,
14.748177,222,,
14.749113,222,,
14.754627,222,,
14.755283,222,,
14.755868,222,,
14.756503,222,1742,0
14.758723,222,,
14.759380,222,,
14.760328,222,,
14.761299,222,,
14.762260,222,,
14.762859,222,,
14.763487,222,,
14.764451,222,1742,0
14.775582,222,,
14.776166,222,,
14.776797,222,,
14.777393,222,,
14.778001,222,,
14.778613,222,,
14.779222,222,,
14.779824,222,1742,0
14.787128,222,,
14.787748,222,,
14.788670,222,,
14.789303,222,,
14.789925,222,,
14.790522,222,,
14.791143,222,,
14.791760,222,1742,0
14.793600,222,,
14.794225,222,,
14.794778,222,,
14.795419,222,,
14.796050,222,,
14.805626,222,,
14.806487,222,,
14.807096,222,1742,0
14.808937,222,,
14.809591,222,,
14.810334,222,,
14.811228,222,,
14.817044,222,,
14.817611,222,,
14.818566,222,,
14.819149,222,1742,0
14.820965,222,,
14.821619,222,,
14.822255,222,,
14.822838,222,,
14.823490,222,,
14.824121,222,,
14.824733,222,,
14.825298,222,1742,0
14.836402,222,,
14.837295,222,,
14.838240,222,,
14.838857,222,,
14.839794,222,,
14.840380,222,,
14.840966,222,,
14.841618,222,1742,0
14.849441,222,,
14.850016,222,,
14.850668,222,,
14.851280,222,,
14.851863,222,,
14.852490,222,,
14.853060,222,,
14.853999,222,1742,0
14.855870,222,,
14.856477,222,,
14.857069,222,,
14.857685,221,,
14.867440,221,,
14.868309,221,,
14.868868,221,,
14.869538,221,1742,0
14.871723,221,,
14.872663,221,,
14.878534,221,,
14.879455,221,,
14.880419,221,,
14.880999,221,,
14.881656,221,,
14.882424,221,1742,0
14.885290,221,,
14.886182,221,,
14.887164,221,,
14.888106,221,,
14.889014,221,,
14.898498,221,,
14.899496,221,,
14.900570,221,1742,0
14.903011,221,,
14.903673,221,,
14.910020,221,,
14.910982,221,,
14.911943,221,,
14.912885,221,,
14.913970,221,,
14.914912,221,1742,0
14.917383,221,,
14.917963,221,,
14.918599,221,,
14.919209,221,,
14.919822,221,,
14.929509,221,,
14.930079,221,,
14.930761,221,1742,0
14.933747,221,,
14.934686,221,,
14.940551,221,,
14.941434,221,,
14.942825,221,,
14.944163,221,,
14.945340,221,,
14.946545,221,1742,0
14.950030,222,,
14.951252,222,,
14.960852,222,,
14.962167,222,,
14.963181,222,,
14.964033,222,,
14.965000,222,,
14.965608,222,1742,0
14.972854,222,,
14.973477,222,,
14.974077,222,,
14.974727,222,,
14.975324,222,,
14.975956,222,,
14.976602,222,,
14.977211,222,1742,0
14.980943,222,,
14.982043,222,,
14.991771,222,,
14.993099,222,,
14.994327,222,,
14.995490,222,,
14.996588,222,,
15.003074,222,1742,0
15.006088,222,,
15.007129,222,,
15.008189,222,,
15.009262,222,,
15.010331,222,,
15.011241,222,,
15.012180,222,,
15.013094,222,1742,0
15.025074,222,,
15.026291,222,,
15.027785,222,,
15.034107,222,,
15.035596,222,,
15.037128,222,,
15.038449,222,,
15.039983,222,1742,0
15.042637,222,,
15.043485,222,,
15.044336,222,,
15.054040,222,,
15.055070,222,,
15.056062,222,,
15.057077,222,,
15.058150,222,1742,0
15.066153,222,,
15.067104,222,,
15.068049,221,,
15.069004,221,,
15.069959,221,,
15.070592,221,,
15.071231,221,,
15.071819,221,1742,0
15.074385,221,,
15.075345,221,,
15.084754,221,,
15.085674,221,,
15.086323,221,,
15.087276,221,,
15.088237,221,,
15.088860,221,1742,0
15.096772,221,,
15.097402,221,,
15.097989,221,,
15.098603,222,,
15.099239,222,,
15.099832,222,,
15.100828,222,,
15.101795,222,1742,0
15.103700,222,,
15.104259,222,,
15.104887,222,,
15.105826,222,,
15.115423,222,,
15.116035,222,,
15.116667,222,,
15.117303,222,1742,0
15.119521,222,,
15.120200,222,,
15.121141,222,,
15.126609,222,,
15.127207,222,,
15.127831,222,,
15.128433,222,,
15.129033,222,1742,0
15.130898,222,,
15.131501,222,,
15.132110,222,,
15.132727,222,,
15.133363,222,,
15.133942,222,,
15.134569,222,,
15.135167,222,1742,0
15.146374,222,,
15.147280,222,,
15.148238,222,,
15.148812,222,,
15.149442,222,,
15.150403,222,,
15.151037,222,,
15.151651,222,1742,0
15.159053,221,,
15.159658,221,,
15.160301,221,,
15.160933,221,,
15.161871,221,,
15.162460,221,,
15.163445,221,,
15.164391,221,1742,0
15.167083,221,,
15.168060,221,,
15.177476,221,,
15.178491,221,,
15.179366,221,,
15.179995,221,,
15.180602,221,,
15.181209,221,1742,0
15.188867,221,,
15.189858,221,,
15.190816,221,,
15.191819,221,,
15.192785,221,,
15.193759,221,,
15.194762,221,,
15.195651,221,1742,0
15.197472,221,,
15.198426,221,,
15.199078,221,,
15.208791,221,,
15.209647,221,,
15.210261,221,,
15.211173,221,,
15.211832,221,1742,0
15.214007,221,,
15.219790,221,,
15.220725,221,,
15.221656,221,,
15.222295,221,,
15.222874,221,,
15.223508,221,,
15.224457,221,1742,0
15.226351,221,,
15.226982,221,,
15.227602,221,,
15.228570,221,,
15.229171,221,,
15.229764,221,,
15.239536,221,,
15.240423,221,1742,0
15.242266,221,,
15.242857,221,,
15.243497,221,,
15.244445,221,,
15.245057,221,,
15.250871,221,,
15.251460,221,,
15.252432,221,1742,0
15.255044,221,,
15.255991,221,,
15.256942,221,,
15.257908,221,,
15.258543,221,,
15.259180,221,,
15.259849,221,,
15.260439,221,1742,0
15.271601,221,,
15.272238,221,,
15.273198,221,,
15.274139,221,,
15.275117,221,,
15.276094,221,,
15.281812,221,,
15.282438,221,1742,0
15.284616,221,,
15.285336,221,,
15.286411,221,,
15.287396,221,,
15.288395,221,,
15.289382,221,,
15.290255,221,,
15.291169,221,1742,0
15.302405,221,,
15.303029,221,,
15.303904,221,,
15.304944,221,,
15.305902,221,,
15.306841,221,,
15.312553,221,,
15.313487,221,1742,0
15.315965,221,,
15.316903,221,,
15.317540,221,,
15.318484,221,,
15.319436,221,,
15.319996,221,,
15.320955,221,,
15.321604,221,1742,0
15.333334,221,,
15.334277,221,,
15.334848,221,,
15.335500,221,,
15.336138,221,,
15.336766,221,,
15.337650,222,,
15.343544,222,1742,0
15.345724,222,,
15.346923,222,,
15.347831,222,,
15.349001,222,,
15.349930,222,,
15.351025,222,,
15.351903,222,,
15.352804,222,1742,0
15.363748,222,,
15.364586,222,,
15.365255,222,,
15.365845,222,,
15.366795,221,,
15.367430,221,,
15.368017,221,,
15.368666,221,1742,0
15.376829,221,,
15.377728,221,,
15.378339,221,,
15.378937,221,,
15.379881,221,,
15.380475,221,,
15.381102,221,,
15.381736,221,1742,0
15.384061,221,,
15.385032,221,,
15.394502,221,,
15.395445,221,,
15.396394,221,,
15.397308,221,,
15.397934,221,,
15.399003,221,1742,0
15.406446,221,,
15.407387,221,,
15.407956,221,,
15.408893,221,,
15.409545,221,,
15.410160,221,,
15.410791,221,,
15.411368,221,1742,0
15.413274,221,,
15.413864,221,,
15.414486,221,,
15.415049,221,,
15.415714,221,,
15.425412,221,,
15.426250,221,,
15.426860,221,1742,0
15.428734,221,,
15.429647,221,,
15.430236,221,,
15.430845,221,,
15.436666,221,,
15.437261,221,,
15.438200,221,,
15.438821,221,1742,0
15.440648,221,,
15.441260,221,,
15.441811,221,,
15.442467,221,,
15.443061,221,,
15.443699,221,,
15.444323,221,,
15.444894,221,1742,0
15.447125,221,,
15.456441,221,,
15.456978,221,,
15.457623,221,,
15.458243,221,,
15.458809,221,,
15.459415,221,,
15.460036,221,1742,0
15.461857,221,,
15.467923,221,,
15.468527,221,,
15.469140,221,,
15.469756,221,,
15.470357,221,,
15.470939,221,,
15.471617,221,1742,0
15.473789,221,,
15.474399,221,,
15.474972,221,,
15.475592,221,,
15.476238,221,,
15.476824,221,,
15.477448,221,,
15.487311,221,1742,0
15.489119,221,,
15.489734,221,,
15.490367,221,,
15.490924,221,,
15.491584,221,,
15.492159,221,,
15.492821,221,,
15.498556,221,1742,0
15.500737,221,,
15.501337,221,,
15.501906,221,,
15.502556,221,,
15.503138,221,,
15.503814,221,,
15.504402,221,,
15.504980,221,1742,0
15.506828,221,,
15.507480,221,,
15.508092,221,,
15.508664,221,,
15.518412,221,,
15.518964,221,,
15.519606,221,,
15.520184,221,1742,0
15.522021,221,,
15.522643,221,,
15.523295,221,,
15.523873,221,,
15.529646,221,,
15.530602,221,,
15.531219,221,,
15.531803,221,1742,0
15.533682,221,,
15.534301,221,,
15.534868,221,,
15.535510,221,,
15.536485,221,,
15.537054,221,,
15.537660,221,,
15.538328,221,1742,0
15.549365,221,,
15.550269,221,,
15.551227,221,,
15.551832,221,,
15.552459,221,,
15.553402,221,,
15.553986,221,,
15.554623,221,1742,0
15.562897,221,,
15.563819,221,,
15.564415,221,,
15.565326,221,,
15.565951,221,,
15.566554,221,,
15.567181,221,,
15.567792,221,1742,0
15.569635,221,,
15.570573,221,,
15.580386,221,,
15.580995,221,,
15.581905,221,,
15.582522,221,,
15.583125,221,,
15.583747,221,1742,0
15.585628,221,,
15.591527,221,,
15.592459,221,,
15.593082,221,,
15.593700,221,,
15.594331,221,,
15.595284,221,,
15.595903,221,1742,0
15.597740,221,,
15.598358,221,,
15.598976,221,,
15.599598,221,,
15.600220,221,,
15.601182,221,,
15.602124,221,,
15.611599,221,1742,0
15.614069,221,,
15.614662,221,,
15.615291,221,,
15.616206,221,,
15.616856,221,,
15.622658,221,,
15.623292,221,,
15.623913,221,1742,0
15.625827,221,,
15.626418,221,,
15.627033,221,,
15.627648,221,,
15.628267,221,,
15.629239,221,,
15.630173,221,,
15.630815,221,1742,0
15.632987,221,,
15.642469,221,,
15.643368,221,,
15.643980,221,,
15.644969,221,,
15.645860,221,,
15.646829,221,,
15.647446,221,1742,0
15.654759,221,,
15.655334,221,,
15.655957,221,,
15.656589,221,,
15.657231,221,,
15.658174,221,,
15.659178,221,,
15.660110,221,1742,0
15.661989,221,,
15.662603,221,,
15.663231,221,,
15.663847,221,,
15.673541,221,,
15.674475,221,,
15.675449,221,,
15.676424,221,1742,0
15.678298,221,,
15.678913,221,,
15.684671,221,,
15.685289,221,,
15.686232,221,,
15.686838,221,,
15.687913,221,,
15.688933,221,1742,0
15.692004,221,,
15.693032,221,,
15.694077,221,,
15.695082,221,,
15.704669,221,,
15.705771,221,,
15.706951,221,,
15.708151,221,1742,0
15.715579,221,,
15.716532,221,,
15.717185,221,,
15.717809,221,,
15.718444,221,,
15.719065,221,,
15.719699,221,,
15.720656,221,1742,0
15.723262,221,,
15.724230,221,,
15.724897,221,,
15.726170,221,,
15.735766,221,,
15.737131,221,,
15.738398,221,,
15.739522,221,1742,0
15.747837,221,,
15.748746,221,,
15.749379,221,,
15.749992,221,,
15.750619,221,,
15.751274,221,,
15.751892,221,,
15.752510,221,1742,0
15.754406,221,,
15.755020,221,,
15.755649,221,,
15.756625,221,,
15.766421,221,,
15.767345,221,,
15.768277,221,,
15.768896,221,1742,0
15.771492,221,,
15.777924,221,,
15.779210,221,,
15.780290,221,,
15.781422,221,,
15.782550,221,,
15.783664,221,,
15.784913,221,1742,0
15.797542,221,,
15.798672,221,,
15.799922,221,,
15.801134,221,,
15.802269,221,,
15.803395,221,,
15.808976,221,,
15.810127,221,1742,0
15.812874,221,,
15.813839,221,,
15.814444,221,,
15.815024,221,,
15.815636,221,,
15.816255,221,,
15.816875,221,,
15.817531,221,1742,0
15.828533,221,,
15.829450,221,,
15.830385,221,,
15.831714,221,,
15.832612,221,,
15.833588,221,,
15.839888,221,,
15.840864,221,1742,0
15.844263,221,,
15.845419,221,,
15.846415,221,,
15.847333,221,,
15.848271,221,,
15.848857,221,,
15.849485,221,,
15.859740,221,1742,0
15.862804,221,,
15.863728,221,,
15.864320,221,,
15.864911,221,,
15.870769,221,,
15.871730,221,,
15.872696,221,,
15.873691,221,1742,0
15.876279,221,,
15.877266,221,,
15.877905,221,,
15.878507,221,,
15.879102,221,,
15.879743,221,,
15.880356,221,,
15.880955,221,1742,0
15.891841,221,,
15.892791,221,,
15.893759,221,,
15.894362,221,,
15.895004,221,,
15.895899,221,,
15.901588,221,,
15.902219,221,1742,0
15.904131,221,,
15.905066,221,,
15.906046,221,,
15.907243,221,,
15.908525,221,,
15.909805,221,,
15.911051,221,,
15.912201,221,1742,0
15.923542,221,,
15.924592,221,,
15.925655,221,,
15.926751,221,,
15.933050,221,,
15.934223,221,,
15.935447,221,,
15.936674,221,1742,0
15.940265,221,,
15.941470,221,,
15.942664,221,,
15.952696,221,,
15.954029,221,,
15.955183,221,,
15.956453,221,,
15.957788,221,1742,0
15.965224,221,,
15.965857,221,,
15.966479,221,,
15.967109,221,,
15.967755,221,,
15.968734,221,,
15.969683,221,,
15.970348,221,1742,0
15.972239,221,,
15.973199,221,,
15.974136,221,,
15.983484,221,,
15.984422,221,,
15.985059,221,,
15.985655,221,,
15.986286,221,1742,0
15.988129,221,,
15.988758,221,,
15.994488,221,,
15.995111,221,,
15.995854,221,,
15.996789,221,,
15.997689,221,,
15.998306,221,1742,0
16.000503,221,,
16.001058,221,,
16.001701,221,,
16.002685,221,,
16.003665,221,,
16.004309,221,,
16.005027,221,,
16.014484,221,1742,0
16.016786,221,,
16.017689,221,,
16.018633,221,,
16.019279,221,,
16.019918,221,,
16.025919,221,,
16.026930,221,,
16.027804,221,1742,0
16.029966,221,,
16.030893,221,,
16.031515,221,,
16.032144,221,,
16.032755,221,,
16.033696,221,,
16.034317,221,,
16.034930,221,1742,0
16.046274,221,,
16.046824,221,,
16.047452,221,,
16.048041,221,,
16.048669,221,,
16.049296,221,,
16.049903,221,,
16.050500,221,1742,0
16.058030,221,,
16.058651,221,,
16.059274,221,,
16.059882,221,,
16.060493,221,,
16.061120,221,,
16.061734,221,,
16.062345,221,1742,0
16.064181,221,,
16.064774,221,,
16.065397,221,,
16.065992,221,,
16.066606,221,,
16.076471,221,,
16.077344,221,,
16.077934,221,1742,0
16.079795,221,,
16.080393,221,,
16.080998,221,,
16.081612,221,,
16.087448,221,,
16.088022,221,,
16.088627,221,,
16.089253,221,1742,0
16.091090,221,,
16.091712,221,,
16.092326,221,,
16.092906,221,,
16.093545,221,,
16.094159,221,,
16.094791,221,,
16.095409,221,1742,0
16.097280,221,,
16.097871,221,,
16.107492,221,,
16.108063,221,,
16.108652,221,,
16.109328,221,,
16.109916,221,,
16.110539,221,1742,0
16.112416,221,,
16.112995,221,,
16.119041,221,,
16.119661,221,,
16.120267,221,,
16.120871,221,,
16.121489,221,,
16.122088,221,1742,0
16.123912,221,,
16.124557,221,,
16.125163,221,,
16.125745,221,,
16.126374,221,,
16.126966,221,,
16.127635,221,,
16.128255,221,1742,0
16.139377,221,,
16.139972,221,,
16.140601,221,,
16.141219,221,,
16.141814,221,,
16.142438,221,,
16.143048,221,,
16.143664,221,1742,0
16.150982,221,,
16.151610,221,,
16.152224,221,,
16.152835,221,,
16.153425,221,,
16.154066,221,,
16.155108,221,,
16.155976,221,1742,0
16.158161,221,,
16.158819,221,,
16.159414,221,,
16.160371,221,,
16.169799,221,,
16.170395,221,,
16.171015,221,,
16.171627,221,1742,0
16.173927,221,,
16.174849,221,,
16.180483,221,,
16.181045,221,,
16.181681,221,,
16.182623,221,,
16.183284,221,,
16.183912,221,1742,0
16.186458,221,,
16.187133,221,,
16.188045,221,,
16.188954,221,,
16.189611,221,,
16.190232,221,,
16.190863,221,,
16.200610,221,1742,0
16.202794,221,,
16.203748,221,,
16.204702,221,,
16.205647,222,,
16.211806,222,,
16.212685,222,,
16.213313,222,,
16.213935,222,1742,0
16.215824,222,,
16.216799,222,,
16.217769,222,,
16.218393,222,,
16.219039,222,,
16.219679,222,,
16.220299,222,,
16.220940,222,1742,0
16.232374,222,,
16.233021,222,,
16.233651,222,,
16.234289,221,,
16.234904,221,,
16.235529,221,,
16.236137,221,,
16.237064,221,1742,0
16.243870,221,,
16.244490,221,,
16.245114,221,,
16.245746,221,,
16.246701,221,,
16.247346,221,,
16.247965,221,,
16.248605,221,1742,0
16.250507,221,,
16.251125,221,,
16.252081,221,,
16.252708,221,,
16.262490,221,,
16.263347,221,,
16.263996,221,,
16.264915,221,1742,0
16.267131,221,,
16.268094,221,,
16.273743,221,,
16.274575,221,,
16.275225,221,,
16.276203,221,,
16.277291,221,,
16.278234,221,1742,0
16.280702,221,,
16.281319,221,,
16.281932,221,,
16.282530,221,,
16.283163,221,,
16.283797,221,,
16.293394,221,,
16.293977,221,1742,0
16.295851,221,,
16.296473,221,,
16.297041,221,,
16.297689,221,,
16.298456,221,,
16.304884,221,,
16.305793,221,,
16.306770,221,1742,0
16.309123,221,,
16.310029,221,,
16.310615,221,,
16.311643,221,,
16.312985,221,,
16.314181,221,,
16.315449,221,,
16.324917,221,1742,0
16.328901,221,,
16.330149,221,,
16.335695,221,,
16.336762,221,,
16.337628,221,,
16.338223,221,,
16.338821,221,,
16.339435,221,1742,0
16.341280,221,,
16.341894,221,,
16.342490,221,,
16.343335,221,,
16.344350,221,,
16.345417,221,,
16.346480,221,,
16.356057,221,1742,0
16.359424,221,,
16.360658,221,,
16.366857,221,,
16.368228,221,,
16.369543,221,,
16.370813,221,,
16.372051,221,,
16.373176,221,1742,0
16.375983,221,,
16.376599,221,,
16.386352,222,,
16.387236,222,,
16.388496,222,,
16.389555,222,,
16.390625,222,,
16.391743,222,1742,0
16.400308,222,,
16.401559,222,,
16.402815,222,,
16.404075,222,,
16.405285,222,,
16.406482,222,,
16.407667,222,,
16.417637,221,1742,0
16.421090,221,,
16.422151,221,,
16.423201,221,,
16.428787,221,,
16.429810,221,,
16.430652,221,,
16.431888,221,,
16.432808,221,1742,0
16.435709,221,,
16.436683,221,,
16.437655,221,,
16.438610,221,,
16.448343,221,,
16.448865,221,,
16.449506,221,,
16.450112,221,1742,0
16.451914,221,,
16.452547,221,,
16.453164,221,,
16.453776,221,,
16.459624,221,,
16.460600,221,,
16.461230,221,,
16.461833,221,1742,0
16.464408,221,,
16.465378,221,,
16.466356,221,,
16.466992,221,,
16.467628,221,,
16.468586,221,,
16.469559,221,,
16.479362,221,1742,0
16.481139,221,,
16.481995,221,,
16.483080,221,,
16.484150,221,,
16.485236,221,,
16.491190,221,,
16.492373,221,,
16.493592,221,1742,0
16.497308,221,,
16.498454,221,,
16.499394,221,,
16.500326,221,,
16.500964,221,,
16.510618,221,,
16.511568,221,,
16.512865,221,1742,0
16.515974,221,,
16.521537,221,,
16.522508,221,,
16.523548,221,,
16.524453,221,,
16.525068,221,,
16.525676,221,,
16.526645,221,1742,0
16.529216,221,,
16.530182,221,,
16.530791,221,,
16.531408,221,,
16.532028,221,,
16.541792,221,,
16.542654,221,,
16.543263,221,1742,0
16.545050,221,,
16.545709,221,,
16.546287,221,,
16.546907,221,,
16.552674,221,,
16.553279,221,,
16.553868,221,,
16.554575,221,1742,0
16.556702,221,,
16.557666,221,,
16.558304,221,,
16.559297,221,,
16.560272,221,,
16.560847,221,,
16.561491,221,,
16.562426,221,1742,0
16.573322,221,,
16.573931,221,,
16.574569,221,,
16.575522,221,,
16.576500,221,,
16.577118,221,,
16.577776,221,,
16.583790,221,1742,0
16.585570,221,,
16.586155,221,,
16.586787,221,,
16.587379,221,,
16.587972,221,,
16.588613,221,,
16.589193,221,,
16.589827,221,1742,0
16.591662,221,,
16.592294,221,,
16.592867,221,,
16.593500,221,,
16.603377,221,,
16.603951,221,,
16.604913,221,,
16.605753,221,1742,0
16.607579,221,,
16.608217,221,,
16.608819,221,,
16.614606,221,,
16.615532,221,,
16.616146,221,,
16.616810,221,,
16.617767,221,1742,0
16.619604,221,,
16.620566,222,,
16.621199,222,,
16.622085,222,,
16.623102,222,,
16.624016,222,,
16.624950,222,,
16.634405,222,1742,0
16.636211,222,,
16.636809,222,,
16.637441,222,,
16.638050,222,,
16.638674,222,,
16.639314,222,,
16.639919,222,,
16.645723,222,1742,0
16.647887,222,,
16.648535,222,,
16.649163,222,,
16.649789,221,,
16.650404,221,,
16.651353,221,,
16.651963,221,,
16.652585,221,1742,0
16.654738,221,,
16.655351,221,,
16.656311,221,,
16.665635,221,,
16.666219,221,,
16.666837,221,,
16.667449,221,,
16.668383,221,1742,0
16.670254,221,,
16.670835,221,,
16.676858,221,,
16.677450,221,,
16.678048,221,,
16.678824,221,,
16.679806,221,,
16.680776,221,1742,0
16.683679,221,,
16.684644,221,,
16.685549,221,,
16.686421,221,,
16.687028,221,,
16.696597,221,,
16.697169,221,,
16.697803,221,1742,0
16.699644,221,,
16.700253,221,,
16.700832,221,,
16.701472,221,,
16.707743,221,,
16.708574,221,,
16.709199,221,,
16.709815,221,1742,0
16.712231,221,,
16.713192,221,,
16.714141,221,,
16.715004,221,,
16.715624,221,,
16.716525,221,,
16.717155,221,,
16.717754,221,1742,0
16.728625,221,,
16.729297,221,,
16.730194,221,,
16.730820,221,,
16.731417,221,,
16.732127,221,,
16.733032,221,,
16.738585,221,1742,0
16.741047,221,,
16.741693,221,,
16.742299,221,,
16.742909,221,,
16.743904,221,,
16.744851,221,,
16.745411,221,,
16.746411,221,1742,0
16.748258,221,,
16.749197,221,,
16.758619,221,,
16.759526,221,,
16.760418,221,,
16.761411,221,,
16.762360,221,,
16.763316,221,1742,0
16.770603,221,,
16.771242,221,,
16.771839,221,,
16.772797,221,,
16.773425,221,,
16.774007,221,,
16.774649,221,,
16.775590,221,1742,0
16.777417,221,,
16.778398,221,,
16.778966,221,,
16.779568,221,,
16.789384,221,,
16.789932,221,,
16.790594,221,,
16.791211,221,1742,0
16.793009,221,,
16.793684,221,,
16.794279,221,,
16.794840,221,,
16.800664,221,,
16.801270,221,,
16.801868,221,,
16.802492,221,1742,0
16.804344,221,,
16.804961,221,,
16.805909,221,,
16.806528,221,,
16.807127,221,,
16.808082,221,,
16.808700,221,,
16.809317,221,1742,0
16.820429,221,,
16.821383,221,,
16.822302,221,,
16.822907,221,,
16.823536,221,,
16.824497,221,,
16.825168,221,,
16.826079,221,1742,0
16.833799,221,,
16.834752,221,,
16.835754,221,,
16.836708,221,,
16.837683,221,,
16.838638,221,,
16.839610,221,,
16.840577,221,1742,0
16.852267,221,,
16.853234,221,,
16.854198,221,,
16.855179,221,,
16.856155,221,,
16.857133,221,,
16.862934,221,,
16.863775,221,1742,0
16.865601,221,,
16.866221,221,,
16.866842,221,,
16.867447,221,,
16.868040,221,,
16.868659,221,,
16.869286,221,,
16.869987,221,1742,0
16.872786,221,,
16.882447,221,,
16.883351,221,,
16.884338,221,,
16.885329,221,,
16.886259,221,,
16.887229,221,,
16.888161,221,1742,0
16.895603,221,,
16.896520,221,,
16.897477,221,,
16.898425,221,,
16.899362,221,,
16.899949,221,,
16.900921,221,,
16.901900,221,1742,0
16.904011,221,,
16.913755,221,,
16.914800,221,,
16.915635,221,,
16.916243,221,,
16.917191,221,,
16.917848,221,,
16.918453,221,1742,0
16.926473,221,,
16.927050,221,,
16.927739,221,,
16.928669,221,,
16.929607,221,,
16.930231,221,,
16.931171,221,,
16.931808,221,1742,0
16.933670,221,,
16.934269,221,,
16.934913,221,,
16.944532,221,,
16.945499,221,,
16.946442,221,,
16.947435,221,,
16.948369,221,1742,0
16.955796,222,,
16.956381,222,,
16.957021,222,,
16.957647,222,,
16.958583,222,,
16.959243,222,,
16.960198,222,,
16.960838,222,1742,0
16.962684,222,,
16.963285,222,,
16.963847,222,,
16.964497,222,,
16.965083,222,,
16.965689,222,,
16.975456,222,,
16.976410,222,1742,0
16.978288,221,,
16.978863,221,,
16.979492,221,,
16.980455,221,,
16.986465,221,,
16.987028,221,,
16.987664,221,,
16.988608,221,1742,0
16.990506,221,,
16.991119,221,,
16.992030,221,,
16.992680,221,,
16.993413,221,,
16.994299,221,,
16.995209,221,,
16.996093,221,1742,0
17.007797,221,,
17.008930,221,,
17.009977,221,,
17.011067,221,,
17.012149,221,,
17.017843,221,,
17.019058,221,,
17.020053,221,1742,0
17.023524,221,,
17.024656,221,,
17.025837,221,,
17.026953,221,,
17.028015,221,,
17.037670,221,,
17.038611,221,,
17.039757,221,1742,0
17.042849,221,,
17.048964,221,,
17.050022,221,,
17.051115,221,,
17.052341,221,,
17.053602,221,,
17.054888,221,,
17.056159,221,1742,0
17.068903,221,,
17.070252,221,,
17.071432,221,,
17.072369,221,,
17.073308,221,,
17.073914,221,,
17.079707,221,,
17.080657,221,1742,0
17.082532,221,,
17.083160,221,,
17.083778,221,,
17.084411,221,,
17.085044,221,,
17.085687,221,,
17.086647,221,,
17.087615,221,1742,0
17.089838,221,,
17.099423,221,,
17.099999,221,,
17.100649,221,,
17.101279,221,,
17.102257,221,,
17.102884,221,,
17.103512,221,1742,0
17.110572,221,,
17.111211,221,,
17.111812,221,,
17.112767,221,,
17.113374,221,,
17.113992,221,,
17.114921,221,,
17.115529,221,1742,0
17.117732,221,,
17.118337,221,,
17.119277,221,,
17.119877,221,,
17.120484,221,,
17.130322,221,,
17.130900,221,,
17.131866,221,1742,0
17.133766,221,,
17.134712,221,,
17.135664,221,,
17.141832,221,,
17.142408,221,,
17.143029,221,,
17.143647,221,,
17.144254,221,1742,0
17.146465,221,,
17.147051,221,,
17.147647,221,,
17.148269,221,,
17.148881,221,,
17.149495,221,,
17.150123,221,,
17.150737,221,1742,0
17.161592,221,,
17.162503,221,,
17.163089,221,,
17.163753,221,,
17.164382,221,,
17.164988,221,,
17.165628,221,,
17.166253,221,1742,0
17.173228,221,,
17.174102,221,,
17.174818,221,,
17.175417,221,,
17.176357,221,,
17.176972,221,,
17.177907,221,,
17.178542,221,1742,0
17.180375,221,,
17.180995,221,,
17.181649,221,,
17.182277,221,,
17.183224,221,,
17.192696,221,,
17.193623,221,,
17.194972,221,1742,0
17.198427,221,,
17.204087,221,,
17.205365,221,,
17.206775,221,,
17.208154,221,,
17.209453,221,,
17.210806,221,,
17.212156,221,1742,0
17.224131,221,,
17.225113,221,,
17.226062,221,,
17.226662,221,,
17.227585,221,,
17.228331,221,,
17.229223,221,,
17.234964,221,1742,0
17.237186,221,,
17.237831,221,,
17.238452,221,,
17.239419,221,,
17.240366,221,,
17.241017,221,,
17.241661,221,,
17.242643,221,1742,0
17.245129,221,,
17.254465,221,,
17.255091,221,,
17.255738,221,,
17.256675,221,,
17.257648,221,,
17.258654,221,,
17.259944,221,1742,0
17.267616,221,,
17.268619,221,,
17.269601,221,,
17.270542,221,,
17.271379,221,,
17.272025,221,,
17.272921,221,,
17.273555,221,1742,0
17.275694,221,,
17.285408,221,,
17.286357,221,,
17.287339,221,,
17.288316,221,,
17.289315,221,,
17.290253,221,,
17.291200,221,1742,0
17.298721,221,,
17.299633,221,,
17.300236,221,,
17.301177,221,,
17.301777,221,,
17.302379,221,,
17.302969,221,,
17.303626,221,1742,0
17.305458,221,,
17.306416,221,,
17.307000,221,,
17.316632,221,,
17.317228,221,,
17.318160,221,,
17.318735,221,,
17.319392,221,1742,0
17.321170,221,,
17.321818,221,,
17.327944,221,,
17.328896,221,,
17.329902,221,,
17.330749,221,,
17.331334,221,,
17.331908,221,1742,0
17.333783,222,,
17.334398,222,,
17.334958,222,,
17.335606,222,,
17.336230,222,,
17.336826,222,,
17.337451,222,,
17.347406,222,1742,0
17.349831,222,,
17.350778,222,,
17.351485,222,,
17.352305,222,,
17.352909,222,,
17.358648,222,,
17.359267,222,,
17.359858,222,1742,0
17.361729,222,,
17.362351,222,,
17.362936,222,,
17.363564,222,,
17.364239,222,,
17.364806,222,,
17.365366,222,,
17.365964,222,1742,0
17.367863,222,,
17.368484,222,,
17.378254,222,,
17.378851,222,,
17.379449,222,,
17.380056,222,,
17.380636,222,,
17.381296,222,1742,0
17.383092,222,,
17.383761,222,,
17.389598,222,,
17.390476,222,,
17.391486,222,,
17.392328,222,,
17.392914,222,,
17.393524,222,1742,0
17.395362,222,,
17.395958,222,,
17.396578,222,,
17.397163,222,,
17.397760,222,,
17.398406,222,,
17.398989,222,,
17.399638,222,1742,0
17.410479,222,,
17.411084,222,,
17.411705,222,,
17.412318,222,,
17.412918,222,,
17.413529,222,,
17.414163,222,,
17.414768,222,1742,0
17.421982,222,,
17.422629,222,,
17.423261,222,,
17.423833,222,,
17.424458,222,,
17.425085,222,,
17.425679,222,,
17.426298,222,1742,0
17.428166,222,,
17.428761,222,,
17.429378,222,,
17.430002,222,,
17.430613,222,,
17.440436,222,,
17.441358,222,,
17.441967,222,1742,0
17.444174,222,,
17.444813,222,,
17.445726,222,,
17.451640,222,,
17.452479,222,,
17.453080,222,,
17.453691,222,,
17.454309,222,1742,0
17.456141,222,,
17.457082,222,,
17.457729,222,,
17.458352,222,,
17.458935,222,,
17.459578,222,,
17.460499,222,,
17.461133,222,1742,0
17.472052,222,,
17.472990,222,,
17.473611,222,,
17.474273,222,,
17.475235,222,,
17.476165,222,,
17.476817,222,,
17.482564,222,1742,0
17.484794,222,,
17.485438,222,,
17.486058,222,,
17.486699,222,,
17.487626,222,,
17.488219,222,,
17.488831,222,,
17.489452,222,1742,0
17.491622,222,,
17.492586,222,,
17.502329,222,,
17.503272,222,,
17.503876,222,,
17.504488,222,,
17.505149,222,,
17.506125,222,1742,0
17.513813,222,,
17.514386,221,,
17.515331,221,,
17.515952,221,,
17.516582,221,,
17.517226,221,,
17.517853,221,,
17.518490,221,1742,0
17.521189,221,,
17.522145,221,,
17.523069,221,,
17.524042,221,,
17.533429,221,,
17.534017,221,,
17.534657,221,,
17.535269,221,1742,0
17.537491,221,,
17.538452,221,,
17.544499,221,,
17.545091,221,,
17.545710,221,,
17.546288,221,,
17.546917,221,,
17.547558,221,1742,0
17.549713,221,,
17.550369,221,,
17.550970,221,,
17.551591,221,,
17.552235,221,,
17.552869,221,,
17.553483,221,,
17.554128,221,1742,0
17.565005,221,,
17.565600,221,,
17.566209,221,,
17.566866,221,,
17.567432,221,,
17.568056,221,,
17.569020,221,,
17.569640,221,1742,0
17.576787,221,,
17.577378,221,,
17.578006,221,,
17.578626,221,,
17.579263,221,,
17.579843,221,,
17.580461,221,,
17.581074,221,1742,0
17.582917,221,,
17.583558,221,,
17.584463,221,,
17.585076,221,,
17.585711,221,,
17.595469,221,,
17.596052,221,,
17.596663,221,1742,0
17.598879,221,,
17.599509,221,,
17.600092,222,,
17.600721,222,,
17.606694,222,,
17.607229,222,,
17.607898,222,,
17.608501,222,1742,0
17.610343,222,,
17.610913,222,,
17.611566,222,,
17.612183,222,,
17.613135,222,,
17.613746,222,,
17.614335,222,,
17.614919,222,1742,0
17.616802,222,,
17.626496,222,,
17.627396,222,,
17.628365,222,,
17.628944,222,,
17.629581,222,,
17.630219,222,,
17.630841,222,1742,0
17.638074,221,,
17.638974,221,,
17.639633,221,,
17.640227,221,,
17.641159,221,,
17.641783,221,,
17.642382,221,,
17.642964,221,1742,0
17.644846,221,,
17.645479,221,,
17.646461,221,,
17.647086,221,,
17.647756,221,,
17.657423,221,,
17.658377,221,,
17.659346,221,1742,0
17.661267,223,,
17.661842,223,,
17.662851,223,,
17.668532,223,,
17.669127,223,,
17.669771,223,,
17.670723,223,,
17.671356,223,1742,0
17.673245,223,,
17.673830,223,,
17.674869,223,,
17.675779,223,,
17.676430,223,,
17.677024,223,,
17.677666,223,,
17.678283,223,1742,0
17.689206,223,,
17.690141,223,,
17.690812,223,,
17.691804,221,,
17.692759,221,,
17.693812,221,,
17.699754,221,,
17.700652,221,1742,0
17.702508,221,,
17.703078,221,,
17.703732,221,,
17.704358,221,,
17.704924,221,,
17.705529,221,,
17.706167,221,,
17.707101,221,1742,0
17.709318,221,,
17.709924,221,,
17.719534,221,,
17.720115,223,,
17.720757,223,,
17.721406,223,,
17.722021,223,,
17.722970,223,1742,0
17.725149,223,,
17.730650,223,,
17.731233,223,,
17.732182,223,,
17.732826,223,,
17.733455,223,,
17.734055,223,,
17.734667,223,1742,0
17.736572,223,,
17.737217,223,,
17.738175,223,,
17.739152,223,,
17.740057,223,,
17.740728,223,,
17.750539,223,,
17.751515,223,1742,0
17.754434,221,,
17.755008,221,,
17.755635,221,,
17.761694,221,,
17.762614,221,,
17.763529,221,,
17.764154,221,,
17.765071,221,1742,0
17.767320,221,,
17.768291,221,,
17.768907,221,,
17.769526,221,,
17.770550,221,,
17.771881,221,,
17.781643,222,,
17.782850,222,1742,0
17.786424,222,,
17.793008,222,,
17.794021,222,,
17.795055,222,,
17.796094,222,,
17.797068,222,,
17.797922,222,,
17.798546,222,1742,0
17.800403,222,,
17.801343,222,,
17.802330,222,,
17.803337,222,,
17.812612,222,,
17.813204,222,,
17.814131,222,,
17.814728,222,1742,0
17.816584,222,,
17.817192,222,,
17.817816,222,,
17.823769,222,,
17.824638,222,,
17.825256,222,,
17.825864,222,,
17.826497,222,1742,0
17.828739,222,,
17.829667,222,,
17.830297,222,,
17.830926,222,,
17.831554,222,,
17.832197,222,,
17.832830,222,,
17.833452,222,1742,0
17.844486,222,,
17.845107,222,,
17.845709,222,,
17.846684,222,,
17.847293,222,,
17.847911,222,,
17.848522,222,,
17.854425,222,1742,0
17.856246,222,,
17.856838,222,,
17.857452,222,,
17.858075,222,,
17.858689,222,,
17.859312,222,,
17.859906,222,,
17.860517,222,1742,0
17.862333,222,,
17.862976,222,,
17.863568,222,,
17.864193,221,,
17.864799,221,,
17.874432,221,,
17.875011,221,,
17.875624,221,1742,0
17.877491,221,,
17.878113,221,,
17.879034,221,,
17.879665,221,,
17.885739,221,,
17.886693,221,,
17.887653,221,,
17.888306,221,1742,0
17.891197,221,,
17.892164,221,,
17.893159,221,,
17.894082,221,,
17.894727,221,,
17.895320,221,,
17.895935,221,,
17.905637,221,1742,0
17.907504,221,,
17.908477,221,,
17.909111,221,,
17.909757,221,,
17.910377,221,,
17.910987,221,,
17.916760,221,,
17.917376,221,1742,0
17.919282,221,,
17.919915,221,,
17.920550,221,,
17.921582,221,,
17.922773,221,,
17.923836,221,,
17.924769,221,,
17.925701,221,1742,0
17.937413,221,,
17.938327,221,,
17.939252,221,,
17.940214,221,,
17.941097,221,,
17.941776,221,,
17.947516,221,,
17.948427,221,1742,0
17.950597,221,,
17.951211,221,,
17.951820,221,,
17.952756,221,,
17.953781,221,,
17.954771,221,,
17.955699,221,,
17.956709,221,1742,0
17.968436,221,,
17.969427,221,,
17.970417,221,,
17.971387,221,,
17.972291,221,,
17.973192,221,,
17.979050,221,,
17.979910,221,1742,0
17.981747,221,,
17.982344,221,,
17.982946,221,,
17.983562,221,,
17.984177,222,,
17.984784,222,,
17.985382,222,,
17.985994,222,1742,0
17.987831,222,,
17.988447,222,,
17.998261,222,,
17.999243,222,,
18.000179,222,,
18.001064,222,,
18.001671,222,,
18.002278,222,1742,0
18.009792,222,,
18.010655,222,,
18.011347,222,,
18.011927,222,,
18.012585,222,,
18.013217,222,,
18.013800,222,,
18.014751,221,1742,0
18.016628,221,,
18.017237,221,,
18.018189,221,,
18.018789,221,,
18.019350,221,,
18.019979,221,,
18.029675,221,,
18.030525,221,1742,0
18.032679,221,,
18.033289,221,,
18.033843,221,,
18.034485,221,,
18.040461,221,,
18.041069,221,,
18.041714,221,,
18.042331,221,1742,0
18.044193,221,,
18.044894,221,,
18.045776,221,,
18.046370,221,,
18.047035,221,,
18.047913,221,,
18.048528,221,,
18.049514,221,1742,0
18.060570,221,,
18.061454,221,,
18.062417,221,,
18.063050,221,,
18.063684,221,,
18.064650,221,,
18.065800,221,,
18.071930,221,1742,0
18.074781,221,,
18.075699,221,,
18.076628,221,,
18.077377,221,,
18.078248,221,,
18.079167,221,,
18.079767,221,,
18.080698,221,1742,0
18.091557,221,,
18.092515,221,,
18.093150,221,,
18.093753,221,,
18.094370,221,,
18.094998,221,,
18.095605,221,,
18.096213,221,1742,0
18.103608,221,,
18.104539,221,,
18.105178,221,,
18.105816,221,,
18.106778,221,,
18.107391,221,,
18.107993,221,,
18.108605,221,1742,0
18.110797,221,,
18.111389,221,,
18.112005,221,,
18.112601,221,,
18.122834,221,,
18.124080,221,,
18.125248,221,,
18.126211,221,1742,0
18.133738,221,,
18.134686,221,,
18.135633,221,,
18.136241,221,,
18.137212,221,,
18.138133,221,,
18.138759,221,,
18.139672,221,1742,0
18.141497,221,,
18.142115,221,,
18.142729,221,,
18.143337,221,,
18.143934,221,,
18.153762,221,,
18.154877,221,,
18.155971,221,1742,0
18.159023,221,,
18.165077,221,,
18.166001,221,,
18.166938,221,,
18.167570,221,,
18.168221,221,,
18.168826,221,,
18.169435,221,1742,0
18.171676,221,,
18.172282,221,,
18.172870,221,,
18.173531,221,,
18.174488,221,,
18.184294,221,,
18.184914,221,,
18.185541,221,1742,0
18.187459,221,,
18.188102,221,,
18.189055,221,,
18.189691,221,,
18.195416,221,,
18.196019,221,,
18.196646,221,,
18.197524,221,1742,0
18.200700,221,,
18.201867,221,,
18.202976,221,,
18.204128,221,,
18.205257,221,,
18.206420,221,,
18.215894,221,,
18.217050,221,1742,0
18.220469,221,,
18.227034,221,,
18.228214,221,,
18.229297,221,,
18.230358,221,,
18.231444,221,,
18.232565,221,,
18.233699,221,1742,0
18.236520,221,,
18.246608,221,,
18.247819,221,,
18.249001,221,,
18.250146,221,,
18.251258,221,,
18.252315,221,,
18.258225,221,1742,0
18.261743,221,,
18.262870,221,,
18.263995,221,,
18.265198,221,,
18.266244,221,,
18.267324,221,,
18.268342,221,,
18.277828,221,1742,0
18.280907,221,,
18.281934,221,,
18.282974,221,,
18.288827,221,,
18.290064,221,,
18.291250,221,,
18.292307,221,,
18.293183,221,1742,0
18.295373,221,,
18.296326,221,,
18.296932,221,,
18.297555,221,,
18.298172,221,,
18.298793,221,,
18.308416,221,,
18.309376,221,1742,0
18.312298,221,,
18.313257,221,,
18.313870,221,,
18.319677,221,,
18.320279,221,,
18.321231,221,,
18.322612,221,,
18.323977,221,1742,0
18.327434,221,,
18.328361,221,,
18.329295,221,,
18.329911,221,,
18.339549,221,,
18.340184,221,,
18.340821,221,,
18.341396,221,1742,0
18.343633,221,,
18.344242,221,,
18.344865,221,,
18.351244,221,,
18.352274,221,,
18.353166,221,,
18.353784,221,,
18.354756,221,1742,0
18.357323,221,,
18.358227,221,,
18.359168,221,,
18.360118,221,,
18.361058,221,,
18.370535,221,,
18.371491,221,,
18.372397,221,1742,0
18.375266,221,,
18.376127,221,,
18.381858,221,,
18.382786,221,,
18.383767,221,,
18.384770,221,,
18.385752,221,,
18.386695,221,1742,0
18.389801,221,,
18.391051,221,,
18.392141,221,,
18.401770,221,,
18.403033,221,,
18.404273,221,,
18.405521,221,,
18.406867,221,1742,0
18.415122,221,,
18.416318,221,,
18.417563,221,,
18.418865,221,,
18.420125,221,,
18.421321,221,,
18.422644,221,,
18.432625,221,1742,0
18.435989,221,,
18.437160,221,,
18.438115,221,,
18.444160,221,,
18.445062,221,,
18.445650,221,,
18.446599,221,,
18.447223,221,1742,0
18.449031,221,,
18.449643,221,,
18.450267,221,,
18.450865,221,,
18.451493,221,,
18.452094,221,,
18.453068,221,,
18.453692,221,1742,0
18.465271,221,,
18.466217,221,,
18.466831,221,,
18.467469,221,,
18.468095,221,,
18.469037,221,,
18.474536,221,,
18.475160,221,1742,0
18.477312,221,,
18.477910,221,,
18.478489,221,,
18.479137,221,,
18.479721,221,,
18.480362,221,,
18.480961,221,,
18.481589,221,1742,0
18.483456,221,,
18.484089,221,,
18.484737,221,,
18.494390,221,,
18.495277,221,,
18.495889,221,,
18.496492,221,,
18.497108,221,1742,0
18.500089,221,,
18.505528,221,,
18.506483,221,,
18.507438,221,,
18.508432,221,,
18.509024,221,,
18.509648,221,,
18.510615,221,1742,0
18.512427,221,,
18.513055,221,,
18.513687,221,,
18.514308,221,,
18.514908,221,,
18.515540,221,,
18.525383,221,,
18.526296,221,1742,0
18.529163,221,,
18.529816,221,,
18.530737,221,,
18.537088,221,,
18.538167,221,,
18.539148,221,,
18.540088,221,,
18.541072,221,1742,0
18.543913,221,,
18.544798,221,,
18.545753,221,,
18.546371,221,,
18.546990,221,,
18.556576,221,,
18.557151,221,,
18.558194,221,1742,0
18.560665,221,,
18.561589,221,,
18.567486,221,,
18.568437,221,,
18.569075,221,,
18.570032,221,,
18.570908,221,,
18.571575,221,1742,0
18.574018,221,,
18.574664,221,,
18.575300,221,,
18.576184,221,,
18.577132,221,,
18.577774,221,,
18.587338,221,,
18.587887,221,1742,0
18.589797,221,,
18.590366,221,,
18.591005,221,,
18.591627,221,,
18.592252,221,,
18.592858,221,,
18.598642,221,,
18.599198,221,1742,0
18.601020,221,,
18.601627,221,,
18.602252,221,,
18.602880,221,,
18.603482,221,,
18.604148,221,,
18.604752,221,,
18.605375,221,1742,0
18.607218,221,,
18.607879,221,,
18.608836,221,,
18.618354,221,,
18.618936,221,,
18.619545,221,,
18.620211,221,,
18.620757,221,1742,0
18.622913,221,,
18.623857,221,,
18.629789,221,,
18.630686,221,,
18.631310,221,,
18.631861,221,,
18.632509,221,,
18.633097,221,1742,0
18.635308,221,,
18.635882,221,,
18.636835,221,,
18.637808,221,,
18.638695,221,,
18.639293,221,,
18.639897,221,,
18.649560,221,1742,0
18.651647,221,,
18.652268,221,,
18.652880,221,,
18.653490,221,,
18.654120,221,,
18.654739,221,,
18.660568,221,,
18.661156,221,1742,0
18.663694,221,,
18.664635,221,,
18.665228,221,,
18.665829,221,,
18.666774,221,,
18.667402,221,,
18.667975,221,,
18.668631,221,1742,0
18.670802,221,,
18.680439,221,,
18.680991,221,,
18.681645,221,,
18.682227,221,,
18.682867,221,,
18.683461,221,,
18.684243,221,1742,0
18.692499,221,,
18.693442,221,,
18.694417,221,,
18.695402,221,,
18.696358,221,,
18.697325,221,,
18.698279,221,,
18.698909,221,1742,0
18.701486,221,,
18.711423,221,,
18.712327,221,,
18.713301,221,,
18.714259,221,,
18.715185,221,,
18.716176,221,,
18.717137,221,1742,0
18.724458,221,,
18.725095,221,,
18.725701,221,,
18.726641,221,,
18.727570,221,,
18.728202,221,,
18.729087,221,,
18.729758,221,1742,0
18.732238,221,,
18.733208,221,,
18.742675,221,,
18.743672,221,,
18.744652,221,,
18.745572,221,,
18.746529,221,,
18.747191,221,1742,0
18.755050,221,,
18.755986,221,,
18.756602,221,,
18.757219,221,,
18.758178,222,,
18.759130,222,,
18.759772,222,,
18.760386,222,1742,0
18.762558,222,,
18.763175,222,,
18.764033,222,,
18.773663,222,,
18.775185,222,,
18.776426,222,,
18.777635,222,,
18.778838,222,1742,0
18.787283,222,,
18.788516,221,,
18.789771,221,,
18.791049,221,,
18.792209,221,,
18.793453,221,,
18.794420,221,,
18.804320,221,1742,0
18.807588,221,,
18.808861,221,,
18.810072,221,,
18.816078,221,,
18.817131,221,,
18.818093,221,,
18.818971,221,,
18.819603,221,1742,0
18.822187,221,,
18.823136,221,,
18.824263,221,,
18.825365,221,,
18.826468,221,,
18.835772,221,,
18.836825,221,,
18.837918,221,1742,0
18.841006,221,,
18.846593,221,,
18.847463,221,,
18.848084,221,,
18.848703,221,,
18.849299,221,,
18.849899,221,,
18.850505,221,1742,0
18.852721,221,,
18.853340,221,,
18.853977,221,,
18.854569,221,,
18.855175,221,,
18.856116,221,,
18.856699,221,,
18.866487,221,1742,0
18.868620,221,,
18.869271,221,,
18.870206,221,,
18.870823,221,,
18.871416,221,,
18.877560,221,,
18.878465,221,,
18.879078,221,1742,0
18.880930,221,,
18.881577,221,,
18.882202,221,,
18.882824,221,,
18.883426,221,,
18.884068,221,,
18.885035,221,,
18.886003,221,1742,0
18.887919,221,,
18.897501,221,,
18.898488,221,,
18.899461,221,,
18.900101,221,,
18.900733,221,,
18.901368,221,,
18.901980,221,1742,0
18.909664,221,,
18.910275,221,,
18.910892,221,,
18.911489,221,,
18.912122,221,,
18.912777,221,,
18.913738,221,,
18.914369,221,1742,0
18.917384,221,,
18.918625,221,,
18.928618,221,,
18.929807,221,,
18.930939,221,,
18.932203,221,,
18.933515,221,,
18.939763,221,1742,0
18.942148,221,,
18.942790,221,,
18.943397,221,,
18.943967,221,,
18.944629,221,,
18.945235,221,,
18.945814,221,,
18.946417,221,1742,0
18.948291,221,,
18.949268,221,,
18.949845,221,,
18.959660,221,,
18.960546,221,,
18.961526,221,,
18.962475,221,,
18.963160,221,1742,0
18.970587,221,,
18.971479,221,,
18.972077,221,,
18.972667,221,,
18.973334,221,,
18.974267,221,,
18.974911,221,,
18.975526,221,1742,0
18.977419,221,,
18.978372,221,,
18.978972,221,,
18.979572,221,,
18.980202,221,,
18.981156,221,,
18.990630,221,,
18.991546,221,1742,0
18.993791,221,,
18.994731,221,,
18.995344,221,,
18.995920,221,,
19.001945,221,,
19.002569,221,,
19.003181,221,,
19.003831,221,1742,0
19.006419,221,,
19.007043,221,,
19.007692,221,,
19.008295,221,,
19.008899,221,,
19.009517,221,,
19.010191,221,,
19.011180,221,1742,0
19.022454,221,,
19.023038,221,,
19.023700,221,,
19.024307,221,,
19.024922,221,,
19.025569,221,,
19.026194,221,,
19.026815,221,1742,0
19.034165,221,,
19.034787,221,,
19.035413,221,,
19.035988,221,,
19.036640,221,,
19.037297,221,,
19.037907,221,,
19.038528,221,1742,0
19.040793,221,,
19.041386,221,,
19.042350,221,,
19.042971,221,,
19.052612,221,,
19.053197,221,,
19.053813,221,,
19.054770,221,1742,0
19.056948,221,,
19.057555,221,,
19.063460,221,,
19.064361,221,,
19.064997,221,,
19.065644,221,,
19.066249,221,,
19.066867,221,1742,0
19.068803,221,,
19.069773,221,,
19.070735,221,,
19.071342,221,,
19.072309,221,,
19.073286,221,,
19.074540,221,,
19.084056,221,1742,0
19.088111,221,,
19.089381,221,,
19.095133,221,,
19.096292,221,,
19.097465,221,,
19.098570,221,,
19.099799,221,,
19.101113,221,1742,0
19.104805,221,,
19.114424,221,,
19.115323,221,,
19.115924,221,,
19.116567,221,,
19.117158,221,,
19.117823,221,,
19.118417,221,1742,0
19.125520,221,,
19.126130,221,,
19.127055,221,,
19.127694,221,,
19.128312,221,,
19.128938,221,,
19.129557,221,,
19.130179,221,1742,0
19.132350,221,,
19.132951,221,,
19.133577,221,,
19.134212,221,,
19.134856,221,,
19.135805,221,,
19.145430,221,,
19.146366,221,1742,0
19.148244,221,,
19.149185,221,,
19.150171,221,,
19.150783,221,,
19.156562,221,,
19.157550,221,,
19.158896,221,,
19.160231,221,1742,0
19.163635,221,,
19.164734,221,,
19.165775,221,,
19.166484,221,,
19.176269,221,,
19.176879,221,,
19.177481,221,,
19.178081,221,1742,0
19.179928,221,,
19.180558,221,,
19.181143,221,,
19.181750,221,,
19.187850,221,,
19.188712,221,,
19.189312,221,,
19.189922,221,1742,0
19.191745,221,,
19.192519,221,,
19.193423,221,,
19.194352,221,,
19.195296,221,,
19.196257,221,,
19.197202,221,,
19.197831,221,1742,0
19.208671,221,,
19.209654,221,,
19.210548,221,,
19.211158,221,,
19.212086,221,,
19.212706,221,,
19.218549,221,,
19.219442,221,1742,0
19.221600,221,,
19.222222,221,,
19.222830,221,,
19.223845,221,,
19.224767,221,,
19.225620,221,,
19.226605,221,,
19.227457,221,1742,0
19.238324,221,,
19.239193,221,,
19.240218,221,,
19.241131,221,,
19.242027,221,,
19.242634,221,,
19.243271,221,,
19.244210,221,1742,0
19.251609,221,,
19.252226,221,,
19.252844,221,,
19.253763,221,,
19.254371,221,,
19.255325,221,,
19.256281,221,,
19.257218,221,1742,0
19.259027,221,,
19.259983,221,,
19.269373,221,,
19.270238,221,,
19.270849,221,,
19.271419,221,,
19.272355,221,,
19.272942,221,1742,0
19.274815,221,,
19.280833,221,,
19.281421,221,,
19.281986,221,,
19.282660,221,,
19.283275,221,,
19.283871,221,,
19.284513,221,1742,0
19.286396,221,,
19.287060,221,,
19.287965,221,,
19.288568,221,,
19.289132,221,,
19.289772,221,,
19.290393,221,,
19.290964,221,1742,0
19.301787,221,,
19.302388,221,,
19.302962,221,,
19.303626,221,,
19.304215,221,,
19.304828,221,,
19.305453,221,,
19.311470,221,1742,0
19.313617,221,,
19.314208,221,,
19.314828,221,,
19.315434,221,,
19.316427,221,,
19.317068,221,,
19.317643,221,,
19.318300,221,1742,0
19.320133,221,,
19.320761,221,,
19.321733,221,,
19.331350,221,,
19.332242,221,,
19.332868,221,,
19.333462,221,,
19.334040,221,1742,0
19.335890,221,,
19.336536,221,,
19.342453,221,,
19.343004,221,,
19.343650,221,,
19.344226,221,,
19.344843,221,,
19.345493,221,1742,0
19.347343,221,,
19.348291,221,,
19.348886,221,,
19.349491,221,,
19.350147,221,,
19.350753,221,,
19.351396,221,,
19.352041,221,1742,0
19.362858,221,,
19.363494,221,,
19.364086,221,,
19.364993,221,,
19.366270,221,,
19.367485,221,,
19.374074,221,,
19.375171,221,1742,0
19.377725,221,,
19.378650,221,,
19.379508,221,,
19.380522,221,,
19.381517,221,,
19.382535,221,,
19.383510,221,,
19.393827,221,1742,0
19.397888,221,,
19.399308,221,,
19.405092,221,,
19.406459,221,,
19.407471,221,,
19.408432,221,,
19.409376,221,,
19.409987,221,1742,0
19.411837,221,,
19.412781,221,,
19.413429,221,,
19.414001,221,,
19.414666,221,,
19.424380,221,,
19.425336,221,,
19.425957,221,1742,0
19.427859,221,,
19.428797,221,,
19.429399,221,,
19.429993,221,,
19.435833,221,,
19.436442,221,,
19.437044,221,,
19.437664,221,1742,0
19.439617,221,,
19.440562,221,,
19.441181,221,,
19.441833,221,,
19.442439,221,,
19.443038,221,,
19.443695,221,,
19.444296,221,1742,0
19.455413,221,,
19.455965,221,,
19.456623,221,,
19.457584,221,,
19.458218,221,,
19.458819,221,,
19.459444,221,,
19.460377,221,1742,0
19.467665,221,,
19.468551,221,,
19.469549,221,,
19.470481,221,,
19.471077,221,,
19.471730,221,,
19.472679,221,,
19.473624,221,1742,0
19.475531,221,,
19.476149,221,,
19.476820,221,,
19.486460,221,,
19.487403,221,,
19.488017,221,,
19.488946,221,,
19.489557,221,1742,0
19.491729,221,,
19.497448,221,,
19.498400,221,,
19.498994,221,,
19.499605,221,,
19.500226,221,,
19.500830,221,,
19.501466,221,1742,0
19.503325,221,,
19.504648,221,,
19.505761,221,,
19.506667,221,,
19.507910,221,,
19.517421,221,,
19.518319,221,,
19.518959,221,1742,0
19.521176,221,,
19.521817,221,,
19.522779,221,,
19.528443,221,,
19.529062,221,,
19.529668,221,,
19.530289,221,,
19.530911,221,1742,0
19.532789,221,,
19.533403,221,,
19.534372,220,,
19.535028,220,,
19.536047,220,,
19.536982,220,,
19.537636,220,,
19.538235,220,1742,0
19.549095,220,,
19.549734,220,,
19.550707,220,,
19.551675,220,,
19.552341,220,,
19.552971,220,,
19.553924,220,,
19.560148,220,1742,0
19.563773,220,,
19.564944,221,,
19.565859,221,,
19.566419,221,,
19.567050,221,,
19.567688,221,,
19.568610,221,,
19.569295,221,1742,0
19.580567,221,,
19.581181,221,,
19.581790,221,,
19.582423,221,,
19.583397,221,,
19.584385,221,,
19.584997,221,,
19.590817,221,1742,0
19.593361,221,,
19.593993,221,,
19.594605,221,,
19.595210,221,,
19.596151,221,,
19.596783,221,,
19.597360,221,,
19.597984,221,1742,0
19.599862,221,,
19.600863,221,,
19.610469,221,,
19.611369,221,,
19.611966,221,,
19.612591,221,,
19.613204,221,,
19.613806,221,1742,0
19.615667,221,,
19.621499,221,,
19.622107,221,,
19.622770,221,,
19.623732,221,,
19.624331,221,,
19.624955,221,,
19.625576,221,1742,0
19.627952,221,,
19.628891,221,,
19.629800,221,,
19.630418,221,,
19.631377,221,,
19.641348,221,,
19.642273,221,,
19.643235,221,1742,0
19.645759,221,,
19.646390,221,,
19.647002,221,,
19.653048,221,,
19.654020,221,,
19.654663,221,,
19.655290,221,,
19.655909,221,1742,0
19.657809,221,,
19.658773,221,,
19.659831,221,,
19.660706,221,,
19.661292,221,,
19.662255,221,,
19.662846,221,,
19.672535,221,1742,0
19.675095,221,,
19.676040,221,,
19.677003,221,,
19.677639,221,,
19.683480,221,,
19.684078,221,,
19.684695,221,,
19.685313,221,1742,0
19.687179,221,,
19.687776,221,,
19.688377,221,,
19.688989,221,,
19.689628,221,,
19.690217,221,,
19.690853,221,,
19.691478,221,1742,0
19.693748,221,,
19.703831,221,,
19.705117,221,,
19.706385,221,,
19.707764,221,,
19.708925,221,,
19.714466,221,,
19.715048,221,1742,0
19.717173,221,,
19.717748,221,,
19.718379,221,,
19.719008,221,,
19.719613,221,,
19.720230,221,,
19.720815,221,,
19.721430,221,1742,0
19.723297,221,,
19.723874,221,,
19.724508,221,,
19.734460,221,,
19.735377,221,,
19.735997,221,,
19.736629,221,,
19.737225,221,1742,0
19.739093,221,,
19.740047,221,,
19.745769,221,,
19.746396,221,,
19.747356,221,,
19.748339,221,,
19.748944,221,,
19.749580,221,1742,0
19.751504,221,,
19.752125,221,,
19.752740,221,,
19.753361,221,,
19.754371,221,,
19.755320,221,,
19.755943,221,,
19.765707,221,1742,0
19.767871,221,,
19.768495,221,,
19.769133,221,,
19.769803,221,,
19.770372,220,,
19.776492,220,,
19.777456,220,,
19.778348,220,1742,0
19.780493,220,,
19.781139,220,,
19.782088,220,,
19.782761,220,,
19.783689,220,,
19.784338,220,,
19.784923,220,,
19.785545,220,1742,0
19.796562,220,,
19.797379,220,,
19.797982,220,,
19.798621,220,,
19.799244,220,,
19.799815,220,,
19.800459,220,,
19.801043,220,1742,0
19.808660,221,,
19.809738,221,,
19.810826,221,,
19.811928,221,,
19.813023,221,,
19.814055,221,,
19.815061,221,,
19.816091,221,1742,0
19.827581,221,,
19.828436,221,,
19.829026,221,,
19.829631,221,,
19.830249,221,,
19.831072,221,,
19.832031,221,,
19.832937,221,1742,0
19.840306,221,,
19.840895,221,,
19.841513,221,,
19.842111,221,,
19.842713,221,,
19.843360,221,,
19.843936,221,,
19.844613,221,1742,0
19.847081,221,,
19.847700,221,,
19.848673,221,,
19.858347,221,,
19.858916,221,,
19.859531,221,,
19.860140,221,,
19.860755,221,1742,0
19.862602,221,,
19.863211,221,,
19.863833,221,,
19.869536,221,,
19.870442,221,,
19.871061,221,,
19.871691,221,,
19.872297,221,1742,0
19.874246,221,,
19.875171,221,,
19.876101,221,,
19.876992,221,,
19.877650,221,,
19.878677,221,,
19.879622,221,,
19.889357,221,1742,0
19.891815,221,,
19.892397,221,,
19.893378,221,,
19.894334,221,,
19.894910,221,,
19.900737,221,,
19.901750,221,,
19.902603,221,1742,0
19.904799,221,,
19.905399,221,,
19.906002,221,,
19.906613,221,,
19.907349,221,,
19.908205,221,,
19.909127,221,,
19.909804,221,1742,0
19.920924,221,,
19.921537,221,,
19.922568,221,,
19.923446,221,,
19.924099,221,,
19.925024,221,,
19.925646,221,,
19.931847,221,1742,0
19.933875,221,,
19.934528,221,,
19.935478,221,,
19.936398,221,,
19.937009,221,,
19.937644,221,,
19.938255,221,,
19.938861,221,1742,0
19.941386,221,,
19.941912,221,,
19.951787,221,,
19.952948,221,,
19.954054,221,,
19.955138,221,,
19.956130,221,,
19.957105,221,1742,0
19.964687,221,,
19.965708,221,,
19.966695,221,,
19.967291,221,,
19.967909,221,,
19.968539,221,,
19.969169,221,,
19.969830,221,1742,0
19.971991,221,,
19.972634,221,,
19.982293,221,,
19.983207,221,,
19.983846,221,,
19.984847,221,,
19.985827,221,,
19.986402,221,1742,0
19.993463,221,,
19.994116,221,,
19.994983,221,,
19.995603,221,,
19.996259,221,,
19.996846,221,,
19.997477,221,,
19.998542,221,1742,0
20.000634,221,,
