fichero,t_wall_iso,t_unix,n
c2_c925_20260916_222958.mp4,2026-09-16T22:29:59.434562,1789615799.435,0
c2_c925_20260916_222958.mp4,2026-09-16T22:29:59.468385,1789615799.468,1
c2_c925_20260916_222958.mp4,2026-09-16T22:29:59.505392,1789615799.505,2
c2_c925_20260916_222958.mp4,2026-09-16T22:29:59.533133,1789615799.533,3
c2_c925_20260916_222958.mp4,2026-09-16T22:29:59.567313,1789615799.567,4
c2_c925_20260916_222958.mp4,2026-09-16T22:29:59.600921,1789615799.601,5
c2_c925_20260916_222958.mp4,2026-09-16T22:29:59.633725,1789615799.634,6
c2_c925_20260916_222958.mp4,2026-09-16T22:29:59.671146,1789615799.671,7
c2_c925_20260916_222958.mp4,2026-09-16T22:29:59.699017,1789615799.699,8
c2_c925_20260916_222958.mp4,2026-09-16T22:29:59.731443,1789615799.731,9
c2_c925_20260916_222958.mp4,2026-09-16T22:29:59.768891,1789615799.769,10
c2_c925_20260916_222958.mp4,2026-09-16T22:29:59.803117,1789615799.803,11
c2_c925_20260916_222958.mp4,2026-09-16T22:29:59.837904,1789615799.838,12
c2_c925_20260916_222958.mp4,2026-09-16T22:29:59.871627,1789615799.872,13
c2_c925_20260916_222958.mp4,2026-09-16T22:29:59.903365,1789615799.903,14
c2_c925_20260916_222958.mp4,2026-09-16T22:29:59.937194,1789615799.937,15
c2_c925_20260916_222958.mp4,2026-09-16T22:29:59.973030,1789615799.973,16
c2_c925_20260916_222958.mp4,2026-09-16T22:30:00.004305,1789615800.004,17
c2_c925_20260916_222958.mp4,2026-09-16T22:30:00.031831,1789615800.032,18
c2_c925_20260916_222958.mp4,2026-09-16T22:30:00.066423,1789615800.066,19
c2_c925_20260916_222958.mp4,2026-09-16T22:30:00.098551,1789615800.099,20
c2_c925_20260916_222958.mp4,2026-09-16T22:30:00.130438,1789615800.130,21
c2_c925_20260916_222958.mp4,2026-09-16T22:30:00.170456,1789615800.170,22
c2_c925_20260916_222958.mp4,2026-09-16T22:30:00.204278,1789615800.204,23
c2_c925_20260916_222958.mp4,2026-09-16T22:30:00.236296,1789615800.236,24
c2_c925_20260916_222958.mp4,2026-09-16T22:30:00.273561,1789615800.274,25
c2_c925_20260916_222958.mp4,2026-09-16T22:30:00.302743,1789615800.303,26
c2_c925_20260916_222958.mp4,2026-09-16T22:30:00.335188,1789615800.335,27
c2_c925_20260916_222958.mp4,2026-09-16T22:30:00.369036,1789615800.369,28
c2_c925_20260916_222958.mp4,2026-09-16T22:30:00.399497,1789615800.400,29
c2_c925_20260916_222958.mp4,2026-09-16T22:30:00.435827,1789615800.436,30
c2_c925_20260916_222958.mp4,2026-09-16T22:30:00.472707,1789615800.473,31
c2_c925_20260916_222958.mp4,2026-09-16T22:30:00.498860,1789615800.499,32
c2_c925_20260916_222958.mp4,2026-09-16T22:30:00.532957,1789615800.533,33
c2_c925_20260916_222958.mp4,2026-09-16T22:30:00.568182,1789615800.568,34
c2_c925_20260916_222958.mp4,2026-09-16T22:30:00.600601,1789615800.601,35
c2_c925_20260916_222958.mp4,2026-09-16T22:30:00.634114,1789615800.634,36
c2_c925_20260916_222958.mp4,2026-09-16T22:30:00.671415,1789615800.671,37
c2_c925_20260916_222958.mp4,2026-09-16T22:30:00.705060,1789615800.705,38
c2_c925_20260916_222958.mp4,2026-09-16T22:30:00.735186,1789615800.735,39
c2_c925_20260916_222958.mp4,2026-09-16T22:30:00.771870,1789615800.772,40
c2_c925_20260916_222958.mp4,2026-09-16T22:30:00.804933,1789615800.805,41
c2_c925_20260916_222958.mp4,2026-09-16T22:30:00.837066,1789615800.837,42
c2_c925_20260916_222958.mp4,2026-09-16T22:30:00.873121,1789615800.873,43
c2_c925_20260916_222958.mp4,2026-09-16T22:30:00.902422,1789615800.902,44
c2_c925_20260916_222958.mp4,2026-09-16T22:30:00.932476,1789615800.932,45
c2_c925_20260916_222958.mp4,2026-09-16T22:30:00.971077,1789615800.971,46
c2_c925_20260916_222958.mp4,2026-09-16T22:30:01.001187,1789615801.001,47
c2_c925_20260916_222958.mp4,2026-09-16T22:30:01.033176,1789615801.033,48
c2_c925_20260916_222958.mp4,2026-09-16T22:30:01.068740,1789615801.069,49
c2_c925_20260916_222958.mp4,2026-09-16T22:30:01.100641,1789615801.101,50
c2_c925_20260916_222958.mp4,2026-09-16T22:30:01.133026,1789615801.133,51
c2_c925_20260916_222958.mp4,2026-09-16T22:30:01.171338,1789615801.171,52
c2_c925_20260916_222958.mp4,2026-09-16T22:30:01.204639,1789615801.205,53
c2_c925_20260916_222958.mp4,2026-09-16T22:30:01.238220,1789615801.238,54
c2_c925_20260916_222958.mp4,2026-09-16T22:30:01.272605,1789615801.273,55
c2_c925_20260916_222958.mp4,2026-09-16T22:30:01.304039,1789615801.304,56
c2_c925_20260916_222958.mp4,2026-09-16T22:30:01.335898,1789615801.336,57
c2_c925_20260916_222958.mp4,2026-09-16T22:30:01.372975,1789615801.373,58
c2_c925_20260916_222958.mp4,2026-09-16T22:30:01.405475,1789615801.405,59
c2_c925_20260916_222958.mp4,2026-09-16T22:30:01.437603,1789615801.438,60
c2_c925_20260916_222958.mp4,2026-09-16T22:30:01.473295,1789615801.473,61
c2_c925_20260916_222958.mp4,2026-09-16T22:30:01.504681,1789615801.505,62
c2_c925_20260916_222958.mp4,2026-09-16T22:30:01.533996,1789615801.534,63
c2_c925_20260916_222958.mp4,2026-09-16T22:30:01.569849,1789615801.570,64
c2_c925_20260916_222958.mp4,2026-09-16T22:30:01.598711,1789615801.599,65
c2_c925_20260916_222958.mp4,2026-09-16T22:30:01.634846,1789615801.635,66
c2_c925_20260916_222958.mp4,2026-09-16T22:30:01.669900,1789615801.670,67
c2_c925_20260916_222958.mp4,2026-09-16T22:30:01.704414,1789615801.704,68
c2_c925_20260916_222958.mp4,2026-09-16T22:30:01.738485,1789615801.739,69
c2_c925_20260916_222958.mp4,2026-09-16T22:30:01.772060,1789615801.772,70
c2_c925_20260916_222958.mp4,2026-09-16T22:30:01.803705,1789615801.804,71
c2_c925_20260916_222958.mp4,2026-09-16T22:30:01.838001,1789615801.838,72
c2_c925_20260916_222958.mp4,2026-09-16T22:30:01.873152,1789615801.873,73
c2_c925_20260916_222958.mp4,2026-09-16T22:30:01.905684,1789615801.906,74
c2_c925_20260916_222958.mp4,2026-09-16T22:30:01.930566,1789615801.931,75
c2_c925_20260916_222958.mp4,2026-09-16T22:30:01.966546,1789615801.967,76
c2_c925_20260916_222958.mp4,2026-09-16T22:30:01.998612,1789615801.999,77
c2_c925_20260916_222958.mp4,2026-09-16T22:30:02.031201,1789615802.031,78
c2_c925_20260916_222958.mp4,2026-09-16T22:30:02.068793,1789615802.069,79
c2_c925_20260916_222958.mp4,2026-09-16T22:30:02.101757,1789615802.102,80
c2_c925_20260916_222958.mp4,2026-09-16T22:30:02.135231,1789615802.135,81
c2_c925_20260916_222958.mp4,2026-09-16T22:30:02.170797,1789615802.171,82
c2_c925_20260916_222958.mp4,2026-09-16T22:30:02.200321,1789615802.200,83
c2_c925_20260916_222958.mp4,2026-09-16T22:30:02.230637,1789615802.231,84
c2_c925_20260916_222958.mp4,2026-09-16T22:30:02.271190,1789615802.271,85
c2_c925_20260916_222958.mp4,2026-09-16T22:30:02.304712,1789615802.305,86
c2_c925_20260916_222958.mp4,2026-09-16T22:30:02.335983,1789615802.336,87
c2_c925_20260916_222958.mp4,2026-09-16T22:30:02.372037,1789615802.372,88
c2_c925_20260916_222958.mp4,2026-09-16T22:30:02.405644,1789615802.406,89
c2_c925_20260916_222958.mp4,2026-09-16T22:30:02.437023,1789615802.437,90
c2_c925_20260916_222958.mp4,2026-09-16T22:30:02.472459,1789615802.472,91
c2_c925_20260916_222958.mp4,2026-09-16T22:30:02.503871,1789615802.504,92
c2_c925_20260916_222958.mp4,2026-09-16T22:30:02.534711,1789615802.535,93
c2_c925_20260916_222958.mp4,2026-09-16T22:30:02.568343,1789615802.568,94
c2_c925_20260916_222958.mp4,2026-09-16T22:30:02.601680,1789615802.602,95
c2_c925_20260916_222958.mp4,2026-09-16T22:30:02.635527,1789615802.636,96
c2_c925_20260916_222958.mp4,2026-09-16T22:30:02.671603,1789615802.672,97
c2_c925_20260916_222958.mp4,2026-09-16T22:30:02.699365,1789615802.699,98
c2_c925_20260916_222958.mp4,2026-09-16T22:30:02.736152,1789615802.736,99
c2_c925_20260916_222958.mp4,2026-09-16T22:30:02.771813,1789615802.772,100
c2_c925_20260916_222958.mp4,2026-09-16T22:30:02.803304,1789615802.803,101
c2_c925_20260916_222958.mp4,2026-09-16T22:30:02.832264,1789615802.832,102
c2_c925_20260916_222958.mp4,2026-09-16T22:30:02.870917,1789615802.871,103
c2_c925_20260916_222958.mp4,2026-09-16T22:30:02.905150,1789615802.905,104
c2_c925_20260916_222958.mp4,2026-09-16T22:30:02.936970,1789615802.937,105
c2_c925_20260916_222958.mp4,2026-09-16T22:30:02.973634,1789615802.974,106
c2_c925_20260916_222958.mp4,2026-09-16T22:30:03.003429,1789615803.003,107
c2_c925_20260916_222958.mp4,2026-09-16T22:30:03.032002,1789615803.032,108
c2_c925_20260916_222958.mp4,2026-09-16T22:30:03.066604,1789615803.067,109
c2_c925_20260916_222958.mp4,2026-09-16T22:30:03.098617,1789615803.099,110
c2_c925_20260916_222958.mp4,2026-09-16T22:30:03.130530,1789615803.131,111
c2_c925_20260916_222958.mp4,2026-09-16T22:30:03.166410,1789615803.166,112
c2_c925_20260916_222958.mp4,2026-09-16T22:30:03.199194,1789615803.199,113
c2_c925_20260916_222958.mp4,2026-09-16T22:30:03.237556,1789615803.238,114
c2_c925_20260916_222958.mp4,2026-09-16T22:30:03.273611,1789615803.274,115
c2_c925_20260916_222958.mp4,2026-09-16T22:30:03.305088,1789615803.305,116
c2_c925_20260916_222958.mp4,2026-09-16T22:30:03.336683,1789615803.337,117
c2_c925_20260916_222958.mp4,2026-09-16T22:30:03.373411,1789615803.373,118
c2_c925_20260916_222958.mp4,2026-09-16T22:30:03.403179,1789615803.403,119
c2_c925_20260916_222958.mp4,2026-09-16T22:30:03.431216,1789615803.431,120
c2_c925_20260916_222958.mp4,2026-09-16T22:30:03.469958,1789615803.470,121
c2_c925_20260916_222958.mp4,2026-09-16T22:30:03.501173,1789615803.501,122
c2_c925_20260916_222958.mp4,2026-09-16T22:30:03.532181,1789615803.532,123
c2_c925_20260916_222958.mp4,2026-09-16T22:30:03.568037,1789615803.568,124
c2_c925_20260916_222958.mp4,2026-09-16T22:30:03.598791,1789615803.599,125
c2_c925_20260916_222958.mp4,2026-09-16T22:30:03.635614,1789615803.636,126
c2_c925_20260916_222958.mp4,2026-09-16T22:30:03.671512,1789615803.672,127
c2_c925_20260916_222958.mp4,2026-09-16T22:30:03.701767,1789615803.702,128
c2_c925_20260916_222958.mp4,2026-09-16T22:30:03.736829,1789615803.737,129
c2_c925_20260916_222958.mp4,2026-09-16T22:30:03.771334,1789615803.771,130
c2_c925_20260916_222958.mp4,2026-09-16T22:30:03.805374,1789615803.805,131
c2_c925_20260916_222958.mp4,2026-09-16T22:30:03.836582,1789615803.837,132
c2_c925_20260916_222958.mp4,2026-09-16T22:30:03.872496,1789615803.873,133
c2_c925_20260916_222958.mp4,2026-09-16T22:30:03.904152,1789615803.904,134
c2_c925_20260916_222958.mp4,2026-09-16T22:30:03.935136,1789615803.935,135
c2_c925_20260916_222958.mp4,2026-09-16T22:30:03.972519,1789615803.973,136
c2_c925_20260916_222958.mp4,2026-09-16T22:30:03.999245,1789615803.999,137
c2_c925_20260916_222958.mp4,2026-09-16T22:30:04.034783,1789615804.035,138
c2_c925_20260916_222958.mp4,2026-09-16T22:30:04.068048,1789615804.068,139
c2_c925_20260916_222958.mp4,2026-09-16T22:30:04.101488,1789615804.101,140
c2_c925_20260916_222958.mp4,2026-09-16T22:30:04.135219,1789615804.135,141
c2_c925_20260916_222958.mp4,2026-09-16T22:30:04.172483,1789615804.172,142
c2_c925_20260916_222958.mp4,2026-09-16T22:30:04.205503,1789615804.206,143
c2_c925_20260916_222958.mp4,2026-09-16T22:30:04.236322,1789615804.236,144
c2_c925_20260916_222958.mp4,2026-09-16T22:30:04.271957,1789615804.272,145
c2_c925_20260916_222958.mp4,2026-09-16T22:30:04.303147,1789615804.303,146
c2_c925_20260916_222958.mp4,2026-09-16T22:30:04.337773,1789615804.338,147
c2_c925_20260916_222958.mp4,2026-09-16T22:30:04.372574,1789615804.373,148
c2_c925_20260916_222958.mp4,2026-09-16T22:30:04.403510,1789615804.404,149
c2_c925_20260916_222958.mp4,2026-09-16T22:30:04.438006,1789615804.438,150
c2_c925_20260916_222958.mp4,2026-09-16T22:30:04.471797,1789615804.472,151
c2_c925_20260916_222958.mp4,2026-09-16T22:30:04.505876,1789615804.506,152
c2_c925_20260916_222958.mp4,2026-09-16T22:30:04.535194,1789615804.535,153
c2_c925_20260916_222958.mp4,2026-09-16T22:30:04.570072,1789615804.570,154
c2_c925_20260916_222958.mp4,2026-09-16T22:30:04.602006,1789615804.602,155
c2_c925_20260916_222958.mp4,2026-09-16T22:30:04.635643,1789615804.636,156
c2_c925_20260916_222958.mp4,2026-09-16T22:30:04.669006,1789615804.669,157
c2_c925_20260916_222958.mp4,2026-09-16T22:30:04.698886,1789615804.699,158
c2_c925_20260916_222958.mp4,2026-09-16T22:30:04.737174,1789615804.737,159
c2_c925_20260916_222958.mp4,2026-09-16T22:30:04.774036,1789615804.774,160
c2_c925_20260916_222958.mp4,2026-09-16T22:30:04.803660,1789615804.804,161
c2_c925_20260916_222958.mp4,2026-09-16T22:30:04.837373,1789615804.837,162
c2_c925_20260916_222958.mp4,2026-09-16T22:30:04.874149,1789615804.874,163
c2_c925_20260916_222958.mp4,2026-09-16T22:30:04.904611,1789615804.905,164
c2_c925_20260916_222958.mp4,2026-09-16T22:30:04.939635,1789615804.940,165
c2_c925_20260916_222958.mp4,2026-09-16T22:30:04.972143,1789615804.972,166
c2_c925_20260916_222958.mp4,2026-09-16T22:30:05.004075,1789615805.004,167
c2_c925_20260916_222958.mp4,2026-09-16T22:30:05.034167,1789615805.034,168
c2_c925_20260916_222958.mp4,2026-09-16T22:30:05.069294,1789615805.069,169
c2_c925_20260916_222958.mp4,2026-09-16T22:30:05.101812,1789615805.102,170
c2_c925_20260916_222958.mp4,2026-09-16T22:30:05.134990,1789615805.135,171
c2_c925_20260916_222958.mp4,2026-09-16T22:30:05.171302,1789615805.171,172
c2_c925_20260916_222958.mp4,2026-09-16T22:30:05.205122,1789615805.205,173
c2_c925_20260916_222958.mp4,2026-09-16T22:30:05.233065,1789615805.233,174
c2_c925_20260916_222958.mp4,2026-09-16T22:30:05.268207,1789615805.268,175
c2_c925_20260916_222958.mp4,2026-09-16T22:30:05.302976,1789615805.303,176
c2_c925_20260916_222958.mp4,2026-09-16T22:30:05.333216,1789615805.333,177
c2_c925_20260916_222958.mp4,2026-09-16T22:30:05.372684,1789615805.373,178
c2_c925_20260916_222958.mp4,2026-09-16T22:30:05.405868,1789615805.406,179
c2_c925_20260916_222958.mp4,2026-09-16T22:30:05.436416,1789615805.436,180
c2_c925_20260916_222958.mp4,2026-09-16T22:30:05.472177,1789615805.472,181
c2_c925_20260916_222958.mp4,2026-09-16T22:30:05.505393,1789615805.505,182
c2_c925_20260916_222958.mp4,2026-09-16T22:30:05.534660,1789615805.535,183
c2_c925_20260916_222958.mp4,2026-09-16T22:30:05.568677,1789615805.569,184
c2_c925_20260916_222958.mp4,2026-09-16T22:30:05.601843,1789615805.602,185
c2_c925_20260916_222958.mp4,2026-09-16T22:30:05.635532,1789615805.636,186
c2_c925_20260916_222958.mp4,2026-09-16T22:30:05.671307,1789615805.671,187
c2_c925_20260916_222958.mp4,2026-09-16T22:30:05.704714,1789615805.705,188
c2_c925_20260916_222958.mp4,2026-09-16T22:30:05.737854,1789615805.738,189
c2_c925_20260916_222958.mp4,2026-09-16T22:30:05.772560,1789615805.773,190
c2_c925_20260916_222958.mp4,2026-09-16T22:30:05.803916,1789615805.804,191
c2_c925_20260916_222958.mp4,2026-09-16T22:30:05.835867,1789615805.836,192
c2_c925_20260916_222958.mp4,2026-09-16T22:30:05.869743,1789615805.870,193
c2_c925_20260916_222958.mp4,2026-09-16T22:30:05.903065,1789615805.903,194
c2_c925_20260916_222958.mp4,2026-09-16T22:30:05.933384,1789615805.933,195
c2_c925_20260916_222958.mp4,2026-09-16T22:30:05.971485,1789615805.972,196
c2_c925_20260916_222958.mp4,2026-09-16T22:30:06.004011,1789615806.004,197
c2_c925_20260916_222958.mp4,2026-09-16T22:30:06.033672,1789615806.034,198
c2_c925_20260916_222958.mp4,2026-09-16T22:30:06.069836,1789615806.070,199
c2_c925_20260916_222958.mp4,2026-09-16T22:30:06.101975,1789615806.102,200
c2_c925_20260916_222958.mp4,2026-09-16T22:30:06.135827,1789615806.136,201
c2_c925_20260916_222958.mp4,2026-09-16T22:30:06.170584,1789615806.171,202
c2_c925_20260916_222958.mp4,2026-09-16T22:30:06.203246,1789615806.203,203
c2_c925_20260916_222958.mp4,2026-09-16T22:30:06.237680,1789615806.238,204
c2_c925_20260916_222958.mp4,2026-09-16T22:30:06.272536,1789615806.273,205
c2_c925_20260916_222958.mp4,2026-09-16T22:30:06.305460,1789615806.305,206
c2_c925_20260916_222958.mp4,2026-09-16T22:30:06.337422,1789615806.337,207
c2_c925_20260916_222958.mp4,2026-09-16T22:30:06.372688,1789615806.373,208
c2_c925_20260916_222958.mp4,2026-09-16T22:30:06.405467,1789615806.405,209
c2_c925_20260916_222958.mp4,2026-09-16T22:30:06.437563,1789615806.438,210
c2_c925_20260916_222958.mp4,2026-09-16T22:30:06.470023,1789615806.470,211
c2_c925_20260916_222958.mp4,2026-09-16T22:30:06.504508,1789615806.505,212
c2_c925_20260916_222958.mp4,2026-09-16T22:30:06.532906,1789615806.533,213
c2_c925_20260916_222958.mp4,2026-09-16T22:30:06.569420,1789615806.569,214
c2_c925_20260916_222958.mp4,2026-09-16T22:30:06.600982,1789615806.601,215
c2_c925_20260916_222958.mp4,2026-09-16T22:30:06.635515,1789615806.636,216
c2_c925_20260916_222958.mp4,2026-09-16T22:30:06.671308,1789615806.671,217
c2_c925_20260916_222958.mp4,2026-09-16T22:30:06.704247,1789615806.704,218
c2_c925_20260916_222958.mp4,2026-09-16T22:30:06.738030,1789615806.738,219
c2_c925_20260916_222958.mp4,2026-09-16T22:30:06.772495,1789615806.773,220
c2_c925_20260916_222958.mp4,2026-09-16T22:30:06.804674,1789615806.805,221
c2_c925_20260916_222958.mp4,2026-09-16T22:30:06.835518,1789615806.836,222
c2_c925_20260916_222958.mp4,2026-09-16T22:30:06.872559,1789615806.873,223
c2_c925_20260916_222958.mp4,2026-09-16T22:30:06.904251,1789615806.904,224
c2_c925_20260916_222958.mp4,2026-09-16T22:30:06.936663,1789615806.937,225
c2_c925_20260916_222958.mp4,2026-09-16T22:30:06.973328,1789615806.973,226
c2_c925_20260916_222958.mp4,2026-09-16T22:30:07.004280,1789615807.004,227
c2_c925_20260916_222958.mp4,2026-09-16T22:30:07.035981,1789615807.036,228
c2_c925_20260916_222958.mp4,2026-09-16T22:30:07.070307,1789615807.070,229
c2_c925_20260916_222958.mp4,2026-09-16T22:30:07.102223,1789615807.102,230
c2_c925_20260916_222958.mp4,2026-09-16T22:30:07.135117,1789615807.135,231
c2_c925_20260916_222958.mp4,2026-09-16T22:30:07.168975,1789615807.169,232
c2_c925_20260916_222958.mp4,2026-09-16T22:30:07.200135,1789615807.200,233
c2_c925_20260916_222958.mp4,2026-09-16T22:30:07.237650,1789615807.238,234
c2_c925_20260916_222958.mp4,2026-09-16T22:30:07.271234,1789615807.271,235
c2_c925_20260916_222958.mp4,2026-09-16T22:30:07.304672,1789615807.305,236
c2_c925_20260916_222958.mp4,2026-09-16T22:30:07.337116,1789615807.337,237
c2_c925_20260916_222958.mp4,2026-09-16T22:30:07.371059,1789615807.371,238
c2_c925_20260916_222958.mp4,2026-09-16T22:30:07.403325,1789615807.403,239
c2_c925_20260916_222958.mp4,2026-09-16T22:30:07.434853,1789615807.435,240
c2_c925_20260916_222958.mp4,2026-09-16T22:30:07.472224,1789615807.472,241
c2_c925_20260916_222958.mp4,2026-09-16T22:30:07.503743,1789615807.504,242
c2_c925_20260916_222958.mp4,2026-09-16T22:30:07.535184,1789615807.535,243
c2_c925_20260916_222958.mp4,2026-09-16T22:30:07.569929,1789615807.570,244
c2_c925_20260916_222958.mp4,2026-09-16T22:30:07.598547,1789615807.599,245
c2_c925_20260916_222958.mp4,2026-09-16T22:30:07.633108,1789615807.633,246
c2_c925_20260916_222958.mp4,2026-09-16T22:30:07.671210,1789615807.671,247
c2_c925_20260916_222958.mp4,2026-09-16T22:30:07.703266,1789615807.703,248
c2_c925_20260916_222958.mp4,2026-09-16T22:30:07.733157,1789615807.733,249
c2_c925_20260916_222958.mp4,2026-09-16T22:30:07.770160,1789615807.770,250
c2_c925_20260916_222958.mp4,2026-09-16T22:30:07.803094,1789615807.803,251
c2_c925_20260916_222958.mp4,2026-09-16T22:30:07.833746,1789615807.834,252
c2_c925_20260916_222958.mp4,2026-09-16T22:30:07.871939,1789615807.872,253
c2_c925_20260916_222958.mp4,2026-09-16T22:30:07.904771,1789615807.905,254
c2_c925_20260916_222958.mp4,2026-09-16T22:30:07.937654,1789615807.938,255
c2_c925_20260916_222958.mp4,2026-09-16T22:30:07.971663,1789615807.972,256
c2_c925_20260916_222958.mp4,2026-09-16T22:30:08.003447,1789615808.003,257
c2_c925_20260916_222958.mp4,2026-09-16T22:30:08.033389,1789615808.033,258
c2_c925_20260916_222958.mp4,2026-09-16T22:30:08.069502,1789615808.070,259
c2_c925_20260916_222958.mp4,2026-09-16T22:30:08.102978,1789615808.103,260
c2_c925_20260916_222958.mp4,2026-09-16T22:30:08.134802,1789615808.135,261
c2_c925_20260916_222958.mp4,2026-09-16T22:30:08.171220,1789615808.171,262
c2_c925_20260916_222958.mp4,2026-09-16T22:30:08.204982,1789615808.205,263
c2_c925_20260916_222958.mp4,2026-09-16T22:30:08.238124,1789615808.238,264
c2_c925_20260916_222958.mp4,2026-09-16T22:30:08.272269,1789615808.272,265
c2_c925_20260916_222958.mp4,2026-09-16T22:30:08.304198,1789615808.304,266
c2_c925_20260916_222958.mp4,2026-09-16T22:30:08.338252,1789615808.338,267
c2_c925_20260916_222958.mp4,2026-09-16T22:30:08.369637,1789615808.370,268
c2_c925_20260916_222958.mp4,2026-09-16T22:30:08.402350,1789615808.402,269
c2_c925_20260916_222958.mp4,2026-09-16T22:30:08.431567,1789615808.432,270
c2_c925_20260916_222958.mp4,2026-09-16T22:30:08.469400,1789615808.469,271
c2_c925_20260916_222958.mp4,2026-09-16T22:30:08.501427,1789615808.501,272
c2_c925_20260916_222958.mp4,2026-09-16T22:30:08.532097,1789615808.532,273
c2_c925_20260916_222958.mp4,2026-09-16T22:30:08.567549,1789615808.568,274
c2_c925_20260916_222958.mp4,2026-09-16T22:30:08.601794,1789615808.602,275
c2_c925_20260916_222958.mp4,2026-09-16T22:30:08.630888,1789615808.631,276
c2_c925_20260916_222958.mp4,2026-09-16T22:30:08.666968,1789615808.667,277
c2_c925_20260916_222958.mp4,2026-09-16T22:30:08.703121,1789615808.703,278
c2_c925_20260916_222958.mp4,2026-09-16T22:30:08.735345,1789615808.735,279
c2_c925_20260916_222958.mp4,2026-09-16T22:30:08.773090,1789615808.773,280
c2_c925_20260916_222958.mp4,2026-09-16T22:30:08.805387,1789615808.805,281
c2_c925_20260916_222958.mp4,2026-09-16T22:30:08.837138,1789615808.837,282
c2_c925_20260916_222958.mp4,2026-09-16T22:30:08.872642,1789615808.873,283
c2_c925_20260916_222958.mp4,2026-09-16T22:30:08.904677,1789615808.905,284
c2_c925_20260916_222958.mp4,2026-09-16T22:30:08.935745,1789615808.936,285
c2_c925_20260916_222958.mp4,2026-09-16T22:30:08.970561,1789615808.971,286
c2_c925_20260916_222958.mp4,2026-09-16T22:30:09.002793,1789615809.003,287
c2_c925_20260916_222958.mp4,2026-09-16T22:30:09.031987,1789615809.032,288
c2_c925_20260916_222958.mp4,2026-09-16T22:30:09.066913,1789615809.067,289
c2_c925_20260916_222958.mp4,2026-09-16T22:30:09.102250,1789615809.102,290
c2_c925_20260916_222958.mp4,2026-09-16T22:30:09.135024,1789615809.135,291
c2_c925_20260916_222958.mp4,2026-09-16T22:30:09.171457,1789615809.171,292
c2_c925_20260916_222958.mp4,2026-09-16T22:30:09.205064,1789615809.205,293
c2_c925_20260916_222958.mp4,2026-09-16T22:30:09.236586,1789615809.237,294
c2_c925_20260916_222958.mp4,2026-09-16T22:30:09.272395,1789615809.272,295
c2_c925_20260916_222958.mp4,2026-09-16T22:30:09.307263,1789615809.307,296
c2_c925_20260916_222958.mp4,2026-09-16T22:30:09.337005,1789615809.337,297
c2_c925_20260916_222958.mp4,2026-09-16T22:30:09.372042,1789615809.372,298
c2_c925_20260916_222958.mp4,2026-09-16T22:30:09.403861,1789615809.404,299
c2_c925_20260916_222958.mp4,2026-09-16T22:30:09.435452,1789615809.435,300
c2_c925_20260916_222958.mp4,2026-09-16T22:30:09.472171,1789615809.472,301
c2_c925_20260916_222958.mp4,2026-09-16T22:30:09.502338,1789615809.502,302
c2_c925_20260916_222958.mp4,2026-09-16T22:30:09.533529,1789615809.534,303
c2_c925_20260916_222958.mp4,2026-09-16T22:30:09.570596,1789615809.571,304
c2_c925_20260916_222958.mp4,2026-09-16T22:30:09.598823,1789615809.599,305
c2_c925_20260916_222958.mp4,2026-09-16T22:30:09.633423,1789615809.633,306
c2_c925_20260916_222958.mp4,2026-09-16T22:30:09.668865,1789615809.669,307
c2_c925_20260916_222958.mp4,2026-09-16T22:30:09.705050,1789615809.705,308
c2_c925_20260916_222958.mp4,2026-09-16T22:30:09.735670,1789615809.736,309
c2_c925_20260916_222958.mp4,2026-09-16T22:30:09.772665,1789615809.773,310
c2_c925_20260916_222958.mp4,2026-09-16T22:30:09.804628,1789615809.805,311
c2_c925_20260916_222958.mp4,2026-09-16T22:30:09.830457,1789615809.830,312
c2_c925_20260916_222958.mp4,2026-09-16T22:30:09.871617,1789615809.872,313
c2_c925_20260916_222958.mp4,2026-09-16T22:30:09.907760,1789615809.908,314
c2_c925_20260916_222958.mp4,2026-09-16T22:30:09.936050,1789615809.936,315
c2_c925_20260916_222958.mp4,2026-09-16T22:30:09.970928,1789615809.971,316
c2_c925_20260916_222958.mp4,2026-09-16T22:30:10.001280,1789615810.001,317
c2_c925_20260916_222958.mp4,2026-09-16T22:30:10.033645,1789615810.034,318
c2_c925_20260916_222958.mp4,2026-09-16T22:30:10.066777,1789615810.067,319
c2_c925_20260916_222958.mp4,2026-09-16T22:30:10.101704,1789615810.102,320
c2_c925_20260916_222958.mp4,2026-09-16T22:30:10.137451,1789615810.137,321
c2_c925_20260916_222958.mp4,2026-09-16T22:30:10.170264,1789615810.170,322
c2_c925_20260916_222958.mp4,2026-09-16T22:30:10.201664,1789615810.202,323
c2_c925_20260916_222958.mp4,2026-09-16T22:30:10.235173,1789615810.235,324
c2_c925_20260916_222958.mp4,2026-09-16T22:30:10.266932,1789615810.267,325
c2_c925_20260916_222958.mp4,2026-09-16T22:30:10.298411,1789615810.298,326
c2_c925_20260916_222958.mp4,2026-09-16T22:30:10.332371,1789615810.332,327
c2_c925_20260916_222958.mp4,2026-09-16T22:30:10.369854,1789615810.370,328
c2_c925_20260916_222958.mp4,2026-09-16T22:30:10.398437,1789615810.398,329
c2_c925_20260916_222958.mp4,2026-09-16T22:30:10.430681,1789615810.431,330
c2_c925_20260916_222958.mp4,2026-09-16T22:30:10.466580,1789615810.467,331
c2_c925_20260916_222958.mp4,2026-09-16T22:30:10.498646,1789615810.499,332
c2_c925_20260916_222958.mp4,2026-09-16T22:30:10.530612,1789615810.531,333
c2_c925_20260916_222958.mp4,2026-09-16T22:30:10.570917,1789615810.571,334
c2_c925_20260916_222958.mp4,2026-09-16T22:30:10.603809,1789615810.604,335
c2_c925_20260916_222958.mp4,2026-09-16T22:30:10.637051,1789615810.637,336
c2_c925_20260916_222958.mp4,2026-09-16T22:30:10.672075,1789615810.672,337
c2_c925_20260916_222958.mp4,2026-09-16T22:30:10.704190,1789615810.704,338
c2_c925_20260916_222958.mp4,2026-09-16T22:30:10.736449,1789615810.736,339
c2_c925_20260916_222958.mp4,2026-09-16T22:30:10.772021,1789615810.772,340
c2_c925_20260916_222958.mp4,2026-09-16T22:30:10.804207,1789615810.804,341
c2_c925_20260916_222958.mp4,2026-09-16T22:30:10.838013,1789615810.838,342
c2_c925_20260916_222958.mp4,2026-09-16T22:30:10.868855,1789615810.869,343
c2_c925_20260916_222958.mp4,2026-09-16T22:30:10.899387,1789615810.899,344
c2_c925_20260916_222958.mp4,2026-09-16T22:30:10.937046,1789615810.937,345
c2_c925_20260916_222958.mp4,2026-09-16T22:30:10.971938,1789615810.972,346
c2_c925_20260916_222958.mp4,2026-09-16T22:30:11.004661,1789615811.005,347
c2_c925_20260916_222958.mp4,2026-09-16T22:30:11.037703,1789615811.038,348
c2_c925_20260916_222958.mp4,2026-09-16T22:30:11.071685,1789615811.072,349
c2_c925_20260916_222958.mp4,2026-09-16T22:30:11.104086,1789615811.104,350
c2_c925_20260916_222958.mp4,2026-09-16T22:30:11.137083,1789615811.137,351
c2_c925_20260916_222958.mp4,2026-09-16T22:30:11.171837,1789615811.172,352
c2_c925_20260916_222958.mp4,2026-09-16T22:30:11.202543,1789615811.203,353
c2_c925_20260916_222958.mp4,2026-09-16T22:30:11.237058,1789615811.237,354
c2_c925_20260916_222958.mp4,2026-09-16T22:30:11.271729,1789615811.272,355
c2_c925_20260916_222958.mp4,2026-09-16T22:30:11.303593,1789615811.304,356
c2_c925_20260916_222958.mp4,2026-09-16T22:30:11.337554,1789615811.338,357
c2_c925_20260916_222958.mp4,2026-09-16T22:30:11.371888,1789615811.372,358
c2_c925_20260916_222958.mp4,2026-09-16T22:30:11.404162,1789615811.404,359
c2_c925_20260916_222958.mp4,2026-09-16T22:30:11.434425,1789615811.434,360
c2_c925_20260916_222958.mp4,2026-09-16T22:30:11.470718,1789615811.471,361
c2_c925_20260916_222958.mp4,2026-09-16T22:30:11.503400,1789615811.503,362
c2_c925_20260916_222958.mp4,2026-09-16T22:30:11.536738,1789615811.537,363
c2_c925_20260916_222958.mp4,2026-09-16T22:30:11.571725,1789615811.572,364
c2_c925_20260916_222958.mp4,2026-09-16T22:30:11.604172,1789615811.604,365
c2_c925_20260916_222958.mp4,2026-09-16T22:30:11.636657,1789615811.637,366
c2_c925_20260916_222958.mp4,2026-09-16T22:30:11.671834,1789615811.672,367
c2_c925_20260916_222958.mp4,2026-09-16T22:30:11.703914,1789615811.704,368
c2_c925_20260916_222958.mp4,2026-09-16T22:30:11.731653,1789615811.732,369
c2_c925_20260916_222958.mp4,2026-09-16T22:30:11.772134,1789615811.772,370
c2_c925_20260916_222958.mp4,2026-09-16T22:30:11.803868,1789615811.804,371
c2_c925_20260916_222958.mp4,2026-09-16T22:30:11.837049,1789615811.837,372
c2_c925_20260916_222958.mp4,2026-09-16T22:30:11.871310,1789615811.871,373
c2_c925_20260916_222958.mp4,2026-09-16T22:30:11.904637,1789615811.905,374
c2_c925_20260916_222958.mp4,2026-09-16T22:30:11.936995,1789615811.937,375
c2_c925_20260916_222958.mp4,2026-09-16T22:30:11.972221,1789615811.972,376
c2_c925_20260916_222958.mp4,2026-09-16T22:30:12.004213,1789615812.004,377
c2_c925_20260916_222958.mp4,2026-09-16T22:30:12.034840,1789615812.035,378
c2_c925_20260916_222958.mp4,2026-09-16T22:30:12.066379,1789615812.066,379
c2_c925_20260916_222958.mp4,2026-09-16T22:30:12.098497,1789615812.099,380
c2_c925_20260916_222958.mp4,2026-09-16T22:30:12.130317,1789615812.130,381
c2_c925_20260916_222958.mp4,2026-09-16T22:30:12.166492,1789615812.167,382
c2_c925_20260916_222958.mp4,2026-09-16T22:30:12.198401,1789615812.198,383
c2_c925_20260916_222958.mp4,2026-09-16T22:30:12.237859,1789615812.238,384
c2_c925_20260916_222958.mp4,2026-09-16T22:30:12.272141,1789615812.272,385
c2_c925_20260916_222958.mp4,2026-09-16T22:30:12.304415,1789615812.304,386
c2_c925_20260916_222958.mp4,2026-09-16T22:30:12.336638,1789615812.337,387
c2_c925_20260916_222958.mp4,2026-09-16T22:30:12.372108,1789615812.372,388
c2_c925_20260916_222958.mp4,2026-09-16T22:30:12.403912,1789615812.404,389
c2_c925_20260916_222958.mp4,2026-09-16T22:30:12.437105,1789615812.437,390
c2_c925_20260916_222958.mp4,2026-09-16T22:30:12.472509,1789615812.473,391
c2_c925_20260916_222958.mp4,2026-09-16T22:30:12.503520,1789615812.504,392
c2_c925_20260916_222958.mp4,2026-09-16T22:30:12.536738,1789615812.537,393
c2_c925_20260916_222958.mp4,2026-09-16T22:30:12.572156,1789615812.572,394
c2_c925_20260916_222958.mp4,2026-09-16T22:30:12.602499,1789615812.603,395
c2_c925_20260916_222958.mp4,2026-09-16T22:30:12.632858,1789615812.633,396
c2_c925_20260916_222958.mp4,2026-09-16T22:30:12.668683,1789615812.669,397
c2_c925_20260916_222958.mp4,2026-09-16T22:30:12.702425,1789615812.702,398
c2_c925_20260916_222958.mp4,2026-09-16T22:30:12.730661,1789615812.731,399
c2_c925_20260916_222958.mp4,2026-09-16T22:30:12.771655,1789615812.772,400
c2_c925_20260916_222958.mp4,2026-09-16T22:30:12.804405,1789615812.804,401
c2_c925_20260916_222958.mp4,2026-09-16T22:30:12.836327,1789615812.836,402
c2_c925_20260916_222958.mp4,2026-09-16T22:30:12.871479,1789615812.871,403
c2_c925_20260916_222958.mp4,2026-09-16T22:30:12.904702,1789615812.905,404
c2_c925_20260916_222958.mp4,2026-09-16T22:30:12.936548,1789615812.937,405
c2_c925_20260916_222958.mp4,2026-09-16T22:30:12.971209,1789615812.971,406
c2_c925_20260916_222958.mp4,2026-09-16T22:30:13.002157,1789615813.002,407
c2_c925_20260916_222958.mp4,2026-09-16T22:30:13.037135,1789615813.037,408
c2_c925_20260916_222958.mp4,2026-09-16T22:30:13.071978,1789615813.072,409
c2_c925_20260916_222958.mp4,2026-09-16T22:30:13.104229,1789615813.104,410
c2_c925_20260916_222958.mp4,2026-09-16T22:30:13.136635,1789615813.137,411
c2_c925_20260916_222958.mp4,2026-09-16T22:30:13.171760,1789615813.172,412
c2_c925_20260916_222958.mp4,2026-09-16T22:30:13.204282,1789615813.204,413
c2_c925_20260916_222958.mp4,2026-09-16T22:30:13.235565,1789615813.236,414
c2_c925_20260916_222958.mp4,2026-09-16T22:30:13.268264,1789615813.268,415
c2_c925_20260916_222958.mp4,2026-09-16T22:30:13.302298,1789615813.302,416
c2_c925_20260916_222958.mp4,2026-09-16T22:30:13.331537,1789615813.332,417
c2_c925_20260916_222958.mp4,2026-09-16T22:30:13.371626,1789615813.372,418
c2_c925_20260916_222958.mp4,2026-09-16T22:30:13.404127,1789615813.404,419
c2_c925_20260916_222958.mp4,2026-09-16T22:30:13.430827,1789615813.431,420
c2_c925_20260916_222958.mp4,2026-09-16T22:30:13.473637,1789615813.474,421
c2_c925_20260916_222958.mp4,2026-09-16T22:30:13.504174,1789615813.504,422
c2_c925_20260916_222958.mp4,2026-09-16T22:30:13.536269,1789615813.536,423
c2_c925_20260916_222958.mp4,2026-09-16T22:30:13.572186,1789615813.572,424
c2_c925_20260916_222958.mp4,2026-09-16T22:30:13.603301,1789615813.603,425
c2_c925_20260916_222958.mp4,2026-09-16T22:30:13.634652,1789615813.635,426
c2_c925_20260916_222958.mp4,2026-09-16T22:30:13.671011,1789615813.671,427
c2_c925_20260916_222958.mp4,2026-09-16T22:30:13.703309,1789615813.703,428
c2_c925_20260916_222958.mp4,2026-09-16T22:30:13.735747,1789615813.736,429
c2_c925_20260916_222958.mp4,2026-09-16T22:30:13.771930,1789615813.772,430
c2_c925_20260916_222958.mp4,2026-09-16T22:30:13.804320,1789615813.804,431
c2_c925_20260916_222958.mp4,2026-09-16T22:30:13.836697,1789615813.837,432
c2_c925_20260916_222958.mp4,2026-09-16T22:30:13.871140,1789615813.871,433
c2_c925_20260916_222958.mp4,2026-09-16T22:30:13.902983,1789615813.903,434
c2_c925_20260916_222958.mp4,2026-09-16T22:30:13.932999,1789615813.933,435
c2_c925_20260916_222958.mp4,2026-09-16T22:30:13.970645,1789615813.971,436
c2_c925_20260916_222958.mp4,2026-09-16T22:30:14.003246,1789615814.003,437
c2_c925_20260916_222958.mp4,2026-09-16T22:30:14.036149,1789615814.036,438
c2_c925_20260916_222958.mp4,2026-09-16T22:30:14.072389,1789615814.072,439
c2_c925_20260916_222958.mp4,2026-09-16T22:30:14.103882,1789615814.104,440
c2_c925_20260916_222958.mp4,2026-09-16T22:30:14.136162,1789615814.136,441
c2_c925_20260916_222958.mp4,2026-09-16T22:30:14.172758,1789615814.173,442
c2_c925_20260916_222958.mp4,2026-09-16T22:30:14.203759,1789615814.204,443
c2_c925_20260916_222958.mp4,2026-09-16T22:30:14.236028,1789615814.236,444
c2_c925_20260916_222958.mp4,2026-09-16T22:30:14.271415,1789615814.271,445
c2_c925_20260916_222958.mp4,2026-09-16T22:30:14.303763,1789615814.304,446
c2_c925_20260916_222958.mp4,2026-09-16T22:30:14.336141,1789615814.336,447
c2_c925_20260916_222958.mp4,2026-09-16T22:30:14.372082,1789615814.372,448
c2_c925_20260916_222958.mp4,2026-09-16T22:30:14.403466,1789615814.403,449
c2_c925_20260916_222958.mp4,2026-09-16T22:30:14.435588,1789615814.436,450
c2_c925_20260916_222958.mp4,2026-09-16T22:30:14.471466,1789615814.471,451
c2_c925_20260916_222958.mp4,2026-09-16T22:30:14.498376,1789615814.498,452
c2_c925_20260916_222958.mp4,2026-09-16T22:30:14.535118,1789615814.535,453
c2_c925_20260916_222958.mp4,2026-09-16T22:30:14.570692,1789615814.571,454
c2_c925_20260916_222958.mp4,2026-09-16T22:30:14.600867,1789615814.601,455
c2_c925_20260916_222958.mp4,2026-09-16T22:30:14.636529,1789615814.637,456
c2_c925_20260916_222958.mp4,2026-09-16T22:30:14.671896,1789615814.672,457
c2_c925_20260916_222958.mp4,2026-09-16T22:30:14.704221,1789615814.704,458
c2_c925_20260916_222958.mp4,2026-09-16T22:30:14.735915,1789615814.736,459
c2_c925_20260916_222958.mp4,2026-09-16T22:30:14.771581,1789615814.772,460
c2_c925_20260916_222958.mp4,2026-09-16T22:30:14.799777,1789615814.800,461
c2_c925_20260916_222958.mp4,2026-09-16T22:30:14.836519,1789615814.837,462
c2_c925_20260916_222958.mp4,2026-09-16T22:30:14.871858,1789615814.872,463
c2_c925_20260916_222958.mp4,2026-09-16T22:30:14.903206,1789615814.903,464
c2_c925_20260916_222958.mp4,2026-09-16T22:30:14.934880,1789615814.935,465
c2_c925_20260916_222958.mp4,2026-09-16T22:30:14.972959,1789615814.973,466
c2_c925_20260916_222958.mp4,2026-09-16T22:30:15.003925,1789615815.004,467
c2_c925_20260916_222958.mp4,2026-09-16T22:30:15.036294,1789615815.036,468
c2_c925_20260916_222958.mp4,2026-09-16T22:30:15.072362,1789615815.072,469
c2_c925_20260916_222958.mp4,2026-09-16T22:30:15.102163,1789615815.102,470
c2_c925_20260916_222958.mp4,2026-09-16T22:30:15.134827,1789615815.135,471
c2_c925_20260916_222958.mp4,2026-09-16T22:30:15.166653,1789615815.167,472
c2_c925_20260916_222958.mp4,2026-09-16T22:30:15.202747,1789615815.203,473
c2_c925_20260916_222958.mp4,2026-09-16T22:30:15.233382,1789615815.233,474
c2_c925_20260916_222958.mp4,2026-09-16T22:30:15.272034,1789615815.272,475
c2_c925_20260916_222958.mp4,2026-09-16T22:30:15.303796,1789615815.304,476
c2_c925_20260916_222958.mp4,2026-09-16T22:30:15.336156,1789615815.336,477
c2_c925_20260916_222958.mp4,2026-09-16T22:30:15.371828,1789615815.372,478
c2_c925_20260916_222958.mp4,2026-09-16T22:30:15.403965,1789615815.404,479
c2_c925_20260916_222958.mp4,2026-09-16T22:30:15.436290,1789615815.436,480
c2_c925_20260916_222958.mp4,2026-09-16T22:30:15.470685,1789615815.471,481
c2_c925_20260916_222958.mp4,2026-09-16T22:30:15.504213,1789615815.504,482
c2_c925_20260916_222958.mp4,2026-09-16T22:30:15.536048,1789615815.536,483
c2_c925_20260916_222958.mp4,2026-09-16T22:30:15.571715,1789615815.572,484
c2_c925_20260916_222958.mp4,2026-09-16T22:30:15.603883,1789615815.604,485
c2_c925_20260916_222958.mp4,2026-09-16T22:30:15.635953,1789615815.636,486
c2_c925_20260916_222958.mp4,2026-09-16T22:30:15.671732,1789615815.672,487
c2_c925_20260916_222958.mp4,2026-09-16T22:30:15.703868,1789615815.704,488
c2_c925_20260916_222958.mp4,2026-09-16T22:30:15.737630,1789615815.738,489
c2_c925_20260916_222958.mp4,2026-09-16T22:30:15.771007,1789615815.771,490
c2_c925_20260916_222958.mp4,2026-09-16T22:30:15.799124,1789615815.799,491
c2_c925_20260916_222958.mp4,2026-09-16T22:30:15.832672,1789615815.833,492
c2_c925_20260916_222958.mp4,2026-09-16T22:30:15.872054,1789615815.872,493
c2_c925_20260916_222958.mp4,2026-09-16T22:30:15.903909,1789615815.904,494
c2_c925_20260916_222958.mp4,2026-09-16T22:30:15.936089,1789615815.936,495
c2_c925_20260916_222958.mp4,2026-09-16T22:30:15.974178,1789615815.974,496
c2_c925_20260916_222958.mp4,2026-09-16T22:30:16.002505,1789615816.003,497
c2_c925_20260916_222958.mp4,2026-09-16T22:30:16.030600,1789615816.031,498
c2_c925_20260916_222958.mp4,2026-09-16T22:30:16.070208,1789615816.070,499
c2_c925_20260916_222958.mp4,2026-09-16T22:30:16.105123,1789615816.105,500
c2_c925_20260916_222958.mp4,2026-09-16T22:30:16.136577,1789615816.137,501
c2_c925_20260916_222958.mp4,2026-09-16T22:30:16.172473,1789615816.172,502
c2_c925_20260916_222958.mp4,2026-09-16T22:30:16.204602,1789615816.205,503
c2_c925_20260916_222958.mp4,2026-09-16T22:30:16.236951,1789615816.237,504
c2_c925_20260916_222958.mp4,2026-09-16T22:30:16.273867,1789615816.274,505
c2_c925_20260916_222958.mp4,2026-09-16T22:30:16.304495,1789615816.305,506
c2_c925_20260916_222958.mp4,2026-09-16T22:30:16.336193,1789615816.336,507
c2_c925_20260916_222958.mp4,2026-09-16T22:30:16.367845,1789615816.368,508
c2_c925_20260916_222958.mp4,2026-09-16T22:30:16.402114,1789615816.402,509
c2_c925_20260916_222958.mp4,2026-09-16T22:30:16.434827,1789615816.435,510
c2_c925_20260916_222958.mp4,2026-09-16T22:30:16.470854,1789615816.471,511
c2_c925_20260916_222958.mp4,2026-09-16T22:30:16.505237,1789615816.505,512
c2_c925_20260916_222958.mp4,2026-09-16T22:30:16.535783,1789615816.536,513
c2_c925_20260916_222958.mp4,2026-09-16T22:30:16.572087,1789615816.572,514
c2_c925_20260916_222958.mp4,2026-09-16T22:30:16.604275,1789615816.604,515
c2_c925_20260916_222958.mp4,2026-09-16T22:30:16.636132,1789615816.636,516
c2_c925_20260916_222958.mp4,2026-09-16T22:30:16.671691,1789615816.672,517
c2_c925_20260916_222958.mp4,2026-09-16T22:30:16.702989,1789615816.703,518
c2_c925_20260916_222958.mp4,2026-09-16T22:30:16.735611,1789615816.736,519
c2_c925_20260916_222958.mp4,2026-09-16T22:30:16.772955,1789615816.773,520
c2_c925_20260916_222958.mp4,2026-09-16T22:30:16.804146,1789615816.804,521
c2_c925_20260916_222958.mp4,2026-09-16T22:30:16.835684,1789615816.836,522
c2_c925_20260916_222958.mp4,2026-09-16T22:30:16.872196,1789615816.872,523
c2_c925_20260916_222958.mp4,2026-09-16T22:30:16.904631,1789615816.905,524
c2_c925_20260916_222958.mp4,2026-09-16T22:30:16.934780,1789615816.935,525
c2_c925_20260916_222958.mp4,2026-09-16T22:30:16.971644,1789615816.972,526
c2_c925_20260916_222958.mp4,2026-09-16T22:30:17.001694,1789615817.002,527
c2_c925_20260916_222958.mp4,2026-09-16T22:30:17.030878,1789615817.031,528
c2_c925_20260916_222958.mp4,2026-09-16T22:30:17.067041,1789615817.067,529
c2_c925_20260916_222958.mp4,2026-09-16T22:30:17.103843,1789615817.104,530
c2_c925_20260916_222958.mp4,2026-09-16T22:30:17.135384,1789615817.135,531
c2_c925_20260916_222958.mp4,2026-09-16T22:30:17.169445,1789615817.169,532
c2_c925_20260916_222958.mp4,2026-09-16T22:30:17.203344,1789615817.203,533
c2_c925_20260916_222958.mp4,2026-09-16T22:30:17.236201,1789615817.236,534
c2_c925_20260916_222958.mp4,2026-09-16T22:30:17.272412,1789615817.272,535
c2_c925_20260916_222958.mp4,2026-09-16T22:30:17.303643,1789615817.304,536
c2_c925_20260916_222958.mp4,2026-09-16T22:30:17.336462,1789615817.336,537
c2_c925_20260916_222958.mp4,2026-09-16T22:30:17.370934,1789615817.371,538
c2_c925_20260916_222958.mp4,2026-09-16T22:30:17.403987,1789615817.404,539
c2_c925_20260916_222958.mp4,2026-09-16T22:30:17.436184,1789615817.436,540
c2_c925_20260916_222958.mp4,2026-09-16T22:30:17.472364,1789615817.472,541
c2_c925_20260916_222958.mp4,2026-09-16T22:30:17.504179,1789615817.504,542
c2_c925_20260916_222958.mp4,2026-09-16T22:30:17.536144,1789615817.536,543
c2_c925_20260916_222958.mp4,2026-09-16T22:30:17.572429,1789615817.572,544
c2_c925_20260916_222958.mp4,2026-09-16T22:30:17.599391,1789615817.599,545
c2_c925_20260916_222958.mp4,2026-09-16T22:30:17.633241,1789615817.633,546
c2_c925_20260916_222958.mp4,2026-09-16T22:30:17.667122,1789615817.667,547
c2_c925_20260916_222958.mp4,2026-09-16T22:30:17.699068,1789615817.699,548
c2_c925_20260916_222958.mp4,2026-09-16T22:30:17.730555,1789615817.731,549
c2_c925_20260916_222958.mp4,2026-09-16T22:30:17.766544,1789615817.767,550
c2_c925_20260916_222958.mp4,2026-09-16T22:30:17.798469,1789615817.798,551
c2_c925_20260916_222958.mp4,2026-09-16T22:30:17.830464,1789615817.830,552
c2_c925_20260916_222958.mp4,2026-09-16T22:30:17.870155,1789615817.870,553
c2_c925_20260916_222958.mp4,2026-09-16T22:30:17.904288,1789615817.904,554
c2_c925_20260916_222958.mp4,2026-09-16T22:30:17.935163,1789615817.935,555
c2_c925_20260916_222958.mp4,2026-09-16T22:30:17.971754,1789615817.972,556
c2_c925_20260916_222958.mp4,2026-09-16T22:30:18.003480,1789615818.003,557
c2_c925_20260916_222958.mp4,2026-09-16T22:30:18.035805,1789615818.036,558
c2_c925_20260916_222958.mp4,2026-09-16T22:30:18.071768,1789615818.072,559
c2_c925_20260916_222958.mp4,2026-09-16T22:30:18.102987,1789615818.103,560
c2_c925_20260916_222958.mp4,2026-09-16T22:30:18.135447,1789615818.135,561
c2_c925_20260916_222958.mp4,2026-09-16T22:30:18.171743,1789615818.172,562
c2_c925_20260916_222958.mp4,2026-09-16T22:30:18.202662,1789615818.203,563
c2_c925_20260916_222958.mp4,2026-09-16T22:30:18.231065,1789615818.231,564
c2_c925_20260916_222958.mp4,2026-09-16T22:30:18.271148,1789615818.271,565
c2_c925_20260916_222958.mp4,2026-09-16T22:30:18.300089,1789615818.300,566
c2_c925_20260916_222958.mp4,2026-09-16T22:30:18.335769,1789615818.336,567
c2_c925_20260916_222958.mp4,2026-09-16T22:30:18.372740,1789615818.373,568
c2_c925_20260916_222958.mp4,2026-09-16T22:30:18.403949,1789615818.404,569
c2_c925_20260916_222958.mp4,2026-09-16T22:30:18.435801,1789615818.436,570
c2_c925_20260916_222958.mp4,2026-09-16T22:30:18.472849,1789615818.473,571
c2_c925_20260916_222958.mp4,2026-09-16T22:30:18.502153,1789615818.502,572
c2_c925_20260916_222958.mp4,2026-09-16T22:30:18.535790,1789615818.536,573
c2_c925_20260916_222958.mp4,2026-09-16T22:30:18.573428,1789615818.573,574
c2_c925_20260916_222958.mp4,2026-09-16T22:30:18.603206,1789615818.603,575
c2_c925_20260916_222958.mp4,2026-09-16T22:30:18.637594,1789615818.638,576
c2_c925_20260916_222958.mp4,2026-09-16T22:30:18.672936,1789615818.673,577
c2_c925_20260916_222958.mp4,2026-09-16T22:30:18.701567,1789615818.702,578
c2_c925_20260916_222958.mp4,2026-09-16T22:30:18.737234,1789615818.737,579
c2_c925_20260916_222958.mp4,2026-09-16T22:30:18.772519,1789615818.773,580
c2_c925_20260916_222958.mp4,2026-09-16T22:30:18.803448,1789615818.803,581
c2_c925_20260916_222958.mp4,2026-09-16T22:30:18.835155,1789615818.835,582
c2_c925_20260916_222958.mp4,2026-09-16T22:30:18.871026,1789615818.871,583
c2_c925_20260916_222958.mp4,2026-09-16T22:30:18.898909,1789615818.899,584
c2_c925_20260916_222958.mp4,2026-09-16T22:30:18.932491,1789615818.933,585
c2_c925_20260916_222958.mp4,2026-09-16T22:30:18.971144,1789615818.971,586
c2_c925_20260916_222958.mp4,2026-09-16T22:30:19.003629,1789615819.004,587
c2_c925_20260916_222958.mp4,2026-09-16T22:30:19.035168,1789615819.035,588
c2_c925_20260916_222958.mp4,2026-09-16T22:30:19.073452,1789615819.073,589
c2_c925_20260916_222958.mp4,2026-09-16T22:30:19.105053,1789615819.105,590
c2_c925_20260916_222958.mp4,2026-09-16T22:30:19.136463,1789615819.136,591
c2_c925_20260916_222958.mp4,2026-09-16T22:30:19.173061,1789615819.173,592
c2_c925_20260916_222958.mp4,2026-09-16T22:30:19.204632,1789615819.205,593
c2_c925_20260916_222958.mp4,2026-09-16T22:30:19.235806,1789615819.236,594
c2_c925_20260916_222958.mp4,2026-09-16T22:30:19.272367,1789615819.272,595
c2_c925_20260916_222958.mp4,2026-09-16T22:30:19.305101,1789615819.305,596
c2_c925_20260916_222958.mp4,2026-09-16T22:30:19.335331,1789615819.335,597
c2_c925_20260916_222958.mp4,2026-09-16T22:30:19.372126,1789615819.372,598
c2_c925_20260916_222958.mp4,2026-09-16T22:30:19.404199,1789615819.404,599
c2_c925_20260916_222958.mp4,2026-09-16T22:30:19.435626,1789615819.436,600
c2_c925_20260916_222958.mp4,2026-09-16T22:30:19.470640,1789615819.471,601
c2_c925_20260916_222958.mp4,2026-09-16T22:30:19.499333,1789615819.499,602
c2_c925_20260916_222958.mp4,2026-09-16T22:30:19.532627,1789615819.533,603
c2_c925_20260916_222958.mp4,2026-09-16T22:30:19.573384,1789615819.573,604
c2_c925_20260916_222958.mp4,2026-09-16T22:30:19.603667,1789615819.604,605
c2_c925_20260916_222958.mp4,2026-09-16T22:30:19.636540,1789615819.637,606
c2_c925_20260916_222958.mp4,2026-09-16T22:30:19.672188,1789615819.672,607
c2_c925_20260916_222958.mp4,2026-09-16T22:30:19.703845,1789615819.704,608
c2_c925_20260916_222958.mp4,2026-09-16T22:30:19.737267,1789615819.737,609
c2_c925_20260916_222958.mp4,2026-09-16T22:30:19.772459,1789615819.772,610
c2_c925_20260916_222958.mp4,2026-09-16T22:30:19.803763,1789615819.804,611
c2_c925_20260916_222958.mp4,2026-09-16T22:30:19.835288,1789615819.835,612
c2_c925_20260916_222958.mp4,2026-09-16T22:30:19.872909,1789615819.873,613
c2_c925_20260916_222958.mp4,2026-09-16T22:30:19.905545,1789615819.906,614
c2_c925_20260916_222958.mp4,2026-09-16T22:30:19.936971,1789615819.937,615
c2_c925_20260916_222958.mp4,2026-09-16T22:30:19.973558,1789615819.974,616
c2_c925_20260916_222958.mp4,2026-09-16T22:30:20.004541,1789615820.005,617
c2_c925_20260916_222958.mp4,2026-09-16T22:30:20.035862,1789615820.036,618
c2_c925_20260916_222958.mp4,2026-09-16T22:30:20.069949,1789615820.070,619
c2_c925_20260916_222958.mp4,2026-09-16T22:30:20.098392,1789615820.098,620
c2_c925_20260916_222958.mp4,2026-09-16T22:30:20.132281,1789615820.132,621
c2_c925_20260916_222958.mp4,2026-09-16T22:30:20.172148,1789615820.172,622
c2_c925_20260916_222958.mp4,2026-09-16T22:30:20.202515,1789615820.203,623
c2_c925_20260916_222958.mp4,2026-09-16T22:30:20.235509,1789615820.236,624
c2_c925_20260916_222958.mp4,2026-09-16T22:30:20.272022,1789615820.272,625
c2_c925_20260916_222958.mp4,2026-09-16T22:30:20.303654,1789615820.304,626
c2_c925_20260916_222958.mp4,2026-09-16T22:30:20.335787,1789615820.336,627
c2_c925_20260916_222958.mp4,2026-09-16T22:30:20.371457,1789615820.371,628
c2_c925_20260916_222958.mp4,2026-09-16T22:30:20.403652,1789615820.404,629
c2_c925_20260916_222958.mp4,2026-09-16T22:30:20.435513,1789615820.436,630
c2_c925_20260916_222958.mp4,2026-09-16T22:30:20.471948,1789615820.472,631
c2_c925_20260916_222958.mp4,2026-09-16T22:30:20.503499,1789615820.504,632
c2_c925_20260916_222958.mp4,2026-09-16T22:30:20.536741,1789615820.537,633
c2_c925_20260916_222958.mp4,2026-09-16T22:30:20.572901,1789615820.573,634
c2_c925_20260916_222958.mp4,2026-09-16T22:30:20.603748,1789615820.604,635
c2_c925_20260916_222958.mp4,2026-09-16T22:30:20.636235,1789615820.636,636
c2_c925_20260916_222958.mp4,2026-09-16T22:30:20.671846,1789615820.672,637
c2_c925_20260916_222958.mp4,2026-09-16T22:30:20.700639,1789615820.701,638
c2_c925_20260916_222958.mp4,2026-09-16T22:30:20.733845,1789615820.734,639
c2_c925_20260916_222958.mp4,2026-09-16T22:30:20.768462,1789615820.768,640
c2_c925_20260916_222958.mp4,2026-09-16T22:30:20.804008,1789615820.804,641
c2_c925_20260916_222958.mp4,2026-09-16T22:30:20.836110,1789615820.836,642
c2_c925_20260916_222958.mp4,2026-09-16T22:30:20.873000,1789615820.873,643
c2_c925_20260916_222958.mp4,2026-09-16T22:30:20.904633,1789615820.905,644
c2_c925_20260916_222958.mp4,2026-09-16T22:30:20.936068,1789615820.936,645
c2_c925_20260916_222958.mp4,2026-09-16T22:30:20.973571,1789615820.974,646
c2_c925_20260916_222958.mp4,2026-09-16T22:30:21.004997,1789615821.005,647
c2_c925_20260916_222958.mp4,2026-09-16T22:30:21.036492,1789615821.037,648
c2_c925_20260916_222958.mp4,2026-09-16T22:30:21.071097,1789615821.071,649
c2_c925_20260916_222958.mp4,2026-09-16T22:30:21.104267,1789615821.104,650
c2_c925_20260916_222958.mp4,2026-09-16T22:30:21.136392,1789615821.136,651
c2_c925_20260916_222958.mp4,2026-09-16T22:30:21.171271,1789615821.171,652
c2_c925_20260916_222958.mp4,2026-09-16T22:30:21.204938,1789615821.205,653
c2_c925_20260916_222958.mp4,2026-09-16T22:30:21.236435,1789615821.236,654
c2_c925_20260916_222958.mp4,2026-09-16T22:30:21.272449,1789615821.272,655
c2_c925_20260916_222958.mp4,2026-09-16T22:30:21.298474,1789615821.298,656
c2_c925_20260916_222958.mp4,2026-09-16T22:30:21.331892,1789615821.332,657
c2_c925_20260916_222958.mp4,2026-09-16T22:30:21.369690,1789615821.370,658
c2_c925_20260916_222958.mp4,2026-09-16T22:30:21.403365,1789615821.403,659
c2_c925_20260916_222958.mp4,2026-09-16T22:30:21.436177,1789615821.436,660
c2_c925_20260916_222958.mp4,2026-09-16T22:30:21.472430,1789615821.472,661
c2_c925_20260916_222958.mp4,2026-09-16T22:30:21.504536,1789615821.505,662
c2_c925_20260916_222958.mp4,2026-09-16T22:30:21.535594,1789615821.536,663
c2_c925_20260916_222958.mp4,2026-09-16T22:30:21.572556,1789615821.573,664
c2_c925_20260916_222958.mp4,2026-09-16T22:30:21.603694,1789615821.604,665
c2_c925_20260916_222958.mp4,2026-09-16T22:30:21.636654,1789615821.637,666
c2_c925_20260916_222958.mp4,2026-09-16T22:30:21.672434,1789615821.672,667
c2_c925_20260916_222958.mp4,2026-09-16T22:30:21.703903,1789615821.704,668
c2_c925_20260916_222958.mp4,2026-09-16T22:30:21.734107,1789615821.734,669
c2_c925_20260916_222958.mp4,2026-09-16T22:30:21.772952,1789615821.773,670
c2_c925_20260916_222958.mp4,2026-09-16T22:30:21.805525,1789615821.806,671
c2_c925_20260916_222958.mp4,2026-09-16T22:30:21.836035,1789615821.836,672
c2_c925_20260916_222958.mp4,2026-09-16T22:30:21.873653,1789615821.874,673
c2_c925_20260916_222958.mp4,2026-09-16T22:30:21.903245,1789615821.903,674
c2_c925_20260916_222958.mp4,2026-09-16T22:30:21.931609,1789615821.932,675
c2_c925_20260916_222958.mp4,2026-09-16T22:30:21.968904,1789615821.969,676
c2_c925_20260916_222958.mp4,2026-09-16T22:30:22.001274,1789615822.001,677
c2_c925_20260916_222958.mp4,2026-09-16T22:30:22.034188,1789615822.034,678
c2_c925_20260916_222958.mp4,2026-09-16T22:30:22.072533,1789615822.073,679
c2_c925_20260916_222958.mp4,2026-09-16T22:30:22.104657,1789615822.105,680
c2_c925_20260916_222958.mp4,2026-09-16T22:30:22.136499,1789615822.137,681
c2_c925_20260916_222958.mp4,2026-09-16T22:30:22.173052,1789615822.173,682
c2_c925_20260916_222958.mp4,2026-09-16T22:30:22.201394,1789615822.201,683
c2_c925_20260916_222958.mp4,2026-09-16T22:30:22.230627,1789615822.231,684
c2_c925_20260916_222958.mp4,2026-09-16T22:30:22.266536,1789615822.267,685
c2_c925_20260916_222958.mp4,2026-09-16T22:30:22.298610,1789615822.299,686
c2_c925_20260916_222958.mp4,2026-09-16T22:30:22.330523,1789615822.331,687
c2_c925_20260916_222958.mp4,2026-09-16T22:30:22.373467,1789615822.373,688
c2_c925_20260916_222958.mp4,2026-09-16T22:30:22.404163,1789615822.404,689
c2_c925_20260916_222958.mp4,2026-09-16T22:30:22.436570,1789615822.437,690
c2_c925_20260916_222958.mp4,2026-09-16T22:30:22.473043,1789615822.473,691
c2_c925_20260916_222958.mp4,2026-09-16T22:30:22.502792,1789615822.503,692
c2_c925_20260916_222958.mp4,2026-09-16T22:30:22.531058,1789615822.531,693
c2_c925_20260916_222958.mp4,2026-09-16T22:30:22.570417,1789615822.570,694
c2_c925_20260916_222958.mp4,2026-09-16T22:30:22.604331,1789615822.604,695
c2_c925_20260916_222958.mp4,2026-09-16T22:30:22.633654,1789615822.634,696
c2_c925_20260916_222958.mp4,2026-09-16T22:30:22.672761,1789615822.673,697
c2_c925_20260916_222958.mp4,2026-09-16T22:30:22.703182,1789615822.703,698
c2_c925_20260916_222958.mp4,2026-09-16T22:30:22.738117,1789615822.738,699
c2_c925_20260916_222958.mp4,2026-09-16T22:30:22.773316,1789615822.773,700
c2_c925_20260916_222958.mp4,2026-09-16T22:30:22.804339,1789615822.804,701
c2_c925_20260916_222958.mp4,2026-09-16T22:30:22.835206,1789615822.835,702
c2_c925_20260916_222958.mp4,2026-09-16T22:30:22.872475,1789615822.873,703
c2_c925_20260916_222958.mp4,2026-09-16T22:30:22.904944,1789615822.905,704
c2_c925_20260916_222958.mp4,2026-09-16T22:30:22.936559,1789615822.937,705
c2_c925_20260916_222958.mp4,2026-09-16T22:30:22.971292,1789615822.971,706
c2_c925_20260916_222958.mp4,2026-09-16T22:30:23.003462,1789615823.003,707
c2_c925_20260916_222958.mp4,2026-09-16T22:30:23.036438,1789615823.036,708
c2_c925_20260916_222958.mp4,2026-09-16T22:30:23.072588,1789615823.073,709
c2_c925_20260916_222958.mp4,2026-09-16T22:30:23.102618,1789615823.103,710
c2_c925_20260916_222958.mp4,2026-09-16T22:30:23.132166,1789615823.132,711
c2_c925_20260916_222958.mp4,2026-09-16T22:30:23.168015,1789615823.168,712
c2_c925_20260916_222958.mp4,2026-09-16T22:30:23.203233,1789615823.203,713
c2_c925_20260916_222958.mp4,2026-09-16T22:30:23.236935,1789615823.237,714
c2_c925_20260916_222958.mp4,2026-09-16T22:30:23.273015,1789615823.273,715
c2_c925_20260916_222958.mp4,2026-09-16T22:30:23.303369,1789615823.303,716
c2_c925_20260916_222958.mp4,2026-09-16T22:30:23.336076,1789615823.336,717
c2_c925_20260916_222958.mp4,2026-09-16T22:30:23.372414,1789615823.372,718
c2_c925_20260916_222958.mp4,2026-09-16T22:30:23.403518,1789615823.404,719
c2_c925_20260916_222958.mp4,2026-09-16T22:30:23.437559,1789615823.438,720
c2_c925_20260916_222958.mp4,2026-09-16T22:30:23.473417,1789615823.473,721
c2_c925_20260916_222958.mp4,2026-09-16T22:30:23.504608,1789615823.505,722
c2_c925_20260916_222958.mp4,2026-09-16T22:30:23.536849,1789615823.537,723
c2_c925_20260916_222958.mp4,2026-09-16T22:30:23.572993,1789615823.573,724
c2_c925_20260916_222958.mp4,2026-09-16T22:30:23.603518,1789615823.604,725
c2_c925_20260916_222958.mp4,2026-09-16T22:30:23.636218,1789615823.636,726
c2_c925_20260916_222958.mp4,2026-09-16T22:30:23.672485,1789615823.673,727
c2_c925_20260916_222958.mp4,2026-09-16T22:30:23.698933,1789615823.699,728
c2_c925_20260916_222958.mp4,2026-09-16T22:30:23.733726,1789615823.734,729
c2_c925_20260916_222958.mp4,2026-09-16T22:30:23.771008,1789615823.771,730
c2_c925_20260916_222958.mp4,2026-09-16T22:30:23.800509,1789615823.801,731
c2_c925_20260916_222958.mp4,2026-09-16T22:30:23.835589,1789615823.836,732
c2_c925_20260916_222958.mp4,2026-09-16T22:30:23.872680,1789615823.873,733
c2_c925_20260916_222958.mp4,2026-09-16T22:30:23.903504,1789615823.904,734
c2_c925_20260916_222958.mp4,2026-09-16T22:30:23.935639,1789615823.936,735
c2_c925_20260916_222958.mp4,2026-09-16T22:30:23.972888,1789615823.973,736
c2_c925_20260916_222958.mp4,2026-09-16T22:30:24.004512,1789615824.005,737
c2_c925_20260916_222958.mp4,2026-09-16T22:30:24.036008,1789615824.036,738
c2_c925_20260916_222958.mp4,2026-09-16T22:30:24.070972,1789615824.071,739
c2_c925_20260916_222958.mp4,2026-09-16T22:30:24.098636,1789615824.099,740
c2_c925_20260916_222958.mp4,2026-09-16T22:30:24.137286,1789615824.137,741
c2_c925_20260916_222958.mp4,2026-09-16T22:30:24.171597,1789615824.172,742
c2_c925_20260916_222958.mp4,2026-09-16T22:30:24.204633,1789615824.205,743
c2_c925_20260916_222958.mp4,2026-09-16T22:30:24.235730,1789615824.236,744
c2_c925_20260916_222958.mp4,2026-09-16T22:30:24.272312,1789615824.272,745
c2_c925_20260916_222958.mp4,2026-09-16T22:30:24.302991,1789615824.303,746
c2_c925_20260916_222958.mp4,2026-09-16T22:30:24.332355,1789615824.332,747
c2_c925_20260916_222958.mp4,2026-09-16T22:30:24.371020,1789615824.371,748
c2_c925_20260916_222958.mp4,2026-09-16T22:30:24.400159,1789615824.400,749
c2_c925_20260916_222958.mp4,2026-09-16T22:30:24.435059,1789615824.435,750
c2_c925_20260916_222958.mp4,2026-09-16T22:30:24.473469,1789615824.473,751
c2_c925_20260916_222958.mp4,2026-09-16T22:30:24.505127,1789615824.505,752
c2_c925_20260916_222958.mp4,2026-09-16T22:30:24.537153,1789615824.537,753
c2_c925_20260916_222958.mp4,2026-09-16T22:30:24.573558,1789615824.574,754
c2_c925_20260916_222958.mp4,2026-09-16T22:30:24.604586,1789615824.605,755
c2_c925_20260916_222958.mp4,2026-09-16T22:30:24.635840,1789615824.636,756
c2_c925_20260916_222958.mp4,2026-09-16T22:30:24.673055,1789615824.673,757
c2_c925_20260916_222958.mp4,2026-09-16T22:30:24.704183,1789615824.704,758
c2_c925_20260916_222958.mp4,2026-09-16T22:30:24.735554,1789615824.736,759
c2_c925_20260916_222958.mp4,2026-09-16T22:30:24.771551,1789615824.772,760
c2_c925_20260916_222958.mp4,2026-09-16T22:30:24.804927,1789615824.805,761
c2_c925_20260916_222958.mp4,2026-09-16T22:30:24.836130,1789615824.836,762
c2_c925_20260916_222958.mp4,2026-09-16T22:30:24.871050,1789615824.871,763
c2_c925_20260916_222958.mp4,2026-09-16T22:30:24.903743,1789615824.904,764
c2_c925_20260916_222958.mp4,2026-09-16T22:30:24.934557,1789615824.935,765
c2_c925_20260916_222958.mp4,2026-09-16T22:30:24.968438,1789615824.968,766
c2_c925_20260916_222958.mp4,2026-09-16T22:30:24.999336,1789615824.999,767
c2_c925_20260916_222958.mp4,2026-09-16T22:30:25.036783,1789615825.037,768
c2_c925_20260916_222958.mp4,2026-09-16T22:30:25.071083,1789615825.071,769
c2_c925_20260916_222958.mp4,2026-09-16T22:30:25.103056,1789615825.103,770
c2_c925_20260916_222958.mp4,2026-09-16T22:30:25.136340,1789615825.136,771
c2_c925_20260916_222958.mp4,2026-09-16T22:30:25.173327,1789615825.173,772
c2_c925_20260916_222958.mp4,2026-09-16T22:30:25.205495,1789615825.206,773
c2_c925_20260916_222958.mp4,2026-09-16T22:30:25.236374,1789615825.236,774
c2_c925_20260916_222958.mp4,2026-09-16T22:30:25.272945,1789615825.273,775
c2_c925_20260916_222958.mp4,2026-09-16T22:30:25.304503,1789615825.305,776
c2_c925_20260916_222958.mp4,2026-09-16T22:30:25.336593,1789615825.337,777
c2_c925_20260916_222958.mp4,2026-09-16T22:30:25.372951,1789615825.373,778
c2_c925_20260916_222958.mp4,2026-09-16T22:30:25.405218,1789615825.405,779
c2_c925_20260916_222958.mp4,2026-09-16T22:30:25.435417,1789615825.435,780
c2_c925_20260916_222958.mp4,2026-09-16T22:30:25.473604,1789615825.474,781
c2_c925_20260916_222958.mp4,2026-09-16T22:30:25.504203,1789615825.504,782
c2_c925_20260916_222958.mp4,2026-09-16T22:30:25.531671,1789615825.532,783
c2_c925_20260916_222958.mp4,2026-09-16T22:30:25.571031,1789615825.571,784
c2_c925_20260916_222958.mp4,2026-09-16T22:30:25.602079,1789615825.602,785
c2_c925_20260916_222958.mp4,2026-09-16T22:30:25.635903,1789615825.636,786
c2_c925_20260916_222958.mp4,2026-09-16T22:30:25.672433,1789615825.672,787
c2_c925_20260916_222958.mp4,2026-09-16T22:30:25.705868,1789615825.706,788
c2_c925_20260916_222958.mp4,2026-09-16T22:30:25.736674,1789615825.737,789
c2_c925_20260916_222958.mp4,2026-09-16T22:30:25.773476,1789615825.773,790
c2_c925_20260916_222958.mp4,2026-09-16T22:30:25.804132,1789615825.804,791
c2_c925_20260916_222958.mp4,2026-09-16T22:30:25.835198,1789615825.835,792
c2_c925_20260916_222958.mp4,2026-09-16T22:30:25.870838,1789615825.871,793
c2_c925_20260916_222958.mp4,2026-09-16T22:30:25.898740,1789615825.899,794
c2_c925_20260916_222958.mp4,2026-09-16T22:30:25.932078,1789615825.932,795
c2_c925_20260916_222958.mp4,2026-09-16T22:30:25.966591,1789615825.967,796
c2_c925_20260916_222958.mp4,2026-09-16T22:30:25.998527,1789615825.999,797
c2_c925_20260916_222958.mp4,2026-09-16T22:30:26.030715,1789615826.031,798
c2_c925_20260916_222958.mp4,2026-09-16T22:30:26.070991,1789615826.071,799
c2_c925_20260916_222958.mp4,2026-09-16T22:30:26.098572,1789615826.099,800
c2_c925_20260916_222958.mp4,2026-09-16T22:30:26.131376,1789615826.131,801
c2_c925_20260916_222958.mp4,2026-09-16T22:30:26.169803,1789615826.170,802
c2_c925_20260916_222958.mp4,2026-09-16T22:30:26.198696,1789615826.199,803
c2_c925_20260916_222958.mp4,2026-09-16T22:30:26.231375,1789615826.231,804
c2_c925_20260916_222958.mp4,2026-09-16T22:30:26.272299,1789615826.272,805
c2_c925_20260916_222958.mp4,2026-09-16T22:30:26.303970,1789615826.304,806
c2_c925_20260916_222958.mp4,2026-09-16T22:30:26.338133,1789615826.338,807
c2_c925_20260916_222958.mp4,2026-09-16T22:30:26.373835,1789615826.374,808
c2_c925_20260916_222958.mp4,2026-09-16T22:30:26.404196,1789615826.404,809
c2_c925_20260916_222958.mp4,2026-09-16T22:30:26.436354,1789615826.436,810
c2_c925_20260916_222958.mp4,2026-09-16T22:30:26.472920,1789615826.473,811
c2_c925_20260916_222958.mp4,2026-09-16T22:30:26.505103,1789615826.505,812
c2_c925_20260916_222958.mp4,2026-09-16T22:30:26.536182,1789615826.536,813
c2_c925_20260916_222958.mp4,2026-09-16T22:30:26.572607,1789615826.573,814
c2_c925_20260916_222958.mp4,2026-09-16T22:30:26.604437,1789615826.604,815
c2_c925_20260916_222958.mp4,2026-09-16T22:30:26.636634,1789615826.637,816
c2_c925_20260916_222958.mp4,2026-09-16T22:30:26.670877,1789615826.671,817
c2_c925_20260916_222958.mp4,2026-09-16T22:30:26.698663,1789615826.699,818
c2_c925_20260916_222958.mp4,2026-09-16T22:30:26.730785,1789615826.731,819
c2_c925_20260916_222958.mp4,2026-09-16T22:30:26.766613,1789615826.767,820
c2_c925_20260916_222958.mp4,2026-09-16T22:30:26.798519,1789615826.799,821
c2_c925_20260916_222958.mp4,2026-09-16T22:30:26.831571,1789615826.832,822
c2_c925_20260916_222958.mp4,2026-09-16T22:30:26.872147,1789615826.872,823
c2_c925_20260916_222958.mp4,2026-09-16T22:30:26.903204,1789615826.903,824
c2_c925_20260916_222958.mp4,2026-09-16T22:30:26.935154,1789615826.935,825
c2_c925_20260916_222958.mp4,2026-09-16T22:30:26.972864,1789615826.973,826
c2_c925_20260916_222958.mp4,2026-09-16T22:30:27.003665,1789615827.004,827
c2_c925_20260916_222958.mp4,2026-09-16T22:30:27.036931,1789615827.037,828
c2_c925_20260916_222958.mp4,2026-09-16T22:30:27.073902,1789615827.074,829
c2_c925_20260916_222958.mp4,2026-09-16T22:30:27.105256,1789615827.105,830
c2_c925_20260916_222958.mp4,2026-09-16T22:30:27.137432,1789615827.137,831
c2_c925_20260916_222958.mp4,2026-09-16T22:30:27.172391,1789615827.172,832
c2_c925_20260916_222958.mp4,2026-09-16T22:30:27.203660,1789615827.204,833
c2_c925_20260916_222958.mp4,2026-09-16T22:30:27.236199,1789615827.236,834
c2_c925_20260916_222958.mp4,2026-09-16T22:30:27.273427,1789615827.273,835
c2_c925_20260916_222958.mp4,2026-09-16T22:30:27.304083,1789615827.304,836
c2_c925_20260916_222958.mp4,2026-09-16T22:30:27.332444,1789615827.332,837
c2_c925_20260916_222958.mp4,2026-09-16T22:30:27.370027,1789615827.370,838
c2_c925_20260916_222958.mp4,2026-09-16T22:30:27.401003,1789615827.401,839
c2_c925_20260916_222958.mp4,2026-09-16T22:30:27.434522,1789615827.435,840
c2_c925_20260916_222958.mp4,2026-09-16T22:30:27.473283,1789615827.473,841
c2_c925_20260916_222958.mp4,2026-09-16T22:30:27.505508,1789615827.506,842
c2_c925_20260916_222958.mp4,2026-09-16T22:30:27.536430,1789615827.536,843
c2_c925_20260916_222958.mp4,2026-09-16T22:30:27.573392,1789615827.573,844
c2_c925_20260916_222958.mp4,2026-09-16T22:30:27.604864,1789615827.605,845
c2_c925_20260916_222958.mp4,2026-09-16T22:30:27.636420,1789615827.636,846
c2_c925_20260916_222958.mp4,2026-09-16T22:30:27.672087,1789615827.672,847
c2_c925_20260916_222958.mp4,2026-09-16T22:30:27.703964,1789615827.704,848
c2_c925_20260916_222958.mp4,2026-09-16T22:30:27.737142,1789615827.737,849
c2_c925_20260916_222958.mp4,2026-09-16T22:30:27.770396,1789615827.770,850
c2_c925_20260916_222958.mp4,2026-09-16T22:30:27.806113,1789615827.806,851
c2_c925_20260916_222958.mp4,2026-09-16T22:30:27.836313,1789615827.836,852
c2_c925_20260916_222958.mp4,2026-09-16T22:30:27.872424,1789615827.872,853
c2_c925_20260916_222958.mp4,2026-09-16T22:30:27.903340,1789615827.903,854
c2_c925_20260916_222958.mp4,2026-09-16T22:30:27.931843,1789615827.932,855
c2_c925_20260916_222958.mp4,2026-09-16T22:30:27.967696,1789615827.968,856
c2_c925_20260916_222958.mp4,2026-09-16T22:30:28.002463,1789615828.002,857
c2_c925_20260916_222958.mp4,2026-09-16T22:30:28.033014,1789615828.033,858
c2_c925_20260916_222958.mp4,2026-09-16T22:30:28.072859,1789615828.073,859
c2_c925_20260916_222958.mp4,2026-09-16T22:30:28.105071,1789615828.105,860
c2_c925_20260916_222958.mp4,2026-09-16T22:30:28.136988,1789615828.137,861
c2_c925_20260916_222958.mp4,2026-09-16T22:30:28.172429,1789615828.172,862
c2_c925_20260916_222958.mp4,2026-09-16T22:30:28.205475,1789615828.205,863
c2_c925_20260916_222958.mp4,2026-09-16T22:30:28.235841,1789615828.236,864
c2_c925_20260916_222958.mp4,2026-09-16T22:30:28.273501,1789615828.274,865
c2_c925_20260916_222958.mp4,2026-09-16T22:30:28.304522,1789615828.305,866
c2_c925_20260916_222958.mp4,2026-09-16T22:30:28.336980,1789615828.337,867
c2_c925_20260916_222958.mp4,2026-09-16T22:30:28.373572,1789615828.374,868
c2_c925_20260916_222958.mp4,2026-09-16T22:30:28.406091,1789615828.406,869
c2_c925_20260916_222958.mp4,2026-09-16T22:30:28.436145,1789615828.436,870
c2_c925_20260916_222958.mp4,2026-09-16T22:30:28.473356,1789615828.473,871
c2_c925_20260916_222958.mp4,2026-09-16T22:30:28.505515,1789615828.506,872
c2_c925_20260916_222958.mp4,2026-09-16T22:30:28.536559,1789615828.537,873
c2_c925_20260916_222958.mp4,2026-09-16T22:30:28.570301,1789615828.570,874
c2_c925_20260916_222958.mp4,2026-09-16T22:30:28.601806,1789615828.602,875
c2_c925_20260916_222958.mp4,2026-09-16T22:30:28.634085,1789615828.634,876
c2_c925_20260916_222958.mp4,2026-09-16T22:30:28.668652,1789615828.669,877
c2_c925_20260916_222958.mp4,2026-09-16T22:30:28.704618,1789615828.705,878
c2_c925_20260916_222958.mp4,2026-09-16T22:30:28.737781,1789615828.738,879
c2_c925_20260916_222958.mp4,2026-09-16T22:30:28.773897,1789615828.774,880
c2_c925_20260916_222958.mp4,2026-09-16T22:30:28.801699,1789615828.802,881
c2_c925_20260916_222958.mp4,2026-09-16T22:30:28.837320,1789615828.837,882
c2_c925_20260916_222958.mp4,2026-09-16T22:30:28.872115,1789615828.872,883
c2_c925_20260916_222958.mp4,2026-09-16T22:30:28.905601,1789615828.906,884
c2_c925_20260916_222958.mp4,2026-09-16T22:30:28.936966,1789615828.937,885
c2_c925_20260916_222958.mp4,2026-09-16T22:30:28.973370,1789615828.973,886
c2_c925_20260916_222958.mp4,2026-09-16T22:30:29.004217,1789615829.004,887
c2_c925_20260916_222958.mp4,2026-09-16T22:30:29.036526,1789615829.037,888
c2_c925_20260916_222958.mp4,2026-09-16T22:30:29.073394,1789615829.073,889
c2_c925_20260916_222958.mp4,2026-09-16T22:30:29.105296,1789615829.105,890
c2_c925_20260916_222958.mp4,2026-09-16T22:30:29.135440,1789615829.135,891
c2_c925_20260916_222958.mp4,2026-09-16T22:30:29.170763,1789615829.171,892
c2_c925_20260916_222958.mp4,2026-09-16T22:30:29.203015,1789615829.203,893
c2_c925_20260916_222958.mp4,2026-09-16T22:30:29.234116,1789615829.234,894
c2_c925_20260916_222958.mp4,2026-09-16T22:30:29.269369,1789615829.269,895
c2_c925_20260916_222958.mp4,2026-09-16T22:30:29.303077,1789615829.303,896
c2_c925_20260916_222958.mp4,2026-09-16T22:30:29.335612,1789615829.336,897
c2_c925_20260916_222958.mp4,2026-09-16T22:30:29.373016,1789615829.373,898
c2_c925_20260916_222958.mp4,2026-09-16T22:30:29.404465,1789615829.404,899
c2_c925_20260916_222958.mp4,2026-09-16T22:30:29.435948,1789615829.436,900
c2_c925_20260916_222958.mp4,2026-09-16T22:30:29.471340,1789615829.471,901
c2_c925_20260916_222958.mp4,2026-09-16T22:30:29.504350,1789615829.504,902
c2_c925_20260916_222958.mp4,2026-09-16T22:30:29.535586,1789615829.536,903
c2_c925_20260916_222958.mp4,2026-09-16T22:30:29.573839,1789615829.574,904
c2_c925_20260916_222958.mp4,2026-09-16T22:30:29.603730,1789615829.604,905
c2_c925_20260916_222958.mp4,2026-09-16T22:30:29.635728,1789615829.636,906
c2_c925_20260916_222958.mp4,2026-09-16T22:30:29.673360,1789615829.673,907
c2_c925_20260916_222958.mp4,2026-09-16T22:30:29.703496,1789615829.704,908
c2_c925_20260916_222958.mp4,2026-09-16T22:30:29.737043,1789615829.737,909
c2_c925_20260916_222958.mp4,2026-09-16T22:30:29.774148,1789615829.774,910
c2_c925_20260916_222958.mp4,2026-09-16T22:30:29.798363,1789615829.798,911
c2_c925_20260916_222958.mp4,2026-09-16T22:30:29.832724,1789615829.833,912
c2_c925_20260916_222958.mp4,2026-09-16T22:30:29.871808,1789615829.872,913
c2_c925_20260916_222958.mp4,2026-09-16T22:30:29.902605,1789615829.903,914
c2_c925_20260916_222958.mp4,2026-09-16T22:30:29.937280,1789615829.937,915
c2_c925_20260916_222958.mp4,2026-09-16T22:30:29.972337,1789615829.972,916
c2_c925_20260916_222958.mp4,2026-09-16T22:30:30.003441,1789615830.003,917
c2_c925_20260916_222958.mp4,2026-09-16T22:30:30.037022,1789615830.037,918
c2_c925_20260916_222958.mp4,2026-09-16T22:30:30.073387,1789615830.073,919
c2_c925_20260916_222958.mp4,2026-09-16T22:30:30.103503,1789615830.104,920
c2_c925_20260916_222958.mp4,2026-09-16T22:30:30.136243,1789615830.136,921
c2_c925_20260916_222958.mp4,2026-09-16T22:30:30.173453,1789615830.173,922
c2_c925_20260916_222958.mp4,2026-09-16T22:30:30.205007,1789615830.205,923
c2_c925_20260916_222958.mp4,2026-09-16T22:30:30.236950,1789615830.237,924
c2_c925_20260916_222958.mp4,2026-09-16T22:30:30.272898,1789615830.273,925
c2_c925_20260916_222958.mp4,2026-09-16T22:30:30.304961,1789615830.305,926
c2_c925_20260916_222958.mp4,2026-09-16T22:30:30.336435,1789615830.336,927
c2_c925_20260916_222958.mp4,2026-09-16T22:30:30.373468,1789615830.373,928
c2_c925_20260916_222958.mp4,2026-09-16T22:30:30.402130,1789615830.402,929
c2_c925_20260916_222958.mp4,2026-09-16T22:30:30.434720,1789615830.435,930
c2_c925_20260916_222958.mp4,2026-09-16T22:30:30.471352,1789615830.471,931
c2_c925_20260916_222958.mp4,2026-09-16T22:30:30.499227,1789615830.499,932
c2_c925_20260916_222958.mp4,2026-09-16T22:30:30.531032,1789615830.531,933
c2_c925_20260916_222958.mp4,2026-09-16T22:30:30.567928,1789615830.568,934
c2_c925_20260916_222958.mp4,2026-09-16T22:30:30.598404,1789615830.598,935
c2_c925_20260916_222958.mp4,2026-09-16T22:30:30.635989,1789615830.636,936
c2_c925_20260916_222958.mp4,2026-09-16T22:30:30.672981,1789615830.673,937
c2_c925_20260916_222958.mp4,2026-09-16T22:30:30.702041,1789615830.702,938
c2_c925_20260916_222958.mp4,2026-09-16T22:30:30.737530,1789615830.738,939
c2_c925_20260916_222958.mp4,2026-09-16T22:30:30.773431,1789615830.773,940
c2_c925_20260916_222958.mp4,2026-09-16T22:30:30.804983,1789615830.805,941
c2_c925_20260916_222958.mp4,2026-09-16T22:30:30.837403,1789615830.837,942
c2_c925_20260916_222958.mp4,2026-09-16T22:30:30.873429,1789615830.873,943
c2_c925_20260916_222958.mp4,2026-09-16T22:30:30.905462,1789615830.905,944
c2_c925_20260916_222958.mp4,2026-09-16T22:30:30.936630,1789615830.937,945
c2_c925_20260916_222958.mp4,2026-09-16T22:30:30.970713,1789615830.971,946
c2_c925_20260916_222958.mp4,2026-09-16T22:30:30.998640,1789615830.999,947
c2_c925_20260916_222958.mp4,2026-09-16T22:30:31.030474,1789615831.030,948
c2_c925_20260916_222958.mp4,2026-09-16T22:30:31.067285,1789615831.067,949
c2_c925_20260916_222958.mp4,2026-09-16T22:30:31.101847,1789615831.102,950
c2_c925_20260916_222958.mp4,2026-09-16T22:30:31.135594,1789615831.136,951
c2_c925_20260916_222958.mp4,2026-09-16T22:30:31.173978,1789615831.174,952
c2_c925_20260916_222958.mp4,2026-09-16T22:30:31.204787,1789615831.205,953
c2_c925_20260916_222958.mp4,2026-09-16T22:30:31.236389,1789615831.236,954
c2_c925_20260916_222958.mp4,2026-09-16T22:30:31.271504,1789615831.272,955
c2_c925_20260916_222958.mp4,2026-09-16T22:30:31.305603,1789615831.306,956
c2_c925_20260916_222958.mp4,2026-09-16T22:30:31.338250,1789615831.338,957
c2_c925_20260916_222958.mp4,2026-09-16T22:30:31.373586,1789615831.374,958
c2_c925_20260916_222958.mp4,2026-09-16T22:30:31.404946,1789615831.405,959
c2_c925_20260916_222958.mp4,2026-09-16T22:30:31.436969,1789615831.437,960
c2_c925_20260916_222958.mp4,2026-09-16T22:30:31.471245,1789615831.471,961
c2_c925_20260916_222958.mp4,2026-09-16T22:30:31.505290,1789615831.505,962
c2_c925_20260916_222958.mp4,2026-09-16T22:30:31.537497,1789615831.538,963
c2_c925_20260916_222958.mp4,2026-09-16T22:30:31.572202,1789615831.572,964
c2_c925_20260916_222958.mp4,2026-09-16T22:30:31.603263,1789615831.603,965
c2_c925_20260916_222958.mp4,2026-09-16T22:30:31.634432,1789615831.634,966
c2_c925_20260916_222958.mp4,2026-09-16T22:30:31.670159,1789615831.670,967
c2_c925_20260916_222958.mp4,2026-09-16T22:30:31.701051,1789615831.701,968
c2_c925_20260916_222958.mp4,2026-09-16T22:30:31.736955,1789615831.737,969
c2_c925_20260916_222958.mp4,2026-09-16T22:30:31.773541,1789615831.774,970
c2_c925_20260916_222958.mp4,2026-09-16T22:30:31.804139,1789615831.804,971
c2_c925_20260916_222958.mp4,2026-09-16T22:30:31.837269,1789615831.837,972
c2_c925_20260916_222958.mp4,2026-09-16T22:30:31.871176,1789615831.871,973
c2_c925_20260916_222958.mp4,2026-09-16T22:30:31.904863,1789615831.905,974
c2_c925_20260916_222958.mp4,2026-09-16T22:30:31.937356,1789615831.937,975
c2_c925_20260916_222958.mp4,2026-09-16T22:30:31.973353,1789615831.973,976
c2_c925_20260916_222958.mp4,2026-09-16T22:30:32.004946,1789615832.005,977
c2_c925_20260916_222958.mp4,2026-09-16T22:30:32.036515,1789615832.037,978
c2_c925_20260916_222958.mp4,2026-09-16T22:30:32.072424,1789615832.072,979
c2_c925_20260916_222958.mp4,2026-09-16T22:30:32.103957,1789615832.104,980
c2_c925_20260916_222958.mp4,2026-09-16T22:30:32.136353,1789615832.136,981
c2_c925_20260916_222958.mp4,2026-09-16T22:30:32.172479,1789615832.172,982
c2_c925_20260916_222958.mp4,2026-09-16T22:30:32.205483,1789615832.206,983
c2_c925_20260916_222958.mp4,2026-09-16T22:30:32.234797,1789615832.235,984
c2_c925_20260916_222958.mp4,2026-09-16T22:30:32.271160,1789615832.271,985
c2_c925_20260916_222958.mp4,2026-09-16T22:30:32.300222,1789615832.300,986
c2_c925_20260916_222958.mp4,2026-09-16T22:30:32.333994,1789615832.334,987
c2_c925_20260916_222958.mp4,2026-09-16T22:30:32.366776,1789615832.367,988
c2_c925_20260916_222958.mp4,2026-09-16T22:30:32.398464,1789615832.398,989
c2_c925_20260916_222958.mp4,2026-09-16T22:30:32.430630,1789615832.431,990
c2_c925_20260916_222958.mp4,2026-09-16T22:30:32.466439,1789615832.466,991
c2_c925_20260916_222958.mp4,2026-09-16T22:30:32.505361,1789615832.505,992
c2_c925_20260916_222958.mp4,2026-09-16T22:30:32.538009,1789615832.538,993
c2_c925_20260916_222958.mp4,2026-09-16T22:30:32.573409,1789615832.573,994
c2_c925_20260916_222958.mp4,2026-09-16T22:30:32.603685,1789615832.604,995
c2_c925_20260916_222958.mp4,2026-09-16T22:30:32.638121,1789615832.638,996
c2_c925_20260916_222958.mp4,2026-09-16T22:30:32.673535,1789615832.674,997
c2_c925_20260916_222958.mp4,2026-09-16T22:30:32.703282,1789615832.703,998
c2_c925_20260916_222958.mp4,2026-09-16T22:30:32.737922,1789615832.738,999
c2_c925_20260916_222958.mp4,2026-09-16T22:30:32.772447,1789615832.772,1000
c2_c925_20260916_222958.mp4,2026-09-16T22:30:32.803440,1789615832.803,1001
c2_c925_20260916_222958.mp4,2026-09-16T22:30:32.833177,1789615832.833,1002
c2_c925_20260916_222958.mp4,2026-09-16T22:30:32.870558,1789615832.871,1003
c2_c925_20260916_222958.mp4,2026-09-16T22:30:32.900946,1789615832.901,1004
c2_c925_20260916_222958.mp4,2026-09-16T22:30:32.934932,1789615832.935,1005
c2_c925_20260916_222958.mp4,2026-09-16T22:30:32.967946,1789615832.968,1006
c2_c925_20260916_222958.mp4,2026-09-16T22:30:33.004114,1789615833.004,1007
c2_c925_20260916_222958.mp4,2026-09-16T22:30:33.037428,1789615833.037,1008
c2_c925_20260916_222958.mp4,2026-09-16T22:30:33.075258,1789615833.075,1009
c2_c925_20260916_222958.mp4,2026-09-16T22:30:33.104408,1789615833.104,1010
c2_c925_20260916_222958.mp4,2026-09-16T22:30:33.135185,1789615833.135,1011
c2_c925_20260916_222958.mp4,2026-09-16T22:30:33.174690,1789615833.175,1012
c2_c925_20260916_222958.mp4,2026-09-16T22:30:33.205527,1789615833.206,1013
c2_c925_20260916_222958.mp4,2026-09-16T22:30:33.236177,1789615833.236,1014
c2_c925_20260916_222958.mp4,2026-09-16T22:30:33.271340,1789615833.271,1015
c2_c925_20260916_222958.mp4,2026-09-16T22:30:33.305527,1789615833.306,1016
c2_c925_20260916_222958.mp4,2026-09-16T22:30:33.337553,1789615833.338,1017
c2_c925_20260916_222958.mp4,2026-09-16T22:30:33.373482,1789615833.374,1018
c2_c925_20260916_222958.mp4,2026-09-16T22:30:33.405501,1789615833.406,1019
c2_c925_20260916_222958.mp4,2026-09-16T22:30:33.437456,1789615833.437,1020
c2_c925_20260916_222958.mp4,2026-09-16T22:30:33.473044,1789615833.473,1021
c2_c925_20260916_222958.mp4,2026-09-16T22:30:33.503156,1789615833.503,1022
c2_c925_20260916_222958.mp4,2026-09-16T22:30:33.535039,1789615833.535,1023
c2_c925_20260916_222958.mp4,2026-09-16T22:30:33.563165,1789615833.563,1024
c2_c925_20260916_222958.mp4,2026-09-16T22:30:33.602847,1789615833.603,1025
c2_c925_20260916_222958.mp4,2026-09-16T22:30:33.636816,1789615833.637,1026
c2_c925_20260916_222958.mp4,2026-09-16T22:30:33.672881,1789615833.673,1027
c2_c925_20260916_222958.mp4,2026-09-16T22:30:33.704619,1789615833.705,1028
c2_c925_20260916_222958.mp4,2026-09-16T22:30:33.737655,1789615833.738,1029
c2_c925_20260916_222958.mp4,2026-09-16T22:30:33.773325,1789615833.773,1030
c2_c925_20260916_222958.mp4,2026-09-16T22:30:33.805463,1789615833.805,1031
c2_c925_20260916_222958.mp4,2026-09-16T22:30:33.837427,1789615833.837,1032
c2_c925_20260916_222958.mp4,2026-09-16T22:30:33.872063,1789615833.872,1033
c2_c925_20260916_222958.mp4,2026-09-16T22:30:33.902903,1789615833.903,1034
c2_c925_20260916_222958.mp4,2026-09-16T22:30:33.937334,1789615833.937,1035
c2_c925_20260916_222958.mp4,2026-09-16T22:30:33.973427,1789615833.973,1036
c2_c925_20260916_222958.mp4,2026-09-16T22:30:34.004910,1789615834.005,1037
c2_c925_20260916_222958.mp4,2026-09-16T22:30:34.035204,1789615834.035,1038
c2_c925_20260916_222958.mp4,2026-09-16T22:30:34.072022,1789615834.072,1039
c2_c925_20260916_222958.mp4,2026-09-16T22:30:34.104129,1789615834.104,1040
c2_c925_20260916_222958.mp4,2026-09-16T22:30:34.135053,1789615834.135,1041
c2_c925_20260916_222958.mp4,2026-09-16T22:30:34.170159,1789615834.170,1042
c2_c925_20260916_222958.mp4,2026-09-16T22:30:34.199059,1789615834.199,1043
c2_c925_20260916_222958.mp4,2026-09-16T22:30:34.236167,1789615834.236,1044
c2_c925_20260916_222958.mp4,2026-09-16T22:30:34.273324,1789615834.273,1045
c2_c925_20260916_222958.mp4,2026-09-16T22:30:34.302522,1789615834.303,1046
c2_c925_20260916_222958.mp4,2026-09-16T22:30:34.330413,1789615834.330,1047
c2_c925_20260916_222958.mp4,2026-09-16T22:30:34.370294,1789615834.370,1048
c2_c925_20260916_222958.mp4,2026-09-16T22:30:34.405276,1789615834.405,1049
c2_c925_20260916_222958.mp4,2026-09-16T22:30:34.437366,1789615834.437,1050
c2_c925_20260916_222958.mp4,2026-09-16T22:30:34.471896,1789615834.472,1051
c2_c925_20260916_222958.mp4,2026-09-16T22:30:34.505083,1789615834.505,1052
c2_c925_20260916_222958.mp4,2026-09-16T22:30:34.536532,1789615834.537,1053
c2_c925_20260916_222958.mp4,2026-09-16T22:30:34.572854,1789615834.573,1054
c2_c925_20260916_222958.mp4,2026-09-16T22:30:34.602866,1789615834.603,1055
c2_c925_20260916_222958.mp4,2026-09-16T22:30:34.637282,1789615834.637,1056
c2_c925_20260916_222958.mp4,2026-09-16T22:30:34.673420,1789615834.673,1057
c2_c925_20260916_222958.mp4,2026-09-16T22:30:34.702667,1789615834.703,1058
c2_c925_20260916_222958.mp4,2026-09-16T22:30:34.735014,1789615834.735,1059
c2_c925_20260916_222958.mp4,2026-09-16T22:30:34.770954,1789615834.771,1060
c2_c925_20260916_222958.mp4,2026-09-16T22:30:34.798622,1789615834.799,1061
c2_c925_20260916_222958.mp4,2026-09-16T22:30:34.837753,1789615834.838,1062
c2_c925_20260916_222958.mp4,2026-09-16T22:30:34.873415,1789615834.873,1063
c2_c925_20260916_222958.mp4,2026-09-16T22:30:34.904894,1789615834.905,1064
c2_c925_20260916_222958.mp4,2026-09-16T22:30:34.937150,1789615834.937,1065
c2_c925_20260916_222958.mp4,2026-09-16T22:30:34.975241,1789615834.975,1066
c2_c925_20260916_222958.mp4,2026-09-16T22:30:35.004283,1789615835.004,1067
c2_c925_20260916_222958.mp4,2026-09-16T22:30:35.035615,1789615835.036,1068
c2_c925_20260916_222958.mp4,2026-09-16T22:30:35.073077,1789615835.073,1069
c2_c925_20260916_222958.mp4,2026-09-16T22:30:35.105527,1789615835.106,1070
c2_c925_20260916_222958.mp4,2026-09-16T22:30:35.136970,1789615835.137,1071
c2_c925_20260916_222958.mp4,2026-09-16T22:30:35.171421,1789615835.171,1072
c2_c925_20260916_222958.mp4,2026-09-16T22:30:35.198605,1789615835.199,1073
c2_c925_20260916_222958.mp4,2026-09-16T22:30:35.230546,1789615835.231,1074
c2_c925_20260916_222958.mp4,2026-09-16T22:30:35.267389,1789615835.267,1075
c2_c925_20260916_222958.mp4,2026-09-16T22:30:35.304378,1789615835.304,1076
c2_c925_20260916_222958.mp4,2026-09-16T22:30:35.336439,1789615835.336,1077
c2_c925_20260916_222958.mp4,2026-09-16T22:30:35.370279,1789615835.370,1078
c2_c925_20260916_222958.mp4,2026-09-16T22:30:35.398945,1789615835.399,1079
c2_c925_20260916_222958.mp4,2026-09-16T22:30:35.431327,1789615835.431,1080
c2_c925_20260916_222958.mp4,2026-09-16T22:30:35.473391,1789615835.473,1081
c2_c925_20260916_222958.mp4,2026-09-16T22:30:35.504310,1789615835.504,1082
c2_c925_20260916_222958.mp4,2026-09-16T22:30:35.536851,1789615835.537,1083
c2_c925_20260916_222958.mp4,2026-09-16T22:30:35.573414,1789615835.573,1084
c2_c925_20260916_222958.mp4,2026-09-16T22:30:35.604121,1789615835.604,1085
c2_c925_20260916_222958.mp4,2026-09-16T22:30:35.636532,1789615835.637,1086
c2_c925_20260916_222958.mp4,2026-09-16T22:30:35.672897,1789615835.673,1087
c2_c925_20260916_222958.mp4,2026-09-16T22:30:35.705224,1789615835.705,1088
c2_c925_20260916_222958.mp4,2026-09-16T22:30:35.736919,1789615835.737,1089
c2_c925_20260916_222958.mp4,2026-09-16T22:30:35.773870,1789615835.774,1090
c2_c925_20260916_222958.mp4,2026-09-16T22:30:35.805057,1789615835.805,1091
c2_c925_20260916_222958.mp4,2026-09-16T22:30:35.830397,1789615835.830,1092
c2_c925_20260916_222958.mp4,2026-09-16T22:30:35.868018,1789615835.868,1093
c2_c925_20260916_222958.mp4,2026-09-16T22:30:35.898920,1789615835.899,1094
c2_c925_20260916_222958.mp4,2026-09-16T22:30:35.931009,1789615835.931,1095
c2_c925_20260916_222958.mp4,2026-09-16T22:30:35.967099,1789615835.967,1096
c2_c925_20260916_222958.mp4,2026-09-16T22:30:35.999420,1789615835.999,1097
c2_c925_20260916_222958.mp4,2026-09-16T22:30:36.032427,1789615836.032,1098
c2_c925_20260916_222958.mp4,2026-09-16T22:30:36.067771,1789615836.068,1099
c2_c925_20260916_222958.mp4,2026-09-16T22:30:36.105094,1789615836.105,1100
c2_c925_20260916_222958.mp4,2026-09-16T22:30:36.136706,1789615836.137,1101
c2_c925_20260916_222958.mp4,2026-09-16T22:30:36.172836,1789615836.173,1102
c2_c925_20260916_222958.mp4,2026-09-16T22:30:36.204943,1789615836.205,1103
c2_c925_20260916_222958.mp4,2026-09-16T22:30:36.235501,1789615836.236,1104
c2_c925_20260916_222958.mp4,2026-09-16T22:30:36.266412,1789615836.266,1105
c2_c925_20260916_222958.mp4,2026-09-16T22:30:36.305603,1789615836.306,1106
c2_c925_20260916_222958.mp4,2026-09-16T22:30:36.335085,1789615836.335,1107
c2_c925_20260916_222958.mp4,2026-09-16T22:30:36.373800,1789615836.374,1108
c2_c925_20260916_222958.mp4,2026-09-16T22:30:36.404692,1789615836.405,1109
c2_c925_20260916_222958.mp4,2026-09-16T22:30:36.434348,1789615836.434,1110
c2_c925_20260916_222958.mp4,2026-09-16T22:30:36.472956,1789615836.473,1111
c2_c925_20260916_222958.mp4,2026-09-16T22:30:36.504050,1789615836.504,1112
c2_c925_20260916_222958.mp4,2026-09-16T22:30:36.537000,1789615836.537,1113
c2_c925_20260916_222958.mp4,2026-09-16T22:30:36.570378,1789615836.570,1114
c2_c925_20260916_222958.mp4,2026-09-16T22:30:36.602452,1789615836.602,1115
c2_c925_20260916_222958.mp4,2026-09-16T22:30:36.633875,1789615836.634,1116
c2_c925_20260916_222958.mp4,2026-09-16T22:30:36.672025,1789615836.672,1117
c2_c925_20260916_222958.mp4,2026-09-16T22:30:36.705143,1789615836.705,1118
c2_c925_20260916_222958.mp4,2026-09-16T22:30:36.736932,1789615836.737,1119
c2_c925_20260916_222958.mp4,2026-09-16T22:30:36.774613,1789615836.775,1120
c2_c925_20260916_222958.mp4,2026-09-16T22:30:36.804890,1789615836.805,1121
c2_c925_20260916_222958.mp4,2026-09-16T22:30:36.835802,1789615836.836,1122
c2_c925_20260916_222958.mp4,2026-09-16T22:30:36.873705,1789615836.874,1123
c2_c925_20260916_222958.mp4,2026-09-16T22:30:36.905521,1789615836.906,1124
c2_c925_20260916_222958.mp4,2026-09-16T22:30:36.937301,1789615836.937,1125
c2_c925_20260916_222958.mp4,2026-09-16T22:30:36.972354,1789615836.972,1126
c2_c925_20260916_222958.mp4,2026-09-16T22:30:37.005543,1789615837.006,1127
c2_c925_20260916_222958.mp4,2026-09-16T22:30:37.036740,1789615837.037,1128
c2_c925_20260916_222958.mp4,2026-09-16T22:30:37.071964,1789615837.072,1129
c2_c925_20260916_222958.mp4,2026-09-16T22:30:37.104775,1789615837.105,1130
c2_c925_20260916_222958.mp4,2026-09-16T22:30:37.136901,1789615837.137,1131
c2_c925_20260916_222958.mp4,2026-09-16T22:30:37.171072,1789615837.171,1132
c2_c925_20260916_222958.mp4,2026-09-16T22:30:37.202607,1789615837.203,1133
c2_c925_20260916_222958.mp4,2026-09-16T22:30:37.232014,1789615837.232,1134
c2_c925_20260916_222958.mp4,2026-09-16T22:30:37.270724,1789615837.271,1135
c2_c925_20260916_222958.mp4,2026-09-16T22:30:37.302372,1789615837.302,1136
c2_c925_20260916_222958.mp4,2026-09-16T22:30:37.336492,1789615837.337,1137
c2_c925_20260916_222958.mp4,2026-09-16T22:30:37.372506,1789615837.373,1138
c2_c925_20260916_222958.mp4,2026-09-16T22:30:37.404940,1789615837.405,1139
c2_c925_20260916_222958.mp4,2026-09-16T22:30:37.437380,1789615837.437,1140
c2_c925_20260916_222958.mp4,2026-09-16T22:30:37.473345,1789615837.473,1141
c2_c925_20260916_222958.mp4,2026-09-16T22:30:37.505381,1789615837.505,1142
c2_c925_20260916_222958.mp4,2026-09-16T22:30:37.536126,1789615837.536,1143
c2_c925_20260916_222958.mp4,2026-09-16T22:30:37.569167,1789615837.569,1144
c2_c925_20260916_222958.mp4,2026-09-16T22:30:37.598386,1789615837.598,1145
c2_c925_20260916_222958.mp4,2026-09-16T22:30:37.634189,1789615837.634,1146
c2_c925_20260916_222958.mp4,2026-09-16T22:30:37.673269,1789615837.673,1147
c2_c925_20260916_222958.mp4,2026-09-16T22:30:37.703815,1789615837.704,1148
c2_c925_20260916_222958.mp4,2026-09-16T22:30:37.737509,1789615837.738,1149
c2_c925_20260916_222958.mp4,2026-09-16T22:30:37.777224,1789615837.777,1150
c2_c925_20260916_222958.mp4,2026-09-16T22:30:37.804092,1789615837.804,1151
c2_c925_20260916_222958.mp4,2026-09-16T22:30:37.832886,1789615837.833,1152
c2_c925_20260916_222958.mp4,2026-09-16T22:30:37.869457,1789615837.869,1153
c2_c925_20260916_222958.mp4,2026-09-16T22:30:37.899930,1789615837.900,1154
c2_c925_20260916_222958.mp4,2026-09-16T22:30:37.936334,1789615837.936,1155
c2_c925_20260916_222958.mp4,2026-09-16T22:30:37.967550,1789615837.968,1156
c2_c925_20260916_222958.mp4,2026-09-16T22:30:38.005023,1789615838.005,1157
c2_c925_20260916_222958.mp4,2026-09-16T22:30:38.037360,1789615838.037,1158
c2_c925_20260916_222958.mp4,2026-09-16T22:30:38.072134,1789615838.072,1159
c2_c925_20260916_222958.mp4,2026-09-16T22:30:38.104863,1789615838.105,1160
c2_c925_20260916_222958.mp4,2026-09-16T22:30:38.137289,1789615838.137,1161
c2_c925_20260916_222958.mp4,2026-09-16T22:30:38.172765,1789615838.173,1162
c2_c925_20260916_222958.mp4,2026-09-16T22:30:38.203050,1789615838.203,1163
c2_c925_20260916_222958.mp4,2026-09-16T22:30:38.237332,1789615838.237,1164
c2_c925_20260916_222958.mp4,2026-09-16T22:30:38.270761,1789615838.271,1165
c2_c925_20260916_222958.mp4,2026-09-16T22:30:38.303800,1789615838.304,1166
c2_c925_20260916_222958.mp4,2026-09-16T22:30:38.330445,1789615838.330,1167
c2_c925_20260916_222958.mp4,2026-09-16T22:30:38.371980,1789615838.372,1168
c2_c925_20260916_222958.mp4,2026-09-16T22:30:38.404019,1789615838.404,1169
c2_c925_20260916_222958.mp4,2026-09-16T22:30:38.434284,1789615838.434,1170
c2_c925_20260916_222958.mp4,2026-09-16T22:30:38.467880,1789615838.468,1171
c2_c925_20260916_222958.mp4,2026-09-16T22:30:38.501628,1789615838.502,1172
c2_c925_20260916_222958.mp4,2026-09-16T22:30:38.538009,1789615838.538,1173
c2_c925_20260916_222958.mp4,2026-09-16T22:30:38.572227,1789615838.572,1174
c2_c925_20260916_222958.mp4,2026-09-16T22:30:38.602903,1789615838.603,1175
c2_c925_20260916_222958.mp4,2026-09-16T22:30:38.634893,1789615838.635,1176
c2_c925_20260916_222958.mp4,2026-09-16T22:30:38.668352,1789615838.668,1177
c2_c925_20260916_222958.mp4,2026-09-16T22:30:38.701134,1789615838.701,1178
c2_c925_20260916_222958.mp4,2026-09-16T22:30:38.733588,1789615838.734,1179
c2_c925_20260916_222958.mp4,2026-09-16T22:30:38.769959,1789615838.770,1180
c2_c925_20260916_222958.mp4,2026-09-16T22:30:38.804097,1789615838.804,1181
c2_c925_20260916_222958.mp4,2026-09-16T22:30:38.836980,1789615838.837,1182
c2_c925_20260916_222958.mp4,2026-09-16T22:30:38.873533,1789615838.874,1183
c2_c925_20260916_222958.mp4,2026-09-16T22:30:38.904920,1789615838.905,1184
c2_c925_20260916_222958.mp4,2026-09-16T22:30:38.937783,1789615838.938,1185
c2_c925_20260916_222958.mp4,2026-09-16T22:30:38.973072,1789615838.973,1186
c2_c925_20260916_222958.mp4,2026-09-16T22:30:39.004252,1789615839.004,1187
c2_c925_20260916_222958.mp4,2026-09-16T22:30:39.034097,1789615839.034,1188
c2_c925_20260916_222958.mp4,2026-09-16T22:30:39.069456,1789615839.069,1189
c2_c925_20260916_222958.mp4,2026-09-16T22:30:39.100115,1789615839.100,1190
c2_c925_20260916_222958.mp4,2026-09-16T22:30:39.130988,1789615839.131,1191
c2_c925_20260916_222958.mp4,2026-09-16T22:30:39.169415,1789615839.169,1192
c2_c925_20260916_222958.mp4,2026-09-16T22:30:39.201655,1789615839.202,1193
c2_c925_20260916_222958.mp4,2026-09-16T22:30:39.235958,1789615839.236,1194
c2_c925_20260916_222958.mp4,2026-09-16T22:30:39.271924,1789615839.272,1195
c2_c925_20260916_222958.mp4,2026-09-16T22:30:39.303271,1789615839.303,1196
c2_c925_20260916_222958.mp4,2026-09-16T22:30:39.337030,1789615839.337,1197
c2_c925_20260916_222958.mp4,2026-09-16T22:30:39.366417,1789615839.366,1198
c2_c925_20260916_222958.mp4,2026-09-16T22:30:39.399383,1789615839.399,1199
c2_c925_20260916_222958.mp4,2026-09-16T22:30:39.430960,1789615839.431,1200
c2_c925_20260916_222958.mp4,2026-09-16T22:30:39.470549,1789615839.471,1201
c2_c925_20260916_222958.mp4,2026-09-16T22:30:39.501921,1789615839.502,1202
c2_c925_20260916_222958.mp4,2026-09-16T22:30:39.537292,1789615839.537,1203
c2_c925_20260916_222958.mp4,2026-09-16T22:30:39.572856,1789615839.573,1204
c2_c925_20260916_222958.mp4,2026-09-16T22:30:39.602386,1789615839.602,1205
c2_c925_20260916_222958.mp4,2026-09-16T22:30:39.633144,1789615839.633,1206
c2_c925_20260916_222958.mp4,2026-09-16T22:30:39.666334,1789615839.666,1207
c2_c925_20260916_222958.mp4,2026-09-16T22:30:39.700844,1789615839.701,1208
c2_c925_20260916_222958.mp4,2026-09-16T22:30:39.731418,1789615839.731,1209
c2_c925_20260916_222958.mp4,2026-09-16T22:30:39.772430,1789615839.772,1210
c2_c925_20260916_222958.mp4,2026-09-16T22:30:39.806014,1789615839.806,1211
c2_c925_20260916_222958.mp4,2026-09-16T22:30:39.837291,1789615839.837,1212
c2_c925_20260916_222958.mp4,2026-09-16T22:30:39.876044,1789615839.876,1213
c2_c925_20260916_222958.mp4,2026-09-16T22:30:39.905091,1789615839.905,1214
c2_c925_20260916_222958.mp4,2026-09-16T22:30:39.936994,1789615839.937,1215
c2_c925_20260916_222958.mp4,2026-09-16T22:30:39.973626,1789615839.974,1216
c2_c925_20260916_222958.mp4,2026-09-16T22:30:40.004487,1789615840.005,1217
c2_c925_20260916_222958.mp4,2026-09-16T22:30:40.036381,1789615840.036,1218
c2_c925_20260916_222958.mp4,2026-09-16T22:30:40.072983,1789615840.073,1219
c2_c925_20260916_222958.mp4,2026-09-16T22:30:40.103501,1789615840.104,1220
c2_c925_20260916_222958.mp4,2026-09-16T22:30:40.132143,1789615840.132,1221
c2_c925_20260916_222958.mp4,2026-09-16T22:30:40.170110,1789615840.170,1222
c2_c925_20260916_222958.mp4,2026-09-16T22:30:40.203059,1789615840.203,1223
c2_c925_20260916_222958.mp4,2026-09-16T22:30:40.236504,1789615840.237,1224
c2_c925_20260916_222958.mp4,2026-09-16T22:30:40.271630,1789615840.272,1225
c2_c925_20260916_222958.mp4,2026-09-16T22:30:40.302792,1789615840.303,1226
c2_c925_20260916_222958.mp4,2026-09-16T22:30:40.333282,1789615840.333,1227
c2_c925_20260916_222958.mp4,2026-09-16T22:30:40.369758,1789615840.370,1228
c2_c925_20260916_222958.mp4,2026-09-16T22:30:40.405430,1789615840.405,1229
c2_c925_20260916_222958.mp4,2026-09-16T22:30:40.437397,1789615840.437,1230
c2_c925_20260916_222958.mp4,2026-09-16T22:30:40.470422,1789615840.470,1231
c2_c925_20260916_222958.mp4,2026-09-16T22:30:40.501689,1789615840.502,1232
c2_c925_20260916_222958.mp4,2026-09-16T22:30:40.532539,1789615840.533,1233
c2_c925_20260916_222958.mp4,2026-09-16T22:30:40.568438,1789615840.568,1234
c2_c925_20260916_222958.mp4,2026-09-16T22:30:40.599211,1789615840.599,1235
c2_c925_20260916_222958.mp4,2026-09-16T22:30:40.633028,1789615840.633,1236
c2_c925_20260916_222958.mp4,2026-09-16T22:30:40.669528,1789615840.670,1237
c2_c925_20260916_222958.mp4,2026-09-16T22:30:40.701337,1789615840.701,1238
c2_c925_20260916_222958.mp4,2026-09-16T22:30:40.737632,1789615840.738,1239
c2_c925_20260916_222958.mp4,2026-09-16T22:30:40.772017,1789615840.772,1240
c2_c925_20260916_222958.mp4,2026-09-16T22:30:40.805205,1789615840.805,1241
c2_c925_20260916_222958.mp4,2026-09-16T22:30:40.836870,1789615840.837,1242
c2_c925_20260916_222958.mp4,2026-09-16T22:30:40.869724,1789615840.870,1243
c2_c925_20260916_222958.mp4,2026-09-16T22:30:40.898564,1789615840.899,1244
c2_c925_20260916_222958.mp4,2026-09-16T22:30:40.932270,1789615840.932,1245
c2_c925_20260916_222958.mp4,2026-09-16T22:30:40.972593,1789615840.973,1246
c2_c925_20260916_222958.mp4,2026-09-16T22:30:41.005374,1789615841.005,1247
c2_c925_20260916_222958.mp4,2026-09-16T22:30:41.036429,1789615841.036,1248
c2_c925_20260916_222958.mp4,2026-09-16T22:30:41.070698,1789615841.071,1249
c2_c925_20260916_222958.mp4,2026-09-16T22:30:41.098954,1789615841.099,1250
c2_c925_20260916_222958.mp4,2026-09-16T22:30:41.132390,1789615841.132,1251
c2_c925_20260916_222958.mp4,2026-09-16T22:30:41.170565,1789615841.171,1252
c2_c925_20260916_222958.mp4,2026-09-16T22:30:41.203533,1789615841.204,1253
c2_c925_20260916_222958.mp4,2026-09-16T22:30:41.233377,1789615841.233,1254
c2_c925_20260916_222958.mp4,2026-09-16T22:30:41.272383,1789615841.272,1255
c2_c925_20260916_222958.mp4,2026-09-16T22:30:41.306038,1789615841.306,1256
c2_c925_20260916_222958.mp4,2026-09-16T22:30:41.335146,1789615841.335,1257
c2_c925_20260916_222958.mp4,2026-09-16T22:30:41.373577,1789615841.374,1258
c2_c925_20260916_222958.mp4,2026-09-16T22:30:41.404881,1789615841.405,1259
c2_c925_20260916_222958.mp4,2026-09-16T22:30:41.436401,1789615841.436,1260
c2_c925_20260916_222958.mp4,2026-09-16T22:30:41.470624,1789615841.471,1261
c2_c925_20260916_222958.mp4,2026-09-16T22:30:41.502391,1789615841.502,1262
c2_c925_20260916_222958.mp4,2026-09-16T22:30:41.532138,1789615841.532,1263
c2_c925_20260916_222958.mp4,2026-09-16T22:30:41.568438,1789615841.568,1264
c2_c925_20260916_222958.mp4,2026-09-16T22:30:41.599344,1789615841.599,1265
c2_c925_20260916_222958.mp4,2026-09-16T22:30:41.632777,1789615841.633,1266
c2_c925_20260916_222958.mp4,2026-09-16T22:30:41.670909,1789615841.671,1267
c2_c925_20260916_222958.mp4,2026-09-16T22:30:41.706146,1789615841.706,1268
c2_c925_20260916_222958.mp4,2026-09-16T22:30:41.737605,1789615841.738,1269
c2_c925_20260916_222958.mp4,2026-09-16T22:30:41.772150,1789615841.772,1270
c2_c925_20260916_222958.mp4,2026-09-16T22:30:41.806542,1789615841.807,1271
c2_c925_20260916_222958.mp4,2026-09-16T22:30:41.837367,1789615841.837,1272
c2_c925_20260916_222958.mp4,2026-09-16T22:30:41.872013,1789615841.872,1273
c2_c925_20260916_222958.mp4,2026-09-16T22:30:41.899582,1789615841.900,1274
c2_c925_20260916_222958.mp4,2026-09-16T22:30:41.938056,1789615841.938,1275
c2_c925_20260916_222958.mp4,2026-09-16T22:30:41.974101,1789615841.974,1276
c2_c925_20260916_222958.mp4,2026-09-16T22:30:42.004098,1789615842.004,1277
c2_c925_20260916_222958.mp4,2026-09-16T22:30:42.035580,1789615842.036,1278
c2_c925_20260916_222958.mp4,2026-09-16T22:30:42.070559,1789615842.071,1279
c2_c925_20260916_222958.mp4,2026-09-16T22:30:42.100524,1789615842.101,1280
c2_c925_20260916_222958.mp4,2026-09-16T22:30:42.132059,1789615842.132,1281
c2_c925_20260916_222958.mp4,2026-09-16T22:30:42.166671,1789615842.167,1282
c2_c925_20260916_222958.mp4,2026-09-16T22:30:42.202120,1789615842.202,1283
c2_c925_20260916_222958.mp4,2026-09-16T22:30:42.236705,1789615842.237,1284
c2_c925_20260916_222958.mp4,2026-09-16T22:30:42.272794,1789615842.273,1285
c2_c925_20260916_222958.mp4,2026-09-16T22:30:42.304922,1789615842.305,1286
c2_c925_20260916_222958.mp4,2026-09-16T22:30:42.335571,1789615842.336,1287
c2_c925_20260916_222958.mp4,2026-09-16T22:30:42.373334,1789615842.373,1288
c2_c925_20260916_222958.mp4,2026-09-16T22:30:42.404838,1789615842.405,1289
c2_c925_20260916_222958.mp4,2026-09-16T22:30:42.436257,1789615842.436,1290
c2_c925_20260916_222958.mp4,2026-09-16T22:30:42.472048,1789615842.472,1291
c2_c925_20260916_222958.mp4,2026-09-16T22:30:42.498330,1789615842.498,1292
c2_c925_20260916_222958.mp4,2026-09-16T22:30:42.530428,1789615842.530,1293
c2_c925_20260916_222958.mp4,2026-09-16T22:30:42.566395,1789615842.566,1294
c2_c925_20260916_222958.mp4,2026-09-16T22:30:42.598418,1789615842.598,1295
c2_c925_20260916_222958.mp4,2026-09-16T22:30:42.634328,1789615842.634,1296
c2_c925_20260916_222958.mp4,2026-09-16T22:30:42.670407,1789615842.670,1297
c2_c925_20260916_222958.mp4,2026-09-16T22:30:42.704069,1789615842.704,1298
c2_c925_20260916_222958.mp4,2026-09-16T22:30:42.731943,1789615842.732,1299
c2_c925_20260916_222958.mp4,2026-09-16T22:30:42.769552,1789615842.770,1300
c2_c925_20260916_222958.mp4,2026-09-16T22:30:42.798433,1789615842.798,1301
c2_c925_20260916_222958.mp4,2026-09-16T22:30:42.835510,1789615842.836,1302
c2_c925_20260916_222958.mp4,2026-09-16T22:30:42.872795,1789615842.873,1303
c2_c925_20260916_222958.mp4,2026-09-16T22:30:42.905398,1789615842.905,1304
c2_c925_20260916_222958.mp4,2026-09-16T22:30:42.937133,1789615842.937,1305
c2_c925_20260916_222958.mp4,2026-09-16T22:30:42.972947,1789615842.973,1306
c2_c925_20260916_222958.mp4,2026-09-16T22:30:43.005125,1789615843.005,1307
c2_c925_20260916_222958.mp4,2026-09-16T22:30:43.033813,1789615843.034,1308
c2_c925_20260916_222958.mp4,2026-09-16T22:30:43.069280,1789615843.069,1309
c2_c925_20260916_222958.mp4,2026-09-16T22:30:43.100143,1789615843.100,1310
c2_c925_20260916_222958.mp4,2026-09-16T22:30:43.132630,1789615843.133,1311
c2_c925_20260916_222958.mp4,2026-09-16T22:30:43.169879,1789615843.170,1312
c2_c925_20260916_222958.mp4,2026-09-16T22:30:43.203792,1789615843.204,1313
c2_c925_20260916_222958.mp4,2026-09-16T22:30:43.235975,1789615843.236,1314
c2_c925_20260916_222958.mp4,2026-09-16T22:30:43.272692,1789615843.273,1315
c2_c925_20260916_222958.mp4,2026-09-16T22:30:43.302418,1789615843.302,1316
c2_c925_20260916_222958.mp4,2026-09-16T22:30:43.334995,1789615843.335,1317
c2_c925_20260916_222958.mp4,2026-09-16T22:30:43.370927,1789615843.371,1318
c2_c925_20260916_222958.mp4,2026-09-16T22:30:43.400972,1789615843.401,1319
c2_c925_20260916_222958.mp4,2026-09-16T22:30:43.434234,1789615843.434,1320
c2_c925_20260916_222958.mp4,2026-09-16T22:30:43.471666,1789615843.472,1321
c2_c925_20260916_222958.mp4,2026-09-16T22:30:43.504084,1789615843.504,1322
c2_c925_20260916_222958.mp4,2026-09-16T22:30:43.533367,1789615843.533,1323
c2_c925_20260916_222958.mp4,2026-09-16T22:30:43.566929,1789615843.567,1324
c2_c925_20260916_222958.mp4,2026-09-16T22:30:43.598381,1789615843.598,1325
c2_c925_20260916_222958.mp4,2026-09-16T22:30:43.632575,1789615843.633,1326
c2_c925_20260916_222958.mp4,2026-09-16T22:30:43.670805,1789615843.671,1327
c2_c925_20260916_222958.mp4,2026-09-16T22:30:43.704920,1789615843.705,1328
c2_c925_20260916_222958.mp4,2026-09-16T22:30:43.737894,1789615843.738,1329
c2_c925_20260916_222958.mp4,2026-09-16T22:30:43.771694,1789615843.772,1330
c2_c925_20260916_222958.mp4,2026-09-16T22:30:43.802910,1789615843.803,1331
c2_c925_20260916_222958.mp4,2026-09-16T22:30:43.837858,1789615843.838,1332
c2_c925_20260916_222958.mp4,2026-09-16T22:30:43.873371,1789615843.873,1333
c2_c925_20260916_222958.mp4,2026-09-16T22:30:43.905298,1789615843.905,1334
c2_c925_20260916_222958.mp4,2026-09-16T22:30:43.935489,1789615843.936,1335
c2_c925_20260916_222958.mp4,2026-09-16T22:30:43.970112,1789615843.970,1336
c2_c925_20260916_222958.mp4,2026-09-16T22:30:44.000165,1789615844.000,1337
c2_c925_20260916_222958.mp4,2026-09-16T22:30:44.030702,1789615844.031,1338
c2_c925_20260916_222958.mp4,2026-09-16T22:30:44.069169,1789615844.069,1339
c2_c925_20260916_222958.mp4,2026-09-16T22:30:44.102693,1789615844.103,1340
c2_c925_20260916_222958.mp4,2026-09-16T22:30:44.133618,1789615844.134,1341
c2_c925_20260916_222958.mp4,2026-09-16T22:30:44.170593,1789615844.171,1342
c2_c925_20260916_222958.mp4,2026-09-16T22:30:44.203963,1789615844.204,1343
c2_c925_20260916_222958.mp4,2026-09-16T22:30:44.236430,1789615844.236,1344
c2_c925_20260916_222958.mp4,2026-09-16T22:30:44.275614,1789615844.276,1345
c2_c925_20260916_222958.mp4,2026-09-16T22:30:44.305371,1789615844.305,1346
c2_c925_20260916_222958.mp4,2026-09-16T22:30:44.335558,1789615844.336,1347
c2_c925_20260916_222958.mp4,2026-09-16T22:30:44.372624,1789615844.373,1348
c2_c925_20260916_222958.mp4,2026-09-16T22:30:44.405026,1789615844.405,1349
c2_c925_20260916_222958.mp4,2026-09-16T22:30:44.436520,1789615844.437,1350
c2_c925_20260916_222958.mp4,2026-09-16T22:30:44.472106,1789615844.472,1351
c2_c925_20260916_222958.mp4,2026-09-16T22:30:44.502512,1789615844.503,1352
c2_c925_20260916_222958.mp4,2026-09-16T22:30:44.536318,1789615844.536,1353
c2_c925_20260916_222958.mp4,2026-09-16T22:30:44.569550,1789615844.570,1354
c2_c925_20260916_222958.mp4,2026-09-16T22:30:44.598684,1789615844.599,1355
c2_c925_20260916_222958.mp4,2026-09-16T22:30:44.631466,1789615844.631,1356
c2_c925_20260916_222958.mp4,2026-09-16T22:30:44.669120,1789615844.669,1357
c2_c925_20260916_222958.mp4,2026-09-16T22:30:44.698862,1789615844.699,1358
c2_c925_20260916_222958.mp4,2026-09-16T22:30:44.737999,1789615844.738,1359
c2_c925_20260916_222958.mp4,2026-09-16T22:30:44.773331,1789615844.773,1360
c2_c925_20260916_222958.mp4,2026-09-16T22:30:44.805533,1789615844.806,1361
c2_c925_20260916_222958.mp4,2026-09-16T22:30:44.837260,1789615844.837,1362
c2_c925_20260916_222958.mp4,2026-09-16T22:30:44.872863,1789615844.873,1363
c2_c925_20260916_222958.mp4,2026-09-16T22:30:44.904414,1789615844.904,1364
c2_c925_20260916_222958.mp4,2026-09-16T22:30:44.936242,1789615844.936,1365
c2_c925_20260916_222958.mp4,2026-09-16T22:30:44.972139,1789615844.972,1366
c2_c925_20260916_222958.mp4,2026-09-16T22:30:45.004353,1789615845.004,1367
c2_c925_20260916_222958.mp4,2026-09-16T22:30:45.031938,1789615845.032,1368
c2_c925_20260916_222958.mp4,2026-09-16T22:30:45.072245,1789615845.072,1369
c2_c925_20260916_222958.mp4,2026-09-16T22:30:45.099448,1789615845.099,1370
c2_c925_20260916_222958.mp4,2026-09-16T22:30:45.132844,1789615845.133,1371
c2_c925_20260916_222958.mp4,2026-09-16T22:30:45.170623,1789615845.171,1372
c2_c925_20260916_222958.mp4,2026-09-16T22:30:45.201720,1789615845.202,1373
c2_c925_20260916_222958.mp4,2026-09-16T22:30:45.234657,1789615845.235,1374
c2_c925_20260916_222958.mp4,2026-09-16T22:30:45.270928,1789615845.271,1375
c2_c925_20260916_222958.mp4,2026-09-16T22:30:45.304395,1789615845.304,1376
c2_c925_20260916_222958.mp4,2026-09-16T22:30:45.334784,1789615845.335,1377
c2_c925_20260916_222958.mp4,2026-09-16T22:30:45.372199,1789615845.372,1378
c2_c925_20260916_222958.mp4,2026-09-16T22:30:45.405285,1789615845.405,1379
c2_c925_20260916_222958.mp4,2026-09-16T22:30:45.437229,1789615845.437,1380
c2_c925_20260916_222958.mp4,2026-09-16T22:30:45.469770,1789615845.470,1381
c2_c925_20260916_222958.mp4,2026-09-16T22:30:45.504568,1789615845.505,1382
c2_c925_20260916_222958.mp4,2026-09-16T22:30:45.534582,1789615845.535,1383
c2_c925_20260916_222958.mp4,2026-09-16T22:30:45.568597,1789615845.569,1384
c2_c925_20260916_222958.mp4,2026-09-16T22:30:45.598812,1789615845.599,1385
c2_c925_20260916_222958.mp4,2026-09-16T22:30:45.631331,1789615845.631,1386
c2_c925_20260916_222958.mp4,2026-09-16T22:30:45.669905,1789615845.670,1387
c2_c925_20260916_222958.mp4,2026-09-16T22:30:45.699290,1789615845.699,1388
c2_c925_20260916_222958.mp4,2026-09-16T22:30:45.737457,1789615845.737,1389
c2_c925_20260916_222958.mp4,2026-09-16T22:30:45.772876,1789615845.773,1390
c2_c925_20260916_222958.mp4,2026-09-16T22:30:45.802823,1789615845.803,1391
c2_c925_20260916_222958.mp4,2026-09-16T22:30:45.833106,1789615845.833,1392
c2_c925_20260916_222958.mp4,2026-09-16T22:30:45.868511,1789615845.869,1393
c2_c925_20260916_222958.mp4,2026-09-16T22:30:45.898690,1789615845.899,1394
c2_c925_20260916_222958.mp4,2026-09-16T22:30:45.936878,1789615845.937,1395
c2_c925_20260916_222958.mp4,2026-09-16T22:30:45.973347,1789615845.973,1396
c2_c925_20260916_222958.mp4,2026-09-16T22:30:46.002880,1789615846.003,1397
c2_c925_20260916_222958.mp4,2026-09-16T22:30:46.033176,1789615846.033,1398
c2_c925_20260916_222958.mp4,2026-09-16T22:30:46.068277,1789615846.068,1399
c2_c925_20260916_222958.mp4,2026-09-16T22:30:46.100016,1789615846.100,1400
c2_c925_20260916_222958.mp4,2026-09-16T22:30:46.133159,1789615846.133,1401
c2_c925_20260916_222958.mp4,2026-09-16T22:30:46.170427,1789615846.170,1402
c2_c925_20260916_222958.mp4,2026-09-16T22:30:46.204106,1789615846.204,1403
c2_c925_20260916_222958.mp4,2026-09-16T22:30:46.236088,1789615846.236,1404
c2_c925_20260916_222958.mp4,2026-09-16T22:30:46.271036,1789615846.271,1405
c2_c925_20260916_222958.mp4,2026-09-16T22:30:46.305491,1789615846.306,1406
c2_c925_20260916_222958.mp4,2026-09-16T22:30:46.336052,1789615846.336,1407
c2_c925_20260916_222958.mp4,2026-09-16T22:30:46.371547,1789615846.372,1408
c2_c925_20260916_222958.mp4,2026-09-16T22:30:46.404896,1789615846.405,1409
c2_c925_20260916_222958.mp4,2026-09-16T22:30:46.430347,1789615846.430,1410
c2_c925_20260916_222958.mp4,2026-09-16T22:30:46.471846,1789615846.472,1411
c2_c925_20260916_222958.mp4,2026-09-16T22:30:46.499882,1789615846.500,1412
c2_c925_20260916_222958.mp4,2026-09-16T22:30:46.531288,1789615846.531,1413
c2_c925_20260916_222958.mp4,2026-09-16T22:30:46.570662,1789615846.571,1414
c2_c925_20260916_222958.mp4,2026-09-16T22:30:46.600067,1789615846.600,1415
c2_c925_20260916_222958.mp4,2026-09-16T22:30:46.632875,1789615846.633,1416
c2_c925_20260916_222958.mp4,2026-09-16T22:30:46.670300,1789615846.670,1417
c2_c925_20260916_222958.mp4,2026-09-16T22:30:46.699217,1789615846.699,1418
c2_c925_20260916_222958.mp4,2026-09-16T22:30:46.730457,1789615846.730,1419
c2_c925_20260916_222958.mp4,2026-09-16T22:30:46.766313,1789615846.766,1420
c2_c925_20260916_222958.mp4,2026-09-16T22:30:46.798760,1789615846.799,1421
c2_c925_20260916_222958.mp4,2026-09-16T22:30:46.830420,1789615846.830,1422
c2_c925_20260916_222958.mp4,2026-09-16T22:30:46.873232,1789615846.873,1423
c2_c925_20260916_222958.mp4,2026-09-16T22:30:46.904861,1789615846.905,1424
c2_c925_20260916_222958.mp4,2026-09-16T22:30:46.936390,1789615846.936,1425
c2_c925_20260916_222958.mp4,2026-09-16T22:30:46.972549,1789615846.973,1426
c2_c925_20260916_222958.mp4,2026-09-16T22:30:47.001087,1789615847.001,1427
c2_c925_20260916_222958.mp4,2026-09-16T22:30:47.031170,1789615847.031,1428
c2_c925_20260916_222958.mp4,2026-09-16T22:30:47.066940,1789615847.067,1429
c2_c925_20260916_222958.mp4,2026-09-16T22:30:47.099301,1789615847.099,1430
c2_c925_20260916_222958.mp4,2026-09-16T22:30:47.136174,1789615847.136,1431
c2_c925_20260916_222958.mp4,2026-09-16T22:30:47.172614,1789615847.173,1432
c2_c925_20260916_222958.mp4,2026-09-16T22:30:47.204561,1789615847.205,1433
c2_c925_20260916_222958.mp4,2026-09-16T22:30:47.237513,1789615847.238,1434
c2_c925_20260916_222958.mp4,2026-09-16T22:30:47.272904,1789615847.273,1435
c2_c925_20260916_222958.mp4,2026-09-16T22:30:47.301127,1789615847.301,1436
c2_c925_20260916_222958.mp4,2026-09-16T22:30:47.330395,1789615847.330,1437
c2_c925_20260916_222958.mp4,2026-09-16T22:30:47.366396,1789615847.366,1438
c2_c925_20260916_222958.mp4,2026-09-16T22:30:47.398420,1789615847.398,1439
c2_c925_20260916_222958.mp4,2026-09-16T22:30:47.430354,1789615847.430,1440
c2_c925_20260916_222958.mp4,2026-09-16T22:30:47.472783,1789615847.473,1441
c2_c925_20260916_222958.mp4,2026-09-16T22:30:47.503263,1789615847.503,1442
c2_c925_20260916_222958.mp4,2026-09-16T22:30:47.534328,1789615847.534,1443
c2_c925_20260916_222958.mp4,2026-09-16T22:30:47.570088,1789615847.570,1444
c2_c925_20260916_222958.mp4,2026-09-16T22:30:47.602638,1789615847.603,1445
c2_c925_20260916_222958.mp4,2026-09-16T22:30:47.634802,1789615847.635,1446
c2_c925_20260916_222958.mp4,2026-09-16T22:30:47.671726,1789615847.672,1447
c2_c925_20260916_222958.mp4,2026-09-16T22:30:47.703022,1789615847.703,1448
c2_c925_20260916_222958.mp4,2026-09-16T22:30:47.732745,1789615847.733,1449
c2_c925_20260916_222958.mp4,2026-09-16T22:30:47.769228,1789615847.769,1450
c2_c925_20260916_222958.mp4,2026-09-16T22:30:47.800984,1789615847.801,1451
c2_c925_20260916_222958.mp4,2026-09-16T22:30:47.837904,1789615847.838,1452
c2_c925_20260916_222958.mp4,2026-09-16T22:30:47.868077,1789615847.868,1453
c2_c925_20260916_222958.mp4,2026-09-16T22:30:47.904839,1789615847.905,1454
c2_c925_20260916_222958.mp4,2026-09-16T22:30:47.931713,1789615847.932,1455
c2_c925_20260916_222958.mp4,2026-09-16T22:30:47.972266,1789615847.972,1456
c2_c925_20260916_222958.mp4,2026-09-16T22:30:48.003228,1789615848.003,1457
c2_c925_20260916_222958.mp4,2026-09-16T22:30:48.034943,1789615848.035,1458
c2_c925_20260916_222958.mp4,2026-09-16T22:30:48.070167,1789615848.070,1459
c2_c925_20260916_222958.mp4,2026-09-16T22:30:48.102877,1789615848.103,1460
c2_c925_20260916_222958.mp4,2026-09-16T22:30:48.136044,1789615848.136,1461
c2_c925_20260916_222958.mp4,2026-09-16T22:30:48.172007,1789615848.172,1462
c2_c925_20260916_222958.mp4,2026-09-16T22:30:48.205572,1789615848.206,1463
c2_c925_20260916_222958.mp4,2026-09-16T22:30:48.237623,1789615848.238,1464
c2_c925_20260916_222958.mp4,2026-09-16T22:30:48.269078,1789615848.269,1465
c2_c925_20260916_222958.mp4,2026-09-16T22:30:48.300205,1789615848.300,1466
c2_c925_20260916_222958.mp4,2026-09-16T22:30:48.333900,1789615848.334,1467
c2_c925_20260916_222958.mp4,2026-09-16T22:30:48.368879,1789615848.369,1468
c2_c925_20260916_222958.mp4,2026-09-16T22:30:48.404781,1789615848.405,1469
c2_c925_20260916_222958.mp4,2026-09-16T22:30:48.435656,1789615848.436,1470
c2_c925_20260916_222958.mp4,2026-09-16T22:30:48.470749,1789615848.471,1471
c2_c925_20260916_222958.mp4,2026-09-16T22:30:48.502626,1789615848.503,1472
c2_c925_20260916_222958.mp4,2026-09-16T22:30:48.534557,1789615848.535,1473
c2_c925_20260916_222958.mp4,2026-09-16T22:30:48.570576,1789615848.571,1474
c2_c925_20260916_222958.mp4,2026-09-16T22:30:48.603730,1789615848.604,1475
c2_c925_20260916_222958.mp4,2026-09-16T22:30:48.635965,1789615848.636,1476
c2_c925_20260916_222958.mp4,2026-09-16T22:30:48.672076,1789615848.672,1477
c2_c925_20260916_222958.mp4,2026-09-16T22:30:48.705372,1789615848.705,1478
c2_c925_20260916_222958.mp4,2026-09-16T22:30:48.737605,1789615848.738,1479
c2_c925_20260916_222958.mp4,2026-09-16T22:30:48.773844,1789615848.774,1480
c2_c925_20260916_222958.mp4,2026-09-16T22:30:48.804706,1789615848.805,1481
c2_c925_20260916_222958.mp4,2026-09-16T22:30:48.837323,1789615848.837,1482
c2_c925_20260916_222958.mp4,2026-09-16T22:30:48.871177,1789615848.871,1483
c2_c925_20260916_222958.mp4,2026-09-16T22:30:48.898997,1789615848.899,1484
c2_c925_20260916_222958.mp4,2026-09-16T22:30:48.930543,1789615848.931,1485
c2_c925_20260916_222958.mp4,2026-09-16T22:30:48.968655,1789615848.969,1486
c2_c925_20260916_222958.mp4,2026-09-16T22:30:49.002568,1789615849.003,1487
c2_c925_20260916_222958.mp4,2026-09-16T22:30:49.034554,1789615849.035,1488
c2_c925_20260916_222958.mp4,2026-09-16T22:30:49.070794,1789615849.071,1489
c2_c925_20260916_222958.mp4,2026-09-16T22:30:49.104029,1789615849.104,1490
c2_c925_20260916_222958.mp4,2026-09-16T22:30:49.135058,1789615849.135,1491
c2_c925_20260916_222958.mp4,2026-09-16T22:30:49.172015,1789615849.172,1492
c2_c925_20260916_222958.mp4,2026-09-16T22:30:49.204468,1789615849.204,1493
c2_c925_20260916_222958.mp4,2026-09-16T22:30:49.236847,1789615849.237,1494
c2_c925_20260916_222958.mp4,2026-09-16T22:30:49.273266,1789615849.273,1495
c2_c925_20260916_222958.mp4,2026-09-16T22:30:49.304969,1789615849.305,1496
c2_c925_20260916_222958.mp4,2026-09-16T22:30:49.335275,1789615849.335,1497
c2_c925_20260916_222958.mp4,2026-09-16T22:30:49.371635,1789615849.372,1498
c2_c925_20260916_222958.mp4,2026-09-16T22:30:49.401589,1789615849.402,1499
c2_c925_20260916_222958.mp4,2026-09-16T22:30:49.432665,1789615849.433,1500
c2_c925_20260916_222958.mp4,2026-09-16T22:30:49.467194,1789615849.467,1501
c2_c925_20260916_222958.mp4,2026-09-16T22:30:49.500025,1789615849.500,1502
c2_c925_20260916_222958.mp4,2026-09-16T22:30:49.533794,1789615849.534,1503
c2_c925_20260916_222958.mp4,2026-09-16T22:30:49.570172,1789615849.570,1504
c2_c925_20260916_222958.mp4,2026-09-16T22:30:49.604022,1789615849.604,1505
c2_c925_20260916_222958.mp4,2026-09-16T22:30:49.636872,1789615849.637,1506
c2_c925_20260916_222958.mp4,2026-09-16T22:30:49.672910,1789615849.673,1507
c2_c925_20260916_222958.mp4,2026-09-16T22:30:49.704700,1789615849.705,1508
c2_c925_20260916_222958.mp4,2026-09-16T22:30:49.737030,1789615849.737,1509
c2_c925_20260916_222958.mp4,2026-09-16T22:30:49.772714,1789615849.773,1510
c2_c925_20260916_222958.mp4,2026-09-16T22:30:49.806709,1789615849.807,1511
c2_c925_20260916_222958.mp4,2026-09-16T22:30:49.836161,1789615849.836,1512
c2_c925_20260916_222958.mp4,2026-09-16T22:30:49.873326,1789615849.873,1513
c2_c925_20260916_222958.mp4,2026-09-16T22:30:49.901842,1789615849.902,1514
c2_c925_20260916_222958.mp4,2026-09-16T22:30:49.932639,1789615849.933,1515
c2_c925_20260916_222958.mp4,2026-09-16T22:30:49.968486,1789615849.968,1516
c2_c925_20260916_222958.mp4,2026-09-16T22:30:49.999085,1789615849.999,1517
c2_c925_20260916_222958.mp4,2026-09-16T22:30:50.032468,1789615850.032,1518
c2_c925_20260916_222958.mp4,2026-09-16T22:30:50.067608,1789615850.068,1519
c2_c925_20260916_222958.mp4,2026-09-16T22:30:50.102670,1789615850.103,1520
c2_c925_20260916_222958.mp4,2026-09-16T22:30:50.131852,1789615850.132,1521
c2_c925_20260916_222958.mp4,2026-09-16T22:30:50.170642,1789615850.171,1522
c2_c925_20260916_222958.mp4,2026-09-16T22:30:50.205876,1789615850.206,1523
c2_c925_20260916_222958.mp4,2026-09-16T22:30:50.236891,1789615850.237,1524
c2_c925_20260916_222958.mp4,2026-09-16T22:30:50.272030,1789615850.272,1525
c2_c925_20260916_222958.mp4,2026-09-16T22:30:50.304733,1789615850.305,1526
c2_c925_20260916_222958.mp4,2026-09-16T22:30:50.331293,1789615850.331,1527
c2_c925_20260916_222958.mp4,2026-09-16T22:30:50.369291,1789615850.369,1528
c2_c925_20260916_222958.mp4,2026-09-16T22:30:50.400871,1789615850.401,1529
c2_c925_20260916_222958.mp4,2026-09-16T22:30:50.432646,1789615850.433,1530
c2_c925_20260916_222958.mp4,2026-09-16T22:30:50.468622,1789615850.469,1531
c2_c925_20260916_222958.mp4,2026-09-16T22:30:50.499114,1789615850.499,1532
c2_c925_20260916_222958.mp4,2026-09-16T22:30:50.534401,1789615850.534,1533
c2_c925_20260916_222958.mp4,2026-09-16T22:30:50.570361,1789615850.570,1534
c2_c925_20260916_222958.mp4,2026-09-16T22:30:50.603869,1789615850.604,1535
c2_c925_20260916_222958.mp4,2026-09-16T22:30:50.635967,1789615850.636,1536
c2_c925_20260916_222958.mp4,2026-09-16T22:30:50.672162,1789615850.672,1537
c2_c925_20260916_222958.mp4,2026-09-16T22:30:50.702804,1789615850.703,1538
c2_c925_20260916_222958.mp4,2026-09-16T22:30:50.733232,1789615850.733,1539
c2_c925_20260916_222958.mp4,2026-09-16T22:30:50.769524,1789615850.770,1540
c2_c925_20260916_222958.mp4,2026-09-16T22:30:50.802340,1789615850.802,1541
c2_c925_20260916_222958.mp4,2026-09-16T22:30:50.836663,1789615850.837,1542
c2_c925_20260916_222958.mp4,2026-09-16T22:30:50.871632,1789615850.872,1543
c2_c925_20260916_222958.mp4,2026-09-16T22:30:50.900410,1789615850.900,1544
c2_c925_20260916_222958.mp4,2026-09-16T22:30:50.931083,1789615850.931,1545
c2_c925_20260916_222958.mp4,2026-09-16T22:30:50.967715,1789615850.968,1546
c2_c925_20260916_222958.mp4,2026-09-16T22:30:50.999301,1789615850.999,1547
c2_c925_20260916_222958.mp4,2026-09-16T22:30:51.035517,1789615851.036,1548
c2_c925_20260916_222958.mp4,2026-09-16T22:30:51.070670,1789615851.071,1549
c2_c925_20260916_222958.mp4,2026-09-16T22:30:51.103960,1789615851.104,1550
c2_c925_20260916_222958.mp4,2026-09-16T22:30:51.137354,1789615851.137,1551
c2_c925_20260916_222958.mp4,2026-09-16T22:30:51.171480,1789615851.171,1552
c2_c925_20260916_222958.mp4,2026-09-16T22:30:51.204710,1789615851.205,1553
c2_c925_20260916_222958.mp4,2026-09-16T22:30:51.236869,1789615851.237,1554
c2_c925_20260916_222958.mp4,2026-09-16T22:30:51.272691,1789615851.273,1555
c2_c925_20260916_222958.mp4,2026-09-16T22:30:51.303307,1789615851.303,1556
c2_c925_20260916_222958.mp4,2026-09-16T22:30:51.334371,1789615851.334,1557
c2_c925_20260916_222958.mp4,2026-09-16T22:30:51.366995,1789615851.367,1558
c2_c925_20260916_222958.mp4,2026-09-16T22:30:51.399386,1789615851.399,1559
c2_c925_20260916_222958.mp4,2026-09-16T22:30:51.435267,1789615851.435,1560
c2_c925_20260916_222958.mp4,2026-09-16T22:30:51.469784,1789615851.470,1561
c2_c925_20260916_222958.mp4,2026-09-16T22:30:51.502251,1789615851.502,1562
c2_c925_20260916_222958.mp4,2026-09-16T22:30:51.534284,1789615851.534,1563
c2_c925_20260916_222958.mp4,2026-09-16T22:30:51.571742,1789615851.572,1564
c2_c925_20260916_222958.mp4,2026-09-16T22:30:51.604022,1789615851.604,1565
c2_c925_20260916_222958.mp4,2026-09-16T22:30:51.636113,1789615851.636,1566
c2_c925_20260916_222958.mp4,2026-09-16T22:30:51.672404,1789615851.672,1567
c2_c925_20260916_222958.mp4,2026-09-16T22:30:51.706002,1789615851.706,1568
c2_c925_20260916_222958.mp4,2026-09-16T22:30:51.735482,1789615851.736,1569
c2_c925_20260916_222958.mp4,2026-09-16T22:30:51.773934,1789615851.774,1570
c2_c925_20260916_222958.mp4,2026-09-16T22:30:51.804514,1789615851.805,1571
c2_c925_20260916_222958.mp4,2026-09-16T22:30:51.836113,1789615851.836,1572
c2_c925_20260916_222958.mp4,2026-09-16T22:30:51.873224,1789615851.873,1573
c2_c925_20260916_222958.mp4,2026-09-16T22:30:51.903615,1789615851.904,1574
c2_c925_20260916_222958.mp4,2026-09-16T22:30:51.936298,1789615851.936,1575
c2_c925_20260916_222958.mp4,2026-09-16T22:30:51.968583,1789615851.969,1576
c2_c925_20260916_222958.mp4,2026-09-16T22:30:52.000423,1789615852.000,1577
c2_c925_20260916_222958.mp4,2026-09-16T22:30:52.033065,1789615852.033,1578
c2_c925_20260916_222958.mp4,2026-09-16T22:30:52.070587,1789615852.071,1579
c2_c925_20260916_222958.mp4,2026-09-16T22:30:52.104780,1789615852.105,1580
c2_c925_20260916_222958.mp4,2026-09-16T22:30:52.137259,1789615852.137,1581
c2_c925_20260916_222958.mp4,2026-09-16T22:30:52.172398,1789615852.172,1582
c2_c925_20260916_222958.mp4,2026-09-16T22:30:52.204268,1789615852.204,1583
c2_c925_20260916_222958.mp4,2026-09-16T22:30:52.236973,1789615852.237,1584
c2_c925_20260916_222958.mp4,2026-09-16T22:30:52.272432,1789615852.272,1585
c2_c925_20260916_222958.mp4,2026-09-16T22:30:52.304787,1789615852.305,1586
c2_c925_20260916_222958.mp4,2026-09-16T22:30:52.337107,1789615852.337,1587
c2_c925_20260916_222958.mp4,2026-09-16T22:30:52.372316,1789615852.372,1588
c2_c925_20260916_222958.mp4,2026-09-16T22:30:52.398302,1789615852.398,1589
c2_c925_20260916_222958.mp4,2026-09-16T22:30:52.433492,1789615852.434,1590
c2_c925_20260916_222958.mp4,2026-09-16T22:30:52.469303,1789615852.469,1591
c2_c925_20260916_222958.mp4,2026-09-16T22:30:52.499045,1789615852.499,1592
c2_c925_20260916_222958.mp4,2026-09-16T22:30:52.530294,1789615852.530,1593
c2_c925_20260916_222958.mp4,2026-09-16T22:30:52.566278,1789615852.566,1594
c2_c925_20260916_222958.mp4,2026-09-16T22:30:52.598447,1789615852.598,1595
c2_c925_20260916_222958.mp4,2026-09-16T22:30:52.630839,1789615852.631,1596
c2_c925_20260916_222958.mp4,2026-09-16T22:30:52.672804,1789615852.673,1597
c2_c925_20260916_222958.mp4,2026-09-16T22:30:52.704966,1789615852.705,1598
c2_c925_20260916_222958.mp4,2026-09-16T22:30:52.736536,1789615852.737,1599
c2_c925_20260916_222958.mp4,2026-09-16T22:30:52.774132,1789615852.774,1600
c2_c925_20260916_222958.mp4,2026-09-16T22:30:52.805461,1789615852.805,1601
c2_c925_20260916_222958.mp4,2026-09-16T22:30:52.835309,1789615852.835,1602
c2_c925_20260916_222958.mp4,2026-09-16T22:30:52.870122,1789615852.870,1603
c2_c925_20260916_222958.mp4,2026-09-16T22:30:52.900504,1789615852.901,1604
c2_c925_20260916_222958.mp4,2026-09-16T22:30:52.934182,1789615852.934,1605
c2_c925_20260916_222958.mp4,2026-09-16T22:30:52.968932,1789615852.969,1606
c2_c925_20260916_222958.mp4,2026-09-16T22:30:53.002676,1789615853.003,1607
c2_c925_20260916_222958.mp4,2026-09-16T22:30:53.036745,1789615853.037,1608
c2_c925_20260916_222958.mp4,2026-09-16T22:30:53.071987,1789615853.072,1609
c2_c925_20260916_222958.mp4,2026-09-16T22:30:53.103673,1789615853.104,1610
c2_c925_20260916_222958.mp4,2026-09-16T22:30:53.134957,1789615853.135,1611
c2_c925_20260916_222958.mp4,2026-09-16T22:30:53.168006,1789615853.168,1612
c2_c925_20260916_222958.mp4,2026-09-16T22:30:53.200057,1789615853.200,1613
c2_c925_20260916_222958.mp4,2026-09-16T22:30:53.237914,1789615853.238,1614
c2_c925_20260916_222958.mp4,2026-09-16T22:30:53.273530,1789615853.274,1615
c2_c925_20260916_222958.mp4,2026-09-16T22:30:53.305245,1789615853.305,1616
c2_c925_20260916_222958.mp4,2026-09-16T22:30:53.336870,1789615853.337,1617
c2_c925_20260916_222958.mp4,2026-09-16T22:30:53.371560,1789615853.372,1618
c2_c925_20260916_222958.mp4,2026-09-16T22:30:53.403216,1789615853.403,1619
c2_c925_20260916_222958.mp4,2026-09-16T22:30:53.430835,1789615853.431,1620
c2_c925_20260916_222958.mp4,2026-09-16T22:30:53.467337,1789615853.467,1621
c2_c925_20260916_222958.mp4,2026-09-16T22:30:53.503234,1789615853.503,1622
c2_c925_20260916_222958.mp4,2026-09-16T22:30:53.536978,1789615853.537,1623
c2_c925_20260916_222958.mp4,2026-09-16T22:30:53.570255,1789615853.570,1624
c2_c925_20260916_222958.mp4,2026-09-16T22:30:53.604861,1789615853.605,1625
c2_c925_20260916_222958.mp4,2026-09-16T22:30:53.634942,1789615853.635,1626
c2_c925_20260916_222958.mp4,2026-09-16T22:30:53.671998,1789615853.672,1627
c2_c925_20260916_222958.mp4,2026-09-16T22:30:53.704828,1789615853.705,1628
c2_c925_20260916_222958.mp4,2026-09-16T22:30:53.730571,1789615853.731,1629
c2_c925_20260916_222958.mp4,2026-09-16T22:30:53.768922,1789615853.769,1630
c2_c925_20260916_222958.mp4,2026-09-16T22:30:53.798925,1789615853.799,1631
c2_c925_20260916_222958.mp4,2026-09-16T22:30:53.836480,1789615853.836,1632
c2_c925_20260916_222958.mp4,2026-09-16T22:30:53.872435,1789615853.872,1633
c2_c925_20260916_222958.mp4,2026-09-16T22:30:53.903337,1789615853.903,1634
c2_c925_20260916_222958.mp4,2026-09-16T22:30:53.934239,1789615853.934,1635
c2_c925_20260916_222958.mp4,2026-09-16T22:30:53.969510,1789615853.970,1636
c2_c925_20260916_222958.mp4,2026-09-16T22:30:54.003539,1789615854.004,1637
c2_c925_20260916_222958.mp4,2026-09-16T22:30:54.036029,1789615854.036,1638
c2_c925_20260916_222958.mp4,2026-09-16T22:30:54.071431,1789615854.071,1639
c2_c925_20260916_222958.mp4,2026-09-16T22:30:54.103066,1789615854.103,1640
c2_c925_20260916_222958.mp4,2026-09-16T22:30:54.130238,1789615854.130,1641
c2_c925_20260916_222958.mp4,2026-09-16T22:30:54.168263,1789615854.168,1642
c2_c925_20260916_222958.mp4,2026-09-16T22:30:54.203362,1789615854.203,1643
c2_c925_20260916_222958.mp4,2026-09-16T22:30:54.236740,1789615854.237,1644
c2_c925_20260916_222958.mp4,2026-09-16T22:30:54.271983,1789615854.272,1645
c2_c925_20260916_222958.mp4,2026-09-16T22:30:54.303963,1789615854.304,1646
c2_c925_20260916_222958.mp4,2026-09-16T22:30:54.334343,1789615854.334,1647
c2_c925_20260916_222958.mp4,2026-09-16T22:30:54.368825,1789615854.369,1648
c2_c925_20260916_222958.mp4,2026-09-16T22:30:54.402869,1789615854.403,1649
c2_c925_20260916_222958.mp4,2026-09-16T22:30:54.431069,1789615854.431,1650
c2_c925_20260916_222958.mp4,2026-09-16T22:30:54.470232,1789615854.470,1651
c2_c925_20260916_222958.mp4,2026-09-16T22:30:54.502496,1789615854.503,1652
c2_c925_20260916_222958.mp4,2026-09-16T22:30:54.535956,1789615854.536,1653
c2_c925_20260916_222958.mp4,2026-09-16T22:30:54.572006,1789615854.572,1654
c2_c925_20260916_222958.mp4,2026-09-16T22:30:54.604900,1789615854.605,1655
c2_c925_20260916_222958.mp4,2026-09-16T22:30:54.637280,1789615854.637,1656
c2_c925_20260916_222958.mp4,2026-09-16T22:30:54.671254,1789615854.671,1657
c2_c925_20260916_222958.mp4,2026-09-16T22:30:54.704915,1789615854.705,1658
c2_c925_20260916_222958.mp4,2026-09-16T22:30:54.737236,1789615854.737,1659
c2_c925_20260916_222958.mp4,2026-09-16T22:30:54.771388,1789615854.771,1660
c2_c925_20260916_222958.mp4,2026-09-16T22:30:54.803935,1789615854.804,1661
c2_c925_20260916_222958.mp4,2026-09-16T22:30:54.836167,1789615854.836,1662
c2_c925_20260916_222958.mp4,2026-09-16T22:30:54.871415,1789615854.871,1663
c2_c925_20260916_222958.mp4,2026-09-16T22:30:54.902318,1789615854.902,1664
c2_c925_20260916_222958.mp4,2026-09-16T22:30:54.933863,1789615854.934,1665
c2_c925_20260916_222958.mp4,2026-09-16T22:30:54.967727,1789615854.968,1666
c2_c925_20260916_222958.mp4,2026-09-16T22:30:55.001585,1789615855.002,1667
c2_c925_20260916_222958.mp4,2026-09-16T22:30:55.033476,1789615855.033,1668
c2_c925_20260916_222958.mp4,2026-09-16T22:30:55.071289,1789615855.071,1669
c2_c925_20260916_222958.mp4,2026-09-16T22:30:55.102838,1789615855.103,1670
c2_c925_20260916_222958.mp4,2026-09-16T22:30:55.136909,1789615855.137,1671
c2_c925_20260916_222958.mp4,2026-09-16T22:30:55.172404,1789615855.172,1672
c2_c925_20260916_222958.mp4,2026-09-16T22:30:55.203865,1789615855.204,1673
c2_c925_20260916_222958.mp4,2026-09-16T22:30:55.235585,1789615855.236,1674
c2_c925_20260916_222958.mp4,2026-09-16T22:30:55.272286,1789615855.272,1675
c2_c925_20260916_222958.mp4,2026-09-16T22:30:55.304481,1789615855.304,1676
c2_c925_20260916_222958.mp4,2026-09-16T22:30:55.336836,1789615855.337,1677
c2_c925_20260916_222958.mp4,2026-09-16T22:30:55.369742,1789615855.370,1678
c2_c925_20260916_222958.mp4,2026-09-16T22:30:55.400542,1789615855.401,1679
c2_c925_20260916_222958.mp4,2026-09-16T22:30:55.431237,1789615855.431,1680
c2_c925_20260916_222958.mp4,2026-09-16T22:30:55.466611,1789615855.467,1681
c2_c925_20260916_222958.mp4,2026-09-16T22:30:55.500139,1789615855.500,1682
c2_c925_20260916_222958.mp4,2026-09-16T22:30:55.536102,1789615855.536,1683
c2_c925_20260916_222958.mp4,2026-09-16T22:30:55.570903,1789615855.571,1684
c2_c925_20260916_222958.mp4,2026-09-16T22:30:55.599378,1789615855.599,1685
c2_c925_20260916_222958.mp4,2026-09-16T22:30:55.632881,1789615855.633,1686
c2_c925_20260916_222958.mp4,2026-09-16T22:30:55.668919,1789615855.669,1687
c2_c925_20260916_222958.mp4,2026-09-16T22:30:55.704323,1789615855.704,1688
c2_c925_20260916_222958.mp4,2026-09-16T22:30:55.737656,1789615855.738,1689
c2_c925_20260916_222958.mp4,2026-09-16T22:30:55.774551,1789615855.775,1690
c2_c925_20260916_222958.mp4,2026-09-16T22:30:55.805052,1789615855.805,1691
c2_c925_20260916_222958.mp4,2026-09-16T22:30:55.835311,1789615855.835,1692
c2_c925_20260916_222958.mp4,2026-09-16T22:30:55.870002,1789615855.870,1693
c2_c925_20260916_222958.mp4,2026-09-16T22:30:55.899898,1789615855.900,1694
c2_c925_20260916_222958.mp4,2026-09-16T22:30:55.930939,1789615855.931,1695
c2_c925_20260916_222958.mp4,2026-09-16T22:30:55.967779,1789615855.968,1696
c2_c925_20260916_222958.mp4,2026-09-16T22:30:56.002722,1789615856.003,1697
c2_c925_20260916_222958.mp4,2026-09-16T22:30:56.035955,1789615856.036,1698
c2_c925_20260916_222958.mp4,2026-09-16T22:30:56.071963,1789615856.072,1699
c2_c925_20260916_222958.mp4,2026-09-16T22:30:56.104415,1789615856.104,1700
c2_c925_20260916_222958.mp4,2026-09-16T22:30:56.137358,1789615856.137,1701
c2_c925_20260916_222958.mp4,2026-09-16T22:30:56.171581,1789615856.172,1702
c2_c925_20260916_222958.mp4,2026-09-16T22:30:56.203309,1789615856.203,1703
c2_c925_20260916_222958.mp4,2026-09-16T22:30:56.236704,1789615856.237,1704
c2_c925_20260916_222958.mp4,2026-09-16T22:30:56.269866,1789615856.270,1705
c2_c925_20260916_222958.mp4,2026-09-16T22:30:56.299003,1789615856.299,1706
c2_c925_20260916_222958.mp4,2026-09-16T22:30:56.333759,1789615856.334,1707
c2_c925_20260916_222958.mp4,2026-09-16T22:30:56.371353,1789615856.371,1708
c2_c925_20260916_222958.mp4,2026-09-16T22:30:56.400857,1789615856.401,1709
c2_c925_20260916_222958.mp4,2026-09-16T22:30:56.433040,1789615856.433,1710
c2_c925_20260916_222958.mp4,2026-09-16T22:30:56.469331,1789615856.469,1711
c2_c925_20260916_222958.mp4,2026-09-16T22:30:56.502453,1789615856.502,1712
c2_c925_20260916_222958.mp4,2026-09-16T22:30:56.536008,1789615856.536,1713
c2_c925_20260916_222958.mp4,2026-09-16T22:30:56.572057,1789615856.572,1714
c2_c925_20260916_222958.mp4,2026-09-16T22:30:56.604400,1789615856.604,1715
c2_c925_20260916_222958.mp4,2026-09-16T22:30:56.637261,1789615856.637,1716
c2_c925_20260916_222958.mp4,2026-09-16T22:30:56.671317,1789615856.671,1717
c2_c925_20260916_222958.mp4,2026-09-16T22:30:56.704380,1789615856.704,1718
c2_c925_20260916_222958.mp4,2026-09-16T22:30:56.736459,1789615856.736,1719
c2_c925_20260916_222958.mp4,2026-09-16T22:30:56.771495,1789615856.772,1720
c2_c925_20260916_222958.mp4,2026-09-16T22:30:56.802411,1789615856.802,1721
c2_c925_20260916_222958.mp4,2026-09-16T22:30:56.830473,1789615856.830,1722
c2_c925_20260916_222958.mp4,2026-09-16T22:30:56.867888,1789615856.868,1723
c2_c925_20260916_222958.mp4,2026-09-16T22:30:56.902540,1789615856.903,1724
c2_c925_20260916_222958.mp4,2026-09-16T22:30:56.934397,1789615856.934,1725
c2_c925_20260916_222958.mp4,2026-09-16T22:30:56.970051,1789615856.970,1726
c2_c925_20260916_222958.mp4,2026-09-16T22:30:57.002112,1789615857.002,1727
c2_c925_20260916_222958.mp4,2026-09-16T22:30:57.036040,1789615857.036,1728
c2_c925_20260916_222958.mp4,2026-09-16T22:30:57.072006,1789615857.072,1729
c2_c925_20260916_222958.mp4,2026-09-16T22:30:57.104145,1789615857.104,1730
c2_c925_20260916_222958.mp4,2026-09-16T22:30:57.133361,1789615857.133,1731
c2_c925_20260916_222958.mp4,2026-09-16T22:30:57.172360,1789615857.172,1732
c2_c925_20260916_222958.mp4,2026-09-16T22:30:57.205083,1789615857.205,1733
c2_c925_20260916_222958.mp4,2026-09-16T22:30:57.235591,1789615857.236,1734
c2_c925_20260916_222958.mp4,2026-09-16T22:30:57.272784,1789615857.273,1735
c2_c925_20260916_222958.mp4,2026-09-16T22:30:57.304078,1789615857.304,1736
c2_c925_20260916_222958.mp4,2026-09-16T22:30:57.335229,1789615857.335,1737
c2_c925_20260916_222958.mp4,2026-09-16T22:30:57.371057,1789615857.371,1738
c2_c925_20260916_222958.mp4,2026-09-16T22:30:57.402037,1789615857.402,1739
c2_c925_20260916_222958.mp4,2026-09-16T22:30:57.431305,1789615857.431,1740
c2_c925_20260916_222958.mp4,2026-09-16T22:30:57.466701,1789615857.467,1741
c2_c925_20260916_222958.mp4,2026-09-16T22:30:57.498367,1789615857.498,1742
c2_c925_20260916_222958.mp4,2026-09-16T22:30:57.535852,1789615857.536,1743
c2_c925_20260916_222958.mp4,2026-09-16T22:30:57.571256,1789615857.571,1744
c2_c925_20260916_222958.mp4,2026-09-16T22:30:57.604757,1789615857.605,1745
c2_c925_20260916_222958.mp4,2026-09-16T22:30:57.635001,1789615857.635,1746
c2_c925_20260916_222958.mp4,2026-09-16T22:30:57.671244,1789615857.671,1747
c2_c925_20260916_222958.mp4,2026-09-16T22:30:57.701910,1789615857.702,1748
c2_c925_20260916_222958.mp4,2026-09-16T22:30:57.737634,1789615857.738,1749
c2_c925_20260916_222958.mp4,2026-09-16T22:30:57.773574,1789615857.774,1750
c2_c925_20260916_222958.mp4,2026-09-16T22:30:57.801544,1789615857.802,1751
c2_c925_20260916_222958.mp4,2026-09-16T22:30:57.832863,1789615857.833,1752
c2_c925_20260916_222958.mp4,2026-09-16T22:30:57.872631,1789615857.873,1753
c2_c925_20260916_222958.mp4,2026-09-16T22:30:57.898878,1789615857.899,1754
c2_c925_20260916_222958.mp4,2026-09-16T22:30:57.931675,1789615857.932,1755
c2_c925_20260916_222958.mp4,2026-09-16T22:30:57.972043,1789615857.972,1756
c2_c925_20260916_222958.mp4,2026-09-16T22:30:58.001548,1789615858.002,1757
c2_c925_20260916_222958.mp4,2026-09-16T22:30:58.037235,1789615858.037,1758
c2_c925_20260916_222958.mp4,2026-09-16T22:30:58.068991,1789615858.069,1759
c2_c925_20260916_222958.mp4,2026-09-16T22:30:58.099279,1789615858.099,1760
c2_c925_20260916_222958.mp4,2026-09-16T22:30:58.136577,1789615858.137,1761
c2_c925_20260916_222958.mp4,2026-09-16T22:30:58.172185,1789615858.172,1762
c2_c925_20260916_222958.mp4,2026-09-16T22:30:58.204597,1789615858.205,1763
c2_c925_20260916_222958.mp4,2026-09-16T22:30:58.236463,1789615858.236,1764
c2_c925_20260916_222958.mp4,2026-09-16T22:30:58.272650,1789615858.273,1765
c2_c925_20260916_222958.mp4,2026-09-16T22:30:58.303584,1789615858.304,1766
c2_c925_20260916_222958.mp4,2026-09-16T22:30:58.334712,1789615858.335,1767
c2_c925_20260916_222958.mp4,2026-09-16T22:30:58.370924,1789615858.371,1768
c2_c925_20260916_222958.mp4,2026-09-16T22:30:58.402566,1789615858.403,1769
c2_c925_20260916_222958.mp4,2026-09-16T22:30:58.434639,1789615858.435,1770
c2_c925_20260916_222958.mp4,2026-09-16T22:30:58.469261,1789615858.469,1771
c2_c925_20260916_222958.mp4,2026-09-16T22:30:58.501458,1789615858.501,1772
c2_c925_20260916_222958.mp4,2026-09-16T22:30:58.535568,1789615858.536,1773
c2_c925_20260916_222958.mp4,2026-09-16T22:30:58.572628,1789615858.573,1774
c2_c925_20260916_222958.mp4,2026-09-16T22:30:58.605825,1789615858.606,1775
c2_c925_20260916_222958.mp4,2026-09-16T22:30:58.631940,1789615858.632,1776
c2_c925_20260916_222958.mp4,2026-09-16T22:30:58.670042,1789615858.670,1777
c2_c925_20260916_222958.mp4,2026-09-16T22:30:58.700596,1789615858.701,1778
c2_c925_20260916_222958.mp4,2026-09-16T22:30:58.734690,1789615858.735,1779
c2_c925_20260916_222958.mp4,2026-09-16T22:30:58.772859,1789615858.773,1780
c2_c925_20260916_222958.mp4,2026-09-16T22:30:58.799322,1789615858.799,1781
c2_c925_20260916_222958.mp4,2026-09-16T22:30:58.834592,1789615858.835,1782
c2_c925_20260916_222958.mp4,2026-09-16T22:30:58.869277,1789615858.869,1783
c2_c925_20260916_222958.mp4,2026-09-16T22:30:58.901437,1789615858.901,1784
c2_c925_20260916_222958.mp4,2026-09-16T22:30:58.933418,1789615858.933,1785
c2_c925_20260916_222958.mp4,2026-09-16T22:30:58.967119,1789615858.967,1786
c2_c925_20260916_222958.mp4,2026-09-16T22:30:59.001720,1789615859.002,1787
c2_c925_20260916_222958.mp4,2026-09-16T22:30:59.032773,1789615859.033,1788
c2_c925_20260916_222958.mp4,2026-09-16T22:30:59.070764,1789615859.071,1789
c2_c925_20260916_222958.mp4,2026-09-16T22:30:59.103884,1789615859.104,1790
c2_c925_20260916_222958.mp4,2026-09-16T22:30:59.135120,1789615859.135,1791
c2_c925_20260916_222958.mp4,2026-09-16T22:30:59.172330,1789615859.172,1792
c2_c925_20260916_222958.mp4,2026-09-16T22:30:59.204960,1789615859.205,1793
c2_c925_20260916_222958.mp4,2026-09-16T22:30:59.235047,1789615859.235,1794
c2_c925_20260916_222958.mp4,2026-09-16T22:30:59.266259,1789615859.266,1795
c2_c925_20260916_222958.mp4,2026-09-16T22:30:59.298495,1789615859.299,1796
c2_c925_20260916_222958.mp4,2026-09-16T22:30:59.334312,1789615859.334,1797
c2_c925_20260916_222958.mp4,2026-09-16T22:30:59.371007,1789615859.371,1798
c2_c925_20260916_222958.mp4,2026-09-16T22:30:59.402521,1789615859.403,1799
c2_c925_20260916_222958.mp4,2026-09-16T22:30:59.432774,1789615859.433,1800
c2_c925_20260916_222958.mp4,2026-09-16T22:30:59.470007,1789615859.470,1801
c2_c925_20260916_222958.mp4,2026-09-16T22:30:59.502474,1789615859.502,1802
c2_c925_20260916_222958.mp4,2026-09-16T22:30:59.536754,1789615859.537,1803
c2_c925_20260916_222958.mp4,2026-09-16T22:30:59.572527,1789615859.573,1804
c2_c925_20260916_222958.mp4,2026-09-16T22:30:59.606407,1789615859.606,1805
c2_c925_20260916_222958.mp4,2026-09-16T22:30:59.640043,1789615859.640,1806
c2_c925_20260916_222958.mp4,2026-09-16T22:30:59.673562,1789615859.674,1807
c2_c925_20260916_222958.mp4,2026-09-16T22:30:59.705381,1789615859.705,1808
c2_c925_20260916_222958.mp4,2026-09-16T22:30:59.737041,1789615859.737,1809
c2_c925_20260916_222958.mp4,2026-09-16T22:30:59.771575,1789615859.772,1810
c2_c925_20260916_222958.mp4,2026-09-16T22:30:59.801210,1789615859.801,1811
c2_c925_20260916_222958.mp4,2026-09-16T22:30:59.833174,1789615859.833,1812
c2_c925_20260916_222958.mp4,2026-09-16T22:30:59.870353,1789615859.870,1813
c2_c925_20260916_222958.mp4,2026-09-16T22:30:59.900016,1789615859.900,1814
c2_c925_20260916_222958.mp4,2026-09-16T22:30:59.933632,1789615859.934,1815
c2_c925_20260916_222958.mp4,2026-09-16T22:30:59.968503,1789615859.969,1816
c2_c925_20260916_222958.mp4,2026-09-16T22:31:00.001615,1789615860.002,1817
c2_c925_20260916_222958.mp4,2026-09-16T22:31:00.032653,1789615860.033,1818
c2_c925_20260916_222958.mp4,2026-09-16T22:31:00.072084,1789615860.072,1819
c2_c925_20260916_222958.mp4,2026-09-16T22:31:00.104564,1789615860.105,1820
c2_c925_20260916_222958.mp4,2026-09-16T22:31:00.137063,1789615860.137,1821
c2_c925_20260916_222958.mp4,2026-09-16T22:31:00.172438,1789615860.172,1822
c2_c925_20260916_222958.mp4,2026-09-16T22:31:00.204541,1789615860.205,1823
c2_c925_20260916_222958.mp4,2026-09-16T22:31:00.235892,1789615860.236,1824
c2_c925_20260916_222958.mp4,2026-09-16T22:31:00.271182,1789615860.271,1825
c2_c925_20260916_222958.mp4,2026-09-16T22:31:00.303698,1789615860.304,1826
c2_c925_20260916_222958.mp4,2026-09-16T22:31:00.331405,1789615860.331,1827
c2_c925_20260916_222958.mp4,2026-09-16T22:31:00.367657,1789615860.368,1828
c2_c925_20260916_222958.mp4,2026-09-16T22:31:00.399366,1789615860.399,1829
c2_c925_20260916_222958.mp4,2026-09-16T22:31:00.430636,1789615860.431,1830
c2_c925_20260916_222958.mp4,2026-09-16T22:31:00.468004,1789615860.468,1831
c2_c925_20260916_222958.mp4,2026-09-16T22:31:00.502276,1789615860.502,1832
c2_c925_20260916_222958.mp4,2026-09-16T22:31:00.534392,1789615860.534,1833
c2_c925_20260916_222958.mp4,2026-09-16T22:31:00.568525,1789615860.569,1834
c2_c925_20260916_222958.mp4,2026-09-16T22:31:00.603399,1789615860.603,1835
c2_c925_20260916_222958.mp4,2026-09-16T22:31:00.636941,1789615860.637,1836
c2_c925_20260916_222958.mp4,2026-09-16T22:31:00.670972,1789615860.671,1837
c2_c925_20260916_222958.mp4,2026-09-16T22:31:00.704028,1789615860.704,1838
c2_c925_20260916_222958.mp4,2026-09-16T22:31:00.736079,1789615860.736,1839
c2_c925_20260916_222958.mp4,2026-09-16T22:31:00.771489,1789615860.772,1840
c2_c925_20260916_222958.mp4,2026-09-16T22:31:00.803368,1789615860.803,1841
c2_c925_20260916_222958.mp4,2026-09-16T22:31:00.832712,1789615860.833,1842
c2_c925_20260916_222958.mp4,2026-09-16T22:31:00.869682,1789615860.870,1843
c2_c925_20260916_222958.mp4,2026-09-16T22:31:00.898793,1789615860.899,1844
c2_c925_20260916_222958.mp4,2026-09-16T22:31:00.937424,1789615860.937,1845
c2_c925_20260916_222958.mp4,2026-09-16T22:31:00.967665,1789615860.968,1846
c2_c925_20260916_222958.mp4,2026-09-16T22:31:01.003431,1789615861.003,1847
c2_c925_20260916_222958.mp4,2026-09-16T22:31:01.037103,1789615861.037,1848
c2_c925_20260916_222958.mp4,2026-09-16T22:31:01.072065,1789615861.072,1849
c2_c925_20260916_222958.mp4,2026-09-16T22:31:01.104637,1789615861.105,1850
c2_c925_20260916_222958.mp4,2026-09-16T22:31:01.135782,1789615861.136,1851
c2_c925_20260916_222958.mp4,2026-09-16T22:31:01.170184,1789615861.170,1852
c2_c925_20260916_222958.mp4,2026-09-16T22:31:01.204020,1789615861.204,1853
c2_c925_20260916_222958.mp4,2026-09-16T22:31:01.240755,1789615861.241,1854
c2_c925_20260916_222958.mp4,2026-09-16T22:31:01.266548,1789615861.267,1855
c2_c925_20260916_222958.mp4,2026-09-16T22:31:01.300522,1789615861.301,1856
c2_c925_20260916_222958.mp4,2026-09-16T22:31:01.332028,1789615861.332,1857
c2_c925_20260916_222958.mp4,2026-09-16T22:31:01.369229,1789615861.369,1858
c2_c925_20260916_222958.mp4,2026-09-16T22:31:01.400840,1789615861.401,1859
c2_c925_20260916_222958.mp4,2026-09-16T22:31:01.434488,1789615861.435,1860
c2_c925_20260916_222958.mp4,2026-09-16T22:31:01.471195,1789615861.471,1861
c2_c925_20260916_222958.mp4,2026-09-16T22:31:01.502982,1789615861.503,1862
c2_c925_20260916_222958.mp4,2026-09-16T22:31:01.536769,1789615861.537,1863
c2_c925_20260916_222958.mp4,2026-09-16T22:31:01.571321,1789615861.571,1864
c2_c925_20260916_222958.mp4,2026-09-16T22:31:01.603716,1789615861.604,1865
c2_c925_20260916_222958.mp4,2026-09-16T22:31:01.636243,1789615861.636,1866
c2_c925_20260916_222958.mp4,2026-09-16T22:31:01.671273,1789615861.671,1867
c2_c925_20260916_222958.mp4,2026-09-16T22:31:01.702955,1789615861.703,1868
c2_c925_20260916_222958.mp4,2026-09-16T22:31:01.735432,1789615861.735,1869
c2_c925_20260916_222958.mp4,2026-09-16T22:31:01.766271,1789615861.766,1870
c2_c925_20260916_222958.mp4,2026-09-16T22:31:01.799953,1789615861.800,1871
c2_c925_20260916_222958.mp4,2026-09-16T22:31:01.833913,1789615861.834,1872
c2_c925_20260916_222958.mp4,2026-09-16T22:31:01.869137,1789615861.869,1873
c2_c925_20260916_222958.mp4,2026-09-16T22:31:01.900059,1789615861.900,1874
c2_c925_20260916_222958.mp4,2026-09-16T22:31:01.934677,1789615861.935,1875
c2_c925_20260916_222958.mp4,2026-09-16T22:31:01.970404,1789615861.970,1876
c2_c925_20260916_222958.mp4,2026-09-16T22:31:02.003873,1789615862.004,1877
c2_c925_20260916_222958.mp4,2026-09-16T22:31:02.035292,1789615862.035,1878
c2_c925_20260916_222958.mp4,2026-09-16T22:31:02.071214,1789615862.071,1879
c2_c925_20260916_222958.mp4,2026-09-16T22:31:02.104360,1789615862.104,1880
c2_c925_20260916_222958.mp4,2026-09-16T22:31:02.135587,1789615862.136,1881
c2_c925_20260916_222958.mp4,2026-09-16T22:31:02.171268,1789615862.171,1882
c2_c925_20260916_222958.mp4,2026-09-16T22:31:02.202883,1789615862.203,1883
c2_c925_20260916_222958.mp4,2026-09-16T22:31:02.236438,1789615862.236,1884
c2_c925_20260916_222958.mp4,2026-09-16T22:31:02.276093,1789615862.276,1885
c2_c925_20260916_222958.mp4,2026-09-16T22:31:02.302234,1789615862.302,1886
c2_c925_20260916_222958.mp4,2026-09-16T22:31:02.330200,1789615862.330,1887
c2_c925_20260916_222958.mp4,2026-09-16T22:31:02.366256,1789615862.366,1888
c2_c925_20260916_222958.mp4,2026-09-16T22:31:02.399308,1789615862.399,1889
c2_c925_20260916_222958.mp4,2026-09-16T22:31:02.431289,1789615862.431,1890
c2_c925_20260916_222958.mp4,2026-09-16T22:31:02.469712,1789615862.470,1891
c2_c925_20260916_222958.mp4,2026-09-16T22:31:02.504222,1789615862.504,1892
c2_c925_20260916_222958.mp4,2026-09-16T22:31:02.530279,1789615862.530,1893
c2_c925_20260916_222958.mp4,2026-09-16T22:31:02.566265,1789615862.566,1894
c2_c925_20260916_222958.mp4,2026-09-16T22:31:02.598251,1789615862.598,1895
c2_c925_20260916_222958.mp4,2026-09-16T22:31:02.630246,1789615862.630,1896
c2_c925_20260916_222958.mp4,2026-09-16T22:31:02.670369,1789615862.670,1897
c2_c925_20260916_222958.mp4,2026-09-16T22:31:02.702331,1789615862.702,1898
c2_c925_20260916_222958.mp4,2026-09-16T22:31:02.730987,1789615862.731,1899
c2_c925_20260916_222958.mp4,2026-09-16T22:31:02.770203,1789615862.770,1900
c2_c925_20260916_222958.mp4,2026-09-16T22:31:02.800258,1789615862.800,1901
c2_c925_20260916_222958.mp4,2026-09-16T22:31:02.830675,1789615862.831,1902
c2_c925_20260916_222958.mp4,2026-09-16T22:31:02.867392,1789615862.867,1903
c2_c925_20260916_222958.mp4,2026-09-16T22:31:02.898851,1789615862.899,1904
c2_c925_20260916_222958.mp4,2026-09-16T22:31:02.930811,1789615862.931,1905
c2_c925_20260916_222958.mp4,2026-09-16T22:31:02.967401,1789615862.967,1906
c2_c925_20260916_222958.mp4,2026-09-16T22:31:03.002062,1789615863.002,1907
c2_c925_20260916_222958.mp4,2026-09-16T22:31:03.034825,1789615863.035,1908
c2_c925_20260916_222958.mp4,2026-09-16T22:31:03.069232,1789615863.069,1909
c2_c925_20260916_222958.mp4,2026-09-16T22:31:03.101668,1789615863.102,1910
c2_c925_20260916_222958.mp4,2026-09-16T22:31:03.134542,1789615863.135,1911
c2_c925_20260916_222958.mp4,2026-09-16T22:31:03.166525,1789615863.167,1912
c2_c925_20260916_222958.mp4,2026-09-16T22:31:03.198593,1789615863.199,1913
c2_c925_20260916_222958.mp4,2026-09-16T22:31:03.231659,1789615863.232,1914
c2_c925_20260916_222958.mp4,2026-09-16T22:31:03.269648,1789615863.270,1915
c2_c925_20260916_222958.mp4,2026-09-16T22:31:03.300478,1789615863.300,1916
c2_c925_20260916_222958.mp4,2026-09-16T22:31:03.330900,1789615863.331,1917
c2_c925_20260916_222958.mp4,2026-09-16T22:31:03.367257,1789615863.367,1918
c2_c925_20260916_222958.mp4,2026-09-16T22:31:03.399454,1789615863.399,1919
c2_c925_20260916_222958.mp4,2026-09-16T22:31:03.433596,1789615863.434,1920
c2_c925_20260916_222958.mp4,2026-09-16T22:31:03.468843,1789615863.469,1921
c2_c925_20260916_222958.mp4,2026-09-16T22:31:03.502766,1789615863.503,1922
c2_c925_20260916_222958.mp4,2026-09-16T22:31:03.531898,1789615863.532,1923
c2_c925_20260916_222958.mp4,2026-09-16T22:31:03.571259,1789615863.571,1924
c2_c925_20260916_222958.mp4,2026-09-16T22:31:03.603656,1789615863.604,1925
c2_c925_20260916_222958.mp4,2026-09-16T22:31:03.635106,1789615863.635,1926
c2_c925_20260916_222958.mp4,2026-09-16T22:31:03.671976,1789615863.672,1927
c2_c925_20260916_222958.mp4,2026-09-16T22:31:03.703534,1789615863.704,1928
c2_c925_20260916_222958.mp4,2026-09-16T22:31:03.734067,1789615863.734,1929
c2_c925_20260916_222958.mp4,2026-09-16T22:31:03.773392,1789615863.773,1930
c2_c925_20260916_222958.mp4,2026-09-16T22:31:03.800259,1789615863.800,1931
c2_c925_20260916_222958.mp4,2026-09-16T22:31:03.833929,1789615863.834,1932
c2_c925_20260916_222958.mp4,2026-09-16T22:31:03.869599,1789615863.870,1933
c2_c925_20260916_222958.mp4,2026-09-16T22:31:03.901061,1789615863.901,1934
c2_c925_20260916_222958.mp4,2026-09-16T22:31:03.935421,1789615863.935,1935
c2_c925_20260916_222958.mp4,2026-09-16T22:31:03.970211,1789615863.970,1936
c2_c925_20260916_222958.mp4,2026-09-16T22:31:04.003331,1789615864.003,1937
c2_c925_20260916_222958.mp4,2026-09-16T22:31:04.035950,1789615864.036,1938
c2_c925_20260916_222958.mp4,2026-09-16T22:31:04.071040,1789615864.071,1939
c2_c925_20260916_222958.mp4,2026-09-16T22:31:04.102985,1789615864.103,1940
c2_c925_20260916_222958.mp4,2026-09-16T22:31:04.132337,1789615864.132,1941
c2_c925_20260916_222958.mp4,2026-09-16T22:31:04.169976,1789615864.170,1942
c2_c925_20260916_222958.mp4,2026-09-16T22:31:04.199401,1789615864.199,1943
c2_c925_20260916_222958.mp4,2026-09-16T22:31:04.234674,1789615864.235,1944
c2_c925_20260916_222958.mp4,2026-09-16T22:31:04.270721,1789615864.271,1945
c2_c925_20260916_222958.mp4,2026-09-16T22:31:04.300716,1789615864.301,1946
c2_c925_20260916_222958.mp4,2026-09-16T22:31:04.331209,1789615864.331,1947
c2_c925_20260916_222958.mp4,2026-09-16T22:31:04.367634,1789615864.368,1948
c2_c925_20260916_222958.mp4,2026-09-16T22:31:04.402790,1789615864.403,1949
c2_c925_20260916_222958.mp4,2026-09-16T22:31:04.436062,1789615864.436,1950
c2_c925_20260916_222958.mp4,2026-09-16T22:31:04.470725,1789615864.471,1951
c2_c925_20260916_222958.mp4,2026-09-16T22:31:04.503211,1789615864.503,1952
c2_c925_20260916_222958.mp4,2026-09-16T22:31:04.535447,1789615864.535,1953
c2_c925_20260916_222958.mp4,2026-09-16T22:31:04.570943,1789615864.571,1954
c2_c925_20260916_222958.mp4,2026-09-16T22:31:04.604092,1789615864.604,1955
c2_c925_20260916_222958.mp4,2026-09-16T22:31:04.636052,1789615864.636,1956
c2_c925_20260916_222958.mp4,2026-09-16T22:31:04.672181,1789615864.672,1957
c2_c925_20260916_222958.mp4,2026-09-16T22:31:04.702920,1789615864.703,1958
c2_c925_20260916_222958.mp4,2026-09-16T22:31:04.730953,1789615864.731,1959
c2_c925_20260916_222958.mp4,2026-09-16T22:31:04.766587,1789615864.767,1960
c2_c925_20260916_222958.mp4,2026-09-16T22:31:04.798128,1789615864.798,1961
c2_c925_20260916_222958.mp4,2026-09-16T22:31:04.833108,1789615864.833,1962
c2_c925_20260916_222958.mp4,2026-09-16T22:31:04.869242,1789615864.869,1963
c2_c925_20260916_222958.mp4,2026-09-16T22:31:04.902861,1789615864.903,1964
c2_c925_20260916_222958.mp4,2026-09-16T22:31:04.935199,1789615864.935,1965
c2_c925_20260916_222958.mp4,2026-09-16T22:31:04.970660,1789615864.971,1966
c2_c925_20260916_222958.mp4,2026-09-16T22:31:05.003396,1789615865.003,1967
c2_c925_20260916_222958.mp4,2026-09-16T22:31:05.035966,1789615865.036,1968
c2_c925_20260916_222958.mp4,2026-09-16T22:31:05.071160,1789615865.071,1969
c2_c925_20260916_222958.mp4,2026-09-16T22:31:05.103360,1789615865.103,1970
c2_c925_20260916_222958.mp4,2026-09-16T22:31:05.135977,1789615865.136,1971
c2_c925_20260916_222958.mp4,2026-09-16T22:31:05.171946,1789615865.172,1972
c2_c925_20260916_222958.mp4,2026-09-16T22:31:05.203956,1789615865.204,1973
c2_c925_20260916_222958.mp4,2026-09-16T22:31:05.235479,1789615865.236,1974
c2_c925_20260916_222958.mp4,2026-09-16T22:31:05.270824,1789615865.271,1975
c2_c925_20260916_222958.mp4,2026-09-16T22:31:05.302558,1789615865.303,1976
c2_c925_20260916_222958.mp4,2026-09-16T22:31:05.332544,1789615865.333,1977
c2_c925_20260916_222958.mp4,2026-09-16T22:31:05.369132,1789615865.369,1978
c2_c925_20260916_222958.mp4,2026-09-16T22:31:05.402514,1789615865.403,1979
c2_c925_20260916_222958.mp4,2026-09-16T22:31:05.436312,1789615865.436,1980
c2_c925_20260916_222958.mp4,2026-09-16T22:31:05.471079,1789615865.471,1981
c2_c925_20260916_222958.mp4,2026-09-16T22:31:05.503209,1789615865.503,1982
c2_c925_20260916_222958.mp4,2026-09-16T22:31:05.535042,1789615865.535,1983
c2_c925_20260916_222958.mp4,2026-09-16T22:31:05.572151,1789615865.572,1984
c2_c925_20260916_222958.mp4,2026-09-16T22:31:05.603429,1789615865.603,1985
c2_c925_20260916_222958.mp4,2026-09-16T22:31:05.635943,1789615865.636,1986
c2_c925_20260916_222958.mp4,2026-09-16T22:31:05.672669,1789615865.673,1987
c2_c925_20260916_222958.mp4,2026-09-16T22:31:05.703253,1789615865.703,1988
c2_c925_20260916_222958.mp4,2026-09-16T22:31:05.733351,1789615865.733,1989
c2_c925_20260916_222958.mp4,2026-09-16T22:31:05.768010,1789615865.768,1990
c2_c925_20260916_222958.mp4,2026-09-16T22:31:05.800224,1789615865.800,1991
c2_c925_20260916_222958.mp4,2026-09-16T22:31:05.832206,1789615865.832,1992
c2_c925_20260916_222958.mp4,2026-09-16T22:31:05.869058,1789615865.869,1993
c2_c925_20260916_222958.mp4,2026-09-16T22:31:05.901643,1789615865.902,1994
c2_c925_20260916_222958.mp4,2026-09-16T22:31:05.934286,1789615865.934,1995
c2_c925_20260916_222958.mp4,2026-09-16T22:31:05.966357,1789615865.966,1996
c2_c925_20260916_222958.mp4,2026-09-16T22:31:06.001862,1789615866.002,1997
c2_c925_20260916_222958.mp4,2026-09-16T22:31:06.034546,1789615866.035,1998
c2_c925_20260916_222958.mp4,2026-09-16T22:31:06.072091,1789615866.072,1999
c2_c925_20260916_222958.mp4,2026-09-16T22:31:06.103370,1789615866.103,2000
c2_c925_20260916_222958.mp4,2026-09-16T22:31:06.136346,1789615866.136,2001
c2_c925_20260916_222958.mp4,2026-09-16T22:31:06.170756,1789615866.171,2002
c2_c925_20260916_222958.mp4,2026-09-16T22:31:06.203666,1789615866.204,2003
c2_c925_20260916_222958.mp4,2026-09-16T22:31:06.235609,1789615866.236,2004
c2_c925_20260916_222958.mp4,2026-09-16T22:31:06.270783,1789615866.271,2005
c2_c925_20260916_222958.mp4,2026-09-16T22:31:06.300701,1789615866.301,2006
c2_c925_20260916_222958.mp4,2026-09-16T22:31:06.331035,1789615866.331,2007
c2_c925_20260916_222958.mp4,2026-09-16T22:31:06.367299,1789615866.367,2008
c2_c925_20260916_222958.mp4,2026-09-16T22:31:06.401269,1789615866.401,2009
c2_c925_20260916_222958.mp4,2026-09-16T22:31:06.435667,1789615866.436,2010
c2_c925_20260916_222958.mp4,2026-09-16T22:31:06.471023,1789615866.471,2011
c2_c925_20260916_222958.mp4,2026-09-16T22:31:06.503386,1789615866.503,2012
c2_c925_20260916_222958.mp4,2026-09-16T22:31:06.534801,1789615866.535,2013
c2_c925_20260916_222958.mp4,2026-09-16T22:31:06.566635,1789615866.567,2014
c2_c925_20260916_222958.mp4,2026-09-16T22:31:06.600105,1789615866.600,2015
c2_c925_20260916_222958.mp4,2026-09-16T22:31:06.631341,1789615866.631,2016
c2_c925_20260916_222958.mp4,2026-09-16T22:31:06.672326,1789615866.672,2017
c2_c925_20260916_222958.mp4,2026-09-16T22:31:06.703316,1789615866.703,2018
c2_c925_20260916_222958.mp4,2026-09-16T22:31:06.735382,1789615866.735,2019
c2_c925_20260916_222958.mp4,2026-09-16T22:31:06.770341,1789615866.770,2020
c2_c925_20260916_222958.mp4,2026-09-16T22:31:06.800468,1789615866.800,2021
c2_c925_20260916_222958.mp4,2026-09-16T22:31:06.831135,1789615866.831,2022
c2_c925_20260916_222958.mp4,2026-09-16T22:31:06.867809,1789615866.868,2023
c2_c925_20260916_222958.mp4,2026-09-16T22:31:06.903204,1789615866.903,2024
c2_c925_20260916_222958.mp4,2026-09-16T22:31:06.936236,1789615866.936,2025
c2_c925_20260916_222958.mp4,2026-09-16T22:31:06.970932,1789615866.971,2026
c2_c925_20260916_222958.mp4,2026-09-16T22:31:07.003273,1789615867.003,2027
c2_c925_20260916_222958.mp4,2026-09-16T22:31:07.034939,1789615867.035,2028
c2_c925_20260916_222958.mp4,2026-09-16T22:31:07.071421,1789615867.071,2029
c2_c925_20260916_222958.mp4,2026-09-16T22:31:07.103793,1789615867.104,2030
c2_c925_20260916_222958.mp4,2026-09-16T22:31:07.135972,1789615867.136,2031
c2_c925_20260916_222958.mp4,2026-09-16T22:31:07.166214,1789615867.166,2032
c2_c925_20260916_222958.mp4,2026-09-16T22:31:07.198240,1789615867.198,2033
c2_c925_20260916_222958.mp4,2026-09-16T22:31:07.235363,1789615867.235,2034
c2_c925_20260916_222958.mp4,2026-09-16T22:31:07.271166,1789615867.271,2035
c2_c925_20260916_222958.mp4,2026-09-16T22:31:07.302823,1789615867.303,2036
c2_c925_20260916_222958.mp4,2026-09-16T22:31:07.333265,1789615867.333,2037
c2_c925_20260916_222958.mp4,2026-09-16T22:31:07.369133,1789615867.369,2038
c2_c925_20260916_222958.mp4,2026-09-16T22:31:07.402124,1789615867.402,2039
c2_c925_20260916_222958.mp4,2026-09-16T22:31:07.433794,1789615867.434,2040
c2_c925_20260916_222958.mp4,2026-09-16T22:31:07.470952,1789615867.471,2041
c2_c925_20260916_222958.mp4,2026-09-16T22:31:07.503638,1789615867.504,2042
c2_c925_20260916_222958.mp4,2026-09-16T22:31:07.535738,1789615867.536,2043
c2_c925_20260916_222958.mp4,2026-09-16T22:31:07.566300,1789615867.566,2044
c2_c925_20260916_222958.mp4,2026-09-16T22:31:07.599118,1789615867.599,2045
c2_c925_20260916_222958.mp4,2026-09-16T22:31:07.635379,1789615867.635,2046
c2_c925_20260916_222958.mp4,2026-09-16T22:31:07.671559,1789615867.672,2047
c2_c925_20260916_222958.mp4,2026-09-16T22:31:07.703139,1789615867.703,2048
c2_c925_20260916_222958.mp4,2026-09-16T22:31:07.730375,1789615867.730,2049
c2_c925_20260916_222958.mp4,2026-09-16T22:31:07.767704,1789615867.768,2050
c2_c925_20260916_222958.mp4,2026-09-16T22:31:07.799261,1789615867.799,2051
c2_c925_20260916_222958.mp4,2026-09-16T22:31:07.831075,1789615867.831,2052
c2_c925_20260916_222958.mp4,2026-09-16T22:31:07.870691,1789615867.871,2053
c2_c925_20260916_222958.mp4,2026-09-16T22:31:07.902604,1789615867.903,2054
c2_c925_20260916_222958.mp4,2026-09-16T22:31:07.935091,1789615867.935,2055
c2_c925_20260916_222958.mp4,2026-09-16T22:31:07.970732,1789615867.971,2056
c2_c925_20260916_222958.mp4,2026-09-16T22:31:08.002876,1789615868.003,2057
c2_c925_20260916_222958.mp4,2026-09-16T22:31:08.035456,1789615868.035,2058
c2_c925_20260916_222958.mp4,2026-09-16T22:31:08.072620,1789615868.073,2059
c2_c925_20260916_222958.mp4,2026-09-16T22:31:08.104753,1789615868.105,2060
c2_c925_20260916_222958.mp4,2026-09-16T22:31:08.134858,1789615868.135,2061
c2_c925_20260916_222958.mp4,2026-09-16T22:31:08.171713,1789615868.172,2062
c2_c925_20260916_222958.mp4,2026-09-16T22:31:08.203188,1789615868.203,2063
c2_c925_20260916_222958.mp4,2026-09-16T22:31:08.235251,1789615868.235,2064
c2_c925_20260916_222958.mp4,2026-09-16T22:31:08.271599,1789615868.272,2065
c2_c925_20260916_222958.mp4,2026-09-16T22:31:08.302463,1789615868.302,2066
c2_c925_20260916_222958.mp4,2026-09-16T22:31:08.330676,1789615868.331,2067
c2_c925_20260916_222958.mp4,2026-09-16T22:31:08.366953,1789615868.367,2068
c2_c925_20260916_222958.mp4,2026-09-16T22:31:08.398326,1789615868.398,2069
c2_c925_20260916_222958.mp4,2026-09-16T22:31:08.435509,1789615868.436,2070
c2_c925_20260916_222958.mp4,2026-09-16T22:31:08.470624,1789615868.471,2071
c2_c925_20260916_222958.mp4,2026-09-16T22:31:08.504188,1789615868.504,2072
c2_c925_20260916_222958.mp4,2026-09-16T22:31:08.536181,1789615868.536,2073
c2_c925_20260916_222958.mp4,2026-09-16T22:31:08.572617,1789615868.573,2074
c2_c925_20260916_222958.mp4,2026-09-16T22:31:08.604407,1789615868.604,2075
c2_c925_20260916_222958.mp4,2026-09-16T22:31:08.636444,1789615868.636,2076
c2_c925_20260916_222958.mp4,2026-09-16T22:31:08.671014,1789615868.671,2077
c2_c925_20260916_222958.mp4,2026-09-16T22:31:08.704132,1789615868.704,2078
c2_c925_20260916_222958.mp4,2026-09-16T22:31:08.735149,1789615868.735,2079
c2_c925_20260916_222958.mp4,2026-09-16T22:31:08.770914,1789615868.771,2080
c2_c925_20260916_222958.mp4,2026-09-16T22:31:08.801925,1789615868.802,2081
c2_c925_20260916_222958.mp4,2026-09-16T22:31:08.831466,1789615868.831,2082
c2_c925_20260916_222958.mp4,2026-09-16T22:31:08.870427,1789615868.870,2083
c2_c925_20260916_222958.mp4,2026-09-16T22:31:08.902198,1789615868.902,2084
c2_c925_20260916_222958.mp4,2026-09-16T22:31:08.934802,1789615868.935,2085
c2_c925_20260916_222958.mp4,2026-09-16T22:31:08.967631,1789615868.968,2086
c2_c925_20260916_222958.mp4,2026-09-16T22:31:08.999885,1789615869.000,2087
c2_c925_20260916_222958.mp4,2026-09-16T22:31:09.034410,1789615869.034,2088
c2_c925_20260916_222958.mp4,2026-09-16T22:31:09.071804,1789615869.072,2089
c2_c925_20260916_222958.mp4,2026-09-16T22:31:09.102764,1789615869.103,2090
c2_c925_20260916_222958.mp4,2026-09-16T22:31:09.135428,1789615869.135,2091
c2_c925_20260916_222958.mp4,2026-09-16T22:31:09.173146,1789615869.173,2092
c2_c925_20260916_222958.mp4,2026-09-16T22:31:09.203137,1789615869.203,2093
c2_c925_20260916_222958.mp4,2026-09-16T22:31:09.231764,1789615869.232,2094
c2_c925_20260916_222958.mp4,2026-09-16T22:31:09.271073,1789615869.271,2095
c2_c925_20260916_222958.mp4,2026-09-16T22:31:09.302567,1789615869.303,2096
c2_c925_20260916_222958.mp4,2026-09-16T22:31:09.332009,1789615869.332,2097
c2_c925_20260916_222958.mp4,2026-09-16T22:31:09.369577,1789615869.370,2098
c2_c925_20260916_222958.mp4,2026-09-16T22:31:09.402559,1789615869.403,2099
c2_c925_20260916_222958.mp4,2026-09-16T22:31:09.435489,1789615869.436,2100
c2_c925_20260916_222958.mp4,2026-09-16T22:31:09.470841,1789615869.471,2101
c2_c925_20260916_222958.mp4,2026-09-16T22:31:09.503225,1789615869.503,2102
c2_c925_20260916_222958.mp4,2026-09-16T22:31:09.534782,1789615869.535,2103
c2_c925_20260916_222958.mp4,2026-09-16T22:31:09.570522,1789615869.571,2104
c2_c925_20260916_222958.mp4,2026-09-16T22:31:09.601630,1789615869.602,2105
c2_c925_20260916_222958.mp4,2026-09-16T22:31:09.632606,1789615869.633,2106
c2_c925_20260916_222958.mp4,2026-09-16T22:31:09.670241,1789615869.670,2107
c2_c925_20260916_222958.mp4,2026-09-16T22:31:09.702814,1789615869.703,2108
c2_c925_20260916_222958.mp4,2026-09-16T22:31:09.733782,1789615869.734,2109
c2_c925_20260916_222958.mp4,2026-09-16T22:31:09.767311,1789615869.767,2110
c2_c925_20260916_222958.mp4,2026-09-16T22:31:09.799812,1789615869.800,2111
c2_c925_20260916_222958.mp4,2026-09-16T22:31:09.831195,1789615869.831,2112
c2_c925_20260916_222958.mp4,2026-09-16T22:31:09.869975,1789615869.870,2113
c2_c925_20260916_222958.mp4,2026-09-16T22:31:09.902615,1789615869.903,2114
c2_c925_20260916_222958.mp4,2026-09-16T22:31:09.935434,1789615869.935,2115
c2_c925_20260916_222958.mp4,2026-09-16T22:31:09.971000,1789615869.971,2116
c2_c925_20260916_222958.mp4,2026-09-16T22:31:10.003498,1789615870.004,2117
c2_c925_20260916_222958.mp4,2026-09-16T22:31:10.035452,1789615870.035,2118
c2_c925_20260916_222958.mp4,2026-09-16T22:31:10.071837,1789615870.072,2119
c2_c925_20260916_222958.mp4,2026-09-16T22:31:10.103098,1789615870.103,2120
c2_c925_20260916_222958.mp4,2026-09-16T22:31:10.135071,1789615870.135,2121
c2_c925_20260916_222958.mp4,2026-09-16T22:31:10.170922,1789615870.171,2122
c2_c925_20260916_222958.mp4,2026-09-16T22:31:10.199652,1789615870.200,2123
c2_c925_20260916_222958.mp4,2026-09-16T22:31:10.234083,1789615870.234,2124
c2_c925_20260916_222958.mp4,2026-09-16T22:31:10.268613,1789615870.269,2125
c2_c925_20260916_222958.mp4,2026-09-16T22:31:10.303041,1789615870.303,2126
c2_c925_20260916_222958.mp4,2026-09-16T22:31:10.334046,1789615870.334,2127
c2_c925_20260916_222958.mp4,2026-09-16T22:31:10.370429,1789615870.370,2128
c2_c925_20260916_222958.mp4,2026-09-16T22:31:10.402656,1789615870.403,2129
c2_c925_20260916_222958.mp4,2026-09-16T22:31:10.435218,1789615870.435,2130
c2_c925_20260916_222958.mp4,2026-09-16T22:31:10.471264,1789615870.471,2131
c2_c925_20260916_222958.mp4,2026-09-16T22:31:10.504160,1789615870.504,2132
c2_c925_20260916_222958.mp4,2026-09-16T22:31:10.535324,1789615870.535,2133
c2_c925_20260916_222958.mp4,2026-09-16T22:31:10.572664,1789615870.573,2134
c2_c925_20260916_222958.mp4,2026-09-16T22:31:10.602873,1789615870.603,2135
c2_c925_20260916_222958.mp4,2026-09-16T22:31:10.635176,1789615870.635,2136
c2_c925_20260916_222958.mp4,2026-09-16T22:31:10.670521,1789615870.671,2137
c2_c925_20260916_222958.mp4,2026-09-16T22:31:10.704708,1789615870.705,2138
c2_c925_20260916_222958.mp4,2026-09-16T22:31:10.735732,1789615870.736,2139
c2_c925_20260916_222958.mp4,2026-09-16T22:31:10.766212,1789615870.766,2140
c2_c925_20260916_222958.mp4,2026-09-16T22:31:10.798226,1789615870.798,2141
c2_c925_20260916_222958.mp4,2026-09-16T22:31:10.830258,1789615870.830,2142
c2_c925_20260916_222958.mp4,2026-09-16T22:31:10.869546,1789615870.870,2143
c2_c925_20260916_222958.mp4,2026-09-16T22:31:10.902344,1789615870.902,2144
c2_c925_20260916_222958.mp4,2026-09-16T22:31:10.935241,1789615870.935,2145
c2_c925_20260916_222958.mp4,2026-09-16T22:31:10.970557,1789615870.971,2146
c2_c925_20260916_222958.mp4,2026-09-16T22:31:11.004142,1789615871.004,2147
c2_c925_20260916_222958.mp4,2026-09-16T22:31:11.035005,1789615871.035,2148
c2_c925_20260916_222958.mp4,2026-09-16T22:31:11.071734,1789615871.072,2149
c2_c925_20260916_222958.mp4,2026-09-16T22:31:11.103591,1789615871.104,2150
c2_c925_20260916_222958.mp4,2026-09-16T22:31:11.134990,1789615871.135,2151
c2_c925_20260916_222958.mp4,2026-09-16T22:31:11.171776,1789615871.172,2152
c2_c925_20260916_222958.mp4,2026-09-16T22:31:11.201177,1789615871.201,2153
c2_c925_20260916_222958.mp4,2026-09-16T22:31:11.233303,1789615871.233,2154
c2_c925_20260916_222958.mp4,2026-09-16T22:31:11.271641,1789615871.272,2155
c2_c925_20260916_222958.mp4,2026-09-16T22:31:11.303391,1789615871.303,2156
c2_c925_20260916_222958.mp4,2026-09-16T22:31:11.332720,1789615871.333,2157
c2_c925_20260916_222958.mp4,2026-09-16T22:31:11.368509,1789615871.369,2158
c2_c925_20260916_222958.mp4,2026-09-16T22:31:11.399853,1789615871.400,2159
c2_c925_20260916_222958.mp4,2026-09-16T22:31:11.430710,1789615871.431,2160
c2_c925_20260916_222958.mp4,2026-09-16T22:31:11.470779,1789615871.471,2161
c2_c925_20260916_222958.mp4,2026-09-16T22:31:11.502974,1789615871.503,2162
c2_c925_20260916_222958.mp4,2026-09-16T22:31:11.535547,1789615871.536,2163
c2_c925_20260916_222958.mp4,2026-09-16T22:31:11.570853,1789615871.571,2164
c2_c925_20260916_222958.mp4,2026-09-16T22:31:11.603896,1789615871.604,2165
c2_c925_20260916_222958.mp4,2026-09-16T22:31:11.635451,1789615871.635,2166
c2_c925_20260916_222958.mp4,2026-09-16T22:31:11.672611,1789615871.673,2167
c2_c925_20260916_222958.mp4,2026-09-16T22:31:11.703148,1789615871.703,2168
c2_c925_20260916_222958.mp4,2026-09-16T22:31:11.736038,1789615871.736,2169
c2_c925_20260916_222958.mp4,2026-09-16T22:31:11.771639,1789615871.772,2170
c2_c925_20260916_222958.mp4,2026-09-16T22:31:11.800365,1789615871.800,2171
c2_c925_20260916_222958.mp4,2026-09-16T22:31:11.831125,1789615871.831,2172
c2_c925_20260916_222958.mp4,2026-09-16T22:31:11.867853,1789615871.868,2173
c2_c925_20260916_222958.mp4,2026-09-16T22:31:11.902466,1789615871.902,2174
c2_c925_20260916_222958.mp4,2026-09-16T22:31:11.935609,1789615871.936,2175
c2_c925_20260916_222958.mp4,2026-09-16T22:31:11.970537,1789615871.971,2176
c2_c925_20260916_222958.mp4,2026-09-16T22:31:11.999290,1789615871.999,2177
c2_c925_20260916_222958.mp4,2026-09-16T22:31:12.032061,1789615872.032,2178
c2_c925_20260916_222958.mp4,2026-09-16T22:31:12.069309,1789615872.069,2179
c2_c925_20260916_222958.mp4,2026-09-16T22:31:12.103666,1789615872.104,2180
c2_c925_20260916_222958.mp4,2026-09-16T22:31:12.135330,1789615872.135,2181
c2_c925_20260916_222958.mp4,2026-09-16T22:31:12.172724,1789615872.173,2182
c2_c925_20260916_222958.mp4,2026-09-16T22:31:12.203441,1789615872.203,2183
c2_c925_20260916_222958.mp4,2026-09-16T22:31:12.235489,1789615872.236,2184
c2_c925_20260916_222958.mp4,2026-09-16T22:31:12.273380,1789615872.273,2185
c2_c925_20260916_222958.mp4,2026-09-16T22:31:12.303734,1789615872.304,2186
c2_c925_20260916_222958.mp4,2026-09-16T22:31:12.332035,1789615872.332,2187
c2_c925_20260916_222958.mp4,2026-09-16T22:31:12.369778,1789615872.370,2188
c2_c925_20260916_222958.mp4,2026-09-16T22:31:12.402988,1789615872.403,2189
c2_c925_20260916_222958.mp4,2026-09-16T22:31:12.435000,1789615872.435,2190
c2_c925_20260916_222958.mp4,2026-09-16T22:31:12.468809,1789615872.469,2191
c2_c925_20260916_222958.mp4,2026-09-16T22:31:12.502719,1789615872.503,2192
c2_c925_20260916_222958.mp4,2026-09-16T22:31:12.535641,1789615872.536,2193
c2_c925_20260916_222958.mp4,2026-09-16T22:31:12.567045,1789615872.567,2194
c2_c925_20260916_222958.mp4,2026-09-16T22:31:12.598336,1789615872.598,2195
c2_c925_20260916_222958.mp4,2026-09-16T22:31:12.630335,1789615872.630,2196
c2_c925_20260916_222958.mp4,2026-09-16T22:31:12.666156,1789615872.666,2197
c2_c925_20260916_222958.mp4,2026-09-16T22:31:12.700049,1789615872.700,2198
c2_c925_20260916_222958.mp4,2026-09-16T22:31:12.735723,1789615872.736,2199
c2_c925_20260916_222958.mp4,2026-09-16T22:31:12.771922,1789615872.772,2200
c2_c925_20260916_222958.mp4,2026-09-16T22:31:12.802719,1789615872.803,2201
c2_c925_20260916_222958.mp4,2026-09-16T22:31:12.834649,1789615872.835,2202
c2_c925_20260916_222958.mp4,2026-09-16T22:31:12.869032,1789615872.869,2203
c2_c925_20260916_222958.mp4,2026-09-16T22:31:12.902329,1789615872.902,2204
c2_c925_20260916_222958.mp4,2026-09-16T22:31:12.934538,1789615872.935,2205
c2_c925_20260916_222958.mp4,2026-09-16T22:31:12.970658,1789615872.971,2206
c2_c925_20260916_222958.mp4,2026-09-16T22:31:13.002774,1789615873.003,2207
c2_c925_20260916_222958.mp4,2026-09-16T22:31:13.034326,1789615873.034,2208
c2_c925_20260916_222958.mp4,2026-09-16T22:31:13.071833,1789615873.072,2209
c2_c925_20260916_222958.mp4,2026-09-16T22:31:13.103495,1789615873.104,2210
c2_c925_20260916_222958.mp4,2026-09-16T22:31:13.135382,1789615873.135,2211
c2_c925_20260916_222958.mp4,2026-09-16T22:31:13.170604,1789615873.171,2212
c2_c925_20260916_222958.mp4,2026-09-16T22:31:13.198403,1789615873.198,2213
c2_c925_20260916_222958.mp4,2026-09-16T22:31:13.231734,1789615873.232,2214
c2_c925_20260916_222958.mp4,2026-09-16T22:31:13.271140,1789615873.271,2215
c2_c925_20260916_222958.mp4,2026-09-16T22:31:13.300337,1789615873.300,2216
c2_c925_20260916_222958.mp4,2026-09-16T22:31:13.331128,1789615873.331,2217
c2_c925_20260916_222958.mp4,2026-09-16T22:31:13.367835,1789615873.368,2218
c2_c925_20260916_222958.mp4,2026-09-16T22:31:13.402825,1789615873.403,2219
c2_c925_20260916_222958.mp4,2026-09-16T22:31:13.435008,1789615873.435,2220
c2_c925_20260916_222958.mp4,2026-09-16T22:31:13.470175,1789615873.470,2221
c2_c925_20260916_222958.mp4,2026-09-16T22:31:13.500269,1789615873.500,2222
c2_c925_20260916_222958.mp4,2026-09-16T22:31:13.535260,1789615873.535,2223
c2_c925_20260916_222958.mp4,2026-09-16T22:31:13.571838,1789615873.572,2224
c2_c925_20260916_222958.mp4,2026-09-16T22:31:13.603465,1789615873.603,2225
c2_c925_20260916_222958.mp4,2026-09-16T22:31:13.635310,1789615873.635,2226
c2_c925_20260916_222958.mp4,2026-09-16T22:31:13.668266,1789615873.668,2227
c2_c925_20260916_222958.mp4,2026-09-16T22:31:13.703093,1789615873.703,2228
c2_c925_20260916_222958.mp4,2026-09-16T22:31:13.733471,1789615873.733,2229
c2_c925_20260916_222958.mp4,2026-09-16T22:31:13.770707,1789615873.771,2230
c2_c925_20260916_222958.mp4,2026-09-16T22:31:13.800099,1789615873.800,2231
c2_c925_20260916_222958.mp4,2026-09-16T22:31:13.831349,1789615873.831,2232
c2_c925_20260916_222958.mp4,2026-09-16T22:31:13.867261,1789615873.867,2233
c2_c925_20260916_222958.mp4,2026-09-16T22:31:13.900965,1789615873.901,2234
c2_c925_20260916_222958.mp4,2026-09-16T22:31:13.934843,1789615873.935,2235
c2_c925_20260916_222958.mp4,2026-09-16T22:31:13.970778,1789615873.971,2236
c2_c925_20260916_222958.mp4,2026-09-16T22:31:14.003716,1789615874.004,2237
c2_c925_20260916_222958.mp4,2026-09-16T22:31:14.035083,1789615874.035,2238
c2_c925_20260916_222958.mp4,2026-09-16T22:31:14.073174,1789615874.073,2239
c2_c925_20260916_222958.mp4,2026-09-16T22:31:14.104331,1789615874.104,2240
c2_c925_20260916_222958.mp4,2026-09-16T22:31:14.136099,1789615874.136,2241
c2_c925_20260916_222958.mp4,2026-09-16T22:31:14.172367,1789615874.172,2242
c2_c925_20260916_222958.mp4,2026-09-16T22:31:14.204147,1789615874.204,2243
c2_c925_20260916_222958.mp4,2026-09-16T22:31:14.235044,1789615874.235,2244
c2_c925_20260916_222958.mp4,2026-09-16T22:31:14.272299,1789615874.272,2245
c2_c925_20260916_222958.mp4,2026-09-16T22:31:14.303781,1789615874.304,2246
c2_c925_20260916_222958.mp4,2026-09-16T22:31:14.334355,1789615874.334,2247
c2_c925_20260916_222958.mp4,2026-09-16T22:31:14.368606,1789615874.369,2248
c2_c925_20260916_222958.mp4,2026-09-16T22:31:14.399701,1789615874.400,2249
c2_c925_20260916_222958.mp4,2026-09-16T22:31:14.432798,1789615874.433,2250
c2_c925_20260916_222958.mp4,2026-09-16T22:31:14.468992,1789615874.469,2251
c2_c925_20260916_222958.mp4,2026-09-16T22:31:14.502552,1789615874.503,2252
c2_c925_20260916_222958.mp4,2026-09-16T22:31:14.535714,1789615874.536,2253
c2_c925_20260916_222958.mp4,2026-09-16T22:31:14.570624,1789615874.571,2254
c2_c925_20260916_222958.mp4,2026-09-16T22:31:14.602967,1789615874.603,2255
c2_c925_20260916_222958.mp4,2026-09-16T22:31:14.636190,1789615874.636,2256
c2_c925_20260916_222958.mp4,2026-09-16T22:31:14.672641,1789615874.673,2257
c2_c925_20260916_222958.mp4,2026-09-16T22:31:14.704305,1789615874.704,2258
c2_c925_20260916_222958.mp4,2026-09-16T22:31:14.737105,1789615874.737,2259
c2_c925_20260916_222958.mp4,2026-09-16T22:31:14.771908,1789615874.772,2260
c2_c925_20260916_222958.mp4,2026-09-16T22:31:14.802106,1789615874.802,2261
c2_c925_20260916_222958.mp4,2026-09-16T22:31:14.831713,1789615874.832,2262
c2_c925_20260916_222958.mp4,2026-09-16T22:31:14.869200,1789615874.869,2263
c2_c925_20260916_222958.mp4,2026-09-16T22:31:14.900634,1789615874.901,2264
c2_c925_20260916_222958.mp4,2026-09-16T22:31:14.932351,1789615874.932,2265
c2_c925_20260916_222958.mp4,2026-09-16T22:31:14.970764,1789615874.971,2266
c2_c925_20260916_222958.mp4,2026-09-16T22:31:15.002548,1789615875.003,2267
c2_c925_20260916_222958.mp4,2026-09-16T22:31:15.030633,1789615875.031,2268
c2_c925_20260916_222958.mp4,2026-09-16T22:31:15.069104,1789615875.069,2269
c2_c925_20260916_222958.mp4,2026-09-16T22:31:15.098236,1789615875.098,2270
c2_c925_20260916_222958.mp4,2026-09-16T22:31:15.135042,1789615875.135,2271
c2_c925_20260916_222958.mp4,2026-09-16T22:31:15.173237,1789615875.173,2272
c2_c925_20260916_222958.mp4,2026-09-16T22:31:15.203653,1789615875.204,2273
c2_c925_20260916_222958.mp4,2026-09-16T22:31:15.236281,1789615875.236,2274
c2_c925_20260916_222958.mp4,2026-09-16T22:31:15.272395,1789615875.272,2275
c2_c925_20260916_222958.mp4,2026-09-16T22:31:15.302914,1789615875.303,2276
c2_c925_20260916_222958.mp4,2026-09-16T22:31:15.333578,1789615875.334,2277
c2_c925_20260916_222958.mp4,2026-09-16T22:31:15.369150,1789615875.369,2278
c2_c925_20260916_222958.mp4,2026-09-16T22:31:15.402063,1789615875.402,2279
c2_c925_20260916_222958.mp4,2026-09-16T22:31:15.434779,1789615875.435,2280
c2_c925_20260916_222958.mp4,2026-09-16T22:31:15.470122,1789615875.470,2281
c2_c925_20260916_222958.mp4,2026-09-16T22:31:15.503010,1789615875.503,2282
c2_c925_20260916_222958.mp4,2026-09-16T22:31:15.534843,1789615875.535,2283
c2_c925_20260916_222958.mp4,2026-09-16T22:31:15.573588,1789615875.574,2284
c2_c925_20260916_222958.mp4,2026-09-16T22:31:15.604403,1789615875.604,2285
c2_c925_20260916_222958.mp4,2026-09-16T22:31:15.631946,1789615875.632,2286
c2_c925_20260916_222958.mp4,2026-09-16T22:31:15.667587,1789615875.668,2287
c2_c925_20260916_222958.mp4,2026-09-16T22:31:15.700510,1789615875.701,2288
c2_c925_20260916_222958.mp4,2026-09-16T22:31:15.736085,1789615875.736,2289
c2_c925_20260916_222958.mp4,2026-09-16T22:31:15.773371,1789615875.773,2290
c2_c925_20260916_222958.mp4,2026-09-16T22:31:15.802544,1789615875.803,2291
c2_c925_20260916_222958.mp4,2026-09-16T22:31:15.831896,1789615875.832,2292
c2_c925_20260916_222958.mp4,2026-09-16T22:31:15.869430,1789615875.869,2293
c2_c925_20260916_222958.mp4,2026-09-16T22:31:15.902081,1789615875.902,2294
c2_c925_20260916_222958.mp4,2026-09-16T22:31:15.933978,1789615875.934,2295
c2_c925_20260916_222958.mp4,2026-09-16T22:31:15.970634,1789615875.971,2296
c2_c925_20260916_222958.mp4,2026-09-16T22:31:16.002438,1789615876.002,2297
c2_c925_20260916_222958.mp4,2026-09-16T22:31:16.035905,1789615876.036,2298
c2_c925_20260916_222958.mp4,2026-09-16T22:31:16.072826,1789615876.073,2299
c2_c925_20260916_222958.mp4,2026-09-16T22:31:16.103291,1789615876.103,2300
c2_c925_20260916_222958.mp4,2026-09-16T22:31:16.135831,1789615876.136,2301
c2_c925_20260916_222958.mp4,2026-09-16T22:31:16.171562,1789615876.172,2302
c2_c925_20260916_222958.mp4,2026-09-16T22:31:16.202186,1789615876.202,2303
c2_c925_20260916_222958.mp4,2026-09-16T22:31:16.232327,1789615876.232,2304
c2_c925_20260916_222958.mp4,2026-09-16T22:31:16.269622,1789615876.270,2305
c2_c925_20260916_222958.mp4,2026-09-16T22:31:16.300127,1789615876.300,2306
c2_c925_20260916_222958.mp4,2026-09-16T22:31:16.332916,1789615876.333,2307
c2_c925_20260916_222958.mp4,2026-09-16T22:31:16.370098,1789615876.370,2308
c2_c925_20260916_222958.mp4,2026-09-16T22:31:16.402053,1789615876.402,2309
c2_c925_20260916_222958.mp4,2026-09-16T22:31:16.435110,1789615876.435,2310
c2_c925_20260916_222958.mp4,2026-09-16T22:31:16.471384,1789615876.471,2311
c2_c925_20260916_222958.mp4,2026-09-16T22:31:16.504801,1789615876.505,2312
c2_c925_20260916_222958.mp4,2026-09-16T22:31:16.536298,1789615876.536,2313
c2_c925_20260916_222958.mp4,2026-09-16T22:31:16.572276,1789615876.572,2314
c2_c925_20260916_222958.mp4,2026-09-16T22:31:16.603266,1789615876.603,2315
c2_c925_20260916_222958.mp4,2026-09-16T22:31:16.636374,1789615876.636,2316
c2_c925_20260916_222958.mp4,2026-09-16T22:31:16.673183,1789615876.673,2317
c2_c925_20260916_222958.mp4,2026-09-16T22:31:16.703658,1789615876.704,2318
c2_c925_20260916_222958.mp4,2026-09-16T22:31:16.734440,1789615876.734,2319
c2_c925_20260916_222958.mp4,2026-09-16T22:31:16.770969,1789615876.771,2320
c2_c925_20260916_222958.mp4,2026-09-16T22:31:16.802444,1789615876.802,2321
c2_c925_20260916_222958.mp4,2026-09-16T22:31:16.833027,1789615876.833,2322
c2_c925_20260916_222958.mp4,2026-09-16T22:31:16.867309,1789615876.867,2323
c2_c925_20260916_222958.mp4,2026-09-16T22:31:16.899377,1789615876.899,2324
c2_c925_20260916_222958.mp4,2026-09-16T22:31:16.936226,1789615876.936,2325
c2_c925_20260916_222958.mp4,2026-09-16T22:31:16.971063,1789615876.971,2326
c2_c925_20260916_222958.mp4,2026-09-16T22:31:17.006071,1789615877.006,2327
c2_c925_20260916_222958.mp4,2026-09-16T22:31:17.035889,1789615877.036,2328
c2_c925_20260916_222958.mp4,2026-09-16T22:31:17.071652,1789615877.072,2329
c2_c925_20260916_222958.mp4,2026-09-16T22:31:17.103713,1789615877.104,2330
c2_c925_20260916_222958.mp4,2026-09-16T22:31:17.135932,1789615877.136,2331
c2_c925_20260916_222958.mp4,2026-09-16T22:31:17.168565,1789615877.169,2332
c2_c925_20260916_222958.mp4,2026-09-16T22:31:17.204930,1789615877.205,2333
c2_c925_20260916_222958.mp4,2026-09-16T22:31:17.232543,1789615877.233,2334
c2_c925_20260916_222958.mp4,2026-09-16T22:31:17.270984,1789615877.271,2335
c2_c925_20260916_222958.mp4,2026-09-16T22:31:17.302907,1789615877.303,2336
c2_c925_20260916_222958.mp4,2026-09-16T22:31:17.331111,1789615877.331,2337
c2_c925_20260916_222958.mp4,2026-09-16T22:31:17.368762,1789615877.369,2338
c2_c925_20260916_222958.mp4,2026-09-16T22:31:17.400982,1789615877.401,2339
c2_c925_20260916_222958.mp4,2026-09-16T22:31:17.435187,1789615877.435,2340
c2_c925_20260916_222958.mp4,2026-09-16T22:31:17.468983,1789615877.469,2341
c2_c925_20260916_222958.mp4,2026-09-16T22:31:17.499629,1789615877.500,2342
c2_c925_20260916_222958.mp4,2026-09-16T22:31:17.533261,1789615877.533,2343
c2_c925_20260916_222958.mp4,2026-09-16T22:31:17.566450,1789615877.566,2344
c2_c925_20260916_222958.mp4,2026-09-16T22:31:17.599548,1789615877.600,2345
c2_c925_20260916_222958.mp4,2026-09-16T22:31:17.634603,1789615877.635,2346
c2_c925_20260916_222958.mp4,2026-09-16T22:31:17.669732,1789615877.670,2347
c2_c925_20260916_222958.mp4,2026-09-16T22:31:17.702720,1789615877.703,2348
c2_c925_20260916_222958.mp4,2026-09-16T22:31:17.735816,1789615877.736,2349
c2_c925_20260916_222958.mp4,2026-09-16T22:31:17.771181,1789615877.771,2350
c2_c925_20260916_222958.mp4,2026-09-16T22:31:17.799958,1789615877.800,2351
c2_c925_20260916_222958.mp4,2026-09-16T22:31:17.831055,1789615877.831,2352
c2_c925_20260916_222958.mp4,2026-09-16T22:31:17.867855,1789615877.868,2353
c2_c925_20260916_222958.mp4,2026-09-16T22:31:17.902785,1789615877.903,2354
c2_c925_20260916_222958.mp4,2026-09-16T22:31:17.934140,1789615877.934,2355
c2_c925_20260916_222958.mp4,2026-09-16T22:31:17.971170,1789615877.971,2356
c2_c925_20260916_222958.mp4,2026-09-16T22:31:18.004748,1789615878.005,2357
c2_c925_20260916_222958.mp4,2026-09-16T22:31:18.035641,1789615878.036,2358
c2_c925_20260916_222958.mp4,2026-09-16T22:31:18.070170,1789615878.070,2359
c2_c925_20260916_222958.mp4,2026-09-16T22:31:18.099124,1789615878.099,2360
c2_c925_20260916_222958.mp4,2026-09-16T22:31:18.132144,1789615878.132,2361
c2_c925_20260916_222958.mp4,2026-09-16T22:31:18.169245,1789615878.169,2362
c2_c925_20260916_222958.mp4,2026-09-16T22:31:18.200904,1789615878.201,2363
c2_c925_20260916_222958.mp4,2026-09-16T22:31:18.235880,1789615878.236,2364
c2_c925_20260916_222958.mp4,2026-09-16T22:31:18.268792,1789615878.269,2365
c2_c925_20260916_222958.mp4,2026-09-16T22:31:18.300488,1789615878.301,2366
c2_c925_20260916_222958.mp4,2026-09-16T22:31:18.330810,1789615878.331,2367
c2_c925_20260916_222958.mp4,2026-09-16T22:31:18.369252,1789615878.369,2368
c2_c925_20260916_222958.mp4,2026-09-16T22:31:18.402342,1789615878.402,2369
c2_c925_20260916_222958.mp4,2026-09-16T22:31:18.435729,1789615878.436,2370
c2_c925_20260916_222958.mp4,2026-09-16T22:31:18.469544,1789615878.470,2371
c2_c925_20260916_222958.mp4,2026-09-16T22:31:18.502992,1789615878.503,2372
c2_c925_20260916_222958.mp4,2026-09-16T22:31:18.536360,1789615878.536,2373
c2_c925_20260916_222958.mp4,2026-09-16T22:31:18.573145,1789615878.573,2374
c2_c925_20260916_222958.mp4,2026-09-16T22:31:18.604250,1789615878.604,2375
c2_c925_20260916_222958.mp4,2026-09-16T22:31:18.633208,1789615878.633,2376
c2_c925_20260916_222958.mp4,2026-09-16T22:31:18.671947,1789615878.672,2377
c2_c925_20260916_222958.mp4,2026-09-16T22:31:18.702442,1789615878.702,2378
c2_c925_20260916_222958.mp4,2026-09-16T22:31:18.734054,1789615878.734,2379
c2_c925_20260916_222958.mp4,2026-09-16T22:31:18.770866,1789615878.771,2380
c2_c925_20260916_222958.mp4,2026-09-16T22:31:18.800750,1789615878.801,2381
c2_c925_20260916_222958.mp4,2026-09-16T22:31:18.834247,1789615878.834,2382
c2_c925_20260916_222958.mp4,2026-09-16T22:31:18.870068,1789615878.870,2383
c2_c925_20260916_222958.mp4,2026-09-16T22:31:18.902494,1789615878.903,2384
c2_c925_20260916_222958.mp4,2026-09-16T22:31:18.934841,1789615878.935,2385
c2_c925_20260916_222958.mp4,2026-09-16T22:31:18.969522,1789615878.970,2386
c2_c925_20260916_222958.mp4,2026-09-16T22:31:19.003294,1789615879.003,2387
c2_c925_20260916_222958.mp4,2026-09-16T22:31:19.035816,1789615879.036,2388
c2_c925_20260916_222958.mp4,2026-09-16T22:31:19.072289,1789615879.072,2389
c2_c925_20260916_222958.mp4,2026-09-16T22:31:19.103653,1789615879.104,2390
c2_c925_20260916_222958.mp4,2026-09-16T22:31:19.135316,1789615879.135,2391
c2_c925_20260916_222958.mp4,2026-09-16T22:31:19.172242,1789615879.172,2392
c2_c925_20260916_222958.mp4,2026-09-16T22:31:19.204502,1789615879.205,2393
c2_c925_20260916_222958.mp4,2026-09-16T22:31:19.234225,1789615879.234,2394
c2_c925_20260916_222958.mp4,2026-09-16T22:31:19.269689,1789615879.270,2395
c2_c925_20260916_222958.mp4,2026-09-16T22:31:19.300480,1789615879.300,2396
c2_c925_20260916_222958.mp4,2026-09-16T22:31:19.330779,1789615879.331,2397
c2_c925_20260916_222958.mp4,2026-09-16T22:31:19.367350,1789615879.367,2398
c2_c925_20260916_222958.mp4,2026-09-16T22:31:19.399009,1789615879.399,2399
c2_c925_20260916_222958.mp4,2026-09-16T22:31:19.434059,1789615879.434,2400
c2_c925_20260916_222958.mp4,2026-09-16T22:31:19.469796,1789615879.470,2401
c2_c925_20260916_222958.mp4,2026-09-16T22:31:19.503169,1789615879.503,2402
c2_c925_20260916_222958.mp4,2026-09-16T22:31:19.534991,1789615879.535,2403
c2_c925_20260916_222958.mp4,2026-09-16T22:31:19.573240,1789615879.573,2404
c2_c925_20260916_222958.mp4,2026-09-16T22:31:19.604690,1789615879.605,2405
c2_c925_20260916_222958.mp4,2026-09-16T22:31:19.636707,1789615879.637,2406
c2_c925_20260916_222958.mp4,2026-09-16T22:31:19.672291,1789615879.672,2407
c2_c925_20260916_222958.mp4,2026-09-16T22:31:19.703505,1789615879.704,2408
c2_c925_20260916_222958.mp4,2026-09-16T22:31:19.735627,1789615879.736,2409
c2_c925_20260916_222958.mp4,2026-09-16T22:31:19.772811,1789615879.773,2410
c2_c925_20260916_222958.mp4,2026-09-16T22:31:19.803337,1789615879.803,2411
c2_c925_20260916_222958.mp4,2026-09-16T22:31:19.835028,1789615879.835,2412
c2_c925_20260916_222958.mp4,2026-09-16T22:31:19.871040,1789615879.871,2413
c2_c925_20260916_222958.mp4,2026-09-16T22:31:19.902383,1789615879.902,2414
c2_c925_20260916_222958.mp4,2026-09-16T22:31:19.930417,1789615879.930,2415
c2_c925_20260916_222958.mp4,2026-09-16T22:31:19.968872,1789615879.969,2416
c2_c925_20260916_222958.mp4,2026-09-16T22:31:20.001154,1789615880.001,2417
c2_c925_20260916_222958.mp4,2026-09-16T22:31:20.034234,1789615880.034,2418
c2_c925_20260916_222958.mp4,2026-09-16T22:31:20.072655,1789615880.073,2419
c2_c925_20260916_222958.mp4,2026-09-16T22:31:20.104959,1789615880.105,2420
c2_c925_20260916_222958.mp4,2026-09-16T22:31:20.134964,1789615880.135,2421
c2_c925_20260916_222958.mp4,2026-09-16T22:31:20.172715,1789615880.173,2422
c2_c925_20260916_222958.mp4,2026-09-16T22:31:20.203436,1789615880.203,2423
c2_c925_20260916_222958.mp4,2026-09-16T22:31:20.236702,1789615880.237,2424
c2_c925_20260916_222958.mp4,2026-09-16T22:31:20.269744,1789615880.270,2425
c2_c925_20260916_222958.mp4,2026-09-16T22:31:20.301672,1789615880.302,2426
c2_c925_20260916_222958.mp4,2026-09-16T22:31:20.331889,1789615880.332,2427
c2_c925_20260916_222958.mp4,2026-09-16T22:31:20.367937,1789615880.368,2428
c2_c925_20260916_222958.mp4,2026-09-16T22:31:20.399072,1789615880.399,2429
c2_c925_20260916_222958.mp4,2026-09-16T22:31:20.433879,1789615880.434,2430
c2_c925_20260916_222958.mp4,2026-09-16T22:31:20.470306,1789615880.470,2431
c2_c925_20260916_222958.mp4,2026-09-16T22:31:20.503325,1789615880.503,2432
c2_c925_20260916_222958.mp4,2026-09-16T22:31:20.535831,1789615880.536,2433
c2_c925_20260916_222958.mp4,2026-09-16T22:31:20.570544,1789615880.571,2434
c2_c925_20260916_222958.mp4,2026-09-16T22:31:20.598429,1789615880.598,2435
c2_c925_20260916_222958.mp4,2026-09-16T22:31:20.630615,1789615880.631,2436
c2_c925_20260916_222958.mp4,2026-09-16T22:31:20.672674,1789615880.673,2437
c2_c925_20260916_222958.mp4,2026-09-16T22:31:20.704487,1789615880.705,2438
c2_c925_20260916_222958.mp4,2026-09-16T22:31:20.736619,1789615880.737,2439
c2_c925_20260916_222958.mp4,2026-09-16T22:31:20.769802,1789615880.770,2440
c2_c925_20260916_222958.mp4,2026-09-16T22:31:20.805315,1789615880.805,2441
c2_c925_20260916_222958.mp4,2026-09-16T22:31:20.835149,1789615880.835,2442
c2_c925_20260916_222958.mp4,2026-09-16T22:31:20.870533,1789615880.871,2443
c2_c925_20260916_222958.mp4,2026-09-16T22:31:20.901425,1789615880.901,2444
c2_c925_20260916_222958.mp4,2026-09-16T22:31:20.934253,1789615880.934,2445
c2_c925_20260916_222958.mp4,2026-09-16T22:31:20.970283,1789615880.970,2446
c2_c925_20260916_222958.mp4,2026-09-16T22:31:21.003616,1789615881.004,2447
c2_c925_20260916_222958.mp4,2026-09-16T22:31:21.036115,1789615881.036,2448
c2_c925_20260916_222958.mp4,2026-09-16T22:31:21.072872,1789615881.073,2449
c2_c925_20260916_222958.mp4,2026-09-16T22:31:21.100049,1789615881.100,2450
c2_c925_20260916_222958.mp4,2026-09-16T22:31:21.134667,1789615881.135,2451
c2_c925_20260916_222958.mp4,2026-09-16T22:31:21.166376,1789615881.166,2452
c2_c925_20260916_222958.mp4,2026-09-16T22:31:21.200857,1789615881.201,2453
c2_c925_20260916_222958.mp4,2026-09-16T22:31:21.235170,1789615881.235,2454
c2_c925_20260916_222958.mp4,2026-09-16T22:31:21.273200,1789615881.273,2455
c2_c925_20260916_222958.mp4,2026-09-16T22:31:21.302491,1789615881.303,2456
c2_c925_20260916_222958.mp4,2026-09-16T22:31:21.335116,1789615881.335,2457
c2_c925_20260916_222958.mp4,2026-09-16T22:31:21.370650,1789615881.371,2458
c2_c925_20260916_222958.mp4,2026-09-16T22:31:21.402330,1789615881.402,2459
c2_c925_20260916_222958.mp4,2026-09-16T22:31:21.434649,1789615881.435,2460
c2_c925_20260916_222958.mp4,2026-09-16T22:31:21.469995,1789615881.470,2461
c2_c925_20260916_222958.mp4,2026-09-16T22:31:21.503168,1789615881.503,2462
c2_c925_20260916_222958.mp4,2026-09-16T22:31:21.535963,1789615881.536,2463
c2_c925_20260916_222958.mp4,2026-09-16T22:31:21.573238,1789615881.573,2464
c2_c925_20260916_222958.mp4,2026-09-16T22:31:21.601434,1789615881.601,2465
c2_c925_20260916_222958.mp4,2026-09-16T22:31:21.637003,1789615881.637,2466
c2_c925_20260916_222958.mp4,2026-09-16T22:31:21.673130,1789615881.673,2467
c2_c925_20260916_222958.mp4,2026-09-16T22:31:21.703669,1789615881.704,2468
c2_c925_20260916_222958.mp4,2026-09-16T22:31:21.733518,1789615881.734,2469
c2_c925_20260916_222958.mp4,2026-09-16T22:31:21.771660,1789615881.772,2470
c2_c925_20260916_222958.mp4,2026-09-16T22:31:21.798349,1789615881.798,2471
c2_c925_20260916_222958.mp4,2026-09-16T22:31:21.830097,1789615881.830,2472
c2_c925_20260916_222958.mp4,2026-09-16T22:31:21.871052,1789615881.871,2473
c2_c925_20260916_222958.mp4,2026-09-16T22:31:21.901304,1789615881.901,2474
c2_c925_20260916_222958.mp4,2026-09-16T22:31:21.934299,1789615881.934,2475
c2_c925_20260916_222958.mp4,2026-09-16T22:31:21.969975,1789615881.970,2476
c2_c925_20260916_222958.mp4,2026-09-16T22:31:22.002576,1789615882.003,2477
c2_c925_20260916_222958.mp4,2026-09-16T22:31:22.036210,1789615882.036,2478
c2_c925_20260916_222958.mp4,2026-09-16T22:31:22.072645,1789615882.073,2479
c2_c925_20260916_222958.mp4,2026-09-16T22:31:22.103482,1789615882.104,2480
c2_c925_20260916_222958.mp4,2026-09-16T22:31:22.135347,1789615882.135,2481
c2_c925_20260916_222958.mp4,2026-09-16T22:31:22.173223,1789615882.173,2482
c2_c925_20260916_222958.mp4,2026-09-16T22:31:22.204310,1789615882.204,2483
c2_c925_20260916_222958.mp4,2026-09-16T22:31:22.236754,1789615882.237,2484
c2_c925_20260916_222958.mp4,2026-09-16T22:31:22.269382,1789615882.269,2485
c2_c925_20260916_222958.mp4,2026-09-16T22:31:22.301129,1789615882.301,2486
c2_c925_20260916_222958.mp4,2026-09-16T22:31:22.332059,1789615882.332,2487
c2_c925_20260916_222958.mp4,2026-09-16T22:31:22.369029,1789615882.369,2488
c2_c925_20260916_222958.mp4,2026-09-16T22:31:22.400559,1789615882.401,2489
c2_c925_20260916_222958.mp4,2026-09-16T22:31:22.433181,1789615882.433,2490
c2_c925_20260916_222958.mp4,2026-09-16T22:31:22.470423,1789615882.470,2491
c2_c925_20260916_222958.mp4,2026-09-16T22:31:22.503538,1789615882.504,2492
c2_c925_20260916_222958.mp4,2026-09-16T22:31:22.535855,1789615882.536,2493
c2_c925_20260916_222958.mp4,2026-09-16T22:31:22.572190,1789615882.572,2494
c2_c925_20260916_222958.mp4,2026-09-16T22:31:22.604773,1789615882.605,2495
c2_c925_20260916_222958.mp4,2026-09-16T22:31:22.635086,1789615882.635,2496
c2_c925_20260916_222958.mp4,2026-09-16T22:31:22.672271,1789615882.672,2497
c2_c925_20260916_222958.mp4,2026-09-16T22:31:22.702280,1789615882.702,2498
c2_c925_20260916_222958.mp4,2026-09-16T22:31:22.730248,1789615882.730,2499
c2_c925_20260916_222958.mp4,2026-09-16T22:31:22.766187,1789615882.766,2500
c2_c925_20260916_222958.mp4,2026-09-16T22:31:22.798212,1789615882.798,2501
c2_c925_20260916_222958.mp4,2026-09-16T22:31:22.830217,1789615882.830,2502
c2_c925_20260916_222958.mp4,2026-09-16T22:31:22.870462,1789615882.870,2503
c2_c925_20260916_222958.mp4,2026-09-16T22:31:22.901732,1789615882.902,2504
c2_c925_20260916_222958.mp4,2026-09-16T22:31:22.934224,1789615882.934,2505
c2_c925_20260916_222958.mp4,2026-09-16T22:31:22.970761,1789615882.971,2506
c2_c925_20260916_222958.mp4,2026-09-16T22:31:23.002772,1789615883.003,2507
c2_c925_20260916_222958.mp4,2026-09-16T22:31:23.031474,1789615883.031,2508
c2_c925_20260916_222958.mp4,2026-09-16T22:31:23.067420,1789615883.067,2509
c2_c925_20260916_222958.mp4,2026-09-16T22:31:23.104737,1789615883.105,2510
c2_c925_20260916_222958.mp4,2026-09-16T22:31:23.136568,1789615883.137,2511
c2_c925_20260916_222958.mp4,2026-09-16T22:31:23.172668,1789615883.173,2512
c2_c925_20260916_222958.mp4,2026-09-16T22:31:23.203852,1789615883.204,2513
c2_c925_20260916_222958.mp4,2026-09-16T22:31:23.235255,1789615883.235,2514
c2_c925_20260916_222958.mp4,2026-09-16T22:31:23.272499,1789615883.273,2515
c2_c925_20260916_222958.mp4,2026-09-16T22:31:23.302357,1789615883.302,2516
c2_c925_20260916_222958.mp4,2026-09-16T22:31:23.335021,1789615883.335,2517
c2_c925_20260916_222958.mp4,2026-09-16T22:31:23.368116,1789615883.368,2518
c2_c925_20260916_222958.mp4,2026-09-16T22:31:23.400553,1789615883.401,2519
c2_c925_20260916_222958.mp4,2026-09-16T22:31:23.432920,1789615883.433,2520
c2_c925_20260916_222958.mp4,2026-09-16T22:31:23.470140,1789615883.470,2521
c2_c925_20260916_222958.mp4,2026-09-16T22:31:23.503068,1789615883.503,2522
c2_c925_20260916_222958.mp4,2026-09-16T22:31:23.536848,1789615883.537,2523
c2_c925_20260916_222958.mp4,2026-09-16T22:31:23.572050,1789615883.572,2524
c2_c925_20260916_222958.mp4,2026-09-16T22:31:23.599017,1789615883.599,2525
c2_c925_20260916_222958.mp4,2026-09-16T22:31:23.634040,1789615883.634,2526
c2_c925_20260916_222958.mp4,2026-09-16T22:31:23.668929,1789615883.669,2527
c2_c925_20260916_222958.mp4,2026-09-16T22:31:23.704788,1789615883.705,2528
c2_c925_20260916_222958.mp4,2026-09-16T22:31:23.736749,1789615883.737,2529
c2_c925_20260916_222958.mp4,2026-09-16T22:31:23.772610,1789615883.773,2530
c2_c925_20260916_222958.mp4,2026-09-16T22:31:23.804637,1789615883.805,2531
c2_c925_20260916_222958.mp4,2026-09-16T22:31:23.834476,1789615883.834,2532
c2_c925_20260916_222958.mp4,2026-09-16T22:31:23.870550,1789615883.871,2533
c2_c925_20260916_222958.mp4,2026-09-16T22:31:23.901927,1789615883.902,2534
c2_c925_20260916_222958.mp4,2026-09-16T22:31:23.934438,1789615883.934,2535
c2_c925_20260916_222958.mp4,2026-09-16T22:31:23.970793,1789615883.971,2536
c2_c925_20260916_222958.mp4,2026-09-16T22:31:24.003724,1789615884.004,2537
c2_c925_20260916_222958.mp4,2026-09-16T22:31:24.034625,1789615884.035,2538
c2_c925_20260916_222958.mp4,2026-09-16T22:31:24.073559,1789615884.074,2539
c2_c925_20260916_222958.mp4,2026-09-16T22:31:24.105126,1789615884.105,2540
c2_c925_20260916_222958.mp4,2026-09-16T22:31:24.135919,1789615884.136,2541
c2_c925_20260916_222958.mp4,2026-09-16T22:31:24.173080,1789615884.173,2542
c2_c925_20260916_222958.mp4,2026-09-16T22:31:24.198215,1789615884.198,2543
c2_c925_20260916_222958.mp4,2026-09-16T22:31:24.233745,1789615884.234,2544
c2_c925_20260916_222958.mp4,2026-09-16T22:31:24.268146,1789615884.268,2545
c2_c925_20260916_222958.mp4,2026-09-16T22:31:24.302597,1789615884.303,2546
c2_c925_20260916_222958.mp4,2026-09-16T22:31:24.334691,1789615884.335,2547
c2_c925_20260916_222958.mp4,2026-09-16T22:31:24.370691,1789615884.371,2548
c2_c925_20260916_222958.mp4,2026-09-16T22:31:24.402142,1789615884.402,2549
c2_c925_20260916_222958.mp4,2026-09-16T22:31:24.433018,1789615884.433,2550
c2_c925_20260916_222958.mp4,2026-09-16T22:31:24.468999,1789615884.469,2551
c2_c925_20260916_222958.mp4,2026-09-16T22:31:24.503213,1789615884.503,2552
c2_c925_20260916_222958.mp4,2026-09-16T22:31:24.536351,1789615884.536,2553
c2_c925_20260916_222958.mp4,2026-09-16T22:31:24.572492,1789615884.573,2554
c2_c925_20260916_222958.mp4,2026-09-16T22:31:24.605174,1789615884.605,2555
c2_c925_20260916_222958.mp4,2026-09-16T22:31:24.635258,1789615884.635,2556
c2_c925_20260916_222958.mp4,2026-09-16T22:31:24.673282,1789615884.673,2557
c2_c925_20260916_222958.mp4,2026-09-16T22:31:24.704827,1789615884.705,2558
c2_c925_20260916_222958.mp4,2026-09-16T22:31:24.736203,1789615884.736,2559
c2_c925_20260916_222958.mp4,2026-09-16T22:31:24.771990,1789615884.772,2560
c2_c925_20260916_222958.mp4,2026-09-16T22:31:24.802978,1789615884.803,2561
c2_c925_20260916_222958.mp4,2026-09-16T22:31:24.832201,1789615884.832,2562
c2_c925_20260916_222958.mp4,2026-09-16T22:31:24.869211,1789615884.869,2563
c2_c925_20260916_222958.mp4,2026-09-16T22:31:24.900477,1789615884.900,2564
c2_c925_20260916_222958.mp4,2026-09-16T22:31:24.933461,1789615884.933,2565
c2_c925_20260916_222958.mp4,2026-09-16T22:31:24.970952,1789615884.971,2566
c2_c925_20260916_222958.mp4,2026-09-16T22:31:25.003809,1789615885.004,2567
c2_c925_20260916_222958.mp4,2026-09-16T22:31:25.035945,1789615885.036,2568
c2_c925_20260916_222958.mp4,2026-09-16T22:31:25.072950,1789615885.073,2569
c2_c925_20260916_222958.mp4,2026-09-16T22:31:25.104843,1789615885.105,2570
c2_c925_20260916_222958.mp4,2026-09-16T22:31:25.136952,1789615885.137,2571
c2_c925_20260916_222958.mp4,2026-09-16T22:31:25.173192,1789615885.173,2572
c2_c925_20260916_222958.mp4,2026-09-16T22:31:25.204309,1789615885.204,2573
c2_c925_20260916_222958.mp4,2026-09-16T22:31:25.234679,1789615885.235,2574
c2_c925_20260916_222958.mp4,2026-09-16T22:31:25.269855,1789615885.270,2575
c2_c925_20260916_222958.mp4,2026-09-16T22:31:25.303655,1789615885.304,2576
c2_c925_20260916_222958.mp4,2026-09-16T22:31:25.335053,1789615885.335,2577
c2_c925_20260916_222958.mp4,2026-09-16T22:31:25.370040,1789615885.370,2578
c2_c925_20260916_222958.mp4,2026-09-16T22:31:25.401101,1789615885.401,2579
c2_c925_20260916_222958.mp4,2026-09-16T22:31:25.434468,1789615885.434,2580
c2_c925_20260916_222958.mp4,2026-09-16T22:31:25.469003,1789615885.469,2581
c2_c925_20260916_222958.mp4,2026-09-16T22:31:25.498888,1789615885.499,2582
c2_c925_20260916_222958.mp4,2026-09-16T22:31:25.534396,1789615885.534,2583
c2_c925_20260916_222958.mp4,2026-09-16T22:31:25.572376,1789615885.572,2584
c2_c925_20260916_222958.mp4,2026-09-16T22:31:25.604646,1789615885.605,2585
c2_c925_20260916_222958.mp4,2026-09-16T22:31:25.636865,1789615885.637,2586
c2_c925_20260916_222958.mp4,2026-09-16T22:31:25.671990,1789615885.672,2587
c2_c925_20260916_222958.mp4,2026-09-16T22:31:25.703961,1789615885.704,2588
c2_c925_20260916_222958.mp4,2026-09-16T22:31:25.736236,1789615885.736,2589
c2_c925_20260916_222958.mp4,2026-09-16T22:31:25.772935,1789615885.773,2590
c2_c925_20260916_222958.mp4,2026-09-16T22:31:25.803624,1789615885.804,2591
c2_c925_20260916_222958.mp4,2026-09-16T22:31:25.834780,1789615885.835,2592
c2_c925_20260916_222958.mp4,2026-09-16T22:31:25.871177,1789615885.871,2593
c2_c925_20260916_222958.mp4,2026-09-16T22:31:25.901424,1789615885.901,2594
c2_c925_20260916_222958.mp4,2026-09-16T22:31:25.933782,1789615885.934,2595
c2_c925_20260916_222958.mp4,2026-09-16T22:31:25.969682,1789615885.970,2596
c2_c925_20260916_222958.mp4,2026-09-16T22:31:26.003051,1789615886.003,2597
c2_c925_20260916_222958.mp4,2026-09-16T22:31:26.035078,1789615886.035,2598
c2_c925_20260916_222958.mp4,2026-09-16T22:31:26.070575,1789615886.071,2599
c2_c925_20260916_222958.mp4,2026-09-16T22:31:26.100872,1789615886.101,2600
c2_c925_20260916_222958.mp4,2026-09-16T22:31:26.132728,1789615886.133,2601
c2_c925_20260916_222958.mp4,2026-09-16T22:31:26.172552,1789615886.173,2602
c2_c925_20260916_222958.mp4,2026-09-16T22:31:26.205472,1789615886.205,2603
c2_c925_20260916_222958.mp4,2026-09-16T22:31:26.235512,1789615886.236,2604
c2_c925_20260916_222958.mp4,2026-09-16T22:31:26.272798,1789615886.273,2605
c2_c925_20260916_222958.mp4,2026-09-16T22:31:26.303400,1789615886.303,2606
c2_c925_20260916_222958.mp4,2026-09-16T22:31:26.334253,1789615886.334,2607
c2_c925_20260916_222958.mp4,2026-09-16T22:31:26.369688,1789615886.370,2608
c2_c925_20260916_222958.mp4,2026-09-16T22:31:26.401248,1789615886.401,2609
c2_c925_20260916_222958.mp4,2026-09-16T22:31:26.433953,1789615886.434,2610
c2_c925_20260916_222958.mp4,2026-09-16T22:31:26.468528,1789615886.469,2611
c2_c925_20260916_222958.mp4,2026-09-16T22:31:26.504491,1789615886.505,2612
c2_c925_20260916_222958.mp4,2026-09-16T22:31:26.536510,1789615886.537,2613
c2_c925_20260916_222958.mp4,2026-09-16T22:31:26.573019,1789615886.573,2614
c2_c925_20260916_222958.mp4,2026-09-16T22:31:26.603761,1789615886.604,2615
c2_c925_20260916_222958.mp4,2026-09-16T22:31:26.635674,1789615886.636,2616
c2_c925_20260916_222958.mp4,2026-09-16T22:31:26.666112,1789615886.666,2617
c2_c925_20260916_222958.mp4,2026-09-16T22:31:26.703408,1789615886.703,2618
c2_c925_20260916_222958.mp4,2026-09-16T22:31:26.730197,1789615886.730,2619
c2_c925_20260916_222958.mp4,2026-09-16T22:31:26.771799,1789615886.772,2620
c2_c925_20260916_222958.mp4,2026-09-16T22:31:26.801586,1789615886.802,2621
c2_c925_20260916_222958.mp4,2026-09-16T22:31:26.834552,1789615886.835,2622
c2_c925_20260916_222958.mp4,2026-09-16T22:31:26.870638,1789615886.871,2623
c2_c925_20260916_222958.mp4,2026-09-16T22:31:26.898629,1789615886.899,2624
c2_c925_20260916_222958.mp4,2026-09-16T22:31:26.934308,1789615886.934,2625
c2_c925_20260916_222958.mp4,2026-09-16T22:31:26.970552,1789615886.971,2626
c2_c925_20260916_222958.mp4,2026-09-16T22:31:27.003852,1789615887.004,2627
c2_c925_20260916_222958.mp4,2026-09-16T22:31:27.035523,1789615887.036,2628
c2_c925_20260916_222958.mp4,2026-09-16T22:31:27.068359,1789615887.068,2629
c2_c925_20260916_222958.mp4,2026-09-16T22:31:27.105208,1789615887.105,2630
c2_c925_20260916_222958.mp4,2026-09-16T22:31:27.136260,1789615887.136,2631
c2_c925_20260916_222958.mp4,2026-09-16T22:31:27.170969,1789615887.171,2632
c2_c925_20260916_222958.mp4,2026-09-16T22:31:27.202848,1789615887.203,2633
c2_c925_20260916_222958.mp4,2026-09-16T22:31:27.231451,1789615887.231,2634
c2_c925_20260916_222958.mp4,2026-09-16T22:31:27.270670,1789615887.271,2635
c2_c925_20260916_222958.mp4,2026-09-16T22:31:27.302727,1789615887.303,2636
c2_c925_20260916_222958.mp4,2026-09-16T22:31:27.330808,1789615887.331,2637
c2_c925_20260916_222958.mp4,2026-09-16T22:31:27.368541,1789615887.369,2638
c2_c925_20260916_222958.mp4,2026-09-16T22:31:27.401607,1789615887.402,2639
c2_c925_20260916_222958.mp4,2026-09-16T22:31:27.434049,1789615887.434,2640
c2_c925_20260916_222958.mp4,2026-09-16T22:31:27.468606,1789615887.469,2641
c2_c925_20260916_222958.mp4,2026-09-16T22:31:27.503579,1789615887.504,2642
c2_c925_20260916_222958.mp4,2026-09-16T22:31:27.535558,1789615887.536,2643
c2_c925_20260916_222958.mp4,2026-09-16T22:31:27.571619,1789615887.572,2644
c2_c925_20260916_222958.mp4,2026-09-16T22:31:27.603527,1789615887.604,2645
c2_c925_20260916_222958.mp4,2026-09-16T22:31:27.636080,1789615887.636,2646
c2_c925_20260916_222958.mp4,2026-09-16T22:31:27.671757,1789615887.672,2647
c2_c925_20260916_222958.mp4,2026-09-16T22:31:27.702828,1789615887.703,2648
c2_c925_20260916_222958.mp4,2026-09-16T22:31:27.736131,1789615887.736,2649
c2_c925_20260916_222958.mp4,2026-09-16T22:31:27.773193,1789615887.773,2650
c2_c925_20260916_222958.mp4,2026-09-16T22:31:27.801388,1789615887.801,2651
c2_c925_20260916_222958.mp4,2026-09-16T22:31:27.832348,1789615887.832,2652
c2_c925_20260916_222958.mp4,2026-09-16T22:31:27.868197,1789615887.868,2653
c2_c925_20260916_222958.mp4,2026-09-16T22:31:27.899250,1789615887.899,2654
c2_c925_20260916_222958.mp4,2026-09-16T22:31:27.930060,1789615887.930,2655
c2_c925_20260916_222958.mp4,2026-09-16T22:31:27.967311,1789615887.967,2656
c2_c925_20260916_222958.mp4,2026-09-16T22:31:28.000768,1789615888.001,2657
c2_c925_20260916_222958.mp4,2026-09-16T22:31:28.034330,1789615888.034,2658
c2_c925_20260916_222958.mp4,2026-09-16T22:31:28.072843,1789615888.073,2659
c2_c925_20260916_222958.mp4,2026-09-16T22:31:28.104728,1789615888.105,2660
c2_c925_20260916_222958.mp4,2026-09-16T22:31:28.136161,1789615888.136,2661
c2_c925_20260916_222958.mp4,2026-09-16T22:31:28.174032,1789615888.174,2662
c2_c925_20260916_222958.mp4,2026-09-16T22:31:28.205269,1789615888.205,2663
c2_c925_20260916_222958.mp4,2026-09-16T22:31:28.235136,1789615888.235,2664
c2_c925_20260916_222958.mp4,2026-09-16T22:31:28.271455,1789615888.271,2665
c2_c925_20260916_222958.mp4,2026-09-16T22:31:28.303318,1789615888.303,2666
c2_c925_20260916_222958.mp4,2026-09-16T22:31:28.331773,1789615888.332,2667
c2_c925_20260916_222958.mp4,2026-09-16T22:31:28.370529,1789615888.371,2668
c2_c925_20260916_222958.mp4,2026-09-16T22:31:28.400949,1789615888.401,2669
c2_c925_20260916_222958.mp4,2026-09-16T22:31:28.433160,1789615888.433,2670
c2_c925_20260916_222958.mp4,2026-09-16T22:31:28.469145,1789615888.469,2671
c2_c925_20260916_222958.mp4,2026-09-16T22:31:28.500127,1789615888.500,2672
c2_c925_20260916_222958.mp4,2026-09-16T22:31:28.531866,1789615888.532,2673
c2_c925_20260916_222958.mp4,2026-09-16T22:31:28.566474,1789615888.566,2674
c2_c925_20260916_222958.mp4,2026-09-16T22:31:28.602558,1789615888.603,2675
c2_c925_20260916_222958.mp4,2026-09-16T22:31:28.636138,1789615888.636,2676
c2_c925_20260916_222958.mp4,2026-09-16T22:31:28.673642,1789615888.674,2677
c2_c925_20260916_222958.mp4,2026-09-16T22:31:28.705187,1789615888.705,2678
c2_c925_20260916_222958.mp4,2026-09-16T22:31:28.736615,1789615888.737,2679
c2_c925_20260916_222958.mp4,2026-09-16T22:31:28.772763,1789615888.773,2680
c2_c925_20260916_222958.mp4,2026-09-16T22:31:28.803806,1789615888.804,2681
c2_c925_20260916_222958.mp4,2026-09-16T22:31:28.834927,1789615888.835,2682
c2_c925_20260916_222958.mp4,2026-09-16T22:31:28.871431,1789615888.871,2683
c2_c925_20260916_222958.mp4,2026-09-16T22:31:28.901279,1789615888.901,2684
c2_c925_20260916_222958.mp4,2026-09-16T22:31:28.934815,1789615888.935,2685
c2_c925_20260916_222958.mp4,2026-09-16T22:31:28.969401,1789615888.969,2686
c2_c925_20260916_222958.mp4,2026-09-16T22:31:29.002158,1789615889.002,2687
c2_c925_20260916_222958.mp4,2026-09-16T22:31:29.035155,1789615889.035,2688
c2_c925_20260916_222958.mp4,2026-09-16T22:31:29.071907,1789615889.072,2689
c2_c925_20260916_222958.mp4,2026-09-16T22:31:29.102060,1789615889.102,2690
c2_c925_20260916_222958.mp4,2026-09-16T22:31:29.133796,1789615889.134,2691
c2_c925_20260916_222958.mp4,2026-09-16T22:31:29.167959,1789615889.168,2692
c2_c925_20260916_222958.mp4,2026-09-16T22:31:29.200236,1789615889.200,2693
c2_c925_20260916_222958.mp4,2026-09-16T22:31:29.234223,1789615889.234,2694
c2_c925_20260916_222958.mp4,2026-09-16T22:31:29.272678,1789615889.273,2695
c2_c925_20260916_222958.mp4,2026-09-16T22:31:29.303671,1789615889.304,2696
c2_c925_20260916_222958.mp4,2026-09-16T22:31:29.334649,1789615889.335,2697
c2_c925_20260916_222958.mp4,2026-09-16T22:31:29.371078,1789615889.371,2698
c2_c925_20260916_222958.mp4,2026-09-16T22:31:29.402191,1789615889.402,2699
c2_c925_20260916_222958.mp4,2026-09-16T22:31:29.432022,1789615889.432,2700
c2_c925_20260916_222958.mp4,2026-09-16T22:31:29.468598,1789615889.469,2701
c2_c925_20260916_222958.mp4,2026-09-16T22:31:29.501630,1789615889.502,2702
c2_c925_20260916_222958.mp4,2026-09-16T22:31:29.535775,1789615889.536,2703
c2_c925_20260916_222958.mp4,2026-09-16T22:31:29.571846,1789615889.572,2704
c2_c925_20260916_222958.mp4,2026-09-16T22:31:29.604158,1789615889.604,2705
c2_c925_20260916_222958.mp4,2026-09-16T22:31:29.637088,1789615889.637,2706
c2_c925_20260916_222958.mp4,2026-09-16T22:31:29.672690,1789615889.673,2707
c2_c925_20260916_222958.mp4,2026-09-16T22:31:29.703191,1789615889.703,2708
c2_c925_20260916_222958.mp4,2026-09-16T22:31:29.733470,1789615889.733,2709
c2_c925_20260916_222958.mp4,2026-09-16T22:31:29.767814,1789615889.768,2710
c2_c925_20260916_222958.mp4,2026-09-16T22:31:29.798620,1789615889.799,2711
c2_c925_20260916_222958.mp4,2026-09-16T22:31:29.833317,1789615889.833,2712
c2_c925_20260916_222958.mp4,2026-09-16T22:31:29.869658,1789615889.870,2713
c2_c925_20260916_222958.mp4,2026-09-16T22:31:29.900858,1789615889.901,2714
c2_c925_20260916_222958.mp4,2026-09-16T22:31:29.930957,1789615889.931,2715
c2_c925_20260916_222958.mp4,2026-09-16T22:31:29.970255,1789615889.970,2716
c2_c925_20260916_222958.mp4,2026-09-16T22:31:30.000045,1789615890.000,2717
c2_c925_20260916_222958.mp4,2026-09-16T22:31:30.034832,1789615890.035,2718
c2_c925_20260916_222958.mp4,2026-09-16T22:31:30.071207,1789615890.071,2719
c2_c925_20260916_222958.mp4,2026-09-16T22:31:30.103692,1789615890.104,2720
c2_c925_20260916_222958.mp4,2026-09-16T22:31:30.135426,1789615890.135,2721
c2_c925_20260916_222958.mp4,2026-09-16T22:31:30.170526,1789615890.171,2722
c2_c925_20260916_222958.mp4,2026-09-16T22:31:30.205202,1789615890.205,2723
c2_c925_20260916_222958.mp4,2026-09-16T22:31:30.237130,1789615890.237,2724
c2_c925_20260916_222958.mp4,2026-09-16T22:31:30.272708,1789615890.273,2725
c2_c925_20260916_222958.mp4,2026-09-16T22:31:30.303096,1789615890.303,2726
c2_c925_20260916_222958.mp4,2026-09-16T22:31:30.332416,1789615890.332,2727
c2_c925_20260916_222958.mp4,2026-09-16T22:31:30.369723,1789615890.370,2728
c2_c925_20260916_222958.mp4,2026-09-16T22:31:30.402836,1789615890.403,2729
c2_c925_20260916_222958.mp4,2026-09-16T22:31:30.434225,1789615890.434,2730
c2_c925_20260916_222958.mp4,2026-09-16T22:31:30.469729,1789615890.470,2731
c2_c925_20260916_222958.mp4,2026-09-16T22:31:30.502448,1789615890.502,2732
c2_c925_20260916_222958.mp4,2026-09-16T22:31:30.535815,1789615890.536,2733
c2_c925_20260916_222958.mp4,2026-09-16T22:31:30.572696,1789615890.573,2734
c2_c925_20260916_222958.mp4,2026-09-16T22:31:30.604172,1789615890.604,2735
c2_c925_20260916_222958.mp4,2026-09-16T22:31:30.636507,1789615890.637,2736
c2_c925_20260916_222958.mp4,2026-09-16T22:31:30.672679,1789615890.673,2737
c2_c925_20260916_222958.mp4,2026-09-16T22:31:30.704187,1789615890.704,2738
c2_c925_20260916_222958.mp4,2026-09-16T22:31:30.737171,1789615890.737,2739
c2_c925_20260916_222958.mp4,2026-09-16T22:31:30.768941,1789615890.769,2740
c2_c925_20260916_222958.mp4,2026-09-16T22:31:30.804765,1789615890.805,2741
c2_c925_20260916_222958.mp4,2026-09-16T22:31:30.836133,1789615890.836,2742
c2_c925_20260916_222958.mp4,2026-09-16T22:31:30.870757,1789615890.871,2743
c2_c925_20260916_222958.mp4,2026-09-16T22:31:30.902788,1789615890.903,2744
c2_c925_20260916_222958.mp4,2026-09-16T22:31:30.933832,1789615890.934,2745
c2_c925_20260916_222958.mp4,2026-09-16T22:31:30.967990,1789615890.968,2746
c2_c925_20260916_222958.mp4,2026-09-16T22:31:31.000067,1789615891.000,2747
c2_c925_20260916_222958.mp4,2026-09-16T22:31:31.031753,1789615891.032,2748
c2_c925_20260916_222958.mp4,2026-09-16T22:31:31.071601,1789615891.072,2749
c2_c925_20260916_222958.mp4,2026-09-16T22:31:31.105274,1789615891.105,2750
c2_c925_20260916_222958.mp4,2026-09-16T22:31:31.136661,1789615891.137,2751
c2_c925_20260916_222958.mp4,2026-09-16T22:31:31.172142,1789615891.172,2752
c2_c925_20260916_222958.mp4,2026-09-16T22:31:31.201185,1789615891.201,2753
c2_c925_20260916_222958.mp4,2026-09-16T22:31:31.230263,1789615891.230,2754
c2_c925_20260916_222958.mp4,2026-09-16T22:31:31.266206,1789615891.266,2755
c2_c925_20260916_222958.mp4,2026-09-16T22:31:31.298293,1789615891.298,2756
c2_c925_20260916_222958.mp4,2026-09-16T22:31:31.330372,1789615891.330,2757
c2_c925_20260916_222958.mp4,2026-09-16T22:31:31.366086,1789615891.366,2758
c2_c925_20260916_222958.mp4,2026-09-16T22:31:31.402393,1789615891.402,2759
c2_c925_20260916_222958.mp4,2026-09-16T22:31:31.431660,1789615891.432,2760
c2_c925_20260916_222958.mp4,2026-09-16T22:31:31.467176,1789615891.467,2761
c2_c925_20260916_222958.mp4,2026-09-16T22:31:31.501762,1789615891.502,2762
c2_c925_20260916_222958.mp4,2026-09-16T22:31:31.535566,1789615891.536,2763
c2_c925_20260916_222958.mp4,2026-09-16T22:31:31.568491,1789615891.569,2764
c2_c925_20260916_222958.mp4,2026-09-16T22:31:31.599110,1789615891.599,2765
c2_c925_20260916_222958.mp4,2026-09-16T22:31:31.630740,1789615891.631,2766
c2_c925_20260916_222958.mp4,2026-09-16T22:31:31.673247,1789615891.673,2767
c2_c925_20260916_222958.mp4,2026-09-16T22:31:31.703996,1789615891.704,2768
c2_c925_20260916_222958.mp4,2026-09-16T22:31:31.734541,1789615891.735,2769
c2_c925_20260916_222958.mp4,2026-09-16T22:31:31.773053,1789615891.773,2770
c2_c925_20260916_222958.mp4,2026-09-16T22:31:31.803795,1789615891.804,2771
c2_c925_20260916_222958.mp4,2026-09-16T22:31:31.835762,1789615891.836,2772
c2_c925_20260916_222958.mp4,2026-09-16T22:31:31.873219,1789615891.873,2773
c2_c925_20260916_222958.mp4,2026-09-16T22:31:31.902407,1789615891.902,2774
c2_c925_20260916_222958.mp4,2026-09-16T22:31:31.933254,1789615891.933,2775
c2_c925_20260916_222958.mp4,2026-09-16T22:31:31.967150,1789615891.967,2776
c2_c925_20260916_222958.mp4,2026-09-16T22:31:32.001469,1789615892.001,2777
c2_c925_20260916_222958.mp4,2026-09-16T22:31:32.032509,1789615892.033,2778
c2_c925_20260916_222958.mp4,2026-09-16T22:31:32.070455,1789615892.070,2779
c2_c925_20260916_222958.mp4,2026-09-16T22:31:32.103697,1789615892.104,2780
c2_c925_20260916_222958.mp4,2026-09-16T22:31:32.136212,1789615892.136,2781
c2_c925_20260916_222958.mp4,2026-09-16T22:31:32.170866,1789615892.171,2782
c2_c925_20260916_222958.mp4,2026-09-16T22:31:32.199180,1789615892.199,2783
c2_c925_20260916_222958.mp4,2026-09-16T22:31:32.233654,1789615892.234,2784
c2_c925_20260916_222958.mp4,2026-09-16T22:31:32.271270,1789615892.271,2785
c2_c925_20260916_222958.mp4,2026-09-16T22:31:32.302564,1789615892.303,2786
c2_c925_20260916_222958.mp4,2026-09-16T22:31:32.334798,1789615892.335,2787
c2_c925_20260916_222958.mp4,2026-09-16T22:31:32.369315,1789615892.369,2788
c2_c925_20260916_222958.mp4,2026-09-16T22:31:32.398228,1789615892.398,2789
c2_c925_20260916_222958.mp4,2026-09-16T22:31:32.433670,1789615892.434,2790
c2_c925_20260916_222958.mp4,2026-09-16T22:31:32.468487,1789615892.468,2791
c2_c925_20260916_222958.mp4,2026-09-16T22:31:32.501797,1789615892.502,2792
c2_c925_20260916_222958.mp4,2026-09-16T22:31:32.534990,1789615892.535,2793
c2_c925_20260916_222958.mp4,2026-09-16T22:31:32.571055,1789615892.571,2794
c2_c925_20260916_222958.mp4,2026-09-16T22:31:32.604588,1789615892.605,2795
c2_c925_20260916_222958.mp4,2026-09-16T22:31:32.634931,1789615892.635,2796
c2_c925_20260916_222958.mp4,2026-09-16T22:31:32.672298,1789615892.672,2797
c2_c925_20260916_222958.mp4,2026-09-16T22:31:32.704621,1789615892.705,2798
c2_c925_20260916_222958.mp4,2026-09-16T22:31:32.735403,1789615892.735,2799
c2_c925_20260916_222958.mp4,2026-09-16T22:31:32.770741,1789615892.771,2800
c2_c925_20260916_222958.mp4,2026-09-16T22:31:32.802365,1789615892.802,2801
c2_c925_20260916_222958.mp4,2026-09-16T22:31:32.831325,1789615892.831,2802
c2_c925_20260916_222958.mp4,2026-09-16T22:31:32.866807,1789615892.867,2803
c2_c925_20260916_222958.mp4,2026-09-16T22:31:32.899252,1789615892.899,2804
c2_c925_20260916_222958.mp4,2026-09-16T22:31:32.930071,1789615892.930,2805
c2_c925_20260916_222958.mp4,2026-09-16T22:31:32.966387,1789615892.966,2806
c2_c925_20260916_222958.mp4,2026-09-16T22:31:33.002473,1789615893.002,2807
c2_c925_20260916_222958.mp4,2026-09-16T22:31:33.035892,1789615893.036,2808
c2_c925_20260916_222958.mp4,2026-09-16T22:31:33.071014,1789615893.071,2809
c2_c925_20260916_222958.mp4,2026-09-16T22:31:33.105252,1789615893.105,2810
c2_c925_20260916_222958.mp4,2026-09-16T22:31:33.137189,1789615893.137,2811
c2_c925_20260916_222958.mp4,2026-09-16T22:31:33.172383,1789615893.172,2812
c2_c925_20260916_222958.mp4,2026-09-16T22:31:33.204873,1789615893.205,2813
c2_c925_20260916_222958.mp4,2026-09-16T22:31:33.235924,1789615893.236,2814
c2_c925_20260916_222958.mp4,2026-09-16T22:31:33.271672,1789615893.272,2815
c2_c925_20260916_222958.mp4,2026-09-16T22:31:33.303055,1789615893.303,2816
c2_c925_20260916_222958.mp4,2026-09-16T22:31:33.336470,1789615893.336,2817
c2_c925_20260916_222958.mp4,2026-09-16T22:31:33.370128,1789615893.370,2818
c2_c925_20260916_222958.mp4,2026-09-16T22:31:33.399423,1789615893.399,2819
c2_c925_20260916_222958.mp4,2026-09-16T22:31:33.430317,1789615893.430,2820
c2_c925_20260916_222958.mp4,2026-09-16T22:31:33.470544,1789615893.471,2821
c2_c925_20260916_222958.mp4,2026-09-16T22:31:33.502260,1789615893.502,2822
c2_c925_20260916_222958.mp4,2026-09-16T22:31:33.534646,1789615893.535,2823
c2_c925_20260916_222958.mp4,2026-09-16T22:31:33.571890,1789615893.572,2824
c2_c925_20260916_222958.mp4,2026-09-16T22:31:33.605245,1789615893.605,2825
c2_c925_20260916_222958.mp4,2026-09-16T22:31:33.636560,1789615893.637,2826
c2_c925_20260916_222958.mp4,2026-09-16T22:31:33.671180,1789615893.671,2827
c2_c925_20260916_222958.mp4,2026-09-16T22:31:33.705108,1789615893.705,2828
c2_c925_20260916_222958.mp4,2026-09-16T22:31:33.736331,1789615893.736,2829
c2_c925_20260916_222958.mp4,2026-09-16T22:31:33.772887,1789615893.773,2830
c2_c925_20260916_222958.mp4,2026-09-16T22:31:33.804616,1789615893.805,2831
c2_c925_20260916_222958.mp4,2026-09-16T22:31:33.835517,1789615893.836,2832
c2_c925_20260916_222958.mp4,2026-09-16T22:31:33.868624,1789615893.869,2833
c2_c925_20260916_222958.mp4,2026-09-16T22:31:33.900546,1789615893.901,2834
c2_c925_20260916_222958.mp4,2026-09-16T22:31:33.931298,1789615893.931,2835
c2_c925_20260916_222958.mp4,2026-09-16T22:31:33.968661,1789615893.969,2836
c2_c925_20260916_222958.mp4,2026-09-16T22:31:34.000972,1789615894.001,2837
c2_c925_20260916_222958.mp4,2026-09-16T22:31:34.034729,1789615894.035,2838
c2_c925_20260916_222958.mp4,2026-09-16T22:31:34.071989,1789615894.072,2839
c2_c925_20260916_222958.mp4,2026-09-16T22:31:34.105789,1789615894.106,2840
c2_c925_20260916_222958.mp4,2026-09-16T22:31:34.137265,1789615894.137,2841
c2_c925_20260916_222958.mp4,2026-09-16T22:31:34.172505,1789615894.173,2842
c2_c925_20260916_222958.mp4,2026-09-16T22:31:34.202402,1789615894.202,2843
c2_c925_20260916_222958.mp4,2026-09-16T22:31:34.236782,1789615894.237,2844
c2_c925_20260916_222958.mp4,2026-09-16T22:31:34.272668,1789615894.273,2845
c2_c925_20260916_222958.mp4,2026-09-16T22:31:34.304237,1789615894.304,2846
c2_c925_20260916_222958.mp4,2026-09-16T22:31:34.336446,1789615894.336,2847
c2_c925_20260916_222958.mp4,2026-09-16T22:31:34.371764,1789615894.372,2848
c2_c925_20260916_222958.mp4,2026-09-16T22:31:34.400932,1789615894.401,2849
c2_c925_20260916_222958.mp4,2026-09-16T22:31:34.431081,1789615894.431,2850
c2_c925_20260916_222958.mp4,2026-09-16T22:31:34.469038,1789615894.469,2851
c2_c925_20260916_222958.mp4,2026-09-16T22:31:34.501930,1789615894.502,2852
c2_c925_20260916_222958.mp4,2026-09-16T22:31:34.536773,1789615894.537,2853
c2_c925_20260916_222958.mp4,2026-09-16T22:31:34.570627,1789615894.571,2854
c2_c925_20260916_222958.mp4,2026-09-16T22:31:34.599702,1789615894.600,2855
c2_c925_20260916_222958.mp4,2026-09-16T22:31:34.632016,1789615894.632,2856
c2_c925_20260916_222958.mp4,2026-09-16T22:31:34.670004,1789615894.670,2857
c2_c925_20260916_222958.mp4,2026-09-16T22:31:34.704737,1789615894.705,2858
c2_c925_20260916_222958.mp4,2026-09-16T22:31:34.735943,1789615894.736,2859
c2_c925_20260916_222958.mp4,2026-09-16T22:31:34.772394,1789615894.772,2860
c2_c925_20260916_222958.mp4,2026-09-16T22:31:34.804583,1789615894.805,2861
c2_c925_20260916_222958.mp4,2026-09-16T22:31:34.834868,1789615894.835,2862
c2_c925_20260916_222958.mp4,2026-09-16T22:31:34.870626,1789615894.871,2863
c2_c925_20260916_222958.mp4,2026-09-16T22:31:34.899765,1789615894.900,2864
c2_c925_20260916_222958.mp4,2026-09-16T22:31:34.930612,1789615894.931,2865
c2_c925_20260916_222958.mp4,2026-09-16T22:31:34.967539,1789615894.968,2866
c2_c925_20260916_222958.mp4,2026-09-16T22:31:35.000229,1789615895.000,2867
c2_c925_20260916_222958.mp4,2026-09-16T22:31:35.035372,1789615895.035,2868
c2_c925_20260916_222958.mp4,2026-09-16T22:31:35.071899,1789615895.072,2869
c2_c925_20260916_222958.mp4,2026-09-16T22:31:35.104608,1789615895.105,2870
c2_c925_20260916_222958.mp4,2026-09-16T22:31:35.135560,1789615895.136,2871
c2_c925_20260916_222958.mp4,2026-09-16T22:31:35.173741,1789615895.174,2872
c2_c925_20260916_222958.mp4,2026-09-16T22:31:35.198552,1789615895.199,2873
c2_c925_20260916_222958.mp4,2026-09-16T22:31:35.233439,1789615895.233,2874
c2_c925_20260916_222958.mp4,2026-09-16T22:31:35.267741,1789615895.268,2875
c2_c925_20260916_222958.mp4,2026-09-16T22:31:35.303095,1789615895.303,2876
c2_c925_20260916_222958.mp4,2026-09-16T22:31:35.332842,1789615895.333,2877
c2_c925_20260916_222958.mp4,2026-09-16T22:31:35.372219,1789615895.372,2878
c2_c925_20260916_222958.mp4,2026-09-16T22:31:35.403146,1789615895.403,2879
c2_c925_20260916_222958.mp4,2026-09-16T22:31:35.434243,1789615895.434,2880
c2_c925_20260916_222958.mp4,2026-09-16T22:31:35.468075,1789615895.468,2881
c2_c925_20260916_222958.mp4,2026-09-16T22:31:35.498623,1789615895.499,2882
c2_c925_20260916_222958.mp4,2026-09-16T22:31:35.530090,1789615895.530,2883
c2_c925_20260916_222958.mp4,2026-09-16T22:31:35.566123,1789615895.566,2884
c2_c925_20260916_222958.mp4,2026-09-16T22:31:35.599304,1789615895.599,2885
c2_c925_20260916_222958.mp4,2026-09-16T22:31:35.634939,1789615895.635,2886
c2_c925_20260916_222958.mp4,2026-09-16T22:31:35.673173,1789615895.673,2887
c2_c925_20260916_222958.mp4,2026-09-16T22:31:35.704583,1789615895.705,2888
c2_c925_20260916_222958.mp4,2026-09-16T22:31:35.735451,1789615895.735,2889
c2_c925_20260916_222958.mp4,2026-09-16T22:31:35.771191,1789615895.771,2890
c2_c925_20260916_222958.mp4,2026-09-16T22:31:35.799133,1789615895.799,2891
c2_c925_20260916_222958.mp4,2026-09-16T22:31:35.832953,1789615895.833,2892
c2_c925_20260916_222958.mp4,2026-09-16T22:31:35.870245,1789615895.870,2893
c2_c925_20260916_222958.mp4,2026-09-16T22:31:35.898610,1789615895.899,2894
c2_c925_20260916_222958.mp4,2026-09-16T22:31:35.934189,1789615895.934,2895
c2_c925_20260916_222958.mp4,2026-09-16T22:31:35.969207,1789615895.969,2896
c2_c925_20260916_222958.mp4,2026-09-16T22:31:36.000009,1789615896.000,2897
c2_c925_20260916_222958.mp4,2026-09-16T22:31:36.033607,1789615896.034,2898
c2_c925_20260916_222958.mp4,2026-09-16T22:31:36.068855,1789615896.069,2899
c2_c925_20260916_222958.mp4,2026-09-16T22:31:36.103018,1789615896.103,2900
c2_c925_20260916_222958.mp4,2026-09-16T22:31:36.134425,1789615896.134,2901
c2_c925_20260916_222958.mp4,2026-09-16T22:31:36.172107,1789615896.172,2902
c2_c925_20260916_222958.mp4,2026-09-16T22:31:36.202505,1789615896.203,2903
c2_c925_20260916_222958.mp4,2026-09-16T22:31:36.237222,1789615896.237,2904
c2_c925_20260916_222958.mp4,2026-09-16T22:31:36.272619,1789615896.273,2905
c2_c925_20260916_222958.mp4,2026-09-16T22:31:36.304761,1789615896.305,2906
c2_c925_20260916_222958.mp4,2026-09-16T22:31:36.335867,1789615896.336,2907
c2_c925_20260916_222958.mp4,2026-09-16T22:31:36.373126,1789615896.373,2908
c2_c925_20260916_222958.mp4,2026-09-16T22:31:36.403060,1789615896.403,2909
c2_c925_20260916_222958.mp4,2026-09-16T22:31:36.432077,1789615896.432,2910
c2_c925_20260916_222958.mp4,2026-09-16T22:31:36.466199,1789615896.466,2911
c2_c925_20260916_222958.mp4,2026-09-16T22:31:36.499513,1789615896.500,2912
c2_c925_20260916_222958.mp4,2026-09-16T22:31:36.534371,1789615896.534,2913
c2_c925_20260916_222958.mp4,2026-09-16T22:31:36.570663,1789615896.571,2914
c2_c925_20260916_222958.mp4,2026-09-16T22:31:36.603487,1789615896.604,2915
c2_c925_20260916_222958.mp4,2026-09-16T22:31:36.635873,1789615896.636,2916
c2_c925_20260916_222958.mp4,2026-09-16T22:31:36.670864,1789615896.671,2917
c2_c925_20260916_222958.mp4,2026-09-16T22:31:36.705207,1789615896.705,2918
c2_c925_20260916_222958.mp4,2026-09-16T22:31:36.736737,1789615896.737,2919
c2_c925_20260916_222958.mp4,2026-09-16T22:31:36.772504,1789615896.773,2920
c2_c925_20260916_222958.mp4,2026-09-16T22:31:36.804874,1789615896.805,2921
c2_c925_20260916_222958.mp4,2026-09-16T22:31:36.836584,1789615896.837,2922
c2_c925_20260916_222958.mp4,2026-09-16T22:31:36.872198,1789615896.872,2923
c2_c925_20260916_222958.mp4,2026-09-16T22:31:36.905371,1789615896.905,2924
c2_c925_20260916_222958.mp4,2026-09-16T22:31:36.935249,1789615896.935,2925
c2_c925_20260916_222958.mp4,2026-09-16T22:31:36.970317,1789615896.970,2926
c2_c925_20260916_222958.mp4,2026-09-16T22:31:37.001423,1789615897.001,2927
c2_c925_20260916_222958.mp4,2026-09-16T22:31:37.033804,1789615897.034,2928
c2_c925_20260916_222958.mp4,2026-09-16T22:31:37.067659,1789615897.068,2929
c2_c925_20260916_222958.mp4,2026-09-16T22:31:37.101560,1789615897.102,2930
c2_c925_20260916_222958.mp4,2026-09-16T22:31:37.134296,1789615897.134,2931
c2_c925_20260916_222958.mp4,2026-09-16T22:31:37.173181,1789615897.173,2932
c2_c925_20260916_222958.mp4,2026-09-16T22:31:37.204236,1789615897.204,2933
c2_c925_20260916_222958.mp4,2026-09-16T22:31:37.235593,1789615897.236,2934
c2_c925_20260916_222958.mp4,2026-09-16T22:31:37.273007,1789615897.273,2935
c2_c925_20260916_222958.mp4,2026-09-16T22:31:37.305058,1789615897.305,2936
c2_c925_20260916_222958.mp4,2026-09-16T22:31:37.336736,1789615897.337,2937
c2_c925_20260916_222958.mp4,2026-09-16T22:31:37.373138,1789615897.373,2938
c2_c925_20260916_222958.mp4,2026-09-16T22:31:37.403849,1789615897.404,2939
c2_c925_20260916_222958.mp4,2026-09-16T22:31:37.436028,1789615897.436,2940
c2_c925_20260916_222958.mp4,2026-09-16T22:31:37.470495,1789615897.471,2941
c2_c925_20260916_222958.mp4,2026-09-16T22:31:37.501776,1789615897.502,2942
c2_c925_20260916_222958.mp4,2026-09-16T22:31:37.534443,1789615897.534,2943
c2_c925_20260916_222958.mp4,2026-09-16T22:31:37.570223,1789615897.570,2944
c2_c925_20260916_222958.mp4,2026-09-16T22:31:37.598096,1789615897.598,2945
c2_c925_20260916_222958.mp4,2026-09-16T22:31:37.633488,1789615897.634,2946
c2_c925_20260916_222958.mp4,2026-09-16T22:31:37.669682,1789615897.670,2947
c2_c925_20260916_222958.mp4,2026-09-16T22:31:37.702354,1789615897.702,2948
c2_c925_20260916_222958.mp4,2026-09-16T22:31:37.734773,1789615897.735,2949
c2_c925_20260916_222958.mp4,2026-09-16T22:31:37.769024,1789615897.769,2950
c2_c925_20260916_222958.mp4,2026-09-16T22:31:37.805876,1789615897.806,2951
c2_c925_20260916_222958.mp4,2026-09-16T22:31:37.836661,1789615897.837,2952
c2_c925_20260916_222958.mp4,2026-09-16T22:31:37.870469,1789615897.870,2953
c2_c925_20260916_222958.mp4,2026-09-16T22:31:37.905238,1789615897.905,2954
c2_c925_20260916_222958.mp4,2026-09-16T22:31:37.935557,1789615897.936,2955
c2_c925_20260916_222958.mp4,2026-09-16T22:31:37.970506,1789615897.971,2956
c2_c925_20260916_222958.mp4,2026-09-16T22:31:38.001909,1789615898.002,2957
c2_c925_20260916_222958.mp4,2026-09-16T22:31:38.034263,1789615898.034,2958
c2_c925_20260916_222958.mp4,2026-09-16T22:31:38.068682,1789615898.069,2959
c2_c925_20260916_222958.mp4,2026-09-16T22:31:38.103635,1789615898.104,2960
c2_c925_20260916_222958.mp4,2026-09-16T22:31:38.134970,1789615898.135,2961
c2_c925_20260916_222958.mp4,2026-09-16T22:31:38.172449,1789615898.172,2962
c2_c925_20260916_222958.mp4,2026-09-16T22:31:38.203769,1789615898.204,2963
c2_c925_20260916_222958.mp4,2026-09-16T22:31:38.234408,1789615898.234,2964
c2_c925_20260916_222958.mp4,2026-09-16T22:31:38.271480,1789615898.272,2965
c2_c925_20260916_222958.mp4,2026-09-16T22:31:38.301883,1789615898.302,2966
c2_c925_20260916_222958.mp4,2026-09-16T22:31:38.331120,1789615898.331,2967
c2_c925_20260916_222958.mp4,2026-09-16T22:31:38.366999,1789615898.367,2968
c2_c925_20260916_222958.mp4,2026-09-16T22:31:38.403276,1789615898.403,2969
c2_c925_20260916_222958.mp4,2026-09-16T22:31:38.434598,1789615898.435,2970
c2_c925_20260916_222958.mp4,2026-09-16T22:31:38.468607,1789615898.469,2971
c2_c925_20260916_222958.mp4,2026-09-16T22:31:38.498865,1789615898.499,2972
c2_c925_20260916_222958.mp4,2026-09-16T22:31:38.532775,1789615898.533,2973
c2_c925_20260916_222958.mp4,2026-09-16T22:31:38.568764,1789615898.569,2974
c2_c925_20260916_222958.mp4,2026-09-16T22:31:38.602556,1789615898.603,2975
c2_c925_20260916_222958.mp4,2026-09-16T22:31:38.634891,1789615898.635,2976
c2_c925_20260916_222958.mp4,2026-09-16T22:31:38.669718,1789615898.670,2977
c2_c925_20260916_222958.mp4,2026-09-16T22:31:38.703951,1789615898.704,2978
c2_c925_20260916_222958.mp4,2026-09-16T22:31:38.734545,1789615898.735,2979
c2_c925_20260916_222958.mp4,2026-09-16T22:31:38.772690,1789615898.773,2980
c2_c925_20260916_222958.mp4,2026-09-16T22:31:38.802027,1789615898.802,2981
c2_c925_20260916_222958.mp4,2026-09-16T22:31:38.836868,1789615898.837,2982
c2_c925_20260916_222958.mp4,2026-09-16T22:31:38.872519,1789615898.873,2983
c2_c925_20260916_222958.mp4,2026-09-16T22:31:38.903744,1789615898.904,2984
c2_c925_20260916_222958.mp4,2026-09-16T22:31:38.931088,1789615898.931,2985
c2_c925_20260916_222958.mp4,2026-09-16T22:31:38.967504,1789615898.968,2986
c2_c925_20260916_222958.mp4,2026-09-16T22:31:39.002714,1789615899.003,2987
c2_c925_20260916_222958.mp4,2026-09-16T22:31:39.033129,1789615899.033,2988
c2_c925_20260916_222958.mp4,2026-09-16T22:31:39.069780,1789615899.070,2989
c2_c925_20260916_222958.mp4,2026-09-16T22:31:39.102969,1789615899.103,2990
c2_c925_20260916_222958.mp4,2026-09-16T22:31:39.132838,1789615899.133,2991
c2_c925_20260916_222958.mp4,2026-09-16T22:31:39.169760,1789615899.170,2992
c2_c925_20260916_222958.mp4,2026-09-16T22:31:39.204721,1789615899.205,2993
c2_c925_20260916_222958.mp4,2026-09-16T22:31:39.235938,1789615899.236,2994
c2_c925_20260916_222958.mp4,2026-09-16T22:31:39.270351,1789615899.270,2995
c2_c925_20260916_222958.mp4,2026-09-16T22:31:39.298512,1789615899.299,2996
c2_c925_20260916_222958.mp4,2026-09-16T22:31:39.330087,1789615899.330,2997
c2_c925_20260916_222958.mp4,2026-09-16T22:31:39.372249,1789615899.372,2998
c2_c925_20260916_222958.mp4,2026-09-16T22:31:39.404283,1789615899.404,2999
c2_c925_20260916_222958.mp4,2026-09-16T22:31:39.436590,1789615899.437,3000
c2_c925_20260916_222958.mp4,2026-09-16T22:31:39.470790,1789615899.471,3001
c2_c925_20260916_222958.mp4,2026-09-16T22:31:39.502184,1789615899.502,3002
c2_c925_20260916_222958.mp4,2026-09-16T22:31:39.531276,1789615899.531,3003
c2_c925_20260916_222958.mp4,2026-09-16T22:31:39.568918,1789615899.569,3004
c2_c925_20260916_222958.mp4,2026-09-16T22:31:39.602404,1789615899.602,3005
c2_c925_20260916_222958.mp4,2026-09-16T22:31:39.635268,1789615899.635,3006
c2_c925_20260916_222958.mp4,2026-09-16T22:31:39.669917,1789615899.670,3007
c2_c925_20260916_222958.mp4,2026-09-16T22:31:39.703747,1789615899.704,3008
c2_c925_20260916_222958.mp4,2026-09-16T22:31:39.731034,1789615899.731,3009
c2_c925_20260916_222958.mp4,2026-09-16T22:31:39.767199,1789615899.767,3010
c2_c925_20260916_222958.mp4,2026-09-16T22:31:39.798268,1789615899.798,3011
c2_c925_20260916_222958.mp4,2026-09-16T22:31:39.836913,1789615899.837,3012
c2_c925_20260916_222958.mp4,2026-09-16T22:31:39.872626,1789615899.873,3013
c2_c925_20260916_222958.mp4,2026-09-16T22:31:39.904403,1789615899.904,3014
c2_c925_20260916_222958.mp4,2026-09-16T22:31:39.936789,1789615899.937,3015
c2_c925_20260916_222958.mp4,2026-09-16T22:31:39.971316,1789615899.971,3016
c2_c925_20260916_222958.mp4,2026-09-16T22:31:40.002634,1789615900.003,3017
c2_c925_20260916_222958.mp4,2026-09-16T22:31:40.031263,1789615900.031,3018
c2_c925_20260916_222958.mp4,2026-09-16T22:31:40.069261,1789615900.069,3019
c2_c925_20260916_222958.mp4,2026-09-16T22:31:40.102509,1789615900.103,3020
c2_c925_20260916_222958.mp4,2026-09-16T22:31:40.134584,1789615900.135,3021
c2_c925_20260916_222958.mp4,2026-09-16T22:31:40.168338,1789615900.168,3022
c2_c925_20260916_222958.mp4,2026-09-16T22:31:40.199330,1789615900.199,3023
c2_c925_20260916_222958.mp4,2026-09-16T22:31:40.230833,1789615900.231,3024
c2_c925_20260916_222958.mp4,2026-09-16T22:31:40.265961,1789615900.266,3025
c2_c925_20260916_222958.mp4,2026-09-16T22:31:40.301483,1789615900.301,3026
c2_c925_20260916_222958.mp4,2026-09-16T22:31:40.336562,1789615900.337,3027
c2_c925_20260916_222958.mp4,2026-09-16T22:31:40.371303,1789615900.371,3028
c2_c925_20260916_222958.mp4,2026-09-16T22:31:40.404330,1789615900.404,3029
c2_c925_20260916_222958.mp4,2026-09-16T22:31:40.436181,1789615900.436,3030
c2_c925_20260916_222958.mp4,2026-09-16T22:31:40.471138,1789615900.471,3031
c2_c925_20260916_222958.mp4,2026-09-16T22:31:40.502656,1789615900.503,3032
c2_c925_20260916_222958.mp4,2026-09-16T22:31:40.532763,1789615900.533,3033
c2_c925_20260916_222958.mp4,2026-09-16T22:31:40.569303,1789615900.569,3034
c2_c925_20260916_222958.mp4,2026-09-16T22:31:40.601219,1789615900.601,3035
c2_c925_20260916_222958.mp4,2026-09-16T22:31:40.635929,1789615900.636,3036
c2_c925_20260916_222958.mp4,2026-09-16T22:31:40.670585,1789615900.671,3037
c2_c925_20260916_222958.mp4,2026-09-16T22:31:40.702542,1789615900.703,3038
c2_c925_20260916_222958.mp4,2026-09-16T22:31:40.736652,1789615900.737,3039
c2_c925_20260916_222958.mp4,2026-09-16T22:31:40.769173,1789615900.769,3040
c2_c925_20260916_222958.mp4,2026-09-16T22:31:40.799034,1789615900.799,3041
c2_c925_20260916_222958.mp4,2026-09-16T22:31:40.831598,1789615900.832,3042
c2_c925_20260916_222958.mp4,2026-09-16T22:31:40.872601,1789615900.873,3043
c2_c925_20260916_222958.mp4,2026-09-16T22:31:40.902942,1789615900.903,3044
c2_c925_20260916_222958.mp4,2026-09-16T22:31:40.934598,1789615900.935,3045
c2_c925_20260916_222958.mp4,2026-09-16T22:31:40.971699,1789615900.972,3046
c2_c925_20260916_222958.mp4,2026-09-16T22:31:41.000577,1789615901.001,3047
c2_c925_20260916_222958.mp4,2026-09-16T22:31:41.038564,1789615901.039,3048
c2_c925_20260916_222958.mp4,2026-09-16T22:31:41.067054,1789615901.067,3049
c2_c925_20260916_222958.mp4,2026-09-16T22:31:41.099007,1789615901.099,3050
c2_c925_20260916_222958.mp4,2026-09-16T22:31:41.135794,1789615901.136,3051
c2_c925_20260916_222958.mp4,2026-09-16T22:31:41.170523,1789615901.171,3052
c2_c925_20260916_222958.mp4,2026-09-16T22:31:41.203785,1789615901.204,3053
c2_c925_20260916_222958.mp4,2026-09-16T22:31:41.235477,1789615901.235,3054
c2_c925_20260916_222958.mp4,2026-09-16T22:31:41.271972,1789615901.272,3055
c2_c925_20260916_222958.mp4,2026-09-16T22:31:41.304344,1789615901.304,3056
c2_c925_20260916_222958.mp4,2026-09-16T22:31:41.336272,1789615901.336,3057
c2_c925_20260916_222958.mp4,2026-09-16T22:31:41.366569,1789615901.367,3058
c2_c925_20260916_222958.mp4,2026-09-16T22:31:41.398919,1789615901.399,3059
c2_c925_20260916_222958.mp4,2026-09-16T22:31:41.432078,1789615901.432,3060
c2_c925_20260916_222958.mp4,2026-09-16T22:31:41.471350,1789615901.471,3061
c2_c925_20260916_222958.mp4,2026-09-16T22:31:41.502858,1789615901.503,3062
c2_c925_20260916_222958.mp4,2026-09-16T22:31:41.532496,1789615901.533,3063
c2_c925_20260916_222958.mp4,2026-09-16T22:31:41.569479,1789615901.569,3064
c2_c925_20260916_222958.mp4,2026-09-16T22:31:41.602700,1789615901.603,3065
c2_c925_20260916_222958.mp4,2026-09-16T22:31:41.634378,1789615901.634,3066
c2_c925_20260916_222958.mp4,2026-09-16T22:31:41.670836,1789615901.671,3067
c2_c925_20260916_222958.mp4,2026-09-16T22:31:41.703387,1789615901.703,3068
c2_c925_20260916_222958.mp4,2026-09-16T22:31:41.737067,1789615901.737,3069
c2_c925_20260916_222958.mp4,2026-09-16T22:31:41.772690,1789615901.773,3070
c2_c925_20260916_222958.mp4,2026-09-16T22:31:41.803901,1789615901.804,3071
c2_c925_20260916_222958.mp4,2026-09-16T22:31:41.836985,1789615901.837,3072
c2_c925_20260916_222958.mp4,2026-09-16T22:31:41.871647,1789615901.872,3073
c2_c925_20260916_222958.mp4,2026-09-16T22:31:41.904294,1789615901.904,3074
c2_c925_20260916_222958.mp4,2026-09-16T22:31:41.934566,1789615901.935,3075
c2_c925_20260916_222958.mp4,2026-09-16T22:31:41.966336,1789615901.966,3076
c2_c925_20260916_222958.mp4,2026-09-16T22:31:42.000524,1789615902.001,3077
c2_c925_20260916_222958.mp4,2026-09-16T22:31:42.031898,1789615902.032,3078
c2_c925_20260916_222958.mp4,2026-09-16T22:31:42.067297,1789615902.067,3079
c2_c925_20260916_222958.mp4,2026-09-16T22:31:42.101042,1789615902.101,3080
c2_c925_20260916_222958.mp4,2026-09-16T22:31:42.134207,1789615902.134,3081
c2_c925_20260916_222958.mp4,2026-09-16T22:31:42.171037,1789615902.171,3082
c2_c925_20260916_222958.mp4,2026-09-16T22:31:42.206914,1789615902.207,3083
c2_c925_20260916_222958.mp4,2026-09-16T22:31:42.236618,1789615902.237,3084
c2_c925_20260916_222958.mp4,2026-09-16T22:31:42.270849,1789615902.271,3085
c2_c925_20260916_222958.mp4,2026-09-16T22:31:42.304256,1789615902.304,3086
c2_c925_20260916_222958.mp4,2026-09-16T22:31:42.336590,1789615902.337,3087
c2_c925_20260916_222958.mp4,2026-09-16T22:31:42.372164,1789615902.372,3088
c2_c925_20260916_222958.mp4,2026-09-16T22:31:42.404295,1789615902.404,3089
c2_c925_20260916_222958.mp4,2026-09-16T22:31:42.435731,1789615902.436,3090
c2_c925_20260916_222958.mp4,2026-09-16T22:31:42.470424,1789615902.470,3091
c2_c925_20260916_222958.mp4,2026-09-16T22:31:42.501160,1789615902.501,3092
c2_c925_20260916_222958.mp4,2026-09-16T22:31:42.532346,1789615902.532,3093
c2_c925_20260916_222958.mp4,2026-09-16T22:31:42.568248,1789615902.568,3094
c2_c925_20260916_222958.mp4,2026-09-16T22:31:42.598547,1789615902.599,3095
c2_c925_20260916_222958.mp4,2026-09-16T22:31:42.630119,1789615902.630,3096
c2_c925_20260916_222958.mp4,2026-09-16T22:31:42.667208,1789615902.667,3097
c2_c925_20260916_222958.mp4,2026-09-16T22:31:42.702945,1789615902.703,3098
c2_c925_20260916_222958.mp4,2026-09-16T22:31:42.736677,1789615902.737,3099
c2_c925_20260916_222958.mp4,2026-09-16T22:31:42.772110,1789615902.772,3100
c2_c925_20260916_222958.mp4,2026-09-16T22:31:42.803357,1789615902.803,3101
c2_c925_20260916_222958.mp4,2026-09-16T22:31:42.834501,1789615902.835,3102
c2_c925_20260916_222958.mp4,2026-09-16T22:31:42.870663,1789615902.871,3103
c2_c925_20260916_222958.mp4,2026-09-16T22:31:42.901923,1789615902.902,3104
c2_c925_20260916_222958.mp4,2026-09-16T22:31:42.934570,1789615902.935,3105
c2_c925_20260916_222958.mp4,2026-09-16T22:31:42.971023,1789615902.971,3106
c2_c925_20260916_222958.mp4,2026-09-16T22:31:42.998179,1789615902.998,3107
c2_c925_20260916_222958.mp4,2026-09-16T22:31:43.030210,1789615903.030,3108
c2_c925_20260916_222958.mp4,2026-09-16T22:31:43.066140,1789615903.066,3109
c2_c925_20260916_222958.mp4,2026-09-16T22:31:43.098138,1789615903.098,3110
c2_c925_20260916_222958.mp4,2026-09-16T22:31:43.132017,1789615903.132,3111
c2_c925_20260916_222958.mp4,2026-09-16T22:31:43.170403,1789615903.170,3112
c2_c925_20260916_222958.mp4,2026-09-16T22:31:43.198869,1789615903.199,3113
c2_c925_20260916_222958.mp4,2026-09-16T22:31:43.231320,1789615903.231,3114
c2_c925_20260916_222958.mp4,2026-09-16T22:31:43.269402,1789615903.269,3115
c2_c925_20260916_222958.mp4,2026-09-16T22:31:43.304217,1789615903.304,3116
c2_c925_20260916_222958.mp4,2026-09-16T22:31:43.336519,1789615903.337,3117
c2_c925_20260916_222958.mp4,2026-09-16T22:31:43.372254,1789615903.372,3118
c2_c925_20260916_222958.mp4,2026-09-16T22:31:43.402526,1789615903.403,3119
c2_c925_20260916_222958.mp4,2026-09-16T22:31:43.436095,1789615903.436,3120
c2_c925_20260916_222958.mp4,2026-09-16T22:31:43.471708,1789615903.472,3121
c2_c925_20260916_222958.mp4,2026-09-16T22:31:43.503586,1789615903.504,3122
c2_c925_20260916_222958.mp4,2026-09-16T22:31:43.533613,1789615903.534,3123
c2_c925_20260916_222958.mp4,2026-09-16T22:31:43.570682,1789615903.571,3124
c2_c925_20260916_222958.mp4,2026-09-16T22:31:43.601517,1789615903.602,3125
c2_c925_20260916_222958.mp4,2026-09-16T22:31:43.634251,1789615903.634,3126
c2_c925_20260916_222958.mp4,2026-09-16T22:31:43.670480,1789615903.670,3127
c2_c925_20260916_222958.mp4,2026-09-16T22:31:43.702861,1789615903.703,3128
c2_c925_20260916_222958.mp4,2026-09-16T22:31:43.736168,1789615903.736,3129
c2_c925_20260916_222958.mp4,2026-09-16T22:31:43.771894,1789615903.772,3130
c2_c925_20260916_222958.mp4,2026-09-16T22:31:43.801766,1789615903.802,3131
c2_c925_20260916_222958.mp4,2026-09-16T22:31:43.832264,1789615903.832,3132
c2_c925_20260916_222958.mp4,2026-09-16T22:31:43.868743,1789615903.869,3133
c2_c925_20260916_222958.mp4,2026-09-16T22:31:43.902302,1789615903.902,3134
c2_c925_20260916_222958.mp4,2026-09-16T22:31:43.930139,1789615903.930,3135
c2_c925_20260916_222958.mp4,2026-09-16T22:31:43.966201,1789615903.966,3136
c2_c925_20260916_222958.mp4,2026-09-16T22:31:43.998028,1789615903.998,3137
c2_c925_20260916_222958.mp4,2026-09-16T22:31:44.035289,1789615904.035,3138
c2_c925_20260916_222958.mp4,2026-09-16T22:31:44.069607,1789615904.070,3139
c2_c925_20260916_222958.mp4,2026-09-16T22:31:44.100084,1789615904.100,3140
c2_c925_20260916_222958.mp4,2026-09-16T22:31:44.130216,1789615904.130,3141
c2_c925_20260916_222958.mp4,2026-09-16T22:31:44.167416,1789615904.167,3142
c2_c925_20260916_222958.mp4,2026-09-16T22:31:44.198195,1789615904.198,3143
c2_c925_20260916_222958.mp4,2026-09-16T22:31:44.235064,1789615904.235,3144
c2_c925_20260916_222958.mp4,2026-09-16T22:31:44.271446,1789615904.271,3145
c2_c925_20260916_222958.mp4,2026-09-16T22:31:44.304659,1789615904.305,3146
c2_c925_20260916_222958.mp4,2026-09-16T22:31:44.337075,1789615904.337,3147
c2_c925_20260916_222958.mp4,2026-09-16T22:31:44.370814,1789615904.371,3148
c2_c925_20260916_222958.mp4,2026-09-16T22:31:44.403849,1789615904.404,3149
c2_c925_20260916_222958.mp4,2026-09-16T22:31:44.430210,1789615904.430,3150
c2_c925_20260916_222958.mp4,2026-09-16T22:31:44.470485,1789615904.471,3151
c2_c925_20260916_222958.mp4,2026-09-16T22:31:44.499151,1789615904.499,3152
c2_c925_20260916_222958.mp4,2026-09-16T22:31:44.534658,1789615904.535,3153
c2_c925_20260916_222958.mp4,2026-09-16T22:31:44.570122,1789615904.570,3154
c2_c925_20260916_222958.mp4,2026-09-16T22:31:44.601684,1789615904.602,3155
c2_c925_20260916_222958.mp4,2026-09-16T22:31:44.634442,1789615904.634,3156
c2_c925_20260916_222958.mp4,2026-09-16T22:31:44.670510,1789615904.671,3157
c2_c925_20260916_222958.mp4,2026-09-16T22:31:44.701757,1789615904.702,3158
c2_c925_20260916_222958.mp4,2026-09-16T22:31:44.736552,1789615904.737,3159
c2_c925_20260916_222958.mp4,2026-09-16T22:31:44.770346,1789615904.770,3160
c2_c925_20260916_222958.mp4,2026-09-16T22:31:44.804624,1789615904.805,3161
c2_c925_20260916_222958.mp4,2026-09-16T22:31:44.836443,1789615904.836,3162
c2_c925_20260916_222958.mp4,2026-09-16T22:31:44.871796,1789615904.872,3163
c2_c925_20260916_222958.mp4,2026-09-16T22:31:44.905021,1789615904.905,3164
c2_c925_20260916_222958.mp4,2026-09-16T22:31:44.937167,1789615904.937,3165
c2_c925_20260916_222958.mp4,2026-09-16T22:31:44.971614,1789615904.972,3166
c2_c925_20260916_222958.mp4,2026-09-16T22:31:45.005712,1789615905.006,3167
c2_c925_20260916_222958.mp4,2026-09-16T22:31:45.030116,1789615905.030,3168
c2_c925_20260916_222958.mp4,2026-09-16T22:31:45.066596,1789615905.067,3169
c2_c925_20260916_222958.mp4,2026-09-16T22:31:45.099353,1789615905.099,3170
c2_c925_20260916_222958.mp4,2026-09-16T22:31:45.133857,1789615905.134,3171
c2_c925_20260916_222958.mp4,2026-09-16T22:31:45.169075,1789615905.169,3172
c2_c925_20260916_222958.mp4,2026-09-16T22:31:45.201357,1789615905.201,3173
c2_c925_20260916_222958.mp4,2026-09-16T22:31:45.230651,1789615905.231,3174
c2_c925_20260916_222958.mp4,2026-09-16T22:31:45.270954,1789615905.271,3175
c2_c925_20260916_222958.mp4,2026-09-16T22:31:45.303056,1789615905.303,3176
c2_c925_20260916_222958.mp4,2026-09-16T22:31:45.336094,1789615905.336,3177
c2_c925_20260916_222958.mp4,2026-09-16T22:31:45.371831,1789615905.372,3178
c2_c925_20260916_222958.mp4,2026-09-16T22:31:45.404344,1789615905.404,3179
c2_c925_20260916_222958.mp4,2026-09-16T22:31:45.436533,1789615905.437,3180
c2_c925_20260916_222958.mp4,2026-09-16T22:31:45.471807,1789615905.472,3181
c2_c925_20260916_222958.mp4,2026-09-16T22:31:45.505149,1789615905.505,3182
c2_c925_20260916_222958.mp4,2026-09-16T22:31:45.536233,1789615905.536,3183
c2_c925_20260916_222958.mp4,2026-09-16T22:31:45.571057,1789615905.571,3184
c2_c925_20260916_222958.mp4,2026-09-16T22:31:45.600000,1789615905.600,3185
c2_c925_20260916_222958.mp4,2026-09-16T22:31:45.630627,1789615905.631,3186
c2_c925_20260916_222958.mp4,2026-09-16T22:31:45.666741,1789615905.667,3187
c2_c925_20260916_222958.mp4,2026-09-16T22:31:45.702144,1789615905.702,3188
c2_c925_20260916_222958.mp4,2026-09-16T22:31:45.734989,1789615905.735,3189
c2_c925_20260916_222958.mp4,2026-09-16T22:31:45.771458,1789615905.771,3190
c2_c925_20260916_222958.mp4,2026-09-16T22:31:45.803591,1789615905.804,3191
c2_c925_20260916_222958.mp4,2026-09-16T22:31:45.835178,1789615905.835,3192
c2_c925_20260916_222958.mp4,2026-09-16T22:31:45.871991,1789615905.872,3193
c2_c925_20260916_222958.mp4,2026-09-16T22:31:45.903342,1789615905.903,3194
c2_c925_20260916_222958.mp4,2026-09-16T22:31:45.935240,1789615905.935,3195
c2_c925_20260916_222958.mp4,2026-09-16T22:31:45.970482,1789615905.971,3196
c2_c925_20260916_222958.mp4,2026-09-16T22:31:46.004292,1789615906.004,3197
c2_c925_20260916_222958.mp4,2026-09-16T22:31:46.036124,1789615906.036,3198
c2_c925_20260916_222958.mp4,2026-09-16T22:31:46.072289,1789615906.072,3199
c2_c925_20260916_222958.mp4,2026-09-16T22:31:46.103160,1789615906.103,3200
c2_c925_20260916_222958.mp4,2026-09-16T22:31:46.133696,1789615906.134,3201
c2_c925_20260916_222958.mp4,2026-09-16T22:31:46.169763,1789615906.170,3202
c2_c925_20260916_222958.mp4,2026-09-16T22:31:46.201264,1789615906.201,3203
c2_c925_20260916_222958.mp4,2026-09-16T22:31:46.230391,1789615906.230,3204
c2_c925_20260916_222958.mp4,2026-09-16T22:31:46.268482,1789615906.268,3205
c2_c925_20260916_222958.mp4,2026-09-16T22:31:46.300122,1789615906.300,3206
c2_c925_20260916_222958.mp4,2026-09-16T22:31:46.334167,1789615906.334,3207
c2_c925_20260916_222958.mp4,2026-09-16T22:31:46.371882,1789615906.372,3208
c2_c925_20260916_222958.mp4,2026-09-16T22:31:46.402909,1789615906.403,3209
c2_c925_20260916_222958.mp4,2026-09-16T22:31:46.432940,1789615906.433,3210
c2_c925_20260916_222958.mp4,2026-09-16T22:31:46.471240,1789615906.471,3211
c2_c925_20260916_222958.mp4,2026-09-16T22:31:46.503636,1789615906.504,3212
c2_c925_20260916_222958.mp4,2026-09-16T22:31:46.534671,1789615906.535,3213
c2_c925_20260916_222958.mp4,2026-09-16T22:31:46.571825,1789615906.572,3214
c2_c925_20260916_222958.mp4,2026-09-16T22:31:46.603467,1789615906.603,3215
c2_c925_20260916_222958.mp4,2026-09-16T22:31:46.635479,1789615906.635,3216
c2_c925_20260916_222958.mp4,2026-09-16T22:31:46.669836,1789615906.670,3217
c2_c925_20260916_222958.mp4,2026-09-16T22:31:46.700987,1789615906.701,3218
c2_c925_20260916_222958.mp4,2026-09-16T22:31:46.732689,1789615906.733,3219
c2_c925_20260916_222958.mp4,2026-09-16T22:31:46.768984,1789615906.769,3220
c2_c925_20260916_222958.mp4,2026-09-16T22:31:46.802444,1789615906.802,3221
c2_c925_20260916_222958.mp4,2026-09-16T22:31:46.835511,1789615906.836,3222
c2_c925_20260916_222958.mp4,2026-09-16T22:31:46.867166,1789615906.867,3223
c2_c925_20260916_222958.mp4,2026-09-16T22:31:46.902754,1789615906.903,3224
c2_c925_20260916_222958.mp4,2026-09-16T22:31:46.930653,1789615906.931,3225
c2_c925_20260916_222958.mp4,2026-09-16T22:31:46.970590,1789615906.971,3226
c2_c925_20260916_222958.mp4,2026-09-16T22:31:47.003952,1789615907.004,3227
c2_c925_20260916_222958.mp4,2026-09-16T22:31:47.035537,1789615907.036,3228
c2_c925_20260916_222958.mp4,2026-09-16T22:31:47.071022,1789615907.071,3229
c2_c925_20260916_222958.mp4,2026-09-16T22:31:47.104318,1789615907.104,3230
c2_c925_20260916_222958.mp4,2026-09-16T22:31:47.135791,1789615907.136,3231
c2_c925_20260916_222958.mp4,2026-09-16T22:31:47.171020,1789615907.171,3232
c2_c925_20260916_222958.mp4,2026-09-16T22:31:47.203039,1789615907.203,3233
c2_c925_20260916_222958.mp4,2026-09-16T22:31:47.234036,1789615907.234,3234
c2_c925_20260916_222958.mp4,2026-09-16T22:31:47.268983,1789615907.269,3235
c2_c925_20260916_222958.mp4,2026-09-16T22:31:47.301240,1789615907.301,3236
c2_c925_20260916_222958.mp4,2026-09-16T22:31:47.335874,1789615907.336,3237
c2_c925_20260916_222958.mp4,2026-09-16T22:31:47.370301,1789615907.370,3238
c2_c925_20260916_222958.mp4,2026-09-16T22:31:47.403779,1789615907.404,3239
c2_c925_20260916_222958.mp4,2026-09-16T22:31:47.436637,1789615907.437,3240
c2_c925_20260916_222958.mp4,2026-09-16T22:31:47.469337,1789615907.469,3241
c2_c925_20260916_222958.mp4,2026-09-16T22:31:47.502672,1789615907.503,3242
c2_c925_20260916_222958.mp4,2026-09-16T22:31:47.535213,1789615907.535,3243
c2_c925_20260916_222958.mp4,2026-09-16T22:31:47.570519,1789615907.571,3244
c2_c925_20260916_222958.mp4,2026-09-16T22:31:47.603936,1789615907.604,3245
c2_c925_20260916_222958.mp4,2026-09-16T22:31:47.635868,1789615907.636,3246
c2_c925_20260916_222958.mp4,2026-09-16T22:31:47.671539,1789615907.672,3247
c2_c925_20260916_222958.mp4,2026-09-16T22:31:47.703624,1789615907.704,3248
c2_c925_20260916_222958.mp4,2026-09-16T22:31:47.734190,1789615907.734,3249
c2_c925_20260916_222958.mp4,2026-09-16T22:31:47.769346,1789615907.769,3250
c2_c925_20260916_222958.mp4,2026-09-16T22:31:47.801245,1789615907.801,3251
c2_c925_20260916_222958.mp4,2026-09-16T22:31:47.834346,1789615907.834,3252
c2_c925_20260916_222958.mp4,2026-09-16T22:31:47.869057,1789615907.869,3253
c2_c925_20260916_222958.mp4,2026-09-16T22:31:47.898056,1789615907.898,3254
c2_c925_20260916_222958.mp4,2026-09-16T22:31:47.933573,1789615907.934,3255
c2_c925_20260916_222958.mp4,2026-09-16T22:31:47.971781,1789615907.972,3256
c2_c925_20260916_222958.mp4,2026-09-16T22:31:48.003923,1789615908.004,3257
c2_c925_20260916_222958.mp4,2026-09-16T22:31:48.036648,1789615908.037,3258
c2_c925_20260916_222958.mp4,2026-09-16T22:31:48.071231,1789615908.071,3259
c2_c925_20260916_222958.mp4,2026-09-16T22:31:48.098713,1789615908.099,3260
c2_c925_20260916_222958.mp4,2026-09-16T22:31:48.130502,1789615908.131,3261
c2_c925_20260916_222958.mp4,2026-09-16T22:31:48.166626,1789615908.167,3262
c2_c925_20260916_222958.mp4,2026-09-16T22:31:48.198074,1789615908.198,3263
c2_c925_20260916_222958.mp4,2026-09-16T22:31:48.234895,1789615908.235,3264
c2_c925_20260916_222958.mp4,2026-09-16T22:31:48.270644,1789615908.271,3265
c2_c925_20260916_222958.mp4,2026-09-16T22:31:48.302482,1789615908.302,3266
c2_c925_20260916_222958.mp4,2026-09-16T22:31:48.334254,1789615908.334,3267
c2_c925_20260916_222958.mp4,2026-09-16T22:31:48.370480,1789615908.370,3268
c2_c925_20260916_222958.mp4,2026-09-16T22:31:48.402919,1789615908.403,3269
c2_c925_20260916_222958.mp4,2026-09-16T22:31:48.433305,1789615908.433,3270
c2_c925_20260916_222958.mp4,2026-09-16T22:31:48.470945,1789615908.471,3271
c2_c925_20260916_222958.mp4,2026-09-16T22:31:48.503609,1789615908.504,3272
c2_c925_20260916_222958.mp4,2026-09-16T22:31:48.536672,1789615908.537,3273
c2_c925_20260916_222958.mp4,2026-09-16T22:31:48.571463,1789615908.571,3274
c2_c925_20260916_222958.mp4,2026-09-16T22:31:48.604313,1789615908.604,3275
c2_c925_20260916_222958.mp4,2026-09-16T22:31:48.636674,1789615908.637,3276
c2_c925_20260916_222958.mp4,2026-09-16T22:31:48.671690,1789615908.672,3277
c2_c925_20260916_222958.mp4,2026-09-16T22:31:48.701691,1789615908.702,3278
c2_c925_20260916_222958.mp4,2026-09-16T22:31:48.730874,1789615908.731,3279
c2_c925_20260916_222958.mp4,2026-09-16T22:31:48.768582,1789615908.769,3280
c2_c925_20260916_222958.mp4,2026-09-16T22:31:48.799572,1789615908.800,3281
c2_c925_20260916_222958.mp4,2026-09-16T22:31:48.831598,1789615908.832,3282
c2_c925_20260916_222958.mp4,2026-09-16T22:31:48.869441,1789615908.869,3283
c2_c925_20260916_222958.mp4,2026-09-16T22:31:48.901864,1789615908.902,3284
c2_c925_20260916_222958.mp4,2026-09-16T22:31:48.934899,1789615908.935,3285
c2_c925_20260916_222958.mp4,2026-09-16T22:31:48.968052,1789615908.968,3286
c2_c925_20260916_222958.mp4,2026-09-16T22:31:49.000706,1789615909.001,3287
c2_c925_20260916_222958.mp4,2026-09-16T22:31:49.036920,1789615909.037,3288
c2_c925_20260916_222958.mp4,2026-09-16T22:31:49.070388,1789615909.070,3289
c2_c925_20260916_222958.mp4,2026-09-16T22:31:49.102805,1789615909.103,3290
c2_c925_20260916_222958.mp4,2026-09-16T22:31:49.135193,1789615909.135,3291
c2_c925_20260916_222958.mp4,2026-09-16T22:31:49.171201,1789615909.171,3292
c2_c925_20260916_222958.mp4,2026-09-16T22:31:49.204627,1789615909.205,3293
c2_c925_20260916_222958.mp4,2026-09-16T22:31:49.239786,1789615909.240,3294
c2_c925_20260916_222958.mp4,2026-09-16T22:31:49.270991,1789615909.271,3295
c2_c925_20260916_222958.mp4,2026-09-16T22:31:49.302285,1789615909.302,3296
c2_c925_20260916_222958.mp4,2026-09-16T22:31:49.330084,1789615909.330,3297
c2_c925_20260916_222958.mp4,2026-09-16T22:31:49.366192,1789615909.366,3298
c2_c925_20260916_222958.mp4,2026-09-16T22:31:49.398020,1789615909.398,3299
c2_c925_20260916_222958.mp4,2026-09-16T22:31:49.430013,1789615909.430,3300
c2_c925_20260916_222958.mp4,2026-09-16T22:31:49.470452,1789615909.470,3301
c2_c925_20260916_222958.mp4,2026-09-16T22:31:49.501562,1789615909.502,3302
c2_c925_20260916_222958.mp4,2026-09-16T22:31:49.535877,1789615909.536,3303
c2_c925_20260916_222958.mp4,2026-09-16T22:31:49.570635,1789615909.571,3304
c2_c925_20260916_222958.mp4,2026-09-16T22:31:49.604325,1789615909.604,3305
c2_c925_20260916_222958.mp4,2026-09-16T22:31:49.635243,1789615909.635,3306
c2_c925_20260916_222958.mp4,2026-09-16T22:31:49.672260,1789615909.672,3307
c2_c925_20260916_222958.mp4,2026-09-16T22:31:49.703770,1789615909.704,3308
c2_c925_20260916_222958.mp4,2026-09-16T22:31:49.735423,1789615909.735,3309
c2_c925_20260916_222958.mp4,2026-09-16T22:31:49.770558,1789615909.771,3310
c2_c925_20260916_222958.mp4,2026-09-16T22:31:49.798984,1789615909.799,3311
c2_c925_20260916_222958.mp4,2026-09-16T22:31:49.834523,1789615909.835,3312
c2_c925_20260916_222958.mp4,2026-09-16T22:31:49.869762,1789615909.870,3313
c2_c925_20260916_222958.mp4,2026-09-16T22:31:49.899849,1789615909.900,3314
c2_c925_20260916_222958.mp4,2026-09-16T22:31:49.931756,1789615909.932,3315
c2_c925_20260916_222958.mp4,2026-09-16T22:31:49.968275,1789615909.968,3316
c2_c925_20260916_222958.mp4,2026-09-16T22:31:49.997938,1789615909.998,3317
c2_c925_20260916_222958.mp4,2026-09-16T22:31:50.031674,1789615910.032,3318
c2_c925_20260916_222958.mp4,2026-09-16T22:31:50.071280,1789615910.071,3319
c2_c925_20260916_222958.mp4,2026-09-16T22:31:50.105016,1789615910.105,3320
c2_c925_20260916_222958.mp4,2026-09-16T22:31:50.138153,1789615910.138,3321
c2_c925_20260916_222958.mp4,2026-09-16T22:31:50.171130,1789615910.171,3322
c2_c925_20260916_222958.mp4,2026-09-16T22:31:50.207048,1789615910.207,3323
c2_c925_20260916_222958.mp4,2026-09-16T22:31:50.234788,1789615910.235,3324
c2_c925_20260916_222958.mp4,2026-09-16T22:31:50.270962,1789615910.271,3325
c2_c925_20260916_222958.mp4,2026-09-16T22:31:50.304165,1789615910.304,3326
c2_c925_20260916_222958.mp4,2026-09-16T22:31:50.333176,1789615910.333,3327
c2_c925_20260916_222958.mp4,2026-09-16T22:31:50.370236,1789615910.370,3328
c2_c925_20260916_222958.mp4,2026-09-16T22:31:50.401552,1789615910.402,3329
c2_c925_20260916_222958.mp4,2026-09-16T22:31:50.432301,1789615910.432,3330
c2_c925_20260916_222958.mp4,2026-09-16T22:31:50.468206,1789615910.468,3331
c2_c925_20260916_222958.mp4,2026-09-16T22:31:50.498939,1789615910.499,3332
c2_c925_20260916_222958.mp4,2026-09-16T22:31:50.530216,1789615910.530,3333
c2_c925_20260916_222958.mp4,2026-09-16T22:31:50.566018,1789615910.566,3334
c2_c925_20260916_222958.mp4,2026-09-16T22:31:50.600710,1789615910.601,3335
c2_c925_20260916_222958.mp4,2026-09-16T22:31:50.635222,1789615910.635,3336
c2_c925_20260916_222958.mp4,2026-09-16T22:31:50.671724,1789615910.672,3337
c2_c925_20260916_222958.mp4,2026-09-16T22:31:50.703782,1789615910.704,3338
c2_c925_20260916_222958.mp4,2026-09-16T22:31:50.731700,1789615910.732,3339
c2_c925_20260916_222958.mp4,2026-09-16T22:31:50.770506,1789615910.771,3340
c2_c925_20260916_222958.mp4,2026-09-16T22:31:50.806333,1789615910.806,3341
c2_c925_20260916_222958.mp4,2026-09-16T22:31:50.836127,1789615910.836,3342
c2_c925_20260916_222958.mp4,2026-09-16T22:31:50.871407,1789615910.871,3343
c2_c925_20260916_222958.mp4,2026-09-16T22:31:50.903985,1789615910.904,3344
c2_c925_20260916_222958.mp4,2026-09-16T22:31:50.936081,1789615910.936,3345
c2_c925_20260916_222958.mp4,2026-09-16T22:31:50.970605,1789615910.971,3346
c2_c925_20260916_222958.mp4,2026-09-16T22:31:50.999957,1789615911.000,3347
c2_c925_20260916_222958.mp4,2026-09-16T22:31:51.030569,1789615911.031,3348
c2_c925_20260916_222958.mp4,2026-09-16T22:31:51.066727,1789615911.067,3349
c2_c925_20260916_222958.mp4,2026-09-16T22:31:51.099400,1789615911.099,3350
c2_c925_20260916_222958.mp4,2026-09-16T22:31:51.132619,1789615911.133,3351
c2_c925_20260916_222958.mp4,2026-09-16T22:31:51.169420,1789615911.169,3352
c2_c925_20260916_222958.mp4,2026-09-16T22:31:51.199866,1789615911.200,3353
c2_c925_20260916_222958.mp4,2026-09-16T22:31:51.237121,1789615911.237,3354
c2_c925_20260916_222958.mp4,2026-09-16T22:31:51.270559,1789615911.271,3355
c2_c925_20260916_222958.mp4,2026-09-16T22:31:51.303899,1789615911.304,3356
c2_c925_20260916_222958.mp4,2026-09-16T22:31:51.335902,1789615911.336,3357
c2_c925_20260916_222958.mp4,2026-09-16T22:31:51.371085,1789615911.371,3358
c2_c925_20260916_222958.mp4,2026-09-16T22:31:51.402188,1789615911.402,3359
c2_c925_20260916_222958.mp4,2026-09-16T22:31:51.434423,1789615911.434,3360
c2_c925_20260916_222958.mp4,2026-09-16T22:31:51.471029,1789615911.471,3361
c2_c925_20260916_222958.mp4,2026-09-16T22:31:51.503169,1789615911.503,3362
c2_c925_20260916_222958.mp4,2026-09-16T22:31:51.533461,1789615911.533,3363
c2_c925_20260916_222958.mp4,2026-09-16T22:31:51.568104,1789615911.568,3364
c2_c925_20260916_222958.mp4,2026-09-16T22:31:51.600168,1789615911.600,3365
c2_c925_20260916_222958.mp4,2026-09-16T22:31:51.633359,1789615911.633,3366
c2_c925_20260916_222958.mp4,2026-09-16T22:31:51.669834,1789615911.670,3367
c2_c925_20260916_222958.mp4,2026-09-16T22:31:51.703969,1789615911.704,3368
c2_c925_20260916_222958.mp4,2026-09-16T22:31:51.734047,1789615911.734,3369
c2_c925_20260916_222958.mp4,2026-09-16T22:31:51.766005,1789615911.766,3370
c2_c925_20260916_222958.mp4,2026-09-16T22:31:51.803231,1789615911.803,3371
c2_c925_20260916_222958.mp4,2026-09-16T22:31:51.835325,1789615911.835,3372
c2_c925_20260916_222958.mp4,2026-09-16T22:31:51.871275,1789615911.871,3373
c2_c925_20260916_222958.mp4,2026-09-16T22:31:51.902397,1789615911.902,3374
c2_c925_20260916_222958.mp4,2026-09-16T22:31:51.936082,1789615911.936,3375
c2_c925_20260916_222958.mp4,2026-09-16T22:31:51.971429,1789615911.971,3376
c2_c925_20260916_222958.mp4,2026-09-16T22:31:52.002744,1789615912.003,3377
c2_c925_20260916_222958.mp4,2026-09-16T22:31:52.032808,1789615912.033,3378
c2_c925_20260916_222958.mp4,2026-09-16T22:31:52.070646,1789615912.071,3379
c2_c925_20260916_222958.mp4,2026-09-16T22:31:52.102617,1789615912.103,3380
c2_c925_20260916_222958.mp4,2026-09-16T22:31:52.130742,1789615912.131,3381
c2_c925_20260916_222958.mp4,2026-09-16T22:31:52.169182,1789615912.169,3382
c2_c925_20260916_222958.mp4,2026-09-16T22:31:52.202341,1789615912.202,3383
c2_c925_20260916_222958.mp4,2026-09-16T22:31:52.235466,1789615912.235,3384
c2_c925_20260916_222958.mp4,2026-09-16T22:31:52.270749,1789615912.271,3385
c2_c925_20260916_222958.mp4,2026-09-16T22:31:52.303355,1789615912.303,3386
c2_c925_20260916_222958.mp4,2026-09-16T22:31:52.330040,1789615912.330,3387
c2_c925_20260916_222958.mp4,2026-09-16T22:31:52.367083,1789615912.367,3388
c2_c925_20260916_222958.mp4,2026-09-16T22:31:52.397997,1789615912.398,3389
c2_c925_20260916_222958.mp4,2026-09-16T22:31:52.434579,1789615912.435,3390
c2_c925_20260916_222958.mp4,2026-09-16T22:31:52.471598,1789615912.472,3391
c2_c925_20260916_222958.mp4,2026-09-16T22:31:52.503260,1789615912.503,3392
c2_c925_20260916_222958.mp4,2026-09-16T22:31:52.535414,1789615912.535,3393
c2_c925_20260916_222958.mp4,2026-09-16T22:31:52.571389,1789615912.571,3394
c2_c925_20260916_222958.mp4,2026-09-16T22:31:52.599451,1789615912.599,3395
c2_c925_20260916_222958.mp4,2026-09-16T22:31:52.634227,1789615912.634,3396
c2_c925_20260916_222958.mp4,2026-09-16T22:31:52.669197,1789615912.669,3397
c2_c925_20260916_222958.mp4,2026-09-16T22:31:52.703536,1789615912.704,3398
c2_c925_20260916_222958.mp4,2026-09-16T22:31:52.735688,1789615912.736,3399
c2_c925_20260916_222958.mp4,2026-09-16T22:31:52.770039,1789615912.770,3400
c2_c925_20260916_222958.mp4,2026-09-16T22:31:52.802777,1789615912.803,3401
c2_c925_20260916_222958.mp4,2026-09-16T22:31:52.837079,1789615912.837,3402
c2_c925_20260916_222958.mp4,2026-09-16T22:31:52.869735,1789615912.870,3403
c2_c925_20260916_222958.mp4,2026-09-16T22:31:52.902905,1789615912.903,3404
c2_c925_20260916_222958.mp4,2026-09-16T22:31:52.930067,1789615912.930,3405
c2_c925_20260916_222958.mp4,2026-09-16T22:31:52.970239,1789615912.970,3406
c2_c925_20260916_222958.mp4,2026-09-16T22:31:52.999849,1789615913.000,3407
c2_c925_20260916_222958.mp4,2026-09-16T22:31:53.035769,1789615913.036,3408
c2_c925_20260916_222958.mp4,2026-09-16T22:31:53.070297,1789615913.070,3409
c2_c925_20260916_222958.mp4,2026-09-16T22:31:53.099083,1789615913.099,3410
c2_c925_20260916_222958.mp4,2026-09-16T22:31:53.130023,1789615913.130,3411
c2_c925_20260916_222958.mp4,2026-09-16T22:31:53.166052,1789615913.166,3412
c2_c925_20260916_222958.mp4,2026-09-16T22:31:53.198039,1789615913.198,3413
c2_c925_20260916_222958.mp4,2026-09-16T22:31:53.233608,1789615913.234,3414
c2_c925_20260916_222958.mp4,2026-09-16T22:31:53.271168,1789615913.271,3415
c2_c925_20260916_222958.mp4,2026-09-16T22:31:53.302872,1789615913.303,3416
c2_c925_20260916_222958.mp4,2026-09-16T22:31:53.334836,1789615913.335,3417
c2_c925_20260916_222958.mp4,2026-09-16T22:31:53.372496,1789615913.373,3418
c2_c925_20260916_222958.mp4,2026-09-16T22:31:53.403218,1789615913.403,3419
c2_c925_20260916_222958.mp4,2026-09-16T22:31:53.431500,1789615913.432,3420
c2_c925_20260916_222958.mp4,2026-09-16T22:31:53.470806,1789615913.471,3421
c2_c925_20260916_222958.mp4,2026-09-16T22:31:53.503354,1789615913.503,3422
c2_c925_20260916_222958.mp4,2026-09-16T22:31:53.534300,1789615913.534,3423
c2_c925_20260916_222958.mp4,2026-09-16T22:31:53.568463,1789615913.568,3424
c2_c925_20260916_222958.mp4,2026-09-16T22:31:53.600157,1789615913.600,3425
c2_c925_20260916_222958.mp4,2026-09-16T22:31:53.632575,1789615913.633,3426
c2_c925_20260916_222958.mp4,2026-09-16T22:31:53.666927,1789615913.667,3427
c2_c925_20260916_222958.mp4,2026-09-16T22:31:53.702240,1789615913.702,3428
c2_c925_20260916_222958.mp4,2026-09-16T22:31:53.735995,1789615913.736,3429
c2_c925_20260916_222958.mp4,2026-09-16T22:31:53.770712,1789615913.771,3430
c2_c925_20260916_222958.mp4,2026-09-16T22:31:53.803537,1789615913.804,3431
c2_c925_20260916_222958.mp4,2026-09-16T22:31:53.835825,1789615913.836,3432
c2_c925_20260916_222958.mp4,2026-09-16T22:31:53.871053,1789615913.871,3433
c2_c925_20260916_222958.mp4,2026-09-16T22:31:53.902933,1789615913.903,3434
c2_c925_20260916_222958.mp4,2026-09-16T22:31:53.935715,1789615913.936,3435
c2_c925_20260916_222958.mp4,2026-09-16T22:31:53.970981,1789615913.971,3436
c2_c925_20260916_222958.mp4,2026-09-16T22:31:53.998307,1789615913.998,3437
c2_c925_20260916_222958.mp4,2026-09-16T22:31:54.032384,1789615914.032,3438
c2_c925_20260916_222958.mp4,2026-09-16T22:31:54.069681,1789615914.070,3439
c2_c925_20260916_222958.mp4,2026-09-16T22:31:54.102306,1789615914.102,3440
c2_c925_20260916_222958.mp4,2026-09-16T22:31:54.132943,1789615914.133,3441
c2_c925_20260916_222958.mp4,2026-09-16T22:31:54.169805,1789615914.170,3442
c2_c925_20260916_222958.mp4,2026-09-16T22:31:54.198641,1789615914.199,3443
c2_c925_20260916_222958.mp4,2026-09-16T22:31:54.233400,1789615914.233,3444
c2_c925_20260916_222958.mp4,2026-09-16T22:31:54.269907,1789615914.270,3445
c2_c925_20260916_222958.mp4,2026-09-16T22:31:54.302363,1789615914.302,3446
c2_c925_20260916_222958.mp4,2026-09-16T22:31:54.335386,1789615914.335,3447
c2_c925_20260916_222958.mp4,2026-09-16T22:31:54.371959,1789615914.372,3448
c2_c925_20260916_222958.mp4,2026-09-16T22:31:54.403492,1789615914.404,3449
c2_c925_20260916_222958.mp4,2026-09-16T22:31:54.435185,1789615914.435,3450
c2_c925_20260916_222958.mp4,2026-09-16T22:31:54.470218,1789615914.470,3451
c2_c925_20260916_222958.mp4,2026-09-16T22:31:54.502965,1789615914.503,3452
c2_c925_20260916_222958.mp4,2026-09-16T22:31:54.535089,1789615914.535,3453
c2_c925_20260916_222958.mp4,2026-09-16T22:31:54.570891,1789615914.571,3454
c2_c925_20260916_222958.mp4,2026-09-16T22:31:54.602770,1789615914.603,3455
c2_c925_20260916_222958.mp4,2026-09-16T22:31:54.633154,1789615914.633,3456
c2_c925_20260916_222958.mp4,2026-09-16T22:31:54.669150,1789615914.669,3457
c2_c925_20260916_222958.mp4,2026-09-16T22:31:54.701923,1789615914.702,3458
c2_c925_20260916_222958.mp4,2026-09-16T22:31:54.735456,1789615914.735,3459
c2_c925_20260916_222958.mp4,2026-09-16T22:31:54.769327,1789615914.769,3460
c2_c925_20260916_222958.mp4,2026-09-16T22:31:54.800735,1789615914.801,3461
c2_c925_20260916_222958.mp4,2026-09-16T22:31:54.834364,1789615914.834,3462
c2_c925_20260916_222958.mp4,2026-09-16T22:31:54.867739,1789615914.868,3463
c2_c925_20260916_222958.mp4,2026-09-16T22:31:54.903453,1789615914.903,3464
c2_c925_20260916_222958.mp4,2026-09-16T22:31:54.935104,1789615914.935,3465
c2_c925_20260916_222958.mp4,2026-09-16T22:31:54.971375,1789615914.971,3466
c2_c925_20260916_222958.mp4,2026-09-16T22:31:55.002945,1789615915.003,3467
c2_c925_20260916_222958.mp4,2026-09-16T22:31:55.033464,1789615915.033,3468
c2_c925_20260916_222958.mp4,2026-09-16T22:31:55.070645,1789615915.071,3469
c2_c925_20260916_222958.mp4,2026-09-16T22:31:55.101838,1789615915.102,3470
c2_c925_20260916_222958.mp4,2026-09-16T22:31:55.133792,1789615915.134,3471
c2_c925_20260916_222958.mp4,2026-09-16T22:31:55.169988,1789615915.170,3472
c2_c925_20260916_222958.mp4,2026-09-16T22:31:55.201163,1789615915.201,3473
c2_c925_20260916_222958.mp4,2026-09-16T22:31:55.233413,1789615915.233,3474
c2_c925_20260916_222958.mp4,2026-09-16T22:31:55.270188,1789615915.270,3475
c2_c925_20260916_222958.mp4,2026-09-16T22:31:55.303065,1789615915.303,3476
c2_c925_20260916_222958.mp4,2026-09-16T22:31:55.335372,1789615915.335,3477
c2_c925_20260916_222958.mp4,2026-09-16T22:31:55.370360,1789615915.370,3478
c2_c925_20260916_222958.mp4,2026-09-16T22:31:55.401494,1789615915.402,3479
c2_c925_20260916_222958.mp4,2026-09-16T22:31:55.434969,1789615915.435,3480
c2_c925_20260916_222958.mp4,2026-09-16T22:31:55.469762,1789615915.470,3481
c2_c925_20260916_222958.mp4,2026-09-16T22:31:55.502377,1789615915.502,3482
c2_c925_20260916_222958.mp4,2026-09-16T22:31:55.535429,1789615915.535,3483
c2_c925_20260916_222958.mp4,2026-09-16T22:31:55.570485,1789615915.571,3484
c2_c925_20260916_222958.mp4,2026-09-16T22:31:55.602592,1789615915.603,3485
c2_c925_20260916_222958.mp4,2026-09-16T22:31:55.634075,1789615915.634,3486
c2_c925_20260916_222958.mp4,2026-09-16T22:31:55.670191,1789615915.670,3487
c2_c925_20260916_222958.mp4,2026-09-16T22:31:55.699438,1789615915.699,3488
c2_c925_20260916_222958.mp4,2026-09-16T22:31:55.732531,1789615915.733,3489
c2_c925_20260916_222958.mp4,2026-09-16T22:31:55.769616,1789615915.770,3490
c2_c925_20260916_222958.mp4,2026-09-16T22:31:55.802324,1789615915.802,3491
c2_c925_20260916_222958.mp4,2026-09-16T22:31:55.836058,1789615915.836,3492
c2_c925_20260916_222958.mp4,2026-09-16T22:31:55.870616,1789615915.871,3493
c2_c925_20260916_222958.mp4,2026-09-16T22:31:55.903173,1789615915.903,3494
c2_c925_20260916_222958.mp4,2026-09-16T22:31:55.935044,1789615915.935,3495
c2_c925_20260916_222958.mp4,2026-09-16T22:31:55.971630,1789615915.972,3496
c2_c925_20260916_222958.mp4,2026-09-16T22:31:56.001895,1789615916.002,3497
c2_c925_20260916_222958.mp4,2026-09-16T22:31:56.031517,1789615916.032,3498
c2_c925_20260916_222958.mp4,2026-09-16T22:31:56.067482,1789615916.067,3499
c2_c925_20260916_222958.mp4,2026-09-16T22:31:56.102871,1789615916.103,3500
c2_c925_20260916_222958.mp4,2026-09-16T22:31:56.134797,1789615916.135,3501
c2_c925_20260916_222958.mp4,2026-09-16T22:31:56.171749,1789615916.172,3502
c2_c925_20260916_222958.mp4,2026-09-16T22:31:56.202559,1789615916.203,3503
c2_c925_20260916_222958.mp4,2026-09-16T22:31:56.233013,1789615916.233,3504
c2_c925_20260916_222958.mp4,2026-09-16T22:31:56.268740,1789615916.269,3505
c2_c925_20260916_222958.mp4,2026-09-16T22:31:56.302200,1789615916.302,3506
c2_c925_20260916_222958.mp4,2026-09-16T22:31:56.335347,1789615916.335,3507
c2_c925_20260916_222958.mp4,2026-09-16T22:31:56.369091,1789615916.369,3508
c2_c925_20260916_222958.mp4,2026-09-16T22:31:56.402635,1789615916.403,3509
c2_c925_20260916_222958.mp4,2026-09-16T22:31:56.437659,1789615916.438,3510
c2_c925_20260916_222958.mp4,2026-09-16T22:31:56.472740,1789615916.473,3511
c2_c925_20260916_222958.mp4,2026-09-16T22:31:56.502582,1789615916.503,3512
c2_c925_20260916_222958.mp4,2026-09-16T22:31:56.531841,1789615916.532,3513
c2_c925_20260916_222958.mp4,2026-09-16T22:31:56.566064,1789615916.566,3514
c2_c925_20260916_222958.mp4,2026-09-16T22:31:56.598803,1789615916.599,3515
c2_c925_20260916_222958.mp4,2026-09-16T22:31:56.631051,1789615916.631,3516
c2_c925_20260916_222958.mp4,2026-09-16T22:31:56.670537,1789615916.671,3517
c2_c925_20260916_222958.mp4,2026-09-16T22:31:56.702835,1789615916.703,3518
c2_c925_20260916_222958.mp4,2026-09-16T22:31:56.733686,1789615916.734,3519
c2_c925_20260916_222958.mp4,2026-09-16T22:31:56.768331,1789615916.768,3520
c2_c925_20260916_222958.mp4,2026-09-16T22:31:56.798710,1789615916.799,3521
c2_c925_20260916_222958.mp4,2026-09-16T22:31:56.833709,1789615916.834,3522
c2_c925_20260916_222958.mp4,2026-09-16T22:31:56.869825,1789615916.870,3523
c2_c925_20260916_222958.mp4,2026-09-16T22:31:56.903332,1789615916.903,3524
c2_c925_20260916_222958.mp4,2026-09-16T22:31:56.937931,1789615916.938,3525
c2_c925_20260916_222958.mp4,2026-09-16T22:31:56.966944,1789615916.967,3526
c2_c925_20260916_222958.mp4,2026-09-16T22:31:57.002666,1789615917.003,3527
c2_c925_20260916_222958.mp4,2026-09-16T22:31:57.032631,1789615917.033,3528
c2_c925_20260916_222958.mp4,2026-09-16T22:31:57.066128,1789615917.066,3529
c2_c925_20260916_222958.mp4,2026-09-16T22:31:57.103965,1789615917.104,3530
c2_c925_20260916_222958.mp4,2026-09-16T22:31:57.135378,1789615917.135,3531
c2_c925_20260916_222958.mp4,2026-09-16T22:31:57.171589,1789615917.172,3532
c2_c925_20260916_222958.mp4,2026-09-16T22:31:57.200646,1789615917.201,3533
c2_c925_20260916_222958.mp4,2026-09-16T22:31:57.231435,1789615917.231,3534
c2_c925_20260916_222958.mp4,2026-09-16T22:31:57.268132,1789615917.268,3535
c2_c925_20260916_222958.mp4,2026-09-16T22:31:57.300023,1789615917.300,3536
c2_c925_20260916_222958.mp4,2026-09-16T22:31:57.330822,1789615917.331,3537
c2_c925_20260916_222958.mp4,2026-09-16T22:31:57.366679,1789615917.367,3538
c2_c925_20260916_222958.mp4,2026-09-16T22:31:57.403084,1789615917.403,3539
c2_c925_20260916_222958.mp4,2026-09-16T22:31:57.434781,1789615917.435,3540
c2_c925_20260916_222958.mp4,2026-09-16T22:31:57.469873,1789615917.470,3541
c2_c925_20260916_222958.mp4,2026-09-16T22:31:57.503451,1789615917.503,3542
c2_c925_20260916_222958.mp4,2026-09-16T22:31:57.530856,1789615917.531,3543
c2_c925_20260916_222958.mp4,2026-09-16T22:31:57.571595,1789615917.572,3544
c2_c925_20260916_222958.mp4,2026-09-16T22:31:57.603377,1789615917.603,3545
c2_c925_20260916_222958.mp4,2026-09-16T22:31:57.637000,1789615917.637,3546
c2_c925_20260916_222958.mp4,2026-09-16T22:31:57.671580,1789615917.672,3547
c2_c925_20260916_222958.mp4,2026-09-16T22:31:57.702904,1789615917.703,3548
c2_c925_20260916_222958.mp4,2026-09-16T22:31:57.735266,1789615917.735,3549
c2_c925_20260916_222958.mp4,2026-09-16T22:31:57.771546,1789615917.772,3550
c2_c925_20260916_222958.mp4,2026-09-16T22:31:57.798624,1789615917.799,3551
c2_c925_20260916_222958.mp4,2026-09-16T22:31:57.833558,1789615917.834,3552
c2_c925_20260916_222958.mp4,2026-09-16T22:31:57.869391,1789615917.869,3553
c2_c925_20260916_222958.mp4,2026-09-16T22:31:57.899658,1789615917.900,3554
c2_c925_20260916_222958.mp4,2026-09-16T22:31:57.934027,1789615917.934,3555
c2_c925_20260916_222958.mp4,2026-09-16T22:31:57.970457,1789615917.970,3556
c2_c925_20260916_222958.mp4,2026-09-16T22:31:58.003121,1789615918.003,3557
c2_c925_20260916_222958.mp4,2026-09-16T22:31:58.035448,1789615918.035,3558
c2_c925_20260916_222958.mp4,2026-09-16T22:31:58.070794,1789615918.071,3559
c2_c925_20260916_222958.mp4,2026-09-16T22:31:58.102730,1789615918.103,3560
c2_c925_20260916_222958.mp4,2026-09-16T22:31:58.134737,1789615918.135,3561
c2_c925_20260916_222958.mp4,2026-09-16T22:31:58.170606,1789615918.171,3562
c2_c925_20260916_222958.mp4,2026-09-16T22:31:58.203167,1789615918.203,3563
c2_c925_20260916_222958.mp4,2026-09-16T22:31:58.240012,1789615918.240,3564
c2_c925_20260916_222958.mp4,2026-09-16T22:31:58.271363,1789615918.271,3565
c2_c925_20260916_222958.mp4,2026-09-16T22:31:58.303375,1789615918.303,3566
c2_c925_20260916_222958.mp4,2026-09-16T22:31:58.334683,1789615918.335,3567
c2_c925_20260916_222958.mp4,2026-09-16T22:31:58.369991,1789615918.370,3568
c2_c925_20260916_222958.mp4,2026-09-16T22:31:58.401201,1789615918.401,3569
c2_c925_20260916_222958.mp4,2026-09-16T22:31:58.435287,1789615918.435,3570
c2_c925_20260916_222958.mp4,2026-09-16T22:31:58.469937,1789615918.470,3571
c2_c925_20260916_222958.mp4,2026-09-16T22:31:58.498472,1789615918.498,3572
c2_c925_20260916_222958.mp4,2026-09-16T22:31:58.534159,1789615918.534,3573
c2_c925_20260916_222958.mp4,2026-09-16T22:31:58.570321,1789615918.570,3574
c2_c925_20260916_222958.mp4,2026-09-16T22:31:58.603465,1789615918.603,3575
c2_c925_20260916_222958.mp4,2026-09-16T22:31:58.640039,1789615918.640,3576
c2_c925_20260916_222958.mp4,2026-09-16T22:31:58.671748,1789615918.672,3577
c2_c925_20260916_222958.mp4,2026-09-16T22:31:58.703924,1789615918.704,3578
c2_c925_20260916_222958.mp4,2026-09-16T22:31:58.735495,1789615918.736,3579
c2_c925_20260916_222958.mp4,2026-09-16T22:31:58.772457,1789615918.772,3580
c2_c925_20260916_222958.mp4,2026-09-16T22:31:58.802919,1789615918.803,3581
c2_c925_20260916_222958.mp4,2026-09-16T22:31:58.840481,1789615918.841,3582
c2_c925_20260916_222958.mp4,2026-09-16T22:31:58.871755,1789615918.872,3583
c2_c925_20260916_222958.mp4,2026-09-16T22:31:58.902511,1789615918.903,3584
c2_c925_20260916_222958.mp4,2026-09-16T22:31:58.933436,1789615918.933,3585
c2_c925_20260916_222958.mp4,2026-09-16T22:31:58.968704,1789615918.969,3586
c2_c925_20260916_222958.mp4,2026-09-16T22:31:59.002566,1789615919.003,3587
c2_c925_20260916_222958.mp4,2026-09-16T22:31:59.037601,1789615919.038,3588
c2_c925_20260916_222958.mp4,2026-09-16T22:31:59.067857,1789615919.068,3589
c2_c925_20260916_222958.mp4,2026-09-16T22:31:59.099662,1789615919.100,3590
c2_c925_20260916_222958.mp4,2026-09-16T22:31:59.134814,1789615919.135,3591
c2_c925_20260916_222958.mp4,2026-09-16T22:31:59.172022,1789615919.172,3592
c2_c925_20260916_222958.mp4,2026-09-16T22:31:59.203568,1789615919.204,3593
c2_c925_20260916_222958.mp4,2026-09-16T22:31:59.239204,1789615919.239,3594
c2_c925_20260916_222958.mp4,2026-09-16T22:31:59.268320,1789615919.268,3595
c2_c925_20260916_222958.mp4,2026-09-16T22:31:59.300515,1789615919.301,3596
c2_c925_20260916_222958.mp4,2026-09-16T22:31:59.334658,1789615919.335,3597
c2_c925_20260916_222958.mp4,2026-09-16T22:31:59.370755,1789615919.371,3598
c2_c925_20260916_222958.mp4,2026-09-16T22:31:59.402227,1789615919.402,3599
c2_c925_20260916_222958.mp4,2026-09-16T22:31:59.437570,1789615919.438,3600
c2_c925_20260916_222958.mp4,2026-09-16T22:31:59.470641,1789615919.471,3601
c2_c925_20260916_222958.mp4,2026-09-16T22:31:59.500889,1789615919.501,3602
c2_c925_20260916_222958.mp4,2026-09-16T22:31:59.534014,1789615919.534,3603
c2_c925_20260916_222958.mp4,2026-09-16T22:31:59.570432,1789615919.570,3604
c2_c925_20260916_222958.mp4,2026-09-16T22:31:59.602864,1789615919.603,3605
c2_c925_20260916_222958.mp4,2026-09-16T22:31:59.642247,1789615919.642,3606
c2_c925_20260916_222958.mp4,2026-09-16T22:31:59.666784,1789615919.667,3607
c2_c925_20260916_222958.mp4,2026-09-16T22:31:59.702376,1789615919.702,3608
c2_c925_20260916_222958.mp4,2026-09-16T22:31:59.731482,1789615919.731,3609
c2_c925_20260916_222958.mp4,2026-09-16T22:31:59.770638,1789615919.771,3610
c2_c925_20260916_222958.mp4,2026-09-16T22:31:59.803244,1789615919.803,3611
c2_c925_20260916_222958.mp4,2026-09-16T22:31:59.840446,1789615919.840,3612
c2_c925_20260916_222958.mp4,2026-09-16T22:31:59.872144,1789615919.872,3613
c2_c925_20260916_222958.mp4,2026-09-16T22:31:59.903038,1789615919.903,3614
c2_c925_20260916_222958.mp4,2026-09-16T22:31:59.935225,1789615919.935,3615
c2_c925_20260916_222958.mp4,2026-09-16T22:31:59.969600,1789615919.970,3616
c2_c925_20260916_222958.mp4,2026-09-16T22:32:00.001348,1789615920.001,3617
c2_c925_20260916_222958.mp4,2026-09-16T22:32:00.037754,1789615920.038,3618
c2_c925_20260916_222958.mp4,2026-09-16T22:32:00.068400,1789615920.068,3619
c2_c925_20260916_222958.mp4,2026-09-16T22:32:00.102740,1789615920.103,3620
c2_c925_20260916_222958.mp4,2026-09-16T22:32:00.130305,1789615920.130,3621
c2_c925_20260916_222958.mp4,2026-09-16T22:32:00.170396,1789615920.170,3622
c2_c925_20260916_222958.mp4,2026-09-16T22:32:00.203367,1789615920.203,3623
c2_c925_20260916_222958.mp4,2026-09-16T22:32:00.238688,1789615920.239,3624
c2_c925_20260916_222958.mp4,2026-09-16T22:32:00.267963,1789615920.268,3625
c2_c925_20260916_222958.mp4,2026-09-16T22:32:00.299928,1789615920.300,3626
c2_c925_20260916_222958.mp4,2026-09-16T22:32:00.331064,1789615920.331,3627
c2_c925_20260916_222958.mp4,2026-09-16T22:32:00.371609,1789615920.372,3628
c2_c925_20260916_222958.mp4,2026-09-16T22:32:00.401006,1789615920.401,3629
c2_c925_20260916_222958.mp4,2026-09-16T22:32:00.438848,1789615920.439,3630
c2_c925_20260916_222958.mp4,2026-09-16T22:32:00.469669,1789615920.470,3631
c2_c925_20260916_222958.mp4,2026-09-16T22:32:00.499958,1789615920.500,3632
c2_c925_20260916_222958.mp4,2026-09-16T22:32:00.532207,1789615920.532,3633
c2_c925_20260916_222958.mp4,2026-09-16T22:32:00.569386,1789615920.569,3634
c2_c925_20260916_222958.mp4,2026-09-16T22:32:00.601000,1789615920.601,3635
c2_c925_20260916_222958.mp4,2026-09-16T22:32:00.636542,1789615920.637,3636
c2_c925_20260916_222958.mp4,2026-09-16T22:32:00.670400,1789615920.670,3637
c2_c925_20260916_222958.mp4,2026-09-16T22:32:00.702011,1789615920.702,3638
c2_c925_20260916_222958.mp4,2026-09-16T22:32:00.735720,1789615920.736,3639
c2_c925_20260916_222958.mp4,2026-09-16T22:32:00.766161,1789615920.766,3640
c2_c925_20260916_222958.mp4,2026-09-16T22:32:00.799878,1789615920.800,3641
c2_c925_20260916_222958.mp4,2026-09-16T22:32:00.833844,1789615920.834,3642
c2_c925_20260916_222958.mp4,2026-09-16T22:32:00.870688,1789615920.871,3643
c2_c925_20260916_222958.mp4,2026-09-16T22:32:00.900641,1789615920.901,3644
c2_c925_20260916_222958.mp4,2026-09-16T22:32:00.932714,1789615920.933,3645
c2_c925_20260916_222958.mp4,2026-09-16T22:32:00.970193,1789615920.970,3646
c2_c925_20260916_222958.mp4,2026-09-16T22:32:01.002485,1789615921.003,3647
c2_c925_20260916_222958.mp4,2026-09-16T22:32:01.039553,1789615921.040,3648
c2_c925_20260916_222958.mp4,2026-09-16T22:32:01.071057,1789615921.071,3649
c2_c925_20260916_222958.mp4,2026-09-16T22:32:01.101061,1789615921.101,3650
c2_c925_20260916_222958.mp4,2026-09-16T22:32:01.133626,1789615921.134,3651
c2_c925_20260916_222958.mp4,2026-09-16T22:32:01.169708,1789615921.170,3652
c2_c925_20260916_222958.mp4,2026-09-16T22:32:01.202991,1789615921.203,3653
c2_c925_20260916_222958.mp4,2026-09-16T22:32:01.238669,1789615921.239,3654
c2_c925_20260916_222958.mp4,2026-09-16T22:32:01.271801,1789615921.272,3655
c2_c925_20260916_222958.mp4,2026-09-16T22:32:01.302796,1789615921.303,3656
c2_c925_20260916_222958.mp4,2026-09-16T22:32:01.335355,1789615921.335,3657
c2_c925_20260916_222958.mp4,2026-09-16T22:32:01.371269,1789615921.371,3658
c2_c925_20260916_222958.mp4,2026-09-16T22:32:01.403041,1789615921.403,3659
c2_c925_20260916_222958.mp4,2026-09-16T22:32:01.441152,1789615921.441,3660
c2_c925_20260916_222958.mp4,2026-09-16T22:32:01.469595,1789615921.470,3661
c2_c925_20260916_222958.mp4,2026-09-16T22:32:01.498375,1789615921.498,3662
c2_c925_20260916_222958.mp4,2026-09-16T22:32:01.532340,1789615921.532,3663
c2_c925_20260916_222958.mp4,2026-09-16T22:32:01.569869,1789615921.570,3664
c2_c925_20260916_222958.mp4,2026-09-16T22:32:01.599278,1789615921.599,3665
c2_c925_20260916_222958.mp4,2026-09-16T22:32:01.634060,1789615921.634,3666
c2_c925_20260916_222958.mp4,2026-09-16T22:32:01.666578,1789615921.667,3667
c2_c925_20260916_222958.mp4,2026-09-16T22:32:01.698158,1789615921.698,3668
c2_c925_20260916_222958.mp4,2026-09-16T22:32:01.734658,1789615921.735,3669
c2_c925_20260916_222958.mp4,2026-09-16T22:32:01.771056,1789615921.771,3670
c2_c925_20260916_222958.mp4,2026-09-16T22:32:01.803162,1789615921.803,3671
c2_c925_20260916_222958.mp4,2026-09-16T22:32:01.840029,1789615921.840,3672
c2_c925_20260916_222958.mp4,2026-09-16T22:32:01.871021,1789615921.871,3673
c2_c925_20260916_222958.mp4,2026-09-16T22:32:01.903728,1789615921.904,3674
c2_c925_20260916_222958.mp4,2026-09-16T22:32:01.935052,1789615921.935,3675
c2_c925_20260916_222958.mp4,2026-09-16T22:32:01.970858,1789615921.971,3676
c2_c925_20260916_222958.mp4,2026-09-16T22:32:02.003401,1789615922.003,3677
c2_c925_20260916_222958.mp4,2026-09-16T22:32:02.040119,1789615922.040,3678
c2_c925_20260916_222958.mp4,2026-09-16T22:32:02.066083,1789615922.066,3679
c2_c925_20260916_222958.mp4,2026-09-16T22:32:02.100965,1789615922.101,3680
c2_c925_20260916_222958.mp4,2026-09-16T22:32:02.131879,1789615922.132,3681
c2_c925_20260916_222958.mp4,2026-09-16T22:32:02.168678,1789615922.169,3682
c2_c925_20260916_222958.mp4,2026-09-16T22:32:02.202889,1789615922.203,3683
c2_c925_20260916_222958.mp4,2026-09-16T22:32:02.238295,1789615922.238,3684
c2_c925_20260916_222958.mp4,2026-09-16T22:32:02.271544,1789615922.272,3685
c2_c925_20260916_222958.mp4,2026-09-16T22:32:02.300667,1789615922.301,3686
c2_c925_20260916_222958.mp4,2026-09-16T22:32:02.335050,1789615922.335,3687
c2_c925_20260916_222958.mp4,2026-09-16T22:32:02.371831,1789615922.372,3688
c2_c925_20260916_222958.mp4,2026-09-16T22:32:02.403914,1789615922.404,3689
c2_c925_20260916_222958.mp4,2026-09-16T22:32:02.439336,1789615922.439,3690
c2_c925_20260916_222958.mp4,2026-09-16T22:32:02.469250,1789615922.469,3691
c2_c925_20260916_222958.mp4,2026-09-16T22:32:02.503122,1789615922.503,3692
c2_c925_20260916_222958.mp4,2026-09-16T22:32:02.534647,1789615922.535,3693
c2_c925_20260916_222958.mp4,2026-09-16T22:32:02.568857,1789615922.569,3694
c2_c925_20260916_222958.mp4,2026-09-16T22:32:02.601261,1789615922.601,3695
c2_c925_20260916_222958.mp4,2026-09-16T22:32:02.637073,1789615922.637,3696
c2_c925_20260916_222958.mp4,2026-09-16T22:32:02.667914,1789615922.668,3697
c2_c925_20260916_222958.mp4,2026-09-16T22:32:02.698993,1789615922.699,3698
c2_c925_20260916_222958.mp4,2026-09-16T22:32:02.732318,1789615922.732,3699
c2_c925_20260916_222958.mp4,2026-09-16T22:32:02.765962,1789615922.766,3700
c2_c925_20260916_222958.mp4,2026-09-16T22:32:02.804567,1789615922.805,3701
c2_c925_20260916_222958.mp4,2026-09-16T22:32:02.839637,1789615922.840,3702
c2_c925_20260916_222958.mp4,2026-09-16T22:32:02.869129,1789615922.869,3703
c2_c925_20260916_222958.mp4,2026-09-16T22:32:02.903619,1789615922.904,3704
c2_c925_20260916_222958.mp4,2026-09-16T22:32:02.934921,1789615922.935,3705
c2_c925_20260916_222958.mp4,2026-09-16T22:32:02.971853,1789615922.972,3706
c2_c925_20260916_222958.mp4,2026-09-16T22:32:03.004644,1789615923.005,3707
c2_c925_20260916_222958.mp4,2026-09-16T22:32:03.039885,1789615923.040,3708
c2_c925_20260916_222958.mp4,2026-09-16T22:32:03.070624,1789615923.071,3709
c2_c925_20260916_222958.mp4,2026-09-16T22:32:03.100999,1789615923.101,3710
c2_c925_20260916_222958.mp4,2026-09-16T22:32:03.131460,1789615923.131,3711
c2_c925_20260916_222958.mp4,2026-09-16T22:32:03.169336,1789615923.169,3712
c2_c925_20260916_222958.mp4,2026-09-16T22:32:03.202931,1789615923.203,3713
c2_c925_20260916_222958.mp4,2026-09-16T22:32:03.236043,1789615923.236,3714
c2_c925_20260916_222958.mp4,2026-09-16T22:32:03.265959,1789615923.266,3715
c2_c925_20260916_222958.mp4,2026-09-16T22:32:03.298134,1789615923.298,3716
c2_c925_20260916_222958.mp4,2026-09-16T22:32:03.330146,1789615923.330,3717
c2_c925_20260916_222958.mp4,2026-09-16T22:32:03.370738,1789615923.371,3718
c2_c925_20260916_222958.mp4,2026-09-16T22:32:03.404064,1789615923.404,3719
c2_c925_20260916_222958.mp4,2026-09-16T22:32:03.441190,1789615923.441,3720
c2_c925_20260916_222958.mp4,2026-09-16T22:32:03.470074,1789615923.470,3721
c2_c925_20260916_222958.mp4,2026-09-16T22:32:03.503735,1789615923.504,3722
c2_c925_20260916_222958.mp4,2026-09-16T22:32:03.535027,1789615923.535,3723
c2_c925_20260916_222958.mp4,2026-09-16T22:32:03.571697,1789615923.572,3724
c2_c925_20260916_222958.mp4,2026-09-16T22:32:03.602533,1789615923.603,3725
c2_c925_20260916_222958.mp4,2026-09-16T22:32:03.638017,1789615923.638,3726
c2_c925_20260916_222958.mp4,2026-09-16T22:32:03.670327,1789615923.670,3727
c2_c925_20260916_222958.mp4,2026-09-16T22:32:03.702364,1789615923.702,3728
c2_c925_20260916_222958.mp4,2026-09-16T22:32:03.734891,1789615923.735,3729
c2_c925_20260916_222958.mp4,2026-09-16T22:32:03.770749,1789615923.771,3730
c2_c925_20260916_222958.mp4,2026-09-16T22:32:03.803979,1789615923.804,3731
c2_c925_20260916_222958.mp4,2026-09-16T22:32:03.839648,1789615923.840,3732
c2_c925_20260916_222958.mp4,2026-09-16T22:32:03.870611,1789615923.871,3733
c2_c925_20260916_222958.mp4,2026-09-16T22:32:03.898541,1789615923.899,3734
c2_c925_20260916_222958.mp4,2026-09-16T22:32:03.931686,1789615923.932,3735
c2_c925_20260916_222958.mp4,2026-09-16T22:32:03.971109,1789615923.971,3736
c2_c925_20260916_222958.mp4,2026-09-16T22:32:04.003178,1789615924.003,3737
c2_c925_20260916_222958.mp4,2026-09-16T22:32:04.040135,1789615924.040,3738
c2_c925_20260916_222958.mp4,2026-09-16T22:32:04.071386,1789615924.071,3739
c2_c925_20260916_222958.mp4,2026-09-16T22:32:04.102554,1789615924.103,3740
c2_c925_20260916_222958.mp4,2026-09-16T22:32:04.131503,1789615924.132,3741
c2_c925_20260916_222958.mp4,2026-09-16T22:32:04.168416,1789615924.168,3742
c2_c925_20260916_222958.mp4,2026-09-16T22:32:04.201759,1789615924.202,3743
c2_c925_20260916_222958.mp4,2026-09-16T22:32:04.238167,1789615924.238,3744
c2_c925_20260916_222958.mp4,2026-09-16T22:32:04.270923,1789615924.271,3745
c2_c925_20260916_222958.mp4,2026-09-16T22:32:04.302947,1789615924.303,3746
c2_c925_20260916_222958.mp4,2026-09-16T22:32:04.334856,1789615924.335,3747
c2_c925_20260916_222958.mp4,2026-09-16T22:32:04.372061,1789615924.372,3748
c2_c925_20260916_222958.mp4,2026-09-16T22:32:04.403851,1789615924.404,3749
c2_c925_20260916_222958.mp4,2026-09-16T22:32:04.439982,1789615924.440,3750
c2_c925_20260916_222958.mp4,2026-09-16T22:32:04.466076,1789615924.466,3751
c2_c925_20260916_222958.mp4,2026-09-16T22:32:04.501249,1789615924.501,3752
c2_c925_20260916_222958.mp4,2026-09-16T22:32:04.531573,1789615924.532,3753
c2_c925_20260916_222958.mp4,2026-09-16T22:32:04.569136,1789615924.569,3754
c2_c925_20260916_222958.mp4,2026-09-16T22:32:04.600531,1789615924.601,3755
c2_c925_20260916_222958.mp4,2026-09-16T22:32:04.636051,1789615924.636,3756
c2_c925_20260916_222958.mp4,2026-09-16T22:32:04.666823,1789615924.667,3757
c2_c925_20260916_222958.mp4,2026-09-16T22:32:04.698801,1789615924.699,3758
c2_c925_20260916_222958.mp4,2026-09-16T22:32:04.734880,1789615924.735,3759
c2_c925_20260916_222958.mp4,2026-09-16T22:32:04.767612,1789615924.768,3760
c2_c925_20260916_222958.mp4,2026-09-16T22:32:04.802638,1789615924.803,3761
c2_c925_20260916_222958.mp4,2026-09-16T22:32:04.839126,1789615924.839,3762
c2_c925_20260916_222958.mp4,2026-09-16T22:32:04.870856,1789615924.871,3763
c2_c925_20260916_222958.mp4,2026-09-16T22:32:04.904256,1789615924.904,3764
c2_c925_20260916_222958.mp4,2026-09-16T22:32:04.930135,1789615924.930,3765
c2_c925_20260916_222958.mp4,2026-09-16T22:32:04.966043,1789615924.966,3766
c2_c925_20260916_222958.mp4,2026-09-16T22:32:04.997994,1789615924.998,3767
c2_c925_20260916_222958.mp4,2026-09-16T22:32:05.039643,1789615925.040,3768
c2_c925_20260916_222958.mp4,2026-09-16T22:32:05.070563,1789615925.071,3769
c2_c925_20260916_222958.mp4,2026-09-16T22:32:05.101249,1789615925.101,3770
c2_c925_20260916_222958.mp4,2026-09-16T22:32:05.133411,1789615925.133,3771
c2_c925_20260916_222958.mp4,2026-09-16T22:32:05.168039,1789615925.168,3772
c2_c925_20260916_222958.mp4,2026-09-16T22:32:05.200977,1789615925.201,3773
c2_c925_20260916_222958.mp4,2026-09-16T22:32:05.237084,1789615925.237,3774
c2_c925_20260916_222958.mp4,2026-09-16T22:32:05.269952,1789615925.270,3775
c2_c925_20260916_222958.mp4,2026-09-16T22:32:05.302171,1789615925.302,3776
c2_c925_20260916_222958.mp4,2026-09-16T22:32:05.335744,1789615925.336,3777
c2_c925_20260916_222958.mp4,2026-09-16T22:32:05.370670,1789615925.371,3778
c2_c925_20260916_222958.mp4,2026-09-16T22:32:05.403182,1789615925.403,3779
c2_c925_20260916_222958.mp4,2026-09-16T22:32:05.440448,1789615925.440,3780
c2_c925_20260916_222958.mp4,2026-09-16T22:32:05.468269,1789615925.468,3781
c2_c925_20260916_222958.mp4,2026-09-16T22:32:05.498029,1789615925.498,3782
c2_c925_20260916_222958.mp4,2026-09-16T22:32:05.529990,1789615925.530,3783
c2_c925_20260916_222958.mp4,2026-09-16T22:32:05.572833,1789615925.573,3784
c2_c925_20260916_222958.mp4,2026-09-16T22:32:05.602652,1789615925.603,3785
c2_c925_20260916_222958.mp4,2026-09-16T22:32:05.639272,1789615925.639,3786
c2_c925_20260916_222958.mp4,2026-09-16T22:32:05.668494,1789615925.669,3787
c2_c925_20260916_222958.mp4,2026-09-16T22:32:05.698093,1789615925.698,3788
c2_c925_20260916_222958.mp4,2026-09-16T22:32:05.732837,1789615925.733,3789
c2_c925_20260916_222958.mp4,2026-09-16T22:32:05.769562,1789615925.770,3790
c2_c925_20260916_222958.mp4,2026-09-16T22:32:05.798028,1789615925.798,3791
c2_c925_20260916_222958.mp4,2026-09-16T22:32:05.839024,1789615925.839,3792
c2_c925_20260916_222958.mp4,2026-09-16T22:32:05.871999,1789615925.872,3793
c2_c925_20260916_222958.mp4,2026-09-16T22:32:05.903129,1789615925.903,3794
c2_c925_20260916_222958.mp4,2026-09-16T22:32:05.935604,1789615925.936,3795
c2_c925_20260916_222958.mp4,2026-09-16T22:32:05.971285,1789615925.971,3796
c2_c925_20260916_222958.mp4,2026-09-16T22:32:06.003638,1789615926.004,3797
c2_c925_20260916_222958.mp4,2026-09-16T22:32:06.040505,1789615926.041,3798
c2_c925_20260916_222958.mp4,2026-09-16T22:32:06.072433,1789615926.072,3799
c2_c925_20260916_222958.mp4,2026-09-16T22:32:06.103706,1789615926.104,3800
c2_c925_20260916_222958.mp4,2026-09-16T22:32:06.134894,1789615926.135,3801
c2_c925_20260916_222958.mp4,2026-09-16T22:32:06.169874,1789615926.170,3802
c2_c925_20260916_222958.mp4,2026-09-16T22:32:06.200625,1789615926.201,3803
c2_c925_20260916_222958.mp4,2026-09-16T22:32:06.236311,1789615926.236,3804
c2_c925_20260916_222958.mp4,2026-09-16T22:32:06.270158,1789615926.270,3805
c2_c925_20260916_222958.mp4,2026-09-16T22:32:06.302243,1789615926.302,3806
c2_c925_20260916_222958.mp4,2026-09-16T22:32:06.334734,1789615926.335,3807
c2_c925_20260916_222958.mp4,2026-09-16T22:32:06.368500,1789615926.369,3808
c2_c925_20260916_222958.mp4,2026-09-16T22:32:06.402017,1789615926.402,3809
c2_c925_20260916_222958.mp4,2026-09-16T22:32:06.437302,1789615926.437,3810
c2_c925_20260916_222958.mp4,2026-09-16T22:32:06.472434,1789615926.472,3811
c2_c925_20260916_222958.mp4,2026-09-16T22:32:06.504108,1789615926.504,3812
c2_c925_20260916_222958.mp4,2026-09-16T22:32:06.533958,1789615926.534,3813
c2_c925_20260916_222958.mp4,2026-09-16T22:32:06.570244,1789615926.570,3814
c2_c925_20260916_222958.mp4,2026-09-16T22:32:06.601713,1789615926.602,3815
c2_c925_20260916_222958.mp4,2026-09-16T22:32:06.638521,1789615926.639,3816
c2_c925_20260916_222958.mp4,2026-09-16T22:32:06.667870,1789615926.668,3817
c2_c925_20260916_222958.mp4,2026-09-16T22:32:06.698708,1789615926.699,3818
c2_c925_20260916_222958.mp4,2026-09-16T22:32:06.734166,1789615926.734,3819
c2_c925_20260916_222958.mp4,2026-09-16T22:32:06.770651,1789615926.771,3820
c2_c925_20260916_222958.mp4,2026-09-16T22:32:06.802633,1789615926.803,3821
c2_c925_20260916_222958.mp4,2026-09-16T22:32:06.838153,1789615926.838,3822
c2_c925_20260916_222958.mp4,2026-09-16T22:32:06.871085,1789615926.871,3823
c2_c925_20260916_222958.mp4,2026-09-16T22:32:06.902076,1789615926.902,3824
c2_c925_20260916_222958.mp4,2026-09-16T22:32:06.934454,1789615926.934,3825
c2_c925_20260916_222958.mp4,2026-09-16T22:32:06.968848,1789615926.969,3826
c2_c925_20260916_222958.mp4,2026-09-16T22:32:07.002473,1789615927.002,3827
c2_c925_20260916_222958.mp4,2026-09-16T22:32:07.034811,1789615927.035,3828
c2_c925_20260916_222958.mp4,2026-09-16T22:32:07.071643,1789615927.072,3829
c2_c925_20260916_222958.mp4,2026-09-16T22:32:07.103262,1789615927.103,3830
c2_c925_20260916_222958.mp4,2026-09-16T22:32:07.135213,1789615927.135,3831
c2_c925_20260916_222958.mp4,2026-09-16T22:32:07.170458,1789615927.170,3832
c2_c925_20260916_222958.mp4,2026-09-16T22:32:07.198369,1789615927.198,3833
c2_c925_20260916_222958.mp4,2026-09-16T22:32:07.235849,1789615927.236,3834
c2_c925_20260916_222958.mp4,2026-09-16T22:32:07.269988,1789615927.270,3835
c2_c925_20260916_222958.mp4,2026-09-16T22:32:07.303016,1789615927.303,3836
c2_c925_20260916_222958.mp4,2026-09-16T22:32:07.334610,1789615927.335,3837
c2_c925_20260916_222958.mp4,2026-09-16T22:32:07.371098,1789615927.371,3838
c2_c925_20260916_222958.mp4,2026-09-16T22:32:07.404109,1789615927.404,3839
c2_c925_20260916_222958.mp4,2026-09-16T22:32:07.440373,1789615927.440,3840
c2_c925_20260916_222958.mp4,2026-09-16T22:32:07.470544,1789615927.471,3841
c2_c925_20260916_222958.mp4,2026-09-16T22:32:07.503996,1789615927.504,3842
c2_c925_20260916_222958.mp4,2026-09-16T22:32:07.534543,1789615927.535,3843
c2_c925_20260916_222958.mp4,2026-09-16T22:32:07.566042,1789615927.566,3844
c2_c925_20260916_222958.mp4,2026-09-16T22:32:07.597921,1789615927.598,3845
c2_c925_20260916_222958.mp4,2026-09-16T22:32:07.635205,1789615927.635,3846
c2_c925_20260916_222958.mp4,2026-09-16T22:32:07.670271,1789615927.670,3847
c2_c925_20260916_222958.mp4,2026-09-16T22:32:07.702007,1789615927.702,3848
c2_c925_20260916_222958.mp4,2026-09-16T22:32:07.734135,1789615927.734,3849
c2_c925_20260916_222958.mp4,2026-09-16T22:32:07.767176,1789615927.767,3850
c2_c925_20260916_222958.mp4,2026-09-16T22:32:07.801427,1789615927.801,3851
c2_c925_20260916_222958.mp4,2026-09-16T22:32:07.838094,1789615927.838,3852
c2_c925_20260916_222958.mp4,2026-09-16T22:32:07.871186,1789615927.871,3853
c2_c925_20260916_222958.mp4,2026-09-16T22:32:07.903640,1789615927.904,3854
c2_c925_20260916_222958.mp4,2026-09-16T22:32:07.934731,1789615927.935,3855
c2_c925_20260916_222958.mp4,2026-09-16T22:32:07.972109,1789615927.972,3856
c2_c925_20260916_222958.mp4,2026-09-16T22:32:08.002644,1789615928.003,3857
c2_c925_20260916_222958.mp4,2026-09-16T22:32:08.040149,1789615928.040,3858
c2_c925_20260916_222958.mp4,2026-09-16T22:32:08.073008,1789615928.073,3859
c2_c925_20260916_222958.mp4,2026-09-16T22:32:08.103581,1789615928.104,3860
c2_c925_20260916_222958.mp4,2026-09-16T22:32:08.135289,1789615928.135,3861
c2_c925_20260916_222958.mp4,2026-09-16T22:32:08.167117,1789615928.167,3862
c2_c925_20260916_222958.mp4,2026-09-16T22:32:08.199122,1789615928.199,3863
c2_c925_20260916_222958.mp4,2026-09-16T22:32:08.234511,1789615928.235,3864
c2_c925_20260916_222958.mp4,2026-09-16T22:32:08.269649,1789615928.270,3865
c2_c925_20260916_222958.mp4,2026-09-16T22:32:08.301556,1789615928.302,3866
c2_c925_20260916_222958.mp4,2026-09-16T22:32:08.334324,1789615928.334,3867
c2_c925_20260916_222958.mp4,2026-09-16T22:32:08.369323,1789615928.369,3868
c2_c925_20260916_222958.mp4,2026-09-16T22:32:08.402754,1789615928.403,3869
c2_c925_20260916_222958.mp4,2026-09-16T22:32:08.441117,1789615928.441,3870
c2_c925_20260916_222958.mp4,2026-09-16T22:32:08.469560,1789615928.470,3871
c2_c925_20260916_222958.mp4,2026-09-16T22:32:08.502243,1789615928.502,3872
c2_c925_20260916_222958.mp4,2026-09-16T22:32:08.536005,1789615928.536,3873
c2_c925_20260916_222958.mp4,2026-09-16T22:32:08.572275,1789615928.572,3874
c2_c925_20260916_222958.mp4,2026-09-16T22:32:08.603110,1789615928.603,3875
c2_c925_20260916_222958.mp4,2026-09-16T22:32:08.635262,1789615928.635,3876
c2_c925_20260916_222958.mp4,2026-09-16T22:32:08.665956,1789615928.666,3877
c2_c925_20260916_222958.mp4,2026-09-16T22:32:08.700164,1789615928.700,3878
c2_c925_20260916_222958.mp4,2026-09-16T22:32:08.732474,1789615928.732,3879
c2_c925_20260916_222958.mp4,2026-09-16T22:32:08.768525,1789615928.769,3880
c2_c925_20260916_222958.mp4,2026-09-16T22:32:08.801069,1789615928.801,3881
c2_c925_20260916_222958.mp4,2026-09-16T22:32:08.834857,1789615928.835,3882
c2_c925_20260916_222958.mp4,2026-09-16T22:32:08.870163,1789615928.870,3883
c2_c925_20260916_222958.mp4,2026-09-16T22:32:08.902582,1789615928.903,3884
c2_c925_20260916_222958.mp4,2026-09-16T22:32:08.935048,1789615928.935,3885
c2_c925_20260916_222958.mp4,2026-09-16T22:32:08.972511,1789615928.973,3886
c2_c925_20260916_222958.mp4,2026-09-16T22:32:09.004050,1789615929.004,3887
c2_c925_20260916_222958.mp4,2026-09-16T22:32:09.037128,1789615929.037,3888
c2_c925_20260916_222958.mp4,2026-09-16T22:32:09.072541,1789615929.073,3889
c2_c925_20260916_222958.mp4,2026-09-16T22:32:09.102368,1789615929.102,3890
c2_c925_20260916_222958.mp4,2026-09-16T22:32:09.133959,1789615929.134,3891
c2_c925_20260916_222958.mp4,2026-09-16T22:32:09.166096,1789615929.166,3892
c2_c925_20260916_222958.mp4,2026-09-16T22:32:09.198750,1789615929.199,3893
c2_c925_20260916_222958.mp4,2026-09-16T22:32:09.233895,1789615929.234,3894
c2_c925_20260916_222958.mp4,2026-09-16T22:32:09.268775,1789615929.269,3895
c2_c925_20260916_222958.mp4,2026-09-16T22:32:09.300900,1789615929.301,3896
c2_c925_20260916_222958.mp4,2026-09-16T22:32:09.334936,1789615929.335,3897
c2_c925_20260916_222958.mp4,2026-09-16T22:32:09.371338,1789615929.371,3898
c2_c925_20260916_222958.mp4,2026-09-16T22:32:09.400213,1789615929.400,3899
c2_c925_20260916_222958.mp4,2026-09-16T22:32:09.435649,1789615929.436,3900
c2_c925_20260916_222958.mp4,2026-09-16T22:32:09.467349,1789615929.467,3901
c2_c925_20260916_222958.mp4,2026-09-16T22:32:09.500920,1789615929.501,3902
c2_c925_20260916_222958.mp4,2026-09-16T22:32:09.531837,1789615929.532,3903
c2_c925_20260916_222958.mp4,2026-09-16T22:32:09.568370,1789615929.568,3904
c2_c925_20260916_222958.mp4,2026-09-16T22:32:09.602367,1789615929.602,3905
c2_c925_20260916_222958.mp4,2026-09-16T22:32:09.638608,1789615929.639,3906
c2_c925_20260916_222958.mp4,2026-09-16T22:32:09.671672,1789615929.672,3907
c2_c925_20260916_222958.mp4,2026-09-16T22:32:09.700558,1789615929.701,3908
c2_c925_20260916_222958.mp4,2026-09-16T22:32:09.730953,1789615929.731,3909
c2_c925_20260916_222958.mp4,2026-09-16T22:32:09.767186,1789615929.767,3910
c2_c925_20260916_222958.mp4,2026-09-16T22:32:09.801499,1789615929.802,3911
c2_c925_20260916_222958.mp4,2026-09-16T22:32:09.836739,1789615929.837,3912
c2_c925_20260916_222958.mp4,2026-09-16T22:32:09.871250,1789615929.871,3913
c2_c925_20260916_222958.mp4,2026-09-16T22:32:09.903711,1789615929.904,3914
c2_c925_20260916_222958.mp4,2026-09-16T22:32:09.933675,1789615929.934,3915
c2_c925_20260916_222958.mp4,2026-09-16T22:32:09.972012,1789615929.972,3916
c2_c925_20260916_222958.mp4,2026-09-16T22:32:10.003650,1789615930.004,3917
c2_c925_20260916_222958.mp4,2026-09-16T22:32:10.038453,1789615930.038,3918
c2_c925_20260916_222958.mp4,2026-09-16T22:32:10.067995,1789615930.068,3919
c2_c925_20260916_222958.mp4,2026-09-16T22:32:10.099175,1789615930.099,3920
c2_c925_20260916_222958.mp4,2026-09-16T22:32:10.134477,1789615930.134,3921
c2_c925_20260916_222958.mp4,2026-09-16T22:32:10.171904,1789615930.172,3922
c2_c925_20260916_222958.mp4,2026-09-16T22:32:10.202472,1789615930.202,3923
c2_c925_20260916_222958.mp4,2026-09-16T22:32:10.238715,1789615930.239,3924
c2_c925_20260916_222958.mp4,2026-09-16T22:32:10.268444,1789615930.268,3925
c2_c925_20260916_222958.mp4,2026-09-16T22:32:10.302173,1789615930.302,3926
c2_c925_20260916_222958.mp4,2026-09-16T22:32:10.334370,1789615930.334,3927
c2_c925_20260916_222958.mp4,2026-09-16T22:32:10.370692,1789615930.371,3928
c2_c925_20260916_222958.mp4,2026-09-16T22:32:10.404518,1789615930.405,3929
c2_c925_20260916_222958.mp4,2026-09-16T22:32:10.439560,1789615930.440,3930
c2_c925_20260916_222958.mp4,2026-09-16T22:32:10.472048,1789615930.472,3931
c2_c925_20260916_222958.mp4,2026-09-16T22:32:10.503301,1789615930.503,3932
c2_c925_20260916_222958.mp4,2026-09-16T22:32:10.536453,1789615930.536,3933
c2_c925_20260916_222958.mp4,2026-09-16T22:32:10.572495,1789615930.573,3934
c2_c925_20260916_222958.mp4,2026-09-16T22:32:10.603685,1789615930.604,3935
c2_c925_20260916_222958.mp4,2026-09-16T22:32:10.636736,1789615930.637,3936
c2_c925_20260916_222958.mp4,2026-09-16T22:32:10.667194,1789615930.667,3937
c2_c925_20260916_222958.mp4,2026-09-16T22:32:10.699751,1789615930.700,3938
c2_c925_20260916_222958.mp4,2026-09-16T22:32:10.734373,1789615930.734,3939
c2_c925_20260916_222958.mp4,2026-09-16T22:32:10.766351,1789615930.766,3940
c2_c925_20260916_222958.mp4,2026-09-16T22:32:10.798006,1789615930.798,3941
c2_c925_20260916_222958.mp4,2026-09-16T22:32:10.833892,1789615930.834,3942
c2_c925_20260916_222958.mp4,2026-09-16T22:32:10.871342,1789615930.871,3943
c2_c925_20260916_222958.mp4,2026-09-16T22:32:10.903000,1789615930.903,3944
c2_c925_20260916_222958.mp4,2026-09-16T22:32:10.934719,1789615930.935,3945
c2_c925_20260916_222958.mp4,2026-09-16T22:32:10.972611,1789615930.973,3946
c2_c925_20260916_222958.mp4,2026-09-16T22:32:11.003756,1789615931.004,3947
c2_c925_20260916_222958.mp4,2026-09-16T22:32:11.039065,1789615931.039,3948
c2_c925_20260916_222958.mp4,2026-09-16T22:32:11.070439,1789615931.070,3949
c2_c925_20260916_222958.mp4,2026-09-16T22:32:11.104425,1789615931.104,3950
c2_c925_20260916_222958.mp4,2026-09-16T22:32:11.130378,1789615931.130,3951
c2_c925_20260916_222958.mp4,2026-09-16T22:32:11.173111,1789615931.173,3952
c2_c925_20260916_222958.mp4,2026-09-16T22:32:11.199841,1789615931.200,3953
c2_c925_20260916_222958.mp4,2026-09-16T22:32:11.236704,1789615931.237,3954
c2_c925_20260916_222958.mp4,2026-09-16T22:32:11.268273,1789615931.268,3955
c2_c925_20260916_222958.mp4,2026-09-16T22:32:11.299258,1789615931.299,3956
c2_c925_20260916_222958.mp4,2026-09-16T22:32:11.331763,1789615931.332,3957
c2_c925_20260916_222958.mp4,2026-09-16T22:32:11.369543,1789615931.370,3958
c2_c925_20260916_222958.mp4,2026-09-16T22:32:11.403552,1789615931.404,3959
c2_c925_20260916_222958.mp4,2026-09-16T22:32:11.438877,1789615931.439,3960
c2_c925_20260916_222958.mp4,2026-09-16T22:32:11.470765,1789615931.471,3961
c2_c925_20260916_222958.mp4,2026-09-16T22:32:11.502063,1789615931.502,3962
c2_c925_20260916_222958.mp4,2026-09-16T22:32:11.534564,1789615931.535,3963
c2_c925_20260916_222958.mp4,2026-09-16T22:32:11.571869,1789615931.572,3964
c2_c925_20260916_222958.mp4,2026-09-16T22:32:11.604083,1789615931.604,3965
c2_c925_20260916_222958.mp4,2026-09-16T22:32:11.640836,1789615931.641,3966
c2_c925_20260916_222958.mp4,2026-09-16T22:32:11.670696,1789615931.671,3967
c2_c925_20260916_222958.mp4,2026-09-16T22:32:11.702066,1789615931.702,3968
c2_c925_20260916_222958.mp4,2026-09-16T22:32:11.733304,1789615931.733,3969
c2_c925_20260916_222958.mp4,2026-09-16T22:32:11.769710,1789615931.770,3970
c2_c925_20260916_222958.mp4,2026-09-16T22:32:11.801816,1789615931.802,3971
c2_c925_20260916_222958.mp4,2026-09-16T22:32:11.836989,1789615931.837,3972
c2_c925_20260916_222958.mp4,2026-09-16T22:32:11.870341,1789615931.870,3973
c2_c925_20260916_222958.mp4,2026-09-16T22:32:11.900913,1789615931.901,3974
c2_c925_20260916_222958.mp4,2026-09-16T22:32:11.931627,1789615931.932,3975
c2_c925_20260916_222958.mp4,2026-09-16T22:32:11.972000,1789615931.972,3976
c2_c925_20260916_222958.mp4,2026-09-16T22:32:12.004449,1789615932.004,3977
c2_c925_20260916_222958.mp4,2026-09-16T22:32:12.039257,1789615932.039,3978
c2_c925_20260916_222958.mp4,2026-09-16T22:32:12.073406,1789615932.073,3979
c2_c925_20260916_222958.mp4,2026-09-16T22:32:12.103919,1789615932.104,3980
c2_c925_20260916_222958.mp4,2026-09-16T22:32:12.133521,1789615932.134,3981
c2_c925_20260916_222958.mp4,2026-09-16T22:32:12.168133,1789615932.168,3982
c2_c925_20260916_222958.mp4,2026-09-16T22:32:12.201990,1789615932.202,3983
c2_c925_20260916_222958.mp4,2026-09-16T22:32:12.236050,1789615932.236,3984
c2_c925_20260916_222958.mp4,2026-09-16T22:32:12.267093,1789615932.267,3985
c2_c925_20260916_222958.mp4,2026-09-16T22:32:12.299027,1789615932.299,3986
c2_c925_20260916_222958.mp4,2026-09-16T22:32:12.334273,1789615932.334,3987
c2_c925_20260916_222958.mp4,2026-09-16T22:32:12.369380,1789615932.369,3988
c2_c925_20260916_222958.mp4,2026-09-16T22:32:12.402583,1789615932.403,3989
c2_c925_20260916_222958.mp4,2026-09-16T22:32:12.438687,1789615932.439,3990
c2_c925_20260916_222958.mp4,2026-09-16T22:32:12.470320,1789615932.470,3991
c2_c925_20260916_222958.mp4,2026-09-16T22:32:12.499380,1789615932.499,3992
c2_c925_20260916_222958.mp4,2026-09-16T22:32:12.531874,1789615932.532,3993
c2_c925_20260916_222958.mp4,2026-09-16T22:32:12.568688,1789615932.569,3994
c2_c925_20260916_222958.mp4,2026-09-16T22:32:12.604712,1789615932.605,3995
c2_c925_20260916_222958.mp4,2026-09-16T22:32:12.640980,1789615932.641,3996
c2_c925_20260916_222958.mp4,2026-09-16T22:32:12.672909,1789615932.673,3997
c2_c925_20260916_222958.mp4,2026-09-16T22:32:12.703978,1789615932.704,3998
c2_c925_20260916_222958.mp4,2026-09-16T22:32:12.734802,1789615932.735,3999
c2_c925_20260916_222958.mp4,2026-09-16T22:32:12.770168,1789615932.770,4000
c2_c925_20260916_222958.mp4,2026-09-16T22:32:12.801365,1789615932.801,4001
c2_c925_20260916_222958.mp4,2026-09-16T22:32:12.835903,1789615932.836,4002
c2_c925_20260916_222958.mp4,2026-09-16T22:32:12.870289,1789615932.870,4003
c2_c925_20260916_222958.mp4,2026-09-16T22:32:12.902899,1789615932.903,4004
c2_c925_20260916_222958.mp4,2026-09-16T22:32:12.934929,1789615932.935,4005
c2_c925_20260916_222958.mp4,2026-09-16T22:32:12.973933,1789615932.974,4006
c2_c925_20260916_222958.mp4,2026-09-16T22:32:13.004201,1789615933.004,4007
c2_c925_20260916_222958.mp4,2026-09-16T22:32:13.039118,1789615933.039,4008
c2_c925_20260916_222958.mp4,2026-09-16T22:32:13.070650,1789615933.071,4009
c2_c925_20260916_222958.mp4,2026-09-16T22:32:13.101465,1789615933.101,4010
c2_c925_20260916_222958.mp4,2026-09-16T22:32:13.129994,1789615933.130,4011
c2_c925_20260916_222958.mp4,2026-09-16T22:32:13.167680,1789615933.168,4012
c2_c925_20260916_222958.mp4,2026-09-16T22:32:13.200474,1789615933.200,4013
c2_c925_20260916_222958.mp4,2026-09-16T22:32:13.238781,1789615933.239,4014
c2_c925_20260916_222958.mp4,2026-09-16T22:32:13.270328,1789615933.270,4015
c2_c925_20260916_222958.mp4,2026-09-16T22:32:13.300657,1789615933.301,4016
c2_c925_20260916_222958.mp4,2026-09-16T22:32:13.333661,1789615933.334,4017
c2_c925_20260916_222958.mp4,2026-09-16T22:32:13.366398,1789615933.366,4018
c2_c925_20260916_222958.mp4,2026-09-16T22:32:13.398156,1789615933.398,4019
c2_c925_20260916_222958.mp4,2026-09-16T22:32:13.433981,1789615933.434,4020
c2_c925_20260916_222958.mp4,2026-09-16T22:32:13.466802,1789615933.467,4021
c2_c925_20260916_222958.mp4,2026-09-16T22:32:13.503103,1789615933.503,4022
c2_c925_20260916_222958.mp4,2026-09-16T22:32:13.536747,1789615933.537,4023
c2_c925_20260916_222958.mp4,2026-09-16T22:32:13.572462,1789615933.572,4024
c2_c925_20260916_222958.mp4,2026-09-16T22:32:13.603735,1789615933.604,4025
c2_c925_20260916_222958.mp4,2026-09-16T22:32:13.634446,1789615933.634,4026
c2_c925_20260916_222958.mp4,2026-09-16T22:32:13.672740,1789615933.673,4027
c2_c925_20260916_222958.mp4,2026-09-16T22:32:13.703369,1789615933.703,4028
c2_c925_20260916_222958.mp4,2026-09-16T22:32:13.734395,1789615933.734,4029
c2_c925_20260916_222958.mp4,2026-09-16T22:32:13.768010,1789615933.768,4030
c2_c925_20260916_222958.mp4,2026-09-16T22:32:13.798652,1789615933.799,4031
c2_c925_20260916_222958.mp4,2026-09-16T22:32:13.836201,1789615933.836,4032
c2_c925_20260916_222958.mp4,2026-09-16T22:32:13.866718,1789615933.867,4033
c2_c925_20260916_222958.mp4,2026-09-16T22:32:13.904693,1789615933.905,4034
c2_c925_20260916_222958.mp4,2026-09-16T22:32:13.936009,1789615933.936,4035
c2_c925_20260916_222958.mp4,2026-09-16T22:32:13.972465,1789615933.972,4036
c2_c925_20260916_222958.mp4,2026-09-16T22:32:14.004565,1789615934.005,4037
c2_c925_20260916_222958.mp4,2026-09-16T22:32:14.039607,1789615934.040,4038
c2_c925_20260916_222958.mp4,2026-09-16T22:32:14.071028,1789615934.071,4039
c2_c925_20260916_222958.mp4,2026-09-16T22:32:14.104578,1789615934.105,4040
c2_c925_20260916_222958.mp4,2026-09-16T22:32:14.135123,1789615934.135,4041
c2_c925_20260916_222958.mp4,2026-09-16T22:32:14.173488,1789615934.174,4042
c2_c925_20260916_222958.mp4,2026-09-16T22:32:14.204438,1789615934.204,4043
c2_c925_20260916_222958.mp4,2026-09-16T22:32:14.239646,1789615934.240,4044
c2_c925_20260916_222958.mp4,2026-09-16T22:32:14.270521,1789615934.271,4045
c2_c925_20260916_222958.mp4,2026-09-16T22:32:14.302075,1789615934.302,4046
c2_c925_20260916_222958.mp4,2026-09-16T22:32:14.332900,1789615934.333,4047
c2_c925_20260916_222958.mp4,2026-09-16T22:32:14.365889,1789615934.366,4048
c2_c925_20260916_222958.mp4,2026-09-16T22:32:14.398536,1789615934.399,4049
c2_c925_20260916_222958.mp4,2026-09-16T22:32:14.436146,1789615934.436,4050
c2_c925_20260916_222958.mp4,2026-09-16T22:32:14.471262,1789615934.471,4051
c2_c925_20260916_222958.mp4,2026-09-16T22:32:14.502854,1789615934.503,4052
c2_c925_20260916_222958.mp4,2026-09-16T22:32:14.535282,1789615934.535,4053
c2_c925_20260916_222958.mp4,2026-09-16T22:32:14.571277,1789615934.571,4054
c2_c925_20260916_222958.mp4,2026-09-16T22:32:14.602448,1789615934.602,4055
c2_c925_20260916_222958.mp4,2026-09-16T22:32:14.639205,1789615934.639,4056
c2_c925_20260916_222958.mp4,2026-09-16T22:32:14.670512,1789615934.671,4057
c2_c925_20260916_222958.mp4,2026-09-16T22:32:14.701306,1789615934.701,4058
c2_c925_20260916_222958.mp4,2026-09-16T22:32:14.732589,1789615934.733,4059
c2_c925_20260916_222958.mp4,2026-09-16T22:32:14.768487,1789615934.769,4060
c2_c925_20260916_222958.mp4,2026-09-16T22:32:14.801458,1789615934.801,4061
c2_c925_20260916_222958.mp4,2026-09-16T22:32:14.835331,1789615934.835,4062
c2_c925_20260916_222958.mp4,2026-09-16T22:32:14.871001,1789615934.871,4063
c2_c925_20260916_222958.mp4,2026-09-16T22:32:14.902077,1789615934.902,4064
c2_c925_20260916_222958.mp4,2026-09-16T22:32:14.935024,1789615934.935,4065
c2_c925_20260916_222958.mp4,2026-09-16T22:32:14.970366,1789615934.970,4066
c2_c925_20260916_222958.mp4,2026-09-16T22:32:15.000231,1789615935.000,4067
c2_c925_20260916_222958.mp4,2026-09-16T22:32:15.037879,1789615935.038,4068
c2_c925_20260916_222958.mp4,2026-09-16T22:32:15.068111,1789615935.068,4069
c2_c925_20260916_222958.mp4,2026-09-16T22:32:15.104544,1789615935.105,4070
c2_c925_20260916_222958.mp4,2026-09-16T22:32:15.135236,1789615935.135,4071
c2_c925_20260916_222958.mp4,2026-09-16T22:32:15.172564,1789615935.173,4072
c2_c925_20260916_222958.mp4,2026-09-16T22:32:15.204347,1789615935.204,4073
c2_c925_20260916_222958.mp4,2026-09-16T22:32:15.239927,1789615935.240,4074
c2_c925_20260916_222958.mp4,2026-09-16T22:32:15.270589,1789615935.271,4075
c2_c925_20260916_222958.mp4,2026-09-16T22:32:15.301302,1789615935.301,4076
c2_c925_20260916_222958.mp4,2026-09-16T22:32:15.334048,1789615935.334,4077
c2_c925_20260916_222958.mp4,2026-09-16T22:32:15.367884,1789615935.368,4078
c2_c925_20260916_222958.mp4,2026-09-16T22:32:15.401914,1789615935.402,4079
c2_c925_20260916_222958.mp4,2026-09-16T22:32:15.439348,1789615935.439,4080
c2_c925_20260916_222958.mp4,2026-09-16T22:32:15.471173,1789615935.471,4081
c2_c925_20260916_222958.mp4,2026-09-16T22:32:15.503294,1789615935.503,4082
c2_c925_20260916_222958.mp4,2026-09-16T22:32:15.534497,1789615935.535,4083
c2_c925_20260916_222958.mp4,2026-09-16T22:32:15.570605,1789615935.571,4084
c2_c925_20260916_222958.mp4,2026-09-16T22:32:15.599889,1789615935.600,4085
c2_c925_20260916_222958.mp4,2026-09-16T22:32:15.638281,1789615935.638,4086
c2_c925_20260916_222958.mp4,2026-09-16T22:32:15.670567,1789615935.671,4087
c2_c925_20260916_222958.mp4,2026-09-16T22:32:15.703902,1789615935.704,4088
c2_c925_20260916_222958.mp4,2026-09-16T22:32:15.735949,1789615935.736,4089
c2_c925_20260916_222958.mp4,2026-09-16T22:32:15.772166,1789615935.772,4090
c2_c925_20260916_222958.mp4,2026-09-16T22:32:15.802987,1789615935.803,4091
c2_c925_20260916_222958.mp4,2026-09-16T22:32:15.838100,1789615935.838,4092
c2_c925_20260916_222958.mp4,2026-09-16T22:32:15.869803,1789615935.870,4093
c2_c925_20260916_222958.mp4,2026-09-16T22:32:15.902167,1789615935.902,4094
c2_c925_20260916_222958.mp4,2026-09-16T22:32:15.935233,1789615935.935,4095
c2_c925_20260916_222958.mp4,2026-09-16T22:32:15.970816,1789615935.971,4096
c2_c925_20260916_222958.mp4,2026-09-16T22:32:16.004456,1789615936.004,4097
c2_c925_20260916_222958.mp4,2026-09-16T22:32:16.040951,1789615936.041,4098
c2_c925_20260916_222958.mp4,2026-09-16T22:32:16.072612,1789615936.073,4099
c2_c925_20260916_222958.mp4,2026-09-16T22:32:16.103839,1789615936.104,4100
c2_c925_20260916_222958.mp4,2026-09-16T22:32:16.134880,1789615936.135,4101
c2_c925_20260916_222958.mp4,2026-09-16T22:32:16.172488,1789615936.173,4102
c2_c925_20260916_222958.mp4,2026-09-16T22:32:16.198430,1789615936.198,4103
c2_c925_20260916_222958.mp4,2026-09-16T22:32:16.234036,1789615936.234,4104
c2_c925_20260916_222958.mp4,2026-09-16T22:32:16.269559,1789615936.270,4105
c2_c925_20260916_222958.mp4,2026-09-16T22:32:16.302149,1789615936.302,4106
c2_c925_20260916_222958.mp4,2026-09-16T22:32:16.333519,1789615936.334,4107
c2_c925_20260916_222958.mp4,2026-09-16T22:32:16.366968,1789615936.367,4108
c2_c925_20260916_222958.mp4,2026-09-16T22:32:16.401901,1789615936.402,4109
c2_c925_20260916_222958.mp4,2026-09-16T22:32:16.438225,1789615936.438,4110
c2_c925_20260916_222958.mp4,2026-09-16T22:32:16.471433,1789615936.471,4111
c2_c925_20260916_222958.mp4,2026-09-16T22:32:16.503291,1789615936.503,4112
c2_c925_20260916_222958.mp4,2026-09-16T22:32:16.534738,1789615936.535,4113
c2_c925_20260916_222958.mp4,2026-09-16T22:32:16.572518,1789615936.573,4114
c2_c925_20260916_222958.mp4,2026-09-16T22:32:16.604281,1789615936.604,4115
c2_c925_20260916_222958.mp4,2026-09-16T22:32:16.640974,1789615936.641,4116
c2_c925_20260916_222958.mp4,2026-09-16T22:32:16.671350,1789615936.671,4117
c2_c925_20260916_222958.mp4,2026-09-16T22:32:16.704947,1789615936.705,4118
c2_c925_20260916_222958.mp4,2026-09-16T22:32:16.732447,1789615936.732,4119
c2_c925_20260916_222958.mp4,2026-09-16T22:32:16.770146,1789615936.770,4120
c2_c925_20260916_222958.mp4,2026-09-16T22:32:16.798932,1789615936.799,4121
c2_c925_20260916_222958.mp4,2026-09-16T22:32:16.834003,1789615936.834,4122
c2_c925_20260916_222958.mp4,2026-09-16T22:32:16.866788,1789615936.867,4123
c2_c925_20260916_222958.mp4,2026-09-16T22:32:16.899453,1789615936.899,4124
c2_c925_20260916_222958.mp4,2026-09-16T22:32:16.934809,1789615936.935,4125
c2_c925_20260916_222958.mp4,2026-09-16T22:32:16.970669,1789615936.971,4126
c2_c925_20260916_222958.mp4,2026-09-16T22:32:17.004090,1789615937.004,4127
c2_c925_20260916_222958.mp4,2026-09-16T22:32:17.041023,1789615937.041,4128
c2_c925_20260916_222958.mp4,2026-09-16T22:32:17.071290,1789615937.071,4129
c2_c925_20260916_222958.mp4,2026-09-16T22:32:17.102683,1789615937.103,4130
c2_c925_20260916_222958.mp4,2026-09-16T22:32:17.133475,1789615937.133,4131
c2_c925_20260916_222958.mp4,2026-09-16T22:32:17.171301,1789615937.171,4132
c2_c925_20260916_222958.mp4,2026-09-16T22:32:17.202212,1789615937.202,4133
c2_c925_20260916_222958.mp4,2026-09-16T22:32:17.236637,1789615937.237,4134
c2_c925_20260916_222958.mp4,2026-09-16T22:32:17.268758,1789615937.269,4135
c2_c925_20260916_222958.mp4,2026-09-16T22:32:17.301997,1789615937.302,4136
c2_c925_20260916_222958.mp4,2026-09-16T22:32:17.331274,1789615937.331,4137
c2_c925_20260916_222958.mp4,2026-09-16T22:32:17.369512,1789615937.370,4138
c2_c925_20260916_222958.mp4,2026-09-16T22:32:17.402548,1789615937.403,4139
c2_c925_20260916_222958.mp4,2026-09-16T22:32:17.434079,1789615937.434,4140
c2_c925_20260916_222958.mp4,2026-09-16T22:32:17.468693,1789615937.469,4141
c2_c925_20260916_222958.mp4,2026-09-16T22:32:17.503613,1789615937.504,4142
c2_c925_20260916_222958.mp4,2026-09-16T22:32:17.531603,1789615937.532,4143
c2_c925_20260916_222958.mp4,2026-09-16T22:32:17.566014,1789615937.566,4144
c2_c925_20260916_222958.mp4,2026-09-16T22:32:17.597991,1789615937.598,4145
c2_c925_20260916_222958.mp4,2026-09-16T22:32:17.635135,1789615937.635,4146
c2_c925_20260916_222958.mp4,2026-09-16T22:32:17.670688,1789615937.671,4147
c2_c925_20260916_222958.mp4,2026-09-16T22:32:17.703677,1789615937.704,4148
c2_c925_20260916_222958.mp4,2026-09-16T22:32:17.736164,1789615937.736,4149
c2_c925_20260916_222958.mp4,2026-09-16T22:32:17.769373,1789615937.769,4150
c2_c925_20260916_222958.mp4,2026-09-16T22:32:17.802308,1789615937.802,4151
c2_c925_20260916_222958.mp4,2026-09-16T22:32:17.837881,1789615937.838,4152
c2_c925_20260916_222958.mp4,2026-09-16T22:32:17.866946,1789615937.867,4153
c2_c925_20260916_222958.mp4,2026-09-16T22:32:17.900718,1789615937.901,4154
c2_c925_20260916_222958.mp4,2026-09-16T22:32:17.935129,1789615937.935,4155
c2_c925_20260916_222958.mp4,2026-09-16T22:32:17.970231,1789615937.970,4156
c2_c925_20260916_222958.mp4,2026-09-16T22:32:18.000133,1789615938.000,4157
c2_c925_20260916_222958.mp4,2026-09-16T22:32:18.036449,1789615938.036,4158
c2_c925_20260916_222958.mp4,2026-09-16T22:32:18.068120,1789615938.068,4159
c2_c925_20260916_222958.mp4,2026-09-16T22:32:18.102924,1789615938.103,4160
c2_c925_20260916_222958.mp4,2026-09-16T22:32:18.134473,1789615938.134,4161
c2_c925_20260916_222958.mp4,2026-09-16T22:32:18.170331,1789615938.170,4162
c2_c925_20260916_222958.mp4,2026-09-16T22:32:18.202653,1789615938.203,4163
c2_c925_20260916_222958.mp4,2026-09-16T22:32:18.240019,1789615938.240,4164
c2_c925_20260916_222958.mp4,2026-09-16T22:32:18.272859,1789615938.273,4165
c2_c925_20260916_222958.mp4,2026-09-16T22:32:18.302245,1789615938.302,4166
c2_c925_20260916_222958.mp4,2026-09-16T22:32:18.332492,1789615938.333,4167
c2_c925_20260916_222958.mp4,2026-09-16T22:32:18.368592,1789615938.369,4168
c2_c925_20260916_222958.mp4,2026-09-16T22:32:18.401858,1789615938.402,4169
c2_c925_20260916_222958.mp4,2026-09-16T22:32:18.437188,1789615938.437,4170
c2_c925_20260916_222958.mp4,2026-09-16T22:32:18.471628,1789615938.472,4171
c2_c925_20260916_222958.mp4,2026-09-16T22:32:18.503684,1789615938.504,4172
c2_c925_20260916_222958.mp4,2026-09-16T22:32:18.536567,1789615938.537,4173
c2_c925_20260916_222958.mp4,2026-09-16T22:32:18.573728,1789615938.574,4174
c2_c925_20260916_222958.mp4,2026-09-16T22:32:18.600908,1789615938.601,4175
c2_c925_20260916_222958.mp4,2026-09-16T22:32:18.631563,1789615938.632,4176
c2_c925_20260916_222958.mp4,2026-09-16T22:32:18.669983,1789615938.670,4177
c2_c925_20260916_222958.mp4,2026-09-16T22:32:18.699648,1789615938.700,4178
c2_c925_20260916_222958.mp4,2026-09-16T22:32:18.735479,1789615938.735,4179
c2_c925_20260916_222958.mp4,2026-09-16T22:32:18.770333,1789615938.770,4180
c2_c925_20260916_222958.mp4,2026-09-16T22:32:18.802585,1789615938.803,4181
c2_c925_20260916_222958.mp4,2026-09-16T22:32:18.835842,1789615938.836,4182
c2_c925_20260916_222958.mp4,2026-09-16T22:32:18.866737,1789615938.867,4183
c2_c925_20260916_222958.mp4,2026-09-16T22:32:18.899410,1789615938.899,4184
c2_c925_20260916_222958.mp4,2026-09-16T22:32:18.933695,1789615938.934,4185
c2_c925_20260916_222958.mp4,2026-09-16T22:32:18.971289,1789615938.971,4186
c2_c925_20260916_222958.mp4,2026-09-16T22:32:19.003182,1789615939.003,4187
c2_c925_20260916_222958.mp4,2026-09-16T22:32:19.039672,1789615939.040,4188
c2_c925_20260916_222958.mp4,2026-09-16T22:32:19.072737,1789615939.073,4189
c2_c925_20260916_222958.mp4,2026-09-16T22:32:19.104487,1789615939.105,4190
c2_c925_20260916_222958.mp4,2026-09-16T22:32:19.135876,1789615939.136,4191
c2_c925_20260916_222958.mp4,2026-09-16T22:32:19.173784,1789615939.174,4192
c2_c925_20260916_222958.mp4,2026-09-16T22:32:19.202653,1789615939.203,4193
c2_c925_20260916_222958.mp4,2026-09-16T22:32:19.236771,1789615939.237,4194
c2_c925_20260916_222958.mp4,2026-09-16T22:32:19.267161,1789615939.267,4195
c2_c925_20260916_222958.mp4,2026-09-16T22:32:19.301447,1789615939.301,4196
c2_c925_20260916_222958.mp4,2026-09-16T22:32:19.332999,1789615939.333,4197
c2_c925_20260916_222958.mp4,2026-09-16T22:32:19.368685,1789615939.369,4198
c2_c925_20260916_222958.mp4,2026-09-16T22:32:19.402158,1789615939.402,4199
c2_c925_20260916_222958.mp4,2026-09-16T22:32:19.435589,1789615939.436,4200
c2_c925_20260916_222958.mp4,2026-09-16T22:32:19.469511,1789615939.470,4201
c2_c925_20260916_222958.mp4,2026-09-16T22:32:19.502928,1789615939.503,4202
c2_c925_20260916_222958.mp4,2026-09-16T22:32:19.536096,1789615939.536,4203
c2_c925_20260916_222958.mp4,2026-09-16T22:32:19.572461,1789615939.572,4204
c2_c925_20260916_222958.mp4,2026-09-16T22:32:19.603941,1789615939.604,4205
c2_c925_20260916_222958.mp4,2026-09-16T22:32:19.639287,1789615939.639,4206
c2_c925_20260916_222958.mp4,2026-09-16T22:32:19.670775,1789615939.671,4207
c2_c925_20260916_222958.mp4,2026-09-16T22:32:19.704402,1789615939.704,4208
c2_c925_20260916_222958.mp4,2026-09-16T22:32:19.736281,1789615939.736,4209
c2_c925_20260916_222958.mp4,2026-09-16T22:32:19.768931,1789615939.769,4210
c2_c925_20260916_222958.mp4,2026-09-16T22:32:19.800295,1789615939.800,4211
c2_c925_20260916_222958.mp4,2026-09-16T22:32:19.836923,1789615939.837,4212
c2_c925_20260916_222958.mp4,2026-09-16T22:32:19.868407,1789615939.868,4213
c2_c925_20260916_222958.mp4,2026-09-16T22:32:19.899968,1789615939.900,4214
c2_c925_20260916_222958.mp4,2026-09-16T22:32:19.929806,1789615939.930,4215
c2_c925_20260916_222958.mp4,2026-09-16T22:32:19.969760,1789615939.970,4216
c2_c925_20260916_222958.mp4,2026-09-16T22:32:20.002901,1789615940.003,4217
c2_c925_20260916_222958.mp4,2026-09-16T22:32:20.039722,1789615940.040,4218
c2_c925_20260916_222958.mp4,2026-09-16T22:32:20.072945,1789615940.073,4219
c2_c925_20260916_222958.mp4,2026-09-16T22:32:20.104505,1789615940.105,4220
c2_c925_20260916_222958.mp4,2026-09-16T22:32:20.133945,1789615940.134,4221
c2_c925_20260916_222958.mp4,2026-09-16T22:32:20.172961,1789615940.173,4222
c2_c925_20260916_222958.mp4,2026-09-16T22:32:20.204458,1789615940.204,4223
c2_c925_20260916_222958.mp4,2026-09-16T22:32:20.238439,1789615940.238,4224
c2_c925_20260916_222958.mp4,2026-09-16T22:32:20.272924,1789615940.273,4225
c2_c925_20260916_222958.mp4,2026-09-16T22:32:20.303181,1789615940.303,4226
c2_c925_20260916_222958.mp4,2026-09-16T22:32:20.334459,1789615940.334,4227
c2_c925_20260916_222958.mp4,2026-09-16T22:32:20.369219,1789615940.369,4228
c2_c925_20260916_222958.mp4,2026-09-16T22:32:20.401065,1789615940.401,4229
c2_c925_20260916_222958.mp4,2026-09-16T22:32:20.438186,1789615940.438,4230
c2_c925_20260916_222958.mp4,2026-09-16T22:32:20.468148,1789615940.468,4231
c2_c925_20260916_222958.mp4,2026-09-16T22:32:20.498437,1789615940.498,4232
c2_c925_20260916_222958.mp4,2026-09-16T22:32:20.534796,1789615940.535,4233
c2_c925_20260916_222958.mp4,2026-09-16T22:32:20.573300,1789615940.573,4234
c2_c925_20260916_222958.mp4,2026-09-16T22:32:20.603496,1789615940.604,4235
c2_c925_20260916_222958.mp4,2026-09-16T22:32:20.640293,1789615940.640,4236
c2_c925_20260916_222958.mp4,2026-09-16T22:32:20.671282,1789615940.671,4237
c2_c925_20260916_222958.mp4,2026-09-16T22:32:20.707225,1789615940.707,4238
c2_c925_20260916_222958.mp4,2026-09-16T22:32:20.736480,1789615940.736,4239
c2_c925_20260916_222958.mp4,2026-09-16T22:32:20.771596,1789615940.772,4240
c2_c925_20260916_222958.mp4,2026-09-16T22:32:20.805388,1789615940.805,4241
c2_c925_20260916_222958.mp4,2026-09-16T22:32:20.839488,1789615940.840,4242
c2_c925_20260916_222958.mp4,2026-09-16T22:32:20.870068,1789615940.870,4243
c2_c925_20260916_222958.mp4,2026-09-16T22:32:20.901899,1789615940.902,4244
c2_c925_20260916_222958.mp4,2026-09-16T22:32:20.933673,1789615940.934,4245
c2_c925_20260916_222958.mp4,2026-09-16T22:32:20.969591,1789615940.970,4246
c2_c925_20260916_222958.mp4,2026-09-16T22:32:21.003132,1789615941.003,4247
c2_c925_20260916_222958.mp4,2026-09-16T22:32:21.037459,1789615941.037,4248
c2_c925_20260916_222958.mp4,2026-09-16T22:32:21.067912,1789615941.068,4249
c2_c925_20260916_222958.mp4,2026-09-16T22:32:21.101242,1789615941.101,4250
c2_c925_20260916_222958.mp4,2026-09-16T22:32:21.132533,1789615941.133,4251
c2_c925_20260916_222958.mp4,2026-09-16T22:32:21.172097,1789615941.172,4252
c2_c925_20260916_222958.mp4,2026-09-16T22:32:21.205538,1789615941.206,4253
c2_c925_20260916_222958.mp4,2026-09-16T22:32:21.239805,1789615941.240,4254
c2_c925_20260916_222958.mp4,2026-09-16T22:32:21.272101,1789615941.272,4255
c2_c925_20260916_222958.mp4,2026-09-16T22:32:21.303968,1789615941.304,4256
c2_c925_20260916_222958.mp4,2026-09-16T22:32:21.334333,1789615941.334,4257
c2_c925_20260916_222958.mp4,2026-09-16T22:32:21.369681,1789615941.370,4258
c2_c925_20260916_222958.mp4,2026-09-16T22:32:21.401797,1789615941.402,4259
c2_c925_20260916_222958.mp4,2026-09-16T22:32:21.436930,1789615941.437,4260
c2_c925_20260916_222958.mp4,2026-09-16T22:32:21.468300,1789615941.468,4261
c2_c925_20260916_222958.mp4,2026-09-16T22:32:21.502838,1789615941.503,4262
c2_c925_20260916_222958.mp4,2026-09-16T22:32:21.535155,1789615941.535,4263
c2_c925_20260916_222958.mp4,2026-09-16T22:32:21.566168,1789615941.566,4264
c2_c925_20260916_222958.mp4,2026-09-16T22:32:21.603773,1789615941.604,4265
c2_c925_20260916_222958.mp4,2026-09-16T22:32:21.638511,1789615941.639,4266
c2_c925_20260916_222958.mp4,2026-09-16T22:32:21.670555,1789615941.671,4267
c2_c925_20260916_222958.mp4,2026-09-16T22:32:21.703126,1789615941.703,4268
c2_c925_20260916_222958.mp4,2026-09-16T22:32:21.733018,1789615941.733,4269
c2_c925_20260916_222958.mp4,2026-09-16T22:32:21.766157,1789615941.766,4270
c2_c925_20260916_222958.mp4,2026-09-16T22:32:21.798005,1789615941.798,4271
c2_c925_20260916_222958.mp4,2026-09-16T22:32:21.833894,1789615941.834,4272
c2_c925_20260916_222958.mp4,2026-09-16T22:32:21.870231,1789615941.870,4273
c2_c925_20260916_222958.mp4,2026-09-16T22:32:21.900887,1789615941.901,4274
c2_c925_20260916_222958.mp4,2026-09-16T22:32:21.931491,1789615941.931,4275
c2_c925_20260916_222958.mp4,2026-09-16T22:32:21.967718,1789615941.968,4276
c2_c925_20260916_222958.mp4,2026-09-16T22:32:22.001857,1789615942.002,4277
c2_c925_20260916_222958.mp4,2026-09-16T22:32:22.038059,1789615942.038,4278
c2_c925_20260916_222958.mp4,2026-09-16T22:32:22.071574,1789615942.072,4279
c2_c925_20260916_222958.mp4,2026-09-16T22:32:22.102989,1789615942.103,4280
c2_c925_20260916_222958.mp4,2026-09-16T22:32:22.134638,1789615942.135,4281
c2_c925_20260916_222958.mp4,2026-09-16T22:32:22.171125,1789615942.171,4282
c2_c925_20260916_222958.mp4,2026-09-16T22:32:22.204463,1789615942.204,4283
c2_c925_20260916_222958.mp4,2026-09-16T22:32:22.240481,1789615942.241,4284
c2_c925_20260916_222958.mp4,2026-09-16T22:32:22.267448,1789615942.267,4285
c2_c925_20260916_222958.mp4,2026-09-16T22:32:22.301889,1789615942.302,4286
c2_c925_20260916_222958.mp4,2026-09-16T22:32:22.331795,1789615942.332,4287
c2_c925_20260916_222958.mp4,2026-09-16T22:32:22.371047,1789615942.371,4288
c2_c925_20260916_222958.mp4,2026-09-16T22:32:22.403632,1789615942.404,4289
c2_c925_20260916_222958.mp4,2026-09-16T22:32:22.438204,1789615942.438,4290
c2_c925_20260916_222958.mp4,2026-09-16T22:32:22.469007,1789615942.469,4291
c2_c925_20260916_222958.mp4,2026-09-16T22:32:22.502154,1789615942.502,4292
c2_c925_20260916_222958.mp4,2026-09-16T22:32:22.535500,1789615942.536,4293
c2_c925_20260916_222958.mp4,2026-09-16T22:32:22.569565,1789615942.570,4294
c2_c925_20260916_222958.mp4,2026-09-16T22:32:22.603970,1789615942.604,4295
c2_c925_20260916_222958.mp4,2026-09-16T22:32:22.641066,1789615942.641,4296
c2_c925_20260916_222958.mp4,2026-09-16T22:32:22.672889,1789615942.673,4297
c2_c925_20260916_222958.mp4,2026-09-16T22:32:22.704582,1789615942.705,4298
c2_c925_20260916_222958.mp4,2026-09-16T22:32:22.736610,1789615942.737,4299
c2_c925_20260916_222958.mp4,2026-09-16T22:32:22.770962,1789615942.771,4300
c2_c925_20260916_222958.mp4,2026-09-16T22:32:22.804326,1789615942.804,4301
c2_c925_20260916_222958.mp4,2026-09-16T22:32:22.840891,1789615942.841,4302
c2_c925_20260916_222958.mp4,2026-09-16T22:32:22.872515,1789615942.873,4303
c2_c925_20260916_222958.mp4,2026-09-16T22:32:22.899609,1789615942.900,4304
c2_c925_20260916_222958.mp4,2026-09-16T22:32:22.934954,1789615942.935,4305
c2_c925_20260916_222958.mp4,2026-09-16T22:32:22.969242,1789615942.969,4306
c2_c925_20260916_222958.mp4,2026-09-16T22:32:23.001489,1789615943.002,4307
c2_c925_20260916_222958.mp4,2026-09-16T22:32:23.038319,1789615943.038,4308
c2_c925_20260916_222958.mp4,2026-09-16T22:32:23.071240,1789615943.071,4309
c2_c925_20260916_222958.mp4,2026-09-16T22:32:23.104516,1789615943.105,4310
c2_c925_20260916_222958.mp4,2026-09-16T22:32:23.134894,1789615943.135,4311
c2_c925_20260916_222958.mp4,2026-09-16T22:32:23.173287,1789615943.173,4312
c2_c925_20260916_222958.mp4,2026-09-16T22:32:23.204368,1789615943.204,4313
c2_c925_20260916_222958.mp4,2026-09-16T22:32:23.240055,1789615943.240,4314
c2_c925_20260916_222958.mp4,2026-09-16T22:32:23.272881,1789615943.273,4315
c2_c925_20260916_222958.mp4,2026-09-16T22:32:23.304752,1789615943.305,4316
c2_c925_20260916_222958.mp4,2026-09-16T22:32:23.335876,1789615943.336,4317
c2_c925_20260916_222958.mp4,2026-09-16T22:32:23.371166,1789615943.371,4318
c2_c925_20260916_222958.mp4,2026-09-16T22:32:23.399912,1789615943.400,4319
c2_c925_20260916_222958.mp4,2026-09-16T22:32:23.436097,1789615943.436,4320
c2_c925_20260916_222958.mp4,2026-09-16T22:32:23.466783,1789615943.467,4321
c2_c925_20260916_222958.mp4,2026-09-16T22:32:23.498097,1789615943.498,4322
c2_c925_20260916_222958.mp4,2026-09-16T22:32:23.530022,1789615943.530,4323
c2_c925_20260916_222958.mp4,2026-09-16T22:32:23.565911,1789615943.566,4324
c2_c925_20260916_222958.mp4,2026-09-16T22:32:23.597883,1789615943.598,4325
c2_c925_20260916_222958.mp4,2026-09-16T22:32:23.641011,1789615943.641,4326
c2_c925_20260916_222958.mp4,2026-09-16T22:32:23.671228,1789615943.671,4327
c2_c925_20260916_222958.mp4,2026-09-16T22:32:23.702726,1789615943.703,4328
c2_c925_20260916_222958.mp4,2026-09-16T22:32:23.736433,1789615943.736,4329
c2_c925_20260916_222958.mp4,2026-09-16T22:32:23.771011,1789615943.771,4330
c2_c925_20260916_222958.mp4,2026-09-16T22:32:23.803361,1789615943.803,4331
c2_c925_20260916_222958.mp4,2026-09-16T22:32:23.838498,1789615943.839,4332
c2_c925_20260916_222958.mp4,2026-09-16T22:32:23.868857,1789615943.869,4333
c2_c925_20260916_222958.mp4,2026-09-16T22:32:23.900050,1789615943.900,4334
c2_c925_20260916_222958.mp4,2026-09-16T22:32:23.935021,1789615943.935,4335
c2_c925_20260916_222958.mp4,2026-09-16T22:32:23.970080,1789615943.970,4336
c2_c925_20260916_222958.mp4,2026-09-16T22:32:24.002232,1789615944.002,4337
c2_c925_20260916_222958.mp4,2026-09-16T22:32:24.037087,1789615944.037,4338
c2_c925_20260916_222958.mp4,2026-09-16T22:32:24.069449,1789615944.069,4339
c2_c925_20260916_222958.mp4,2026-09-16T22:32:24.102586,1789615944.103,4340
c2_c925_20260916_222958.mp4,2026-09-16T22:32:24.131669,1789615944.132,4341
c2_c925_20260916_222958.mp4,2026-09-16T22:32:24.169449,1789615944.169,4342
c2_c925_20260916_222958.mp4,2026-09-16T22:32:24.204437,1789615944.204,4343
c2_c925_20260916_222958.mp4,2026-09-16T22:32:24.236373,1789615944.236,4344
c2_c925_20260916_222958.mp4,2026-09-16T22:32:24.270206,1789615944.270,4345
c2_c925_20260916_222958.mp4,2026-09-16T22:32:24.304073,1789615944.304,4346
c2_c925_20260916_222958.mp4,2026-09-16T22:32:24.336108,1789615944.336,4347
c2_c925_20260916_222958.mp4,2026-09-16T22:32:24.371559,1789615944.372,4348
c2_c925_20260916_222958.mp4,2026-09-16T22:32:24.404956,1789615944.405,4349
c2_c925_20260916_222958.mp4,2026-09-16T22:32:24.440847,1789615944.441,4350
c2_c925_20260916_222958.mp4,2026-09-16T22:32:24.470826,1789615944.471,4351
c2_c925_20260916_222958.mp4,2026-09-16T22:32:24.502004,1789615944.502,4352
c2_c925_20260916_222958.mp4,2026-09-16T22:32:24.534000,1789615944.534,4353
c2_c925_20260916_222958.mp4,2026-09-16T22:32:24.569995,1789615944.570,4354
c2_c925_20260916_222958.mp4,2026-09-16T22:32:24.603974,1789615944.604,4355
c2_c925_20260916_222958.mp4,2026-09-16T22:32:24.639581,1789615944.640,4356
c2_c925_20260916_222958.mp4,2026-09-16T22:32:24.672447,1789615944.672,4357
c2_c925_20260916_222958.mp4,2026-09-16T22:32:24.700834,1789615944.701,4358
c2_c925_20260916_222958.mp4,2026-09-16T22:32:24.731149,1789615944.731,4359
c2_c925_20260916_222958.mp4,2026-09-16T22:32:24.768256,1789615944.768,4360
c2_c925_20260916_222958.mp4,2026-09-16T22:32:24.802850,1789615944.803,4361
c2_c925_20260916_222958.mp4,2026-09-16T22:32:24.840281,1789615944.840,4362
c2_c925_20260916_222958.mp4,2026-09-16T22:32:24.872521,1789615944.873,4363
c2_c925_20260916_222958.mp4,2026-09-16T22:32:24.903472,1789615944.903,4364
c2_c925_20260916_222958.mp4,2026-09-16T22:32:24.932829,1789615944.933,4365
c2_c925_20260916_222958.mp4,2026-09-16T22:32:24.968708,1789615944.969,4366
c2_c925_20260916_222958.mp4,2026-09-16T22:32:25.001326,1789615945.001,4367
c2_c925_20260916_222958.mp4,2026-09-16T22:32:25.037307,1789615945.037,4368
c2_c925_20260916_222958.mp4,2026-09-16T22:32:25.066979,1789615945.067,4369
c2_c925_20260916_222958.mp4,2026-09-16T22:32:25.100364,1789615945.100,4370
c2_c925_20260916_222958.mp4,2026-09-16T22:32:25.135561,1789615945.136,4371
c2_c925_20260916_222958.mp4,2026-09-16T22:32:25.173350,1789615945.173,4372
c2_c925_20260916_222958.mp4,2026-09-16T22:32:25.204547,1789615945.205,4373
c2_c925_20260916_222958.mp4,2026-09-16T22:32:25.239974,1789615945.240,4374
c2_c925_20260916_222958.mp4,2026-09-16T22:32:25.272341,1789615945.272,4375
c2_c925_20260916_222958.mp4,2026-09-16T22:32:25.299402,1789615945.299,4376
c2_c925_20260916_222958.mp4,2026-09-16T22:32:25.331684,1789615945.332,4377
c2_c925_20260916_222958.mp4,2026-09-16T22:32:25.366476,1789615945.366,4378
c2_c925_20260916_222958.mp4,2026-09-16T22:32:25.401299,1789615945.401,4379
c2_c925_20260916_222958.mp4,2026-09-16T22:32:25.436193,1789615945.436,4380
c2_c925_20260916_222958.mp4,2026-09-16T22:32:25.467911,1789615945.468,4381
c2_c925_20260916_222958.mp4,2026-09-16T22:32:25.500133,1789615945.500,4382
c2_c925_20260916_222958.mp4,2026-09-16T22:32:25.531597,1789615945.532,4383
c2_c925_20260916_222958.mp4,2026-09-16T22:32:25.568740,1789615945.569,4384
c2_c925_20260916_222958.mp4,2026-09-16T22:32:25.602314,1789615945.602,4385
c2_c925_20260916_222958.mp4,2026-09-16T22:32:25.639704,1789615945.640,4386
c2_c925_20260916_222958.mp4,2026-09-16T22:32:25.671687,1789615945.672,4387
c2_c925_20260916_222958.mp4,2026-09-16T22:32:25.703645,1789615945.704,4388
c2_c925_20260916_222958.mp4,2026-09-16T22:32:25.736888,1789615945.737,4389
c2_c925_20260916_222958.mp4,2026-09-16T22:32:25.771723,1789615945.772,4390
c2_c925_20260916_222958.mp4,2026-09-16T22:32:25.804470,1789615945.804,4391
c2_c925_20260916_222958.mp4,2026-09-16T22:32:25.838080,1789615945.838,4392
c2_c925_20260916_222958.mp4,2026-09-16T22:32:25.870780,1789615945.871,4393
c2_c925_20260916_222958.mp4,2026-09-16T22:32:25.902618,1789615945.903,4394
c2_c925_20260916_222958.mp4,2026-09-16T22:32:25.930855,1789615945.931,4395
c2_c925_20260916_222958.mp4,2026-09-16T22:32:25.965891,1789615945.966,4396
c2_c925_20260916_222958.mp4,2026-09-16T22:32:25.997839,1789615945.998,4397
c2_c925_20260916_222958.mp4,2026-09-16T22:32:26.037467,1789615946.037,4398
c2_c925_20260916_222958.mp4,2026-09-16T22:32:26.066760,1789615946.067,4399
c2_c925_20260916_222958.mp4,2026-09-16T22:32:26.099887,1789615946.100,4400
c2_c925_20260916_222958.mp4,2026-09-16T22:32:26.135283,1789615946.135,4401
c2_c925_20260916_222958.mp4,2026-09-16T22:32:26.171996,1789615946.172,4402
c2_c925_20260916_222958.mp4,2026-09-16T22:32:26.204385,1789615946.204,4403
c2_c925_20260916_222958.mp4,2026-09-16T22:32:26.239426,1789615946.239,4404
c2_c925_20260916_222958.mp4,2026-09-16T22:32:26.271619,1789615946.272,4405
c2_c925_20260916_222958.mp4,2026-09-16T22:32:26.304479,1789615946.304,4406
c2_c925_20260916_222958.mp4,2026-09-16T22:32:26.336315,1789615946.336,4407
c2_c925_20260916_222958.mp4,2026-09-16T22:32:26.371056,1789615946.371,4408
c2_c925_20260916_222958.mp4,2026-09-16T22:32:26.405167,1789615946.405,4409
c2_c925_20260916_222958.mp4,2026-09-16T22:32:26.440340,1789615946.440,4410
c2_c925_20260916_222958.mp4,2026-09-16T22:32:26.472108,1789615946.472,4411
c2_c925_20260916_222958.mp4,2026-09-16T22:32:26.502260,1789615946.502,4412
c2_c925_20260916_222958.mp4,2026-09-16T22:32:26.530751,1789615946.531,4413
c2_c925_20260916_222958.mp4,2026-09-16T22:32:26.566081,1789615946.566,4414
c2_c925_20260916_222958.mp4,2026-09-16T22:32:26.601762,1789615946.602,4415
c2_c925_20260916_222958.mp4,2026-09-16T22:32:26.634184,1789615946.634,4416
c2_c925_20260916_222958.mp4,2026-09-16T22:32:26.666080,1789615946.666,4417
c2_c925_20260916_222958.mp4,2026-09-16T22:32:26.697965,1789615946.698,4418
c2_c925_20260916_222958.mp4,2026-09-16T22:32:26.730062,1789615946.730,4419
c2_c925_20260916_222958.mp4,2026-09-16T22:32:26.766036,1789615946.766,4420
c2_c925_20260916_222958.mp4,2026-09-16T22:32:26.797899,1789615946.798,4421
c2_c925_20260916_222958.mp4,2026-09-16T22:32:26.834079,1789615946.834,4422
c2_c925_20260916_222958.mp4,2026-09-16T22:32:26.871166,1789615946.871,4423
c2_c925_20260916_222958.mp4,2026-09-16T22:32:26.902893,1789615946.903,4424
c2_c925_20260916_222958.mp4,2026-09-16T22:32:26.935732,1789615946.936,4425
c2_c925_20260916_222958.mp4,2026-09-16T22:32:26.971395,1789615946.971,4426
c2_c925_20260916_222958.mp4,2026-09-16T22:32:27.000876,1789615947.001,4427
c2_c925_20260916_222958.mp4,2026-09-16T22:32:27.035692,1789615947.036,4428
c2_c925_20260916_222958.mp4,2026-09-16T22:32:27.067806,1789615947.068,4429
c2_c925_20260916_222958.mp4,2026-09-16T22:32:27.097958,1789615947.098,4430
c2_c925_20260916_222958.mp4,2026-09-16T22:32:27.129854,1789615947.130,4431
c2_c925_20260916_222958.mp4,2026-09-16T22:32:27.165827,1789615947.166,4432
c2_c925_20260916_222958.mp4,2026-09-16T22:32:27.202385,1789615947.202,4433
c2_c925_20260916_222958.mp4,2026-09-16T22:32:27.238948,1789615947.239,4434
c2_c925_20260916_222958.mp4,2026-09-16T22:32:27.272924,1789615947.273,4435
c2_c925_20260916_222958.mp4,2026-09-16T22:32:27.304442,1789615947.304,4436
c2_c925_20260916_222958.mp4,2026-09-16T22:32:27.337520,1789615947.338,4437
c2_c925_20260916_222958.mp4,2026-09-16T22:32:27.373346,1789615947.373,4438
c2_c925_20260916_222958.mp4,2026-09-16T22:32:27.404405,1789615947.404,4439
c2_c925_20260916_222958.mp4,2026-09-16T22:32:27.439955,1789615947.440,4440
c2_c925_20260916_222958.mp4,2026-09-16T22:32:27.468815,1789615947.469,4441
c2_c925_20260916_222958.mp4,2026-09-16T22:32:27.501330,1789615947.501,4442
c2_c925_20260916_222958.mp4,2026-09-16T22:32:27.532305,1789615947.532,4443
c2_c925_20260916_222958.mp4,2026-09-16T22:32:27.567748,1789615947.568,4444
c2_c925_20260916_222958.mp4,2026-09-16T22:32:27.598779,1789615947.599,4445
c2_c925_20260916_222958.mp4,2026-09-16T22:32:27.634454,1789615947.634,4446
c2_c925_20260916_222958.mp4,2026-09-16T22:32:27.667028,1789615947.667,4447
c2_c925_20260916_222958.mp4,2026-09-16T22:32:27.699548,1789615947.700,4448
c2_c925_20260916_222958.mp4,2026-09-16T22:32:27.733249,1789615947.733,4449
c2_c925_20260916_222958.mp4,2026-09-16T22:32:27.767663,1789615947.768,4450
c2_c925_20260916_222958.mp4,2026-09-16T22:32:27.804840,1789615947.805,4451
c2_c925_20260916_222958.mp4,2026-09-16T22:32:27.840132,1789615947.840,4452
c2_c925_20260916_222958.mp4,2026-09-16T22:32:27.872904,1789615947.873,4453
c2_c925_20260916_222958.mp4,2026-09-16T22:32:27.903980,1789615947.904,4454
c2_c925_20260916_222958.mp4,2026-09-16T22:32:27.939937,1789615947.940,4455
c2_c925_20260916_222958.mp4,2026-09-16T22:32:27.972447,1789615947.972,4456
c2_c925_20260916_222958.mp4,2026-09-16T22:32:28.002498,1789615948.003,4457
c2_c925_20260916_222958.mp4,2026-09-16T22:32:28.039340,1789615948.039,4458
c2_c925_20260916_222958.mp4,2026-09-16T22:32:28.070571,1789615948.071,4459
c2_c925_20260916_222958.mp4,2026-09-16T22:32:28.101288,1789615948.101,4460
c2_c925_20260916_222958.mp4,2026-09-16T22:32:28.136398,1789615948.136,4461
c2_c925_20260916_222958.mp4,2026-09-16T22:32:28.169784,1789615948.170,4462
c2_c925_20260916_222958.mp4,2026-09-16T22:32:28.203593,1789615948.204,4463
c2_c925_20260916_222958.mp4,2026-09-16T22:32:28.239294,1789615948.239,4464
c2_c925_20260916_222958.mp4,2026-09-16T22:32:28.271609,1789615948.272,4465
c2_c925_20260916_222958.mp4,2026-09-16T22:32:28.301572,1789615948.302,4466
c2_c925_20260916_222958.mp4,2026-09-16T22:32:28.331333,1789615948.331,4467
c2_c925_20260916_222958.mp4,2026-09-16T22:32:28.366061,1789615948.366,4468
c2_c925_20260916_222958.mp4,2026-09-16T22:32:28.404833,1789615948.405,4469
c2_c925_20260916_222958.mp4,2026-09-16T22:32:28.440345,1789615948.440,4470
c2_c925_20260916_222958.mp4,2026-09-16T22:32:28.472548,1789615948.473,4471
c2_c925_20260916_222958.mp4,2026-09-16T22:32:28.502973,1789615948.503,4472
c2_c925_20260916_222958.mp4,2026-09-16T22:32:28.534500,1789615948.535,4473
c2_c925_20260916_222958.mp4,2026-09-16T22:32:28.570331,1789615948.570,4474
c2_c925_20260916_222958.mp4,2026-09-16T22:32:28.601471,1789615948.601,4475
c2_c925_20260916_222958.mp4,2026-09-16T22:32:28.637060,1789615948.637,4476
c2_c925_20260916_222958.mp4,2026-09-16T22:32:28.668139,1789615948.668,4477
c2_c925_20260916_222958.mp4,2026-09-16T22:32:28.702336,1789615948.702,4478
c2_c925_20260916_222958.mp4,2026-09-16T22:32:28.735591,1789615948.736,4479
c2_c925_20260916_222958.mp4,2026-09-16T22:32:28.770098,1789615948.770,4480
c2_c925_20260916_222958.mp4,2026-09-16T22:32:28.804941,1789615948.805,4481
c2_c925_20260916_222958.mp4,2026-09-16T22:32:28.840412,1789615948.840,4482
c2_c925_20260916_222958.mp4,2026-09-16T22:32:28.872329,1789615948.872,4483
c2_c925_20260916_222958.mp4,2026-09-16T22:32:28.898968,1789615948.899,4484
c2_c925_20260916_222958.mp4,2026-09-16T22:32:28.933256,1789615948.933,4485
c2_c925_20260916_222958.mp4,2026-09-16T22:32:28.966133,1789615948.966,4486
c2_c925_20260916_222958.mp4,2026-09-16T22:32:29.001009,1789615949.001,4487
c2_c925_20260916_222958.mp4,2026-09-16T22:32:29.037519,1789615949.038,4488
c2_c925_20260916_222958.mp4,2026-09-16T22:32:29.068560,1789615949.069,4489
c2_c925_20260916_222958.mp4,2026-09-16T22:32:29.100185,1789615949.100,4490
c2_c925_20260916_222958.mp4,2026-09-16T22:32:29.130800,1789615949.131,4491
c2_c925_20260916_222958.mp4,2026-09-16T22:32:29.167751,1789615949.168,4492
c2_c925_20260916_222958.mp4,2026-09-16T22:32:29.203279,1789615949.203,4493
c2_c925_20260916_222958.mp4,2026-09-16T22:32:29.237638,1789615949.238,4494
c2_c925_20260916_222958.mp4,2026-09-16T22:32:29.271216,1789615949.271,4495
c2_c925_20260916_222958.mp4,2026-09-16T22:32:29.304497,1789615949.305,4496
c2_c925_20260916_222958.mp4,2026-09-16T22:32:29.337172,1789615949.337,4497
c2_c925_20260916_222958.mp4,2026-09-16T22:32:29.372365,1789615949.372,4498
c2_c925_20260916_222958.mp4,2026-09-16T22:32:29.403090,1789615949.403,4499
c2_c925_20260916_222958.mp4,2026-09-16T22:32:29.440375,1789615949.440,4500
c2_c925_20260916_222958.mp4,2026-09-16T22:32:29.471875,1789615949.472,4501
c2_c925_20260916_222958.mp4,2026-09-16T22:32:29.500804,1789615949.501,4502
c2_c925_20260916_222958.mp4,2026-09-16T22:32:29.531389,1789615949.531,4503
c2_c925_20260916_222958.mp4,2026-09-16T22:32:29.568778,1789615949.569,4504
c2_c925_20260916_222958.mp4,2026-09-16T22:32:29.600719,1789615949.601,4505
c2_c925_20260916_222958.mp4,2026-09-16T22:32:29.635312,1789615949.635,4506
c2_c925_20260916_222958.mp4,2026-09-16T22:32:29.666804,1789615949.667,4507
c2_c925_20260916_222958.mp4,2026-09-16T22:32:29.701434,1789615949.701,4508
c2_c925_20260916_222958.mp4,2026-09-16T22:32:29.734943,1789615949.735,4509
c2_c925_20260916_222958.mp4,2026-09-16T22:32:29.767905,1789615949.768,4510
c2_c925_20260916_222958.mp4,2026-09-16T22:32:29.804957,1789615949.805,4511
c2_c925_20260916_222958.mp4,2026-09-16T22:32:29.840024,1789615949.840,4512
c2_c925_20260916_222958.mp4,2026-09-16T22:32:29.871984,1789615949.872,4513
c2_c925_20260916_222958.mp4,2026-09-16T22:32:29.904919,1789615949.905,4514
c2_c925_20260916_222958.mp4,2026-09-16T22:32:29.936310,1789615949.936,4515
c2_c925_20260916_222958.mp4,2026-09-16T22:32:29.970558,1789615949.971,4516
c2_c925_20260916_222958.mp4,2026-09-16T22:32:30.004171,1789615950.004,4517
c2_c925_20260916_222958.mp4,2026-09-16T22:32:30.039542,1789615950.040,4518
c2_c925_20260916_222958.mp4,2026-09-16T22:32:30.071457,1789615950.071,4519
c2_c925_20260916_222958.mp4,2026-09-16T22:32:30.097884,1789615950.098,4520
c2_c925_20260916_222958.mp4,2026-09-16T22:32:30.131052,1789615950.131,4521
c2_c925_20260916_222958.mp4,2026-09-16T22:32:30.166676,1789615950.167,4522
c2_c925_20260916_222958.mp4,2026-09-16T22:32:30.198079,1789615950.198,4523
c2_c925_20260916_222958.mp4,2026-09-16T22:32:30.238785,1789615950.239,4524
c2_c925_20260916_222958.mp4,2026-09-16T22:32:30.271541,1789615950.272,4525
c2_c925_20260916_222958.mp4,2026-09-16T22:32:30.303034,1789615950.303,4526
c2_c925_20260916_222958.mp4,2026-09-16T22:32:30.336469,1789615950.336,4527
c2_c925_20260916_222958.mp4,2026-09-16T22:32:30.372946,1789615950.373,4528
c2_c925_20260916_222958.mp4,2026-09-16T22:32:30.403136,1789615950.403,4529
c2_c925_20260916_222958.mp4,2026-09-16T22:32:30.439954,1789615950.440,4530
c2_c925_20260916_222958.mp4,2026-09-16T22:32:30.472409,1789615950.472,4531
c2_c925_20260916_222958.mp4,2026-09-16T22:32:30.503661,1789615950.504,4532
c2_c925_20260916_222958.mp4,2026-09-16T22:32:30.534261,1789615950.534,4533
c2_c925_20260916_222958.mp4,2026-09-16T22:32:30.569611,1789615950.570,4534
c2_c925_20260916_222958.mp4,2026-09-16T22:32:30.600334,1789615950.600,4535
c2_c925_20260916_222958.mp4,2026-09-16T22:32:30.635196,1789615950.635,4536
c2_c925_20260916_222958.mp4,2026-09-16T22:32:30.667057,1789615950.667,4537
c2_c925_20260916_222958.mp4,2026-09-16T22:32:30.698638,1789615950.699,4538
c2_c925_20260916_222958.mp4,2026-09-16T22:32:30.733510,1789615950.734,4539
c2_c925_20260916_222958.mp4,2026-09-16T22:32:30.767202,1789615950.767,4540
c2_c925_20260916_222958.mp4,2026-09-16T22:32:30.803620,1789615950.804,4541
c2_c925_20260916_222958.mp4,2026-09-16T22:32:30.839092,1789615950.839,4542
c2_c925_20260916_222958.mp4,2026-09-16T22:32:30.871257,1789615950.871,4543
c2_c925_20260916_222958.mp4,2026-09-16T22:32:30.904974,1789615950.905,4544
c2_c925_20260916_222958.mp4,2026-09-16T22:32:30.936432,1789615950.936,4545
c2_c925_20260916_222958.mp4,2026-09-16T22:32:30.970726,1789615950.971,4546
c2_c925_20260916_222958.mp4,2026-09-16T22:32:31.003991,1789615951.004,4547
c2_c925_20260916_222958.mp4,2026-09-16T22:32:31.039474,1789615951.039,4548
c2_c925_20260916_222958.mp4,2026-09-16T22:32:31.070806,1789615951.071,4549
c2_c925_20260916_222958.mp4,2026-09-16T22:32:31.102401,1789615951.102,4550
c2_c925_20260916_222958.mp4,2026-09-16T22:32:31.132598,1789615951.133,4551
c2_c925_20260916_222958.mp4,2026-09-16T22:32:31.169332,1789615951.169,4552
c2_c925_20260916_222958.mp4,2026-09-16T22:32:31.200950,1789615951.201,4553
c2_c925_20260916_222958.mp4,2026-09-16T22:32:31.236789,1789615951.237,4554
c2_c925_20260916_222958.mp4,2026-09-16T22:32:31.270318,1789615951.270,4555
c2_c925_20260916_222958.mp4,2026-09-16T22:32:31.300479,1789615951.300,4556
c2_c925_20260916_222958.mp4,2026-09-16T22:32:31.335283,1789615951.335,4557
c2_c925_20260916_222958.mp4,2026-09-16T22:32:31.366957,1789615951.367,4558
c2_c925_20260916_222958.mp4,2026-09-16T22:32:31.400857,1789615951.401,4559
c2_c925_20260916_222958.mp4,2026-09-16T22:32:31.434184,1789615951.434,4560
c2_c925_20260916_222958.mp4,2026-09-16T22:32:31.472049,1789615951.472,4561
c2_c925_20260916_222958.mp4,2026-09-16T22:32:31.504286,1789615951.504,4562
c2_c925_20260916_222958.mp4,2026-09-16T22:32:31.535083,1789615951.535,4563
c2_c925_20260916_222958.mp4,2026-09-16T22:32:31.572329,1789615951.572,4564
c2_c925_20260916_222958.mp4,2026-09-16T22:32:31.604911,1789615951.605,4565
c2_c925_20260916_222958.mp4,2026-09-16T22:32:31.638879,1789615951.639,4566
c2_c925_20260916_222958.mp4,2026-09-16T22:32:31.670152,1789615951.670,4567
c2_c925_20260916_222958.mp4,2026-09-16T22:32:31.698598,1789615951.699,4568
c2_c925_20260916_222958.mp4,2026-09-16T22:32:31.733830,1789615951.734,4569
c2_c925_20260916_222958.mp4,2026-09-16T22:32:31.770544,1789615951.771,4570
c2_c925_20260916_222958.mp4,2026-09-16T22:32:31.803573,1789615951.804,4571
c2_c925_20260916_222958.mp4,2026-09-16T22:32:31.839511,1789615951.840,4572
c2_c925_20260916_222958.mp4,2026-09-16T22:32:31.872066,1789615951.872,4573
c2_c925_20260916_222958.mp4,2026-09-16T22:32:31.902419,1789615951.902,4574
c2_c925_20260916_222958.mp4,2026-09-16T22:32:31.930112,1789615951.930,4575
c2_c925_20260916_222958.mp4,2026-09-16T22:32:31.973794,1789615951.974,4576
c2_c925_20260916_222958.mp4,2026-09-16T22:32:32.001468,1789615952.001,4577
c2_c925_20260916_222958.mp4,2026-09-16T22:32:32.042950,1789615952.043,4578
c2_c925_20260916_222958.mp4,2026-09-16T22:32:32.071552,1789615952.072,4579
c2_c925_20260916_222958.mp4,2026-09-16T22:32:32.102642,1789615952.103,4580
c2_c925_20260916_222958.mp4,2026-09-16T22:32:32.134081,1789615952.134,4581
c2_c925_20260916_222958.mp4,2026-09-16T22:32:32.169742,1789615952.170,4582
c2_c925_20260916_222958.mp4,2026-09-16T22:32:32.201016,1789615952.201,4583
c2_c925_20260916_222958.mp4,2026-09-16T22:32:32.238191,1789615952.238,4584
c2_c925_20260916_222958.mp4,2026-09-16T22:32:32.270864,1789615952.271,4585
c2_c925_20260916_222958.mp4,2026-09-16T22:32:32.302724,1789615952.303,4586
c2_c925_20260916_222958.mp4,2026-09-16T22:32:32.334287,1789615952.334,4587
c2_c925_20260916_222958.mp4,2026-09-16T22:32:32.371669,1789615952.372,4588
c2_c925_20260916_222958.mp4,2026-09-16T22:32:32.404084,1789615952.404,4589
c2_c925_20260916_222958.mp4,2026-09-16T22:32:32.439553,1789615952.440,4590
c2_c925_20260916_222958.mp4,2026-09-16T22:32:32.471715,1789615952.472,4591
c2_c925_20260916_222958.mp4,2026-09-16T22:32:32.505019,1789615952.505,4592
c2_c925_20260916_222958.mp4,2026-09-16T22:32:32.533697,1789615952.534,4593
c2_c925_20260916_222958.mp4,2026-09-16T22:32:32.568308,1789615952.568,4594
c2_c925_20260916_222958.mp4,2026-09-16T22:32:32.601840,1789615952.602,4595
c2_c925_20260916_222958.mp4,2026-09-16T22:32:32.639209,1789615952.639,4596
c2_c925_20260916_222958.mp4,2026-09-16T22:32:32.670171,1789615952.670,4597
c2_c925_20260916_222958.mp4,2026-09-16T22:32:32.701605,1789615952.702,4598
c2_c925_20260916_222958.mp4,2026-09-16T22:32:32.732479,1789615952.732,4599
c2_c925_20260916_222958.mp4,2026-09-16T22:32:32.768415,1789615952.768,4600
c2_c925_20260916_222958.mp4,2026-09-16T22:32:32.802934,1789615952.803,4601
c2_c925_20260916_222958.mp4,2026-09-16T22:32:32.838319,1789615952.838,4602
c2_c925_20260916_222958.mp4,2026-09-16T22:32:32.871219,1789615952.871,4603
c2_c925_20260916_222958.mp4,2026-09-16T22:32:32.904223,1789615952.904,4604
c2_c925_20260916_222958.mp4,2026-09-16T22:32:32.937101,1789615952.937,4605
c2_c925_20260916_222958.mp4,2026-09-16T22:32:32.971035,1789615952.971,4606
c2_c925_20260916_222958.mp4,2026-09-16T22:32:33.003827,1789615953.004,4607
c2_c925_20260916_222958.mp4,2026-09-16T22:32:33.039397,1789615953.039,4608
c2_c925_20260916_222958.mp4,2026-09-16T22:32:33.071899,1789615953.072,4609
c2_c925_20260916_222958.mp4,2026-09-16T22:32:33.103710,1789615953.104,4610
c2_c925_20260916_222958.mp4,2026-09-16T22:32:33.134420,1789615953.134,4611
c2_c925_20260916_222958.mp4,2026-09-16T22:32:33.170276,1789615953.170,4612
c2_c925_20260916_222958.mp4,2026-09-16T22:32:33.201665,1789615953.202,4613
c2_c925_20260916_222958.mp4,2026-09-16T22:32:33.236263,1789615953.236,4614
c2_c925_20260916_222958.mp4,2026-09-16T22:32:33.267937,1789615953.268,4615
c2_c925_20260916_222958.mp4,2026-09-16T22:32:33.302414,1789615953.302,4616
c2_c925_20260916_222958.mp4,2026-09-16T22:32:33.334919,1789615953.335,4617
c2_c925_20260916_222958.mp4,2026-09-16T22:32:33.371903,1789615953.372,4618
c2_c925_20260916_222958.mp4,2026-09-16T22:32:33.404441,1789615953.404,4619
c2_c925_20260916_222958.mp4,2026-09-16T22:32:33.438861,1789615953.439,4620
c2_c925_20260916_222958.mp4,2026-09-16T22:32:33.472501,1789615953.473,4621
c2_c925_20260916_222958.mp4,2026-09-16T22:32:33.504108,1789615953.504,4622
c2_c925_20260916_222958.mp4,2026-09-16T22:32:33.536882,1789615953.537,4623
c2_c925_20260916_222958.mp4,2026-09-16T22:32:33.571630,1789615953.572,4624
c2_c925_20260916_222958.mp4,2026-09-16T22:32:33.604319,1789615953.604,4625
c2_c925_20260916_222958.mp4,2026-09-16T22:32:33.633894,1789615953.634,4626
c2_c925_20260916_222958.mp4,2026-09-16T22:32:33.665830,1789615953.666,4627
c2_c925_20260916_222958.mp4,2026-09-16T22:32:33.697847,1789615953.698,4628
c2_c925_20260916_222958.mp4,2026-09-16T22:32:33.729878,1789615953.730,4629
c2_c925_20260916_222958.mp4,2026-09-16T22:32:33.769949,1789615953.770,4630
c2_c925_20260916_222958.mp4,2026-09-16T22:32:33.798784,1789615953.799,4631
c2_c925_20260916_222958.mp4,2026-09-16T22:32:33.833941,1789615953.834,4632
c2_c925_20260916_222958.mp4,2026-09-16T22:32:33.871505,1789615953.872,4633
c2_c925_20260916_222958.mp4,2026-09-16T22:32:33.903080,1789615953.903,4634
c2_c925_20260916_222958.mp4,2026-09-16T22:32:33.937315,1789615953.937,4635
c2_c925_20260916_222958.mp4,2026-09-16T22:32:33.971923,1789615953.972,4636
c2_c925_20260916_222958.mp4,2026-09-16T22:32:34.003994,1789615954.004,4637
c2_c925_20260916_222958.mp4,2026-09-16T22:32:34.039547,1789615954.040,4638
c2_c925_20260916_222958.mp4,2026-09-16T22:32:34.070765,1789615954.071,4639
c2_c925_20260916_222958.mp4,2026-09-16T22:32:34.104208,1789615954.104,4640
c2_c925_20260916_222958.mp4,2026-09-16T22:32:34.135762,1789615954.136,4641
c2_c925_20260916_222958.mp4,2026-09-16T22:32:34.171046,1789615954.171,4642
c2_c925_20260916_222958.mp4,2026-09-16T22:32:34.201042,1789615954.201,4643
c2_c925_20260916_222958.mp4,2026-09-16T22:32:34.235178,1789615954.235,4644
c2_c925_20260916_222958.mp4,2026-09-16T22:32:34.266807,1789615954.267,4645
c2_c925_20260916_222958.mp4,2026-09-16T22:32:34.297917,1789615954.298,4646
c2_c925_20260916_222958.mp4,2026-09-16T22:32:34.330004,1789615954.330,4647
c2_c925_20260916_222958.mp4,2026-09-16T22:32:34.365989,1789615954.366,4648
c2_c925_20260916_222958.mp4,2026-09-16T22:32:34.401484,1789615954.401,4649
c2_c925_20260916_222958.mp4,2026-09-16T22:32:34.435748,1789615954.436,4650
c2_c925_20260916_222958.mp4,2026-09-16T22:32:34.469044,1789615954.469,4651
c2_c925_20260916_222958.mp4,2026-09-16T22:32:34.504981,1789615954.505,4652
c2_c925_20260916_222958.mp4,2026-09-16T22:32:34.536944,1789615954.537,4653
c2_c925_20260916_222958.mp4,2026-09-16T22:32:34.571712,1789615954.572,4654
c2_c925_20260916_222958.mp4,2026-09-16T22:32:34.604730,1789615954.605,4655
c2_c925_20260916_222958.mp4,2026-09-16T22:32:34.639007,1789615954.639,4656
c2_c925_20260916_222958.mp4,2026-09-16T22:32:34.668727,1789615954.669,4657
c2_c925_20260916_222958.mp4,2026-09-16T22:32:34.702277,1789615954.702,4658
c2_c925_20260916_222958.mp4,2026-09-16T22:32:34.731147,1789615954.731,4659
c2_c925_20260916_222958.mp4,2026-09-16T22:32:34.766947,1789615954.767,4660
c2_c925_20260916_222958.mp4,2026-09-16T22:32:34.799488,1789615954.799,4661
c2_c925_20260916_222958.mp4,2026-09-16T22:32:34.835955,1789615954.836,4662
c2_c925_20260916_222958.mp4,2026-09-16T22:32:34.870369,1789615954.870,4663
c2_c925_20260916_222958.mp4,2026-09-16T22:32:34.901675,1789615954.902,4664
c2_c925_20260916_222958.mp4,2026-09-16T22:32:34.936383,1789615954.936,4665
c2_c925_20260916_222958.mp4,2026-09-16T22:32:34.970455,1789615954.970,4666
c2_c925_20260916_222958.mp4,2026-09-16T22:32:35.002215,1789615955.002,4667
c2_c925_20260916_222958.mp4,2026-09-16T22:32:35.039016,1789615955.039,4668
c2_c925_20260916_222958.mp4,2026-09-16T22:32:35.067132,1789615955.067,4669
c2_c925_20260916_222958.mp4,2026-09-16T22:32:35.103393,1789615955.103,4670
c2_c925_20260916_222958.mp4,2026-09-16T22:32:35.136238,1789615955.136,4671
c2_c925_20260916_222958.mp4,2026-09-16T22:32:35.170265,1789615955.170,4672
c2_c925_20260916_222958.mp4,2026-09-16T22:32:35.203189,1789615955.203,4673
c2_c925_20260916_222958.mp4,2026-09-16T22:32:35.238530,1789615955.239,4674
c2_c925_20260916_222958.mp4,2026-09-16T22:32:35.269688,1789615955.270,4675
c2_c925_20260916_222958.mp4,2026-09-16T22:32:35.300692,1789615955.301,4676
c2_c925_20260916_222958.mp4,2026-09-16T22:32:35.329767,1789615955.330,4677
c2_c925_20260916_222958.mp4,2026-09-16T22:32:35.367050,1789615955.367,4678
c2_c925_20260916_222958.mp4,2026-09-16T22:32:35.397915,1789615955.398,4679
c2_c925_20260916_222958.mp4,2026-09-16T22:32:35.434396,1789615955.434,4680
c2_c925_20260916_222958.mp4,2026-09-16T22:32:35.472805,1789615955.473,4681
c2_c925_20260916_222958.mp4,2026-09-16T22:32:35.505281,1789615955.505,4682
c2_c925_20260916_222958.mp4,2026-09-16T22:32:35.537837,1789615955.538,4683
c2_c925_20260916_222958.mp4,2026-09-16T22:32:35.571464,1789615955.571,4684
c2_c925_20260916_222958.mp4,2026-09-16T22:32:35.601245,1789615955.601,4685
c2_c925_20260916_222958.mp4,2026-09-16T22:32:35.634951,1789615955.635,4686
c2_c925_20260916_222958.mp4,2026-09-16T22:32:35.666425,1789615955.666,4687
c2_c925_20260916_222958.mp4,2026-09-16T22:32:35.697911,1789615955.698,4688
c2_c925_20260916_222958.mp4,2026-09-16T22:32:35.729948,1789615955.730,4689
c2_c925_20260916_222958.mp4,2026-09-16T22:32:35.765812,1789615955.766,4690
c2_c925_20260916_222958.mp4,2026-09-16T22:32:35.798783,1789615955.799,4691
c2_c925_20260916_222958.mp4,2026-09-16T22:32:35.833746,1789615955.834,4692
c2_c925_20260916_222958.mp4,2026-09-16T22:32:35.870671,1789615955.871,4693
c2_c925_20260916_222958.mp4,2026-09-16T22:32:35.902367,1789615955.902,4694
c2_c925_20260916_222958.mp4,2026-09-16T22:32:35.935390,1789615955.935,4695
c2_c925_20260916_222958.mp4,2026-09-16T22:32:35.971550,1789615955.972,4696
c2_c925_20260916_222958.mp4,2026-09-16T22:32:36.004219,1789615956.004,4697
c2_c925_20260916_222958.mp4,2026-09-16T22:32:36.038561,1789615956.039,4698
c2_c925_20260916_222958.mp4,2026-09-16T22:32:36.072943,1789615956.073,4699
c2_c925_20260916_222958.mp4,2026-09-16T22:32:36.103971,1789615956.104,4700
c2_c925_20260916_222958.mp4,2026-09-16T22:32:36.136805,1789615956.137,4701
c2_c925_20260916_222958.mp4,2026-09-16T22:32:36.171499,1789615956.172,4702
c2_c925_20260916_222958.mp4,2026-09-16T22:32:36.202280,1789615956.202,4703
c2_c925_20260916_222958.mp4,2026-09-16T22:32:36.234542,1789615956.235,4704
c2_c925_20260916_222958.mp4,2026-09-16T22:32:36.267814,1789615956.268,4705
c2_c925_20260916_222958.mp4,2026-09-16T22:32:36.300102,1789615956.300,4706
c2_c925_20260916_222958.mp4,2026-09-16T22:32:36.333811,1789615956.334,4707
c2_c925_20260916_222958.mp4,2026-09-16T22:32:36.368621,1789615956.369,4708
c2_c925_20260916_222958.mp4,2026-09-16T22:32:36.402342,1789615956.402,4709
c2_c925_20260916_222958.mp4,2026-09-16T22:32:36.438515,1789615956.439,4710
c2_c925_20260916_222958.mp4,2026-09-16T22:32:36.470018,1789615956.470,4711
c2_c925_20260916_222958.mp4,2026-09-16T22:32:36.504035,1789615956.504,4712
c2_c925_20260916_222958.mp4,2026-09-16T22:32:36.537060,1789615956.537,4713
c2_c925_20260916_222958.mp4,2026-09-16T22:32:36.571520,1789615956.572,4714
c2_c925_20260916_222958.mp4,2026-09-16T22:32:36.604396,1789615956.604,4715
c2_c925_20260916_222958.mp4,2026-09-16T22:32:36.639250,1789615956.639,4716
c2_c925_20260916_222958.mp4,2026-09-16T22:32:36.670585,1789615956.671,4717
c2_c925_20260916_222958.mp4,2026-09-16T22:32:36.703442,1789615956.703,4718
c2_c925_20260916_222958.mp4,2026-09-16T22:32:36.736185,1789615956.736,4719
c2_c925_20260916_222958.mp4,2026-09-16T22:32:36.770355,1789615956.770,4720
c2_c925_20260916_222958.mp4,2026-09-16T22:32:36.802345,1789615956.802,4721
c2_c925_20260916_222958.mp4,2026-09-16T22:32:36.835550,1789615956.836,4722
c2_c925_20260916_222958.mp4,2026-09-16T22:32:36.869053,1789615956.869,4723
c2_c925_20260916_222958.mp4,2026-09-16T22:32:36.898487,1789615956.898,4724
c2_c925_20260916_222958.mp4,2026-09-16T22:32:36.936178,1789615956.936,4725
c2_c925_20260916_222958.mp4,2026-09-16T22:32:36.971889,1789615956.972,4726
c2_c925_20260916_222958.mp4,2026-09-16T22:32:37.003307,1789615957.003,4727
c2_c925_20260916_222958.mp4,2026-09-16T22:32:37.038734,1789615957.039,4728
c2_c925_20260916_222958.mp4,2026-09-16T22:32:37.071544,1789615957.072,4729
c2_c925_20260916_222958.mp4,2026-09-16T22:32:37.104282,1789615957.104,4730
c2_c925_20260916_222958.mp4,2026-09-16T22:32:37.136651,1789615957.137,4731
c2_c925_20260916_222958.mp4,2026-09-16T22:32:37.172447,1789615957.172,4732
c2_c925_20260916_222958.mp4,2026-09-16T22:32:37.203780,1789615957.204,4733
c2_c925_20260916_222958.mp4,2026-09-16T22:32:37.238088,1789615957.238,4734
c2_c925_20260916_222958.mp4,2026-09-16T22:32:37.272255,1789615957.272,4735
c2_c925_20260916_222958.mp4,2026-09-16T22:32:37.302156,1789615957.302,4736
c2_c925_20260916_222958.mp4,2026-09-16T22:32:37.332845,1789615957.333,4737
c2_c925_20260916_222958.mp4,2026-09-16T22:32:37.366007,1789615957.366,4738
c2_c925_20260916_222958.mp4,2026-09-16T22:32:37.402288,1789615957.402,4739
c2_c925_20260916_222958.mp4,2026-09-16T22:32:37.437048,1789615957.437,4740
c2_c925_20260916_222958.mp4,2026-09-16T22:32:37.469701,1789615957.470,4741
c2_c925_20260916_222958.mp4,2026-09-16T22:32:37.502190,1789615957.502,4742
c2_c925_20260916_222958.mp4,2026-09-16T22:32:37.533752,1789615957.534,4743
c2_c925_20260916_222958.mp4,2026-09-16T22:32:37.569979,1789615957.570,4744
c2_c925_20260916_222958.mp4,2026-09-16T22:32:37.597824,1789615957.598,4745
c2_c925_20260916_222958.mp4,2026-09-16T22:32:37.639371,1789615957.639,4746
c2_c925_20260916_222958.mp4,2026-09-16T22:32:37.671123,1789615957.671,4747
c2_c925_20260916_222958.mp4,2026-09-16T22:32:37.703465,1789615957.703,4748
c2_c925_20260916_222958.mp4,2026-09-16T22:32:37.737057,1789615957.737,4749
c2_c925_20260916_222958.mp4,2026-09-16T22:32:37.768841,1789615957.769,4750
c2_c925_20260916_222958.mp4,2026-09-16T22:32:37.802255,1789615957.802,4751
c2_c925_20260916_222958.mp4,2026-09-16T22:32:37.837605,1789615957.838,4752
c2_c925_20260916_222958.mp4,2026-09-16T22:32:37.869671,1789615957.870,4753
c2_c925_20260916_222958.mp4,2026-09-16T22:32:37.898097,1789615957.898,4754
c2_c925_20260916_222958.mp4,2026-09-16T22:32:37.933606,1789615957.934,4755
c2_c925_20260916_222958.mp4,2026-09-16T22:32:37.970268,1789615957.970,4756
c2_c925_20260916_222958.mp4,2026-09-16T22:32:38.002547,1789615958.003,4757
c2_c925_20260916_222958.mp4,2026-09-16T22:32:38.038639,1789615958.039,4758
c2_c925_20260916_222958.mp4,2026-09-16T22:32:38.068540,1789615958.069,4759
c2_c925_20260916_222958.mp4,2026-09-16T22:32:38.099482,1789615958.100,4760
c2_c925_20260916_222958.mp4,2026-09-16T22:32:38.130493,1789615958.131,4761
c2_c925_20260916_222958.mp4,2026-09-16T22:32:38.170058,1789615958.170,4762
c2_c925_20260916_222958.mp4,2026-09-16T22:32:38.203858,1789615958.204,4763
c2_c925_20260916_222958.mp4,2026-09-16T22:32:38.239347,1789615958.239,4764
c2_c925_20260916_222958.mp4,2026-09-16T22:32:38.270104,1789615958.270,4765
c2_c925_20260916_222958.mp4,2026-09-16T22:32:38.299979,1789615958.300,4766
c2_c925_20260916_222958.mp4,2026-09-16T22:32:38.332184,1789615958.332,4767
c2_c925_20260916_222958.mp4,2026-09-16T22:32:38.368322,1789615958.368,4768
c2_c925_20260916_222958.mp4,2026-09-16T22:32:38.400727,1789615958.401,4769
c2_c925_20260916_222958.mp4,2026-09-16T22:32:38.437234,1789615958.437,4770
c2_c925_20260916_222958.mp4,2026-09-16T22:32:38.469053,1789615958.469,4771
c2_c925_20260916_222958.mp4,2026-09-16T22:32:38.502293,1789615958.502,4772
c2_c925_20260916_222958.mp4,2026-09-16T22:32:38.538928,1789615958.539,4773
c2_c925_20260916_222958.mp4,2026-09-16T22:32:38.571125,1789615958.571,4774
c2_c925_20260916_222958.mp4,2026-09-16T22:32:38.603383,1789615958.603,4775
c2_c925_20260916_222958.mp4,2026-09-16T22:32:38.639471,1789615958.639,4776
c2_c925_20260916_222958.mp4,2026-09-16T22:32:38.665759,1789615958.666,4777
c2_c925_20260916_222958.mp4,2026-09-16T22:32:38.702017,1789615958.702,4778
c2_c925_20260916_222958.mp4,2026-09-16T22:32:38.733877,1789615958.734,4779
c2_c925_20260916_222958.mp4,2026-09-16T22:32:38.769767,1789615958.770,4780
c2_c925_20260916_222958.mp4,2026-09-16T22:32:38.803374,1789615958.803,4781
c2_c925_20260916_222958.mp4,2026-09-16T22:32:38.838575,1789615958.839,4782
c2_c925_20260916_222958.mp4,2026-09-16T22:32:38.870709,1789615958.871,4783
c2_c925_20260916_222958.mp4,2026-09-16T22:32:38.901069,1789615958.901,4784
c2_c925_20260916_222958.mp4,2026-09-16T22:32:38.935812,1789615958.936,4785
c2_c925_20260916_222958.mp4,2026-09-16T22:32:38.970711,1789615958.971,4786
c2_c925_20260916_222958.mp4,2026-09-16T22:32:39.003930,1789615959.004,4787
c2_c925_20260916_222958.mp4,2026-09-16T22:32:39.038844,1789615959.039,4788
c2_c925_20260916_222958.mp4,2026-09-16T22:32:39.071762,1789615959.072,4789
c2_c925_20260916_222958.mp4,2026-09-16T22:32:39.103575,1789615959.104,4790
c2_c925_20260916_222958.mp4,2026-09-16T22:32:39.139563,1789615959.140,4791
c2_c925_20260916_222958.mp4,2026-09-16T22:32:39.171704,1789615959.172,4792
c2_c925_20260916_222958.mp4,2026-09-16T22:32:39.203533,1789615959.204,4793
c2_c925_20260916_222958.mp4,2026-09-16T22:32:39.239022,1789615959.239,4794
c2_c925_20260916_222958.mp4,2026-09-16T22:32:39.268269,1789615959.268,4795
c2_c925_20260916_222958.mp4,2026-09-16T22:32:39.299635,1789615959.300,4796
c2_c925_20260916_222958.mp4,2026-09-16T22:32:39.338275,1789615959.338,4797
c2_c925_20260916_222958.mp4,2026-09-16T22:32:39.370469,1789615959.370,4798
c2_c925_20260916_222958.mp4,2026-09-16T22:32:39.401171,1789615959.401,4799
c2_c925_20260916_222958.mp4,2026-09-16T22:32:39.437059,1789615959.437,4800
c2_c925_20260916_222958.mp4,2026-09-16T22:32:39.470384,1789615959.470,4801
c2_c925_20260916_222958.mp4,2026-09-16T22:32:39.500472,1789615959.500,4802
c2_c925_20260916_222958.mp4,2026-09-16T22:32:39.537256,1789615959.537,4803
c2_c925_20260916_222958.mp4,2026-09-16T22:32:39.570936,1789615959.571,4804
c2_c925_20260916_222958.mp4,2026-09-16T22:32:39.602964,1789615959.603,4805
c2_c925_20260916_222958.mp4,2026-09-16T22:32:39.640456,1789615959.640,4806
c2_c925_20260916_222958.mp4,2026-09-16T22:32:39.668573,1789615959.669,4807
c2_c925_20260916_222958.mp4,2026-09-16T22:32:39.703945,1789615959.704,4808
c2_c925_20260916_222958.mp4,2026-09-16T22:32:39.740466,1789615959.740,4809
c2_c925_20260916_222958.mp4,2026-09-16T22:32:39.770987,1789615959.771,4810
c2_c925_20260916_222958.mp4,2026-09-16T22:32:39.802674,1789615959.803,4811
c2_c925_20260916_222958.mp4,2026-09-16T22:32:39.839081,1789615959.839,4812
c2_c925_20260916_222958.mp4,2026-09-16T22:32:39.870098,1789615959.870,4813
c2_c925_20260916_222958.mp4,2026-09-16T22:32:39.899460,1789615959.899,4814
c2_c925_20260916_222958.mp4,2026-09-16T22:32:39.934123,1789615959.934,4815
c2_c925_20260916_222958.mp4,2026-09-16T22:32:39.966664,1789615959.967,4816
c2_c925_20260916_222958.mp4,2026-09-16T22:32:39.997937,1789615959.998,4817
c2_c925_20260916_222958.mp4,2026-09-16T22:32:40.034628,1789615960.035,4818
c2_c925_20260916_222958.mp4,2026-09-16T22:32:40.065806,1789615960.066,4819
c2_c925_20260916_222958.mp4,2026-09-16T22:32:40.103697,1789615960.104,4820
c2_c925_20260916_222958.mp4,2026-09-16T22:32:40.138682,1789615960.139,4821
c2_c925_20260916_222958.mp4,2026-09-16T22:32:40.165939,1789615960.166,4822
c2_c925_20260916_222958.mp4,2026-09-16T22:32:40.203173,1789615960.203,4823
c2_c925_20260916_222958.mp4,2026-09-16T22:32:40.239940,1789615960.240,4824
c2_c925_20260916_222958.mp4,2026-09-16T22:32:40.270137,1789615960.270,4825
c2_c925_20260916_222958.mp4,2026-09-16T22:32:40.302925,1789615960.303,4826
c2_c925_20260916_222958.mp4,2026-09-16T22:32:40.340349,1789615960.340,4827
c2_c925_20260916_222958.mp4,2026-09-16T22:32:40.372029,1789615960.372,4828
c2_c925_20260916_222958.mp4,2026-09-16T22:32:40.399370,1789615960.399,4829
c2_c925_20260916_222958.mp4,2026-09-16T22:32:40.437291,1789615960.437,4830
c2_c925_20260916_222958.mp4,2026-09-16T22:32:40.469097,1789615960.469,4831
c2_c925_20260916_222958.mp4,2026-09-16T22:32:40.504200,1789615960.504,4832
c2_c925_20260916_222958.mp4,2026-09-16T22:32:40.536410,1789615960.536,4833
c2_c925_20260916_222958.mp4,2026-09-16T22:32:40.566749,1789615960.567,4834
c2_c925_20260916_222958.mp4,2026-09-16T22:32:40.600161,1789615960.600,4835
c2_c925_20260916_222958.mp4,2026-09-16T22:32:40.636050,1789615960.636,4836
c2_c925_20260916_222958.mp4,2026-09-16T22:32:40.671687,1789615960.672,4837
c2_c925_20260916_222958.mp4,2026-09-16T22:32:40.704537,1789615960.705,4838
c2_c925_20260916_222958.mp4,2026-09-16T22:32:40.736298,1789615960.736,4839
c2_c925_20260916_222958.mp4,2026-09-16T22:32:40.766682,1789615960.767,4840
c2_c925_20260916_222958.mp4,2026-09-16T22:32:40.797841,1789615960.798,4841
c2_c925_20260916_222958.mp4,2026-09-16T22:32:40.833856,1789615960.834,4842
c2_c925_20260916_222958.mp4,2026-09-16T22:32:40.871905,1789615960.872,4843
c2_c925_20260916_222958.mp4,2026-09-16T22:32:40.903356,1789615960.903,4844
c2_c925_20260916_222958.mp4,2026-09-16T22:32:40.938312,1789615960.938,4845
c2_c925_20260916_222958.mp4,2026-09-16T22:32:40.969741,1789615960.970,4846
c2_c925_20260916_222958.mp4,2026-09-16T22:32:41.001340,1789615961.001,4847
c2_c925_20260916_222958.mp4,2026-09-16T22:32:41.035672,1789615961.036,4848
c2_c925_20260916_222958.mp4,2026-09-16T22:32:41.069953,1789615961.070,4849
c2_c925_20260916_222958.mp4,2026-09-16T22:32:41.102608,1789615961.103,4850
c2_c925_20260916_222958.mp4,2026-09-16T22:32:41.135988,1789615961.136,4851
c2_c925_20260916_222958.mp4,2026-09-16T22:32:41.168791,1789615961.169,4852
c2_c925_20260916_222958.mp4,2026-09-16T22:32:41.198019,1789615961.198,4853
c2_c925_20260916_222958.mp4,2026-09-16T22:32:41.239048,1789615961.239,4854
c2_c925_20260916_222958.mp4,2026-09-16T22:32:41.269345,1789615961.269,4855
c2_c925_20260916_222958.mp4,2026-09-16T22:32:41.303408,1789615961.303,4856
c2_c925_20260916_222958.mp4,2026-09-16T22:32:41.339662,1789615961.340,4857
c2_c925_20260916_222958.mp4,2026-09-16T22:32:41.373435,1789615961.373,4858
c2_c925_20260916_222958.mp4,2026-09-16T22:32:41.403940,1789615961.404,4859
c2_c925_20260916_222958.mp4,2026-09-16T22:32:41.441430,1789615961.441,4860
c2_c925_20260916_222958.mp4,2026-09-16T22:32:41.470428,1789615961.470,4861
c2_c925_20260916_222958.mp4,2026-09-16T22:32:41.501429,1789615961.501,4862
c2_c925_20260916_222958.mp4,2026-09-16T22:32:41.538750,1789615961.539,4863
c2_c925_20260916_222958.mp4,2026-09-16T22:32:41.572520,1789615961.573,4864
c2_c925_20260916_222958.mp4,2026-09-16T22:32:41.601383,1789615961.601,4865
c2_c925_20260916_222958.mp4,2026-09-16T22:32:41.634096,1789615961.634,4866
c2_c925_20260916_222958.mp4,2026-09-16T22:32:41.665895,1789615961.666,4867
c2_c925_20260916_222958.mp4,2026-09-16T22:32:41.698449,1789615961.698,4868
c2_c925_20260916_222958.mp4,2026-09-16T22:32:41.737897,1789615961.738,4869
c2_c925_20260916_222958.mp4,2026-09-16T22:32:41.771316,1789615961.771,4870
c2_c925_20260916_222958.mp4,2026-09-16T22:32:41.798908,1789615961.799,4871
c2_c925_20260916_222958.mp4,2026-09-16T22:32:41.836091,1789615961.836,4872
c2_c925_20260916_222958.mp4,2026-09-16T22:32:41.871466,1789615961.871,4873
c2_c925_20260916_222958.mp4,2026-09-16T22:32:41.902166,1789615961.902,4874
c2_c925_20260916_222958.mp4,2026-09-16T22:32:41.938521,1789615961.939,4875
c2_c925_20260916_222958.mp4,2026-09-16T22:32:41.970127,1789615961.970,4876
c2_c925_20260916_222958.mp4,2026-09-16T22:32:41.999813,1789615962.000,4877
c2_c925_20260916_222958.mp4,2026-09-16T22:32:42.036258,1789615962.036,4878
c2_c925_20260916_222958.mp4,2026-09-16T22:32:42.066531,1789615962.067,4879
c2_c925_20260916_222958.mp4,2026-09-16T22:32:42.100502,1789615962.101,4880
c2_c925_20260916_222958.mp4,2026-09-16T22:32:42.137617,1789615962.138,4881
c2_c925_20260916_222958.mp4,2026-09-16T22:32:42.171338,1789615962.171,4882
c2_c925_20260916_222958.mp4,2026-09-16T22:32:42.203236,1789615962.203,4883
c2_c925_20260916_222958.mp4,2026-09-16T22:32:42.239698,1789615962.240,4884
c2_c925_20260916_222958.mp4,2026-09-16T22:32:42.270623,1789615962.271,4885
c2_c925_20260916_222958.mp4,2026-09-16T22:32:42.302419,1789615962.302,4886
c2_c925_20260916_222958.mp4,2026-09-16T22:32:42.340120,1789615962.340,4887
c2_c925_20260916_222958.mp4,2026-09-16T22:32:42.369171,1789615962.369,4888
c2_c925_20260916_222958.mp4,2026-09-16T22:32:42.399622,1789615962.400,4889
c2_c925_20260916_222958.mp4,2026-09-16T22:32:42.434381,1789615962.434,4890
c2_c925_20260916_222958.mp4,2026-09-16T22:32:42.470601,1789615962.471,4891
c2_c925_20260916_222958.mp4,2026-09-16T22:32:42.501071,1789615962.501,4892
c2_c925_20260916_222958.mp4,2026-09-16T22:32:42.536250,1789615962.536,4893
c2_c925_20260916_222958.mp4,2026-09-16T22:32:42.568128,1789615962.568,4894
c2_c925_20260916_222958.mp4,2026-09-16T22:32:42.601760,1789615962.602,4895
c2_c925_20260916_222958.mp4,2026-09-16T22:32:42.636556,1789615962.637,4896
c2_c925_20260916_222958.mp4,2026-09-16T22:32:42.671120,1789615962.671,4897
c2_c925_20260916_222958.mp4,2026-09-16T22:32:42.703375,1789615962.703,4898
c2_c925_20260916_222958.mp4,2026-09-16T22:32:42.739069,1789615962.739,4899
c2_c925_20260916_222958.mp4,2026-09-16T22:32:42.771468,1789615962.771,4900
c2_c925_20260916_222958.mp4,2026-09-16T22:32:42.803654,1789615962.804,4901
c2_c925_20260916_222958.mp4,2026-09-16T22:32:42.839901,1789615962.840,4902
c2_c925_20260916_222958.mp4,2026-09-16T22:32:42.871746,1789615962.872,4903
c2_c925_20260916_222958.mp4,2026-09-16T22:32:42.902776,1789615962.903,4904
c2_c925_20260916_222958.mp4,2026-09-16T22:32:42.939744,1789615962.940,4905
c2_c925_20260916_222958.mp4,2026-09-16T22:32:42.965723,1789615962.966,4906
c2_c925_20260916_222958.mp4,2026-09-16T22:32:42.998322,1789615962.998,4907
c2_c925_20260916_222958.mp4,2026-09-16T22:32:43.036231,1789615963.036,4908
c2_c925_20260916_222958.mp4,2026-09-16T22:32:43.066698,1789615963.067,4909
c2_c925_20260916_222958.mp4,2026-09-16T22:32:43.099965,1789615963.100,4910
c2_c925_20260916_222958.mp4,2026-09-16T22:32:43.140201,1789615963.140,4911
c2_c925_20260916_222958.mp4,2026-09-16T22:32:43.173009,1789615963.173,4912
c2_c925_20260916_222958.mp4,2026-09-16T22:32:43.204289,1789615963.204,4913
c2_c925_20260916_222958.mp4,2026-09-16T22:32:43.241513,1789615963.242,4914
c2_c925_20260916_222958.mp4,2026-09-16T22:32:43.274250,1789615963.274,4915
c2_c925_20260916_222958.mp4,2026-09-16T22:32:43.301422,1789615963.301,4916
c2_c925_20260916_222958.mp4,2026-09-16T22:32:43.341488,1789615963.342,4917
c2_c925_20260916_222958.mp4,2026-09-16T22:32:43.372605,1789615963.373,4918
c2_c925_20260916_222958.mp4,2026-09-16T22:32:43.404960,1789615963.405,4919
c2_c925_20260916_222958.mp4,2026-09-16T22:32:43.437537,1789615963.438,4920
c2_c925_20260916_222958.mp4,2026-09-16T22:32:43.467117,1789615963.467,4921
c2_c925_20260916_222958.mp4,2026-09-16T22:32:43.499925,1789615963.500,4922
c2_c925_20260916_222958.mp4,2026-09-16T22:32:43.535781,1789615963.536,4923
c2_c925_20260916_222958.mp4,2026-09-16T22:32:43.569271,1789615963.569,4924
c2_c925_20260916_222958.mp4,2026-09-16T22:32:43.598813,1789615963.599,4925
c2_c925_20260916_222958.mp4,2026-09-16T22:32:43.636490,1789615963.637,4926
c2_c925_20260916_222958.mp4,2026-09-16T22:32:43.670224,1789615963.670,4927
c2_c925_20260916_222958.mp4,2026-09-16T22:32:43.704047,1789615963.704,4928
c2_c925_20260916_222958.mp4,2026-09-16T22:32:43.738416,1789615963.738,4929
c2_c925_20260916_222958.mp4,2026-09-16T22:32:43.765733,1789615963.766,4930
c2_c925_20260916_222958.mp4,2026-09-16T22:32:43.797815,1789615963.798,4931
c2_c925_20260916_222958.mp4,2026-09-16T22:32:43.833849,1789615963.834,4932
c2_c925_20260916_222958.mp4,2026-09-16T22:32:43.865801,1789615963.866,4933
c2_c925_20260916_222958.mp4,2026-09-16T22:32:43.898304,1789615963.898,4934
c2_c925_20260916_222958.mp4,2026-09-16T22:32:43.939186,1789615963.939,4935
c2_c925_20260916_222958.mp4,2026-09-16T22:32:43.971041,1789615963.971,4936
c2_c925_20260916_222958.mp4,2026-09-16T22:32:44.003306,1789615964.003,4937
c2_c925_20260916_222958.mp4,2026-09-16T22:32:44.039766,1789615964.040,4938
c2_c925_20260916_222958.mp4,2026-09-16T22:32:44.071191,1789615964.071,4939
c2_c925_20260916_222958.mp4,2026-09-16T22:32:44.101377,1789615964.101,4940
c2_c925_20260916_222958.mp4,2026-09-16T22:32:44.135829,1789615964.136,4941
c2_c925_20260916_222958.mp4,2026-09-16T22:32:44.165796,1789615964.166,4942
c2_c925_20260916_222958.mp4,2026-09-16T22:32:44.197749,1789615964.198,4943
c2_c925_20260916_222958.mp4,2026-09-16T22:32:44.233832,1789615964.234,4944
c2_c925_20260916_222958.mp4,2026-09-16T22:32:44.266426,1789615964.266,4945
c2_c925_20260916_222958.mp4,2026-09-16T22:32:44.302095,1789615964.302,4946
c2_c925_20260916_222958.mp4,2026-09-16T22:32:44.339662,1789615964.340,4947
c2_c925_20260916_222958.mp4,2026-09-16T22:32:44.370907,1789615964.371,4948
c2_c925_20260916_222958.mp4,2026-09-16T22:32:44.402846,1789615964.403,4949
c2_c925_20260916_222958.mp4,2026-09-16T22:32:44.438865,1789615964.439,4950
c2_c925_20260916_222958.mp4,2026-09-16T22:32:44.470441,1789615964.470,4951
c2_c925_20260916_222958.mp4,2026-09-16T22:32:44.501739,1789615964.502,4952
c2_c925_20260916_222958.mp4,2026-09-16T22:32:44.537470,1789615964.537,4953
c2_c925_20260916_222958.mp4,2026-09-16T22:32:44.567937,1789615964.568,4954
c2_c925_20260916_222958.mp4,2026-09-16T22:32:44.598416,1789615964.598,4955
c2_c925_20260916_222958.mp4,2026-09-16T22:32:44.635876,1789615964.636,4956
c2_c925_20260916_222958.mp4,2026-09-16T22:32:44.666801,1789615964.667,4957
c2_c925_20260916_222958.mp4,2026-09-16T22:32:44.699948,1789615964.700,4958
c2_c925_20260916_222958.mp4,2026-09-16T22:32:44.734007,1789615964.734,4959
c2_c925_20260916_222958.mp4,2026-09-16T22:32:44.766109,1789615964.766,4960
c2_c925_20260916_222958.mp4,2026-09-16T22:32:44.797734,1789615964.798,4961
c2_c925_20260916_222958.mp4,2026-09-16T22:32:44.840316,1789615964.840,4962
c2_c925_20260916_222958.mp4,2026-09-16T22:32:44.869450,1789615964.869,4963
c2_c925_20260916_222958.mp4,2026-09-16T22:32:44.903290,1789615964.903,4964
c2_c925_20260916_222958.mp4,2026-09-16T22:32:44.940262,1789615964.940,4965
c2_c925_20260916_222958.mp4,2026-09-16T22:32:44.968655,1789615964.969,4966
c2_c925_20260916_222958.mp4,2026-09-16T22:32:45.005302,1789615965.005,4967
c2_c925_20260916_222958.mp4,2026-09-16T22:32:45.042439,1789615965.042,4968
c2_c925_20260916_222958.mp4,2026-09-16T22:32:45.072171,1789615965.072,4969
c2_c925_20260916_222958.mp4,2026-09-16T22:32:45.103880,1789615965.104,4970
c2_c925_20260916_222958.mp4,2026-09-16T22:32:45.137898,1789615965.138,4971
c2_c925_20260916_222958.mp4,2026-09-16T22:32:45.168374,1789615965.168,4972
c2_c925_20260916_222958.mp4,2026-09-16T22:32:45.201219,1789615965.201,4973
c2_c925_20260916_222958.mp4,2026-09-16T22:32:45.241258,1789615965.241,4974
c2_c925_20260916_222958.mp4,2026-09-16T22:32:45.270607,1789615965.271,4975
c2_c925_20260916_222958.mp4,2026-09-16T22:32:45.306532,1789615965.307,4976
c2_c925_20260916_222958.mp4,2026-09-16T22:32:45.336623,1789615965.337,4977
c2_c925_20260916_222958.mp4,2026-09-16T22:32:45.369445,1789615965.369,4978
c2_c925_20260916_222958.mp4,2026-09-16T22:32:45.401809,1789615965.402,4979
c2_c925_20260916_222958.mp4,2026-09-16T22:32:45.438722,1789615965.439,4980
c2_c925_20260916_222958.mp4,2026-09-16T22:32:45.465734,1789615965.466,4981
c2_c925_20260916_222958.mp4,2026-09-16T22:32:45.503345,1789615965.503,4982
c2_c925_20260916_222958.mp4,2026-09-16T22:32:45.539938,1789615965.540,4983
c2_c925_20260916_222958.mp4,2026-09-16T22:32:45.572564,1789615965.573,4984
c2_c925_20260916_222958.mp4,2026-09-16T22:32:45.602372,1789615965.602,4985
c2_c925_20260916_222958.mp4,2026-09-16T22:32:45.638311,1789615965.638,4986
c2_c925_20260916_222958.mp4,2026-09-16T22:32:45.670184,1789615965.670,4987
c2_c925_20260916_222958.mp4,2026-09-16T22:32:45.702398,1789615965.702,4988
c2_c925_20260916_222958.mp4,2026-09-16T22:32:45.738127,1789615965.738,4989
c2_c925_20260916_222958.mp4,2026-09-16T22:32:45.769812,1789615965.770,4990
c2_c925_20260916_222958.mp4,2026-09-16T22:32:45.803079,1789615965.803,4991
c2_c925_20260916_222958.mp4,2026-09-16T22:32:45.839422,1789615965.839,4992
c2_c925_20260916_222958.mp4,2026-09-16T22:32:45.871452,1789615965.871,4993
c2_c925_20260916_222958.mp4,2026-09-16T22:32:45.903111,1789615965.903,4994
c2_c925_20260916_222958.mp4,2026-09-16T22:32:45.939364,1789615965.939,4995
c2_c925_20260916_222958.mp4,2026-09-16T22:32:45.971352,1789615965.971,4996
c2_c925_20260916_222958.mp4,2026-09-16T22:32:46.002774,1789615966.003,4997
c2_c925_20260916_222958.mp4,2026-09-16T22:32:46.035676,1789615966.036,4998
c2_c925_20260916_222958.mp4,2026-09-16T22:32:46.066542,1789615966.067,4999
c2_c925_20260916_222958.mp4,2026-09-16T22:32:46.099735,1789615966.100,5000
c2_c925_20260916_222958.mp4,2026-09-16T22:32:46.138050,1789615966.138,5001
c2_c925_20260916_222958.mp4,2026-09-16T22:32:46.169885,1789615966.170,5002
c2_c925_20260916_222958.mp4,2026-09-16T22:32:46.201952,1789615966.202,5003
c2_c925_20260916_222958.mp4,2026-09-16T22:32:46.234150,1789615966.234,5004
c2_c925_20260916_222958.mp4,2026-09-16T22:32:46.270193,1789615966.270,5005
c2_c925_20260916_222958.mp4,2026-09-16T22:32:46.302436,1789615966.302,5006
c2_c925_20260916_222958.mp4,2026-09-16T22:32:46.338782,1789615966.339,5007
c2_c925_20260916_222958.mp4,2026-09-16T22:32:46.371467,1789615966.371,5008
c2_c925_20260916_222958.mp4,2026-09-16T22:32:46.403300,1789615966.403,5009
c2_c925_20260916_222958.mp4,2026-09-16T22:32:46.439767,1789615966.440,5010
c2_c925_20260916_222958.mp4,2026-09-16T22:32:46.472876,1789615966.473,5011
c2_c925_20260916_222958.mp4,2026-09-16T22:32:46.503104,1789615966.503,5012
c2_c925_20260916_222958.mp4,2026-09-16T22:32:46.538225,1789615966.538,5013
c2_c925_20260916_222958.mp4,2026-09-16T22:32:46.572812,1789615966.573,5014
c2_c925_20260916_222958.mp4,2026-09-16T22:32:46.601854,1789615966.602,5015
c2_c925_20260916_222958.mp4,2026-09-16T22:32:46.635103,1789615966.635,5016
c2_c925_20260916_222958.mp4,2026-09-16T22:32:46.666476,1789615966.666,5017
c2_c925_20260916_222958.mp4,2026-09-16T22:32:46.701844,1789615966.702,5018
c2_c925_20260916_222958.mp4,2026-09-16T22:32:46.735549,1789615966.736,5019
c2_c925_20260916_222958.mp4,2026-09-16T22:32:46.770203,1789615966.770,5020
c2_c925_20260916_222958.mp4,2026-09-16T22:32:46.803566,1789615966.804,5021
c2_c925_20260916_222958.mp4,2026-09-16T22:32:46.838927,1789615966.839,5022
c2_c925_20260916_222958.mp4,2026-09-16T22:32:46.870646,1789615966.871,5023
c2_c925_20260916_222958.mp4,2026-09-16T22:32:46.902551,1789615966.903,5024
c2_c925_20260916_222958.mp4,2026-09-16T22:32:46.939770,1789615966.940,5025
c2_c925_20260916_222958.mp4,2026-09-16T22:32:46.972708,1789615966.973,5026
c2_c925_20260916_222958.mp4,2026-09-16T22:32:47.003302,1789615967.003,5027
c2_c925_20260916_222958.mp4,2026-09-16T22:32:47.040864,1789615967.041,5028
c2_c925_20260916_222958.mp4,2026-09-16T22:32:47.071425,1789615967.071,5029
c2_c925_20260916_222958.mp4,2026-09-16T22:32:47.103130,1789615967.103,5030
c2_c925_20260916_222958.mp4,2026-09-16T22:32:47.133877,1789615967.134,5031
c2_c925_20260916_222958.mp4,2026-09-16T22:32:47.167924,1789615967.168,5032
c2_c925_20260916_222958.mp4,2026-09-16T22:32:47.199936,1789615967.200,5033
c2_c925_20260916_222958.mp4,2026-09-16T22:32:47.237458,1789615967.237,5034
c2_c925_20260916_222958.mp4,2026-09-16T22:32:47.265799,1789615967.266,5035
c2_c925_20260916_222958.mp4,2026-09-16T22:32:47.298902,1789615967.299,5036
c2_c925_20260916_222958.mp4,2026-09-16T22:32:47.338432,1789615967.338,5037
c2_c925_20260916_222958.mp4,2026-09-16T22:32:47.370827,1789615967.371,5038
c2_c925_20260916_222958.mp4,2026-09-16T22:32:47.402956,1789615967.403,5039
c2_c925_20260916_222958.mp4,2026-09-16T22:32:47.440640,1789615967.441,5040
c2_c925_20260916_222958.mp4,2026-09-16T22:32:47.472185,1789615967.472,5041
c2_c925_20260916_222958.mp4,2026-09-16T22:32:47.502772,1789615967.503,5042
c2_c925_20260916_222958.mp4,2026-09-16T22:32:47.539366,1789615967.539,5043
c2_c925_20260916_222958.mp4,2026-09-16T22:32:47.572347,1789615967.572,5044
c2_c925_20260916_222958.mp4,2026-09-16T22:32:47.602850,1789615967.603,5045
c2_c925_20260916_222958.mp4,2026-09-16T22:32:47.638742,1789615967.639,5046
c2_c925_20260916_222958.mp4,2026-09-16T22:32:47.670976,1789615967.671,5047
c2_c925_20260916_222958.mp4,2026-09-16T22:32:47.703146,1789615967.703,5048
c2_c925_20260916_222958.mp4,2026-09-16T22:32:47.737952,1789615967.738,5049
c2_c925_20260916_222958.mp4,2026-09-16T22:32:47.768985,1789615967.769,5050
c2_c925_20260916_222958.mp4,2026-09-16T22:32:47.802206,1789615967.802,5051
c2_c925_20260916_222958.mp4,2026-09-16T22:32:47.837521,1789615967.838,5052
c2_c925_20260916_222958.mp4,2026-09-16T22:32:47.865719,1789615967.866,5053
c2_c925_20260916_222958.mp4,2026-09-16T22:32:47.902331,1789615967.902,5054
c2_c925_20260916_222958.mp4,2026-09-16T22:32:47.934764,1789615967.935,5055
c2_c925_20260916_222958.mp4,2026-09-16T22:32:47.972162,1789615967.972,5056
c2_c925_20260916_222958.mp4,2026-09-16T22:32:47.997803,1789615967.998,5057
c2_c925_20260916_222958.mp4,2026-09-16T22:32:48.040842,1789615968.041,5058
c2_c925_20260916_222958.mp4,2026-09-16T22:32:48.073179,1789615968.073,5059
c2_c925_20260916_222958.mp4,2026-09-16T22:32:48.102661,1789615968.103,5060
c2_c925_20260916_222958.mp4,2026-09-16T22:32:48.139763,1789615968.140,5061
c2_c925_20260916_222958.mp4,2026-09-16T22:32:48.173259,1789615968.173,5062
c2_c925_20260916_222958.mp4,2026-09-16T22:32:48.202459,1789615968.202,5063
c2_c925_20260916_222958.mp4,2026-09-16T22:32:48.237685,1789615968.238,5064
c2_c925_20260916_222958.mp4,2026-09-16T22:32:48.268878,1789615968.269,5065
c2_c925_20260916_222958.mp4,2026-09-16T22:32:48.302334,1789615968.302,5066
c2_c925_20260916_222958.mp4,2026-09-16T22:32:48.337307,1789615968.337,5067
c2_c925_20260916_222958.mp4,2026-09-16T22:32:48.370864,1789615968.371,5068
c2_c925_20260916_222958.mp4,2026-09-16T22:32:48.397873,1789615968.398,5069
c2_c925_20260916_222958.mp4,2026-09-16T22:32:48.434659,1789615968.435,5070
c2_c925_20260916_222958.mp4,2026-09-16T22:32:48.465693,1789615968.466,5071
c2_c925_20260916_222958.mp4,2026-09-16T22:32:48.501504,1789615968.502,5072
c2_c925_20260916_222958.mp4,2026-09-16T22:32:48.536102,1789615968.536,5073
c2_c925_20260916_222958.mp4,2026-09-16T22:32:48.572440,1789615968.572,5074
c2_c925_20260916_222958.mp4,2026-09-16T22:32:48.603047,1789615968.603,5075
c2_c925_20260916_222958.mp4,2026-09-16T22:32:48.640004,1789615968.640,5076
c2_c925_20260916_222958.mp4,2026-09-16T22:32:48.670475,1789615968.670,5077
c2_c925_20260916_222958.mp4,2026-09-16T22:32:48.701036,1789615968.701,5078
c2_c925_20260916_222958.mp4,2026-09-16T22:32:48.736513,1789615968.737,5079
c2_c925_20260916_222958.mp4,2026-09-16T22:32:48.768997,1789615968.769,5080
c2_c925_20260916_222958.mp4,2026-09-16T22:32:48.802368,1789615968.802,5081
c2_c925_20260916_222958.mp4,2026-09-16T22:32:48.837739,1789615968.838,5082
c2_c925_20260916_222958.mp4,2026-09-16T22:32:48.869528,1789615968.870,5083
c2_c925_20260916_222958.mp4,2026-09-16T22:32:48.901983,1789615968.902,5084
c2_c925_20260916_222958.mp4,2026-09-16T22:32:48.938040,1789615968.938,5085
c2_c925_20260916_222958.mp4,2026-09-16T22:32:48.971051,1789615968.971,5086
c2_c925_20260916_222958.mp4,2026-09-16T22:32:49.002793,1789615969.003,5087
c2_c925_20260916_222958.mp4,2026-09-16T22:32:49.040747,1789615969.041,5088
c2_c925_20260916_222958.mp4,2026-09-16T22:32:49.068042,1789615969.068,5089
c2_c925_20260916_222958.mp4,2026-09-16T22:32:49.098872,1789615969.099,5090
c2_c925_20260916_222958.mp4,2026-09-16T22:32:49.136444,1789615969.136,5091
c2_c925_20260916_222958.mp4,2026-09-16T22:32:49.170315,1789615969.170,5092
c2_c925_20260916_222958.mp4,2026-09-16T22:32:49.202810,1789615969.203,5093
c2_c925_20260916_222958.mp4,2026-09-16T22:32:49.239324,1789615969.239,5094
c2_c925_20260916_222958.mp4,2026-09-16T22:32:49.268775,1789615969.269,5095
c2_c925_20260916_222958.mp4,2026-09-16T22:32:49.298084,1789615969.298,5096
c2_c925_20260916_222958.mp4,2026-09-16T22:32:49.333666,1789615969.334,5097
c2_c925_20260916_222958.mp4,2026-09-16T22:32:49.365570,1789615969.366,5098
c2_c925_20260916_222958.mp4,2026-09-16T22:32:49.397777,1789615969.398,5099
c2_c925_20260916_222958.mp4,2026-09-16T22:32:49.433767,1789615969.434,5100
c2_c925_20260916_222958.mp4,2026-09-16T22:32:49.469906,1789615969.470,5101
c2_c925_20260916_222958.mp4,2026-09-16T22:32:49.503409,1789615969.503,5102
c2_c925_20260916_222958.mp4,2026-09-16T22:32:49.540317,1789615969.540,5103
c2_c925_20260916_222958.mp4,2026-09-16T22:32:49.571711,1789615969.572,5104
c2_c925_20260916_222958.mp4,2026-09-16T22:32:49.603165,1789615969.603,5105
c2_c925_20260916_222958.mp4,2026-09-16T22:32:49.640762,1789615969.641,5106
c2_c925_20260916_222958.mp4,2026-09-16T22:32:49.670171,1789615969.670,5107
c2_c925_20260916_222958.mp4,2026-09-16T22:32:49.699365,1789615969.699,5108
c2_c925_20260916_222958.mp4,2026-09-16T22:32:49.737245,1789615969.737,5109
c2_c925_20260916_222958.mp4,2026-09-16T22:32:49.766479,1789615969.766,5110
c2_c925_20260916_222958.mp4,2026-09-16T22:32:49.800953,1789615969.801,5111
c2_c925_20260916_222958.mp4,2026-09-16T22:32:49.834732,1789615969.835,5112
c2_c925_20260916_222958.mp4,2026-09-16T22:32:49.869069,1789615969.869,5113
c2_c925_20260916_222958.mp4,2026-09-16T22:32:49.902432,1789615969.902,5114
c2_c925_20260916_222958.mp4,2026-09-16T22:32:49.938634,1789615969.939,5115
c2_c925_20260916_222958.mp4,2026-09-16T22:32:49.970941,1789615969.971,5116
c2_c925_20260916_222958.mp4,2026-09-16T22:32:50.001350,1789615970.001,5117
c2_c925_20260916_222958.mp4,2026-09-16T22:32:50.040227,1789615970.040,5118
c2_c925_20260916_222958.mp4,2026-09-16T22:32:50.072249,1789615970.072,5119
c2_c925_20260916_222958.mp4,2026-09-16T22:32:50.104177,1789615970.104,5120
c2_c925_20260916_222958.mp4,2026-09-16T22:32:50.140792,1789615970.141,5121
c2_c925_20260916_222958.mp4,2026-09-16T22:32:50.171810,1789615970.172,5122
c2_c925_20260916_222958.mp4,2026-09-16T22:32:50.202579,1789615970.203,5123
c2_c925_20260916_222958.mp4,2026-09-16T22:32:50.239899,1789615970.240,5124
c2_c925_20260916_222958.mp4,2026-09-16T22:32:50.271244,1789615970.271,5125
c2_c925_20260916_222958.mp4,2026-09-16T22:32:50.298593,1789615970.299,5126
c2_c925_20260916_222958.mp4,2026-09-16T22:32:50.334786,1789615970.335,5127
c2_c925_20260916_222958.mp4,2026-09-16T22:32:50.369521,1789615970.370,5128
c2_c925_20260916_222958.mp4,2026-09-16T22:32:50.402070,1789615970.402,5129
c2_c925_20260916_222958.mp4,2026-09-16T22:32:50.438309,1789615970.438,5130
c2_c925_20260916_222958.mp4,2026-09-16T22:32:50.470710,1789615970.471,5131
c2_c925_20260916_222958.mp4,2026-09-16T22:32:50.501969,1789615970.502,5132
c2_c925_20260916_222958.mp4,2026-09-16T22:32:50.539476,1789615970.539,5133
c2_c925_20260916_222958.mp4,2026-09-16T22:32:50.573246,1789615970.573,5134
c2_c925_20260916_222958.mp4,2026-09-16T22:32:50.603700,1789615970.604,5135
c2_c925_20260916_222958.mp4,2026-09-16T22:32:50.639440,1789615970.639,5136
c2_c925_20260916_222958.mp4,2026-09-16T22:32:50.671089,1789615970.671,5137
c2_c925_20260916_222958.mp4,2026-09-16T22:32:50.703268,1789615970.703,5138
c2_c925_20260916_222958.mp4,2026-09-16T22:32:50.737724,1789615970.738,5139
c2_c925_20260916_222958.mp4,2026-09-16T22:32:50.768265,1789615970.768,5140
c2_c925_20260916_222958.mp4,2026-09-16T22:32:50.798762,1789615970.799,5141
c2_c925_20260916_222958.mp4,2026-09-16T22:32:50.836286,1789615970.836,5142
c2_c925_20260916_222958.mp4,2026-09-16T22:32:50.869006,1789615970.869,5143
c2_c925_20260916_222958.mp4,2026-09-16T22:32:50.898306,1789615970.898,5144
c2_c925_20260916_222958.mp4,2026-09-16T22:32:50.933783,1789615970.934,5145
c2_c925_20260916_222958.mp4,2026-09-16T22:32:50.969007,1789615970.969,5146
c2_c925_20260916_222958.mp4,2026-09-16T22:32:51.004462,1789615971.004,5147
c2_c925_20260916_222958.mp4,2026-09-16T22:32:51.041031,1789615971.041,5148
c2_c925_20260916_222958.mp4,2026-09-16T22:32:51.072194,1789615971.072,5149
c2_c925_20260916_222958.mp4,2026-09-16T22:32:51.103388,1789615971.103,5150
c2_c925_20260916_222958.mp4,2026-09-16T22:32:51.140139,1789615971.140,5151
c2_c925_20260916_222958.mp4,2026-09-16T22:32:51.172230,1789615971.172,5152
c2_c925_20260916_222958.mp4,2026-09-16T22:32:51.203475,1789615971.203,5153
c2_c925_20260916_222958.mp4,2026-09-16T22:32:51.238873,1789615971.239,5154
c2_c925_20260916_222958.mp4,2026-09-16T22:32:51.272591,1789615971.273,5155
c2_c925_20260916_222958.mp4,2026-09-16T22:32:51.301658,1789615971.302,5156
c2_c925_20260916_222958.mp4,2026-09-16T22:32:51.336779,1789615971.337,5157
c2_c925_20260916_222958.mp4,2026-09-16T22:32:51.368163,1789615971.368,5158
c2_c925_20260916_222958.mp4,2026-09-16T22:32:51.402045,1789615971.402,5159
c2_c925_20260916_222958.mp4,2026-09-16T22:32:51.437925,1789615971.438,5160
c2_c925_20260916_222958.mp4,2026-09-16T22:32:51.470390,1789615971.470,5161
c2_c925_20260916_222958.mp4,2026-09-16T22:32:51.497661,1789615971.498,5162
c2_c925_20260916_222958.mp4,2026-09-16T22:32:51.537982,1789615971.538,5163
c2_c925_20260916_222958.mp4,2026-09-16T22:32:51.568329,1789615971.568,5164
c2_c925_20260916_222958.mp4,2026-09-16T22:32:51.602867,1789615971.603,5165
c2_c925_20260916_222958.mp4,2026-09-16T22:32:51.640167,1789615971.640,5166
c2_c925_20260916_222958.mp4,2026-09-16T22:32:51.672277,1789615971.672,5167
c2_c925_20260916_222958.mp4,2026-09-16T22:32:51.703400,1789615971.703,5168
c2_c925_20260916_222958.mp4,2026-09-16T22:32:51.739944,1789615971.740,5169
c2_c925_20260916_222958.mp4,2026-09-16T22:32:51.770404,1789615971.770,5170
c2_c925_20260916_222958.mp4,2026-09-16T22:32:51.801921,1789615971.802,5171
c2_c925_20260916_222958.mp4,2026-09-16T22:32:51.837296,1789615971.837,5172
c2_c925_20260916_222958.mp4,2026-09-16T22:32:51.868347,1789615971.868,5173
c2_c925_20260916_222958.mp4,2026-09-16T22:32:51.901838,1789615971.902,5174
c2_c925_20260916_222958.mp4,2026-09-16T22:32:51.936699,1789615971.937,5175
c2_c925_20260916_222958.mp4,2026-09-16T22:32:51.970140,1789615971.970,5176
c2_c925_20260916_222958.mp4,2026-09-16T22:32:52.002071,1789615972.002,5177
c2_c925_20260916_222958.mp4,2026-09-16T22:32:52.040289,1789615972.040,5178
c2_c925_20260916_222958.mp4,2026-09-16T22:32:52.073642,1789615972.074,5179
c2_c925_20260916_222958.mp4,2026-09-16T22:32:52.099891,1789615972.100,5180
c2_c925_20260916_222958.mp4,2026-09-16T22:32:52.134765,1789615972.135,5181
c2_c925_20260916_222958.mp4,2026-09-16T22:32:52.165668,1789615972.166,5182
c2_c925_20260916_222958.mp4,2026-09-16T22:32:52.202598,1789615972.203,5183
c2_c925_20260916_222958.mp4,2026-09-16T22:32:52.240234,1789615972.240,5184
c2_c925_20260916_222958.mp4,2026-09-16T22:32:52.270666,1789615972.271,5185
c2_c925_20260916_222958.mp4,2026-09-16T22:32:52.301690,1789615972.302,5186
c2_c925_20260916_222958.mp4,2026-09-16T22:32:52.336879,1789615972.337,5187
c2_c925_20260916_222958.mp4,2026-09-16T22:32:52.368988,1789615972.369,5188
c2_c925_20260916_222958.mp4,2026-09-16T22:32:52.402404,1789615972.402,5189
c2_c925_20260916_222958.mp4,2026-09-16T22:32:52.436953,1789615972.437,5190
c2_c925_20260916_222958.mp4,2026-09-16T22:32:52.469900,1789615972.470,5191
c2_c925_20260916_222958.mp4,2026-09-16T22:32:52.502887,1789615972.503,5192
c2_c925_20260916_222958.mp4,2026-09-16T22:32:52.539125,1789615972.539,5193
c2_c925_20260916_222958.mp4,2026-09-16T22:32:52.574307,1789615972.574,5194
c2_c925_20260916_222958.mp4,2026-09-16T22:32:52.598671,1789615972.599,5195
c2_c925_20260916_222958.mp4,2026-09-16T22:32:52.633842,1789615972.634,5196
c2_c925_20260916_222958.mp4,2026-09-16T22:32:52.669581,1789615972.670,5197
c2_c925_20260916_222958.mp4,2026-09-16T22:32:52.700367,1789615972.700,5198
c2_c925_20260916_222958.mp4,2026-09-16T22:32:52.734765,1789615972.735,5199
c2_c925_20260916_222958.mp4,2026-09-16T22:32:52.770304,1789615972.770,5200
c2_c925_20260916_222958.mp4,2026-09-16T22:32:52.802592,1789615972.803,5201
c2_c925_20260916_222958.mp4,2026-09-16T22:32:52.839599,1789615972.840,5202
c2_c925_20260916_222958.mp4,2026-09-16T22:32:52.871313,1789615972.871,5203
c2_c925_20260916_222958.mp4,2026-09-16T22:32:52.901252,1789615972.901,5204
c2_c925_20260916_222958.mp4,2026-09-16T22:32:52.937469,1789615972.937,5205
c2_c925_20260916_222958.mp4,2026-09-16T22:32:52.969850,1789615972.970,5206
c2_c925_20260916_222958.mp4,2026-09-16T22:32:53.002567,1789615973.003,5207
c2_c925_20260916_222958.mp4,2026-09-16T22:32:53.038956,1789615973.039,5208
c2_c925_20260916_222958.mp4,2026-09-16T22:32:53.070328,1789615973.070,5209
c2_c925_20260916_222958.mp4,2026-09-16T22:32:53.103274,1789615973.103,5210
c2_c925_20260916_222958.mp4,2026-09-16T22:32:53.139545,1789615973.140,5211
c2_c925_20260916_222958.mp4,2026-09-16T22:32:53.169779,1789615973.170,5212
c2_c925_20260916_222958.mp4,2026-09-16T22:32:53.202488,1789615973.203,5213
c2_c925_20260916_222958.mp4,2026-09-16T22:32:53.239712,1789615973.240,5214
c2_c925_20260916_222958.mp4,2026-09-16T22:32:53.272341,1789615973.272,5215
c2_c925_20260916_222958.mp4,2026-09-16T22:32:53.298912,1789615973.299,5216
c2_c925_20260916_222958.mp4,2026-09-16T22:32:53.334877,1789615973.335,5217
c2_c925_20260916_222958.mp4,2026-09-16T22:32:53.370689,1789615973.371,5218
c2_c925_20260916_222958.mp4,2026-09-16T22:32:53.401893,1789615973.402,5219
c2_c925_20260916_222958.mp4,2026-09-16T22:32:53.436716,1789615973.437,5220
c2_c925_20260916_222958.mp4,2026-09-16T22:32:53.469857,1789615973.470,5221
c2_c925_20260916_222958.mp4,2026-09-16T22:32:53.502338,1789615973.502,5222
c2_c925_20260916_222958.mp4,2026-09-16T22:32:53.539413,1789615973.539,5223
c2_c925_20260916_222958.mp4,2026-09-16T22:32:53.572680,1789615973.573,5224
c2_c925_20260916_222958.mp4,2026-09-16T22:32:53.603206,1789615973.603,5225
c2_c925_20260916_222958.mp4,2026-09-16T22:32:53.639173,1789615973.639,5226
c2_c925_20260916_222958.mp4,2026-09-16T22:32:53.672099,1789615973.672,5227
c2_c925_20260916_222958.mp4,2026-09-16T22:32:53.703209,1789615973.703,5228
c2_c925_20260916_222958.mp4,2026-09-16T22:32:53.740737,1789615973.741,5229
c2_c925_20260916_222958.mp4,2026-09-16T22:32:53.770755,1789615973.771,5230
c2_c925_20260916_222958.mp4,2026-09-16T22:32:53.802085,1789615973.802,5231
c2_c925_20260916_222958.mp4,2026-09-16T22:32:53.840076,1789615973.840,5232
c2_c925_20260916_222958.mp4,2026-09-16T22:32:53.865913,1789615973.866,5233
c2_c925_20260916_222958.mp4,2026-09-16T22:32:53.897742,1789615973.898,5234
c2_c925_20260916_222958.mp4,2026-09-16T22:32:53.933661,1789615973.934,5235
c2_c925_20260916_222958.mp4,2026-09-16T22:32:53.965667,1789615973.966,5236
c2_c925_20260916_222958.mp4,2026-09-16T22:32:53.998264,1789615973.998,5237
c2_c925_20260916_222958.mp4,2026-09-16T22:32:54.037659,1789615974.038,5238
c2_c925_20260916_222958.mp4,2026-09-16T22:32:54.070179,1789615974.070,5239
c2_c925_20260916_222958.mp4,2026-09-16T22:32:54.103673,1789615974.104,5240
c2_c925_20260916_222958.mp4,2026-09-16T22:32:54.140354,1789615974.140,5241
c2_c925_20260916_222958.mp4,2026-09-16T22:32:54.172483,1789615974.173,5242
c2_c925_20260916_222958.mp4,2026-09-16T22:32:54.203112,1789615974.203,5243
c2_c925_20260916_222958.mp4,2026-09-16T22:32:54.240580,1789615974.241,5244
c2_c925_20260916_222958.mp4,2026-09-16T22:32:54.270351,1789615974.270,5245
c2_c925_20260916_222958.mp4,2026-09-16T22:32:54.304178,1789615974.304,5246
c2_c925_20260916_222958.mp4,2026-09-16T22:32:54.337731,1789615974.338,5247
c2_c925_20260916_222958.mp4,2026-09-16T22:32:54.367825,1789615974.368,5248
c2_c925_20260916_222958.mp4,2026-09-16T22:32:54.398646,1789615974.399,5249
c2_c925_20260916_222958.mp4,2026-09-16T22:32:54.434899,1789615974.435,5250
c2_c925_20260916_222958.mp4,2026-09-16T22:32:54.465686,1789615974.466,5251
c2_c925_20260916_222958.mp4,2026-09-16T22:32:54.499196,1789615974.499,5252
c2_c925_20260916_222958.mp4,2026-09-16T22:32:54.538438,1789615974.538,5253
c2_c925_20260916_222958.mp4,2026-09-16T22:32:54.569678,1789615974.570,5254
c2_c925_20260916_222958.mp4,2026-09-16T22:32:54.603646,1789615974.604,5255
c2_c925_20260916_222958.mp4,2026-09-16T22:32:54.642315,1789615974.642,5256
c2_c925_20260916_222958.mp4,2026-09-16T22:32:54.671583,1789615974.672,5257
c2_c925_20260916_222958.mp4,2026-09-16T22:32:54.703068,1789615974.703,5258
c2_c925_20260916_222958.mp4,2026-09-16T22:32:54.740619,1789615974.741,5259
c2_c925_20260916_222958.mp4,2026-09-16T22:32:54.771116,1789615974.771,5260
c2_c925_20260916_222958.mp4,2026-09-16T22:32:54.802871,1789615974.803,5261
c2_c925_20260916_222958.mp4,2026-09-16T22:32:54.841090,1789615974.841,5262
c2_c925_20260916_222958.mp4,2026-09-16T22:32:54.870792,1789615974.871,5263
c2_c925_20260916_222958.mp4,2026-09-16T22:32:54.902207,1789615974.902,5264
c2_c925_20260916_222958.mp4,2026-09-16T22:32:54.938147,1789615974.938,5265
c2_c925_20260916_222958.mp4,2026-09-16T22:32:54.968981,1789615974.969,5266
c2_c925_20260916_222958.mp4,2026-09-16T22:32:55.001576,1789615975.002,5267
c2_c925_20260916_222958.mp4,2026-09-16T22:32:55.035201,1789615975.035,5268
c2_c925_20260916_222958.mp4,2026-09-16T22:32:55.066984,1789615975.067,5269
c2_c925_20260916_222958.mp4,2026-09-16T22:32:55.099141,1789615975.099,5270
c2_c925_20260916_222958.mp4,2026-09-16T22:32:55.139835,1789615975.140,5271
c2_c925_20260916_222958.mp4,2026-09-16T22:32:55.171391,1789615975.171,5272
c2_c925_20260916_222958.mp4,2026-09-16T22:32:55.203383,1789615975.203,5273
c2_c925_20260916_222958.mp4,2026-09-16T22:32:55.239768,1789615975.240,5274
c2_c925_20260916_222958.mp4,2026-09-16T22:32:55.272273,1789615975.272,5275
c2_c925_20260916_222958.mp4,2026-09-16T22:32:55.303960,1789615975.304,5276
c2_c925_20260916_222958.mp4,2026-09-16T22:32:55.340593,1789615975.341,5277
c2_c925_20260916_222958.mp4,2026-09-16T22:32:55.371850,1789615975.372,5278
c2_c925_20260916_222958.mp4,2026-09-16T22:32:55.399522,1789615975.400,5279
c2_c925_20260916_222958.mp4,2026-09-16T22:32:55.435873,1789615975.436,5280
c2_c925_20260916_222958.mp4,2026-09-16T22:32:55.466459,1789615975.466,5281
c2_c925_20260916_222958.mp4,2026-09-16T22:32:55.499826,1789615975.500,5282
c2_c925_20260916_222958.mp4,2026-09-16T22:32:55.536604,1789615975.537,5283
c2_c925_20260916_222958.mp4,2026-09-16T22:32:55.570481,1789615975.570,5284
c2_c925_20260916_222958.mp4,2026-09-16T22:32:55.602182,1789615975.602,5285
c2_c925_20260916_222958.mp4,2026-09-16T22:32:55.638684,1789615975.639,5286
c2_c925_20260916_222958.mp4,2026-09-16T22:32:55.673027,1789615975.673,5287
c2_c925_20260916_222958.mp4,2026-09-16T22:32:55.700339,1789615975.700,5288
c2_c925_20260916_222958.mp4,2026-09-16T22:32:55.739713,1789615975.740,5289
c2_c925_20260916_222958.mp4,2026-09-16T22:32:55.770660,1789615975.771,5290
c2_c925_20260916_222958.mp4,2026-09-16T22:32:55.803661,1789615975.804,5291
c2_c925_20260916_222958.mp4,2026-09-16T22:32:55.840173,1789615975.840,5292
c2_c925_20260916_222958.mp4,2026-09-16T22:32:55.872407,1789615975.872,5293
c2_c925_20260916_222958.mp4,2026-09-16T22:32:55.902617,1789615975.903,5294
c2_c925_20260916_222958.mp4,2026-09-16T22:32:55.938220,1789615975.938,5295
c2_c925_20260916_222958.mp4,2026-09-16T22:32:55.971157,1789615975.971,5296
c2_c925_20260916_222958.mp4,2026-09-16T22:32:56.001978,1789615976.002,5297
c2_c925_20260916_222958.mp4,2026-09-16T22:32:56.037021,1789615976.037,5298
c2_c925_20260916_222958.mp4,2026-09-16T22:32:56.069767,1789615976.070,5299
c2_c925_20260916_222958.mp4,2026-09-16T22:32:56.102983,1789615976.103,5300
c2_c925_20260916_222958.mp4,2026-09-16T22:32:56.139265,1789615976.139,5301
c2_c925_20260916_222958.mp4,2026-09-16T22:32:56.172254,1789615976.172,5302
c2_c925_20260916_222958.mp4,2026-09-16T22:32:56.203143,1789615976.203,5303
c2_c925_20260916_222958.mp4,2026-09-16T22:32:56.238653,1789615976.239,5304
c2_c925_20260916_222958.mp4,2026-09-16T22:32:56.265642,1789615976.266,5305
c2_c925_20260916_222958.mp4,2026-09-16T22:32:56.298909,1789615976.299,5306
c2_c925_20260916_222958.mp4,2026-09-16T22:32:56.339358,1789615976.339,5307
c2_c925_20260916_222958.mp4,2026-09-16T22:32:56.371838,1789615976.372,5308
c2_c925_20260916_222958.mp4,2026-09-16T22:32:56.400914,1789615976.401,5309
c2_c925_20260916_222958.mp4,2026-09-16T22:32:56.437935,1789615976.438,5310
c2_c925_20260916_222958.mp4,2026-09-16T22:32:56.468555,1789615976.469,5311
c2_c925_20260916_222958.mp4,2026-09-16T22:32:56.498233,1789615976.498,5312
c2_c925_20260916_222958.mp4,2026-09-16T22:32:56.534740,1789615976.535,5313
c2_c925_20260916_222958.mp4,2026-09-16T22:32:56.568800,1789615976.569,5314
c2_c925_20260916_222958.mp4,2026-09-16T22:32:56.601902,1789615976.602,5315
c2_c925_20260916_222958.mp4,2026-09-16T22:32:56.637299,1789615976.637,5316
c2_c925_20260916_222958.mp4,2026-09-16T22:32:56.671173,1789615976.671,5317
c2_c925_20260916_222958.mp4,2026-09-16T22:32:56.702524,1789615976.703,5318
c2_c925_20260916_222958.mp4,2026-09-16T22:32:56.740569,1789615976.741,5319
c2_c925_20260916_222958.mp4,2026-09-16T22:32:56.769141,1789615976.769,5320
c2_c925_20260916_222958.mp4,2026-09-16T22:32:56.804252,1789615976.804,5321
c2_c925_20260916_222958.mp4,2026-09-16T22:32:56.833936,1789615976.834,5322
c2_c925_20260916_222958.mp4,2026-09-16T22:32:56.865723,1789615976.866,5323
c2_c925_20260916_222958.mp4,2026-09-16T22:32:56.899212,1789615976.899,5324
c2_c925_20260916_222958.mp4,2026-09-16T22:32:56.940479,1789615976.940,5325
c2_c925_20260916_222958.mp4,2026-09-16T22:32:56.970518,1789615976.971,5326
c2_c925_20260916_222958.mp4,2026-09-16T22:32:57.001445,1789615977.001,5327
c2_c925_20260916_222958.mp4,2026-09-16T22:32:57.036506,1789615977.037,5328
c2_c925_20260916_222958.mp4,2026-09-16T22:32:57.069845,1789615977.070,5329
c2_c925_20260916_222958.mp4,2026-09-16T22:32:57.104414,1789615977.104,5330
c2_c925_20260916_222958.mp4,2026-09-16T22:32:57.137293,1789615977.137,5331
c2_c925_20260916_222958.mp4,2026-09-16T22:32:57.171600,1789615977.172,5332
c2_c925_20260916_222958.mp4,2026-09-16T22:32:57.203199,1789615977.203,5333
c2_c925_20260916_222958.mp4,2026-09-16T22:32:57.241148,1789615977.241,5334
c2_c925_20260916_222958.mp4,2026-09-16T22:32:57.272494,1789615977.273,5335
c2_c925_20260916_222958.mp4,2026-09-16T22:32:57.303376,1789615977.303,5336
c2_c925_20260916_222958.mp4,2026-09-16T22:32:57.340659,1789615977.341,5337
c2_c925_20260916_222958.mp4,2026-09-16T22:32:57.371973,1789615977.372,5338
c2_c925_20260916_222958.mp4,2026-09-16T22:32:57.401171,1789615977.401,5339
c2_c925_20260916_222958.mp4,2026-09-16T22:32:57.433643,1789615977.434,5340
c2_c925_20260916_222958.mp4,2026-09-16T22:32:57.465737,1789615977.466,5341
c2_c925_20260916_222958.mp4,2026-09-16T22:32:57.500932,1789615977.501,5342
c2_c925_20260916_222958.mp4,2026-09-16T22:32:57.538520,1789615977.539,5343
c2_c925_20260916_222958.mp4,2026-09-16T22:32:57.569533,1789615977.570,5344
c2_c925_20260916_222958.mp4,2026-09-16T22:32:57.601946,1789615977.602,5345
c2_c925_20260916_222958.mp4,2026-09-16T22:32:57.638070,1789615977.638,5346
c2_c925_20260916_222958.mp4,2026-09-16T22:32:57.671368,1789615977.671,5347
c2_c925_20260916_222958.mp4,2026-09-16T22:32:57.703600,1789615977.704,5348
c2_c925_20260916_222958.mp4,2026-09-16T22:32:57.741184,1789615977.741,5349
c2_c925_20260916_222958.mp4,2026-09-16T22:32:57.770316,1789615977.770,5350
c2_c925_20260916_222958.mp4,2026-09-16T22:32:57.804462,1789615977.804,5351
c2_c925_20260916_222958.mp4,2026-09-16T22:32:57.842762,1789615977.843,5352
c2_c925_20260916_222958.mp4,2026-09-16T22:32:57.870589,1789615977.871,5353
c2_c925_20260916_222958.mp4,2026-09-16T22:32:57.904534,1789615977.905,5354
c2_c925_20260916_222958.mp4,2026-09-16T22:32:57.940762,1789615977.941,5355
c2_c925_20260916_222958.mp4,2026-09-16T22:32:57.972599,1789615977.973,5356
c2_c925_20260916_222958.mp4,2026-09-16T22:32:57.998326,1789615977.998,5357
c2_c925_20260916_222958.mp4,2026-09-16T22:32:58.037338,1789615978.037,5358
c2_c925_20260916_222958.mp4,2026-09-16T22:32:58.065678,1789615978.066,5359
c2_c925_20260916_222958.mp4,2026-09-16T22:32:58.102157,1789615978.102,5360
c2_c925_20260916_222958.mp4,2026-09-16T22:32:58.137568,1789615978.138,5361
c2_c925_20260916_222958.mp4,2026-09-16T22:32:58.170970,1789615978.171,5362
c2_c925_20260916_222958.mp4,2026-09-16T22:32:58.203530,1789615978.204,5363
c2_c925_20260916_222958.mp4,2026-09-16T22:32:58.239496,1789615978.240,5364
c2_c925_20260916_222958.mp4,2026-09-16T22:32:58.270727,1789615978.271,5365
c2_c925_20260916_222958.mp4,2026-09-16T22:32:58.304054,1789615978.304,5366
c2_c925_20260916_222958.mp4,2026-09-16T22:32:58.339658,1789615978.340,5367
c2_c925_20260916_222958.mp4,2026-09-16T22:32:58.373040,1789615978.373,5368
c2_c925_20260916_222958.mp4,2026-09-16T22:32:58.403392,1789615978.403,5369
c2_c925_20260916_222958.mp4,2026-09-16T22:32:58.439706,1789615978.440,5370
c2_c925_20260916_222958.mp4,2026-09-16T22:32:58.472277,1789615978.472,5371
c2_c925_20260916_222958.mp4,2026-09-16T22:32:58.502744,1789615978.503,5372
c2_c925_20260916_222958.mp4,2026-09-16T22:32:58.538223,1789615978.538,5373
c2_c925_20260916_222958.mp4,2026-09-16T22:32:58.569335,1789615978.569,5374
c2_c925_20260916_222958.mp4,2026-09-16T22:32:58.597630,1789615978.598,5375
c2_c925_20260916_222958.mp4,2026-09-16T22:32:58.634187,1789615978.634,5376
c2_c925_20260916_222958.mp4,2026-09-16T22:32:58.670306,1789615978.670,5377
c2_c925_20260916_222958.mp4,2026-09-16T22:32:58.702759,1789615978.703,5378
c2_c925_20260916_222958.mp4,2026-09-16T22:32:58.737283,1789615978.737,5379
c2_c925_20260916_222958.mp4,2026-09-16T22:32:58.770697,1789615978.771,5380
c2_c925_20260916_222958.mp4,2026-09-16T22:32:58.804332,1789615978.804,5381
c2_c925_20260916_222958.mp4,2026-09-16T22:32:58.840720,1789615978.841,5382
c2_c925_20260916_222958.mp4,2026-09-16T22:32:58.872716,1789615978.873,5383
c2_c925_20260916_222958.mp4,2026-09-16T22:32:58.904108,1789615978.904,5384
c2_c925_20260916_222958.mp4,2026-09-16T22:32:58.940140,1789615978.940,5385
c2_c925_20260916_222958.mp4,2026-09-16T22:32:58.971691,1789615978.972,5386
c2_c925_20260916_222958.mp4,2026-09-16T22:32:58.997822,1789615978.998,5387
c2_c925_20260916_222958.mp4,2026-09-16T22:32:59.035520,1789615979.036,5388
c2_c925_20260916_222958.mp4,2026-09-16T22:32:59.070125,1789615979.070,5389
c2_c925_20260916_222958.mp4,2026-09-16T22:32:59.098642,1789615979.099,5390
c2_c925_20260916_222958.mp4,2026-09-16T22:32:59.138555,1789615979.139,5391
c2_c925_20260916_222958.mp4,2026-09-16T22:32:59.166044,1789615979.166,5392
c2_c925_20260916_222958.mp4,2026-09-16T22:32:59.200450,1789615979.200,5393
c2_c925_20260916_222958.mp4,2026-09-16T22:32:59.233988,1789615979.234,5394
c2_c925_20260916_222958.mp4,2026-09-16T22:32:59.272138,1789615979.272,5395
c2_c925_20260916_222958.mp4,2026-09-16T22:32:59.297837,1789615979.298,5396
c2_c925_20260916_222958.mp4,2026-09-16T22:32:59.335289,1789615979.335,5397
c2_c925_20260916_222958.mp4,2026-09-16T22:32:59.371702,1789615979.372,5398
c2_c925_20260916_222958.mp4,2026-09-16T22:32:59.403329,1789615979.403,5399
c2_c925_20260916_222958.mp4,2026-09-16T22:32:59.438116,1789615979.438,5400
c2_c925_20260916_222958.mp4,2026-09-16T22:32:59.470920,1789615979.471,5401
c2_c925_20260916_222958.mp4,2026-09-16T22:32:59.502075,1789615979.502,5402
c2_c925_20260916_222958.mp4,2026-09-16T22:32:59.537237,1789615979.537,5403
c2_c925_20260916_222958.mp4,2026-09-16T22:32:59.567487,1789615979.568,5404
c2_c925_20260916_222958.mp4,2026-09-16T22:32:59.598491,1789615979.598,5405
c2_c925_20260916_222958.mp4,2026-09-16T22:32:59.635196,1789615979.635,5406
c2_c925_20260916_222958.mp4,2026-09-16T22:32:59.669994,1789615979.670,5407
c2_c925_20260916_222958.mp4,2026-09-16T22:32:59.703076,1789615979.703,5408
c2_c925_20260916_222958.mp4,2026-09-16T22:32:59.738736,1789615979.739,5409
c2_c925_20260916_222958.mp4,2026-09-16T22:32:59.769586,1789615979.770,5410
c2_c925_20260916_222958.mp4,2026-09-16T22:32:59.801972,1789615979.802,5411
c2_c925_20260916_222958.mp4,2026-09-16T22:32:59.836111,1789615979.836,5412
c2_c925_20260916_222958.mp4,2026-09-16T22:32:59.868574,1789615979.869,5413
c2_c925_20260916_222958.mp4,2026-09-16T22:32:59.904422,1789615979.904,5414
c2_c925_20260916_222958.mp4,2026-09-16T22:32:59.940651,1789615979.941,5415
c2_c925_20260916_222958.mp4,2026-09-16T22:32:59.970914,1789615979.971,5416
c2_c925_20260916_222958.mp4,2026-09-16T22:33:00.004599,1789615980.005,5417
c2_c925_20260916_222958.mp4,2026-09-16T22:33:00.036808,1789615980.037,5418
c2_c925_20260916_222958.mp4,2026-09-16T22:33:00.066405,1789615980.066,5419
c2_c925_20260916_222958.mp4,2026-09-16T22:33:00.097983,1789615980.098,5420
c2_c925_20260916_222958.mp4,2026-09-16T22:33:00.135314,1789615980.135,5421
c2_c925_20260916_222958.mp4,2026-09-16T22:33:00.168856,1789615980.169,5422
c2_c925_20260916_222958.mp4,2026-09-16T22:33:00.201681,1789615980.202,5423
c2_c925_20260916_222958.mp4,2026-09-16T22:33:00.233748,1789615980.234,5424
c2_c925_20260916_222958.mp4,2026-09-16T22:33:00.271370,1789615980.271,5425
c2_c925_20260916_222958.mp4,2026-09-16T22:33:00.304384,1789615980.304,5426
c2_c925_20260916_222958.mp4,2026-09-16T22:33:00.340019,1789615980.340,5427
c2_c925_20260916_222958.mp4,2026-09-16T22:33:00.371363,1789615980.371,5428
c2_c925_20260916_222958.mp4,2026-09-16T22:33:00.399800,1789615980.400,5429
c2_c925_20260916_222958.mp4,2026-09-16T22:33:00.436188,1789615980.436,5430
c2_c925_20260916_222958.mp4,2026-09-16T22:33:00.466538,1789615980.467,5431
c2_c925_20260916_222958.mp4,2026-09-16T22:33:00.498222,1789615980.498,5432
c2_c925_20260916_222958.mp4,2026-09-16T22:33:00.538913,1789615980.539,5433
c2_c925_20260916_222958.mp4,2026-09-16T22:33:00.571602,1789615980.572,5434
c2_c925_20260916_222958.mp4,2026-09-16T22:33:00.602503,1789615980.603,5435
c2_c925_20260916_222958.mp4,2026-09-16T22:33:00.637883,1789615980.638,5436
c2_c925_20260916_222958.mp4,2026-09-16T22:33:00.669484,1789615980.670,5437
c2_c925_20260916_222958.mp4,2026-09-16T22:33:00.701718,1789615980.702,5438
c2_c925_20260916_222958.mp4,2026-09-16T22:33:00.737745,1789615980.738,5439
c2_c925_20260916_222958.mp4,2026-09-16T22:33:00.770772,1789615980.771,5440
c2_c925_20260916_222958.mp4,2026-09-16T22:33:00.804704,1789615980.805,5441
c2_c925_20260916_222958.mp4,2026-09-16T22:33:00.840663,1789615980.841,5442
c2_c925_20260916_222958.mp4,2026-09-16T22:33:00.872841,1789615980.873,5443
c2_c925_20260916_222958.mp4,2026-09-16T22:33:00.904214,1789615980.904,5444
c2_c925_20260916_222958.mp4,2026-09-16T22:33:00.940227,1789615980.940,5445
c2_c925_20260916_222958.mp4,2026-09-16T22:33:00.969965,1789615980.970,5446
c2_c925_20260916_222958.mp4,2026-09-16T22:33:00.998690,1789615980.999,5447
c2_c925_20260916_222958.mp4,2026-09-16T22:33:01.034755,1789615981.035,5448
c2_c925_20260916_222958.mp4,2026-09-16T22:33:01.069330,1789615981.069,5449
c2_c925_20260916_222958.mp4,2026-09-16T22:33:01.102045,1789615981.102,5450
c2_c925_20260916_222958.mp4,2026-09-16T22:33:01.137668,1789615981.138,5451
c2_c925_20260916_222958.mp4,2026-09-16T22:33:01.169570,1789615981.170,5452
c2_c925_20260916_222958.mp4,2026-09-16T22:33:01.201742,1789615981.202,5453
c2_c925_20260916_222958.mp4,2026-09-16T22:33:01.237438,1789615981.237,5454
c2_c925_20260916_222958.mp4,2026-09-16T22:33:01.271259,1789615981.271,5455
c2_c925_20260916_222958.mp4,2026-09-16T22:33:01.303151,1789615981.303,5456
c2_c925_20260916_222958.mp4,2026-09-16T22:33:01.340323,1789615981.340,5457
c2_c925_20260916_222958.mp4,2026-09-16T22:33:01.371655,1789615981.372,5458
c2_c925_20260916_222958.mp4,2026-09-16T22:33:01.404238,1789615981.404,5459
c2_c925_20260916_222958.mp4,2026-09-16T22:33:01.440690,1789615981.441,5460
c2_c925_20260916_222958.mp4,2026-09-16T22:33:01.472123,1789615981.472,5461
c2_c925_20260916_222958.mp4,2026-09-16T22:33:01.504188,1789615981.504,5462
c2_c925_20260916_222958.mp4,2026-09-16T22:33:01.540773,1789615981.541,5463
c2_c925_20260916_222958.mp4,2026-09-16T22:33:01.572119,1789615981.572,5464
c2_c925_20260916_222958.mp4,2026-09-16T22:33:01.598301,1789615981.598,5465
c2_c925_20260916_222958.mp4,2026-09-16T22:33:01.635729,1789615981.636,5466
c2_c925_20260916_222958.mp4,2026-09-16T22:33:01.669121,1789615981.669,5467
c2_c925_20260916_222958.mp4,2026-09-16T22:33:01.700485,1789615981.700,5468
c2_c925_20260916_222958.mp4,2026-09-16T22:33:01.736922,1789615981.737,5469
c2_c925_20260916_222958.mp4,2026-09-16T22:33:01.767388,1789615981.767,5470
c2_c925_20260916_222958.mp4,2026-09-16T22:33:01.800428,1789615981.800,5471
c2_c925_20260916_222958.mp4,2026-09-16T22:33:01.834450,1789615981.834,5472
c2_c925_20260916_222958.mp4,2026-09-16T22:33:01.865762,1789615981.866,5473
c2_c925_20260916_222958.mp4,2026-09-16T22:33:01.897765,1789615981.898,5474
c2_c925_20260916_222958.mp4,2026-09-16T22:33:01.936020,1789615981.936,5475
c2_c925_20260916_222958.mp4,2026-09-16T22:33:01.967561,1789615981.968,5476
c2_c925_20260916_222958.mp4,2026-09-16T22:33:01.997732,1789615981.998,5477
c2_c925_20260916_222958.mp4,2026-09-16T22:33:02.039602,1789615982.040,5478
c2_c925_20260916_222958.mp4,2026-09-16T22:33:02.071922,1789615982.072,5479
c2_c925_20260916_222958.mp4,2026-09-16T22:33:02.103706,1789615982.104,5480
c2_c925_20260916_222958.mp4,2026-09-16T22:33:02.139229,1789615982.139,5481
c2_c925_20260916_222958.mp4,2026-09-16T22:33:02.170508,1789615982.171,5482
c2_c925_20260916_222958.mp4,2026-09-16T22:33:02.198205,1789615982.198,5483
c2_c925_20260916_222958.mp4,2026-09-16T22:33:02.234090,1789615982.234,5484
c2_c925_20260916_222958.mp4,2026-09-16T22:33:02.267418,1789615982.267,5485
c2_c925_20260916_222958.mp4,2026-09-16T22:33:02.302471,1789615982.302,5486
c2_c925_20260916_222958.mp4,2026-09-16T22:33:02.336391,1789615982.336,5487
c2_c925_20260916_222958.mp4,2026-09-16T22:33:02.372696,1789615982.373,5488
c2_c925_20260916_222958.mp4,2026-09-16T22:33:02.404078,1789615982.404,5489
c2_c925_20260916_222958.mp4,2026-09-16T22:33:02.438519,1789615982.439,5490
c2_c925_20260916_222958.mp4,2026-09-16T22:33:02.473261,1789615982.473,5491
c2_c925_20260916_222958.mp4,2026-09-16T22:33:02.502229,1789615982.502,5492
c2_c925_20260916_222958.mp4,2026-09-16T22:33:02.538350,1789615982.538,5493
c2_c925_20260916_222958.mp4,2026-09-16T22:33:02.572748,1789615982.573,5494
c2_c925_20260916_222958.mp4,2026-09-16T22:33:02.603857,1789615982.604,5495
c2_c925_20260916_222958.mp4,2026-09-16T22:33:02.640081,1789615982.640,5496
c2_c925_20260916_222958.mp4,2026-09-16T22:33:02.671208,1789615982.671,5497
c2_c925_20260916_222958.mp4,2026-09-16T22:33:02.701209,1789615982.701,5498
c2_c925_20260916_222958.mp4,2026-09-16T22:33:02.735126,1789615982.735,5499
c2_c925_20260916_222958.mp4,2026-09-16T22:33:02.769973,1789615982.770,5500
c2_c925_20260916_222958.mp4,2026-09-16T22:33:02.797646,1789615982.798,5501
c2_c925_20260916_222958.mp4,2026-09-16T22:33:02.833606,1789615982.834,5502
c2_c925_20260916_222958.mp4,2026-09-16T22:33:02.871039,1789615982.871,5503
c2_c925_20260916_222958.mp4,2026-09-16T22:33:02.904685,1789615982.905,5504
c2_c925_20260916_222958.mp4,2026-09-16T22:33:02.940202,1789615982.940,5505
c2_c925_20260916_222958.mp4,2026-09-16T22:33:02.972736,1789615982.973,5506
c2_c925_20260916_222958.mp4,2026-09-16T22:33:03.003709,1789615983.004,5507
c2_c925_20260916_222958.mp4,2026-09-16T22:33:03.038146,1789615983.038,5508
c2_c925_20260916_222958.mp4,2026-09-16T22:33:03.072192,1789615983.072,5509
c2_c925_20260916_222958.mp4,2026-09-16T22:33:03.103597,1789615983.104,5510
c2_c925_20260916_222958.mp4,2026-09-16T22:33:03.138128,1789615983.138,5511
c2_c925_20260916_222958.mp4,2026-09-16T22:33:03.168535,1789615983.169,5512
c2_c925_20260916_222958.mp4,2026-09-16T22:33:03.199479,1789615983.199,5513
c2_c925_20260916_222958.mp4,2026-09-16T22:33:03.236770,1789615983.237,5514
c2_c925_20260916_222958.mp4,2026-09-16T22:33:03.268718,1789615983.269,5515
c2_c925_20260916_222958.mp4,2026-09-16T22:33:03.301709,1789615983.302,5516
c2_c925_20260916_222958.mp4,2026-09-16T22:33:03.337922,1789615983.338,5517
c2_c925_20260916_222958.mp4,2026-09-16T22:33:03.370107,1789615983.370,5518
c2_c925_20260916_222958.mp4,2026-09-16T22:33:03.400166,1789615983.400,5519
c2_c925_20260916_222958.mp4,2026-09-16T22:33:03.437029,1789615983.437,5520
c2_c925_20260916_222958.mp4,2026-09-16T22:33:03.467393,1789615983.467,5521
c2_c925_20260916_222958.mp4,2026-09-16T22:33:03.504215,1789615983.504,5522
c2_c925_20260916_222958.mp4,2026-09-16T22:33:03.540228,1789615983.540,5523
c2_c925_20260916_222958.mp4,2026-09-16T22:33:03.569341,1789615983.569,5524
c2_c925_20260916_222958.mp4,2026-09-16T22:33:03.603990,1789615983.604,5525
c2_c925_20260916_222958.mp4,2026-09-16T22:33:03.639534,1789615983.640,5526
c2_c925_20260916_222958.mp4,2026-09-16T22:33:03.671972,1789615983.672,5527
c2_c925_20260916_222958.mp4,2026-09-16T22:33:03.703014,1789615983.703,5528
c2_c925_20260916_222958.mp4,2026-09-16T22:33:03.738073,1789615983.738,5529
c2_c925_20260916_222958.mp4,2026-09-16T22:33:03.766085,1789615983.766,5530
c2_c925_20260916_222958.mp4,2026-09-16T22:33:03.799670,1789615983.800,5531
c2_c925_20260916_222958.mp4,2026-09-16T22:33:03.837412,1789615983.837,5532
c2_c925_20260916_222958.mp4,2026-09-16T22:33:03.870864,1789615983.871,5533
c2_c925_20260916_222958.mp4,2026-09-16T22:33:03.902813,1789615983.903,5534
c2_c925_20260916_222958.mp4,2026-09-16T22:33:03.940293,1789615983.940,5535
c2_c925_20260916_222958.mp4,2026-09-16T22:33:03.972227,1789615983.972,5536
c2_c925_20260916_222958.mp4,2026-09-16T22:33:03.999177,1789615983.999,5537
c2_c925_20260916_222958.mp4,2026-09-16T22:33:04.033809,1789615984.034,5538
c2_c925_20260916_222958.mp4,2026-09-16T22:33:04.065787,1789615984.066,5539
c2_c925_20260916_222958.mp4,2026-09-16T22:33:04.097735,1789615984.098,5540
c2_c925_20260916_222958.mp4,2026-09-16T22:33:04.133518,1789615984.134,5541
c2_c925_20260916_222958.mp4,2026-09-16T22:33:04.170655,1789615984.171,5542
c2_c925_20260916_222958.mp4,2026-09-16T22:33:04.202069,1789615984.202,5543
c2_c925_20260916_222958.mp4,2026-09-16T22:33:04.237739,1789615984.238,5544
c2_c925_20260916_222958.mp4,2026-09-16T22:33:04.267774,1789615984.268,5545
c2_c925_20260916_222958.mp4,2026-09-16T22:33:04.301203,1789615984.301,5546
c2_c925_20260916_222958.mp4,2026-09-16T22:33:04.335994,1789615984.336,5547
c2_c925_20260916_222958.mp4,2026-09-16T22:33:04.370377,1789615984.370,5548
c2_c925_20260916_222958.mp4,2026-09-16T22:33:04.403479,1789615984.403,5549
c2_c925_20260916_222958.mp4,2026-09-16T22:33:04.439447,1789615984.439,5550
c2_c925_20260916_222958.mp4,2026-09-16T22:33:04.472228,1789615984.472,5551
c2_c925_20260916_222958.mp4,2026-09-16T22:33:04.503317,1789615984.503,5552
c2_c925_20260916_222958.mp4,2026-09-16T22:33:04.540225,1789615984.540,5553
c2_c925_20260916_222958.mp4,2026-09-16T22:33:04.569181,1789615984.569,5554
c2_c925_20260916_222958.mp4,2026-09-16T22:33:04.599469,1789615984.599,5555
c2_c925_20260916_222958.mp4,2026-09-16T22:33:04.634293,1789615984.634,5556
c2_c925_20260916_222958.mp4,2026-09-16T22:33:04.671621,1789615984.672,5557
c2_c925_20260916_222958.mp4,2026-09-16T22:33:04.698548,1789615984.699,5558
c2_c925_20260916_222958.mp4,2026-09-16T22:33:04.736225,1789615984.736,5559
c2_c925_20260916_222958.mp4,2026-09-16T22:33:04.766909,1789615984.767,5560
c2_c925_20260916_222958.mp4,2026-09-16T22:33:04.800144,1789615984.800,5561
c2_c925_20260916_222958.mp4,2026-09-16T22:33:04.835584,1789615984.836,5562
c2_c925_20260916_222958.mp4,2026-09-16T22:33:04.869807,1789615984.870,5563
c2_c925_20260916_222958.mp4,2026-09-16T22:33:04.902991,1789615984.903,5564
c2_c925_20260916_222958.mp4,2026-09-16T22:33:04.938810,1789615984.939,5565
c2_c925_20260916_222958.mp4,2026-09-16T22:33:04.971651,1789615984.972,5566
c2_c925_20260916_222958.mp4,2026-09-16T22:33:05.003775,1789615985.004,5567
c2_c925_20260916_222958.mp4,2026-09-16T22:33:05.041013,1789615985.041,5568
c2_c925_20260916_222958.mp4,2026-09-16T22:33:05.072511,1789615985.073,5569
c2_c925_20260916_222958.mp4,2026-09-16T22:33:05.104348,1789615985.104,5570
c2_c925_20260916_222958.mp4,2026-09-16T22:33:05.138162,1789615985.138,5571
c2_c925_20260916_222958.mp4,2026-09-16T22:33:05.168130,1789615985.168,5572
c2_c925_20260916_222958.mp4,2026-09-16T22:33:05.201402,1789615985.201,5573
c2_c925_20260916_222958.mp4,2026-09-16T22:33:05.238110,1789615985.238,5574
c2_c925_20260916_222958.mp4,2026-09-16T22:33:05.268675,1789615985.269,5575
c2_c925_20260916_222958.mp4,2026-09-16T22:33:05.301901,1789615985.302,5576
c2_c925_20260916_222958.mp4,2026-09-16T22:33:05.337040,1789615985.337,5577
c2_c925_20260916_222958.mp4,2026-09-16T22:33:05.369320,1789615985.369,5578
c2_c925_20260916_222958.mp4,2026-09-16T22:33:05.403157,1789615985.403,5579
c2_c925_20260916_222958.mp4,2026-09-16T22:33:05.439427,1789615985.439,5580
c2_c925_20260916_222958.mp4,2026-09-16T22:33:05.472579,1789615985.473,5581
c2_c925_20260916_222958.mp4,2026-09-16T22:33:05.504748,1789615985.505,5582
c2_c925_20260916_222958.mp4,2026-09-16T22:33:05.540724,1789615985.541,5583
c2_c925_20260916_222958.mp4,2026-09-16T22:33:05.570844,1789615985.571,5584
c2_c925_20260916_222958.mp4,2026-09-16T22:33:05.604135,1789615985.604,5585
c2_c925_20260916_222958.mp4,2026-09-16T22:33:05.640710,1789615985.641,5586
c2_c925_20260916_222958.mp4,2026-09-16T22:33:05.672016,1789615985.672,5587
c2_c925_20260916_222958.mp4,2026-09-16T22:33:05.700677,1789615985.701,5588
c2_c925_20260916_222958.mp4,2026-09-16T22:33:05.739339,1789615985.739,5589
c2_c925_20260916_222958.mp4,2026-09-16T22:33:05.769973,1789615985.770,5590
c2_c925_20260916_222958.mp4,2026-09-16T22:33:05.798816,1789615985.799,5591
c2_c925_20260916_222958.mp4,2026-09-16T22:33:05.836516,1789615985.837,5592
c2_c925_20260916_222958.mp4,2026-09-16T22:33:05.866277,1789615985.866,5593
c2_c925_20260916_222958.mp4,2026-09-16T22:33:05.903059,1789615985.903,5594
c2_c925_20260916_222958.mp4,2026-09-16T22:33:05.937996,1789615985.938,5595
c2_c925_20260916_222958.mp4,2026-09-16T22:33:05.972595,1789615985.973,5596
c2_c925_20260916_222958.mp4,2026-09-16T22:33:06.004027,1789615986.004,5597
c2_c925_20260916_222958.mp4,2026-09-16T22:33:06.040376,1789615986.040,5598
c2_c925_20260916_222958.mp4,2026-09-16T22:33:06.072153,1789615986.072,5599
c2_c925_20260916_222958.mp4,2026-09-16T22:33:06.104368,1789615986.104,5600
c2_c925_20260916_222958.mp4,2026-09-16T22:33:06.139301,1789615986.139,5601
c2_c925_20260916_222958.mp4,2026-09-16T22:33:06.170790,1789615986.171,5602
c2_c925_20260916_222958.mp4,2026-09-16T22:33:06.201682,1789615986.202,5603
c2_c925_20260916_222958.mp4,2026-09-16T22:33:06.237495,1789615986.238,5604
c2_c925_20260916_222958.mp4,2026-09-16T22:33:06.268221,1789615986.268,5605
c2_c925_20260916_222958.mp4,2026-09-16T22:33:06.299115,1789615986.299,5606
c2_c925_20260916_222958.mp4,2026-09-16T22:33:06.334613,1789615986.335,5607
c2_c925_20260916_222958.mp4,2026-09-16T22:33:06.366807,1789615986.367,5608
c2_c925_20260916_222958.mp4,2026-09-16T22:33:06.400843,1789615986.401,5609
c2_c925_20260916_222958.mp4,2026-09-16T22:33:06.434004,1789615986.434,5610
c2_c925_20260916_222958.mp4,2026-09-16T22:33:06.466898,1789615986.467,5611
c2_c925_20260916_222958.mp4,2026-09-16T22:33:06.503684,1789615986.504,5612
c2_c925_20260916_222958.mp4,2026-09-16T22:33:06.540163,1789615986.540,5613
c2_c925_20260916_222958.mp4,2026-09-16T22:33:06.572833,1789615986.573,5614
c2_c925_20260916_222958.mp4,2026-09-16T22:33:06.604320,1789615986.604,5615
c2_c925_20260916_222958.mp4,2026-09-16T22:33:06.641329,1789615986.641,5616
c2_c925_20260916_222958.mp4,2026-09-16T22:33:06.671225,1789615986.671,5617
c2_c925_20260916_222958.mp4,2026-09-16T22:33:06.700767,1789615986.701,5618
c2_c925_20260916_222958.mp4,2026-09-16T22:33:06.737197,1789615986.737,5619
c2_c925_20260916_222958.mp4,2026-09-16T22:33:06.770035,1789615986.770,5620
c2_c925_20260916_222958.mp4,2026-09-16T22:33:06.800693,1789615986.801,5621
c2_c925_20260916_222958.mp4,2026-09-16T22:33:06.835380,1789615986.835,5622
c2_c925_20260916_222958.mp4,2026-09-16T22:33:06.866509,1789615986.867,5623
c2_c925_20260916_222958.mp4,2026-09-16T22:33:06.900947,1789615986.901,5624
c2_c925_20260916_222958.mp4,2026-09-16T22:33:06.936646,1789615986.937,5625
c2_c925_20260916_222958.mp4,2026-09-16T22:33:06.971331,1789615986.971,5626
c2_c925_20260916_222958.mp4,2026-09-16T22:33:07.002226,1789615987.002,5627
c2_c925_20260916_222958.mp4,2026-09-16T22:33:07.038175,1789615987.038,5628
c2_c925_20260916_222958.mp4,2026-09-16T22:33:07.065895,1789615987.066,5629
c2_c925_20260916_222958.mp4,2026-09-16T22:33:07.104669,1789615987.105,5630
c2_c925_20260916_222958.mp4,2026-09-16T22:33:07.138851,1789615987.139,5631
c2_c925_20260916_222958.mp4,2026-09-16T22:33:07.172507,1789615987.173,5632
c2_c925_20260916_222958.mp4,2026-09-16T22:33:07.204117,1789615987.204,5633
c2_c925_20260916_222958.mp4,2026-09-16T22:33:07.237802,1789615987.238,5634
c2_c925_20260916_222958.mp4,2026-09-16T22:33:07.272209,1789615987.272,5635
c2_c925_20260916_222958.mp4,2026-09-16T22:33:07.298055,1789615987.298,5636
c2_c925_20260916_222958.mp4,2026-09-16T22:33:07.337756,1789615987.338,5637
c2_c925_20260916_222958.mp4,2026-09-16T22:33:07.369248,1789615987.369,5638
c2_c925_20260916_222958.mp4,2026-09-16T22:33:07.402422,1789615987.402,5639
c2_c925_20260916_222958.mp4,2026-09-16T22:33:07.437851,1789615987.438,5640
c2_c925_20260916_222958.mp4,2026-09-16T22:33:07.471859,1789615987.472,5641
c2_c925_20260916_222958.mp4,2026-09-16T22:33:07.503077,1789615987.503,5642
c2_c925_20260916_222958.mp4,2026-09-16T22:33:07.540146,1789615987.540,5643
c2_c925_20260916_222958.mp4,2026-09-16T22:33:07.565850,1789615987.566,5644
c2_c925_20260916_222958.mp4,2026-09-16T22:33:07.597746,1789615987.598,5645
c2_c925_20260916_222958.mp4,2026-09-16T22:33:07.633674,1789615987.634,5646
c2_c925_20260916_222958.mp4,2026-09-16T22:33:07.672461,1789615987.672,5647
c2_c925_20260916_222958.mp4,2026-09-16T22:33:07.700371,1789615987.700,5648
c2_c925_20260916_222958.mp4,2026-09-16T22:33:07.734313,1789615987.734,5649
c2_c925_20260916_222958.mp4,2026-09-16T22:33:07.766741,1789615987.767,5650
c2_c925_20260916_222958.mp4,2026-09-16T22:33:07.799833,1789615987.800,5651
c2_c925_20260916_222958.mp4,2026-09-16T22:33:07.835915,1789615987.836,5652
c2_c925_20260916_222958.mp4,2026-09-16T22:33:07.866735,1789615987.867,5653
c2_c925_20260916_222958.mp4,2026-09-16T22:33:07.902027,1789615987.902,5654
c2_c925_20260916_222958.mp4,2026-09-16T22:33:07.939230,1789615987.939,5655
c2_c925_20260916_222958.mp4,2026-09-16T22:33:07.970806,1789615987.971,5656
c2_c925_20260916_222958.mp4,2026-09-16T22:33:08.003146,1789615988.003,5657
c2_c925_20260916_222958.mp4,2026-09-16T22:33:08.037363,1789615988.037,5658
c2_c925_20260916_222958.mp4,2026-09-16T22:33:08.073507,1789615988.074,5659
c2_c925_20260916_222958.mp4,2026-09-16T22:33:08.102838,1789615988.103,5660
c2_c925_20260916_222958.mp4,2026-09-16T22:33:08.140062,1789615988.140,5661
c2_c925_20260916_222958.mp4,2026-09-16T22:33:08.167490,1789615988.168,5662
c2_c925_20260916_222958.mp4,2026-09-16T22:33:08.197714,1789615988.198,5663
c2_c925_20260916_222958.mp4,2026-09-16T22:33:08.234905,1789615988.235,5664
c2_c925_20260916_222958.mp4,2026-09-16T22:33:08.272304,1789615988.272,5665
c2_c925_20260916_222958.mp4,2026-09-16T22:33:08.303137,1789615988.303,5666
c2_c925_20260916_222958.mp4,2026-09-16T22:33:08.335774,1789615988.336,5667
c2_c925_20260916_222958.mp4,2026-09-16T22:33:08.368367,1789615988.368,5668
c2_c925_20260916_222958.mp4,2026-09-16T22:33:08.398918,1789615988.399,5669
c2_c925_20260916_222958.mp4,2026-09-16T22:33:08.434933,1789615988.435,5670
c2_c925_20260916_222958.mp4,2026-09-16T22:33:08.468120,1789615988.468,5671
c2_c925_20260916_222958.mp4,2026-09-16T22:33:08.502910,1789615988.503,5672
c2_c925_20260916_222958.mp4,2026-09-16T22:33:08.538441,1789615988.538,5673
c2_c925_20260916_222958.mp4,2026-09-16T22:33:08.572665,1789615988.573,5674
c2_c925_20260916_222958.mp4,2026-09-16T22:33:08.604309,1789615988.604,5675
c2_c925_20260916_222958.mp4,2026-09-16T22:33:08.640756,1789615988.641,5676
c2_c925_20260916_222958.mp4,2026-09-16T22:33:08.672511,1789615988.673,5677
c2_c925_20260916_222958.mp4,2026-09-16T22:33:08.704698,1789615988.705,5678
c2_c925_20260916_222958.mp4,2026-09-16T22:33:08.740740,1789615988.741,5679
c2_c925_20260916_222958.mp4,2026-09-16T22:33:08.769825,1789615988.770,5680
c2_c925_20260916_222958.mp4,2026-09-16T22:33:08.802215,1789615988.802,5681
c2_c925_20260916_222958.mp4,2026-09-16T22:33:08.835406,1789615988.835,5682
c2_c925_20260916_222958.mp4,2026-09-16T22:33:08.866910,1789615988.867,5683
c2_c925_20260916_222958.mp4,2026-09-16T22:33:08.899367,1789615988.899,5684
c2_c925_20260916_222958.mp4,2026-09-16T22:33:08.933845,1789615988.934,5685
c2_c925_20260916_222958.mp4,2026-09-16T22:33:08.966406,1789615988.966,5686
c2_c925_20260916_222958.mp4,2026-09-16T22:33:09.003340,1789615989.003,5687
c2_c925_20260916_222958.mp4,2026-09-16T22:33:09.038271,1789615989.038,5688
c2_c925_20260916_222958.mp4,2026-09-16T22:33:09.067610,1789615989.068,5689
c2_c925_20260916_222958.mp4,2026-09-16T22:33:09.104217,1789615989.104,5690
c2_c925_20260916_222958.mp4,2026-09-16T22:33:09.140648,1789615989.141,5691
c2_c925_20260916_222958.mp4,2026-09-16T22:33:09.172011,1789615989.172,5692
c2_c925_20260916_222958.mp4,2026-09-16T22:33:09.206712,1789615989.207,5693
c2_c925_20260916_222958.mp4,2026-09-16T22:33:09.241573,1789615989.242,5694
c2_c925_20260916_222958.mp4,2026-09-16T22:33:09.271468,1789615989.271,5695
c2_c925_20260916_222958.mp4,2026-09-16T22:33:09.301553,1789615989.302,5696
c2_c925_20260916_222958.mp4,2026-09-16T22:33:09.340451,1789615989.340,5697
c2_c925_20260916_222958.mp4,2026-09-16T22:33:09.370107,1789615989.370,5698
c2_c925_20260916_222958.mp4,2026-09-16T22:33:09.399098,1789615989.399,5699
c2_c925_20260916_222958.mp4,2026-09-16T22:33:09.433755,1789615989.434,5700
c2_c925_20260916_222958.mp4,2026-09-16T22:33:09.468224,1789615989.468,5701
c2_c925_20260916_222958.mp4,2026-09-16T22:33:09.497881,1789615989.498,5702
c2_c925_20260916_222958.mp4,2026-09-16T22:33:09.539283,1789615989.539,5703
c2_c925_20260916_222958.mp4,2026-09-16T22:33:09.572703,1789615989.573,5704
c2_c925_20260916_222958.mp4,2026-09-16T22:33:09.598831,1789615989.599,5705
c2_c925_20260916_222958.mp4,2026-09-16T22:33:09.640958,1789615989.641,5706
c2_c925_20260916_222958.mp4,2026-09-16T22:33:09.672703,1789615989.673,5707
c2_c925_20260916_222958.mp4,2026-09-16T22:33:09.704118,1789615989.704,5708
c2_c925_20260916_222958.mp4,2026-09-16T22:33:09.740174,1789615989.740,5709
c2_c925_20260916_222958.mp4,2026-09-16T22:33:09.771465,1789615989.771,5710
c2_c925_20260916_222958.mp4,2026-09-16T22:33:09.804636,1789615989.805,5711
c2_c925_20260916_222958.mp4,2026-09-16T22:33:09.836968,1789615989.837,5712
c2_c925_20260916_222958.mp4,2026-09-16T22:33:09.867849,1789615989.868,5713
c2_c925_20260916_222958.mp4,2026-09-16T22:33:09.898500,1789615989.899,5714
c2_c925_20260916_222958.mp4,2026-09-16T22:33:09.935417,1789615989.935,5715
c2_c925_20260916_222958.mp4,2026-09-16T22:33:09.972473,1789615989.972,5716
c2_c925_20260916_222958.mp4,2026-09-16T22:33:10.002163,1789615990.002,5717
c2_c925_20260916_222958.mp4,2026-09-16T22:33:10.035857,1789615990.036,5718
c2_c925_20260916_222958.mp4,2026-09-16T22:33:10.068832,1789615990.069,5719
c2_c925_20260916_222958.mp4,2026-09-16T22:33:10.104242,1789615990.104,5720
c2_c925_20260916_222958.mp4,2026-09-16T22:33:10.142426,1789615990.142,5721
c2_c925_20260916_222958.mp4,2026-09-16T22:33:10.172668,1789615990.173,5722
c2_c925_20260916_222958.mp4,2026-09-16T22:33:10.204746,1789615990.205,5723
c2_c925_20260916_222958.mp4,2026-09-16T22:33:10.240635,1789615990.241,5724
c2_c925_20260916_222958.mp4,2026-09-16T22:33:10.271070,1789615990.271,5725
c2_c925_20260916_222958.mp4,2026-09-16T22:33:10.302574,1789615990.303,5726
c2_c925_20260916_222958.mp4,2026-09-16T22:33:10.333756,1789615990.334,5727
c2_c925_20260916_222958.mp4,2026-09-16T22:33:10.367311,1789615990.367,5728
c2_c925_20260916_222958.mp4,2026-09-16T22:33:10.398703,1789615990.399,5729
c2_c925_20260916_222958.mp4,2026-09-16T22:33:10.436206,1789615990.436,5730
c2_c925_20260916_222958.mp4,2026-09-16T22:33:10.469778,1789615990.470,5731
c2_c925_20260916_222958.mp4,2026-09-16T22:33:10.499681,1789615990.500,5732
c2_c925_20260916_222958.mp4,2026-09-16T22:33:10.538450,1789615990.538,5733
c2_c925_20260916_222958.mp4,2026-09-16T22:33:10.571317,1789615990.571,5734
c2_c925_20260916_222958.mp4,2026-09-16T22:33:10.601908,1789615990.602,5735
c2_c925_20260916_222958.mp4,2026-09-16T22:33:10.636900,1789615990.637,5736
c2_c925_20260916_222958.mp4,2026-09-16T22:33:10.669100,1789615990.669,5737
c2_c925_20260916_222958.mp4,2026-09-16T22:33:10.698980,1789615990.699,5738
c2_c925_20260916_222958.mp4,2026-09-16T22:33:10.739608,1789615990.740,5739
c2_c925_20260916_222958.mp4,2026-09-16T22:33:10.770227,1789615990.770,5740
c2_c925_20260916_222958.mp4,2026-09-16T22:33:10.803260,1789615990.803,5741
c2_c925_20260916_222958.mp4,2026-09-16T22:33:10.838705,1789615990.839,5742
c2_c925_20260916_222958.mp4,2026-09-16T22:33:10.872023,1789615990.872,5743
c2_c925_20260916_222958.mp4,2026-09-16T22:33:10.902253,1789615990.902,5744
c2_c925_20260916_222958.mp4,2026-09-16T22:33:10.937887,1789615990.938,5745
c2_c925_20260916_222958.mp4,2026-09-16T22:33:10.968905,1789615990.969,5746
c2_c925_20260916_222958.mp4,2026-09-16T22:33:11.002016,1789615991.002,5747
c2_c925_20260916_222958.mp4,2026-09-16T22:33:11.038772,1789615991.039,5748
c2_c925_20260916_222958.mp4,2026-09-16T22:33:11.065814,1789615991.066,5749
c2_c925_20260916_222958.mp4,2026-09-16T22:33:11.097640,1789615991.098,5750
c2_c925_20260916_222958.mp4,2026-09-16T22:33:11.133567,1789615991.134,5751
c2_c925_20260916_222958.mp4,2026-09-16T22:33:11.170854,1789615991.171,5752
c2_c925_20260916_222958.mp4,2026-09-16T22:33:11.202272,1789615991.202,5753
c2_c925_20260916_222958.mp4,2026-09-16T22:33:11.235966,1789615991.236,5754
c2_c925_20260916_222958.mp4,2026-09-16T22:33:11.265669,1789615991.266,5755
c2_c925_20260916_222958.mp4,2026-09-16T22:33:11.301213,1789615991.301,5756
c2_c925_20260916_222958.mp4,2026-09-16T22:33:11.341485,1789615991.342,5757
c2_c925_20260916_222958.mp4,2026-09-16T22:33:11.371579,1789615991.372,5758
c2_c925_20260916_222958.mp4,2026-09-16T22:33:11.402556,1789615991.403,5759
c2_c925_20260916_222958.mp4,2026-09-16T22:33:11.438043,1789615991.438,5760
c2_c925_20260916_222958.mp4,2026-09-16T22:33:11.469570,1789615991.470,5761
c2_c925_20260916_222958.mp4,2026-09-16T22:33:11.501671,1789615991.502,5762
c2_c925_20260916_222958.mp4,2026-09-16T22:33:11.538317,1789615991.538,5763
c2_c925_20260916_222958.mp4,2026-09-16T22:33:11.571525,1789615991.572,5764
c2_c925_20260916_222958.mp4,2026-09-16T22:33:11.603307,1789615991.603,5765
c2_c925_20260916_222958.mp4,2026-09-16T22:33:11.638096,1789615991.638,5766
c2_c925_20260916_222958.mp4,2026-09-16T22:33:11.672785,1789615991.673,5767
c2_c925_20260916_222958.mp4,2026-09-16T22:33:11.704288,1789615991.704,5768
c2_c925_20260916_222958.mp4,2026-09-16T22:33:11.740193,1789615991.740,5769
c2_c925_20260916_222958.mp4,2026-09-16T22:33:11.770843,1789615991.771,5770
c2_c925_20260916_222958.mp4,2026-09-16T22:33:11.801805,1789615991.802,5771
c2_c925_20260916_222958.mp4,2026-09-16T22:33:11.837986,1789615991.838,5772
c2_c925_20260916_222958.mp4,2026-09-16T22:33:11.868256,1789615991.868,5773
c2_c925_20260916_222958.mp4,2026-09-16T22:33:11.898475,1789615991.898,5774
c2_c925_20260916_222958.mp4,2026-09-16T22:33:11.937863,1789615991.938,5775
c2_c925_20260916_222958.mp4,2026-09-16T22:33:11.969547,1789615991.970,5776
c2_c925_20260916_222958.mp4,2026-09-16T22:33:11.998351,1789615991.998,5777
c2_c925_20260916_222958.mp4,2026-09-16T22:33:12.033663,1789615992.034,5778
c2_c925_20260916_222958.mp4,2026-09-16T22:33:12.065552,1789615992.066,5779
c2_c925_20260916_222958.mp4,2026-09-16T22:33:12.098083,1789615992.098,5780
c2_c925_20260916_222958.mp4,2026-09-16T22:33:12.133709,1789615992.134,5781
c2_c925_20260916_222958.mp4,2026-09-16T22:33:12.171095,1789615992.171,5782
c2_c925_20260916_222958.mp4,2026-09-16T22:33:12.203654,1789615992.204,5783
c2_c925_20260916_222958.mp4,2026-09-16T22:33:12.241236,1789615992.241,5784
c2_c925_20260916_222958.mp4,2026-09-16T22:33:12.269778,1789615992.270,5785
c2_c925_20260916_222958.mp4,2026-09-16T22:33:12.304960,1789615992.305,5786
c2_c925_20260916_222958.mp4,2026-09-16T22:33:12.340721,1789615992.341,5787
c2_c925_20260916_222958.mp4,2026-09-16T22:33:12.371627,1789615992.372,5788
c2_c925_20260916_222958.mp4,2026-09-16T22:33:12.399406,1789615992.399,5789
c2_c925_20260916_222958.mp4,2026-09-16T22:33:12.436400,1789615992.436,5790
c2_c925_20260916_222958.mp4,2026-09-16T22:33:12.467636,1789615992.468,5791
c2_c925_20260916_222958.mp4,2026-09-16T22:33:12.498524,1789615992.499,5792
c2_c925_20260916_222958.mp4,2026-09-16T22:33:12.534918,1789615992.535,5793
c2_c925_20260916_222958.mp4,2026-09-16T22:33:12.569970,1789615992.570,5794
c2_c925_20260916_222958.mp4,2026-09-16T22:33:12.603403,1789615992.603,5795
c2_c925_20260916_222958.mp4,2026-09-16T22:33:12.639315,1789615992.639,5796
c2_c925_20260916_222958.mp4,2026-09-16T22:33:12.673236,1789615992.673,5797
c2_c925_20260916_222958.mp4,2026-09-16T22:33:12.704133,1789615992.704,5798
c2_c925_20260916_222958.mp4,2026-09-16T22:33:12.740248,1789615992.740,5799
c2_c925_20260916_222958.mp4,2026-09-16T22:33:12.769429,1789615992.769,5800
c2_c925_20260916_222958.mp4,2026-09-16T22:33:12.805733,1789615992.806,5801
c2_c925_20260916_222958.mp4,2026-09-16T22:33:12.839878,1789615992.840,5802
c2_c925_20260916_222958.mp4,2026-09-16T22:33:12.869894,1789615992.870,5803
c2_c925_20260916_222958.mp4,2026-09-16T22:33:12.901356,1789615992.901,5804
c2_c925_20260916_222958.mp4,2026-09-16T22:33:12.937701,1789615992.938,5805
c2_c925_20260916_222958.mp4,2026-09-16T22:33:12.967981,1789615992.968,5806
c2_c925_20260916_222958.mp4,2026-09-16T22:33:12.998791,1789615992.999,5807
c2_c925_20260916_222958.mp4,2026-09-16T22:33:13.034088,1789615993.034,5808
c2_c925_20260916_222958.mp4,2026-09-16T22:33:13.065604,1789615993.066,5809
c2_c925_20260916_222958.mp4,2026-09-16T22:33:13.104781,1789615993.105,5810
c2_c925_20260916_222958.mp4,2026-09-16T22:33:13.139393,1789615993.139,5811
c2_c925_20260916_222958.mp4,2026-09-16T22:33:13.171366,1789615993.171,5812
c2_c925_20260916_222958.mp4,2026-09-16T22:33:13.204142,1789615993.204,5813
c2_c925_20260916_222958.mp4,2026-09-16T22:33:13.240713,1789615993.241,5814
c2_c925_20260916_222958.mp4,2026-09-16T22:33:13.272662,1789615993.273,5815
c2_c925_20260916_222958.mp4,2026-09-16T22:33:13.303643,1789615993.304,5816
c2_c925_20260916_222958.mp4,2026-09-16T22:33:13.341089,1789615993.341,5817
c2_c925_20260916_222958.mp4,2026-09-16T22:33:13.372726,1789615993.373,5818
c2_c925_20260916_222958.mp4,2026-09-16T22:33:13.401853,1789615993.402,5819
c2_c925_20260916_222958.mp4,2026-09-16T22:33:13.435265,1789615993.435,5820
c2_c925_20260916_222958.mp4,2026-09-16T22:33:13.467605,1789615993.468,5821
c2_c925_20260916_222958.mp4,2026-09-16T22:33:13.498467,1789615993.498,5822
c2_c925_20260916_222958.mp4,2026-09-16T22:33:13.536270,1789615993.536,5823
c2_c925_20260916_222958.mp4,2026-09-16T22:33:13.568352,1789615993.568,5824
c2_c925_20260916_222958.mp4,2026-09-16T22:33:13.599831,1789615993.600,5825
c2_c925_20260916_222958.mp4,2026-09-16T22:33:13.634968,1789615993.635,5826
c2_c925_20260916_222958.mp4,2026-09-16T22:33:13.667405,1789615993.667,5827
c2_c925_20260916_222958.mp4,2026-09-16T22:33:13.700411,1789615993.700,5828
c2_c925_20260916_222958.mp4,2026-09-16T22:33:13.740194,1789615993.740,5829
c2_c925_20260916_222958.mp4,2026-09-16T22:33:13.767144,1789615993.767,5830
c2_c925_20260916_222958.mp4,2026-09-16T22:33:13.802845,1789615993.803,5831
c2_c925_20260916_222958.mp4,2026-09-16T22:33:13.841158,1789615993.841,5832
c2_c925_20260916_222958.mp4,2026-09-16T22:33:13.869691,1789615993.870,5833
c2_c925_20260916_222958.mp4,2026-09-16T22:33:13.902964,1789615993.903,5834
c2_c925_20260916_222958.mp4,2026-09-16T22:33:13.940186,1789615993.940,5835
c2_c925_20260916_222958.mp4,2026-09-16T22:33:13.969984,1789615993.970,5836
c2_c925_20260916_222958.mp4,2026-09-16T22:33:14.000239,1789615994.000,5837
c2_c925_20260916_222958.mp4,2026-09-16T22:33:14.037249,1789615994.037,5838
c2_c925_20260916_222958.mp4,2026-09-16T22:33:14.068076,1789615994.068,5839
c2_c925_20260916_222958.mp4,2026-09-16T22:33:14.100286,1789615994.100,5840
c2_c925_20260916_222958.mp4,2026-09-16T22:33:14.137116,1789615994.137,5841
c2_c925_20260916_222958.mp4,2026-09-16T22:33:14.165775,1789615994.166,5842
c2_c925_20260916_222958.mp4,2026-09-16T22:33:14.197744,1789615994.198,5843
c2_c925_20260916_222958.mp4,2026-09-16T22:33:14.233676,1789615994.234,5844
c2_c925_20260916_222958.mp4,2026-09-16T22:33:14.265607,1789615994.266,5845
c2_c925_20260916_222958.mp4,2026-09-16T22:33:14.302529,1789615994.303,5846
c2_c925_20260916_222958.mp4,2026-09-16T22:33:14.338906,1789615994.339,5847
c2_c925_20260916_222958.mp4,2026-09-16T22:33:14.372757,1789615994.373,5848
c2_c925_20260916_222958.mp4,2026-09-16T22:33:14.403772,1789615994.404,5849
c2_c925_20260916_222958.mp4,2026-09-16T22:33:14.440305,1789615994.440,5850
c2_c925_20260916_222958.mp4,2026-09-16T22:33:14.472424,1789615994.472,5851
c2_c925_20260916_222958.mp4,2026-09-16T22:33:14.503698,1789615994.504,5852
c2_c925_20260916_222958.mp4,2026-09-16T22:33:14.537509,1789615994.538,5853
c2_c925_20260916_222958.mp4,2026-09-16T22:33:14.569319,1789615994.569,5854
c2_c925_20260916_222958.mp4,2026-09-16T22:33:14.602659,1789615994.603,5855
c2_c925_20260916_222958.mp4,2026-09-16T22:33:14.638214,1789615994.638,5856
c2_c925_20260916_222958.mp4,2026-09-16T22:33:14.667109,1789615994.667,5857
c2_c925_20260916_222958.mp4,2026-09-16T22:33:14.698927,1789615994.699,5858
c2_c925_20260916_222958.mp4,2026-09-16T22:33:14.739294,1789615994.739,5859
c2_c925_20260916_222958.mp4,2026-09-16T22:33:14.771809,1789615994.772,5860
c2_c925_20260916_222958.mp4,2026-09-16T22:33:14.800994,1789615994.801,5861
c2_c925_20260916_222958.mp4,2026-09-16T22:33:14.836020,1789615994.836,5862
c2_c925_20260916_222958.mp4,2026-09-16T22:33:14.869913,1789615994.870,5863
c2_c925_20260916_222958.mp4,2026-09-16T22:33:14.902606,1789615994.903,5864
c2_c925_20260916_222958.mp4,2026-09-16T22:33:14.939658,1789615994.940,5865
c2_c925_20260916_222958.mp4,2026-09-16T22:33:14.971638,1789615994.972,5866
c2_c925_20260916_222958.mp4,2026-09-16T22:33:15.001200,1789615995.001,5867
c2_c925_20260916_222958.mp4,2026-09-16T22:33:15.038983,1789615995.039,5868
c2_c925_20260916_222958.mp4,2026-09-16T22:33:15.069163,1789615995.069,5869
c2_c925_20260916_222958.mp4,2026-09-16T22:33:15.100320,1789615995.100,5870
c2_c925_20260916_222958.mp4,2026-09-16T22:33:15.137333,1789615995.137,5871
c2_c925_20260916_222958.mp4,2026-09-16T22:33:15.169993,1789615995.170,5872
c2_c925_20260916_222958.mp4,2026-09-16T22:33:15.204374,1789615995.204,5873
c2_c925_20260916_222958.mp4,2026-09-16T22:33:15.239512,1789615995.240,5874
c2_c925_20260916_222958.mp4,2026-09-16T22:33:15.272757,1789615995.273,5875
c2_c925_20260916_222958.mp4,2026-09-16T22:33:15.304022,1789615995.304,5876
c2_c925_20260916_222958.mp4,2026-09-16T22:33:15.337057,1789615995.337,5877
c2_c925_20260916_222958.mp4,2026-09-16T22:33:15.372221,1789615995.372,5878
c2_c925_20260916_222958.mp4,2026-09-16T22:33:15.402066,1789615995.402,5879
c2_c925_20260916_222958.mp4,2026-09-16T22:33:15.438564,1789615995.439,5880
c2_c925_20260916_222958.mp4,2026-09-16T22:33:15.467558,1789615995.468,5881
c2_c925_20260916_222958.mp4,2026-09-16T22:33:15.500130,1789615995.500,5882
c2_c925_20260916_222958.mp4,2026-09-16T22:33:15.538799,1789615995.539,5883
c2_c925_20260916_222958.mp4,2026-09-16T22:33:15.570354,1789615995.570,5884
c2_c925_20260916_222958.mp4,2026-09-16T22:33:15.600078,1789615995.600,5885
c2_c925_20260916_222958.mp4,2026-09-16T22:33:15.635688,1789615995.636,5886
c2_c925_20260916_222958.mp4,2026-09-16T22:33:15.670278,1789615995.670,5887
c2_c925_20260916_222958.mp4,2026-09-16T22:33:15.702239,1789615995.702,5888
c2_c925_20260916_222958.mp4,2026-09-16T22:33:15.733712,1789615995.734,5889
c2_c925_20260916_222958.mp4,2026-09-16T22:33:15.770098,1789615995.770,5890
c2_c925_20260916_222958.mp4,2026-09-16T22:33:15.804685,1789615995.805,5891
c2_c925_20260916_222958.mp4,2026-09-16T22:33:15.839892,1789615995.840,5892
c2_c925_20260916_222958.mp4,2026-09-16T22:33:15.871259,1789615995.871,5893
c2_c925_20260916_222958.mp4,2026-09-16T22:33:15.903802,1789615995.904,5894
c2_c925_20260916_222958.mp4,2026-09-16T22:33:15.941704,1789615995.942,5895
c2_c925_20260916_222958.mp4,2026-09-16T22:33:15.972559,1789615995.973,5896
c2_c925_20260916_222958.mp4,2026-09-16T22:33:16.003807,1789615996.004,5897
c2_c925_20260916_222958.mp4,2026-09-16T22:33:16.033536,1789615996.034,5898
c2_c925_20260916_222958.mp4,2026-09-16T22:33:16.066337,1789615996.066,5899
c2_c925_20260916_222958.mp4,2026-09-16T22:33:16.100490,1789615996.101,5900
c2_c925_20260916_222958.mp4,2026-09-16T22:33:16.137412,1789615996.137,5901
c2_c925_20260916_222958.mp4,2026-09-16T22:33:16.170007,1789615996.170,5902
c2_c925_20260916_222958.mp4,2026-09-16T22:33:16.203358,1789615996.203,5903
c2_c925_20260916_222958.mp4,2026-09-16T22:33:16.239889,1789615996.240,5904
c2_c925_20260916_222958.mp4,2026-09-16T22:33:16.271280,1789615996.271,5905
c2_c925_20260916_222958.mp4,2026-09-16T22:33:16.304074,1789615996.304,5906
c2_c925_20260916_222958.mp4,2026-09-16T22:33:16.339366,1789615996.339,5907
c2_c925_20260916_222958.mp4,2026-09-16T22:33:16.372745,1789615996.373,5908
c2_c925_20260916_222958.mp4,2026-09-16T22:33:16.404866,1789615996.405,5909
c2_c925_20260916_222958.mp4,2026-09-16T22:33:16.438994,1789615996.439,5910
c2_c925_20260916_222958.mp4,2026-09-16T22:33:16.468430,1789615996.468,5911
c2_c925_20260916_222958.mp4,2026-09-16T22:33:16.499467,1789615996.499,5912
c2_c925_20260916_222958.mp4,2026-09-16T22:33:16.537481,1789615996.537,5913
c2_c925_20260916_222958.mp4,2026-09-16T22:33:16.568220,1789615996.568,5914
c2_c925_20260916_222958.mp4,2026-09-16T22:33:16.598763,1789615996.599,5915
c2_c925_20260916_222958.mp4,2026-09-16T22:33:16.633514,1789615996.634,5916
c2_c925_20260916_222958.mp4,2026-09-16T22:33:16.666237,1789615996.666,5917
c2_c925_20260916_222958.mp4,2026-09-16T22:33:16.697584,1789615996.698,5918
c2_c925_20260916_222958.mp4,2026-09-16T22:33:16.736002,1789615996.736,5919
c2_c925_20260916_222958.mp4,2026-09-16T22:33:16.768993,1789615996.769,5920
c2_c925_20260916_222958.mp4,2026-09-16T22:33:16.804972,1789615996.805,5921
c2_c925_20260916_222958.mp4,2026-09-16T22:33:16.838912,1789615996.839,5922
c2_c925_20260916_222958.mp4,2026-09-16T22:33:16.870785,1789615996.871,5923
c2_c925_20260916_222958.mp4,2026-09-16T22:33:16.898719,1789615996.899,5924
c2_c925_20260916_222958.mp4,2026-09-16T22:33:16.940681,1789615996.941,5925
c2_c925_20260916_222958.mp4,2026-09-16T22:33:16.969919,1789615996.970,5926
c2_c925_20260916_222958.mp4,2026-09-16T22:33:17.001410,1789615997.001,5927
c2_c925_20260916_222958.mp4,2026-09-16T22:33:17.038733,1789615997.039,5928
c2_c925_20260916_222958.mp4,2026-09-16T22:33:17.068771,1789615997.069,5929
c2_c925_20260916_222958.mp4,2026-09-16T22:33:17.099805,1789615997.100,5930
c2_c925_20260916_222958.mp4,2026-09-16T22:33:17.135183,1789615997.135,5931
c2_c925_20260916_222958.mp4,2026-09-16T22:33:17.167642,1789615997.168,5932
c2_c925_20260916_222958.mp4,2026-09-16T22:33:17.201054,1789615997.201,5933
c2_c925_20260916_222958.mp4,2026-09-16T22:33:17.237337,1789615997.237,5934
c2_c925_20260916_222958.mp4,2026-09-16T22:33:17.269325,1789615997.269,5935
c2_c925_20260916_222958.mp4,2026-09-16T22:33:17.300342,1789615997.300,5936
c2_c925_20260916_222958.mp4,2026-09-16T22:33:17.337531,1789615997.338,5937
c2_c925_20260916_222958.mp4,2026-09-16T22:33:17.371761,1789615997.372,5938
c2_c925_20260916_222958.mp4,2026-09-16T22:33:17.397671,1789615997.398,5939
c2_c925_20260916_222958.mp4,2026-09-16T22:33:17.433576,1789615997.434,5940
c2_c925_20260916_222958.mp4,2026-09-16T22:33:17.465626,1789615997.466,5941
c2_c925_20260916_222958.mp4,2026-09-16T22:33:17.497605,1789615997.498,5942
c2_c925_20260916_222958.mp4,2026-09-16T22:33:17.533497,1789615997.534,5943
c2_c925_20260916_222958.mp4,2026-09-16T22:33:17.571390,1789615997.571,5944
c2_c925_20260916_222958.mp4,2026-09-16T22:33:17.602429,1789615997.602,5945
c2_c925_20260916_222958.mp4,2026-09-16T22:33:17.638134,1789615997.638,5946
c2_c925_20260916_222958.mp4,2026-09-16T22:33:17.670789,1789615997.671,5947
c2_c925_20260916_222958.mp4,2026-09-16T22:33:17.703881,1789615997.704,5948
c2_c925_20260916_222958.mp4,2026-09-16T22:33:17.741177,1789615997.741,5949
c2_c925_20260916_222958.mp4,2026-09-16T22:33:17.770733,1789615997.771,5950
c2_c925_20260916_222958.mp4,2026-09-16T22:33:17.802331,1789615997.802,5951
c2_c925_20260916_222958.mp4,2026-09-16T22:33:17.840257,1789615997.840,5952
c2_c925_20260916_222958.mp4,2026-09-16T22:33:17.867537,1789615997.868,5953
c2_c925_20260916_222958.mp4,2026-09-16T22:33:17.903080,1789615997.903,5954
c2_c925_20260916_222958.mp4,2026-09-16T22:33:17.935291,1789615997.935,5955
c2_c925_20260916_222958.mp4,2026-09-16T22:33:17.969651,1789615997.970,5956
c2_c925_20260916_222958.mp4,2026-09-16T22:33:18.004574,1789615998.005,5957
c2_c925_20260916_222958.mp4,2026-09-16T22:33:18.040618,1789615998.041,5958
c2_c925_20260916_222958.mp4,2026-09-16T22:33:18.071092,1789615998.071,5959
c2_c925_20260916_222958.mp4,2026-09-16T22:33:18.099643,1789615998.100,5960
c2_c925_20260916_222958.mp4,2026-09-16T22:33:18.135227,1789615998.135,5961
c2_c925_20260916_222958.mp4,2026-09-16T22:33:18.166725,1789615998.167,5962
c2_c925_20260916_222958.mp4,2026-09-16T22:33:18.198900,1789615998.199,5963
c2_c925_20260916_222958.mp4,2026-09-16T22:33:18.234063,1789615998.234,5964
c2_c925_20260916_222958.mp4,2026-09-16T22:33:18.268202,1789615998.268,5965
c2_c925_20260916_222958.mp4,2026-09-16T22:33:18.304146,1789615998.304,5966
c2_c925_20260916_222958.mp4,2026-09-16T22:33:18.338485,1789615998.339,5967
c2_c925_20260916_222958.mp4,2026-09-16T22:33:18.372258,1789615998.372,5968
c2_c925_20260916_222958.mp4,2026-09-16T22:33:18.404157,1789615998.404,5969
c2_c925_20260916_222958.mp4,2026-09-16T22:33:18.438644,1789615998.439,5970
c2_c925_20260916_222958.mp4,2026-09-16T22:33:18.470177,1789615998.470,5971
c2_c925_20260916_222958.mp4,2026-09-16T22:33:18.500725,1789615998.501,5972
c2_c925_20260916_222958.mp4,2026-09-16T22:33:18.535866,1789615998.536,5973
c2_c925_20260916_222958.mp4,2026-09-16T22:33:18.568882,1789615998.569,5974
c2_c925_20260916_222958.mp4,2026-09-16T22:33:18.599820,1789615998.600,5975
c2_c925_20260916_222958.mp4,2026-09-16T22:33:18.639220,1789615998.639,5976
c2_c925_20260916_222958.mp4,2026-09-16T22:33:18.670494,1789615998.671,5977
c2_c925_20260916_222958.mp4,2026-09-16T22:33:18.700347,1789615998.700,5978
c2_c925_20260916_222958.mp4,2026-09-16T22:33:18.736562,1789615998.737,5979
c2_c925_20260916_222958.mp4,2026-09-16T22:33:18.766499,1789615998.767,5980
c2_c925_20260916_222958.mp4,2026-09-16T22:33:18.801132,1789615998.801,5981
c2_c925_20260916_222958.mp4,2026-09-16T22:33:18.838265,1789615998.838,5982
c2_c925_20260916_222958.mp4,2026-09-16T22:33:18.872187,1789615998.872,5983
c2_c925_20260916_222958.mp4,2026-09-16T22:33:18.902335,1789615998.902,5984
c2_c925_20260916_222958.mp4,2026-09-16T22:33:18.939350,1789615998.939,5985
c2_c925_20260916_222958.mp4,2026-09-16T22:33:18.970232,1789615998.970,5986
c2_c925_20260916_222958.mp4,2026-09-16T22:33:19.002254,1789615999.002,5987
c2_c925_20260916_222958.mp4,2026-09-16T22:33:19.038649,1789615999.039,5988
c2_c925_20260916_222958.mp4,2026-09-16T22:33:19.072220,1789615999.072,5989
c2_c925_20260916_222958.mp4,2026-09-16T22:33:19.101665,1789615999.102,5990
c2_c925_20260916_222958.mp4,2026-09-16T22:33:19.135111,1789615999.135,5991
c2_c925_20260916_222958.mp4,2026-09-16T22:33:19.168314,1789615999.168,5992
c2_c925_20260916_222958.mp4,2026-09-16T22:33:19.197815,1789615999.198,5993
c2_c925_20260916_222958.mp4,2026-09-16T22:33:19.236793,1789615999.237,5994
c2_c925_20260916_222958.mp4,2026-09-16T22:33:19.268938,1789615999.269,5995
c2_c925_20260916_222958.mp4,2026-09-16T22:33:19.302768,1789615999.303,5996
c2_c925_20260916_222958.mp4,2026-09-16T22:33:19.339354,1789615999.339,5997
c2_c925_20260916_222958.mp4,2026-09-16T22:33:19.371284,1789615999.371,5998
c2_c925_20260916_222958.mp4,2026-09-16T22:33:19.403357,1789615999.403,5999
