fichero,t_wall_iso,t_unix,n
g4_brio_bolam2_20260917_121124.mp4,2026-09-17T12:11:26.756742,1789665086.757,0
g4_brio_bolam2_20260917_121124.mp4,2026-09-17T12:11:26.805999,1789665086.806,1
g4_brio_bolam2_20260917_121124.mp4,2026-09-17T12:11:26.828794,1789665086.829,2
g4_brio_bolam2_20260917_121124.mp4,2026-09-17T12:11:26.857535,1789665086.858,3
g4_brio_bolam2_20260917_121124.mp4,2026-09-17T12:11:26.895737,1789665086.896,4
g4_brio_bolam2_20260917_121124.mp4,2026-09-17T12:11:26.933009,1789665086.933,5
g4_brio_bolam2_20260917_121124.mp4,2026-09-17T12:11:26.968834,1789665086.969,6
g4_brio_bolam2_20260917_121124.mp4,2026-09-17T12:11:26.998699,1789665086.999,7
g4_brio_bolam2_20260917_121124.mp4,2026-09-17T12:11:27.034712,1789665087.035,8
g4_brio_bolam2_20260917_121124.mp4,2026-09-17T12:11:27.074117,1789665087.074,9
g4_brio_bolam2_20260917_121124.mp4,2026-09-17T12:11:27.111628,1789665087.112,10
g4_brio_bolam2_20260917_121124.mp4,2026-09-17T12:11:27.146931,1789665087.147,11
g4_brio_bolam2_20260917_121124.mp4,2026-09-17T12:11:27.182130,1789665087.182,12
g4_brio_bolam2_20260917_121124.mp4,2026-09-17T12:11:27.216943,1789665087.217,13
g4_brio_bolam2_20260917_121124.mp4,2026-09-17T12:11:27.256305,1789665087.256,14
g4_brio_bolam2_20260917_121124.mp4,2026-09-17T12:11:27.290886,1789665087.291,15
g4_brio_bolam2_20260917_121124.mp4,2026-09-17T12:11:27.326745,1789665087.327,16
g4_brio_bolam2_20260917_121124.mp4,2026-09-17T12:11:27.367826,1789665087.368,17
g4_brio_bolam2_20260917_121124.mp4,2026-09-17T12:11:27.403371,1789665087.403,18
g4_brio_bolam2_20260917_121124.mp4,2026-09-17T12:11:27.437356,1789665087.437,19
g4_brio_bolam2_20260917_121124.mp4,2026-09-17T12:11:27.468257,1789665087.468,20
g4_brio_bolam2_20260917_121124.mp4,2026-09-17T12:11:27.506636,1789665087.507,21
g4_brio_bolam2_20260917_121124.mp4,2026-09-17T12:11:27.542279,1789665087.542,22
g4_brio_bolam2_20260917_121124.mp4,2026-09-17T12:11:27.579698,1789665087.580,23
g4_brio_bolam2_20260917_121124.mp4,2026-09-17T12:11:27.616345,1789665087.616,24
g4_brio_bolam2_20260917_121124.mp4,2026-09-17T12:11:27.645013,1789665087.645,25
g4_brio_bolam2_20260917_121124.mp4,2026-09-17T12:11:27.690032,1789665087.690,26
g4_brio_bolam2_20260917_121124.mp4,2026-09-17T12:11:27.720381,1789665087.720,27
g4_brio_bolam2_20260917_121124.mp4,2026-09-17T12:11:27.757149,1789665087.757,28
g4_brio_bolam2_20260917_121124.mp4,2026-09-17T12:11:27.797705,1789665087.798,29
g4_brio_bolam2_20260917_121124.mp4,2026-09-17T12:11:27.824889,1789665087.825,30
g4_brio_bolam2_20260917_121124.mp4,2026-09-17T12:11:27.864371,1789665087.864,31
g4_brio_bolam2_20260917_121124.mp4,2026-09-17T12:11:27.900249,1789665087.900,32
g4_brio_bolam2_20260917_121124.mp4,2026-09-17T12:11:27.935044,1789665087.935,33
g4_brio_bolam2_20260917_121124.mp4,2026-09-17T12:11:27.970128,1789665087.970,34
g4_brio_bolam2_20260917_121124.mp4,2026-09-17T12:11:28.014014,1789665088.014,35
g4_brio_bolam2_20260917_121124.mp4,2026-09-17T12:11:28.038885,1789665088.039,36
g4_brio_bolam2_20260917_121124.mp4,2026-09-17T12:11:28.075186,1789665088.075,37
g4_brio_bolam2_20260917_121124.mp4,2026-09-17T12:11:28.111855,1789665088.112,38
g4_brio_bolam2_20260917_121124.mp4,2026-09-17T12:11:28.145642,1789665088.146,39
g4_brio_bolam2_20260917_121124.mp4,2026-09-17T12:11:28.186150,1789665088.186,40
g4_brio_bolam2_20260917_121124.mp4,2026-09-17T12:11:28.217695,1789665088.218,41
g4_brio_bolam2_20260917_121124.mp4,2026-09-17T12:11:28.254577,1789665088.255,42
g4_brio_bolam2_20260917_121124.mp4,2026-09-17T12:11:28.290314,1789665088.290,43
g4_brio_bolam2_20260917_121124.mp4,2026-09-17T12:11:28.325996,1789665088.326,44
g4_brio_bolam2_20260917_121124.mp4,2026-09-17T12:11:28.366499,1789665088.367,45
g4_brio_bolam2_20260917_121124.mp4,2026-09-17T12:11:28.402715,1789665088.403,46
g4_brio_bolam2_20260917_121124.mp4,2026-09-17T12:11:28.438648,1789665088.439,47
g4_brio_bolam2_20260917_121124.mp4,2026-09-17T12:11:28.473696,1789665088.474,48
g4_brio_bolam2_20260917_121124.mp4,2026-09-17T12:11:28.510053,1789665088.510,49
g4_brio_bolam2_20260917_121124.mp4,2026-09-17T12:11:28.546819,1789665088.547,50
g4_brio_bolam2_20260917_121124.mp4,2026-09-17T12:11:28.579754,1789665088.580,51
g4_brio_bolam2_20260917_121124.mp4,2026-09-17T12:11:28.615977,1789665088.616,52
g4_brio_bolam2_20260917_121124.mp4,2026-09-17T12:11:28.651612,1789665088.652,53
g4_brio_bolam2_20260917_121124.mp4,2026-09-17T12:11:28.686646,1789665088.687,54
g4_brio_bolam2_20260917_121124.mp4,2026-09-17T12:11:28.721813,1789665088.722,55
g4_brio_bolam2_20260917_121124.mp4,2026-09-17T12:11:28.758042,1789665088.758,56
g4_brio_bolam2_20260917_121124.mp4,2026-09-17T12:11:28.794639,1789665088.795,57
g4_brio_bolam2_20260917_121124.mp4,2026-09-17T12:11:28.825780,1789665088.826,58
g4_brio_bolam2_20260917_121124.mp4,2026-09-17T12:11:28.866551,1789665088.867,59
g4_brio_bolam2_20260917_121124.mp4,2026-09-17T12:11:28.903723,1789665088.904,60
g4_brio_bolam2_20260917_121124.mp4,2026-09-17T12:11:28.938223,1789665088.938,61
g4_brio_bolam2_20260917_121124.mp4,2026-09-17T12:11:28.979780,1789665088.980,62
g4_brio_bolam2_20260917_121124.mp4,2026-09-17T12:11:29.011950,1789665089.012,63
g4_brio_bolam2_20260917_121124.mp4,2026-09-17T12:11:29.048519,1789665089.049,64
g4_brio_bolam2_20260917_121124.mp4,2026-09-17T12:11:29.078679,1789665089.079,65
g4_brio_bolam2_20260917_121124.mp4,2026-09-17T12:11:29.117724,1789665089.118,66
g4_brio_bolam2_20260917_121124.mp4,2026-09-17T12:11:29.150713,1789665089.151,67
g4_brio_bolam2_20260917_121124.mp4,2026-09-17T12:11:29.185887,1789665089.186,68
g4_brio_bolam2_20260917_121124.mp4,2026-09-17T12:11:29.222205,1789665089.222,69
g4_brio_bolam2_20260917_121124.mp4,2026-09-17T12:11:29.260791,1789665089.261,70
g4_brio_bolam2_20260917_121124.mp4,2026-09-17T12:11:29.294960,1789665089.295,71
g4_brio_bolam2_20260917_121124.mp4,2026-09-17T12:11:29.334507,1789665089.335,72
g4_brio_bolam2_20260917_121124.mp4,2026-09-17T12:11:29.369932,1789665089.370,73
g4_brio_bolam2_20260917_121124.mp4,2026-09-17T12:11:29.410633,1789665089.411,74
g4_brio_bolam2_20260917_121124.mp4,2026-09-17T12:11:29.440348,1789665089.440,75
g4_brio_bolam2_20260917_121124.mp4,2026-09-17T12:11:29.477665,1789665089.478,76
g4_brio_bolam2_20260917_121124.mp4,2026-09-17T12:11:29.513739,1789665089.514,77
g4_brio_bolam2_20260917_121124.mp4,2026-09-17T12:11:29.548214,1789665089.548,78
g4_brio_bolam2_20260917_121124.mp4,2026-09-17T12:11:29.582929,1789665089.583,79
g4_brio_bolam2_20260917_121124.mp4,2026-09-17T12:11:29.620524,1789665089.621,80
g4_brio_bolam2_20260917_121124.mp4,2026-09-17T12:11:29.654100,1789665089.654,81
g4_brio_bolam2_20260917_121124.mp4,2026-09-17T12:11:29.690344,1789665089.690,82
g4_brio_bolam2_20260917_121124.mp4,2026-09-17T12:11:29.726564,1789665089.727,83
g4_brio_bolam2_20260917_121124.mp4,2026-09-17T12:11:29.767409,1789665089.767,84
g4_brio_bolam2_20260917_121124.mp4,2026-09-17T12:11:29.801757,1789665089.802,85
g4_brio_bolam2_20260917_121124.mp4,2026-09-17T12:11:29.842940,1789665089.843,86
g4_brio_bolam2_20260917_121124.mp4,2026-09-17T12:11:29.870677,1789665089.871,87
g4_brio_bolam2_20260917_121124.mp4,2026-09-17T12:11:29.913929,1789665089.914,88
g4_brio_bolam2_20260917_121124.mp4,2026-09-17T12:11:29.946444,1789665089.946,89
g4_brio_bolam2_20260917_121124.mp4,2026-09-17T12:11:29.978242,1789665089.978,90
g4_brio_bolam2_20260917_121124.mp4,2026-09-17T12:11:30.014292,1789665090.014,91
g4_brio_bolam2_20260917_121124.mp4,2026-09-17T12:11:30.050479,1789665090.050,92
g4_brio_bolam2_20260917_121124.mp4,2026-09-17T12:11:30.083339,1789665090.083,93
g4_brio_bolam2_20260917_121124.mp4,2026-09-17T12:11:30.119605,1789665090.120,94
g4_brio_bolam2_20260917_121124.mp4,2026-09-17T12:11:30.153778,1789665090.154,95
g4_brio_bolam2_20260917_121124.mp4,2026-09-17T12:11:30.190614,1789665090.191,96
g4_brio_bolam2_20260917_121124.mp4,2026-09-17T12:11:30.227831,1789665090.228,97
g4_brio_bolam2_20260917_121124.mp4,2026-09-17T12:11:30.265691,1789665090.266,98
g4_brio_bolam2_20260917_121124.mp4,2026-09-17T12:11:30.300427,1789665090.300,99
g4_brio_bolam2_20260917_121124.mp4,2026-09-17T12:11:30.338618,1789665090.339,100
g4_brio_bolam2_20260917_121124.mp4,2026-09-17T12:11:30.377263,1789665090.377,101
g4_brio_bolam2_20260917_121124.mp4,2026-09-17T12:11:30.407119,1789665090.407,102
g4_brio_bolam2_20260917_121124.mp4,2026-09-17T12:11:30.445034,1789665090.445,103
g4_brio_bolam2_20260917_121124.mp4,2026-09-17T12:11:30.479706,1789665090.480,104
g4_brio_bolam2_20260917_121124.mp4,2026-09-17T12:11:30.517468,1789665090.517,105
g4_brio_bolam2_20260917_121124.mp4,2026-09-17T12:11:30.549671,1789665090.550,106
g4_brio_bolam2_20260917_121124.mp4,2026-09-17T12:11:30.585528,1789665090.586,107
g4_brio_bolam2_20260917_121124.mp4,2026-09-17T12:11:30.621689,1789665090.622,108
g4_brio_bolam2_20260917_121124.mp4,2026-09-17T12:11:30.658258,1789665090.658,109
g4_brio_bolam2_20260917_121124.mp4,2026-09-17T12:11:30.697119,1789665090.697,110
g4_brio_bolam2_20260917_121124.mp4,2026-09-17T12:11:30.735422,1789665090.735,111
g4_brio_bolam2_20260917_121124.mp4,2026-09-17T12:11:30.767778,1789665090.768,112
g4_brio_bolam2_20260917_121124.mp4,2026-09-17T12:11:30.807633,1789665090.808,113
g4_brio_bolam2_20260917_121124.mp4,2026-09-17T12:11:30.843072,1789665090.843,114
g4_brio_bolam2_20260917_121124.mp4,2026-09-17T12:11:30.873198,1789665090.873,115
g4_brio_bolam2_20260917_121124.mp4,2026-09-17T12:11:30.915739,1789665090.916,116
g4_brio_bolam2_20260917_121124.mp4,2026-09-17T12:11:30.946128,1789665090.946,117
g4_brio_bolam2_20260917_121124.mp4,2026-09-17T12:11:30.979571,1789665090.980,118
g4_brio_bolam2_20260917_121124.mp4,2026-09-17T12:11:31.018876,1789665091.019,119
g4_brio_bolam2_20260917_121124.mp4,2026-09-17T12:11:31.051018,1789665091.051,120
g4_brio_bolam2_20260917_121124.mp4,2026-09-17T12:11:31.086092,1789665091.086,121
g4_brio_bolam2_20260917_121124.mp4,2026-09-17T12:11:31.121752,1789665091.122,122
g4_brio_bolam2_20260917_121124.mp4,2026-09-17T12:11:31.157776,1789665091.158,123
g4_brio_bolam2_20260917_121124.mp4,2026-09-17T12:11:31.193839,1789665091.194,124
g4_brio_bolam2_20260917_121124.mp4,2026-09-17T12:11:31.229901,1789665091.230,125
g4_brio_bolam2_20260917_121124.mp4,2026-09-17T12:11:31.271699,1789665091.272,126
g4_brio_bolam2_20260917_121124.mp4,2026-09-17T12:11:31.305690,1789665091.306,127
g4_brio_bolam2_20260917_121124.mp4,2026-09-17T12:11:31.337902,1789665091.338,128
g4_brio_bolam2_20260917_121124.mp4,2026-09-17T12:11:31.374239,1789665091.374,129
g4_brio_bolam2_20260917_121124.mp4,2026-09-17T12:11:31.410505,1789665091.411,130
g4_brio_bolam2_20260917_121124.mp4,2026-09-17T12:11:31.447575,1789665091.448,131
g4_brio_bolam2_20260917_121124.mp4,2026-09-17T12:11:31.481777,1789665091.482,132
g4_brio_bolam2_20260917_121124.mp4,2026-09-17T12:11:31.518509,1789665091.519,133
g4_brio_bolam2_20260917_121124.mp4,2026-09-17T12:11:31.553731,1789665091.554,134
g4_brio_bolam2_20260917_121124.mp4,2026-09-17T12:11:31.590494,1789665091.591,135
g4_brio_bolam2_20260917_121124.mp4,2026-09-17T12:11:31.626364,1789665091.626,136
g4_brio_bolam2_20260917_121124.mp4,2026-09-17T12:11:31.664415,1789665091.664,137
g4_brio_bolam2_20260917_121124.mp4,2026-09-17T12:11:31.702312,1789665091.702,138
g4_brio_bolam2_20260917_121124.mp4,2026-09-17T12:11:31.738130,1789665091.738,139
g4_brio_bolam2_20260917_121124.mp4,2026-09-17T12:11:31.775036,1789665091.775,140
g4_brio_bolam2_20260917_121124.mp4,2026-09-17T12:11:31.810829,1789665091.811,141
g4_brio_bolam2_20260917_121124.mp4,2026-09-17T12:11:31.841574,1789665091.842,142
g4_brio_bolam2_20260917_121124.mp4,2026-09-17T12:11:31.881156,1789665091.881,143
g4_brio_bolam2_20260917_121124.mp4,2026-09-17T12:11:31.917672,1789665091.918,144
g4_brio_bolam2_20260917_121124.mp4,2026-09-17T12:11:31.946854,1789665091.947,145
g4_brio_bolam2_20260917_121124.mp4,2026-09-17T12:11:31.986066,1789665091.986,146
g4_brio_bolam2_20260917_121124.mp4,2026-09-17T12:11:32.018749,1789665092.019,147
g4_brio_bolam2_20260917_121124.mp4,2026-09-17T12:11:32.053809,1789665092.054,148
g4_brio_bolam2_20260917_121124.mp4,2026-09-17T12:11:32.089576,1789665092.090,149
g4_brio_bolam2_20260917_121124.mp4,2026-09-17T12:11:32.125790,1789665092.126,150
g4_brio_bolam2_20260917_121124.mp4,2026-09-17T12:11:32.163375,1789665092.163,151
g4_brio_bolam2_20260917_121124.mp4,2026-09-17T12:11:32.198864,1789665092.199,152
g4_brio_bolam2_20260917_121124.mp4,2026-09-17T12:11:32.236145,1789665092.236,153
g4_brio_bolam2_20260917_121124.mp4,2026-09-17T12:11:32.273556,1789665092.274,154
g4_brio_bolam2_20260917_121124.mp4,2026-09-17T12:11:32.310843,1789665092.311,155
g4_brio_bolam2_20260917_121124.mp4,2026-09-17T12:11:32.343824,1789665092.344,156
g4_brio_bolam2_20260917_121124.mp4,2026-09-17T12:11:32.379198,1789665092.379,157
g4_brio_bolam2_20260917_121124.mp4,2026-09-17T12:11:32.414881,1789665092.415,158
g4_brio_bolam2_20260917_121124.mp4,2026-09-17T12:11:32.450529,1789665092.451,159
g4_brio_bolam2_20260917_121124.mp4,2026-09-17T12:11:32.485861,1789665092.486,160
g4_brio_bolam2_20260917_121124.mp4,2026-09-17T12:11:32.521597,1789665092.522,161
g4_brio_bolam2_20260917_121124.mp4,2026-09-17T12:11:32.557837,1789665092.558,162
g4_brio_bolam2_20260917_121124.mp4,2026-09-17T12:11:32.594055,1789665092.594,163
g4_brio_bolam2_20260917_121124.mp4,2026-09-17T12:11:32.629900,1789665092.630,164
g4_brio_bolam2_20260917_121124.mp4,2026-09-17T12:11:32.667014,1789665092.667,165
g4_brio_bolam2_20260917_121124.mp4,2026-09-17T12:11:32.708463,1789665092.708,166
g4_brio_bolam2_20260917_121124.mp4,2026-09-17T12:11:32.744130,1789665092.744,167
g4_brio_bolam2_20260917_121124.mp4,2026-09-17T12:11:32.782303,1789665092.782,168
g4_brio_bolam2_20260917_121124.mp4,2026-09-17T12:11:32.811105,1789665092.811,169
g4_brio_bolam2_20260917_121124.mp4,2026-09-17T12:11:32.845214,1789665092.845,170
g4_brio_bolam2_20260917_121124.mp4,2026-09-17T12:11:32.882782,1789665092.883,171
g4_brio_bolam2_20260917_121124.mp4,2026-09-17T12:11:32.918872,1789665092.919,172
g4_brio_bolam2_20260917_121124.mp4,2026-09-17T12:11:32.950095,1789665092.950,173
g4_brio_bolam2_20260917_121124.mp4,2026-09-17T12:11:32.989960,1789665092.990,174
g4_brio_bolam2_20260917_121124.mp4,2026-09-17T12:11:33.022249,1789665093.022,175
g4_brio_bolam2_20260917_121124.mp4,2026-09-17T12:11:33.058286,1789665093.058,176
g4_brio_bolam2_20260917_121124.mp4,2026-09-17T12:11:33.095018,1789665093.095,177
g4_brio_bolam2_20260917_121124.mp4,2026-09-17T12:11:33.131762,1789665093.132,178
g4_brio_bolam2_20260917_121124.mp4,2026-09-17T12:11:33.169280,1789665093.169,179
g4_brio_bolam2_20260917_121124.mp4,2026-09-17T12:11:33.205530,1789665093.206,180
g4_brio_bolam2_20260917_121124.mp4,2026-09-17T12:11:33.242213,1789665093.242,181
g4_brio_bolam2_20260917_121124.mp4,2026-09-17T12:11:33.276382,1789665093.276,182
g4_brio_bolam2_20260917_121124.mp4,2026-09-17T12:11:33.314114,1789665093.314,183
g4_brio_bolam2_20260917_121124.mp4,2026-09-17T12:11:33.347179,1789665093.347,184
g4_brio_bolam2_20260917_121124.mp4,2026-09-17T12:11:33.382176,1789665093.382,185
g4_brio_bolam2_20260917_121124.mp4,2026-09-17T12:11:33.419376,1789665093.419,186
g4_brio_bolam2_20260917_121124.mp4,2026-09-17T12:11:33.454968,1789665093.455,187
g4_brio_bolam2_20260917_121124.mp4,2026-09-17T12:11:33.489714,1789665093.490,188
g4_brio_bolam2_20260917_121124.mp4,2026-09-17T12:11:33.526525,1789665093.527,189
g4_brio_bolam2_20260917_121124.mp4,2026-09-17T12:11:33.562438,1789665093.562,190
g4_brio_bolam2_20260917_121124.mp4,2026-09-17T12:11:33.598282,1789665093.598,191
g4_brio_bolam2_20260917_121124.mp4,2026-09-17T12:11:33.634777,1789665093.635,192
g4_brio_bolam2_20260917_121124.mp4,2026-09-17T12:11:33.675768,1789665093.676,193
g4_brio_bolam2_20260917_121124.mp4,2026-09-17T12:11:33.711586,1789665093.712,194
g4_brio_bolam2_20260917_121124.mp4,2026-09-17T12:11:33.744409,1789665093.744,195
g4_brio_bolam2_20260917_121124.mp4,2026-09-17T12:11:33.778469,1789665093.778,196
g4_brio_bolam2_20260917_121124.mp4,2026-09-17T12:11:33.816353,1789665093.816,197
g4_brio_bolam2_20260917_121124.mp4,2026-09-17T12:11:33.850065,1789665093.850,198
g4_brio_bolam2_20260917_121124.mp4,2026-09-17T12:11:33.885688,1789665093.886,199
g4_brio_bolam2_20260917_121124.mp4,2026-09-17T12:11:33.922101,1789665093.922,200
g4_brio_bolam2_20260917_121124.mp4,2026-09-17T12:11:33.959976,1789665093.960,201
g4_brio_bolam2_20260917_121124.mp4,2026-09-17T12:11:33.994732,1789665093.995,202
g4_brio_bolam2_20260917_121124.mp4,2026-09-17T12:11:34.027440,1789665094.027,203
g4_brio_bolam2_20260917_121124.mp4,2026-09-17T12:11:34.068008,1789665094.068,204
g4_brio_bolam2_20260917_121124.mp4,2026-09-17T12:11:34.098616,1789665094.099,205
g4_brio_bolam2_20260917_121124.mp4,2026-09-17T12:11:34.139173,1789665094.139,206
g4_brio_bolam2_20260917_121124.mp4,2026-09-17T12:11:34.174010,1789665094.174,207
g4_brio_bolam2_20260917_121124.mp4,2026-09-17T12:11:34.210814,1789665094.211,208
g4_brio_bolam2_20260917_121124.mp4,2026-09-17T12:11:34.246507,1789665094.247,209
g4_brio_bolam2_20260917_121124.mp4,2026-09-17T12:11:34.278320,1789665094.278,210
g4_brio_bolam2_20260917_121124.mp4,2026-09-17T12:11:34.317138,1789665094.317,211
g4_brio_bolam2_20260917_121124.mp4,2026-09-17T12:11:34.350427,1789665094.350,212
g4_brio_bolam2_20260917_121124.mp4,2026-09-17T12:11:34.385896,1789665094.386,213
g4_brio_bolam2_20260917_121124.mp4,2026-09-17T12:11:34.421930,1789665094.422,214
g4_brio_bolam2_20260917_121124.mp4,2026-09-17T12:11:34.458642,1789665094.459,215
g4_brio_bolam2_20260917_121124.mp4,2026-09-17T12:11:34.495784,1789665094.496,216
g4_brio_bolam2_20260917_121124.mp4,2026-09-17T12:11:34.531111,1789665094.531,217
g4_brio_bolam2_20260917_121124.mp4,2026-09-17T12:11:34.566859,1789665094.567,218
g4_brio_bolam2_20260917_121124.mp4,2026-09-17T12:11:34.605975,1789665094.606,219
g4_brio_bolam2_20260917_121124.mp4,2026-09-17T12:11:34.642095,1789665094.642,220
g4_brio_bolam2_20260917_121124.mp4,2026-09-17T12:11:34.678740,1789665094.679,221
g4_brio_bolam2_20260917_121124.mp4,2026-09-17T12:11:34.715367,1789665094.715,222
g4_brio_bolam2_20260917_121124.mp4,2026-09-17T12:11:34.748070,1789665094.748,223
g4_brio_bolam2_20260917_121124.mp4,2026-09-17T12:11:34.782839,1789665094.783,224
g4_brio_bolam2_20260917_121124.mp4,2026-09-17T12:11:34.820454,1789665094.820,225
g4_brio_bolam2_20260917_121124.mp4,2026-09-17T12:11:34.853464,1789665094.853,226
g4_brio_bolam2_20260917_121124.mp4,2026-09-17T12:11:34.890774,1789665094.891,227
g4_brio_bolam2_20260917_121124.mp4,2026-09-17T12:11:34.925902,1789665094.926,228
g4_brio_bolam2_20260917_121124.mp4,2026-09-17T12:11:34.962140,1789665094.962,229
g4_brio_bolam2_20260917_121124.mp4,2026-09-17T12:11:34.994171,1789665094.994,230
g4_brio_bolam2_20260917_121124.mp4,2026-09-17T12:11:35.039558,1789665095.040,231
g4_brio_bolam2_20260917_121124.mp4,2026-09-17T12:11:35.067638,1789665095.068,232
g4_brio_bolam2_20260917_121124.mp4,2026-09-17T12:11:35.106783,1789665095.107,233
g4_brio_bolam2_20260917_121124.mp4,2026-09-17T12:11:35.142517,1789665095.143,234
g4_brio_bolam2_20260917_121124.mp4,2026-09-17T12:11:35.173836,1789665095.174,235
g4_brio_bolam2_20260917_121124.mp4,2026-09-17T12:11:35.216566,1789665095.217,236
g4_brio_bolam2_20260917_121124.mp4,2026-09-17T12:11:35.246983,1789665095.247,237
g4_brio_bolam2_20260917_121124.mp4,2026-09-17T12:11:35.283143,1789665095.283,238
g4_brio_bolam2_20260917_121124.mp4,2026-09-17T12:11:35.318786,1789665095.319,239
g4_brio_bolam2_20260917_121124.mp4,2026-09-17T12:11:35.358182,1789665095.358,240
g4_brio_bolam2_20260917_121124.mp4,2026-09-17T12:11:35.391299,1789665095.391,241
g4_brio_bolam2_20260917_121124.mp4,2026-09-17T12:11:35.428225,1789665095.428,242
g4_brio_bolam2_20260917_121124.mp4,2026-09-17T12:11:35.462342,1789665095.462,243
g4_brio_bolam2_20260917_121124.mp4,2026-09-17T12:11:35.502924,1789665095.503,244
g4_brio_bolam2_20260917_121124.mp4,2026-09-17T12:11:35.537864,1789665095.538,245
g4_brio_bolam2_20260917_121124.mp4,2026-09-17T12:11:35.574706,1789665095.575,246
g4_brio_bolam2_20260917_121124.mp4,2026-09-17T12:11:35.611332,1789665095.611,247
g4_brio_bolam2_20260917_121124.mp4,2026-09-17T12:11:35.645734,1789665095.646,248
g4_brio_bolam2_20260917_121124.mp4,2026-09-17T12:11:35.678856,1789665095.679,249
g4_brio_bolam2_20260917_121124.mp4,2026-09-17T12:11:35.715957,1789665095.716,250
g4_brio_bolam2_20260917_121124.mp4,2026-09-17T12:11:35.750406,1789665095.750,251
g4_brio_bolam2_20260917_121124.mp4,2026-09-17T12:11:35.786414,1789665095.786,252
g4_brio_bolam2_20260917_121124.mp4,2026-09-17T12:11:35.822255,1789665095.822,253
g4_brio_bolam2_20260917_121124.mp4,2026-09-17T12:11:35.857821,1789665095.858,254
g4_brio_bolam2_20260917_121124.mp4,2026-09-17T12:11:35.896129,1789665095.896,255
g4_brio_bolam2_20260917_121124.mp4,2026-09-17T12:11:35.932229,1789665095.932,256
g4_brio_bolam2_20260917_121124.mp4,2026-09-17T12:11:35.962763,1789665095.963,257
g4_brio_bolam2_20260917_121124.mp4,2026-09-17T12:11:36.006841,1789665096.007,258
g4_brio_bolam2_20260917_121124.mp4,2026-09-17T12:11:36.033716,1789665096.034,259
g4_brio_bolam2_20260917_121124.mp4,2026-09-17T12:11:36.075390,1789665096.075,260
g4_brio_bolam2_20260917_121124.mp4,2026-09-17T12:11:36.113985,1789665096.114,261
g4_brio_bolam2_20260917_121124.mp4,2026-09-17T12:11:36.144078,1789665096.144,262
g4_brio_bolam2_20260917_121124.mp4,2026-09-17T12:11:36.178679,1789665096.179,263
g4_brio_bolam2_20260917_121124.mp4,2026-09-17T12:11:36.216443,1789665096.216,264
g4_brio_bolam2_20260917_121124.mp4,2026-09-17T12:11:36.250602,1789665096.251,265
g4_brio_bolam2_20260917_121124.mp4,2026-09-17T12:11:36.285726,1789665096.286,266
g4_brio_bolam2_20260917_121124.mp4,2026-09-17T12:11:36.322018,1789665096.322,267
g4_brio_bolam2_20260917_121124.mp4,2026-09-17T12:11:36.358741,1789665096.359,268
g4_brio_bolam2_20260917_121124.mp4,2026-09-17T12:11:36.394522,1789665096.395,269
g4_brio_bolam2_20260917_121124.mp4,2026-09-17T12:11:36.437514,1789665096.438,270
g4_brio_bolam2_20260917_121124.mp4,2026-09-17T12:11:36.468402,1789665096.468,271
g4_brio_bolam2_20260917_121124.mp4,2026-09-17T12:11:36.505999,1789665096.506,272
g4_brio_bolam2_20260917_121124.mp4,2026-09-17T12:11:36.540588,1789665096.541,273
g4_brio_bolam2_20260917_121124.mp4,2026-09-17T12:11:36.578551,1789665096.579,274
g4_brio_bolam2_20260917_121124.mp4,2026-09-17T12:11:36.616080,1789665096.616,275
g4_brio_bolam2_20260917_121124.mp4,2026-09-17T12:11:36.647143,1789665096.647,276
g4_brio_bolam2_20260917_121124.mp4,2026-09-17T12:11:36.682512,1789665096.683,277
g4_brio_bolam2_20260917_121124.mp4,2026-09-17T12:11:36.719904,1789665096.720,278
g4_brio_bolam2_20260917_121124.mp4,2026-09-17T12:11:36.754293,1789665096.754,279
g4_brio_bolam2_20260917_121124.mp4,2026-09-17T12:11:36.790039,1789665096.790,280
g4_brio_bolam2_20260917_121124.mp4,2026-09-17T12:11:36.826182,1789665096.826,281
g4_brio_bolam2_20260917_121124.mp4,2026-09-17T12:11:36.867268,1789665096.867,282
g4_brio_bolam2_20260917_121124.mp4,2026-09-17T12:11:36.901427,1789665096.901,283
g4_brio_bolam2_20260917_121124.mp4,2026-09-17T12:11:36.938444,1789665096.938,284
g4_brio_bolam2_20260917_121124.mp4,2026-09-17T12:11:36.970845,1789665096.971,285
g4_brio_bolam2_20260917_121124.mp4,2026-09-17T12:11:37.011262,1789665097.011,286
g4_brio_bolam2_20260917_121124.mp4,2026-09-17T12:11:37.045445,1789665097.045,287
g4_brio_bolam2_20260917_121124.mp4,2026-09-17T12:11:37.079849,1789665097.080,288
g4_brio_bolam2_20260917_121124.mp4,2026-09-17T12:11:37.116809,1789665097.117,289
g4_brio_bolam2_20260917_121124.mp4,2026-09-17T12:11:37.147985,1789665097.148,290
g4_brio_bolam2_20260917_121124.mp4,2026-09-17T12:11:37.187691,1789665097.188,291
g4_brio_bolam2_20260917_121124.mp4,2026-09-17T12:11:37.218744,1789665097.219,292
g4_brio_bolam2_20260917_121124.mp4,2026-09-17T12:11:37.253837,1789665097.254,293
g4_brio_bolam2_20260917_121124.mp4,2026-09-17T12:11:37.289967,1789665097.290,294
g4_brio_bolam2_20260917_121124.mp4,2026-09-17T12:11:37.326618,1789665097.327,295
g4_brio_bolam2_20260917_121124.mp4,2026-09-17T12:11:37.366515,1789665097.367,296
g4_brio_bolam2_20260917_121124.mp4,2026-09-17T12:11:37.403790,1789665097.404,297
g4_brio_bolam2_20260917_121124.mp4,2026-09-17T12:11:37.439363,1789665097.439,298
g4_brio_bolam2_20260917_121124.mp4,2026-09-17T12:11:37.474794,1789665097.475,299
g4_brio_bolam2_20260917_121124.mp4,2026-09-17T12:11:37.510892,1789665097.511,300
g4_brio_bolam2_20260917_121124.mp4,2026-09-17T12:11:37.544977,1789665097.545,301
g4_brio_bolam2_20260917_121124.mp4,2026-09-17T12:11:37.579257,1789665097.579,302
g4_brio_bolam2_20260917_121124.mp4,2026-09-17T12:11:37.614920,1789665097.615,303
g4_brio_bolam2_20260917_121124.mp4,2026-09-17T12:11:37.650650,1789665097.651,304
g4_brio_bolam2_20260917_121124.mp4,2026-09-17T12:11:37.685974,1789665097.686,305
g4_brio_bolam2_20260917_121124.mp4,2026-09-17T12:11:37.721927,1789665097.722,306
g4_brio_bolam2_20260917_121124.mp4,2026-09-17T12:11:37.758206,1789665097.758,307
g4_brio_bolam2_20260917_121124.mp4,2026-09-17T12:11:37.794426,1789665097.794,308
g4_brio_bolam2_20260917_121124.mp4,2026-09-17T12:11:37.829928,1789665097.830,309
g4_brio_bolam2_20260917_121124.mp4,2026-09-17T12:11:37.871820,1789665097.872,310
g4_brio_bolam2_20260917_121124.mp4,2026-09-17T12:11:37.908407,1789665097.908,311
g4_brio_bolam2_20260917_121124.mp4,2026-09-17T12:11:37.943683,1789665097.944,312
g4_brio_bolam2_20260917_121124.mp4,2026-09-17T12:11:37.978091,1789665097.978,313
g4_brio_bolam2_20260917_121124.mp4,2026-09-17T12:11:38.015757,1789665098.016,314
g4_brio_bolam2_20260917_121124.mp4,2026-09-17T12:11:38.047745,1789665098.048,315
g4_brio_bolam2_20260917_121124.mp4,2026-09-17T12:11:38.082588,1789665098.083,316
g4_brio_bolam2_20260917_121124.mp4,2026-09-17T12:11:38.119705,1789665098.120,317
g4_brio_bolam2_20260917_121124.mp4,2026-09-17T12:11:38.154196,1789665098.154,318
g4_brio_bolam2_20260917_121124.mp4,2026-09-17T12:11:38.190474,1789665098.190,319
g4_brio_bolam2_20260917_121124.mp4,2026-09-17T12:11:38.221987,1789665098.222,320
g4_brio_bolam2_20260917_121124.mp4,2026-09-17T12:11:38.264172,1789665098.264,321
g4_brio_bolam2_20260917_121124.mp4,2026-09-17T12:11:38.296906,1789665098.297,322
g4_brio_bolam2_20260917_121124.mp4,2026-09-17T12:11:38.334361,1789665098.334,323
g4_brio_bolam2_20260917_121124.mp4,2026-09-17T12:11:38.372040,1789665098.372,324
g4_brio_bolam2_20260917_121124.mp4,2026-09-17T12:11:38.407501,1789665098.408,325
g4_brio_bolam2_20260917_121124.mp4,2026-09-17T12:11:38.443865,1789665098.444,326
g4_brio_bolam2_20260917_121124.mp4,2026-09-17T12:11:38.477673,1789665098.478,327
g4_brio_bolam2_20260917_121124.mp4,2026-09-17T12:11:38.514553,1789665098.515,328
g4_brio_bolam2_20260917_121124.mp4,2026-09-17T12:11:38.548242,1789665098.548,329
g4_brio_bolam2_20260917_121124.mp4,2026-09-17T12:11:38.581742,1789665098.582,330
g4_brio_bolam2_20260917_121124.mp4,2026-09-17T12:11:38.621640,1789665098.622,331
g4_brio_bolam2_20260917_121124.mp4,2026-09-17T12:11:38.654064,1789665098.654,332
g4_brio_bolam2_20260917_121124.mp4,2026-09-17T12:11:38.690598,1789665098.691,333
g4_brio_bolam2_20260917_121124.mp4,2026-09-17T12:11:38.727374,1789665098.727,334
g4_brio_bolam2_20260917_121124.mp4,2026-09-17T12:11:38.763711,1789665098.764,335
g4_brio_bolam2_20260917_121124.mp4,2026-09-17T12:11:38.802287,1789665098.802,336
g4_brio_bolam2_20260917_121124.mp4,2026-09-17T12:11:38.836469,1789665098.836,337
g4_brio_bolam2_20260917_121124.mp4,2026-09-17T12:11:38.875874,1789665098.876,338
g4_brio_bolam2_20260917_121124.mp4,2026-09-17T12:11:38.911452,1789665098.911,339
g4_brio_bolam2_20260917_121124.mp4,2026-09-17T12:11:38.944144,1789665098.944,340
g4_brio_bolam2_20260917_121124.mp4,2026-09-17T12:11:38.980517,1789665098.981,341
g4_brio_bolam2_20260917_121124.mp4,2026-09-17T12:11:39.017854,1789665099.018,342
g4_brio_bolam2_20260917_121124.mp4,2026-09-17T12:11:39.049816,1789665099.050,343
g4_brio_bolam2_20260917_121124.mp4,2026-09-17T12:11:39.086014,1789665099.086,344
g4_brio_bolam2_20260917_121124.mp4,2026-09-17T12:11:39.121851,1789665099.122,345
g4_brio_bolam2_20260917_121124.mp4,2026-09-17T12:11:39.157990,1789665099.158,346
g4_brio_bolam2_20260917_121124.mp4,2026-09-17T12:11:39.192802,1789665099.193,347
g4_brio_bolam2_20260917_121124.mp4,2026-09-17T12:11:39.234009,1789665099.234,348
g4_brio_bolam2_20260917_121124.mp4,2026-09-17T12:11:39.263998,1789665099.264,349
g4_brio_bolam2_20260917_121124.mp4,2026-09-17T12:11:39.300343,1789665099.300,350
g4_brio_bolam2_20260917_121124.mp4,2026-09-17T12:11:39.339057,1789665099.339,351
g4_brio_bolam2_20260917_121124.mp4,2026-09-17T12:11:39.370332,1789665099.370,352
g4_brio_bolam2_20260917_121124.mp4,2026-09-17T12:11:39.411926,1789665099.412,353
g4_brio_bolam2_20260917_121124.mp4,2026-09-17T12:11:39.447736,1789665099.448,354
g4_brio_bolam2_20260917_121124.mp4,2026-09-17T12:11:39.478588,1789665099.479,355
g4_brio_bolam2_20260917_121124.mp4,2026-09-17T12:11:39.517738,1789665099.518,356
g4_brio_bolam2_20260917_121124.mp4,2026-09-17T12:11:39.550218,1789665099.550,357
g4_brio_bolam2_20260917_121124.mp4,2026-09-17T12:11:39.585720,1789665099.586,358
g4_brio_bolam2_20260917_121124.mp4,2026-09-17T12:11:39.622296,1789665099.622,359
g4_brio_bolam2_20260917_121124.mp4,2026-09-17T12:11:39.658371,1789665099.658,360
g4_brio_bolam2_20260917_121124.mp4,2026-09-17T12:11:39.698546,1789665099.699,361
g4_brio_bolam2_20260917_121124.mp4,2026-09-17T12:11:39.734618,1789665099.735,362
g4_brio_bolam2_20260917_121124.mp4,2026-09-17T12:11:39.771619,1789665099.772,363
g4_brio_bolam2_20260917_121124.mp4,2026-09-17T12:11:39.807931,1789665099.808,364
g4_brio_bolam2_20260917_121124.mp4,2026-09-17T12:11:39.842873,1789665099.843,365
g4_brio_bolam2_20260917_121124.mp4,2026-09-17T12:11:39.876202,1789665099.876,366
g4_brio_bolam2_20260917_121124.mp4,2026-09-17T12:11:39.912761,1789665099.913,367
g4_brio_bolam2_20260917_121124.mp4,2026-09-17T12:11:39.947253,1789665099.947,368
g4_brio_bolam2_20260917_121124.mp4,2026-09-17T12:11:39.981988,1789665099.982,369
g4_brio_bolam2_20260917_121124.mp4,2026-09-17T12:11:40.019215,1789665100.019,370
g4_brio_bolam2_20260917_121124.mp4,2026-09-17T12:11:40.053499,1789665100.054,371
g4_brio_bolam2_20260917_121124.mp4,2026-09-17T12:11:40.089924,1789665100.090,372
g4_brio_bolam2_20260917_121124.mp4,2026-09-17T12:11:40.126871,1789665100.127,373
g4_brio_bolam2_20260917_121124.mp4,2026-09-17T12:11:40.160186,1789665100.160,374
g4_brio_bolam2_20260917_121124.mp4,2026-09-17T12:11:40.204838,1789665100.205,375
g4_brio_bolam2_20260917_121124.mp4,2026-09-17T12:11:40.231364,1789665100.231,376
g4_brio_bolam2_20260917_121124.mp4,2026-09-17T12:11:40.269973,1789665100.270,377
g4_brio_bolam2_20260917_121124.mp4,2026-09-17T12:11:40.308491,1789665100.309,378
g4_brio_bolam2_20260917_121124.mp4,2026-09-17T12:11:40.342992,1789665100.343,379
g4_brio_bolam2_20260917_121124.mp4,2026-09-17T12:11:40.378000,1789665100.378,380
g4_brio_bolam2_20260917_121124.mp4,2026-09-17T12:11:40.414491,1789665100.415,381
g4_brio_bolam2_20260917_121124.mp4,2026-09-17T12:11:40.448001,1789665100.448,382
g4_brio_bolam2_20260917_121124.mp4,2026-09-17T12:11:40.483233,1789665100.483,383
g4_brio_bolam2_20260917_121124.mp4,2026-09-17T12:11:40.519591,1789665100.520,384
g4_brio_bolam2_20260917_121124.mp4,2026-09-17T12:11:40.554331,1789665100.554,385
g4_brio_bolam2_20260917_121124.mp4,2026-09-17T12:11:40.591538,1789665100.592,386
g4_brio_bolam2_20260917_121124.mp4,2026-09-17T12:11:40.629210,1789665100.629,387
g4_brio_bolam2_20260917_121124.mp4,2026-09-17T12:11:40.665580,1789665100.666,388
g4_brio_bolam2_20260917_121124.mp4,2026-09-17T12:11:40.703685,1789665100.704,389
g4_brio_bolam2_20260917_121124.mp4,2026-09-17T12:11:40.738636,1789665100.739,390
g4_brio_bolam2_20260917_121124.mp4,2026-09-17T12:11:40.774394,1789665100.774,391
g4_brio_bolam2_20260917_121124.mp4,2026-09-17T12:11:40.810613,1789665100.811,392
g4_brio_bolam2_20260917_121124.mp4,2026-09-17T12:11:40.844287,1789665100.844,393
g4_brio_bolam2_20260917_121124.mp4,2026-09-17T12:11:40.881569,1789665100.882,394
g4_brio_bolam2_20260917_121124.mp4,2026-09-17T12:11:40.917807,1789665100.918,395
g4_brio_bolam2_20260917_121124.mp4,2026-09-17T12:11:40.950406,1789665100.950,396
g4_brio_bolam2_20260917_121124.mp4,2026-09-17T12:11:40.985634,1789665100.986,397
g4_brio_bolam2_20260917_121124.mp4,2026-09-17T12:11:41.022772,1789665101.023,398
g4_brio_bolam2_20260917_121124.mp4,2026-09-17T12:11:41.058559,1789665101.059,399
g4_brio_bolam2_20260917_121124.mp4,2026-09-17T12:11:41.094538,1789665101.095,400
g4_brio_bolam2_20260917_121124.mp4,2026-09-17T12:11:41.126739,1789665101.127,401
g4_brio_bolam2_20260917_121124.mp4,2026-09-17T12:11:41.174101,1789665101.174,402
g4_brio_bolam2_20260917_121124.mp4,2026-09-17T12:11:41.200720,1789665101.201,403
g4_brio_bolam2_20260917_121124.mp4,2026-09-17T12:11:41.241659,1789665101.242,404
g4_brio_bolam2_20260917_121124.mp4,2026-09-17T12:11:41.276180,1789665101.276,405
g4_brio_bolam2_20260917_121124.mp4,2026-09-17T12:11:41.310914,1789665101.311,406
g4_brio_bolam2_20260917_121124.mp4,2026-09-17T12:11:41.345385,1789665101.345,407
g4_brio_bolam2_20260917_121124.mp4,2026-09-17T12:11:41.380434,1789665101.380,408
g4_brio_bolam2_20260917_121124.mp4,2026-09-17T12:11:41.415620,1789665101.416,409
g4_brio_bolam2_20260917_121124.mp4,2026-09-17T12:11:41.449938,1789665101.450,410
g4_brio_bolam2_20260917_121124.mp4,2026-09-17T12:11:41.485834,1789665101.486,411
g4_brio_bolam2_20260917_121124.mp4,2026-09-17T12:11:41.522426,1789665101.522,412
g4_brio_bolam2_20260917_121124.mp4,2026-09-17T12:11:41.559535,1789665101.560,413
g4_brio_bolam2_20260917_121124.mp4,2026-09-17T12:11:41.599914,1789665101.600,414
g4_brio_bolam2_20260917_121124.mp4,2026-09-17T12:11:41.634267,1789665101.634,415
g4_brio_bolam2_20260917_121124.mp4,2026-09-17T12:11:41.667326,1789665101.667,416
g4_brio_bolam2_20260917_121124.mp4,2026-09-17T12:11:41.705521,1789665101.706,417
g4_brio_bolam2_20260917_121124.mp4,2026-09-17T12:11:41.743517,1789665101.744,418
g4_brio_bolam2_20260917_121124.mp4,2026-09-17T12:11:41.778585,1789665101.779,419
g4_brio_bolam2_20260917_121124.mp4,2026-09-17T12:11:41.815575,1789665101.816,420
g4_brio_bolam2_20260917_121124.mp4,2026-09-17T12:11:41.851990,1789665101.852,421
g4_brio_bolam2_20260917_121124.mp4,2026-09-17T12:11:41.877903,1789665101.878,422
g4_brio_bolam2_20260917_121124.mp4,2026-09-17T12:11:41.920592,1789665101.921,423
g4_brio_bolam2_20260917_121124.mp4,2026-09-17T12:11:41.953593,1789665101.954,424
g4_brio_bolam2_20260917_121124.mp4,2026-09-17T12:11:41.985588,1789665101.986,425
g4_brio_bolam2_20260917_121124.mp4,2026-09-17T12:11:42.025737,1789665102.026,426
g4_brio_bolam2_20260917_121124.mp4,2026-09-17T12:11:42.058294,1789665102.058,427
g4_brio_bolam2_20260917_121124.mp4,2026-09-17T12:11:42.097389,1789665102.097,428
g4_brio_bolam2_20260917_121124.mp4,2026-09-17T12:11:42.134017,1789665102.134,429
g4_brio_bolam2_20260917_121124.mp4,2026-09-17T12:11:42.170732,1789665102.171,430
g4_brio_bolam2_20260917_121124.mp4,2026-09-17T12:11:42.206349,1789665102.206,431
g4_brio_bolam2_20260917_121124.mp4,2026-09-17T12:11:42.242527,1789665102.243,432
g4_brio_bolam2_20260917_121124.mp4,2026-09-17T12:11:42.277152,1789665102.277,433
g4_brio_bolam2_20260917_121124.mp4,2026-09-17T12:11:42.310494,1789665102.311,434
g4_brio_bolam2_20260917_121124.mp4,2026-09-17T12:11:42.349262,1789665102.349,435
g4_brio_bolam2_20260917_121124.mp4,2026-09-17T12:11:42.382716,1789665102.383,436
g4_brio_bolam2_20260917_121124.mp4,2026-09-17T12:11:42.420228,1789665102.420,437
g4_brio_bolam2_20260917_121124.mp4,2026-09-17T12:11:42.453800,1789665102.454,438
g4_brio_bolam2_20260917_121124.mp4,2026-09-17T12:11:42.490705,1789665102.491,439
g4_brio_bolam2_20260917_121124.mp4,2026-09-17T12:11:42.528061,1789665102.528,440
g4_brio_bolam2_20260917_121124.mp4,2026-09-17T12:11:42.566777,1789665102.567,441
g4_brio_bolam2_20260917_121124.mp4,2026-09-17T12:11:42.603526,1789665102.604,442
g4_brio_bolam2_20260917_121124.mp4,2026-09-17T12:11:42.639638,1789665102.640,443
g4_brio_bolam2_20260917_121124.mp4,2026-09-17T12:11:42.675056,1789665102.675,444
g4_brio_bolam2_20260917_121124.mp4,2026-09-17T12:11:42.710608,1789665102.711,445
g4_brio_bolam2_20260917_121124.mp4,2026-09-17T12:11:42.748658,1789665102.749,446
g4_brio_bolam2_20260917_121124.mp4,2026-09-17T12:11:42.779362,1789665102.779,447
g4_brio_bolam2_20260917_121124.mp4,2026-09-17T12:11:42.818070,1789665102.818,448
g4_brio_bolam2_20260917_121124.mp4,2026-09-17T12:11:42.847127,1789665102.847,449
g4_brio_bolam2_20260917_121124.mp4,2026-09-17T12:11:42.886240,1789665102.886,450
g4_brio_bolam2_20260917_121124.mp4,2026-09-17T12:11:42.918948,1789665102.919,451
g4_brio_bolam2_20260917_121124.mp4,2026-09-17T12:11:42.953764,1789665102.954,452
g4_brio_bolam2_20260917_121124.mp4,2026-09-17T12:11:42.989861,1789665102.990,453
g4_brio_bolam2_20260917_121124.mp4,2026-09-17T12:11:43.026048,1789665103.026,454
g4_brio_bolam2_20260917_121124.mp4,2026-09-17T12:11:43.064659,1789665103.065,455
g4_brio_bolam2_20260917_121124.mp4,2026-09-17T12:11:43.103984,1789665103.104,456
g4_brio_bolam2_20260917_121124.mp4,2026-09-17T12:11:43.139452,1789665103.139,457
g4_brio_bolam2_20260917_121124.mp4,2026-09-17T12:11:43.171072,1789665103.171,458
g4_brio_bolam2_20260917_121124.mp4,2026-09-17T12:11:43.214899,1789665103.215,459
g4_brio_bolam2_20260917_121124.mp4,2026-09-17T12:11:43.246011,1789665103.246,460
g4_brio_bolam2_20260917_121124.mp4,2026-09-17T12:11:43.280796,1789665103.281,461
g4_brio_bolam2_20260917_121124.mp4,2026-09-17T12:11:43.318996,1789665103.319,462
g4_brio_bolam2_20260917_121124.mp4,2026-09-17T12:11:43.352393,1789665103.352,463
g4_brio_bolam2_20260917_121124.mp4,2026-09-17T12:11:43.385899,1789665103.386,464
g4_brio_bolam2_20260917_121124.mp4,2026-09-17T12:11:43.422600,1789665103.423,465
g4_brio_bolam2_20260917_121124.mp4,2026-09-17T12:11:43.458828,1789665103.459,466
g4_brio_bolam2_20260917_121124.mp4,2026-09-17T12:11:43.495742,1789665103.496,467
g4_brio_bolam2_20260917_121124.mp4,2026-09-17T12:11:43.534285,1789665103.534,468
g4_brio_bolam2_20260917_121124.mp4,2026-09-17T12:11:43.571025,1789665103.571,469
g4_brio_bolam2_20260917_121124.mp4,2026-09-17T12:11:43.607693,1789665103.608,470
g4_brio_bolam2_20260917_121124.mp4,2026-09-17T12:11:43.644244,1789665103.644,471
g4_brio_bolam2_20260917_121124.mp4,2026-09-17T12:11:43.677664,1789665103.678,472
g4_brio_bolam2_20260917_121124.mp4,2026-09-17T12:11:43.714875,1789665103.715,473
g4_brio_bolam2_20260917_121124.mp4,2026-09-17T12:11:43.747074,1789665103.747,474
g4_brio_bolam2_20260917_121124.mp4,2026-09-17T12:11:43.782989,1789665103.783,475
g4_brio_bolam2_20260917_121124.mp4,2026-09-17T12:11:43.820325,1789665103.820,476
g4_brio_bolam2_20260917_121124.mp4,2026-09-17T12:11:43.853689,1789665103.854,477
g4_brio_bolam2_20260917_121124.mp4,2026-09-17T12:11:43.890056,1789665103.890,478
g4_brio_bolam2_20260917_121124.mp4,2026-09-17T12:11:43.921885,1789665103.922,479
g4_brio_bolam2_20260917_121124.mp4,2026-09-17T12:11:43.964412,1789665103.964,480
g4_brio_bolam2_20260917_121124.mp4,2026-09-17T12:11:43.996141,1789665103.996,481
g4_brio_bolam2_20260917_121124.mp4,2026-09-17T12:11:44.034320,1789665104.034,482
g4_brio_bolam2_20260917_121124.mp4,2026-09-17T12:11:44.072590,1789665104.073,483
g4_brio_bolam2_20260917_121124.mp4,2026-09-17T12:11:44.105344,1789665104.105,484
g4_brio_bolam2_20260917_121124.mp4,2026-09-17T12:11:44.152603,1789665104.153,485
g4_brio_bolam2_20260917_121124.mp4,2026-09-17T12:11:44.179511,1789665104.180,486
g4_brio_bolam2_20260917_121124.mp4,2026-09-17T12:11:44.213087,1789665104.213,487
g4_brio_bolam2_20260917_121124.mp4,2026-09-17T12:11:44.247616,1789665104.248,488
g4_brio_bolam2_20260917_121124.mp4,2026-09-17T12:11:44.281759,1789665104.282,489
g4_brio_bolam2_20260917_121124.mp4,2026-09-17T12:11:44.330861,1789665104.331,490
g4_brio_bolam2_20260917_121124.mp4,2026-09-17T12:11:44.355730,1789665104.356,491
g4_brio_bolam2_20260917_121124.mp4,2026-09-17T12:11:44.391711,1789665104.392,492
g4_brio_bolam2_20260917_121124.mp4,2026-09-17T12:11:44.429116,1789665104.429,493
g4_brio_bolam2_20260917_121124.mp4,2026-09-17T12:11:44.463668,1789665104.464,494
g4_brio_bolam2_20260917_121124.mp4,2026-09-17T12:11:44.503228,1789665104.503,495
g4_brio_bolam2_20260917_121124.mp4,2026-09-17T12:11:44.537152,1789665104.537,496
g4_brio_bolam2_20260917_121124.mp4,2026-09-17T12:11:44.578647,1789665104.579,497
g4_brio_bolam2_20260917_121124.mp4,2026-09-17T12:11:44.610909,1789665104.611,498
g4_brio_bolam2_20260917_121124.mp4,2026-09-17T12:11:44.647667,1789665104.648,499
g4_brio_bolam2_20260917_121124.mp4,2026-09-17T12:11:44.678679,1789665104.679,500
g4_brio_bolam2_20260917_121124.mp4,2026-09-17T12:11:44.716090,1789665104.716,501
g4_brio_bolam2_20260917_121124.mp4,2026-09-17T12:11:44.751806,1789665104.752,502
g4_brio_bolam2_20260917_121124.mp4,2026-09-17T12:11:44.788463,1789665104.788,503
g4_brio_bolam2_20260917_121124.mp4,2026-09-17T12:11:44.822302,1789665104.822,504
g4_brio_bolam2_20260917_121124.mp4,2026-09-17T12:11:44.858962,1789665104.859,505
g4_brio_bolam2_20260917_121124.mp4,2026-09-17T12:11:44.892345,1789665104.892,506
g4_brio_bolam2_20260917_121124.mp4,2026-09-17T12:11:44.935036,1789665104.935,507
g4_brio_bolam2_20260917_121124.mp4,2026-09-17T12:11:44.963943,1789665104.964,508
g4_brio_bolam2_20260917_121124.mp4,2026-09-17T12:11:45.002355,1789665105.002,509
g4_brio_bolam2_20260917_121124.mp4,2026-09-17T12:11:45.039745,1789665105.040,510
g4_brio_bolam2_20260917_121124.mp4,2026-09-17T12:11:45.075171,1789665105.075,511
g4_brio_bolam2_20260917_121124.mp4,2026-09-17T12:11:45.110603,1789665105.111,512
g4_brio_bolam2_20260917_121124.mp4,2026-09-17T12:11:45.149008,1789665105.149,513
g4_brio_bolam2_20260917_121124.mp4,2026-09-17T12:11:45.182783,1789665105.183,514
g4_brio_bolam2_20260917_121124.mp4,2026-09-17T12:11:45.217426,1789665105.217,515
g4_brio_bolam2_20260917_121124.mp4,2026-09-17T12:11:45.250546,1789665105.251,516
g4_brio_bolam2_20260917_121124.mp4,2026-09-17T12:11:45.286500,1789665105.287,517
g4_brio_bolam2_20260917_121124.mp4,2026-09-17T12:11:45.323132,1789665105.323,518
g4_brio_bolam2_20260917_121124.mp4,2026-09-17T12:11:45.358501,1789665105.359,519
g4_brio_bolam2_20260917_121124.mp4,2026-09-17T12:11:45.394052,1789665105.394,520
g4_brio_bolam2_20260917_121124.mp4,2026-09-17T12:11:45.429600,1789665105.430,521
g4_brio_bolam2_20260917_121124.mp4,2026-09-17T12:11:45.465773,1789665105.466,522
g4_brio_bolam2_20260917_121124.mp4,2026-09-17T12:11:45.505072,1789665105.505,523
g4_brio_bolam2_20260917_121124.mp4,2026-09-17T12:11:45.540345,1789665105.540,524
g4_brio_bolam2_20260917_121124.mp4,2026-09-17T12:11:45.579445,1789665105.579,525
g4_brio_bolam2_20260917_121124.mp4,2026-09-17T12:11:45.612580,1789665105.613,526
g4_brio_bolam2_20260917_121124.mp4,2026-09-17T12:11:45.647528,1789665105.648,527
g4_brio_bolam2_20260917_121124.mp4,2026-09-17T12:11:45.681636,1789665105.682,528
g4_brio_bolam2_20260917_121124.mp4,2026-09-17T12:11:45.719130,1789665105.719,529
g4_brio_bolam2_20260917_121124.mp4,2026-09-17T12:11:45.750458,1789665105.750,530
g4_brio_bolam2_20260917_121124.mp4,2026-09-17T12:11:45.790343,1789665105.790,531
g4_brio_bolam2_20260917_121124.mp4,2026-09-17T12:11:45.821857,1789665105.822,532
g4_brio_bolam2_20260917_121124.mp4,2026-09-17T12:11:45.863461,1789665105.863,533
g4_brio_bolam2_20260917_121124.mp4,2026-09-17T12:11:45.895193,1789665105.895,534
g4_brio_bolam2_20260917_121124.mp4,2026-09-17T12:11:45.935065,1789665105.935,535
g4_brio_bolam2_20260917_121124.mp4,2026-09-17T12:11:45.973340,1789665105.973,536
g4_brio_bolam2_20260917_121124.mp4,2026-09-17T12:11:46.006751,1789665106.007,537
g4_brio_bolam2_20260917_121124.mp4,2026-09-17T12:11:46.043162,1789665106.043,538
g4_brio_bolam2_20260917_121124.mp4,2026-09-17T12:11:46.077811,1789665106.078,539
g4_brio_bolam2_20260917_121124.mp4,2026-09-17T12:11:46.115695,1789665106.116,540
g4_brio_bolam2_20260917_121124.mp4,2026-09-17T12:11:46.147447,1789665106.147,541
g4_brio_bolam2_20260917_121124.mp4,2026-09-17T12:11:46.183067,1789665106.183,542
g4_brio_bolam2_20260917_121124.mp4,2026-09-17T12:11:46.218038,1789665106.218,543
g4_brio_bolam2_20260917_121124.mp4,2026-09-17T12:11:46.253852,1789665106.254,544
g4_brio_bolam2_20260917_121124.mp4,2026-09-17T12:11:46.290200,1789665106.290,545
g4_brio_bolam2_20260917_121124.mp4,2026-09-17T12:11:46.325819,1789665106.326,546
g4_brio_bolam2_20260917_121124.mp4,2026-09-17T12:11:46.361759,1789665106.362,547
g4_brio_bolam2_20260917_121124.mp4,2026-09-17T12:11:46.403656,1789665106.404,548
g4_brio_bolam2_20260917_121124.mp4,2026-09-17T12:11:46.438536,1789665106.439,549
g4_brio_bolam2_20260917_121124.mp4,2026-09-17T12:11:46.473494,1789665106.474,550
g4_brio_bolam2_20260917_121124.mp4,2026-09-17T12:11:46.509569,1789665106.510,551
g4_brio_bolam2_20260917_121124.mp4,2026-09-17T12:11:46.545648,1789665106.546,552
g4_brio_bolam2_20260917_121124.mp4,2026-09-17T12:11:46.579554,1789665106.580,553
g4_brio_bolam2_20260917_121124.mp4,2026-09-17T12:11:46.615036,1789665106.615,554
g4_brio_bolam2_20260917_121124.mp4,2026-09-17T12:11:46.651018,1789665106.651,555
g4_brio_bolam2_20260917_121124.mp4,2026-09-17T12:11:46.684423,1789665106.684,556
g4_brio_bolam2_20260917_121124.mp4,2026-09-17T12:11:46.717831,1789665106.718,557
g4_brio_bolam2_20260917_121124.mp4,2026-09-17T12:11:46.754074,1789665106.754,558
g4_brio_bolam2_20260917_121124.mp4,2026-09-17T12:11:46.790835,1789665106.791,559
g4_brio_bolam2_20260917_121124.mp4,2026-09-17T12:11:46.825904,1789665106.826,560
g4_brio_bolam2_20260917_121124.mp4,2026-09-17T12:11:46.861770,1789665106.862,561
g4_brio_bolam2_20260917_121124.mp4,2026-09-17T12:11:46.898773,1789665106.899,562
g4_brio_bolam2_20260917_121124.mp4,2026-09-17T12:11:46.941571,1789665106.942,563
g4_brio_bolam2_20260917_121124.mp4,2026-09-17T12:11:46.975688,1789665106.976,564
g4_brio_bolam2_20260917_121124.mp4,2026-09-17T12:11:47.009886,1789665107.010,565
g4_brio_bolam2_20260917_121124.mp4,2026-09-17T12:11:47.045725,1789665107.046,566
g4_brio_bolam2_20260917_121124.mp4,2026-09-17T12:11:47.078830,1789665107.079,567
g4_brio_bolam2_20260917_121124.mp4,2026-09-17T12:11:47.115194,1789665107.115,568
g4_brio_bolam2_20260917_121124.mp4,2026-09-17T12:11:47.150883,1789665107.151,569
g4_brio_bolam2_20260917_121124.mp4,2026-09-17T12:11:47.185842,1789665107.186,570
g4_brio_bolam2_20260917_121124.mp4,2026-09-17T12:11:47.221852,1789665107.222,571
g4_brio_bolam2_20260917_121124.mp4,2026-09-17T12:11:47.257936,1789665107.258,572
g4_brio_bolam2_20260917_121124.mp4,2026-09-17T12:11:47.300482,1789665107.300,573
g4_brio_bolam2_20260917_121124.mp4,2026-09-17T12:11:47.333101,1789665107.333,574
g4_brio_bolam2_20260917_121124.mp4,2026-09-17T12:11:47.367956,1789665107.368,575
g4_brio_bolam2_20260917_121124.mp4,2026-09-17T12:11:47.405328,1789665107.405,576
g4_brio_bolam2_20260917_121124.mp4,2026-09-17T12:11:47.438700,1789665107.439,577
g4_brio_bolam2_20260917_121124.mp4,2026-09-17T12:11:47.474897,1789665107.475,578
g4_brio_bolam2_20260917_121124.mp4,2026-09-17T12:11:47.518514,1789665107.519,579
g4_brio_bolam2_20260917_121124.mp4,2026-09-17T12:11:47.542475,1789665107.542,580
g4_brio_bolam2_20260917_121124.mp4,2026-09-17T12:11:47.580123,1789665107.580,581
g4_brio_bolam2_20260917_121124.mp4,2026-09-17T12:11:47.619051,1789665107.619,582
g4_brio_bolam2_20260917_121124.mp4,2026-09-17T12:11:47.650725,1789665107.651,583
g4_brio_bolam2_20260917_121124.mp4,2026-09-17T12:11:47.685955,1789665107.686,584
g4_brio_bolam2_20260917_121124.mp4,2026-09-17T12:11:47.722477,1789665107.722,585
g4_brio_bolam2_20260917_121124.mp4,2026-09-17T12:11:47.758380,1789665107.758,586
g4_brio_bolam2_20260917_121124.mp4,2026-09-17T12:11:47.794186,1789665107.794,587
g4_brio_bolam2_20260917_121124.mp4,2026-09-17T12:11:47.830113,1789665107.830,588
g4_brio_bolam2_20260917_121124.mp4,2026-09-17T12:11:47.872625,1789665107.873,589
g4_brio_bolam2_20260917_121124.mp4,2026-09-17T12:11:47.906477,1789665107.906,590
g4_brio_bolam2_20260917_121124.mp4,2026-09-17T12:11:47.942441,1789665107.942,591
g4_brio_bolam2_20260917_121124.mp4,2026-09-17T12:11:47.981649,1789665107.982,592
g4_brio_bolam2_20260917_121124.mp4,2026-09-17T12:11:48.014328,1789665108.014,593
g4_brio_bolam2_20260917_121124.mp4,2026-09-17T12:11:48.048496,1789665108.049,594
g4_brio_bolam2_20260917_121124.mp4,2026-09-17T12:11:48.082521,1789665108.083,595
g4_brio_bolam2_20260917_121124.mp4,2026-09-17T12:11:48.119637,1789665108.120,596
g4_brio_bolam2_20260917_121124.mp4,2026-09-17T12:11:48.153787,1789665108.154,597
g4_brio_bolam2_20260917_121124.mp4,2026-09-17T12:11:48.190155,1789665108.190,598
g4_brio_bolam2_20260917_121124.mp4,2026-09-17T12:11:48.227356,1789665108.227,599
g4_brio_bolam2_20260917_121124.mp4,2026-09-17T12:11:48.262793,1789665108.263,600
g4_brio_bolam2_20260917_121124.mp4,2026-09-17T12:11:48.302897,1789665108.303,601
g4_brio_bolam2_20260917_121124.mp4,2026-09-17T12:11:48.330826,1789665108.331,602
g4_brio_bolam2_20260917_121124.mp4,2026-09-17T12:11:48.377969,1789665108.378,603
g4_brio_bolam2_20260917_121124.mp4,2026-09-17T12:11:48.405350,1789665108.405,604
g4_brio_bolam2_20260917_121124.mp4,2026-09-17T12:11:48.442023,1789665108.442,605
g4_brio_bolam2_20260917_121124.mp4,2026-09-17T12:11:48.479374,1789665108.479,606
g4_brio_bolam2_20260917_121124.mp4,2026-09-17T12:11:48.515089,1789665108.515,607
g4_brio_bolam2_20260917_121124.mp4,2026-09-17T12:11:48.548080,1789665108.548,608
g4_brio_bolam2_20260917_121124.mp4,2026-09-17T12:11:48.582353,1789665108.582,609
g4_brio_bolam2_20260917_121124.mp4,2026-09-17T12:11:48.619640,1789665108.620,610
g4_brio_bolam2_20260917_121124.mp4,2026-09-17T12:11:48.658211,1789665108.658,611
g4_brio_bolam2_20260917_121124.mp4,2026-09-17T12:11:48.690279,1789665108.690,612
g4_brio_bolam2_20260917_121124.mp4,2026-09-17T12:11:48.727093,1789665108.727,613
g4_brio_bolam2_20260917_121124.mp4,2026-09-17T12:11:48.764665,1789665108.765,614
g4_brio_bolam2_20260917_121124.mp4,2026-09-17T12:11:48.798479,1789665108.798,615
g4_brio_bolam2_20260917_121124.mp4,2026-09-17T12:11:48.834371,1789665108.834,616
g4_brio_bolam2_20260917_121124.mp4,2026-09-17T12:11:48.870562,1789665108.871,617
g4_brio_bolam2_20260917_121124.mp4,2026-09-17T12:11:48.910252,1789665108.910,618
g4_brio_bolam2_20260917_121124.mp4,2026-09-17T12:11:48.944800,1789665108.945,619
g4_brio_bolam2_20260917_121124.mp4,2026-09-17T12:11:48.979084,1789665108.979,620
g4_brio_bolam2_20260917_121124.mp4,2026-09-17T12:11:49.018392,1789665109.018,621
g4_brio_bolam2_20260917_121124.mp4,2026-09-17T12:11:49.049991,1789665109.050,622
g4_brio_bolam2_20260917_121124.mp4,2026-09-17T12:11:49.082289,1789665109.082,623
g4_brio_bolam2_20260917_121124.mp4,2026-09-17T12:11:49.122135,1789665109.122,624
g4_brio_bolam2_20260917_121124.mp4,2026-09-17T12:11:49.154587,1789665109.155,625
g4_brio_bolam2_20260917_121124.mp4,2026-09-17T12:11:49.189713,1789665109.190,626
g4_brio_bolam2_20260917_121124.mp4,2026-09-17T12:11:49.225551,1789665109.226,627
g4_brio_bolam2_20260917_121124.mp4,2026-09-17T12:11:49.261652,1789665109.262,628
g4_brio_bolam2_20260917_121124.mp4,2026-09-17T12:11:49.302800,1789665109.303,629
g4_brio_bolam2_20260917_121124.mp4,2026-09-17T12:11:49.339011,1789665109.339,630
g4_brio_bolam2_20260917_121124.mp4,2026-09-17T12:11:49.374498,1789665109.375,631
g4_brio_bolam2_20260917_121124.mp4,2026-09-17T12:11:49.410302,1789665109.410,632
g4_brio_bolam2_20260917_121124.mp4,2026-09-17T12:11:49.443704,1789665109.444,633
g4_brio_bolam2_20260917_121124.mp4,2026-09-17T12:11:49.479816,1789665109.480,634
g4_brio_bolam2_20260917_121124.mp4,2026-09-17T12:11:49.518209,1789665109.518,635
g4_brio_bolam2_20260917_121124.mp4,2026-09-17T12:11:49.550693,1789665109.551,636
g4_brio_bolam2_20260917_121124.mp4,2026-09-17T12:11:49.586393,1789665109.586,637
g4_brio_bolam2_20260917_121124.mp4,2026-09-17T12:11:49.623740,1789665109.624,638
g4_brio_bolam2_20260917_121124.mp4,2026-09-17T12:11:49.660413,1789665109.660,639
g4_brio_bolam2_20260917_121124.mp4,2026-09-17T12:11:49.698612,1789665109.699,640
g4_brio_bolam2_20260917_121124.mp4,2026-09-17T12:11:49.728499,1789665109.729,641
g4_brio_bolam2_20260917_121124.mp4,2026-09-17T12:11:49.773525,1789665109.774,642
g4_brio_bolam2_20260917_121124.mp4,2026-09-17T12:11:49.798843,1789665109.799,643
g4_brio_bolam2_20260917_121124.mp4,2026-09-17T12:11:49.839933,1789665109.840,644
g4_brio_bolam2_20260917_121124.mp4,2026-09-17T12:11:49.872559,1789665109.873,645
g4_brio_bolam2_20260917_121124.mp4,2026-09-17T12:11:49.911020,1789665109.911,646
g4_brio_bolam2_20260917_121124.mp4,2026-09-17T12:11:49.942571,1789665109.943,647
g4_brio_bolam2_20260917_121124.mp4,2026-09-17T12:11:49.980535,1789665109.981,648
g4_brio_bolam2_20260917_121124.mp4,2026-09-17T12:11:50.015004,1789665110.015,649
g4_brio_bolam2_20260917_121124.mp4,2026-09-17T12:11:50.050200,1789665110.050,650
g4_brio_bolam2_20260917_121124.mp4,2026-09-17T12:11:50.086044,1789665110.086,651
g4_brio_bolam2_20260917_121124.mp4,2026-09-17T12:11:50.122582,1789665110.123,652
g4_brio_bolam2_20260917_121124.mp4,2026-09-17T12:11:50.159103,1789665110.159,653
g4_brio_bolam2_20260917_121124.mp4,2026-09-17T12:11:50.198792,1789665110.199,654
g4_brio_bolam2_20260917_121124.mp4,2026-09-17T12:11:50.234014,1789665110.234,655
g4_brio_bolam2_20260917_121124.mp4,2026-09-17T12:11:50.269849,1789665110.270,656
g4_brio_bolam2_20260917_121124.mp4,2026-09-17T12:11:50.307212,1789665110.307,657
g4_brio_bolam2_20260917_121124.mp4,2026-09-17T12:11:50.343145,1789665110.343,658
g4_brio_bolam2_20260917_121124.mp4,2026-09-17T12:11:50.377464,1789665110.377,659
g4_brio_bolam2_20260917_121124.mp4,2026-09-17T12:11:50.415224,1789665110.415,660
g4_brio_bolam2_20260917_121124.mp4,2026-09-17T12:11:50.446962,1789665110.447,661
g4_brio_bolam2_20260917_121124.mp4,2026-09-17T12:11:50.481728,1789665110.482,662
g4_brio_bolam2_20260917_121124.mp4,2026-09-17T12:11:50.518491,1789665110.519,663
g4_brio_bolam2_20260917_121124.mp4,2026-09-17T12:11:50.554673,1789665110.555,664
g4_brio_bolam2_20260917_121124.mp4,2026-09-17T12:11:50.587500,1789665110.588,665
g4_brio_bolam2_20260917_121124.mp4,2026-09-17T12:11:50.627072,1789665110.627,666
g4_brio_bolam2_20260917_121124.mp4,2026-09-17T12:11:50.658864,1789665110.659,667
g4_brio_bolam2_20260917_121124.mp4,2026-09-17T12:11:50.697601,1789665110.698,668
g4_brio_bolam2_20260917_121124.mp4,2026-09-17T12:11:50.734759,1789665110.735,669
g4_brio_bolam2_20260917_121124.mp4,2026-09-17T12:11:50.771710,1789665110.772,670
g4_brio_bolam2_20260917_121124.mp4,2026-09-17T12:11:50.807287,1789665110.807,671
g4_brio_bolam2_20260917_121124.mp4,2026-09-17T12:11:50.843330,1789665110.843,672
g4_brio_bolam2_20260917_121124.mp4,2026-09-17T12:11:50.877226,1789665110.877,673
g4_brio_bolam2_20260917_121124.mp4,2026-09-17T12:11:50.915867,1789665110.916,674
g4_brio_bolam2_20260917_121124.mp4,2026-09-17T12:11:50.947467,1789665110.947,675
g4_brio_bolam2_20260917_121124.mp4,2026-09-17T12:11:50.983080,1789665110.983,676
g4_brio_bolam2_20260917_121124.mp4,2026-09-17T12:11:51.018596,1789665111.019,677
g4_brio_bolam2_20260917_121124.mp4,2026-09-17T12:11:51.054907,1789665111.055,678
g4_brio_bolam2_20260917_121124.mp4,2026-09-17T12:11:51.090289,1789665111.090,679
g4_brio_bolam2_20260917_121124.mp4,2026-09-17T12:11:51.125913,1789665111.126,680
g4_brio_bolam2_20260917_121124.mp4,2026-09-17T12:11:51.165013,1789665111.165,681
g4_brio_bolam2_20260917_121124.mp4,2026-09-17T12:11:51.201980,1789665111.202,682
g4_brio_bolam2_20260917_121124.mp4,2026-09-17T12:11:51.238323,1789665111.238,683
g4_brio_bolam2_20260917_121124.mp4,2026-09-17T12:11:51.274654,1789665111.275,684
g4_brio_bolam2_20260917_121124.mp4,2026-09-17T12:11:51.312756,1789665111.313,685
g4_brio_bolam2_20260917_121124.mp4,2026-09-17T12:11:51.341045,1789665111.341,686
g4_brio_bolam2_20260917_121124.mp4,2026-09-17T12:11:51.379548,1789665111.380,687
g4_brio_bolam2_20260917_121124.mp4,2026-09-17T12:11:51.413745,1789665111.414,688
g4_brio_bolam2_20260917_121124.mp4,2026-09-17T12:11:51.446734,1789665111.447,689
g4_brio_bolam2_20260917_121124.mp4,2026-09-17T12:11:51.481938,1789665111.482,690
g4_brio_bolam2_20260917_121124.mp4,2026-09-17T12:11:51.518122,1789665111.518,691
g4_brio_bolam2_20260917_121124.mp4,2026-09-17T12:11:51.554768,1789665111.555,692
g4_brio_bolam2_20260917_121124.mp4,2026-09-17T12:11:51.589698,1789665111.590,693
g4_brio_bolam2_20260917_121124.mp4,2026-09-17T12:11:51.625887,1789665111.626,694
g4_brio_bolam2_20260917_121124.mp4,2026-09-17T12:11:51.661705,1789665111.662,695
g4_brio_bolam2_20260917_121124.mp4,2026-09-17T12:11:51.704122,1789665111.704,696
g4_brio_bolam2_20260917_121124.mp4,2026-09-17T12:11:51.738342,1789665111.738,697
g4_brio_bolam2_20260917_121124.mp4,2026-09-17T12:11:51.772935,1789665111.773,698
g4_brio_bolam2_20260917_121124.mp4,2026-09-17T12:11:51.809525,1789665111.810,699
g4_brio_bolam2_20260917_121124.mp4,2026-09-17T12:11:51.843115,1789665111.843,700
g4_brio_bolam2_20260917_121124.mp4,2026-09-17T12:11:51.880410,1789665111.880,701
g4_brio_bolam2_20260917_121124.mp4,2026-09-17T12:11:51.917110,1789665111.917,702
g4_brio_bolam2_20260917_121124.mp4,2026-09-17T12:11:51.949831,1789665111.950,703
g4_brio_bolam2_20260917_121124.mp4,2026-09-17T12:11:51.985572,1789665111.986,704
g4_brio_bolam2_20260917_121124.mp4,2026-09-17T12:11:52.022219,1789665112.022,705
g4_brio_bolam2_20260917_121124.mp4,2026-09-17T12:11:52.058431,1789665112.058,706
g4_brio_bolam2_20260917_121124.mp4,2026-09-17T12:11:52.091697,1789665112.092,707
g4_brio_bolam2_20260917_121124.mp4,2026-09-17T12:11:52.132842,1789665112.133,708
g4_brio_bolam2_20260917_121124.mp4,2026-09-17T12:11:52.164003,1789665112.164,709
g4_brio_bolam2_20260917_121124.mp4,2026-09-17T12:11:52.202737,1789665112.203,710
g4_brio_bolam2_20260917_121124.mp4,2026-09-17T12:11:52.237397,1789665112.237,711
g4_brio_bolam2_20260917_121124.mp4,2026-09-17T12:11:52.273210,1789665112.273,712
g4_brio_bolam2_20260917_121124.mp4,2026-09-17T12:11:52.310341,1789665112.310,713
g4_brio_bolam2_20260917_121124.mp4,2026-09-17T12:11:52.343939,1789665112.344,714
g4_brio_bolam2_20260917_121124.mp4,2026-09-17T12:11:52.378677,1789665112.379,715
g4_brio_bolam2_20260917_121124.mp4,2026-09-17T12:11:52.414606,1789665112.415,716
g4_brio_bolam2_20260917_121124.mp4,2026-09-17T12:11:52.449833,1789665112.450,717
g4_brio_bolam2_20260917_121124.mp4,2026-09-17T12:11:52.485674,1789665112.486,718
g4_brio_bolam2_20260917_121124.mp4,2026-09-17T12:11:52.522161,1789665112.522,719
g4_brio_bolam2_20260917_121124.mp4,2026-09-17T12:11:52.557522,1789665112.558,720
g4_brio_bolam2_20260917_121124.mp4,2026-09-17T12:11:52.593697,1789665112.594,721
g4_brio_bolam2_20260917_121124.mp4,2026-09-17T12:11:52.633381,1789665112.633,722
g4_brio_bolam2_20260917_121124.mp4,2026-09-17T12:11:52.670194,1789665112.670,723
g4_brio_bolam2_20260917_121124.mp4,2026-09-17T12:11:52.706224,1789665112.706,724
g4_brio_bolam2_20260917_121124.mp4,2026-09-17T12:11:52.743309,1789665112.743,725
g4_brio_bolam2_20260917_121124.mp4,2026-09-17T12:11:52.777531,1789665112.778,726
g4_brio_bolam2_20260917_121124.mp4,2026-09-17T12:11:52.813649,1789665112.814,727
g4_brio_bolam2_20260917_121124.mp4,2026-09-17T12:11:52.847808,1789665112.848,728
g4_brio_bolam2_20260917_121124.mp4,2026-09-17T12:11:52.882144,1789665112.882,729
g4_brio_bolam2_20260917_121124.mp4,2026-09-17T12:11:52.919355,1789665112.919,730
g4_brio_bolam2_20260917_121124.mp4,2026-09-17T12:11:52.950017,1789665112.950,731
g4_brio_bolam2_20260917_121124.mp4,2026-09-17T12:11:52.991528,1789665112.992,732
g4_brio_bolam2_20260917_121124.mp4,2026-09-17T12:11:53.023226,1789665113.023,733
g4_brio_bolam2_20260917_121124.mp4,2026-09-17T12:11:53.059157,1789665113.059,734
g4_brio_bolam2_20260917_121124.mp4,2026-09-17T12:11:53.105922,1789665113.106,735
g4_brio_bolam2_20260917_121124.mp4,2026-09-17T12:11:53.137100,1789665113.137,736
g4_brio_bolam2_20260917_121124.mp4,2026-09-17T12:11:53.169156,1789665113.169,737
g4_brio_bolam2_20260917_121124.mp4,2026-09-17T12:11:53.213893,1789665113.214,738
g4_brio_bolam2_20260917_121124.mp4,2026-09-17T12:11:53.239715,1789665113.240,739
g4_brio_bolam2_20260917_121124.mp4,2026-09-17T12:11:53.277882,1789665113.278,740
g4_brio_bolam2_20260917_121124.mp4,2026-09-17T12:11:53.315090,1789665113.315,741
g4_brio_bolam2_20260917_121124.mp4,2026-09-17T12:11:53.346918,1789665113.347,742
g4_brio_bolam2_20260917_121124.mp4,2026-09-17T12:11:53.382115,1789665113.382,743
g4_brio_bolam2_20260917_121124.mp4,2026-09-17T12:11:53.417614,1789665113.418,744
g4_brio_bolam2_20260917_121124.mp4,2026-09-17T12:11:53.453717,1789665113.454,745
g4_brio_bolam2_20260917_121124.mp4,2026-09-17T12:11:53.489693,1789665113.490,746
g4_brio_bolam2_20260917_121124.mp4,2026-09-17T12:11:53.525945,1789665113.526,747
g4_brio_bolam2_20260917_121124.mp4,2026-09-17T12:11:53.562891,1789665113.563,748
g4_brio_bolam2_20260917_121124.mp4,2026-09-17T12:11:53.600993,1789665113.601,749
g4_brio_bolam2_20260917_121124.mp4,2026-09-17T12:11:53.634157,1789665113.634,750
g4_brio_bolam2_20260917_121124.mp4,2026-09-17T12:11:53.676609,1789665113.677,751
g4_brio_bolam2_20260917_121124.mp4,2026-09-17T12:11:53.709720,1789665113.710,752
g4_brio_bolam2_20260917_121124.mp4,2026-09-17T12:11:53.744500,1789665113.745,753
g4_brio_bolam2_20260917_121124.mp4,2026-09-17T12:11:53.778780,1789665113.779,754
g4_brio_bolam2_20260917_121124.mp4,2026-09-17T12:11:53.816102,1789665113.816,755
g4_brio_bolam2_20260917_121124.mp4,2026-09-17T12:11:53.849737,1789665113.850,756
g4_brio_bolam2_20260917_121124.mp4,2026-09-17T12:11:53.885830,1789665113.886,757
g4_brio_bolam2_20260917_121124.mp4,2026-09-17T12:11:53.918448,1789665113.918,758
g4_brio_bolam2_20260917_121124.mp4,2026-09-17T12:11:53.957911,1789665113.958,759
g4_brio_bolam2_20260917_121124.mp4,2026-09-17T12:11:53.991085,1789665113.991,760
g4_brio_bolam2_20260917_121124.mp4,2026-09-17T12:11:54.026610,1789665114.027,761
g4_brio_bolam2_20260917_121124.mp4,2026-09-17T12:11:54.065403,1789665114.065,762
g4_brio_bolam2_20260917_121124.mp4,2026-09-17T12:11:54.101592,1789665114.102,763
g4_brio_bolam2_20260917_121124.mp4,2026-09-17T12:11:54.138390,1789665114.138,764
g4_brio_bolam2_20260917_121124.mp4,2026-09-17T12:11:54.170277,1789665114.170,765
g4_brio_bolam2_20260917_121124.mp4,2026-09-17T12:11:54.209523,1789665114.210,766
g4_brio_bolam2_20260917_121124.mp4,2026-09-17T12:11:54.246433,1789665114.246,767
g4_brio_bolam2_20260917_121124.mp4,2026-09-17T12:11:54.278717,1789665114.279,768
g4_brio_bolam2_20260917_121124.mp4,2026-09-17T12:11:54.317905,1789665114.318,769
g4_brio_bolam2_20260917_121124.mp4,2026-09-17T12:11:54.350331,1789665114.350,770
g4_brio_bolam2_20260917_121124.mp4,2026-09-17T12:11:54.386850,1789665114.387,771
g4_brio_bolam2_20260917_121124.mp4,2026-09-17T12:11:54.421800,1789665114.422,772
g4_brio_bolam2_20260917_121124.mp4,2026-09-17T12:11:54.458046,1789665114.458,773
g4_brio_bolam2_20260917_121124.mp4,2026-09-17T12:11:54.497206,1789665114.497,774
g4_brio_bolam2_20260917_121124.mp4,2026-09-17T12:11:54.532814,1789665114.533,775
g4_brio_bolam2_20260917_121124.mp4,2026-09-17T12:11:54.566148,1789665114.566,776
g4_brio_bolam2_20260917_121124.mp4,2026-09-17T12:11:54.609663,1789665114.610,777
g4_brio_bolam2_20260917_121124.mp4,2026-09-17T12:11:54.637049,1789665114.637,778
g4_brio_bolam2_20260917_121124.mp4,2026-09-17T12:11:54.675968,1789665114.676,779
g4_brio_bolam2_20260917_121124.mp4,2026-09-17T12:11:54.710646,1789665114.711,780
g4_brio_bolam2_20260917_121124.mp4,2026-09-17T12:11:54.746591,1789665114.747,781
g4_brio_bolam2_20260917_121124.mp4,2026-09-17T12:11:54.779269,1789665114.779,782
g4_brio_bolam2_20260917_121124.mp4,2026-09-17T12:11:54.815659,1789665114.816,783
g4_brio_bolam2_20260917_121124.mp4,2026-09-17T12:11:54.850332,1789665114.850,784
g4_brio_bolam2_20260917_121124.mp4,2026-09-17T12:11:54.886537,1789665114.887,785
g4_brio_bolam2_20260917_121124.mp4,2026-09-17T12:11:54.922694,1789665114.923,786
g4_brio_bolam2_20260917_121124.mp4,2026-09-17T12:11:54.958135,1789665114.958,787
g4_brio_bolam2_20260917_121124.mp4,2026-09-17T12:11:54.998476,1789665114.998,788
g4_brio_bolam2_20260917_121124.mp4,2026-09-17T12:11:55.034265,1789665115.034,789
g4_brio_bolam2_20260917_121124.mp4,2026-09-17T12:11:55.069013,1789665115.069,790
g4_brio_bolam2_20260917_121124.mp4,2026-09-17T12:11:55.107181,1789665115.107,791
g4_brio_bolam2_20260917_121124.mp4,2026-09-17T12:11:55.141113,1789665115.141,792
g4_brio_bolam2_20260917_121124.mp4,2026-09-17T12:11:55.178580,1789665115.179,793
g4_brio_bolam2_20260917_121124.mp4,2026-09-17T12:11:55.214123,1789665115.214,794
g4_brio_bolam2_20260917_121124.mp4,2026-09-17T12:11:55.246429,1789665115.246,795
g4_brio_bolam2_20260917_121124.mp4,2026-09-17T12:11:55.282533,1789665115.283,796
g4_brio_bolam2_20260917_121124.mp4,2026-09-17T12:11:55.316118,1789665115.316,797
g4_brio_bolam2_20260917_121124.mp4,2026-09-17T12:11:55.355485,1789665115.355,798
g4_brio_bolam2_20260917_121124.mp4,2026-09-17T12:11:55.387222,1789665115.387,799
g4_brio_bolam2_20260917_121124.mp4,2026-09-17T12:11:55.422471,1789665115.422,800
g4_brio_bolam2_20260917_121124.mp4,2026-09-17T12:11:55.457899,1789665115.458,801
g4_brio_bolam2_20260917_121124.mp4,2026-09-17T12:11:55.495971,1789665115.496,802
g4_brio_bolam2_20260917_121124.mp4,2026-09-17T12:11:55.534891,1789665115.535,803
g4_brio_bolam2_20260917_121124.mp4,2026-09-17T12:11:55.571179,1789665115.571,804
g4_brio_bolam2_20260917_121124.mp4,2026-09-17T12:11:55.607369,1789665115.607,805
g4_brio_bolam2_20260917_121124.mp4,2026-09-17T12:11:55.643943,1789665115.644,806
g4_brio_bolam2_20260917_121124.mp4,2026-09-17T12:11:55.677705,1789665115.678,807
g4_brio_bolam2_20260917_121124.mp4,2026-09-17T12:11:55.714762,1789665115.715,808
g4_brio_bolam2_20260917_121124.mp4,2026-09-17T12:11:55.747077,1789665115.747,809
g4_brio_bolam2_20260917_121124.mp4,2026-09-17T12:11:55.782191,1789665115.782,810
g4_brio_bolam2_20260917_121124.mp4,2026-09-17T12:11:55.819828,1789665115.820,811
g4_brio_bolam2_20260917_121124.mp4,2026-09-17T12:11:55.854996,1789665115.855,812
g4_brio_bolam2_20260917_121124.mp4,2026-09-17T12:11:55.890625,1789665115.891,813
g4_brio_bolam2_20260917_121124.mp4,2026-09-17T12:11:55.928502,1789665115.929,814
g4_brio_bolam2_20260917_121124.mp4,2026-09-17T12:11:55.963833,1789665115.964,815
g4_brio_bolam2_20260917_121124.mp4,2026-09-17T12:11:56.004047,1789665116.004,816
g4_brio_bolam2_20260917_121124.mp4,2026-09-17T12:11:56.038538,1789665116.039,817
g4_brio_bolam2_20260917_121124.mp4,2026-09-17T12:11:56.068933,1789665116.069,818
g4_brio_bolam2_20260917_121124.mp4,2026-09-17T12:11:56.114199,1789665116.114,819
g4_brio_bolam2_20260917_121124.mp4,2026-09-17T12:11:56.140348,1789665116.140,820
g4_brio_bolam2_20260917_121124.mp4,2026-09-17T12:11:56.178592,1789665116.179,821
g4_brio_bolam2_20260917_121124.mp4,2026-09-17T12:11:56.216415,1789665116.216,822
g4_brio_bolam2_20260917_121124.mp4,2026-09-17T12:11:56.246789,1789665116.247,823
g4_brio_bolam2_20260917_121124.mp4,2026-09-17T12:11:56.282092,1789665116.282,824
g4_brio_bolam2_20260917_121124.mp4,2026-09-17T12:11:56.318481,1789665116.318,825
g4_brio_bolam2_20260917_121124.mp4,2026-09-17T12:11:56.353942,1789665116.354,826
g4_brio_bolam2_20260917_121124.mp4,2026-09-17T12:11:56.390848,1789665116.391,827
g4_brio_bolam2_20260917_121124.mp4,2026-09-17T12:11:56.428705,1789665116.429,828
g4_brio_bolam2_20260917_121124.mp4,2026-09-17T12:11:56.465717,1789665116.466,829
g4_brio_bolam2_20260917_121124.mp4,2026-09-17T12:11:56.499552,1789665116.500,830
g4_brio_bolam2_20260917_121124.mp4,2026-09-17T12:11:56.537175,1789665116.537,831
g4_brio_bolam2_20260917_121124.mp4,2026-09-17T12:11:56.570218,1789665116.570,832
g4_brio_bolam2_20260917_121124.mp4,2026-09-17T12:11:56.612848,1789665116.613,833
g4_brio_bolam2_20260917_121124.mp4,2026-09-17T12:11:56.645209,1789665116.645,834
g4_brio_bolam2_20260917_121124.mp4,2026-09-17T12:11:56.679312,1789665116.679,835
g4_brio_bolam2_20260917_121124.mp4,2026-09-17T12:11:56.717608,1789665116.718,836
g4_brio_bolam2_20260917_121124.mp4,2026-09-17T12:11:56.750168,1789665116.750,837
g4_brio_bolam2_20260917_121124.mp4,2026-09-17T12:11:56.786724,1789665116.787,838
g4_brio_bolam2_20260917_121124.mp4,2026-09-17T12:11:56.822027,1789665116.822,839
g4_brio_bolam2_20260917_121124.mp4,2026-09-17T12:11:56.858590,1789665116.859,840
g4_brio_bolam2_20260917_121124.mp4,2026-09-17T12:11:56.897262,1789665116.897,841
g4_brio_bolam2_20260917_121124.mp4,2026-09-17T12:11:56.927830,1789665116.928,842
g4_brio_bolam2_20260917_121124.mp4,2026-09-17T12:11:56.972258,1789665116.972,843
g4_brio_bolam2_20260917_121124.mp4,2026-09-17T12:11:57.000068,1789665117.000,844
g4_brio_bolam2_20260917_121124.mp4,2026-09-17T12:11:57.038839,1789665117.039,845
g4_brio_bolam2_20260917_121124.mp4,2026-09-17T12:11:57.074810,1789665117.075,846
g4_brio_bolam2_20260917_121124.mp4,2026-09-17T12:11:57.109324,1789665117.109,847
g4_brio_bolam2_20260917_121124.mp4,2026-09-17T12:11:57.145416,1789665117.145,848
g4_brio_bolam2_20260917_121124.mp4,2026-09-17T12:11:57.179686,1789665117.180,849
g4_brio_bolam2_20260917_121124.mp4,2026-09-17T12:11:57.218275,1789665117.218,850
g4_brio_bolam2_20260917_121124.mp4,2026-09-17T12:11:57.249663,1789665117.250,851
g4_brio_bolam2_20260917_121124.mp4,2026-09-17T12:11:57.287019,1789665117.287,852
g4_brio_bolam2_20260917_121124.mp4,2026-09-17T12:11:57.324557,1789665117.325,853
g4_brio_bolam2_20260917_121124.mp4,2026-09-17T12:11:57.360035,1789665117.360,854
g4_brio_bolam2_20260917_121124.mp4,2026-09-17T12:11:57.399836,1789665117.400,855
g4_brio_bolam2_20260917_121124.mp4,2026-09-17T12:11:57.433863,1789665117.434,856
g4_brio_bolam2_20260917_121124.mp4,2026-09-17T12:11:57.470368,1789665117.470,857
g4_brio_bolam2_20260917_121124.mp4,2026-09-17T12:11:57.507498,1789665117.508,858
g4_brio_bolam2_20260917_121124.mp4,2026-09-17T12:11:57.542953,1789665117.543,859
g4_brio_bolam2_20260917_121124.mp4,2026-09-17T12:11:57.579450,1789665117.579,860
g4_brio_bolam2_20260917_121124.mp4,2026-09-17T12:11:57.615385,1789665117.615,861
g4_brio_bolam2_20260917_121124.mp4,2026-09-17T12:11:57.648969,1789665117.649,862
g4_brio_bolam2_20260917_121124.mp4,2026-09-17T12:11:57.679459,1789665117.679,863
g4_brio_bolam2_20260917_121124.mp4,2026-09-17T12:11:57.717951,1789665117.718,864
g4_brio_bolam2_20260917_121124.mp4,2026-09-17T12:11:57.749916,1789665117.750,865
g4_brio_bolam2_20260917_121124.mp4,2026-09-17T12:11:57.786492,1789665117.787,866
g4_brio_bolam2_20260917_121124.mp4,2026-09-17T12:11:57.822095,1789665117.822,867
g4_brio_bolam2_20260917_121124.mp4,2026-09-17T12:11:57.857974,1789665117.858,868
g4_brio_bolam2_20260917_121124.mp4,2026-09-17T12:11:57.898115,1789665117.898,869
g4_brio_bolam2_20260917_121124.mp4,2026-09-17T12:11:57.933194,1789665117.933,870
g4_brio_bolam2_20260917_121124.mp4,2026-09-17T12:11:57.969967,1789665117.970,871
g4_brio_bolam2_20260917_121124.mp4,2026-09-17T12:11:58.005929,1789665118.006,872
g4_brio_bolam2_20260917_121124.mp4,2026-09-17T12:11:58.039560,1789665118.040,873
g4_brio_bolam2_20260917_121124.mp4,2026-09-17T12:11:58.079095,1789665118.079,874
g4_brio_bolam2_20260917_121124.mp4,2026-09-17T12:11:58.114952,1789665118.115,875
g4_brio_bolam2_20260917_121124.mp4,2026-09-17T12:11:58.146418,1789665118.146,876
g4_brio_bolam2_20260917_121124.mp4,2026-09-17T12:11:58.186478,1789665118.186,877
g4_brio_bolam2_20260917_121124.mp4,2026-09-17T12:11:58.220527,1789665118.221,878
g4_brio_bolam2_20260917_121124.mp4,2026-09-17T12:11:58.254897,1789665118.255,879
g4_brio_bolam2_20260917_121124.mp4,2026-09-17T12:11:58.291359,1789665118.291,880
g4_brio_bolam2_20260917_121124.mp4,2026-09-17T12:11:58.326478,1789665118.326,881
g4_brio_bolam2_20260917_121124.mp4,2026-09-17T12:11:58.362254,1789665118.362,882
g4_brio_bolam2_20260917_121124.mp4,2026-09-17T12:11:58.400453,1789665118.400,883
g4_brio_bolam2_20260917_121124.mp4,2026-09-17T12:11:58.432494,1789665118.433,884
g4_brio_bolam2_20260917_121124.mp4,2026-09-17T12:11:58.478124,1789665118.478,885
g4_brio_bolam2_20260917_121124.mp4,2026-09-17T12:11:58.505532,1789665118.506,886
g4_brio_bolam2_20260917_121124.mp4,2026-09-17T12:11:58.543631,1789665118.544,887
g4_brio_bolam2_20260917_121124.mp4,2026-09-17T12:11:58.579869,1789665118.580,888
g4_brio_bolam2_20260917_121124.mp4,2026-09-17T12:11:58.614250,1789665118.614,889
g4_brio_bolam2_20260917_121124.mp4,2026-09-17T12:11:58.648423,1789665118.648,890
g4_brio_bolam2_20260917_121124.mp4,2026-09-17T12:11:58.682143,1789665118.682,891
g4_brio_bolam2_20260917_121124.mp4,2026-09-17T12:11:58.719641,1789665118.720,892
g4_brio_bolam2_20260917_121124.mp4,2026-09-17T12:11:58.754693,1789665118.755,893
g4_brio_bolam2_20260917_121124.mp4,2026-09-17T12:11:58.790335,1789665118.790,894
g4_brio_bolam2_20260917_121124.mp4,2026-09-17T12:11:58.826729,1789665118.827,895
g4_brio_bolam2_20260917_121124.mp4,2026-09-17T12:11:58.862185,1789665118.862,896
g4_brio_bolam2_20260917_121124.mp4,2026-09-17T12:11:58.904066,1789665118.904,897
g4_brio_bolam2_20260917_121124.mp4,2026-09-17T12:11:58.934964,1789665118.935,898
g4_brio_bolam2_20260917_121124.mp4,2026-09-17T12:11:58.970897,1789665118.971,899
g4_brio_bolam2_20260917_121124.mp4,2026-09-17T12:11:59.014297,1789665119.014,900
g4_brio_bolam2_20260917_121124.mp4,2026-09-17T12:11:59.043202,1789665119.043,901
g4_brio_bolam2_20260917_121124.mp4,2026-09-17T12:11:59.082818,1789665119.083,902
g4_brio_bolam2_20260917_121124.mp4,2026-09-17T12:11:59.116336,1789665119.116,903
g4_brio_bolam2_20260917_121124.mp4,2026-09-17T12:11:59.150394,1789665119.150,904
g4_brio_bolam2_20260917_121124.mp4,2026-09-17T12:11:59.182379,1789665119.182,905
g4_brio_bolam2_20260917_121124.mp4,2026-09-17T12:11:59.221538,1789665119.222,906
g4_brio_bolam2_20260917_121124.mp4,2026-09-17T12:11:59.254024,1789665119.254,907
g4_brio_bolam2_20260917_121124.mp4,2026-09-17T12:11:59.290580,1789665119.291,908
g4_brio_bolam2_20260917_121124.mp4,2026-09-17T12:11:59.325825,1789665119.326,909
g4_brio_bolam2_20260917_121124.mp4,2026-09-17T12:11:59.364554,1789665119.365,910
g4_brio_bolam2_20260917_121124.mp4,2026-09-17T12:11:59.405404,1789665119.405,911
g4_brio_bolam2_20260917_121124.mp4,2026-09-17T12:11:59.435666,1789665119.436,912
g4_brio_bolam2_20260917_121124.mp4,2026-09-17T12:11:59.475073,1789665119.475,913
g4_brio_bolam2_20260917_121124.mp4,2026-09-17T12:11:59.509627,1789665119.510,914
g4_brio_bolam2_20260917_121124.mp4,2026-09-17T12:11:59.547171,1789665119.547,915
g4_brio_bolam2_20260917_121124.mp4,2026-09-17T12:11:59.578612,1789665119.579,916
g4_brio_bolam2_20260917_121124.mp4,2026-09-17T12:11:59.617479,1789665119.617,917
g4_brio_bolam2_20260917_121124.mp4,2026-09-17T12:11:59.650210,1789665119.650,918
g4_brio_bolam2_20260917_121124.mp4,2026-09-17T12:11:59.686670,1789665119.687,919
g4_brio_bolam2_20260917_121124.mp4,2026-09-17T12:11:59.722102,1789665119.722,920
g4_brio_bolam2_20260917_121124.mp4,2026-09-17T12:11:59.757844,1789665119.758,921
g4_brio_bolam2_20260917_121124.mp4,2026-09-17T12:11:59.797663,1789665119.798,922
g4_brio_bolam2_20260917_121124.mp4,2026-09-17T12:11:59.828628,1789665119.829,923
g4_brio_bolam2_20260917_121124.mp4,2026-09-17T12:11:59.872722,1789665119.873,924
g4_brio_bolam2_20260917_121124.mp4,2026-09-17T12:11:59.900226,1789665119.900,925
g4_brio_bolam2_20260917_121124.mp4,2026-09-17T12:11:59.941045,1789665119.941,926
g4_brio_bolam2_20260917_121124.mp4,2026-09-17T12:11:59.974990,1789665119.975,927
g4_brio_bolam2_20260917_121124.mp4,2026-09-17T12:12:00.012119,1789665120.012,928
g4_brio_bolam2_20260917_121124.mp4,2026-09-17T12:12:00.043268,1789665120.043,929
g4_brio_bolam2_20260917_121124.mp4,2026-09-17T12:12:00.085570,1789665120.086,930
g4_brio_bolam2_20260917_121124.mp4,2026-09-17T12:12:00.120439,1789665120.120,931
g4_brio_bolam2_20260917_121124.mp4,2026-09-17T12:12:00.151255,1789665120.151,932
g4_brio_bolam2_20260917_121124.mp4,2026-09-17T12:12:00.187074,1789665120.187,933
g4_brio_bolam2_20260917_121124.mp4,2026-09-17T12:12:00.221997,1789665120.222,934
g4_brio_bolam2_20260917_121124.mp4,2026-09-17T12:12:00.257654,1789665120.258,935
g4_brio_bolam2_20260917_121124.mp4,2026-09-17T12:12:00.295299,1789665120.295,936
g4_brio_bolam2_20260917_121124.mp4,2026-09-17T12:12:00.332157,1789665120.332,937
g4_brio_bolam2_20260917_121124.mp4,2026-09-17T12:12:00.369461,1789665120.369,938
g4_brio_bolam2_20260917_121124.mp4,2026-09-17T12:12:00.407022,1789665120.407,939
g4_brio_bolam2_20260917_121124.mp4,2026-09-17T12:12:00.442640,1789665120.443,940
g4_brio_bolam2_20260917_121124.mp4,2026-09-17T12:12:00.472755,1789665120.473,941
g4_brio_bolam2_20260917_121124.mp4,2026-09-17T12:12:00.514824,1789665120.515,942
g4_brio_bolam2_20260917_121124.mp4,2026-09-17T12:12:00.543248,1789665120.543,943
g4_brio_bolam2_20260917_121124.mp4,2026-09-17T12:12:00.580202,1789665120.580,944
g4_brio_bolam2_20260917_121124.mp4,2026-09-17T12:12:00.617337,1789665120.617,945
g4_brio_bolam2_20260917_121124.mp4,2026-09-17T12:12:00.651499,1789665120.652,946
g4_brio_bolam2_20260917_121124.mp4,2026-09-17T12:12:00.686023,1789665120.686,947
g4_brio_bolam2_20260917_121124.mp4,2026-09-17T12:12:00.723683,1789665120.724,948
g4_brio_bolam2_20260917_121124.mp4,2026-09-17T12:12:00.758459,1789665120.758,949
g4_brio_bolam2_20260917_121124.mp4,2026-09-17T12:12:00.797324,1789665120.797,950
g4_brio_bolam2_20260917_121124.mp4,2026-09-17T12:12:00.834450,1789665120.834,951
g4_brio_bolam2_20260917_121124.mp4,2026-09-17T12:12:00.870752,1789665120.871,952
g4_brio_bolam2_20260917_121124.mp4,2026-09-17T12:12:00.907015,1789665120.907,953
g4_brio_bolam2_20260917_121124.mp4,2026-09-17T12:12:00.943383,1789665120.943,954
g4_brio_bolam2_20260917_121124.mp4,2026-09-17T12:12:00.979463,1789665120.979,955
g4_brio_bolam2_20260917_121124.mp4,2026-09-17T12:12:01.014773,1789665121.015,956
g4_brio_bolam2_20260917_121124.mp4,2026-09-17T12:12:01.048180,1789665121.048,957
g4_brio_bolam2_20260917_121124.mp4,2026-09-17T12:12:01.081787,1789665121.082,958
g4_brio_bolam2_20260917_121124.mp4,2026-09-17T12:12:01.118765,1789665121.119,959
g4_brio_bolam2_20260917_121124.mp4,2026-09-17T12:12:01.154275,1789665121.154,960
g4_brio_bolam2_20260917_121124.mp4,2026-09-17T12:12:01.189629,1789665121.190,961
g4_brio_bolam2_20260917_121124.mp4,2026-09-17T12:12:01.226098,1789665121.226,962
g4_brio_bolam2_20260917_121124.mp4,2026-09-17T12:12:01.262222,1789665121.262,963
g4_brio_bolam2_20260917_121124.mp4,2026-09-17T12:12:01.301197,1789665121.301,964
g4_brio_bolam2_20260917_121124.mp4,2026-09-17T12:12:01.330589,1789665121.331,965
g4_brio_bolam2_20260917_121124.mp4,2026-09-17T12:12:01.372745,1789665121.373,966
g4_brio_bolam2_20260917_121124.mp4,2026-09-17T12:12:01.404647,1789665121.405,967
g4_brio_bolam2_20260917_121124.mp4,2026-09-17T12:12:01.443198,1789665121.443,968
g4_brio_bolam2_20260917_121124.mp4,2026-09-17T12:12:01.477679,1789665121.478,969
g4_brio_bolam2_20260917_121124.mp4,2026-09-17T12:12:01.514776,1789665121.515,970
g4_brio_bolam2_20260917_121124.mp4,2026-09-17T12:12:01.549425,1789665121.549,971
g4_brio_bolam2_20260917_121124.mp4,2026-09-17T12:12:01.582661,1789665121.583,972
g4_brio_bolam2_20260917_121124.mp4,2026-09-17T12:12:01.620578,1789665121.621,973
g4_brio_bolam2_20260917_121124.mp4,2026-09-17T12:12:01.654190,1789665121.654,974
g4_brio_bolam2_20260917_121124.mp4,2026-09-17T12:12:01.691649,1789665121.692,975
g4_brio_bolam2_20260917_121124.mp4,2026-09-17T12:12:01.727717,1789665121.728,976
g4_brio_bolam2_20260917_121124.mp4,2026-09-17T12:12:01.761839,1789665121.762,977
g4_brio_bolam2_20260917_121124.mp4,2026-09-17T12:12:01.803213,1789665121.803,978
g4_brio_bolam2_20260917_121124.mp4,2026-09-17T12:12:01.837950,1789665121.838,979
g4_brio_bolam2_20260917_121124.mp4,2026-09-17T12:12:01.872259,1789665121.872,980
g4_brio_bolam2_20260917_121124.mp4,2026-09-17T12:12:01.908658,1789665121.909,981
g4_brio_bolam2_20260917_121124.mp4,2026-09-17T12:12:01.944190,1789665121.944,982
g4_brio_bolam2_20260917_121124.mp4,2026-09-17T12:12:01.978017,1789665121.978,983
g4_brio_bolam2_20260917_121124.mp4,2026-09-17T12:12:02.017537,1789665122.018,984
g4_brio_bolam2_20260917_121124.mp4,2026-09-17T12:12:02.047669,1789665122.048,985
g4_brio_bolam2_20260917_121124.mp4,2026-09-17T12:12:02.082685,1789665122.083,986
g4_brio_bolam2_20260917_121124.mp4,2026-09-17T12:12:02.119772,1789665122.120,987
g4_brio_bolam2_20260917_121124.mp4,2026-09-17T12:12:02.154319,1789665122.154,988
g4_brio_bolam2_20260917_121124.mp4,2026-09-17T12:12:02.191443,1789665122.191,989
g4_brio_bolam2_20260917_121124.mp4,2026-09-17T12:12:02.227850,1789665122.228,990
g4_brio_bolam2_20260917_121124.mp4,2026-09-17T12:12:02.266698,1789665122.267,991
g4_brio_bolam2_20260917_121124.mp4,2026-09-17T12:12:02.301829,1789665122.302,992
g4_brio_bolam2_20260917_121124.mp4,2026-09-17T12:12:02.339609,1789665122.340,993
g4_brio_bolam2_20260917_121124.mp4,2026-09-17T12:12:02.376191,1789665122.376,994
g4_brio_bolam2_20260917_121124.mp4,2026-09-17T12:12:02.410141,1789665122.410,995
g4_brio_bolam2_20260917_121124.mp4,2026-09-17T12:12:02.446483,1789665122.446,996
g4_brio_bolam2_20260917_121124.mp4,2026-09-17T12:12:02.478586,1789665122.479,997
g4_brio_bolam2_20260917_121124.mp4,2026-09-17T12:12:02.515146,1789665122.515,998
g4_brio_bolam2_20260917_121124.mp4,2026-09-17T12:12:02.555483,1789665122.555,999
g4_brio_bolam2_20260917_121124.mp4,2026-09-17T12:12:02.586020,1789665122.586,1000
g4_brio_bolam2_20260917_121124.mp4,2026-09-17T12:12:02.622569,1789665122.623,1001
g4_brio_bolam2_20260917_121124.mp4,2026-09-17T12:12:02.657432,1789665122.657,1002
g4_brio_bolam2_20260917_121124.mp4,2026-09-17T12:12:02.696857,1789665122.697,1003
g4_brio_bolam2_20260917_121124.mp4,2026-09-17T12:12:02.727717,1789665122.728,1004
g4_brio_bolam2_20260917_121124.mp4,2026-09-17T12:12:02.772209,1789665122.772,1005
g4_brio_bolam2_20260917_121124.mp4,2026-09-17T12:12:02.797637,1789665122.798,1006
g4_brio_bolam2_20260917_121124.mp4,2026-09-17T12:12:02.838301,1789665122.838,1007
g4_brio_bolam2_20260917_121124.mp4,2026-09-17T12:12:02.875240,1789665122.875,1008
g4_brio_bolam2_20260917_121124.mp4,2026-09-17T12:12:02.909257,1789665122.909,1009
g4_brio_bolam2_20260917_121124.mp4,2026-09-17T12:12:02.948053,1789665122.948,1010
g4_brio_bolam2_20260917_121124.mp4,2026-09-17T12:12:02.979549,1789665122.980,1011
g4_brio_bolam2_20260917_121124.mp4,2026-09-17T12:12:03.019092,1789665123.019,1012
g4_brio_bolam2_20260917_121124.mp4,2026-09-17T12:12:03.051395,1789665123.051,1013
g4_brio_bolam2_20260917_121124.mp4,2026-09-17T12:12:03.086671,1789665123.087,1014
g4_brio_bolam2_20260917_121124.mp4,2026-09-17T12:12:03.122004,1789665123.122,1015
g4_brio_bolam2_20260917_121124.mp4,2026-09-17T12:12:03.158959,1789665123.159,1016
g4_brio_bolam2_20260917_121124.mp4,2026-09-17T12:12:03.198346,1789665123.198,1017
g4_brio_bolam2_20260917_121124.mp4,2026-09-17T12:12:03.234918,1789665123.235,1018
g4_brio_bolam2_20260917_121124.mp4,2026-09-17T12:12:03.271568,1789665123.272,1019
g4_brio_bolam2_20260917_121124.mp4,2026-09-17T12:12:03.307458,1789665123.307,1020
g4_brio_bolam2_20260917_121124.mp4,2026-09-17T12:12:03.342544,1789665123.343,1021
g4_brio_bolam2_20260917_121124.mp4,2026-09-17T12:12:03.373615,1789665123.374,1022
g4_brio_bolam2_20260917_121124.mp4,2026-09-17T12:12:03.416040,1789665123.416,1023
g4_brio_bolam2_20260917_121124.mp4,2026-09-17T12:12:03.446166,1789665123.446,1024
g4_brio_bolam2_20260917_121124.mp4,2026-09-17T12:12:03.479903,1789665123.480,1025
g4_brio_bolam2_20260917_121124.mp4,2026-09-17T12:12:03.515907,1789665123.516,1026
g4_brio_bolam2_20260917_121124.mp4,2026-09-17T12:12:03.550455,1789665123.550,1027
g4_brio_bolam2_20260917_121124.mp4,2026-09-17T12:12:03.585959,1789665123.586,1028
g4_brio_bolam2_20260917_121124.mp4,2026-09-17T12:12:03.622633,1789665123.623,1029
g4_brio_bolam2_20260917_121124.mp4,2026-09-17T12:12:03.657895,1789665123.658,1030
g4_brio_bolam2_20260917_121124.mp4,2026-09-17T12:12:03.695644,1789665123.696,1031
g4_brio_bolam2_20260917_121124.mp4,2026-09-17T12:12:03.734542,1789665123.735,1032
g4_brio_bolam2_20260917_121124.mp4,2026-09-17T12:12:03.771345,1789665123.771,1033
g4_brio_bolam2_20260917_121124.mp4,2026-09-17T12:12:03.804987,1789665123.805,1034
g4_brio_bolam2_20260917_121124.mp4,2026-09-17T12:12:03.842220,1789665123.842,1035
g4_brio_bolam2_20260917_121124.mp4,2026-09-17T12:12:03.877770,1789665123.878,1036
g4_brio_bolam2_20260917_121124.mp4,2026-09-17T12:12:03.913253,1789665123.913,1037
g4_brio_bolam2_20260917_121124.mp4,2026-09-17T12:12:03.948384,1789665123.948,1038
g4_brio_bolam2_20260917_121124.mp4,2026-09-17T12:12:03.981968,1789665123.982,1039
g4_brio_bolam2_20260917_121124.mp4,2026-09-17T12:12:04.018951,1789665124.019,1040
g4_brio_bolam2_20260917_121124.mp4,2026-09-17T12:12:04.054068,1789665124.054,1041
g4_brio_bolam2_20260917_121124.mp4,2026-09-17T12:12:04.086001,1789665124.086,1042
g4_brio_bolam2_20260917_121124.mp4,2026-09-17T12:12:04.121930,1789665124.122,1043
g4_brio_bolam2_20260917_121124.mp4,2026-09-17T12:12:04.158447,1789665124.158,1044
g4_brio_bolam2_20260917_121124.mp4,2026-09-17T12:12:04.196559,1789665124.197,1045
g4_brio_bolam2_20260917_121124.mp4,2026-09-17T12:12:04.231179,1789665124.231,1046
g4_brio_bolam2_20260917_121124.mp4,2026-09-17T12:12:04.267486,1789665124.267,1047
g4_brio_bolam2_20260917_121124.mp4,2026-09-17T12:12:04.301920,1789665124.302,1048
g4_brio_bolam2_20260917_121124.mp4,2026-09-17T12:12:04.345243,1789665124.345,1049
g4_brio_bolam2_20260917_121124.mp4,2026-09-17T12:12:04.375753,1789665124.376,1050
g4_brio_bolam2_20260917_121124.mp4,2026-09-17T12:12:04.415561,1789665124.416,1051
g4_brio_bolam2_20260917_121124.mp4,2026-09-17T12:12:04.447003,1789665124.447,1052
g4_brio_bolam2_20260917_121124.mp4,2026-09-17T12:12:04.483622,1789665124.484,1053
g4_brio_bolam2_20260917_121124.mp4,2026-09-17T12:12:04.519870,1789665124.520,1054
g4_brio_bolam2_20260917_121124.mp4,2026-09-17T12:12:04.554179,1789665124.554,1055
g4_brio_bolam2_20260917_121124.mp4,2026-09-17T12:12:04.589511,1789665124.590,1056
g4_brio_bolam2_20260917_121124.mp4,2026-09-17T12:12:04.621539,1789665124.622,1057
g4_brio_bolam2_20260917_121124.mp4,2026-09-17T12:12:04.657579,1789665124.658,1058
g4_brio_bolam2_20260917_121124.mp4,2026-09-17T12:12:04.693829,1789665124.694,1059
g4_brio_bolam2_20260917_121124.mp4,2026-09-17T12:12:04.729832,1789665124.730,1060
g4_brio_bolam2_20260917_121124.mp4,2026-09-17T12:12:04.766478,1789665124.766,1061
g4_brio_bolam2_20260917_121124.mp4,2026-09-17T12:12:04.807304,1789665124.807,1062
g4_brio_bolam2_20260917_121124.mp4,2026-09-17T12:12:04.838710,1789665124.839,1063
g4_brio_bolam2_20260917_121124.mp4,2026-09-17T12:12:04.875400,1789665124.875,1064
g4_brio_bolam2_20260917_121124.mp4,2026-09-17T12:12:04.909747,1789665124.910,1065
g4_brio_bolam2_20260917_121124.mp4,2026-09-17T12:12:04.946340,1789665124.946,1066
g4_brio_bolam2_20260917_121124.mp4,2026-09-17T12:12:04.981564,1789665124.982,1067
g4_brio_bolam2_20260917_121124.mp4,2026-09-17T12:12:05.020546,1789665125.021,1068
g4_brio_bolam2_20260917_121124.mp4,2026-09-17T12:12:05.057454,1789665125.057,1069
g4_brio_bolam2_20260917_121124.mp4,2026-09-17T12:12:05.091004,1789665125.091,1070
g4_brio_bolam2_20260917_121124.mp4,2026-09-17T12:12:05.125821,1789665125.126,1071
g4_brio_bolam2_20260917_121124.mp4,2026-09-17T12:12:05.164545,1789665125.165,1072
g4_brio_bolam2_20260917_121124.mp4,2026-09-17T12:12:05.196757,1789665125.197,1073
g4_brio_bolam2_20260917_121124.mp4,2026-09-17T12:12:05.242755,1789665125.243,1074
g4_brio_bolam2_20260917_121124.mp4,2026-09-17T12:12:05.267790,1789665125.268,1075
g4_brio_bolam2_20260917_121124.mp4,2026-09-17T12:12:05.307953,1789665125.308,1076
g4_brio_bolam2_20260917_121124.mp4,2026-09-17T12:12:05.341688,1789665125.342,1077
g4_brio_bolam2_20260917_121124.mp4,2026-09-17T12:12:05.376551,1789665125.377,1078
g4_brio_bolam2_20260917_121124.mp4,2026-09-17T12:12:05.410058,1789665125.410,1079
g4_brio_bolam2_20260917_121124.mp4,2026-09-17T12:12:05.446411,1789665125.446,1080
g4_brio_bolam2_20260917_121124.mp4,2026-09-17T12:12:05.483216,1789665125.483,1081
g4_brio_bolam2_20260917_121124.mp4,2026-09-17T12:12:05.520845,1789665125.521,1082
g4_brio_bolam2_20260917_121124.mp4,2026-09-17T12:12:05.553831,1789665125.554,1083
g4_brio_bolam2_20260917_121124.mp4,2026-09-17T12:12:05.590283,1789665125.590,1084
g4_brio_bolam2_20260917_121124.mp4,2026-09-17T12:12:05.625737,1789665125.626,1085
g4_brio_bolam2_20260917_121124.mp4,2026-09-17T12:12:05.665778,1789665125.666,1086
g4_brio_bolam2_20260917_121124.mp4,2026-09-17T12:12:05.701148,1789665125.701,1087
g4_brio_bolam2_20260917_121124.mp4,2026-09-17T12:12:05.736620,1789665125.737,1088
g4_brio_bolam2_20260917_121124.mp4,2026-09-17T12:12:05.773457,1789665125.773,1089
g4_brio_bolam2_20260917_121124.mp4,2026-09-17T12:12:05.810070,1789665125.810,1090
g4_brio_bolam2_20260917_121124.mp4,2026-09-17T12:12:05.847199,1789665125.847,1091
g4_brio_bolam2_20260917_121124.mp4,2026-09-17T12:12:05.878700,1789665125.879,1092
g4_brio_bolam2_20260917_121124.mp4,2026-09-17T12:12:05.916936,1789665125.917,1093
g4_brio_bolam2_20260917_121124.mp4,2026-09-17T12:12:05.947356,1789665125.947,1094
g4_brio_bolam2_20260917_121124.mp4,2026-09-17T12:12:05.983117,1789665125.983,1095
g4_brio_bolam2_20260917_121124.mp4,2026-09-17T12:12:06.018744,1789665126.019,1096
g4_brio_bolam2_20260917_121124.mp4,2026-09-17T12:12:06.054593,1789665126.055,1097
g4_brio_bolam2_20260917_121124.mp4,2026-09-17T12:12:06.090003,1789665126.090,1098
g4_brio_bolam2_20260917_121124.mp4,2026-09-17T12:12:06.127546,1789665126.128,1099
g4_brio_bolam2_20260917_121124.mp4,2026-09-17T12:12:06.162359,1789665126.162,1100
g4_brio_bolam2_20260917_121124.mp4,2026-09-17T12:12:06.198007,1789665126.198,1101
g4_brio_bolam2_20260917_121124.mp4,2026-09-17T12:12:06.234650,1789665126.235,1102
g4_brio_bolam2_20260917_121124.mp4,2026-09-17T12:12:06.272955,1789665126.273,1103
g4_brio_bolam2_20260917_121124.mp4,2026-09-17T12:12:06.306816,1789665126.307,1104
g4_brio_bolam2_20260917_121124.mp4,2026-09-17T12:12:06.342329,1789665126.342,1105
g4_brio_bolam2_20260917_121124.mp4,2026-09-17T12:12:06.378546,1789665126.379,1106
g4_brio_bolam2_20260917_121124.mp4,2026-09-17T12:12:06.418264,1789665126.418,1107
g4_brio_bolam2_20260917_121124.mp4,2026-09-17T12:12:06.450438,1789665126.450,1108
g4_brio_bolam2_20260917_121124.mp4,2026-09-17T12:12:06.490394,1789665126.490,1109
g4_brio_bolam2_20260917_121124.mp4,2026-09-17T12:12:06.522534,1789665126.523,1110
g4_brio_bolam2_20260917_121124.mp4,2026-09-17T12:12:06.558037,1789665126.558,1111
g4_brio_bolam2_20260917_121124.mp4,2026-09-17T12:12:06.591071,1789665126.591,1112
g4_brio_bolam2_20260917_121124.mp4,2026-09-17T12:12:06.631336,1789665126.631,1113
g4_brio_bolam2_20260917_121124.mp4,2026-09-17T12:12:06.663234,1789665126.663,1114
g4_brio_bolam2_20260917_121124.mp4,2026-09-17T12:12:06.701201,1789665126.701,1115
g4_brio_bolam2_20260917_121124.mp4,2026-09-17T12:12:06.737062,1789665126.737,1116
g4_brio_bolam2_20260917_121124.mp4,2026-09-17T12:12:06.771420,1789665126.771,1117
g4_brio_bolam2_20260917_121124.mp4,2026-09-17T12:12:06.808063,1789665126.808,1118
g4_brio_bolam2_20260917_121124.mp4,2026-09-17T12:12:06.844095,1789665126.844,1119
g4_brio_bolam2_20260917_121124.mp4,2026-09-17T12:12:06.877747,1789665126.878,1120
g4_brio_bolam2_20260917_121124.mp4,2026-09-17T12:12:06.914927,1789665126.915,1121
g4_brio_bolam2_20260917_121124.mp4,2026-09-17T12:12:06.949630,1789665126.950,1122
g4_brio_bolam2_20260917_121124.mp4,2026-09-17T12:12:06.986640,1789665126.987,1123
g4_brio_bolam2_20260917_121124.mp4,2026-09-17T12:12:07.022007,1789665127.022,1124
g4_brio_bolam2_20260917_121124.mp4,2026-09-17T12:12:07.057629,1789665127.058,1125
g4_brio_bolam2_20260917_121124.mp4,2026-09-17T12:12:07.095786,1789665127.096,1126
g4_brio_bolam2_20260917_121124.mp4,2026-09-17T12:12:07.133584,1789665127.134,1127
g4_brio_bolam2_20260917_121124.mp4,2026-09-17T12:12:07.167554,1789665127.168,1128
g4_brio_bolam2_20260917_121124.mp4,2026-09-17T12:12:07.203322,1789665127.203,1129
g4_brio_bolam2_20260917_121124.mp4,2026-09-17T12:12:07.235367,1789665127.235,1130
g4_brio_bolam2_20260917_121124.mp4,2026-09-17T12:12:07.273898,1789665127.274,1131
g4_brio_bolam2_20260917_121124.mp4,2026-09-17T12:12:07.311355,1789665127.311,1132
g4_brio_bolam2_20260917_121124.mp4,2026-09-17T12:12:07.343685,1789665127.344,1133
g4_brio_bolam2_20260917_121124.mp4,2026-09-17T12:12:07.378183,1789665127.378,1134
g4_brio_bolam2_20260917_121124.mp4,2026-09-17T12:12:07.416371,1789665127.416,1135
g4_brio_bolam2_20260917_121124.mp4,2026-09-17T12:12:07.450505,1789665127.451,1136
g4_brio_bolam2_20260917_121124.mp4,2026-09-17T12:12:07.486042,1789665127.486,1137
g4_brio_bolam2_20260917_121124.mp4,2026-09-17T12:12:07.522044,1789665127.522,1138
g4_brio_bolam2_20260917_121124.mp4,2026-09-17T12:12:07.557488,1789665127.557,1139
g4_brio_bolam2_20260917_121124.mp4,2026-09-17T12:12:07.595983,1789665127.596,1140
g4_brio_bolam2_20260917_121124.mp4,2026-09-17T12:12:07.632835,1789665127.633,1141
g4_brio_bolam2_20260917_121124.mp4,2026-09-17T12:12:07.669811,1789665127.670,1142
g4_brio_bolam2_20260917_121124.mp4,2026-09-17T12:12:07.705742,1789665127.706,1143
g4_brio_bolam2_20260917_121124.mp4,2026-09-17T12:12:07.740392,1789665127.740,1144
g4_brio_bolam2_20260917_121124.mp4,2026-09-17T12:12:07.775068,1789665127.775,1145
g4_brio_bolam2_20260917_121124.mp4,2026-09-17T12:12:07.810518,1789665127.811,1146
g4_brio_bolam2_20260917_121124.mp4,2026-09-17T12:12:07.845865,1789665127.846,1147
g4_brio_bolam2_20260917_121124.mp4,2026-09-17T12:12:07.882071,1789665127.882,1148
g4_brio_bolam2_20260917_121124.mp4,2026-09-17T12:12:07.918092,1789665127.918,1149
g4_brio_bolam2_20260917_121124.mp4,2026-09-17T12:12:07.954326,1789665127.954,1150
g4_brio_bolam2_20260917_121124.mp4,2026-09-17T12:12:07.986181,1789665127.986,1151
g4_brio_bolam2_20260917_121124.mp4,2026-09-17T12:12:08.025434,1789665128.025,1152
g4_brio_bolam2_20260917_121124.mp4,2026-09-17T12:12:08.057839,1789665128.058,1153
g4_brio_bolam2_20260917_121124.mp4,2026-09-17T12:12:08.095661,1789665128.096,1154
g4_brio_bolam2_20260917_121124.mp4,2026-09-17T12:12:08.130035,1789665128.130,1155
g4_brio_bolam2_20260917_121124.mp4,2026-09-17T12:12:08.166613,1789665128.167,1156
g4_brio_bolam2_20260917_121124.mp4,2026-09-17T12:12:08.201777,1789665128.202,1157
g4_brio_bolam2_20260917_121124.mp4,2026-09-17T12:12:08.243019,1789665128.243,1158
g4_brio_bolam2_20260917_121124.mp4,2026-09-17T12:12:08.274624,1789665128.275,1159
g4_brio_bolam2_20260917_121124.mp4,2026-09-17T12:12:08.311269,1789665128.311,1160
g4_brio_bolam2_20260917_121124.mp4,2026-09-17T12:12:08.348132,1789665128.348,1161
g4_brio_bolam2_20260917_121124.mp4,2026-09-17T12:12:08.382307,1789665128.382,1162
g4_brio_bolam2_20260917_121124.mp4,2026-09-17T12:12:08.420848,1789665128.421,1163
g4_brio_bolam2_20260917_121124.mp4,2026-09-17T12:12:08.453377,1789665128.453,1164
g4_brio_bolam2_20260917_121124.mp4,2026-09-17T12:12:08.489580,1789665128.490,1165
g4_brio_bolam2_20260917_121124.mp4,2026-09-17T12:12:08.526536,1789665128.527,1166
g4_brio_bolam2_20260917_121124.mp4,2026-09-17T12:12:08.563155,1789665128.563,1167
g4_brio_bolam2_20260917_121124.mp4,2026-09-17T12:12:08.600411,1789665128.600,1168
g4_brio_bolam2_20260917_121124.mp4,2026-09-17T12:12:08.630628,1789665128.631,1169
g4_brio_bolam2_20260917_121124.mp4,2026-09-17T12:12:08.673304,1789665128.673,1170
g4_brio_bolam2_20260917_121124.mp4,2026-09-17T12:12:08.704948,1789665128.705,1171
g4_brio_bolam2_20260917_121124.mp4,2026-09-17T12:12:08.739225,1789665128.739,1172
g4_brio_bolam2_20260917_121124.mp4,2026-09-17T12:12:08.777301,1789665128.777,1173
g4_brio_bolam2_20260917_121124.mp4,2026-09-17T12:12:08.811998,1789665128.812,1174
g4_brio_bolam2_20260917_121124.mp4,2026-09-17T12:12:08.846315,1789665128.846,1175
g4_brio_bolam2_20260917_121124.mp4,2026-09-17T12:12:08.882143,1789665128.882,1176
g4_brio_bolam2_20260917_121124.mp4,2026-09-17T12:12:08.918642,1789665128.919,1177
g4_brio_bolam2_20260917_121124.mp4,2026-09-17T12:12:08.953779,1789665128.954,1178
g4_brio_bolam2_20260917_121124.mp4,2026-09-17T12:12:08.990382,1789665128.990,1179
g4_brio_bolam2_20260917_121124.mp4,2026-09-17T12:12:09.025713,1789665129.026,1180
g4_brio_bolam2_20260917_121124.mp4,2026-09-17T12:12:09.062126,1789665129.062,1181
g4_brio_bolam2_20260917_121124.mp4,2026-09-17T12:12:09.098077,1789665129.098,1182
g4_brio_bolam2_20260917_121124.mp4,2026-09-17T12:12:09.138359,1789665129.138,1183
g4_brio_bolam2_20260917_121124.mp4,2026-09-17T12:12:09.172774,1789665129.173,1184
g4_brio_bolam2_20260917_121124.mp4,2026-09-17T12:12:09.208208,1789665129.208,1185
g4_brio_bolam2_20260917_121124.mp4,2026-09-17T12:12:09.244953,1789665129.245,1186
g4_brio_bolam2_20260917_121124.mp4,2026-09-17T12:12:09.279024,1789665129.279,1187
g4_brio_bolam2_20260917_121124.mp4,2026-09-17T12:12:09.313410,1789665129.313,1188
g4_brio_bolam2_20260917_121124.mp4,2026-09-17T12:12:09.350528,1789665129.351,1189
g4_brio_bolam2_20260917_121124.mp4,2026-09-17T12:12:09.382255,1789665129.382,1190
g4_brio_bolam2_20260917_121124.mp4,2026-09-17T12:12:09.417591,1789665129.418,1191
g4_brio_bolam2_20260917_121124.mp4,2026-09-17T12:12:09.453800,1789665129.454,1192
g4_brio_bolam2_20260917_121124.mp4,2026-09-17T12:12:09.490744,1789665129.491,1193
g4_brio_bolam2_20260917_121124.mp4,2026-09-17T12:12:09.526738,1789665129.527,1194
g4_brio_bolam2_20260917_121124.mp4,2026-09-17T12:12:09.563804,1789665129.564,1195
g4_brio_bolam2_20260917_121124.mp4,2026-09-17T12:12:09.601559,1789665129.602,1196
g4_brio_bolam2_20260917_121124.mp4,2026-09-17T12:12:09.638869,1789665129.639,1197
g4_brio_bolam2_20260917_121124.mp4,2026-09-17T12:12:09.673425,1789665129.673,1198
g4_brio_bolam2_20260917_121124.mp4,2026-09-17T12:12:09.709882,1789665129.710,1199
g4_brio_bolam2_20260917_121124.mp4,2026-09-17T12:12:09.743491,1789665129.743,1200
g4_brio_bolam2_20260917_121124.mp4,2026-09-17T12:12:09.779193,1789665129.779,1201
g4_brio_bolam2_20260917_121124.mp4,2026-09-17T12:12:09.815675,1789665129.816,1202
g4_brio_bolam2_20260917_121124.mp4,2026-09-17T12:12:09.850442,1789665129.850,1203
g4_brio_bolam2_20260917_121124.mp4,2026-09-17T12:12:09.885745,1789665129.886,1204
g4_brio_bolam2_20260917_121124.mp4,2026-09-17T12:12:09.922128,1789665129.922,1205
g4_brio_bolam2_20260917_121124.mp4,2026-09-17T12:12:09.957832,1789665129.958,1206
g4_brio_bolam2_20260917_121124.mp4,2026-09-17T12:12:09.993836,1789665129.994,1207
g4_brio_bolam2_20260917_121124.mp4,2026-09-17T12:12:10.029739,1789665130.030,1208
g4_brio_bolam2_20260917_121124.mp4,2026-09-17T12:12:10.062358,1789665130.062,1209
g4_brio_bolam2_20260917_121124.mp4,2026-09-17T12:12:10.100064,1789665130.100,1210
g4_brio_bolam2_20260917_121124.mp4,2026-09-17T12:12:10.135001,1789665130.135,1211
g4_brio_bolam2_20260917_121124.mp4,2026-09-17T12:12:10.172219,1789665130.172,1212
g4_brio_bolam2_20260917_121124.mp4,2026-09-17T12:12:10.210319,1789665130.210,1213
g4_brio_bolam2_20260917_121124.mp4,2026-09-17T12:12:10.245500,1789665130.246,1214
g4_brio_bolam2_20260917_121124.mp4,2026-09-17T12:12:10.280390,1789665130.280,1215
g4_brio_bolam2_20260917_121124.mp4,2026-09-17T12:12:10.316705,1789665130.317,1216
g4_brio_bolam2_20260917_121124.mp4,2026-09-17T12:12:10.350363,1789665130.350,1217
g4_brio_bolam2_20260917_121124.mp4,2026-09-17T12:12:10.385771,1789665130.386,1218
g4_brio_bolam2_20260917_121124.mp4,2026-09-17T12:12:10.422411,1789665130.422,1219
g4_brio_bolam2_20260917_121124.mp4,2026-09-17T12:12:10.457960,1789665130.458,1220
g4_brio_bolam2_20260917_121124.mp4,2026-09-17T12:12:10.495794,1789665130.496,1221
g4_brio_bolam2_20260917_121124.mp4,2026-09-17T12:12:10.531962,1789665130.532,1222
g4_brio_bolam2_20260917_121124.mp4,2026-09-17T12:12:10.569823,1789665130.570,1223
g4_brio_bolam2_20260917_121124.mp4,2026-09-17T12:12:10.608364,1789665130.608,1224
g4_brio_bolam2_20260917_121124.mp4,2026-09-17T12:12:10.639814,1789665130.640,1225
g4_brio_bolam2_20260917_121124.mp4,2026-09-17T12:12:10.673774,1789665130.674,1226
g4_brio_bolam2_20260917_121124.mp4,2026-09-17T12:12:10.706869,1789665130.707,1227
g4_brio_bolam2_20260917_121124.mp4,2026-09-17T12:12:10.749764,1789665130.750,1228
g4_brio_bolam2_20260917_121124.mp4,2026-09-17T12:12:10.779586,1789665130.780,1229
g4_brio_bolam2_20260917_121124.mp4,2026-09-17T12:12:10.817330,1789665130.817,1230
g4_brio_bolam2_20260917_121124.mp4,2026-09-17T12:12:10.852860,1789665130.853,1231
g4_brio_bolam2_20260917_121124.mp4,2026-09-17T12:12:10.885731,1789665130.886,1232
g4_brio_bolam2_20260917_121124.mp4,2026-09-17T12:12:10.922070,1789665130.922,1233
g4_brio_bolam2_20260917_121124.mp4,2026-09-17T12:12:10.958040,1789665130.958,1234
g4_brio_bolam2_20260917_121124.mp4,2026-09-17T12:12:10.996747,1789665130.997,1235
g4_brio_bolam2_20260917_121124.mp4,2026-09-17T12:12:11.032541,1789665131.033,1236
g4_brio_bolam2_20260917_121124.mp4,2026-09-17T12:12:11.070656,1789665131.071,1237
g4_brio_bolam2_20260917_121124.mp4,2026-09-17T12:12:11.103813,1789665131.104,1238
g4_brio_bolam2_20260917_121124.mp4,2026-09-17T12:12:11.142188,1789665131.142,1239
g4_brio_bolam2_20260917_121124.mp4,2026-09-17T12:12:11.176881,1789665131.177,1240
g4_brio_bolam2_20260917_121124.mp4,2026-09-17T12:12:11.210982,1789665131.211,1241
g4_brio_bolam2_20260917_121124.mp4,2026-09-17T12:12:11.246893,1789665131.247,1242
g4_brio_bolam2_20260917_121124.mp4,2026-09-17T12:12:11.282999,1789665131.283,1243
g4_brio_bolam2_20260917_121124.mp4,2026-09-17T12:12:11.315404,1789665131.315,1244
g4_brio_bolam2_20260917_121124.mp4,2026-09-17T12:12:11.350104,1789665131.350,1245
g4_brio_bolam2_20260917_121124.mp4,2026-09-17T12:12:11.386849,1789665131.387,1246
g4_brio_bolam2_20260917_121124.mp4,2026-09-17T12:12:11.421869,1789665131.422,1247
g4_brio_bolam2_20260917_121124.mp4,2026-09-17T12:12:11.458372,1789665131.458,1248
g4_brio_bolam2_20260917_121124.mp4,2026-09-17T12:12:11.494021,1789665131.494,1249
g4_brio_bolam2_20260917_121124.mp4,2026-09-17T12:12:11.533016,1789665131.533,1250
g4_brio_bolam2_20260917_121124.mp4,2026-09-17T12:12:11.567833,1789665131.568,1251
g4_brio_bolam2_20260917_121124.mp4,2026-09-17T12:12:11.606100,1789665131.606,1252
g4_brio_bolam2_20260917_121124.mp4,2026-09-17T12:12:11.642246,1789665131.642,1253
g4_brio_bolam2_20260917_121124.mp4,2026-09-17T12:12:11.676936,1789665131.677,1254
g4_brio_bolam2_20260917_121124.mp4,2026-09-17T12:12:11.712722,1789665131.713,1255
g4_brio_bolam2_20260917_121124.mp4,2026-09-17T12:12:11.746539,1789665131.747,1256
g4_brio_bolam2_20260917_121124.mp4,2026-09-17T12:12:11.782400,1789665131.782,1257
g4_brio_bolam2_20260917_121124.mp4,2026-09-17T12:12:11.818594,1789665131.819,1258
g4_brio_bolam2_20260917_121124.mp4,2026-09-17T12:12:11.854503,1789665131.855,1259
g4_brio_bolam2_20260917_121124.mp4,2026-09-17T12:12:11.889794,1789665131.890,1260
g4_brio_bolam2_20260917_121124.mp4,2026-09-17T12:12:11.927386,1789665131.927,1261
g4_brio_bolam2_20260917_121124.mp4,2026-09-17T12:12:11.965789,1789665131.966,1262
g4_brio_bolam2_20260917_121124.mp4,2026-09-17T12:12:11.995576,1789665131.996,1263
g4_brio_bolam2_20260917_121124.mp4,2026-09-17T12:12:12.039049,1789665132.039,1264
g4_brio_bolam2_20260917_121124.mp4,2026-09-17T12:12:12.067768,1789665132.068,1265
g4_brio_bolam2_20260917_121124.mp4,2026-09-17T12:12:12.106347,1789665132.106,1266
g4_brio_bolam2_20260917_121124.mp4,2026-09-17T12:12:12.152265,1789665132.152,1267
g4_brio_bolam2_20260917_121124.mp4,2026-09-17T12:12:12.173686,1789665132.174,1268
g4_brio_bolam2_20260917_121124.mp4,2026-09-17T12:12:12.211948,1789665132.212,1269
g4_brio_bolam2_20260917_121124.mp4,2026-09-17T12:12:12.247355,1789665132.247,1270
g4_brio_bolam2_20260917_121124.mp4,2026-09-17T12:12:12.283057,1789665132.283,1271
g4_brio_bolam2_20260917_121124.mp4,2026-09-17T12:12:12.318690,1789665132.319,1272
g4_brio_bolam2_20260917_121124.mp4,2026-09-17T12:12:12.354287,1789665132.354,1273
g4_brio_bolam2_20260917_121124.mp4,2026-09-17T12:12:12.389544,1789665132.390,1274
g4_brio_bolam2_20260917_121124.mp4,2026-09-17T12:12:12.426651,1789665132.427,1275
g4_brio_bolam2_20260917_121124.mp4,2026-09-17T12:12:12.462479,1789665132.462,1276
g4_brio_bolam2_20260917_121124.mp4,2026-09-17T12:12:12.502360,1789665132.502,1277
g4_brio_bolam2_20260917_121124.mp4,2026-09-17T12:12:12.541454,1789665132.541,1278
g4_brio_bolam2_20260917_121124.mp4,2026-09-17T12:12:12.573144,1789665132.573,1279
g4_brio_bolam2_20260917_121124.mp4,2026-09-17T12:12:12.611338,1789665132.611,1280
g4_brio_bolam2_20260917_121124.mp4,2026-09-17T12:12:12.640307,1789665132.640,1281
g4_brio_bolam2_20260917_121124.mp4,2026-09-17T12:12:12.678664,1789665132.679,1282
g4_brio_bolam2_20260917_121124.mp4,2026-09-17T12:12:12.715379,1789665132.715,1283
g4_brio_bolam2_20260917_121124.mp4,2026-09-17T12:12:12.746961,1789665132.747,1284
g4_brio_bolam2_20260917_121124.mp4,2026-09-17T12:12:12.782047,1789665132.782,1285
g4_brio_bolam2_20260917_121124.mp4,2026-09-17T12:12:12.819475,1789665132.819,1286
g4_brio_bolam2_20260917_121124.mp4,2026-09-17T12:12:12.856425,1789665132.856,1287
g4_brio_bolam2_20260917_121124.mp4,2026-09-17T12:12:12.890106,1789665132.890,1288
g4_brio_bolam2_20260917_121124.mp4,2026-09-17T12:12:12.926718,1789665132.927,1289
g4_brio_bolam2_20260917_121124.mp4,2026-09-17T12:12:12.965631,1789665132.966,1290
g4_brio_bolam2_20260917_121124.mp4,2026-09-17T12:12:12.999451,1789665132.999,1291
g4_brio_bolam2_20260917_121124.mp4,2026-09-17T12:12:13.036245,1789665133.036,1292
g4_brio_bolam2_20260917_121124.mp4,2026-09-17T12:12:13.071673,1789665133.072,1293
g4_brio_bolam2_20260917_121124.mp4,2026-09-17T12:12:13.110191,1789665133.110,1294
g4_brio_bolam2_20260917_121124.mp4,2026-09-17T12:12:13.145869,1789665133.146,1295
g4_brio_bolam2_20260917_121124.mp4,2026-09-17T12:12:13.177212,1789665133.177,1296
g4_brio_bolam2_20260917_121124.mp4,2026-09-17T12:12:13.216876,1789665133.217,1297
g4_brio_bolam2_20260917_121124.mp4,2026-09-17T12:12:13.249343,1789665133.249,1298
g4_brio_bolam2_20260917_121124.mp4,2026-09-17T12:12:13.282961,1789665133.283,1299
g4_brio_bolam2_20260917_121124.mp4,2026-09-17T12:12:13.318732,1789665133.319,1300
g4_brio_bolam2_20260917_121124.mp4,2026-09-17T12:12:13.353683,1789665133.354,1301
g4_brio_bolam2_20260917_121124.mp4,2026-09-17T12:12:13.390900,1789665133.391,1302
g4_brio_bolam2_20260917_121124.mp4,2026-09-17T12:12:13.427483,1789665133.427,1303
g4_brio_bolam2_20260917_121124.mp4,2026-09-17T12:12:13.465617,1789665133.466,1304
g4_brio_bolam2_20260917_121124.mp4,2026-09-17T12:12:13.502285,1789665133.502,1305
g4_brio_bolam2_20260917_121124.mp4,2026-09-17T12:12:13.536373,1789665133.536,1306
g4_brio_bolam2_20260917_121124.mp4,2026-09-17T12:12:13.574380,1789665133.574,1307
g4_brio_bolam2_20260917_121124.mp4,2026-09-17T12:12:13.609547,1789665133.610,1308
g4_brio_bolam2_20260917_121124.mp4,2026-09-17T12:12:13.642274,1789665133.642,1309
g4_brio_bolam2_20260917_121124.mp4,2026-09-17T12:12:13.679554,1789665133.680,1310
g4_brio_bolam2_20260917_121124.mp4,2026-09-17T12:12:13.717124,1789665133.717,1311
g4_brio_bolam2_20260917_121124.mp4,2026-09-17T12:12:13.750590,1789665133.751,1312
g4_brio_bolam2_20260917_121124.mp4,2026-09-17T12:12:13.785974,1789665133.786,1313
g4_brio_bolam2_20260917_121124.mp4,2026-09-17T12:12:13.819106,1789665133.819,1314
g4_brio_bolam2_20260917_121124.mp4,2026-09-17T12:12:13.853420,1789665133.853,1315
g4_brio_bolam2_20260917_121124.mp4,2026-09-17T12:12:13.890059,1789665133.890,1316
g4_brio_bolam2_20260917_121124.mp4,2026-09-17T12:12:13.926348,1789665133.926,1317
g4_brio_bolam2_20260917_121124.mp4,2026-09-17T12:12:13.965433,1789665133.965,1318
g4_brio_bolam2_20260917_121124.mp4,2026-09-17T12:12:14.003284,1789665134.003,1319
g4_brio_bolam2_20260917_121124.mp4,2026-09-17T12:12:14.037036,1789665134.037,1320
g4_brio_bolam2_20260917_121124.mp4,2026-09-17T12:12:14.074362,1789665134.074,1321
g4_brio_bolam2_20260917_121124.mp4,2026-09-17T12:12:14.111226,1789665134.111,1322
g4_brio_bolam2_20260917_121124.mp4,2026-09-17T12:12:14.144138,1789665134.144,1323
g4_brio_bolam2_20260917_121124.mp4,2026-09-17T12:12:14.178877,1789665134.179,1324
g4_brio_bolam2_20260917_121124.mp4,2026-09-17T12:12:14.215329,1789665134.215,1325
g4_brio_bolam2_20260917_121124.mp4,2026-09-17T12:12:14.250344,1789665134.250,1326
g4_brio_bolam2_20260917_121124.mp4,2026-09-17T12:12:14.285692,1789665134.286,1327
g4_brio_bolam2_20260917_121124.mp4,2026-09-17T12:12:14.318695,1789665134.319,1328
g4_brio_bolam2_20260917_121124.mp4,2026-09-17T12:12:14.353617,1789665134.354,1329
g4_brio_bolam2_20260917_121124.mp4,2026-09-17T12:12:14.390032,1789665134.390,1330
g4_brio_bolam2_20260917_121124.mp4,2026-09-17T12:12:14.425824,1789665134.426,1331
g4_brio_bolam2_20260917_121124.mp4,2026-09-17T12:12:14.461982,1789665134.462,1332
g4_brio_bolam2_20260917_121124.mp4,2026-09-17T12:12:14.500976,1789665134.501,1333
g4_brio_bolam2_20260917_121124.mp4,2026-09-17T12:12:14.536209,1789665134.536,1334
g4_brio_bolam2_20260917_121124.mp4,2026-09-17T12:12:14.574380,1789665134.574,1335
g4_brio_bolam2_20260917_121124.mp4,2026-09-17T12:12:14.607453,1789665134.607,1336
g4_brio_bolam2_20260917_121124.mp4,2026-09-17T12:12:14.641726,1789665134.642,1337
g4_brio_bolam2_20260917_121124.mp4,2026-09-17T12:12:14.678239,1789665134.678,1338
g4_brio_bolam2_20260917_121124.mp4,2026-09-17T12:12:14.714879,1789665134.715,1339
g4_brio_bolam2_20260917_121124.mp4,2026-09-17T12:12:14.750888,1789665134.751,1340
g4_brio_bolam2_20260917_121124.mp4,2026-09-17T12:12:14.786835,1789665134.787,1341
g4_brio_bolam2_20260917_121124.mp4,2026-09-17T12:12:14.821802,1789665134.822,1342
g4_brio_bolam2_20260917_121124.mp4,2026-09-17T12:12:14.858264,1789665134.858,1343
g4_brio_bolam2_20260917_121124.mp4,2026-09-17T12:12:14.897048,1789665134.897,1344
g4_brio_bolam2_20260917_121124.mp4,2026-09-17T12:12:14.934103,1789665134.934,1345
g4_brio_bolam2_20260917_121124.mp4,2026-09-17T12:12:14.968188,1789665134.968,1346
g4_brio_bolam2_20260917_121124.mp4,2026-09-17T12:12:15.001450,1789665135.001,1347
g4_brio_bolam2_20260917_121124.mp4,2026-09-17T12:12:15.044535,1789665135.045,1348
g4_brio_bolam2_20260917_121124.mp4,2026-09-17T12:12:15.072056,1789665135.072,1349
g4_brio_bolam2_20260917_121124.mp4,2026-09-17T12:12:15.112035,1789665135.112,1350
g4_brio_bolam2_20260917_121124.mp4,2026-09-17T12:12:15.144315,1789665135.144,1351
g4_brio_bolam2_20260917_121124.mp4,2026-09-17T12:12:15.179666,1789665135.180,1352
g4_brio_bolam2_20260917_121124.mp4,2026-09-17T12:12:15.214214,1789665135.214,1353
g4_brio_bolam2_20260917_121124.mp4,2026-09-17T12:12:15.251647,1789665135.252,1354
g4_brio_bolam2_20260917_121124.mp4,2026-09-17T12:12:15.285773,1789665135.286,1355
g4_brio_bolam2_20260917_121124.mp4,2026-09-17T12:12:15.321984,1789665135.322,1356
g4_brio_bolam2_20260917_121124.mp4,2026-09-17T12:12:15.357932,1789665135.358,1357
g4_brio_bolam2_20260917_121124.mp4,2026-09-17T12:12:15.394742,1789665135.395,1358
g4_brio_bolam2_20260917_121124.mp4,2026-09-17T12:12:15.430608,1789665135.431,1359
g4_brio_bolam2_20260917_121124.mp4,2026-09-17T12:12:15.470396,1789665135.470,1360
g4_brio_bolam2_20260917_121124.mp4,2026-09-17T12:12:15.507246,1789665135.507,1361
g4_brio_bolam2_20260917_121124.mp4,2026-09-17T12:12:15.542134,1789665135.542,1362
g4_brio_bolam2_20260917_121124.mp4,2026-09-17T12:12:15.576910,1789665135.577,1363
g4_brio_bolam2_20260917_121124.mp4,2026-09-17T12:12:15.616402,1789665135.616,1364
g4_brio_bolam2_20260917_121124.mp4,2026-09-17T12:12:15.644903,1789665135.645,1365
g4_brio_bolam2_20260917_121124.mp4,2026-09-17T12:12:15.682328,1789665135.682,1366
g4_brio_bolam2_20260917_121124.mp4,2026-09-17T12:12:15.717152,1789665135.717,1367
g4_brio_bolam2_20260917_121124.mp4,2026-09-17T12:12:15.749658,1789665135.750,1368
g4_brio_bolam2_20260917_121124.mp4,2026-09-17T12:12:15.785661,1789665135.786,1369
g4_brio_bolam2_20260917_121124.mp4,2026-09-17T12:12:15.821483,1789665135.821,1370
g4_brio_bolam2_20260917_121124.mp4,2026-09-17T12:12:15.858127,1789665135.858,1371
g4_brio_bolam2_20260917_121124.mp4,2026-09-17T12:12:15.896523,1789665135.897,1372
g4_brio_bolam2_20260917_121124.mp4,2026-09-17T12:12:15.933252,1789665135.933,1373
g4_brio_bolam2_20260917_121124.mp4,2026-09-17T12:12:15.966459,1789665135.966,1374
g4_brio_bolam2_20260917_121124.mp4,2026-09-17T12:12:16.003335,1789665136.003,1375
g4_brio_bolam2_20260917_121124.mp4,2026-09-17T12:12:16.042507,1789665136.043,1376
g4_brio_bolam2_20260917_121124.mp4,2026-09-17T12:12:16.076304,1789665136.076,1377
g4_brio_bolam2_20260917_121124.mp4,2026-09-17T12:12:16.115518,1789665136.116,1378
g4_brio_bolam2_20260917_121124.mp4,2026-09-17T12:12:16.146214,1789665136.146,1379
g4_brio_bolam2_20260917_121124.mp4,2026-09-17T12:12:16.181662,1789665136.182,1380
g4_brio_bolam2_20260917_121124.mp4,2026-09-17T12:12:16.219659,1789665136.220,1381
g4_brio_bolam2_20260917_121124.mp4,2026-09-17T12:12:16.253752,1789665136.254,1382
g4_brio_bolam2_20260917_121124.mp4,2026-09-17T12:12:16.285568,1789665136.286,1383
g4_brio_bolam2_20260917_121124.mp4,2026-09-17T12:12:16.325573,1789665136.326,1384
g4_brio_bolam2_20260917_121124.mp4,2026-09-17T12:12:16.358126,1789665136.358,1385
g4_brio_bolam2_20260917_121124.mp4,2026-09-17T12:12:16.397542,1789665136.398,1386
g4_brio_bolam2_20260917_121124.mp4,2026-09-17T12:12:16.433497,1789665136.434,1387
g4_brio_bolam2_20260917_121124.mp4,2026-09-17T12:12:16.471035,1789665136.471,1388
g4_brio_bolam2_20260917_121124.mp4,2026-09-17T12:12:16.506397,1789665136.506,1389
g4_brio_bolam2_20260917_121124.mp4,2026-09-17T12:12:16.537732,1789665136.538,1390
g4_brio_bolam2_20260917_121124.mp4,2026-09-17T12:12:16.576684,1789665136.577,1391
g4_brio_bolam2_20260917_121124.mp4,2026-09-17T12:12:16.610375,1789665136.610,1392
g4_brio_bolam2_20260917_121124.mp4,2026-09-17T12:12:16.649328,1789665136.649,1393
g4_brio_bolam2_20260917_121124.mp4,2026-09-17T12:12:16.681756,1789665136.682,1394
g4_brio_bolam2_20260917_121124.mp4,2026-09-17T12:12:16.722673,1789665136.723,1395
g4_brio_bolam2_20260917_121124.mp4,2026-09-17T12:12:16.756454,1789665136.756,1396
g4_brio_bolam2_20260917_121124.mp4,2026-09-17T12:12:16.789371,1789665136.789,1397
g4_brio_bolam2_20260917_121124.mp4,2026-09-17T12:12:16.830194,1789665136.830,1398
g4_brio_bolam2_20260917_121124.mp4,2026-09-17T12:12:16.863836,1789665136.864,1399
g4_brio_bolam2_20260917_121124.mp4,2026-09-17T12:12:16.902023,1789665136.902,1400
g4_brio_bolam2_20260917_121124.mp4,2026-09-17T12:12:16.933103,1789665136.933,1401
g4_brio_bolam2_20260917_121124.mp4,2026-09-17T12:12:16.974768,1789665136.975,1402
g4_brio_bolam2_20260917_121124.mp4,2026-09-17T12:12:17.004541,1789665137.005,1403
g4_brio_bolam2_20260917_121124.mp4,2026-09-17T12:12:17.043963,1789665137.044,1404
g4_brio_bolam2_20260917_121124.mp4,2026-09-17T12:12:17.073971,1789665137.074,1405
g4_brio_bolam2_20260917_121124.mp4,2026-09-17T12:12:17.114325,1789665137.114,1406
g4_brio_bolam2_20260917_121124.mp4,2026-09-17T12:12:17.146800,1789665137.147,1407
g4_brio_bolam2_20260917_121124.mp4,2026-09-17T12:12:17.182421,1789665137.182,1408
g4_brio_bolam2_20260917_121124.mp4,2026-09-17T12:12:17.217478,1789665137.217,1409
g4_brio_bolam2_20260917_121124.mp4,2026-09-17T12:12:17.253555,1789665137.254,1410
g4_brio_bolam2_20260917_121124.mp4,2026-09-17T12:12:17.289264,1789665137.289,1411
g4_brio_bolam2_20260917_121124.mp4,2026-09-17T12:12:17.325438,1789665137.325,1412
g4_brio_bolam2_20260917_121124.mp4,2026-09-17T12:12:17.361620,1789665137.362,1413
g4_brio_bolam2_20260917_121124.mp4,2026-09-17T12:12:17.400995,1789665137.401,1414
g4_brio_bolam2_20260917_121124.mp4,2026-09-17T12:12:17.440905,1789665137.441,1415
g4_brio_bolam2_20260917_121124.mp4,2026-09-17T12:12:17.473034,1789665137.473,1416
g4_brio_bolam2_20260917_121124.mp4,2026-09-17T12:12:17.510941,1789665137.511,1417
g4_brio_bolam2_20260917_121124.mp4,2026-09-17T12:12:17.544999,1789665137.545,1418
g4_brio_bolam2_20260917_121124.mp4,2026-09-17T12:12:17.577131,1789665137.577,1419
g4_brio_bolam2_20260917_121124.mp4,2026-09-17T12:12:17.614514,1789665137.615,1420
g4_brio_bolam2_20260917_121124.mp4,2026-09-17T12:12:17.648933,1789665137.649,1421
g4_brio_bolam2_20260917_121124.mp4,2026-09-17T12:12:17.682561,1789665137.683,1422
g4_brio_bolam2_20260917_121124.mp4,2026-09-17T12:12:17.718263,1789665137.718,1423
g4_brio_bolam2_20260917_121124.mp4,2026-09-17T12:12:17.753779,1789665137.754,1424
g4_brio_bolam2_20260917_121124.mp4,2026-09-17T12:12:17.790054,1789665137.790,1425
g4_brio_bolam2_20260917_121124.mp4,2026-09-17T12:12:17.825409,1789665137.825,1426
g4_brio_bolam2_20260917_121124.mp4,2026-09-17T12:12:17.861331,1789665137.861,1427
g4_brio_bolam2_20260917_121124.mp4,2026-09-17T12:12:17.903411,1789665137.903,1428
g4_brio_bolam2_20260917_121124.mp4,2026-09-17T12:12:17.937108,1789665137.937,1429
g4_brio_bolam2_20260917_121124.mp4,2026-09-17T12:12:17.978176,1789665137.978,1430
g4_brio_bolam2_20260917_121124.mp4,2026-09-17T12:12:18.009710,1789665138.010,1431
g4_brio_bolam2_20260917_121124.mp4,2026-09-17T12:12:18.045863,1789665138.046,1432
g4_brio_bolam2_20260917_121124.mp4,2026-09-17T12:12:18.079251,1789665138.079,1433
g4_brio_bolam2_20260917_121124.mp4,2026-09-17T12:12:18.114871,1789665138.115,1434
g4_brio_bolam2_20260917_121124.mp4,2026-09-17T12:12:18.150174,1789665138.150,1435
g4_brio_bolam2_20260917_121124.mp4,2026-09-17T12:12:18.185372,1789665138.185,1436
g4_brio_bolam2_20260917_121124.mp4,2026-09-17T12:12:18.220100,1789665138.220,1437
g4_brio_bolam2_20260917_121124.mp4,2026-09-17T12:12:18.257626,1789665138.258,1438
g4_brio_bolam2_20260917_121124.mp4,2026-09-17T12:12:18.289575,1789665138.290,1439
g4_brio_bolam2_20260917_121124.mp4,2026-09-17T12:12:18.326806,1789665138.327,1440
g4_brio_bolam2_20260917_121124.mp4,2026-09-17T12:12:18.363012,1789665138.363,1441
g4_brio_bolam2_20260917_121124.mp4,2026-09-17T12:12:18.402662,1789665138.403,1442
g4_brio_bolam2_20260917_121124.mp4,2026-09-17T12:12:18.438572,1789665138.439,1443
g4_brio_bolam2_20260917_121124.mp4,2026-09-17T12:12:18.475448,1789665138.475,1444
g4_brio_bolam2_20260917_121124.mp4,2026-09-17T12:12:18.511458,1789665138.511,1445
g4_brio_bolam2_20260917_121124.mp4,2026-09-17T12:12:18.545242,1789665138.545,1446
g4_brio_bolam2_20260917_121124.mp4,2026-09-17T12:12:18.579242,1789665138.579,1447
g4_brio_bolam2_20260917_121124.mp4,2026-09-17T12:12:18.617118,1789665138.617,1448
g4_brio_bolam2_20260917_121124.mp4,2026-09-17T12:12:18.650325,1789665138.650,1449
g4_brio_bolam2_20260917_121124.mp4,2026-09-17T12:12:18.685851,1789665138.686,1450
g4_brio_bolam2_20260917_121124.mp4,2026-09-17T12:12:18.721055,1789665138.721,1451
g4_brio_bolam2_20260917_121124.mp4,2026-09-17T12:12:18.757590,1789665138.758,1452
g4_brio_bolam2_20260917_121124.mp4,2026-09-17T12:12:18.793659,1789665138.794,1453
g4_brio_bolam2_20260917_121124.mp4,2026-09-17T12:12:18.829674,1789665138.830,1454
g4_brio_bolam2_20260917_121124.mp4,2026-09-17T12:12:18.872083,1789665138.872,1455
g4_brio_bolam2_20260917_121124.mp4,2026-09-17T12:12:18.903907,1789665138.904,1456
g4_brio_bolam2_20260917_121124.mp4,2026-09-17T12:12:18.938755,1789665138.939,1457
g4_brio_bolam2_20260917_121124.mp4,2026-09-17T12:12:18.973609,1789665138.974,1458
g4_brio_bolam2_20260917_121124.mp4,2026-09-17T12:12:19.016736,1789665139.017,1459
g4_brio_bolam2_20260917_121124.mp4,2026-09-17T12:12:19.044011,1789665139.044,1460
g4_brio_bolam2_20260917_121124.mp4,2026-09-17T12:12:19.078457,1789665139.078,1461
g4_brio_bolam2_20260917_121124.mp4,2026-09-17T12:12:19.118189,1789665139.118,1462
g4_brio_bolam2_20260917_121124.mp4,2026-09-17T12:12:19.149812,1789665139.150,1463
g4_brio_bolam2_20260917_121124.mp4,2026-09-17T12:12:19.185295,1789665139.185,1464
g4_brio_bolam2_20260917_121124.mp4,2026-09-17T12:12:19.221810,1789665139.222,1465
g4_brio_bolam2_20260917_121124.mp4,2026-09-17T12:12:19.257614,1789665139.258,1466
g4_brio_bolam2_20260917_121124.mp4,2026-09-17T12:12:19.298068,1789665139.298,1467
g4_brio_bolam2_20260917_121124.mp4,2026-09-17T12:12:19.337910,1789665139.338,1468
g4_brio_bolam2_20260917_121124.mp4,2026-09-17T12:12:19.368685,1789665139.369,1469
g4_brio_bolam2_20260917_121124.mp4,2026-09-17T12:12:19.408218,1789665139.408,1470
g4_brio_bolam2_20260917_121124.mp4,2026-09-17T12:12:19.444204,1789665139.444,1471
g4_brio_bolam2_20260917_121124.mp4,2026-09-17T12:12:19.475079,1789665139.475,1472
g4_brio_bolam2_20260917_121124.mp4,2026-09-17T12:12:19.515446,1789665139.515,1473
g4_brio_bolam2_20260917_121124.mp4,2026-09-17T12:12:19.545865,1789665139.546,1474
g4_brio_bolam2_20260917_121124.mp4,2026-09-17T12:12:19.582213,1789665139.582,1475
g4_brio_bolam2_20260917_121124.mp4,2026-09-17T12:12:19.622457,1789665139.622,1476
g4_brio_bolam2_20260917_121124.mp4,2026-09-17T12:12:19.653314,1789665139.653,1477
g4_brio_bolam2_20260917_121124.mp4,2026-09-17T12:12:19.685246,1789665139.685,1478
g4_brio_bolam2_20260917_121124.mp4,2026-09-17T12:12:19.721176,1789665139.721,1479
g4_brio_bolam2_20260917_121124.mp4,2026-09-17T12:12:19.757746,1789665139.758,1480
g4_brio_bolam2_20260917_121124.mp4,2026-09-17T12:12:19.796887,1789665139.797,1481
g4_brio_bolam2_20260917_121124.mp4,2026-09-17T12:12:19.833301,1789665139.833,1482
g4_brio_bolam2_20260917_121124.mp4,2026-09-17T12:12:19.869378,1789665139.869,1483
g4_brio_bolam2_20260917_121124.mp4,2026-09-17T12:12:19.906187,1789665139.906,1484
g4_brio_bolam2_20260917_121124.mp4,2026-09-17T12:12:19.939253,1789665139.939,1485
g4_brio_bolam2_20260917_121124.mp4,2026-09-17T12:12:19.979505,1789665139.980,1486
g4_brio_bolam2_20260917_121124.mp4,2026-09-17T12:12:20.018237,1789665140.018,1487
g4_brio_bolam2_20260917_121124.mp4,2026-09-17T12:12:20.050081,1789665140.050,1488
g4_brio_bolam2_20260917_121124.mp4,2026-09-17T12:12:20.082194,1789665140.082,1489
g4_brio_bolam2_20260917_121124.mp4,2026-09-17T12:12:20.117651,1789665140.118,1490
g4_brio_bolam2_20260917_121124.mp4,2026-09-17T12:12:20.153543,1789665140.154,1491
g4_brio_bolam2_20260917_121124.mp4,2026-09-17T12:12:20.195501,1789665140.196,1492
g4_brio_bolam2_20260917_121124.mp4,2026-09-17T12:12:20.227301,1789665140.227,1493
g4_brio_bolam2_20260917_121124.mp4,2026-09-17T12:12:20.263401,1789665140.263,1494
g4_brio_bolam2_20260917_121124.mp4,2026-09-17T12:12:20.299196,1789665140.299,1495
g4_brio_bolam2_20260917_121124.mp4,2026-09-17T12:12:20.339165,1789665140.339,1496
g4_brio_bolam2_20260917_121124.mp4,2026-09-17T12:12:20.368890,1789665140.369,1497
g4_brio_bolam2_20260917_121124.mp4,2026-09-17T12:12:20.413749,1789665140.414,1498
g4_brio_bolam2_20260917_121124.mp4,2026-09-17T12:12:20.439497,1789665140.440,1499
g4_brio_bolam2_20260917_121124.mp4,2026-09-17T12:12:20.477572,1789665140.478,1500
g4_brio_bolam2_20260917_121124.mp4,2026-09-17T12:12:20.513857,1789665140.514,1501
g4_brio_bolam2_20260917_121124.mp4,2026-09-17T12:12:20.546869,1789665140.547,1502
g4_brio_bolam2_20260917_121124.mp4,2026-09-17T12:12:20.582031,1789665140.582,1503
g4_brio_bolam2_20260917_121124.mp4,2026-09-17T12:12:20.619493,1789665140.620,1504
g4_brio_bolam2_20260917_121124.mp4,2026-09-17T12:12:20.653524,1789665140.654,1505
g4_brio_bolam2_20260917_121124.mp4,2026-09-17T12:12:20.690136,1789665140.690,1506
g4_brio_bolam2_20260917_121124.mp4,2026-09-17T12:12:20.726239,1789665140.726,1507
g4_brio_bolam2_20260917_121124.mp4,2026-09-17T12:12:20.762958,1789665140.763,1508
g4_brio_bolam2_20260917_121124.mp4,2026-09-17T12:12:20.802303,1789665140.802,1509
g4_brio_bolam2_20260917_121124.mp4,2026-09-17T12:12:20.837852,1789665140.838,1510
g4_brio_bolam2_20260917_121124.mp4,2026-09-17T12:12:20.875254,1789665140.875,1511
g4_brio_bolam2_20260917_121124.mp4,2026-09-17T12:12:20.910615,1789665140.911,1512
g4_brio_bolam2_20260917_121124.mp4,2026-09-17T12:12:20.945366,1789665140.945,1513
g4_brio_bolam2_20260917_121124.mp4,2026-09-17T12:12:20.979213,1789665140.979,1514
g4_brio_bolam2_20260917_121124.mp4,2026-09-17T12:12:21.018420,1789665141.018,1515
g4_brio_bolam2_20260917_121124.mp4,2026-09-17T12:12:21.049328,1789665141.049,1516
g4_brio_bolam2_20260917_121124.mp4,2026-09-17T12:12:21.085431,1789665141.085,1517
g4_brio_bolam2_20260917_121124.mp4,2026-09-17T12:12:21.120130,1789665141.120,1518
g4_brio_bolam2_20260917_121124.mp4,2026-09-17T12:12:21.153478,1789665141.153,1519
g4_brio_bolam2_20260917_121124.mp4,2026-09-17T12:12:21.191196,1789665141.191,1520
g4_brio_bolam2_20260917_121124.mp4,2026-09-17T12:12:21.231970,1789665141.232,1521
g4_brio_bolam2_20260917_121124.mp4,2026-09-17T12:12:21.263829,1789665141.264,1522
g4_brio_bolam2_20260917_121124.mp4,2026-09-17T12:12:21.298023,1789665141.298,1523
g4_brio_bolam2_20260917_121124.mp4,2026-09-17T12:12:21.337198,1789665141.337,1524
g4_brio_bolam2_20260917_121124.mp4,2026-09-17T12:12:21.373049,1789665141.373,1525
g4_brio_bolam2_20260917_121124.mp4,2026-09-17T12:12:21.411154,1789665141.411,1526
g4_brio_bolam2_20260917_121124.mp4,2026-09-17T12:12:21.445364,1789665141.445,1527
g4_brio_bolam2_20260917_121124.mp4,2026-09-17T12:12:21.478768,1789665141.479,1528
g4_brio_bolam2_20260917_121124.mp4,2026-09-17T12:12:21.515909,1789665141.516,1529
g4_brio_bolam2_20260917_121124.mp4,2026-09-17T12:12:21.552478,1789665141.552,1530
g4_brio_bolam2_20260917_121124.mp4,2026-09-17T12:12:21.585479,1789665141.585,1531
g4_brio_bolam2_20260917_121124.mp4,2026-09-17T12:12:21.621463,1789665141.621,1532
g4_brio_bolam2_20260917_121124.mp4,2026-09-17T12:12:21.657764,1789665141.658,1533
g4_brio_bolam2_20260917_121124.mp4,2026-09-17T12:12:21.696976,1789665141.697,1534
g4_brio_bolam2_20260917_121124.mp4,2026-09-17T12:12:21.729778,1789665141.730,1535
g4_brio_bolam2_20260917_121124.mp4,2026-09-17T12:12:21.766840,1789665141.767,1536
g4_brio_bolam2_20260917_121124.mp4,2026-09-17T12:12:21.801909,1789665141.802,1537
g4_brio_bolam2_20260917_121124.mp4,2026-09-17T12:12:21.833713,1789665141.834,1538
g4_brio_bolam2_20260917_121124.mp4,2026-09-17T12:12:21.875768,1789665141.876,1539
g4_brio_bolam2_20260917_121124.mp4,2026-09-17T12:12:21.907841,1789665141.908,1540
g4_brio_bolam2_20260917_121124.mp4,2026-09-17T12:12:21.943459,1789665141.943,1541
g4_brio_bolam2_20260917_121124.mp4,2026-09-17T12:12:21.977947,1789665141.978,1542
g4_brio_bolam2_20260917_121124.mp4,2026-09-17T12:12:22.013835,1789665142.014,1543
g4_brio_bolam2_20260917_121124.mp4,2026-09-17T12:12:22.049474,1789665142.049,1544
g4_brio_bolam2_20260917_121124.mp4,2026-09-17T12:12:22.085464,1789665142.085,1545
g4_brio_bolam2_20260917_121124.mp4,2026-09-17T12:12:22.122020,1789665142.122,1546
g4_brio_bolam2_20260917_121124.mp4,2026-09-17T12:12:22.158572,1789665142.159,1547
g4_brio_bolam2_20260917_121124.mp4,2026-09-17T12:12:22.199424,1789665142.199,1548
g4_brio_bolam2_20260917_121124.mp4,2026-09-17T12:12:22.232895,1789665142.233,1549
g4_brio_bolam2_20260917_121124.mp4,2026-09-17T12:12:22.264859,1789665142.265,1550
g4_brio_bolam2_20260917_121124.mp4,2026-09-17T12:12:22.303038,1789665142.303,1551
g4_brio_bolam2_20260917_121124.mp4,2026-09-17T12:12:22.339640,1789665142.340,1552
g4_brio_bolam2_20260917_121124.mp4,2026-09-17T12:12:22.375760,1789665142.376,1553
g4_brio_bolam2_20260917_121124.mp4,2026-09-17T12:12:22.409336,1789665142.409,1554
g4_brio_bolam2_20260917_121124.mp4,2026-09-17T12:12:22.444318,1789665142.444,1555
g4_brio_bolam2_20260917_121124.mp4,2026-09-17T12:12:22.478685,1789665142.479,1556
g4_brio_bolam2_20260917_121124.mp4,2026-09-17T12:12:22.514727,1789665142.515,1557
g4_brio_bolam2_20260917_121124.mp4,2026-09-17T12:12:22.550850,1789665142.551,1558
g4_brio_bolam2_20260917_121124.mp4,2026-09-17T12:12:22.585002,1789665142.585,1559
g4_brio_bolam2_20260917_121124.mp4,2026-09-17T12:12:22.622943,1789665142.623,1560
g4_brio_bolam2_20260917_121124.mp4,2026-09-17T12:12:22.658099,1789665142.658,1561
g4_brio_bolam2_20260917_121124.mp4,2026-09-17T12:12:22.698305,1789665142.698,1562
g4_brio_bolam2_20260917_121124.mp4,2026-09-17T12:12:22.733948,1789665142.734,1563
g4_brio_bolam2_20260917_121124.mp4,2026-09-17T12:12:22.771620,1789665142.772,1564
g4_brio_bolam2_20260917_121124.mp4,2026-09-17T12:12:22.807460,1789665142.807,1565
g4_brio_bolam2_20260917_121124.mp4,2026-09-17T12:12:22.843060,1789665142.843,1566
g4_brio_bolam2_20260917_121124.mp4,2026-09-17T12:12:22.878620,1789665142.879,1567
g4_brio_bolam2_20260917_121124.mp4,2026-09-17T12:12:22.914549,1789665142.915,1568
g4_brio_bolam2_20260917_121124.mp4,2026-09-17T12:12:22.945482,1789665142.945,1569
g4_brio_bolam2_20260917_121124.mp4,2026-09-17T12:12:22.980811,1789665142.981,1570
g4_brio_bolam2_20260917_121124.mp4,2026-09-17T12:12:23.018705,1789665143.019,1571
g4_brio_bolam2_20260917_121124.mp4,2026-09-17T12:12:23.050395,1789665143.050,1572
g4_brio_bolam2_20260917_121124.mp4,2026-09-17T12:12:23.085381,1789665143.085,1573
g4_brio_bolam2_20260917_121124.mp4,2026-09-17T12:12:23.121390,1789665143.121,1574
g4_brio_bolam2_20260917_121124.mp4,2026-09-17T12:12:23.159250,1789665143.159,1575
g4_brio_bolam2_20260917_121124.mp4,2026-09-17T12:12:23.197360,1789665143.197,1576
g4_brio_bolam2_20260917_121124.mp4,2026-09-17T12:12:23.236216,1789665143.236,1577
g4_brio_bolam2_20260917_121124.mp4,2026-09-17T12:12:23.269956,1789665143.270,1578
g4_brio_bolam2_20260917_121124.mp4,2026-09-17T12:12:23.307338,1789665143.307,1579
g4_brio_bolam2_20260917_121124.mp4,2026-09-17T12:12:23.342961,1789665143.343,1580
g4_brio_bolam2_20260917_121124.mp4,2026-09-17T12:12:23.378149,1789665143.378,1581
g4_brio_bolam2_20260917_121124.mp4,2026-09-17T12:12:23.414136,1789665143.414,1582
g4_brio_bolam2_20260917_121124.mp4,2026-09-17T12:12:23.446343,1789665143.446,1583
g4_brio_bolam2_20260917_121124.mp4,2026-09-17T12:12:23.479773,1789665143.480,1584
g4_brio_bolam2_20260917_121124.mp4,2026-09-17T12:12:23.519673,1789665143.520,1585
g4_brio_bolam2_20260917_121124.mp4,2026-09-17T12:12:23.549974,1789665143.550,1586
g4_brio_bolam2_20260917_121124.mp4,2026-09-17T12:12:23.585552,1789665143.586,1587
g4_brio_bolam2_20260917_121124.mp4,2026-09-17T12:12:23.621724,1789665143.622,1588
g4_brio_bolam2_20260917_121124.mp4,2026-09-17T12:12:23.658251,1789665143.658,1589
g4_brio_bolam2_20260917_121124.mp4,2026-09-17T12:12:23.693975,1789665143.694,1590
g4_brio_bolam2_20260917_121124.mp4,2026-09-17T12:12:23.729607,1789665143.730,1591
g4_brio_bolam2_20260917_121124.mp4,2026-09-17T12:12:23.772049,1789665143.772,1592
g4_brio_bolam2_20260917_121124.mp4,2026-09-17T12:12:23.806733,1789665143.807,1593
g4_brio_bolam2_20260917_121124.mp4,2026-09-17T12:12:23.844564,1789665143.845,1594
g4_brio_bolam2_20260917_121124.mp4,2026-09-17T12:12:23.878083,1789665143.878,1595
g4_brio_bolam2_20260917_121124.mp4,2026-09-17T12:12:23.914011,1789665143.914,1596
g4_brio_bolam2_20260917_121124.mp4,2026-09-17T12:12:23.950081,1789665143.950,1597
g4_brio_bolam2_20260917_121124.mp4,2026-09-17T12:12:23.982153,1789665143.982,1598
g4_brio_bolam2_20260917_121124.mp4,2026-09-17T12:12:24.025031,1789665144.025,1599
g4_brio_bolam2_20260917_121124.mp4,2026-09-17T12:12:24.054708,1789665144.055,1600
g4_brio_bolam2_20260917_121124.mp4,2026-09-17T12:12:24.091688,1789665144.092,1601
g4_brio_bolam2_20260917_121124.mp4,2026-09-17T12:12:24.127312,1789665144.127,1602
g4_brio_bolam2_20260917_121124.mp4,2026-09-17T12:12:24.167689,1789665144.168,1603
g4_brio_bolam2_20260917_121124.mp4,2026-09-17T12:12:24.197984,1789665144.198,1604
g4_brio_bolam2_20260917_121124.mp4,2026-09-17T12:12:24.233103,1789665144.233,1605
g4_brio_bolam2_20260917_121124.mp4,2026-09-17T12:12:24.269728,1789665144.270,1606
g4_brio_bolam2_20260917_121124.mp4,2026-09-17T12:12:24.305462,1789665144.305,1607
g4_brio_bolam2_20260917_121124.mp4,2026-09-17T12:12:24.344269,1789665144.344,1608
g4_brio_bolam2_20260917_121124.mp4,2026-09-17T12:12:24.378378,1789665144.378,1609
g4_brio_bolam2_20260917_121124.mp4,2026-09-17T12:12:24.412591,1789665144.413,1610
g4_brio_bolam2_20260917_121124.mp4,2026-09-17T12:12:24.447852,1789665144.448,1611
g4_brio_bolam2_20260917_121124.mp4,2026-09-17T12:12:24.482002,1789665144.482,1612
g4_brio_bolam2_20260917_121124.mp4,2026-09-17T12:12:24.520200,1789665144.520,1613
g4_brio_bolam2_20260917_121124.mp4,2026-09-17T12:12:24.553400,1789665144.553,1614
g4_brio_bolam2_20260917_121124.mp4,2026-09-17T12:12:24.590234,1789665144.590,1615
g4_brio_bolam2_20260917_121124.mp4,2026-09-17T12:12:24.625487,1789665144.626,1616
g4_brio_bolam2_20260917_121124.mp4,2026-09-17T12:12:24.663352,1789665144.663,1617
g4_brio_bolam2_20260917_121124.mp4,2026-09-17T12:12:24.701472,1789665144.701,1618
g4_brio_bolam2_20260917_121124.mp4,2026-09-17T12:12:24.738267,1789665144.738,1619
g4_brio_bolam2_20260917_121124.mp4,2026-09-17T12:12:24.775358,1789665144.775,1620
g4_brio_bolam2_20260917_121124.mp4,2026-09-17T12:12:24.806690,1789665144.807,1621
g4_brio_bolam2_20260917_121124.mp4,2026-09-17T12:12:24.845078,1789665144.845,1622
g4_brio_bolam2_20260917_121124.mp4,2026-09-17T12:12:24.879203,1789665144.879,1623
g4_brio_bolam2_20260917_121124.mp4,2026-09-17T12:12:24.917721,1789665144.918,1624
g4_brio_bolam2_20260917_121124.mp4,2026-09-17T12:12:24.949587,1789665144.950,1625
g4_brio_bolam2_20260917_121124.mp4,2026-09-17T12:12:24.982405,1789665144.982,1626
g4_brio_bolam2_20260917_121124.mp4,2026-09-17T12:12:25.018065,1789665145.018,1627
g4_brio_bolam2_20260917_121124.mp4,2026-09-17T12:12:25.053429,1789665145.053,1628
g4_brio_bolam2_20260917_121124.mp4,2026-09-17T12:12:25.089357,1789665145.089,1629
g4_brio_bolam2_20260917_121124.mp4,2026-09-17T12:12:25.125612,1789665145.126,1630
g4_brio_bolam2_20260917_121124.mp4,2026-09-17T12:12:25.164582,1789665145.165,1631
g4_brio_bolam2_20260917_121124.mp4,2026-09-17T12:12:25.201330,1789665145.201,1632
g4_brio_bolam2_20260917_121124.mp4,2026-09-17T12:12:25.239549,1789665145.240,1633
g4_brio_bolam2_20260917_121124.mp4,2026-09-17T12:12:25.274292,1789665145.274,1634
g4_brio_bolam2_20260917_121124.mp4,2026-09-17T12:12:25.308342,1789665145.308,1635
g4_brio_bolam2_20260917_121124.mp4,2026-09-17T12:12:25.345364,1789665145.345,1636
g4_brio_bolam2_20260917_121124.mp4,2026-09-17T12:12:25.380172,1789665145.380,1637
g4_brio_bolam2_20260917_121124.mp4,2026-09-17T12:12:25.414970,1789665145.415,1638
g4_brio_bolam2_20260917_121124.mp4,2026-09-17T12:12:25.449894,1789665145.450,1639
g4_brio_bolam2_20260917_121124.mp4,2026-09-17T12:12:25.485634,1789665145.486,1640
g4_brio_bolam2_20260917_121124.mp4,2026-09-17T12:12:25.522086,1789665145.522,1641
g4_brio_bolam2_20260917_121124.mp4,2026-09-17T12:12:25.558126,1789665145.558,1642
g4_brio_bolam2_20260917_121124.mp4,2026-09-17T12:12:25.596285,1789665145.596,1643
g4_brio_bolam2_20260917_121124.mp4,2026-09-17T12:12:25.626903,1789665145.627,1644
g4_brio_bolam2_20260917_121124.mp4,2026-09-17T12:12:25.669338,1789665145.669,1645
g4_brio_bolam2_20260917_121124.mp4,2026-09-17T12:12:25.700283,1789665145.700,1646
g4_brio_bolam2_20260917_121124.mp4,2026-09-17T12:12:25.739715,1789665145.740,1647
g4_brio_bolam2_20260917_121124.mp4,2026-09-17T12:12:25.774238,1789665145.774,1648
g4_brio_bolam2_20260917_121124.mp4,2026-09-17T12:12:25.810230,1789665145.810,1649
g4_brio_bolam2_20260917_121124.mp4,2026-09-17T12:12:25.844542,1789665145.845,1650
g4_brio_bolam2_20260917_121124.mp4,2026-09-17T12:12:25.879036,1789665145.879,1651
g4_brio_bolam2_20260917_121124.mp4,2026-09-17T12:12:25.918925,1789665145.919,1652
g4_brio_bolam2_20260917_121124.mp4,2026-09-17T12:12:25.949236,1789665145.949,1653
g4_brio_bolam2_20260917_121124.mp4,2026-09-17T12:12:25.986802,1789665145.987,1654
g4_brio_bolam2_20260917_121124.mp4,2026-09-17T12:12:26.022800,1789665146.023,1655
g4_brio_bolam2_20260917_121124.mp4,2026-09-17T12:12:26.059076,1789665146.059,1656
g4_brio_bolam2_20260917_121124.mp4,2026-09-17T12:12:26.097005,1789665146.097,1657
g4_brio_bolam2_20260917_121124.mp4,2026-09-17T12:12:26.133731,1789665146.134,1658
g4_brio_bolam2_20260917_121124.mp4,2026-09-17T12:12:26.166558,1789665146.167,1659
g4_brio_bolam2_20260917_121124.mp4,2026-09-17T12:12:26.207452,1789665146.207,1660
g4_brio_bolam2_20260917_121124.mp4,2026-09-17T12:12:26.243222,1789665146.243,1661
g4_brio_bolam2_20260917_121124.mp4,2026-09-17T12:12:26.277643,1789665146.278,1662
g4_brio_bolam2_20260917_121124.mp4,2026-09-17T12:12:26.314716,1789665146.315,1663
g4_brio_bolam2_20260917_121124.mp4,2026-09-17T12:12:26.346886,1789665146.347,1664
g4_brio_bolam2_20260917_121124.mp4,2026-09-17T12:12:26.381181,1789665146.381,1665
g4_brio_bolam2_20260917_121124.mp4,2026-09-17T12:12:26.417987,1789665146.418,1666
g4_brio_bolam2_20260917_121124.mp4,2026-09-17T12:12:26.449363,1789665146.449,1667
g4_brio_bolam2_20260917_121124.mp4,2026-09-17T12:12:26.485094,1789665146.485,1668
g4_brio_bolam2_20260917_121124.mp4,2026-09-17T12:12:26.521504,1789665146.522,1669
g4_brio_bolam2_20260917_121124.mp4,2026-09-17T12:12:26.558059,1789665146.558,1670
g4_brio_bolam2_20260917_121124.mp4,2026-09-17T12:12:26.594242,1789665146.594,1671
g4_brio_bolam2_20260917_121124.mp4,2026-09-17T12:12:26.630832,1789665146.631,1672
g4_brio_bolam2_20260917_121124.mp4,2026-09-17T12:12:26.669627,1789665146.670,1673
g4_brio_bolam2_20260917_121124.mp4,2026-09-17T12:12:26.706207,1789665146.706,1674
g4_brio_bolam2_20260917_121124.mp4,2026-09-17T12:12:26.742957,1789665146.743,1675
g4_brio_bolam2_20260917_121124.mp4,2026-09-17T12:12:26.779949,1789665146.780,1676
g4_brio_bolam2_20260917_121124.mp4,2026-09-17T12:12:26.815456,1789665146.815,1677
g4_brio_bolam2_20260917_121124.mp4,2026-09-17T12:12:26.846257,1789665146.846,1678
g4_brio_bolam2_20260917_121124.mp4,2026-09-17T12:12:26.881682,1789665146.882,1679
g4_brio_bolam2_20260917_121124.mp4,2026-09-17T12:12:26.921007,1789665146.921,1680
g4_brio_bolam2_20260917_121124.mp4,2026-09-17T12:12:26.953384,1789665146.953,1681
g4_brio_bolam2_20260917_121124.mp4,2026-09-17T12:12:26.991678,1789665146.992,1682
g4_brio_bolam2_20260917_121124.mp4,2026-09-17T12:12:27.021855,1789665147.022,1683
g4_brio_bolam2_20260917_121124.mp4,2026-09-17T12:12:27.064848,1789665147.065,1684
g4_brio_bolam2_20260917_121124.mp4,2026-09-17T12:12:27.096477,1789665147.096,1685
g4_brio_bolam2_20260917_121124.mp4,2026-09-17T12:12:27.133208,1789665147.133,1686
g4_brio_bolam2_20260917_121124.mp4,2026-09-17T12:12:27.167931,1789665147.168,1687
g4_brio_bolam2_20260917_121124.mp4,2026-09-17T12:12:27.202573,1789665147.203,1688
g4_brio_bolam2_20260917_121124.mp4,2026-09-17T12:12:27.241643,1789665147.242,1689
g4_brio_bolam2_20260917_121124.mp4,2026-09-17T12:12:27.278758,1789665147.279,1690
g4_brio_bolam2_20260917_121124.mp4,2026-09-17T12:12:27.315299,1789665147.315,1691
g4_brio_bolam2_20260917_121124.mp4,2026-09-17T12:12:27.346898,1789665147.347,1692
g4_brio_bolam2_20260917_121124.mp4,2026-09-17T12:12:27.381841,1789665147.382,1693
g4_brio_bolam2_20260917_121124.mp4,2026-09-17T12:12:27.421759,1789665147.422,1694
g4_brio_bolam2_20260917_121124.mp4,2026-09-17T12:12:27.453530,1789665147.454,1695
g4_brio_bolam2_20260917_121124.mp4,2026-09-17T12:12:27.489956,1789665147.490,1696
g4_brio_bolam2_20260917_121124.mp4,2026-09-17T12:12:27.526813,1789665147.527,1697
g4_brio_bolam2_20260917_121124.mp4,2026-09-17T12:12:27.565707,1789665147.566,1698
g4_brio_bolam2_20260917_121124.mp4,2026-09-17T12:12:27.604060,1789665147.604,1699
g4_brio_bolam2_20260917_121124.mp4,2026-09-17T12:12:27.636818,1789665147.637,1700
g4_brio_bolam2_20260917_121124.mp4,2026-09-17T12:12:27.668955,1789665147.669,1701
g4_brio_bolam2_20260917_121124.mp4,2026-09-17T12:12:27.711742,1789665147.712,1702
g4_brio_bolam2_20260917_121124.mp4,2026-09-17T12:12:27.741401,1789665147.741,1703
g4_brio_bolam2_20260917_121124.mp4,2026-09-17T12:12:27.777412,1789665147.777,1704
g4_brio_bolam2_20260917_121124.mp4,2026-09-17T12:12:27.813823,1789665147.814,1705
g4_brio_bolam2_20260917_121124.mp4,2026-09-17T12:12:27.847720,1789665147.848,1706
g4_brio_bolam2_20260917_121124.mp4,2026-09-17T12:12:27.883044,1789665147.883,1707
g4_brio_bolam2_20260917_121124.mp4,2026-09-17T12:12:27.917887,1789665147.918,1708
g4_brio_bolam2_20260917_121124.mp4,2026-09-17T12:12:27.953547,1789665147.954,1709
g4_brio_bolam2_20260917_121124.mp4,2026-09-17T12:12:27.990237,1789665147.990,1710
g4_brio_bolam2_20260917_121124.mp4,2026-09-17T12:12:28.026244,1789665148.026,1711
g4_brio_bolam2_20260917_121124.mp4,2026-09-17T12:12:28.065154,1789665148.065,1712
g4_brio_bolam2_20260917_121124.mp4,2026-09-17T12:12:28.103184,1789665148.103,1713
g4_brio_bolam2_20260917_121124.mp4,2026-09-17T12:12:28.138416,1789665148.138,1714
g4_brio_bolam2_20260917_121124.mp4,2026-09-17T12:12:28.175476,1789665148.175,1715
g4_brio_bolam2_20260917_121124.mp4,2026-09-17T12:12:28.207949,1789665148.208,1716
g4_brio_bolam2_20260917_121124.mp4,2026-09-17T12:12:28.248599,1789665148.249,1717
g4_brio_bolam2_20260917_121124.mp4,2026-09-17T12:12:28.277047,1789665148.277,1718
g4_brio_bolam2_20260917_121124.mp4,2026-09-17T12:12:28.316045,1789665148.316,1719
g4_brio_bolam2_20260917_121124.mp4,2026-09-17T12:12:28.346115,1789665148.346,1720
g4_brio_bolam2_20260917_121124.mp4,2026-09-17T12:12:28.387081,1789665148.387,1721
g4_brio_bolam2_20260917_121124.mp4,2026-09-17T12:12:28.418335,1789665148.418,1722
g4_brio_bolam2_20260917_121124.mp4,2026-09-17T12:12:28.454154,1789665148.454,1723
g4_brio_bolam2_20260917_121124.mp4,2026-09-17T12:12:28.490220,1789665148.490,1724
g4_brio_bolam2_20260917_121124.mp4,2026-09-17T12:12:28.525574,1789665148.526,1725
g4_brio_bolam2_20260917_121124.mp4,2026-09-17T12:12:28.561843,1789665148.562,1726
g4_brio_bolam2_20260917_121124.mp4,2026-09-17T12:12:28.598485,1789665148.599,1727
g4_brio_bolam2_20260917_121124.mp4,2026-09-17T12:12:28.634514,1789665148.635,1728
g4_brio_bolam2_20260917_121124.mp4,2026-09-17T12:12:28.675775,1789665148.676,1729
g4_brio_bolam2_20260917_121124.mp4,2026-09-17T12:12:28.711033,1789665148.711,1730
g4_brio_bolam2_20260917_121124.mp4,2026-09-17T12:12:28.743974,1789665148.744,1731
g4_brio_bolam2_20260917_121124.mp4,2026-09-17T12:12:28.780035,1789665148.780,1732
g4_brio_bolam2_20260917_121124.mp4,2026-09-17T12:12:28.815338,1789665148.815,1733
g4_brio_bolam2_20260917_121124.mp4,2026-09-17T12:12:28.850284,1789665148.850,1734
g4_brio_bolam2_20260917_121124.mp4,2026-09-17T12:12:28.885508,1789665148.886,1735
g4_brio_bolam2_20260917_121124.mp4,2026-09-17T12:12:28.919045,1789665148.919,1736
g4_brio_bolam2_20260917_121124.mp4,2026-09-17T12:12:28.953542,1789665148.954,1737
g4_brio_bolam2_20260917_121124.mp4,2026-09-17T12:12:28.990860,1789665148.991,1738
g4_brio_bolam2_20260917_121124.mp4,2026-09-17T12:12:29.027500,1789665149.028,1739
g4_brio_bolam2_20260917_121124.mp4,2026-09-17T12:12:29.065239,1789665149.065,1740
g4_brio_bolam2_20260917_121124.mp4,2026-09-17T12:12:29.101520,1789665149.102,1741
g4_brio_bolam2_20260917_121124.mp4,2026-09-17T12:12:29.143488,1789665149.144,1742
g4_brio_bolam2_20260917_121124.mp4,2026-09-17T12:12:29.175745,1789665149.176,1743
g4_brio_bolam2_20260917_121124.mp4,2026-09-17T12:12:29.211351,1789665149.211,1744
g4_brio_bolam2_20260917_121124.mp4,2026-09-17T12:12:29.245890,1789665149.246,1745
g4_brio_bolam2_20260917_121124.mp4,2026-09-17T12:12:29.278414,1789665149.278,1746
g4_brio_bolam2_20260917_121124.mp4,2026-09-17T12:12:29.316091,1789665149.316,1747
g4_brio_bolam2_20260917_121124.mp4,2026-09-17T12:12:29.349222,1789665149.349,1748
g4_brio_bolam2_20260917_121124.mp4,2026-09-17T12:12:29.387036,1789665149.387,1749
g4_brio_bolam2_20260917_121124.mp4,2026-09-17T12:12:29.421959,1789665149.422,1750
g4_brio_bolam2_20260917_121124.mp4,2026-09-17T12:12:29.457018,1789665149.457,1751
g4_brio_bolam2_20260917_121124.mp4,2026-09-17T12:12:29.493912,1789665149.494,1752
g4_brio_bolam2_20260917_121124.mp4,2026-09-17T12:12:29.530053,1789665149.530,1753
g4_brio_bolam2_20260917_121124.mp4,2026-09-17T12:12:29.567652,1789665149.568,1754
g4_brio_bolam2_20260917_121124.mp4,2026-09-17T12:12:29.598212,1789665149.598,1755
g4_brio_bolam2_20260917_121124.mp4,2026-09-17T12:12:29.644941,1789665149.645,1756
g4_brio_bolam2_20260917_121124.mp4,2026-09-17T12:12:29.673015,1789665149.673,1757
g4_brio_bolam2_20260917_121124.mp4,2026-09-17T12:12:29.712441,1789665149.712,1758
g4_brio_bolam2_20260917_121124.mp4,2026-09-17T12:12:29.746935,1789665149.747,1759
g4_brio_bolam2_20260917_121124.mp4,2026-09-17T12:12:29.779178,1789665149.779,1760
g4_brio_bolam2_20260917_121124.mp4,2026-09-17T12:12:29.817403,1789665149.817,1761
g4_brio_bolam2_20260917_121124.mp4,2026-09-17T12:12:29.854110,1789665149.854,1762
g4_brio_bolam2_20260917_121124.mp4,2026-09-17T12:12:29.889998,1789665149.890,1763
g4_brio_bolam2_20260917_121124.mp4,2026-09-17T12:12:29.923485,1789665149.924,1764
g4_brio_bolam2_20260917_121124.mp4,2026-09-17T12:12:29.958002,1789665149.958,1765
g4_brio_bolam2_20260917_121124.mp4,2026-09-17T12:12:29.996827,1789665149.997,1766
g4_brio_bolam2_20260917_121124.mp4,2026-09-17T12:12:30.033024,1789665150.033,1767
g4_brio_bolam2_20260917_121124.mp4,2026-09-17T12:12:30.071353,1789665150.071,1768
g4_brio_bolam2_20260917_121124.mp4,2026-09-17T12:12:30.104776,1789665150.105,1769
g4_brio_bolam2_20260917_121124.mp4,2026-09-17T12:12:30.146546,1789665150.147,1770
g4_brio_bolam2_20260917_121124.mp4,2026-09-17T12:12:30.175940,1789665150.176,1771
g4_brio_bolam2_20260917_121124.mp4,2026-09-17T12:12:30.214852,1789665150.215,1772
g4_brio_bolam2_20260917_121124.mp4,2026-09-17T12:12:30.244084,1789665150.244,1773
g4_brio_bolam2_20260917_121124.mp4,2026-09-17T12:12:30.288899,1789665150.289,1774
g4_brio_bolam2_20260917_121124.mp4,2026-09-17T12:12:30.313528,1789665150.314,1775
g4_brio_bolam2_20260917_121124.mp4,2026-09-17T12:12:30.350102,1789665150.350,1776
g4_brio_bolam2_20260917_121124.mp4,2026-09-17T12:12:30.385255,1789665150.385,1777
g4_brio_bolam2_20260917_121124.mp4,2026-09-17T12:12:30.421922,1789665150.422,1778
g4_brio_bolam2_20260917_121124.mp4,2026-09-17T12:12:30.461319,1789665150.461,1779
g4_brio_bolam2_20260917_121124.mp4,2026-09-17T12:12:30.498054,1789665150.498,1780
g4_brio_bolam2_20260917_121124.mp4,2026-09-17T12:12:30.534763,1789665150.535,1781
g4_brio_bolam2_20260917_121124.mp4,2026-09-17T12:12:30.572005,1789665150.572,1782
g4_brio_bolam2_20260917_121124.mp4,2026-09-17T12:12:30.608133,1789665150.608,1783
g4_brio_bolam2_20260917_121124.mp4,2026-09-17T12:12:30.643372,1789665150.643,1784
g4_brio_bolam2_20260917_121124.mp4,2026-09-17T12:12:30.677809,1789665150.678,1785
g4_brio_bolam2_20260917_121124.mp4,2026-09-17T12:12:30.709920,1789665150.710,1786
g4_brio_bolam2_20260917_121124.mp4,2026-09-17T12:12:30.746015,1789665150.746,1787
g4_brio_bolam2_20260917_121124.mp4,2026-09-17T12:12:30.786069,1789665150.786,1788
g4_brio_bolam2_20260917_121124.mp4,2026-09-17T12:12:30.818460,1789665150.818,1789
g4_brio_bolam2_20260917_121124.mp4,2026-09-17T12:12:30.855185,1789665150.855,1790
g4_brio_bolam2_20260917_121124.mp4,2026-09-17T12:12:30.886420,1789665150.886,1791
g4_brio_bolam2_20260917_121124.mp4,2026-09-17T12:12:30.921772,1789665150.922,1792
g4_brio_bolam2_20260917_121124.mp4,2026-09-17T12:12:30.957631,1789665150.958,1793
g4_brio_bolam2_20260917_121124.mp4,2026-09-17T12:12:30.997035,1789665150.997,1794
g4_brio_bolam2_20260917_121124.mp4,2026-09-17T12:12:31.034659,1789665151.035,1795
g4_brio_bolam2_20260917_121124.mp4,2026-09-17T12:12:31.069776,1789665151.070,1796
g4_brio_bolam2_20260917_121124.mp4,2026-09-17T12:12:31.106519,1789665151.107,1797
g4_brio_bolam2_20260917_121124.mp4,2026-09-17T12:12:31.143439,1789665151.143,1798
g4_brio_bolam2_20260917_121124.mp4,2026-09-17T12:12:31.176068,1789665151.176,1799
g4_brio_bolam2_20260917_121124.mp4,2026-09-17T12:12:31.215739,1789665151.216,1800
g4_brio_bolam2_20260917_121124.mp4,2026-09-17T12:12:31.248559,1789665151.249,1801
g4_brio_bolam2_20260917_121124.mp4,2026-09-17T12:12:31.281252,1789665151.281,1802
g4_brio_bolam2_20260917_121124.mp4,2026-09-17T12:12:31.319425,1789665151.319,1803
g4_brio_bolam2_20260917_121124.mp4,2026-09-17T12:12:31.354931,1789665151.355,1804
g4_brio_bolam2_20260917_121124.mp4,2026-09-17T12:12:31.389887,1789665151.390,1805
g4_brio_bolam2_20260917_121124.mp4,2026-09-17T12:12:31.421889,1789665151.422,1806
g4_brio_bolam2_20260917_121124.mp4,2026-09-17T12:12:31.462528,1789665151.463,1807
g4_brio_bolam2_20260917_121124.mp4,2026-09-17T12:12:31.496395,1789665151.496,1808
g4_brio_bolam2_20260917_121124.mp4,2026-09-17T12:12:31.532750,1789665151.533,1809
g4_brio_bolam2_20260917_121124.mp4,2026-09-17T12:12:31.570988,1789665151.571,1810
g4_brio_bolam2_20260917_121124.mp4,2026-09-17T12:12:31.607194,1789665151.607,1811
g4_brio_bolam2_20260917_121124.mp4,2026-09-17T12:12:31.643685,1789665151.644,1812
g4_brio_bolam2_20260917_121124.mp4,2026-09-17T12:12:31.677398,1789665151.677,1813
g4_brio_bolam2_20260917_121124.mp4,2026-09-17T12:12:31.716550,1789665151.717,1814
g4_brio_bolam2_20260917_121124.mp4,2026-09-17T12:12:31.746838,1789665151.747,1815
g4_brio_bolam2_20260917_121124.mp4,2026-09-17T12:12:31.785487,1789665151.786,1816
g4_brio_bolam2_20260917_121124.mp4,2026-09-17T12:12:31.819926,1789665151.820,1817
g4_brio_bolam2_20260917_121124.mp4,2026-09-17T12:12:31.858001,1789665151.858,1818
g4_brio_bolam2_20260917_121124.mp4,2026-09-17T12:12:31.891408,1789665151.891,1819
g4_brio_bolam2_20260917_121124.mp4,2026-09-17T12:12:31.926314,1789665151.926,1820
g4_brio_bolam2_20260917_121124.mp4,2026-09-17T12:12:31.961462,1789665151.961,1821
g4_brio_bolam2_20260917_121124.mp4,2026-09-17T12:12:32.002789,1789665152.003,1822
g4_brio_bolam2_20260917_121124.mp4,2026-09-17T12:12:32.033423,1789665152.033,1823
g4_brio_bolam2_20260917_121124.mp4,2026-09-17T12:12:32.065037,1789665152.065,1824
g4_brio_bolam2_20260917_121124.mp4,2026-09-17T12:12:32.101479,1789665152.101,1825
g4_brio_bolam2_20260917_121124.mp4,2026-09-17T12:12:32.137801,1789665152.138,1826
g4_brio_bolam2_20260917_121124.mp4,2026-09-17T12:12:32.181349,1789665152.181,1827
g4_brio_bolam2_20260917_121124.mp4,2026-09-17T12:12:32.214818,1789665152.215,1828
g4_brio_bolam2_20260917_121124.mp4,2026-09-17T12:12:32.251605,1789665152.252,1829
g4_brio_bolam2_20260917_121124.mp4,2026-09-17T12:12:32.281060,1789665152.281,1830
g4_brio_bolam2_20260917_121124.mp4,2026-09-17T12:12:32.318880,1789665152.319,1831
g4_brio_bolam2_20260917_121124.mp4,2026-09-17T12:12:32.356987,1789665152.357,1832
g4_brio_bolam2_20260917_121124.mp4,2026-09-17T12:12:32.389620,1789665152.390,1833
g4_brio_bolam2_20260917_121124.mp4,2026-09-17T12:12:32.425331,1789665152.425,1834
g4_brio_bolam2_20260917_121124.mp4,2026-09-17T12:12:32.462474,1789665152.462,1835
g4_brio_bolam2_20260917_121124.mp4,2026-09-17T12:12:32.499269,1789665152.499,1836
g4_brio_bolam2_20260917_121124.mp4,2026-09-17T12:12:32.533454,1789665152.533,1837
g4_brio_bolam2_20260917_121124.mp4,2026-09-17T12:12:32.571861,1789665152.572,1838
g4_brio_bolam2_20260917_121124.mp4,2026-09-17T12:12:32.605313,1789665152.605,1839
g4_brio_bolam2_20260917_121124.mp4,2026-09-17T12:12:32.643117,1789665152.643,1840
g4_brio_bolam2_20260917_121124.mp4,2026-09-17T12:12:32.676629,1789665152.677,1841
g4_brio_bolam2_20260917_121124.mp4,2026-09-17T12:12:32.715021,1789665152.715,1842
g4_brio_bolam2_20260917_121124.mp4,2026-09-17T12:12:32.746962,1789665152.747,1843
g4_brio_bolam2_20260917_121124.mp4,2026-09-17T12:12:32.781489,1789665152.782,1844
g4_brio_bolam2_20260917_121124.mp4,2026-09-17T12:12:32.817375,1789665152.817,1845
g4_brio_bolam2_20260917_121124.mp4,2026-09-17T12:12:32.853622,1789665152.854,1846
g4_brio_bolam2_20260917_121124.mp4,2026-09-17T12:12:32.889559,1789665152.890,1847
g4_brio_bolam2_20260917_121124.mp4,2026-09-17T12:12:32.925854,1789665152.926,1848
g4_brio_bolam2_20260917_121124.mp4,2026-09-17T12:12:32.964325,1789665152.964,1849
g4_brio_bolam2_20260917_121124.mp4,2026-09-17T12:12:33.002200,1789665153.002,1850
g4_brio_bolam2_20260917_121124.mp4,2026-09-17T12:12:33.039026,1789665153.039,1851
g4_brio_bolam2_20260917_121124.mp4,2026-09-17T12:12:33.070362,1789665153.070,1852
g4_brio_bolam2_20260917_121124.mp4,2026-09-17T12:12:33.105773,1789665153.106,1853
g4_brio_bolam2_20260917_121124.mp4,2026-09-17T12:12:33.140492,1789665153.141,1854
g4_brio_bolam2_20260917_121124.mp4,2026-09-17T12:12:33.179462,1789665153.179,1855
g4_brio_bolam2_20260917_121124.mp4,2026-09-17T12:12:33.215090,1789665153.215,1856
g4_brio_bolam2_20260917_121124.mp4,2026-09-17T12:12:33.248347,1789665153.248,1857
g4_brio_bolam2_20260917_121124.mp4,2026-09-17T12:12:33.282565,1789665153.283,1858
g4_brio_bolam2_20260917_121124.mp4,2026-09-17T12:12:33.318691,1789665153.319,1859
g4_brio_bolam2_20260917_121124.mp4,2026-09-17T12:12:33.353722,1789665153.354,1860
g4_brio_bolam2_20260917_121124.mp4,2026-09-17T12:12:33.394709,1789665153.395,1861
g4_brio_bolam2_20260917_121124.mp4,2026-09-17T12:12:33.426928,1789665153.427,1862
g4_brio_bolam2_20260917_121124.mp4,2026-09-17T12:12:33.463984,1789665153.464,1863
g4_brio_bolam2_20260917_121124.mp4,2026-09-17T12:12:33.502470,1789665153.502,1864
g4_brio_bolam2_20260917_121124.mp4,2026-09-17T12:12:33.538204,1789665153.538,1865
g4_brio_bolam2_20260917_121124.mp4,2026-09-17T12:12:33.574834,1789665153.575,1866
g4_brio_bolam2_20260917_121124.mp4,2026-09-17T12:12:33.610623,1789665153.611,1867
g4_brio_bolam2_20260917_121124.mp4,2026-09-17T12:12:33.646204,1789665153.646,1868
g4_brio_bolam2_20260917_121124.mp4,2026-09-17T12:12:33.675204,1789665153.675,1869
g4_brio_bolam2_20260917_121124.mp4,2026-09-17T12:12:33.713931,1789665153.714,1870
g4_brio_bolam2_20260917_121124.mp4,2026-09-17T12:12:33.747678,1789665153.748,1871
g4_brio_bolam2_20260917_121124.mp4,2026-09-17T12:12:33.785255,1789665153.785,1872
g4_brio_bolam2_20260917_121124.mp4,2026-09-17T12:12:33.818157,1789665153.818,1873
g4_brio_bolam2_20260917_121124.mp4,2026-09-17T12:12:33.853441,1789665153.853,1874
g4_brio_bolam2_20260917_121124.mp4,2026-09-17T12:12:33.889153,1789665153.889,1875
g4_brio_bolam2_20260917_121124.mp4,2026-09-17T12:12:33.925186,1789665153.925,1876
g4_brio_bolam2_20260917_121124.mp4,2026-09-17T12:12:33.964533,1789665153.965,1877
g4_brio_bolam2_20260917_121124.mp4,2026-09-17T12:12:34.004488,1789665154.005,1878
g4_brio_bolam2_20260917_121124.mp4,2026-09-17T12:12:34.038656,1789665154.039,1879
g4_brio_bolam2_20260917_121124.mp4,2026-09-17T12:12:34.069520,1789665154.070,1880
g4_brio_bolam2_20260917_121124.mp4,2026-09-17T12:12:34.109311,1789665154.109,1881
g4_brio_bolam2_20260917_121124.mp4,2026-09-17T12:12:34.147269,1789665154.147,1882
g4_brio_bolam2_20260917_121124.mp4,2026-09-17T12:12:34.179688,1789665154.180,1883
g4_brio_bolam2_20260917_121124.mp4,2026-09-17T12:12:34.218765,1789665154.219,1884
g4_brio_bolam2_20260917_121124.mp4,2026-09-17T12:12:34.249925,1789665154.250,1885
g4_brio_bolam2_20260917_121124.mp4,2026-09-17T12:12:34.285964,1789665154.286,1886
g4_brio_bolam2_20260917_121124.mp4,2026-09-17T12:12:34.319200,1789665154.319,1887
g4_brio_bolam2_20260917_121124.mp4,2026-09-17T12:12:34.359213,1789665154.359,1888
g4_brio_bolam2_20260917_121124.mp4,2026-09-17T12:12:34.390970,1789665154.391,1889
g4_brio_bolam2_20260917_121124.mp4,2026-09-17T12:12:34.427256,1789665154.427,1890
g4_brio_bolam2_20260917_121124.mp4,2026-09-17T12:12:34.465355,1789665154.465,1891
g4_brio_bolam2_20260917_121124.mp4,2026-09-17T12:12:34.502055,1789665154.502,1892
g4_brio_bolam2_20260917_121124.mp4,2026-09-17T12:12:34.536774,1789665154.537,1893
g4_brio_bolam2_20260917_121124.mp4,2026-09-17T12:12:34.577056,1789665154.577,1894
g4_brio_bolam2_20260917_121124.mp4,2026-09-17T12:12:34.613367,1789665154.613,1895
g4_brio_bolam2_20260917_121124.mp4,2026-09-17T12:12:34.644229,1789665154.644,1896
g4_brio_bolam2_20260917_121124.mp4,2026-09-17T12:12:34.678642,1789665154.679,1897
g4_brio_bolam2_20260917_121124.mp4,2026-09-17T12:12:34.719022,1789665154.719,1898
g4_brio_bolam2_20260917_121124.mp4,2026-09-17T12:12:34.749883,1789665154.750,1899
g4_brio_bolam2_20260917_121124.mp4,2026-09-17T12:12:34.785517,1789665154.786,1900
g4_brio_bolam2_20260917_121124.mp4,2026-09-17T12:12:34.821998,1789665154.822,1901
g4_brio_bolam2_20260917_121124.mp4,2026-09-17T12:12:34.858574,1789665154.859,1902
g4_brio_bolam2_20260917_121124.mp4,2026-09-17T12:12:34.893861,1789665154.894,1903
g4_brio_bolam2_20260917_121124.mp4,2026-09-17T12:12:34.926891,1789665154.927,1904
g4_brio_bolam2_20260917_121124.mp4,2026-09-17T12:12:34.965937,1789665154.966,1905
g4_brio_bolam2_20260917_121124.mp4,2026-09-17T12:12:35.003462,1789665155.003,1906
g4_brio_bolam2_20260917_121124.mp4,2026-09-17T12:12:35.040283,1789665155.040,1907
g4_brio_bolam2_20260917_121124.mp4,2026-09-17T12:12:35.075471,1789665155.075,1908
g4_brio_bolam2_20260917_121124.mp4,2026-09-17T12:12:35.111979,1789665155.112,1909
g4_brio_bolam2_20260917_121124.mp4,2026-09-17T12:12:35.145988,1789665155.146,1910
g4_brio_bolam2_20260917_121124.mp4,2026-09-17T12:12:35.179589,1789665155.180,1911
g4_brio_bolam2_20260917_121124.mp4,2026-09-17T12:12:35.216660,1789665155.217,1912
g4_brio_bolam2_20260917_121124.mp4,2026-09-17T12:12:35.250270,1789665155.250,1913
g4_brio_bolam2_20260917_121124.mp4,2026-09-17T12:12:35.289564,1789665155.290,1914
g4_brio_bolam2_20260917_121124.mp4,2026-09-17T12:12:35.325740,1789665155.326,1915
g4_brio_bolam2_20260917_121124.mp4,2026-09-17T12:12:35.357332,1789665155.357,1916
g4_brio_bolam2_20260917_121124.mp4,2026-09-17T12:12:35.393875,1789665155.394,1917
g4_brio_bolam2_20260917_121124.mp4,2026-09-17T12:12:35.429377,1789665155.429,1918
g4_brio_bolam2_20260917_121124.mp4,2026-09-17T12:12:35.467788,1789665155.468,1919
g4_brio_bolam2_20260917_121124.mp4,2026-09-17T12:12:35.502609,1789665155.503,1920
g4_brio_bolam2_20260917_121124.mp4,2026-09-17T12:12:35.542975,1789665155.543,1921
g4_brio_bolam2_20260917_121124.mp4,2026-09-17T12:12:35.572300,1789665155.572,1922
g4_brio_bolam2_20260917_121124.mp4,2026-09-17T12:12:35.610858,1789665155.611,1923
g4_brio_bolam2_20260917_121124.mp4,2026-09-17T12:12:35.645890,1789665155.646,1924
g4_brio_bolam2_20260917_121124.mp4,2026-09-17T12:12:35.678371,1789665155.678,1925
g4_brio_bolam2_20260917_121124.mp4,2026-09-17T12:12:35.716878,1789665155.717,1926
g4_brio_bolam2_20260917_121124.mp4,2026-09-17T12:12:35.749706,1789665155.750,1927
g4_brio_bolam2_20260917_121124.mp4,2026-09-17T12:12:35.785602,1789665155.786,1928
g4_brio_bolam2_20260917_121124.mp4,2026-09-17T12:12:35.821586,1789665155.822,1929
g4_brio_bolam2_20260917_121124.mp4,2026-09-17T12:12:35.857684,1789665155.858,1930
g4_brio_bolam2_20260917_121124.mp4,2026-09-17T12:12:35.893544,1789665155.894,1931
g4_brio_bolam2_20260917_121124.mp4,2026-09-17T12:12:35.925387,1789665155.925,1932
g4_brio_bolam2_20260917_121124.mp4,2026-09-17T12:12:35.961123,1789665155.961,1933
g4_brio_bolam2_20260917_121124.mp4,2026-09-17T12:12:35.997946,1789665155.998,1934
g4_brio_bolam2_20260917_121124.mp4,2026-09-17T12:12:36.036329,1789665156.036,1935
g4_brio_bolam2_20260917_121124.mp4,2026-09-17T12:12:36.073993,1789665156.074,1936
g4_brio_bolam2_20260917_121124.mp4,2026-09-17T12:12:36.111888,1789665156.112,1937
g4_brio_bolam2_20260917_121124.mp4,2026-09-17T12:12:36.146122,1789665156.146,1938
g4_brio_bolam2_20260917_121124.mp4,2026-09-17T12:12:36.180923,1789665156.181,1939
g4_brio_bolam2_20260917_121124.mp4,2026-09-17T12:12:36.217746,1789665156.218,1940
g4_brio_bolam2_20260917_121124.mp4,2026-09-17T12:12:36.245517,1789665156.246,1941
g4_brio_bolam2_20260917_121124.mp4,2026-09-17T12:12:36.285071,1789665156.285,1942
g4_brio_bolam2_20260917_121124.mp4,2026-09-17T12:12:36.317444,1789665156.317,1943
g4_brio_bolam2_20260917_121124.mp4,2026-09-17T12:12:36.354780,1789665156.355,1944
g4_brio_bolam2_20260917_121124.mp4,2026-09-17T12:12:36.390230,1789665156.390,1945
g4_brio_bolam2_20260917_121124.mp4,2026-09-17T12:12:36.426749,1789665156.427,1946
g4_brio_bolam2_20260917_121124.mp4,2026-09-17T12:12:36.466708,1789665156.467,1947
g4_brio_bolam2_20260917_121124.mp4,2026-09-17T12:12:36.506409,1789665156.506,1948
g4_brio_bolam2_20260917_121124.mp4,2026-09-17T12:12:36.538310,1789665156.538,1949
g4_brio_bolam2_20260917_121124.mp4,2026-09-17T12:12:36.580803,1789665156.581,1950
g4_brio_bolam2_20260917_121124.mp4,2026-09-17T12:12:36.610206,1789665156.610,1951
g4_brio_bolam2_20260917_121124.mp4,2026-09-17T12:12:36.639238,1789665156.639,1952
g4_brio_bolam2_20260917_121124.mp4,2026-09-17T12:12:36.676904,1789665156.677,1953
g4_brio_bolam2_20260917_121124.mp4,2026-09-17T12:12:36.713392,1789665156.713,1954
g4_brio_bolam2_20260917_121124.mp4,2026-09-17T12:12:36.746875,1789665156.747,1955
g4_brio_bolam2_20260917_121124.mp4,2026-09-17T12:12:36.783861,1789665156.784,1956
g4_brio_bolam2_20260917_121124.mp4,2026-09-17T12:12:36.818021,1789665156.818,1957
g4_brio_bolam2_20260917_121124.mp4,2026-09-17T12:12:36.853480,1789665156.853,1958
g4_brio_bolam2_20260917_121124.mp4,2026-09-17T12:12:36.889731,1789665156.890,1959
g4_brio_bolam2_20260917_121124.mp4,2026-09-17T12:12:36.926745,1789665156.927,1960
g4_brio_bolam2_20260917_121124.mp4,2026-09-17T12:12:36.958622,1789665156.959,1961
g4_brio_bolam2_20260917_121124.mp4,2026-09-17T12:12:36.995742,1789665156.996,1962
g4_brio_bolam2_20260917_121124.mp4,2026-09-17T12:12:37.035089,1789665157.035,1963
g4_brio_bolam2_20260917_121124.mp4,2026-09-17T12:12:37.071086,1789665157.071,1964
g4_brio_bolam2_20260917_121124.mp4,2026-09-17T12:12:37.108959,1789665157.109,1965
g4_brio_bolam2_20260917_121124.mp4,2026-09-17T12:12:37.142426,1789665157.142,1966
g4_brio_bolam2_20260917_121124.mp4,2026-09-17T12:12:37.183953,1789665157.184,1967
g4_brio_bolam2_20260917_121124.mp4,2026-09-17T12:12:37.215423,1789665157.215,1968
g4_brio_bolam2_20260917_121124.mp4,2026-09-17T12:12:37.246939,1789665157.247,1969
g4_brio_bolam2_20260917_121124.mp4,2026-09-17T12:12:37.282756,1789665157.283,1970
g4_brio_bolam2_20260917_121124.mp4,2026-09-17T12:12:37.316771,1789665157.317,1971
g4_brio_bolam2_20260917_121124.mp4,2026-09-17T12:12:37.353920,1789665157.354,1972
g4_brio_bolam2_20260917_121124.mp4,2026-09-17T12:12:37.385492,1789665157.386,1973
g4_brio_bolam2_20260917_121124.mp4,2026-09-17T12:12:37.421528,1789665157.422,1974
g4_brio_bolam2_20260917_121124.mp4,2026-09-17T12:12:37.457250,1789665157.457,1975
g4_brio_bolam2_20260917_121124.mp4,2026-09-17T12:12:37.493508,1789665157.494,1976
g4_brio_bolam2_20260917_121124.mp4,2026-09-17T12:12:37.529051,1789665157.529,1977
g4_brio_bolam2_20260917_121124.mp4,2026-09-17T12:12:37.565994,1789665157.566,1978
g4_brio_bolam2_20260917_121124.mp4,2026-09-17T12:12:37.606638,1789665157.607,1979
g4_brio_bolam2_20260917_121124.mp4,2026-09-17T12:12:37.644049,1789665157.644,1980
g4_brio_bolam2_20260917_121124.mp4,2026-09-17T12:12:37.678697,1789665157.679,1981
g4_brio_bolam2_20260917_121124.mp4,2026-09-17T12:12:37.708158,1789665157.708,1982
g4_brio_bolam2_20260917_121124.mp4,2026-09-17T12:12:37.745085,1789665157.745,1983
g4_brio_bolam2_20260917_121124.mp4,2026-09-17T12:12:37.778231,1789665157.778,1984
g4_brio_bolam2_20260917_121124.mp4,2026-09-17T12:12:37.816208,1789665157.816,1985
g4_brio_bolam2_20260917_121124.mp4,2026-09-17T12:12:37.850497,1789665157.851,1986
g4_brio_bolam2_20260917_121124.mp4,2026-09-17T12:12:37.885541,1789665157.886,1987
g4_brio_bolam2_20260917_121124.mp4,2026-09-17T12:12:37.921569,1789665157.922,1988
g4_brio_bolam2_20260917_121124.mp4,2026-09-17T12:12:37.958236,1789665157.958,1989
g4_brio_bolam2_20260917_121124.mp4,2026-09-17T12:12:37.996873,1789665157.997,1990
g4_brio_bolam2_20260917_121124.mp4,2026-09-17T12:12:38.027419,1789665158.027,1991
g4_brio_bolam2_20260917_121124.mp4,2026-09-17T12:12:38.067425,1789665158.067,1992
g4_brio_bolam2_20260917_121124.mp4,2026-09-17T12:12:38.103097,1789665158.103,1993
g4_brio_bolam2_20260917_121124.mp4,2026-09-17T12:12:38.139720,1789665158.140,1994
g4_brio_bolam2_20260917_121124.mp4,2026-09-17T12:12:38.175780,1789665158.176,1995
g4_brio_bolam2_20260917_121124.mp4,2026-09-17T12:12:38.208941,1789665158.209,1996
g4_brio_bolam2_20260917_121124.mp4,2026-09-17T12:12:38.245070,1789665158.245,1997
g4_brio_bolam2_20260917_121124.mp4,2026-09-17T12:12:38.278510,1789665158.279,1998
g4_brio_bolam2_20260917_121124.mp4,2026-09-17T12:12:38.316301,1789665158.316,1999
g4_brio_bolam2_20260917_121124.mp4,2026-09-17T12:12:38.350069,1789665158.350,2000
g4_brio_bolam2_20260917_121124.mp4,2026-09-17T12:12:38.382360,1789665158.382,2001
g4_brio_bolam2_20260917_121124.mp4,2026-09-17T12:12:38.422429,1789665158.422,2002
g4_brio_bolam2_20260917_121124.mp4,2026-09-17T12:12:38.453326,1789665158.453,2003
g4_brio_bolam2_20260917_121124.mp4,2026-09-17T12:12:38.489956,1789665158.490,2004
g4_brio_bolam2_20260917_121124.mp4,2026-09-17T12:12:38.525566,1789665158.526,2005
g4_brio_bolam2_20260917_121124.mp4,2026-09-17T12:12:38.561406,1789665158.561,2006
g4_brio_bolam2_20260917_121124.mp4,2026-09-17T12:12:38.598575,1789665158.599,2007
g4_brio_bolam2_20260917_121124.mp4,2026-09-17T12:12:38.634983,1789665158.635,2008
g4_brio_bolam2_20260917_121124.mp4,2026-09-17T12:12:38.674131,1789665158.674,2009
g4_brio_bolam2_20260917_121124.mp4,2026-09-17T12:12:38.711971,1789665158.712,2010
g4_brio_bolam2_20260917_121124.mp4,2026-09-17T12:12:38.743635,1789665158.744,2011
g4_brio_bolam2_20260917_121124.mp4,2026-09-17T12:12:38.780633,1789665158.781,2012
g4_brio_bolam2_20260917_121124.mp4,2026-09-17T12:12:38.815694,1789665158.816,2013
g4_brio_bolam2_20260917_121124.mp4,2026-09-17T12:12:38.846138,1789665158.846,2014
g4_brio_bolam2_20260917_121124.mp4,2026-09-17T12:12:38.883856,1789665158.884,2015
g4_brio_bolam2_20260917_121124.mp4,2026-09-17T12:12:38.918431,1789665158.918,2016
g4_brio_bolam2_20260917_121124.mp4,2026-09-17T12:12:38.953862,1789665158.954,2017
g4_brio_bolam2_20260917_121124.mp4,2026-09-17T12:12:38.991129,1789665158.991,2018
g4_brio_bolam2_20260917_121124.mp4,2026-09-17T12:12:39.026641,1789665159.027,2019
g4_brio_bolam2_20260917_121124.mp4,2026-09-17T12:12:39.065350,1789665159.065,2020
g4_brio_bolam2_20260917_121124.mp4,2026-09-17T12:12:39.096969,1789665159.097,2021
g4_brio_bolam2_20260917_121124.mp4,2026-09-17T12:12:39.130058,1789665159.130,2022
g4_brio_bolam2_20260917_121124.mp4,2026-09-17T12:12:39.171390,1789665159.171,2023
g4_brio_bolam2_20260917_121124.mp4,2026-09-17T12:12:39.209092,1789665159.209,2024
g4_brio_bolam2_20260917_121124.mp4,2026-09-17T12:12:39.243431,1789665159.243,2025
g4_brio_bolam2_20260917_121124.mp4,2026-09-17T12:12:39.279885,1789665159.280,2026
g4_brio_bolam2_20260917_121124.mp4,2026-09-17T12:12:39.314178,1789665159.314,2027
g4_brio_bolam2_20260917_121124.mp4,2026-09-17T12:12:39.347846,1789665159.348,2028
g4_brio_bolam2_20260917_121124.mp4,2026-09-17T12:12:39.381140,1789665159.381,2029
g4_brio_bolam2_20260917_121124.mp4,2026-09-17T12:12:39.418654,1789665159.419,2030
g4_brio_bolam2_20260917_121124.mp4,2026-09-17T12:12:39.452238,1789665159.452,2031
g4_brio_bolam2_20260917_121124.mp4,2026-09-17T12:12:39.485329,1789665159.485,2032
g4_brio_bolam2_20260917_121124.mp4,2026-09-17T12:12:39.522925,1789665159.523,2033
g4_brio_bolam2_20260917_121124.mp4,2026-09-17T12:12:39.558995,1789665159.559,2034
g4_brio_bolam2_20260917_121124.mp4,2026-09-17T12:12:39.593374,1789665159.593,2035
g4_brio_bolam2_20260917_121124.mp4,2026-09-17T12:12:39.629335,1789665159.629,2036
g4_brio_bolam2_20260917_121124.mp4,2026-09-17T12:12:39.672031,1789665159.672,2037
g4_brio_bolam2_20260917_121124.mp4,2026-09-17T12:12:39.706345,1789665159.706,2038
g4_brio_bolam2_20260917_121124.mp4,2026-09-17T12:12:39.743520,1789665159.744,2039
g4_brio_bolam2_20260917_121124.mp4,2026-09-17T12:12:39.774974,1789665159.775,2040
g4_brio_bolam2_20260917_121124.mp4,2026-09-17T12:12:39.815619,1789665159.816,2041
g4_brio_bolam2_20260917_121124.mp4,2026-09-17T12:12:39.845174,1789665159.845,2042
g4_brio_bolam2_20260917_121124.mp4,2026-09-17T12:12:39.881441,1789665159.881,2043
g4_brio_bolam2_20260917_121124.mp4,2026-09-17T12:12:39.921269,1789665159.921,2044
g4_brio_bolam2_20260917_121124.mp4,2026-09-17T12:12:39.950217,1789665159.950,2045
g4_brio_bolam2_20260917_121124.mp4,2026-09-17T12:12:39.985688,1789665159.986,2046
g4_brio_bolam2_20260917_121124.mp4,2026-09-17T12:12:40.021961,1789665160.022,2047
g4_brio_bolam2_20260917_121124.mp4,2026-09-17T12:12:40.057634,1789665160.058,2048
g4_brio_bolam2_20260917_121124.mp4,2026-09-17T12:12:40.096529,1789665160.097,2049
g4_brio_bolam2_20260917_121124.mp4,2026-09-17T12:12:40.132516,1789665160.133,2050
g4_brio_bolam2_20260917_121124.mp4,2026-09-17T12:12:40.164989,1789665160.165,2051
g4_brio_bolam2_20260917_121124.mp4,2026-09-17T12:12:40.200019,1789665160.200,2052
g4_brio_bolam2_20260917_121124.mp4,2026-09-17T12:12:40.239254,1789665160.239,2053
g4_brio_bolam2_20260917_121124.mp4,2026-09-17T12:12:40.274679,1789665160.275,2054
g4_brio_bolam2_20260917_121124.mp4,2026-09-17T12:12:40.309707,1789665160.310,2055
g4_brio_bolam2_20260917_121124.mp4,2026-09-17T12:12:40.345315,1789665160.345,2056
g4_brio_bolam2_20260917_121124.mp4,2026-09-17T12:12:40.379587,1789665160.380,2057
g4_brio_bolam2_20260917_121124.mp4,2026-09-17T12:12:40.415646,1789665160.416,2058
g4_brio_bolam2_20260917_121124.mp4,2026-09-17T12:12:40.449488,1789665160.449,2059
g4_brio_bolam2_20260917_121124.mp4,2026-09-17T12:12:40.485297,1789665160.485,2060
g4_brio_bolam2_20260917_121124.mp4,2026-09-17T12:12:40.517607,1789665160.518,2061
g4_brio_bolam2_20260917_121124.mp4,2026-09-17T12:12:40.553791,1789665160.554,2062
g4_brio_bolam2_20260917_121124.mp4,2026-09-17T12:12:40.589151,1789665160.589,2063
g4_brio_bolam2_20260917_121124.mp4,2026-09-17T12:12:40.626011,1789665160.626,2064
g4_brio_bolam2_20260917_121124.mp4,2026-09-17T12:12:40.665323,1789665160.665,2065
g4_brio_bolam2_20260917_121124.mp4,2026-09-17T12:12:40.701418,1789665160.701,2066
g4_brio_bolam2_20260917_121124.mp4,2026-09-17T12:12:40.734614,1789665160.735,2067
g4_brio_bolam2_20260917_121124.mp4,2026-09-17T12:12:40.770834,1789665160.771,2068
g4_brio_bolam2_20260917_121124.mp4,2026-09-17T12:12:40.812552,1789665160.813,2069
g4_brio_bolam2_20260917_121124.mp4,2026-09-17T12:12:40.840383,1789665160.840,2070
g4_brio_bolam2_20260917_121124.mp4,2026-09-17T12:12:40.877860,1789665160.878,2071
g4_brio_bolam2_20260917_121124.mp4,2026-09-17T12:12:40.912848,1789665160.913,2072
g4_brio_bolam2_20260917_121124.mp4,2026-09-17T12:12:40.945837,1789665160.946,2073
g4_brio_bolam2_20260917_121124.mp4,2026-09-17T12:12:40.985070,1789665160.985,2074
g4_brio_bolam2_20260917_121124.mp4,2026-09-17T12:12:41.018128,1789665161.018,2075
g4_brio_bolam2_20260917_121124.mp4,2026-09-17T12:12:41.053202,1789665161.053,2076
g4_brio_bolam2_20260917_121124.mp4,2026-09-17T12:12:41.090134,1789665161.090,2077
g4_brio_bolam2_20260917_121124.mp4,2026-09-17T12:12:41.126883,1789665161.127,2078
g4_brio_bolam2_20260917_121124.mp4,2026-09-17T12:12:41.158823,1789665161.159,2079
g4_brio_bolam2_20260917_121124.mp4,2026-09-17T12:12:41.196791,1789665161.197,2080
g4_brio_bolam2_20260917_121124.mp4,2026-09-17T12:12:41.229222,1789665161.229,2081
g4_brio_bolam2_20260917_121124.mp4,2026-09-17T12:12:41.266710,1789665161.267,2082
g4_brio_bolam2_20260917_121124.mp4,2026-09-17T12:12:41.307225,1789665161.307,2083
g4_brio_bolam2_20260917_121124.mp4,2026-09-17T12:12:41.339835,1789665161.340,2084
g4_brio_bolam2_20260917_121124.mp4,2026-09-17T12:12:41.375253,1789665161.375,2085
g4_brio_bolam2_20260917_121124.mp4,2026-09-17T12:12:41.413239,1789665161.413,2086
g4_brio_bolam2_20260917_121124.mp4,2026-09-17T12:12:41.448155,1789665161.448,2087
g4_brio_bolam2_20260917_121124.mp4,2026-09-17T12:12:41.481946,1789665161.482,2088
g4_brio_bolam2_20260917_121124.mp4,2026-09-17T12:12:41.516602,1789665161.517,2089
g4_brio_bolam2_20260917_121124.mp4,2026-09-17T12:12:41.550539,1789665161.551,2090
g4_brio_bolam2_20260917_121124.mp4,2026-09-17T12:12:41.585890,1789665161.586,2091
g4_brio_bolam2_20260917_121124.mp4,2026-09-17T12:12:41.621905,1789665161.622,2092
g4_brio_bolam2_20260917_121124.mp4,2026-09-17T12:12:41.661995,1789665161.662,2093
g4_brio_bolam2_20260917_121124.mp4,2026-09-17T12:12:41.698908,1789665161.699,2094
g4_brio_bolam2_20260917_121124.mp4,2026-09-17T12:12:41.735097,1789665161.735,2095
g4_brio_bolam2_20260917_121124.mp4,2026-09-17T12:12:41.770595,1789665161.771,2096
g4_brio_bolam2_20260917_121124.mp4,2026-09-17T12:12:41.801616,1789665161.802,2097
g4_brio_bolam2_20260917_121124.mp4,2026-09-17T12:12:41.839780,1789665161.840,2098
g4_brio_bolam2_20260917_121124.mp4,2026-09-17T12:12:41.875011,1789665161.875,2099
g4_brio_bolam2_20260917_121124.mp4,2026-09-17T12:12:41.908408,1789665161.908,2100
g4_brio_bolam2_20260917_121124.mp4,2026-09-17T12:12:41.943741,1789665161.944,2101
g4_brio_bolam2_20260917_121124.mp4,2026-09-17T12:12:41.978429,1789665161.978,2102
g4_brio_bolam2_20260917_121124.mp4,2026-09-17T12:12:42.016721,1789665162.017,2103
g4_brio_bolam2_20260917_121124.mp4,2026-09-17T12:12:42.050703,1789665162.051,2104
g4_brio_bolam2_20260917_121124.mp4,2026-09-17T12:12:42.085286,1789665162.085,2105
g4_brio_bolam2_20260917_121124.mp4,2026-09-17T12:12:42.123804,1789665162.124,2106
g4_brio_bolam2_20260917_121124.mp4,2026-09-17T12:12:42.163437,1789665162.163,2107
g4_brio_bolam2_20260917_121124.mp4,2026-09-17T12:12:42.189159,1789665162.189,2108
g4_brio_bolam2_20260917_121124.mp4,2026-09-17T12:12:42.225448,1789665162.225,2109
g4_brio_bolam2_20260917_121124.mp4,2026-09-17T12:12:42.261174,1789665162.261,2110
g4_brio_bolam2_20260917_121124.mp4,2026-09-17T12:12:42.298141,1789665162.298,2111
g4_brio_bolam2_20260917_121124.mp4,2026-09-17T12:12:42.334706,1789665162.335,2112
g4_brio_bolam2_20260917_121124.mp4,2026-09-17T12:12:42.375474,1789665162.375,2113
g4_brio_bolam2_20260917_121124.mp4,2026-09-17T12:12:42.410045,1789665162.410,2114
g4_brio_bolam2_20260917_121124.mp4,2026-09-17T12:12:42.442890,1789665162.443,2115
g4_brio_bolam2_20260917_121124.mp4,2026-09-17T12:12:42.477610,1789665162.478,2116
g4_brio_bolam2_20260917_121124.mp4,2026-09-17T12:12:42.515480,1789665162.515,2117
g4_brio_bolam2_20260917_121124.mp4,2026-09-17T12:12:42.547717,1789665162.548,2118
g4_brio_bolam2_20260917_121124.mp4,2026-09-17T12:12:42.581616,1789665162.582,2119
g4_brio_bolam2_20260917_121124.mp4,2026-09-17T12:12:42.619991,1789665162.620,2120
g4_brio_bolam2_20260917_121124.mp4,2026-09-17T12:12:42.654074,1789665162.654,2121
g4_brio_bolam2_20260917_121124.mp4,2026-09-17T12:12:42.690638,1789665162.691,2122
g4_brio_bolam2_20260917_121124.mp4,2026-09-17T12:12:42.726899,1789665162.727,2123
g4_brio_bolam2_20260917_121124.mp4,2026-09-17T12:12:42.758630,1789665162.759,2124
g4_brio_bolam2_20260917_121124.mp4,2026-09-17T12:12:42.793486,1789665162.793,2125
g4_brio_bolam2_20260917_121124.mp4,2026-09-17T12:12:42.829245,1789665162.829,2126
g4_brio_bolam2_20260917_121124.mp4,2026-09-17T12:12:42.865902,1789665162.866,2127
g4_brio_bolam2_20260917_121124.mp4,2026-09-17T12:12:42.909317,1789665162.909,2128
g4_brio_bolam2_20260917_121124.mp4,2026-09-17T12:12:42.942100,1789665162.942,2129
g4_brio_bolam2_20260917_121124.mp4,2026-09-17T12:12:42.978924,1789665162.979,2130
g4_brio_bolam2_20260917_121124.mp4,2026-09-17T12:12:43.015443,1789665163.015,2131
g4_brio_bolam2_20260917_121124.mp4,2026-09-17T12:12:43.047851,1789665163.048,2132
g4_brio_bolam2_20260917_121124.mp4,2026-09-17T12:12:43.078576,1789665163.079,2133
g4_brio_bolam2_20260917_121124.mp4,2026-09-17T12:12:43.113958,1789665163.114,2134
g4_brio_bolam2_20260917_121124.mp4,2026-09-17T12:12:43.149399,1789665163.149,2135
g4_brio_bolam2_20260917_121124.mp4,2026-09-17T12:12:43.185582,1789665163.186,2136
g4_brio_bolam2_20260917_121124.mp4,2026-09-17T12:12:43.221622,1789665163.222,2137
g4_brio_bolam2_20260917_121124.mp4,2026-09-17T12:12:43.259069,1789665163.259,2138
g4_brio_bolam2_20260917_121124.mp4,2026-09-17T12:12:43.298798,1789665163.299,2139
g4_brio_bolam2_20260917_121124.mp4,2026-09-17T12:12:43.331283,1789665163.331,2140
g4_brio_bolam2_20260917_121124.mp4,2026-09-17T12:12:43.371886,1789665163.372,2141
g4_brio_bolam2_20260917_121124.mp4,2026-09-17T12:12:43.400809,1789665163.401,2142
g4_brio_bolam2_20260917_121124.mp4,2026-09-17T12:12:43.445258,1789665163.445,2143
g4_brio_bolam2_20260917_121124.mp4,2026-09-17T12:12:43.471700,1789665163.472,2144
g4_brio_bolam2_20260917_121124.mp4,2026-09-17T12:12:43.510333,1789665163.510,2145
g4_brio_bolam2_20260917_121124.mp4,2026-09-17T12:12:43.545810,1789665163.546,2146
g4_brio_bolam2_20260917_121124.mp4,2026-09-17T12:12:43.579106,1789665163.579,2147
g4_brio_bolam2_20260917_121124.mp4,2026-09-17T12:12:43.616839,1789665163.617,2148
g4_brio_bolam2_20260917_121124.mp4,2026-09-17T12:12:43.654263,1789665163.654,2149
g4_brio_bolam2_20260917_121124.mp4,2026-09-17T12:12:43.685373,1789665163.685,2150
g4_brio_bolam2_20260917_121124.mp4,2026-09-17T12:12:43.718554,1789665163.719,2151
g4_brio_bolam2_20260917_121124.mp4,2026-09-17T12:12:43.753890,1789665163.754,2152
g4_brio_bolam2_20260917_121124.mp4,2026-09-17T12:12:43.790835,1789665163.791,2153
g4_brio_bolam2_20260917_121124.mp4,2026-09-17T12:12:43.826882,1789665163.827,2154
g4_brio_bolam2_20260917_121124.mp4,2026-09-17T12:12:43.860980,1789665163.861,2155
g4_brio_bolam2_20260917_121124.mp4,2026-09-17T12:12:43.897851,1789665163.898,2156
g4_brio_bolam2_20260917_121124.mp4,2026-09-17T12:12:43.939203,1789665163.939,2157
g4_brio_bolam2_20260917_121124.mp4,2026-09-17T12:12:43.974275,1789665163.974,2158
g4_brio_bolam2_20260917_121124.mp4,2026-09-17T12:12:44.010938,1789665164.011,2159
g4_brio_bolam2_20260917_121124.mp4,2026-09-17T12:12:44.046348,1789665164.046,2160
g4_brio_bolam2_20260917_121124.mp4,2026-09-17T12:12:44.079426,1789665164.079,2161
g4_brio_bolam2_20260917_121124.mp4,2026-09-17T12:12:44.113635,1789665164.114,2162
g4_brio_bolam2_20260917_121124.mp4,2026-09-17T12:12:44.147735,1789665164.148,2163
g4_brio_bolam2_20260917_121124.mp4,2026-09-17T12:12:44.182113,1789665164.182,2164
g4_brio_bolam2_20260917_121124.mp4,2026-09-17T12:12:44.219300,1789665164.219,2165
g4_brio_bolam2_20260917_121124.mp4,2026-09-17T12:12:44.254504,1789665164.255,2166
g4_brio_bolam2_20260917_121124.mp4,2026-09-17T12:12:44.289929,1789665164.290,2167
g4_brio_bolam2_20260917_121124.mp4,2026-09-17T12:12:44.325139,1789665164.325,2168
g4_brio_bolam2_20260917_121124.mp4,2026-09-17T12:12:44.361023,1789665164.361,2169
g4_brio_bolam2_20260917_121124.mp4,2026-09-17T12:12:44.402613,1789665164.403,2170
g4_brio_bolam2_20260917_121124.mp4,2026-09-17T12:12:44.432900,1789665164.433,2171
g4_brio_bolam2_20260917_121124.mp4,2026-09-17T12:12:44.472777,1789665164.473,2172
g4_brio_bolam2_20260917_121124.mp4,2026-09-17T12:12:44.503872,1789665164.504,2173
g4_brio_bolam2_20260917_121124.mp4,2026-09-17T12:12:44.544246,1789665164.544,2174
g4_brio_bolam2_20260917_121124.mp4,2026-09-17T12:12:44.578503,1789665164.579,2175
g4_brio_bolam2_20260917_121124.mp4,2026-09-17T12:12:44.615638,1789665164.616,2176
g4_brio_bolam2_20260917_121124.mp4,2026-09-17T12:12:44.647899,1789665164.648,2177
g4_brio_bolam2_20260917_121124.mp4,2026-09-17T12:12:44.681660,1789665164.682,2178
g4_brio_bolam2_20260917_121124.mp4,2026-09-17T12:12:44.719468,1789665164.719,2179
g4_brio_bolam2_20260917_121124.mp4,2026-09-17T12:12:44.749741,1789665164.750,2180
g4_brio_bolam2_20260917_121124.mp4,2026-09-17T12:12:44.785340,1789665164.785,2181
g4_brio_bolam2_20260917_121124.mp4,2026-09-17T12:12:44.821773,1789665164.822,2182
g4_brio_bolam2_20260917_121124.mp4,2026-09-17T12:12:44.858240,1789665164.858,2183
g4_brio_bolam2_20260917_121124.mp4,2026-09-17T12:12:44.894786,1789665164.895,2184
g4_brio_bolam2_20260917_121124.mp4,2026-09-17T12:12:44.934283,1789665164.934,2185
g4_brio_bolam2_20260917_121124.mp4,2026-09-17T12:12:44.970098,1789665164.970,2186
g4_brio_bolam2_20260917_121124.mp4,2026-09-17T12:12:45.003225,1789665165.003,2187
g4_brio_bolam2_20260917_121124.mp4,2026-09-17T12:12:45.043483,1789665165.044,2188
g4_brio_bolam2_20260917_121124.mp4,2026-09-17T12:12:45.076651,1789665165.077,2189
g4_brio_bolam2_20260917_121124.mp4,2026-09-17T12:12:45.113861,1789665165.114,2190
g4_brio_bolam2_20260917_121124.mp4,2026-09-17T12:12:45.149340,1789665165.149,2191
g4_brio_bolam2_20260917_121124.mp4,2026-09-17T12:12:45.188616,1789665165.189,2192
g4_brio_bolam2_20260917_121124.mp4,2026-09-17T12:12:45.225154,1789665165.225,2193
g4_brio_bolam2_20260917_121124.mp4,2026-09-17T12:12:45.257927,1789665165.258,2194
g4_brio_bolam2_20260917_121124.mp4,2026-09-17T12:12:45.293704,1789665165.294,2195
g4_brio_bolam2_20260917_121124.mp4,2026-09-17T12:12:45.331355,1789665165.331,2196
g4_brio_bolam2_20260917_121124.mp4,2026-09-17T12:12:45.369076,1789665165.369,2197
g4_brio_bolam2_20260917_121124.mp4,2026-09-17T12:12:45.404217,1789665165.404,2198
g4_brio_bolam2_20260917_121124.mp4,2026-09-17T12:12:45.442070,1789665165.442,2199
g4_brio_bolam2_20260917_121124.mp4,2026-09-17T12:12:45.479439,1789665165.479,2200
g4_brio_bolam2_20260917_121124.mp4,2026-09-17T12:12:45.516708,1789665165.517,2201
g4_brio_bolam2_20260917_121124.mp4,2026-09-17T12:12:45.555037,1789665165.555,2202
g4_brio_bolam2_20260917_121124.mp4,2026-09-17T12:12:45.592566,1789665165.593,2203
g4_brio_bolam2_20260917_121124.mp4,2026-09-17T12:12:45.630389,1789665165.630,2204
g4_brio_bolam2_20260917_121124.mp4,2026-09-17T12:12:45.665427,1789665165.665,2205
g4_brio_bolam2_20260917_121124.mp4,2026-09-17T12:12:45.697472,1789665165.697,2206
g4_brio_bolam2_20260917_121124.mp4,2026-09-17T12:12:45.736221,1789665165.736,2207
g4_brio_bolam2_20260917_121124.mp4,2026-09-17T12:12:45.767077,1789665165.767,2208
g4_brio_bolam2_20260917_121124.mp4,2026-09-17T12:12:45.805719,1789665165.806,2209
g4_brio_bolam2_20260917_121124.mp4,2026-09-17T12:12:45.843845,1789665165.844,2210
g4_brio_bolam2_20260917_121124.mp4,2026-09-17T12:12:45.878137,1789665165.878,2211
g4_brio_bolam2_20260917_121124.mp4,2026-09-17T12:12:45.915244,1789665165.915,2212
g4_brio_bolam2_20260917_121124.mp4,2026-09-17T12:12:45.953672,1789665165.954,2213
g4_brio_bolam2_20260917_121124.mp4,2026-09-17T12:12:45.994011,1789665165.994,2214
g4_brio_bolam2_20260917_121124.mp4,2026-09-17T12:12:46.026307,1789665166.026,2215
g4_brio_bolam2_20260917_121124.mp4,2026-09-17T12:12:46.062948,1789665166.063,2216
g4_brio_bolam2_20260917_121124.mp4,2026-09-17T12:12:46.097795,1789665166.098,2217
g4_brio_bolam2_20260917_121124.mp4,2026-09-17T12:12:46.140620,1789665166.141,2218
g4_brio_bolam2_20260917_121124.mp4,2026-09-17T12:12:46.174939,1789665166.175,2219
g4_brio_bolam2_20260917_121124.mp4,2026-09-17T12:12:46.212084,1789665166.212,2220
g4_brio_bolam2_20260917_121124.mp4,2026-09-17T12:12:46.248525,1789665166.249,2221
g4_brio_bolam2_20260917_121124.mp4,2026-09-17T12:12:46.283479,1789665166.283,2222
g4_brio_bolam2_20260917_121124.mp4,2026-09-17T12:12:46.317221,1789665166.317,2223
g4_brio_bolam2_20260917_121124.mp4,2026-09-17T12:12:46.354013,1789665166.354,2224
g4_brio_bolam2_20260917_121124.mp4,2026-09-17T12:12:46.387466,1789665166.387,2225
g4_brio_bolam2_20260917_121124.mp4,2026-09-17T12:12:46.423790,1789665166.424,2226
g4_brio_bolam2_20260917_121124.mp4,2026-09-17T12:12:46.460840,1789665166.461,2227
g4_brio_bolam2_20260917_121124.mp4,2026-09-17T12:12:46.497566,1789665166.498,2228
g4_brio_bolam2_20260917_121124.mp4,2026-09-17T12:12:46.534928,1789665166.535,2229
g4_brio_bolam2_20260917_121124.mp4,2026-09-17T12:12:46.571951,1789665166.572,2230
g4_brio_bolam2_20260917_121124.mp4,2026-09-17T12:12:46.610175,1789665166.610,2231
g4_brio_bolam2_20260917_121124.mp4,2026-09-17T12:12:46.649843,1789665166.650,2232
g4_brio_bolam2_20260917_121124.mp4,2026-09-17T12:12:46.681156,1789665166.681,2233
g4_brio_bolam2_20260917_121124.mp4,2026-09-17T12:12:46.715930,1789665166.716,2234
g4_brio_bolam2_20260917_121124.mp4,2026-09-17T12:12:46.757292,1789665166.757,2235
g4_brio_bolam2_20260917_121124.mp4,2026-09-17T12:12:46.793672,1789665166.794,2236
g4_brio_bolam2_20260917_121124.mp4,2026-09-17T12:12:46.827989,1789665166.828,2237
g4_brio_bolam2_20260917_121124.mp4,2026-09-17T12:12:46.868515,1789665166.869,2238
g4_brio_bolam2_20260917_121124.mp4,2026-09-17T12:12:46.899742,1789665166.900,2239
g4_brio_bolam2_20260917_121124.mp4,2026-09-17T12:12:46.936633,1789665166.937,2240
g4_brio_bolam2_20260917_121124.mp4,2026-09-17T12:12:46.973393,1789665166.973,2241
g4_brio_bolam2_20260917_121124.mp4,2026-09-17T12:12:47.006289,1789665167.006,2242
g4_brio_bolam2_20260917_121124.mp4,2026-09-17T12:12:47.051112,1789665167.051,2243
g4_brio_bolam2_20260917_121124.mp4,2026-09-17T12:12:47.083435,1789665167.083,2244
g4_brio_bolam2_20260917_121124.mp4,2026-09-17T12:12:47.121309,1789665167.121,2245
g4_brio_bolam2_20260917_121124.mp4,2026-09-17T12:12:47.158798,1789665167.159,2246
g4_brio_bolam2_20260917_121124.mp4,2026-09-17T12:12:47.196355,1789665167.196,2247
g4_brio_bolam2_20260917_121124.mp4,2026-09-17T12:12:47.233323,1789665167.233,2248
g4_brio_bolam2_20260917_121124.mp4,2026-09-17T12:12:47.269244,1789665167.269,2249
g4_brio_bolam2_20260917_121124.mp4,2026-09-17T12:12:47.301158,1789665167.301,2250
g4_brio_bolam2_20260917_121124.mp4,2026-09-17T12:12:47.340138,1789665167.340,2251
g4_brio_bolam2_20260917_121124.mp4,2026-09-17T12:12:47.378586,1789665167.379,2252
g4_brio_bolam2_20260917_121124.mp4,2026-09-17T12:12:47.409085,1789665167.409,2253
g4_brio_bolam2_20260917_121124.mp4,2026-09-17T12:12:47.445233,1789665167.445,2254
g4_brio_bolam2_20260917_121124.mp4,2026-09-17T12:12:47.483127,1789665167.483,2255
g4_brio_bolam2_20260917_121124.mp4,2026-09-17T12:12:47.517364,1789665167.517,2256
g4_brio_bolam2_20260917_121124.mp4,2026-09-17T12:12:47.554878,1789665167.555,2257
g4_brio_bolam2_20260917_121124.mp4,2026-09-17T12:12:47.593231,1789665167.593,2258
g4_brio_bolam2_20260917_121124.mp4,2026-09-17T12:12:47.634141,1789665167.634,2259
g4_brio_bolam2_20260917_121124.mp4,2026-09-17T12:12:47.664485,1789665167.664,2260
g4_brio_bolam2_20260917_121124.mp4,2026-09-17T12:12:47.709089,1789665167.709,2261
g4_brio_bolam2_20260917_121124.mp4,2026-09-17T12:12:47.738437,1789665167.738,2262
g4_brio_bolam2_20260917_121124.mp4,2026-09-17T12:12:47.777885,1789665167.778,2263
g4_brio_bolam2_20260917_121124.mp4,2026-09-17T12:12:47.813621,1789665167.814,2264
g4_brio_bolam2_20260917_121124.mp4,2026-09-17T12:12:47.847201,1789665167.847,2265
g4_brio_bolam2_20260917_121124.mp4,2026-09-17T12:12:47.886522,1789665167.887,2266
g4_brio_bolam2_20260917_121124.mp4,2026-09-17T12:12:47.920323,1789665167.920,2267
g4_brio_bolam2_20260917_121124.mp4,2026-09-17T12:12:47.954830,1789665167.955,2268
g4_brio_bolam2_20260917_121124.mp4,2026-09-17T12:12:47.994168,1789665167.994,2269
g4_brio_bolam2_20260917_121124.mp4,2026-09-17T12:12:48.024809,1789665168.025,2270
g4_brio_bolam2_20260917_121124.mp4,2026-09-17T12:12:48.061154,1789665168.061,2271
g4_brio_bolam2_20260917_121124.mp4,2026-09-17T12:12:48.098289,1789665168.098,2272
g4_brio_bolam2_20260917_121124.mp4,2026-09-17T12:12:48.134956,1789665168.135,2273
g4_brio_bolam2_20260917_121124.mp4,2026-09-17T12:12:48.175206,1789665168.175,2274
g4_brio_bolam2_20260917_121124.mp4,2026-09-17T12:12:48.212360,1789665168.212,2275
g4_brio_bolam2_20260917_121124.mp4,2026-09-17T12:12:48.250535,1789665168.251,2276
g4_brio_bolam2_20260917_121124.mp4,2026-09-17T12:12:48.287004,1789665168.287,2277
g4_brio_bolam2_20260917_121124.mp4,2026-09-17T12:12:48.318465,1789665168.318,2278
g4_brio_bolam2_20260917_121124.mp4,2026-09-17T12:12:48.356690,1789665168.357,2279
g4_brio_bolam2_20260917_121124.mp4,2026-09-17T12:12:48.393548,1789665168.394,2280
g4_brio_bolam2_20260917_121124.mp4,2026-09-17T12:12:48.425295,1789665168.425,2281
g4_brio_bolam2_20260917_121124.mp4,2026-09-17T12:12:48.461252,1789665168.461,2282
g4_brio_bolam2_20260917_121124.mp4,2026-09-17T12:12:48.501150,1789665168.501,2283
g4_brio_bolam2_20260917_121124.mp4,2026-09-17T12:12:48.536133,1789665168.536,2284
g4_brio_bolam2_20260917_121124.mp4,2026-09-17T12:12:48.570973,1789665168.571,2285
g4_brio_bolam2_20260917_121124.mp4,2026-09-17T12:12:48.606541,1789665168.607,2286
g4_brio_bolam2_20260917_121124.mp4,2026-09-17T12:12:48.640164,1789665168.640,2287
g4_brio_bolam2_20260917_121124.mp4,2026-09-17T12:12:48.678453,1789665168.678,2288
g4_brio_bolam2_20260917_121124.mp4,2026-09-17T12:12:48.713772,1789665168.714,2289
g4_brio_bolam2_20260917_121124.mp4,2026-09-17T12:12:48.750051,1789665168.750,2290
g4_brio_bolam2_20260917_121124.mp4,2026-09-17T12:12:48.787559,1789665168.788,2291
g4_brio_bolam2_20260917_121124.mp4,2026-09-17T12:12:48.824852,1789665168.825,2292
g4_brio_bolam2_20260917_121124.mp4,2026-09-17T12:12:48.866195,1789665168.866,2293
g4_brio_bolam2_20260917_121124.mp4,2026-09-17T12:12:48.903212,1789665168.903,2294
g4_brio_bolam2_20260917_121124.mp4,2026-09-17T12:12:48.933537,1789665168.934,2295
g4_brio_bolam2_20260917_121124.mp4,2026-09-17T12:12:48.972823,1789665168.973,2296
g4_brio_bolam2_20260917_121124.mp4,2026-09-17T12:12:49.007538,1789665169.008,2297
g4_brio_bolam2_20260917_121124.mp4,2026-09-17T12:12:49.040525,1789665169.041,2298
g4_brio_bolam2_20260917_121124.mp4,2026-09-17T12:12:49.077217,1789665169.077,2299
g4_brio_bolam2_20260917_121124.mp4,2026-09-17T12:12:49.113207,1789665169.113,2300
g4_brio_bolam2_20260917_121124.mp4,2026-09-17T12:12:49.150780,1789665169.151,2301
g4_brio_bolam2_20260917_121124.mp4,2026-09-17T12:12:49.189016,1789665169.189,2302
g4_brio_bolam2_20260917_121124.mp4,2026-09-17T12:12:49.225229,1789665169.225,2303
g4_brio_bolam2_20260917_121124.mp4,2026-09-17T12:12:49.258663,1789665169.259,2304
g4_brio_bolam2_20260917_121124.mp4,2026-09-17T12:12:49.296926,1789665169.297,2305
g4_brio_bolam2_20260917_121124.mp4,2026-09-17T12:12:49.333280,1789665169.333,2306
g4_brio_bolam2_20260917_121124.mp4,2026-09-17T12:12:49.371987,1789665169.372,2307
g4_brio_bolam2_20260917_121124.mp4,2026-09-17T12:12:49.407962,1789665169.408,2308
g4_brio_bolam2_20260917_121124.mp4,2026-09-17T12:12:49.445268,1789665169.445,2309
g4_brio_bolam2_20260917_121124.mp4,2026-09-17T12:12:49.480363,1789665169.480,2310
g4_brio_bolam2_20260917_121124.mp4,2026-09-17T12:12:49.511805,1789665169.512,2311
g4_brio_bolam2_20260917_121124.mp4,2026-09-17T12:12:49.550436,1789665169.550,2312
g4_brio_bolam2_20260917_121124.mp4,2026-09-17T12:12:49.582447,1789665169.582,2313
g4_brio_bolam2_20260917_121124.mp4,2026-09-17T12:12:49.620934,1789665169.621,2314
g4_brio_bolam2_20260917_121124.mp4,2026-09-17T12:12:49.657610,1789665169.658,2315
g4_brio_bolam2_20260917_121124.mp4,2026-09-17T12:12:49.690692,1789665169.691,2316
g4_brio_bolam2_20260917_121124.mp4,2026-09-17T12:12:49.731528,1789665169.732,2317
g4_brio_bolam2_20260917_121124.mp4,2026-09-17T12:12:49.767415,1789665169.767,2318
g4_brio_bolam2_20260917_121124.mp4,2026-09-17T12:12:49.806426,1789665169.806,2319
g4_brio_bolam2_20260917_121124.mp4,2026-09-17T12:12:49.837097,1789665169.837,2320
g4_brio_bolam2_20260917_121124.mp4,2026-09-17T12:12:49.876613,1789665169.877,2321
g4_brio_bolam2_20260917_121124.mp4,2026-09-17T12:12:49.912406,1789665169.912,2322
g4_brio_bolam2_20260917_121124.mp4,2026-09-17T12:12:49.950783,1789665169.951,2323
g4_brio_bolam2_20260917_121124.mp4,2026-09-17T12:12:49.985242,1789665169.985,2324
g4_brio_bolam2_20260917_121124.mp4,2026-09-17T12:12:50.022041,1789665170.022,2325
g4_brio_bolam2_20260917_121124.mp4,2026-09-17T12:12:50.059265,1789665170.059,2326
g4_brio_bolam2_20260917_121124.mp4,2026-09-17T12:12:50.093721,1789665170.094,2327
g4_brio_bolam2_20260917_121124.mp4,2026-09-17T12:12:50.126493,1789665170.127,2328
g4_brio_bolam2_20260917_121124.mp4,2026-09-17T12:12:50.161516,1789665170.162,2329
g4_brio_bolam2_20260917_121124.mp4,2026-09-17T12:12:50.195127,1789665170.195,2330
g4_brio_bolam2_20260917_121124.mp4,2026-09-17T12:12:50.231817,1789665170.232,2331
g4_brio_bolam2_20260917_121124.mp4,2026-09-17T12:12:50.267890,1789665170.268,2332
g4_brio_bolam2_20260917_121124.mp4,2026-09-17T12:12:50.305664,1789665170.306,2333
g4_brio_bolam2_20260917_121124.mp4,2026-09-17T12:12:50.343199,1789665170.343,2334
g4_brio_bolam2_20260917_121124.mp4,2026-09-17T12:12:50.382209,1789665170.382,2335
g4_brio_bolam2_20260917_121124.mp4,2026-09-17T12:12:50.420489,1789665170.421,2336
g4_brio_bolam2_20260917_121124.mp4,2026-09-17T12:12:50.450477,1789665170.450,2337
g4_brio_bolam2_20260917_121124.mp4,2026-09-17T12:12:50.490299,1789665170.490,2338
g4_brio_bolam2_20260917_121124.mp4,2026-09-17T12:12:50.525730,1789665170.526,2339
g4_brio_bolam2_20260917_121124.mp4,2026-09-17T12:12:50.562425,1789665170.562,2340
g4_brio_bolam2_20260917_121124.mp4,2026-09-17T12:12:50.598388,1789665170.598,2341
g4_brio_bolam2_20260917_121124.mp4,2026-09-17T12:12:50.634761,1789665170.635,2342
g4_brio_bolam2_20260917_121124.mp4,2026-09-17T12:12:50.668370,1789665170.668,2343
g4_brio_bolam2_20260917_121124.mp4,2026-09-17T12:12:50.705565,1789665170.706,2344
g4_brio_bolam2_20260917_121124.mp4,2026-09-17T12:12:50.742080,1789665170.742,2345
g4_brio_bolam2_20260917_121124.mp4,2026-09-17T12:12:50.771735,1789665170.772,2346
g4_brio_bolam2_20260917_121124.mp4,2026-09-17T12:12:50.808036,1789665170.808,2347
g4_brio_bolam2_20260917_121124.mp4,2026-09-17T12:12:50.844499,1789665170.845,2348
g4_brio_bolam2_20260917_121124.mp4,2026-09-17T12:12:50.881038,1789665170.881,2349
g4_brio_bolam2_20260917_121124.mp4,2026-09-17T12:12:50.918352,1789665170.918,2350
g4_brio_bolam2_20260917_121124.mp4,2026-09-17T12:12:50.955197,1789665170.955,2351
g4_brio_bolam2_20260917_121124.mp4,2026-09-17T12:12:50.992073,1789665170.992,2352
g4_brio_bolam2_20260917_121124.mp4,2026-09-17T12:12:51.031277,1789665171.031,2353
g4_brio_bolam2_20260917_121124.mp4,2026-09-17T12:12:51.072500,1789665171.073,2354
g4_brio_bolam2_20260917_121124.mp4,2026-09-17T12:12:51.105040,1789665171.105,2355
g4_brio_bolam2_20260917_121124.mp4,2026-09-17T12:12:51.136609,1789665171.137,2356
g4_brio_bolam2_20260917_121124.mp4,2026-09-17T12:12:51.175644,1789665171.176,2357
g4_brio_bolam2_20260917_121124.mp4,2026-09-17T12:12:51.205814,1789665171.206,2358
g4_brio_bolam2_20260917_121124.mp4,2026-09-17T12:12:51.244649,1789665171.245,2359
g4_brio_bolam2_20260917_121124.mp4,2026-09-17T12:12:51.279273,1789665171.279,2360
g4_brio_bolam2_20260917_121124.mp4,2026-09-17T12:12:51.314860,1789665171.315,2361
g4_brio_bolam2_20260917_121124.mp4,2026-09-17T12:12:51.351443,1789665171.351,2362
g4_brio_bolam2_20260917_121124.mp4,2026-09-17T12:12:51.387960,1789665171.388,2363
g4_brio_bolam2_20260917_121124.mp4,2026-09-17T12:12:51.424757,1789665171.425,2364
g4_brio_bolam2_20260917_121124.mp4,2026-09-17T12:12:51.456752,1789665171.457,2365
g4_brio_bolam2_20260917_121124.mp4,2026-09-17T12:12:51.493806,1789665171.494,2366
g4_brio_bolam2_20260917_121124.mp4,2026-09-17T12:12:51.537161,1789665171.537,2367
g4_brio_bolam2_20260917_121124.mp4,2026-09-17T12:12:51.573308,1789665171.573,2368
g4_brio_bolam2_20260917_121124.mp4,2026-09-17T12:12:51.609935,1789665171.610,2369
g4_brio_bolam2_20260917_121124.mp4,2026-09-17T12:12:51.643376,1789665171.643,2370
g4_brio_bolam2_20260917_121124.mp4,2026-09-17T12:12:51.681714,1789665171.682,2371
g4_brio_bolam2_20260917_121124.mp4,2026-09-17T12:12:51.714239,1789665171.714,2372
g4_brio_bolam2_20260917_121124.mp4,2026-09-17T12:12:51.753248,1789665171.753,2373
g4_brio_bolam2_20260917_121124.mp4,2026-09-17T12:12:51.785626,1789665171.786,2374
g4_brio_bolam2_20260917_121124.mp4,2026-09-17T12:12:51.821418,1789665171.821,2375
g4_brio_bolam2_20260917_121124.mp4,2026-09-17T12:12:51.856633,1789665171.857,2376
g4_brio_bolam2_20260917_121124.mp4,2026-09-17T12:12:51.890388,1789665171.890,2377
g4_brio_bolam2_20260917_121124.mp4,2026-09-17T12:12:51.927506,1789665171.928,2378
g4_brio_bolam2_20260917_121124.mp4,2026-09-17T12:12:51.963527,1789665171.964,2379
g4_brio_bolam2_20260917_121124.mp4,2026-09-17T12:12:52.003198,1789665172.003,2380
g4_brio_bolam2_20260917_121124.mp4,2026-09-17T12:12:52.044731,1789665172.045,2381
g4_brio_bolam2_20260917_121124.mp4,2026-09-17T12:12:52.078391,1789665172.078,2382
g4_brio_bolam2_20260917_121124.mp4,2026-09-17T12:12:52.116775,1789665172.117,2383
g4_brio_bolam2_20260917_121124.mp4,2026-09-17T12:12:52.151357,1789665172.151,2384
g4_brio_bolam2_20260917_121124.mp4,2026-09-17T12:12:52.187692,1789665172.188,2385
g4_brio_bolam2_20260917_121124.mp4,2026-09-17T12:12:52.222601,1789665172.223,2386
g4_brio_bolam2_20260917_121124.mp4,2026-09-17T12:12:52.259730,1789665172.260,2387
g4_brio_bolam2_20260917_121124.mp4,2026-09-17T12:12:52.291310,1789665172.291,2388
g4_brio_bolam2_20260917_121124.mp4,2026-09-17T12:12:52.323728,1789665172.324,2389
g4_brio_bolam2_20260917_121124.mp4,2026-09-17T12:12:52.363933,1789665172.364,2390
g4_brio_bolam2_20260917_121124.mp4,2026-09-17T12:12:52.397972,1789665172.398,2391
g4_brio_bolam2_20260917_121124.mp4,2026-09-17T12:12:52.433014,1789665172.433,2392
g4_brio_bolam2_20260917_121124.mp4,2026-09-17T12:12:52.469422,1789665172.469,2393
g4_brio_bolam2_20260917_121124.mp4,2026-09-17T12:12:52.506054,1789665172.506,2394
g4_brio_bolam2_20260917_121124.mp4,2026-09-17T12:12:52.544090,1789665172.544,2395
g4_brio_bolam2_20260917_121124.mp4,2026-09-17T12:12:52.584197,1789665172.584,2396
g4_brio_bolam2_20260917_121124.mp4,2026-09-17T12:12:52.620637,1789665172.621,2397
g4_brio_bolam2_20260917_121124.mp4,2026-09-17T12:12:52.656272,1789665172.656,2398
g4_brio_bolam2_20260917_121124.mp4,2026-09-17T12:12:52.693584,1789665172.694,2399
g4_brio_bolam2_20260917_121124.mp4,2026-09-17T12:12:52.726590,1789665172.727,2400
g4_brio_bolam2_20260917_121124.mp4,2026-09-17T12:12:52.764482,1789665172.764,2401
g4_brio_bolam2_20260917_121124.mp4,2026-09-17T12:12:52.798006,1789665172.798,2402
g4_brio_bolam2_20260917_121124.mp4,2026-09-17T12:12:52.833741,1789665172.834,2403
g4_brio_bolam2_20260917_121124.mp4,2026-09-17T12:12:52.865798,1789665172.866,2404
g4_brio_bolam2_20260917_121124.mp4,2026-09-17T12:12:52.906072,1789665172.906,2405
g4_brio_bolam2_20260917_121124.mp4,2026-09-17T12:12:52.940580,1789665172.941,2406
g4_brio_bolam2_20260917_121124.mp4,2026-09-17T12:12:52.977477,1789665172.977,2407
g4_brio_bolam2_20260917_121124.mp4,2026-09-17T12:12:53.017225,1789665173.017,2408
g4_brio_bolam2_20260917_121124.mp4,2026-09-17T12:12:53.053102,1789665173.053,2409
g4_brio_bolam2_20260917_121124.mp4,2026-09-17T12:12:53.087458,1789665173.087,2410
g4_brio_bolam2_20260917_121124.mp4,2026-09-17T12:12:53.120943,1789665173.121,2411
g4_brio_bolam2_20260917_121124.mp4,2026-09-17T12:12:53.163677,1789665173.164,2412
g4_brio_bolam2_20260917_121124.mp4,2026-09-17T12:12:53.197880,1789665173.198,2413
g4_brio_bolam2_20260917_121124.mp4,2026-09-17T12:12:53.233025,1789665173.233,2414
g4_brio_bolam2_20260917_121124.mp4,2026-09-17T12:12:53.270245,1789665173.270,2415
g4_brio_bolam2_20260917_121124.mp4,2026-09-17T12:12:53.303290,1789665173.303,2416
g4_brio_bolam2_20260917_121124.mp4,2026-09-17T12:12:53.339061,1789665173.339,2417
g4_brio_bolam2_20260917_121124.mp4,2026-09-17T12:12:53.374998,1789665173.375,2418
g4_brio_bolam2_20260917_121124.mp4,2026-09-17T12:12:53.411403,1789665173.411,2419
g4_brio_bolam2_20260917_121124.mp4,2026-09-17T12:12:53.449008,1789665173.449,2420
g4_brio_bolam2_20260917_121124.mp4,2026-09-17T12:12:53.484557,1789665173.485,2421
g4_brio_bolam2_20260917_121124.mp4,2026-09-17T12:12:53.522109,1789665173.522,2422
g4_brio_bolam2_20260917_121124.mp4,2026-09-17T12:12:53.557921,1789665173.558,2423
g4_brio_bolam2_20260917_121124.mp4,2026-09-17T12:12:53.594636,1789665173.595,2424
g4_brio_bolam2_20260917_121124.mp4,2026-09-17T12:12:53.630828,1789665173.631,2425
g4_brio_bolam2_20260917_121124.mp4,2026-09-17T12:12:53.664308,1789665173.664,2426
g4_brio_bolam2_20260917_121124.mp4,2026-09-17T12:12:53.701951,1789665173.702,2427
g4_brio_bolam2_20260917_121124.mp4,2026-09-17T12:12:53.735226,1789665173.735,2428
g4_brio_bolam2_20260917_121124.mp4,2026-09-17T12:12:53.777039,1789665173.777,2429
g4_brio_bolam2_20260917_121124.mp4,2026-09-17T12:12:53.807724,1789665173.808,2430
g4_brio_bolam2_20260917_121124.mp4,2026-09-17T12:12:53.843919,1789665173.844,2431
g4_brio_bolam2_20260917_121124.mp4,2026-09-17T12:12:53.880555,1789665173.881,2432
g4_brio_bolam2_20260917_121124.mp4,2026-09-17T12:12:53.917562,1789665173.918,2433
g4_brio_bolam2_20260917_121124.mp4,2026-09-17T12:12:53.958073,1789665173.958,2434
g4_brio_bolam2_20260917_121124.mp4,2026-09-17T12:12:53.995411,1789665173.995,2435
g4_brio_bolam2_20260917_121124.mp4,2026-09-17T12:12:54.030851,1789665174.031,2436
g4_brio_bolam2_20260917_121124.mp4,2026-09-17T12:12:54.061591,1789665174.062,2437
g4_brio_bolam2_20260917_121124.mp4,2026-09-17T12:12:54.106308,1789665174.106,2438
g4_brio_bolam2_20260917_121124.mp4,2026-09-17T12:12:54.135759,1789665174.136,2439
g4_brio_bolam2_20260917_121124.mp4,2026-09-17T12:12:54.175151,1789665174.175,2440
g4_brio_bolam2_20260917_121124.mp4,2026-09-17T12:12:54.207261,1789665174.207,2441
g4_brio_bolam2_20260917_121124.mp4,2026-09-17T12:12:54.239929,1789665174.240,2442
g4_brio_bolam2_20260917_121124.mp4,2026-09-17T12:12:54.277263,1789665174.277,2443
g4_brio_bolam2_20260917_121124.mp4,2026-09-17T12:12:54.312988,1789665174.313,2444
g4_brio_bolam2_20260917_121124.mp4,2026-09-17T12:12:54.348583,1789665174.349,2445
g4_brio_bolam2_20260917_121124.mp4,2026-09-17T12:12:54.384888,1789665174.385,2446
g4_brio_bolam2_20260917_121124.mp4,2026-09-17T12:12:54.421161,1789665174.421,2447
g4_brio_bolam2_20260917_121124.mp4,2026-09-17T12:12:54.458619,1789665174.459,2448
g4_brio_bolam2_20260917_121124.mp4,2026-09-17T12:12:54.494223,1789665174.494,2449
g4_brio_bolam2_20260917_121124.mp4,2026-09-17T12:12:54.531493,1789665174.532,2450
g4_brio_bolam2_20260917_121124.mp4,2026-09-17T12:12:54.571404,1789665174.571,2451
g4_brio_bolam2_20260917_121124.mp4,2026-09-17T12:12:54.604435,1789665174.604,2452
g4_brio_bolam2_20260917_121124.mp4,2026-09-17T12:12:54.645980,1789665174.646,2453
g4_brio_bolam2_20260917_121124.mp4,2026-09-17T12:12:54.675403,1789665174.675,2454
g4_brio_bolam2_20260917_121124.mp4,2026-09-17T12:12:54.714041,1789665174.714,2455
g4_brio_bolam2_20260917_121124.mp4,2026-09-17T12:12:54.746249,1789665174.746,2456
g4_brio_bolam2_20260917_121124.mp4,2026-09-17T12:12:54.785422,1789665174.785,2457
g4_brio_bolam2_20260917_121124.mp4,2026-09-17T12:12:54.817390,1789665174.817,2458
g4_brio_bolam2_20260917_121124.mp4,2026-09-17T12:12:54.853555,1789665174.854,2459
g4_brio_bolam2_20260917_121124.mp4,2026-09-17T12:12:54.890107,1789665174.890,2460
g4_brio_bolam2_20260917_121124.mp4,2026-09-17T12:12:54.927743,1789665174.928,2461
g4_brio_bolam2_20260917_121124.mp4,2026-09-17T12:12:54.967631,1789665174.968,2462
g4_brio_bolam2_20260917_121124.mp4,2026-09-17T12:12:55.004387,1789665175.004,2463
g4_brio_bolam2_20260917_121124.mp4,2026-09-17T12:12:55.040235,1789665175.040,2464
g4_brio_bolam2_20260917_121124.mp4,2026-09-17T12:12:55.076465,1789665175.076,2465
g4_brio_bolam2_20260917_121124.mp4,2026-09-17T12:12:55.111559,1789665175.112,2466
g4_brio_bolam2_20260917_121124.mp4,2026-09-17T12:12:55.143094,1789665175.143,2467
g4_brio_bolam2_20260917_121124.mp4,2026-09-17T12:12:55.186314,1789665175.186,2468
g4_brio_bolam2_20260917_121124.mp4,2026-09-17T12:12:55.214742,1789665175.215,2469
g4_brio_bolam2_20260917_121124.mp4,2026-09-17T12:12:55.251566,1789665175.252,2470
g4_brio_bolam2_20260917_121124.mp4,2026-09-17T12:12:55.290208,1789665175.290,2471
g4_brio_bolam2_20260917_121124.mp4,2026-09-17T12:12:55.321547,1789665175.322,2472
g4_brio_bolam2_20260917_121124.mp4,2026-09-17T12:12:55.357552,1789665175.358,2473
g4_brio_bolam2_20260917_121124.mp4,2026-09-17T12:12:55.394162,1789665175.394,2474
g4_brio_bolam2_20260917_121124.mp4,2026-09-17T12:12:55.430120,1789665175.430,2475
g4_brio_bolam2_20260917_121124.mp4,2026-09-17T12:12:55.469743,1789665175.470,2476
g4_brio_bolam2_20260917_121124.mp4,2026-09-17T12:12:55.503889,1789665175.504,2477
g4_brio_bolam2_20260917_121124.mp4,2026-09-17T12:12:55.544963,1789665175.545,2478
g4_brio_bolam2_20260917_121124.mp4,2026-09-17T12:12:55.579855,1789665175.580,2479
g4_brio_bolam2_20260917_121124.mp4,2026-09-17T12:12:55.616049,1789665175.616,2480
g4_brio_bolam2_20260917_121124.mp4,2026-09-17T12:12:55.652587,1789665175.653,2481
g4_brio_bolam2_20260917_121124.mp4,2026-09-17T12:12:55.689026,1789665175.689,2482
g4_brio_bolam2_20260917_121124.mp4,2026-09-17T12:12:55.723224,1789665175.723,2483
g4_brio_bolam2_20260917_121124.mp4,2026-09-17T12:12:55.757699,1789665175.758,2484
g4_brio_bolam2_20260917_121124.mp4,2026-09-17T12:12:55.793855,1789665175.794,2485
g4_brio_bolam2_20260917_121124.mp4,2026-09-17T12:12:55.825872,1789665175.826,2486
g4_brio_bolam2_20260917_121124.mp4,2026-09-17T12:12:55.861578,1789665175.862,2487
g4_brio_bolam2_20260917_121124.mp4,2026-09-17T12:12:55.898068,1789665175.898,2488
g4_brio_bolam2_20260917_121124.mp4,2026-09-17T12:12:55.934947,1789665175.935,2489
g4_brio_bolam2_20260917_121124.mp4,2026-09-17T12:12:55.976032,1789665175.976,2490
g4_brio_bolam2_20260917_121124.mp4,2026-09-17T12:12:56.007994,1789665176.008,2491
g4_brio_bolam2_20260917_121124.mp4,2026-09-17T12:12:56.044232,1789665176.044,2492
g4_brio_bolam2_20260917_121124.mp4,2026-09-17T12:12:56.080870,1789665176.081,2493
g4_brio_bolam2_20260917_121124.mp4,2026-09-17T12:12:56.122837,1789665176.123,2494
g4_brio_bolam2_20260917_121124.mp4,2026-09-17T12:12:56.155988,1789665176.156,2495
g4_brio_bolam2_20260917_121124.mp4,2026-09-17T12:12:56.193352,1789665176.193,2496
g4_brio_bolam2_20260917_121124.mp4,2026-09-17T12:12:56.225070,1789665176.225,2497
g4_brio_bolam2_20260917_121124.mp4,2026-09-17T12:12:56.261550,1789665176.262,2498
g4_brio_bolam2_20260917_121124.mp4,2026-09-17T12:12:56.298083,1789665176.298,2499
g4_brio_bolam2_20260917_121124.mp4,2026-09-17T12:12:56.329244,1789665176.329,2500
g4_brio_bolam2_20260917_121124.mp4,2026-09-17T12:12:56.364840,1789665176.365,2501
g4_brio_bolam2_20260917_121124.mp4,2026-09-17T12:12:56.401582,1789665176.402,2502
g4_brio_bolam2_20260917_121124.mp4,2026-09-17T12:12:56.437288,1789665176.437,2503
g4_brio_bolam2_20260917_121124.mp4,2026-09-17T12:12:56.478904,1789665176.479,2504
g4_brio_bolam2_20260917_121124.mp4,2026-09-17T12:12:56.515468,1789665176.515,2505
g4_brio_bolam2_20260917_121124.mp4,2026-09-17T12:12:56.555060,1789665176.555,2506
g4_brio_bolam2_20260917_121124.mp4,2026-09-17T12:12:56.586978,1789665176.587,2507
g4_brio_bolam2_20260917_121124.mp4,2026-09-17T12:12:56.622373,1789665176.622,2508
g4_brio_bolam2_20260917_121124.mp4,2026-09-17T12:12:56.656682,1789665176.657,2509
g4_brio_bolam2_20260917_121124.mp4,2026-09-17T12:12:56.700938,1789665176.701,2510
g4_brio_bolam2_20260917_121124.mp4,2026-09-17T12:12:56.729728,1789665176.730,2511
g4_brio_bolam2_20260917_121124.mp4,2026-09-17T12:12:56.765071,1789665176.765,2512
g4_brio_bolam2_20260917_121124.mp4,2026-09-17T12:12:56.802353,1789665176.802,2513
g4_brio_bolam2_20260917_121124.mp4,2026-09-17T12:12:56.836084,1789665176.836,2514
g4_brio_bolam2_20260917_121124.mp4,2026-09-17T12:12:56.868365,1789665176.868,2515
g4_brio_bolam2_20260917_121124.mp4,2026-09-17T12:12:56.908645,1789665176.909,2516
g4_brio_bolam2_20260917_121124.mp4,2026-09-17T12:12:56.943561,1789665176.944,2517
g4_brio_bolam2_20260917_121124.mp4,2026-09-17T12:12:56.982663,1789665176.983,2518
g4_brio_bolam2_20260917_121124.mp4,2026-09-17T12:12:57.019015,1789665177.019,2519
g4_brio_bolam2_20260917_121124.mp4,2026-09-17T12:12:57.056452,1789665177.056,2520
g4_brio_bolam2_20260917_121124.mp4,2026-09-17T12:12:57.089499,1789665177.090,2521
g4_brio_bolam2_20260917_121124.mp4,2026-09-17T12:12:57.126380,1789665177.126,2522
g4_brio_bolam2_20260917_121124.mp4,2026-09-17T12:12:57.158585,1789665177.159,2523
g4_brio_bolam2_20260917_121124.mp4,2026-09-17T12:12:57.198653,1789665177.199,2524
g4_brio_bolam2_20260917_121124.mp4,2026-09-17T12:12:57.231990,1789665177.232,2525
g4_brio_bolam2_20260917_121124.mp4,2026-09-17T12:12:57.267361,1789665177.267,2526
g4_brio_bolam2_20260917_121124.mp4,2026-09-17T12:12:57.305008,1789665177.305,2527
g4_brio_bolam2_20260917_121124.mp4,2026-09-17T12:12:57.339272,1789665177.339,2528
g4_brio_bolam2_20260917_121124.mp4,2026-09-17T12:12:57.376315,1789665177.376,2529
g4_brio_bolam2_20260917_121124.mp4,2026-09-17T12:12:57.408172,1789665177.408,2530
g4_brio_bolam2_20260917_121124.mp4,2026-09-17T12:12:57.453048,1789665177.453,2531
g4_brio_bolam2_20260917_121124.mp4,2026-09-17T12:12:57.483971,1789665177.484,2532
g4_brio_bolam2_20260917_121124.mp4,2026-09-17T12:12:57.525100,1789665177.525,2533
g4_brio_bolam2_20260917_121124.mp4,2026-09-17T12:12:57.556448,1789665177.556,2534
g4_brio_bolam2_20260917_121124.mp4,2026-09-17T12:12:57.595001,1789665177.595,2535
g4_brio_bolam2_20260917_121124.mp4,2026-09-17T12:12:57.630913,1789665177.631,2536
g4_brio_bolam2_20260917_121124.mp4,2026-09-17T12:12:57.666990,1789665177.667,2537
g4_brio_bolam2_20260917_121124.mp4,2026-09-17T12:12:57.703641,1789665177.704,2538
g4_brio_bolam2_20260917_121124.mp4,2026-09-17T12:12:57.736409,1789665177.736,2539
g4_brio_bolam2_20260917_121124.mp4,2026-09-17T12:12:57.771673,1789665177.772,2540
g4_brio_bolam2_20260917_121124.mp4,2026-09-17T12:12:57.807207,1789665177.807,2541
g4_brio_bolam2_20260917_121124.mp4,2026-09-17T12:12:57.843693,1789665177.844,2542
g4_brio_bolam2_20260917_121124.mp4,2026-09-17T12:12:57.881397,1789665177.881,2543
g4_brio_bolam2_20260917_121124.mp4,2026-09-17T12:12:57.915337,1789665177.915,2544
g4_brio_bolam2_20260917_121124.mp4,2026-09-17T12:12:57.956573,1789665177.957,2545
g4_brio_bolam2_20260917_121124.mp4,2026-09-17T12:12:57.993672,1789665177.994,2546
g4_brio_bolam2_20260917_121124.mp4,2026-09-17T12:12:58.030044,1789665178.030,2547
g4_brio_bolam2_20260917_121124.mp4,2026-09-17T12:12:58.059246,1789665178.059,2548
g4_brio_bolam2_20260917_121124.mp4,2026-09-17T12:12:58.099586,1789665178.100,2549
g4_brio_bolam2_20260917_121124.mp4,2026-09-17T12:12:58.133563,1789665178.134,2550
g4_brio_bolam2_20260917_121124.mp4,2026-09-17T12:12:58.168845,1789665178.169,2551
g4_brio_bolam2_20260917_121124.mp4,2026-09-17T12:12:58.207756,1789665178.208,2552
g4_brio_bolam2_20260917_121124.mp4,2026-09-17T12:12:58.238107,1789665178.238,2553
g4_brio_bolam2_20260917_121124.mp4,2026-09-17T12:12:58.274842,1789665178.275,2554
g4_brio_bolam2_20260917_121124.mp4,2026-09-17T12:12:58.311070,1789665178.311,2555
g4_brio_bolam2_20260917_121124.mp4,2026-09-17T12:12:58.345413,1789665178.345,2556
g4_brio_bolam2_20260917_121124.mp4,2026-09-17T12:12:58.382767,1789665178.383,2557
g4_brio_bolam2_20260917_121124.mp4,2026-09-17T12:12:58.419056,1789665178.419,2558
g4_brio_bolam2_20260917_121124.mp4,2026-09-17T12:12:58.456344,1789665178.456,2559
g4_brio_bolam2_20260917_121124.mp4,2026-09-17T12:12:58.497770,1789665178.498,2560
g4_brio_bolam2_20260917_121124.mp4,2026-09-17T12:12:58.530639,1789665178.531,2561
g4_brio_bolam2_20260917_121124.mp4,2026-09-17T12:12:58.567476,1789665178.567,2562
g4_brio_bolam2_20260917_121124.mp4,2026-09-17T12:12:58.599766,1789665178.600,2563
g4_brio_bolam2_20260917_121124.mp4,2026-09-17T12:12:58.637306,1789665178.637,2564
g4_brio_bolam2_20260917_121124.mp4,2026-09-17T12:12:58.671635,1789665178.672,2565
g4_brio_bolam2_20260917_121124.mp4,2026-09-17T12:12:58.709258,1789665178.709,2566
g4_brio_bolam2_20260917_121124.mp4,2026-09-17T12:12:58.741993,1789665178.742,2567
g4_brio_bolam2_20260917_121124.mp4,2026-09-17T12:12:58.776801,1789665178.777,2568
g4_brio_bolam2_20260917_121124.mp4,2026-09-17T12:12:58.814106,1789665178.814,2569
g4_brio_bolam2_20260917_121124.mp4,2026-09-17T12:12:58.848170,1789665178.848,2570
g4_brio_bolam2_20260917_121124.mp4,2026-09-17T12:12:58.884843,1789665178.885,2571
g4_brio_bolam2_20260917_121124.mp4,2026-09-17T12:12:58.921357,1789665178.921,2572
g4_brio_bolam2_20260917_121124.mp4,2026-09-17T12:12:58.957347,1789665178.957,2573
g4_brio_bolam2_20260917_121124.mp4,2026-09-17T12:12:58.995589,1789665178.996,2574
g4_brio_bolam2_20260917_121124.mp4,2026-09-17T12:12:59.031306,1789665179.031,2575
g4_brio_bolam2_20260917_121124.mp4,2026-09-17T12:12:59.073006,1789665179.073,2576
g4_brio_bolam2_20260917_121124.mp4,2026-09-17T12:12:59.107792,1789665179.108,2577
g4_brio_bolam2_20260917_121124.mp4,2026-09-17T12:12:59.138577,1789665179.139,2578
g4_brio_bolam2_20260917_121124.mp4,2026-09-17T12:12:59.177539,1789665179.178,2579
g4_brio_bolam2_20260917_121124.mp4,2026-09-17T12:12:59.211998,1789665179.212,2580
g4_brio_bolam2_20260917_121124.mp4,2026-09-17T12:12:59.244176,1789665179.244,2581
g4_brio_bolam2_20260917_121124.mp4,2026-09-17T12:12:59.278975,1789665179.279,2582
g4_brio_bolam2_20260917_121124.mp4,2026-09-17T12:12:59.317292,1789665179.317,2583
g4_brio_bolam2_20260917_121124.mp4,2026-09-17T12:12:59.350712,1789665179.351,2584
g4_brio_bolam2_20260917_121124.mp4,2026-09-17T12:12:59.387393,1789665179.387,2585
g4_brio_bolam2_20260917_121124.mp4,2026-09-17T12:12:59.423750,1789665179.424,2586
g4_brio_bolam2_20260917_121124.mp4,2026-09-17T12:12:59.465110,1789665179.465,2587
g4_brio_bolam2_20260917_121124.mp4,2026-09-17T12:12:59.501466,1789665179.501,2588
g4_brio_bolam2_20260917_121124.mp4,2026-09-17T12:12:59.537148,1789665179.537,2589
g4_brio_bolam2_20260917_121124.mp4,2026-09-17T12:12:59.568881,1789665179.569,2590
g4_brio_bolam2_20260917_121124.mp4,2026-09-17T12:12:59.609100,1789665179.609,2591
g4_brio_bolam2_20260917_121124.mp4,2026-09-17T12:12:59.646040,1789665179.646,2592
g4_brio_bolam2_20260917_121124.mp4,2026-09-17T12:12:59.676601,1789665179.677,2593
g4_brio_bolam2_20260917_121124.mp4,2026-09-17T12:12:59.716907,1789665179.717,2594
g4_brio_bolam2_20260917_121124.mp4,2026-09-17T12:12:59.746416,1789665179.746,2595
g4_brio_bolam2_20260917_121124.mp4,2026-09-17T12:12:59.781585,1789665179.782,2596
g4_brio_bolam2_20260917_121124.mp4,2026-09-17T12:12:59.819363,1789665179.819,2597
g4_brio_bolam2_20260917_121124.mp4,2026-09-17T12:12:59.853294,1789665179.853,2598
g4_brio_bolam2_20260917_121124.mp4,2026-09-17T12:12:59.889328,1789665179.889,2599
g4_brio_bolam2_20260917_121124.mp4,2026-09-17T12:12:59.925687,1789665179.926,2600
g4_brio_bolam2_20260917_121124.mp4,2026-09-17T12:12:59.962183,1789665179.962,2601
g4_brio_bolam2_20260917_121124.mp4,2026-09-17T12:13:00.007285,1789665180.007,2602
g4_brio_bolam2_20260917_121124.mp4,2026-09-17T12:13:00.038176,1789665180.038,2603
g4_brio_bolam2_20260917_121124.mp4,2026-09-17T12:13:00.075262,1789665180.075,2604
g4_brio_bolam2_20260917_121124.mp4,2026-09-17T12:13:00.108125,1789665180.108,2605
g4_brio_bolam2_20260917_121124.mp4,2026-09-17T12:13:00.142940,1789665180.143,2606
g4_brio_bolam2_20260917_121124.mp4,2026-09-17T12:13:00.180492,1789665180.181,2607
g4_brio_bolam2_20260917_121124.mp4,2026-09-17T12:13:00.212552,1789665180.213,2608
g4_brio_bolam2_20260917_121124.mp4,2026-09-17T12:13:00.251102,1789665180.251,2609
g4_brio_bolam2_20260917_121124.mp4,2026-09-17T12:13:00.283018,1789665180.283,2610
g4_brio_bolam2_20260917_121124.mp4,2026-09-17T12:13:00.319293,1789665180.319,2611
g4_brio_bolam2_20260917_121124.mp4,2026-09-17T12:13:00.355997,1789665180.356,2612
g4_brio_bolam2_20260917_121124.mp4,2026-09-17T12:13:00.392601,1789665180.393,2613
g4_brio_bolam2_20260917_121124.mp4,2026-09-17T12:13:00.427905,1789665180.428,2614
g4_brio_bolam2_20260917_121124.mp4,2026-09-17T12:13:00.464501,1789665180.465,2615
g4_brio_bolam2_20260917_121124.mp4,2026-09-17T12:13:00.503076,1789665180.503,2616
g4_brio_bolam2_20260917_121124.mp4,2026-09-17T12:13:00.544142,1789665180.544,2617
g4_brio_bolam2_20260917_121124.mp4,2026-09-17T12:13:00.577545,1789665180.578,2618
g4_brio_bolam2_20260917_121124.mp4,2026-09-17T12:13:00.616057,1789665180.616,2619
g4_brio_bolam2_20260917_121124.mp4,2026-09-17T12:13:00.647823,1789665180.648,2620
g4_brio_bolam2_20260917_121124.mp4,2026-09-17T12:13:00.682905,1789665180.683,2621
g4_brio_bolam2_20260917_121124.mp4,2026-09-17T12:13:00.718331,1789665180.718,2622
g4_brio_bolam2_20260917_121124.mp4,2026-09-17T12:13:00.753752,1789665180.754,2623
g4_brio_bolam2_20260917_121124.mp4,2026-09-17T12:13:00.789540,1789665180.790,2624
g4_brio_bolam2_20260917_121124.mp4,2026-09-17T12:13:00.826037,1789665180.826,2625
g4_brio_bolam2_20260917_121124.mp4,2026-09-17T12:13:00.857536,1789665180.858,2626
g4_brio_bolam2_20260917_121124.mp4,2026-09-17T12:13:00.893799,1789665180.894,2627
g4_brio_bolam2_20260917_121124.mp4,2026-09-17T12:13:00.930842,1789665180.931,2628
g4_brio_bolam2_20260917_121124.mp4,2026-09-17T12:13:00.971317,1789665180.971,2629
g4_brio_bolam2_20260917_121124.mp4,2026-09-17T12:13:01.008244,1789665181.008,2630
g4_brio_bolam2_20260917_121124.mp4,2026-09-17T12:13:01.044257,1789665181.044,2631
g4_brio_bolam2_20260917_121124.mp4,2026-09-17T12:13:01.081360,1789665181.081,2632
g4_brio_bolam2_20260917_121124.mp4,2026-09-17T12:13:01.116491,1789665181.117,2633
g4_brio_bolam2_20260917_121124.mp4,2026-09-17T12:13:01.148612,1789665181.149,2634
g4_brio_bolam2_20260917_121124.mp4,2026-09-17T12:13:01.184772,1789665181.185,2635
g4_brio_bolam2_20260917_121124.mp4,2026-09-17T12:13:01.223523,1789665181.224,2636
g4_brio_bolam2_20260917_121124.mp4,2026-09-17T12:13:01.255289,1789665181.255,2637
g4_brio_bolam2_20260917_121124.mp4,2026-09-17T12:13:01.291383,1789665181.291,2638
g4_brio_bolam2_20260917_121124.mp4,2026-09-17T12:13:01.328014,1789665181.328,2639
g4_brio_bolam2_20260917_121124.mp4,2026-09-17T12:13:01.365102,1789665181.365,2640
g4_brio_bolam2_20260917_121124.mp4,2026-09-17T12:13:01.399471,1789665181.399,2641
g4_brio_bolam2_20260917_121124.mp4,2026-09-17T12:13:01.441547,1789665181.442,2642
g4_brio_bolam2_20260917_121124.mp4,2026-09-17T12:13:01.472249,1789665181.472,2643
g4_brio_bolam2_20260917_121124.mp4,2026-09-17T12:13:01.510582,1789665181.511,2644
g4_brio_bolam2_20260917_121124.mp4,2026-09-17T12:13:01.544713,1789665181.545,2645
g4_brio_bolam2_20260917_121124.mp4,2026-09-17T12:13:01.581059,1789665181.581,2646
g4_brio_bolam2_20260917_121124.mp4,2026-09-17T12:13:01.617274,1789665181.617,2647
g4_brio_bolam2_20260917_121124.mp4,2026-09-17T12:13:01.649601,1789665181.650,2648
g4_brio_bolam2_20260917_121124.mp4,2026-09-17T12:13:01.690632,1789665181.691,2649
g4_brio_bolam2_20260917_121124.mp4,2026-09-17T12:13:01.724931,1789665181.725,2650
g4_brio_bolam2_20260917_121124.mp4,2026-09-17T12:13:01.758023,1789665181.758,2651
g4_brio_bolam2_20260917_121124.mp4,2026-09-17T12:13:01.793292,1789665181.793,2652
g4_brio_bolam2_20260917_121124.mp4,2026-09-17T12:13:01.829754,1789665181.830,2653
g4_brio_bolam2_20260917_121124.mp4,2026-09-17T12:13:01.867487,1789665181.867,2654
g4_brio_bolam2_20260917_121124.mp4,2026-09-17T12:13:01.902420,1789665181.902,2655
g4_brio_bolam2_20260917_121124.mp4,2026-09-17T12:13:01.935350,1789665181.935,2656
g4_brio_bolam2_20260917_121124.mp4,2026-09-17T12:13:01.976627,1789665181.977,2657
g4_brio_bolam2_20260917_121124.mp4,2026-09-17T12:13:02.011739,1789665182.012,2658
g4_brio_bolam2_20260917_121124.mp4,2026-09-17T12:13:02.048952,1789665182.049,2659
g4_brio_bolam2_20260917_121124.mp4,2026-09-17T12:13:02.084556,1789665182.085,2660
g4_brio_bolam2_20260917_121124.mp4,2026-09-17T12:13:02.121556,1789665182.122,2661
g4_brio_bolam2_20260917_121124.mp4,2026-09-17T12:13:02.155456,1789665182.155,2662
g4_brio_bolam2_20260917_121124.mp4,2026-09-17T12:13:02.189111,1789665182.189,2663
g4_brio_bolam2_20260917_121124.mp4,2026-09-17T12:13:02.227482,1789665182.227,2664
g4_brio_bolam2_20260917_121124.mp4,2026-09-17T12:13:02.259187,1789665182.259,2665
g4_brio_bolam2_20260917_121124.mp4,2026-09-17T12:13:02.294968,1789665182.295,2666
g4_brio_bolam2_20260917_121124.mp4,2026-09-17T12:13:02.331254,1789665182.331,2667
g4_brio_bolam2_20260917_121124.mp4,2026-09-17T12:13:02.368003,1789665182.368,2668
g4_brio_bolam2_20260917_121124.mp4,2026-09-17T12:13:02.403387,1789665182.403,2669
g4_brio_bolam2_20260917_121124.mp4,2026-09-17T12:13:02.441497,1789665182.442,2670
g4_brio_bolam2_20260917_121124.mp4,2026-09-17T12:13:02.471904,1789665182.472,2671
g4_brio_bolam2_20260917_121124.mp4,2026-09-17T12:13:02.512323,1789665182.512,2672
g4_brio_bolam2_20260917_121124.mp4,2026-09-17T12:13:02.550436,1789665182.550,2673
g4_brio_bolam2_20260917_121124.mp4,2026-09-17T12:13:02.585555,1789665182.586,2674
g4_brio_bolam2_20260917_121124.mp4,2026-09-17T12:13:02.620797,1789665182.621,2675
g4_brio_bolam2_20260917_121124.mp4,2026-09-17T12:13:02.656975,1789665182.657,2676
g4_brio_bolam2_20260917_121124.mp4,2026-09-17T12:13:02.691271,1789665182.691,2677
g4_brio_bolam2_20260917_121124.mp4,2026-09-17T12:13:02.729692,1789665182.730,2678
g4_brio_bolam2_20260917_121124.mp4,2026-09-17T12:13:02.761058,1789665182.761,2679
g4_brio_bolam2_20260917_121124.mp4,2026-09-17T12:13:02.796588,1789665182.797,2680
g4_brio_bolam2_20260917_121124.mp4,2026-09-17T12:13:02.832786,1789665182.833,2681
g4_brio_bolam2_20260917_121124.mp4,2026-09-17T12:13:02.868994,1789665182.869,2682
g4_brio_bolam2_20260917_121124.mp4,2026-09-17T12:13:02.909208,1789665182.909,2683
g4_brio_bolam2_20260917_121124.mp4,2026-09-17T12:13:02.946289,1789665182.946,2684
g4_brio_bolam2_20260917_121124.mp4,2026-09-17T12:13:02.984182,1789665182.984,2685
g4_brio_bolam2_20260917_121124.mp4,2026-09-17T12:13:03.013407,1789665183.013,2686
g4_brio_bolam2_20260917_121124.mp4,2026-09-17T12:13:03.055001,1789665183.055,2687
g4_brio_bolam2_20260917_121124.mp4,2026-09-17T12:13:03.085428,1789665183.085,2688
g4_brio_bolam2_20260917_121124.mp4,2026-09-17T12:13:03.122098,1789665183.122,2689
g4_brio_bolam2_20260917_121124.mp4,2026-09-17T12:13:03.160302,1789665183.160,2690
g4_brio_bolam2_20260917_121124.mp4,2026-09-17T12:13:03.191821,1789665183.192,2691
g4_brio_bolam2_20260917_121124.mp4,2026-09-17T12:13:03.229597,1789665183.230,2692
g4_brio_bolam2_20260917_121124.mp4,2026-09-17T12:13:03.264685,1789665183.265,2693
g4_brio_bolam2_20260917_121124.mp4,2026-09-17T12:13:03.298397,1789665183.298,2694
g4_brio_bolam2_20260917_121124.mp4,2026-09-17T12:13:03.334741,1789665183.335,2695
g4_brio_bolam2_20260917_121124.mp4,2026-09-17T12:13:03.370877,1789665183.371,2696
g4_brio_bolam2_20260917_121124.mp4,2026-09-17T12:13:03.411143,1789665183.411,2697
g4_brio_bolam2_20260917_121124.mp4,2026-09-17T12:13:03.448146,1789665183.448,2698
g4_brio_bolam2_20260917_121124.mp4,2026-09-17T12:13:03.486028,1789665183.486,2699
g4_brio_bolam2_20260917_121124.mp4,2026-09-17T12:13:03.519906,1789665183.520,2700
g4_brio_bolam2_20260917_121124.mp4,2026-09-17T12:13:03.551609,1789665183.552,2701
g4_brio_bolam2_20260917_121124.mp4,2026-09-17T12:13:03.588820,1789665183.589,2702
g4_brio_bolam2_20260917_121124.mp4,2026-09-17T12:13:03.619766,1789665183.620,2703
g4_brio_bolam2_20260917_121124.mp4,2026-09-17T12:13:03.656435,1789665183.656,2704
g4_brio_bolam2_20260917_121124.mp4,2026-09-17T12:13:03.693324,1789665183.693,2705
g4_brio_bolam2_20260917_121124.mp4,2026-09-17T12:13:03.731907,1789665183.732,2706
g4_brio_bolam2_20260917_121124.mp4,2026-09-17T12:13:03.765376,1789665183.765,2707
g4_brio_bolam2_20260917_121124.mp4,2026-09-17T12:13:03.799922,1789665183.800,2708
g4_brio_bolam2_20260917_121124.mp4,2026-09-17T12:13:03.837238,1789665183.837,2709
g4_brio_bolam2_20260917_121124.mp4,2026-09-17T12:13:03.872658,1789665183.873,2710
g4_brio_bolam2_20260917_121124.mp4,2026-09-17T12:13:03.914042,1789665183.914,2711
g4_brio_bolam2_20260917_121124.mp4,2026-09-17T12:13:03.949934,1789665183.950,2712
g4_brio_bolam2_20260917_121124.mp4,2026-09-17T12:13:03.979785,1789665183.980,2713
g4_brio_bolam2_20260917_121124.mp4,2026-09-17T12:13:04.023787,1789665184.024,2714
g4_brio_bolam2_20260917_121124.mp4,2026-09-17T12:13:04.051735,1789665184.052,2715
g4_brio_bolam2_20260917_121124.mp4,2026-09-17T12:13:04.088163,1789665184.088,2716
g4_brio_bolam2_20260917_121124.mp4,2026-09-17T12:13:04.127269,1789665184.127,2717
g4_brio_bolam2_20260917_121124.mp4,2026-09-17T12:13:04.162127,1789665184.162,2718
g4_brio_bolam2_20260917_121124.mp4,2026-09-17T12:13:04.197918,1789665184.198,2719
g4_brio_bolam2_20260917_121124.mp4,2026-09-17T12:13:04.233021,1789665184.233,2720
g4_brio_bolam2_20260917_121124.mp4,2026-09-17T12:13:04.265533,1789665184.266,2721
g4_brio_bolam2_20260917_121124.mp4,2026-09-17T12:13:04.301132,1789665184.301,2722
g4_brio_bolam2_20260917_121124.mp4,2026-09-17T12:13:04.338448,1789665184.338,2723
g4_brio_bolam2_20260917_121124.mp4,2026-09-17T12:13:04.374866,1789665184.375,2724
g4_brio_bolam2_20260917_121124.mp4,2026-09-17T12:13:04.415743,1789665184.416,2725
g4_brio_bolam2_20260917_121124.mp4,2026-09-17T12:13:04.451241,1789665184.451,2726
g4_brio_bolam2_20260917_121124.mp4,2026-09-17T12:13:04.488452,1789665184.488,2727
g4_brio_bolam2_20260917_121124.mp4,2026-09-17T12:13:04.518668,1789665184.519,2728
g4_brio_bolam2_20260917_121124.mp4,2026-09-17T12:13:04.562030,1789665184.562,2729
g4_brio_bolam2_20260917_121124.mp4,2026-09-17T12:13:04.590966,1789665184.591,2730
g4_brio_bolam2_20260917_121124.mp4,2026-09-17T12:13:04.630341,1789665184.630,2731
g4_brio_bolam2_20260917_121124.mp4,2026-09-17T12:13:04.663054,1789665184.663,2732
g4_brio_bolam2_20260917_121124.mp4,2026-09-17T12:13:04.697369,1789665184.697,2733
g4_brio_bolam2_20260917_121124.mp4,2026-09-17T12:13:04.735707,1789665184.736,2734
g4_brio_bolam2_20260917_121124.mp4,2026-09-17T12:13:04.766836,1789665184.767,2735
g4_brio_bolam2_20260917_121124.mp4,2026-09-17T12:13:04.802853,1789665184.803,2736
g4_brio_bolam2_20260917_121124.mp4,2026-09-17T12:13:04.838935,1789665184.839,2737
g4_brio_bolam2_20260917_121124.mp4,2026-09-17T12:13:04.875583,1789665184.876,2738
g4_brio_bolam2_20260917_121124.mp4,2026-09-17T12:13:04.916533,1789665184.917,2739
g4_brio_bolam2_20260917_121124.mp4,2026-09-17T12:13:04.953435,1789665184.953,2740
g4_brio_bolam2_20260917_121124.mp4,2026-09-17T12:13:04.989640,1789665184.990,2741
g4_brio_bolam2_20260917_121124.mp4,2026-09-17T12:13:05.024740,1789665185.025,2742
g4_brio_bolam2_20260917_121124.mp4,2026-09-17T12:13:05.056862,1789665185.057,2743
g4_brio_bolam2_20260917_121124.mp4,2026-09-17T12:13:05.099114,1789665185.099,2744
g4_brio_bolam2_20260917_121124.mp4,2026-09-17T12:13:05.126644,1789665185.127,2745
g4_brio_bolam2_20260917_121124.mp4,2026-09-17T12:13:05.166171,1789665185.166,2746
g4_brio_bolam2_20260917_121124.mp4,2026-09-17T12:13:05.198407,1789665185.198,2747
g4_brio_bolam2_20260917_121124.mp4,2026-09-17T12:13:05.232420,1789665185.232,2748
g4_brio_bolam2_20260917_121124.mp4,2026-09-17T12:13:05.267934,1789665185.268,2749
g4_brio_bolam2_20260917_121124.mp4,2026-09-17T12:13:05.308161,1789665185.308,2750
g4_brio_bolam2_20260917_121124.mp4,2026-09-17T12:13:05.340023,1789665185.340,2751
g4_brio_bolam2_20260917_121124.mp4,2026-09-17T12:13:05.378481,1789665185.378,2752
g4_brio_bolam2_20260917_121124.mp4,2026-09-17T12:13:05.416452,1789665185.416,2753
g4_brio_bolam2_20260917_121124.mp4,2026-09-17T12:13:05.454296,1789665185.454,2754
g4_brio_bolam2_20260917_121124.mp4,2026-09-17T12:13:05.488500,1789665185.489,2755
g4_brio_bolam2_20260917_121124.mp4,2026-09-17T12:13:05.527662,1789665185.528,2756
g4_brio_bolam2_20260917_121124.mp4,2026-09-17T12:13:05.559188,1789665185.559,2757
g4_brio_bolam2_20260917_121124.mp4,2026-09-17T12:13:05.596340,1789665185.596,2758
g4_brio_bolam2_20260917_121124.mp4,2026-09-17T12:13:05.631468,1789665185.631,2759
g4_brio_bolam2_20260917_121124.mp4,2026-09-17T12:13:05.666102,1789665185.666,2760
g4_brio_bolam2_20260917_121124.mp4,2026-09-17T12:13:05.698808,1789665185.699,2761
g4_brio_bolam2_20260917_121124.mp4,2026-09-17T12:13:05.738479,1789665185.738,2762
g4_brio_bolam2_20260917_121124.mp4,2026-09-17T12:13:05.769248,1789665185.769,2763
g4_brio_bolam2_20260917_121124.mp4,2026-09-17T12:13:05.805838,1789665185.806,2764
g4_brio_bolam2_20260917_121124.mp4,2026-09-17T12:13:05.841823,1789665185.842,2765
g4_brio_bolam2_20260917_121124.mp4,2026-09-17T12:13:05.878193,1789665185.878,2766
g4_brio_bolam2_20260917_121124.mp4,2026-09-17T12:13:05.919070,1789665185.919,2767
g4_brio_bolam2_20260917_121124.mp4,2026-09-17T12:13:05.955504,1789665185.956,2768
g4_brio_bolam2_20260917_121124.mp4,2026-09-17T12:13:05.987019,1789665185.987,2769
g4_brio_bolam2_20260917_121124.mp4,2026-09-17T12:13:06.025640,1789665186.026,2770
g4_brio_bolam2_20260917_121124.mp4,2026-09-17T12:13:06.067584,1789665186.068,2771
g4_brio_bolam2_20260917_121124.mp4,2026-09-17T12:13:06.092258,1789665186.092,2772
g4_brio_bolam2_20260917_121124.mp4,2026-09-17T12:13:06.130864,1789665186.131,2773
g4_brio_bolam2_20260917_121124.mp4,2026-09-17T12:13:06.168073,1789665186.168,2774
g4_brio_bolam2_20260917_121124.mp4,2026-09-17T12:13:06.200611,1789665186.201,2775
g4_brio_bolam2_20260917_121124.mp4,2026-09-17T12:13:06.239106,1789665186.239,2776
g4_brio_bolam2_20260917_121124.mp4,2026-09-17T12:13:06.271255,1789665186.271,2777
g4_brio_bolam2_20260917_121124.mp4,2026-09-17T12:13:06.306674,1789665186.307,2778
g4_brio_bolam2_20260917_121124.mp4,2026-09-17T12:13:06.343248,1789665186.343,2779
g4_brio_bolam2_20260917_121124.mp4,2026-09-17T12:13:06.379843,1789665186.380,2780
g4_brio_bolam2_20260917_121124.mp4,2026-09-17T12:13:06.420806,1789665186.421,2781
g4_brio_bolam2_20260917_121124.mp4,2026-09-17T12:13:06.456571,1789665186.457,2782
g4_brio_bolam2_20260917_121124.mp4,2026-09-17T12:13:06.490999,1789665186.491,2783
g4_brio_bolam2_20260917_121124.mp4,2026-09-17T12:13:06.530540,1789665186.531,2784
g4_brio_bolam2_20260917_121124.mp4,2026-09-17T12:13:06.559575,1789665186.560,2785
g4_brio_bolam2_20260917_121124.mp4,2026-09-17T12:13:06.598388,1789665186.598,2786
g4_brio_bolam2_20260917_121124.mp4,2026-09-17T12:13:06.632372,1789665186.632,2787
g4_brio_bolam2_20260917_121124.mp4,2026-09-17T12:13:06.669257,1789665186.669,2788
g4_brio_bolam2_20260917_121124.mp4,2026-09-17T12:13:06.701580,1789665186.702,2789
g4_brio_bolam2_20260917_121124.mp4,2026-09-17T12:13:06.739674,1789665186.740,2790
