fichero,t_wall_iso,t_unix,n
g5_c925_cubo_m1_20260917_143727.mp4,2026-09-17T14:37:28.601583,1789673848.602,0
g5_c925_cubo_m1_20260917_143727.mp4,2026-09-17T14:37:28.639219,1789673848.639,1
g5_c925_cubo_m1_20260917_143727.mp4,2026-09-17T14:37:28.661072,1789673848.661,2
g5_c925_cubo_m1_20260917_143727.mp4,2026-09-17T14:37:28.702886,1789673848.703,3
g5_c925_cubo_m1_20260917_143727.mp4,2026-09-17T14:37:28.732028,1789673848.732,4
g5_c925_cubo_m1_20260917_143727.mp4,2026-09-17T14:37:28.769928,1789673848.770,5
g5_c925_cubo_m1_20260917_143727.mp4,2026-09-17T14:37:28.800258,1789673848.800,6
g5_c925_cubo_m1_20260917_143727.mp4,2026-09-17T14:37:28.831556,1789673848.832,7
g5_c925_cubo_m1_20260917_143727.mp4,2026-09-17T14:37:28.862284,1789673848.862,8
g5_c925_cubo_m1_20260917_143727.mp4,2026-09-17T14:37:28.899007,1789673848.899,9
g5_c925_cubo_m1_20260917_143727.mp4,2026-09-17T14:37:28.930288,1789673848.930,10
g5_c925_cubo_m1_20260917_143727.mp4,2026-09-17T14:37:28.966304,1789673848.966,11
g5_c925_cubo_m1_20260917_143727.mp4,2026-09-17T14:37:29.000883,1789673849.001,12
g5_c925_cubo_m1_20260917_143727.mp4,2026-09-17T14:37:29.032516,1789673849.033,13
g5_c925_cubo_m1_20260917_143727.mp4,2026-09-17T14:37:29.067774,1789673849.068,14
g5_c925_cubo_m1_20260917_143727.mp4,2026-09-17T14:37:29.102291,1789673849.102,15
g5_c925_cubo_m1_20260917_143727.mp4,2026-09-17T14:37:29.132520,1789673849.133,16
g5_c925_cubo_m1_20260917_143727.mp4,2026-09-17T14:37:29.168610,1789673849.169,17
g5_c925_cubo_m1_20260917_143727.mp4,2026-09-17T14:37:29.197543,1789673849.198,18
g5_c925_cubo_m1_20260917_143727.mp4,2026-09-17T14:37:29.228960,1789673849.229,19
g5_c925_cubo_m1_20260917_143727.mp4,2026-09-17T14:37:29.260745,1789673849.261,20
g5_c925_cubo_m1_20260917_143727.mp4,2026-09-17T14:37:29.296764,1789673849.297,21
g5_c925_cubo_m1_20260917_143727.mp4,2026-09-17T14:37:29.328633,1789673849.329,22
g5_c925_cubo_m1_20260917_143727.mp4,2026-09-17T14:37:29.365321,1789673849.365,23
g5_c925_cubo_m1_20260917_143727.mp4,2026-09-17T14:37:29.397025,1789673849.397,24
g5_c925_cubo_m1_20260917_143727.mp4,2026-09-17T14:37:29.430833,1789673849.431,25
g5_c925_cubo_m1_20260917_143727.mp4,2026-09-17T14:37:29.464251,1789673849.464,26
g5_c925_cubo_m1_20260917_143727.mp4,2026-09-17T14:37:29.503054,1789673849.503,27
g5_c925_cubo_m1_20260917_143727.mp4,2026-09-17T14:37:29.535177,1789673849.535,28
g5_c925_cubo_m1_20260917_143727.mp4,2026-09-17T14:37:29.568392,1789673849.568,29
g5_c925_cubo_m1_20260917_143727.mp4,2026-09-17T14:37:29.601624,1789673849.602,30
g5_c925_cubo_m1_20260917_143727.mp4,2026-09-17T14:37:29.633104,1789673849.633,31
g5_c925_cubo_m1_20260917_143727.mp4,2026-09-17T14:37:29.664098,1789673849.664,32
g5_c925_cubo_m1_20260917_143727.mp4,2026-09-17T14:37:29.703362,1789673849.703,33
g5_c925_cubo_m1_20260917_143727.mp4,2026-09-17T14:37:29.729541,1789673849.730,34
g5_c925_cubo_m1_20260917_143727.mp4,2026-09-17T14:37:29.766152,1789673849.766,35
g5_c925_cubo_m1_20260917_143727.mp4,2026-09-17T14:37:29.797228,1789673849.797,36
g5_c925_cubo_m1_20260917_143727.mp4,2026-09-17T14:37:29.829351,1789673849.829,37
g5_c925_cubo_m1_20260917_143727.mp4,2026-09-17T14:37:29.861138,1789673849.861,38
g5_c925_cubo_m1_20260917_143727.mp4,2026-09-17T14:37:29.897540,1789673849.898,39
g5_c925_cubo_m1_20260917_143727.mp4,2026-09-17T14:37:29.928379,1789673849.928,40
g5_c925_cubo_m1_20260917_143727.mp4,2026-09-17T14:37:29.964575,1789673849.965,41
g5_c925_cubo_m1_20260917_143727.mp4,2026-09-17T14:37:30,1789673850.000,42
g5_c925_cubo_m1_20260917_143727.mp4,2026-09-17T14:37:30.034350,1789673850.034,43
g5_c925_cubo_m1_20260917_143727.mp4,2026-09-17T14:37:30.063905,1789673850.064,44
g5_c925_cubo_m1_20260917_143727.mp4,2026-09-17T14:37:30.103055,1789673850.103,45
g5_c925_cubo_m1_20260917_143727.mp4,2026-09-17T14:37:30.131183,1789673850.131,46
g5_c925_cubo_m1_20260917_143727.mp4,2026-09-17T14:37:30.169224,1789673850.169,47
g5_c925_cubo_m1_20260917_143727.mp4,2026-09-17T14:37:30.199384,1789673850.199,48
g5_c925_cubo_m1_20260917_143727.mp4,2026-09-17T14:37:30.229097,1789673850.229,49
g5_c925_cubo_m1_20260917_143727.mp4,2026-09-17T14:37:30.260586,1789673850.261,50
g5_c925_cubo_m1_20260917_143727.mp4,2026-09-17T14:37:30.297414,1789673850.297,51
g5_c925_cubo_m1_20260917_143727.mp4,2026-09-17T14:37:30.330124,1789673850.330,52
g5_c925_cubo_m1_20260917_143727.mp4,2026-09-17T14:37:30.365589,1789673850.366,53
g5_c925_cubo_m1_20260917_143727.mp4,2026-09-17T14:37:30.399386,1789673850.399,54
g5_c925_cubo_m1_20260917_143727.mp4,2026-09-17T14:37:30.434194,1789673850.434,55
g5_c925_cubo_m1_20260917_143727.mp4,2026-09-17T14:37:30.464947,1789673850.465,56
g5_c925_cubo_m1_20260917_143727.mp4,2026-09-17T14:37:30.497934,1789673850.498,57
g5_c925_cubo_m1_20260917_143727.mp4,2026-09-17T14:37:30.528924,1789673850.529,58
g5_c925_cubo_m1_20260917_143727.mp4,2026-09-17T14:37:30.572369,1789673850.572,59
g5_c925_cubo_m1_20260917_143727.mp4,2026-09-17T14:37:30.598137,1789673850.598,60
g5_c925_cubo_m1_20260917_143727.mp4,2026-09-17T14:37:30.630360,1789673850.630,61
g5_c925_cubo_m1_20260917_143727.mp4,2026-09-17T14:37:30.662038,1789673850.662,62
g5_c925_cubo_m1_20260917_143727.mp4,2026-09-17T14:37:30.697205,1789673850.697,63
g5_c925_cubo_m1_20260917_143727.mp4,2026-09-17T14:37:30.728696,1789673850.729,64
g5_c925_cubo_m1_20260917_143727.mp4,2026-09-17T14:37:30.764754,1789673850.765,65
g5_c925_cubo_m1_20260917_143727.mp4,2026-09-17T14:37:30.798910,1789673850.799,66
g5_c925_cubo_m1_20260917_143727.mp4,2026-09-17T14:37:30.828843,1789673850.829,67
g5_c925_cubo_m1_20260917_143727.mp4,2026-09-17T14:37:30.863333,1789673850.863,68
g5_c925_cubo_m1_20260917_143727.mp4,2026-09-17T14:37:30.903252,1789673850.903,69
g5_c925_cubo_m1_20260917_143727.mp4,2026-09-17T14:37:30.933750,1789673850.934,70
g5_c925_cubo_m1_20260917_143727.mp4,2026-09-17T14:37:30.969266,1789673850.969,71
g5_c925_cubo_m1_20260917_143727.mp4,2026-09-17T14:37:31.000348,1789673851.000,72
g5_c925_cubo_m1_20260917_143727.mp4,2026-09-17T14:37:31.031406,1789673851.031,73
g5_c925_cubo_m1_20260917_143727.mp4,2026-09-17T14:37:31.063719,1789673851.064,74
g5_c925_cubo_m1_20260917_143727.mp4,2026-09-17T14:37:31.101306,1789673851.101,75
g5_c925_cubo_m1_20260917_143727.mp4,2026-09-17T14:37:31.130294,1789673851.130,76
g5_c925_cubo_m1_20260917_143727.mp4,2026-09-17T14:37:31.168686,1789673851.169,77
g5_c925_cubo_m1_20260917_143727.mp4,2026-09-17T14:37:31.199224,1789673851.199,78
g5_c925_cubo_m1_20260917_143727.mp4,2026-09-17T14:37:31.228804,1789673851.229,79
g5_c925_cubo_m1_20260917_143727.mp4,2026-09-17T14:37:31.261773,1789673851.262,80
g5_c925_cubo_m1_20260917_143727.mp4,2026-09-17T14:37:31.300898,1789673851.301,81
g5_c925_cubo_m1_20260917_143727.mp4,2026-09-17T14:37:31.329945,1789673851.330,82
g5_c925_cubo_m1_20260917_143727.mp4,2026-09-17T14:37:31.374210,1789673851.374,83
g5_c925_cubo_m1_20260917_143727.mp4,2026-09-17T14:37:31.398947,1789673851.399,84
g5_c925_cubo_m1_20260917_143727.mp4,2026-09-17T14:37:31.434144,1789673851.434,85
g5_c925_cubo_m1_20260917_143727.mp4,2026-09-17T14:37:31.464193,1789673851.464,86
g5_c925_cubo_m1_20260917_143727.mp4,2026-09-17T14:37:31.502524,1789673851.503,87
g5_c925_cubo_m1_20260917_143727.mp4,2026-09-17T14:37:31.529797,1789673851.530,88
g5_c925_cubo_m1_20260917_143727.mp4,2026-09-17T14:37:31.563475,1789673851.563,89
g5_c925_cubo_m1_20260917_143727.mp4,2026-09-17T14:37:31.597931,1789673851.598,90
g5_c925_cubo_m1_20260917_143727.mp4,2026-09-17T14:37:31.628777,1789673851.629,91
g5_c925_cubo_m1_20260917_143727.mp4,2026-09-17T14:37:31.660890,1789673851.661,92
g5_c925_cubo_m1_20260917_143727.mp4,2026-09-17T14:37:31.696906,1789673851.697,93
g5_c925_cubo_m1_20260917_143727.mp4,2026-09-17T14:37:31.728672,1789673851.729,94
g5_c925_cubo_m1_20260917_143727.mp4,2026-09-17T14:37:31.764384,1789673851.764,95
g5_c925_cubo_m1_20260917_143727.mp4,2026-09-17T14:37:31.799605,1789673851.800,96
g5_c925_cubo_m1_20260917_143727.mp4,2026-09-17T14:37:31.830119,1789673851.830,97
g5_c925_cubo_m1_20260917_143727.mp4,2026-09-17T14:37:31.865988,1789673851.866,98
g5_c925_cubo_m1_20260917_143727.mp4,2026-09-17T14:37:31.903427,1789673851.903,99
g5_c925_cubo_m1_20260917_143727.mp4,2026-09-17T14:37:31.930731,1789673851.931,100
g5_c925_cubo_m1_20260917_143727.mp4,2026-09-17T14:37:31.962119,1789673851.962,101
g5_c925_cubo_m1_20260917_143727.mp4,2026-09-17T14:37:32.003120,1789673852.003,102
g5_c925_cubo_m1_20260917_143727.mp4,2026-09-17T14:37:32.032253,1789673852.032,103
g5_c925_cubo_m1_20260917_143727.mp4,2026-09-17T14:37:32.065818,1789673852.066,104
g5_c925_cubo_m1_20260917_143727.mp4,2026-09-17T14:37:32.097941,1789673852.098,105
g5_c925_cubo_m1_20260917_143727.mp4,2026-09-17T14:37:32.129431,1789673852.129,106
g5_c925_cubo_m1_20260917_143727.mp4,2026-09-17T14:37:32.161633,1789673852.162,107
g5_c925_cubo_m1_20260917_143727.mp4,2026-09-17T14:37:32.197800,1789673852.198,108
g5_c925_cubo_m1_20260917_143727.mp4,2026-09-17T14:37:32.228840,1789673852.229,109
g5_c925_cubo_m1_20260917_143727.mp4,2026-09-17T14:37:32.261281,1789673852.261,110
g5_c925_cubo_m1_20260917_143727.mp4,2026-09-17T14:37:32.299818,1789673852.300,111
g5_c925_cubo_m1_20260917_143727.mp4,2026-09-17T14:37:32.342647,1789673852.343,112
g5_c925_cubo_m1_20260917_143727.mp4,2026-09-17T14:37:32.364845,1789673852.365,113
g5_c925_cubo_m1_20260917_143727.mp4,2026-09-17T14:37:32.398974,1789673852.399,114
g5_c925_cubo_m1_20260917_143727.mp4,2026-09-17T14:37:32.434092,1789673852.434,115
g5_c925_cubo_m1_20260917_143727.mp4,2026-09-17T14:37:32.464591,1789673852.465,116
g5_c925_cubo_m1_20260917_143727.mp4,2026-09-17T14:37:32.498714,1789673852.499,117
g5_c925_cubo_m1_20260917_143727.mp4,2026-09-17T14:37:32.532890,1789673852.533,118
g5_c925_cubo_m1_20260917_143727.mp4,2026-09-17T14:37:32.567211,1789673852.567,119
g5_c925_cubo_m1_20260917_143727.mp4,2026-09-17T14:37:32.597396,1789673852.597,120
g5_c925_cubo_m1_20260917_143727.mp4,2026-09-17T14:37:32.628721,1789673852.629,121
g5_c925_cubo_m1_20260917_143727.mp4,2026-09-17T14:37:32.662589,1789673852.663,122
g5_c925_cubo_m1_20260917_143727.mp4,2026-09-17T14:37:32.698095,1789673852.698,123
g5_c925_cubo_m1_20260917_143727.mp4,2026-09-17T14:37:32.730484,1789673852.730,124
g5_c925_cubo_m1_20260917_143727.mp4,2026-09-17T14:37:32.767175,1789673852.767,125
g5_c925_cubo_m1_20260917_143727.mp4,2026-09-17T14:37:32.798724,1789673852.799,126
g5_c925_cubo_m1_20260917_143727.mp4,2026-09-17T14:37:32.834822,1789673852.835,127
g5_c925_cubo_m1_20260917_143727.mp4,2026-09-17T14:37:32.865670,1789673852.866,128
g5_c925_cubo_m1_20260917_143727.mp4,2026-09-17T14:37:32.900318,1789673852.900,129
g5_c925_cubo_m1_20260917_143727.mp4,2026-09-17T14:37:32.934240,1789673852.934,130
g5_c925_cubo_m1_20260917_143727.mp4,2026-09-17T14:37:32.967146,1789673852.967,131
g5_c925_cubo_m1_20260917_143727.mp4,2026-09-17T14:37:32.996880,1789673852.997,132
g5_c925_cubo_m1_20260917_143727.mp4,2026-09-17T14:37:33.031657,1789673853.032,133
g5_c925_cubo_m1_20260917_143727.mp4,2026-09-17T14:37:33.060916,1789673853.061,134
g5_c925_cubo_m1_20260917_143727.mp4,2026-09-17T14:37:33.097649,1789673853.098,135
g5_c925_cubo_m1_20260917_143727.mp4,2026-09-17T14:37:33.128845,1789673853.129,136
g5_c925_cubo_m1_20260917_143727.mp4,2026-09-17T14:37:33.166418,1789673853.166,137
g5_c925_cubo_m1_20260917_143727.mp4,2026-09-17T14:37:33.196527,1789673853.197,138
g5_c925_cubo_m1_20260917_143727.mp4,2026-09-17T14:37:33.232767,1789673853.233,139
g5_c925_cubo_m1_20260917_143727.mp4,2026-09-17T14:37:33.266925,1789673853.267,140
g5_c925_cubo_m1_20260917_143727.mp4,2026-09-17T14:37:33.304120,1789673853.304,141
g5_c925_cubo_m1_20260917_143727.mp4,2026-09-17T14:37:33.330967,1789673853.331,142
g5_c925_cubo_m1_20260917_143727.mp4,2026-09-17T14:37:33.366874,1789673853.367,143
g5_c925_cubo_m1_20260917_143727.mp4,2026-09-17T14:37:33.404497,1789673853.405,144
g5_c925_cubo_m1_20260917_143727.mp4,2026-09-17T14:37:33.433520,1789673853.434,145
g5_c925_cubo_m1_20260917_143727.mp4,2026-09-17T14:37:33.460654,1789673853.461,146
g5_c925_cubo_m1_20260917_143727.mp4,2026-09-17T14:37:33.499951,1789673853.500,147
g5_c925_cubo_m1_20260917_143727.mp4,2026-09-17T14:37:33.530136,1789673853.530,148
g5_c925_cubo_m1_20260917_143727.mp4,2026-09-17T14:37:33.564862,1789673853.565,149
g5_c925_cubo_m1_20260917_143727.mp4,2026-09-17T14:37:33.597464,1789673853.597,150
g5_c925_cubo_m1_20260917_143727.mp4,2026-09-17T14:37:33.629517,1789673853.630,151
g5_c925_cubo_m1_20260917_143727.mp4,2026-09-17T14:37:33.661187,1789673853.661,152
g5_c925_cubo_m1_20260917_143727.mp4,2026-09-17T14:37:33.698336,1789673853.698,153
g5_c925_cubo_m1_20260917_143727.mp4,2026-09-17T14:37:33.735642,1789673853.736,154
g5_c925_cubo_m1_20260917_143727.mp4,2026-09-17T14:37:33.770228,1789673853.770,155
g5_c925_cubo_m1_20260917_143727.mp4,2026-09-17T14:37:33.800065,1789673853.800,156
g5_c925_cubo_m1_20260917_143727.mp4,2026-09-17T14:37:33.832077,1789673853.832,157
g5_c925_cubo_m1_20260917_143727.mp4,2026-09-17T14:37:33.864440,1789673853.864,158
g5_c925_cubo_m1_20260917_143727.mp4,2026-09-17T14:37:33.899652,1789673853.900,159
g5_c925_cubo_m1_20260917_143727.mp4,2026-09-17T14:37:33.931747,1789673853.932,160
g5_c925_cubo_m1_20260917_143727.mp4,2026-09-17T14:37:33.964945,1789673853.965,161
g5_c925_cubo_m1_20260917_143727.mp4,2026-09-17T14:37:33.997132,1789673853.997,162
g5_c925_cubo_m1_20260917_143727.mp4,2026-09-17T14:37:34.028527,1789673854.029,163
g5_c925_cubo_m1_20260917_143727.mp4,2026-09-17T14:37:34.060404,1789673854.060,164
g5_c925_cubo_m1_20260917_143727.mp4,2026-09-17T14:37:34.099087,1789673854.099,165
g5_c925_cubo_m1_20260917_143727.mp4,2026-09-17T14:37:34.130556,1789673854.131,166
g5_c925_cubo_m1_20260917_143727.mp4,2026-09-17T14:37:34.166438,1789673854.166,167
g5_c925_cubo_m1_20260917_143727.mp4,2026-09-17T14:37:34.202317,1789673854.202,168
g5_c925_cubo_m1_20260917_143727.mp4,2026-09-17T14:37:34.231591,1789673854.232,169
g5_c925_cubo_m1_20260917_143727.mp4,2026-09-17T14:37:34.264430,1789673854.264,170
g5_c925_cubo_m1_20260917_143727.mp4,2026-09-17T14:37:34.302187,1789673854.302,171
g5_c925_cubo_m1_20260917_143727.mp4,2026-09-17T14:37:34.331847,1789673854.332,172
g5_c925_cubo_m1_20260917_143727.mp4,2026-09-17T14:37:34.369603,1789673854.370,173
g5_c925_cubo_m1_20260917_143727.mp4,2026-09-17T14:37:34.399246,1789673854.399,174
g5_c925_cubo_m1_20260917_143727.mp4,2026-09-17T14:37:34.430968,1789673854.431,175
g5_c925_cubo_m1_20260917_143727.mp4,2026-09-17T14:37:34.461456,1789673854.461,176
g5_c925_cubo_m1_20260917_143727.mp4,2026-09-17T14:37:34.497298,1789673854.497,177
g5_c925_cubo_m1_20260917_143727.mp4,2026-09-17T14:37:34.529071,1789673854.529,178
g5_c925_cubo_m1_20260917_143727.mp4,2026-09-17T14:37:34.564726,1789673854.565,179
g5_c925_cubo_m1_20260917_143727.mp4,2026-09-17T14:37:34.597887,1789673854.598,180
g5_c925_cubo_m1_20260917_143727.mp4,2026-09-17T14:37:34.629869,1789673854.630,181
g5_c925_cubo_m1_20260917_143727.mp4,2026-09-17T14:37:34.667328,1789673854.667,182
g5_c925_cubo_m1_20260917_143727.mp4,2026-09-17T14:37:34.700378,1789673854.700,183
g5_c925_cubo_m1_20260917_143727.mp4,2026-09-17T14:37:34.734523,1789673854.735,184
g5_c925_cubo_m1_20260917_143727.mp4,2026-09-17T14:37:34.766834,1789673854.767,185
g5_c925_cubo_m1_20260917_143727.mp4,2026-09-17T14:37:34.797998,1789673854.798,186
g5_c925_cubo_m1_20260917_143727.mp4,2026-09-17T14:37:34.835979,1789673854.836,187
g5_c925_cubo_m1_20260917_143727.mp4,2026-09-17T14:37:34.862705,1789673854.863,188
g5_c925_cubo_m1_20260917_143727.mp4,2026-09-17T14:37:34.899049,1789673854.899,189
g5_c925_cubo_m1_20260917_143727.mp4,2026-09-17T14:37:34.929216,1789673854.929,190
g5_c925_cubo_m1_20260917_143727.mp4,2026-09-17T14:37:34.964831,1789673854.965,191
g5_c925_cubo_m1_20260917_143727.mp4,2026-09-17T14:37:34.996496,1789673854.997,192
g5_c925_cubo_m1_20260917_143727.mp4,2026-09-17T14:37:35.029205,1789673855.029,193
g5_c925_cubo_m1_20260917_143727.mp4,2026-09-17T14:37:35.061925,1789673855.062,194
g5_c925_cubo_m1_20260917_143727.mp4,2026-09-17T14:37:35.099540,1789673855.100,195
g5_c925_cubo_m1_20260917_143727.mp4,2026-09-17T14:37:35.132813,1789673855.133,196
g5_c925_cubo_m1_20260917_143727.mp4,2026-09-17T14:37:35.166884,1789673855.167,197
g5_c925_cubo_m1_20260917_143727.mp4,2026-09-17T14:37:35.201208,1789673855.201,198
g5_c925_cubo_m1_20260917_143727.mp4,2026-09-17T14:37:35.238251,1789673855.238,199
g5_c925_cubo_m1_20260917_143727.mp4,2026-09-17T14:37:35.261221,1789673855.261,200
g5_c925_cubo_m1_20260917_143727.mp4,2026-09-17T14:37:35.300974,1789673855.301,201
g5_c925_cubo_m1_20260917_143727.mp4,2026-09-17T14:37:35.332586,1789673855.333,202
g5_c925_cubo_m1_20260917_143727.mp4,2026-09-17T14:37:35.368758,1789673855.369,203
g5_c925_cubo_m1_20260917_143727.mp4,2026-09-17T14:37:35.398112,1789673855.398,204
g5_c925_cubo_m1_20260917_143727.mp4,2026-09-17T14:37:35.428834,1789673855.429,205
g5_c925_cubo_m1_20260917_143727.mp4,2026-09-17T14:37:35.462389,1789673855.462,206
g5_c925_cubo_m1_20260917_143727.mp4,2026-09-17T14:37:35.497216,1789673855.497,207
g5_c925_cubo_m1_20260917_143727.mp4,2026-09-17T14:37:35.532000,1789673855.532,208
g5_c925_cubo_m1_20260917_143727.mp4,2026-09-17T14:37:35.567083,1789673855.567,209
g5_c925_cubo_m1_20260917_143727.mp4,2026-09-17T14:37:35.602365,1789673855.602,210
g5_c925_cubo_m1_20260917_143727.mp4,2026-09-17T14:37:35.633204,1789673855.633,211
g5_c925_cubo_m1_20260917_143727.mp4,2026-09-17T14:37:35.663923,1789673855.664,212
g5_c925_cubo_m1_20260917_143727.mp4,2026-09-17T14:37:35.704243,1789673855.704,213
g5_c925_cubo_m1_20260917_143727.mp4,2026-09-17T14:37:35.729350,1789673855.729,214
g5_c925_cubo_m1_20260917_143727.mp4,2026-09-17T14:37:35.761853,1789673855.762,215
g5_c925_cubo_m1_20260917_143727.mp4,2026-09-17T14:37:35.799286,1789673855.799,216
g5_c925_cubo_m1_20260917_143727.mp4,2026-09-17T14:37:35.830834,1789673855.831,217
g5_c925_cubo_m1_20260917_143727.mp4,2026-09-17T14:37:35.860919,1789673855.861,218
g5_c925_cubo_m1_20260917_143727.mp4,2026-09-17T14:37:35.896913,1789673855.897,219
g5_c925_cubo_m1_20260917_143727.mp4,2026-09-17T14:37:35.928864,1789673855.929,220
g5_c925_cubo_m1_20260917_143727.mp4,2026-09-17T14:37:35.963376,1789673855.963,221
g5_c925_cubo_m1_20260917_143727.mp4,2026-09-17T14:37:35.999394,1789673855.999,222
g5_c925_cubo_m1_20260917_143727.mp4,2026-09-17T14:37:36.029319,1789673856.029,223
g5_c925_cubo_m1_20260917_143727.mp4,2026-09-17T14:37:36.061345,1789673856.061,224
g5_c925_cubo_m1_20260917_143727.mp4,2026-09-17T14:37:36.096911,1789673856.097,225
g5_c925_cubo_m1_20260917_143727.mp4,2026-09-17T14:37:36.132889,1789673856.133,226
g5_c925_cubo_m1_20260917_143727.mp4,2026-09-17T14:37:36.166304,1789673856.166,227
g5_c925_cubo_m1_20260917_143727.mp4,2026-09-17T14:37:36.201782,1789673856.202,228
g5_c925_cubo_m1_20260917_143727.mp4,2026-09-17T14:37:36.231778,1789673856.232,229
g5_c925_cubo_m1_20260917_143727.mp4,2026-09-17T14:37:36.264488,1789673856.265,230
g5_c925_cubo_m1_20260917_143727.mp4,2026-09-17T14:37:36.298021,1789673856.298,231
g5_c925_cubo_m1_20260917_143727.mp4,2026-09-17T14:37:36.328914,1789673856.329,232
g5_c925_cubo_m1_20260917_143727.mp4,2026-09-17T14:37:36.361177,1789673856.361,233
g5_c925_cubo_m1_20260917_143727.mp4,2026-09-17T14:37:36.396590,1789673856.397,234
g5_c925_cubo_m1_20260917_143727.mp4,2026-09-17T14:37:36.429631,1789673856.430,235
g5_c925_cubo_m1_20260917_143727.mp4,2026-09-17T14:37:36.463112,1789673856.463,236
g5_c925_cubo_m1_20260917_143727.mp4,2026-09-17T14:37:36.498794,1789673856.499,237
g5_c925_cubo_m1_20260917_143727.mp4,2026-09-17T14:37:36.530943,1789673856.531,238
g5_c925_cubo_m1_20260917_143727.mp4,2026-09-17T14:37:36.569203,1789673856.569,239
g5_c925_cubo_m1_20260917_143727.mp4,2026-09-17T14:37:36.600589,1789673856.601,240
g5_c925_cubo_m1_20260917_143727.mp4,2026-09-17T14:37:36.632240,1789673856.632,241
g5_c925_cubo_m1_20260917_143727.mp4,2026-09-17T14:37:36.662959,1789673856.663,242
g5_c925_cubo_m1_20260917_143727.mp4,2026-09-17T14:37:36.700134,1789673856.700,243
g5_c925_cubo_m1_20260917_143727.mp4,2026-09-17T14:37:36.730560,1789673856.731,244
g5_c925_cubo_m1_20260917_143727.mp4,2026-09-17T14:37:36.767000,1789673856.767,245
g5_c925_cubo_m1_20260917_143727.mp4,2026-09-17T14:37:36.797642,1789673856.798,246
g5_c925_cubo_m1_20260917_143727.mp4,2026-09-17T14:37:36.828744,1789673856.829,247
g5_c925_cubo_m1_20260917_143727.mp4,2026-09-17T14:37:36.865107,1789673856.865,248
g5_c925_cubo_m1_20260917_143727.mp4,2026-09-17T14:37:36.898744,1789673856.899,249
g5_c925_cubo_m1_20260917_143727.mp4,2026-09-17T14:37:36.929571,1789673856.930,250
g5_c925_cubo_m1_20260917_143727.mp4,2026-09-17T14:37:36.966236,1789673856.966,251
g5_c925_cubo_m1_20260917_143727.mp4,2026-09-17T14:37:37.000824,1789673857.001,252
g5_c925_cubo_m1_20260917_143727.mp4,2026-09-17T14:37:37.033778,1789673857.034,253
g5_c925_cubo_m1_20260917_143727.mp4,2026-09-17T14:37:37.069667,1789673857.070,254
g5_c925_cubo_m1_20260917_143727.mp4,2026-09-17T14:37:37.099553,1789673857.100,255
g5_c925_cubo_m1_20260917_143727.mp4,2026-09-17T14:37:37.132246,1789673857.132,256
g5_c925_cubo_m1_20260917_143727.mp4,2026-09-17T14:37:37.170084,1789673857.170,257
g5_c925_cubo_m1_20260917_143727.mp4,2026-09-17T14:37:37.200022,1789673857.200,258
g5_c925_cubo_m1_20260917_143727.mp4,2026-09-17T14:37:37.231089,1789673857.231,259
g5_c925_cubo_m1_20260917_143727.mp4,2026-09-17T14:37:37.265068,1789673857.265,260
g5_c925_cubo_m1_20260917_143727.mp4,2026-09-17T14:37:37.297373,1789673857.297,261
g5_c925_cubo_m1_20260917_143727.mp4,2026-09-17T14:37:37.329540,1789673857.330,262
g5_c925_cubo_m1_20260917_143727.mp4,2026-09-17T14:37:37.365360,1789673857.365,263
g5_c925_cubo_m1_20260917_143727.mp4,2026-09-17T14:37:37.399749,1789673857.400,264
g5_c925_cubo_m1_20260917_143727.mp4,2026-09-17T14:37:37.432993,1789673857.433,265
g5_c925_cubo_m1_20260917_143727.mp4,2026-09-17T14:37:37.469500,1789673857.470,266
g5_c925_cubo_m1_20260917_143727.mp4,2026-09-17T14:37:37.497920,1789673857.498,267
g5_c925_cubo_m1_20260917_143727.mp4,2026-09-17T14:37:37.529698,1789673857.530,268
g5_c925_cubo_m1_20260917_143727.mp4,2026-09-17T14:37:37.566258,1789673857.566,269
g5_c925_cubo_m1_20260917_143727.mp4,2026-09-17T14:37:37.598373,1789673857.598,270
g5_c925_cubo_m1_20260917_143727.mp4,2026-09-17T14:37:37.632737,1789673857.633,271
g5_c925_cubo_m1_20260917_143727.mp4,2026-09-17T14:37:37.672639,1789673857.673,272
g5_c925_cubo_m1_20260917_143727.mp4,2026-09-17T14:37:37.696970,1789673857.697,273
g5_c925_cubo_m1_20260917_143727.mp4,2026-09-17T14:37:37.729717,1789673857.730,274
g5_c925_cubo_m1_20260917_143727.mp4,2026-09-17T14:37:37.764969,1789673857.765,275
g5_c925_cubo_m1_20260917_143727.mp4,2026-09-17T14:37:37.797428,1789673857.797,276
g5_c925_cubo_m1_20260917_143727.mp4,2026-09-17T14:37:37.830145,1789673857.830,277
g5_c925_cubo_m1_20260917_143727.mp4,2026-09-17T14:37:37.865309,1789673857.865,278
g5_c925_cubo_m1_20260917_143727.mp4,2026-09-17T14:37:37.900977,1789673857.901,279
g5_c925_cubo_m1_20260917_143727.mp4,2026-09-17T14:37:37.933406,1789673857.933,280
g5_c925_cubo_m1_20260917_143727.mp4,2026-09-17T14:37:37.970138,1789673857.970,281
g5_c925_cubo_m1_20260917_143727.mp4,2026-09-17T14:37:37.998893,1789673857.999,282
g5_c925_cubo_m1_20260917_143727.mp4,2026-09-17T14:37:38.031963,1789673858.032,283
g5_c925_cubo_m1_20260917_143727.mp4,2026-09-17T14:37:38.068951,1789673858.069,284
g5_c925_cubo_m1_20260917_143727.mp4,2026-09-17T14:37:38.097157,1789673858.097,285
g5_c925_cubo_m1_20260917_143727.mp4,2026-09-17T14:37:38.129505,1789673858.130,286
g5_c925_cubo_m1_20260917_143727.mp4,2026-09-17T14:37:38.168030,1789673858.168,287
g5_c925_cubo_m1_20260917_143727.mp4,2026-09-17T14:37:38.198078,1789673858.198,288
g5_c925_cubo_m1_20260917_143727.mp4,2026-09-17T14:37:38.228763,1789673858.229,289
g5_c925_cubo_m1_20260917_143727.mp4,2026-09-17T14:37:38.264843,1789673858.265,290
g5_c925_cubo_m1_20260917_143727.mp4,2026-09-17T14:37:38.297824,1789673858.298,291
g5_c925_cubo_m1_20260917_143727.mp4,2026-09-17T14:37:38.331823,1789673858.332,292
g5_c925_cubo_m1_20260917_143727.mp4,2026-09-17T14:37:38.367830,1789673858.368,293
g5_c925_cubo_m1_20260917_143727.mp4,2026-09-17T14:37:38.400061,1789673858.400,294
g5_c925_cubo_m1_20260917_143727.mp4,2026-09-17T14:37:38.432445,1789673858.432,295
g5_c925_cubo_m1_20260917_143727.mp4,2026-09-17T14:37:38.470146,1789673858.470,296
g5_c925_cubo_m1_20260917_143727.mp4,2026-09-17T14:37:38.499803,1789673858.500,297
g5_c925_cubo_m1_20260917_143727.mp4,2026-09-17T14:37:38.531713,1789673858.532,298
g5_c925_cubo_m1_20260917_143727.mp4,2026-09-17T14:37:38.569078,1789673858.569,299
g5_c925_cubo_m1_20260917_143727.mp4,2026-09-17T14:37:38.596849,1789673858.597,300
g5_c925_cubo_m1_20260917_143727.mp4,2026-09-17T14:37:38.628776,1789673858.629,301
g5_c925_cubo_m1_20260917_143727.mp4,2026-09-17T14:37:38.665101,1789673858.665,302
g5_c925_cubo_m1_20260917_143727.mp4,2026-09-17T14:37:38.697568,1789673858.698,303
g5_c925_cubo_m1_20260917_143727.mp4,2026-09-17T14:37:38.729006,1789673858.729,304
g5_c925_cubo_m1_20260917_143727.mp4,2026-09-17T14:37:38.764580,1789673858.765,305
g5_c925_cubo_m1_20260917_143727.mp4,2026-09-17T14:37:38.797377,1789673858.797,306
g5_c925_cubo_m1_20260917_143727.mp4,2026-09-17T14:37:38.830905,1789673858.831,307
g5_c925_cubo_m1_20260917_143727.mp4,2026-09-17T14:37:38.864096,1789673858.864,308
g5_c925_cubo_m1_20260917_143727.mp4,2026-09-17T14:37:38.900107,1789673858.900,309
g5_c925_cubo_m1_20260917_143727.mp4,2026-09-17T14:37:38.932707,1789673858.933,310
g5_c925_cubo_m1_20260917_143727.mp4,2026-09-17T14:37:38.970124,1789673858.970,311
g5_c925_cubo_m1_20260917_143727.mp4,2026-09-17T14:37:38.999018,1789673858.999,312
g5_c925_cubo_m1_20260917_143727.mp4,2026-09-17T14:37:39.030776,1789673859.031,313
g5_c925_cubo_m1_20260917_143727.mp4,2026-09-17T14:37:39.068765,1789673859.069,314
g5_c925_cubo_m1_20260917_143727.mp4,2026-09-17T14:37:39.097775,1789673859.098,315
g5_c925_cubo_m1_20260917_143727.mp4,2026-09-17T14:37:39.129197,1789673859.129,316
g5_c925_cubo_m1_20260917_143727.mp4,2026-09-17T14:37:39.164967,1789673859.165,317
g5_c925_cubo_m1_20260917_143727.mp4,2026-09-17T14:37:39.196827,1789673859.197,318
g5_c925_cubo_m1_20260917_143727.mp4,2026-09-17T14:37:39.233143,1789673859.233,319
g5_c925_cubo_m1_20260917_143727.mp4,2026-09-17T14:37:39.264806,1789673859.265,320
g5_c925_cubo_m1_20260917_143727.mp4,2026-09-17T14:37:39.298332,1789673859.298,321
g5_c925_cubo_m1_20260917_143727.mp4,2026-09-17T14:37:39.329363,1789673859.329,322
g5_c925_cubo_m1_20260917_143727.mp4,2026-09-17T14:37:39.364211,1789673859.364,323
g5_c925_cubo_m1_20260917_143727.mp4,2026-09-17T14:37:39.400511,1789673859.401,324
g5_c925_cubo_m1_20260917_143727.mp4,2026-09-17T14:37:39.431551,1789673859.432,325
g5_c925_cubo_m1_20260917_143727.mp4,2026-09-17T14:37:39.461633,1789673859.462,326
g5_c925_cubo_m1_20260917_143727.mp4,2026-09-17T14:37:39.496961,1789673859.497,327
g5_c925_cubo_m1_20260917_143727.mp4,2026-09-17T14:37:39.530658,1789673859.531,328
g5_c925_cubo_m1_20260917_143727.mp4,2026-09-17T14:37:39.564717,1789673859.565,329
g5_c925_cubo_m1_20260917_143727.mp4,2026-09-17T14:37:39.597116,1789673859.597,330
g5_c925_cubo_m1_20260917_143727.mp4,2026-09-17T14:37:39.628929,1789673859.629,331
g5_c925_cubo_m1_20260917_143727.mp4,2026-09-17T14:37:39.665301,1789673859.665,332
g5_c925_cubo_m1_20260917_143727.mp4,2026-09-17T14:37:39.697440,1789673859.697,333
g5_c925_cubo_m1_20260917_143727.mp4,2026-09-17T14:37:39.731162,1789673859.731,334
g5_c925_cubo_m1_20260917_143727.mp4,2026-09-17T14:37:39.768097,1789673859.768,335
g5_c925_cubo_m1_20260917_143727.mp4,2026-09-17T14:37:39.799161,1789673859.799,336
g5_c925_cubo_m1_20260917_143727.mp4,2026-09-17T14:37:39.836499,1789673859.837,337
g5_c925_cubo_m1_20260917_143727.mp4,2026-09-17T14:37:39.868187,1789673859.868,338
g5_c925_cubo_m1_20260917_143727.mp4,2026-09-17T14:37:39.897569,1789673859.898,339
g5_c925_cubo_m1_20260917_143727.mp4,2026-09-17T14:37:39.933743,1789673859.934,340
g5_c925_cubo_m1_20260917_143727.mp4,2026-09-17T14:37:39.965543,1789673859.966,341
g5_c925_cubo_m1_20260917_143727.mp4,2026-09-17T14:37:40.000084,1789673860.000,342
g5_c925_cubo_m1_20260917_143727.mp4,2026-09-17T14:37:40.028760,1789673860.029,343
g5_c925_cubo_m1_20260917_143727.mp4,2026-09-17T14:37:40.064810,1789673860.065,344
g5_c925_cubo_m1_20260917_143727.mp4,2026-09-17T14:37:40.096926,1789673860.097,345
g5_c925_cubo_m1_20260917_143727.mp4,2026-09-17T14:37:40.129029,1789673860.129,346
g5_c925_cubo_m1_20260917_143727.mp4,2026-09-17T14:37:40.165088,1789673860.165,347
g5_c925_cubo_m1_20260917_143727.mp4,2026-09-17T14:37:40.198247,1789673860.198,348
g5_c925_cubo_m1_20260917_143727.mp4,2026-09-17T14:37:40.232417,1789673860.232,349
g5_c925_cubo_m1_20260917_143727.mp4,2026-09-17T14:37:40.267517,1789673860.268,350
g5_c925_cubo_m1_20260917_143727.mp4,2026-09-17T14:37:40.300841,1789673860.301,351
g5_c925_cubo_m1_20260917_143727.mp4,2026-09-17T14:37:40.332230,1789673860.332,352
g5_c925_cubo_m1_20260917_143727.mp4,2026-09-17T14:37:40.370160,1789673860.370,353
g5_c925_cubo_m1_20260917_143727.mp4,2026-09-17T14:37:40.399464,1789673860.399,354
g5_c925_cubo_m1_20260917_143727.mp4,2026-09-17T14:37:40.432564,1789673860.433,355
g5_c925_cubo_m1_20260917_143727.mp4,2026-09-17T14:37:40.465993,1789673860.466,356
g5_c925_cubo_m1_20260917_143727.mp4,2026-09-17T14:37:40.497233,1789673860.497,357
g5_c925_cubo_m1_20260917_143727.mp4,2026-09-17T14:37:40.528832,1789673860.529,358
g5_c925_cubo_m1_20260917_143727.mp4,2026-09-17T14:37:40.564772,1789673860.565,359
g5_c925_cubo_m1_20260917_143727.mp4,2026-09-17T14:37:40.597599,1789673860.598,360
g5_c925_cubo_m1_20260917_143727.mp4,2026-09-17T14:37:40.629884,1789673860.630,361
g5_c925_cubo_m1_20260917_143727.mp4,2026-09-17T14:37:40.665652,1789673860.666,362
g5_c925_cubo_m1_20260917_143727.mp4,2026-09-17T14:37:40.698904,1789673860.699,363
g5_c925_cubo_m1_20260917_143727.mp4,2026-09-17T14:37:40.731424,1789673860.731,364
g5_c925_cubo_m1_20260917_143727.mp4,2026-09-17T14:37:40.769973,1789673860.770,365
g5_c925_cubo_m1_20260917_143727.mp4,2026-09-17T14:37:40.800091,1789673860.800,366
g5_c925_cubo_m1_20260917_143727.mp4,2026-09-17T14:37:40.831981,1789673860.832,367
g5_c925_cubo_m1_20260917_143727.mp4,2026-09-17T14:37:40.870373,1789673860.870,368
g5_c925_cubo_m1_20260917_143727.mp4,2026-09-17T14:37:40.899391,1789673860.899,369
g5_c925_cubo_m1_20260917_143727.mp4,2026-09-17T14:37:40.929197,1789673860.929,370
g5_c925_cubo_m1_20260917_143727.mp4,2026-09-17T14:37:40.965600,1789673860.966,371
g5_c925_cubo_m1_20260917_143727.mp4,2026-09-17T14:37:41.001892,1789673861.002,372
g5_c925_cubo_m1_20260917_143727.mp4,2026-09-17T14:37:41.029076,1789673861.029,373
g5_c925_cubo_m1_20260917_143727.mp4,2026-09-17T14:37:41.065405,1789673861.065,374
g5_c925_cubo_m1_20260917_143727.mp4,2026-09-17T14:37:41.097727,1789673861.098,375
g5_c925_cubo_m1_20260917_143727.mp4,2026-09-17T14:37:41.134112,1789673861.134,376
g5_c925_cubo_m1_20260917_143727.mp4,2026-09-17T14:37:41.165186,1789673861.165,377
g5_c925_cubo_m1_20260917_143727.mp4,2026-09-17T14:37:41.198347,1789673861.198,378
g5_c925_cubo_m1_20260917_143727.mp4,2026-09-17T14:37:41.231512,1789673861.232,379
g5_c925_cubo_m1_20260917_143727.mp4,2026-09-17T14:37:41.266496,1789673861.267,380
g5_c925_cubo_m1_20260917_143727.mp4,2026-09-17T14:37:41.301791,1789673861.302,381
g5_c925_cubo_m1_20260917_143727.mp4,2026-09-17T14:37:41.334353,1789673861.334,382
g5_c925_cubo_m1_20260917_143727.mp4,2026-09-17T14:37:41.365891,1789673861.366,383
g5_c925_cubo_m1_20260917_143727.mp4,2026-09-17T14:37:41.401051,1789673861.401,384
g5_c925_cubo_m1_20260917_143727.mp4,2026-09-17T14:37:41.431870,1789673861.432,385
g5_c925_cubo_m1_20260917_143727.mp4,2026-09-17T14:37:41.467647,1789673861.468,386
g5_c925_cubo_m1_20260917_143727.mp4,2026-09-17T14:37:41.496925,1789673861.497,387
g5_c925_cubo_m1_20260917_143727.mp4,2026-09-17T14:37:41.528727,1789673861.529,388
g5_c925_cubo_m1_20260917_143727.mp4,2026-09-17T14:37:41.564772,1789673861.565,389
g5_c925_cubo_m1_20260917_143727.mp4,2026-09-17T14:37:41.597707,1789673861.598,390
g5_c925_cubo_m1_20260917_143727.mp4,2026-09-17T14:37:41.630586,1789673861.631,391
g5_c925_cubo_m1_20260917_143727.mp4,2026-09-17T14:37:41.665482,1789673861.665,392
g5_c925_cubo_m1_20260917_143727.mp4,2026-09-17T14:37:41.700823,1789673861.701,393
g5_c925_cubo_m1_20260917_143727.mp4,2026-09-17T14:37:41.733046,1789673861.733,394
g5_c925_cubo_m1_20260917_143727.mp4,2026-09-17T14:37:41.770384,1789673861.770,395
g5_c925_cubo_m1_20260917_143727.mp4,2026-09-17T14:37:41.800252,1789673861.800,396
g5_c925_cubo_m1_20260917_143727.mp4,2026-09-17T14:37:41.831907,1789673861.832,397
g5_c925_cubo_m1_20260917_143727.mp4,2026-09-17T14:37:41.870455,1789673861.870,398
g5_c925_cubo_m1_20260917_143727.mp4,2026-09-17T14:37:41.899150,1789673861.899,399
g5_c925_cubo_m1_20260917_143727.mp4,2026-09-17T14:37:41.931634,1789673861.932,400
g5_c925_cubo_m1_20260917_143727.mp4,2026-09-17T14:37:41.966928,1789673861.967,401
g5_c925_cubo_m1_20260917_143727.mp4,2026-09-17T14:37:41.997173,1789673861.997,402
g5_c925_cubo_m1_20260917_143727.mp4,2026-09-17T14:37:42.028752,1789673862.029,403
g5_c925_cubo_m1_20260917_143727.mp4,2026-09-17T14:37:42.065104,1789673862.065,404
g5_c925_cubo_m1_20260917_143727.mp4,2026-09-17T14:37:42.098169,1789673862.098,405
g5_c925_cubo_m1_20260917_143727.mp4,2026-09-17T14:37:42.133118,1789673862.133,406
g5_c925_cubo_m1_20260917_143727.mp4,2026-09-17T14:37:42.165969,1789673862.166,407
g5_c925_cubo_m1_20260917_143727.mp4,2026-09-17T14:37:42.202599,1789673862.203,408
g5_c925_cubo_m1_20260917_143727.mp4,2026-09-17T14:37:42.231174,1789673862.231,409
g5_c925_cubo_m1_20260917_143727.mp4,2026-09-17T14:37:42.266036,1789673862.266,410
g5_c925_cubo_m1_20260917_143727.mp4,2026-09-17T14:37:42.301697,1789673862.302,411
g5_c925_cubo_m1_20260917_143727.mp4,2026-09-17T14:37:42.331086,1789673862.331,412
g5_c925_cubo_m1_20260917_143727.mp4,2026-09-17T14:37:42.368728,1789673862.369,413
g5_c925_cubo_m1_20260917_143727.mp4,2026-09-17T14:37:42.400119,1789673862.400,414
g5_c925_cubo_m1_20260917_143727.mp4,2026-09-17T14:37:42.428882,1789673862.429,415
g5_c925_cubo_m1_20260917_143727.mp4,2026-09-17T14:37:42.465068,1789673862.465,416
g5_c925_cubo_m1_20260917_143727.mp4,2026-09-17T14:37:42.497246,1789673862.497,417
g5_c925_cubo_m1_20260917_143727.mp4,2026-09-17T14:37:42.528904,1789673862.529,418
g5_c925_cubo_m1_20260917_143727.mp4,2026-09-17T14:37:42.567678,1789673862.568,419
g5_c925_cubo_m1_20260917_143727.mp4,2026-09-17T14:37:42.599758,1789673862.600,420
g5_c925_cubo_m1_20260917_143727.mp4,2026-09-17T14:37:42.631784,1789673862.632,421
g5_c925_cubo_m1_20260917_143727.mp4,2026-09-17T14:37:42.668965,1789673862.669,422
g5_c925_cubo_m1_20260917_143727.mp4,2026-09-17T14:37:42.702639,1789673862.703,423
g5_c925_cubo_m1_20260917_143727.mp4,2026-09-17T14:37:42.732575,1789673862.733,424
g5_c925_cubo_m1_20260917_143727.mp4,2026-09-17T14:37:42.771809,1789673862.772,425
g5_c925_cubo_m1_20260917_143727.mp4,2026-09-17T14:37:42.800526,1789673862.801,426
g5_c925_cubo_m1_20260917_143727.mp4,2026-09-17T14:37:42.828916,1789673862.829,427
g5_c925_cubo_m1_20260917_143727.mp4,2026-09-17T14:37:42.866723,1789673862.867,428
g5_c925_cubo_m1_20260917_143727.mp4,2026-09-17T14:37:42.898121,1789673862.898,429
g5_c925_cubo_m1_20260917_143727.mp4,2026-09-17T14:37:42.929241,1789673862.929,430
g5_c925_cubo_m1_20260917_143727.mp4,2026-09-17T14:37:42.965162,1789673862.965,431
g5_c925_cubo_m1_20260917_143727.mp4,2026-09-17T14:37:42.996828,1789673862.997,432
g5_c925_cubo_m1_20260917_143727.mp4,2026-09-17T14:37:43.031008,1789673863.031,433
g5_c925_cubo_m1_20260917_143727.mp4,2026-09-17T14:37:43.067296,1789673863.067,434
g5_c925_cubo_m1_20260917_143727.mp4,2026-09-17T14:37:43.100506,1789673863.101,435
g5_c925_cubo_m1_20260917_143727.mp4,2026-09-17T14:37:43.134489,1789673863.135,436
g5_c925_cubo_m1_20260917_143727.mp4,2026-09-17T14:37:43.170452,1789673863.170,437
g5_c925_cubo_m1_20260917_143727.mp4,2026-09-17T14:37:43.203668,1789673863.204,438
g5_c925_cubo_m1_20260917_143727.mp4,2026-09-17T14:37:43.231721,1789673863.232,439
g5_c925_cubo_m1_20260917_143727.mp4,2026-09-17T14:37:43.270749,1789673863.271,440
g5_c925_cubo_m1_20260917_143727.mp4,2026-09-17T14:37:43.299224,1789673863.299,441
g5_c925_cubo_m1_20260917_143727.mp4,2026-09-17T14:37:43.329396,1789673863.329,442
g5_c925_cubo_m1_20260917_143727.mp4,2026-09-17T14:37:43.364707,1789673863.365,443
g5_c925_cubo_m1_20260917_143727.mp4,2026-09-17T14:37:43.396614,1789673863.397,444
g5_c925_cubo_m1_20260917_143727.mp4,2026-09-17T14:37:43.429500,1789673863.430,445
g5_c925_cubo_m1_20260917_143727.mp4,2026-09-17T14:37:43.465843,1789673863.466,446
g5_c925_cubo_m1_20260917_143727.mp4,2026-09-17T14:37:43.497474,1789673863.497,447
g5_c925_cubo_m1_20260917_143727.mp4,2026-09-17T14:37:43.532844,1789673863.533,448
g5_c925_cubo_m1_20260917_143727.mp4,2026-09-17T14:37:43.567171,1789673863.567,449
g5_c925_cubo_m1_20260917_143727.mp4,2026-09-17T14:37:43.603039,1789673863.603,450
g5_c925_cubo_m1_20260917_143727.mp4,2026-09-17T14:37:43.631661,1789673863.632,451
g5_c925_cubo_m1_20260917_143727.mp4,2026-09-17T14:37:43.669176,1789673863.669,452
g5_c925_cubo_m1_20260917_143727.mp4,2026-09-17T14:37:43.700877,1789673863.701,453
g5_c925_cubo_m1_20260917_143727.mp4,2026-09-17T14:37:43.731394,1789673863.731,454
g5_c925_cubo_m1_20260917_143727.mp4,2026-09-17T14:37:43.770722,1789673863.771,455
g5_c925_cubo_m1_20260917_143727.mp4,2026-09-17T14:37:43.799614,1789673863.800,456
g5_c925_cubo_m1_20260917_143727.mp4,2026-09-17T14:37:43.829905,1789673863.830,457
g5_c925_cubo_m1_20260917_143727.mp4,2026-09-17T14:37:43.865255,1789673863.865,458
g5_c925_cubo_m1_20260917_143727.mp4,2026-09-17T14:37:43.897178,1789673863.897,459
g5_c925_cubo_m1_20260917_143727.mp4,2026-09-17T14:37:43.930421,1789673863.930,460
g5_c925_cubo_m1_20260917_143727.mp4,2026-09-17T14:37:43.966164,1789673863.966,461
g5_c925_cubo_m1_20260917_143727.mp4,2026-09-17T14:37:43.999824,1789673864.000,462
g5_c925_cubo_m1_20260917_143727.mp4,2026-09-17T14:37:44.029822,1789673864.030,463
g5_c925_cubo_m1_20260917_143727.mp4,2026-09-17T14:37:44.069620,1789673864.070,464
g5_c925_cubo_m1_20260917_143727.mp4,2026-09-17T14:37:44.101222,1789673864.101,465
g5_c925_cubo_m1_20260917_143727.mp4,2026-09-17T14:37:44.135259,1789673864.135,466
g5_c925_cubo_m1_20260917_143727.mp4,2026-09-17T14:37:44.169471,1789673864.169,467
g5_c925_cubo_m1_20260917_143727.mp4,2026-09-17T14:37:44.201291,1789673864.201,468
g5_c925_cubo_m1_20260917_143727.mp4,2026-09-17T14:37:44.231834,1789673864.232,469
g5_c925_cubo_m1_20260917_143727.mp4,2026-09-17T14:37:44.268500,1789673864.269,470
g5_c925_cubo_m1_20260917_143727.mp4,2026-09-17T14:37:44.300491,1789673864.301,471
g5_c925_cubo_m1_20260917_143727.mp4,2026-09-17T14:37:44.330848,1789673864.331,472
g5_c925_cubo_m1_20260917_143727.mp4,2026-09-17T14:37:44.364635,1789673864.365,473
g5_c925_cubo_m1_20260917_143727.mp4,2026-09-17T14:37:44.402215,1789673864.402,474
g5_c925_cubo_m1_20260917_143727.mp4,2026-09-17T14:37:44.428870,1789673864.429,475
g5_c925_cubo_m1_20260917_143727.mp4,2026-09-17T14:37:44.465011,1789673864.465,476
g5_c925_cubo_m1_20260917_143727.mp4,2026-09-17T14:37:44.499038,1789673864.499,477
g5_c925_cubo_m1_20260917_143727.mp4,2026-09-17T14:37:44.533284,1789673864.533,478
g5_c925_cubo_m1_20260917_143727.mp4,2026-09-17T14:37:44.570402,1789673864.570,479
g5_c925_cubo_m1_20260917_143727.mp4,2026-09-17T14:37:44.603445,1789673864.603,480
g5_c925_cubo_m1_20260917_143727.mp4,2026-09-17T14:37:44.628955,1789673864.629,481
g5_c925_cubo_m1_20260917_143727.mp4,2026-09-17T14:37:44.665811,1789673864.666,482
g5_c925_cubo_m1_20260917_143727.mp4,2026-09-17T14:37:44.698696,1789673864.699,483
g5_c925_cubo_m1_20260917_143727.mp4,2026-09-17T14:37:44.730091,1789673864.730,484
g5_c925_cubo_m1_20260917_143727.mp4,2026-09-17T14:37:44.768015,1789673864.768,485
g5_c925_cubo_m1_20260917_143727.mp4,2026-09-17T14:37:44.796897,1789673864.797,486
g5_c925_cubo_m1_20260917_143727.mp4,2026-09-17T14:37:44.830191,1789673864.830,487
g5_c925_cubo_m1_20260917_143727.mp4,2026-09-17T14:37:44.864755,1789673864.865,488
g5_c925_cubo_m1_20260917_143727.mp4,2026-09-17T14:37:44.897741,1789673864.898,489
g5_c925_cubo_m1_20260917_143727.mp4,2026-09-17T14:37:44.930465,1789673864.930,490
g5_c925_cubo_m1_20260917_143727.mp4,2026-09-17T14:37:44.968276,1789673864.968,491
g5_c925_cubo_m1_20260917_143727.mp4,2026-09-17T14:37:45.001926,1789673865.002,492
g5_c925_cubo_m1_20260917_143727.mp4,2026-09-17T14:37:45.030264,1789673865.030,493
g5_c925_cubo_m1_20260917_143727.mp4,2026-09-17T14:37:45.071831,1789673865.072,494
g5_c925_cubo_m1_20260917_143727.mp4,2026-09-17T14:37:45.098318,1789673865.098,495
g5_c925_cubo_m1_20260917_143727.mp4,2026-09-17T14:37:45.131480,1789673865.131,496
g5_c925_cubo_m1_20260917_143727.mp4,2026-09-17T14:37:45.171290,1789673865.171,497
g5_c925_cubo_m1_20260917_143727.mp4,2026-09-17T14:37:45.200874,1789673865.201,498
g5_c925_cubo_m1_20260917_143727.mp4,2026-09-17T14:37:45.229581,1789673865.230,499
g5_c925_cubo_m1_20260917_143727.mp4,2026-09-17T14:37:45.268698,1789673865.269,500
g5_c925_cubo_m1_20260917_143727.mp4,2026-09-17T14:37:45.298440,1789673865.298,501
g5_c925_cubo_m1_20260917_143727.mp4,2026-09-17T14:37:45.329680,1789673865.330,502
g5_c925_cubo_m1_20260917_143727.mp4,2026-09-17T14:37:45.365902,1789673865.366,503
g5_c925_cubo_m1_20260917_143727.mp4,2026-09-17T14:37:45.397299,1789673865.397,504
g5_c925_cubo_m1_20260917_143727.mp4,2026-09-17T14:37:45.432590,1789673865.433,505
g5_c925_cubo_m1_20260917_143727.mp4,2026-09-17T14:37:45.469055,1789673865.469,506
g5_c925_cubo_m1_20260917_143727.mp4,2026-09-17T14:37:45.501196,1789673865.501,507
g5_c925_cubo_m1_20260917_143727.mp4,2026-09-17T14:37:45.533286,1789673865.533,508
g5_c925_cubo_m1_20260917_143727.mp4,2026-09-17T14:37:45.571149,1789673865.571,509
g5_c925_cubo_m1_20260917_143727.mp4,2026-09-17T14:37:45.601602,1789673865.602,510
g5_c925_cubo_m1_20260917_143727.mp4,2026-09-17T14:37:45.631469,1789673865.631,511
g5_c925_cubo_m1_20260917_143727.mp4,2026-09-17T14:37:45.670770,1789673865.671,512
g5_c925_cubo_m1_20260917_143727.mp4,2026-09-17T14:37:45.699741,1789673865.700,513
g5_c925_cubo_m1_20260917_143727.mp4,2026-09-17T14:37:45.730387,1789673865.730,514
g5_c925_cubo_m1_20260917_143727.mp4,2026-09-17T14:37:45.765750,1789673865.766,515
g5_c925_cubo_m1_20260917_143727.mp4,2026-09-17T14:37:45.797524,1789673865.798,516
g5_c925_cubo_m1_20260917_143727.mp4,2026-09-17T14:37:45.829888,1789673865.830,517
g5_c925_cubo_m1_20260917_143727.mp4,2026-09-17T14:37:45.866855,1789673865.867,518
g5_c925_cubo_m1_20260917_143727.mp4,2026-09-17T14:37:45.900606,1789673865.901,519
g5_c925_cubo_m1_20260917_143727.mp4,2026-09-17T14:37:45.931177,1789673865.931,520
g5_c925_cubo_m1_20260917_143727.mp4,2026-09-17T14:37:45.966252,1789673865.966,521
g5_c925_cubo_m1_20260917_143727.mp4,2026-09-17T14:37:46.003292,1789673866.003,522
g5_c925_cubo_m1_20260917_143727.mp4,2026-09-17T14:37:46.029720,1789673866.030,523
g5_c925_cubo_m1_20260917_143727.mp4,2026-09-17T14:37:46.073688,1789673866.074,524
g5_c925_cubo_m1_20260917_143727.mp4,2026-09-17T14:37:46.100075,1789673866.100,525
g5_c925_cubo_m1_20260917_143727.mp4,2026-09-17T14:37:46.132237,1789673866.132,526
g5_c925_cubo_m1_20260917_143727.mp4,2026-09-17T14:37:46.166823,1789673866.167,527
g5_c925_cubo_m1_20260917_143727.mp4,2026-09-17T14:37:46.199349,1789673866.199,528
g5_c925_cubo_m1_20260917_143727.mp4,2026-09-17T14:37:46.230473,1789673866.230,529
g5_c925_cubo_m1_20260917_143727.mp4,2026-09-17T14:37:46.265501,1789673866.266,530
g5_c925_cubo_m1_20260917_143727.mp4,2026-09-17T14:37:46.297092,1789673866.297,531
g5_c925_cubo_m1_20260917_143727.mp4,2026-09-17T14:37:46.329216,1789673866.329,532
g5_c925_cubo_m1_20260917_143727.mp4,2026-09-17T14:37:46.365112,1789673866.365,533
g5_c925_cubo_m1_20260917_143727.mp4,2026-09-17T14:37:46.397512,1789673866.398,534
g5_c925_cubo_m1_20260917_143727.mp4,2026-09-17T14:37:46.433978,1789673866.434,535
g5_c925_cubo_m1_20260917_143727.mp4,2026-09-17T14:37:46.465385,1789673866.465,536
g5_c925_cubo_m1_20260917_143727.mp4,2026-09-17T14:37:46.497141,1789673866.497,537
g5_c925_cubo_m1_20260917_143727.mp4,2026-09-17T14:37:46.528985,1789673866.529,538
g5_c925_cubo_m1_20260917_143727.mp4,2026-09-17T14:37:46.570925,1789673866.571,539
g5_c925_cubo_m1_20260917_143727.mp4,2026-09-17T14:37:46.599772,1789673866.600,540
g5_c925_cubo_m1_20260917_143727.mp4,2026-09-17T14:37:46.630803,1789673866.631,541
g5_c925_cubo_m1_20260917_143727.mp4,2026-09-17T14:37:46.668605,1789673866.669,542
g5_c925_cubo_m1_20260917_143727.mp4,2026-09-17T14:37:46.699161,1789673866.699,543
g5_c925_cubo_m1_20260917_143727.mp4,2026-09-17T14:37:46.729085,1789673866.729,544
g5_c925_cubo_m1_20260917_143727.mp4,2026-09-17T14:37:46.766205,1789673866.766,545
g5_c925_cubo_m1_20260917_143727.mp4,2026-09-17T14:37:46.797982,1789673866.798,546
g5_c925_cubo_m1_20260917_143727.mp4,2026-09-17T14:37:46.828964,1789673866.829,547
g5_c925_cubo_m1_20260917_143727.mp4,2026-09-17T14:37:46.867780,1789673866.868,548
g5_c925_cubo_m1_20260917_143727.mp4,2026-09-17T14:37:46.897895,1789673866.898,549
g5_c925_cubo_m1_20260917_143727.mp4,2026-09-17T14:37:46.934263,1789673866.934,550
g5_c925_cubo_m1_20260917_143727.mp4,2026-09-17T14:37:46.968332,1789673866.968,551
g5_c925_cubo_m1_20260917_143727.mp4,2026-09-17T14:37:47.000840,1789673867.001,552
g5_c925_cubo_m1_20260917_143727.mp4,2026-09-17T14:37:47.029993,1789673867.030,553
g5_c925_cubo_m1_20260917_143727.mp4,2026-09-17T14:37:47.065982,1789673867.066,554
g5_c925_cubo_m1_20260917_143727.mp4,2026-09-17T14:37:47.098102,1789673867.098,555
g5_c925_cubo_m1_20260917_143727.mp4,2026-09-17T14:37:47.129941,1789673867.130,556
g5_c925_cubo_m1_20260917_143727.mp4,2026-09-17T14:37:47.167801,1789673867.168,557
g5_c925_cubo_m1_20260917_143727.mp4,2026-09-17T14:37:47.197465,1789673867.197,558
g5_c925_cubo_m1_20260917_143727.mp4,2026-09-17T14:37:47.229127,1789673867.229,559
g5_c925_cubo_m1_20260917_143727.mp4,2026-09-17T14:37:47.265516,1789673867.266,560
g5_c925_cubo_m1_20260917_143727.mp4,2026-09-17T14:37:47.297490,1789673867.298,561
g5_c925_cubo_m1_20260917_143727.mp4,2026-09-17T14:37:47.330548,1789673867.331,562
g5_c925_cubo_m1_20260917_143727.mp4,2026-09-17T14:37:47.366309,1789673867.366,563
g5_c925_cubo_m1_20260917_143727.mp4,2026-09-17T14:37:47.401281,1789673867.401,564
g5_c925_cubo_m1_20260917_143727.mp4,2026-09-17T14:37:47.432789,1789673867.433,565
g5_c925_cubo_m1_20260917_143727.mp4,2026-09-17T14:37:47.473297,1789673867.473,566
g5_c925_cubo_m1_20260917_143727.mp4,2026-09-17T14:37:47.499048,1789673867.499,567
g5_c925_cubo_m1_20260917_143727.mp4,2026-09-17T14:37:47.532707,1789673867.533,568
g5_c925_cubo_m1_20260917_143727.mp4,2026-09-17T14:37:47.574109,1789673867.574,569
g5_c925_cubo_m1_20260917_143727.mp4,2026-09-17T14:37:47.600606,1789673867.601,570
g5_c925_cubo_m1_20260917_143727.mp4,2026-09-17T14:37:47.629597,1789673867.630,571
g5_c925_cubo_m1_20260917_143727.mp4,2026-09-17T14:37:47.665634,1789673867.666,572
g5_c925_cubo_m1_20260917_143727.mp4,2026-09-17T14:37:47.697987,1789673867.698,573
g5_c925_cubo_m1_20260917_143727.mp4,2026-09-17T14:37:47.729123,1789673867.729,574
g5_c925_cubo_m1_20260917_143727.mp4,2026-09-17T14:37:47.765457,1789673867.765,575
g5_c925_cubo_m1_20260917_143727.mp4,2026-09-17T14:37:47.797853,1789673867.798,576
g5_c925_cubo_m1_20260917_143727.mp4,2026-09-17T14:37:47.829824,1789673867.830,577
g5_c925_cubo_m1_20260917_143727.mp4,2026-09-17T14:37:47.867753,1789673867.868,578
g5_c925_cubo_m1_20260917_143727.mp4,2026-09-17T14:37:47.898726,1789673867.899,579
g5_c925_cubo_m1_20260917_143727.mp4,2026-09-17T14:37:47.929260,1789673867.929,580
g5_c925_cubo_m1_20260917_143727.mp4,2026-09-17T14:37:47.965790,1789673867.966,581
g5_c925_cubo_m1_20260917_143727.mp4,2026-09-17T14:37:48.002566,1789673868.003,582
g5_c925_cubo_m1_20260917_143727.mp4,2026-09-17T14:37:48.031815,1789673868.032,583
g5_c925_cubo_m1_20260917_143727.mp4,2026-09-17T14:37:48.068440,1789673868.068,584
g5_c925_cubo_m1_20260917_143727.mp4,2026-09-17T14:37:48.100495,1789673868.101,585
g5_c925_cubo_m1_20260917_143727.mp4,2026-09-17T14:37:48.130483,1789673868.131,586
g5_c925_cubo_m1_20260917_143727.mp4,2026-09-17T14:37:48.165185,1789673868.165,587
g5_c925_cubo_m1_20260917_143727.mp4,2026-09-17T14:37:48.198423,1789673868.198,588
g5_c925_cubo_m1_20260917_143727.mp4,2026-09-17T14:37:48.229516,1789673868.230,589
g5_c925_cubo_m1_20260917_143727.mp4,2026-09-17T14:37:48.266242,1789673868.266,590
g5_c925_cubo_m1_20260917_143727.mp4,2026-09-17T14:37:48.299564,1789673868.300,591
g5_c925_cubo_m1_20260917_143727.mp4,2026-09-17T14:37:48.329609,1789673868.330,592
g5_c925_cubo_m1_20260917_143727.mp4,2026-09-17T14:37:48.371580,1789673868.372,593
g5_c925_cubo_m1_20260917_143727.mp4,2026-09-17T14:37:48.400919,1789673868.401,594
g5_c925_cubo_m1_20260917_143727.mp4,2026-09-17T14:37:48.433138,1789673868.433,595
g5_c925_cubo_m1_20260917_143727.mp4,2026-09-17T14:37:48.470022,1789673868.470,596
g5_c925_cubo_m1_20260917_143727.mp4,2026-09-17T14:37:48.500159,1789673868.500,597
g5_c925_cubo_m1_20260917_143727.mp4,2026-09-17T14:37:48.532543,1789673868.533,598
g5_c925_cubo_m1_20260917_143727.mp4,2026-09-17T14:37:48.569235,1789673868.569,599
g5_c925_cubo_m1_20260917_143727.mp4,2026-09-17T14:37:48.601735,1789673868.602,600
g5_c925_cubo_m1_20260917_143727.mp4,2026-09-17T14:37:48.630523,1789673868.631,601
g5_c925_cubo_m1_20260917_143727.mp4,2026-09-17T14:37:48.666707,1789673868.667,602
g5_c925_cubo_m1_20260917_143727.mp4,2026-09-17T14:37:48.700122,1789673868.700,603
g5_c925_cubo_m1_20260917_143727.mp4,2026-09-17T14:37:48.731721,1789673868.732,604
g5_c925_cubo_m1_20260917_143727.mp4,2026-09-17T14:37:48.770142,1789673868.770,605
g5_c925_cubo_m1_20260917_143727.mp4,2026-09-17T14:37:48.797588,1789673868.798,606
g5_c925_cubo_m1_20260917_143727.mp4,2026-09-17T14:37:48.835710,1789673868.836,607
g5_c925_cubo_m1_20260917_143727.mp4,2026-09-17T14:37:48.871185,1789673868.871,608
g5_c925_cubo_m1_20260917_143727.mp4,2026-09-17T14:37:48.899826,1789673868.900,609
g5_c925_cubo_m1_20260917_143727.mp4,2026-09-17T14:37:48.929227,1789673868.929,610
g5_c925_cubo_m1_20260917_143727.mp4,2026-09-17T14:37:48.966017,1789673868.966,611
g5_c925_cubo_m1_20260917_143727.mp4,2026-09-17T14:37:48.997339,1789673868.997,612
g5_c925_cubo_m1_20260917_143727.mp4,2026-09-17T14:37:49.028936,1789673869.029,613
g5_c925_cubo_m1_20260917_143727.mp4,2026-09-17T14:37:49.071462,1789673869.071,614
g5_c925_cubo_m1_20260917_143727.mp4,2026-09-17T14:37:49.098245,1789673869.098,615
g5_c925_cubo_m1_20260917_143727.mp4,2026-09-17T14:37:49.129071,1789673869.129,616
g5_c925_cubo_m1_20260917_143727.mp4,2026-09-17T14:37:49.167740,1789673869.168,617
g5_c925_cubo_m1_20260917_143727.mp4,2026-09-17T14:37:49.196992,1789673869.197,618
g5_c925_cubo_m1_20260917_143727.mp4,2026-09-17T14:37:49.232420,1789673869.232,619
g5_c925_cubo_m1_20260917_143727.mp4,2026-09-17T14:37:49.270646,1789673869.271,620
g5_c925_cubo_m1_20260917_143727.mp4,2026-09-17T14:37:49.297490,1789673869.298,621
g5_c925_cubo_m1_20260917_143727.mp4,2026-09-17T14:37:49.336081,1789673869.336,622
g5_c925_cubo_m1_20260917_143727.mp4,2026-09-17T14:37:49.368924,1789673869.369,623
g5_c925_cubo_m1_20260917_143727.mp4,2026-09-17T14:37:49.401114,1789673869.401,624
g5_c925_cubo_m1_20260917_143727.mp4,2026-09-17T14:37:49.432067,1789673869.432,625
g5_c925_cubo_m1_20260917_143727.mp4,2026-09-17T14:37:49.468371,1789673869.468,626
g5_c925_cubo_m1_20260917_143727.mp4,2026-09-17T14:37:49.500278,1789673869.500,627
g5_c925_cubo_m1_20260917_143727.mp4,2026-09-17T14:37:49.531206,1789673869.531,628
g5_c925_cubo_m1_20260917_143727.mp4,2026-09-17T14:37:49.565041,1789673869.565,629
g5_c925_cubo_m1_20260917_143727.mp4,2026-09-17T14:37:49.597194,1789673869.597,630
g5_c925_cubo_m1_20260917_143727.mp4,2026-09-17T14:37:49.628853,1789673869.629,631
g5_c925_cubo_m1_20260917_143727.mp4,2026-09-17T14:37:49.665320,1789673869.665,632
g5_c925_cubo_m1_20260917_143727.mp4,2026-09-17T14:37:49.697593,1789673869.698,633
g5_c925_cubo_m1_20260917_143727.mp4,2026-09-17T14:37:49.731022,1789673869.731,634
g5_c925_cubo_m1_20260917_143727.mp4,2026-09-17T14:37:49.767840,1789673869.768,635
g5_c925_cubo_m1_20260917_143727.mp4,2026-09-17T14:37:49.800670,1789673869.801,636
g5_c925_cubo_m1_20260917_143727.mp4,2026-09-17T14:37:49.834414,1789673869.834,637
g5_c925_cubo_m1_20260917_143727.mp4,2026-09-17T14:37:49.871062,1789673869.871,638
g5_c925_cubo_m1_20260917_143727.mp4,2026-09-17T14:37:49.900244,1789673869.900,639
g5_c925_cubo_m1_20260917_143727.mp4,2026-09-17T14:37:49.932109,1789673869.932,640
g5_c925_cubo_m1_20260917_143727.mp4,2026-09-17T14:37:49.969746,1789673869.970,641
g5_c925_cubo_m1_20260917_143727.mp4,2026-09-17T14:37:49.999568,1789673870.000,642
g5_c925_cubo_m1_20260917_143727.mp4,2026-09-17T14:37:50.029117,1789673870.029,643
g5_c925_cubo_m1_20260917_143727.mp4,2026-09-17T14:37:50.066100,1789673870.066,644
g5_c925_cubo_m1_20260917_143727.mp4,2026-09-17T14:37:50.097702,1789673870.098,645
g5_c925_cubo_m1_20260917_143727.mp4,2026-09-17T14:37:50.129098,1789673870.129,646
g5_c925_cubo_m1_20260917_143727.mp4,2026-09-17T14:37:50.164761,1789673870.165,647
g5_c925_cubo_m1_20260917_143727.mp4,2026-09-17T14:37:50.197287,1789673870.197,648
g5_c925_cubo_m1_20260917_143727.mp4,2026-09-17T14:37:50.232907,1789673870.233,649
g5_c925_cubo_m1_20260917_143727.mp4,2026-09-17T14:37:50.266759,1789673870.267,650
g5_c925_cubo_m1_20260917_143727.mp4,2026-09-17T14:37:50.302978,1789673870.303,651
g5_c925_cubo_m1_20260917_143727.mp4,2026-09-17T14:37:50.332378,1789673870.332,652
g5_c925_cubo_m1_20260917_143727.mp4,2026-09-17T14:37:50.370773,1789673870.371,653
g5_c925_cubo_m1_20260917_143727.mp4,2026-09-17T14:37:50.400001,1789673870.400,654
g5_c925_cubo_m1_20260917_143727.mp4,2026-09-17T14:37:50.432467,1789673870.432,655
g5_c925_cubo_m1_20260917_143727.mp4,2026-09-17T14:37:50.469622,1789673870.470,656
g5_c925_cubo_m1_20260917_143727.mp4,2026-09-17T14:37:50.499705,1789673870.500,657
g5_c925_cubo_m1_20260917_143727.mp4,2026-09-17T14:37:50.528901,1789673870.529,658
g5_c925_cubo_m1_20260917_143727.mp4,2026-09-17T14:37:50.565898,1789673870.566,659
g5_c925_cubo_m1_20260917_143727.mp4,2026-09-17T14:37:50.598497,1789673870.599,660
g5_c925_cubo_m1_20260917_143727.mp4,2026-09-17T14:37:50.629778,1789673870.630,661
g5_c925_cubo_m1_20260917_143727.mp4,2026-09-17T14:37:50.666178,1789673870.666,662
g5_c925_cubo_m1_20260917_143727.mp4,2026-09-17T14:37:50.698162,1789673870.698,663
g5_c925_cubo_m1_20260917_143727.mp4,2026-09-17T14:37:50.733236,1789673870.733,664
g5_c925_cubo_m1_20260917_143727.mp4,2026-09-17T14:37:50.766889,1789673870.767,665
g5_c925_cubo_m1_20260917_143727.mp4,2026-09-17T14:37:50.799738,1789673870.800,666
g5_c925_cubo_m1_20260917_143727.mp4,2026-09-17T14:37:50.833911,1789673870.834,667
g5_c925_cubo_m1_20260917_143727.mp4,2026-09-17T14:37:50.868441,1789673870.868,668
g5_c925_cubo_m1_20260917_143727.mp4,2026-09-17T14:37:50.900313,1789673870.900,669
g5_c925_cubo_m1_20260917_143727.mp4,2026-09-17T14:37:50.932712,1789673870.933,670
g5_c925_cubo_m1_20260917_143727.mp4,2026-09-17T14:37:50.969309,1789673870.969,671
g5_c925_cubo_m1_20260917_143727.mp4,2026-09-17T14:37:50.999991,1789673871.000,672
g5_c925_cubo_m1_20260917_143727.mp4,2026-09-17T14:37:51.029479,1789673871.029,673
g5_c925_cubo_m1_20260917_143727.mp4,2026-09-17T14:37:51.066432,1789673871.066,674
g5_c925_cubo_m1_20260917_143727.mp4,2026-09-17T14:37:51.098089,1789673871.098,675
g5_c925_cubo_m1_20260917_143727.mp4,2026-09-17T14:37:51.129606,1789673871.130,676
g5_c925_cubo_m1_20260917_143727.mp4,2026-09-17T14:37:51.166203,1789673871.166,677
g5_c925_cubo_m1_20260917_143727.mp4,2026-09-17T14:37:51.199238,1789673871.199,678
g5_c925_cubo_m1_20260917_143727.mp4,2026-09-17T14:37:51.233807,1789673871.234,679
g5_c925_cubo_m1_20260917_143727.mp4,2026-09-17T14:37:51.265639,1789673871.266,680
g5_c925_cubo_m1_20260917_143727.mp4,2026-09-17T14:37:51.297620,1789673871.298,681
g5_c925_cubo_m1_20260917_143727.mp4,2026-09-17T14:37:51.333691,1789673871.334,682
g5_c925_cubo_m1_20260917_143727.mp4,2026-09-17T14:37:51.370556,1789673871.371,683
g5_c925_cubo_m1_20260917_143727.mp4,2026-09-17T14:37:51.400283,1789673871.400,684
g5_c925_cubo_m1_20260917_143727.mp4,2026-09-17T14:37:51.431876,1789673871.432,685
g5_c925_cubo_m1_20260917_143727.mp4,2026-09-17T14:37:51.467869,1789673871.468,686
g5_c925_cubo_m1_20260917_143727.mp4,2026-09-17T14:37:51.497841,1789673871.498,687
g5_c925_cubo_m1_20260917_143727.mp4,2026-09-17T14:37:51.529330,1789673871.529,688
g5_c925_cubo_m1_20260917_143727.mp4,2026-09-17T14:37:51.566267,1789673871.566,689
g5_c925_cubo_m1_20260917_143727.mp4,2026-09-17T14:37:51.599276,1789673871.599,690
g5_c925_cubo_m1_20260917_143727.mp4,2026-09-17T14:37:51.631399,1789673871.631,691
g5_c925_cubo_m1_20260917_143727.mp4,2026-09-17T14:37:51.666344,1789673871.666,692
g5_c925_cubo_m1_20260917_143727.mp4,2026-09-17T14:37:51.701880,1789673871.702,693
g5_c925_cubo_m1_20260917_143727.mp4,2026-09-17T14:37:51.732775,1789673871.733,694
g5_c925_cubo_m1_20260917_143727.mp4,2026-09-17T14:37:51.767559,1789673871.768,695
g5_c925_cubo_m1_20260917_143727.mp4,2026-09-17T14:37:51.801971,1789673871.802,696
g5_c925_cubo_m1_20260917_143727.mp4,2026-09-17T14:37:51.829942,1789673871.830,697
g5_c925_cubo_m1_20260917_143727.mp4,2026-09-17T14:37:51.869362,1789673871.869,698
g5_c925_cubo_m1_20260917_143727.mp4,2026-09-17T14:37:51.898030,1789673871.898,699
g5_c925_cubo_m1_20260917_143727.mp4,2026-09-17T14:37:51.929480,1789673871.929,700
g5_c925_cubo_m1_20260917_143727.mp4,2026-09-17T14:37:51.966757,1789673871.967,701
g5_c925_cubo_m1_20260917_143727.mp4,2026-09-17T14:37:51.997279,1789673871.997,702
g5_c925_cubo_m1_20260917_143727.mp4,2026-09-17T14:37:52.028839,1789673872.029,703
g5_c925_cubo_m1_20260917_143727.mp4,2026-09-17T14:37:52.065324,1789673872.065,704
g5_c925_cubo_m1_20260917_143727.mp4,2026-09-17T14:37:52.097498,1789673872.098,705
g5_c925_cubo_m1_20260917_143727.mp4,2026-09-17T14:37:52.130279,1789673872.130,706
g5_c925_cubo_m1_20260917_143727.mp4,2026-09-17T14:37:52.164841,1789673872.165,707
g5_c925_cubo_m1_20260917_143727.mp4,2026-09-17T14:37:52.197131,1789673872.197,708
g5_c925_cubo_m1_20260917_143727.mp4,2026-09-17T14:37:52.229395,1789673872.229,709
g5_c925_cubo_m1_20260917_143727.mp4,2026-09-17T14:37:52.264852,1789673872.265,710
g5_c925_cubo_m1_20260917_143727.mp4,2026-09-17T14:37:52.296661,1789673872.297,711
g5_c925_cubo_m1_20260917_143727.mp4,2026-09-17T14:37:52.330023,1789673872.330,712
g5_c925_cubo_m1_20260917_143727.mp4,2026-09-17T14:37:52.370650,1789673872.371,713
g5_c925_cubo_m1_20260917_143727.mp4,2026-09-17T14:37:52.398596,1789673872.399,714
g5_c925_cubo_m1_20260917_143727.mp4,2026-09-17T14:37:52.429070,1789673872.429,715
g5_c925_cubo_m1_20260917_143727.mp4,2026-09-17T14:37:52.465909,1789673872.466,716
g5_c925_cubo_m1_20260917_143727.mp4,2026-09-17T14:37:52.497911,1789673872.498,717
g5_c925_cubo_m1_20260917_143727.mp4,2026-09-17T14:37:52.529653,1789673872.530,718
g5_c925_cubo_m1_20260917_143727.mp4,2026-09-17T14:37:52.565702,1789673872.566,719
g5_c925_cubo_m1_20260917_143727.mp4,2026-09-17T14:37:52.600675,1789673872.601,720
g5_c925_cubo_m1_20260917_143727.mp4,2026-09-17T14:37:52.630120,1789673872.630,721
g5_c925_cubo_m1_20260917_143727.mp4,2026-09-17T14:37:52.669284,1789673872.669,722
g5_c925_cubo_m1_20260917_143727.mp4,2026-09-17T14:37:52.698815,1789673872.699,723
g5_c925_cubo_m1_20260917_143727.mp4,2026-09-17T14:37:52.733841,1789673872.734,724
g5_c925_cubo_m1_20260917_143727.mp4,2026-09-17T14:37:52.769359,1789673872.769,725
g5_c925_cubo_m1_20260917_143727.mp4,2026-09-17T14:37:52.800406,1789673872.800,726
g5_c925_cubo_m1_20260917_143727.mp4,2026-09-17T14:37:52.831969,1789673872.832,727
g5_c925_cubo_m1_20260917_143727.mp4,2026-09-17T14:37:52.869767,1789673872.870,728
g5_c925_cubo_m1_20260917_143727.mp4,2026-09-17T14:37:52.899783,1789673872.900,729
g5_c925_cubo_m1_20260917_143727.mp4,2026-09-17T14:37:52.929922,1789673872.930,730
g5_c925_cubo_m1_20260917_143727.mp4,2026-09-17T14:37:52.965067,1789673872.965,731
g5_c925_cubo_m1_20260917_143727.mp4,2026-09-17T14:37:52.997686,1789673872.998,732
g5_c925_cubo_m1_20260917_143727.mp4,2026-09-17T14:37:53.029264,1789673873.029,733
g5_c925_cubo_m1_20260917_143727.mp4,2026-09-17T14:37:53.066313,1789673873.066,734
g5_c925_cubo_m1_20260917_143727.mp4,2026-09-17T14:37:53.098997,1789673873.099,735
g5_c925_cubo_m1_20260917_143727.mp4,2026-09-17T14:37:53.132863,1789673873.133,736
g5_c925_cubo_m1_20260917_143727.mp4,2026-09-17T14:37:53.168263,1789673873.168,737
g5_c925_cubo_m1_20260917_143727.mp4,2026-09-17T14:37:53.200306,1789673873.200,738
g5_c925_cubo_m1_20260917_143727.mp4,2026-09-17T14:37:53.232151,1789673873.232,739
g5_c925_cubo_m1_20260917_143727.mp4,2026-09-17T14:37:53.271335,1789673873.271,740
g5_c925_cubo_m1_20260917_143727.mp4,2026-09-17T14:37:53.298658,1789673873.299,741
g5_c925_cubo_m1_20260917_143727.mp4,2026-09-17T14:37:53.328701,1789673873.329,742
g5_c925_cubo_m1_20260917_143727.mp4,2026-09-17T14:37:53.367136,1789673873.367,743
g5_c925_cubo_m1_20260917_143727.mp4,2026-09-17T14:37:53.398037,1789673873.398,744
g5_c925_cubo_m1_20260917_143727.mp4,2026-09-17T14:37:53.428750,1789673873.429,745
g5_c925_cubo_m1_20260917_143727.mp4,2026-09-17T14:37:53.464969,1789673873.465,746
g5_c925_cubo_m1_20260917_143727.mp4,2026-09-17T14:37:53.497604,1789673873.498,747
g5_c925_cubo_m1_20260917_143727.mp4,2026-09-17T14:37:53.529317,1789673873.529,748
g5_c925_cubo_m1_20260917_143727.mp4,2026-09-17T14:37:53.565097,1789673873.565,749
g5_c925_cubo_m1_20260917_143727.mp4,2026-09-17T14:37:53.598779,1789673873.599,750
g5_c925_cubo_m1_20260917_143727.mp4,2026-09-17T14:37:53.629998,1789673873.630,751
g5_c925_cubo_m1_20260917_143727.mp4,2026-09-17T14:37:53.667959,1789673873.668,752
g5_c925_cubo_m1_20260917_143727.mp4,2026-09-17T14:37:53.699718,1789673873.700,753
g5_c925_cubo_m1_20260917_143727.mp4,2026-09-17T14:37:53.732746,1789673873.733,754
g5_c925_cubo_m1_20260917_143727.mp4,2026-09-17T14:37:53.768858,1789673873.769,755
g5_c925_cubo_m1_20260917_143727.mp4,2026-09-17T14:37:53.798254,1789673873.798,756
g5_c925_cubo_m1_20260917_143727.mp4,2026-09-17T14:37:53.830065,1789673873.830,757
g5_c925_cubo_m1_20260917_143727.mp4,2026-09-17T14:37:53.865441,1789673873.865,758
g5_c925_cubo_m1_20260917_143727.mp4,2026-09-17T14:37:53.897846,1789673873.898,759
g5_c925_cubo_m1_20260917_143727.mp4,2026-09-17T14:37:53.928832,1789673873.929,760
g5_c925_cubo_m1_20260917_143727.mp4,2026-09-17T14:37:53.965085,1789673873.965,761
g5_c925_cubo_m1_20260917_143727.mp4,2026-09-17T14:37:53.996963,1789673873.997,762
g5_c925_cubo_m1_20260917_143727.mp4,2026-09-17T14:37:54.028881,1789673874.029,763
g5_c925_cubo_m1_20260917_143727.mp4,2026-09-17T14:37:54.067168,1789673874.067,764
g5_c925_cubo_m1_20260917_143727.mp4,2026-09-17T14:37:54.097726,1789673874.098,765
g5_c925_cubo_m1_20260917_143727.mp4,2026-09-17T14:37:54.130661,1789673874.131,766
g5_c925_cubo_m1_20260917_143727.mp4,2026-09-17T14:37:54.168156,1789673874.168,767
g5_c925_cubo_m1_20260917_143727.mp4,2026-09-17T14:37:54.200904,1789673874.201,768
g5_c925_cubo_m1_20260917_143727.mp4,2026-09-17T14:37:54.229316,1789673874.229,769
g5_c925_cubo_m1_20260917_143727.mp4,2026-09-17T14:37:54.266082,1789673874.266,770
g5_c925_cubo_m1_20260917_143727.mp4,2026-09-17T14:37:54.298246,1789673874.298,771
g5_c925_cubo_m1_20260917_143727.mp4,2026-09-17T14:37:54.330903,1789673874.331,772
g5_c925_cubo_m1_20260917_143727.mp4,2026-09-17T14:37:54.367479,1789673874.367,773
g5_c925_cubo_m1_20260917_143727.mp4,2026-09-17T14:37:54.397245,1789673874.397,774
g5_c925_cubo_m1_20260917_143727.mp4,2026-09-17T14:37:54.429520,1789673874.430,775
g5_c925_cubo_m1_20260917_143727.mp4,2026-09-17T14:37:54.469151,1789673874.469,776
g5_c925_cubo_m1_20260917_143727.mp4,2026-09-17T14:37:54.497466,1789673874.497,777
g5_c925_cubo_m1_20260917_143727.mp4,2026-09-17T14:37:54.532114,1789673874.532,778
g5_c925_cubo_m1_20260917_143727.mp4,2026-09-17T14:37:54.566788,1789673874.567,779
g5_c925_cubo_m1_20260917_143727.mp4,2026-09-17T14:37:54.602385,1789673874.602,780
g5_c925_cubo_m1_20260917_143727.mp4,2026-09-17T14:37:54.633098,1789673874.633,781
g5_c925_cubo_m1_20260917_143727.mp4,2026-09-17T14:37:54.669493,1789673874.670,782
g5_c925_cubo_m1_20260917_143727.mp4,2026-09-17T14:37:54.701783,1789673874.702,783
g5_c925_cubo_m1_20260917_143727.mp4,2026-09-17T14:37:54.731883,1789673874.732,784
g5_c925_cubo_m1_20260917_143727.mp4,2026-09-17T14:37:54.770438,1789673874.770,785
g5_c925_cubo_m1_20260917_143727.mp4,2026-09-17T14:37:54.801080,1789673874.801,786
g5_c925_cubo_m1_20260917_143727.mp4,2026-09-17T14:37:54.831516,1789673874.832,787
g5_c925_cubo_m1_20260917_143727.mp4,2026-09-17T14:37:54.865984,1789673874.866,788
g5_c925_cubo_m1_20260917_143727.mp4,2026-09-17T14:37:54.897880,1789673874.898,789
g5_c925_cubo_m1_20260917_143727.mp4,2026-09-17T14:37:54.929513,1789673874.930,790
g5_c925_cubo_m1_20260917_143727.mp4,2026-09-17T14:37:54.965253,1789673874.965,791
g5_c925_cubo_m1_20260917_143727.mp4,2026-09-17T14:37:54.998286,1789673874.998,792
g5_c925_cubo_m1_20260917_143727.mp4,2026-09-17T14:37:55.030746,1789673875.031,793
g5_c925_cubo_m1_20260917_143727.mp4,2026-09-17T14:37:55.067658,1789673875.068,794
g5_c925_cubo_m1_20260917_143727.mp4,2026-09-17T14:37:55.104006,1789673875.104,795
g5_c925_cubo_m1_20260917_143727.mp4,2026-09-17T14:37:55.132511,1789673875.133,796
g5_c925_cubo_m1_20260917_143727.mp4,2026-09-17T14:37:55.171639,1789673875.172,797
g5_c925_cubo_m1_20260917_143727.mp4,2026-09-17T14:37:55.200857,1789673875.201,798
g5_c925_cubo_m1_20260917_143727.mp4,2026-09-17T14:37:55.233195,1789673875.233,799
g5_c925_cubo_m1_20260917_143727.mp4,2026-09-17T14:37:55.269178,1789673875.269,800
g5_c925_cubo_m1_20260917_143727.mp4,2026-09-17T14:37:55.300252,1789673875.300,801
g5_c925_cubo_m1_20260917_143727.mp4,2026-09-17T14:37:55.330766,1789673875.331,802
g5_c925_cubo_m1_20260917_143727.mp4,2026-09-17T14:37:55.365591,1789673875.366,803
g5_c925_cubo_m1_20260917_143727.mp4,2026-09-17T14:37:55.396726,1789673875.397,804
g5_c925_cubo_m1_20260917_143727.mp4,2026-09-17T14:37:55.429267,1789673875.429,805
g5_c925_cubo_m1_20260917_143727.mp4,2026-09-17T14:37:55.466149,1789673875.466,806
g5_c925_cubo_m1_20260917_143727.mp4,2026-09-17T14:37:55.497892,1789673875.498,807
g5_c925_cubo_m1_20260917_143727.mp4,2026-09-17T14:37:55.529464,1789673875.529,808
g5_c925_cubo_m1_20260917_143727.mp4,2026-09-17T14:37:55.567379,1789673875.567,809
g5_c925_cubo_m1_20260917_143727.mp4,2026-09-17T14:37:55.601389,1789673875.601,810
g5_c925_cubo_m1_20260917_143727.mp4,2026-09-17T14:37:55.634496,1789673875.635,811
g5_c925_cubo_m1_20260917_143727.mp4,2026-09-17T14:37:55.672342,1789673875.672,812
g5_c925_cubo_m1_20260917_143727.mp4,2026-09-17T14:37:55.702352,1789673875.702,813
g5_c925_cubo_m1_20260917_143727.mp4,2026-09-17T14:37:55.733281,1789673875.733,814
g5_c925_cubo_m1_20260917_143727.mp4,2026-09-17T14:37:55.768737,1789673875.769,815
g5_c925_cubo_m1_20260917_143727.mp4,2026-09-17T14:37:55.799001,1789673875.799,816
g5_c925_cubo_m1_20260917_143727.mp4,2026-09-17T14:37:55.829611,1789673875.830,817
g5_c925_cubo_m1_20260917_143727.mp4,2026-09-17T14:37:55.865121,1789673875.865,818
g5_c925_cubo_m1_20260917_143727.mp4,2026-09-17T14:37:55.896963,1789673875.897,819
g5_c925_cubo_m1_20260917_143727.mp4,2026-09-17T14:37:55.930300,1789673875.930,820
g5_c925_cubo_m1_20260917_143727.mp4,2026-09-17T14:37:55.965814,1789673875.966,821
g5_c925_cubo_m1_20260917_143727.mp4,2026-09-17T14:37:56.000092,1789673876.000,822
g5_c925_cubo_m1_20260917_143727.mp4,2026-09-17T14:37:56.033073,1789673876.033,823
g5_c925_cubo_m1_20260917_143727.mp4,2026-09-17T14:37:56.067099,1789673876.067,824
g5_c925_cubo_m1_20260917_143727.mp4,2026-09-17T14:37:56.100291,1789673876.100,825
g5_c925_cubo_m1_20260917_143727.mp4,2026-09-17T14:37:56.133396,1789673876.133,826
g5_c925_cubo_m1_20260917_143727.mp4,2026-09-17T14:37:56.169199,1789673876.169,827
g5_c925_cubo_m1_20260917_143727.mp4,2026-09-17T14:37:56.200259,1789673876.200,828
g5_c925_cubo_m1_20260917_143727.mp4,2026-09-17T14:37:56.232534,1789673876.233,829
g5_c925_cubo_m1_20260917_143727.mp4,2026-09-17T14:37:56.269836,1789673876.270,830
g5_c925_cubo_m1_20260917_143727.mp4,2026-09-17T14:37:56.299499,1789673876.300,831
g5_c925_cubo_m1_20260917_143727.mp4,2026-09-17T14:37:56.330463,1789673876.330,832
g5_c925_cubo_m1_20260917_143727.mp4,2026-09-17T14:37:56.365467,1789673876.365,833
g5_c925_cubo_m1_20260917_143727.mp4,2026-09-17T14:37:56.397478,1789673876.397,834
g5_c925_cubo_m1_20260917_143727.mp4,2026-09-17T14:37:56.429040,1789673876.429,835
g5_c925_cubo_m1_20260917_143727.mp4,2026-09-17T14:37:56.466537,1789673876.467,836
g5_c925_cubo_m1_20260917_143727.mp4,2026-09-17T14:37:56.500306,1789673876.500,837
g5_c925_cubo_m1_20260917_143727.mp4,2026-09-17T14:37:56.533143,1789673876.533,838
g5_c925_cubo_m1_20260917_143727.mp4,2026-09-17T14:37:56.569782,1789673876.570,839
g5_c925_cubo_m1_20260917_143727.mp4,2026-09-17T14:37:56.603263,1789673876.603,840
g5_c925_cubo_m1_20260917_143727.mp4,2026-09-17T14:37:56.629545,1789673876.630,841
g5_c925_cubo_m1_20260917_143727.mp4,2026-09-17T14:37:56.666355,1789673876.666,842
g5_c925_cubo_m1_20260917_143727.mp4,2026-09-17T14:37:56.697998,1789673876.698,843
g5_c925_cubo_m1_20260917_143727.mp4,2026-09-17T14:37:56.731101,1789673876.731,844
g5_c925_cubo_m1_20260917_143727.mp4,2026-09-17T14:37:56.768388,1789673876.768,845
g5_c925_cubo_m1_20260917_143727.mp4,2026-09-17T14:37:56.799265,1789673876.799,846
g5_c925_cubo_m1_20260917_143727.mp4,2026-09-17T14:37:56.829171,1789673876.829,847
g5_c925_cubo_m1_20260917_143727.mp4,2026-09-17T14:37:56.865376,1789673876.865,848
g5_c925_cubo_m1_20260917_143727.mp4,2026-09-17T14:37:56.898642,1789673876.899,849
g5_c925_cubo_m1_20260917_143727.mp4,2026-09-17T14:37:56.930093,1789673876.930,850
g5_c925_cubo_m1_20260917_143727.mp4,2026-09-17T14:37:56.967111,1789673876.967,851
g5_c925_cubo_m1_20260917_143727.mp4,2026-09-17T14:37:57.001455,1789673877.001,852
g5_c925_cubo_m1_20260917_143727.mp4,2026-09-17T14:37:57.029885,1789673877.030,853
g5_c925_cubo_m1_20260917_143727.mp4,2026-09-17T14:37:57.070682,1789673877.071,854
g5_c925_cubo_m1_20260917_143727.mp4,2026-09-17T14:37:57.099568,1789673877.100,855
g5_c925_cubo_m1_20260917_143727.mp4,2026-09-17T14:37:57.133202,1789673877.133,856
g5_c925_cubo_m1_20260917_143727.mp4,2026-09-17T14:37:57.168176,1789673877.168,857
g5_c925_cubo_m1_20260917_143727.mp4,2026-09-17T14:37:57.201564,1789673877.202,858
g5_c925_cubo_m1_20260917_143727.mp4,2026-09-17T14:37:57.230774,1789673877.231,859
g5_c925_cubo_m1_20260917_143727.mp4,2026-09-17T14:37:57.266032,1789673877.266,860
g5_c925_cubo_m1_20260917_143727.mp4,2026-09-17T14:37:57.299015,1789673877.299,861
g5_c925_cubo_m1_20260917_143727.mp4,2026-09-17T14:37:57.328662,1789673877.329,862
g5_c925_cubo_m1_20260917_143727.mp4,2026-09-17T14:37:57.365173,1789673877.365,863
g5_c925_cubo_m1_20260917_143727.mp4,2026-09-17T14:37:57.398982,1789673877.399,864
g5_c925_cubo_m1_20260917_143727.mp4,2026-09-17T14:37:57.431129,1789673877.431,865
g5_c925_cubo_m1_20260917_143727.mp4,2026-09-17T14:37:57.469580,1789673877.470,866
g5_c925_cubo_m1_20260917_143727.mp4,2026-09-17T14:37:57.500838,1789673877.501,867
g5_c925_cubo_m1_20260917_143727.mp4,2026-09-17T14:37:57.534158,1789673877.534,868
g5_c925_cubo_m1_20260917_143727.mp4,2026-09-17T14:37:57.568624,1789673877.569,869
g5_c925_cubo_m1_20260917_143727.mp4,2026-09-17T14:37:57.603400,1789673877.603,870
g5_c925_cubo_m1_20260917_143727.mp4,2026-09-17T14:37:57.632758,1789673877.633,871
g5_c925_cubo_m1_20260917_143727.mp4,2026-09-17T14:37:57.671277,1789673877.671,872
g5_c925_cubo_m1_20260917_143727.mp4,2026-09-17T14:37:57.700043,1789673877.700,873
g5_c925_cubo_m1_20260917_143727.mp4,2026-09-17T14:37:57.731648,1789673877.732,874
g5_c925_cubo_m1_20260917_143727.mp4,2026-09-17T14:37:57.767924,1789673877.768,875
g5_c925_cubo_m1_20260917_143727.mp4,2026-09-17T14:37:57.798762,1789673877.799,876
g5_c925_cubo_m1_20260917_143727.mp4,2026-09-17T14:37:57.830257,1789673877.830,877
g5_c925_cubo_m1_20260917_143727.mp4,2026-09-17T14:37:57.865663,1789673877.866,878
g5_c925_cubo_m1_20260917_143727.mp4,2026-09-17T14:37:57.898305,1789673877.898,879
g5_c925_cubo_m1_20260917_143727.mp4,2026-09-17T14:37:57.930428,1789673877.930,880
g5_c925_cubo_m1_20260917_143727.mp4,2026-09-17T14:37:57.966311,1789673877.966,881
g5_c925_cubo_m1_20260917_143727.mp4,2026-09-17T14:37:57.997607,1789673877.998,882
g5_c925_cubo_m1_20260917_143727.mp4,2026-09-17T14:37:58.028863,1789673878.029,883
g5_c925_cubo_m1_20260917_143727.mp4,2026-09-17T14:37:58.065345,1789673878.065,884
g5_c925_cubo_m1_20260917_143727.mp4,2026-09-17T14:37:58.103887,1789673878.104,885
g5_c925_cubo_m1_20260917_143727.mp4,2026-09-17T14:37:58.132388,1789673878.132,886
g5_c925_cubo_m1_20260917_143727.mp4,2026-09-17T14:37:58.172052,1789673878.172,887
g5_c925_cubo_m1_20260917_143727.mp4,2026-09-17T14:37:58.200110,1789673878.200,888
g5_c925_cubo_m1_20260917_143727.mp4,2026-09-17T14:37:58.232463,1789673878.232,889
g5_c925_cubo_m1_20260917_143727.mp4,2026-09-17T14:37:58.266487,1789673878.267,890
g5_c925_cubo_m1_20260917_143727.mp4,2026-09-17T14:37:58.297229,1789673878.297,891
g5_c925_cubo_m1_20260917_143727.mp4,2026-09-17T14:37:58.328750,1789673878.329,892
g5_c925_cubo_m1_20260917_143727.mp4,2026-09-17T14:37:58.365237,1789673878.365,893
g5_c925_cubo_m1_20260917_143727.mp4,2026-09-17T14:37:58.397522,1789673878.398,894
g5_c925_cubo_m1_20260917_143727.mp4,2026-09-17T14:37:58.429037,1789673878.429,895
g5_c925_cubo_m1_20260917_143727.mp4,2026-09-17T14:37:58.465967,1789673878.466,896
g5_c925_cubo_m1_20260917_143727.mp4,2026-09-17T14:37:58.500584,1789673878.501,897
g5_c925_cubo_m1_20260917_143727.mp4,2026-09-17T14:37:58.533661,1789673878.534,898
g5_c925_cubo_m1_20260917_143727.mp4,2026-09-17T14:37:58.571096,1789673878.571,899
g5_c925_cubo_m1_20260917_143727.mp4,2026-09-17T14:37:58.600897,1789673878.601,900
g5_c925_cubo_m1_20260917_143727.mp4,2026-09-17T14:37:58.631844,1789673878.632,901
g5_c925_cubo_m1_20260917_143727.mp4,2026-09-17T14:37:58.670517,1789673878.671,902
g5_c925_cubo_m1_20260917_143727.mp4,2026-09-17T14:37:58.698652,1789673878.699,903
g5_c925_cubo_m1_20260917_143727.mp4,2026-09-17T14:37:58.730951,1789673878.731,904
g5_c925_cubo_m1_20260917_143727.mp4,2026-09-17T14:37:58.766901,1789673878.767,905
g5_c925_cubo_m1_20260917_143727.mp4,2026-09-17T14:37:58.797413,1789673878.797,906
g5_c925_cubo_m1_20260917_143727.mp4,2026-09-17T14:37:58.828726,1789673878.829,907
g5_c925_cubo_m1_20260917_143727.mp4,2026-09-17T14:37:58.864605,1789673878.865,908
g5_c925_cubo_m1_20260917_143727.mp4,2026-09-17T14:37:58.897048,1789673878.897,909
g5_c925_cubo_m1_20260917_143727.mp4,2026-09-17T14:37:58.929109,1789673878.929,910
g5_c925_cubo_m1_20260917_143727.mp4,2026-09-17T14:37:58.966644,1789673878.967,911
g5_c925_cubo_m1_20260917_143727.mp4,2026-09-17T14:37:59.000321,1789673879.000,912
g5_c925_cubo_m1_20260917_143727.mp4,2026-09-17T14:37:59.032755,1789673879.033,913
g5_c925_cubo_m1_20260917_143727.mp4,2026-09-17T14:37:59.067037,1789673879.067,914
g5_c925_cubo_m1_20260917_143727.mp4,2026-09-17T14:37:59.100992,1789673879.101,915
g5_c925_cubo_m1_20260917_143727.mp4,2026-09-17T14:37:59.132919,1789673879.133,916
g5_c925_cubo_m1_20260917_143727.mp4,2026-09-17T14:37:59.171063,1789673879.171,917
g5_c925_cubo_m1_20260917_143727.mp4,2026-09-17T14:37:59.200335,1789673879.200,918
g5_c925_cubo_m1_20260917_143727.mp4,2026-09-17T14:37:59.230859,1789673879.231,919
g5_c925_cubo_m1_20260917_143727.mp4,2026-09-17T14:37:59.265304,1789673879.265,920
g5_c925_cubo_m1_20260917_143727.mp4,2026-09-17T14:37:59.297144,1789673879.297,921
g5_c925_cubo_m1_20260917_143727.mp4,2026-09-17T14:37:59.330224,1789673879.330,922
g5_c925_cubo_m1_20260917_143727.mp4,2026-09-17T14:37:59.369764,1789673879.370,923
g5_c925_cubo_m1_20260917_143727.mp4,2026-09-17T14:37:59.398017,1789673879.398,924
g5_c925_cubo_m1_20260917_143727.mp4,2026-09-17T14:37:59.434360,1789673879.434,925
g5_c925_cubo_m1_20260917_143727.mp4,2026-09-17T14:37:59.468587,1789673879.469,926
g5_c925_cubo_m1_20260917_143727.mp4,2026-09-17T14:37:59.501053,1789673879.501,927
g5_c925_cubo_m1_20260917_143727.mp4,2026-09-17T14:37:59.533718,1789673879.534,928
g5_c925_cubo_m1_20260917_143727.mp4,2026-09-17T14:37:59.571344,1789673879.571,929
g5_c925_cubo_m1_20260917_143727.mp4,2026-09-17T14:37:59.597535,1789673879.598,930
g5_c925_cubo_m1_20260917_143727.mp4,2026-09-17T14:37:59.631996,1789673879.632,931
g5_c925_cubo_m1_20260917_143727.mp4,2026-09-17T14:37:59.669187,1789673879.669,932
g5_c925_cubo_m1_20260917_143727.mp4,2026-09-17T14:37:59.697570,1789673879.698,933
g5_c925_cubo_m1_20260917_143727.mp4,2026-09-17T14:37:59.729173,1789673879.729,934
g5_c925_cubo_m1_20260917_143727.mp4,2026-09-17T14:37:59.765252,1789673879.765,935
g5_c925_cubo_m1_20260917_143727.mp4,2026-09-17T14:37:59.796846,1789673879.797,936
g5_c925_cubo_m1_20260917_143727.mp4,2026-09-17T14:37:59.829392,1789673879.829,937
g5_c925_cubo_m1_20260917_143727.mp4,2026-09-17T14:37:59.865524,1789673879.866,938
g5_c925_cubo_m1_20260917_143727.mp4,2026-09-17T14:37:59.898460,1789673879.898,939
g5_c925_cubo_m1_20260917_143727.mp4,2026-09-17T14:37:59.934119,1789673879.934,940
g5_c925_cubo_m1_20260917_143727.mp4,2026-09-17T14:37:59.968497,1789673879.969,941
g5_c925_cubo_m1_20260917_143727.mp4,2026-09-17T14:38:00.002401,1789673880.002,942
g5_c925_cubo_m1_20260917_143727.mp4,2026-09-17T14:38:00.029958,1789673880.030,943
g5_c925_cubo_m1_20260917_143727.mp4,2026-09-17T14:38:00.070541,1789673880.071,944
g5_c925_cubo_m1_20260917_143727.mp4,2026-09-17T14:38:00.100429,1789673880.100,945
g5_c925_cubo_m1_20260917_143727.mp4,2026-09-17T14:38:00.133167,1789673880.133,946
g5_c925_cubo_m1_20260917_143727.mp4,2026-09-17T14:38:00.169501,1789673880.170,947
g5_c925_cubo_m1_20260917_143727.mp4,2026-09-17T14:38:00.198464,1789673880.198,948
g5_c925_cubo_m1_20260917_143727.mp4,2026-09-17T14:38:00.229687,1789673880.230,949
g5_c925_cubo_m1_20260917_143727.mp4,2026-09-17T14:38:00.265102,1789673880.265,950
g5_c925_cubo_m1_20260917_143727.mp4,2026-09-17T14:38:00.297373,1789673880.297,951
g5_c925_cubo_m1_20260917_143727.mp4,2026-09-17T14:38:00.329944,1789673880.330,952
g5_c925_cubo_m1_20260917_143727.mp4,2026-09-17T14:38:00.365988,1789673880.366,953
g5_c925_cubo_m1_20260917_143727.mp4,2026-09-17T14:38:00.398583,1789673880.399,954
g5_c925_cubo_m1_20260917_143727.mp4,2026-09-17T14:38:00.434389,1789673880.434,955
g5_c925_cubo_m1_20260917_143727.mp4,2026-09-17T14:38:00.469855,1789673880.470,956
g5_c925_cubo_m1_20260917_143727.mp4,2026-09-17T14:38:00.502373,1789673880.502,957
g5_c925_cubo_m1_20260917_143727.mp4,2026-09-17T14:38:00.533127,1789673880.533,958
g5_c925_cubo_m1_20260917_143727.mp4,2026-09-17T14:38:00.570147,1789673880.570,959
g5_c925_cubo_m1_20260917_143727.mp4,2026-09-17T14:38:00.601419,1789673880.601,960
g5_c925_cubo_m1_20260917_143727.mp4,2026-09-17T14:38:00.630339,1789673880.630,961
g5_c925_cubo_m1_20260917_143727.mp4,2026-09-17T14:38:00.668459,1789673880.668,962
g5_c925_cubo_m1_20260917_143727.mp4,2026-09-17T14:38:00.700735,1789673880.701,963
g5_c925_cubo_m1_20260917_143727.mp4,2026-09-17T14:38:00.730493,1789673880.731,964
g5_c925_cubo_m1_20260917_143727.mp4,2026-09-17T14:38:00.765856,1789673880.766,965
g5_c925_cubo_m1_20260917_143727.mp4,2026-09-17T14:38:00.797585,1789673880.798,966
g5_c925_cubo_m1_20260917_143727.mp4,2026-09-17T14:38:00.830547,1789673880.831,967
g5_c925_cubo_m1_20260917_143727.mp4,2026-09-17T14:38:00.867190,1789673880.867,968
g5_c925_cubo_m1_20260917_143727.mp4,2026-09-17T14:38:00.897601,1789673880.898,969
g5_c925_cubo_m1_20260917_143727.mp4,2026-09-17T14:38:00.933028,1789673880.933,970
g5_c925_cubo_m1_20260917_143727.mp4,2026-09-17T14:38:00.970765,1789673880.971,971
g5_c925_cubo_m1_20260917_143727.mp4,2026-09-17T14:38:01.000341,1789673881.000,972
g5_c925_cubo_m1_20260917_143727.mp4,2026-09-17T14:38:01.031810,1789673881.032,973
g5_c925_cubo_m1_20260917_143727.mp4,2026-09-17T14:38:01.069572,1789673881.070,974
g5_c925_cubo_m1_20260917_143727.mp4,2026-09-17T14:38:01.099281,1789673881.099,975
g5_c925_cubo_m1_20260917_143727.mp4,2026-09-17T14:38:01.131499,1789673881.132,976
g5_c925_cubo_m1_20260917_143727.mp4,2026-09-17T14:38:01.168256,1789673881.168,977
g5_c925_cubo_m1_20260917_143727.mp4,2026-09-17T14:38:01.197231,1789673881.197,978
g5_c925_cubo_m1_20260917_143727.mp4,2026-09-17T14:38:01.228903,1789673881.229,979
g5_c925_cubo_m1_20260917_143727.mp4,2026-09-17T14:38:01.264688,1789673881.265,980
g5_c925_cubo_m1_20260917_143727.mp4,2026-09-17T14:38:01.297346,1789673881.297,981
g5_c925_cubo_m1_20260917_143727.mp4,2026-09-17T14:38:01.329478,1789673881.329,982
g5_c925_cubo_m1_20260917_143727.mp4,2026-09-17T14:38:01.367471,1789673881.367,983
g5_c925_cubo_m1_20260917_143727.mp4,2026-09-17T14:38:01.398309,1789673881.398,984
g5_c925_cubo_m1_20260917_143727.mp4,2026-09-17T14:38:01.434257,1789673881.434,985
g5_c925_cubo_m1_20260917_143727.mp4,2026-09-17T14:38:01.468582,1789673881.469,986
g5_c925_cubo_m1_20260917_143727.mp4,2026-09-17T14:38:01.500828,1789673881.501,987
g5_c925_cubo_m1_20260917_143727.mp4,2026-09-17T14:38:01.532106,1789673881.532,988
g5_c925_cubo_m1_20260917_143727.mp4,2026-09-17T14:38:01.574301,1789673881.574,989
g5_c925_cubo_m1_20260917_143727.mp4,2026-09-17T14:38:01.598311,1789673881.598,990
g5_c925_cubo_m1_20260917_143727.mp4,2026-09-17T14:38:01.631971,1789673881.632,991
g5_c925_cubo_m1_20260917_143727.mp4,2026-09-17T14:38:01.668263,1789673881.668,992
g5_c925_cubo_m1_20260917_143727.mp4,2026-09-17T14:38:01.698189,1789673881.698,993
g5_c925_cubo_m1_20260917_143727.mp4,2026-09-17T14:38:01.729278,1789673881.729,994
g5_c925_cubo_m1_20260917_143727.mp4,2026-09-17T14:38:01.765391,1789673881.765,995
g5_c925_cubo_m1_20260917_143727.mp4,2026-09-17T14:38:01.798093,1789673881.798,996
g5_c925_cubo_m1_20260917_143727.mp4,2026-09-17T14:38:01.831193,1789673881.831,997
g5_c925_cubo_m1_20260917_143727.mp4,2026-09-17T14:38:01.866685,1789673881.867,998
g5_c925_cubo_m1_20260917_143727.mp4,2026-09-17T14:38:01.902172,1789673881.902,999
g5_c925_cubo_m1_20260917_143727.mp4,2026-09-17T14:38:01.933238,1789673881.933,1000
g5_c925_cubo_m1_20260917_143727.mp4,2026-09-17T14:38:01.967230,1789673881.967,1001
g5_c925_cubo_m1_20260917_143727.mp4,2026-09-17T14:38:01.998358,1789673881.998,1002
g5_c925_cubo_m1_20260917_143727.mp4,2026-09-17T14:38:02.029863,1789673882.030,1003
g5_c925_cubo_m1_20260917_143727.mp4,2026-09-17T14:38:02.066260,1789673882.066,1004
g5_c925_cubo_m1_20260917_143727.mp4,2026-09-17T14:38:02.099403,1789673882.099,1005
g5_c925_cubo_m1_20260917_143727.mp4,2026-09-17T14:38:02.131175,1789673882.131,1006
g5_c925_cubo_m1_20260917_143727.mp4,2026-09-17T14:38:02.167749,1789673882.168,1007
g5_c925_cubo_m1_20260917_143727.mp4,2026-09-17T14:38:02.198570,1789673882.199,1008
g5_c925_cubo_m1_20260917_143727.mp4,2026-09-17T14:38:02.229221,1789673882.229,1009
g5_c925_cubo_m1_20260917_143727.mp4,2026-09-17T14:38:02.265111,1789673882.265,1010
g5_c925_cubo_m1_20260917_143727.mp4,2026-09-17T14:38:02.297132,1789673882.297,1011
g5_c925_cubo_m1_20260917_143727.mp4,2026-09-17T14:38:02.331750,1789673882.332,1012
g5_c925_cubo_m1_20260917_143727.mp4,2026-09-17T14:38:02.367514,1789673882.368,1013
g5_c925_cubo_m1_20260917_143727.mp4,2026-09-17T14:38:02.401384,1789673882.401,1014
g5_c925_cubo_m1_20260917_143727.mp4,2026-09-17T14:38:02.432627,1789673882.433,1015
g5_c925_cubo_m1_20260917_143727.mp4,2026-09-17T14:38:02.469872,1789673882.470,1016
g5_c925_cubo_m1_20260917_143727.mp4,2026-09-17T14:38:02.500722,1789673882.501,1017
g5_c925_cubo_m1_20260917_143727.mp4,2026-09-17T14:38:02.532370,1789673882.532,1018
g5_c925_cubo_m1_20260917_143727.mp4,2026-09-17T14:38:02.569437,1789673882.569,1019
g5_c925_cubo_m1_20260917_143727.mp4,2026-09-17T14:38:02.597525,1789673882.598,1020
g5_c925_cubo_m1_20260917_143727.mp4,2026-09-17T14:38:02.629154,1789673882.629,1021
g5_c925_cubo_m1_20260917_143727.mp4,2026-09-17T14:38:02.665965,1789673882.666,1022
g5_c925_cubo_m1_20260917_143727.mp4,2026-09-17T14:38:02.697627,1789673882.698,1023
g5_c925_cubo_m1_20260917_143727.mp4,2026-09-17T14:38:02.729705,1789673882.730,1024
g5_c925_cubo_m1_20260917_143727.mp4,2026-09-17T14:38:02.765254,1789673882.765,1025
g5_c925_cubo_m1_20260917_143727.mp4,2026-09-17T14:38:02.797467,1789673882.797,1026
g5_c925_cubo_m1_20260917_143727.mp4,2026-09-17T14:38:02.831532,1789673882.832,1027
g5_c925_cubo_m1_20260917_143727.mp4,2026-09-17T14:38:02.867432,1789673882.867,1028
g5_c925_cubo_m1_20260917_143727.mp4,2026-09-17T14:38:02.899947,1789673882.900,1029
g5_c925_cubo_m1_20260917_143727.mp4,2026-09-17T14:38:02.934363,1789673882.934,1030
g5_c925_cubo_m1_20260917_143727.mp4,2026-09-17T14:38:02.971177,1789673882.971,1031
g5_c925_cubo_m1_20260917_143727.mp4,2026-09-17T14:38:03.001333,1789673883.001,1032
g5_c925_cubo_m1_20260917_143727.mp4,2026-09-17T14:38:03.032215,1789673883.032,1033
g5_c925_cubo_m1_20260917_143727.mp4,2026-09-17T14:38:03.067867,1789673883.068,1034
g5_c925_cubo_m1_20260917_143727.mp4,2026-09-17T14:38:03.100800,1789673883.101,1035
g5_c925_cubo_m1_20260917_143727.mp4,2026-09-17T14:38:03.129398,1789673883.129,1036
g5_c925_cubo_m1_20260917_143727.mp4,2026-09-17T14:38:03.164945,1789673883.165,1037
g5_c925_cubo_m1_20260917_143727.mp4,2026-09-17T14:38:03.198308,1789673883.198,1038
g5_c925_cubo_m1_20260917_143727.mp4,2026-09-17T14:38:03.229466,1789673883.229,1039
g5_c925_cubo_m1_20260917_143727.mp4,2026-09-17T14:38:03.265551,1789673883.266,1040
g5_c925_cubo_m1_20260917_143727.mp4,2026-09-17T14:38:03.302413,1789673883.302,1041
g5_c925_cubo_m1_20260917_143727.mp4,2026-09-17T14:38:03.331634,1789673883.332,1042
g5_c925_cubo_m1_20260917_143727.mp4,2026-09-17T14:38:03.366256,1789673883.366,1043
g5_c925_cubo_m1_20260917_143727.mp4,2026-09-17T14:38:03.402864,1789673883.403,1044
g5_c925_cubo_m1_20260917_143727.mp4,2026-09-17T14:38:03.430961,1789673883.431,1045
g5_c925_cubo_m1_20260917_143727.mp4,2026-09-17T14:38:03.469019,1789673883.469,1046
g5_c925_cubo_m1_20260917_143727.mp4,2026-09-17T14:38:03.500571,1789673883.501,1047
g5_c925_cubo_m1_20260917_143727.mp4,2026-09-17T14:38:03.532263,1789673883.532,1048
g5_c925_cubo_m1_20260917_143727.mp4,2026-09-17T14:38:03.567039,1789673883.567,1049
g5_c925_cubo_m1_20260917_143727.mp4,2026-09-17T14:38:03.599349,1789673883.599,1050
g5_c925_cubo_m1_20260917_143727.mp4,2026-09-17T14:38:03.630504,1789673883.631,1051
g5_c925_cubo_m1_20260917_143727.mp4,2026-09-17T14:38:03.665006,1789673883.665,1052
g5_c925_cubo_m1_20260917_143727.mp4,2026-09-17T14:38:03.697778,1789673883.698,1053
g5_c925_cubo_m1_20260917_143727.mp4,2026-09-17T14:38:03.729712,1789673883.730,1054
g5_c925_cubo_m1_20260917_143727.mp4,2026-09-17T14:38:03.766178,1789673883.766,1055
g5_c925_cubo_m1_20260917_143727.mp4,2026-09-17T14:38:03.797886,1789673883.798,1056
g5_c925_cubo_m1_20260917_143727.mp4,2026-09-17T14:38:03.832166,1789673883.832,1057
g5_c925_cubo_m1_20260917_143727.mp4,2026-09-17T14:38:03.870398,1789673883.870,1058
g5_c925_cubo_m1_20260917_143727.mp4,2026-09-17T14:38:03.900253,1789673883.900,1059
g5_c925_cubo_m1_20260917_143727.mp4,2026-09-17T14:38:03.933657,1789673883.934,1060
g5_c925_cubo_m1_20260917_143727.mp4,2026-09-17T14:38:03.971306,1789673883.971,1061
g5_c925_cubo_m1_20260917_143727.mp4,2026-09-17T14:38:03.998106,1789673883.998,1062
g5_c925_cubo_m1_20260917_143727.mp4,2026-09-17T14:38:04.029490,1789673884.030,1063
g5_c925_cubo_m1_20260917_143727.mp4,2026-09-17T14:38:04.065948,1789673884.066,1064
g5_c925_cubo_m1_20260917_143727.mp4,2026-09-17T14:38:04.097333,1789673884.097,1065
g5_c925_cubo_m1_20260917_143727.mp4,2026-09-17T14:38:04.129510,1789673884.130,1066
g5_c925_cubo_m1_20260917_143727.mp4,2026-09-17T14:38:04.164994,1789673884.165,1067
g5_c925_cubo_m1_20260917_143727.mp4,2026-09-17T14:38:04.196933,1789673884.197,1068
g5_c925_cubo_m1_20260917_143727.mp4,2026-09-17T14:38:04.229739,1789673884.230,1069
g5_c925_cubo_m1_20260917_143727.mp4,2026-09-17T14:38:04.265986,1789673884.266,1070
g5_c925_cubo_m1_20260917_143727.mp4,2026-09-17T14:38:04.298506,1789673884.299,1071
g5_c925_cubo_m1_20260917_143727.mp4,2026-09-17T14:38:04.333163,1789673884.333,1072
g5_c925_cubo_m1_20260917_143727.mp4,2026-09-17T14:38:04.369220,1789673884.369,1073
g5_c925_cubo_m1_20260917_143727.mp4,2026-09-17T14:38:04.399973,1789673884.400,1074
g5_c925_cubo_m1_20260917_143727.mp4,2026-09-17T14:38:04.432423,1789673884.432,1075
g5_c925_cubo_m1_20260917_143727.mp4,2026-09-17T14:38:04.468056,1789673884.468,1076
g5_c925_cubo_m1_20260917_143727.mp4,2026-09-17T14:38:04.500407,1789673884.500,1077
g5_c925_cubo_m1_20260917_143727.mp4,2026-09-17T14:38:04.536112,1789673884.536,1078
g5_c925_cubo_m1_20260917_143727.mp4,2026-09-17T14:38:04.565163,1789673884.565,1079
g5_c925_cubo_m1_20260917_143727.mp4,2026-09-17T14:38:04.598005,1789673884.598,1080
g5_c925_cubo_m1_20260917_143727.mp4,2026-09-17T14:38:04.629373,1789673884.629,1081
g5_c925_cubo_m1_20260917_143727.mp4,2026-09-17T14:38:04.664827,1789673884.665,1082
g5_c925_cubo_m1_20260917_143727.mp4,2026-09-17T14:38:04.698538,1789673884.699,1083
g5_c925_cubo_m1_20260917_143727.mp4,2026-09-17T14:38:04.732690,1789673884.733,1084
g5_c925_cubo_m1_20260917_143727.mp4,2026-09-17T14:38:04.768607,1789673884.769,1085
g5_c925_cubo_m1_20260917_143727.mp4,2026-09-17T14:38:04.802296,1789673884.802,1086
g5_c925_cubo_m1_20260917_143727.mp4,2026-09-17T14:38:04.832825,1789673884.833,1087
g5_c925_cubo_m1_20260917_143727.mp4,2026-09-17T14:38:04.870732,1789673884.871,1088
g5_c925_cubo_m1_20260917_143727.mp4,2026-09-17T14:38:04.901111,1789673884.901,1089
g5_c925_cubo_m1_20260917_143727.mp4,2026-09-17T14:38:04.933529,1789673884.934,1090
g5_c925_cubo_m1_20260917_143727.mp4,2026-09-17T14:38:04.972070,1789673884.972,1091
g5_c925_cubo_m1_20260917_143727.mp4,2026-09-17T14:38:04.998823,1789673884.999,1092
g5_c925_cubo_m1_20260917_143727.mp4,2026-09-17T14:38:05.030374,1789673885.030,1093
g5_c925_cubo_m1_20260917_143727.mp4,2026-09-17T14:38:05.065365,1789673885.065,1094
g5_c925_cubo_m1_20260917_143727.mp4,2026-09-17T14:38:05.098367,1789673885.098,1095
g5_c925_cubo_m1_20260917_143727.mp4,2026-09-17T14:38:05.131051,1789673885.131,1096
g5_c925_cubo_m1_20260917_143727.mp4,2026-09-17T14:38:05.165218,1789673885.165,1097
g5_c925_cubo_m1_20260917_143727.mp4,2026-09-17T14:38:05.200211,1789673885.200,1098
g5_c925_cubo_m1_20260917_143727.mp4,2026-09-17T14:38:05.231573,1789673885.232,1099
g5_c925_cubo_m1_20260917_143727.mp4,2026-09-17T14:38:05.270285,1789673885.270,1100
g5_c925_cubo_m1_20260917_143727.mp4,2026-09-17T14:38:05.301070,1789673885.301,1101
g5_c925_cubo_m1_20260917_143727.mp4,2026-09-17T14:38:05.331723,1789673885.332,1102
g5_c925_cubo_m1_20260917_143727.mp4,2026-09-17T14:38:05.370723,1789673885.371,1103
g5_c925_cubo_m1_20260917_143727.mp4,2026-09-17T14:38:05.400372,1789673885.400,1104
g5_c925_cubo_m1_20260917_143727.mp4,2026-09-17T14:38:05.432095,1789673885.432,1105
g5_c925_cubo_m1_20260917_143727.mp4,2026-09-17T14:38:05.470187,1789673885.470,1106
g5_c925_cubo_m1_20260917_143727.mp4,2026-09-17T14:38:05.499960,1789673885.500,1107
g5_c925_cubo_m1_20260917_143727.mp4,2026-09-17T14:38:05.531694,1789673885.532,1108
g5_c925_cubo_m1_20260917_143727.mp4,2026-09-17T14:38:05.568422,1789673885.568,1109
g5_c925_cubo_m1_20260917_143727.mp4,2026-09-17T14:38:05.598863,1789673885.599,1110
g5_c925_cubo_m1_20260917_143727.mp4,2026-09-17T14:38:05.630202,1789673885.630,1111
g5_c925_cubo_m1_20260917_143727.mp4,2026-09-17T14:38:05.665227,1789673885.665,1112
g5_c925_cubo_m1_20260917_143727.mp4,2026-09-17T14:38:05.699485,1789673885.699,1113
g5_c925_cubo_m1_20260917_143727.mp4,2026-09-17T14:38:05.731393,1789673885.731,1114
g5_c925_cubo_m1_20260917_143727.mp4,2026-09-17T14:38:05.768969,1789673885.769,1115
g5_c925_cubo_m1_20260917_143727.mp4,2026-09-17T14:38:05.801705,1789673885.802,1116
g5_c925_cubo_m1_20260917_143727.mp4,2026-09-17T14:38:05.831478,1789673885.831,1117
g5_c925_cubo_m1_20260917_143727.mp4,2026-09-17T14:38:05.869813,1789673885.870,1118
g5_c925_cubo_m1_20260917_143727.mp4,2026-09-17T14:38:05.900454,1789673885.900,1119
g5_c925_cubo_m1_20260917_143727.mp4,2026-09-17T14:38:05.931933,1789673885.932,1120
g5_c925_cubo_m1_20260917_143727.mp4,2026-09-17T14:38:05.973788,1789673885.974,1121
g5_c925_cubo_m1_20260917_143727.mp4,2026-09-17T14:38:05.998562,1789673885.999,1122
g5_c925_cubo_m1_20260917_143727.mp4,2026-09-17T14:38:06.030158,1789673886.030,1123
g5_c925_cubo_m1_20260917_143727.mp4,2026-09-17T14:38:06.064885,1789673886.065,1124
g5_c925_cubo_m1_20260917_143727.mp4,2026-09-17T14:38:06.098592,1789673886.099,1125
g5_c925_cubo_m1_20260917_143727.mp4,2026-09-17T14:38:06.129721,1789673886.130,1126
g5_c925_cubo_m1_20260917_143727.mp4,2026-09-17T14:38:06.165204,1789673886.165,1127
g5_c925_cubo_m1_20260917_143727.mp4,2026-09-17T14:38:06.197817,1789673886.198,1128
g5_c925_cubo_m1_20260917_143727.mp4,2026-09-17T14:38:06.230322,1789673886.230,1129
g5_c925_cubo_m1_20260917_143727.mp4,2026-09-17T14:38:06.265375,1789673886.265,1130
g5_c925_cubo_m1_20260917_143727.mp4,2026-09-17T14:38:06.301128,1789673886.301,1131
g5_c925_cubo_m1_20260917_143727.mp4,2026-09-17T14:38:06.336173,1789673886.336,1132
g5_c925_cubo_m1_20260917_143727.mp4,2026-09-17T14:38:06.369248,1789673886.369,1133
g5_c925_cubo_m1_20260917_143727.mp4,2026-09-17T14:38:06.403607,1789673886.404,1134
g5_c925_cubo_m1_20260917_143727.mp4,2026-09-17T14:38:06.430730,1789673886.431,1135
g5_c925_cubo_m1_20260917_143727.mp4,2026-09-17T14:38:06.469905,1789673886.470,1136
g5_c925_cubo_m1_20260917_143727.mp4,2026-09-17T14:38:06.500259,1789673886.500,1137
g5_c925_cubo_m1_20260917_143727.mp4,2026-09-17T14:38:06.531409,1789673886.531,1138
g5_c925_cubo_m1_20260917_143727.mp4,2026-09-17T14:38:06.565309,1789673886.565,1139
g5_c925_cubo_m1_20260917_143727.mp4,2026-09-17T14:38:06.597048,1789673886.597,1140
g5_c925_cubo_m1_20260917_143727.mp4,2026-09-17T14:38:06.629301,1789673886.629,1141
g5_c925_cubo_m1_20260917_143727.mp4,2026-09-17T14:38:06.666035,1789673886.666,1142
g5_c925_cubo_m1_20260917_143727.mp4,2026-09-17T14:38:06.699623,1789673886.700,1143
g5_c925_cubo_m1_20260917_143727.mp4,2026-09-17T14:38:06.731592,1789673886.732,1144
g5_c925_cubo_m1_20260917_143727.mp4,2026-09-17T14:38:06.767371,1789673886.767,1145
g5_c925_cubo_m1_20260917_143727.mp4,2026-09-17T14:38:06.799001,1789673886.799,1146
g5_c925_cubo_m1_20260917_143727.mp4,2026-09-17T14:38:06.829564,1789673886.830,1147
g5_c925_cubo_m1_20260917_143727.mp4,2026-09-17T14:38:06.872785,1789673886.873,1148
g5_c925_cubo_m1_20260917_143727.mp4,2026-09-17T14:38:06.899975,1789673886.900,1149
g5_c925_cubo_m1_20260917_143727.mp4,2026-09-17T14:38:06.933381,1789673886.933,1150
g5_c925_cubo_m1_20260917_143727.mp4,2026-09-17T14:38:06.970790,1789673886.971,1151
g5_c925_cubo_m1_20260917_143727.mp4,2026-09-17T14:38:06.999238,1789673886.999,1152
g5_c925_cubo_m1_20260917_143727.mp4,2026-09-17T14:38:07.029515,1789673887.030,1153
g5_c925_cubo_m1_20260917_143727.mp4,2026-09-17T14:38:07.065063,1789673887.065,1154
g5_c925_cubo_m1_20260917_143727.mp4,2026-09-17T14:38:07.097172,1789673887.097,1155
g5_c925_cubo_m1_20260917_143727.mp4,2026-09-17T14:38:07.129666,1789673887.130,1156
g5_c925_cubo_m1_20260917_143727.mp4,2026-09-17T14:38:07.166090,1789673887.166,1157
g5_c925_cubo_m1_20260917_143727.mp4,2026-09-17T14:38:07.197956,1789673887.198,1158
g5_c925_cubo_m1_20260917_143727.mp4,2026-09-17T14:38:07.234000,1789673887.234,1159
g5_c925_cubo_m1_20260917_143727.mp4,2026-09-17T14:38:07.269787,1789673887.270,1160
g5_c925_cubo_m1_20260917_143727.mp4,2026-09-17T14:38:07.301504,1789673887.302,1161
g5_c925_cubo_m1_20260917_143727.mp4,2026-09-17T14:38:07.334760,1789673887.335,1162
g5_c925_cubo_m1_20260917_143727.mp4,2026-09-17T14:38:07.370316,1789673887.370,1163
g5_c925_cubo_m1_20260917_143727.mp4,2026-09-17T14:38:07.399123,1789673887.399,1164
g5_c925_cubo_m1_20260917_143727.mp4,2026-09-17T14:38:07.430008,1789673887.430,1165
g5_c925_cubo_m1_20260917_143727.mp4,2026-09-17T14:38:07.466151,1789673887.466,1166
g5_c925_cubo_m1_20260917_143727.mp4,2026-09-17T14:38:07.503158,1789673887.503,1167
g5_c925_cubo_m1_20260917_143727.mp4,2026-09-17T14:38:07.528578,1789673887.529,1168
g5_c925_cubo_m1_20260917_143727.mp4,2026-09-17T14:38:07.564811,1789673887.565,1169
g5_c925_cubo_m1_20260917_143727.mp4,2026-09-17T14:38:07.600141,1789673887.600,1170
g5_c925_cubo_m1_20260917_143727.mp4,2026-09-17T14:38:07.633716,1789673887.634,1171
g5_c925_cubo_m1_20260917_143727.mp4,2026-09-17T14:38:07.666314,1789673887.666,1172
g5_c925_cubo_m1_20260917_143727.mp4,2026-09-17T14:38:07.699480,1789673887.699,1173
g5_c925_cubo_m1_20260917_143727.mp4,2026-09-17T14:38:07.733905,1789673887.734,1174
g5_c925_cubo_m1_20260917_143727.mp4,2026-09-17T14:38:07.768453,1789673887.768,1175
g5_c925_cubo_m1_20260917_143727.mp4,2026-09-17T14:38:07.803414,1789673887.803,1176
g5_c925_cubo_m1_20260917_143727.mp4,2026-09-17T14:38:07.831637,1789673887.832,1177
g5_c925_cubo_m1_20260917_143727.mp4,2026-09-17T14:38:07.871078,1789673887.871,1178
g5_c925_cubo_m1_20260917_143727.mp4,2026-09-17T14:38:07.898770,1789673887.899,1179
g5_c925_cubo_m1_20260917_143727.mp4,2026-09-17T14:38:07.931282,1789673887.931,1180
g5_c925_cubo_m1_20260917_143727.mp4,2026-09-17T14:38:07.966049,1789673887.966,1181
g5_c925_cubo_m1_20260917_143727.mp4,2026-09-17T14:38:07.997696,1789673887.998,1182
g5_c925_cubo_m1_20260917_143727.mp4,2026-09-17T14:38:08.030202,1789673888.030,1183
g5_c925_cubo_m1_20260917_143727.mp4,2026-09-17T14:38:08.065121,1789673888.065,1184
g5_c925_cubo_m1_20260917_143727.mp4,2026-09-17T14:38:08.098003,1789673888.098,1185
g5_c925_cubo_m1_20260917_143727.mp4,2026-09-17T14:38:08.129406,1789673888.129,1186
g5_c925_cubo_m1_20260917_143727.mp4,2026-09-17T14:38:08.165097,1789673888.165,1187
g5_c925_cubo_m1_20260917_143727.mp4,2026-09-17T14:38:08.198321,1789673888.198,1188
g5_c925_cubo_m1_20260917_143727.mp4,2026-09-17T14:38:08.235087,1789673888.235,1189
g5_c925_cubo_m1_20260917_143727.mp4,2026-09-17T14:38:08.267514,1789673888.268,1190
g5_c925_cubo_m1_20260917_143727.mp4,2026-09-17T14:38:08.302002,1789673888.302,1191
g5_c925_cubo_m1_20260917_143727.mp4,2026-09-17T14:38:08.332263,1789673888.332,1192
g5_c925_cubo_m1_20260917_143727.mp4,2026-09-17T14:38:08.370940,1789673888.371,1193
g5_c925_cubo_m1_20260917_143727.mp4,2026-09-17T14:38:08.400084,1789673888.400,1194
g5_c925_cubo_m1_20260917_143727.mp4,2026-09-17T14:38:08.431682,1789673888.432,1195
g5_c925_cubo_m1_20260917_143727.mp4,2026-09-17T14:38:08.466646,1789673888.467,1196
g5_c925_cubo_m1_20260917_143727.mp4,2026-09-17T14:38:08.497998,1789673888.498,1197
g5_c925_cubo_m1_20260917_143727.mp4,2026-09-17T14:38:08.531440,1789673888.531,1198
g5_c925_cubo_m1_20260917_143727.mp4,2026-09-17T14:38:08.565258,1789673888.565,1199
g5_c925_cubo_m1_20260917_143727.mp4,2026-09-17T14:38:08.598476,1789673888.598,1200
g5_c925_cubo_m1_20260917_143727.mp4,2026-09-17T14:38:08.632645,1789673888.633,1201
g5_c925_cubo_m1_20260917_143727.mp4,2026-09-17T14:38:08.667713,1789673888.668,1202
g5_c925_cubo_m1_20260917_143727.mp4,2026-09-17T14:38:08.701181,1789673888.701,1203
g5_c925_cubo_m1_20260917_143727.mp4,2026-09-17T14:38:08.731595,1789673888.732,1204
g5_c925_cubo_m1_20260917_143727.mp4,2026-09-17T14:38:08.769387,1789673888.769,1205
g5_c925_cubo_m1_20260917_143727.mp4,2026-09-17T14:38:08.799918,1789673888.800,1206
g5_c925_cubo_m1_20260917_143727.mp4,2026-09-17T14:38:08.831696,1789673888.832,1207
g5_c925_cubo_m1_20260917_143727.mp4,2026-09-17T14:38:08.869148,1789673888.869,1208
g5_c925_cubo_m1_20260917_143727.mp4,2026-09-17T14:38:08.900055,1789673888.900,1209
g5_c925_cubo_m1_20260917_143727.mp4,2026-09-17T14:38:08.929215,1789673888.929,1210
g5_c925_cubo_m1_20260917_143727.mp4,2026-09-17T14:38:08.964961,1789673888.965,1211
g5_c925_cubo_m1_20260917_143727.mp4,2026-09-17T14:38:08.999192,1789673888.999,1212
g5_c925_cubo_m1_20260917_143727.mp4,2026-09-17T14:38:09.028760,1789673889.029,1213
g5_c925_cubo_m1_20260917_143727.mp4,2026-09-17T14:38:09.064849,1789673889.065,1214
g5_c925_cubo_m1_20260917_143727.mp4,2026-09-17T14:38:09.099117,1789673889.099,1215
g5_c925_cubo_m1_20260917_143727.mp4,2026-09-17T14:38:09.129501,1789673889.130,1216
g5_c925_cubo_m1_20260917_143727.mp4,2026-09-17T14:38:09.167828,1789673889.168,1217
g5_c925_cubo_m1_20260917_143727.mp4,2026-09-17T14:38:09.198191,1789673889.198,1218
g5_c925_cubo_m1_20260917_143727.mp4,2026-09-17T14:38:09.234966,1789673889.235,1219
g5_c925_cubo_m1_20260917_143727.mp4,2026-09-17T14:38:09.268624,1789673889.269,1220
g5_c925_cubo_m1_20260917_143727.mp4,2026-09-17T14:38:09.300209,1789673889.300,1221
g5_c925_cubo_m1_20260917_143727.mp4,2026-09-17T14:38:09.332090,1789673889.332,1222
g5_c925_cubo_m1_20260917_143727.mp4,2026-09-17T14:38:09.370853,1789673889.371,1223
g5_c925_cubo_m1_20260917_143727.mp4,2026-09-17T14:38:09.399264,1789673889.399,1224
g5_c925_cubo_m1_20260917_143727.mp4,2026-09-17T14:38:09.431888,1789673889.432,1225
g5_c925_cubo_m1_20260917_143727.mp4,2026-09-17T14:38:09.466988,1789673889.467,1226
g5_c925_cubo_m1_20260917_143727.mp4,2026-09-17T14:38:09.498137,1789673889.498,1227
g5_c925_cubo_m1_20260917_143727.mp4,2026-09-17T14:38:09.531376,1789673889.531,1228
g5_c925_cubo_m1_20260917_143727.mp4,2026-09-17T14:38:09.564723,1789673889.565,1229
g5_c925_cubo_m1_20260917_143727.mp4,2026-09-17T14:38:09.597682,1789673889.598,1230
g5_c925_cubo_m1_20260917_143727.mp4,2026-09-17T14:38:09.631929,1789673889.632,1231
g5_c925_cubo_m1_20260917_143727.mp4,2026-09-17T14:38:09.668476,1789673889.668,1232
g5_c925_cubo_m1_20260917_143727.mp4,2026-09-17T14:38:09.698908,1789673889.699,1233
g5_c925_cubo_m1_20260917_143727.mp4,2026-09-17T14:38:09.732592,1789673889.733,1234
g5_c925_cubo_m1_20260917_143727.mp4,2026-09-17T14:38:09.766003,1789673889.766,1235
g5_c925_cubo_m1_20260917_143727.mp4,2026-09-17T14:38:09.801071,1789673889.801,1236
g5_c925_cubo_m1_20260917_143727.mp4,2026-09-17T14:38:09.830444,1789673889.830,1237
g5_c925_cubo_m1_20260917_143727.mp4,2026-09-17T14:38:09.868679,1789673889.869,1238
g5_c925_cubo_m1_20260917_143727.mp4,2026-09-17T14:38:09.904014,1789673889.904,1239
g5_c925_cubo_m1_20260917_143727.mp4,2026-09-17T14:38:09.929482,1789673889.929,1240
g5_c925_cubo_m1_20260917_143727.mp4,2026-09-17T14:38:09.967062,1789673889.967,1241
g5_c925_cubo_m1_20260917_143727.mp4,2026-09-17T14:38:09.996645,1789673889.997,1242
g5_c925_cubo_m1_20260917_143727.mp4,2026-09-17T14:38:10.030321,1789673890.030,1243
g5_c925_cubo_m1_20260917_143727.mp4,2026-09-17T14:38:10.066568,1789673890.067,1244
g5_c925_cubo_m1_20260917_143727.mp4,2026-09-17T14:38:10.099118,1789673890.099,1245
g5_c925_cubo_m1_20260917_143727.mp4,2026-09-17T14:38:10.131149,1789673890.131,1246
g5_c925_cubo_m1_20260917_143727.mp4,2026-09-17T14:38:10.171542,1789673890.172,1247
g5_c925_cubo_m1_20260917_143727.mp4,2026-09-17T14:38:10.199453,1789673890.199,1248
g5_c925_cubo_m1_20260917_143727.mp4,2026-09-17T14:38:10.232137,1789673890.232,1249
g5_c925_cubo_m1_20260917_143727.mp4,2026-09-17T14:38:10.266521,1789673890.267,1250
g5_c925_cubo_m1_20260917_143727.mp4,2026-09-17T14:38:10.300697,1789673890.301,1251
g5_c925_cubo_m1_20260917_143727.mp4,2026-09-17T14:38:10.331819,1789673890.332,1252
g5_c925_cubo_m1_20260917_143727.mp4,2026-09-17T14:38:10.366770,1789673890.367,1253
g5_c925_cubo_m1_20260917_143727.mp4,2026-09-17T14:38:10.399284,1789673890.399,1254
g5_c925_cubo_m1_20260917_143727.mp4,2026-09-17T14:38:10.429863,1789673890.430,1255
g5_c925_cubo_m1_20260917_143727.mp4,2026-09-17T14:38:10.465226,1789673890.465,1256
g5_c925_cubo_m1_20260917_143727.mp4,2026-09-17T14:38:10.498172,1789673890.498,1257
g5_c925_cubo_m1_20260917_143727.mp4,2026-09-17T14:38:10.531107,1789673890.531,1258
g5_c925_cubo_m1_20260917_143727.mp4,2026-09-17T14:38:10.570581,1789673890.571,1259
g5_c925_cubo_m1_20260917_143727.mp4,2026-09-17T14:38:10.597864,1789673890.598,1260
g5_c925_cubo_m1_20260917_143727.mp4,2026-09-17T14:38:10.632933,1789673890.633,1261
g5_c925_cubo_m1_20260917_143727.mp4,2026-09-17T14:38:10.670345,1789673890.670,1262
g5_c925_cubo_m1_20260917_143727.mp4,2026-09-17T14:38:10.700331,1789673890.700,1263
g5_c925_cubo_m1_20260917_143727.mp4,2026-09-17T14:38:10.732544,1789673890.733,1264
g5_c925_cubo_m1_20260917_143727.mp4,2026-09-17T14:38:10.768745,1789673890.769,1265
g5_c925_cubo_m1_20260917_143727.mp4,2026-09-17T14:38:10.799663,1789673890.800,1266
g5_c925_cubo_m1_20260917_143727.mp4,2026-09-17T14:38:10.829263,1789673890.829,1267
g5_c925_cubo_m1_20260917_143727.mp4,2026-09-17T14:38:10.868108,1789673890.868,1268
g5_c925_cubo_m1_20260917_143727.mp4,2026-09-17T14:38:10.899108,1789673890.899,1269
g5_c925_cubo_m1_20260917_143727.mp4,2026-09-17T14:38:10.929343,1789673890.929,1270
g5_c925_cubo_m1_20260917_143727.mp4,2026-09-17T14:38:10.965067,1789673890.965,1271
g5_c925_cubo_m1_20260917_143727.mp4,2026-09-17T14:38:10.998837,1789673890.999,1272
g5_c925_cubo_m1_20260917_143727.mp4,2026-09-17T14:38:11.031583,1789673891.032,1273
g5_c925_cubo_m1_20260917_143727.mp4,2026-09-17T14:38:11.065077,1789673891.065,1274
g5_c925_cubo_m1_20260917_143727.mp4,2026-09-17T14:38:11.098813,1789673891.099,1275
g5_c925_cubo_m1_20260917_143727.mp4,2026-09-17T14:38:11.132753,1789673891.133,1276
g5_c925_cubo_m1_20260917_143727.mp4,2026-09-17T14:38:11.167800,1789673891.168,1277
g5_c925_cubo_m1_20260917_143727.mp4,2026-09-17T14:38:11.208095,1789673891.208,1278
g5_c925_cubo_m1_20260917_143727.mp4,2026-09-17T14:38:11.232760,1789673891.233,1279
g5_c925_cubo_m1_20260917_143727.mp4,2026-09-17T14:38:11.268244,1789673891.268,1280
g5_c925_cubo_m1_20260917_143727.mp4,2026-09-17T14:38:11.298505,1789673891.299,1281
g5_c925_cubo_m1_20260917_143727.mp4,2026-09-17T14:38:11.329401,1789673891.329,1282
g5_c925_cubo_m1_20260917_143727.mp4,2026-09-17T14:38:11.366059,1789673891.366,1283
g5_c925_cubo_m1_20260917_143727.mp4,2026-09-17T14:38:11.397461,1789673891.397,1284
g5_c925_cubo_m1_20260917_143727.mp4,2026-09-17T14:38:11.429473,1789673891.429,1285
g5_c925_cubo_m1_20260917_143727.mp4,2026-09-17T14:38:11.464853,1789673891.465,1286
g5_c925_cubo_m1_20260917_143727.mp4,2026-09-17T14:38:11.496930,1789673891.497,1287
g5_c925_cubo_m1_20260917_143727.mp4,2026-09-17T14:38:11.529352,1789673891.529,1288
g5_c925_cubo_m1_20260917_143727.mp4,2026-09-17T14:38:11.568317,1789673891.568,1289
g5_c925_cubo_m1_20260917_143727.mp4,2026-09-17T14:38:11.599137,1789673891.599,1290
g5_c925_cubo_m1_20260917_143727.mp4,2026-09-17T14:38:11.629878,1789673891.630,1291
g5_c925_cubo_m1_20260917_143727.mp4,2026-09-17T14:38:11.672896,1789673891.673,1292
g5_c925_cubo_m1_20260917_143727.mp4,2026-09-17T14:38:11.698723,1789673891.699,1293
g5_c925_cubo_m1_20260917_143727.mp4,2026-09-17T14:38:11.732147,1789673891.732,1294
g5_c925_cubo_m1_20260917_143727.mp4,2026-09-17T14:38:11.770673,1789673891.771,1295
g5_c925_cubo_m1_20260917_143727.mp4,2026-09-17T14:38:11.797746,1789673891.798,1296
g5_c925_cubo_m1_20260917_143727.mp4,2026-09-17T14:38:11.830165,1789673891.830,1297
g5_c925_cubo_m1_20260917_143727.mp4,2026-09-17T14:38:11.864925,1789673891.865,1298
g5_c925_cubo_m1_20260917_143727.mp4,2026-09-17T14:38:11.897395,1789673891.897,1299
g5_c925_cubo_m1_20260917_143727.mp4,2026-09-17T14:38:11.929058,1789673891.929,1300
g5_c925_cubo_m1_20260917_143727.mp4,2026-09-17T14:38:11.964916,1789673891.965,1301
g5_c925_cubo_m1_20260917_143727.mp4,2026-09-17T14:38:11.999027,1789673891.999,1302
g5_c925_cubo_m1_20260917_143727.mp4,2026-09-17T14:38:12.032531,1789673892.033,1303
g5_c925_cubo_m1_20260917_143727.mp4,2026-09-17T14:38:12.065372,1789673892.065,1304
g5_c925_cubo_m1_20260917_143727.mp4,2026-09-17T14:38:12.100695,1789673892.101,1305
g5_c925_cubo_m1_20260917_143727.mp4,2026-09-17T14:38:12.131038,1789673892.131,1306
g5_c925_cubo_m1_20260917_143727.mp4,2026-09-17T14:38:12.166143,1789673892.166,1307
g5_c925_cubo_m1_20260917_143727.mp4,2026-09-17T14:38:12.198714,1789673892.199,1308
g5_c925_cubo_m1_20260917_143727.mp4,2026-09-17T14:38:12.231436,1789673892.231,1309
g5_c925_cubo_m1_20260917_143727.mp4,2026-09-17T14:38:12.268997,1789673892.269,1310
g5_c925_cubo_m1_20260917_143727.mp4,2026-09-17T14:38:12.300680,1789673892.301,1311
g5_c925_cubo_m1_20260917_143727.mp4,2026-09-17T14:38:12.331656,1789673892.332,1312
g5_c925_cubo_m1_20260917_143727.mp4,2026-09-17T14:38:12.367804,1789673892.368,1313
g5_c925_cubo_m1_20260917_143727.mp4,2026-09-17T14:38:12.396704,1789673892.397,1314
g5_c925_cubo_m1_20260917_143727.mp4,2026-09-17T14:38:12.428575,1789673892.429,1315
g5_c925_cubo_m1_20260917_143727.mp4,2026-09-17T14:38:12.464771,1789673892.465,1316
g5_c925_cubo_m1_20260917_143727.mp4,2026-09-17T14:38:12.497356,1789673892.497,1317
g5_c925_cubo_m1_20260917_143727.mp4,2026-09-17T14:38:12.534557,1789673892.535,1318
g5_c925_cubo_m1_20260917_143727.mp4,2026-09-17T14:38:12.570758,1789673892.571,1319
g5_c925_cubo_m1_20260917_143727.mp4,2026-09-17T14:38:12.602255,1789673892.602,1320
g5_c925_cubo_m1_20260917_143727.mp4,2026-09-17T14:38:12.635076,1789673892.635,1321
g5_c925_cubo_m1_20260917_143727.mp4,2026-09-17T14:38:12.668630,1789673892.669,1322
g5_c925_cubo_m1_20260917_143727.mp4,2026-09-17T14:38:12.702238,1789673892.702,1323
g5_c925_cubo_m1_20260917_143727.mp4,2026-09-17T14:38:12.732332,1789673892.732,1324
g5_c925_cubo_m1_20260917_143727.mp4,2026-09-17T14:38:12.765816,1789673892.766,1325
g5_c925_cubo_m1_20260917_143727.mp4,2026-09-17T14:38:12.798400,1789673892.798,1326
g5_c925_cubo_m1_20260917_143727.mp4,2026-09-17T14:38:12.832765,1789673892.833,1327
g5_c925_cubo_m1_20260917_143727.mp4,2026-09-17T14:38:12.869436,1789673892.869,1328
g5_c925_cubo_m1_20260917_143727.mp4,2026-09-17T14:38:12.898042,1789673892.898,1329
g5_c925_cubo_m1_20260917_143727.mp4,2026-09-17T14:38:12.928795,1789673892.929,1330
g5_c925_cubo_m1_20260917_143727.mp4,2026-09-17T14:38:12.965105,1789673892.965,1331
g5_c925_cubo_m1_20260917_143727.mp4,2026-09-17T14:38:12.998316,1789673892.998,1332
g5_c925_cubo_m1_20260917_143727.mp4,2026-09-17T14:38:13.034750,1789673893.035,1333
g5_c925_cubo_m1_20260917_143727.mp4,2026-09-17T14:38:13.065982,1789673893.066,1334
g5_c925_cubo_m1_20260917_143727.mp4,2026-09-17T14:38:13.101279,1789673893.101,1335
g5_c925_cubo_m1_20260917_143727.mp4,2026-09-17T14:38:13.132076,1789673893.132,1336
g5_c925_cubo_m1_20260917_143727.mp4,2026-09-17T14:38:13.168999,1789673893.169,1337
g5_c925_cubo_m1_20260917_143727.mp4,2026-09-17T14:38:13.200093,1789673893.200,1338
g5_c925_cubo_m1_20260917_143727.mp4,2026-09-17T14:38:13.232166,1789673893.232,1339
g5_c925_cubo_m1_20260917_143727.mp4,2026-09-17T14:38:13.268831,1789673893.269,1340
g5_c925_cubo_m1_20260917_143727.mp4,2026-09-17T14:38:13.300220,1789673893.300,1341
g5_c925_cubo_m1_20260917_143727.mp4,2026-09-17T14:38:13.329122,1789673893.329,1342
g5_c925_cubo_m1_20260917_143727.mp4,2026-09-17T14:38:13.365804,1789673893.366,1343
g5_c925_cubo_m1_20260917_143727.mp4,2026-09-17T14:38:13.397954,1789673893.398,1344
g5_c925_cubo_m1_20260917_143727.mp4,2026-09-17T14:38:13.428946,1789673893.429,1345
g5_c925_cubo_m1_20260917_143727.mp4,2026-09-17T14:38:13.464379,1789673893.464,1346
g5_c925_cubo_m1_20260917_143727.mp4,2026-09-17T14:38:13.499602,1789673893.500,1347
g5_c925_cubo_m1_20260917_143727.mp4,2026-09-17T14:38:13.529489,1789673893.530,1348
g5_c925_cubo_m1_20260917_143727.mp4,2026-09-17T14:38:13.569040,1789673893.569,1349
g5_c925_cubo_m1_20260917_143727.mp4,2026-09-17T14:38:13.600757,1789673893.601,1350
g5_c925_cubo_m1_20260917_143727.mp4,2026-09-17T14:38:13.632466,1789673893.632,1351
g5_c925_cubo_m1_20260917_143727.mp4,2026-09-17T14:38:13.670554,1789673893.671,1352
g5_c925_cubo_m1_20260917_143727.mp4,2026-09-17T14:38:13.700029,1789673893.700,1353
g5_c925_cubo_m1_20260917_143727.mp4,2026-09-17T14:38:13.732472,1789673893.732,1354
g5_c925_cubo_m1_20260917_143727.mp4,2026-09-17T14:38:13.769300,1789673893.769,1355
g5_c925_cubo_m1_20260917_143727.mp4,2026-09-17T14:38:13.799879,1789673893.800,1356
g5_c925_cubo_m1_20260917_143727.mp4,2026-09-17T14:38:13.830738,1789673893.831,1357
g5_c925_cubo_m1_20260917_143727.mp4,2026-09-17T14:38:13.866615,1789673893.867,1358
g5_c925_cubo_m1_20260917_143727.mp4,2026-09-17T14:38:13.900350,1789673893.900,1359
g5_c925_cubo_m1_20260917_143727.mp4,2026-09-17T14:38:13.929269,1789673893.929,1360
g5_c925_cubo_m1_20260917_143727.mp4,2026-09-17T14:38:13.970601,1789673893.971,1361
g5_c925_cubo_m1_20260917_143727.mp4,2026-09-17T14:38:13.997797,1789673893.998,1362
g5_c925_cubo_m1_20260917_143727.mp4,2026-09-17T14:38:14.032246,1789673894.032,1363
g5_c925_cubo_m1_20260917_143727.mp4,2026-09-17T14:38:14.068137,1789673894.068,1364
g5_c925_cubo_m1_20260917_143727.mp4,2026-09-17T14:38:14.100948,1789673894.101,1365
g5_c925_cubo_m1_20260917_143727.mp4,2026-09-17T14:38:14.136510,1789673894.137,1366
g5_c925_cubo_m1_20260917_143727.mp4,2026-09-17T14:38:14.168602,1789673894.169,1367
g5_c925_cubo_m1_20260917_143727.mp4,2026-09-17T14:38:14.199856,1789673894.200,1368
g5_c925_cubo_m1_20260917_143727.mp4,2026-09-17T14:38:14.232137,1789673894.232,1369
g5_c925_cubo_m1_20260917_143727.mp4,2026-09-17T14:38:14.269628,1789673894.270,1370
g5_c925_cubo_m1_20260917_143727.mp4,2026-09-17T14:38:14.298169,1789673894.298,1371
g5_c925_cubo_m1_20260917_143727.mp4,2026-09-17T14:38:14.329846,1789673894.330,1372
g5_c925_cubo_m1_20260917_143727.mp4,2026-09-17T14:38:14.364956,1789673894.365,1373
g5_c925_cubo_m1_20260917_143727.mp4,2026-09-17T14:38:14.396592,1789673894.397,1374
g5_c925_cubo_m1_20260917_143727.mp4,2026-09-17T14:38:14.429292,1789673894.429,1375
g5_c925_cubo_m1_20260917_143727.mp4,2026-09-17T14:38:14.467888,1789673894.468,1376
g5_c925_cubo_m1_20260917_143727.mp4,2026-09-17T14:38:14.497454,1789673894.497,1377
g5_c925_cubo_m1_20260917_143727.mp4,2026-09-17T14:38:14.530974,1789673894.531,1378
g5_c925_cubo_m1_20260917_143727.mp4,2026-09-17T14:38:14.568011,1789673894.568,1379
g5_c925_cubo_m1_20260917_143727.mp4,2026-09-17T14:38:14.598402,1789673894.598,1380
g5_c925_cubo_m1_20260917_143727.mp4,2026-09-17T14:38:14.630741,1789673894.631,1381
g5_c925_cubo_m1_20260917_143727.mp4,2026-09-17T14:38:14.668733,1789673894.669,1382
g5_c925_cubo_m1_20260917_143727.mp4,2026-09-17T14:38:14.700575,1789673894.701,1383
g5_c925_cubo_m1_20260917_143727.mp4,2026-09-17T14:38:14.729422,1789673894.729,1384
g5_c925_cubo_m1_20260917_143727.mp4,2026-09-17T14:38:14.769692,1789673894.770,1385
g5_c925_cubo_m1_20260917_143727.mp4,2026-09-17T14:38:14.797220,1789673894.797,1386
g5_c925_cubo_m1_20260917_143727.mp4,2026-09-17T14:38:14.828825,1789673894.829,1387
g5_c925_cubo_m1_20260917_143727.mp4,2026-09-17T14:38:14.864558,1789673894.865,1388
g5_c925_cubo_m1_20260917_143727.mp4,2026-09-17T14:38:14.896829,1789673894.897,1389
g5_c925_cubo_m1_20260917_143727.mp4,2026-09-17T14:38:14.928983,1789673894.929,1390
g5_c925_cubo_m1_20260917_143727.mp4,2026-09-17T14:38:14.965598,1789673894.966,1391
g5_c925_cubo_m1_20260917_143727.mp4,2026-09-17T14:38:14.998318,1789673894.998,1392
g5_c925_cubo_m1_20260917_143727.mp4,2026-09-17T14:38:15.042211,1789673895.042,1393
g5_c925_cubo_m1_20260917_143727.mp4,2026-09-17T14:38:15.072672,1789673895.073,1394
g5_c925_cubo_m1_20260917_143727.mp4,2026-09-17T14:38:15.099485,1789673895.099,1395
g5_c925_cubo_m1_20260917_143727.mp4,2026-09-17T14:38:15.129908,1789673895.130,1396
g5_c925_cubo_m1_20260917_143727.mp4,2026-09-17T14:38:15.169618,1789673895.170,1397
g5_c925_cubo_m1_20260917_143727.mp4,2026-09-17T14:38:15.202574,1789673895.203,1398
g5_c925_cubo_m1_20260917_143727.mp4,2026-09-17T14:38:15.232239,1789673895.232,1399
g5_c925_cubo_m1_20260917_143727.mp4,2026-09-17T14:38:15.269474,1789673895.269,1400
g5_c925_cubo_m1_20260917_143727.mp4,2026-09-17T14:38:15.298943,1789673895.299,1401
g5_c925_cubo_m1_20260917_143727.mp4,2026-09-17T14:38:15.330314,1789673895.330,1402
g5_c925_cubo_m1_20260917_143727.mp4,2026-09-17T14:38:15.364654,1789673895.365,1403
g5_c925_cubo_m1_20260917_143727.mp4,2026-09-17T14:38:15.396936,1789673895.397,1404
g5_c925_cubo_m1_20260917_143727.mp4,2026-09-17T14:38:15.429762,1789673895.430,1405
g5_c925_cubo_m1_20260917_143727.mp4,2026-09-17T14:38:15.465178,1789673895.465,1406
g5_c925_cubo_m1_20260917_143727.mp4,2026-09-17T14:38:15.499491,1789673895.500,1407
g5_c925_cubo_m1_20260917_143727.mp4,2026-09-17T14:38:15.533064,1789673895.533,1408
g5_c925_cubo_m1_20260917_143727.mp4,2026-09-17T14:38:15.569418,1789673895.569,1409
g5_c925_cubo_m1_20260917_143727.mp4,2026-09-17T14:38:15.600866,1789673895.601,1410
g5_c925_cubo_m1_20260917_143727.mp4,2026-09-17T14:38:15.633774,1789673895.634,1411
g5_c925_cubo_m1_20260917_143727.mp4,2026-09-17T14:38:15.668841,1789673895.669,1412
g5_c925_cubo_m1_20260917_143727.mp4,2026-09-17T14:38:15.698339,1789673895.698,1413
g5_c925_cubo_m1_20260917_143727.mp4,2026-09-17T14:38:15.730505,1789673895.731,1414
g5_c925_cubo_m1_20260917_143727.mp4,2026-09-17T14:38:15.765622,1789673895.766,1415
g5_c925_cubo_m1_20260917_143727.mp4,2026-09-17T14:38:15.797198,1789673895.797,1416
g5_c925_cubo_m1_20260917_143727.mp4,2026-09-17T14:38:15.829308,1789673895.829,1417
g5_c925_cubo_m1_20260917_143727.mp4,2026-09-17T14:38:15.864770,1789673895.865,1418
g5_c925_cubo_m1_20260917_143727.mp4,2026-09-17T14:38:15.898047,1789673895.898,1419
g5_c925_cubo_m1_20260917_143727.mp4,2026-09-17T14:38:15.929510,1789673895.930,1420
g5_c925_cubo_m1_20260917_143727.mp4,2026-09-17T14:38:15.965614,1789673895.966,1421
g5_c925_cubo_m1_20260917_143727.mp4,2026-09-17T14:38:16.002888,1789673896.003,1422
g5_c925_cubo_m1_20260917_143727.mp4,2026-09-17T14:38:16.029135,1789673896.029,1423
g5_c925_cubo_m1_20260917_143727.mp4,2026-09-17T14:38:16.065155,1789673896.065,1424
g5_c925_cubo_m1_20260917_143727.mp4,2026-09-17T14:38:16.104616,1789673896.105,1425
g5_c925_cubo_m1_20260917_143727.mp4,2026-09-17T14:38:16.130852,1789673896.131,1426
g5_c925_cubo_m1_20260917_143727.mp4,2026-09-17T14:38:16.171382,1789673896.171,1427
g5_c925_cubo_m1_20260917_143727.mp4,2026-09-17T14:38:16.200223,1789673896.200,1428
g5_c925_cubo_m1_20260917_143727.mp4,2026-09-17T14:38:16.232688,1789673896.233,1429
g5_c925_cubo_m1_20260917_143727.mp4,2026-09-17T14:38:16.272150,1789673896.272,1430
g5_c925_cubo_m1_20260917_143727.mp4,2026-09-17T14:38:16.305576,1789673896.306,1431
g5_c925_cubo_m1_20260917_143727.mp4,2026-09-17T14:38:16.329625,1789673896.330,1432
g5_c925_cubo_m1_20260917_143727.mp4,2026-09-17T14:38:16.365541,1789673896.366,1433
g5_c925_cubo_m1_20260917_143727.mp4,2026-09-17T14:38:16.397747,1789673896.398,1434
g5_c925_cubo_m1_20260917_143727.mp4,2026-09-17T14:38:16.430408,1789673896.430,1435
g5_c925_cubo_m1_20260917_143727.mp4,2026-09-17T14:38:16.466582,1789673896.467,1436
g5_c925_cubo_m1_20260917_143727.mp4,2026-09-17T14:38:16.500847,1789673896.501,1437
g5_c925_cubo_m1_20260917_143727.mp4,2026-09-17T14:38:16.533379,1789673896.533,1438
g5_c925_cubo_m1_20260917_143727.mp4,2026-09-17T14:38:16.570335,1789673896.570,1439
g5_c925_cubo_m1_20260917_143727.mp4,2026-09-17T14:38:16.599771,1789673896.600,1440
g5_c925_cubo_m1_20260917_143727.mp4,2026-09-17T14:38:16.631189,1789673896.631,1441
g5_c925_cubo_m1_20260917_143727.mp4,2026-09-17T14:38:16.670075,1789673896.670,1442
g5_c925_cubo_m1_20260917_143727.mp4,2026-09-17T14:38:16.699047,1789673896.699,1443
g5_c925_cubo_m1_20260917_143727.mp4,2026-09-17T14:38:16.731789,1789673896.732,1444
g5_c925_cubo_m1_20260917_143727.mp4,2026-09-17T14:38:16.768881,1789673896.769,1445
g5_c925_cubo_m1_20260917_143727.mp4,2026-09-17T14:38:16.799309,1789673896.799,1446
g5_c925_cubo_m1_20260917_143727.mp4,2026-09-17T14:38:16.828851,1789673896.829,1447
g5_c925_cubo_m1_20260917_143727.mp4,2026-09-17T14:38:16.865960,1789673896.866,1448
g5_c925_cubo_m1_20260917_143727.mp4,2026-09-17T14:38:16.897584,1789673896.898,1449
g5_c925_cubo_m1_20260917_143727.mp4,2026-09-17T14:38:16.929547,1789673896.930,1450
g5_c925_cubo_m1_20260917_143727.mp4,2026-09-17T14:38:16.965972,1789673896.966,1451
g5_c925_cubo_m1_20260917_143727.mp4,2026-09-17T14:38:17.002904,1789673897.003,1452
g5_c925_cubo_m1_20260917_143727.mp4,2026-09-17T14:38:17.031917,1789673897.032,1453
g5_c925_cubo_m1_20260917_143727.mp4,2026-09-17T14:38:17.069625,1789673897.070,1454
g5_c925_cubo_m1_20260917_143727.mp4,2026-09-17T14:38:17.101247,1789673897.101,1455
g5_c925_cubo_m1_20260917_143727.mp4,2026-09-17T14:38:17.136501,1789673897.137,1456
g5_c925_cubo_m1_20260917_143727.mp4,2026-09-17T14:38:17.168817,1789673897.169,1457
g5_c925_cubo_m1_20260917_143727.mp4,2026-09-17T14:38:17.199213,1789673897.199,1458
g5_c925_cubo_m1_20260917_143727.mp4,2026-09-17T14:38:17.228424,1789673897.228,1459
g5_c925_cubo_m1_20260917_143727.mp4,2026-09-17T14:38:17.264324,1789673897.264,1460
g5_c925_cubo_m1_20260917_143727.mp4,2026-09-17T14:38:17.296320,1789673897.296,1461
g5_c925_cubo_m1_20260917_143727.mp4,2026-09-17T14:38:17.328312,1789673897.328,1462
g5_c925_cubo_m1_20260917_143727.mp4,2026-09-17T14:38:17.364344,1789673897.364,1463
g5_c925_cubo_m1_20260917_143727.mp4,2026-09-17T14:38:17.397158,1789673897.397,1464
g5_c925_cubo_m1_20260917_143727.mp4,2026-09-17T14:38:17.430144,1789673897.430,1465
g5_c925_cubo_m1_20260917_143727.mp4,2026-09-17T14:38:17.467190,1789673897.467,1466
g5_c925_cubo_m1_20260917_143727.mp4,2026-09-17T14:38:17.501166,1789673897.501,1467
g5_c925_cubo_m1_20260917_143727.mp4,2026-09-17T14:38:17.529779,1789673897.530,1468
g5_c925_cubo_m1_20260917_143727.mp4,2026-09-17T14:38:17.564915,1789673897.565,1469
g5_c925_cubo_m1_20260917_143727.mp4,2026-09-17T14:38:17.604147,1789673897.604,1470
g5_c925_cubo_m1_20260917_143727.mp4,2026-09-17T14:38:17.630724,1789673897.631,1471
g5_c925_cubo_m1_20260917_143727.mp4,2026-09-17T14:38:17.670700,1789673897.671,1472
g5_c925_cubo_m1_20260917_143727.mp4,2026-09-17T14:38:17.704055,1789673897.704,1473
g5_c925_cubo_m1_20260917_143727.mp4,2026-09-17T14:38:17.728576,1789673897.729,1474
g5_c925_cubo_m1_20260917_143727.mp4,2026-09-17T14:38:17.764482,1789673897.764,1475
g5_c925_cubo_m1_20260917_143727.mp4,2026-09-17T14:38:17.797125,1789673897.797,1476
g5_c925_cubo_m1_20260917_143727.mp4,2026-09-17T14:38:17.828807,1789673897.829,1477
g5_c925_cubo_m1_20260917_143727.mp4,2026-09-17T14:38:17.865227,1789673897.865,1478
g5_c925_cubo_m1_20260917_143727.mp4,2026-09-17T14:38:17.899035,1789673897.899,1479
g5_c925_cubo_m1_20260917_143727.mp4,2026-09-17T14:38:17.933361,1789673897.933,1480
g5_c925_cubo_m1_20260917_143727.mp4,2026-09-17T14:38:17.970003,1789673897.970,1481
g5_c925_cubo_m1_20260917_143727.mp4,2026-09-17T14:38:17.999641,1789673898.000,1482
g5_c925_cubo_m1_20260917_143727.mp4,2026-09-17T14:38:18.032607,1789673898.033,1483
g5_c925_cubo_m1_20260917_143727.mp4,2026-09-17T14:38:18.070088,1789673898.070,1484
g5_c925_cubo_m1_20260917_143727.mp4,2026-09-17T14:38:18.098791,1789673898.099,1485
g5_c925_cubo_m1_20260917_143727.mp4,2026-09-17T14:38:18.130145,1789673898.130,1486
g5_c925_cubo_m1_20260917_143727.mp4,2026-09-17T14:38:18.168300,1789673898.168,1487
g5_c925_cubo_m1_20260917_143727.mp4,2026-09-17T14:38:18.197448,1789673898.197,1488
g5_c925_cubo_m1_20260917_143727.mp4,2026-09-17T14:38:18.228760,1789673898.229,1489
g5_c925_cubo_m1_20260917_143727.mp4,2026-09-17T14:38:18.264718,1789673898.265,1490
g5_c925_cubo_m1_20260917_143727.mp4,2026-09-17T14:38:18.296844,1789673898.297,1491
g5_c925_cubo_m1_20260917_143727.mp4,2026-09-17T14:38:18.330249,1789673898.330,1492
g5_c925_cubo_m1_20260917_143727.mp4,2026-09-17T14:38:18.367458,1789673898.367,1493
g5_c925_cubo_m1_20260917_143727.mp4,2026-09-17T14:38:18.402445,1789673898.402,1494
g5_c925_cubo_m1_20260917_143727.mp4,2026-09-17T14:38:18.431382,1789673898.431,1495
g5_c925_cubo_m1_20260917_143727.mp4,2026-09-17T14:38:18.468644,1789673898.469,1496
g5_c925_cubo_m1_20260917_143727.mp4,2026-09-17T14:38:18.502080,1789673898.502,1497
g5_c925_cubo_m1_20260917_143727.mp4,2026-09-17T14:38:18.532594,1789673898.533,1498
g5_c925_cubo_m1_20260917_143727.mp4,2026-09-17T14:38:18.571216,1789673898.571,1499
g5_c925_cubo_m1_20260917_143727.mp4,2026-09-17T14:38:18.598848,1789673898.599,1500
g5_c925_cubo_m1_20260917_143727.mp4,2026-09-17T14:38:18.630289,1789673898.630,1501
g5_c925_cubo_m1_20260917_143727.mp4,2026-09-17T14:38:18.664716,1789673898.665,1502
g5_c925_cubo_m1_20260917_143727.mp4,2026-09-17T14:38:18.698534,1789673898.699,1503
g5_c925_cubo_m1_20260917_143727.mp4,2026-09-17T14:38:18.729201,1789673898.729,1504
g5_c925_cubo_m1_20260917_143727.mp4,2026-09-17T14:38:18.765019,1789673898.765,1505
g5_c925_cubo_m1_20260917_143727.mp4,2026-09-17T14:38:18.797758,1789673898.798,1506
g5_c925_cubo_m1_20260917_143727.mp4,2026-09-17T14:38:18.828910,1789673898.829,1507
g5_c925_cubo_m1_20260917_143727.mp4,2026-09-17T14:38:18.873009,1789673898.873,1508
g5_c925_cubo_m1_20260917_143727.mp4,2026-09-17T14:38:18.897368,1789673898.897,1509
g5_c925_cubo_m1_20260917_143727.mp4,2026-09-17T14:38:18.932130,1789673898.932,1510
g5_c925_cubo_m1_20260917_143727.mp4,2026-09-17T14:38:18.969763,1789673898.970,1511
g5_c925_cubo_m1_20260917_143727.mp4,2026-09-17T14:38:19.001878,1789673899.002,1512
g5_c925_cubo_m1_20260917_143727.mp4,2026-09-17T14:38:19.031146,1789673899.031,1513
g5_c925_cubo_m1_20260917_143727.mp4,2026-09-17T14:38:19.071501,1789673899.072,1514
g5_c925_cubo_m1_20260917_143727.mp4,2026-09-17T14:38:19.101300,1789673899.101,1515
g5_c925_cubo_m1_20260917_143727.mp4,2026-09-17T14:38:19.131020,1789673899.131,1516
g5_c925_cubo_m1_20260917_143727.mp4,2026-09-17T14:38:19.167660,1789673899.168,1517
g5_c925_cubo_m1_20260917_143727.mp4,2026-09-17T14:38:19.198471,1789673899.198,1518
g5_c925_cubo_m1_20260917_143727.mp4,2026-09-17T14:38:19.228896,1789673899.229,1519
g5_c925_cubo_m1_20260917_143727.mp4,2026-09-17T14:38:19.266710,1789673899.267,1520
g5_c925_cubo_m1_20260917_143727.mp4,2026-09-17T14:38:19.297122,1789673899.297,1521
g5_c925_cubo_m1_20260917_143727.mp4,2026-09-17T14:38:19.329908,1789673899.330,1522
g5_c925_cubo_m1_20260917_143727.mp4,2026-09-17T14:38:19.365089,1789673899.365,1523
g5_c925_cubo_m1_20260917_143727.mp4,2026-09-17T14:38:19.400736,1789673899.401,1524
g5_c925_cubo_m1_20260917_143727.mp4,2026-09-17T14:38:19.431947,1789673899.432,1525
g5_c925_cubo_m1_20260917_143727.mp4,2026-09-17T14:38:19.468358,1789673899.468,1526
g5_c925_cubo_m1_20260917_143727.mp4,2026-09-17T14:38:19.501514,1789673899.502,1527
g5_c925_cubo_m1_20260917_143727.mp4,2026-09-17T14:38:19.532113,1789673899.532,1528
g5_c925_cubo_m1_20260917_143727.mp4,2026-09-17T14:38:19.571114,1789673899.571,1529
g5_c925_cubo_m1_20260917_143727.mp4,2026-09-17T14:38:19.600846,1789673899.601,1530
g5_c925_cubo_m1_20260917_143727.mp4,2026-09-17T14:38:19.631631,1789673899.632,1531
g5_c925_cubo_m1_20260917_143727.mp4,2026-09-17T14:38:19.669893,1789673899.670,1532
g5_c925_cubo_m1_20260917_143727.mp4,2026-09-17T14:38:19.696763,1789673899.697,1533
g5_c925_cubo_m1_20260917_143727.mp4,2026-09-17T14:38:19.728706,1789673899.729,1534
g5_c925_cubo_m1_20260917_143727.mp4,2026-09-17T14:38:19.764798,1789673899.765,1535
g5_c925_cubo_m1_20260917_143727.mp4,2026-09-17T14:38:19.797174,1789673899.797,1536
g5_c925_cubo_m1_20260917_143727.mp4,2026-09-17T14:38:19.829393,1789673899.829,1537
g5_c925_cubo_m1_20260917_143727.mp4,2026-09-17T14:38:19.867446,1789673899.867,1538
g5_c925_cubo_m1_20260917_143727.mp4,2026-09-17T14:38:19.897954,1789673899.898,1539
g5_c925_cubo_m1_20260917_143727.mp4,2026-09-17T14:38:19.931887,1789673899.932,1540
g5_c925_cubo_m1_20260917_143727.mp4,2026-09-17T14:38:19.966615,1789673899.967,1541
g5_c925_cubo_m1_20260917_143727.mp4,2026-09-17T14:38:20.002343,1789673900.002,1542
g5_c925_cubo_m1_20260917_143727.mp4,2026-09-17T14:38:20.033767,1789673900.034,1543
g5_c925_cubo_m1_20260917_143727.mp4,2026-09-17T14:38:20.068283,1789673900.068,1544
g5_c925_cubo_m1_20260917_143727.mp4,2026-09-17T14:38:20.101190,1789673900.101,1545
g5_c925_cubo_m1_20260917_143727.mp4,2026-09-17T14:38:20.130554,1789673900.131,1546
g5_c925_cubo_m1_20260917_143727.mp4,2026-09-17T14:38:20.165249,1789673900.165,1547
g5_c925_cubo_m1_20260917_143727.mp4,2026-09-17T14:38:20.197373,1789673900.197,1548
g5_c925_cubo_m1_20260917_143727.mp4,2026-09-17T14:38:20.228488,1789673900.229,1549
g5_c925_cubo_m1_20260917_143727.mp4,2026-09-17T14:38:20.264773,1789673900.265,1550
g5_c925_cubo_m1_20260917_143727.mp4,2026-09-17T14:38:20.298028,1789673900.298,1551
g5_c925_cubo_m1_20260917_143727.mp4,2026-09-17T14:38:20.331030,1789673900.331,1552
g5_c925_cubo_m1_20260917_143727.mp4,2026-09-17T14:38:20.367308,1789673900.367,1553
g5_c925_cubo_m1_20260917_143727.mp4,2026-09-17T14:38:20.404585,1789673900.405,1554
g5_c925_cubo_m1_20260917_143727.mp4,2026-09-17T14:38:20.433347,1789673900.433,1555
g5_c925_cubo_m1_20260917_143727.mp4,2026-09-17T14:38:20.471547,1789673900.472,1556
g5_c925_cubo_m1_20260917_143727.mp4,2026-09-17T14:38:20.498374,1789673900.498,1557
g5_c925_cubo_m1_20260917_143727.mp4,2026-09-17T14:38:20.529488,1789673900.530,1558
g5_c925_cubo_m1_20260917_143727.mp4,2026-09-17T14:38:20.569225,1789673900.569,1559
g5_c925_cubo_m1_20260917_143727.mp4,2026-09-17T14:38:20.599678,1789673900.600,1560
g5_c925_cubo_m1_20260917_143727.mp4,2026-09-17T14:38:20.630384,1789673900.630,1561
g5_c925_cubo_m1_20260917_143727.mp4,2026-09-17T14:38:20.665323,1789673900.665,1562
g5_c925_cubo_m1_20260917_143727.mp4,2026-09-17T14:38:20.696593,1789673900.697,1563
g5_c925_cubo_m1_20260917_143727.mp4,2026-09-17T14:38:20.731087,1789673900.731,1564
g5_c925_cubo_m1_20260917_143727.mp4,2026-09-17T14:38:20.764881,1789673900.765,1565
g5_c925_cubo_m1_20260917_143727.mp4,2026-09-17T14:38:20.798124,1789673900.798,1566
g5_c925_cubo_m1_20260917_143727.mp4,2026-09-17T14:38:20.830971,1789673900.831,1567
g5_c925_cubo_m1_20260917_143727.mp4,2026-09-17T14:38:20.865904,1789673900.866,1568
g5_c925_cubo_m1_20260917_143727.mp4,2026-09-17T14:38:20.899619,1789673900.900,1569
g5_c925_cubo_m1_20260917_143727.mp4,2026-09-17T14:38:20.933630,1789673900.934,1570
g5_c925_cubo_m1_20260917_143727.mp4,2026-09-17T14:38:20.971541,1789673900.972,1571
g5_c925_cubo_m1_20260917_143727.mp4,2026-09-17T14:38:21.001044,1789673901.001,1572
g5_c925_cubo_m1_20260917_143727.mp4,2026-09-17T14:38:21.033039,1789673901.033,1573
g5_c925_cubo_m1_20260917_143727.mp4,2026-09-17T14:38:21.070084,1789673901.070,1574
g5_c925_cubo_m1_20260917_143727.mp4,2026-09-17T14:38:21.103191,1789673901.103,1575
g5_c925_cubo_m1_20260917_143727.mp4,2026-09-17T14:38:21.129784,1789673901.130,1576
g5_c925_cubo_m1_20260917_143727.mp4,2026-09-17T14:38:21.164609,1789673901.165,1577
g5_c925_cubo_m1_20260917_143727.mp4,2026-09-17T14:38:21.197434,1789673901.197,1578
g5_c925_cubo_m1_20260917_143727.mp4,2026-09-17T14:38:21.230013,1789673901.230,1579
g5_c925_cubo_m1_20260917_143727.mp4,2026-09-17T14:38:21.265496,1789673901.266,1580
g5_c925_cubo_m1_20260917_143727.mp4,2026-09-17T14:38:21.299998,1789673901.300,1581
g5_c925_cubo_m1_20260917_143727.mp4,2026-09-17T14:38:21.330090,1789673901.330,1582
g5_c925_cubo_m1_20260917_143727.mp4,2026-09-17T14:38:21.369427,1789673901.369,1583
g5_c925_cubo_m1_20260917_143727.mp4,2026-09-17T14:38:21.401401,1789673901.401,1584
g5_c925_cubo_m1_20260917_143727.mp4,2026-09-17T14:38:21.432955,1789673901.433,1585
g5_c925_cubo_m1_20260917_143727.mp4,2026-09-17T14:38:21.474136,1789673901.474,1586
g5_c925_cubo_m1_20260917_143727.mp4,2026-09-17T14:38:21.497897,1789673901.498,1587
g5_c925_cubo_m1_20260917_143727.mp4,2026-09-17T14:38:21.531832,1789673901.532,1588
g5_c925_cubo_m1_20260917_143727.mp4,2026-09-17T14:38:21.569426,1789673901.569,1589
g5_c925_cubo_m1_20260917_143727.mp4,2026-09-17T14:38:21.599462,1789673901.599,1590
g5_c925_cubo_m1_20260917_143727.mp4,2026-09-17T14:38:21.628779,1789673901.629,1591
g5_c925_cubo_m1_20260917_143727.mp4,2026-09-17T14:38:21.664378,1789673901.664,1592
g5_c925_cubo_m1_20260917_143727.mp4,2026-09-17T14:38:21.696751,1789673901.697,1593
g5_c925_cubo_m1_20260917_143727.mp4,2026-09-17T14:38:21.729907,1789673901.730,1594
g5_c925_cubo_m1_20260917_143727.mp4,2026-09-17T14:38:21.766498,1789673901.767,1595
g5_c925_cubo_m1_20260917_143727.mp4,2026-09-17T14:38:21.799912,1789673901.800,1596
g5_c925_cubo_m1_20260917_143727.mp4,2026-09-17T14:38:21.834121,1789673901.834,1597
g5_c925_cubo_m1_20260917_143727.mp4,2026-09-17T14:38:21.869011,1789673901.869,1598
g5_c925_cubo_m1_20260917_143727.mp4,2026-09-17T14:38:21.900750,1789673901.901,1599
g5_c925_cubo_m1_20260917_143727.mp4,2026-09-17T14:38:21.932385,1789673901.932,1600
g5_c925_cubo_m1_20260917_143727.mp4,2026-09-17T14:38:21.967754,1789673901.968,1601
g5_c925_cubo_m1_20260917_143727.mp4,2026-09-17T14:38:21.998625,1789673901.999,1602
g5_c925_cubo_m1_20260917_143727.mp4,2026-09-17T14:38:22.028320,1789673902.028,1603
g5_c925_cubo_m1_20260917_143727.mp4,2026-09-17T14:38:22.064217,1789673902.064,1604
g5_c925_cubo_m1_20260917_143727.mp4,2026-09-17T14:38:22.096702,1789673902.097,1605
g5_c925_cubo_m1_20260917_143727.mp4,2026-09-17T14:38:22.128714,1789673902.129,1606
g5_c925_cubo_m1_20260917_143727.mp4,2026-09-17T14:38:22.164294,1789673902.164,1607
g5_c925_cubo_m1_20260917_143727.mp4,2026-09-17T14:38:22.197036,1789673902.197,1608
g5_c925_cubo_m1_20260917_143727.mp4,2026-09-17T14:38:22.229000,1789673902.229,1609
g5_c925_cubo_m1_20260917_143727.mp4,2026-09-17T14:38:22.265256,1789673902.265,1610
g5_c925_cubo_m1_20260917_143727.mp4,2026-09-17T14:38:22.298564,1789673902.299,1611
g5_c925_cubo_m1_20260917_143727.mp4,2026-09-17T14:38:22.330496,1789673902.331,1612
g5_c925_cubo_m1_20260917_143727.mp4,2026-09-17T14:38:22.366627,1789673902.367,1613
g5_c925_cubo_m1_20260917_143727.mp4,2026-09-17T14:38:22.402036,1789673902.402,1614
g5_c925_cubo_m1_20260917_143727.mp4,2026-09-17T14:38:22.433126,1789673902.433,1615
g5_c925_cubo_m1_20260917_143727.mp4,2026-09-17T14:38:22.471358,1789673902.471,1616
g5_c925_cubo_m1_20260917_143727.mp4,2026-09-17T14:38:22.499612,1789673902.500,1617
g5_c925_cubo_m1_20260917_143727.mp4,2026-09-17T14:38:22.532021,1789673902.532,1618
g5_c925_cubo_m1_20260917_143727.mp4,2026-09-17T14:38:22.568747,1789673902.569,1619
g5_c925_cubo_m1_20260917_143727.mp4,2026-09-17T14:38:22.596415,1789673902.596,1620
g5_c925_cubo_m1_20260917_143727.mp4,2026-09-17T14:38:22.628621,1789673902.629,1621
g5_c925_cubo_m1_20260917_143727.mp4,2026-09-17T14:38:22.664519,1789673902.665,1622
g5_c925_cubo_m1_20260917_143727.mp4,2026-09-17T14:38:22.697359,1789673902.697,1623
g5_c925_cubo_m1_20260917_143727.mp4,2026-09-17T14:38:22.729669,1789673902.730,1624
g5_c925_cubo_m1_20260917_143727.mp4,2026-09-17T14:38:22.765093,1789673902.765,1625
g5_c925_cubo_m1_20260917_143727.mp4,2026-09-17T14:38:22.797920,1789673902.798,1626
g5_c925_cubo_m1_20260917_143727.mp4,2026-09-17T14:38:22.832402,1789673902.832,1627
g5_c925_cubo_m1_20260917_143727.mp4,2026-09-17T14:38:22.864409,1789673902.864,1628
g5_c925_cubo_m1_20260917_143727.mp4,2026-09-17T14:38:22.899291,1789673902.899,1629
g5_c925_cubo_m1_20260917_143727.mp4,2026-09-17T14:38:22.929489,1789673902.930,1630
g5_c925_cubo_m1_20260917_143727.mp4,2026-09-17T14:38:22.964807,1789673902.965,1631
g5_c925_cubo_m1_20260917_143727.mp4,2026-09-17T14:38:22.996824,1789673902.997,1632
g5_c925_cubo_m1_20260917_143727.mp4,2026-09-17T14:38:23.028654,1789673903.029,1633
g5_c925_cubo_m1_20260917_143727.mp4,2026-09-17T14:38:23.064575,1789673903.065,1634
g5_c925_cubo_m1_20260917_143727.mp4,2026-09-17T14:38:23.097211,1789673903.097,1635
g5_c925_cubo_m1_20260917_143727.mp4,2026-09-17T14:38:23.130488,1789673903.131,1636
g5_c925_cubo_m1_20260917_143727.mp4,2026-09-17T14:38:23.167687,1789673903.168,1637
g5_c925_cubo_m1_20260917_143727.mp4,2026-09-17T14:38:23.199345,1789673903.199,1638
g5_c925_cubo_m1_20260917_143727.mp4,2026-09-17T14:38:23.228735,1789673903.229,1639
g5_c925_cubo_m1_20260917_143727.mp4,2026-09-17T14:38:23.265643,1789673903.266,1640
g5_c925_cubo_m1_20260917_143727.mp4,2026-09-17T14:38:23.299270,1789673903.299,1641
g5_c925_cubo_m1_20260917_143727.mp4,2026-09-17T14:38:23.331968,1789673903.332,1642
g5_c925_cubo_m1_20260917_143727.mp4,2026-09-17T14:38:23.368877,1789673903.369,1643
g5_c925_cubo_m1_20260917_143727.mp4,2026-09-17T14:38:23.401874,1789673903.402,1644
g5_c925_cubo_m1_20260917_143727.mp4,2026-09-17T14:38:23.433343,1789673903.433,1645
g5_c925_cubo_m1_20260917_143727.mp4,2026-09-17T14:38:23.470166,1789673903.470,1646
g5_c925_cubo_m1_20260917_143727.mp4,2026-09-17T14:38:23.497099,1789673903.497,1647
g5_c925_cubo_m1_20260917_143727.mp4,2026-09-17T14:38:23.529227,1789673903.529,1648
g5_c925_cubo_m1_20260917_143727.mp4,2026-09-17T14:38:23.568641,1789673903.569,1649
g5_c925_cubo_m1_20260917_143727.mp4,2026-09-17T14:38:23.598374,1789673903.598,1650
g5_c925_cubo_m1_20260917_143727.mp4,2026-09-17T14:38:23.628627,1789673903.629,1651
g5_c925_cubo_m1_20260917_143727.mp4,2026-09-17T14:38:23.664739,1789673903.665,1652
g5_c925_cubo_m1_20260917_143727.mp4,2026-09-17T14:38:23.697576,1789673903.698,1653
g5_c925_cubo_m1_20260917_143727.mp4,2026-09-17T14:38:23.731625,1789673903.732,1654
g5_c925_cubo_m1_20260917_143727.mp4,2026-09-17T14:38:23.766498,1789673903.767,1655
g5_c925_cubo_m1_20260917_143727.mp4,2026-09-17T14:38:23.797794,1789673903.798,1656
g5_c925_cubo_m1_20260917_143727.mp4,2026-09-17T14:38:23.835942,1789673903.836,1657
g5_c925_cubo_m1_20260917_143727.mp4,2026-09-17T14:38:23.867582,1789673903.868,1658
g5_c925_cubo_m1_20260917_143727.mp4,2026-09-17T14:38:23.901672,1789673903.902,1659
g5_c925_cubo_m1_20260917_143727.mp4,2026-09-17T14:38:23.932512,1789673903.933,1660
g5_c925_cubo_m1_20260917_143727.mp4,2026-09-17T14:38:23.969857,1789673903.970,1661
g5_c925_cubo_m1_20260917_143727.mp4,2026-09-17T14:38:23.999982,1789673904.000,1662
g5_c925_cubo_m1_20260917_143727.mp4,2026-09-17T14:38:24.031378,1789673904.031,1663
g5_c925_cubo_m1_20260917_143727.mp4,2026-09-17T14:38:24.068264,1789673904.068,1664
g5_c925_cubo_m1_20260917_143727.mp4,2026-09-17T14:38:24.097451,1789673904.097,1665
g5_c925_cubo_m1_20260917_143727.mp4,2026-09-17T14:38:24.129383,1789673904.129,1666
g5_c925_cubo_m1_20260917_143727.mp4,2026-09-17T14:38:24.165019,1789673904.165,1667
g5_c925_cubo_m1_20260917_143727.mp4,2026-09-17T14:38:24.197101,1789673904.197,1668
g5_c925_cubo_m1_20260917_143727.mp4,2026-09-17T14:38:24.233009,1789673904.233,1669
g5_c925_cubo_m1_20260917_143727.mp4,2026-09-17T14:38:24.265178,1789673904.265,1670
g5_c925_cubo_m1_20260917_143727.mp4,2026-09-17T14:38:24.302054,1789673904.302,1671
g5_c925_cubo_m1_20260917_143727.mp4,2026-09-17T14:38:24.332068,1789673904.332,1672
g5_c925_cubo_m1_20260917_143727.mp4,2026-09-17T14:38:24.368864,1789673904.369,1673
g5_c925_cubo_m1_20260917_143727.mp4,2026-09-17T14:38:24.400432,1789673904.400,1674
g5_c925_cubo_m1_20260917_143727.mp4,2026-09-17T14:38:24.431739,1789673904.432,1675
g5_c925_cubo_m1_20260917_143727.mp4,2026-09-17T14:38:24.469850,1789673904.470,1676
g5_c925_cubo_m1_20260917_143727.mp4,2026-09-17T14:38:24.498799,1789673904.499,1677
g5_c925_cubo_m1_20260917_143727.mp4,2026-09-17T14:38:24.530805,1789673904.531,1678
g5_c925_cubo_m1_20260917_143727.mp4,2026-09-17T14:38:24.567013,1789673904.567,1679
g5_c925_cubo_m1_20260917_143727.mp4,2026-09-17T14:38:24.597029,1789673904.597,1680
g5_c925_cubo_m1_20260917_143727.mp4,2026-09-17T14:38:24.628614,1789673904.629,1681
g5_c925_cubo_m1_20260917_143727.mp4,2026-09-17T14:38:24.664892,1789673904.665,1682
g5_c925_cubo_m1_20260917_143727.mp4,2026-09-17T14:38:24.698959,1789673904.699,1683
g5_c925_cubo_m1_20260917_143727.mp4,2026-09-17T14:38:24.729684,1789673904.730,1684
g5_c925_cubo_m1_20260917_143727.mp4,2026-09-17T14:38:24.764811,1789673904.765,1685
g5_c925_cubo_m1_20260917_143727.mp4,2026-09-17T14:38:24.801945,1789673904.802,1686
g5_c925_cubo_m1_20260917_143727.mp4,2026-09-17T14:38:24.832752,1789673904.833,1687
g5_c925_cubo_m1_20260917_143727.mp4,2026-09-17T14:38:24.871686,1789673904.872,1688
g5_c925_cubo_m1_20260917_143727.mp4,2026-09-17T14:38:24.900425,1789673904.900,1689
g5_c925_cubo_m1_20260917_143727.mp4,2026-09-17T14:38:24.932361,1789673904.932,1690
g5_c925_cubo_m1_20260917_143727.mp4,2026-09-17T14:38:24.968694,1789673904.969,1691
g5_c925_cubo_m1_20260917_143727.mp4,2026-09-17T14:38:24.996415,1789673904.996,1692
g5_c925_cubo_m1_20260917_143727.mp4,2026-09-17T14:38:25.029432,1789673905.029,1693
g5_c925_cubo_m1_20260917_143727.mp4,2026-09-17T14:38:25.067519,1789673905.068,1694
g5_c925_cubo_m1_20260917_143727.mp4,2026-09-17T14:38:25.096992,1789673905.097,1695
g5_c925_cubo_m1_20260917_143727.mp4,2026-09-17T14:38:25.129058,1789673905.129,1696
g5_c925_cubo_m1_20260917_143727.mp4,2026-09-17T14:38:25.164789,1789673905.165,1697
g5_c925_cubo_m1_20260917_143727.mp4,2026-09-17T14:38:25.197183,1789673905.197,1698
g5_c925_cubo_m1_20260917_143727.mp4,2026-09-17T14:38:25.232948,1789673905.233,1699
g5_c925_cubo_m1_20260917_143727.mp4,2026-09-17T14:38:25.267873,1789673905.268,1700
g5_c925_cubo_m1_20260917_143727.mp4,2026-09-17T14:38:25.300506,1789673905.301,1701
g5_c925_cubo_m1_20260917_143727.mp4,2026-09-17T14:38:25.331521,1789673905.332,1702
g5_c925_cubo_m1_20260917_143727.mp4,2026-09-17T14:38:25.371002,1789673905.371,1703
g5_c925_cubo_m1_20260917_143727.mp4,2026-09-17T14:38:25.400712,1789673905.401,1704
g5_c925_cubo_m1_20260917_143727.mp4,2026-09-17T14:38:25.433270,1789673905.433,1705
g5_c925_cubo_m1_20260917_143727.mp4,2026-09-17T14:38:25.468789,1789673905.469,1706
g5_c925_cubo_m1_20260917_143727.mp4,2026-09-17T14:38:25.498757,1789673905.499,1707
g5_c925_cubo_m1_20260917_143727.mp4,2026-09-17T14:38:25.528850,1789673905.529,1708
g5_c925_cubo_m1_20260917_143727.mp4,2026-09-17T14:38:25.564306,1789673905.564,1709
g5_c925_cubo_m1_20260917_143727.mp4,2026-09-17T14:38:25.596743,1789673905.597,1710
g5_c925_cubo_m1_20260917_143727.mp4,2026-09-17T14:38:25.630137,1789673905.630,1711
g5_c925_cubo_m1_20260917_143727.mp4,2026-09-17T14:38:25.666188,1789673905.666,1712
g5_c925_cubo_m1_20260917_143727.mp4,2026-09-17T14:38:25.697493,1789673905.698,1713
g5_c925_cubo_m1_20260917_143727.mp4,2026-09-17T14:38:25.732210,1789673905.732,1714
g5_c925_cubo_m1_20260917_143727.mp4,2026-09-17T14:38:25.772933,1789673905.773,1715
g5_c925_cubo_m1_20260917_143727.mp4,2026-09-17T14:38:25.796933,1789673905.797,1716
g5_c925_cubo_m1_20260917_143727.mp4,2026-09-17T14:38:25.829721,1789673905.830,1717
g5_c925_cubo_m1_20260917_143727.mp4,2026-09-17T14:38:25.868149,1789673905.868,1718
g5_c925_cubo_m1_20260917_143727.mp4,2026-09-17T14:38:25.897213,1789673905.897,1719
g5_c925_cubo_m1_20260917_143727.mp4,2026-09-17T14:38:25.931089,1789673905.931,1720
g5_c925_cubo_m1_20260917_143727.mp4,2026-09-17T14:38:25.970205,1789673905.970,1721
g5_c925_cubo_m1_20260917_143727.mp4,2026-09-17T14:38:26.000249,1789673906.000,1722
g5_c925_cubo_m1_20260917_143727.mp4,2026-09-17T14:38:26.028494,1789673906.029,1723
g5_c925_cubo_m1_20260917_143727.mp4,2026-09-17T14:38:26.064975,1789673906.065,1724
g5_c925_cubo_m1_20260917_143727.mp4,2026-09-17T14:38:26.096377,1789673906.096,1725
g5_c925_cubo_m1_20260917_143727.mp4,2026-09-17T14:38:26.129199,1789673906.129,1726
g5_c925_cubo_m1_20260917_143727.mp4,2026-09-17T14:38:26.164506,1789673906.165,1727
g5_c925_cubo_m1_20260917_143727.mp4,2026-09-17T14:38:26.199531,1789673906.200,1728
g5_c925_cubo_m1_20260917_143727.mp4,2026-09-17T14:38:26.232881,1789673906.233,1729
g5_c925_cubo_m1_20260917_143727.mp4,2026-09-17T14:38:26.265681,1789673906.266,1730
g5_c925_cubo_m1_20260917_143727.mp4,2026-09-17T14:38:26.300748,1789673906.301,1731
g5_c925_cubo_m1_20260917_143727.mp4,2026-09-17T14:38:26.331638,1789673906.332,1732
g5_c925_cubo_m1_20260917_143727.mp4,2026-09-17T14:38:26.370516,1789673906.371,1733
g5_c925_cubo_m1_20260917_143727.mp4,2026-09-17T14:38:26.399817,1789673906.400,1734
g5_c925_cubo_m1_20260917_143727.mp4,2026-09-17T14:38:26.432983,1789673906.433,1735
g5_c925_cubo_m1_20260917_143727.mp4,2026-09-17T14:38:26.469640,1789673906.470,1736
g5_c925_cubo_m1_20260917_143727.mp4,2026-09-17T14:38:26.497467,1789673906.497,1737
g5_c925_cubo_m1_20260917_143727.mp4,2026-09-17T14:38:26.530081,1789673906.530,1738
g5_c925_cubo_m1_20260917_143727.mp4,2026-09-17T14:38:26.564628,1789673906.565,1739
g5_c925_cubo_m1_20260917_143727.mp4,2026-09-17T14:38:26.601050,1789673906.601,1740
g5_c925_cubo_m1_20260917_143727.mp4,2026-09-17T14:38:26.629454,1789673906.629,1741
g5_c925_cubo_m1_20260917_143727.mp4,2026-09-17T14:38:26.665091,1789673906.665,1742
g5_c925_cubo_m1_20260917_143727.mp4,2026-09-17T14:38:26.699499,1789673906.700,1743
g5_c925_cubo_m1_20260917_143727.mp4,2026-09-17T14:38:26.731994,1789673906.732,1744
g5_c925_cubo_m1_20260917_143727.mp4,2026-09-17T14:38:26.766286,1789673906.766,1745
g5_c925_cubo_m1_20260917_143727.mp4,2026-09-17T14:38:26.799729,1789673906.800,1746
g5_c925_cubo_m1_20260917_143727.mp4,2026-09-17T14:38:26.834013,1789673906.834,1747
g5_c925_cubo_m1_20260917_143727.mp4,2026-09-17T14:38:26.870797,1789673906.871,1748
g5_c925_cubo_m1_20260917_143727.mp4,2026-09-17T14:38:26.899957,1789673906.900,1749
g5_c925_cubo_m1_20260917_143727.mp4,2026-09-17T14:38:26.932656,1789673906.933,1750
g5_c925_cubo_m1_20260917_143727.mp4,2026-09-17T14:38:26.965195,1789673906.965,1751
g5_c925_cubo_m1_20260917_143727.mp4,2026-09-17T14:38:26.998615,1789673906.999,1752
g5_c925_cubo_m1_20260917_143727.mp4,2026-09-17T14:38:27.028390,1789673907.028,1753
g5_c925_cubo_m1_20260917_143727.mp4,2026-09-17T14:38:27.064234,1789673907.064,1754
g5_c925_cubo_m1_20260917_143727.mp4,2026-09-17T14:38:27.097960,1789673907.098,1755
g5_c925_cubo_m1_20260917_143727.mp4,2026-09-17T14:38:27.129099,1789673907.129,1756
g5_c925_cubo_m1_20260917_143727.mp4,2026-09-17T14:38:27.166021,1789673907.166,1757
g5_c925_cubo_m1_20260917_143727.mp4,2026-09-17T14:38:27.198011,1789673907.198,1758
g5_c925_cubo_m1_20260917_143727.mp4,2026-09-17T14:38:27.233190,1789673907.233,1759
g5_c925_cubo_m1_20260917_143727.mp4,2026-09-17T14:38:27.268775,1789673907.269,1760
g5_c925_cubo_m1_20260917_143727.mp4,2026-09-17T14:38:27.301859,1789673907.302,1761
g5_c925_cubo_m1_20260917_143727.mp4,2026-09-17T14:38:27.333090,1789673907.333,1762
g5_c925_cubo_m1_20260917_143727.mp4,2026-09-17T14:38:27.370631,1789673907.371,1763
g5_c925_cubo_m1_20260917_143727.mp4,2026-09-17T14:38:27.399773,1789673907.400,1764
g5_c925_cubo_m1_20260917_143727.mp4,2026-09-17T14:38:27.432047,1789673907.432,1765
g5_c925_cubo_m1_20260917_143727.mp4,2026-09-17T14:38:27.470065,1789673907.470,1766
g5_c925_cubo_m1_20260917_143727.mp4,2026-09-17T14:38:27.499790,1789673907.500,1767
g5_c925_cubo_m1_20260917_143727.mp4,2026-09-17T14:38:27.530535,1789673907.531,1768
g5_c925_cubo_m1_20260917_143727.mp4,2026-09-17T14:38:27.565088,1789673907.565,1769
g5_c925_cubo_m1_20260917_143727.mp4,2026-09-17T14:38:27.596924,1789673907.597,1770
g5_c925_cubo_m1_20260917_143727.mp4,2026-09-17T14:38:27.629345,1789673907.629,1771
g5_c925_cubo_m1_20260917_143727.mp4,2026-09-17T14:38:27.664761,1789673907.665,1772
g5_c925_cubo_m1_20260917_143727.mp4,2026-09-17T14:38:27.697464,1789673907.697,1773
g5_c925_cubo_m1_20260917_143727.mp4,2026-09-17T14:38:27.732525,1789673907.733,1774
g5_c925_cubo_m1_20260917_143727.mp4,2026-09-17T14:38:27.767885,1789673907.768,1775
g5_c925_cubo_m1_20260917_143727.mp4,2026-09-17T14:38:27.801557,1789673907.802,1776
g5_c925_cubo_m1_20260917_143727.mp4,2026-09-17T14:38:27.831505,1789673907.832,1777
g5_c925_cubo_m1_20260917_143727.mp4,2026-09-17T14:38:27.868336,1789673907.868,1778
g5_c925_cubo_m1_20260917_143727.mp4,2026-09-17T14:38:27.901507,1789673907.902,1779
g5_c925_cubo_m1_20260917_143727.mp4,2026-09-17T14:38:27.932090,1789673907.932,1780
g5_c925_cubo_m1_20260917_143727.mp4,2026-09-17T14:38:27.964926,1789673907.965,1781
g5_c925_cubo_m1_20260917_143727.mp4,2026-09-17T14:38:27.996812,1789673907.997,1782
g5_c925_cubo_m1_20260917_143727.mp4,2026-09-17T14:38:28.029518,1789673908.030,1783
g5_c925_cubo_m1_20260917_143727.mp4,2026-09-17T14:38:28.064186,1789673908.064,1784
g5_c925_cubo_m1_20260917_143727.mp4,2026-09-17T14:38:28.096270,1789673908.096,1785
g5_c925_cubo_m1_20260917_143727.mp4,2026-09-17T14:38:28.131797,1789673908.132,1786
g5_c925_cubo_m1_20260917_143727.mp4,2026-09-17T14:38:28.165979,1789673908.166,1787
g5_c925_cubo_m1_20260917_143727.mp4,2026-09-17T14:38:28.200416,1789673908.200,1788
g5_c925_cubo_m1_20260917_143727.mp4,2026-09-17T14:38:28.232711,1789673908.233,1789
g5_c925_cubo_m1_20260917_143727.mp4,2026-09-17T14:38:28.266622,1789673908.267,1790
g5_c925_cubo_m1_20260917_143727.mp4,2026-09-17T14:38:28.299990,1789673908.300,1791
g5_c925_cubo_m1_20260917_143727.mp4,2026-09-17T14:38:28.329649,1789673908.330,1792
g5_c925_cubo_m1_20260917_143727.mp4,2026-09-17T14:38:28.364320,1789673908.364,1793
g5_c925_cubo_m1_20260917_143727.mp4,2026-09-17T14:38:28.396683,1789673908.397,1794
g5_c925_cubo_m1_20260917_143727.mp4,2026-09-17T14:38:28.433361,1789673908.433,1795
g5_c925_cubo_m1_20260917_143727.mp4,2026-09-17T14:38:28.469720,1789673908.470,1796
g5_c925_cubo_m1_20260917_143727.mp4,2026-09-17T14:38:28.499318,1789673908.499,1797
g5_c925_cubo_m1_20260917_143727.mp4,2026-09-17T14:38:28.528206,1789673908.528,1798
g5_c925_cubo_m1_20260917_143727.mp4,2026-09-17T14:38:28.564669,1789673908.565,1799
g5_c925_cubo_m1_20260917_143727.mp4,2026-09-17T14:38:28.596980,1789673908.597,1800
g5_c925_cubo_m1_20260917_143727.mp4,2026-09-17T14:38:28.628512,1789673908.629,1801
g5_c925_cubo_m1_20260917_143727.mp4,2026-09-17T14:38:28.665948,1789673908.666,1802
g5_c925_cubo_m1_20260917_143727.mp4,2026-09-17T14:38:28.699115,1789673908.699,1803
g5_c925_cubo_m1_20260917_143727.mp4,2026-09-17T14:38:28.732319,1789673908.732,1804
g5_c925_cubo_m1_20260917_143727.mp4,2026-09-17T14:38:28.769132,1789673908.769,1805
g5_c925_cubo_m1_20260917_143727.mp4,2026-09-17T14:38:28.802712,1789673908.803,1806
g5_c925_cubo_m1_20260917_143727.mp4,2026-09-17T14:38:28.831507,1789673908.832,1807
g5_c925_cubo_m1_20260917_143727.mp4,2026-09-17T14:38:28.864578,1789673908.865,1808
g5_c925_cubo_m1_20260917_143727.mp4,2026-09-17T14:38:28.897362,1789673908.897,1809
g5_c925_cubo_m1_20260917_143727.mp4,2026-09-17T14:38:28.929092,1789673908.929,1810
g5_c925_cubo_m1_20260917_143727.mp4,2026-09-17T14:38:28.968095,1789673908.968,1811
g5_c925_cubo_m1_20260917_143727.mp4,2026-09-17T14:38:28.997430,1789673908.997,1812
g5_c925_cubo_m1_20260917_143727.mp4,2026-09-17T14:38:29.028336,1789673909.028,1813
g5_c925_cubo_m1_20260917_143727.mp4,2026-09-17T14:38:29.062090,1789673909.062,1814
g5_c925_cubo_m1_20260917_143727.mp4,2026-09-17T14:38:29.096990,1789673909.097,1815
g5_c925_cubo_m1_20260917_143727.mp4,2026-09-17T14:38:29.131868,1789673909.132,1816
g5_c925_cubo_m1_20260917_143727.mp4,2026-09-17T14:38:29.164421,1789673909.164,1817
g5_c925_cubo_m1_20260917_143727.mp4,2026-09-17T14:38:29.197010,1789673909.197,1818
g5_c925_cubo_m1_20260917_143727.mp4,2026-09-17T14:38:29.230462,1789673909.230,1819
g5_c925_cubo_m1_20260917_143727.mp4,2026-09-17T14:38:29.260521,1789673909.261,1820
g5_c925_cubo_m1_20260917_143727.mp4,2026-09-17T14:38:29.297222,1789673909.297,1821
g5_c925_cubo_m1_20260917_143727.mp4,2026-09-17T14:38:29.328456,1789673909.328,1822
g5_c925_cubo_m1_20260917_143727.mp4,2026-09-17T14:38:29.364416,1789673909.364,1823
g5_c925_cubo_m1_20260917_143727.mp4,2026-09-17T14:38:29.397204,1789673909.397,1824
g5_c925_cubo_m1_20260917_143727.mp4,2026-09-17T14:38:29.428172,1789673909.428,1825
g5_c925_cubo_m1_20260917_143727.mp4,2026-09-17T14:38:29.460538,1789673909.461,1826
g5_c925_cubo_m1_20260917_143727.mp4,2026-09-17T14:38:29.496656,1789673909.497,1827
g5_c925_cubo_m1_20260917_143727.mp4,2026-09-17T14:38:29.528430,1789673909.528,1828
g5_c925_cubo_m1_20260917_143727.mp4,2026-09-17T14:38:29.564589,1789673909.565,1829
g5_c925_cubo_m1_20260917_143727.mp4,2026-09-17T14:38:29.598565,1789673909.599,1830
g5_c925_cubo_m1_20260917_143727.mp4,2026-09-17T14:38:29.631644,1789673909.632,1831
g5_c925_cubo_m1_20260917_143727.mp4,2026-09-17T14:38:29.665495,1789673909.666,1832
g5_c925_cubo_m1_20260917_143727.mp4,2026-09-17T14:38:29.702486,1789673909.702,1833
g5_c925_cubo_m1_20260917_143727.mp4,2026-09-17T14:38:29.732955,1789673909.733,1834
g5_c925_cubo_m1_20260917_143727.mp4,2026-09-17T14:38:29.767781,1789673909.768,1835
g5_c925_cubo_m1_20260917_143727.mp4,2026-09-17T14:38:29.800865,1789673909.801,1836
g5_c925_cubo_m1_20260917_143727.mp4,2026-09-17T14:38:29.838913,1789673909.839,1837
g5_c925_cubo_m1_20260917_143727.mp4,2026-09-17T14:38:29.860676,1789673909.861,1838
g5_c925_cubo_m1_20260917_143727.mp4,2026-09-17T14:38:29.900798,1789673909.901,1839
g5_c925_cubo_m1_20260917_143727.mp4,2026-09-17T14:38:29.930795,1789673909.931,1840
g5_c925_cubo_m1_20260917_143727.mp4,2026-09-17T14:38:29.966116,1789673909.966,1841
g5_c925_cubo_m1_20260917_143727.mp4,2026-09-17T14:38:29.996505,1789673909.997,1842
g5_c925_cubo_m1_20260917_143727.mp4,2026-09-17T14:38:30.028563,1789673910.029,1843
g5_c925_cubo_m1_20260917_143727.mp4,2026-09-17T14:38:30.061474,1789673910.061,1844
g5_c925_cubo_m1_20260917_143727.mp4,2026-09-17T14:38:30.096784,1789673910.097,1845
g5_c925_cubo_m1_20260917_143727.mp4,2026-09-17T14:38:30.129061,1789673910.129,1846
g5_c925_cubo_m1_20260917_143727.mp4,2026-09-17T14:38:30.166421,1789673910.166,1847
g5_c925_cubo_m1_20260917_143727.mp4,2026-09-17T14:38:30.199933,1789673910.200,1848
g5_c925_cubo_m1_20260917_143727.mp4,2026-09-17T14:38:30.231780,1789673910.232,1849
g5_c925_cubo_m1_20260917_143727.mp4,2026-09-17T14:38:30.266090,1789673910.266,1850
g5_c925_cubo_m1_20260917_143727.mp4,2026-09-17T14:38:30.301023,1789673910.301,1851
g5_c925_cubo_m1_20260917_143727.mp4,2026-09-17T14:38:30.332165,1789673910.332,1852
g5_c925_cubo_m1_20260917_143727.mp4,2026-09-17T14:38:30.370766,1789673910.371,1853
g5_c925_cubo_m1_20260917_143727.mp4,2026-09-17T14:38:30.398214,1789673910.398,1854
g5_c925_cubo_m1_20260917_143727.mp4,2026-09-17T14:38:30.428201,1789673910.428,1855
g5_c925_cubo_m1_20260917_143727.mp4,2026-09-17T14:38:30.460158,1789673910.460,1856
g5_c925_cubo_m1_20260917_143727.mp4,2026-09-17T14:38:30.496524,1789673910.497,1857
g5_c925_cubo_m1_20260917_143727.mp4,2026-09-17T14:38:30.528692,1789673910.529,1858
g5_c925_cubo_m1_20260917_143727.mp4,2026-09-17T14:38:30.567099,1789673910.567,1859
g5_c925_cubo_m1_20260917_143727.mp4,2026-09-17T14:38:30.598461,1789673910.598,1860
g5_c925_cubo_m1_20260917_143727.mp4,2026-09-17T14:38:30.629524,1789673910.630,1861
g5_c925_cubo_m1_20260917_143727.mp4,2026-09-17T14:38:30.661037,1789673910.661,1862
g5_c925_cubo_m1_20260917_143727.mp4,2026-09-17T14:38:30.697945,1789673910.698,1863
g5_c925_cubo_m1_20260917_143727.mp4,2026-09-17T14:38:30.738804,1789673910.739,1864
g5_c925_cubo_m1_20260917_143727.mp4,2026-09-17T14:38:30.768938,1789673910.769,1865
g5_c925_cubo_m1_20260917_143727.mp4,2026-09-17T14:38:30.801352,1789673910.801,1866
g5_c925_cubo_m1_20260917_143727.mp4,2026-09-17T14:38:30.832987,1789673910.833,1867
g5_c925_cubo_m1_20260917_143727.mp4,2026-09-17T14:38:30.864950,1789673910.865,1868
g5_c925_cubo_m1_20260917_143727.mp4,2026-09-17T14:38:30.899888,1789673910.900,1869
g5_c925_cubo_m1_20260917_143727.mp4,2026-09-17T14:38:30.928722,1789673910.929,1870
g5_c925_cubo_m1_20260917_143727.mp4,2026-09-17T14:38:30.966208,1789673910.966,1871
g5_c925_cubo_m1_20260917_143727.mp4,2026-09-17T14:38:30.997492,1789673910.998,1872
g5_c925_cubo_m1_20260917_143727.mp4,2026-09-17T14:38:31.028665,1789673911.029,1873
g5_c925_cubo_m1_20260917_143727.mp4,2026-09-17T14:38:31.061495,1789673911.062,1874
g5_c925_cubo_m1_20260917_143727.mp4,2026-09-17T14:38:31.103765,1789673911.104,1875
g5_c925_cubo_m1_20260917_143727.mp4,2026-09-17T14:38:31.134907,1789673911.135,1876
g5_c925_cubo_m1_20260917_143727.mp4,2026-09-17T14:38:31.168041,1789673911.168,1877
g5_c925_cubo_m1_20260917_143727.mp4,2026-09-17T14:38:31.200752,1789673911.201,1878
g5_c925_cubo_m1_20260917_143727.mp4,2026-09-17T14:38:31.230122,1789673911.230,1879
g5_c925_cubo_m1_20260917_143727.mp4,2026-09-17T14:38:31.264254,1789673911.264,1880
g5_c925_cubo_m1_20260917_143727.mp4,2026-09-17T14:38:31.299428,1789673911.299,1881
g5_c925_cubo_m1_20260917_143727.mp4,2026-09-17T14:38:31.333502,1789673911.334,1882
g5_c925_cubo_m1_20260917_143727.mp4,2026-09-17T14:38:31.366893,1789673911.367,1883
g5_c925_cubo_m1_20260917_143727.mp4,2026-09-17T14:38:31.399692,1789673911.400,1884
g5_c925_cubo_m1_20260917_143727.mp4,2026-09-17T14:38:31.430262,1789673911.430,1885
g5_c925_cubo_m1_20260917_143727.mp4,2026-09-17T14:38:31.460280,1789673911.460,1886
g5_c925_cubo_m1_20260917_143727.mp4,2026-09-17T14:38:31.496941,1789673911.497,1887
g5_c925_cubo_m1_20260917_143727.mp4,2026-09-17T14:38:31.528510,1789673911.529,1888
g5_c925_cubo_m1_20260917_143727.mp4,2026-09-17T14:38:31.566410,1789673911.566,1889
g5_c925_cubo_m1_20260917_143727.mp4,2026-09-17T14:38:31.596795,1789673911.597,1890
g5_c925_cubo_m1_20260917_143727.mp4,2026-09-17T14:38:31.630584,1789673911.631,1891
g5_c925_cubo_m1_20260917_143727.mp4,2026-09-17T14:38:31.665127,1789673911.665,1892
g5_c925_cubo_m1_20260917_143727.mp4,2026-09-17T14:38:31.700580,1789673911.701,1893
g5_c925_cubo_m1_20260917_143727.mp4,2026-09-17T14:38:31.735092,1789673911.735,1894
g5_c925_cubo_m1_20260917_143727.mp4,2026-09-17T14:38:31.771137,1789673911.771,1895
g5_c925_cubo_m1_20260917_143727.mp4,2026-09-17T14:38:31.801671,1789673911.802,1896
g5_c925_cubo_m1_20260917_143727.mp4,2026-09-17T14:38:31.828314,1789673911.828,1897
g5_c925_cubo_m1_20260917_143727.mp4,2026-09-17T14:38:31.861098,1789673911.861,1898
g5_c925_cubo_m1_20260917_143727.mp4,2026-09-17T14:38:31.898544,1789673911.899,1899
g5_c925_cubo_m1_20260917_143727.mp4,2026-09-17T14:38:31.929665,1789673911.930,1900
g5_c925_cubo_m1_20260917_143727.mp4,2026-09-17T14:38:31.964608,1789673911.965,1901
g5_c925_cubo_m1_20260917_143727.mp4,2026-09-17T14:38:31.997701,1789673911.998,1902
g5_c925_cubo_m1_20260917_143727.mp4,2026-09-17T14:38:32.030738,1789673912.031,1903
g5_c925_cubo_m1_20260917_143727.mp4,2026-09-17T14:38:32.065447,1789673912.065,1904
g5_c925_cubo_m1_20260917_143727.mp4,2026-09-17T14:38:32.099473,1789673912.099,1905
g5_c925_cubo_m1_20260917_143727.mp4,2026-09-17T14:38:32.134597,1789673912.135,1906
g5_c925_cubo_m1_20260917_143727.mp4,2026-09-17T14:38:32.165763,1789673912.166,1907
g5_c925_cubo_m1_20260917_143727.mp4,2026-09-17T14:38:32.202405,1789673912.202,1908
g5_c925_cubo_m1_20260917_143727.mp4,2026-09-17T14:38:32.230430,1789673912.230,1909
g5_c925_cubo_m1_20260917_143727.mp4,2026-09-17T14:38:32.263812,1789673912.264,1910
g5_c925_cubo_m1_20260917_143727.mp4,2026-09-17T14:38:32.302580,1789673912.303,1911
g5_c925_cubo_m1_20260917_143727.mp4,2026-09-17T14:38:32.332229,1789673912.332,1912
g5_c925_cubo_m1_20260917_143727.mp4,2026-09-17T14:38:32.371415,1789673912.371,1913
g5_c925_cubo_m1_20260917_143727.mp4,2026-09-17T14:38:32.397640,1789673912.398,1914
g5_c925_cubo_m1_20260917_143727.mp4,2026-09-17T14:38:32.428510,1789673912.429,1915
g5_c925_cubo_m1_20260917_143727.mp4,2026-09-17T14:38:32.460884,1789673912.461,1916
g5_c925_cubo_m1_20260917_143727.mp4,2026-09-17T14:38:32.497827,1789673912.498,1917
g5_c925_cubo_m1_20260917_143727.mp4,2026-09-17T14:38:32.531552,1789673912.532,1918
g5_c925_cubo_m1_20260917_143727.mp4,2026-09-17T14:38:32.564491,1789673912.565,1919
g5_c925_cubo_m1_20260917_143727.mp4,2026-09-17T14:38:32.601560,1789673912.602,1920
g5_c925_cubo_m1_20260917_143727.mp4,2026-09-17T14:38:32.634806,1789673912.635,1921
g5_c925_cubo_m1_20260917_143727.mp4,2026-09-17T14:38:32.669630,1789673912.670,1922
g5_c925_cubo_m1_20260917_143727.mp4,2026-09-17T14:38:32.700063,1789673912.700,1923
g5_c925_cubo_m1_20260917_143727.mp4,2026-09-17T14:38:32.732451,1789673912.732,1924
g5_c925_cubo_m1_20260917_143727.mp4,2026-09-17T14:38:32.769692,1789673912.770,1925
g5_c925_cubo_m1_20260917_143727.mp4,2026-09-17T14:38:32.799528,1789673912.800,1926
g5_c925_cubo_m1_20260917_143727.mp4,2026-09-17T14:38:32.830572,1789673912.831,1927
g5_c925_cubo_m1_20260917_143727.mp4,2026-09-17T14:38:32.860408,1789673912.860,1928
g5_c925_cubo_m1_20260917_143727.mp4,2026-09-17T14:38:32.896660,1789673912.897,1929
g5_c925_cubo_m1_20260917_143727.mp4,2026-09-17T14:38:32.928287,1789673912.928,1930
g5_c925_cubo_m1_20260917_143727.mp4,2026-09-17T14:38:32.964129,1789673912.964,1931
g5_c925_cubo_m1_20260917_143727.mp4,2026-09-17T14:38:32.997905,1789673912.998,1932
g5_c925_cubo_m1_20260917_143727.mp4,2026-09-17T14:38:33.030607,1789673913.031,1933
g5_c925_cubo_m1_20260917_143727.mp4,2026-09-17T14:38:33.065839,1789673913.066,1934
g5_c925_cubo_m1_20260917_143727.mp4,2026-09-17T14:38:33.099447,1789673913.099,1935
g5_c925_cubo_m1_20260917_143727.mp4,2026-09-17T14:38:33.133713,1789673913.134,1936
g5_c925_cubo_m1_20260917_143727.mp4,2026-09-17T14:38:33.168859,1789673913.169,1937
g5_c925_cubo_m1_20260917_143727.mp4,2026-09-17T14:38:33.200320,1789673913.200,1938
g5_c925_cubo_m1_20260917_143727.mp4,2026-09-17T14:38:33.232414,1789673913.232,1939
g5_c925_cubo_m1_20260917_143727.mp4,2026-09-17T14:38:33.269763,1789673913.270,1940
g5_c925_cubo_m1_20260917_143727.mp4,2026-09-17T14:38:33.297527,1789673913.298,1941
g5_c925_cubo_m1_20260917_143727.mp4,2026-09-17T14:38:33.328377,1789673913.328,1942
g5_c925_cubo_m1_20260917_143727.mp4,2026-09-17T14:38:33.364605,1789673913.365,1943
g5_c925_cubo_m1_20260917_143727.mp4,2026-09-17T14:38:33.396868,1789673913.397,1944
g5_c925_cubo_m1_20260917_143727.mp4,2026-09-17T14:38:33.428228,1789673913.428,1945
g5_c925_cubo_m1_20260917_143727.mp4,2026-09-17T14:38:33.465039,1789673913.465,1946
g5_c925_cubo_m1_20260917_143727.mp4,2026-09-17T14:38:33.496425,1789673913.496,1947
g5_c925_cubo_m1_20260917_143727.mp4,2026-09-17T14:38:33.529025,1789673913.529,1948
g5_c925_cubo_m1_20260917_143727.mp4,2026-09-17T14:38:33.569313,1789673913.569,1949
g5_c925_cubo_m1_20260917_143727.mp4,2026-09-17T14:38:33.598744,1789673913.599,1950
g5_c925_cubo_m1_20260917_143727.mp4,2026-09-17T14:38:33.628889,1789673913.629,1951
g5_c925_cubo_m1_20260917_143727.mp4,2026-09-17T14:38:33.665325,1789673913.665,1952
g5_c925_cubo_m1_20260917_143727.mp4,2026-09-17T14:38:33.696966,1789673913.697,1953
g5_c925_cubo_m1_20260917_143727.mp4,2026-09-17T14:38:33.731547,1789673913.732,1954
g5_c925_cubo_m1_20260917_143727.mp4,2026-09-17T14:38:33.767850,1789673913.768,1955
g5_c925_cubo_m1_20260917_143727.mp4,2026-09-17T14:38:33.800382,1789673913.800,1956
g5_c925_cubo_m1_20260917_143727.mp4,2026-09-17T14:38:33.831002,1789673913.831,1957
g5_c925_cubo_m1_20260917_143727.mp4,2026-09-17T14:38:33.868664,1789673913.869,1958
g5_c925_cubo_m1_20260917_143727.mp4,2026-09-17T14:38:33.900172,1789673913.900,1959
g5_c925_cubo_m1_20260917_143727.mp4,2026-09-17T14:38:33.929309,1789673913.929,1960
g5_c925_cubo_m1_20260917_143727.mp4,2026-09-17T14:38:33.964640,1789673913.965,1961
g5_c925_cubo_m1_20260917_143727.mp4,2026-09-17T14:38:33.996881,1789673913.997,1962
g5_c925_cubo_m1_20260917_143727.mp4,2026-09-17T14:38:34.028296,1789673914.028,1963
g5_c925_cubo_m1_20260917_143727.mp4,2026-09-17T14:38:34.066624,1789673914.067,1964
g5_c925_cubo_m1_20260917_143727.mp4,2026-09-17T14:38:34.098487,1789673914.099,1965
g5_c925_cubo_m1_20260917_143727.mp4,2026-09-17T14:38:34.133783,1789673914.134,1966
g5_c925_cubo_m1_20260917_143727.mp4,2026-09-17T14:38:34.169505,1789673914.170,1967
g5_c925_cubo_m1_20260917_143727.mp4,2026-09-17T14:38:34.209116,1789673914.209,1968
g5_c925_cubo_m1_20260917_143727.mp4,2026-09-17T14:38:34.228970,1789673914.229,1969
g5_c925_cubo_m1_20260917_143727.mp4,2026-09-17T14:38:34.269623,1789673914.270,1970
g5_c925_cubo_m1_20260917_143727.mp4,2026-09-17T14:38:34.298850,1789673914.299,1971
g5_c925_cubo_m1_20260917_143727.mp4,2026-09-17T14:38:34.329163,1789673914.329,1972
g5_c925_cubo_m1_20260917_143727.mp4,2026-09-17T14:38:34.367918,1789673914.368,1973
g5_c925_cubo_m1_20260917_143727.mp4,2026-09-17T14:38:34.398482,1789673914.398,1974
g5_c925_cubo_m1_20260917_143727.mp4,2026-09-17T14:38:34.428354,1789673914.428,1975
g5_c925_cubo_m1_20260917_143727.mp4,2026-09-17T14:38:34.470609,1789673914.471,1976
g5_c925_cubo_m1_20260917_143727.mp4,2026-09-17T14:38:34.496647,1789673914.497,1977
g5_c925_cubo_m1_20260917_143727.mp4,2026-09-17T14:38:34.533355,1789673914.533,1978
g5_c925_cubo_m1_20260917_143727.mp4,2026-09-17T14:38:34.564278,1789673914.564,1979
g5_c925_cubo_m1_20260917_143727.mp4,2026-09-17T14:38:34.599555,1789673914.600,1980
g5_c925_cubo_m1_20260917_143727.mp4,2026-09-17T14:38:34.631287,1789673914.631,1981
g5_c925_cubo_m1_20260917_143727.mp4,2026-09-17T14:38:34.670925,1789673914.671,1982
g5_c925_cubo_m1_20260917_143727.mp4,2026-09-17T14:38:34.701858,1789673914.702,1983
g5_c925_cubo_m1_20260917_143727.mp4,2026-09-17T14:38:34.730819,1789673914.731,1984
g5_c925_cubo_m1_20260917_143727.mp4,2026-09-17T14:38:34.774309,1789673914.774,1985
g5_c925_cubo_m1_20260917_143727.mp4,2026-09-17T14:38:34.796308,1789673914.796,1986
g5_c925_cubo_m1_20260917_143727.mp4,2026-09-17T14:38:34.828382,1789673914.828,1987
g5_c925_cubo_m1_20260917_143727.mp4,2026-09-17T14:38:34.865046,1789673914.865,1988
g5_c925_cubo_m1_20260917_143727.mp4,2026-09-17T14:38:34.897187,1789673914.897,1989
g5_c925_cubo_m1_20260917_143727.mp4,2026-09-17T14:38:34.928633,1789673914.929,1990
g5_c925_cubo_m1_20260917_143727.mp4,2026-09-17T14:38:34.964654,1789673914.965,1991
g5_c925_cubo_m1_20260917_143727.mp4,2026-09-17T14:38:34.998103,1789673914.998,1992
g5_c925_cubo_m1_20260917_143727.mp4,2026-09-17T14:38:35.030008,1789673915.030,1993
g5_c925_cubo_m1_20260917_143727.mp4,2026-09-17T14:38:35.066109,1789673915.066,1994
g5_c925_cubo_m1_20260917_143727.mp4,2026-09-17T14:38:35.097824,1789673915.098,1995
g5_c925_cubo_m1_20260917_143727.mp4,2026-09-17T14:38:35.132396,1789673915.132,1996
g5_c925_cubo_m1_20260917_143727.mp4,2026-09-17T14:38:35.169540,1789673915.170,1997
g5_c925_cubo_m1_20260917_143727.mp4,2026-09-17T14:38:35.199848,1789673915.200,1998
g5_c925_cubo_m1_20260917_143727.mp4,2026-09-17T14:38:35.233510,1789673915.234,1999
g5_c925_cubo_m1_20260917_143727.mp4,2026-09-17T14:38:35.268494,1789673915.269,2000
g5_c925_cubo_m1_20260917_143727.mp4,2026-09-17T14:38:35.301864,1789673915.302,2001
g5_c925_cubo_m1_20260917_143727.mp4,2026-09-17T14:38:35.330994,1789673915.331,2002
g5_c925_cubo_m1_20260917_143727.mp4,2026-09-17T14:38:35.367255,1789673915.367,2003
g5_c925_cubo_m1_20260917_143727.mp4,2026-09-17T14:38:35.397992,1789673915.398,2004
g5_c925_cubo_m1_20260917_143727.mp4,2026-09-17T14:38:35.429749,1789673915.430,2005
g5_c925_cubo_m1_20260917_143727.mp4,2026-09-17T14:38:35.465103,1789673915.465,2006
g5_c925_cubo_m1_20260917_143727.mp4,2026-09-17T14:38:35.497348,1789673915.497,2007
g5_c925_cubo_m1_20260917_143727.mp4,2026-09-17T14:38:35.531212,1789673915.531,2008
g5_c925_cubo_m1_20260917_143727.mp4,2026-09-17T14:38:35.567371,1789673915.567,2009
g5_c925_cubo_m1_20260917_143727.mp4,2026-09-17T14:38:35.599194,1789673915.599,2010
g5_c925_cubo_m1_20260917_143727.mp4,2026-09-17T14:38:35.630200,1789673915.630,2011
g5_c925_cubo_m1_20260917_143727.mp4,2026-09-17T14:38:35.666085,1789673915.666,2012
g5_c925_cubo_m1_20260917_143727.mp4,2026-09-17T14:38:35.700948,1789673915.701,2013
g5_c925_cubo_m1_20260917_143727.mp4,2026-09-17T14:38:35.733574,1789673915.734,2014
g5_c925_cubo_m1_20260917_143727.mp4,2026-09-17T14:38:35.769742,1789673915.770,2015
g5_c925_cubo_m1_20260917_143727.mp4,2026-09-17T14:38:35.799391,1789673915.799,2016
g5_c925_cubo_m1_20260917_143727.mp4,2026-09-17T14:38:35.829190,1789673915.829,2017
g5_c925_cubo_m1_20260917_143727.mp4,2026-09-17T14:38:35.864480,1789673915.864,2018
g5_c925_cubo_m1_20260917_143727.mp4,2026-09-17T14:38:35.896990,1789673915.897,2019
g5_c925_cubo_m1_20260917_143727.mp4,2026-09-17T14:38:35.929003,1789673915.929,2020
g5_c925_cubo_m1_20260917_143727.mp4,2026-09-17T14:38:35.964455,1789673915.964,2021
g5_c925_cubo_m1_20260917_143727.mp4,2026-09-17T14:38:35.998053,1789673915.998,2022
g5_c925_cubo_m1_20260917_143727.mp4,2026-09-17T14:38:36.031526,1789673916.032,2023
g5_c925_cubo_m1_20260917_143727.mp4,2026-09-17T14:38:36.065729,1789673916.066,2024
g5_c925_cubo_m1_20260917_143727.mp4,2026-09-17T14:38:36.101804,1789673916.102,2025
g5_c925_cubo_m1_20260917_143727.mp4,2026-09-17T14:38:36.131627,1789673916.132,2026
g5_c925_cubo_m1_20260917_143727.mp4,2026-09-17T14:38:36.170760,1789673916.171,2027
g5_c925_cubo_m1_20260917_143727.mp4,2026-09-17T14:38:36.199937,1789673916.200,2028
g5_c925_cubo_m1_20260917_143727.mp4,2026-09-17T14:38:36.232110,1789673916.232,2029
g5_c925_cubo_m1_20260917_143727.mp4,2026-09-17T14:38:36.269081,1789673916.269,2030
g5_c925_cubo_m1_20260917_143727.mp4,2026-09-17T14:38:36.299865,1789673916.300,2031
g5_c925_cubo_m1_20260917_143727.mp4,2026-09-17T14:38:36.330923,1789673916.331,2032
g5_c925_cubo_m1_20260917_143727.mp4,2026-09-17T14:38:36.367735,1789673916.368,2033
g5_c925_cubo_m1_20260917_143727.mp4,2026-09-17T14:38:36.396438,1789673916.396,2034
g5_c925_cubo_m1_20260917_143727.mp4,2026-09-17T14:38:36.428560,1789673916.429,2035
g5_c925_cubo_m1_20260917_143727.mp4,2026-09-17T14:38:36.464468,1789673916.464,2036
g5_c925_cubo_m1_20260917_143727.mp4,2026-09-17T14:38:36.499377,1789673916.499,2037
g5_c925_cubo_m1_20260917_143727.mp4,2026-09-17T14:38:36.529983,1789673916.530,2038
g5_c925_cubo_m1_20260917_143727.mp4,2026-09-17T14:38:36.568680,1789673916.569,2039
g5_c925_cubo_m1_20260917_143727.mp4,2026-09-17T14:38:36.597283,1789673916.597,2040
g5_c925_cubo_m1_20260917_143727.mp4,2026-09-17T14:38:36.631814,1789673916.632,2041
g5_c925_cubo_m1_20260917_143727.mp4,2026-09-17T14:38:36.665254,1789673916.665,2042
g5_c925_cubo_m1_20260917_143727.mp4,2026-09-17T14:38:36.700558,1789673916.701,2043
g5_c925_cubo_m1_20260917_143727.mp4,2026-09-17T14:38:36.731819,1789673916.732,2044
g5_c925_cubo_m1_20260917_143727.mp4,2026-09-17T14:38:36.770084,1789673916.770,2045
g5_c925_cubo_m1_20260917_143727.mp4,2026-09-17T14:38:36.799866,1789673916.800,2046
g5_c925_cubo_m1_20260917_143727.mp4,2026-09-17T14:38:36.828319,1789673916.828,2047
g5_c925_cubo_m1_20260917_143727.mp4,2026-09-17T14:38:36.868784,1789673916.869,2048
g5_c925_cubo_m1_20260917_143727.mp4,2026-09-17T14:38:36.898881,1789673916.899,2049
g5_c925_cubo_m1_20260917_143727.mp4,2026-09-17T14:38:36.928346,1789673916.928,2050
g5_c925_cubo_m1_20260917_143727.mp4,2026-09-17T14:38:36.965046,1789673916.965,2051
g5_c925_cubo_m1_20260917_143727.mp4,2026-09-17T14:38:36.997414,1789673916.997,2052
g5_c925_cubo_m1_20260917_143727.mp4,2026-09-17T14:38:37.032022,1789673917.032,2053
g5_c925_cubo_m1_20260917_143727.mp4,2026-09-17T14:38:37.067576,1789673917.068,2054
g5_c925_cubo_m1_20260917_143727.mp4,2026-09-17T14:38:37.099184,1789673917.099,2055
g5_c925_cubo_m1_20260917_143727.mp4,2026-09-17T14:38:37.132431,1789673917.132,2056
g5_c925_cubo_m1_20260917_143727.mp4,2026-09-17T14:38:37.169382,1789673917.169,2057
g5_c925_cubo_m1_20260917_143727.mp4,2026-09-17T14:38:37.197203,1789673917.197,2058
g5_c925_cubo_m1_20260917_143727.mp4,2026-09-17T14:38:37.231061,1789673917.231,2059
g5_c925_cubo_m1_20260917_143727.mp4,2026-09-17T14:38:37.265491,1789673917.266,2060
g5_c925_cubo_m1_20260917_143727.mp4,2026-09-17T14:38:37.301205,1789673917.301,2061
g5_c925_cubo_m1_20260917_143727.mp4,2026-09-17T14:38:37.331452,1789673917.331,2062
g5_c925_cubo_m1_20260917_143727.mp4,2026-09-17T14:38:37.368628,1789673917.369,2063
g5_c925_cubo_m1_20260917_143727.mp4,2026-09-17T14:38:37.398326,1789673917.398,2064
g5_c925_cubo_m1_20260917_143727.mp4,2026-09-17T14:38:37.428332,1789673917.428,2065
g5_c925_cubo_m1_20260917_143727.mp4,2026-09-17T14:38:37.464305,1789673917.464,2066
g5_c925_cubo_m1_20260917_143727.mp4,2026-09-17T14:38:37.497310,1789673917.497,2067
g5_c925_cubo_m1_20260917_143727.mp4,2026-09-17T14:38:37.531068,1789673917.531,2068
g5_c925_cubo_m1_20260917_143727.mp4,2026-09-17T14:38:37.564290,1789673917.564,2069
g5_c925_cubo_m1_20260917_143727.mp4,2026-09-17T14:38:37.596569,1789673917.597,2070
g5_c925_cubo_m1_20260917_143727.mp4,2026-09-17T14:38:37.637864,1789673917.638,2071
g5_c925_cubo_m1_20260917_143727.mp4,2026-09-17T14:38:37.669663,1789673917.670,2072
g5_c925_cubo_m1_20260917_143727.mp4,2026-09-17T14:38:37.699775,1789673917.700,2073
g5_c925_cubo_m1_20260917_143727.mp4,2026-09-17T14:38:37.734202,1789673917.734,2074
g5_c925_cubo_m1_20260917_143727.mp4,2026-09-17T14:38:37.766211,1789673917.766,2075
g5_c925_cubo_m1_20260917_143727.mp4,2026-09-17T14:38:37.799945,1789673917.800,2076
g5_c925_cubo_m1_20260917_143727.mp4,2026-09-17T14:38:37.830971,1789673917.831,2077
g5_c925_cubo_m1_20260917_143727.mp4,2026-09-17T14:38:37.868791,1789673917.869,2078
g5_c925_cubo_m1_20260917_143727.mp4,2026-09-17T14:38:37.898084,1789673917.898,2079
g5_c925_cubo_m1_20260917_143727.mp4,2026-09-17T14:38:37.928159,1789673917.928,2080
g5_c925_cubo_m1_20260917_143727.mp4,2026-09-17T14:38:37.964563,1789673917.965,2081
g5_c925_cubo_m1_20260917_143727.mp4,2026-09-17T14:38:37.997124,1789673917.997,2082
g5_c925_cubo_m1_20260917_143727.mp4,2026-09-17T14:38:38.031450,1789673918.031,2083
g5_c925_cubo_m1_20260917_143727.mp4,2026-09-17T14:38:38.068367,1789673918.068,2084
g5_c925_cubo_m1_20260917_143727.mp4,2026-09-17T14:38:38.100416,1789673918.100,2085
g5_c925_cubo_m1_20260917_143727.mp4,2026-09-17T14:38:38.132084,1789673918.132,2086
g5_c925_cubo_m1_20260917_143727.mp4,2026-09-17T14:38:38.169319,1789673918.169,2087
g5_c925_cubo_m1_20260917_143727.mp4,2026-09-17T14:38:38.204712,1789673918.205,2088
g5_c925_cubo_m1_20260917_143727.mp4,2026-09-17T14:38:38.229572,1789673918.230,2089
g5_c925_cubo_m1_20260917_143727.mp4,2026-09-17T14:38:38.273392,1789673918.273,2090
g5_c925_cubo_m1_20260917_143727.mp4,2026-09-17T14:38:38.296024,1789673918.296,2091
g5_c925_cubo_m1_20260917_143727.mp4,2026-09-17T14:38:38.328166,1789673918.328,2092
g5_c925_cubo_m1_20260917_143727.mp4,2026-09-17T14:38:38.364136,1789673918.364,2093
g5_c925_cubo_m1_20260917_143727.mp4,2026-09-17T14:38:38.397245,1789673918.397,2094
g5_c925_cubo_m1_20260917_143727.mp4,2026-09-17T14:38:38.428521,1789673918.429,2095
g5_c925_cubo_m1_20260917_143727.mp4,2026-09-17T14:38:38.464288,1789673918.464,2096
g5_c925_cubo_m1_20260917_143727.mp4,2026-09-17T14:38:38.497677,1789673918.498,2097
g5_c925_cubo_m1_20260917_143727.mp4,2026-09-17T14:38:38.531722,1789673918.532,2098
g5_c925_cubo_m1_20260917_143727.mp4,2026-09-17T14:38:38.566635,1789673918.567,2099
g5_c925_cubo_m1_20260917_143727.mp4,2026-09-17T14:38:38.599657,1789673918.600,2100
g5_c925_cubo_m1_20260917_143727.mp4,2026-09-17T14:38:38.631918,1789673918.632,2101
g5_c925_cubo_m1_20260917_143727.mp4,2026-09-17T14:38:38.669938,1789673918.670,2102
g5_c925_cubo_m1_20260917_143727.mp4,2026-09-17T14:38:38.699708,1789673918.700,2103
g5_c925_cubo_m1_20260917_143727.mp4,2026-09-17T14:38:38.732235,1789673918.732,2104
g5_c925_cubo_m1_20260917_143727.mp4,2026-09-17T14:38:38.769005,1789673918.769,2105
g5_c925_cubo_m1_20260917_143727.mp4,2026-09-17T14:38:38.799753,1789673918.800,2106
g5_c925_cubo_m1_20260917_143727.mp4,2026-09-17T14:38:38.830566,1789673918.831,2107
g5_c925_cubo_m1_20260917_143727.mp4,2026-09-17T14:38:38.864782,1789673918.865,2108
g5_c925_cubo_m1_20260917_143727.mp4,2026-09-17T14:38:38.896617,1789673918.897,2109
g5_c925_cubo_m1_20260917_143727.mp4,2026-09-17T14:38:38.930355,1789673918.930,2110
g5_c925_cubo_m1_20260917_143727.mp4,2026-09-17T14:38:38.964226,1789673918.964,2111
g5_c925_cubo_m1_20260917_143727.mp4,2026-09-17T14:38:38.996479,1789673918.996,2112
g5_c925_cubo_m1_20260917_143727.mp4,2026-09-17T14:38:39.030544,1789673919.031,2113
g5_c925_cubo_m1_20260917_143727.mp4,2026-09-17T14:38:39.068468,1789673919.068,2114
g5_c925_cubo_m1_20260917_143727.mp4,2026-09-17T14:38:39.102560,1789673919.103,2115
g5_c925_cubo_m1_20260917_143727.mp4,2026-09-17T14:38:39.132107,1789673919.132,2116
g5_c925_cubo_m1_20260917_143727.mp4,2026-09-17T14:38:39.166610,1789673919.167,2117
g5_c925_cubo_m1_20260917_143727.mp4,2026-09-17T14:38:39.202942,1789673919.203,2118
g5_c925_cubo_m1_20260917_143727.mp4,2026-09-17T14:38:39.233215,1789673919.233,2119
g5_c925_cubo_m1_20260917_143727.mp4,2026-09-17T14:38:39.270433,1789673919.270,2120
g5_c925_cubo_m1_20260917_143727.mp4,2026-09-17T14:38:39.300325,1789673919.300,2121
g5_c925_cubo_m1_20260917_143727.mp4,2026-09-17T14:38:39.330573,1789673919.331,2122
g5_c925_cubo_m1_20260917_143727.mp4,2026-09-17T14:38:39.364724,1789673919.365,2123
g5_c925_cubo_m1_20260917_143727.mp4,2026-09-17T14:38:39.395951,1789673919.396,2124
g5_c925_cubo_m1_20260917_143727.mp4,2026-09-17T14:38:39.428138,1789673919.428,2125
g5_c925_cubo_m1_20260917_143727.mp4,2026-09-17T14:38:39.466391,1789673919.466,2126
g5_c925_cubo_m1_20260917_143727.mp4,2026-09-17T14:38:39.499948,1789673919.500,2127
g5_c925_cubo_m1_20260917_143727.mp4,2026-09-17T14:38:39.528293,1789673919.528,2128
g5_c925_cubo_m1_20260917_143727.mp4,2026-09-17T14:38:39.567692,1789673919.568,2129
g5_c925_cubo_m1_20260917_143727.mp4,2026-09-17T14:38:39.596692,1789673919.597,2130
g5_c925_cubo_m1_20260917_143727.mp4,2026-09-17T14:38:39.632504,1789673919.633,2131
g5_c925_cubo_m1_20260917_143727.mp4,2026-09-17T14:38:39.670741,1789673919.671,2132
g5_c925_cubo_m1_20260917_143727.mp4,2026-09-17T14:38:39.699242,1789673919.699,2133
g5_c925_cubo_m1_20260917_143727.mp4,2026-09-17T14:38:39.729836,1789673919.730,2134
g5_c925_cubo_m1_20260917_143727.mp4,2026-09-17T14:38:39.770295,1789673919.770,2135
g5_c925_cubo_m1_20260917_143727.mp4,2026-09-17T14:38:39.799125,1789673919.799,2136
g5_c925_cubo_m1_20260917_143727.mp4,2026-09-17T14:38:39.830211,1789673919.830,2137
g5_c925_cubo_m1_20260917_143727.mp4,2026-09-17T14:38:39.865223,1789673919.865,2138
g5_c925_cubo_m1_20260917_143727.mp4,2026-09-17T14:38:39.896433,1789673919.896,2139
g5_c925_cubo_m1_20260917_143727.mp4,2026-09-17T14:38:39.929747,1789673919.930,2140
g5_c925_cubo_m1_20260917_143727.mp4,2026-09-17T14:38:39.965618,1789673919.966,2141
g5_c925_cubo_m1_20260917_143727.mp4,2026-09-17T14:38:40.000695,1789673920.001,2142
g5_c925_cubo_m1_20260917_143727.mp4,2026-09-17T14:38:40.032960,1789673920.033,2143
g5_c925_cubo_m1_20260917_143727.mp4,2026-09-17T14:38:40.070088,1789673920.070,2144
g5_c925_cubo_m1_20260917_143727.mp4,2026-09-17T14:38:40.099148,1789673920.099,2145
g5_c925_cubo_m1_20260917_143727.mp4,2026-09-17T14:38:40.129027,1789673920.129,2146
g5_c925_cubo_m1_20260917_143727.mp4,2026-09-17T14:38:40.164359,1789673920.164,2147
g5_c925_cubo_m1_20260917_143727.mp4,2026-09-17T14:38:40.196880,1789673920.197,2148
g5_c925_cubo_m1_20260917_143727.mp4,2026-09-17T14:38:40.228490,1789673920.229,2149
g5_c925_cubo_m1_20260917_143727.mp4,2026-09-17T14:38:40.264111,1789673920.264,2150
g5_c925_cubo_m1_20260917_143727.mp4,2026-09-17T14:38:40.296192,1789673920.296,2151
g5_c925_cubo_m1_20260917_143727.mp4,2026-09-17T14:38:40.328516,1789673920.329,2152
g5_c925_cubo_m1_20260917_143727.mp4,2026-09-17T14:38:40.364437,1789673920.364,2153
g5_c925_cubo_m1_20260917_143727.mp4,2026-09-17T14:38:40.396030,1789673920.396,2154
g5_c925_cubo_m1_20260917_143727.mp4,2026-09-17T14:38:40.428574,1789673920.429,2155
g5_c925_cubo_m1_20260917_143727.mp4,2026-09-17T14:38:40.465776,1789673920.466,2156
g5_c925_cubo_m1_20260917_143727.mp4,2026-09-17T14:38:40.498052,1789673920.498,2157
g5_c925_cubo_m1_20260917_143727.mp4,2026-09-17T14:38:40.535218,1789673920.535,2158
g5_c925_cubo_m1_20260917_143727.mp4,2026-09-17T14:38:40.569506,1789673920.570,2159
g5_c925_cubo_m1_20260917_143727.mp4,2026-09-17T14:38:40.601671,1789673920.602,2160
g5_c925_cubo_m1_20260917_143727.mp4,2026-09-17T14:38:40.631280,1789673920.631,2161
g5_c925_cubo_m1_20260917_143727.mp4,2026-09-17T14:38:40.670347,1789673920.670,2162
g5_c925_cubo_m1_20260917_143727.mp4,2026-09-17T14:38:40.698416,1789673920.698,2163
g5_c925_cubo_m1_20260917_143727.mp4,2026-09-17T14:38:40.728937,1789673920.729,2164
g5_c925_cubo_m1_20260917_143727.mp4,2026-09-17T14:38:40.767987,1789673920.768,2165
g5_c925_cubo_m1_20260917_143727.mp4,2026-09-17T14:38:40.798849,1789673920.799,2166
g5_c925_cubo_m1_20260917_143727.mp4,2026-09-17T14:38:40.828083,1789673920.828,2167
g5_c925_cubo_m1_20260917_143727.mp4,2026-09-17T14:38:40.864295,1789673920.864,2168
g5_c925_cubo_m1_20260917_143727.mp4,2026-09-17T14:38:40.899425,1789673920.899,2169
g5_c925_cubo_m1_20260917_143727.mp4,2026-09-17T14:38:40.928581,1789673920.929,2170
g5_c925_cubo_m1_20260917_143727.mp4,2026-09-17T14:38:40.966365,1789673920.966,2171
g5_c925_cubo_m1_20260917_143727.mp4,2026-09-17T14:38:41.001135,1789673921.001,2172
g5_c925_cubo_m1_20260917_143727.mp4,2026-09-17T14:38:41.031789,1789673921.032,2173
g5_c925_cubo_m1_20260917_143727.mp4,2026-09-17T14:38:41.070396,1789673921.070,2174
g5_c925_cubo_m1_20260917_143727.mp4,2026-09-17T14:38:41.099367,1789673921.099,2175
g5_c925_cubo_m1_20260917_143727.mp4,2026-09-17T14:38:41.132901,1789673921.133,2176
g5_c925_cubo_m1_20260917_143727.mp4,2026-09-17T14:38:41.170035,1789673921.170,2177
g5_c925_cubo_m1_20260917_143727.mp4,2026-09-17T14:38:41.200297,1789673921.200,2178
g5_c925_cubo_m1_20260917_143727.mp4,2026-09-17T14:38:41.232334,1789673921.232,2179
g5_c925_cubo_m1_20260917_143727.mp4,2026-09-17T14:38:41.267221,1789673921.267,2180
g5_c925_cubo_m1_20260917_143727.mp4,2026-09-17T14:38:41.297112,1789673921.297,2181
g5_c925_cubo_m1_20260917_143727.mp4,2026-09-17T14:38:41.328646,1789673921.329,2182
g5_c925_cubo_m1_20260917_143727.mp4,2026-09-17T14:38:41.364447,1789673921.364,2183
g5_c925_cubo_m1_20260917_143727.mp4,2026-09-17T14:38:41.396107,1789673921.396,2184
g5_c925_cubo_m1_20260917_143727.mp4,2026-09-17T14:38:41.432338,1789673921.432,2185
g5_c925_cubo_m1_20260917_143727.mp4,2026-09-17T14:38:41.464663,1789673921.465,2186
g5_c925_cubo_m1_20260917_143727.mp4,2026-09-17T14:38:41.500520,1789673921.501,2187
g5_c925_cubo_m1_20260917_143727.mp4,2026-09-17T14:38:41.533142,1789673921.533,2188
g5_c925_cubo_m1_20260917_143727.mp4,2026-09-17T14:38:41.569846,1789673921.570,2189
g5_c925_cubo_m1_20260917_143727.mp4,2026-09-17T14:38:41.600337,1789673921.600,2190
g5_c925_cubo_m1_20260917_143727.mp4,2026-09-17T14:38:41.632405,1789673921.632,2191
g5_c925_cubo_m1_20260917_143727.mp4,2026-09-17T14:38:41.670487,1789673921.670,2192
g5_c925_cubo_m1_20260917_143727.mp4,2026-09-17T14:38:41.700260,1789673921.700,2193
g5_c925_cubo_m1_20260917_143727.mp4,2026-09-17T14:38:41.731538,1789673921.732,2194
g5_c925_cubo_m1_20260917_143727.mp4,2026-09-17T14:38:41.767731,1789673921.768,2195
g5_c925_cubo_m1_20260917_143727.mp4,2026-09-17T14:38:41.798355,1789673921.798,2196
g5_c925_cubo_m1_20260917_143727.mp4,2026-09-17T14:38:41.828442,1789673921.828,2197
g5_c925_cubo_m1_20260917_143727.mp4,2026-09-17T14:38:41.865405,1789673921.865,2198
g5_c925_cubo_m1_20260917_143727.mp4,2026-09-17T14:38:41.896317,1789673921.896,2199
g5_c925_cubo_m1_20260917_143727.mp4,2026-09-17T14:38:41.928879,1789673921.929,2200
g5_c925_cubo_m1_20260917_143727.mp4,2026-09-17T14:38:41.966573,1789673921.967,2201
g5_c925_cubo_m1_20260917_143727.mp4,2026-09-17T14:38:41.998983,1789673921.999,2202
g5_c925_cubo_m1_20260917_143727.mp4,2026-09-17T14:38:42.034288,1789673922.034,2203
g5_c925_cubo_m1_20260917_143727.mp4,2026-09-17T14:38:42.069695,1789673922.070,2204
g5_c925_cubo_m1_20260917_143727.mp4,2026-09-17T14:38:42.100231,1789673922.100,2205
g5_c925_cubo_m1_20260917_143727.mp4,2026-09-17T14:38:42.132601,1789673922.133,2206
g5_c925_cubo_m1_20260917_143727.mp4,2026-09-17T14:38:42.170033,1789673922.170,2207
g5_c925_cubo_m1_20260917_143727.mp4,2026-09-17T14:38:42.199313,1789673922.199,2208
g5_c925_cubo_m1_20260917_143727.mp4,2026-09-17T14:38:42.230886,1789673922.231,2209
g5_c925_cubo_m1_20260917_143727.mp4,2026-09-17T14:38:42.268950,1789673922.269,2210
g5_c925_cubo_m1_20260917_143727.mp4,2026-09-17T14:38:42.298756,1789673922.299,2211
g5_c925_cubo_m1_20260917_143727.mp4,2026-09-17T14:38:42.328130,1789673922.328,2212
g5_c925_cubo_m1_20260917_143727.mp4,2026-09-17T14:38:42.365117,1789673922.365,2213
g5_c925_cubo_m1_20260917_143727.mp4,2026-09-17T14:38:42.396981,1789673922.397,2214
g5_c925_cubo_m1_20260917_143727.mp4,2026-09-17T14:38:42.432309,1789673922.432,2215
g5_c925_cubo_m1_20260917_143727.mp4,2026-09-17T14:38:42.464835,1789673922.465,2216
g5_c925_cubo_m1_20260917_143727.mp4,2026-09-17T14:38:42.497078,1789673922.497,2217
g5_c925_cubo_m1_20260917_143727.mp4,2026-09-17T14:38:42.529888,1789673922.530,2218
g5_c925_cubo_m1_20260917_143727.mp4,2026-09-17T14:38:42.566082,1789673922.566,2219
g5_c925_cubo_m1_20260917_143727.mp4,2026-09-17T14:38:42.603642,1789673922.604,2220
g5_c925_cubo_m1_20260917_143727.mp4,2026-09-17T14:38:42.629247,1789673922.629,2221
g5_c925_cubo_m1_20260917_143727.mp4,2026-09-17T14:38:42.670788,1789673922.671,2222
g5_c925_cubo_m1_20260917_143727.mp4,2026-09-17T14:38:42.699486,1789673922.699,2223
g5_c925_cubo_m1_20260917_143727.mp4,2026-09-17T14:38:42.731644,1789673922.732,2224
g5_c925_cubo_m1_20260917_143727.mp4,2026-09-17T14:38:42.769018,1789673922.769,2225
g5_c925_cubo_m1_20260917_143727.mp4,2026-09-17T14:38:42.798958,1789673922.799,2226
g5_c925_cubo_m1_20260917_143727.mp4,2026-09-17T14:38:42.828496,1789673922.829,2227
g5_c925_cubo_m1_20260917_143727.mp4,2026-09-17T14:38:42.864680,1789673922.865,2228
g5_c925_cubo_m1_20260917_143727.mp4,2026-09-17T14:38:42.897314,1789673922.897,2229
g5_c925_cubo_m1_20260917_143727.mp4,2026-09-17T14:38:42.929552,1789673922.930,2230
g5_c925_cubo_m1_20260917_143727.mp4,2026-09-17T14:38:42.966331,1789673922.966,2231
g5_c925_cubo_m1_20260917_143727.mp4,2026-09-17T14:38:42.997630,1789673922.998,2232
g5_c925_cubo_m1_20260917_143727.mp4,2026-09-17T14:38:43.035148,1789673923.035,2233
g5_c925_cubo_m1_20260917_143727.mp4,2026-09-17T14:38:43.064807,1789673923.065,2234
g5_c925_cubo_m1_20260917_143727.mp4,2026-09-17T14:38:43.100140,1789673923.100,2235
g5_c925_cubo_m1_20260917_143727.mp4,2026-09-17T14:38:43.130706,1789673923.131,2236
g5_c925_cubo_m1_20260917_143727.mp4,2026-09-17T14:38:43.171493,1789673923.172,2237
g5_c925_cubo_m1_20260917_143727.mp4,2026-09-17T14:38:43.203239,1789673923.203,2238
g5_c925_cubo_m1_20260917_143727.mp4,2026-09-17T14:38:43.230173,1789673923.230,2239
g5_c925_cubo_m1_20260917_143727.mp4,2026-09-17T14:38:43.268818,1789673923.269,2240
g5_c925_cubo_m1_20260917_143727.mp4,2026-09-17T14:38:43.298374,1789673923.298,2241
g5_c925_cubo_m1_20260917_143727.mp4,2026-09-17T14:38:43.328047,1789673923.328,2242
g5_c925_cubo_m1_20260917_143727.mp4,2026-09-17T14:38:43.364697,1789673923.365,2243
g5_c925_cubo_m1_20260917_143727.mp4,2026-09-17T14:38:43.397707,1789673923.398,2244
g5_c925_cubo_m1_20260917_143727.mp4,2026-09-17T14:38:43.430964,1789673923.431,2245
g5_c925_cubo_m1_20260917_143727.mp4,2026-09-17T14:38:43.468249,1789673923.468,2246
g5_c925_cubo_m1_20260917_143727.mp4,2026-09-17T14:38:43.500842,1789673923.501,2247
g5_c925_cubo_m1_20260917_143727.mp4,2026-09-17T14:38:43.531884,1789673923.532,2248
g5_c925_cubo_m1_20260917_143727.mp4,2026-09-17T14:38:43.570862,1789673923.571,2249
g5_c925_cubo_m1_20260917_143727.mp4,2026-09-17T14:38:43.599824,1789673923.600,2250
g5_c925_cubo_m1_20260917_143727.mp4,2026-09-17T14:38:43.632987,1789673923.633,2251
g5_c925_cubo_m1_20260917_143727.mp4,2026-09-17T14:38:43.664407,1789673923.664,2252
g5_c925_cubo_m1_20260917_143727.mp4,2026-09-17T14:38:43.698095,1789673923.698,2253
g5_c925_cubo_m1_20260917_143727.mp4,2026-09-17T14:38:43.730816,1789673923.731,2254
g5_c925_cubo_m1_20260917_143727.mp4,2026-09-17T14:38:43.764544,1789673923.765,2255
g5_c925_cubo_m1_20260917_143727.mp4,2026-09-17T14:38:43.796444,1789673923.796,2256
g5_c925_cubo_m1_20260917_143727.mp4,2026-09-17T14:38:43.828596,1789673923.829,2257
g5_c925_cubo_m1_20260917_143727.mp4,2026-09-17T14:38:43.864344,1789673923.864,2258
g5_c925_cubo_m1_20260917_143727.mp4,2026-09-17T14:38:43.896991,1789673923.897,2259
g5_c925_cubo_m1_20260917_143727.mp4,2026-09-17T14:38:43.930538,1789673923.931,2260
g5_c925_cubo_m1_20260917_143727.mp4,2026-09-17T14:38:43.966837,1789673923.967,2261
g5_c925_cubo_m1_20260917_143727.mp4,2026-09-17T14:38:44.003694,1789673924.004,2262
g5_c925_cubo_m1_20260917_143727.mp4,2026-09-17T14:38:44.037638,1789673924.038,2263
g5_c925_cubo_m1_20260917_143727.mp4,2026-09-17T14:38:44.069355,1789673924.069,2264
g5_c925_cubo_m1_20260917_143727.mp4,2026-09-17T14:38:44.101065,1789673924.101,2265
g5_c925_cubo_m1_20260917_143727.mp4,2026-09-17T14:38:44.131254,1789673924.131,2266
g5_c925_cubo_m1_20260917_143727.mp4,2026-09-17T14:38:44.169346,1789673924.169,2267
g5_c925_cubo_m1_20260917_143727.mp4,2026-09-17T14:38:44.199653,1789673924.200,2268
g5_c925_cubo_m1_20260917_143727.mp4,2026-09-17T14:38:44.228775,1789673924.229,2269
g5_c925_cubo_m1_20260917_143727.mp4,2026-09-17T14:38:44.264435,1789673924.264,2270
g5_c925_cubo_m1_20260917_143727.mp4,2026-09-17T14:38:44.296291,1789673924.296,2271
g5_c925_cubo_m1_20260917_143727.mp4,2026-09-17T14:38:44.328471,1789673924.328,2272
g5_c925_cubo_m1_20260917_143727.mp4,2026-09-17T14:38:44.364113,1789673924.364,2273
g5_c925_cubo_m1_20260917_143727.mp4,2026-09-17T14:38:44.398456,1789673924.398,2274
g5_c925_cubo_m1_20260917_143727.mp4,2026-09-17T14:38:44.432225,1789673924.432,2275
g5_c925_cubo_m1_20260917_143727.mp4,2026-09-17T14:38:44.467903,1789673924.468,2276
g5_c925_cubo_m1_20260917_143727.mp4,2026-09-17T14:38:44.501702,1789673924.502,2277
g5_c925_cubo_m1_20260917_143727.mp4,2026-09-17T14:38:44.532247,1789673924.532,2278
g5_c925_cubo_m1_20260917_143727.mp4,2026-09-17T14:38:44.570444,1789673924.570,2279
g5_c925_cubo_m1_20260917_143727.mp4,2026-09-17T14:38:44.600090,1789673924.600,2280
g5_c925_cubo_m1_20260917_143727.mp4,2026-09-17T14:38:44.631216,1789673924.631,2281
g5_c925_cubo_m1_20260917_143727.mp4,2026-09-17T14:38:44.669712,1789673924.670,2282
g5_c925_cubo_m1_20260917_143727.mp4,2026-09-17T14:38:44.699591,1789673924.700,2283
g5_c925_cubo_m1_20260917_143727.mp4,2026-09-17T14:38:44.731937,1789673924.732,2284
g5_c925_cubo_m1_20260917_143727.mp4,2026-09-17T14:38:44.764176,1789673924.764,2285
g5_c925_cubo_m1_20260917_143727.mp4,2026-09-17T14:38:44.796572,1789673924.797,2286
g5_c925_cubo_m1_20260917_143727.mp4,2026-09-17T14:38:44.828354,1789673924.828,2287
g5_c925_cubo_m1_20260917_143727.mp4,2026-09-17T14:38:44.864150,1789673924.864,2288
g5_c925_cubo_m1_20260917_143727.mp4,2026-09-17T14:38:44.897648,1789673924.898,2289
g5_c925_cubo_m1_20260917_143727.mp4,2026-09-17T14:38:44.933121,1789673924.933,2290
g5_c925_cubo_m1_20260917_143727.mp4,2026-09-17T14:38:44.969036,1789673924.969,2291
g5_c925_cubo_m1_20260917_143727.mp4,2026-09-17T14:38:45.001930,1789673925.002,2292
g5_c925_cubo_m1_20260917_143727.mp4,2026-09-17T14:38:45.033041,1789673925.033,2293
g5_c925_cubo_m1_20260917_143727.mp4,2026-09-17T14:38:45.072605,1789673925.073,2294
g5_c925_cubo_m1_20260917_143727.mp4,2026-09-17T14:38:45.099564,1789673925.100,2295
g5_c925_cubo_m1_20260917_143727.mp4,2026-09-17T14:38:45.128224,1789673925.128,2296
g5_c925_cubo_m1_20260917_143727.mp4,2026-09-17T14:38:45.169959,1789673925.170,2297
g5_c925_cubo_m1_20260917_143727.mp4,2026-09-17T14:38:45.198083,1789673925.198,2298
g5_c925_cubo_m1_20260917_143727.mp4,2026-09-17T14:38:45.228553,1789673925.229,2299
g5_c925_cubo_m1_20260917_143727.mp4,2026-09-17T14:38:45.260045,1789673925.260,2300
g5_c925_cubo_m1_20260917_143727.mp4,2026-09-17T14:38:45.296102,1789673925.296,2301
g5_c925_cubo_m1_20260917_143727.mp4,2026-09-17T14:38:45.328341,1789673925.328,2302
g5_c925_cubo_m1_20260917_143727.mp4,2026-09-17T14:38:45.364147,1789673925.364,2303
g5_c925_cubo_m1_20260917_143727.mp4,2026-09-17T14:38:45.397564,1789673925.398,2304
g5_c925_cubo_m1_20260917_143727.mp4,2026-09-17T14:38:45.428882,1789673925.429,2305
g5_c925_cubo_m1_20260917_143727.mp4,2026-09-17T14:38:45.460733,1789673925.461,2306
g5_c925_cubo_m1_20260917_143727.mp4,2026-09-17T14:38:45.499893,1789673925.500,2307
g5_c925_cubo_m1_20260917_143727.mp4,2026-09-17T14:38:45.533541,1789673925.534,2308
g5_c925_cubo_m1_20260917_143727.mp4,2026-09-17T14:38:45.571482,1789673925.571,2309
g5_c925_cubo_m1_20260917_143727.mp4,2026-09-17T14:38:45.600324,1789673925.600,2310
g5_c925_cubo_m1_20260917_143727.mp4,2026-09-17T14:38:45.631895,1789673925.632,2311
g5_c925_cubo_m1_20260917_143727.mp4,2026-09-17T14:38:45.662373,1789673925.662,2312
g5_c925_cubo_m1_20260917_143727.mp4,2026-09-17T14:38:45.699519,1789673925.700,2313
g5_c925_cubo_m1_20260917_143727.mp4,2026-09-17T14:38:45.729241,1789673925.729,2314
g5_c925_cubo_m1_20260917_143727.mp4,2026-09-17T14:38:45.764361,1789673925.764,2315
g5_c925_cubo_m1_20260917_143727.mp4,2026-09-17T14:38:45.796255,1789673925.796,2316
g5_c925_cubo_m1_20260917_143727.mp4,2026-09-17T14:38:45.829282,1789673925.829,2317
g5_c925_cubo_m1_20260917_143727.mp4,2026-09-17T14:38:45.860111,1789673925.860,2318
g5_c925_cubo_m1_20260917_143727.mp4,2026-09-17T14:38:45.895991,1789673925.896,2319
g5_c925_cubo_m1_20260917_143727.mp4,2026-09-17T14:38:45.929176,1789673925.929,2320
g5_c925_cubo_m1_20260917_143727.mp4,2026-09-17T14:38:45.965033,1789673925.965,2321
g5_c925_cubo_m1_20260917_143727.mp4,2026-09-17T14:38:46.002879,1789673926.003,2322
g5_c925_cubo_m1_20260917_143727.mp4,2026-09-17T14:38:46.029043,1789673926.029,2323
g5_c925_cubo_m1_20260917_143727.mp4,2026-09-17T14:38:46.063114,1789673926.063,2324
g5_c925_cubo_m1_20260917_143727.mp4,2026-09-17T14:38:46.099956,1789673926.100,2325
g5_c925_cubo_m1_20260917_143727.mp4,2026-09-17T14:38:46.131318,1789673926.131,2326
g5_c925_cubo_m1_20260917_143727.mp4,2026-09-17T14:38:46.169075,1789673926.169,2327
g5_c925_cubo_m1_20260917_143727.mp4,2026-09-17T14:38:46.200422,1789673926.200,2328
g5_c925_cubo_m1_20260917_143727.mp4,2026-09-17T14:38:46.229999,1789673926.230,2329
g5_c925_cubo_m1_20260917_143727.mp4,2026-09-17T14:38:46.260293,1789673926.260,2330
g5_c925_cubo_m1_20260917_143727.mp4,2026-09-17T14:38:46.296309,1789673926.296,2331
g5_c925_cubo_m1_20260917_143727.mp4,2026-09-17T14:38:46.329287,1789673926.329,2332
g5_c925_cubo_m1_20260917_143727.mp4,2026-09-17T14:38:46.365330,1789673926.365,2333
g5_c925_cubo_m1_20260917_143727.mp4,2026-09-17T14:38:46.398601,1789673926.399,2334
g5_c925_cubo_m1_20260917_143727.mp4,2026-09-17T14:38:46.429423,1789673926.429,2335
g5_c925_cubo_m1_20260917_143727.mp4,2026-09-17T14:38:46.467620,1789673926.468,2336
g5_c925_cubo_m1_20260917_143727.mp4,2026-09-17T14:38:46.498562,1789673926.499,2337
g5_c925_cubo_m1_20260917_143727.mp4,2026-09-17T14:38:46.534570,1789673926.535,2338
g5_c925_cubo_m1_20260917_143727.mp4,2026-09-17T14:38:46.569546,1789673926.570,2339
g5_c925_cubo_m1_20260917_143727.mp4,2026-09-17T14:38:46.598641,1789673926.599,2340
g5_c925_cubo_m1_20260917_143727.mp4,2026-09-17T14:38:46.631744,1789673926.632,2341
g5_c925_cubo_m1_20260917_143727.mp4,2026-09-17T14:38:46.663205,1789673926.663,2342
g5_c925_cubo_m1_20260917_143727.mp4,2026-09-17T14:38:46.700988,1789673926.701,2343
g5_c925_cubo_m1_20260917_143727.mp4,2026-09-17T14:38:46.729322,1789673926.729,2344
g5_c925_cubo_m1_20260917_143727.mp4,2026-09-17T14:38:46.764205,1789673926.764,2345
g5_c925_cubo_m1_20260917_143727.mp4,2026-09-17T14:38:46.795998,1789673926.796,2346
g5_c925_cubo_m1_20260917_143727.mp4,2026-09-17T14:38:46.829150,1789673926.829,2347
g5_c925_cubo_m1_20260917_143727.mp4,2026-09-17T14:38:46.861889,1789673926.862,2348
g5_c925_cubo_m1_20260917_143727.mp4,2026-09-17T14:38:46.899983,1789673926.900,2349
g5_c925_cubo_m1_20260917_143727.mp4,2026-09-17T14:38:46.931967,1789673926.932,2350
g5_c925_cubo_m1_20260917_143727.mp4,2026-09-17T14:38:46.969804,1789673926.970,2351
g5_c925_cubo_m1_20260917_143727.mp4,2026-09-17T14:38:47.001943,1789673927.002,2352
g5_c925_cubo_m1_20260917_143727.mp4,2026-09-17T14:38:47.028791,1789673927.029,2353
g5_c925_cubo_m1_20260917_143727.mp4,2026-09-17T14:38:47.066137,1789673927.066,2354
g5_c925_cubo_m1_20260917_143727.mp4,2026-09-17T14:38:47.096175,1789673927.096,2355
g5_c925_cubo_m1_20260917_143727.mp4,2026-09-17T14:38:47.136782,1789673927.137,2356
g5_c925_cubo_m1_20260917_143727.mp4,2026-09-17T14:38:47.167646,1789673927.168,2357
g5_c925_cubo_m1_20260917_143727.mp4,2026-09-17T14:38:47.196346,1789673927.196,2358
g5_c925_cubo_m1_20260917_143727.mp4,2026-09-17T14:38:47.228621,1789673927.229,2359
g5_c925_cubo_m1_20260917_143727.mp4,2026-09-17T14:38:47.260238,1789673927.260,2360
g5_c925_cubo_m1_20260917_143727.mp4,2026-09-17T14:38:47.296772,1789673927.297,2361
g5_c925_cubo_m1_20260917_143727.mp4,2026-09-17T14:38:47.328706,1789673927.329,2362
g5_c925_cubo_m1_20260917_143727.mp4,2026-09-17T14:38:47.364719,1789673927.365,2363
g5_c925_cubo_m1_20260917_143727.mp4,2026-09-17T14:38:47.398549,1789673927.399,2364
g5_c925_cubo_m1_20260917_143727.mp4,2026-09-17T14:38:47.432948,1789673927.433,2365
g5_c925_cubo_m1_20260917_143727.mp4,2026-09-17T14:38:47.465570,1789673927.466,2366
g5_c925_cubo_m1_20260917_143727.mp4,2026-09-17T14:38:47.502973,1789673927.503,2367
g5_c925_cubo_m1_20260917_143727.mp4,2026-09-17T14:38:47.531991,1789673927.532,2368
g5_c925_cubo_m1_20260917_143727.mp4,2026-09-17T14:38:47.571371,1789673927.571,2369
g5_c925_cubo_m1_20260917_143727.mp4,2026-09-17T14:38:47.599587,1789673927.600,2370
g5_c925_cubo_m1_20260917_143727.mp4,2026-09-17T14:38:47.632899,1789673927.633,2371
g5_c925_cubo_m1_20260917_143727.mp4,2026-09-17T14:38:47.663918,1789673927.664,2372
g5_c925_cubo_m1_20260917_143727.mp4,2026-09-17T14:38:47.700515,1789673927.701,2373
g5_c925_cubo_m1_20260917_143727.mp4,2026-09-17T14:38:47.729659,1789673927.730,2374
g5_c925_cubo_m1_20260917_143727.mp4,2026-09-17T14:38:47.764121,1789673927.764,2375
g5_c925_cubo_m1_20260917_143727.mp4,2026-09-17T14:38:47.796446,1789673927.796,2376
g5_c925_cubo_m1_20260917_143727.mp4,2026-09-17T14:38:47.829215,1789673927.829,2377
g5_c925_cubo_m1_20260917_143727.mp4,2026-09-17T14:38:47.860161,1789673927.860,2378
g5_c925_cubo_m1_20260917_143727.mp4,2026-09-17T14:38:47.899620,1789673927.900,2379
g5_c925_cubo_m1_20260917_143727.mp4,2026-09-17T14:38:47.933164,1789673927.933,2380
g5_c925_cubo_m1_20260917_143727.mp4,2026-09-17T14:38:47.968948,1789673927.969,2381
g5_c925_cubo_m1_20260917_143727.mp4,2026-09-17T14:38:48.000882,1789673928.001,2382
g5_c925_cubo_m1_20260917_143727.mp4,2026-09-17T14:38:48.033804,1789673928.034,2383
g5_c925_cubo_m1_20260917_143727.mp4,2026-09-17T14:38:48.064440,1789673928.064,2384
g5_c925_cubo_m1_20260917_143727.mp4,2026-09-17T14:38:48.104236,1789673928.104,2385
g5_c925_cubo_m1_20260917_143727.mp4,2026-09-17T14:38:48.128168,1789673928.128,2386
g5_c925_cubo_m1_20260917_143727.mp4,2026-09-17T14:38:48.164786,1789673928.165,2387
g5_c925_cubo_m1_20260917_143727.mp4,2026-09-17T14:38:48.196099,1789673928.196,2388
g5_c925_cubo_m1_20260917_143727.mp4,2026-09-17T14:38:48.227927,1789673928.228,2389
g5_c925_cubo_m1_20260917_143727.mp4,2026-09-17T14:38:48.260040,1789673928.260,2390
g5_c925_cubo_m1_20260917_143727.mp4,2026-09-17T14:38:48.296207,1789673928.296,2391
g5_c925_cubo_m1_20260917_143727.mp4,2026-09-17T14:38:48.328339,1789673928.328,2392
g5_c925_cubo_m1_20260917_143727.mp4,2026-09-17T14:38:48.365238,1789673928.365,2393
g5_c925_cubo_m1_20260917_143727.mp4,2026-09-17T14:38:48.397512,1789673928.398,2394
g5_c925_cubo_m1_20260917_143727.mp4,2026-09-17T14:38:48.428794,1789673928.429,2395
g5_c925_cubo_m1_20260917_143727.mp4,2026-09-17T14:38:48.460108,1789673928.460,2396
g5_c925_cubo_m1_20260917_143727.mp4,2026-09-17T14:38:48.499143,1789673928.499,2397
g5_c925_cubo_m1_20260917_143727.mp4,2026-09-17T14:38:48.534193,1789673928.534,2398
g5_c925_cubo_m1_20260917_143727.mp4,2026-09-17T14:38:48.569019,1789673928.569,2399
g5_c925_cubo_m1_20260917_143727.mp4,2026-09-17T14:38:48.600606,1789673928.601,2400
g5_c925_cubo_m1_20260917_143727.mp4,2026-09-17T14:38:48.630339,1789673928.630,2401
g5_c925_cubo_m1_20260917_143727.mp4,2026-09-17T14:38:48.661377,1789673928.661,2402
g5_c925_cubo_m1_20260917_143727.mp4,2026-09-17T14:38:48.696098,1789673928.696,2403
g5_c925_cubo_m1_20260917_143727.mp4,2026-09-17T14:38:48.728221,1789673928.728,2404
g5_c925_cubo_m1_20260917_143727.mp4,2026-09-17T14:38:48.764970,1789673928.765,2405
g5_c925_cubo_m1_20260917_143727.mp4,2026-09-17T14:38:48.796288,1789673928.796,2406
g5_c925_cubo_m1_20260917_143727.mp4,2026-09-17T14:38:48.827992,1789673928.828,2407
g5_c925_cubo_m1_20260917_143727.mp4,2026-09-17T14:38:48.863560,1789673928.864,2408
g5_c925_cubo_m1_20260917_143727.mp4,2026-09-17T14:38:48.898586,1789673928.899,2409
g5_c925_cubo_m1_20260917_143727.mp4,2026-09-17T14:38:48.932794,1789673928.933,2410
g5_c925_cubo_m1_20260917_143727.mp4,2026-09-17T14:38:48.965147,1789673928.965,2411
g5_c925_cubo_m1_20260917_143727.mp4,2026-09-17T14:38:49.000048,1789673929.000,2412
g5_c925_cubo_m1_20260917_143727.mp4,2026-09-17T14:38:49.028472,1789673929.028,2413
g5_c925_cubo_m1_20260917_143727.mp4,2026-09-17T14:38:49.063921,1789673929.064,2414
g5_c925_cubo_m1_20260917_143727.mp4,2026-09-17T14:38:49.101719,1789673929.102,2415
g5_c925_cubo_m1_20260917_143727.mp4,2026-09-17T14:38:49.131279,1789673929.131,2416
g5_c925_cubo_m1_20260917_143727.mp4,2026-09-17T14:38:49.164995,1789673929.165,2417
g5_c925_cubo_m1_20260917_143727.mp4,2026-09-17T14:38:49.196687,1789673929.197,2418
g5_c925_cubo_m1_20260917_143727.mp4,2026-09-17T14:38:49.228224,1789673929.228,2419
g5_c925_cubo_m1_20260917_143727.mp4,2026-09-17T14:38:49.261515,1789673929.262,2420
g5_c925_cubo_m1_20260917_143727.mp4,2026-09-17T14:38:49.296995,1789673929.297,2421
g5_c925_cubo_m1_20260917_143727.mp4,2026-09-17T14:38:49.328178,1789673929.328,2422
g5_c925_cubo_m1_20260917_143727.mp4,2026-09-17T14:38:49.366320,1789673929.366,2423
g5_c925_cubo_m1_20260917_143727.mp4,2026-09-17T14:38:49.397518,1789673929.398,2424
g5_c925_cubo_m1_20260917_143727.mp4,2026-09-17T14:38:49.435388,1789673929.435,2425
g5_c925_cubo_m1_20260917_143727.mp4,2026-09-17T14:38:49.468148,1789673929.468,2426
g5_c925_cubo_m1_20260917_143727.mp4,2026-09-17T14:38:49.498956,1789673929.499,2427
g5_c925_cubo_m1_20260917_143727.mp4,2026-09-17T14:38:49.532076,1789673929.532,2428
g5_c925_cubo_m1_20260917_143727.mp4,2026-09-17T14:38:49.567104,1789673929.567,2429
g5_c925_cubo_m1_20260917_143727.mp4,2026-09-17T14:38:49.596287,1789673929.596,2430
g5_c925_cubo_m1_20260917_143727.mp4,2026-09-17T14:38:49.631211,1789673929.631,2431
g5_c925_cubo_m1_20260917_143727.mp4,2026-09-17T14:38:49.661498,1789673929.662,2432
g5_c925_cubo_m1_20260917_143727.mp4,2026-09-17T14:38:49.696293,1789673929.696,2433
g5_c925_cubo_m1_20260917_143727.mp4,2026-09-17T14:38:49.728109,1789673929.728,2434
g5_c925_cubo_m1_20260917_143727.mp4,2026-09-17T14:38:49.767002,1789673929.767,2435
g5_c925_cubo_m1_20260917_143727.mp4,2026-09-17T14:38:49.797287,1789673929.797,2436
g5_c925_cubo_m1_20260917_143727.mp4,2026-09-17T14:38:49.834913,1789673929.835,2437
g5_c925_cubo_m1_20260917_143727.mp4,2026-09-17T14:38:49.860163,1789673929.860,2438
g5_c925_cubo_m1_20260917_143727.mp4,2026-09-17T14:38:49.897250,1789673929.897,2439
g5_c925_cubo_m1_20260917_143727.mp4,2026-09-17T14:38:49.930849,1789673929.931,2440
g5_c925_cubo_m1_20260917_143727.mp4,2026-09-17T14:38:49.969339,1789673929.969,2441
g5_c925_cubo_m1_20260917_143727.mp4,2026-09-17T14:38:50.000652,1789673930.001,2442
g5_c925_cubo_m1_20260917_143727.mp4,2026-09-17T14:38:50.033246,1789673930.033,2443
g5_c925_cubo_m1_20260917_143727.mp4,2026-09-17T14:38:50.065917,1789673930.066,2444
g5_c925_cubo_m1_20260917_143727.mp4,2026-09-17T14:38:50.097643,1789673930.098,2445
g5_c925_cubo_m1_20260917_143727.mp4,2026-09-17T14:38:50.129788,1789673930.130,2446
g5_c925_cubo_m1_20260917_143727.mp4,2026-09-17T14:38:50.164725,1789673930.165,2447
g5_c925_cubo_m1_20260917_143727.mp4,2026-09-17T14:38:50.196766,1789673930.197,2448
g5_c925_cubo_m1_20260917_143727.mp4,2026-09-17T14:38:50.228288,1789673930.228,2449
g5_c925_cubo_m1_20260917_143727.mp4,2026-09-17T14:38:50.260827,1789673930.261,2450
g5_c925_cubo_m1_20260917_143727.mp4,2026-09-17T14:38:50.296020,1789673930.296,2451
g5_c925_cubo_m1_20260917_143727.mp4,2026-09-17T14:38:50.329567,1789673930.330,2452
g5_c925_cubo_m1_20260917_143727.mp4,2026-09-17T14:38:50.364459,1789673930.364,2453
g5_c925_cubo_m1_20260917_143727.mp4,2026-09-17T14:38:50.398954,1789673930.399,2454
g5_c925_cubo_m1_20260917_143727.mp4,2026-09-17T14:38:50.432892,1789673930.433,2455
g5_c925_cubo_m1_20260917_143727.mp4,2026-09-17T14:38:50.466286,1789673930.466,2456
g5_c925_cubo_m1_20260917_143727.mp4,2026-09-17T14:38:50.502069,1789673930.502,2457
g5_c925_cubo_m1_20260917_143727.mp4,2026-09-17T14:38:50.535845,1789673930.536,2458
g5_c925_cubo_m1_20260917_143727.mp4,2026-09-17T14:38:50.569014,1789673930.569,2459
g5_c925_cubo_m1_20260917_143727.mp4,2026-09-17T14:38:50.598647,1789673930.599,2460
g5_c925_cubo_m1_20260917_143727.mp4,2026-09-17T14:38:50.631128,1789673930.631,2461
g5_c925_cubo_m1_20260917_143727.mp4,2026-09-17T14:38:50.660673,1789673930.661,2462
g5_c925_cubo_m1_20260917_143727.mp4,2026-09-17T14:38:50.699001,1789673930.699,2463
g5_c925_cubo_m1_20260917_143727.mp4,2026-09-17T14:38:50.731868,1789673930.732,2464
g5_c925_cubo_m1_20260917_143727.mp4,2026-09-17T14:38:50.767230,1789673930.767,2465
g5_c925_cubo_m1_20260917_143727.mp4,2026-09-17T14:38:50.796253,1789673930.796,2466
g5_c925_cubo_m1_20260917_143727.mp4,2026-09-17T14:38:50.828635,1789673930.829,2467
g5_c925_cubo_m1_20260917_143727.mp4,2026-09-17T14:38:50.863077,1789673930.863,2468
g5_c925_cubo_m1_20260917_143727.mp4,2026-09-17T14:38:50.898859,1789673930.899,2469
g5_c925_cubo_m1_20260917_143727.mp4,2026-09-17T14:38:50.932830,1789673930.933,2470
g5_c925_cubo_m1_20260917_143727.mp4,2026-09-17T14:38:50.968437,1789673930.968,2471
g5_c925_cubo_m1_20260917_143727.mp4,2026-09-17T14:38:51.000138,1789673931.000,2472
g5_c925_cubo_m1_20260917_143727.mp4,2026-09-17T14:38:51.034936,1789673931.035,2473
g5_c925_cubo_m1_20260917_143727.mp4,2026-09-17T14:38:51.060582,1789673931.061,2474
g5_c925_cubo_m1_20260917_143727.mp4,2026-09-17T14:38:51.096564,1789673931.097,2475
g5_c925_cubo_m1_20260917_143727.mp4,2026-09-17T14:38:51.129282,1789673931.129,2476
g5_c925_cubo_m1_20260917_143727.mp4,2026-09-17T14:38:51.164101,1789673931.164,2477
g5_c925_cubo_m1_20260917_143727.mp4,2026-09-17T14:38:51.196114,1789673931.196,2478
g5_c925_cubo_m1_20260917_143727.mp4,2026-09-17T14:38:51.229122,1789673931.229,2479
g5_c925_cubo_m1_20260917_143727.mp4,2026-09-17T14:38:51.260651,1789673931.261,2480
g5_c925_cubo_m1_20260917_143727.mp4,2026-09-17T14:38:51.297092,1789673931.297,2481
g5_c925_cubo_m1_20260917_143727.mp4,2026-09-17T14:38:51.328782,1789673931.329,2482
g5_c925_cubo_m1_20260917_143727.mp4,2026-09-17T14:38:51.364054,1789673931.364,2483
g5_c925_cubo_m1_20260917_143727.mp4,2026-09-17T14:38:51.396959,1789673931.397,2484
g5_c925_cubo_m1_20260917_143727.mp4,2026-09-17T14:38:51.430501,1789673931.431,2485
g5_c925_cubo_m1_20260917_143727.mp4,2026-09-17T14:38:51.464903,1789673931.465,2486
g5_c925_cubo_m1_20260917_143727.mp4,2026-09-17T14:38:51.501106,1789673931.501,2487
g5_c925_cubo_m1_20260917_143727.mp4,2026-09-17T14:38:51.534136,1789673931.534,2488
g5_c925_cubo_m1_20260917_143727.mp4,2026-09-17T14:38:51.571059,1789673931.571,2489
g5_c925_cubo_m1_20260917_143727.mp4,2026-09-17T14:38:51.600439,1789673931.600,2490
g5_c925_cubo_m1_20260917_143727.mp4,2026-09-17T14:38:51.629830,1789673931.630,2491
g5_c925_cubo_m1_20260917_143727.mp4,2026-09-17T14:38:51.664781,1789673931.665,2492
g5_c925_cubo_m1_20260917_143727.mp4,2026-09-17T14:38:51.701801,1789673931.702,2493
g5_c925_cubo_m1_20260917_143727.mp4,2026-09-17T14:38:51.731593,1789673931.732,2494
g5_c925_cubo_m1_20260917_143727.mp4,2026-09-17T14:38:51.768324,1789673931.768,2495
g5_c925_cubo_m1_20260917_143727.mp4,2026-09-17T14:38:51.797980,1789673931.798,2496
g5_c925_cubo_m1_20260917_143727.mp4,2026-09-17T14:38:51.828590,1789673931.829,2497
g5_c925_cubo_m1_20260917_143727.mp4,2026-09-17T14:38:51.860034,1789673931.860,2498
g5_c925_cubo_m1_20260917_143727.mp4,2026-09-17T14:38:51.896875,1789673931.897,2499
g5_c925_cubo_m1_20260917_143727.mp4,2026-09-17T14:38:51.932385,1789673931.932,2500
g5_c925_cubo_m1_20260917_143727.mp4,2026-09-17T14:38:51.968583,1789673931.969,2501
g5_c925_cubo_m1_20260917_143727.mp4,2026-09-17T14:38:52.000325,1789673932.000,2502
g5_c925_cubo_m1_20260917_143727.mp4,2026-09-17T14:38:52.033753,1789673932.034,2503
g5_c925_cubo_m1_20260917_143727.mp4,2026-09-17T14:38:52.064500,1789673932.065,2504
g5_c925_cubo_m1_20260917_143727.mp4,2026-09-17T14:38:52.100061,1789673932.100,2505
g5_c925_cubo_m1_20260917_143727.mp4,2026-09-17T14:38:52.139406,1789673932.139,2506
g5_c925_cubo_m1_20260917_143727.mp4,2026-09-17T14:38:52.172683,1789673932.173,2507
g5_c925_cubo_m1_20260917_143727.mp4,2026-09-17T14:38:52.198425,1789673932.198,2508
g5_c925_cubo_m1_20260917_143727.mp4,2026-09-17T14:38:52.234383,1789673932.234,2509
g5_c925_cubo_m1_20260917_143727.mp4,2026-09-17T14:38:52.259936,1789673932.260,2510
g5_c925_cubo_m1_20260917_143727.mp4,2026-09-17T14:38:52.296463,1789673932.296,2511
g5_c925_cubo_m1_20260917_143727.mp4,2026-09-17T14:38:52.328169,1789673932.328,2512
g5_c925_cubo_m1_20260917_143727.mp4,2026-09-17T14:38:52.364793,1789673932.365,2513
g5_c925_cubo_m1_20260917_143727.mp4,2026-09-17T14:38:52.396001,1789673932.396,2514
g5_c925_cubo_m1_20260917_143727.mp4,2026-09-17T14:38:52.430351,1789673932.430,2515
g5_c925_cubo_m1_20260917_143727.mp4,2026-09-17T14:38:52.464698,1789673932.465,2516
g5_c925_cubo_m1_20260917_143727.mp4,2026-09-17T14:38:52.496945,1789673932.497,2517
g5_c925_cubo_m1_20260917_143727.mp4,2026-09-17T14:38:52.532096,1789673932.532,2518
g5_c925_cubo_m1_20260917_143727.mp4,2026-09-17T14:38:52.572168,1789673932.572,2519
g5_c925_cubo_m1_20260917_143727.mp4,2026-09-17T14:38:52.599426,1789673932.599,2520
g5_c925_cubo_m1_20260917_143727.mp4,2026-09-17T14:38:52.633664,1789673932.634,2521
g5_c925_cubo_m1_20260917_143727.mp4,2026-09-17T14:38:52.664995,1789673932.665,2522
g5_c925_cubo_m1_20260917_143727.mp4,2026-09-17T14:38:52.701529,1789673932.702,2523
g5_c925_cubo_m1_20260917_143727.mp4,2026-09-17T14:38:52.731698,1789673932.732,2524
g5_c925_cubo_m1_20260917_143727.mp4,2026-09-17T14:38:52.769760,1789673932.770,2525
g5_c925_cubo_m1_20260917_143727.mp4,2026-09-17T14:38:52.799683,1789673932.800,2526
g5_c925_cubo_m1_20260917_143727.mp4,2026-09-17T14:38:52.829598,1789673932.830,2527
g5_c925_cubo_m1_20260917_143727.mp4,2026-09-17T14:38:52.860143,1789673932.860,2528
g5_c925_cubo_m1_20260917_143727.mp4,2026-09-17T14:38:52.896289,1789673932.896,2529
g5_c925_cubo_m1_20260917_143727.mp4,2026-09-17T14:38:52.928499,1789673932.929,2530
g5_c925_cubo_m1_20260917_143727.mp4,2026-09-17T14:38:52.964715,1789673932.965,2531
g5_c925_cubo_m1_20260917_143727.mp4,2026-09-17T14:38:52.998926,1789673932.999,2532
g5_c925_cubo_m1_20260917_143727.mp4,2026-09-17T14:38:53.031945,1789673933.032,2533
g5_c925_cubo_m1_20260917_143727.mp4,2026-09-17T14:38:53.060207,1789673933.060,2534
g5_c925_cubo_m1_20260917_143727.mp4,2026-09-17T14:38:53.098555,1789673933.099,2535
g5_c925_cubo_m1_20260917_143727.mp4,2026-09-17T14:38:53.133288,1789673933.133,2536
g5_c925_cubo_m1_20260917_143727.mp4,2026-09-17T14:38:53.170899,1789673933.171,2537
g5_c925_cubo_m1_20260917_143727.mp4,2026-09-17T14:38:53.200128,1789673933.200,2538
g5_c925_cubo_m1_20260917_143727.mp4,2026-09-17T14:38:53.232425,1789673933.232,2539
g5_c925_cubo_m1_20260917_143727.mp4,2026-09-17T14:38:53.263625,1789673933.264,2540
g5_c925_cubo_m1_20260917_143727.mp4,2026-09-17T14:38:53.304588,1789673933.305,2541
g5_c925_cubo_m1_20260917_143727.mp4,2026-09-17T14:38:53.328686,1789673933.329,2542
g5_c925_cubo_m1_20260917_143727.mp4,2026-09-17T14:38:53.364070,1789673933.364,2543
g5_c925_cubo_m1_20260917_143727.mp4,2026-09-17T14:38:53.396914,1789673933.397,2544
g5_c925_cubo_m1_20260917_143727.mp4,2026-09-17T14:38:53.430493,1789673933.431,2545
g5_c925_cubo_m1_20260917_143727.mp4,2026-09-17T14:38:53.460425,1789673933.460,2546
g5_c925_cubo_m1_20260917_143727.mp4,2026-09-17T14:38:53.496695,1789673933.497,2547
g5_c925_cubo_m1_20260917_143727.mp4,2026-09-17T14:38:53.536542,1789673933.537,2548
g5_c925_cubo_m1_20260917_143727.mp4,2026-09-17T14:38:53.566448,1789673933.566,2549
g5_c925_cubo_m1_20260917_143727.mp4,2026-09-17T14:38:53.602307,1789673933.602,2550
g5_c925_cubo_m1_20260917_143727.mp4,2026-09-17T14:38:53.632080,1789673933.632,2551
g5_c925_cubo_m1_20260917_143727.mp4,2026-09-17T14:38:53.660836,1789673933.661,2552
g5_c925_cubo_m1_20260917_143727.mp4,2026-09-17T14:38:53.701250,1789673933.701,2553
g5_c925_cubo_m1_20260917_143727.mp4,2026-09-17T14:38:53.732597,1789673933.733,2554
g5_c925_cubo_m1_20260917_143727.mp4,2026-09-17T14:38:53.770362,1789673933.770,2555
g5_c925_cubo_m1_20260917_143727.mp4,2026-09-17T14:38:53.798965,1789673933.799,2556
g5_c925_cubo_m1_20260917_143727.mp4,2026-09-17T14:38:53.829355,1789673933.829,2557
g5_c925_cubo_m1_20260917_143727.mp4,2026-09-17T14:38:53.860239,1789673933.860,2558
g5_c925_cubo_m1_20260917_143727.mp4,2026-09-17T14:38:53.896765,1789673933.897,2559
g5_c925_cubo_m1_20260917_143727.mp4,2026-09-17T14:38:53.928073,1789673933.928,2560
g5_c925_cubo_m1_20260917_143727.mp4,2026-09-17T14:38:53.967054,1789673933.967,2561
g5_c925_cubo_m1_20260917_143727.mp4,2026-09-17T14:38:53.996168,1789673933.996,2562
g5_c925_cubo_m1_20260917_143727.mp4,2026-09-17T14:38:54.033572,1789673934.034,2563
g5_c925_cubo_m1_20260917_143727.mp4,2026-09-17T14:38:54.067776,1789673934.068,2564
g5_c925_cubo_m1_20260917_143727.mp4,2026-09-17T14:38:54.104297,1789673934.104,2565
g5_c925_cubo_m1_20260917_143727.mp4,2026-09-17T14:38:54.134866,1789673934.135,2566
g5_c925_cubo_m1_20260917_143727.mp4,2026-09-17T14:38:54.170314,1789673934.170,2567
g5_c925_cubo_m1_20260917_143727.mp4,2026-09-17T14:38:54.201195,1789673934.201,2568
g5_c925_cubo_m1_20260917_143727.mp4,2026-09-17T14:38:54.229924,1789673934.230,2569
g5_c925_cubo_m1_20260917_143727.mp4,2026-09-17T14:38:54.264280,1789673934.264,2570
g5_c925_cubo_m1_20260917_143727.mp4,2026-09-17T14:38:54.296008,1789673934.296,2571
g5_c925_cubo_m1_20260917_143727.mp4,2026-09-17T14:38:54.328510,1789673934.329,2572
g5_c925_cubo_m1_20260917_143727.mp4,2026-09-17T14:38:54.363925,1789673934.364,2573
g5_c925_cubo_m1_20260917_143727.mp4,2026-09-17T14:38:54.396354,1789673934.396,2574
g5_c925_cubo_m1_20260917_143727.mp4,2026-09-17T14:38:54.430045,1789673934.430,2575
g5_c925_cubo_m1_20260917_143727.mp4,2026-09-17T14:38:54.463875,1789673934.464,2576
g5_c925_cubo_m1_20260917_143727.mp4,2026-09-17T14:38:54.499325,1789673934.499,2577
g5_c925_cubo_m1_20260917_143727.mp4,2026-09-17T14:38:54.529171,1789673934.529,2578
g5_c925_cubo_m1_20260917_143727.mp4,2026-09-17T14:38:54.567611,1789673934.568,2579
g5_c925_cubo_m1_20260917_143727.mp4,2026-09-17T14:38:54.602168,1789673934.602,2580
g5_c925_cubo_m1_20260917_143727.mp4,2026-09-17T14:38:54.633841,1789673934.634,2581
g5_c925_cubo_m1_20260917_143727.mp4,2026-09-17T14:38:54.670571,1789673934.671,2582
g5_c925_cubo_m1_20260917_143727.mp4,2026-09-17T14:38:54.700976,1789673934.701,2583
g5_c925_cubo_m1_20260917_143727.mp4,2026-09-17T14:38:54.731967,1789673934.732,2584
g5_c925_cubo_m1_20260917_143727.mp4,2026-09-17T14:38:54.769632,1789673934.770,2585
g5_c925_cubo_m1_20260917_143727.mp4,2026-09-17T14:38:54.800825,1789673934.801,2586
g5_c925_cubo_m1_20260917_143727.mp4,2026-09-17T14:38:54.828162,1789673934.828,2587
g5_c925_cubo_m1_20260917_143727.mp4,2026-09-17T14:38:54.864026,1789673934.864,2588
g5_c925_cubo_m1_20260917_143727.mp4,2026-09-17T14:38:54.896080,1789673934.896,2589
g5_c925_cubo_m1_20260917_143727.mp4,2026-09-17T14:38:54.930503,1789673934.931,2590
g5_c925_cubo_m1_20260917_143727.mp4,2026-09-17T14:38:54.965865,1789673934.966,2591
g5_c925_cubo_m1_20260917_143727.mp4,2026-09-17T14:38:54.996746,1789673934.997,2592
g5_c925_cubo_m1_20260917_143727.mp4,2026-09-17T14:38:55.035886,1789673935.036,2593
g5_c925_cubo_m1_20260917_143727.mp4,2026-09-17T14:38:55.064607,1789673935.065,2594
g5_c925_cubo_m1_20260917_143727.mp4,2026-09-17T14:38:55.097059,1789673935.097,2595
g5_c925_cubo_m1_20260917_143727.mp4,2026-09-17T14:38:55.134286,1789673935.134,2596
g5_c925_cubo_m1_20260917_143727.mp4,2026-09-17T14:38:55.169717,1789673935.170,2597
g5_c925_cubo_m1_20260917_143727.mp4,2026-09-17T14:38:55.200093,1789673935.200,2598
g5_c925_cubo_m1_20260917_143727.mp4,2026-09-17T14:38:55.232014,1789673935.232,2599
g5_c925_cubo_m1_20260917_143727.mp4,2026-09-17T14:38:55.269728,1789673935.270,2600
g5_c925_cubo_m1_20260917_143727.mp4,2026-09-17T14:38:55.299197,1789673935.299,2601
g5_c925_cubo_m1_20260917_143727.mp4,2026-09-17T14:38:55.327947,1789673935.328,2602
g5_c925_cubo_m1_20260917_143727.mp4,2026-09-17T14:38:55.363902,1789673935.364,2603
g5_c925_cubo_m1_20260917_143727.mp4,2026-09-17T14:38:55.396467,1789673935.396,2604
g5_c925_cubo_m1_20260917_143727.mp4,2026-09-17T14:38:55.429433,1789673935.429,2605
g5_c925_cubo_m1_20260917_143727.mp4,2026-09-17T14:38:55.465095,1789673935.465,2606
g5_c925_cubo_m1_20260917_143727.mp4,2026-09-17T14:38:55.498325,1789673935.498,2607
g5_c925_cubo_m1_20260917_143727.mp4,2026-09-17T14:38:55.534363,1789673935.534,2608
g5_c925_cubo_m1_20260917_143727.mp4,2026-09-17T14:38:55.564258,1789673935.564,2609
g5_c925_cubo_m1_20260917_143727.mp4,2026-09-17T14:38:55.596779,1789673935.597,2610
g5_c925_cubo_m1_20260917_143727.mp4,2026-09-17T14:38:55.631209,1789673935.631,2611
g5_c925_cubo_m1_20260917_143727.mp4,2026-09-17T14:38:55.665119,1789673935.665,2612
g5_c925_cubo_m1_20260917_143727.mp4,2026-09-17T14:38:55.702229,1789673935.702,2613
g5_c925_cubo_m1_20260917_143727.mp4,2026-09-17T14:38:55.731348,1789673935.731,2614
g5_c925_cubo_m1_20260917_143727.mp4,2026-09-17T14:38:55.769880,1789673935.770,2615
g5_c925_cubo_m1_20260917_143727.mp4,2026-09-17T14:38:55.797697,1789673935.798,2616
g5_c925_cubo_m1_20260917_143727.mp4,2026-09-17T14:38:55.830824,1789673935.831,2617
g5_c925_cubo_m1_20260917_143727.mp4,2026-09-17T14:38:55.865702,1789673935.866,2618
g5_c925_cubo_m1_20260917_143727.mp4,2026-09-17T14:38:55.896486,1789673935.896,2619
g5_c925_cubo_m1_20260917_143727.mp4,2026-09-17T14:38:55.928620,1789673935.929,2620
g5_c925_cubo_m1_20260917_143727.mp4,2026-09-17T14:38:55.966676,1789673935.967,2621
g5_c925_cubo_m1_20260917_143727.mp4,2026-09-17T14:38:55.998314,1789673935.998,2622
g5_c925_cubo_m1_20260917_143727.mp4,2026-09-17T14:38:56.029154,1789673936.029,2623
g5_c925_cubo_m1_20260917_143727.mp4,2026-09-17T14:38:56.064734,1789673936.065,2624
g5_c925_cubo_m1_20260917_143727.mp4,2026-09-17T14:38:56.103724,1789673936.104,2625
g5_c925_cubo_m1_20260917_143727.mp4,2026-09-17T14:38:56.130159,1789673936.130,2626
g5_c925_cubo_m1_20260917_143727.mp4,2026-09-17T14:38:56.170760,1789673936.171,2627
g5_c925_cubo_m1_20260917_143727.mp4,2026-09-17T14:38:56.201595,1789673936.202,2628
g5_c925_cubo_m1_20260917_143727.mp4,2026-09-17T14:38:56.234469,1789673936.234,2629
g5_c925_cubo_m1_20260917_143727.mp4,2026-09-17T14:38:56.267975,1789673936.268,2630
g5_c925_cubo_m1_20260917_143727.mp4,2026-09-17T14:38:56.301017,1789673936.301,2631
g5_c925_cubo_m1_20260917_143727.mp4,2026-09-17T14:38:56.328949,1789673936.329,2632
g5_c925_cubo_m1_20260917_143727.mp4,2026-09-17T14:38:56.363907,1789673936.364,2633
g5_c925_cubo_m1_20260917_143727.mp4,2026-09-17T14:38:56.396229,1789673936.396,2634
g5_c925_cubo_m1_20260917_143727.mp4,2026-09-17T14:38:56.429373,1789673936.429,2635
g5_c925_cubo_m1_20260917_143727.mp4,2026-09-17T14:38:56.466116,1789673936.466,2636
g5_c925_cubo_m1_20260917_143727.mp4,2026-09-17T14:38:56.500586,1789673936.501,2637
g5_c925_cubo_m1_20260917_143727.mp4,2026-09-17T14:38:56.532059,1789673936.532,2638
g5_c925_cubo_m1_20260917_143727.mp4,2026-09-17T14:38:56.568143,1789673936.568,2639
g5_c925_cubo_m1_20260917_143727.mp4,2026-09-17T14:38:56.599903,1789673936.600,2640
g5_c925_cubo_m1_20260917_143727.mp4,2026-09-17T14:38:56.629433,1789673936.629,2641
g5_c925_cubo_m1_20260917_143727.mp4,2026-09-17T14:38:56.667702,1789673936.668,2642
g5_c925_cubo_m1_20260917_143727.mp4,2026-09-17T14:38:56.700077,1789673936.700,2643
g5_c925_cubo_m1_20260917_143727.mp4,2026-09-17T14:38:56.732130,1789673936.732,2644
g5_c925_cubo_m1_20260917_143727.mp4,2026-09-17T14:38:56.764559,1789673936.765,2645
g5_c925_cubo_m1_20260917_143727.mp4,2026-09-17T14:38:56.799151,1789673936.799,2646
g5_c925_cubo_m1_20260917_143727.mp4,2026-09-17T14:38:56.829928,1789673936.830,2647
g5_c925_cubo_m1_20260917_143727.mp4,2026-09-17T14:38:56.864359,1789673936.864,2648
g5_c925_cubo_m1_20260917_143727.mp4,2026-09-17T14:38:56.896037,1789673936.896,2649
g5_c925_cubo_m1_20260917_143727.mp4,2026-09-17T14:38:56.929690,1789673936.930,2650
g5_c925_cubo_m1_20260917_143727.mp4,2026-09-17T14:38:56.965747,1789673936.966,2651
g5_c925_cubo_m1_20260917_143727.mp4,2026-09-17T14:38:57.001184,1789673937.001,2652
g5_c925_cubo_m1_20260917_143727.mp4,2026-09-17T14:38:57.031933,1789673937.032,2653
g5_c925_cubo_m1_20260917_143727.mp4,2026-09-17T14:38:57.068331,1789673937.068,2654
g5_c925_cubo_m1_20260917_143727.mp4,2026-09-17T14:38:57.099891,1789673937.100,2655
g5_c925_cubo_m1_20260917_143727.mp4,2026-09-17T14:38:57.131407,1789673937.131,2656
g5_c925_cubo_m1_20260917_143727.mp4,2026-09-17T14:38:57.169928,1789673937.170,2657
g5_c925_cubo_m1_20260917_143727.mp4,2026-09-17T14:38:57.196025,1789673937.196,2658
g5_c925_cubo_m1_20260917_143727.mp4,2026-09-17T14:38:57.228577,1789673937.229,2659
g5_c925_cubo_m1_20260917_143727.mp4,2026-09-17T14:38:57.264140,1789673937.264,2660
g5_c925_cubo_m1_20260917_143727.mp4,2026-09-17T14:38:57.296211,1789673937.296,2661
g5_c925_cubo_m1_20260917_143727.mp4,2026-09-17T14:38:57.327914,1789673937.328,2662
g5_c925_cubo_m1_20260917_143727.mp4,2026-09-17T14:38:57.363809,1789673937.364,2663
g5_c925_cubo_m1_20260917_143727.mp4,2026-09-17T14:38:57.395875,1789673937.396,2664
g5_c925_cubo_m1_20260917_143727.mp4,2026-09-17T14:38:57.427881,1789673937.428,2665
g5_c925_cubo_m1_20260917_143727.mp4,2026-09-17T14:38:57.465232,1789673937.465,2666
g5_c925_cubo_m1_20260917_143727.mp4,2026-09-17T14:38:57.499483,1789673937.499,2667
g5_c925_cubo_m1_20260917_143727.mp4,2026-09-17T14:38:57.533390,1789673937.533,2668
g5_c925_cubo_m1_20260917_143727.mp4,2026-09-17T14:38:57.567238,1789673937.567,2669
g5_c925_cubo_m1_20260917_143727.mp4,2026-09-17T14:38:57.602560,1789673937.603,2670
g5_c925_cubo_m1_20260917_143727.mp4,2026-09-17T14:38:57.631459,1789673937.631,2671
g5_c925_cubo_m1_20260917_143727.mp4,2026-09-17T14:38:57.670258,1789673937.670,2672
g5_c925_cubo_m1_20260917_143727.mp4,2026-09-17T14:38:57.699088,1789673937.699,2673
g5_c925_cubo_m1_20260917_143727.mp4,2026-09-17T14:38:57.730333,1789673937.730,2674
g5_c925_cubo_m1_20260917_143727.mp4,2026-09-17T14:38:57.765189,1789673937.765,2675
g5_c925_cubo_m1_20260917_143727.mp4,2026-09-17T14:38:57.796041,1789673937.796,2676
g5_c925_cubo_m1_20260917_143727.mp4,2026-09-17T14:38:57.827954,1789673937.828,2677
g5_c925_cubo_m1_20260917_143727.mp4,2026-09-17T14:38:57.863797,1789673937.864,2678
g5_c925_cubo_m1_20260917_143727.mp4,2026-09-17T14:38:57.896082,1789673937.896,2679
g5_c925_cubo_m1_20260917_143727.mp4,2026-09-17T14:38:57.931052,1789673937.931,2680
g5_c925_cubo_m1_20260917_143727.mp4,2026-09-17T14:38:57.966376,1789673937.966,2681
g5_c925_cubo_m1_20260917_143727.mp4,2026-09-17T14:38:57.998195,1789673937.998,2682
g5_c925_cubo_m1_20260917_143727.mp4,2026-09-17T14:38:58.032382,1789673938.032,2683
g5_c925_cubo_m1_20260917_143727.mp4,2026-09-17T14:38:58.068125,1789673938.068,2684
g5_c925_cubo_m1_20260917_143727.mp4,2026-09-17T14:38:58.101779,1789673938.102,2685
g5_c925_cubo_m1_20260917_143727.mp4,2026-09-17T14:38:58.132092,1789673938.132,2686
g5_c925_cubo_m1_20260917_143727.mp4,2026-09-17T14:38:58.170725,1789673938.171,2687
g5_c925_cubo_m1_20260917_143727.mp4,2026-09-17T14:38:58.199410,1789673938.199,2688
g5_c925_cubo_m1_20260917_143727.mp4,2026-09-17T14:38:58.231889,1789673938.232,2689
g5_c925_cubo_m1_20260917_143727.mp4,2026-09-17T14:38:58.268731,1789673938.269,2690
g5_c925_cubo_m1_20260917_143727.mp4,2026-09-17T14:38:58.299646,1789673938.300,2691
g5_c925_cubo_m1_20260917_143727.mp4,2026-09-17T14:38:58.329052,1789673938.329,2692
g5_c925_cubo_m1_20260917_143727.mp4,2026-09-17T14:38:58.364873,1789673938.365,2693
g5_c925_cubo_m1_20260917_143727.mp4,2026-09-17T14:38:58.396872,1789673938.397,2694
g5_c925_cubo_m1_20260917_143727.mp4,2026-09-17T14:38:58.433445,1789673938.433,2695
g5_c925_cubo_m1_20260917_143727.mp4,2026-09-17T14:38:58.464228,1789673938.464,2696
g5_c925_cubo_m1_20260917_143727.mp4,2026-09-17T14:38:58.498093,1789673938.498,2697
g5_c925_cubo_m1_20260917_143727.mp4,2026-09-17T14:38:58.528216,1789673938.528,2698
g5_c925_cubo_m1_20260917_143727.mp4,2026-09-17T14:38:58.563997,1789673938.564,2699
g5_c925_cubo_m1_20260917_143727.mp4,2026-09-17T14:38:58.596362,1789673938.596,2700
g5_c925_cubo_m1_20260917_143727.mp4,2026-09-17T14:38:58.631169,1789673938.631,2701
g5_c925_cubo_m1_20260917_143727.mp4,2026-09-17T14:38:58.668311,1789673938.668,2702
g5_c925_cubo_m1_20260917_143727.mp4,2026-09-17T14:38:58.700674,1789673938.701,2703
g5_c925_cubo_m1_20260917_143727.mp4,2026-09-17T14:38:58.732327,1789673938.732,2704
g5_c925_cubo_m1_20260917_143727.mp4,2026-09-17T14:38:58.769822,1789673938.770,2705
g5_c925_cubo_m1_20260917_143727.mp4,2026-09-17T14:38:58.797842,1789673938.798,2706
g5_c925_cubo_m1_20260917_143727.mp4,2026-09-17T14:38:58.827866,1789673938.828,2707
g5_c925_cubo_m1_20260917_143727.mp4,2026-09-17T14:38:58.863834,1789673938.864,2708
g5_c925_cubo_m1_20260917_143727.mp4,2026-09-17T14:38:58.896009,1789673938.896,2709
g5_c925_cubo_m1_20260917_143727.mp4,2026-09-17T14:38:58.928662,1789673938.929,2710
g5_c925_cubo_m1_20260917_143727.mp4,2026-09-17T14:38:58.966448,1789673938.966,2711
g5_c925_cubo_m1_20260917_143727.mp4,2026-09-17T14:38:58.996162,1789673938.996,2712
g5_c925_cubo_m1_20260917_143727.mp4,2026-09-17T14:38:59.034694,1789673939.035,2713
g5_c925_cubo_m1_20260917_143727.mp4,2026-09-17T14:38:59.070223,1789673939.070,2714
g5_c925_cubo_m1_20260917_143727.mp4,2026-09-17T14:38:59.099289,1789673939.099,2715
g5_c925_cubo_m1_20260917_143727.mp4,2026-09-17T14:38:59.132931,1789673939.133,2716
g5_c925_cubo_m1_20260917_143727.mp4,2026-09-17T14:38:59.169294,1789673939.169,2717
g5_c925_cubo_m1_20260917_143727.mp4,2026-09-17T14:38:59.200509,1789673939.201,2718
g5_c925_cubo_m1_20260917_143727.mp4,2026-09-17T14:38:59.231757,1789673939.232,2719
g5_c925_cubo_m1_20260917_143727.mp4,2026-09-17T14:38:59.268189,1789673939.268,2720
g5_c925_cubo_m1_20260917_143727.mp4,2026-09-17T14:38:59.299849,1789673939.300,2721
g5_c925_cubo_m1_20260917_143727.mp4,2026-09-17T14:38:59.328715,1789673939.329,2722
g5_c925_cubo_m1_20260917_143727.mp4,2026-09-17T14:38:59.364041,1789673939.364,2723
g5_c925_cubo_m1_20260917_143727.mp4,2026-09-17T14:38:59.396632,1789673939.397,2724
g5_c925_cubo_m1_20260917_143727.mp4,2026-09-17T14:38:59.428657,1789673939.429,2725
g5_c925_cubo_m1_20260917_143727.mp4,2026-09-17T14:38:59.465245,1789673939.465,2726
g5_c925_cubo_m1_20260917_143727.mp4,2026-09-17T14:38:59.501894,1789673939.502,2727
g5_c925_cubo_m1_20260917_143727.mp4,2026-09-17T14:38:59.531985,1789673939.532,2728
g5_c925_cubo_m1_20260917_143727.mp4,2026-09-17T14:38:59.568212,1789673939.568,2729
g5_c925_cubo_m1_20260917_143727.mp4,2026-09-17T14:38:59.597728,1789673939.598,2730
g5_c925_cubo_m1_20260917_143727.mp4,2026-09-17T14:38:59.633340,1789673939.633,2731
g5_c925_cubo_m1_20260917_143727.mp4,2026-09-17T14:38:59.669682,1789673939.670,2732
g5_c925_cubo_m1_20260917_143727.mp4,2026-09-17T14:38:59.699742,1789673939.700,2733
g5_c925_cubo_m1_20260917_143727.mp4,2026-09-17T14:38:59.731806,1789673939.732,2734
g5_c925_cubo_m1_20260917_143727.mp4,2026-09-17T14:38:59.769111,1789673939.769,2735
g5_c925_cubo_m1_20260917_143727.mp4,2026-09-17T14:38:59.798125,1789673939.798,2736
g5_c925_cubo_m1_20260917_143727.mp4,2026-09-17T14:38:59.829451,1789673939.829,2737
g5_c925_cubo_m1_20260917_143727.mp4,2026-09-17T14:38:59.864601,1789673939.865,2738
g5_c925_cubo_m1_20260917_143727.mp4,2026-09-17T14:38:59.896645,1789673939.897,2739
g5_c925_cubo_m1_20260917_143727.mp4,2026-09-17T14:38:59.930147,1789673939.930,2740
g5_c925_cubo_m1_20260917_143727.mp4,2026-09-17T14:38:59.966341,1789673939.966,2741
g5_c925_cubo_m1_20260917_143727.mp4,2026-09-17T14:39:00.000848,1789673940.001,2742
g5_c925_cubo_m1_20260917_143727.mp4,2026-09-17T14:39:00.031279,1789673940.031,2743
g5_c925_cubo_m1_20260917_143727.mp4,2026-09-17T14:39:00.069897,1789673940.070,2744
g5_c925_cubo_m1_20260917_143727.mp4,2026-09-17T14:39:00.097482,1789673940.097,2745
g5_c925_cubo_m1_20260917_143727.mp4,2026-09-17T14:39:00.131947,1789673940.132,2746
g5_c925_cubo_m1_20260917_143727.mp4,2026-09-17T14:39:00.164002,1789673940.164,2747
g5_c925_cubo_m1_20260917_143727.mp4,2026-09-17T14:39:00.201556,1789673940.202,2748
g5_c925_cubo_m1_20260917_143727.mp4,2026-09-17T14:39:00.228931,1789673940.229,2749
g5_c925_cubo_m1_20260917_143727.mp4,2026-09-17T14:39:00.267375,1789673940.267,2750
g5_c925_cubo_m1_20260917_143727.mp4,2026-09-17T14:39:00.299289,1789673940.299,2751
g5_c925_cubo_m1_20260917_143727.mp4,2026-09-17T14:39:00.329179,1789673940.329,2752
g5_c925_cubo_m1_20260917_143727.mp4,2026-09-17T14:39:00.363829,1789673940.364,2753
g5_c925_cubo_m1_20260917_143727.mp4,2026-09-17T14:39:00.396120,1789673940.396,2754
g5_c925_cubo_m1_20260917_143727.mp4,2026-09-17T14:39:00.432353,1789673940.432,2755
g5_c925_cubo_m1_20260917_143727.mp4,2026-09-17T14:39:00.466928,1789673940.467,2756
g5_c925_cubo_m1_20260917_143727.mp4,2026-09-17T14:39:00.499513,1789673940.500,2757
g5_c925_cubo_m1_20260917_143727.mp4,2026-09-17T14:39:00.532683,1789673940.533,2758
g5_c925_cubo_m1_20260917_143727.mp4,2026-09-17T14:39:00.568966,1789673940.569,2759
g5_c925_cubo_m1_20260917_143727.mp4,2026-09-17T14:39:00.602681,1789673940.603,2760
g5_c925_cubo_m1_20260917_143727.mp4,2026-09-17T14:39:00.630782,1789673940.631,2761
g5_c925_cubo_m1_20260917_143727.mp4,2026-09-17T14:39:00.670155,1789673940.670,2762
g5_c925_cubo_m1_20260917_143727.mp4,2026-09-17T14:39:00.698389,1789673940.698,2763
g5_c925_cubo_m1_20260917_143727.mp4,2026-09-17T14:39:00.729158,1789673940.729,2764
g5_c925_cubo_m1_20260917_143727.mp4,2026-09-17T14:39:00.764117,1789673940.764,2765
g5_c925_cubo_m1_20260917_143727.mp4,2026-09-17T14:39:00.796052,1789673940.796,2766
g5_c925_cubo_m1_20260917_143727.mp4,2026-09-17T14:39:00.827816,1789673940.828,2767
g5_c925_cubo_m1_20260917_143727.mp4,2026-09-17T14:39:00.865613,1789673940.866,2768
g5_c925_cubo_m1_20260917_143727.mp4,2026-09-17T14:39:00.897058,1789673940.897,2769
g5_c925_cubo_m1_20260917_143727.mp4,2026-09-17T14:39:00.928092,1789673940.928,2770
g5_c925_cubo_m1_20260917_143727.mp4,2026-09-17T14:39:00.965421,1789673940.965,2771
g5_c925_cubo_m1_20260917_143727.mp4,2026-09-17T14:39:00.998369,1789673940.998,2772
g5_c925_cubo_m1_20260917_143727.mp4,2026-09-17T14:39:01.031910,1789673941.032,2773
g5_c925_cubo_m1_20260917_143727.mp4,2026-09-17T14:39:01.068920,1789673941.069,2774
g5_c925_cubo_m1_20260917_143727.mp4,2026-09-17T14:39:01.101372,1789673941.101,2775
g5_c925_cubo_m1_20260917_143727.mp4,2026-09-17T14:39:01.133338,1789673941.133,2776
g5_c925_cubo_m1_20260917_143727.mp4,2026-09-17T14:39:01.169962,1789673941.170,2777
g5_c925_cubo_m1_20260917_143727.mp4,2026-09-17T14:39:01.199753,1789673941.200,2778
g5_c925_cubo_m1_20260917_143727.mp4,2026-09-17T14:39:01.231695,1789673941.232,2779
g5_c925_cubo_m1_20260917_143727.mp4,2026-09-17T14:39:01.267403,1789673941.267,2780
g5_c925_cubo_m1_20260917_143727.mp4,2026-09-17T14:39:01.296490,1789673941.297,2781
g5_c925_cubo_m1_20260917_143727.mp4,2026-09-17T14:39:01.328615,1789673941.329,2782
g5_c925_cubo_m1_20260917_143727.mp4,2026-09-17T14:39:01.364161,1789673941.364,2783
g5_c925_cubo_m1_20260917_143727.mp4,2026-09-17T14:39:01.397552,1789673941.398,2784
g5_c925_cubo_m1_20260917_143727.mp4,2026-09-17T14:39:01.429280,1789673941.429,2785
g5_c925_cubo_m1_20260917_143727.mp4,2026-09-17T14:39:01.465607,1789673941.466,2786
g5_c925_cubo_m1_20260917_143727.mp4,2026-09-17T14:39:01.499179,1789673941.499,2787
g5_c925_cubo_m1_20260917_143727.mp4,2026-09-17T14:39:01.535879,1789673941.536,2788
g5_c925_cubo_m1_20260917_143727.mp4,2026-09-17T14:39:01.567686,1789673941.568,2789
g5_c925_cubo_m1_20260917_143727.mp4,2026-09-17T14:39:01.600881,1789673941.601,2790
g5_c925_cubo_m1_20260917_143727.mp4,2026-09-17T14:39:01.630554,1789673941.631,2791
g5_c925_cubo_m1_20260917_143727.mp4,2026-09-17T14:39:01.663284,1789673941.663,2792
g5_c925_cubo_m1_20260917_143727.mp4,2026-09-17T14:39:01.699630,1789673941.700,2793
g5_c925_cubo_m1_20260917_143727.mp4,2026-09-17T14:39:01.728016,1789673941.728,2794
g5_c925_cubo_m1_20260917_143727.mp4,2026-09-17T14:39:01.764678,1789673941.765,2795
g5_c925_cubo_m1_20260917_143727.mp4,2026-09-17T14:39:01.796114,1789673941.796,2796
g5_c925_cubo_m1_20260917_143727.mp4,2026-09-17T14:39:01.827947,1789673941.828,2797
g5_c925_cubo_m1_20260917_143727.mp4,2026-09-17T14:39:01.859927,1789673941.860,2798
g5_c925_cubo_m1_20260917_143727.mp4,2026-09-17T14:39:01.896586,1789673941.897,2799
g5_c925_cubo_m1_20260917_143727.mp4,2026-09-17T14:39:01.928677,1789673941.929,2800
g5_c925_cubo_m1_20260917_143727.mp4,2026-09-17T14:39:01.965253,1789673941.965,2801
g5_c925_cubo_m1_20260917_143727.mp4,2026-09-17T14:39:02.000429,1789673942.000,2802
g5_c925_cubo_m1_20260917_143727.mp4,2026-09-17T14:39:02.033215,1789673942.033,2803
g5_c925_cubo_m1_20260917_143727.mp4,2026-09-17T14:39:02.065323,1789673942.065,2804
g5_c925_cubo_m1_20260917_143727.mp4,2026-09-17T14:39:02.101125,1789673942.101,2805
g5_c925_cubo_m1_20260917_143727.mp4,2026-09-17T14:39:02.133450,1789673942.133,2806
g5_c925_cubo_m1_20260917_143727.mp4,2026-09-17T14:39:02.169439,1789673942.169,2807
g5_c925_cubo_m1_20260917_143727.mp4,2026-09-17T14:39:02.200601,1789673942.201,2808
g5_c925_cubo_m1_20260917_143727.mp4,2026-09-17T14:39:02.230359,1789673942.230,2809
g5_c925_cubo_m1_20260917_143727.mp4,2026-09-17T14:39:02.262404,1789673942.262,2810
g5_c925_cubo_m1_20260917_143727.mp4,2026-09-17T14:39:02.296832,1789673942.297,2811
g5_c925_cubo_m1_20260917_143727.mp4,2026-09-17T14:39:02.328155,1789673942.328,2812
g5_c925_cubo_m1_20260917_143727.mp4,2026-09-17T14:39:02.364081,1789673942.364,2813
g5_c925_cubo_m1_20260917_143727.mp4,2026-09-17T14:39:02.397857,1789673942.398,2814
g5_c925_cubo_m1_20260917_143727.mp4,2026-09-17T14:39:02.429131,1789673942.429,2815
g5_c925_cubo_m1_20260917_143727.mp4,2026-09-17T14:39:02.462180,1789673942.462,2816
g5_c925_cubo_m1_20260917_143727.mp4,2026-09-17T14:39:02.498955,1789673942.499,2817
g5_c925_cubo_m1_20260917_143727.mp4,2026-09-17T14:39:02.530031,1789673942.530,2818
g5_c925_cubo_m1_20260917_143727.mp4,2026-09-17T14:39:02.567661,1789673942.568,2819
g5_c925_cubo_m1_20260917_143727.mp4,2026-09-17T14:39:02.600563,1789673942.601,2820
g5_c925_cubo_m1_20260917_143727.mp4,2026-09-17T14:39:02.631483,1789673942.631,2821
g5_c925_cubo_m1_20260917_143727.mp4,2026-09-17T14:39:02.664230,1789673942.664,2822
g5_c925_cubo_m1_20260917_143727.mp4,2026-09-17T14:39:02.701784,1789673942.702,2823
g5_c925_cubo_m1_20260917_143727.mp4,2026-09-17T14:39:02.728599,1789673942.729,2824
g5_c925_cubo_m1_20260917_143727.mp4,2026-09-17T14:39:02.763730,1789673942.764,2825
g5_c925_cubo_m1_20260917_143727.mp4,2026-09-17T14:39:02.796176,1789673942.796,2826
g5_c925_cubo_m1_20260917_143727.mp4,2026-09-17T14:39:02.827804,1789673942.828,2827
g5_c925_cubo_m1_20260917_143727.mp4,2026-09-17T14:39:02.859868,1789673942.860,2828
g5_c925_cubo_m1_20260917_143727.mp4,2026-09-17T14:39:02.897448,1789673942.897,2829
g5_c925_cubo_m1_20260917_143727.mp4,2026-09-17T14:39:02.930596,1789673942.931,2830
g5_c925_cubo_m1_20260917_143727.mp4,2026-09-17T14:39:02.964127,1789673942.964,2831
g5_c925_cubo_m1_20260917_143727.mp4,2026-09-17T14:39:02.998939,1789673942.999,2832
g5_c925_cubo_m1_20260917_143727.mp4,2026-09-17T14:39:03.032834,1789673943.033,2833
g5_c925_cubo_m1_20260917_143727.mp4,2026-09-17T14:39:03.061013,1789673943.061,2834
g5_c925_cubo_m1_20260917_143727.mp4,2026-09-17T14:39:03.098287,1789673943.098,2835
g5_c925_cubo_m1_20260917_143727.mp4,2026-09-17T14:39:03.132295,1789673943.132,2836
g5_c925_cubo_m1_20260917_143727.mp4,2026-09-17T14:39:03.170852,1789673943.171,2837
g5_c925_cubo_m1_20260917_143727.mp4,2026-09-17T14:39:03.198770,1789673943.199,2838
g5_c925_cubo_m1_20260917_143727.mp4,2026-09-17T14:39:03.231071,1789673943.231,2839
g5_c925_cubo_m1_20260917_143727.mp4,2026-09-17T14:39:03.261144,1789673943.261,2840
g5_c925_cubo_m1_20260917_143727.mp4,2026-09-17T14:39:03.296063,1789673943.296,2841
g5_c925_cubo_m1_20260917_143727.mp4,2026-09-17T14:39:03.327956,1789673943.328,2842
g5_c925_cubo_m1_20260917_143727.mp4,2026-09-17T14:39:03.363970,1789673943.364,2843
g5_c925_cubo_m1_20260917_143727.mp4,2026-09-17T14:39:03.397050,1789673943.397,2844
g5_c925_cubo_m1_20260917_143727.mp4,2026-09-17T14:39:03.430401,1789673943.430,2845
g5_c925_cubo_m1_20260917_143727.mp4,2026-09-17T14:39:03.465155,1789673943.465,2846
g5_c925_cubo_m1_20260917_143727.mp4,2026-09-17T14:39:03.497752,1789673943.498,2847
g5_c925_cubo_m1_20260917_143727.mp4,2026-09-17T14:39:03.533634,1789673943.534,2848
g5_c925_cubo_m1_20260917_143727.mp4,2026-09-17T14:39:03.568992,1789673943.569,2849
g5_c925_cubo_m1_20260917_143727.mp4,2026-09-17T14:39:03.600651,1789673943.601,2850
g5_c925_cubo_m1_20260917_143727.mp4,2026-09-17T14:39:03.629436,1789673943.629,2851
g5_c925_cubo_m1_20260917_143727.mp4,2026-09-17T14:39:03.663291,1789673943.663,2852
g5_c925_cubo_m1_20260917_143727.mp4,2026-09-17T14:39:03.699249,1789673943.699,2853
g5_c925_cubo_m1_20260917_143727.mp4,2026-09-17T14:39:03.732481,1789673943.732,2854
g5_c925_cubo_m1_20260917_143727.mp4,2026-09-17T14:39:03.768249,1789673943.768,2855
g5_c925_cubo_m1_20260917_143727.mp4,2026-09-17T14:39:03.797728,1789673943.798,2856
g5_c925_cubo_m1_20260917_143727.mp4,2026-09-17T14:39:03.827852,1789673943.828,2857
g5_c925_cubo_m1_20260917_143727.mp4,2026-09-17T14:39:03.861613,1789673943.862,2858
g5_c925_cubo_m1_20260917_143727.mp4,2026-09-17T14:39:03.897034,1789673943.897,2859
g5_c925_cubo_m1_20260917_143727.mp4,2026-09-17T14:39:03.930264,1789673943.930,2860
g5_c925_cubo_m1_20260917_143727.mp4,2026-09-17T14:39:03.966862,1789673943.967,2861
g5_c925_cubo_m1_20260917_143727.mp4,2026-09-17T14:39:03.998141,1789673943.998,2862
g5_c925_cubo_m1_20260917_143727.mp4,2026-09-17T14:39:04.028311,1789673944.028,2863
g5_c925_cubo_m1_20260917_143727.mp4,2026-09-17T14:39:04.065202,1789673944.065,2864
g5_c925_cubo_m1_20260917_143727.mp4,2026-09-17T14:39:04.096233,1789673944.096,2865
g5_c925_cubo_m1_20260917_143727.mp4,2026-09-17T14:39:04.127977,1789673944.128,2866
g5_c925_cubo_m1_20260917_143727.mp4,2026-09-17T14:39:04.163907,1789673944.164,2867
g5_c925_cubo_m1_20260917_143727.mp4,2026-09-17T14:39:04.196202,1789673944.196,2868
g5_c925_cubo_m1_20260917_143727.mp4,2026-09-17T14:39:04.228285,1789673944.228,2869
g5_c925_cubo_m1_20260917_143727.mp4,2026-09-17T14:39:04.260427,1789673944.260,2870
g5_c925_cubo_m1_20260917_143727.mp4,2026-09-17T14:39:04.296680,1789673944.297,2871
g5_c925_cubo_m1_20260917_143727.mp4,2026-09-17T14:39:04.328005,1789673944.328,2872
g5_c925_cubo_m1_20260917_143727.mp4,2026-09-17T14:39:04.364256,1789673944.364,2873
g5_c925_cubo_m1_20260917_143727.mp4,2026-09-17T14:39:04.398027,1789673944.398,2874
g5_c925_cubo_m1_20260917_143727.mp4,2026-09-17T14:39:04.429326,1789673944.429,2875
g5_c925_cubo_m1_20260917_143727.mp4,2026-09-17T14:39:04.465659,1789673944.466,2876
g5_c925_cubo_m1_20260917_143727.mp4,2026-09-17T14:39:04.500303,1789673944.500,2877
g5_c925_cubo_m1_20260917_143727.mp4,2026-09-17T14:39:04.534064,1789673944.534,2878
g5_c925_cubo_m1_20260917_143727.mp4,2026-09-17T14:39:04.569284,1789673944.569,2879
g5_c925_cubo_m1_20260917_143727.mp4,2026-09-17T14:39:04.596788,1789673944.597,2880
g5_c925_cubo_m1_20260917_143727.mp4,2026-09-17T14:39:04.631599,1789673944.632,2881
g5_c925_cubo_m1_20260917_143727.mp4,2026-09-17T14:39:04.663444,1789673944.663,2882
g5_c925_cubo_m1_20260917_143727.mp4,2026-09-17T14:39:04.697723,1789673944.698,2883
g5_c925_cubo_m1_20260917_143727.mp4,2026-09-17T14:39:04.728743,1789673944.729,2884
g5_c925_cubo_m1_20260917_143727.mp4,2026-09-17T14:39:04.764129,1789673944.764,2885
g5_c925_cubo_m1_20260917_143727.mp4,2026-09-17T14:39:04.797005,1789673944.797,2886
g5_c925_cubo_m1_20260917_143727.mp4,2026-09-17T14:39:04.829420,1789673944.829,2887
g5_c925_cubo_m1_20260917_143727.mp4,2026-09-17T14:39:04.860201,1789673944.860,2888
g5_c925_cubo_m1_20260917_143727.mp4,2026-09-17T14:39:04.896668,1789673944.897,2889
g5_c925_cubo_m1_20260917_143727.mp4,2026-09-17T14:39:04.933872,1789673944.934,2890
g5_c925_cubo_m1_20260917_143727.mp4,2026-09-17T14:39:04.964826,1789673944.965,2891
g5_c925_cubo_m1_20260917_143727.mp4,2026-09-17T14:39:05.001107,1789673945.001,2892
g5_c925_cubo_m1_20260917_143727.mp4,2026-09-17T14:39:05.033911,1789673945.034,2893
g5_c925_cubo_m1_20260917_143727.mp4,2026-09-17T14:39:05.064789,1789673945.065,2894
g5_c925_cubo_m1_20260917_143727.mp4,2026-09-17T14:39:05.101159,1789673945.101,2895
g5_c925_cubo_m1_20260917_143727.mp4,2026-09-17T14:39:05.131520,1789673945.132,2896
g5_c925_cubo_m1_20260917_143727.mp4,2026-09-17T14:39:05.169249,1789673945.169,2897
g5_c925_cubo_m1_20260917_143727.mp4,2026-09-17T14:39:05.199950,1789673945.200,2898
g5_c925_cubo_m1_20260917_143727.mp4,2026-09-17T14:39:05.232565,1789673945.233,2899
g5_c925_cubo_m1_20260917_143727.mp4,2026-09-17T14:39:05.262762,1789673945.263,2900
g5_c925_cubo_m1_20260917_143727.mp4,2026-09-17T14:39:05.298325,1789673945.298,2901
g5_c925_cubo_m1_20260917_143727.mp4,2026-09-17T14:39:05.327777,1789673945.328,2902
g5_c925_cubo_m1_20260917_143727.mp4,2026-09-17T14:39:05.370470,1789673945.370,2903
g5_c925_cubo_m1_20260917_143727.mp4,2026-09-17T14:39:05.403150,1789673945.403,2904
g5_c925_cubo_m1_20260917_143727.mp4,2026-09-17T14:39:05.432982,1789673945.433,2905
g5_c925_cubo_m1_20260917_143727.mp4,2026-09-17T14:39:05.464660,1789673945.465,2906
g5_c925_cubo_m1_20260917_143727.mp4,2026-09-17T14:39:05.502879,1789673945.503,2907
g5_c925_cubo_m1_20260917_143727.mp4,2026-09-17T14:39:05.528483,1789673945.528,2908
g5_c925_cubo_m1_20260917_143727.mp4,2026-09-17T14:39:05.572419,1789673945.572,2909
g5_c925_cubo_m1_20260917_143727.mp4,2026-09-17T14:39:05.598670,1789673945.599,2910
g5_c925_cubo_m1_20260917_143727.mp4,2026-09-17T14:39:05.632322,1789673945.632,2911
g5_c925_cubo_m1_20260917_143727.mp4,2026-09-17T14:39:05.663651,1789673945.664,2912
g5_c925_cubo_m1_20260917_143727.mp4,2026-09-17T14:39:05.696016,1789673945.696,2913
g5_c925_cubo_m1_20260917_143727.mp4,2026-09-17T14:39:05.727866,1789673945.728,2914
g5_c925_cubo_m1_20260917_143727.mp4,2026-09-17T14:39:05.763815,1789673945.764,2915
g5_c925_cubo_m1_20260917_143727.mp4,2026-09-17T14:39:05.795895,1789673945.796,2916
g5_c925_cubo_m1_20260917_143727.mp4,2026-09-17T14:39:05.827787,1789673945.828,2917
g5_c925_cubo_m1_20260917_143727.mp4,2026-09-17T14:39:05.863030,1789673945.863,2918
g5_c925_cubo_m1_20260917_143727.mp4,2026-09-17T14:39:05.898826,1789673945.899,2919
g5_c925_cubo_m1_20260917_143727.mp4,2026-09-17T14:39:05.932722,1789673945.933,2920
g5_c925_cubo_m1_20260917_143727.mp4,2026-09-17T14:39:05.964222,1789673945.964,2921
g5_c925_cubo_m1_20260917_143727.mp4,2026-09-17T14:39:05.996605,1789673945.997,2922
g5_c925_cubo_m1_20260917_143727.mp4,2026-09-17T14:39:06.029043,1789673946.029,2923
g5_c925_cubo_m1_20260917_143727.mp4,2026-09-17T14:39:06.065786,1789673946.066,2924
g5_c925_cubo_m1_20260917_143727.mp4,2026-09-17T14:39:06.103101,1789673946.103,2925
g5_c925_cubo_m1_20260917_143727.mp4,2026-09-17T14:39:06.132640,1789673946.133,2926
g5_c925_cubo_m1_20260917_143727.mp4,2026-09-17T14:39:06.170555,1789673946.171,2927
g5_c925_cubo_m1_20260917_143727.mp4,2026-09-17T14:39:06.199563,1789673946.200,2928
g5_c925_cubo_m1_20260917_143727.mp4,2026-09-17T14:39:06.227891,1789673946.228,2929
g5_c925_cubo_m1_20260917_143727.mp4,2026-09-17T14:39:06.259950,1789673946.260,2930
g5_c925_cubo_m1_20260917_143727.mp4,2026-09-17T14:39:06.296072,1789673946.296,2931
g5_c925_cubo_m1_20260917_143727.mp4,2026-09-17T14:39:06.328814,1789673946.329,2932
g5_c925_cubo_m1_20260917_143727.mp4,2026-09-17T14:39:06.365298,1789673946.365,2933
g5_c925_cubo_m1_20260917_143727.mp4,2026-09-17T14:39:06.398745,1789673946.399,2934
g5_c925_cubo_m1_20260917_143727.mp4,2026-09-17T14:39:06.433124,1789673946.433,2935
g5_c925_cubo_m1_20260917_143727.mp4,2026-09-17T14:39:06.465385,1789673946.465,2936
g5_c925_cubo_m1_20260917_143727.mp4,2026-09-17T14:39:06.501166,1789673946.501,2937
g5_c925_cubo_m1_20260917_143727.mp4,2026-09-17T14:39:06.533062,1789673946.533,2938
g5_c925_cubo_m1_20260917_143727.mp4,2026-09-17T14:39:06.569591,1789673946.570,2939
g5_c925_cubo_m1_20260917_143727.mp4,2026-09-17T14:39:06.599660,1789673946.600,2940
g5_c925_cubo_m1_20260917_143727.mp4,2026-09-17T14:39:06.627997,1789673946.628,2941
g5_c925_cubo_m1_20260917_143727.mp4,2026-09-17T14:39:06.661844,1789673946.662,2942
g5_c925_cubo_m1_20260917_143727.mp4,2026-09-17T14:39:06.698054,1789673946.698,2943
g5_c925_cubo_m1_20260917_143727.mp4,2026-09-17T14:39:06.727746,1789673946.728,2944
g5_c925_cubo_m1_20260917_143727.mp4,2026-09-17T14:39:06.763810,1789673946.764,2945
g5_c925_cubo_m1_20260917_143727.mp4,2026-09-17T14:39:06.796191,1789673946.796,2946
g5_c925_cubo_m1_20260917_143727.mp4,2026-09-17T14:39:06.829972,1789673946.830,2947
g5_c925_cubo_m1_20260917_143727.mp4,2026-09-17T14:39:06.866506,1789673946.867,2948
g5_c925_cubo_m1_20260917_143727.mp4,2026-09-17T14:39:06.897582,1789673946.898,2949
g5_c925_cubo_m1_20260917_143727.mp4,2026-09-17T14:39:06.934004,1789673946.934,2950
g5_c925_cubo_m1_20260917_143727.mp4,2026-09-17T14:39:06.971499,1789673946.972,2951
g5_c925_cubo_m1_20260917_143727.mp4,2026-09-17T14:39:07.001414,1789673947.001,2952
g5_c925_cubo_m1_20260917_143727.mp4,2026-09-17T14:39:07.031491,1789673947.032,2953
g5_c925_cubo_m1_20260917_143727.mp4,2026-09-17T14:39:07.065442,1789673947.065,2954
g5_c925_cubo_m1_20260917_143727.mp4,2026-09-17T14:39:07.100134,1789673947.100,2955
g5_c925_cubo_m1_20260917_143727.mp4,2026-09-17T14:39:07.131709,1789673947.132,2956
g5_c925_cubo_m1_20260917_143727.mp4,2026-09-17T14:39:07.166223,1789673947.166,2957
g5_c925_cubo_m1_20260917_143727.mp4,2026-09-17T14:39:07.196307,1789673947.196,2958
g5_c925_cubo_m1_20260917_143727.mp4,2026-09-17T14:39:07.229805,1789673947.230,2959
g5_c925_cubo_m1_20260917_143727.mp4,2026-09-17T14:39:07.261661,1789673947.262,2960
g5_c925_cubo_m1_20260917_143727.mp4,2026-09-17T14:39:07.297670,1789673947.298,2961
g5_c925_cubo_m1_20260917_143727.mp4,2026-09-17T14:39:07.329165,1789673947.329,2962
g5_c925_cubo_m1_20260917_143727.mp4,2026-09-17T14:39:07.366234,1789673947.366,2963
g5_c925_cubo_m1_20260917_143727.mp4,2026-09-17T14:39:07.397434,1789673947.397,2964
g5_c925_cubo_m1_20260917_143727.mp4,2026-09-17T14:39:07.432654,1789673947.433,2965
g5_c925_cubo_m1_20260917_143727.mp4,2026-09-17T14:39:07.462103,1789673947.462,2966
g5_c925_cubo_m1_20260917_143727.mp4,2026-09-17T14:39:07.501190,1789673947.501,2967
g5_c925_cubo_m1_20260917_143727.mp4,2026-09-17T14:39:07.532198,1789673947.532,2968
g5_c925_cubo_m1_20260917_143727.mp4,2026-09-17T14:39:07.570349,1789673947.570,2969
g5_c925_cubo_m1_20260917_143727.mp4,2026-09-17T14:39:07.600005,1789673947.600,2970
g5_c925_cubo_m1_20260917_143727.mp4,2026-09-17T14:39:07.633222,1789673947.633,2971
g5_c925_cubo_m1_20260917_143727.mp4,2026-09-17T14:39:07.664816,1789673947.665,2972
g5_c925_cubo_m1_20260917_143727.mp4,2026-09-17T14:39:07.702392,1789673947.702,2973
g5_c925_cubo_m1_20260917_143727.mp4,2026-09-17T14:39:07.728852,1789673947.729,2974
g5_c925_cubo_m1_20260917_143727.mp4,2026-09-17T14:39:07.770910,1789673947.771,2975
g5_c925_cubo_m1_20260917_143727.mp4,2026-09-17T14:39:07.799893,1789673947.800,2976
g5_c925_cubo_m1_20260917_143727.mp4,2026-09-17T14:39:07.831797,1789673947.832,2977
g5_c925_cubo_m1_20260917_143727.mp4,2026-09-17T14:39:07.864603,1789673947.865,2978
g5_c925_cubo_m1_20260917_143727.mp4,2026-09-17T14:39:07.901834,1789673947.902,2979
g5_c925_cubo_m1_20260917_143727.mp4,2026-09-17T14:39:07.932648,1789673947.933,2980
g5_c925_cubo_m1_20260917_143727.mp4,2026-09-17T14:39:07.970308,1789673947.970,2981
g5_c925_cubo_m1_20260917_143727.mp4,2026-09-17T14:39:08.000704,1789673948.001,2982
g5_c925_cubo_m1_20260917_143727.mp4,2026-09-17T14:39:08.033246,1789673948.033,2983
g5_c925_cubo_m1_20260917_143727.mp4,2026-09-17T14:39:08.064406,1789673948.064,2984
g5_c925_cubo_m1_20260917_143727.mp4,2026-09-17T14:39:08.101509,1789673948.102,2985
g5_c925_cubo_m1_20260917_143727.mp4,2026-09-17T14:39:08.132466,1789673948.132,2986
g5_c925_cubo_m1_20260917_143727.mp4,2026-09-17T14:39:08.170854,1789673948.171,2987
g5_c925_cubo_m1_20260917_143727.mp4,2026-09-17T14:39:08.199981,1789673948.200,2988
g5_c925_cubo_m1_20260917_143727.mp4,2026-09-17T14:39:08.232314,1789673948.232,2989
g5_c925_cubo_m1_20260917_143727.mp4,2026-09-17T14:39:08.264079,1789673948.264,2990
g5_c925_cubo_m1_20260917_143727.mp4,2026-09-17T14:39:08.302328,1789673948.302,2991
g5_c925_cubo_m1_20260917_143727.mp4,2026-09-17T14:39:08.332324,1789673948.332,2992
g5_c925_cubo_m1_20260917_143727.mp4,2026-09-17T14:39:08.369984,1789673948.370,2993
g5_c925_cubo_m1_20260917_143727.mp4,2026-09-17T14:39:08.397507,1789673948.398,2994
g5_c925_cubo_m1_20260917_143727.mp4,2026-09-17T14:39:08.435364,1789673948.435,2995
g5_c925_cubo_m1_20260917_143727.mp4,2026-09-17T14:39:08.464246,1789673948.464,2996
g5_c925_cubo_m1_20260917_143727.mp4,2026-09-17T14:39:08.500000,1789673948.500,2997
g5_c925_cubo_m1_20260917_143727.mp4,2026-09-17T14:39:08.533220,1789673948.533,2998
g5_c925_cubo_m1_20260917_143727.mp4,2026-09-17T14:39:08.564095,1789673948.564,2999
