fichero,t_wall_iso,t_unix,n
g7_brio_cubo_m2_20260917_144829.mp4,2026-09-17T14:48:31.819256,1789674511.819,0
g7_brio_cubo_m2_20260917_144829.mp4,2026-09-17T14:48:31.858076,1789674511.858,1
g7_brio_cubo_m2_20260917_144829.mp4,2026-09-17T14:48:31.879622,1789674511.880,2
g7_brio_cubo_m2_20260917_144829.mp4,2026-09-17T14:48:31.919012,1789674511.919,3
g7_brio_cubo_m2_20260917_144829.mp4,2026-09-17T14:48:31.956723,1789674511.957,4
g7_brio_cubo_m2_20260917_144829.mp4,2026-09-17T14:48:31.985618,1789674511.986,5
g7_brio_cubo_m2_20260917_144829.mp4,2026-09-17T14:48:32.022973,1789674512.023,6
g7_brio_cubo_m2_20260917_144829.mp4,2026-09-17T14:48:32.061116,1789674512.061,7
g7_brio_cubo_m2_20260917_144829.mp4,2026-09-17T14:48:32.095845,1789674512.096,8
g7_brio_cubo_m2_20260917_144829.mp4,2026-09-17T14:48:32.131205,1789674512.131,9
g7_brio_cubo_m2_20260917_144829.mp4,2026-09-17T14:48:32.167499,1789674512.168,10
g7_brio_cubo_m2_20260917_144829.mp4,2026-09-17T14:48:32.204124,1789674512.204,11
g7_brio_cubo_m2_20260917_144829.mp4,2026-09-17T14:48:32.238233,1789674512.238,12
g7_brio_cubo_m2_20260917_144829.mp4,2026-09-17T14:48:32.273305,1789674512.273,13
g7_brio_cubo_m2_20260917_144829.mp4,2026-09-17T14:48:32.308641,1789674512.309,14
g7_brio_cubo_m2_20260917_144829.mp4,2026-09-17T14:48:32.347239,1789674512.347,15
g7_brio_cubo_m2_20260917_144829.mp4,2026-09-17T14:48:32.384901,1789674512.385,16
g7_brio_cubo_m2_20260917_144829.mp4,2026-09-17T14:48:32.414615,1789674512.415,17
g7_brio_cubo_m2_20260917_144829.mp4,2026-09-17T14:48:32.454248,1789674512.454,18
g7_brio_cubo_m2_20260917_144829.mp4,2026-09-17T14:48:32.495564,1789674512.496,19
g7_brio_cubo_m2_20260917_144829.mp4,2026-09-17T14:48:32.531687,1789674512.532,20
g7_brio_cubo_m2_20260917_144829.mp4,2026-09-17T14:48:32.562857,1789674512.563,21
g7_brio_cubo_m2_20260917_144829.mp4,2026-09-17T14:48:32.601278,1789674512.601,22
g7_brio_cubo_m2_20260917_144829.mp4,2026-09-17T14:48:32.637167,1789674512.637,23
g7_brio_cubo_m2_20260917_144829.mp4,2026-09-17T14:48:32.668023,1789674512.668,24
g7_brio_cubo_m2_20260917_144829.mp4,2026-09-17T14:48:32.709087,1789674512.709,25
g7_brio_cubo_m2_20260917_144829.mp4,2026-09-17T14:48:32.737592,1789674512.738,26
g7_brio_cubo_m2_20260917_144829.mp4,2026-09-17T14:48:32.779114,1789674512.779,27
g7_brio_cubo_m2_20260917_144829.mp4,2026-09-17T14:48:32.812594,1789674512.813,28
g7_brio_cubo_m2_20260917_144829.mp4,2026-09-17T14:48:32.848098,1789674512.848,29
g7_brio_cubo_m2_20260917_144829.mp4,2026-09-17T14:48:32.879674,1789674512.880,30
g7_brio_cubo_m2_20260917_144829.mp4,2026-09-17T14:48:32.918465,1789674512.918,31
g7_brio_cubo_m2_20260917_144829.mp4,2026-09-17T14:48:32.951518,1789674512.952,32
g7_brio_cubo_m2_20260917_144829.mp4,2026-09-17T14:48:32.987225,1789674512.987,33
g7_brio_cubo_m2_20260917_144829.mp4,2026-09-17T14:48:33.028486,1789674513.028,34
g7_brio_cubo_m2_20260917_144829.mp4,2026-09-17T14:48:33.059476,1789674513.059,35
g7_brio_cubo_m2_20260917_144829.mp4,2026-09-17T14:48:33.098920,1789674513.099,36
g7_brio_cubo_m2_20260917_144829.mp4,2026-09-17T14:48:33.131793,1789674513.132,37
g7_brio_cubo_m2_20260917_144829.mp4,2026-09-17T14:48:33.166695,1789674513.167,38
g7_brio_cubo_m2_20260917_144829.mp4,2026-09-17T14:48:33.208776,1789674513.209,39
g7_brio_cubo_m2_20260917_144829.mp4,2026-09-17T14:48:33.240360,1789674513.240,40
g7_brio_cubo_m2_20260917_144829.mp4,2026-09-17T14:48:33.278190,1789674513.278,41
g7_brio_cubo_m2_20260917_144829.mp4,2026-09-17T14:48:33.307585,1789674513.308,42
g7_brio_cubo_m2_20260917_144829.mp4,2026-09-17T14:48:33.346537,1789674513.347,43
g7_brio_cubo_m2_20260917_144829.mp4,2026-09-17T14:48:33.383090,1789674513.383,44
g7_brio_cubo_m2_20260917_144829.mp4,2026-09-17T14:48:33.416893,1789674513.417,45
g7_brio_cubo_m2_20260917_144829.mp4,2026-09-17T14:48:33.455911,1789674513.456,46
g7_brio_cubo_m2_20260917_144829.mp4,2026-09-17T14:48:33.489858,1789674513.490,47
g7_brio_cubo_m2_20260917_144829.mp4,2026-09-17T14:48:33.523568,1789674513.524,48
g7_brio_cubo_m2_20260917_144829.mp4,2026-09-17T14:48:33.559409,1789674513.559,49
g7_brio_cubo_m2_20260917_144829.mp4,2026-09-17T14:48:33.595277,1789674513.595,50
g7_brio_cubo_m2_20260917_144829.mp4,2026-09-17T14:48:33.632885,1789674513.633,51
g7_brio_cubo_m2_20260917_144829.mp4,2026-09-17T14:48:33.667556,1789674513.668,52
g7_brio_cubo_m2_20260917_144829.mp4,2026-09-17T14:48:33.706408,1789674513.706,53
g7_brio_cubo_m2_20260917_144829.mp4,2026-09-17T14:48:33.739363,1789674513.739,54
g7_brio_cubo_m2_20260917_144829.mp4,2026-09-17T14:48:33.777177,1789674513.777,55
g7_brio_cubo_m2_20260917_144829.mp4,2026-09-17T14:48:33.815822,1789674513.816,56
g7_brio_cubo_m2_20260917_144829.mp4,2026-09-17T14:48:33.845919,1789674513.846,57
g7_brio_cubo_m2_20260917_144829.mp4,2026-09-17T14:48:33.888182,1789674513.888,58
g7_brio_cubo_m2_20260917_144829.mp4,2026-09-17T14:48:33.917930,1789674513.918,59
g7_brio_cubo_m2_20260917_144829.mp4,2026-09-17T14:48:33.959099,1789674513.959,60
g7_brio_cubo_m2_20260917_144829.mp4,2026-09-17T14:48:33.992041,1789674513.992,61
g7_brio_cubo_m2_20260917_144829.mp4,2026-09-17T14:48:34.022907,1789674514.023,62
g7_brio_cubo_m2_20260917_144829.mp4,2026-09-17T14:48:34.060532,1789674514.061,63
g7_brio_cubo_m2_20260917_144829.mp4,2026-09-17T14:48:34.096926,1789674514.097,64
g7_brio_cubo_m2_20260917_144829.mp4,2026-09-17T14:48:34.131816,1789674514.132,65
g7_brio_cubo_m2_20260917_144829.mp4,2026-09-17T14:48:34.166827,1789674514.167,66
g7_brio_cubo_m2_20260917_144829.mp4,2026-09-17T14:48:34.202716,1789674514.203,67
g7_brio_cubo_m2_20260917_144829.mp4,2026-09-17T14:48:34.238918,1789674514.239,68
g7_brio_cubo_m2_20260917_144829.mp4,2026-09-17T14:48:34.276840,1789674514.277,69
g7_brio_cubo_m2_20260917_144829.mp4,2026-09-17T14:48:34.311583,1789674514.312,70
g7_brio_cubo_m2_20260917_144829.mp4,2026-09-17T14:48:34.350397,1789674514.350,71
g7_brio_cubo_m2_20260917_144829.mp4,2026-09-17T14:48:34.386354,1789674514.386,72
g7_brio_cubo_m2_20260917_144829.mp4,2026-09-17T14:48:34.425488,1789674514.426,73
g7_brio_cubo_m2_20260917_144829.mp4,2026-09-17T14:48:34.457573,1789674514.458,74
g7_brio_cubo_m2_20260917_144829.mp4,2026-09-17T14:48:34.488884,1789674514.489,75
g7_brio_cubo_m2_20260917_144829.mp4,2026-09-17T14:48:34.527306,1789674514.527,76
g7_brio_cubo_m2_20260917_144829.mp4,2026-09-17T14:48:34.560101,1789674514.560,77
g7_brio_cubo_m2_20260917_144829.mp4,2026-09-17T14:48:34.596750,1789674514.597,78
g7_brio_cubo_m2_20260917_144829.mp4,2026-09-17T14:48:34.630703,1789674514.631,79
g7_brio_cubo_m2_20260917_144829.mp4,2026-09-17T14:48:34.667730,1789674514.668,80
g7_brio_cubo_m2_20260917_144829.mp4,2026-09-17T14:48:34.702933,1789674514.703,81
g7_brio_cubo_m2_20260917_144829.mp4,2026-09-17T14:48:34.738670,1789674514.739,82
g7_brio_cubo_m2_20260917_144829.mp4,2026-09-17T14:48:34.774849,1789674514.775,83
g7_brio_cubo_m2_20260917_144829.mp4,2026-09-17T14:48:34.815340,1789674514.815,84
g7_brio_cubo_m2_20260917_144829.mp4,2026-09-17T14:48:34.849091,1789674514.849,85
g7_brio_cubo_m2_20260917_144829.mp4,2026-09-17T14:48:34.887152,1789674514.887,86
g7_brio_cubo_m2_20260917_144829.mp4,2026-09-17T14:48:34.916541,1789674514.917,87
g7_brio_cubo_m2_20260917_144829.mp4,2026-09-17T14:48:34.956672,1789674514.957,88
g7_brio_cubo_m2_20260917_144829.mp4,2026-09-17T14:48:34.987763,1789674514.988,89
g7_brio_cubo_m2_20260917_144829.mp4,2026-09-17T14:48:35.028712,1789674515.029,90
g7_brio_cubo_m2_20260917_144829.mp4,2026-09-17T14:48:35.059793,1789674515.060,91
g7_brio_cubo_m2_20260917_144829.mp4,2026-09-17T14:48:35.099370,1789674515.099,92
g7_brio_cubo_m2_20260917_144829.mp4,2026-09-17T14:48:35.132067,1789674515.132,93
g7_brio_cubo_m2_20260917_144829.mp4,2026-09-17T14:48:35.167863,1789674515.168,94
g7_brio_cubo_m2_20260917_144829.mp4,2026-09-17T14:48:35.203384,1789674515.203,95
g7_brio_cubo_m2_20260917_144829.mp4,2026-09-17T14:48:35.240290,1789674515.240,96
g7_brio_cubo_m2_20260917_144829.mp4,2026-09-17T14:48:35.279680,1789674515.280,97
g7_brio_cubo_m2_20260917_144829.mp4,2026-09-17T14:48:35.310446,1789674515.310,98
g7_brio_cubo_m2_20260917_144829.mp4,2026-09-17T14:48:35.349806,1789674515.350,99
g7_brio_cubo_m2_20260917_144829.mp4,2026-09-17T14:48:35.389389,1789674515.389,100
g7_brio_cubo_m2_20260917_144829.mp4,2026-09-17T14:48:35.423207,1789674515.423,101
g7_brio_cubo_m2_20260917_144829.mp4,2026-09-17T14:48:35.454863,1789674515.455,102
g7_brio_cubo_m2_20260917_144829.mp4,2026-09-17T14:48:35.504399,1789674515.504,103
g7_brio_cubo_m2_20260917_144829.mp4,2026-09-17T14:48:35.522467,1789674515.522,104
g7_brio_cubo_m2_20260917_144829.mp4,2026-09-17T14:48:35.560201,1789674515.560,105
g7_brio_cubo_m2_20260917_144829.mp4,2026-09-17T14:48:35.598847,1789674515.599,106
g7_brio_cubo_m2_20260917_144829.mp4,2026-09-17T14:48:35.630823,1789674515.631,107
g7_brio_cubo_m2_20260917_144829.mp4,2026-09-17T14:48:35.666706,1789674515.667,108
g7_brio_cubo_m2_20260917_144829.mp4,2026-09-17T14:48:35.702571,1789674515.703,109
g7_brio_cubo_m2_20260917_144829.mp4,2026-09-17T14:48:35.738338,1789674515.738,110
g7_brio_cubo_m2_20260917_144829.mp4,2026-09-17T14:48:35.774653,1789674515.775,111
g7_brio_cubo_m2_20260917_144829.mp4,2026-09-17T14:48:35.810655,1789674515.811,112
g7_brio_cubo_m2_20260917_144829.mp4,2026-09-17T14:48:35.848523,1789674515.849,113
g7_brio_cubo_m2_20260917_144829.mp4,2026-09-17T14:48:35.884521,1789674515.885,114
g7_brio_cubo_m2_20260917_144829.mp4,2026-09-17T14:48:35.919136,1789674515.919,115
g7_brio_cubo_m2_20260917_144829.mp4,2026-09-17T14:48:35.959906,1789674515.960,116
g7_brio_cubo_m2_20260917_144829.mp4,2026-09-17T14:48:35.993949,1789674515.994,117
g7_brio_cubo_m2_20260917_144829.mp4,2026-09-17T14:48:36.028837,1789674516.029,118
g7_brio_cubo_m2_20260917_144829.mp4,2026-09-17T14:48:36.062594,1789674516.063,119
g7_brio_cubo_m2_20260917_144829.mp4,2026-09-17T14:48:36.098864,1789674516.099,120
g7_brio_cubo_m2_20260917_144829.mp4,2026-09-17T14:48:36.130851,1789674516.131,121
g7_brio_cubo_m2_20260917_144829.mp4,2026-09-17T14:48:36.166296,1789674516.166,122
g7_brio_cubo_m2_20260917_144829.mp4,2026-09-17T14:48:36.203045,1789674516.203,123
g7_brio_cubo_m2_20260917_144829.mp4,2026-09-17T14:48:36.240484,1789674516.240,124
g7_brio_cubo_m2_20260917_144829.mp4,2026-09-17T14:48:36.280957,1789674516.281,125
g7_brio_cubo_m2_20260917_144829.mp4,2026-09-17T14:48:36.314553,1789674516.315,126
g7_brio_cubo_m2_20260917_144829.mp4,2026-09-17T14:48:36.351863,1789674516.352,127
g7_brio_cubo_m2_20260917_144829.mp4,2026-09-17T14:48:36.386630,1789674516.387,128
g7_brio_cubo_m2_20260917_144829.mp4,2026-09-17T14:48:36.423905,1789674516.424,129
g7_brio_cubo_m2_20260917_144829.mp4,2026-09-17T14:48:36.455008,1789674516.455,130
g7_brio_cubo_m2_20260917_144829.mp4,2026-09-17T14:48:36.493127,1789674516.493,131
g7_brio_cubo_m2_20260917_144829.mp4,2026-09-17T14:48:36.527406,1789674516.527,132
g7_brio_cubo_m2_20260917_144829.mp4,2026-09-17T14:48:36.563380,1789674516.563,133
g7_brio_cubo_m2_20260917_144829.mp4,2026-09-17T14:48:36.600367,1789674516.600,134
g7_brio_cubo_m2_20260917_144829.mp4,2026-09-17T14:48:36.630660,1789674516.631,135
g7_brio_cubo_m2_20260917_144829.mp4,2026-09-17T14:48:36.666461,1789674516.666,136
g7_brio_cubo_m2_20260917_144829.mp4,2026-09-17T14:48:36.706887,1789674516.707,137
g7_brio_cubo_m2_20260917_144829.mp4,2026-09-17T14:48:36.739135,1789674516.739,138
g7_brio_cubo_m2_20260917_144829.mp4,2026-09-17T14:48:36.781314,1789674516.781,139
g7_brio_cubo_m2_20260917_144829.mp4,2026-09-17T14:48:36.814301,1789674516.814,140
g7_brio_cubo_m2_20260917_144829.mp4,2026-09-17T14:48:36.850504,1789674516.851,141
g7_brio_cubo_m2_20260917_144829.mp4,2026-09-17T14:48:36.885173,1789674516.885,142
g7_brio_cubo_m2_20260917_144829.mp4,2026-09-17T14:48:36.923354,1789674516.923,143
g7_brio_cubo_m2_20260917_144829.mp4,2026-09-17T14:48:36.958944,1789674516.959,144
g7_brio_cubo_m2_20260917_144829.mp4,2026-09-17T14:48:36.995163,1789674516.995,145
g7_brio_cubo_m2_20260917_144829.mp4,2026-09-17T14:48:37.028845,1789674517.029,146
g7_brio_cubo_m2_20260917_144829.mp4,2026-09-17T14:48:37.063860,1789674517.064,147
g7_brio_cubo_m2_20260917_144829.mp4,2026-09-17T14:48:37.099746,1789674517.100,148
g7_brio_cubo_m2_20260917_144829.mp4,2026-09-17T14:48:37.134691,1789674517.135,149
g7_brio_cubo_m2_20260917_144829.mp4,2026-09-17T14:48:37.166702,1789674517.167,150
g7_brio_cubo_m2_20260917_144829.mp4,2026-09-17T14:48:37.202491,1789674517.203,151
g7_brio_cubo_m2_20260917_144829.mp4,2026-09-17T14:48:37.238508,1789674517.239,152
g7_brio_cubo_m2_20260917_144829.mp4,2026-09-17T14:48:37.274208,1789674517.274,153
g7_brio_cubo_m2_20260917_144829.mp4,2026-09-17T14:48:37.310532,1789674517.311,154
g7_brio_cubo_m2_20260917_144829.mp4,2026-09-17T14:48:37.352128,1789674517.352,155
g7_brio_cubo_m2_20260917_144829.mp4,2026-09-17T14:48:37.387171,1789674517.387,156
g7_brio_cubo_m2_20260917_144829.mp4,2026-09-17T14:48:37.422958,1789674517.423,157
g7_brio_cubo_m2_20260917_144829.mp4,2026-09-17T14:48:37.458382,1789674517.458,158
g7_brio_cubo_m2_20260917_144829.mp4,2026-09-17T14:48:37.493024,1789674517.493,159
g7_brio_cubo_m2_20260917_144829.mp4,2026-09-17T14:48:37.528381,1789674517.528,160
g7_brio_cubo_m2_20260917_144829.mp4,2026-09-17T14:48:37.564114,1789674517.564,161
g7_brio_cubo_m2_20260917_144829.mp4,2026-09-17T14:48:37.599303,1789674517.599,162
g7_brio_cubo_m2_20260917_144829.mp4,2026-09-17T14:48:37.635223,1789674517.635,163
g7_brio_cubo_m2_20260917_144829.mp4,2026-09-17T14:48:37.671063,1789674517.671,164
g7_brio_cubo_m2_20260917_144829.mp4,2026-09-17T14:48:37.707480,1789674517.707,165
g7_brio_cubo_m2_20260917_144829.mp4,2026-09-17T14:48:37.746159,1789674517.746,166
g7_brio_cubo_m2_20260917_144829.mp4,2026-09-17T14:48:37.784118,1789674517.784,167
g7_brio_cubo_m2_20260917_144829.mp4,2026-09-17T14:48:37.811543,1789674517.812,168
g7_brio_cubo_m2_20260917_144829.mp4,2026-09-17T14:48:37.859147,1789674517.859,169
g7_brio_cubo_m2_20260917_144829.mp4,2026-09-17T14:48:37.888956,1789674517.889,170
g7_brio_cubo_m2_20260917_144829.mp4,2026-09-17T14:48:37.922850,1789674517.923,171
g7_brio_cubo_m2_20260917_144829.mp4,2026-09-17T14:48:37.959678,1789674517.960,172
g7_brio_cubo_m2_20260917_144829.mp4,2026-09-17T14:48:37.995824,1789674517.996,173
g7_brio_cubo_m2_20260917_144829.mp4,2026-09-17T14:48:38.028318,1789674518.028,174
g7_brio_cubo_m2_20260917_144829.mp4,2026-09-17T14:48:38.064392,1789674518.064,175
g7_brio_cubo_m2_20260917_144829.mp4,2026-09-17T14:48:38.098729,1789674518.099,176
g7_brio_cubo_m2_20260917_144829.mp4,2026-09-17T14:48:38.135088,1789674518.135,177
g7_brio_cubo_m2_20260917_144829.mp4,2026-09-17T14:48:38.173255,1789674518.173,178
g7_brio_cubo_m2_20260917_144829.mp4,2026-09-17T14:48:38.206238,1789674518.206,179
g7_brio_cubo_m2_20260917_144829.mp4,2026-09-17T14:48:38.238992,1789674518.239,180
g7_brio_cubo_m2_20260917_144829.mp4,2026-09-17T14:48:38.280306,1789674518.280,181
g7_brio_cubo_m2_20260917_144829.mp4,2026-09-17T14:48:38.312857,1789674518.313,182
g7_brio_cubo_m2_20260917_144829.mp4,2026-09-17T14:48:38.351294,1789674518.351,183
g7_brio_cubo_m2_20260917_144829.mp4,2026-09-17T14:48:38.387099,1789674518.387,184
g7_brio_cubo_m2_20260917_144829.mp4,2026-09-17T14:48:38.423270,1789674518.423,185
g7_brio_cubo_m2_20260917_144829.mp4,2026-09-17T14:48:38.457234,1789674518.457,186
g7_brio_cubo_m2_20260917_144829.mp4,2026-09-17T14:48:38.496324,1789674518.496,187
g7_brio_cubo_m2_20260917_144829.mp4,2026-09-17T14:48:38.527801,1789674518.528,188
g7_brio_cubo_m2_20260917_144829.mp4,2026-09-17T14:48:38.568132,1789674518.568,189
g7_brio_cubo_m2_20260917_144829.mp4,2026-09-17T14:48:38.602332,1789674518.602,190
g7_brio_cubo_m2_20260917_144829.mp4,2026-09-17T14:48:38.634475,1789674518.634,191
g7_brio_cubo_m2_20260917_144829.mp4,2026-09-17T14:48:38.670261,1789674518.670,192
g7_brio_cubo_m2_20260917_144829.mp4,2026-09-17T14:48:38.713195,1789674518.713,193
g7_brio_cubo_m2_20260917_144829.mp4,2026-09-17T14:48:38.746485,1789674518.746,194
g7_brio_cubo_m2_20260917_144829.mp4,2026-09-17T14:48:38.778075,1789674518.778,195
g7_brio_cubo_m2_20260917_144829.mp4,2026-09-17T14:48:38.815875,1789674518.816,196
g7_brio_cubo_m2_20260917_144829.mp4,2026-09-17T14:48:38.852680,1789674518.853,197
g7_brio_cubo_m2_20260917_144829.mp4,2026-09-17T14:48:38.883359,1789674518.883,198
g7_brio_cubo_m2_20260917_144829.mp4,2026-09-17T14:48:38.927507,1789674518.928,199
g7_brio_cubo_m2_20260917_144829.mp4,2026-09-17T14:48:38.964773,1789674518.965,200
g7_brio_cubo_m2_20260917_144829.mp4,2026-09-17T14:48:38.993673,1789674518.994,201
g7_brio_cubo_m2_20260917_144829.mp4,2026-09-17T14:48:39.027939,1789674519.028,202
g7_brio_cubo_m2_20260917_144829.mp4,2026-09-17T14:48:39.062844,1789674519.063,203
g7_brio_cubo_m2_20260917_144829.mp4,2026-09-17T14:48:39.100423,1789674519.100,204
g7_brio_cubo_m2_20260917_144829.mp4,2026-09-17T14:48:39.135072,1789674519.135,205
g7_brio_cubo_m2_20260917_144829.mp4,2026-09-17T14:48:39.175938,1789674519.176,206
g7_brio_cubo_m2_20260917_144829.mp4,2026-09-17T14:48:39.210167,1789674519.210,207
g7_brio_cubo_m2_20260917_144829.mp4,2026-09-17T14:48:39.247419,1789674519.247,208
g7_brio_cubo_m2_20260917_144829.mp4,2026-09-17T14:48:39.282551,1789674519.283,209
g7_brio_cubo_m2_20260917_144829.mp4,2026-09-17T14:48:39.321074,1789674519.321,210
g7_brio_cubo_m2_20260917_144829.mp4,2026-09-17T14:48:39.355212,1789674519.355,211
g7_brio_cubo_m2_20260917_144829.mp4,2026-09-17T14:48:39.392299,1789674519.392,212
g7_brio_cubo_m2_20260917_144829.mp4,2026-09-17T14:48:39.423202,1789674519.423,213
g7_brio_cubo_m2_20260917_144829.mp4,2026-09-17T14:48:39.460756,1789674519.461,214
g7_brio_cubo_m2_20260917_144829.mp4,2026-09-17T14:48:39.498830,1789674519.499,215
g7_brio_cubo_m2_20260917_144829.mp4,2026-09-17T14:48:39.527670,1789674519.528,216
g7_brio_cubo_m2_20260917_144829.mp4,2026-09-17T14:48:39.566648,1789674519.567,217
g7_brio_cubo_m2_20260917_144829.mp4,2026-09-17T14:48:39.599458,1789674519.599,218
g7_brio_cubo_m2_20260917_144829.mp4,2026-09-17T14:48:39.634882,1789674519.635,219
g7_brio_cubo_m2_20260917_144829.mp4,2026-09-17T14:48:39.671012,1789674519.671,220
g7_brio_cubo_m2_20260917_144829.mp4,2026-09-17T14:48:39.707598,1789674519.708,221
g7_brio_cubo_m2_20260917_144829.mp4,2026-09-17T14:48:39.743225,1789674519.743,222
g7_brio_cubo_m2_20260917_144829.mp4,2026-09-17T14:48:39.779016,1789674519.779,223
g7_brio_cubo_m2_20260917_144829.mp4,2026-09-17T14:48:39.815379,1789674519.815,224
g7_brio_cubo_m2_20260917_144829.mp4,2026-09-17T14:48:39.854607,1789674519.855,225
g7_brio_cubo_m2_20260917_144829.mp4,2026-09-17T14:48:39.893681,1789674519.894,226
g7_brio_cubo_m2_20260917_144829.mp4,2026-09-17T14:48:39.925093,1789674519.925,227
g7_brio_cubo_m2_20260917_144829.mp4,2026-09-17T14:48:39.961161,1789674519.961,228
g7_brio_cubo_m2_20260917_144829.mp4,2026-09-17T14:48:40.001778,1789674520.002,229
g7_brio_cubo_m2_20260917_144829.mp4,2026-09-17T14:48:40.032181,1789674520.032,230
g7_brio_cubo_m2_20260917_144829.mp4,2026-09-17T14:48:40.068700,1789674520.069,231
g7_brio_cubo_m2_20260917_144829.mp4,2026-09-17T14:48:40.103660,1789674520.104,232
g7_brio_cubo_m2_20260917_144829.mp4,2026-09-17T14:48:40.134664,1789674520.135,233
g7_brio_cubo_m2_20260917_144829.mp4,2026-09-17T14:48:40.170193,1789674520.170,234
g7_brio_cubo_m2_20260917_144829.mp4,2026-09-17T14:48:40.206863,1789674520.207,235
g7_brio_cubo_m2_20260917_144829.mp4,2026-09-17T14:48:40.242647,1789674520.243,236
g7_brio_cubo_m2_20260917_144829.mp4,2026-09-17T14:48:40.283997,1789674520.284,237
g7_brio_cubo_m2_20260917_144829.mp4,2026-09-17T14:48:40.319953,1789674520.320,238
g7_brio_cubo_m2_20260917_144829.mp4,2026-09-17T14:48:40.355549,1789674520.356,239
g7_brio_cubo_m2_20260917_144829.mp4,2026-09-17T14:48:40.391113,1789674520.391,240
g7_brio_cubo_m2_20260917_144829.mp4,2026-09-17T14:48:40.426977,1789674520.427,241
g7_brio_cubo_m2_20260917_144829.mp4,2026-09-17T14:48:40.461466,1789674520.461,242
g7_brio_cubo_m2_20260917_144829.mp4,2026-09-17T14:48:40.498004,1789674520.498,243
g7_brio_cubo_m2_20260917_144829.mp4,2026-09-17T14:48:40.530873,1789674520.531,244
g7_brio_cubo_m2_20260917_144829.mp4,2026-09-17T14:48:40.569239,1789674520.569,245
g7_brio_cubo_m2_20260917_144829.mp4,2026-09-17T14:48:40.603947,1789674520.604,246
g7_brio_cubo_m2_20260917_144829.mp4,2026-09-17T14:48:40.639549,1789674520.640,247
g7_brio_cubo_m2_20260917_144829.mp4,2026-09-17T14:48:40.674111,1789674520.674,248
g7_brio_cubo_m2_20260917_144829.mp4,2026-09-17T14:48:40.707266,1789674520.707,249
g7_brio_cubo_m2_20260917_144829.mp4,2026-09-17T14:48:40.747859,1789674520.748,250
g7_brio_cubo_m2_20260917_144829.mp4,2026-09-17T14:48:40.783486,1789674520.783,251
g7_brio_cubo_m2_20260917_144829.mp4,2026-09-17T14:48:40.819437,1789674520.819,252
g7_brio_cubo_m2_20260917_144829.mp4,2026-09-17T14:48:40.854715,1789674520.855,253
g7_brio_cubo_m2_20260917_144829.mp4,2026-09-17T14:48:40.891226,1789674520.891,254
g7_brio_cubo_m2_20260917_144829.mp4,2026-09-17T14:48:40.926932,1789674520.927,255
g7_brio_cubo_m2_20260917_144829.mp4,2026-09-17T14:48:40.960416,1789674520.960,256
g7_brio_cubo_m2_20260917_144829.mp4,2026-09-17T14:48:40.995403,1789674520.995,257
g7_brio_cubo_m2_20260917_144829.mp4,2026-09-17T14:48:41.031600,1789674521.032,258
g7_brio_cubo_m2_20260917_144829.mp4,2026-09-17T14:48:41.066843,1789674521.067,259
g7_brio_cubo_m2_20260917_144829.mp4,2026-09-17T14:48:41.103494,1789674521.104,260
g7_brio_cubo_m2_20260917_144829.mp4,2026-09-17T14:48:41.140618,1789674521.141,261
g7_brio_cubo_m2_20260917_144829.mp4,2026-09-17T14:48:41.181198,1789674521.181,262
g7_brio_cubo_m2_20260917_144829.mp4,2026-09-17T14:48:41.209863,1789674521.210,263
g7_brio_cubo_m2_20260917_144829.mp4,2026-09-17T14:48:41.244840,1789674521.245,264
g7_brio_cubo_m2_20260917_144829.mp4,2026-09-17T14:48:41.279605,1789674521.280,265
g7_brio_cubo_m2_20260917_144829.mp4,2026-09-17T14:48:41.319283,1789674521.319,266
g7_brio_cubo_m2_20260917_144829.mp4,2026-09-17T14:48:41.354388,1789674521.354,267
g7_brio_cubo_m2_20260917_144829.mp4,2026-09-17T14:48:41.390060,1789674521.390,268
g7_brio_cubo_m2_20260917_144829.mp4,2026-09-17T14:48:41.426043,1789674521.426,269
g7_brio_cubo_m2_20260917_144829.mp4,2026-09-17T14:48:41.459839,1789674521.460,270
g7_brio_cubo_m2_20260917_144829.mp4,2026-09-17T14:48:41.502461,1789674521.502,271
g7_brio_cubo_m2_20260917_144829.mp4,2026-09-17T14:48:41.531277,1789674521.531,272
g7_brio_cubo_m2_20260917_144829.mp4,2026-09-17T14:48:41.566795,1789674521.567,273
g7_brio_cubo_m2_20260917_144829.mp4,2026-09-17T14:48:41.602422,1789674521.602,274
g7_brio_cubo_m2_20260917_144829.mp4,2026-09-17T14:48:41.639547,1789674521.640,275
g7_brio_cubo_m2_20260917_144829.mp4,2026-09-17T14:48:41.674547,1789674521.675,276
g7_brio_cubo_m2_20260917_144829.mp4,2026-09-17T14:48:41.711062,1789674521.711,277
g7_brio_cubo_m2_20260917_144829.mp4,2026-09-17T14:48:41.745287,1789674521.745,278
g7_brio_cubo_m2_20260917_144829.mp4,2026-09-17T14:48:41.787957,1789674521.788,279
g7_brio_cubo_m2_20260917_144829.mp4,2026-09-17T14:48:41.815222,1789674521.815,280
g7_brio_cubo_m2_20260917_144829.mp4,2026-09-17T14:48:41.851634,1789674521.852,281
g7_brio_cubo_m2_20260917_144829.mp4,2026-09-17T14:48:41.888380,1789674521.888,282
g7_brio_cubo_m2_20260917_144829.mp4,2026-09-17T14:48:41.928011,1789674521.928,283
g7_brio_cubo_m2_20260917_144829.mp4,2026-09-17T14:48:41.961579,1789674521.962,284
g7_brio_cubo_m2_20260917_144829.mp4,2026-09-17T14:48:41.996234,1789674521.996,285
g7_brio_cubo_m2_20260917_144829.mp4,2026-09-17T14:48:42.030988,1789674522.031,286
g7_brio_cubo_m2_20260917_144829.mp4,2026-09-17T14:48:42.066931,1789674522.067,287
g7_brio_cubo_m2_20260917_144829.mp4,2026-09-17T14:48:42.105680,1789674522.106,288
g7_brio_cubo_m2_20260917_144829.mp4,2026-09-17T14:48:42.138997,1789674522.139,289
g7_brio_cubo_m2_20260917_144829.mp4,2026-09-17T14:48:42.180068,1789674522.180,290
g7_brio_cubo_m2_20260917_144829.mp4,2026-09-17T14:48:42.209995,1789674522.210,291
g7_brio_cubo_m2_20260917_144829.mp4,2026-09-17T14:48:42.242899,1789674522.243,292
g7_brio_cubo_m2_20260917_144829.mp4,2026-09-17T14:48:42.286806,1789674522.287,293
g7_brio_cubo_m2_20260917_144829.mp4,2026-09-17T14:48:42.316920,1789674522.317,294
g7_brio_cubo_m2_20260917_144829.mp4,2026-09-17T14:48:42.355694,1789674522.356,295
g7_brio_cubo_m2_20260917_144829.mp4,2026-09-17T14:48:42.390248,1789674522.390,296
g7_brio_cubo_m2_20260917_144829.mp4,2026-09-17T14:48:42.426091,1789674522.426,297
g7_brio_cubo_m2_20260917_144829.mp4,2026-09-17T14:48:42.460958,1789674522.461,298
g7_brio_cubo_m2_20260917_144829.mp4,2026-09-17T14:48:42.502131,1789674522.502,299
g7_brio_cubo_m2_20260917_144829.mp4,2026-09-17T14:48:42.531515,1789674522.532,300
g7_brio_cubo_m2_20260917_144829.mp4,2026-09-17T14:48:42.566494,1789674522.567,301
g7_brio_cubo_m2_20260917_144829.mp4,2026-09-17T14:48:42.602454,1789674522.602,302
g7_brio_cubo_m2_20260917_144829.mp4,2026-09-17T14:48:42.639718,1789674522.640,303
g7_brio_cubo_m2_20260917_144829.mp4,2026-09-17T14:48:42.679391,1789674522.679,304
g7_brio_cubo_m2_20260917_144829.mp4,2026-09-17T14:48:42.708967,1789674522.709,305
g7_brio_cubo_m2_20260917_144829.mp4,2026-09-17T14:48:42.748281,1789674522.748,306
g7_brio_cubo_m2_20260917_144829.mp4,2026-09-17T14:48:42.785724,1789674522.786,307
g7_brio_cubo_m2_20260917_144829.mp4,2026-09-17T14:48:42.817950,1789674522.818,308
g7_brio_cubo_m2_20260917_144829.mp4,2026-09-17T14:48:42.855065,1789674522.855,309
g7_brio_cubo_m2_20260917_144829.mp4,2026-09-17T14:48:42.892161,1789674522.892,310
g7_brio_cubo_m2_20260917_144829.mp4,2026-09-17T14:48:42.929445,1789674522.929,311
g7_brio_cubo_m2_20260917_144829.mp4,2026-09-17T14:48:42.960534,1789674522.961,312
g7_brio_cubo_m2_20260917_144829.mp4,2026-09-17T14:48:42.997581,1789674522.998,313
g7_brio_cubo_m2_20260917_144829.mp4,2026-09-17T14:48:43.033539,1789674523.034,314
g7_brio_cubo_m2_20260917_144829.mp4,2026-09-17T14:48:43.064181,1789674523.064,315
g7_brio_cubo_m2_20260917_144829.mp4,2026-09-17T14:48:43.104457,1789674523.104,316
g7_brio_cubo_m2_20260917_144829.mp4,2026-09-17T14:48:43.134471,1789674523.134,317
g7_brio_cubo_m2_20260917_144829.mp4,2026-09-17T14:48:43.170466,1789674523.170,318
g7_brio_cubo_m2_20260917_144829.mp4,2026-09-17T14:48:43.206489,1789674523.207,319
g7_brio_cubo_m2_20260917_144829.mp4,2026-09-17T14:48:43.243141,1789674523.243,320
g7_brio_cubo_m2_20260917_144829.mp4,2026-09-17T14:48:43.281160,1789674523.281,321
g7_brio_cubo_m2_20260917_144829.mp4,2026-09-17T14:48:43.318831,1789674523.319,322
g7_brio_cubo_m2_20260917_144829.mp4,2026-09-17T14:48:43.358136,1789674523.358,323
g7_brio_cubo_m2_20260917_144829.mp4,2026-09-17T14:48:43.392359,1789674523.392,324
g7_brio_cubo_m2_20260917_144829.mp4,2026-09-17T14:48:43.427058,1789674523.427,325
g7_brio_cubo_m2_20260917_144829.mp4,2026-09-17T14:48:43.459876,1789674523.460,326
g7_brio_cubo_m2_20260917_144829.mp4,2026-09-17T14:48:43.502749,1789674523.503,327
g7_brio_cubo_m2_20260917_144829.mp4,2026-09-17T14:48:43.530925,1789674523.531,328
g7_brio_cubo_m2_20260917_144829.mp4,2026-09-17T14:48:43.566682,1789674523.567,329
g7_brio_cubo_m2_20260917_144829.mp4,2026-09-17T14:48:43.605178,1789674523.605,330
g7_brio_cubo_m2_20260917_144829.mp4,2026-09-17T14:48:43.639773,1789674523.640,331
g7_brio_cubo_m2_20260917_144829.mp4,2026-09-17T14:48:43.675664,1789674523.676,332
g7_brio_cubo_m2_20260917_144829.mp4,2026-09-17T14:48:43.707523,1789674523.708,333
g7_brio_cubo_m2_20260917_144829.mp4,2026-09-17T14:48:43.743343,1789674523.743,334
g7_brio_cubo_m2_20260917_144829.mp4,2026-09-17T14:48:43.782520,1789674523.783,335
g7_brio_cubo_m2_20260917_144829.mp4,2026-09-17T14:48:43.817143,1789674523.817,336
g7_brio_cubo_m2_20260917_144829.mp4,2026-09-17T14:48:43.855730,1789674523.856,337
g7_brio_cubo_m2_20260917_144829.mp4,2026-09-17T14:48:43.892346,1789674523.892,338
g7_brio_cubo_m2_20260917_144829.mp4,2026-09-17T14:48:43.926692,1789674523.927,339
g7_brio_cubo_m2_20260917_144829.mp4,2026-09-17T14:48:43.959863,1789674523.960,340
g7_brio_cubo_m2_20260917_144829.mp4,2026-09-17T14:48:43.999138,1789674523.999,341
g7_brio_cubo_m2_20260917_144829.mp4,2026-09-17T14:48:44.037654,1789674524.038,342
g7_brio_cubo_m2_20260917_144829.mp4,2026-09-17T14:48:44.066801,1789674524.067,343
g7_brio_cubo_m2_20260917_144829.mp4,2026-09-17T14:48:44.103003,1789674524.103,344
g7_brio_cubo_m2_20260917_144829.mp4,2026-09-17T14:48:44.138666,1789674524.139,345
g7_brio_cubo_m2_20260917_144829.mp4,2026-09-17T14:48:44.178072,1789674524.178,346
g7_brio_cubo_m2_20260917_144829.mp4,2026-09-17T14:48:44.207401,1789674524.207,347
g7_brio_cubo_m2_20260917_144829.mp4,2026-09-17T14:48:44.244204,1789674524.244,348
g7_brio_cubo_m2_20260917_144829.mp4,2026-09-17T14:48:44.279647,1789674524.280,349
g7_brio_cubo_m2_20260917_144829.mp4,2026-09-17T14:48:44.319990,1789674524.320,350
g7_brio_cubo_m2_20260917_144829.mp4,2026-09-17T14:48:44.354792,1789674524.355,351
g7_brio_cubo_m2_20260917_144829.mp4,2026-09-17T14:48:44.390570,1789674524.391,352
g7_brio_cubo_m2_20260917_144829.mp4,2026-09-17T14:48:44.425193,1789674524.425,353
g7_brio_cubo_m2_20260917_144829.mp4,2026-09-17T14:48:44.461434,1789674524.461,354
g7_brio_cubo_m2_20260917_144829.mp4,2026-09-17T14:48:44.498206,1789674524.498,355
g7_brio_cubo_m2_20260917_144829.mp4,2026-09-17T14:48:44.531376,1789674524.531,356
g7_brio_cubo_m2_20260917_144829.mp4,2026-09-17T14:48:44.566788,1789674524.567,357
g7_brio_cubo_m2_20260917_144829.mp4,2026-09-17T14:48:44.609425,1789674524.609,358
g7_brio_cubo_m2_20260917_144829.mp4,2026-09-17T14:48:44.642065,1789674524.642,359
g7_brio_cubo_m2_20260917_144829.mp4,2026-09-17T14:48:44.673997,1789674524.674,360
g7_brio_cubo_m2_20260917_144829.mp4,2026-09-17T14:48:44.714861,1789674524.715,361
g7_brio_cubo_m2_20260917_144829.mp4,2026-09-17T14:48:44.745583,1789674524.746,362
g7_brio_cubo_m2_20260917_144829.mp4,2026-09-17T14:48:44.779801,1789674524.780,363
g7_brio_cubo_m2_20260917_144829.mp4,2026-09-17T14:48:44.819100,1789674524.819,364
g7_brio_cubo_m2_20260917_144829.mp4,2026-09-17T14:48:44.856316,1789674524.856,365
g7_brio_cubo_m2_20260917_144829.mp4,2026-09-17T14:48:44.887528,1789674524.888,366
g7_brio_cubo_m2_20260917_144829.mp4,2026-09-17T14:48:44.924071,1789674524.924,367
g7_brio_cubo_m2_20260917_144829.mp4,2026-09-17T14:48:44.959182,1789674524.959,368
g7_brio_cubo_m2_20260917_144829.mp4,2026-09-17T14:48:44.995367,1789674524.995,369
g7_brio_cubo_m2_20260917_144829.mp4,2026-09-17T14:48:45.030740,1789674525.031,370
g7_brio_cubo_m2_20260917_144829.mp4,2026-09-17T14:48:45.066533,1789674525.067,371
g7_brio_cubo_m2_20260917_144829.mp4,2026-09-17T14:48:45.103019,1789674525.103,372
g7_brio_cubo_m2_20260917_144829.mp4,2026-09-17T14:48:45.138660,1789674525.139,373
g7_brio_cubo_m2_20260917_144829.mp4,2026-09-17T14:48:45.178520,1789674525.179,374
g7_brio_cubo_m2_20260917_144829.mp4,2026-09-17T14:48:45.209794,1789674525.210,375
g7_brio_cubo_m2_20260917_144829.mp4,2026-09-17T14:48:45.249195,1789674525.249,376
g7_brio_cubo_m2_20260917_144829.mp4,2026-09-17T14:48:45.278950,1789674525.279,377
g7_brio_cubo_m2_20260917_144829.mp4,2026-09-17T14:48:45.318957,1789674525.319,378
g7_brio_cubo_m2_20260917_144829.mp4,2026-09-17T14:48:45.354510,1789674525.355,379
g7_brio_cubo_m2_20260917_144829.mp4,2026-09-17T14:48:45.390449,1789674525.390,380
g7_brio_cubo_m2_20260917_144829.mp4,2026-09-17T14:48:45.425765,1789674525.426,381
g7_brio_cubo_m2_20260917_144829.mp4,2026-09-17T14:48:45.460167,1789674525.460,382
g7_brio_cubo_m2_20260917_144829.mp4,2026-09-17T14:48:45.495632,1789674525.496,383
g7_brio_cubo_m2_20260917_144829.mp4,2026-09-17T14:48:45.530906,1789674525.531,384
g7_brio_cubo_m2_20260917_144829.mp4,2026-09-17T14:48:45.571708,1789674525.572,385
g7_brio_cubo_m2_20260917_144829.mp4,2026-09-17T14:48:45.603295,1789674525.603,386
g7_brio_cubo_m2_20260917_144829.mp4,2026-09-17T14:48:45.638856,1789674525.639,387
g7_brio_cubo_m2_20260917_144829.mp4,2026-09-17T14:48:45.675022,1789674525.675,388
g7_brio_cubo_m2_20260917_144829.mp4,2026-09-17T14:48:45.711486,1789674525.711,389
g7_brio_cubo_m2_20260917_144829.mp4,2026-09-17T14:48:45.745568,1789674525.746,390
g7_brio_cubo_m2_20260917_144829.mp4,2026-09-17T14:48:45.782369,1789674525.782,391
g7_brio_cubo_m2_20260917_144829.mp4,2026-09-17T14:48:45.820328,1789674525.820,392
g7_brio_cubo_m2_20260917_144829.mp4,2026-09-17T14:48:45.854077,1789674525.854,393
g7_brio_cubo_m2_20260917_144829.mp4,2026-09-17T14:48:45.891848,1789674525.892,394
g7_brio_cubo_m2_20260917_144829.mp4,2026-09-17T14:48:45.925885,1789674525.926,395
g7_brio_cubo_m2_20260917_144829.mp4,2026-09-17T14:48:45.959692,1789674525.960,396
g7_brio_cubo_m2_20260917_144829.mp4,2026-09-17T14:48:45.997571,1789674525.998,397
g7_brio_cubo_m2_20260917_144829.mp4,2026-09-17T14:48:46.030833,1789674526.031,398
g7_brio_cubo_m2_20260917_144829.mp4,2026-09-17T14:48:46.062658,1789674526.063,399
g7_brio_cubo_m2_20260917_144829.mp4,2026-09-17T14:48:46.103645,1789674526.104,400
g7_brio_cubo_m2_20260917_144829.mp4,2026-09-17T14:48:46.140836,1789674526.141,401
g7_brio_cubo_m2_20260917_144829.mp4,2026-09-17T14:48:46.171545,1789674526.172,402
g7_brio_cubo_m2_20260917_144829.mp4,2026-09-17T14:48:46.214118,1789674526.214,403
g7_brio_cubo_m2_20260917_144829.mp4,2026-09-17T14:48:46.244641,1789674526.245,404
g7_brio_cubo_m2_20260917_144829.mp4,2026-09-17T14:48:46.281107,1789674526.281,405
g7_brio_cubo_m2_20260917_144829.mp4,2026-09-17T14:48:46.317641,1789674526.318,406
g7_brio_cubo_m2_20260917_144829.mp4,2026-09-17T14:48:46.354892,1789674526.355,407
g7_brio_cubo_m2_20260917_144829.mp4,2026-09-17T14:48:46.393329,1789674526.393,408
g7_brio_cubo_m2_20260917_144829.mp4,2026-09-17T14:48:46.424760,1789674526.425,409
g7_brio_cubo_m2_20260917_144829.mp4,2026-09-17T14:48:46.460231,1789674526.460,410
g7_brio_cubo_m2_20260917_144829.mp4,2026-09-17T14:48:46.496844,1789674526.497,411
g7_brio_cubo_m2_20260917_144829.mp4,2026-09-17T14:48:46.531294,1789674526.531,412
g7_brio_cubo_m2_20260917_144829.mp4,2026-09-17T14:48:46.566481,1789674526.566,413
g7_brio_cubo_m2_20260917_144829.mp4,2026-09-17T14:48:46.604100,1789674526.604,414
g7_brio_cubo_m2_20260917_144829.mp4,2026-09-17T14:48:46.639116,1789674526.639,415
g7_brio_cubo_m2_20260917_144829.mp4,2026-09-17T14:48:46.675643,1789674526.676,416
g7_brio_cubo_m2_20260917_144829.mp4,2026-09-17T14:48:46.708663,1789674526.709,417
g7_brio_cubo_m2_20260917_144829.mp4,2026-09-17T14:48:46.755245,1789674526.755,418
g7_brio_cubo_m2_20260917_144829.mp4,2026-09-17T14:48:46.779857,1789674526.780,419
g7_brio_cubo_m2_20260917_144829.mp4,2026-09-17T14:48:46.818883,1789674526.819,420
g7_brio_cubo_m2_20260917_144829.mp4,2026-09-17T14:48:46.852733,1789674526.853,421
g7_brio_cubo_m2_20260917_144829.mp4,2026-09-17T14:48:46.889962,1789674526.890,422
g7_brio_cubo_m2_20260917_144829.mp4,2026-09-17T14:48:46.926240,1789674526.926,423
g7_brio_cubo_m2_20260917_144829.mp4,2026-09-17T14:48:46.959567,1789674526.960,424
g7_brio_cubo_m2_20260917_144829.mp4,2026-09-17T14:48:46.997579,1789674526.998,425
g7_brio_cubo_m2_20260917_144829.mp4,2026-09-17T14:48:47.030560,1789674527.031,426
g7_brio_cubo_m2_20260917_144829.mp4,2026-09-17T14:48:47.066945,1789674527.067,427
g7_brio_cubo_m2_20260917_144829.mp4,2026-09-17T14:48:47.102762,1789674527.103,428
g7_brio_cubo_m2_20260917_144829.mp4,2026-09-17T14:48:47.141331,1789674527.141,429
g7_brio_cubo_m2_20260917_144829.mp4,2026-09-17T14:48:47.180279,1789674527.180,430
g7_brio_cubo_m2_20260917_144829.mp4,2026-09-17T14:48:47.214046,1789674527.214,431
g7_brio_cubo_m2_20260917_144829.mp4,2026-09-17T14:48:47.245084,1789674527.245,432
g7_brio_cubo_m2_20260917_144829.mp4,2026-09-17T14:48:47.280383,1789674527.280,433
g7_brio_cubo_m2_20260917_144829.mp4,2026-09-17T14:48:47.319830,1789674527.320,434
g7_brio_cubo_m2_20260917_144829.mp4,2026-09-17T14:48:47.356505,1789674527.357,435
g7_brio_cubo_m2_20260917_144829.mp4,2026-09-17T14:48:47.392037,1789674527.392,436
g7_brio_cubo_m2_20260917_144829.mp4,2026-09-17T14:48:47.426215,1789674527.426,437
g7_brio_cubo_m2_20260917_144829.mp4,2026-09-17T14:48:47.461390,1789674527.461,438
g7_brio_cubo_m2_20260917_144829.mp4,2026-09-17T14:48:47.498215,1789674527.498,439
g7_brio_cubo_m2_20260917_144829.mp4,2026-09-17T14:48:47.530310,1789674527.530,440
g7_brio_cubo_m2_20260917_144829.mp4,2026-09-17T14:48:47.566358,1789674527.566,441
g7_brio_cubo_m2_20260917_144829.mp4,2026-09-17T14:48:47.602921,1789674527.603,442
g7_brio_cubo_m2_20260917_144829.mp4,2026-09-17T14:48:47.638693,1789674527.639,443
g7_brio_cubo_m2_20260917_144829.mp4,2026-09-17T14:48:47.672945,1789674527.673,444
g7_brio_cubo_m2_20260917_144829.mp4,2026-09-17T14:48:47.716098,1789674527.716,445
g7_brio_cubo_m2_20260917_144829.mp4,2026-09-17T14:48:47.744322,1789674527.744,446
g7_brio_cubo_m2_20260917_144829.mp4,2026-09-17T14:48:47.782846,1789674527.783,447
g7_brio_cubo_m2_20260917_144829.mp4,2026-09-17T14:48:47.814943,1789674527.815,448
g7_brio_cubo_m2_20260917_144829.mp4,2026-09-17T14:48:47.854459,1789674527.854,449
g7_brio_cubo_m2_20260917_144829.mp4,2026-09-17T14:48:47.891438,1789674527.891,450
g7_brio_cubo_m2_20260917_144829.mp4,2026-09-17T14:48:47.924383,1789674527.924,451
g7_brio_cubo_m2_20260917_144829.mp4,2026-09-17T14:48:47.959259,1789674527.959,452
g7_brio_cubo_m2_20260917_144829.mp4,2026-09-17T14:48:47.996386,1789674527.996,453
g7_brio_cubo_m2_20260917_144829.mp4,2026-09-17T14:48:48.030149,1789674528.030,454
g7_brio_cubo_m2_20260917_144829.mp4,2026-09-17T14:48:48.062113,1789674528.062,455
g7_brio_cubo_m2_20260917_144829.mp4,2026-09-17T14:48:48.099467,1789674528.099,456
g7_brio_cubo_m2_20260917_144829.mp4,2026-09-17T14:48:48.134894,1789674528.135,457
g7_brio_cubo_m2_20260917_144829.mp4,2026-09-17T14:48:48.171714,1789674528.172,458
g7_brio_cubo_m2_20260917_144829.mp4,2026-09-17T14:48:48.208788,1789674528.209,459
g7_brio_cubo_m2_20260917_144829.mp4,2026-09-17T14:48:48.247328,1789674528.247,460
g7_brio_cubo_m2_20260917_144829.mp4,2026-09-17T14:48:48.284346,1789674528.284,461
g7_brio_cubo_m2_20260917_144829.mp4,2026-09-17T14:48:48.317846,1789674528.318,462
g7_brio_cubo_m2_20260917_144829.mp4,2026-09-17T14:48:48.353370,1789674528.353,463
g7_brio_cubo_m2_20260917_144829.mp4,2026-09-17T14:48:48.387433,1789674528.387,464
g7_brio_cubo_m2_20260917_144829.mp4,2026-09-17T14:48:48.424367,1789674528.424,465
g7_brio_cubo_m2_20260917_144829.mp4,2026-09-17T14:48:48.458963,1789674528.459,466
g7_brio_cubo_m2_20260917_144829.mp4,2026-09-17T14:48:48.499470,1789674528.499,467
g7_brio_cubo_m2_20260917_144829.mp4,2026-09-17T14:48:48.527085,1789674528.527,468
g7_brio_cubo_m2_20260917_144829.mp4,2026-09-17T14:48:48.566882,1789674528.567,469
g7_brio_cubo_m2_20260917_144829.mp4,2026-09-17T14:48:48.599092,1789674528.599,470
g7_brio_cubo_m2_20260917_144829.mp4,2026-09-17T14:48:48.634411,1789674528.634,471
g7_brio_cubo_m2_20260917_144829.mp4,2026-09-17T14:48:48.672000,1789674528.672,472
g7_brio_cubo_m2_20260917_144829.mp4,2026-09-17T14:48:48.708535,1789674528.709,473
g7_brio_cubo_m2_20260917_144829.mp4,2026-09-17T14:48:48.746994,1789674528.747,474
g7_brio_cubo_m2_20260917_144829.mp4,2026-09-17T14:48:48.783986,1789674528.784,475
g7_brio_cubo_m2_20260917_144829.mp4,2026-09-17T14:48:48.819042,1789674528.819,476
g7_brio_cubo_m2_20260917_144829.mp4,2026-09-17T14:48:48.855482,1789674528.855,477
g7_brio_cubo_m2_20260917_144829.mp4,2026-09-17T14:48:48.891447,1789674528.891,478
g7_brio_cubo_m2_20260917_144829.mp4,2026-09-17T14:48:48.927972,1789674528.928,479
g7_brio_cubo_m2_20260917_144829.mp4,2026-09-17T14:48:48.959606,1789674528.960,480
g7_brio_cubo_m2_20260917_144829.mp4,2026-09-17T14:48:48.994884,1789674528.995,481
g7_brio_cubo_m2_20260917_144829.mp4,2026-09-17T14:48:49.031515,1789674529.032,482
g7_brio_cubo_m2_20260917_144829.mp4,2026-09-17T14:48:49.067154,1789674529.067,483
g7_brio_cubo_m2_20260917_144829.mp4,2026-09-17T14:48:49.102841,1789674529.103,484
g7_brio_cubo_m2_20260917_144829.mp4,2026-09-17T14:48:49.140327,1789674529.140,485
g7_brio_cubo_m2_20260917_144829.mp4,2026-09-17T14:48:49.171633,1789674529.172,486
g7_brio_cubo_m2_20260917_144829.mp4,2026-09-17T14:48:49.215872,1789674529.216,487
g7_brio_cubo_m2_20260917_144829.mp4,2026-09-17T14:48:49.245590,1789674529.246,488
g7_brio_cubo_m2_20260917_144829.mp4,2026-09-17T14:48:49.281741,1789674529.282,489
g7_brio_cubo_m2_20260917_144829.mp4,2026-09-17T14:48:49.319264,1789674529.319,490
g7_brio_cubo_m2_20260917_144829.mp4,2026-09-17T14:48:49.355028,1789674529.355,491
g7_brio_cubo_m2_20260917_144829.mp4,2026-09-17T14:48:49.391476,1789674529.391,492
g7_brio_cubo_m2_20260917_144829.mp4,2026-09-17T14:48:49.425739,1789674529.426,493
g7_brio_cubo_m2_20260917_144829.mp4,2026-09-17T14:48:49.459437,1789674529.459,494
g7_brio_cubo_m2_20260917_144829.mp4,2026-09-17T14:48:49.498075,1789674529.498,495
g7_brio_cubo_m2_20260917_144829.mp4,2026-09-17T14:48:49.531041,1789674529.531,496
g7_brio_cubo_m2_20260917_144829.mp4,2026-09-17T14:48:49.567040,1789674529.567,497
g7_brio_cubo_m2_20260917_144829.mp4,2026-09-17T14:48:49.603897,1789674529.604,498
g7_brio_cubo_m2_20260917_144829.mp4,2026-09-17T14:48:49.639402,1789674529.639,499
g7_brio_cubo_m2_20260917_144829.mp4,2026-09-17T14:48:49.678554,1789674529.679,500
g7_brio_cubo_m2_20260917_144829.mp4,2026-09-17T14:48:49.708773,1789674529.709,501
g7_brio_cubo_m2_20260917_144829.mp4,2026-09-17T14:48:49.746008,1789674529.746,502
g7_brio_cubo_m2_20260917_144829.mp4,2026-09-17T14:48:49.783198,1789674529.783,503
g7_brio_cubo_m2_20260917_144829.mp4,2026-09-17T14:48:49.819416,1789674529.819,504
g7_brio_cubo_m2_20260917_144829.mp4,2026-09-17T14:48:49.854596,1789674529.855,505
g7_brio_cubo_m2_20260917_144829.mp4,2026-09-17T14:48:49.891394,1789674529.891,506
g7_brio_cubo_m2_20260917_144829.mp4,2026-09-17T14:48:49.926509,1789674529.927,507
g7_brio_cubo_m2_20260917_144829.mp4,2026-09-17T14:48:49.960289,1789674529.960,508
g7_brio_cubo_m2_20260917_144829.mp4,2026-09-17T14:48:49.997717,1789674529.998,509
g7_brio_cubo_m2_20260917_144829.mp4,2026-09-17T14:48:50.030720,1789674530.031,510
g7_brio_cubo_m2_20260917_144829.mp4,2026-09-17T14:48:50.066202,1789674530.066,511
g7_brio_cubo_m2_20260917_144829.mp4,2026-09-17T14:48:50.102531,1789674530.103,512
g7_brio_cubo_m2_20260917_144829.mp4,2026-09-17T14:48:50.138987,1789674530.139,513
g7_brio_cubo_m2_20260917_144829.mp4,2026-09-17T14:48:50.175972,1789674530.176,514
g7_brio_cubo_m2_20260917_144829.mp4,2026-09-17T14:48:50.207050,1789674530.207,515
g7_brio_cubo_m2_20260917_144829.mp4,2026-09-17T14:48:50.243060,1789674530.243,516
g7_brio_cubo_m2_20260917_144829.mp4,2026-09-17T14:48:50.283562,1789674530.284,517
g7_brio_cubo_m2_20260917_144829.mp4,2026-09-17T14:48:50.319129,1789674530.319,518
g7_brio_cubo_m2_20260917_144829.mp4,2026-09-17T14:48:50.355655,1789674530.356,519
g7_brio_cubo_m2_20260917_144829.mp4,2026-09-17T14:48:50.393473,1789674530.393,520
g7_brio_cubo_m2_20260917_144829.mp4,2026-09-17T14:48:50.425138,1789674530.425,521
g7_brio_cubo_m2_20260917_144829.mp4,2026-09-17T14:48:50.459734,1789674530.460,522
g7_brio_cubo_m2_20260917_144829.mp4,2026-09-17T14:48:50.497086,1789674530.497,523
g7_brio_cubo_m2_20260917_144829.mp4,2026-09-17T14:48:50.530940,1789674530.531,524
g7_brio_cubo_m2_20260917_144829.mp4,2026-09-17T14:48:50.566989,1789674530.567,525
g7_brio_cubo_m2_20260917_144829.mp4,2026-09-17T14:48:50.599013,1789674530.599,526
g7_brio_cubo_m2_20260917_144829.mp4,2026-09-17T14:48:50.638844,1789674530.639,527
g7_brio_cubo_m2_20260917_144829.mp4,2026-09-17T14:48:50.673094,1789674530.673,528
g7_brio_cubo_m2_20260917_144829.mp4,2026-09-17T14:48:50.708237,1789674530.708,529
g7_brio_cubo_m2_20260917_144829.mp4,2026-09-17T14:48:50.745963,1789674530.746,530
g7_brio_cubo_m2_20260917_144829.mp4,2026-09-17T14:48:50.779563,1789674530.780,531
g7_brio_cubo_m2_20260917_144829.mp4,2026-09-17T14:48:50.818702,1789674530.819,532
g7_brio_cubo_m2_20260917_144829.mp4,2026-09-17T14:48:50.852184,1789674530.852,533
g7_brio_cubo_m2_20260917_144829.mp4,2026-09-17T14:48:50.892993,1789674530.893,534
g7_brio_cubo_m2_20260917_144829.mp4,2026-09-17T14:48:50.925632,1789674530.926,535
g7_brio_cubo_m2_20260917_144829.mp4,2026-09-17T14:48:50.959537,1789674530.960,536
g7_brio_cubo_m2_20260917_144829.mp4,2026-09-17T14:48:50.996971,1789674530.997,537
g7_brio_cubo_m2_20260917_144829.mp4,2026-09-17T14:48:51.030868,1789674531.031,538
g7_brio_cubo_m2_20260917_144829.mp4,2026-09-17T14:48:51.067051,1789674531.067,539
g7_brio_cubo_m2_20260917_144829.mp4,2026-09-17T14:48:51.102852,1789674531.103,540
g7_brio_cubo_m2_20260917_144829.mp4,2026-09-17T14:48:51.134749,1789674531.135,541
g7_brio_cubo_m2_20260917_144829.mp4,2026-09-17T14:48:51.172251,1789674531.172,542
g7_brio_cubo_m2_20260917_144829.mp4,2026-09-17T14:48:51.208770,1789674531.209,543
g7_brio_cubo_m2_20260917_144829.mp4,2026-09-17T14:48:51.245311,1789674531.245,544
g7_brio_cubo_m2_20260917_144829.mp4,2026-09-17T14:48:51.284122,1789674531.284,545
g7_brio_cubo_m2_20260917_144829.mp4,2026-09-17T14:48:51.319727,1789674531.320,546
g7_brio_cubo_m2_20260917_144829.mp4,2026-09-17T14:48:51.357016,1789674531.357,547
g7_brio_cubo_m2_20260917_144829.mp4,2026-09-17T14:48:51.393083,1789674531.393,548
g7_brio_cubo_m2_20260917_144829.mp4,2026-09-17T14:48:51.423267,1789674531.423,549
g7_brio_cubo_m2_20260917_144829.mp4,2026-09-17T14:48:51.460598,1789674531.461,550
g7_brio_cubo_m2_20260917_144829.mp4,2026-09-17T14:48:51.496663,1789674531.497,551
g7_brio_cubo_m2_20260917_144829.mp4,2026-09-17T14:48:51.530766,1789674531.531,552
g7_brio_cubo_m2_20260917_144829.mp4,2026-09-17T14:48:51.566772,1789674531.567,553
g7_brio_cubo_m2_20260917_144829.mp4,2026-09-17T14:48:51.602564,1789674531.603,554
g7_brio_cubo_m2_20260917_144829.mp4,2026-09-17T14:48:51.634767,1789674531.635,555
g7_brio_cubo_m2_20260917_144829.mp4,2026-09-17T14:48:51.671882,1789674531.672,556
g7_brio_cubo_m2_20260917_144829.mp4,2026-09-17T14:48:51.709388,1789674531.709,557
g7_brio_cubo_m2_20260917_144829.mp4,2026-09-17T14:48:51.745624,1789674531.746,558
g7_brio_cubo_m2_20260917_144829.mp4,2026-09-17T14:48:51.782200,1789674531.782,559
g7_brio_cubo_m2_20260917_144829.mp4,2026-09-17T14:48:51.820857,1789674531.821,560
g7_brio_cubo_m2_20260917_144829.mp4,2026-09-17T14:48:51.854876,1789674531.855,561
g7_brio_cubo_m2_20260917_144829.mp4,2026-09-17T14:48:51.891464,1789674531.891,562
g7_brio_cubo_m2_20260917_144829.mp4,2026-09-17T14:48:51.925891,1789674531.926,563
g7_brio_cubo_m2_20260917_144829.mp4,2026-09-17T14:48:51.962357,1789674531.962,564
g7_brio_cubo_m2_20260917_144829.mp4,2026-09-17T14:48:51.995002,1789674531.995,565
g7_brio_cubo_m2_20260917_144829.mp4,2026-09-17T14:48:52.031079,1789674532.031,566
g7_brio_cubo_m2_20260917_144829.mp4,2026-09-17T14:48:52.067083,1789674532.067,567
g7_brio_cubo_m2_20260917_144829.mp4,2026-09-17T14:48:52.098854,1789674532.099,568
g7_brio_cubo_m2_20260917_144829.mp4,2026-09-17T14:48:52.138428,1789674532.138,569
g7_brio_cubo_m2_20260917_144829.mp4,2026-09-17T14:48:52.170509,1789674532.171,570
g7_brio_cubo_m2_20260917_144829.mp4,2026-09-17T14:48:52.206815,1789674532.207,571
g7_brio_cubo_m2_20260917_144829.mp4,2026-09-17T14:48:52.242449,1789674532.242,572
g7_brio_cubo_m2_20260917_144829.mp4,2026-09-17T14:48:52.281814,1789674532.282,573
g7_brio_cubo_m2_20260917_144829.mp4,2026-09-17T14:48:52.316080,1789674532.316,574
g7_brio_cubo_m2_20260917_144829.mp4,2026-09-17T14:48:52.357010,1789674532.357,575
g7_brio_cubo_m2_20260917_144829.mp4,2026-09-17T14:48:52.391234,1789674532.391,576
g7_brio_cubo_m2_20260917_144829.mp4,2026-09-17T14:48:52.427348,1789674532.427,577
g7_brio_cubo_m2_20260917_144829.mp4,2026-09-17T14:48:52.460344,1789674532.460,578
g7_brio_cubo_m2_20260917_144829.mp4,2026-09-17T14:48:52.496240,1789674532.496,579
g7_brio_cubo_m2_20260917_144829.mp4,2026-09-17T14:48:52.530989,1789674532.531,580
g7_brio_cubo_m2_20260917_144829.mp4,2026-09-17T14:48:52.566586,1789674532.567,581
g7_brio_cubo_m2_20260917_144829.mp4,2026-09-17T14:48:52.598960,1789674532.599,582
g7_brio_cubo_m2_20260917_144829.mp4,2026-09-17T14:48:52.634579,1789674532.635,583
g7_brio_cubo_m2_20260917_144829.mp4,2026-09-17T14:48:52.676295,1789674532.676,584
g7_brio_cubo_m2_20260917_144829.mp4,2026-09-17T14:48:52.708567,1789674532.709,585
g7_brio_cubo_m2_20260917_144829.mp4,2026-09-17T14:48:52.746370,1789674532.746,586
g7_brio_cubo_m2_20260917_144829.mp4,2026-09-17T14:48:52.787787,1789674532.788,587
g7_brio_cubo_m2_20260917_144829.mp4,2026-09-17T14:48:52.816669,1789674532.817,588
g7_brio_cubo_m2_20260917_144829.mp4,2026-09-17T14:48:52.856489,1789674532.857,589
g7_brio_cubo_m2_20260917_144829.mp4,2026-09-17T14:48:52.891464,1789674532.891,590
g7_brio_cubo_m2_20260917_144829.mp4,2026-09-17T14:48:52.922871,1789674532.923,591
g7_brio_cubo_m2_20260917_144829.mp4,2026-09-17T14:48:52.959541,1789674532.960,592
g7_brio_cubo_m2_20260917_144829.mp4,2026-09-17T14:48:52.994516,1789674532.995,593
g7_brio_cubo_m2_20260917_144829.mp4,2026-09-17T14:48:53.030284,1789674533.030,594
g7_brio_cubo_m2_20260917_144829.mp4,2026-09-17T14:48:53.066631,1789674533.067,595
g7_brio_cubo_m2_20260917_144829.mp4,2026-09-17T14:48:53.102327,1789674533.102,596
g7_brio_cubo_m2_20260917_144829.mp4,2026-09-17T14:48:53.138802,1789674533.139,597
g7_brio_cubo_m2_20260917_144829.mp4,2026-09-17T14:48:53.173147,1789674533.173,598
g7_brio_cubo_m2_20260917_144829.mp4,2026-09-17T14:48:53.212515,1789674533.213,599
g7_brio_cubo_m2_20260917_144829.mp4,2026-09-17T14:48:53.243879,1789674533.244,600
g7_brio_cubo_m2_20260917_144829.mp4,2026-09-17T14:48:53.282487,1789674533.283,601
g7_brio_cubo_m2_20260917_144829.mp4,2026-09-17T14:48:53.319047,1789674533.319,602
g7_brio_cubo_m2_20260917_144829.mp4,2026-09-17T14:48:53.355482,1789674533.355,603
g7_brio_cubo_m2_20260917_144829.mp4,2026-09-17T14:48:53.391129,1789674533.391,604
g7_brio_cubo_m2_20260917_144829.mp4,2026-09-17T14:48:53.427023,1789674533.427,605
g7_brio_cubo_m2_20260917_144829.mp4,2026-09-17T14:48:53.459674,1789674533.460,606
g7_brio_cubo_m2_20260917_144829.mp4,2026-09-17T14:48:53.493601,1789674533.494,607
g7_brio_cubo_m2_20260917_144829.mp4,2026-09-17T14:48:53.531881,1789674533.532,608
g7_brio_cubo_m2_20260917_144829.mp4,2026-09-17T14:48:53.563241,1789674533.563,609
g7_brio_cubo_m2_20260917_144829.mp4,2026-09-17T14:48:53.598382,1789674533.598,610
g7_brio_cubo_m2_20260917_144829.mp4,2026-09-17T14:48:53.633979,1789674533.634,611
g7_brio_cubo_m2_20260917_144829.mp4,2026-09-17T14:48:53.670424,1789674533.670,612
g7_brio_cubo_m2_20260917_144829.mp4,2026-09-17T14:48:53.706878,1789674533.707,613
g7_brio_cubo_m2_20260917_144829.mp4,2026-09-17T14:48:53.742960,1789674533.743,614
g7_brio_cubo_m2_20260917_144829.mp4,2026-09-17T14:48:53.778655,1789674533.779,615
g7_brio_cubo_m2_20260917_144829.mp4,2026-09-17T14:48:53.814894,1789674533.815,616
g7_brio_cubo_m2_20260917_144829.mp4,2026-09-17T14:48:53.850807,1789674533.851,617
g7_brio_cubo_m2_20260917_144829.mp4,2026-09-17T14:48:53.893829,1789674533.894,618
g7_brio_cubo_m2_20260917_144829.mp4,2026-09-17T14:48:53.920604,1789674533.921,619
g7_brio_cubo_m2_20260917_144829.mp4,2026-09-17T14:48:53.958913,1789674533.959,620
g7_brio_cubo_m2_20260917_144829.mp4,2026-09-17T14:48:53.992022,1789674533.992,621
g7_brio_cubo_m2_20260917_144829.mp4,2026-09-17T14:48:54.032904,1789674534.033,622
g7_brio_cubo_m2_20260917_144829.mp4,2026-09-17T14:48:54.062170,1789674534.062,623
g7_brio_cubo_m2_20260917_144829.mp4,2026-09-17T14:48:54.105630,1789674534.106,624
g7_brio_cubo_m2_20260917_144829.mp4,2026-09-17T14:48:54.134287,1789674534.134,625
g7_brio_cubo_m2_20260917_144829.mp4,2026-09-17T14:48:54.173396,1789674534.173,626
g7_brio_cubo_m2_20260917_144829.mp4,2026-09-17T14:48:54.210233,1789674534.210,627
g7_brio_cubo_m2_20260917_144829.mp4,2026-09-17T14:48:54.246208,1789674534.246,628
g7_brio_cubo_m2_20260917_144829.mp4,2026-09-17T14:48:54.283005,1789674534.283,629
g7_brio_cubo_m2_20260917_144829.mp4,2026-09-17T14:48:54.319237,1789674534.319,630
g7_brio_cubo_m2_20260917_144829.mp4,2026-09-17T14:48:54.348511,1789674534.349,631
g7_brio_cubo_m2_20260917_144829.mp4,2026-09-17T14:48:54.389021,1789674534.389,632
g7_brio_cubo_m2_20260917_144829.mp4,2026-09-17T14:48:54.423036,1789674534.423,633
g7_brio_cubo_m2_20260917_144829.mp4,2026-09-17T14:48:54.455518,1789674534.456,634
g7_brio_cubo_m2_20260917_144829.mp4,2026-09-17T14:48:54.496228,1789674534.496,635
g7_brio_cubo_m2_20260917_144829.mp4,2026-09-17T14:48:54.528125,1789674534.528,636
g7_brio_cubo_m2_20260917_144829.mp4,2026-09-17T14:48:54.562803,1789674534.563,637
g7_brio_cubo_m2_20260917_144829.mp4,2026-09-17T14:48:54.598487,1789674534.598,638
g7_brio_cubo_m2_20260917_144829.mp4,2026-09-17T14:48:54.634480,1789674534.634,639
g7_brio_cubo_m2_20260917_144829.mp4,2026-09-17T14:48:54.670513,1789674534.671,640
g7_brio_cubo_m2_20260917_144829.mp4,2026-09-17T14:48:54.706757,1789674534.707,641
g7_brio_cubo_m2_20260917_144829.mp4,2026-09-17T14:48:54.742268,1789674534.742,642
g7_brio_cubo_m2_20260917_144829.mp4,2026-09-17T14:48:54.774786,1789674534.775,643
g7_brio_cubo_m2_20260917_144829.mp4,2026-09-17T14:48:54.815061,1789674534.815,644
g7_brio_cubo_m2_20260917_144829.mp4,2026-09-17T14:48:54.852189,1789674534.852,645
g7_brio_cubo_m2_20260917_144829.mp4,2026-09-17T14:48:54.889006,1789674534.889,646
g7_brio_cubo_m2_20260917_144829.mp4,2026-09-17T14:48:54.923085,1789674534.923,647
g7_brio_cubo_m2_20260917_144829.mp4,2026-09-17T14:48:54.957083,1789674534.957,648
g7_brio_cubo_m2_20260917_144829.mp4,2026-09-17T14:48:54.992537,1789674534.993,649
g7_brio_cubo_m2_20260917_144829.mp4,2026-09-17T14:48:55.034710,1789674535.035,650
g7_brio_cubo_m2_20260917_144829.mp4,2026-09-17T14:48:55.063056,1789674535.063,651
g7_brio_cubo_m2_20260917_144829.mp4,2026-09-17T14:48:55.098622,1789674535.099,652
g7_brio_cubo_m2_20260917_144829.mp4,2026-09-17T14:48:55.134546,1789674535.135,653
g7_brio_cubo_m2_20260917_144829.mp4,2026-09-17T14:48:55.166173,1789674535.166,654
g7_brio_cubo_m2_20260917_144829.mp4,2026-09-17T14:48:55.202499,1789674535.203,655
g7_brio_cubo_m2_20260917_144829.mp4,2026-09-17T14:48:55.239609,1789674535.240,656
g7_brio_cubo_m2_20260917_144829.mp4,2026-09-17T14:48:55.274917,1789674535.275,657
g7_brio_cubo_m2_20260917_144829.mp4,2026-09-17T14:48:55.310554,1789674535.311,658
g7_brio_cubo_m2_20260917_144829.mp4,2026-09-17T14:48:55.346628,1789674535.347,659
g7_brio_cubo_m2_20260917_144829.mp4,2026-09-17T14:48:55.386345,1789674535.386,660
g7_brio_cubo_m2_20260917_144829.mp4,2026-09-17T14:48:55.423264,1789674535.423,661
g7_brio_cubo_m2_20260917_144829.mp4,2026-09-17T14:48:55.459252,1789674535.459,662
g7_brio_cubo_m2_20260917_144829.mp4,2026-09-17T14:48:55.493764,1789674535.494,663
g7_brio_cubo_m2_20260917_144829.mp4,2026-09-17T14:48:55.527173,1789674535.527,664
g7_brio_cubo_m2_20260917_144829.mp4,2026-09-17T14:48:55.563660,1789674535.564,665
g7_brio_cubo_m2_20260917_144829.mp4,2026-09-17T14:48:55.597464,1789674535.597,666
g7_brio_cubo_m2_20260917_144829.mp4,2026-09-17T14:48:55.631514,1789674535.632,667
g7_brio_cubo_m2_20260917_144829.mp4,2026-09-17T14:48:55.666596,1789674535.667,668
g7_brio_cubo_m2_20260917_144829.mp4,2026-09-17T14:48:55.702953,1789674535.703,669
g7_brio_cubo_m2_20260917_144829.mp4,2026-09-17T14:48:55.738991,1789674535.739,670
g7_brio_cubo_m2_20260917_144829.mp4,2026-09-17T14:48:55.776706,1789674535.777,671
g7_brio_cubo_m2_20260917_144829.mp4,2026-09-17T14:48:55.811004,1789674535.811,672
g7_brio_cubo_m2_20260917_144829.mp4,2026-09-17T14:48:55.852195,1789674535.852,673
g7_brio_cubo_m2_20260917_144829.mp4,2026-09-17T14:48:55.888564,1789674535.889,674
g7_brio_cubo_m2_20260917_144829.mp4,2026-09-17T14:48:55.923732,1789674535.924,675
g7_brio_cubo_m2_20260917_144829.mp4,2026-09-17T14:48:55.959281,1789674535.959,676
g7_brio_cubo_m2_20260917_144829.mp4,2026-09-17T14:48:55.994834,1789674535.995,677
g7_brio_cubo_m2_20260917_144829.mp4,2026-09-17T14:48:56.028091,1789674536.028,678
g7_brio_cubo_m2_20260917_144829.mp4,2026-09-17T14:48:56.062461,1789674536.062,679
g7_brio_cubo_m2_20260917_144829.mp4,2026-09-17T14:48:56.099774,1789674536.100,680
g7_brio_cubo_m2_20260917_144829.mp4,2026-09-17T14:48:56.134506,1789674536.135,681
g7_brio_cubo_m2_20260917_144829.mp4,2026-09-17T14:48:56.166514,1789674536.167,682
g7_brio_cubo_m2_20260917_144829.mp4,2026-09-17T14:48:56.203462,1789674536.203,683
g7_brio_cubo_m2_20260917_144829.mp4,2026-09-17T14:48:56.239970,1789674536.240,684
g7_brio_cubo_m2_20260917_144829.mp4,2026-09-17T14:48:56.276268,1789674536.276,685
g7_brio_cubo_m2_20260917_144829.mp4,2026-09-17T14:48:56.314947,1789674536.315,686
g7_brio_cubo_m2_20260917_144829.mp4,2026-09-17T14:48:56.351590,1789674536.352,687
g7_brio_cubo_m2_20260917_144829.mp4,2026-09-17T14:48:56.387734,1789674536.388,688
g7_brio_cubo_m2_20260917_144829.mp4,2026-09-17T14:48:56.423509,1789674536.424,689
g7_brio_cubo_m2_20260917_144829.mp4,2026-09-17T14:48:56.459160,1789674536.459,690
g7_brio_cubo_m2_20260917_144829.mp4,2026-09-17T14:48:56.494617,1789674536.495,691
g7_brio_cubo_m2_20260917_144829.mp4,2026-09-17T14:48:56.527554,1789674536.528,692
g7_brio_cubo_m2_20260917_144829.mp4,2026-09-17T14:48:56.562466,1789674536.562,693
g7_brio_cubo_m2_20260917_144829.mp4,2026-09-17T14:48:56.600774,1789674536.601,694
g7_brio_cubo_m2_20260917_144829.mp4,2026-09-17T14:48:56.635065,1789674536.635,695
g7_brio_cubo_m2_20260917_144829.mp4,2026-09-17T14:48:56.670572,1789674536.671,696
g7_brio_cubo_m2_20260917_144829.mp4,2026-09-17T14:48:56.702849,1789674536.703,697
g7_brio_cubo_m2_20260917_144829.mp4,2026-09-17T14:48:56.738798,1789674536.739,698
g7_brio_cubo_m2_20260917_144829.mp4,2026-09-17T14:48:56.776061,1789674536.776,699
g7_brio_cubo_m2_20260917_144829.mp4,2026-09-17T14:48:56.813793,1789674536.814,700
g7_brio_cubo_m2_20260917_144829.mp4,2026-09-17T14:48:56.851518,1789674536.852,701
g7_brio_cubo_m2_20260917_144829.mp4,2026-09-17T14:48:56.886903,1789674536.887,702
g7_brio_cubo_m2_20260917_144829.mp4,2026-09-17T14:48:56.923601,1789674536.924,703
g7_brio_cubo_m2_20260917_144829.mp4,2026-09-17T14:48:56.961602,1789674536.962,704
g7_brio_cubo_m2_20260917_144829.mp4,2026-09-17T14:48:56.990694,1789674536.991,705
g7_brio_cubo_m2_20260917_144829.mp4,2026-09-17T14:48:57.029618,1789674537.030,706
g7_brio_cubo_m2_20260917_144829.mp4,2026-09-17T14:48:57.058794,1789674537.059,707
g7_brio_cubo_m2_20260917_144829.mp4,2026-09-17T14:48:57.099999,1789674537.100,708
g7_brio_cubo_m2_20260917_144829.mp4,2026-09-17T14:48:57.130514,1789674537.131,709
g7_brio_cubo_m2_20260917_144829.mp4,2026-09-17T14:48:57.167880,1789674537.168,710
g7_brio_cubo_m2_20260917_144829.mp4,2026-09-17T14:48:57.204222,1789674537.204,711
g7_brio_cubo_m2_20260917_144829.mp4,2026-09-17T14:48:57.240285,1789674537.240,712
g7_brio_cubo_m2_20260917_144829.mp4,2026-09-17T14:48:57.282081,1789674537.282,713
g7_brio_cubo_m2_20260917_144829.mp4,2026-09-17T14:48:57.314063,1789674537.314,714
g7_brio_cubo_m2_20260917_144829.mp4,2026-09-17T14:48:57.348809,1789674537.349,715
g7_brio_cubo_m2_20260917_144829.mp4,2026-09-17T14:48:57.388760,1789674537.389,716
g7_brio_cubo_m2_20260917_144829.mp4,2026-09-17T14:48:57.421581,1789674537.422,717
g7_brio_cubo_m2_20260917_144829.mp4,2026-09-17T14:48:57.454678,1789674537.455,718
g7_brio_cubo_m2_20260917_144829.mp4,2026-09-17T14:48:57.491613,1789674537.492,719
g7_brio_cubo_m2_20260917_144829.mp4,2026-09-17T14:48:57.525244,1789674537.525,720
g7_brio_cubo_m2_20260917_144829.mp4,2026-09-17T14:48:57.559807,1789674537.560,721
g7_brio_cubo_m2_20260917_144829.mp4,2026-09-17T14:48:57.595818,1789674537.596,722
g7_brio_cubo_m2_20260917_144829.mp4,2026-09-17T14:48:57.630527,1789674537.631,723
g7_brio_cubo_m2_20260917_144829.mp4,2026-09-17T14:48:57.666558,1789674537.667,724
g7_brio_cubo_m2_20260917_144829.mp4,2026-09-17T14:48:57.703142,1789674537.703,725
g7_brio_cubo_m2_20260917_144829.mp4,2026-09-17T14:48:57.738724,1789674537.739,726
g7_brio_cubo_m2_20260917_144829.mp4,2026-09-17T14:48:57.775207,1789674537.775,727
g7_brio_cubo_m2_20260917_144829.mp4,2026-09-17T14:48:57.810496,1789674537.811,728
g7_brio_cubo_m2_20260917_144829.mp4,2026-09-17T14:48:57.846598,1789674537.847,729
g7_brio_cubo_m2_20260917_144829.mp4,2026-09-17T14:48:57.880792,1789674537.881,730
g7_brio_cubo_m2_20260917_144829.mp4,2026-09-17T14:48:57.918079,1789674537.918,731
g7_brio_cubo_m2_20260917_144829.mp4,2026-09-17T14:48:57.952124,1789674537.952,732
g7_brio_cubo_m2_20260917_144829.mp4,2026-09-17T14:48:57.987805,1789674537.988,733
g7_brio_cubo_m2_20260917_144829.mp4,2026-09-17T14:48:58.023599,1789674538.024,734
g7_brio_cubo_m2_20260917_144829.mp4,2026-09-17T14:48:58.060261,1789674538.060,735
g7_brio_cubo_m2_20260917_144829.mp4,2026-09-17T14:48:58.096586,1789674538.097,736
g7_brio_cubo_m2_20260917_144829.mp4,2026-09-17T14:48:58.130549,1789674538.131,737
g7_brio_cubo_m2_20260917_144829.mp4,2026-09-17T14:48:58.166602,1789674538.167,738
g7_brio_cubo_m2_20260917_144829.mp4,2026-09-17T14:48:58.198773,1789674538.199,739
g7_brio_cubo_m2_20260917_144829.mp4,2026-09-17T14:48:58.239177,1789674538.239,740
g7_brio_cubo_m2_20260917_144829.mp4,2026-09-17T14:48:58.272092,1789674538.272,741
g7_brio_cubo_m2_20260917_144829.mp4,2026-09-17T14:48:58.307647,1789674538.308,742
g7_brio_cubo_m2_20260917_144829.mp4,2026-09-17T14:48:58.346038,1789674538.346,743
g7_brio_cubo_m2_20260917_144829.mp4,2026-09-17T14:48:58.383553,1789674538.384,744
g7_brio_cubo_m2_20260917_144829.mp4,2026-09-17T14:48:58.417444,1789674538.417,745
g7_brio_cubo_m2_20260917_144829.mp4,2026-09-17T14:48:58.455968,1789674538.456,746
g7_brio_cubo_m2_20260917_144829.mp4,2026-09-17T14:48:58.492383,1789674538.492,747
g7_brio_cubo_m2_20260917_144829.mp4,2026-09-17T14:48:58.524917,1789674538.525,748
g7_brio_cubo_m2_20260917_144829.mp4,2026-09-17T14:48:58.559121,1789674538.559,749
g7_brio_cubo_m2_20260917_144829.mp4,2026-09-17T14:48:58.596059,1789674538.596,750
g7_brio_cubo_m2_20260917_144829.mp4,2026-09-17T14:48:58.628266,1789674538.628,751
g7_brio_cubo_m2_20260917_144829.mp4,2026-09-17T14:48:58.666526,1789674538.667,752
g7_brio_cubo_m2_20260917_144829.mp4,2026-09-17T14:48:58.700179,1789674538.700,753
g7_brio_cubo_m2_20260917_144829.mp4,2026-09-17T14:48:58.736485,1789674538.736,754
g7_brio_cubo_m2_20260917_144829.mp4,2026-09-17T14:48:58.774530,1789674538.775,755
g7_brio_cubo_m2_20260917_144829.mp4,2026-09-17T14:48:58.807828,1789674538.808,756
g7_brio_cubo_m2_20260917_144829.mp4,2026-09-17T14:48:58.843768,1789674538.844,757
g7_brio_cubo_m2_20260917_144829.mp4,2026-09-17T14:48:58.884657,1789674538.885,758
g7_brio_cubo_m2_20260917_144829.mp4,2026-09-17T14:48:58.918149,1789674538.918,759
g7_brio_cubo_m2_20260917_144829.mp4,2026-09-17T14:48:58.955738,1789674538.956,760
g7_brio_cubo_m2_20260917_144829.mp4,2026-09-17T14:48:58.991605,1789674538.992,761
g7_brio_cubo_m2_20260917_144829.mp4,2026-09-17T14:48:59.026510,1789674539.027,762
g7_brio_cubo_m2_20260917_144829.mp4,2026-09-17T14:48:59.057858,1789674539.058,763
g7_brio_cubo_m2_20260917_144829.mp4,2026-09-17T14:48:59.096961,1789674539.097,764
g7_brio_cubo_m2_20260917_144829.mp4,2026-09-17T14:48:59.127895,1789674539.128,765
g7_brio_cubo_m2_20260917_144829.mp4,2026-09-17T14:48:59.163359,1789674539.163,766
g7_brio_cubo_m2_20260917_144829.mp4,2026-09-17T14:48:59.199828,1789674539.200,767
g7_brio_cubo_m2_20260917_144829.mp4,2026-09-17T14:48:59.234931,1789674539.235,768
g7_brio_cubo_m2_20260917_144829.mp4,2026-09-17T14:48:59.274302,1789674539.274,769
g7_brio_cubo_m2_20260917_144829.mp4,2026-09-17T14:48:59.309546,1789674539.310,770
g7_brio_cubo_m2_20260917_144829.mp4,2026-09-17T14:48:59.346444,1789674539.346,771
g7_brio_cubo_m2_20260917_144829.mp4,2026-09-17T14:48:59.383999,1789674539.384,772
g7_brio_cubo_m2_20260917_144829.mp4,2026-09-17T14:48:59.421008,1789674539.421,773
g7_brio_cubo_m2_20260917_144829.mp4,2026-09-17T14:48:59.453567,1789674539.454,774
g7_brio_cubo_m2_20260917_144829.mp4,2026-09-17T14:48:59.487447,1789674539.487,775
g7_brio_cubo_m2_20260917_144829.mp4,2026-09-17T14:48:59.524113,1789674539.524,776
g7_brio_cubo_m2_20260917_144829.mp4,2026-09-17T14:48:59.558643,1789674539.559,777
g7_brio_cubo_m2_20260917_144829.mp4,2026-09-17T14:48:59.596277,1789674539.596,778
g7_brio_cubo_m2_20260917_144829.mp4,2026-09-17T14:48:59.629118,1789674539.629,779
g7_brio_cubo_m2_20260917_144829.mp4,2026-09-17T14:48:59.662597,1789674539.663,780
g7_brio_cubo_m2_20260917_144829.mp4,2026-09-17T14:48:59.700857,1789674539.701,781
g7_brio_cubo_m2_20260917_144829.mp4,2026-09-17T14:48:59.736027,1789674539.736,782
g7_brio_cubo_m2_20260917_144829.mp4,2026-09-17T14:48:59.772096,1789674539.772,783
g7_brio_cubo_m2_20260917_144829.mp4,2026-09-17T14:48:59.807450,1789674539.807,784
g7_brio_cubo_m2_20260917_144829.mp4,2026-09-17T14:48:59.847001,1789674539.847,785
g7_brio_cubo_m2_20260917_144829.mp4,2026-09-17T14:48:59.882922,1789674539.883,786
g7_brio_cubo_m2_20260917_144829.mp4,2026-09-17T14:48:59.919679,1789674539.920,787
g7_brio_cubo_m2_20260917_144829.mp4,2026-09-17T14:48:59.956209,1789674539.956,788
g7_brio_cubo_m2_20260917_144829.mp4,2026-09-17T14:48:59.985750,1789674539.986,789
g7_brio_cubo_m2_20260917_144829.mp4,2026-09-17T14:49:00.022977,1789674540.023,790
g7_brio_cubo_m2_20260917_144829.mp4,2026-09-17T14:49:00.057603,1789674540.058,791
g7_brio_cubo_m2_20260917_144829.mp4,2026-09-17T14:49:00.094167,1789674540.094,792
g7_brio_cubo_m2_20260917_144829.mp4,2026-09-17T14:49:00.127096,1789674540.127,793
g7_brio_cubo_m2_20260917_144829.mp4,2026-09-17T14:49:00.162654,1789674540.163,794
g7_brio_cubo_m2_20260917_144829.mp4,2026-09-17T14:49:00.198934,1789674540.199,795
g7_brio_cubo_m2_20260917_144829.mp4,2026-09-17T14:49:00.234924,1789674540.235,796
g7_brio_cubo_m2_20260917_144829.mp4,2026-09-17T14:49:00.271517,1789674540.272,797
g7_brio_cubo_m2_20260917_144829.mp4,2026-09-17T14:49:00.307516,1789674540.308,798
g7_brio_cubo_m2_20260917_144829.mp4,2026-09-17T14:49:00.343689,1789674540.344,799
g7_brio_cubo_m2_20260917_144829.mp4,2026-09-17T14:49:00.378809,1789674540.379,800
g7_brio_cubo_m2_20260917_144829.mp4,2026-09-17T14:49:00.411818,1789674540.412,801
g7_brio_cubo_m2_20260917_144829.mp4,2026-09-17T14:49:00.451481,1789674540.451,802
g7_brio_cubo_m2_20260917_144829.mp4,2026-09-17T14:49:00.487579,1789674540.488,803
g7_brio_cubo_m2_20260917_144829.mp4,2026-09-17T14:49:00.522523,1789674540.523,804
g7_brio_cubo_m2_20260917_144829.mp4,2026-09-17T14:49:00.558921,1789674540.559,805
g7_brio_cubo_m2_20260917_144829.mp4,2026-09-17T14:49:00.593863,1789674540.594,806
g7_brio_cubo_m2_20260917_144829.mp4,2026-09-17T14:49:00.627458,1789674540.627,807
g7_brio_cubo_m2_20260917_144829.mp4,2026-09-17T14:49:00.662668,1789674540.663,808
g7_brio_cubo_m2_20260917_144829.mp4,2026-09-17T14:49:00.698416,1789674540.698,809
g7_brio_cubo_m2_20260917_144829.mp4,2026-09-17T14:49:00.734911,1789674540.735,810
g7_brio_cubo_m2_20260917_144829.mp4,2026-09-17T14:49:00.771084,1789674540.771,811
g7_brio_cubo_m2_20260917_144829.mp4,2026-09-17T14:49:00.806938,1789674540.807,812
g7_brio_cubo_m2_20260917_144829.mp4,2026-09-17T14:49:00.842664,1789674540.843,813
g7_brio_cubo_m2_20260917_144829.mp4,2026-09-17T14:49:00.877784,1789674540.878,814
g7_brio_cubo_m2_20260917_144829.mp4,2026-09-17T14:49:00.912551,1789674540.913,815
g7_brio_cubo_m2_20260917_144829.mp4,2026-09-17T14:49:00.948058,1789674540.948,816
g7_brio_cubo_m2_20260917_144829.mp4,2026-09-17T14:49:00.986764,1789674540.987,817
g7_brio_cubo_m2_20260917_144829.mp4,2026-09-17T14:49:01.025361,1789674541.025,818
g7_brio_cubo_m2_20260917_144829.mp4,2026-09-17T14:49:01.059661,1789674541.060,819
g7_brio_cubo_m2_20260917_144829.mp4,2026-09-17T14:49:01.097305,1789674541.097,820
g7_brio_cubo_m2_20260917_144829.mp4,2026-09-17T14:49:01.131753,1789674541.132,821
g7_brio_cubo_m2_20260917_144829.mp4,2026-09-17T14:49:01.163538,1789674541.164,822
g7_brio_cubo_m2_20260917_144829.mp4,2026-09-17T14:49:01.199953,1789674541.200,823
g7_brio_cubo_m2_20260917_144829.mp4,2026-09-17T14:49:01.234591,1789674541.235,824
g7_brio_cubo_m2_20260917_144829.mp4,2026-09-17T14:49:01.271606,1789674541.272,825
g7_brio_cubo_m2_20260917_144829.mp4,2026-09-17T14:49:01.302801,1789674541.303,826
g7_brio_cubo_m2_20260917_144829.mp4,2026-09-17T14:49:01.342769,1789674541.343,827
g7_brio_cubo_m2_20260917_144829.mp4,2026-09-17T14:49:01.374430,1789674541.374,828
g7_brio_cubo_m2_20260917_144829.mp4,2026-09-17T14:49:01.410298,1789674541.410,829
g7_brio_cubo_m2_20260917_144829.mp4,2026-09-17T14:49:01.446592,1789674541.447,830
g7_brio_cubo_m2_20260917_144829.mp4,2026-09-17T14:49:01.486332,1789674541.486,831
g7_brio_cubo_m2_20260917_144829.mp4,2026-09-17T14:49:01.520230,1789674541.520,832
g7_brio_cubo_m2_20260917_144829.mp4,2026-09-17T14:49:01.557104,1789674541.557,833
g7_brio_cubo_m2_20260917_144829.mp4,2026-09-17T14:49:01.595049,1789674541.595,834
g7_brio_cubo_m2_20260917_144829.mp4,2026-09-17T14:49:01.628407,1789674541.628,835
g7_brio_cubo_m2_20260917_144829.mp4,2026-09-17T14:49:01.667633,1789674541.668,836
g7_brio_cubo_m2_20260917_144829.mp4,2026-09-17T14:49:01.700128,1789674541.700,837
g7_brio_cubo_m2_20260917_144829.mp4,2026-09-17T14:49:01.730453,1789674541.730,838
g7_brio_cubo_m2_20260917_144829.mp4,2026-09-17T14:49:01.770861,1789674541.771,839
g7_brio_cubo_m2_20260917_144829.mp4,2026-09-17T14:49:01.802863,1789674541.803,840
g7_brio_cubo_m2_20260917_144829.mp4,2026-09-17T14:49:01.838697,1789674541.839,841
g7_brio_cubo_m2_20260917_144829.mp4,2026-09-17T14:49:01.878658,1789674541.879,842
g7_brio_cubo_m2_20260917_144829.mp4,2026-09-17T14:49:01.915608,1789674541.916,843
g7_brio_cubo_m2_20260917_144829.mp4,2026-09-17T14:49:01.948828,1789674541.949,844
g7_brio_cubo_m2_20260917_144829.mp4,2026-09-17T14:49:01.989066,1789674541.989,845
g7_brio_cubo_m2_20260917_144829.mp4,2026-09-17T14:49:02.022956,1789674542.023,846
g7_brio_cubo_m2_20260917_144829.mp4,2026-09-17T14:49:02.056728,1789674542.057,847
g7_brio_cubo_m2_20260917_144829.mp4,2026-09-17T14:49:02.091820,1789674542.092,848
g7_brio_cubo_m2_20260917_144829.mp4,2026-09-17T14:49:02.128183,1789674542.128,849
g7_brio_cubo_m2_20260917_144829.mp4,2026-09-17T14:49:02.163706,1789674542.164,850
g7_brio_cubo_m2_20260917_144829.mp4,2026-09-17T14:49:02.199441,1789674542.199,851
g7_brio_cubo_m2_20260917_144829.mp4,2026-09-17T14:49:02.231042,1789674542.231,852
g7_brio_cubo_m2_20260917_144829.mp4,2026-09-17T14:49:02.266808,1789674542.267,853
g7_brio_cubo_m2_20260917_144829.mp4,2026-09-17T14:49:02.303734,1789674542.304,854
g7_brio_cubo_m2_20260917_144829.mp4,2026-09-17T14:49:02.339629,1789674542.340,855
g7_brio_cubo_m2_20260917_144829.mp4,2026-09-17T14:49:02.378724,1789674542.379,856
g7_brio_cubo_m2_20260917_144829.mp4,2026-09-17T14:49:02.412921,1789674542.413,857
g7_brio_cubo_m2_20260917_144829.mp4,2026-09-17T14:49:02.451052,1789674542.451,858
g7_brio_cubo_m2_20260917_144829.mp4,2026-09-17T14:49:02.488117,1789674542.488,859
g7_brio_cubo_m2_20260917_144829.mp4,2026-09-17T14:49:02.523845,1789674542.524,860
g7_brio_cubo_m2_20260917_144829.mp4,2026-09-17T14:49:02.562053,1789674542.562,861
g7_brio_cubo_m2_20260917_144829.mp4,2026-09-17T14:49:02.591357,1789674542.591,862
g7_brio_cubo_m2_20260917_144829.mp4,2026-09-17T14:49:02.633371,1789674542.633,863
g7_brio_cubo_m2_20260917_144829.mp4,2026-09-17T14:49:02.659569,1789674542.660,864
g7_brio_cubo_m2_20260917_144829.mp4,2026-09-17T14:49:02.698069,1789674542.698,865
g7_brio_cubo_m2_20260917_144829.mp4,2026-09-17T14:49:02.730949,1789674542.731,866
g7_brio_cubo_m2_20260917_144829.mp4,2026-09-17T14:49:02.767455,1789674542.767,867
g7_brio_cubo_m2_20260917_144829.mp4,2026-09-17T14:49:02.803351,1789674542.803,868
g7_brio_cubo_m2_20260917_144829.mp4,2026-09-17T14:49:02.843268,1789674542.843,869
g7_brio_cubo_m2_20260917_144829.mp4,2026-09-17T14:49:02.878150,1789674542.878,870
g7_brio_cubo_m2_20260917_144829.mp4,2026-09-17T14:49:02.915414,1789674542.915,871
g7_brio_cubo_m2_20260917_144829.mp4,2026-09-17T14:49:02.951259,1789674542.951,872
g7_brio_cubo_m2_20260917_144829.mp4,2026-09-17T14:49:02.988609,1789674542.989,873
g7_brio_cubo_m2_20260917_144829.mp4,2026-09-17T14:49:03.023200,1789674543.023,874
g7_brio_cubo_m2_20260917_144829.mp4,2026-09-17T14:49:03.057386,1789674543.057,875
g7_brio_cubo_m2_20260917_144829.mp4,2026-09-17T14:49:03.090061,1789674543.090,876
g7_brio_cubo_m2_20260917_144829.mp4,2026-09-17T14:49:03.127430,1789674543.127,877
g7_brio_cubo_m2_20260917_144829.mp4,2026-09-17T14:49:03.159731,1789674543.160,878
g7_brio_cubo_m2_20260917_144829.mp4,2026-09-17T14:49:03.196316,1789674543.196,879
g7_brio_cubo_m2_20260917_144829.mp4,2026-09-17T14:49:03.230225,1789674543.230,880
g7_brio_cubo_m2_20260917_144829.mp4,2026-09-17T14:49:03.266628,1789674543.267,881
g7_brio_cubo_m2_20260917_144829.mp4,2026-09-17T14:49:03.304570,1789674543.305,882
g7_brio_cubo_m2_20260917_144829.mp4,2026-09-17T14:49:03.339175,1789674543.339,883
g7_brio_cubo_m2_20260917_144829.mp4,2026-09-17T14:49:03.374568,1789674543.375,884
g7_brio_cubo_m2_20260917_144829.mp4,2026-09-17T14:49:03.414285,1789674543.414,885
g7_brio_cubo_m2_20260917_144829.mp4,2026-09-17T14:49:03.452351,1789674543.452,886
g7_brio_cubo_m2_20260917_144829.mp4,2026-09-17T14:49:03.488618,1789674543.489,887
g7_brio_cubo_m2_20260917_144829.mp4,2026-09-17T14:49:03.523628,1789674543.524,888
g7_brio_cubo_m2_20260917_144829.mp4,2026-09-17T14:49:03.556434,1789674543.556,889
g7_brio_cubo_m2_20260917_144829.mp4,2026-09-17T14:49:03.590324,1789674543.590,890
g7_brio_cubo_m2_20260917_144829.mp4,2026-09-17T14:49:03.625913,1789674543.626,891
g7_brio_cubo_m2_20260917_144829.mp4,2026-09-17T14:49:03.661684,1789674543.662,892
g7_brio_cubo_m2_20260917_144829.mp4,2026-09-17T14:49:03.700140,1789674543.700,893
g7_brio_cubo_m2_20260917_144829.mp4,2026-09-17T14:49:03.730795,1789674543.731,894
g7_brio_cubo_m2_20260917_144829.mp4,2026-09-17T14:49:03.767016,1789674543.767,895
g7_brio_cubo_m2_20260917_144829.mp4,2026-09-17T14:49:03.803562,1789674543.804,896
g7_brio_cubo_m2_20260917_144829.mp4,2026-09-17T14:49:03.839034,1789674543.839,897
g7_brio_cubo_m2_20260917_144829.mp4,2026-09-17T14:49:03.874599,1789674543.875,898
g7_brio_cubo_m2_20260917_144829.mp4,2026-09-17T14:49:03.910502,1789674543.911,899
g7_brio_cubo_m2_20260917_144829.mp4,2026-09-17T14:49:03.946567,1789674543.947,900
g7_brio_cubo_m2_20260917_144829.mp4,2026-09-17T14:49:03.980126,1789674543.980,901
g7_brio_cubo_m2_20260917_144829.mp4,2026-09-17T14:49:04.019277,1789674544.019,902
g7_brio_cubo_m2_20260917_144829.mp4,2026-09-17T14:49:04.054788,1789674544.055,903
g7_brio_cubo_m2_20260917_144829.mp4,2026-09-17T14:49:04.091753,1789674544.092,904
g7_brio_cubo_m2_20260917_144829.mp4,2026-09-17T14:49:04.126588,1789674544.127,905
g7_brio_cubo_m2_20260917_144829.mp4,2026-09-17T14:49:04.160031,1789674544.160,906
g7_brio_cubo_m2_20260917_144829.mp4,2026-09-17T14:49:04.198120,1789674544.198,907
g7_brio_cubo_m2_20260917_144829.mp4,2026-09-17T14:49:04.230942,1789674544.231,908
g7_brio_cubo_m2_20260917_144829.mp4,2026-09-17T14:49:04.266968,1789674544.267,909
g7_brio_cubo_m2_20260917_144829.mp4,2026-09-17T14:49:04.303331,1789674544.303,910
g7_brio_cubo_m2_20260917_144829.mp4,2026-09-17T14:49:04.339641,1789674544.340,911
g7_brio_cubo_m2_20260917_144829.mp4,2026-09-17T14:49:04.380079,1789674544.380,912
g7_brio_cubo_m2_20260917_144829.mp4,2026-09-17T14:49:04.413690,1789674544.414,913
g7_brio_cubo_m2_20260917_144829.mp4,2026-09-17T14:49:04.451864,1789674544.452,914
g7_brio_cubo_m2_20260917_144829.mp4,2026-09-17T14:49:04.481828,1789674544.482,915
g7_brio_cubo_m2_20260917_144829.mp4,2026-09-17T14:49:04.515654,1789674544.516,916
g7_brio_cubo_m2_20260917_144829.mp4,2026-09-17T14:49:04.552030,1789674544.552,917
g7_brio_cubo_m2_20260917_144829.mp4,2026-09-17T14:49:04.590323,1789674544.590,918
g7_brio_cubo_m2_20260917_144829.mp4,2026-09-17T14:49:04.628203,1789674544.628,919
g7_brio_cubo_m2_20260917_144829.mp4,2026-09-17T14:49:04.666542,1789674544.667,920
g7_brio_cubo_m2_20260917_144829.mp4,2026-09-17T14:49:04.694945,1789674544.695,921
g7_brio_cubo_m2_20260917_144829.mp4,2026-09-17T14:49:04.733834,1789674544.734,922
g7_brio_cubo_m2_20260917_144829.mp4,2026-09-17T14:49:04.766571,1789674544.767,923
g7_brio_cubo_m2_20260917_144829.mp4,2026-09-17T14:49:04.802508,1789674544.803,924
g7_brio_cubo_m2_20260917_144829.mp4,2026-09-17T14:49:04.840825,1789674544.841,925
g7_brio_cubo_m2_20260917_144829.mp4,2026-09-17T14:49:04.874640,1789674544.875,926
g7_brio_cubo_m2_20260917_144829.mp4,2026-09-17T14:49:04.910457,1789674544.910,927
g7_brio_cubo_m2_20260917_144829.mp4,2026-09-17T14:49:04.946135,1789674544.946,928
g7_brio_cubo_m2_20260917_144829.mp4,2026-09-17T14:49:04.981104,1789674544.981,929
g7_brio_cubo_m2_20260917_144829.mp4,2026-09-17T14:49:05.019983,1789674545.020,930
g7_brio_cubo_m2_20260917_144829.mp4,2026-09-17T14:49:05.055433,1789674545.055,931
g7_brio_cubo_m2_20260917_144829.mp4,2026-09-17T14:49:05.090748,1789674545.091,932
g7_brio_cubo_m2_20260917_144829.mp4,2026-09-17T14:49:05.127169,1789674545.127,933
g7_brio_cubo_m2_20260917_144829.mp4,2026-09-17T14:49:05.159406,1789674545.159,934
g7_brio_cubo_m2_20260917_144829.mp4,2026-09-17T14:49:05.195453,1789674545.195,935
g7_brio_cubo_m2_20260917_144829.mp4,2026-09-17T14:49:05.230953,1789674545.231,936
g7_brio_cubo_m2_20260917_144829.mp4,2026-09-17T14:49:05.266650,1789674545.267,937
g7_brio_cubo_m2_20260917_144829.mp4,2026-09-17T14:49:05.302776,1789674545.303,938
g7_brio_cubo_m2_20260917_144829.mp4,2026-09-17T14:49:05.338871,1789674545.339,939
g7_brio_cubo_m2_20260917_144829.mp4,2026-09-17T14:49:05.371140,1789674545.371,940
g7_brio_cubo_m2_20260917_144829.mp4,2026-09-17T14:49:05.410593,1789674545.411,941
g7_brio_cubo_m2_20260917_144829.mp4,2026-09-17T14:49:05.449160,1789674545.449,942
g7_brio_cubo_m2_20260917_144829.mp4,2026-09-17T14:49:05.483481,1789674545.483,943
g7_brio_cubo_m2_20260917_144829.mp4,2026-09-17T14:49:05.516410,1789674545.516,944
g7_brio_cubo_m2_20260917_144829.mp4,2026-09-17T14:49:05.560387,1789674545.560,945
g7_brio_cubo_m2_20260917_144829.mp4,2026-09-17T14:49:05.588689,1789674545.589,946
g7_brio_cubo_m2_20260917_144829.mp4,2026-09-17T14:49:05.628024,1789674545.628,947
g7_brio_cubo_m2_20260917_144829.mp4,2026-09-17T14:49:05.660443,1789674545.660,948
g7_brio_cubo_m2_20260917_144829.mp4,2026-09-17T14:49:05.694843,1789674545.695,949
g7_brio_cubo_m2_20260917_144829.mp4,2026-09-17T14:49:05.731060,1789674545.731,950
g7_brio_cubo_m2_20260917_144829.mp4,2026-09-17T14:49:05.767141,1789674545.767,951
g7_brio_cubo_m2_20260917_144829.mp4,2026-09-17T14:49:05.802796,1789674545.803,952
g7_brio_cubo_m2_20260917_144829.mp4,2026-09-17T14:49:05.840720,1789674545.841,953
g7_brio_cubo_m2_20260917_144829.mp4,2026-09-17T14:49:05.874423,1789674545.874,954
g7_brio_cubo_m2_20260917_144829.mp4,2026-09-17T14:49:05.909124,1789674545.909,955
g7_brio_cubo_m2_20260917_144829.mp4,2026-09-17T14:49:05.946401,1789674545.946,956
g7_brio_cubo_m2_20260917_144829.mp4,2026-09-17T14:49:05.985949,1789674545.986,957
g7_brio_cubo_m2_20260917_144829.mp4,2026-09-17T14:49:06.019255,1789674546.019,958
g7_brio_cubo_m2_20260917_144829.mp4,2026-09-17T14:49:06.052384,1789674546.052,959
g7_brio_cubo_m2_20260917_144829.mp4,2026-09-17T14:49:06.093763,1789674546.094,960
g7_brio_cubo_m2_20260917_144829.mp4,2026-09-17T14:49:06.126474,1789674546.126,961
g7_brio_cubo_m2_20260917_144829.mp4,2026-09-17T14:49:06.160446,1789674546.160,962
g7_brio_cubo_m2_20260917_144829.mp4,2026-09-17T14:49:06.199128,1789674546.199,963
g7_brio_cubo_m2_20260917_144829.mp4,2026-09-17T14:49:06.231682,1789674546.232,964
g7_brio_cubo_m2_20260917_144829.mp4,2026-09-17T14:49:06.268361,1789674546.268,965
g7_brio_cubo_m2_20260917_144829.mp4,2026-09-17T14:49:06.302701,1789674546.303,966
g7_brio_cubo_m2_20260917_144829.mp4,2026-09-17T14:49:06.335797,1789674546.336,967
g7_brio_cubo_m2_20260917_144829.mp4,2026-09-17T14:49:06.371694,1789674546.372,968
g7_brio_cubo_m2_20260917_144829.mp4,2026-09-17T14:49:06.408110,1789674546.408,969
g7_brio_cubo_m2_20260917_144829.mp4,2026-09-17T14:49:06.448436,1789674546.448,970
g7_brio_cubo_m2_20260917_144829.mp4,2026-09-17T14:49:06.483638,1789674546.484,971
g7_brio_cubo_m2_20260917_144829.mp4,2026-09-17T14:49:06.519977,1789674546.520,972
g7_brio_cubo_m2_20260917_144829.mp4,2026-09-17T14:49:06.554628,1789674546.555,973
g7_brio_cubo_m2_20260917_144829.mp4,2026-09-17T14:49:06.591349,1789674546.591,974
g7_brio_cubo_m2_20260917_144829.mp4,2026-09-17T14:49:06.625781,1789674546.626,975
g7_brio_cubo_m2_20260917_144829.mp4,2026-09-17T14:49:06.659806,1789674546.660,976
g7_brio_cubo_m2_20260917_144829.mp4,2026-09-17T14:49:06.696676,1789674546.697,977
g7_brio_cubo_m2_20260917_144829.mp4,2026-09-17T14:49:06.730523,1789674546.731,978
g7_brio_cubo_m2_20260917_144829.mp4,2026-09-17T14:49:06.762869,1789674546.763,979
g7_brio_cubo_m2_20260917_144829.mp4,2026-09-17T14:49:06.802547,1789674546.803,980
g7_brio_cubo_m2_20260917_144829.mp4,2026-09-17T14:49:06.834381,1789674546.834,981
g7_brio_cubo_m2_20260917_144829.mp4,2026-09-17T14:49:06.871772,1789674546.872,982
g7_brio_cubo_m2_20260917_144829.mp4,2026-09-17T14:49:06.908049,1789674546.908,983
g7_brio_cubo_m2_20260917_144829.mp4,2026-09-17T14:49:06.943888,1789674546.944,984
g7_brio_cubo_m2_20260917_144829.mp4,2026-09-17T14:49:06.981942,1789674546.982,985
g7_brio_cubo_m2_20260917_144829.mp4,2026-09-17T14:49:07.023681,1789674547.024,986
g7_brio_cubo_m2_20260917_144829.mp4,2026-09-17T14:49:07.061891,1789674547.062,987
g7_brio_cubo_m2_20260917_144829.mp4,2026-09-17T14:49:07.096612,1789674547.097,988
g7_brio_cubo_m2_20260917_144829.mp4,2026-09-17T14:49:07.126718,1789674547.127,989
g7_brio_cubo_m2_20260917_144829.mp4,2026-09-17T14:49:07.160242,1789674547.160,990
g7_brio_cubo_m2_20260917_144829.mp4,2026-09-17T14:49:07.203809,1789674547.204,991
g7_brio_cubo_m2_20260917_144829.mp4,2026-09-17T14:49:07.230382,1789674547.230,992
g7_brio_cubo_m2_20260917_144829.mp4,2026-09-17T14:49:07.262965,1789674547.263,993
g7_brio_cubo_m2_20260917_144829.mp4,2026-09-17T14:49:07.298908,1789674547.299,994
g7_brio_cubo_m2_20260917_144829.mp4,2026-09-17T14:49:07.334947,1789674547.335,995
g7_brio_cubo_m2_20260917_144829.mp4,2026-09-17T14:49:07.370882,1789674547.371,996
g7_brio_cubo_m2_20260917_144829.mp4,2026-09-17T14:49:07.407423,1789674547.407,997
g7_brio_cubo_m2_20260917_144829.mp4,2026-09-17T14:49:07.446135,1789674547.446,998
g7_brio_cubo_m2_20260917_144829.mp4,2026-09-17T14:49:07.482776,1789674547.483,999
g7_brio_cubo_m2_20260917_144829.mp4,2026-09-17T14:49:07.516363,1789674547.516,1000
g7_brio_cubo_m2_20260917_144829.mp4,2026-09-17T14:49:07.552066,1789674547.552,1001
g7_brio_cubo_m2_20260917_144829.mp4,2026-09-17T14:49:07.592003,1789674547.592,1002
g7_brio_cubo_m2_20260917_144829.mp4,2026-09-17T14:49:07.625252,1789674547.625,1003
g7_brio_cubo_m2_20260917_144829.mp4,2026-09-17T14:49:07.660672,1789674547.661,1004
g7_brio_cubo_m2_20260917_144829.mp4,2026-09-17T14:49:07.695456,1789674547.695,1005
g7_brio_cubo_m2_20260917_144829.mp4,2026-09-17T14:49:07.729025,1789674547.729,1006
g7_brio_cubo_m2_20260917_144829.mp4,2026-09-17T14:49:07.762772,1789674547.763,1007
g7_brio_cubo_m2_20260917_144829.mp4,2026-09-17T14:49:07.799210,1789674547.799,1008
g7_brio_cubo_m2_20260917_144829.mp4,2026-09-17T14:49:07.835080,1789674547.835,1009
g7_brio_cubo_m2_20260917_144829.mp4,2026-09-17T14:49:07.870732,1789674547.871,1010
g7_brio_cubo_m2_20260917_144829.mp4,2026-09-17T14:49:07.906210,1789674547.906,1011
g7_brio_cubo_m2_20260917_144829.mp4,2026-09-17T14:49:07.942268,1789674547.942,1012
g7_brio_cubo_m2_20260917_144829.mp4,2026-09-17T14:49:07.984078,1789674547.984,1013
g7_brio_cubo_m2_20260917_144829.mp4,2026-09-17T14:49:08.015372,1789674548.015,1014
g7_brio_cubo_m2_20260917_144829.mp4,2026-09-17T14:49:08.058575,1789674548.059,1015
g7_brio_cubo_m2_20260917_144829.mp4,2026-09-17T14:49:08.086826,1789674548.087,1016
g7_brio_cubo_m2_20260917_144829.mp4,2026-09-17T14:49:08.120825,1789674548.121,1017
g7_brio_cubo_m2_20260917_144829.mp4,2026-09-17T14:49:08.157176,1789674548.157,1018
g7_brio_cubo_m2_20260917_144829.mp4,2026-09-17T14:49:08.194899,1789674548.195,1019
g7_brio_cubo_m2_20260917_144829.mp4,2026-09-17T14:49:08.227862,1789674548.228,1020
g7_brio_cubo_m2_20260917_144829.mp4,2026-09-17T14:49:08.262581,1789674548.263,1021
g7_brio_cubo_m2_20260917_144829.mp4,2026-09-17T14:49:08.299499,1789674548.300,1022
g7_brio_cubo_m2_20260917_144829.mp4,2026-09-17T14:49:08.337736,1789674548.338,1023
g7_brio_cubo_m2_20260917_144829.mp4,2026-09-17T14:49:08.371435,1789674548.371,1024
g7_brio_cubo_m2_20260917_144829.mp4,2026-09-17T14:49:08.406451,1789674548.406,1025
g7_brio_cubo_m2_20260917_144829.mp4,2026-09-17T14:49:08.444544,1789674548.445,1026
g7_brio_cubo_m2_20260917_144829.mp4,2026-09-17T14:49:08.480670,1789674548.481,1027
g7_brio_cubo_m2_20260917_144829.mp4,2026-09-17T14:49:08.517979,1789674548.518,1028
g7_brio_cubo_m2_20260917_144829.mp4,2026-09-17T14:49:08.556471,1789674548.556,1029
g7_brio_cubo_m2_20260917_144829.mp4,2026-09-17T14:49:08.585496,1789674548.586,1030
g7_brio_cubo_m2_20260917_144829.mp4,2026-09-17T14:49:08.624725,1789674548.625,1031
g7_brio_cubo_m2_20260917_144829.mp4,2026-09-17T14:49:08.657480,1789674548.657,1032
g7_brio_cubo_m2_20260917_144829.mp4,2026-09-17T14:49:08.700813,1789674548.701,1033
g7_brio_cubo_m2_20260917_144829.mp4,2026-09-17T14:49:08.732863,1789674548.733,1034
g7_brio_cubo_m2_20260917_144829.mp4,2026-09-17T14:49:08.768445,1789674548.768,1035
g7_brio_cubo_m2_20260917_144829.mp4,2026-09-17T14:49:08.799802,1789674548.800,1036
g7_brio_cubo_m2_20260917_144829.mp4,2026-09-17T14:49:08.835489,1789674548.836,1037
g7_brio_cubo_m2_20260917_144829.mp4,2026-09-17T14:49:08.872251,1789674548.872,1038
g7_brio_cubo_m2_20260917_144829.mp4,2026-09-17T14:49:08.907639,1789674548.908,1039
g7_brio_cubo_m2_20260917_144829.mp4,2026-09-17T14:49:08.946448,1789674548.946,1040
g7_brio_cubo_m2_20260917_144829.mp4,2026-09-17T14:49:08.978484,1789674548.978,1041
g7_brio_cubo_m2_20260917_144829.mp4,2026-09-17T14:49:09.013052,1789674549.013,1042
g7_brio_cubo_m2_20260917_144829.mp4,2026-09-17T14:49:09.058991,1789674549.059,1043
g7_brio_cubo_m2_20260917_144829.mp4,2026-09-17T14:49:09.086169,1789674549.086,1044
g7_brio_cubo_m2_20260917_144829.mp4,2026-09-17T14:49:09.124972,1789674549.125,1045
g7_brio_cubo_m2_20260917_144829.mp4,2026-09-17T14:49:09.157244,1789674549.157,1046
g7_brio_cubo_m2_20260917_144829.mp4,2026-09-17T14:49:09.195255,1789674549.195,1047
g7_brio_cubo_m2_20260917_144829.mp4,2026-09-17T14:49:09.227606,1789674549.228,1048
g7_brio_cubo_m2_20260917_144829.mp4,2026-09-17T14:49:09.263181,1789674549.263,1049
g7_brio_cubo_m2_20260917_144829.mp4,2026-09-17T14:49:09.303361,1789674549.303,1050
g7_brio_cubo_m2_20260917_144829.mp4,2026-09-17T14:49:09.335716,1789674549.336,1051
g7_brio_cubo_m2_20260917_144829.mp4,2026-09-17T14:49:09.371168,1789674549.371,1052
g7_brio_cubo_m2_20260917_144829.mp4,2026-09-17T14:49:09.406473,1789674549.406,1053
g7_brio_cubo_m2_20260917_144829.mp4,2026-09-17T14:49:09.439068,1789674549.439,1054
g7_brio_cubo_m2_20260917_144829.mp4,2026-09-17T14:49:09.479536,1789674549.480,1055
g7_brio_cubo_m2_20260917_144829.mp4,2026-09-17T14:49:09.520013,1789674549.520,1056
g7_brio_cubo_m2_20260917_144829.mp4,2026-09-17T14:49:09.548488,1789674549.549,1057
g7_brio_cubo_m2_20260917_144829.mp4,2026-09-17T14:49:09.590134,1789674549.590,1058
g7_brio_cubo_m2_20260917_144829.mp4,2026-09-17T14:49:09.622046,1789674549.622,1059
g7_brio_cubo_m2_20260917_144829.mp4,2026-09-17T14:49:09.656435,1789674549.656,1060
g7_brio_cubo_m2_20260917_144829.mp4,2026-09-17T14:49:09.696716,1789674549.697,1061
g7_brio_cubo_m2_20260917_144829.mp4,2026-09-17T14:49:09.727084,1789674549.727,1062
g7_brio_cubo_m2_20260917_144829.mp4,2026-09-17T14:49:09.762487,1789674549.763,1063
g7_brio_cubo_m2_20260917_144829.mp4,2026-09-17T14:49:09.806189,1789674549.806,1064
g7_brio_cubo_m2_20260917_144829.mp4,2026-09-17T14:49:09.834741,1789674549.835,1065
g7_brio_cubo_m2_20260917_144829.mp4,2026-09-17T14:49:09.866602,1789674549.867,1066
g7_brio_cubo_m2_20260917_144829.mp4,2026-09-17T14:49:09.903103,1789674549.903,1067
g7_brio_cubo_m2_20260917_144829.mp4,2026-09-17T14:49:09.938596,1789674549.939,1068
g7_brio_cubo_m2_20260917_144829.mp4,2026-09-17T14:49:09.975029,1789674549.975,1069
g7_brio_cubo_m2_20260917_144829.mp4,2026-09-17T14:49:10.010724,1789674550.011,1070
g7_brio_cubo_m2_20260917_144829.mp4,2026-09-17T14:49:10.048293,1789674550.048,1071
g7_brio_cubo_m2_20260917_144829.mp4,2026-09-17T14:49:10.083945,1789674550.084,1072
g7_brio_cubo_m2_20260917_144829.mp4,2026-09-17T14:49:10.125989,1789674550.126,1073
g7_brio_cubo_m2_20260917_144829.mp4,2026-09-17T14:49:10.156454,1789674550.156,1074
g7_brio_cubo_m2_20260917_144829.mp4,2026-09-17T14:49:10.195725,1789674550.196,1075
g7_brio_cubo_m2_20260917_144829.mp4,2026-09-17T14:49:10.232056,1789674550.232,1076
g7_brio_cubo_m2_20260917_144829.mp4,2026-09-17T14:49:10.259282,1789674550.259,1077
g7_brio_cubo_m2_20260917_144829.mp4,2026-09-17T14:49:10.297328,1789674550.297,1078
g7_brio_cubo_m2_20260917_144829.mp4,2026-09-17T14:49:10.336014,1789674550.336,1079
g7_brio_cubo_m2_20260917_144829.mp4,2026-09-17T14:49:10.366268,1789674550.366,1080
g7_brio_cubo_m2_20260917_144829.mp4,2026-09-17T14:49:10.402236,1789674550.402,1081
g7_brio_cubo_m2_20260917_144829.mp4,2026-09-17T14:49:10.439394,1789674550.439,1082
g7_brio_cubo_m2_20260917_144829.mp4,2026-09-17T14:49:10.477472,1789674550.477,1083
g7_brio_cubo_m2_20260917_144829.mp4,2026-09-17T14:49:10.512864,1789674550.513,1084
g7_brio_cubo_m2_20260917_144829.mp4,2026-09-17T14:49:10.547973,1789674550.548,1085
g7_brio_cubo_m2_20260917_144829.mp4,2026-09-17T14:49:10.589497,1789674550.590,1086
g7_brio_cubo_m2_20260917_144829.mp4,2026-09-17T14:49:10.616225,1789674550.616,1087
g7_brio_cubo_m2_20260917_144829.mp4,2026-09-17T14:49:10.658975,1789674550.659,1088
g7_brio_cubo_m2_20260917_144829.mp4,2026-09-17T14:49:10.690753,1789674550.691,1089
g7_brio_cubo_m2_20260917_144829.mp4,2026-09-17T14:49:10.731017,1789674550.731,1090
g7_brio_cubo_m2_20260917_144829.mp4,2026-09-17T14:49:10.758593,1789674550.759,1091
g7_brio_cubo_m2_20260917_144829.mp4,2026-09-17T14:49:10.797050,1789674550.797,1092
g7_brio_cubo_m2_20260917_144829.mp4,2026-09-17T14:49:10.833613,1789674550.834,1093
g7_brio_cubo_m2_20260917_144829.mp4,2026-09-17T14:49:10.867146,1789674550.867,1094
g7_brio_cubo_m2_20260917_144829.mp4,2026-09-17T14:49:10.905112,1789674550.905,1095
g7_brio_cubo_m2_20260917_144829.mp4,2026-09-17T14:49:10.939953,1789674550.940,1096
g7_brio_cubo_m2_20260917_144829.mp4,2026-09-17T14:49:10.983069,1789674550.983,1097
g7_brio_cubo_m2_20260917_144829.mp4,2026-09-17T14:49:11.011909,1789674551.012,1098
g7_brio_cubo_m2_20260917_144829.mp4,2026-09-17T14:49:11.044297,1789674551.044,1099
g7_brio_cubo_m2_20260917_144829.mp4,2026-09-17T14:49:11.083215,1789674551.083,1100
g7_brio_cubo_m2_20260917_144829.mp4,2026-09-17T14:49:11.122053,1789674551.122,1101
g7_brio_cubo_m2_20260917_144829.mp4,2026-09-17T14:49:11.154116,1789674551.154,1102
g7_brio_cubo_m2_20260917_144829.mp4,2026-09-17T14:49:11.195045,1789674551.195,1103
g7_brio_cubo_m2_20260917_144829.mp4,2026-09-17T14:49:11.224870,1789674551.225,1104
g7_brio_cubo_m2_20260917_144829.mp4,2026-09-17T14:49:11.259889,1789674551.260,1105
g7_brio_cubo_m2_20260917_144829.mp4,2026-09-17T14:49:11.297074,1789674551.297,1106
g7_brio_cubo_m2_20260917_144829.mp4,2026-09-17T14:49:11.330312,1789674551.330,1107
g7_brio_cubo_m2_20260917_144829.mp4,2026-09-17T14:49:11.367172,1789674551.367,1108
g7_brio_cubo_m2_20260917_144829.mp4,2026-09-17T14:49:11.403581,1789674551.404,1109
g7_brio_cubo_m2_20260917_144829.mp4,2026-09-17T14:49:11.438802,1789674551.439,1110
g7_brio_cubo_m2_20260917_144829.mp4,2026-09-17T14:49:11.471141,1789674551.471,1111
g7_brio_cubo_m2_20260917_144829.mp4,2026-09-17T14:49:11.506901,1789674551.507,1112
g7_brio_cubo_m2_20260917_144829.mp4,2026-09-17T14:49:11.543974,1789674551.544,1113
g7_brio_cubo_m2_20260917_144829.mp4,2026-09-17T14:49:11.588926,1789674551.589,1114
g7_brio_cubo_m2_20260917_144829.mp4,2026-09-17T14:49:11.616793,1789674551.617,1115
g7_brio_cubo_m2_20260917_144829.mp4,2026-09-17T14:49:11.657952,1789674551.658,1116
g7_brio_cubo_m2_20260917_144829.mp4,2026-09-17T14:49:11.686955,1789674551.687,1117
g7_brio_cubo_m2_20260917_144829.mp4,2026-09-17T14:49:11.728511,1789674551.729,1118
g7_brio_cubo_m2_20260917_144829.mp4,2026-09-17T14:49:11.759108,1789674551.759,1119
g7_brio_cubo_m2_20260917_144829.mp4,2026-09-17T14:49:11.795951,1789674551.796,1120
g7_brio_cubo_m2_20260917_144829.mp4,2026-09-17T14:49:11.831283,1789674551.831,1121
g7_brio_cubo_m2_20260917_144829.mp4,2026-09-17T14:49:11.865928,1789674551.866,1122
g7_brio_cubo_m2_20260917_144829.mp4,2026-09-17T14:49:11.899804,1789674551.900,1123
g7_brio_cubo_m2_20260917_144829.mp4,2026-09-17T14:49:11.935124,1789674551.935,1124
g7_brio_cubo_m2_20260917_144829.mp4,2026-09-17T14:49:11.972418,1789674551.972,1125
g7_brio_cubo_m2_20260917_144829.mp4,2026-09-17T14:49:12.008954,1789674552.009,1126
g7_brio_cubo_m2_20260917_144829.mp4,2026-09-17T14:49:12.043762,1789674552.044,1127
g7_brio_cubo_m2_20260917_144829.mp4,2026-09-17T14:49:12.084216,1789674552.084,1128
g7_brio_cubo_m2_20260917_144829.mp4,2026-09-17T14:49:12.118275,1789674552.118,1129
g7_brio_cubo_m2_20260917_144829.mp4,2026-09-17T14:49:12.155647,1789674552.156,1130
g7_brio_cubo_m2_20260917_144829.mp4,2026-09-17T14:49:12.191814,1789674552.192,1131
g7_brio_cubo_m2_20260917_144829.mp4,2026-09-17T14:49:12.226794,1789674552.227,1132
g7_brio_cubo_m2_20260917_144829.mp4,2026-09-17T14:49:12.260103,1789674552.260,1133
g7_brio_cubo_m2_20260917_144829.mp4,2026-09-17T14:49:12.297924,1789674552.298,1134
g7_brio_cubo_m2_20260917_144829.mp4,2026-09-17T14:49:12.327352,1789674552.327,1135
g7_brio_cubo_m2_20260917_144829.mp4,2026-09-17T14:49:12.365236,1789674552.365,1136
g7_brio_cubo_m2_20260917_144829.mp4,2026-09-17T14:49:12.404582,1789674552.405,1137
g7_brio_cubo_m2_20260917_144829.mp4,2026-09-17T14:49:12.435033,1789674552.435,1138
g7_brio_cubo_m2_20260917_144829.mp4,2026-09-17T14:49:12.472087,1789674552.472,1139
g7_brio_cubo_m2_20260917_144829.mp4,2026-09-17T14:49:12.506466,1789674552.506,1140
g7_brio_cubo_m2_20260917_144829.mp4,2026-09-17T14:49:12.542504,1789674552.543,1141
g7_brio_cubo_m2_20260917_144829.mp4,2026-09-17T14:49:12.582560,1789674552.583,1142
g7_brio_cubo_m2_20260917_144829.mp4,2026-09-17T14:49:12.621398,1789674552.621,1143
g7_brio_cubo_m2_20260917_144829.mp4,2026-09-17T14:49:12.653256,1789674552.653,1144
g7_brio_cubo_m2_20260917_144829.mp4,2026-09-17T14:49:12.690612,1789674552.691,1145
g7_brio_cubo_m2_20260917_144829.mp4,2026-09-17T14:49:12.722580,1789674552.723,1146
g7_brio_cubo_m2_20260917_144829.mp4,2026-09-17T14:49:12.757542,1789674552.758,1147
g7_brio_cubo_m2_20260917_144829.mp4,2026-09-17T14:49:12.793825,1789674552.794,1148
g7_brio_cubo_m2_20260917_144829.mp4,2026-09-17T14:49:12.830056,1789674552.830,1149
g7_brio_cubo_m2_20260917_144829.mp4,2026-09-17T14:49:12.863646,1789674552.864,1150
g7_brio_cubo_m2_20260917_144829.mp4,2026-09-17T14:49:12.899782,1789674552.900,1151
g7_brio_cubo_m2_20260917_144829.mp4,2026-09-17T14:49:12.936251,1789674552.936,1152
g7_brio_cubo_m2_20260917_144829.mp4,2026-09-17T14:49:12.972007,1789674552.972,1153
g7_brio_cubo_m2_20260917_144829.mp4,2026-09-17T14:49:13.007967,1789674553.008,1154
g7_brio_cubo_m2_20260917_144829.mp4,2026-09-17T14:49:13.045032,1789674553.045,1155
g7_brio_cubo_m2_20260917_144829.mp4,2026-09-17T14:49:13.082646,1789674553.083,1156
g7_brio_cubo_m2_20260917_144829.mp4,2026-09-17T14:49:13.118539,1789674553.119,1157
g7_brio_cubo_m2_20260917_144829.mp4,2026-09-17T14:49:13.149053,1789674553.149,1158
g7_brio_cubo_m2_20260917_144829.mp4,2026-09-17T14:49:13.188170,1789674553.188,1159
g7_brio_cubo_m2_20260917_144829.mp4,2026-09-17T14:49:13.222044,1789674553.222,1160
g7_brio_cubo_m2_20260917_144829.mp4,2026-09-17T14:49:13.260141,1789674553.260,1161
g7_brio_cubo_m2_20260917_144829.mp4,2026-09-17T14:49:13.293412,1789674553.293,1162
g7_brio_cubo_m2_20260917_144829.mp4,2026-09-17T14:49:13.328975,1789674553.329,1163
g7_brio_cubo_m2_20260917_144829.mp4,2026-09-17T14:49:13.362487,1789674553.363,1164
g7_brio_cubo_m2_20260917_144829.mp4,2026-09-17T14:49:13.403056,1789674553.403,1165
g7_brio_cubo_m2_20260917_144829.mp4,2026-09-17T14:49:13.435649,1789674553.436,1166
g7_brio_cubo_m2_20260917_144829.mp4,2026-09-17T14:49:13.472012,1789674553.472,1167
g7_brio_cubo_m2_20260917_144829.mp4,2026-09-17T14:49:13.507759,1789674553.508,1168
g7_brio_cubo_m2_20260917_144829.mp4,2026-09-17T14:49:13.543485,1789674553.543,1169
g7_brio_cubo_m2_20260917_144829.mp4,2026-09-17T14:49:13.577214,1789674553.577,1170
g7_brio_cubo_m2_20260917_144829.mp4,2026-09-17T14:49:13.615596,1789674553.616,1171
g7_brio_cubo_m2_20260917_144829.mp4,2026-09-17T14:49:13.651732,1789674553.652,1172
g7_brio_cubo_m2_20260917_144829.mp4,2026-09-17T14:49:13.687742,1789674553.688,1173
g7_brio_cubo_m2_20260917_144829.mp4,2026-09-17T14:49:13.721933,1789674553.722,1174
g7_brio_cubo_m2_20260917_144829.mp4,2026-09-17T14:49:13.757084,1789674553.757,1175
g7_brio_cubo_m2_20260917_144829.mp4,2026-09-17T14:49:13.793964,1789674553.794,1176
g7_brio_cubo_m2_20260917_144829.mp4,2026-09-17T14:49:13.827070,1789674553.827,1177
g7_brio_cubo_m2_20260917_144829.mp4,2026-09-17T14:49:13.862861,1789674553.863,1178
g7_brio_cubo_m2_20260917_144829.mp4,2026-09-17T14:49:13.899918,1789674553.900,1179
g7_brio_cubo_m2_20260917_144829.mp4,2026-09-17T14:49:13.934824,1789674553.935,1180
g7_brio_cubo_m2_20260917_144829.mp4,2026-09-17T14:49:13.970252,1789674553.970,1181
g7_brio_cubo_m2_20260917_144829.mp4,2026-09-17T14:49:14.006821,1789674554.007,1182
g7_brio_cubo_m2_20260917_144829.mp4,2026-09-17T14:49:14.038615,1789674554.039,1183
g7_brio_cubo_m2_20260917_144829.mp4,2026-09-17T14:49:14.075118,1789674554.075,1184
g7_brio_cubo_m2_20260917_144829.mp4,2026-09-17T14:49:14.110988,1789674554.111,1185
g7_brio_cubo_m2_20260917_144829.mp4,2026-09-17T14:49:14.146879,1789674554.147,1186
g7_brio_cubo_m2_20260917_144829.mp4,2026-09-17T14:49:14.188489,1789674554.189,1187
g7_brio_cubo_m2_20260917_144829.mp4,2026-09-17T14:49:14.223358,1789674554.223,1188
g7_brio_cubo_m2_20260917_144829.mp4,2026-09-17T14:49:14.258227,1789674554.258,1189
g7_brio_cubo_m2_20260917_144829.mp4,2026-09-17T14:49:14.295095,1789674554.295,1190
g7_brio_cubo_m2_20260917_144829.mp4,2026-09-17T14:49:14.327890,1789674554.328,1191
g7_brio_cubo_m2_20260917_144829.mp4,2026-09-17T14:49:14.362557,1789674554.363,1192
g7_brio_cubo_m2_20260917_144829.mp4,2026-09-17T14:49:14.399634,1789674554.400,1193
g7_brio_cubo_m2_20260917_144829.mp4,2026-09-17T14:49:14.435869,1789674554.436,1194
g7_brio_cubo_m2_20260917_144829.mp4,2026-09-17T14:49:14.466661,1789674554.467,1195
g7_brio_cubo_m2_20260917_144829.mp4,2026-09-17T14:49:14.504077,1789674554.504,1196
g7_brio_cubo_m2_20260917_144829.mp4,2026-09-17T14:49:14.538649,1789674554.539,1197
g7_brio_cubo_m2_20260917_144829.mp4,2026-09-17T14:49:14.578765,1789674554.579,1198
g7_brio_cubo_m2_20260917_144829.mp4,2026-09-17T14:49:14.615080,1789674554.615,1199
g7_brio_cubo_m2_20260917_144829.mp4,2026-09-17T14:49:14.651153,1789674554.651,1200
g7_brio_cubo_m2_20260917_144829.mp4,2026-09-17T14:49:14.684680,1789674554.685,1201
g7_brio_cubo_m2_20260917_144829.mp4,2026-09-17T14:49:14.721167,1789674554.721,1202
g7_brio_cubo_m2_20260917_144829.mp4,2026-09-17T14:49:14.758560,1789674554.759,1203
g7_brio_cubo_m2_20260917_144829.mp4,2026-09-17T14:49:14.792424,1789674554.792,1204
g7_brio_cubo_m2_20260917_144829.mp4,2026-09-17T14:49:14.828059,1789674554.828,1205
g7_brio_cubo_m2_20260917_144829.mp4,2026-09-17T14:49:14.862488,1789674554.863,1206
g7_brio_cubo_m2_20260917_144829.mp4,2026-09-17T14:49:14.896725,1789674554.897,1207
g7_brio_cubo_m2_20260917_144829.mp4,2026-09-17T14:49:14.936164,1789674554.936,1208
g7_brio_cubo_m2_20260917_144829.mp4,2026-09-17T14:49:14.967839,1789674554.968,1209
g7_brio_cubo_m2_20260917_144829.mp4,2026-09-17T14:49:15.002852,1789674555.003,1210
g7_brio_cubo_m2_20260917_144829.mp4,2026-09-17T14:49:15.038480,1789674555.038,1211
g7_brio_cubo_m2_20260917_144829.mp4,2026-09-17T14:49:15.074328,1789674555.074,1212
g7_brio_cubo_m2_20260917_144829.mp4,2026-09-17T14:49:15.110241,1789674555.110,1213
g7_brio_cubo_m2_20260917_144829.mp4,2026-09-17T14:49:15.146849,1789674555.147,1214
g7_brio_cubo_m2_20260917_144829.mp4,2026-09-17T14:49:15.187759,1789674555.188,1215
g7_brio_cubo_m2_20260917_144829.mp4,2026-09-17T14:49:15.222787,1789674555.223,1216
g7_brio_cubo_m2_20260917_144829.mp4,2026-09-17T14:49:15.259039,1789674555.259,1217
g7_brio_cubo_m2_20260917_144829.mp4,2026-09-17T14:49:15.292046,1789674555.292,1218
g7_brio_cubo_m2_20260917_144829.mp4,2026-09-17T14:49:15.327557,1789674555.328,1219
g7_brio_cubo_m2_20260917_144829.mp4,2026-09-17T14:49:15.363824,1789674555.364,1220
g7_brio_cubo_m2_20260917_144829.mp4,2026-09-17T14:49:15.399980,1789674555.400,1221
g7_brio_cubo_m2_20260917_144829.mp4,2026-09-17T14:49:15.430879,1789674555.431,1222
g7_brio_cubo_m2_20260917_144829.mp4,2026-09-17T14:49:15.467909,1789674555.468,1223
g7_brio_cubo_m2_20260917_144829.mp4,2026-09-17T14:49:15.503128,1789674555.503,1224
g7_brio_cubo_m2_20260917_144829.mp4,2026-09-17T14:49:15.541284,1789674555.541,1225
g7_brio_cubo_m2_20260917_144829.mp4,2026-09-17T14:49:15.578108,1789674555.578,1226
g7_brio_cubo_m2_20260917_144829.mp4,2026-09-17T14:49:15.610594,1789674555.611,1227
g7_brio_cubo_m2_20260917_144829.mp4,2026-09-17T14:49:15.647006,1789674555.647,1228
g7_brio_cubo_m2_20260917_144829.mp4,2026-09-17T14:49:15.688440,1789674555.688,1229
g7_brio_cubo_m2_20260917_144829.mp4,2026-09-17T14:49:15.722039,1789674555.722,1230
g7_brio_cubo_m2_20260917_144829.mp4,2026-09-17T14:49:15.757161,1789674555.757,1231
g7_brio_cubo_m2_20260917_144829.mp4,2026-09-17T14:49:15.794407,1789674555.794,1232
g7_brio_cubo_m2_20260917_144829.mp4,2026-09-17T14:49:15.827098,1789674555.827,1233
g7_brio_cubo_m2_20260917_144829.mp4,2026-09-17T14:49:15.860057,1789674555.860,1234
g7_brio_cubo_m2_20260917_144829.mp4,2026-09-17T14:49:15.898999,1789674555.899,1235
g7_brio_cubo_m2_20260917_144829.mp4,2026-09-17T14:49:15.930358,1789674555.930,1236
g7_brio_cubo_m2_20260917_144829.mp4,2026-09-17T14:49:15.966588,1789674555.967,1237
g7_brio_cubo_m2_20260917_144829.mp4,2026-09-17T14:49:16.002655,1789674556.003,1238
g7_brio_cubo_m2_20260917_144829.mp4,2026-09-17T14:49:16.038641,1789674556.039,1239
g7_brio_cubo_m2_20260917_144829.mp4,2026-09-17T14:49:16.074748,1789674556.075,1240
g7_brio_cubo_m2_20260917_144829.mp4,2026-09-17T14:49:16.110423,1789674556.110,1241
g7_brio_cubo_m2_20260917_144829.mp4,2026-09-17T14:49:16.147181,1789674556.147,1242
g7_brio_cubo_m2_20260917_144829.mp4,2026-09-17T14:49:16.182751,1789674556.183,1243
g7_brio_cubo_m2_20260917_144829.mp4,2026-09-17T14:49:16.219076,1789674556.219,1244
g7_brio_cubo_m2_20260917_144829.mp4,2026-09-17T14:49:16.254400,1789674556.254,1245
g7_brio_cubo_m2_20260917_144829.mp4,2026-09-17T14:49:16.290952,1789674556.291,1246
g7_brio_cubo_m2_20260917_144829.mp4,2026-09-17T14:49:16.330380,1789674556.330,1247
g7_brio_cubo_m2_20260917_144829.mp4,2026-09-17T14:49:16.359719,1789674556.360,1248
g7_brio_cubo_m2_20260917_144829.mp4,2026-09-17T14:49:16.397214,1789674556.397,1249
g7_brio_cubo_m2_20260917_144829.mp4,2026-09-17T14:49:16.431534,1789674556.432,1250
g7_brio_cubo_m2_20260917_144829.mp4,2026-09-17T14:49:16.467974,1789674556.468,1251
g7_brio_cubo_m2_20260917_144829.mp4,2026-09-17T14:49:16.503237,1789674556.503,1252
g7_brio_cubo_m2_20260917_144829.mp4,2026-09-17T14:49:16.539183,1789674556.539,1253
g7_brio_cubo_m2_20260917_144829.mp4,2026-09-17T14:49:16.574639,1789674556.575,1254
g7_brio_cubo_m2_20260917_144829.mp4,2026-09-17T14:49:16.610658,1789674556.611,1255
g7_brio_cubo_m2_20260917_144829.mp4,2026-09-17T14:49:16.652275,1789674556.652,1256
g7_brio_cubo_m2_20260917_144829.mp4,2026-09-17T14:49:16.686918,1789674556.687,1257
g7_brio_cubo_m2_20260917_144829.mp4,2026-09-17T14:49:16.723111,1789674556.723,1258
g7_brio_cubo_m2_20260917_144829.mp4,2026-09-17T14:49:16.759433,1789674556.759,1259
g7_brio_cubo_m2_20260917_144829.mp4,2026-09-17T14:49:16.790099,1789674556.790,1260
g7_brio_cubo_m2_20260917_144829.mp4,2026-09-17T14:49:16.822628,1789674556.823,1261
g7_brio_cubo_m2_20260917_144829.mp4,2026-09-17T14:49:16.859733,1789674556.860,1262
g7_brio_cubo_m2_20260917_144829.mp4,2026-09-17T14:49:16.897612,1789674556.898,1263
g7_brio_cubo_m2_20260917_144829.mp4,2026-09-17T14:49:16.931489,1789674556.932,1264
g7_brio_cubo_m2_20260917_144829.mp4,2026-09-17T14:49:16.966714,1789674556.967,1265
g7_brio_cubo_m2_20260917_144829.mp4,2026-09-17T14:49:17.002882,1789674557.003,1266
g7_brio_cubo_m2_20260917_144829.mp4,2026-09-17T14:49:17.039001,1789674557.039,1267
g7_brio_cubo_m2_20260917_144829.mp4,2026-09-17T14:49:17.075559,1789674557.076,1268
g7_brio_cubo_m2_20260917_144829.mp4,2026-09-17T14:49:17.110807,1789674557.111,1269
g7_brio_cubo_m2_20260917_144829.mp4,2026-09-17T14:49:17.153173,1789674557.153,1270
g7_brio_cubo_m2_20260917_144829.mp4,2026-09-17T14:49:17.188994,1789674557.189,1271
g7_brio_cubo_m2_20260917_144829.mp4,2026-09-17T14:49:17.218888,1789674557.219,1272
g7_brio_cubo_m2_20260917_144829.mp4,2026-09-17T14:49:17.254052,1789674557.254,1273
g7_brio_cubo_m2_20260917_144829.mp4,2026-09-17T14:49:17.288492,1789674557.289,1274
g7_brio_cubo_m2_20260917_144829.mp4,2026-09-17T14:49:17.329045,1789674557.329,1275
g7_brio_cubo_m2_20260917_144829.mp4,2026-09-17T14:49:17.362373,1789674557.362,1276
g7_brio_cubo_m2_20260917_144829.mp4,2026-09-17T14:49:17.398973,1789674557.399,1277
g7_brio_cubo_m2_20260917_144829.mp4,2026-09-17T14:49:17.431050,1789674557.431,1278
g7_brio_cubo_m2_20260917_144829.mp4,2026-09-17T14:49:17.466589,1789674557.467,1279
g7_brio_cubo_m2_20260917_144829.mp4,2026-09-17T14:49:17.502471,1789674557.502,1280
g7_brio_cubo_m2_20260917_144829.mp4,2026-09-17T14:49:17.542790,1789674557.543,1281
g7_brio_cubo_m2_20260917_144829.mp4,2026-09-17T14:49:17.576765,1789674557.577,1282
g7_brio_cubo_m2_20260917_144829.mp4,2026-09-17T14:49:17.613589,1789674557.614,1283
g7_brio_cubo_m2_20260917_144829.mp4,2026-09-17T14:49:17.643862,1789674557.644,1284
g7_brio_cubo_m2_20260917_144829.mp4,2026-09-17T14:49:17.686750,1789674557.687,1285
g7_brio_cubo_m2_20260917_144829.mp4,2026-09-17T14:49:17.716656,1789674557.717,1286
g7_brio_cubo_m2_20260917_144829.mp4,2026-09-17T14:49:17.757151,1789674557.757,1287
g7_brio_cubo_m2_20260917_144829.mp4,2026-09-17T14:49:17.792642,1789674557.793,1288
g7_brio_cubo_m2_20260917_144829.mp4,2026-09-17T14:49:17.825818,1789674557.826,1289
g7_brio_cubo_m2_20260917_144829.mp4,2026-09-17T14:49:17.859011,1789674557.859,1290
g7_brio_cubo_m2_20260917_144829.mp4,2026-09-17T14:49:17.896398,1789674557.896,1291
g7_brio_cubo_m2_20260917_144829.mp4,2026-09-17T14:49:17.931304,1789674557.931,1292
g7_brio_cubo_m2_20260917_144829.mp4,2026-09-17T14:49:17.967224,1789674557.967,1293
g7_brio_cubo_m2_20260917_144829.mp4,2026-09-17T14:49:17.999083,1789674557.999,1294
g7_brio_cubo_m2_20260917_144829.mp4,2026-09-17T14:49:18.038594,1789674558.039,1295
g7_brio_cubo_m2_20260917_144829.mp4,2026-09-17T14:49:18.071715,1789674558.072,1296
g7_brio_cubo_m2_20260917_144829.mp4,2026-09-17T14:49:18.108678,1789674558.109,1297
g7_brio_cubo_m2_20260917_144829.mp4,2026-09-17T14:49:18.145652,1789674558.146,1298
g7_brio_cubo_m2_20260917_144829.mp4,2026-09-17T14:49:18.182440,1789674558.182,1299
g7_brio_cubo_m2_20260917_144829.mp4,2026-09-17T14:49:18.216184,1789674558.216,1300
g7_brio_cubo_m2_20260917_144829.mp4,2026-09-17T14:49:18.251743,1789674558.252,1301
g7_brio_cubo_m2_20260917_144829.mp4,2026-09-17T14:49:18.290207,1789674558.290,1302
g7_brio_cubo_m2_20260917_144829.mp4,2026-09-17T14:49:18.325736,1789674558.326,1303
g7_brio_cubo_m2_20260917_144829.mp4,2026-09-17T14:49:18.358839,1789674558.359,1304
g7_brio_cubo_m2_20260917_144829.mp4,2026-09-17T14:49:18.396830,1789674558.397,1305
g7_brio_cubo_m2_20260917_144829.mp4,2026-09-17T14:49:18.427067,1789674558.427,1306
g7_brio_cubo_m2_20260917_144829.mp4,2026-09-17T14:49:18.466668,1789674558.467,1307
g7_brio_cubo_m2_20260917_144829.mp4,2026-09-17T14:49:18.499182,1789674558.499,1308
g7_brio_cubo_m2_20260917_144829.mp4,2026-09-17T14:49:18.535129,1789674558.535,1309
g7_brio_cubo_m2_20260917_144829.mp4,2026-09-17T14:49:18.571310,1789674558.571,1310
g7_brio_cubo_m2_20260917_144829.mp4,2026-09-17T14:49:18.609078,1789674558.609,1311
g7_brio_cubo_m2_20260917_144829.mp4,2026-09-17T14:49:18.645783,1789674558.646,1312
g7_brio_cubo_m2_20260917_144829.mp4,2026-09-17T14:49:18.685437,1789674558.685,1313
g7_brio_cubo_m2_20260917_144829.mp4,2026-09-17T14:49:18.719315,1789674558.719,1314
g7_brio_cubo_m2_20260917_144829.mp4,2026-09-17T14:49:18.755993,1789674558.756,1315
g7_brio_cubo_m2_20260917_144829.mp4,2026-09-17T14:49:18.788146,1789674558.788,1316
g7_brio_cubo_m2_20260917_144829.mp4,2026-09-17T14:49:18.824110,1789674558.824,1317
g7_brio_cubo_m2_20260917_144829.mp4,2026-09-17T14:49:18.856582,1789674558.857,1318
g7_brio_cubo_m2_20260917_144829.mp4,2026-09-17T14:49:18.896634,1789674558.897,1319
g7_brio_cubo_m2_20260917_144829.mp4,2026-09-17T14:49:18.928532,1789674558.929,1320
g7_brio_cubo_m2_20260917_144829.mp4,2026-09-17T14:49:18.963335,1789674558.963,1321
g7_brio_cubo_m2_20260917_144829.mp4,2026-09-17T14:49:19.000096,1789674559.000,1322
g7_brio_cubo_m2_20260917_144829.mp4,2026-09-17T14:49:19.034564,1789674559.035,1323
g7_brio_cubo_m2_20260917_144829.mp4,2026-09-17T14:49:19.072721,1789674559.073,1324
g7_brio_cubo_m2_20260917_144829.mp4,2026-09-17T14:49:19.109344,1789674559.109,1325
g7_brio_cubo_m2_20260917_144829.mp4,2026-09-17T14:49:19.147384,1789674559.147,1326
g7_brio_cubo_m2_20260917_144829.mp4,2026-09-17T14:49:19.182676,1789674559.183,1327
g7_brio_cubo_m2_20260917_144829.mp4,2026-09-17T14:49:19.218921,1789674559.219,1328
g7_brio_cubo_m2_20260917_144829.mp4,2026-09-17T14:49:19.256173,1789674559.256,1329
g7_brio_cubo_m2_20260917_144829.mp4,2026-09-17T14:49:19.284781,1789674559.285,1330
g7_brio_cubo_m2_20260917_144829.mp4,2026-09-17T14:49:19.323859,1789674559.324,1331
g7_brio_cubo_m2_20260917_144829.mp4,2026-09-17T14:49:19.359043,1789674559.359,1332
g7_brio_cubo_m2_20260917_144829.mp4,2026-09-17T14:49:19.391881,1789674559.392,1333
g7_brio_cubo_m2_20260917_144829.mp4,2026-09-17T14:49:19.427818,1789674559.428,1334
g7_brio_cubo_m2_20260917_144829.mp4,2026-09-17T14:49:19.464029,1789674559.464,1335
g7_brio_cubo_m2_20260917_144829.mp4,2026-09-17T14:49:19.499213,1789674559.499,1336
g7_brio_cubo_m2_20260917_144829.mp4,2026-09-17T14:49:19.534536,1789674559.535,1337
g7_brio_cubo_m2_20260917_144829.mp4,2026-09-17T14:49:19.570732,1789674559.571,1338
g7_brio_cubo_m2_20260917_144829.mp4,2026-09-17T14:49:19.608308,1789674559.608,1339
g7_brio_cubo_m2_20260917_144829.mp4,2026-09-17T14:49:19.646955,1789674559.647,1340
g7_brio_cubo_m2_20260917_144829.mp4,2026-09-17T14:49:19.682876,1789674559.683,1341
g7_brio_cubo_m2_20260917_144829.mp4,2026-09-17T14:49:19.713345,1789674559.713,1342
g7_brio_cubo_m2_20260917_144829.mp4,2026-09-17T14:49:19.757516,1789674559.758,1343
g7_brio_cubo_m2_20260917_144829.mp4,2026-09-17T14:49:19.784372,1789674559.784,1344
g7_brio_cubo_m2_20260917_144829.mp4,2026-09-17T14:49:19.821734,1789674559.822,1345
g7_brio_cubo_m2_20260917_144829.mp4,2026-09-17T14:49:19.858725,1789674559.859,1346
g7_brio_cubo_m2_20260917_144829.mp4,2026-09-17T14:49:19.895000,1789674559.895,1347
g7_brio_cubo_m2_20260917_144829.mp4,2026-09-17T14:49:19.930200,1789674559.930,1348
g7_brio_cubo_m2_20260917_144829.mp4,2026-09-17T14:49:19.963812,1789674559.964,1349
g7_brio_cubo_m2_20260917_144829.mp4,2026-09-17T14:49:20.000708,1789674560.001,1350
g7_brio_cubo_m2_20260917_144829.mp4,2026-09-17T14:49:20.036065,1789674560.036,1351
g7_brio_cubo_m2_20260917_144829.mp4,2026-09-17T14:49:20.071538,1789674560.072,1352
g7_brio_cubo_m2_20260917_144829.mp4,2026-09-17T14:49:20.110584,1789674560.111,1353
g7_brio_cubo_m2_20260917_144829.mp4,2026-09-17T14:49:20.138289,1789674560.138,1354
g7_brio_cubo_m2_20260917_144829.mp4,2026-09-17T14:49:20.179152,1789674560.179,1355
g7_brio_cubo_m2_20260917_144829.mp4,2026-09-17T14:49:20.214574,1789674560.215,1356
g7_brio_cubo_m2_20260917_144829.mp4,2026-09-17T14:49:20.250749,1789674560.251,1357
g7_brio_cubo_m2_20260917_144829.mp4,2026-09-17T14:49:20.286189,1789674560.286,1358
g7_brio_cubo_m2_20260917_144829.mp4,2026-09-17T14:49:20.322089,1789674560.322,1359
g7_brio_cubo_m2_20260917_144829.mp4,2026-09-17T14:49:20.358492,1789674560.359,1360
g7_brio_cubo_m2_20260917_144829.mp4,2026-09-17T14:49:20.395812,1789674560.396,1361
g7_brio_cubo_m2_20260917_144829.mp4,2026-09-17T14:49:20.427870,1789674560.428,1362
g7_brio_cubo_m2_20260917_144829.mp4,2026-09-17T14:49:20.463122,1789674560.463,1363
g7_brio_cubo_m2_20260917_144829.mp4,2026-09-17T14:49:20.499402,1789674560.499,1364
g7_brio_cubo_m2_20260917_144829.mp4,2026-09-17T14:49:20.534820,1789674560.535,1365
g7_brio_cubo_m2_20260917_144829.mp4,2026-09-17T14:49:20.570973,1789674560.571,1366
g7_brio_cubo_m2_20260917_144829.mp4,2026-09-17T14:49:20.606908,1789674560.607,1367
g7_brio_cubo_m2_20260917_144829.mp4,2026-09-17T14:49:20.642874,1789674560.643,1368
g7_brio_cubo_m2_20260917_144829.mp4,2026-09-17T14:49:20.674498,1789674560.675,1369
g7_brio_cubo_m2_20260917_144829.mp4,2026-09-17T14:49:20.713890,1789674560.714,1370
g7_brio_cubo_m2_20260917_144829.mp4,2026-09-17T14:49:20.751511,1789674560.752,1371
g7_brio_cubo_m2_20260917_144829.mp4,2026-09-17T14:49:20.786884,1789674560.787,1372
g7_brio_cubo_m2_20260917_144829.mp4,2026-09-17T14:49:20.823644,1789674560.824,1373
g7_brio_cubo_m2_20260917_144829.mp4,2026-09-17T14:49:20.856229,1789674560.856,1374
g7_brio_cubo_m2_20260917_144829.mp4,2026-09-17T14:49:20.895661,1789674560.896,1375
g7_brio_cubo_m2_20260917_144829.mp4,2026-09-17T14:49:20.926964,1789674560.927,1376
g7_brio_cubo_m2_20260917_144829.mp4,2026-09-17T14:49:20.963021,1789674560.963,1377
g7_brio_cubo_m2_20260917_144829.mp4,2026-09-17T14:49:20.999015,1789674560.999,1378
g7_brio_cubo_m2_20260917_144829.mp4,2026-09-17T14:49:21.034281,1789674561.034,1379
g7_brio_cubo_m2_20260917_144829.mp4,2026-09-17T14:49:21.066153,1789674561.066,1380
g7_brio_cubo_m2_20260917_144829.mp4,2026-09-17T14:49:21.102399,1789674561.102,1381
g7_brio_cubo_m2_20260917_144829.mp4,2026-09-17T14:49:21.138305,1789674561.138,1382
g7_brio_cubo_m2_20260917_144829.mp4,2026-09-17T14:49:21.176880,1789674561.177,1383
g7_brio_cubo_m2_20260917_144829.mp4,2026-09-17T14:49:21.211580,1789674561.212,1384
g7_brio_cubo_m2_20260917_144829.mp4,2026-09-17T14:49:21.247573,1789674561.248,1385
g7_brio_cubo_m2_20260917_144829.mp4,2026-09-17T14:49:21.283781,1789674561.284,1386
g7_brio_cubo_m2_20260917_144829.mp4,2026-09-17T14:49:21.322803,1789674561.323,1387
g7_brio_cubo_m2_20260917_144829.mp4,2026-09-17T14:49:21.358522,1789674561.359,1388
g7_brio_cubo_m2_20260917_144829.mp4,2026-09-17T14:49:21.391783,1789674561.392,1389
g7_brio_cubo_m2_20260917_144829.mp4,2026-09-17T14:49:21.428909,1789674561.429,1390
g7_brio_cubo_m2_20260917_144829.mp4,2026-09-17T14:49:21.462724,1789674561.463,1391
g7_brio_cubo_m2_20260917_144829.mp4,2026-09-17T14:49:21.497319,1789674561.497,1392
g7_brio_cubo_m2_20260917_144829.mp4,2026-09-17T14:49:21.530920,1789674561.531,1393
g7_brio_cubo_m2_20260917_144829.mp4,2026-09-17T14:49:21.566214,1789674561.566,1394
g7_brio_cubo_m2_20260917_144829.mp4,2026-09-17T14:49:21.602957,1789674561.603,1395
g7_brio_cubo_m2_20260917_144829.mp4,2026-09-17T14:49:21.639149,1789674561.639,1396
g7_brio_cubo_m2_20260917_144829.mp4,2026-09-17T14:49:21.677173,1789674561.677,1397
g7_brio_cubo_m2_20260917_144829.mp4,2026-09-17T14:49:21.711187,1789674561.711,1398
g7_brio_cubo_m2_20260917_144829.mp4,2026-09-17T14:49:21.747453,1789674561.747,1399
g7_brio_cubo_m2_20260917_144829.mp4,2026-09-17T14:49:21.784293,1789674561.784,1400
g7_brio_cubo_m2_20260917_144829.mp4,2026-09-17T14:49:21.820881,1789674561.821,1401
g7_brio_cubo_m2_20260917_144829.mp4,2026-09-17T14:49:21.859351,1789674561.859,1402
g7_brio_cubo_m2_20260917_144829.mp4,2026-09-17T14:49:21.895774,1789674561.896,1403
g7_brio_cubo_m2_20260917_144829.mp4,2026-09-17T14:49:21.922737,1789674561.923,1404
g7_brio_cubo_m2_20260917_144829.mp4,2026-09-17T14:49:21.958957,1789674561.959,1405
g7_brio_cubo_m2_20260917_144829.mp4,2026-09-17T14:49:21.994939,1789674561.995,1406
g7_brio_cubo_m2_20260917_144829.mp4,2026-09-17T14:49:22.031201,1789674562.031,1407
g7_brio_cubo_m2_20260917_144829.mp4,2026-09-17T14:49:22.067781,1789674562.068,1408
g7_brio_cubo_m2_20260917_144829.mp4,2026-09-17T14:49:22.102278,1789674562.102,1409
g7_brio_cubo_m2_20260917_144829.mp4,2026-09-17T14:49:22.139068,1789674562.139,1410
g7_brio_cubo_m2_20260917_144829.mp4,2026-09-17T14:49:22.177873,1789674562.178,1411
g7_brio_cubo_m2_20260917_144829.mp4,2026-09-17T14:49:22.214695,1789674562.215,1412
g7_brio_cubo_m2_20260917_144829.mp4,2026-09-17T14:49:22.251090,1789674562.251,1413
g7_brio_cubo_m2_20260917_144829.mp4,2026-09-17T14:49:22.278952,1789674562.279,1414
g7_brio_cubo_m2_20260917_144829.mp4,2026-09-17T14:49:22.320833,1789674562.321,1415
g7_brio_cubo_m2_20260917_144829.mp4,2026-09-17T14:49:22.354054,1789674562.354,1416
g7_brio_cubo_m2_20260917_144829.mp4,2026-09-17T14:49:22.389479,1789674562.389,1417
g7_brio_cubo_m2_20260917_144829.mp4,2026-09-17T14:49:22.423546,1789674562.424,1418
g7_brio_cubo_m2_20260917_144829.mp4,2026-09-17T14:49:22.471352,1789674562.471,1419
g7_brio_cubo_m2_20260917_144829.mp4,2026-09-17T14:49:22.495211,1789674562.495,1420
g7_brio_cubo_m2_20260917_144829.mp4,2026-09-17T14:49:22.530880,1789674562.531,1421
g7_brio_cubo_m2_20260917_144829.mp4,2026-09-17T14:49:22.566658,1789674562.567,1422
g7_brio_cubo_m2_20260917_144829.mp4,2026-09-17T14:49:22.602325,1789674562.602,1423
g7_brio_cubo_m2_20260917_144829.mp4,2026-09-17T14:49:22.638286,1789674562.638,1424
g7_brio_cubo_m2_20260917_144829.mp4,2026-09-17T14:49:22.674261,1789674562.674,1425
g7_brio_cubo_m2_20260917_144829.mp4,2026-09-17T14:49:22.706173,1789674562.706,1426
g7_brio_cubo_m2_20260917_144829.mp4,2026-09-17T14:49:22.742861,1789674562.743,1427
g7_brio_cubo_m2_20260917_144829.mp4,2026-09-17T14:49:22.780388,1789674562.780,1428
g7_brio_cubo_m2_20260917_144829.mp4,2026-09-17T14:49:22.820518,1789674562.821,1429
g7_brio_cubo_m2_20260917_144829.mp4,2026-09-17T14:49:22.855912,1789674562.856,1430
g7_brio_cubo_m2_20260917_144829.mp4,2026-09-17T14:49:22.891579,1789674562.892,1431
g7_brio_cubo_m2_20260917_144829.mp4,2026-09-17T14:49:22.925086,1789674562.925,1432
g7_brio_cubo_m2_20260917_144829.mp4,2026-09-17T14:49:22.959162,1789674562.959,1433
g7_brio_cubo_m2_20260917_144829.mp4,2026-09-17T14:49:22.994960,1789674562.995,1434
g7_brio_cubo_m2_20260917_144829.mp4,2026-09-17T14:49:23.032835,1789674563.033,1435
g7_brio_cubo_m2_20260917_144829.mp4,2026-09-17T14:49:23.067899,1789674563.068,1436
g7_brio_cubo_m2_20260917_144829.mp4,2026-09-17T14:49:23.101445,1789674563.101,1437
g7_brio_cubo_m2_20260917_144829.mp4,2026-09-17T14:49:23.134918,1789674563.135,1438
g7_brio_cubo_m2_20260917_144829.mp4,2026-09-17T14:49:23.171594,1789674563.172,1439
g7_brio_cubo_m2_20260917_144829.mp4,2026-09-17T14:49:23.207988,1789674563.208,1440
g7_brio_cubo_m2_20260917_144829.mp4,2026-09-17T14:49:23.247453,1789674563.247,1441
g7_brio_cubo_m2_20260917_144829.mp4,2026-09-17T14:49:23.287719,1789674563.288,1442
g7_brio_cubo_m2_20260917_144829.mp4,2026-09-17T14:49:23.314425,1789674563.314,1443
g7_brio_cubo_m2_20260917_144829.mp4,2026-09-17T14:49:23.352097,1789674563.352,1444
g7_brio_cubo_m2_20260917_144829.mp4,2026-09-17T14:49:23.389070,1789674563.389,1445
g7_brio_cubo_m2_20260917_144829.mp4,2026-09-17T14:49:23.426720,1789674563.427,1446
g7_brio_cubo_m2_20260917_144829.mp4,2026-09-17T14:49:23.456403,1789674563.456,1447
g7_brio_cubo_m2_20260917_144829.mp4,2026-09-17T14:49:23.495342,1789674563.495,1448
g7_brio_cubo_m2_20260917_144829.mp4,2026-09-17T14:49:23.526933,1789674563.527,1449
g7_brio_cubo_m2_20260917_144829.mp4,2026-09-17T14:49:23.562888,1789674563.563,1450
g7_brio_cubo_m2_20260917_144829.mp4,2026-09-17T14:49:23.603600,1789674563.604,1451
g7_brio_cubo_m2_20260917_144829.mp4,2026-09-17T14:49:23.635076,1789674563.635,1452
g7_brio_cubo_m2_20260917_144829.mp4,2026-09-17T14:49:23.672308,1789674563.672,1453
g7_brio_cubo_m2_20260917_144829.mp4,2026-09-17T14:49:23.706327,1789674563.706,1454
g7_brio_cubo_m2_20260917_144829.mp4,2026-09-17T14:49:23.742543,1789674563.743,1455
g7_brio_cubo_m2_20260917_144829.mp4,2026-09-17T14:49:23.778953,1789674563.779,1456
g7_brio_cubo_m2_20260917_144829.mp4,2026-09-17T14:49:23.814742,1789674563.815,1457
g7_brio_cubo_m2_20260917_144829.mp4,2026-09-17T14:49:23.854784,1789674563.855,1458
g7_brio_cubo_m2_20260917_144829.mp4,2026-09-17T14:49:23.887406,1789674563.887,1459
g7_brio_cubo_m2_20260917_144829.mp4,2026-09-17T14:49:23.923264,1789674563.923,1460
g7_brio_cubo_m2_20260917_144829.mp4,2026-09-17T14:49:23.956596,1789674563.957,1461
g7_brio_cubo_m2_20260917_144829.mp4,2026-09-17T14:49:23.995351,1789674563.995,1462
g7_brio_cubo_m2_20260917_144829.mp4,2026-09-17T14:49:24.026838,1789674564.027,1463
g7_brio_cubo_m2_20260917_144829.mp4,2026-09-17T14:49:24.063029,1789674564.063,1464
g7_brio_cubo_m2_20260917_144829.mp4,2026-09-17T14:49:24.098726,1789674564.099,1465
g7_brio_cubo_m2_20260917_144829.mp4,2026-09-17T14:49:24.134171,1789674564.134,1466
g7_brio_cubo_m2_20260917_144829.mp4,2026-09-17T14:49:24.170115,1789674564.170,1467
g7_brio_cubo_m2_20260917_144829.mp4,2026-09-17T14:49:24.202639,1789674564.203,1468
g7_brio_cubo_m2_20260917_144829.mp4,2026-09-17T14:49:24.238525,1789674564.239,1469
g7_brio_cubo_m2_20260917_144829.mp4,2026-09-17T14:49:24.274896,1789674564.275,1470
g7_brio_cubo_m2_20260917_144829.mp4,2026-09-17T14:49:24.311754,1789674564.312,1471
g7_brio_cubo_m2_20260917_144829.mp4,2026-09-17T14:49:24.349846,1789674564.350,1472
g7_brio_cubo_m2_20260917_144829.mp4,2026-09-17T14:49:24.388336,1789674564.388,1473
g7_brio_cubo_m2_20260917_144829.mp4,2026-09-17T14:49:24.422085,1789674564.422,1474
g7_brio_cubo_m2_20260917_144829.mp4,2026-09-17T14:49:24.459733,1789674564.460,1475
g7_brio_cubo_m2_20260917_144829.mp4,2026-09-17T14:49:24.495832,1789674564.496,1476
g7_brio_cubo_m2_20260917_144829.mp4,2026-09-17T14:49:24.527442,1789674564.527,1477
g7_brio_cubo_m2_20260917_144829.mp4,2026-09-17T14:49:24.562544,1789674564.563,1478
g7_brio_cubo_m2_20260917_144829.mp4,2026-09-17T14:49:24.598520,1789674564.599,1479
g7_brio_cubo_m2_20260917_144829.mp4,2026-09-17T14:49:24.630359,1789674564.630,1480
g7_brio_cubo_m2_20260917_144829.mp4,2026-09-17T14:49:24.666284,1789674564.666,1481
g7_brio_cubo_m2_20260917_144829.mp4,2026-09-17T14:49:24.703264,1789674564.703,1482
g7_brio_cubo_m2_20260917_144829.mp4,2026-09-17T14:49:24.738473,1789674564.738,1483
g7_brio_cubo_m2_20260917_144829.mp4,2026-09-17T14:49:24.774522,1789674564.775,1484
g7_brio_cubo_m2_20260917_144829.mp4,2026-09-17T14:49:24.810345,1789674564.810,1485
g7_brio_cubo_m2_20260917_144829.mp4,2026-09-17T14:49:24.847977,1789674564.848,1486
g7_brio_cubo_m2_20260917_144829.mp4,2026-09-17T14:49:24.884030,1789674564.884,1487
g7_brio_cubo_m2_20260917_144829.mp4,2026-09-17T14:49:24.922381,1789674564.922,1488
g7_brio_cubo_m2_20260917_144829.mp4,2026-09-17T14:49:24.958258,1789674564.958,1489
g7_brio_cubo_m2_20260917_144829.mp4,2026-09-17T14:49:24.994694,1789674564.995,1490
g7_brio_cubo_m2_20260917_144829.mp4,2026-09-17T14:49:25.025255,1789674565.025,1491
g7_brio_cubo_m2_20260917_144829.mp4,2026-09-17T14:49:25.059798,1789674565.060,1492
g7_brio_cubo_m2_20260917_144829.mp4,2026-09-17T14:49:25.097049,1789674565.097,1493
g7_brio_cubo_m2_20260917_144829.mp4,2026-09-17T14:49:25.131257,1789674565.131,1494
g7_brio_cubo_m2_20260917_144829.mp4,2026-09-17T14:49:25.166038,1789674565.166,1495
g7_brio_cubo_m2_20260917_144829.mp4,2026-09-17T14:49:25.203550,1789674565.204,1496
g7_brio_cubo_m2_20260917_144829.mp4,2026-09-17T14:49:25.238257,1789674565.238,1497
g7_brio_cubo_m2_20260917_144829.mp4,2026-09-17T14:49:25.274629,1789674565.275,1498
g7_brio_cubo_m2_20260917_144829.mp4,2026-09-17T14:49:25.310850,1789674565.311,1499
g7_brio_cubo_m2_20260917_144829.mp4,2026-09-17T14:49:25.352255,1789674565.352,1500
g7_brio_cubo_m2_20260917_144829.mp4,2026-09-17T14:49:25.384645,1789674565.385,1501
g7_brio_cubo_m2_20260917_144829.mp4,2026-09-17T14:49:25.421903,1789674565.422,1502
g7_brio_cubo_m2_20260917_144829.mp4,2026-09-17T14:49:25.453449,1789674565.453,1503
g7_brio_cubo_m2_20260917_144829.mp4,2026-09-17T14:49:25.491066,1789674565.491,1504
g7_brio_cubo_m2_20260917_144829.mp4,2026-09-17T14:49:25.524572,1789674565.525,1505
g7_brio_cubo_m2_20260917_144829.mp4,2026-09-17T14:49:25.561696,1789674565.562,1506
g7_brio_cubo_m2_20260917_144829.mp4,2026-09-17T14:49:25.597659,1789674565.598,1507
g7_brio_cubo_m2_20260917_144829.mp4,2026-09-17T14:49:25.630882,1789674565.631,1508
g7_brio_cubo_m2_20260917_144829.mp4,2026-09-17T14:49:25.666644,1789674565.667,1509
g7_brio_cubo_m2_20260917_144829.mp4,2026-09-17T14:49:25.702621,1789674565.703,1510
g7_brio_cubo_m2_20260917_144829.mp4,2026-09-17T14:49:25.738195,1789674565.738,1511
g7_brio_cubo_m2_20260917_144829.mp4,2026-09-17T14:49:25.774282,1789674565.774,1512
g7_brio_cubo_m2_20260917_144829.mp4,2026-09-17T14:49:25.806277,1789674565.806,1513
g7_brio_cubo_m2_20260917_144829.mp4,2026-09-17T14:49:25.847025,1789674565.847,1514
g7_brio_cubo_m2_20260917_144829.mp4,2026-09-17T14:49:25.881495,1789674565.882,1515
g7_brio_cubo_m2_20260917_144829.mp4,2026-09-17T14:49:25.918652,1789674565.919,1516
g7_brio_cubo_m2_20260917_144829.mp4,2026-09-17T14:49:25.956719,1789674565.957,1517
g7_brio_cubo_m2_20260917_144829.mp4,2026-09-17T14:49:25.991888,1789674565.992,1518
g7_brio_cubo_m2_20260917_144829.mp4,2026-09-17T14:49:26.024195,1789674566.024,1519
g7_brio_cubo_m2_20260917_144829.mp4,2026-09-17T14:49:26.059200,1789674566.059,1520
g7_brio_cubo_m2_20260917_144829.mp4,2026-09-17T14:49:26.095466,1789674566.095,1521
g7_brio_cubo_m2_20260917_144829.mp4,2026-09-17T14:49:26.131043,1789674566.131,1522
g7_brio_cubo_m2_20260917_144829.mp4,2026-09-17T14:49:26.166181,1789674566.166,1523
g7_brio_cubo_m2_20260917_144829.mp4,2026-09-17T14:49:26.202278,1789674566.202,1524
g7_brio_cubo_m2_20260917_144829.mp4,2026-09-17T14:49:26.234402,1789674566.234,1525
g7_brio_cubo_m2_20260917_144829.mp4,2026-09-17T14:49:26.273140,1789674566.273,1526
g7_brio_cubo_m2_20260917_144829.mp4,2026-09-17T14:49:26.309405,1789674566.309,1527
g7_brio_cubo_m2_20260917_144829.mp4,2026-09-17T14:49:26.347068,1789674566.347,1528
g7_brio_cubo_m2_20260917_144829.mp4,2026-09-17T14:49:26.384147,1789674566.384,1529
g7_brio_cubo_m2_20260917_144829.mp4,2026-09-17T14:49:26.419116,1789674566.419,1530
g7_brio_cubo_m2_20260917_144829.mp4,2026-09-17T14:49:26.455229,1789674566.455,1531
g7_brio_cubo_m2_20260917_144829.mp4,2026-09-17T14:49:26.491318,1789674566.491,1532
g7_brio_cubo_m2_20260917_144829.mp4,2026-09-17T14:49:26.527799,1789674566.528,1533
g7_brio_cubo_m2_20260917_144829.mp4,2026-09-17T14:49:26.557527,1789674566.558,1534
g7_brio_cubo_m2_20260917_144829.mp4,2026-09-17T14:49:26.595549,1789674566.596,1535
g7_brio_cubo_m2_20260917_144829.mp4,2026-09-17T14:49:26.627879,1789674566.628,1536
g7_brio_cubo_m2_20260917_144829.mp4,2026-09-17T14:49:26.663296,1789674566.663,1537
g7_brio_cubo_m2_20260917_144829.mp4,2026-09-17T14:49:26.698988,1789674566.699,1538
g7_brio_cubo_m2_20260917_144829.mp4,2026-09-17T14:49:26.734683,1789674566.735,1539
g7_brio_cubo_m2_20260917_144829.mp4,2026-09-17T14:49:26.770282,1789674566.770,1540
g7_brio_cubo_m2_20260917_144829.mp4,2026-09-17T14:49:26.806511,1789674566.807,1541
g7_brio_cubo_m2_20260917_144829.mp4,2026-09-17T14:49:26.842581,1789674566.843,1542
g7_brio_cubo_m2_20260917_144829.mp4,2026-09-17T14:49:26.885378,1789674566.885,1543
g7_brio_cubo_m2_20260917_144829.mp4,2026-09-17T14:49:26.921900,1789674566.922,1544
g7_brio_cubo_m2_20260917_144829.mp4,2026-09-17T14:49:26.951782,1789674566.952,1545
g7_brio_cubo_m2_20260917_144829.mp4,2026-09-17T14:49:26.988297,1789674566.988,1546
g7_brio_cubo_m2_20260917_144829.mp4,2026-09-17T14:49:27.023620,1789674567.024,1547
g7_brio_cubo_m2_20260917_144829.mp4,2026-09-17T14:49:27.059681,1789674567.060,1548
g7_brio_cubo_m2_20260917_144829.mp4,2026-09-17T14:49:27.093774,1789674567.094,1549
g7_brio_cubo_m2_20260917_144829.mp4,2026-09-17T14:49:27.128454,1789674567.128,1550
g7_brio_cubo_m2_20260917_144829.mp4,2026-09-17T14:49:27.163219,1789674567.163,1551
g7_brio_cubo_m2_20260917_144829.mp4,2026-09-17T14:49:27.198981,1789674567.199,1552
g7_brio_cubo_m2_20260917_144829.mp4,2026-09-17T14:49:27.235260,1789674567.235,1553
g7_brio_cubo_m2_20260917_144829.mp4,2026-09-17T14:49:27.277485,1789674567.278,1554
g7_brio_cubo_m2_20260917_144829.mp4,2026-09-17T14:49:27.308102,1789674567.308,1555
g7_brio_cubo_m2_20260917_144829.mp4,2026-09-17T14:49:27.338340,1789674567.338,1556
g7_brio_cubo_m2_20260917_144829.mp4,2026-09-17T14:49:27.374380,1789674567.374,1557
g7_brio_cubo_m2_20260917_144829.mp4,2026-09-17T14:49:27.415678,1789674567.416,1558
g7_brio_cubo_m2_20260917_144829.mp4,2026-09-17T14:49:27.451693,1789674567.452,1559
g7_brio_cubo_m2_20260917_144829.mp4,2026-09-17T14:49:27.487761,1789674567.488,1560
g7_brio_cubo_m2_20260917_144829.mp4,2026-09-17T14:49:27.522592,1789674567.523,1561
g7_brio_cubo_m2_20260917_144829.mp4,2026-09-17T14:49:27.557832,1789674567.558,1562
g7_brio_cubo_m2_20260917_144829.mp4,2026-09-17T14:49:27.591904,1789674567.592,1563
g7_brio_cubo_m2_20260917_144829.mp4,2026-09-17T14:49:27.629227,1789674567.629,1564
g7_brio_cubo_m2_20260917_144829.mp4,2026-09-17T14:49:27.663454,1789674567.663,1565
g7_brio_cubo_m2_20260917_144829.mp4,2026-09-17T14:49:27.698578,1789674567.699,1566
g7_brio_cubo_m2_20260917_144829.mp4,2026-09-17T14:49:27.734022,1789674567.734,1567
g7_brio_cubo_m2_20260917_144829.mp4,2026-09-17T14:49:27.767022,1789674567.767,1568
g7_brio_cubo_m2_20260917_144829.mp4,2026-09-17T14:49:27.802939,1789674567.803,1569
g7_brio_cubo_m2_20260917_144829.mp4,2026-09-17T14:49:27.838606,1789674567.839,1570
g7_brio_cubo_m2_20260917_144829.mp4,2026-09-17T14:49:27.878630,1789674567.879,1571
g7_brio_cubo_m2_20260917_144829.mp4,2026-09-17T14:49:27.916130,1789674567.916,1572
g7_brio_cubo_m2_20260917_144829.mp4,2026-09-17T14:49:27.950542,1789674567.951,1573
g7_brio_cubo_m2_20260917_144829.mp4,2026-09-17T14:49:27.985985,1789674567.986,1574
g7_brio_cubo_m2_20260917_144829.mp4,2026-09-17T14:49:28.023663,1789674568.024,1575
g7_brio_cubo_m2_20260917_144829.mp4,2026-09-17T14:49:28.058445,1789674568.058,1576
g7_brio_cubo_m2_20260917_144829.mp4,2026-09-17T14:49:28.093347,1789674568.093,1577
g7_brio_cubo_m2_20260917_144829.mp4,2026-09-17T14:49:28.128854,1789674568.129,1578
g7_brio_cubo_m2_20260917_144829.mp4,2026-09-17T14:49:28.158894,1789674568.159,1579
g7_brio_cubo_m2_20260917_144829.mp4,2026-09-17T14:49:28.194758,1789674568.195,1580
g7_brio_cubo_m2_20260917_144829.mp4,2026-09-17T14:49:28.230851,1789674568.231,1581
g7_brio_cubo_m2_20260917_144829.mp4,2026-09-17T14:49:28.266451,1789674568.266,1582
g7_brio_cubo_m2_20260917_144829.mp4,2026-09-17T14:49:28.302265,1789674568.302,1583
g7_brio_cubo_m2_20260917_144829.mp4,2026-09-17T14:49:28.339931,1789674568.340,1584
g7_brio_cubo_m2_20260917_144829.mp4,2026-09-17T14:49:28.375382,1789674568.375,1585
g7_brio_cubo_m2_20260917_144829.mp4,2026-09-17T14:49:28.410815,1789674568.411,1586
g7_brio_cubo_m2_20260917_144829.mp4,2026-09-17T14:49:28.447905,1789674568.448,1587
g7_brio_cubo_m2_20260917_144829.mp4,2026-09-17T14:49:28.488663,1789674568.489,1588
g7_brio_cubo_m2_20260917_144829.mp4,2026-09-17T14:49:28.515369,1789674568.515,1589
g7_brio_cubo_m2_20260917_144829.mp4,2026-09-17T14:49:28.556101,1789674568.556,1590
g7_brio_cubo_m2_20260917_144829.mp4,2026-09-17T14:49:28.590175,1789674568.590,1591
g7_brio_cubo_m2_20260917_144829.mp4,2026-09-17T14:49:28.628041,1789674568.628,1592
g7_brio_cubo_m2_20260917_144829.mp4,2026-09-17T14:49:28.660320,1789674568.660,1593
g7_brio_cubo_m2_20260917_144829.mp4,2026-09-17T14:49:28.698291,1789674568.698,1594
g7_brio_cubo_m2_20260917_144829.mp4,2026-09-17T14:49:28.731917,1789674568.732,1595
g7_brio_cubo_m2_20260917_144829.mp4,2026-09-17T14:49:28.767302,1789674568.767,1596
g7_brio_cubo_m2_20260917_144829.mp4,2026-09-17T14:49:28.802029,1789674568.802,1597
g7_brio_cubo_m2_20260917_144829.mp4,2026-09-17T14:49:28.838775,1789674568.839,1598
g7_brio_cubo_m2_20260917_144829.mp4,2026-09-17T14:49:28.874404,1789674568.874,1599
g7_brio_cubo_m2_20260917_144829.mp4,2026-09-17T14:49:28.911666,1789674568.912,1600
g7_brio_cubo_m2_20260917_144829.mp4,2026-09-17T14:49:28.943362,1789674568.943,1601
g7_brio_cubo_m2_20260917_144829.mp4,2026-09-17T14:49:28.979346,1789674568.979,1602
g7_brio_cubo_m2_20260917_144829.mp4,2026-09-17T14:49:29.018470,1789674569.018,1603
g7_brio_cubo_m2_20260917_144829.mp4,2026-09-17T14:49:29.054869,1789674569.055,1604
g7_brio_cubo_m2_20260917_144829.mp4,2026-09-17T14:49:29.089998,1789674569.090,1605
g7_brio_cubo_m2_20260917_144829.mp4,2026-09-17T14:49:29.127462,1789674569.127,1606
g7_brio_cubo_m2_20260917_144829.mp4,2026-09-17T14:49:29.158600,1789674569.159,1607
g7_brio_cubo_m2_20260917_144829.mp4,2026-09-17T14:49:29.195159,1789674569.195,1608
g7_brio_cubo_m2_20260917_144829.mp4,2026-09-17T14:49:29.231093,1789674569.231,1609
g7_brio_cubo_m2_20260917_144829.mp4,2026-09-17T14:49:29.266280,1789674569.266,1610
g7_brio_cubo_m2_20260917_144829.mp4,2026-09-17T14:49:29.302042,1789674569.302,1611
g7_brio_cubo_m2_20260917_144829.mp4,2026-09-17T14:49:29.334496,1789674569.335,1612
g7_brio_cubo_m2_20260917_144829.mp4,2026-09-17T14:49:29.370892,1789674569.371,1613
g7_brio_cubo_m2_20260917_144829.mp4,2026-09-17T14:49:29.413132,1789674569.413,1614
g7_brio_cubo_m2_20260917_144829.mp4,2026-09-17T14:49:29.444965,1789674569.445,1615
g7_brio_cubo_m2_20260917_144829.mp4,2026-09-17T14:49:29.479810,1789674569.480,1616
g7_brio_cubo_m2_20260917_144829.mp4,2026-09-17T14:49:29.514916,1789674569.515,1617
g7_brio_cubo_m2_20260917_144829.mp4,2026-09-17T14:49:29.551202,1789674569.551,1618
g7_brio_cubo_m2_20260917_144829.mp4,2026-09-17T14:49:29.588406,1789674569.588,1619
g7_brio_cubo_m2_20260917_144829.mp4,2026-09-17T14:49:29.627437,1789674569.627,1620
g7_brio_cubo_m2_20260917_144829.mp4,2026-09-17T14:49:29.660137,1789674569.660,1621
g7_brio_cubo_m2_20260917_144829.mp4,2026-09-17T14:49:29.699125,1789674569.699,1622
g7_brio_cubo_m2_20260917_144829.mp4,2026-09-17T14:49:29.730685,1789674569.731,1623
g7_brio_cubo_m2_20260917_144829.mp4,2026-09-17T14:49:29.762721,1789674569.763,1624
g7_brio_cubo_m2_20260917_144829.mp4,2026-09-17T14:49:29.798183,1789674569.798,1625
g7_brio_cubo_m2_20260917_144829.mp4,2026-09-17T14:49:29.834551,1789674569.835,1626
g7_brio_cubo_m2_20260917_144829.mp4,2026-09-17T14:49:29.871134,1789674569.871,1627
g7_brio_cubo_m2_20260917_144829.mp4,2026-09-17T14:49:29.906577,1789674569.907,1628
g7_brio_cubo_m2_20260917_144829.mp4,2026-09-17T14:49:29.947732,1789674569.948,1629
g7_brio_cubo_m2_20260917_144829.mp4,2026-09-17T14:49:29.982833,1789674569.983,1630
g7_brio_cubo_m2_20260917_144829.mp4,2026-09-17T14:49:30.016798,1789674570.017,1631
g7_brio_cubo_m2_20260917_144829.mp4,2026-09-17T14:49:30.053733,1789674570.054,1632
g7_brio_cubo_m2_20260917_144829.mp4,2026-09-17T14:49:30.087208,1789674570.087,1633
g7_brio_cubo_m2_20260917_144829.mp4,2026-09-17T14:49:30.120347,1789674570.120,1634
g7_brio_cubo_m2_20260917_144829.mp4,2026-09-17T14:49:30.158916,1789674570.159,1635
g7_brio_cubo_m2_20260917_144829.mp4,2026-09-17T14:49:30.191469,1789674570.191,1636
g7_brio_cubo_m2_20260917_144829.mp4,2026-09-17T14:49:30.229932,1789674570.230,1637
g7_brio_cubo_m2_20260917_144829.mp4,2026-09-17T14:49:30.262909,1789674570.263,1638
g7_brio_cubo_m2_20260917_144829.mp4,2026-09-17T14:49:30.298642,1789674570.299,1639
g7_brio_cubo_m2_20260917_144829.mp4,2026-09-17T14:49:30.334421,1789674570.334,1640
g7_brio_cubo_m2_20260917_144829.mp4,2026-09-17T14:49:30.370942,1789674570.371,1641
g7_brio_cubo_m2_20260917_144829.mp4,2026-09-17T14:49:30.406773,1789674570.407,1642
g7_brio_cubo_m2_20260917_144829.mp4,2026-09-17T14:49:30.443070,1789674570.443,1643
g7_brio_cubo_m2_20260917_144829.mp4,2026-09-17T14:49:30.483749,1789674570.484,1644
g7_brio_cubo_m2_20260917_144829.mp4,2026-09-17T14:49:30.519101,1789674570.519,1645
g7_brio_cubo_m2_20260917_144829.mp4,2026-09-17T14:49:30.549382,1789674570.549,1646
g7_brio_cubo_m2_20260917_144829.mp4,2026-09-17T14:49:30.588991,1789674570.589,1647
g7_brio_cubo_m2_20260917_144829.mp4,2026-09-17T14:49:30.623373,1789674570.623,1648
g7_brio_cubo_m2_20260917_144829.mp4,2026-09-17T14:49:30.659042,1789674570.659,1649
g7_brio_cubo_m2_20260917_144829.mp4,2026-09-17T14:49:30.691636,1789674570.692,1650
g7_brio_cubo_m2_20260917_144829.mp4,2026-09-17T14:49:30.729189,1789674570.729,1651
g7_brio_cubo_m2_20260917_144829.mp4,2026-09-17T14:49:30.762692,1789674570.763,1652
g7_brio_cubo_m2_20260917_144829.mp4,2026-09-17T14:49:30.798586,1789674570.799,1653
g7_brio_cubo_m2_20260917_144829.mp4,2026-09-17T14:49:30.834453,1789674570.834,1654
g7_brio_cubo_m2_20260917_144829.mp4,2026-09-17T14:49:30.875457,1789674570.875,1655
g7_brio_cubo_m2_20260917_144829.mp4,2026-09-17T14:49:30.906491,1789674570.907,1656
g7_brio_cubo_m2_20260917_144829.mp4,2026-09-17T14:49:30.938407,1789674570.938,1657
g7_brio_cubo_m2_20260917_144829.mp4,2026-09-17T14:49:30.974212,1789674570.974,1658
g7_brio_cubo_m2_20260917_144829.mp4,2026-09-17T14:49:31.013353,1789674571.013,1659
g7_brio_cubo_m2_20260917_144829.mp4,2026-09-17T14:49:31.051891,1789674571.052,1660
g7_brio_cubo_m2_20260917_144829.mp4,2026-09-17T14:49:31.086332,1789674571.086,1661
g7_brio_cubo_m2_20260917_144829.mp4,2026-09-17T14:49:31.123632,1789674571.124,1662
g7_brio_cubo_m2_20260917_144829.mp4,2026-09-17T14:49:31.159730,1789674571.160,1663
g7_brio_cubo_m2_20260917_144829.mp4,2026-09-17T14:49:31.191731,1789674571.192,1664
g7_brio_cubo_m2_20260917_144829.mp4,2026-09-17T14:49:31.232487,1789674571.233,1665
g7_brio_cubo_m2_20260917_144829.mp4,2026-09-17T14:49:31.262776,1789674571.263,1666
g7_brio_cubo_m2_20260917_144829.mp4,2026-09-17T14:49:31.295917,1789674571.296,1667
g7_brio_cubo_m2_20260917_144829.mp4,2026-09-17T14:49:31.331888,1789674571.332,1668
g7_brio_cubo_m2_20260917_144829.mp4,2026-09-17T14:49:31.366832,1789674571.367,1669
g7_brio_cubo_m2_20260917_144829.mp4,2026-09-17T14:49:31.403245,1789674571.403,1670
g7_brio_cubo_m2_20260917_144829.mp4,2026-09-17T14:49:31.438781,1789674571.439,1671
g7_brio_cubo_m2_20260917_144829.mp4,2026-09-17T14:49:31.478896,1789674571.479,1672
g7_brio_cubo_m2_20260917_144829.mp4,2026-09-17T14:49:31.512998,1789674571.513,1673
g7_brio_cubo_m2_20260917_144829.mp4,2026-09-17T14:49:31.552262,1789674571.552,1674
g7_brio_cubo_m2_20260917_144829.mp4,2026-09-17T14:49:31.587609,1789674571.588,1675
g7_brio_cubo_m2_20260917_144829.mp4,2026-09-17T14:49:31.623688,1789674571.624,1676
g7_brio_cubo_m2_20260917_144829.mp4,2026-09-17T14:49:31.657801,1789674571.658,1677
g7_brio_cubo_m2_20260917_144829.mp4,2026-09-17T14:49:31.691003,1789674571.691,1678
g7_brio_cubo_m2_20260917_144829.mp4,2026-09-17T14:49:31.725748,1789674571.726,1679
g7_brio_cubo_m2_20260917_144829.mp4,2026-09-17T14:49:31.759505,1789674571.760,1680
g7_brio_cubo_m2_20260917_144829.mp4,2026-09-17T14:49:31.794973,1789674571.795,1681
g7_brio_cubo_m2_20260917_144829.mp4,2026-09-17T14:49:31.831528,1789674571.832,1682
g7_brio_cubo_m2_20260917_144829.mp4,2026-09-17T14:49:31.867415,1789674571.867,1683
g7_brio_cubo_m2_20260917_144829.mp4,2026-09-17T14:49:31.902910,1789674571.903,1684
g7_brio_cubo_m2_20260917_144829.mp4,2026-09-17T14:49:31.938546,1789674571.939,1685
g7_brio_cubo_m2_20260917_144829.mp4,2026-09-17T14:49:31.974772,1789674571.975,1686
g7_brio_cubo_m2_20260917_144829.mp4,2026-09-17T14:49:32.016036,1789674572.016,1687
g7_brio_cubo_m2_20260917_144829.mp4,2026-09-17T14:49:32.046072,1789674572.046,1688
g7_brio_cubo_m2_20260917_144829.mp4,2026-09-17T14:49:32.089257,1789674572.089,1689
g7_brio_cubo_m2_20260917_144829.mp4,2026-09-17T14:49:32.117387,1789674572.117,1690
g7_brio_cubo_m2_20260917_144829.mp4,2026-09-17T14:49:32.156499,1789674572.157,1691
g7_brio_cubo_m2_20260917_144829.mp4,2026-09-17T14:49:32.190868,1789674572.191,1692
g7_brio_cubo_m2_20260917_144829.mp4,2026-09-17T14:49:32.225937,1789674572.226,1693
g7_brio_cubo_m2_20260917_144829.mp4,2026-09-17T14:49:32.261546,1789674572.262,1694
g7_brio_cubo_m2_20260917_144829.mp4,2026-09-17T14:49:32.298028,1789674572.298,1695
g7_brio_cubo_m2_20260917_144829.mp4,2026-09-17T14:49:32.331783,1789674572.332,1696
g7_brio_cubo_m2_20260917_144829.mp4,2026-09-17T14:49:32.371459,1789674572.371,1697
g7_brio_cubo_m2_20260917_144829.mp4,2026-09-17T14:49:32.402363,1789674572.402,1698
g7_brio_cubo_m2_20260917_144829.mp4,2026-09-17T14:49:32.438511,1789674572.439,1699
g7_brio_cubo_m2_20260917_144829.mp4,2026-09-17T14:49:32.470965,1789674572.471,1700
g7_brio_cubo_m2_20260917_144829.mp4,2026-09-17T14:49:32.508206,1789674572.508,1701
g7_brio_cubo_m2_20260917_144829.mp4,2026-09-17T14:49:32.543002,1789674572.543,1702
g7_brio_cubo_m2_20260917_144829.mp4,2026-09-17T14:49:32.581848,1789674572.582,1703
g7_brio_cubo_m2_20260917_144829.mp4,2026-09-17T14:49:32.619961,1789674572.620,1704
g7_brio_cubo_m2_20260917_144829.mp4,2026-09-17T14:49:32.653793,1789674572.654,1705
g7_brio_cubo_m2_20260917_144829.mp4,2026-09-17T14:49:32.691473,1789674572.691,1706
g7_brio_cubo_m2_20260917_144829.mp4,2026-09-17T14:49:32.726518,1789674572.727,1707
g7_brio_cubo_m2_20260917_144829.mp4,2026-09-17T14:49:32.762208,1789674572.762,1708
g7_brio_cubo_m2_20260917_144829.mp4,2026-09-17T14:49:32.794610,1789674572.795,1709
g7_brio_cubo_m2_20260917_144829.mp4,2026-09-17T14:49:32.836018,1789674572.836,1710
g7_brio_cubo_m2_20260917_144829.mp4,2026-09-17T14:49:32.866573,1789674572.867,1711
g7_brio_cubo_m2_20260917_144829.mp4,2026-09-17T14:49:32.902215,1789674572.902,1712
g7_brio_cubo_m2_20260917_144829.mp4,2026-09-17T14:49:32.934142,1789674572.934,1713
g7_brio_cubo_m2_20260917_144829.mp4,2026-09-17T14:49:32.971601,1789674572.972,1714
g7_brio_cubo_m2_20260917_144829.mp4,2026-09-17T14:49:33.007365,1789674573.007,1715
g7_brio_cubo_m2_20260917_144829.mp4,2026-09-17T14:49:33.048140,1789674573.048,1716
g7_brio_cubo_m2_20260917_144829.mp4,2026-09-17T14:49:33.084102,1789674573.084,1717
g7_brio_cubo_m2_20260917_144829.mp4,2026-09-17T14:49:33.120450,1789674573.120,1718
g7_brio_cubo_m2_20260917_144829.mp4,2026-09-17T14:49:33.150480,1789674573.150,1719
g7_brio_cubo_m2_20260917_144829.mp4,2026-09-17T14:49:33.186903,1789674573.187,1720
g7_brio_cubo_m2_20260917_144829.mp4,2026-09-17T14:49:33.224108,1789674573.224,1721
g7_brio_cubo_m2_20260917_144829.mp4,2026-09-17T14:49:33.261319,1789674573.261,1722
g7_brio_cubo_m2_20260917_144829.mp4,2026-09-17T14:49:33.291831,1789674573.292,1723
g7_brio_cubo_m2_20260917_144829.mp4,2026-09-17T14:49:33.328878,1789674573.329,1724
g7_brio_cubo_m2_20260917_144829.mp4,2026-09-17T14:49:33.363012,1789674573.363,1725
g7_brio_cubo_m2_20260917_144829.mp4,2026-09-17T14:49:33.398289,1789674573.398,1726
g7_brio_cubo_m2_20260917_144829.mp4,2026-09-17T14:49:33.434592,1789674573.435,1727
g7_brio_cubo_m2_20260917_144829.mp4,2026-09-17T14:49:33.472374,1789674573.472,1728
g7_brio_cubo_m2_20260917_144829.mp4,2026-09-17T14:49:33.512525,1789674573.513,1729
g7_brio_cubo_m2_20260917_144829.mp4,2026-09-17T14:49:33.546860,1789674573.547,1730
g7_brio_cubo_m2_20260917_144829.mp4,2026-09-17T14:49:33.583718,1789674573.584,1731
g7_brio_cubo_m2_20260917_144829.mp4,2026-09-17T14:49:33.616815,1789674573.617,1732
g7_brio_cubo_m2_20260917_144829.mp4,2026-09-17T14:49:33.647468,1789674573.647,1733
g7_brio_cubo_m2_20260917_144829.mp4,2026-09-17T14:49:33.683940,1789674573.684,1734
g7_brio_cubo_m2_20260917_144829.mp4,2026-09-17T14:49:33.720001,1789674573.720,1735
g7_brio_cubo_m2_20260917_144829.mp4,2026-09-17T14:49:33.761372,1789674573.761,1736
g7_brio_cubo_m2_20260917_144829.mp4,2026-09-17T14:49:33.790720,1789674573.791,1737
g7_brio_cubo_m2_20260917_144829.mp4,2026-09-17T14:49:33.828154,1789674573.828,1738
g7_brio_cubo_m2_20260917_144829.mp4,2026-09-17T14:49:33.865136,1789674573.865,1739
g7_brio_cubo_m2_20260917_144829.mp4,2026-09-17T14:49:33.898657,1789674573.899,1740
g7_brio_cubo_m2_20260917_144829.mp4,2026-09-17T14:49:33.934791,1789674573.935,1741
g7_brio_cubo_m2_20260917_144829.mp4,2026-09-17T14:49:33.970658,1789674573.971,1742
g7_brio_cubo_m2_20260917_144829.mp4,2026-09-17T14:49:34.007645,1789674574.008,1743
g7_brio_cubo_m2_20260917_144829.mp4,2026-09-17T14:49:34.038310,1789674574.038,1744
g7_brio_cubo_m2_20260917_144829.mp4,2026-09-17T14:49:34.079406,1789674574.079,1745
g7_brio_cubo_m2_20260917_144829.mp4,2026-09-17T14:49:34.110865,1789674574.111,1746
g7_brio_cubo_m2_20260917_144829.mp4,2026-09-17T14:49:34.146485,1789674574.147,1747
g7_brio_cubo_m2_20260917_144829.mp4,2026-09-17T14:49:34.188967,1789674574.189,1748
g7_brio_cubo_m2_20260917_144829.mp4,2026-09-17T14:49:34.223232,1789674574.223,1749
g7_brio_cubo_m2_20260917_144829.mp4,2026-09-17T14:49:34.254885,1789674574.255,1750
g7_brio_cubo_m2_20260917_144829.mp4,2026-09-17T14:49:34.294949,1789674574.295,1751
g7_brio_cubo_m2_20260917_144829.mp4,2026-09-17T14:49:34.327910,1789674574.328,1752
g7_brio_cubo_m2_20260917_144829.mp4,2026-09-17T14:49:34.363329,1789674574.363,1753
g7_brio_cubo_m2_20260917_144829.mp4,2026-09-17T14:49:34.398136,1789674574.398,1754
g7_brio_cubo_m2_20260917_144829.mp4,2026-09-17T14:49:34.434031,1789674574.434,1755
g7_brio_cubo_m2_20260917_144829.mp4,2026-09-17T14:49:34.466124,1789674574.466,1756
g7_brio_cubo_m2_20260917_144829.mp4,2026-09-17T14:49:34.502142,1789674574.502,1757
g7_brio_cubo_m2_20260917_144829.mp4,2026-09-17T14:49:34.538579,1789674574.539,1758
g7_brio_cubo_m2_20260917_144829.mp4,2026-09-17T14:49:34.579961,1789674574.580,1759
g7_brio_cubo_m2_20260917_144829.mp4,2026-09-17T14:49:34.616470,1789674574.616,1760
g7_brio_cubo_m2_20260917_144829.mp4,2026-09-17T14:49:34.652539,1789674574.653,1761
g7_brio_cubo_m2_20260917_144829.mp4,2026-09-17T14:49:34.685262,1789674574.685,1762
g7_brio_cubo_m2_20260917_144829.mp4,2026-09-17T14:49:34.725016,1789674574.725,1763
g7_brio_cubo_m2_20260917_144829.mp4,2026-09-17T14:49:34.759109,1789674574.759,1764
g7_brio_cubo_m2_20260917_144829.mp4,2026-09-17T14:49:34.791599,1789674574.792,1765
g7_brio_cubo_m2_20260917_144829.mp4,2026-09-17T14:49:34.828016,1789674574.828,1766
g7_brio_cubo_m2_20260917_144829.mp4,2026-09-17T14:49:34.863687,1789674574.864,1767
g7_brio_cubo_m2_20260917_144829.mp4,2026-09-17T14:49:34.895452,1789674574.895,1768
g7_brio_cubo_m2_20260917_144829.mp4,2026-09-17T14:49:34.931140,1789674574.931,1769
g7_brio_cubo_m2_20260917_144829.mp4,2026-09-17T14:49:34.966464,1789674574.966,1770
g7_brio_cubo_m2_20260917_144829.mp4,2026-09-17T14:49:35.006486,1789674575.007,1771
g7_brio_cubo_m2_20260917_144829.mp4,2026-09-17T14:49:35.042241,1789674575.042,1772
g7_brio_cubo_m2_20260917_144829.mp4,2026-09-17T14:49:35.079388,1789674575.079,1773
g7_brio_cubo_m2_20260917_144829.mp4,2026-09-17T14:49:35.114299,1789674575.114,1774
g7_brio_cubo_m2_20260917_144829.mp4,2026-09-17T14:49:35.152812,1789674575.153,1775
g7_brio_cubo_m2_20260917_144829.mp4,2026-09-17T14:49:35.187205,1789674575.187,1776
g7_brio_cubo_m2_20260917_144829.mp4,2026-09-17T14:49:35.222492,1789674575.223,1777
g7_brio_cubo_m2_20260917_144829.mp4,2026-09-17T14:49:35.253596,1789674575.254,1778
g7_brio_cubo_m2_20260917_144829.mp4,2026-09-17T14:49:35.292069,1789674575.292,1779
g7_brio_cubo_m2_20260917_144829.mp4,2026-09-17T14:49:35.327264,1789674575.327,1780
g7_brio_cubo_m2_20260917_144829.mp4,2026-09-17T14:49:35.359641,1789674575.360,1781
g7_brio_cubo_m2_20260917_144829.mp4,2026-09-17T14:49:35.394261,1789674575.394,1782
g7_brio_cubo_m2_20260917_144829.mp4,2026-09-17T14:49:35.435599,1789674575.436,1783
g7_brio_cubo_m2_20260917_144829.mp4,2026-09-17T14:49:35.466685,1789674575.467,1784
g7_brio_cubo_m2_20260917_144829.mp4,2026-09-17T14:49:35.503450,1789674575.503,1785
g7_brio_cubo_m2_20260917_144829.mp4,2026-09-17T14:49:35.538715,1789674575.539,1786
g7_brio_cubo_m2_20260917_144829.mp4,2026-09-17T14:49:35.570196,1789674575.570,1787
g7_brio_cubo_m2_20260917_144829.mp4,2026-09-17T14:49:35.613242,1789674575.613,1788
g7_brio_cubo_m2_20260917_144829.mp4,2026-09-17T14:49:35.645105,1789674575.645,1789
g7_brio_cubo_m2_20260917_144829.mp4,2026-09-17T14:49:35.688345,1789674575.688,1790
g7_brio_cubo_m2_20260917_144829.mp4,2026-09-17T14:49:35.714528,1789674575.715,1791
g7_brio_cubo_m2_20260917_144829.mp4,2026-09-17T14:49:35.755813,1789674575.756,1792
g7_brio_cubo_m2_20260917_144829.mp4,2026-09-17T14:49:35.788879,1789674575.789,1793
g7_brio_cubo_m2_20260917_144829.mp4,2026-09-17T14:49:35.826390,1789674575.826,1794
g7_brio_cubo_m2_20260917_144829.mp4,2026-09-17T14:49:35.859395,1789674575.859,1795
g7_brio_cubo_m2_20260917_144829.mp4,2026-09-17T14:49:35.896138,1789674575.896,1796
g7_brio_cubo_m2_20260917_144829.mp4,2026-09-17T14:49:35.930530,1789674575.931,1797
g7_brio_cubo_m2_20260917_144829.mp4,2026-09-17T14:49:35.963021,1789674575.963,1798
g7_brio_cubo_m2_20260917_144829.mp4,2026-09-17T14:49:35.998125,1789674575.998,1799
g7_brio_cubo_m2_20260917_144829.mp4,2026-09-17T14:49:36.034179,1789674576.034,1800
g7_brio_cubo_m2_20260917_144829.mp4,2026-09-17T14:49:36.070771,1789674576.071,1801
g7_brio_cubo_m2_20260917_144829.mp4,2026-09-17T14:49:36.107495,1789674576.108,1802
g7_brio_cubo_m2_20260917_144829.mp4,2026-09-17T14:49:36.146097,1789674576.146,1803
g7_brio_cubo_m2_20260917_144829.mp4,2026-09-17T14:49:36.182700,1789674576.183,1804
g7_brio_cubo_m2_20260917_144829.mp4,2026-09-17T14:49:36.219984,1789674576.220,1805
g7_brio_cubo_m2_20260917_144829.mp4,2026-09-17T14:49:36.254902,1789674576.255,1806
g7_brio_cubo_m2_20260917_144829.mp4,2026-09-17T14:49:36.291070,1789674576.291,1807
g7_brio_cubo_m2_20260917_144829.mp4,2026-09-17T14:49:36.321899,1789674576.322,1808
g7_brio_cubo_m2_20260917_144829.mp4,2026-09-17T14:49:36.361879,1789674576.362,1809
g7_brio_cubo_m2_20260917_144829.mp4,2026-09-17T14:49:36.391235,1789674576.391,1810
g7_brio_cubo_m2_20260917_144829.mp4,2026-09-17T14:49:36.429080,1789674576.429,1811
g7_brio_cubo_m2_20260917_144829.mp4,2026-09-17T14:49:36.462806,1789674576.463,1812
g7_brio_cubo_m2_20260917_144829.mp4,2026-09-17T14:49:36.499263,1789674576.499,1813
g7_brio_cubo_m2_20260917_144829.mp4,2026-09-17T14:49:36.534317,1789674576.534,1814
g7_brio_cubo_m2_20260917_144829.mp4,2026-09-17T14:49:36.570978,1789674576.571,1815
g7_brio_cubo_m2_20260917_144829.mp4,2026-09-17T14:49:36.607014,1789674576.607,1816
g7_brio_cubo_m2_20260917_144829.mp4,2026-09-17T14:49:36.643464,1789674576.643,1817
g7_brio_cubo_m2_20260917_144829.mp4,2026-09-17T14:49:36.678787,1789674576.679,1818
g7_brio_cubo_m2_20260917_144829.mp4,2026-09-17T14:49:36.720586,1789674576.721,1819
g7_brio_cubo_m2_20260917_144829.mp4,2026-09-17T14:49:36.749118,1789674576.749,1820
g7_brio_cubo_m2_20260917_144829.mp4,2026-09-17T14:49:36.788031,1789674576.788,1821
g7_brio_cubo_m2_20260917_144829.mp4,2026-09-17T14:49:36.823623,1789674576.824,1822
g7_brio_cubo_m2_20260917_144829.mp4,2026-09-17T14:49:36.857913,1789674576.858,1823
g7_brio_cubo_m2_20260917_144829.mp4,2026-09-17T14:49:36.893344,1789674576.893,1824
g7_brio_cubo_m2_20260917_144829.mp4,2026-09-17T14:49:36.928168,1789674576.928,1825
g7_brio_cubo_m2_20260917_144829.mp4,2026-09-17T14:49:36.962326,1789674576.962,1826
g7_brio_cubo_m2_20260917_144829.mp4,2026-09-17T14:49:36.998336,1789674576.998,1827
g7_brio_cubo_m2_20260917_144829.mp4,2026-09-17T14:49:37.034213,1789674577.034,1828
g7_brio_cubo_m2_20260917_144829.mp4,2026-09-17T14:49:37.072762,1789674577.073,1829
g7_brio_cubo_m2_20260917_144829.mp4,2026-09-17T14:49:37.109195,1789674577.109,1830
g7_brio_cubo_m2_20260917_144829.mp4,2026-09-17T14:49:37.140545,1789674577.141,1831
g7_brio_cubo_m2_20260917_144829.mp4,2026-09-17T14:49:37.178364,1789674577.178,1832
g7_brio_cubo_m2_20260917_144829.mp4,2026-09-17T14:49:37.212611,1789674577.213,1833
g7_brio_cubo_m2_20260917_144829.mp4,2026-09-17T14:49:37.247529,1789674577.248,1834
g7_brio_cubo_m2_20260917_144829.mp4,2026-09-17T14:49:37.282940,1789674577.283,1835
g7_brio_cubo_m2_20260917_144829.mp4,2026-09-17T14:49:37.318816,1789674577.319,1836
g7_brio_cubo_m2_20260917_144829.mp4,2026-09-17T14:49:37.354709,1789674577.355,1837
g7_brio_cubo_m2_20260917_144829.mp4,2026-09-17T14:49:37.391681,1789674577.392,1838
g7_brio_cubo_m2_20260917_144829.mp4,2026-09-17T14:49:37.427511,1789674577.428,1839
g7_brio_cubo_m2_20260917_144829.mp4,2026-09-17T14:49:37.463381,1789674577.463,1840
g7_brio_cubo_m2_20260917_144829.mp4,2026-09-17T14:49:37.495173,1789674577.495,1841
g7_brio_cubo_m2_20260917_144829.mp4,2026-09-17T14:49:37.533980,1789674577.534,1842
g7_brio_cubo_m2_20260917_144829.mp4,2026-09-17T14:49:37.566643,1789674577.567,1843
g7_brio_cubo_m2_20260917_144829.mp4,2026-09-17T14:49:37.602860,1789674577.603,1844
g7_brio_cubo_m2_20260917_144829.mp4,2026-09-17T14:49:37.639689,1789674577.640,1845
g7_brio_cubo_m2_20260917_144829.mp4,2026-09-17T14:49:37.678706,1789674577.679,1846
g7_brio_cubo_m2_20260917_144829.mp4,2026-09-17T14:49:37.715044,1789674577.715,1847
g7_brio_cubo_m2_20260917_144829.mp4,2026-09-17T14:49:37.749490,1789674577.750,1848
g7_brio_cubo_m2_20260917_144829.mp4,2026-09-17T14:49:37.785778,1789674577.786,1849
g7_brio_cubo_m2_20260917_144829.mp4,2026-09-17T14:49:37.819100,1789674577.819,1850
g7_brio_cubo_m2_20260917_144829.mp4,2026-09-17T14:49:37.856382,1789674577.856,1851
g7_brio_cubo_m2_20260917_144829.mp4,2026-09-17T14:49:37.894511,1789674577.895,1852
g7_brio_cubo_m2_20260917_144829.mp4,2026-09-17T14:49:37.926481,1789674577.926,1853
g7_brio_cubo_m2_20260917_144829.mp4,2026-09-17T14:49:37.963575,1789674577.964,1854
g7_brio_cubo_m2_20260917_144829.mp4,2026-09-17T14:49:37.994861,1789674577.995,1855
g7_brio_cubo_m2_20260917_144829.mp4,2026-09-17T14:49:38.032706,1789674578.033,1856
g7_brio_cubo_m2_20260917_144829.mp4,2026-09-17T14:49:38.066128,1789674578.066,1857
g7_brio_cubo_m2_20260917_144829.mp4,2026-09-17T14:49:38.102620,1789674578.103,1858
g7_brio_cubo_m2_20260917_144829.mp4,2026-09-17T14:49:38.138887,1789674578.139,1859
g7_brio_cubo_m2_20260917_144829.mp4,2026-09-17T14:49:38.178736,1789674578.179,1860
g7_brio_cubo_m2_20260917_144829.mp4,2026-09-17T14:49:38.214576,1789674578.215,1861
g7_brio_cubo_m2_20260917_144829.mp4,2026-09-17T14:49:38.250664,1789674578.251,1862
g7_brio_cubo_m2_20260917_144829.mp4,2026-09-17T14:49:38.287714,1789674578.288,1863
g7_brio_cubo_m2_20260917_144829.mp4,2026-09-17T14:49:38.323765,1789674578.324,1864
g7_brio_cubo_m2_20260917_144829.mp4,2026-09-17T14:49:38.353797,1789674578.354,1865
g7_brio_cubo_m2_20260917_144829.mp4,2026-09-17T14:49:38.390349,1789674578.390,1866
g7_brio_cubo_m2_20260917_144829.mp4,2026-09-17T14:49:38.428839,1789674578.429,1867
g7_brio_cubo_m2_20260917_144829.mp4,2026-09-17T14:49:38.461383,1789674578.461,1868
g7_brio_cubo_m2_20260917_144829.mp4,2026-09-17T14:49:38.502137,1789674578.502,1869
g7_brio_cubo_m2_20260917_144829.mp4,2026-09-17T14:49:38.530166,1789674578.530,1870
g7_brio_cubo_m2_20260917_144829.mp4,2026-09-17T14:49:38.566313,1789674578.566,1871
g7_brio_cubo_m2_20260917_144829.mp4,2026-09-17T14:49:38.604164,1789674578.604,1872
g7_brio_cubo_m2_20260917_144829.mp4,2026-09-17T14:49:38.642702,1789674578.643,1873
g7_brio_cubo_m2_20260917_144829.mp4,2026-09-17T14:49:38.677763,1789674578.678,1874
g7_brio_cubo_m2_20260917_144829.mp4,2026-09-17T14:49:38.714801,1789674578.715,1875
g7_brio_cubo_m2_20260917_144829.mp4,2026-09-17T14:49:38.751449,1789674578.751,1876
g7_brio_cubo_m2_20260917_144829.mp4,2026-09-17T14:49:38.781912,1789674578.782,1877
g7_brio_cubo_m2_20260917_144829.mp4,2026-09-17T14:49:38.820315,1789674578.820,1878
g7_brio_cubo_m2_20260917_144829.mp4,2026-09-17T14:49:38.855363,1789674578.855,1879
g7_brio_cubo_m2_20260917_144829.mp4,2026-09-17T14:49:38.891799,1789674578.892,1880
g7_brio_cubo_m2_20260917_144829.mp4,2026-09-17T14:49:38.928214,1789674578.928,1881
g7_brio_cubo_m2_20260917_144829.mp4,2026-09-17T14:49:38.959931,1789674578.960,1882
g7_brio_cubo_m2_20260917_144829.mp4,2026-09-17T14:49:38.995760,1789674578.996,1883
g7_brio_cubo_m2_20260917_144829.mp4,2026-09-17T14:49:39.031193,1789674579.031,1884
g7_brio_cubo_m2_20260917_144829.mp4,2026-09-17T14:49:39.066969,1789674579.067,1885
g7_brio_cubo_m2_20260917_144829.mp4,2026-09-17T14:49:39.102595,1789674579.103,1886
g7_brio_cubo_m2_20260917_144829.mp4,2026-09-17T14:49:39.140637,1789674579.141,1887
g7_brio_cubo_m2_20260917_144829.mp4,2026-09-17T14:49:39.173786,1789674579.174,1888
g7_brio_cubo_m2_20260917_144829.mp4,2026-09-17T14:49:39.211408,1789674579.211,1889
g7_brio_cubo_m2_20260917_144829.mp4,2026-09-17T14:49:39.245649,1789674579.246,1890
g7_brio_cubo_m2_20260917_144829.mp4,2026-09-17T14:49:39.281394,1789674579.281,1891
g7_brio_cubo_m2_20260917_144829.mp4,2026-09-17T14:49:39.320035,1789674579.320,1892
g7_brio_cubo_m2_20260917_144829.mp4,2026-09-17T14:49:39.355614,1789674579.356,1893
g7_brio_cubo_m2_20260917_144829.mp4,2026-09-17T14:49:39.389815,1789674579.390,1894
g7_brio_cubo_m2_20260917_144829.mp4,2026-09-17T14:49:39.427490,1789674579.428,1895
g7_brio_cubo_m2_20260917_144829.mp4,2026-09-17T14:49:39.459436,1789674579.459,1896
g7_brio_cubo_m2_20260917_144829.mp4,2026-09-17T14:49:39.496967,1789674579.497,1897
g7_brio_cubo_m2_20260917_144829.mp4,2026-09-17T14:49:39.530750,1789674579.531,1898
g7_brio_cubo_m2_20260917_144829.mp4,2026-09-17T14:49:39.566323,1789674579.566,1899
g7_brio_cubo_m2_20260917_144829.mp4,2026-09-17T14:49:39.598562,1789674579.599,1900
g7_brio_cubo_m2_20260917_144829.mp4,2026-09-17T14:49:39.634527,1789674579.635,1901
g7_brio_cubo_m2_20260917_144829.mp4,2026-09-17T14:49:39.671435,1789674579.671,1902
g7_brio_cubo_m2_20260917_144829.mp4,2026-09-17T14:49:39.709709,1789674579.710,1903
g7_brio_cubo_m2_20260917_144829.mp4,2026-09-17T14:49:39.746714,1789674579.747,1904
g7_brio_cubo_m2_20260917_144829.mp4,2026-09-17T14:49:39.783834,1789674579.784,1905
g7_brio_cubo_m2_20260917_144829.mp4,2026-09-17T14:49:39.819427,1789674579.819,1906
g7_brio_cubo_m2_20260917_144829.mp4,2026-09-17T14:49:39.856352,1789674579.856,1907
g7_brio_cubo_m2_20260917_144829.mp4,2026-09-17T14:49:39.891337,1789674579.891,1908
g7_brio_cubo_m2_20260917_144829.mp4,2026-09-17T14:49:39.926384,1789674579.926,1909
g7_brio_cubo_m2_20260917_144829.mp4,2026-09-17T14:49:39.958233,1789674579.958,1910
g7_brio_cubo_m2_20260917_144829.mp4,2026-09-17T14:49:39.995579,1789674579.996,1911
g7_brio_cubo_m2_20260917_144829.mp4,2026-09-17T14:49:40.030204,1789674580.030,1912
g7_brio_cubo_m2_20260917_144829.mp4,2026-09-17T14:49:40.063282,1789674580.063,1913
g7_brio_cubo_m2_20260917_144829.mp4,2026-09-17T14:49:40.101111,1789674580.101,1914
g7_brio_cubo_m2_20260917_144829.mp4,2026-09-17T14:49:40.134208,1789674580.134,1915
g7_brio_cubo_m2_20260917_144829.mp4,2026-09-17T14:49:40.170628,1789674580.171,1916
g7_brio_cubo_m2_20260917_144829.mp4,2026-09-17T14:49:40.210396,1789674580.210,1917
g7_brio_cubo_m2_20260917_144829.mp4,2026-09-17T14:49:40.246822,1789674580.247,1918
g7_brio_cubo_m2_20260917_144829.mp4,2026-09-17T14:49:40.283881,1789674580.284,1919
g7_brio_cubo_m2_20260917_144829.mp4,2026-09-17T14:49:40.320500,1789674580.321,1920
g7_brio_cubo_m2_20260917_144829.mp4,2026-09-17T14:49:40.355471,1789674580.355,1921
g7_brio_cubo_m2_20260917_144829.mp4,2026-09-17T14:49:40.386251,1789674580.386,1922
g7_brio_cubo_m2_20260917_144829.mp4,2026-09-17T14:49:40.429876,1789674580.430,1923
g7_brio_cubo_m2_20260917_144829.mp4,2026-09-17T14:49:40.457970,1789674580.458,1924
g7_brio_cubo_m2_20260917_144829.mp4,2026-09-17T14:49:40.497420,1789674580.497,1925
g7_brio_cubo_m2_20260917_144829.mp4,2026-09-17T14:49:40.527878,1789674580.528,1926
g7_brio_cubo_m2_20260917_144829.mp4,2026-09-17T14:49:40.562282,1789674580.562,1927
g7_brio_cubo_m2_20260917_144829.mp4,2026-09-17T14:49:40.598079,1789674580.598,1928
g7_brio_cubo_m2_20260917_144829.mp4,2026-09-17T14:49:40.634458,1789674580.634,1929
g7_brio_cubo_m2_20260917_144829.mp4,2026-09-17T14:49:40.672065,1789674580.672,1930
g7_brio_cubo_m2_20260917_144829.mp4,2026-09-17T14:49:40.710928,1789674580.711,1931
g7_brio_cubo_m2_20260917_144829.mp4,2026-09-17T14:49:40.743238,1789674580.743,1932
g7_brio_cubo_m2_20260917_144829.mp4,2026-09-17T14:49:40.779575,1789674580.780,1933
g7_brio_cubo_m2_20260917_144829.mp4,2026-09-17T14:49:40.813963,1789674580.814,1934
g7_brio_cubo_m2_20260917_144829.mp4,2026-09-17T14:49:40.852667,1789674580.853,1935
g7_brio_cubo_m2_20260917_144829.mp4,2026-09-17T14:49:40.891260,1789674580.891,1936
g7_brio_cubo_m2_20260917_144829.mp4,2026-09-17T14:49:40.921910,1789674580.922,1937
g7_brio_cubo_m2_20260917_144829.mp4,2026-09-17T14:49:40.959930,1789674580.960,1938
g7_brio_cubo_m2_20260917_144829.mp4,2026-09-17T14:49:40.994528,1789674580.995,1939
g7_brio_cubo_m2_20260917_144829.mp4,2026-09-17T14:49:41.031084,1789674581.031,1940
g7_brio_cubo_m2_20260917_144829.mp4,2026-09-17T14:49:41.061945,1789674581.062,1941
g7_brio_cubo_m2_20260917_144829.mp4,2026-09-17T14:49:41.100511,1789674581.101,1942
g7_brio_cubo_m2_20260917_144829.mp4,2026-09-17T14:49:41.133910,1789674581.134,1943
g7_brio_cubo_m2_20260917_144829.mp4,2026-09-17T14:49:41.176191,1789674581.176,1944
g7_brio_cubo_m2_20260917_144829.mp4,2026-09-17T14:49:41.209704,1789674581.210,1945
g7_brio_cubo_m2_20260917_144829.mp4,2026-09-17T14:49:41.241242,1789674581.241,1946
g7_brio_cubo_m2_20260917_144829.mp4,2026-09-17T14:49:41.284656,1789674581.285,1947
g7_brio_cubo_m2_20260917_144829.mp4,2026-09-17T14:49:41.313137,1789674581.313,1948
g7_brio_cubo_m2_20260917_144829.mp4,2026-09-17T14:49:41.352306,1789674581.352,1949
g7_brio_cubo_m2_20260917_144829.mp4,2026-09-17T14:49:41.383362,1789674581.383,1950
g7_brio_cubo_m2_20260917_144829.mp4,2026-09-17T14:49:41.420364,1789674581.420,1951
g7_brio_cubo_m2_20260917_144829.mp4,2026-09-17T14:49:41.454751,1789674581.455,1952
g7_brio_cubo_m2_20260917_144829.mp4,2026-09-17T14:49:41.497983,1789674581.498,1953
g7_brio_cubo_m2_20260917_144829.mp4,2026-09-17T14:49:41.527971,1789674581.528,1954
g7_brio_cubo_m2_20260917_144829.mp4,2026-09-17T14:49:41.563219,1789674581.563,1955
g7_brio_cubo_m2_20260917_144829.mp4,2026-09-17T14:49:41.597929,1789674581.598,1956
g7_brio_cubo_m2_20260917_144829.mp4,2026-09-17T14:49:41.634003,1789674581.634,1957
g7_brio_cubo_m2_20260917_144829.mp4,2026-09-17T14:49:41.666451,1789674581.666,1958
g7_brio_cubo_m2_20260917_144829.mp4,2026-09-17T14:49:41.702544,1789674581.703,1959
g7_brio_cubo_m2_20260917_144829.mp4,2026-09-17T14:49:41.738766,1789674581.739,1960
g7_brio_cubo_m2_20260917_144829.mp4,2026-09-17T14:49:41.780390,1789674581.780,1961
g7_brio_cubo_m2_20260917_144829.mp4,2026-09-17T14:49:41.814960,1789674581.815,1962
g7_brio_cubo_m2_20260917_144829.mp4,2026-09-17T14:49:41.852050,1789674581.852,1963
g7_brio_cubo_m2_20260917_144829.mp4,2026-09-17T14:49:41.887530,1789674581.888,1964
g7_brio_cubo_m2_20260917_144829.mp4,2026-09-17T14:49:41.923823,1789674581.924,1965
g7_brio_cubo_m2_20260917_144829.mp4,2026-09-17T14:49:41.958778,1789674581.959,1966
g7_brio_cubo_m2_20260917_144829.mp4,2026-09-17T14:49:41.990400,1789674581.990,1967
g7_brio_cubo_m2_20260917_144829.mp4,2026-09-17T14:49:42.026198,1789674582.026,1968
g7_brio_cubo_m2_20260917_144829.mp4,2026-09-17T14:49:42.064288,1789674582.064,1969
g7_brio_cubo_m2_20260917_144829.mp4,2026-09-17T14:49:42.096954,1789674582.097,1970
g7_brio_cubo_m2_20260917_144829.mp4,2026-09-17T14:49:42.130176,1789674582.130,1971
g7_brio_cubo_m2_20260917_144829.mp4,2026-09-17T14:49:42.165979,1789674582.166,1972
g7_brio_cubo_m2_20260917_144829.mp4,2026-09-17T14:49:42.202787,1789674582.203,1973
g7_brio_cubo_m2_20260917_144829.mp4,2026-09-17T14:49:42.239439,1789674582.239,1974
g7_brio_cubo_m2_20260917_144829.mp4,2026-09-17T14:49:42.279862,1789674582.280,1975
g7_brio_cubo_m2_20260917_144829.mp4,2026-09-17T14:49:42.316881,1789674582.317,1976
g7_brio_cubo_m2_20260917_144829.mp4,2026-09-17T14:49:42.350977,1789674582.351,1977
g7_brio_cubo_m2_20260917_144829.mp4,2026-09-17T14:49:42.389401,1789674582.389,1978
g7_brio_cubo_m2_20260917_144829.mp4,2026-09-17T14:49:42.418166,1789674582.418,1979
g7_brio_cubo_m2_20260917_144829.mp4,2026-09-17T14:49:42.458696,1789674582.459,1980
g7_brio_cubo_m2_20260917_144829.mp4,2026-09-17T14:49:42.491182,1789674582.491,1981
g7_brio_cubo_m2_20260917_144829.mp4,2026-09-17T14:49:42.525808,1789674582.526,1982
g7_brio_cubo_m2_20260917_144829.mp4,2026-09-17T14:49:42.558751,1789674582.559,1983
g7_brio_cubo_m2_20260917_144829.mp4,2026-09-17T14:49:42.594806,1789674582.595,1984
g7_brio_cubo_m2_20260917_144829.mp4,2026-09-17T14:49:42.630314,1789674582.630,1985
g7_brio_cubo_m2_20260917_144829.mp4,2026-09-17T14:49:42.665969,1789674582.666,1986
g7_brio_cubo_m2_20260917_144829.mp4,2026-09-17T14:49:42.702385,1789674582.702,1987
g7_brio_cubo_m2_20260917_144829.mp4,2026-09-17T14:49:42.739432,1789674582.739,1988
g7_brio_cubo_m2_20260917_144829.mp4,2026-09-17T14:49:42.779304,1789674582.779,1989
g7_brio_cubo_m2_20260917_144829.mp4,2026-09-17T14:49:42.816425,1789674582.816,1990
g7_brio_cubo_m2_20260917_144829.mp4,2026-09-17T14:49:42.846639,1789674582.847,1991
g7_brio_cubo_m2_20260917_144829.mp4,2026-09-17T14:49:42.891169,1789674582.891,1992
g7_brio_cubo_m2_20260917_144829.mp4,2026-09-17T14:49:42.916517,1789674582.917,1993
g7_brio_cubo_m2_20260917_144829.mp4,2026-09-17T14:49:42.956536,1789674582.957,1994
g7_brio_cubo_m2_20260917_144829.mp4,2026-09-17T14:49:42.988956,1789674582.989,1995
g7_brio_cubo_m2_20260917_144829.mp4,2026-09-17T14:49:43.026919,1789674583.027,1996
g7_brio_cubo_m2_20260917_144829.mp4,2026-09-17T14:49:43.059196,1789674583.059,1997
g7_brio_cubo_m2_20260917_144829.mp4,2026-09-17T14:49:43.097379,1789674583.097,1998
g7_brio_cubo_m2_20260917_144829.mp4,2026-09-17T14:49:43.130151,1789674583.130,1999
g7_brio_cubo_m2_20260917_144829.mp4,2026-09-17T14:49:43.166351,1789674583.166,2000
g7_brio_cubo_m2_20260917_144829.mp4,2026-09-17T14:49:43.205282,1789674583.205,2001
g7_brio_cubo_m2_20260917_144829.mp4,2026-09-17T14:49:43.241172,1789674583.241,2002
g7_brio_cubo_m2_20260917_144829.mp4,2026-09-17T14:49:43.274053,1789674583.274,2003
g7_brio_cubo_m2_20260917_144829.mp4,2026-09-17T14:49:43.309919,1789674583.310,2004
g7_brio_cubo_m2_20260917_144829.mp4,2026-09-17T14:49:43.344580,1789674583.345,2005
g7_brio_cubo_m2_20260917_144829.mp4,2026-09-17T14:49:43.383524,1789674583.384,2006
g7_brio_cubo_m2_20260917_144829.mp4,2026-09-17T14:49:43.419754,1789674583.420,2007
g7_brio_cubo_m2_20260917_144829.mp4,2026-09-17T14:49:43.454800,1789674583.455,2008
g7_brio_cubo_m2_20260917_144829.mp4,2026-09-17T14:49:43.492030,1789674583.492,2009
g7_brio_cubo_m2_20260917_144829.mp4,2026-09-17T14:49:43.527218,1789674583.527,2010
g7_brio_cubo_m2_20260917_144829.mp4,2026-09-17T14:49:43.560347,1789674583.560,2011
g7_brio_cubo_m2_20260917_144829.mp4,2026-09-17T14:49:43.595466,1789674583.595,2012
g7_brio_cubo_m2_20260917_144829.mp4,2026-09-17T14:49:43.631949,1789674583.632,2013
g7_brio_cubo_m2_20260917_144829.mp4,2026-09-17T14:49:43.662515,1789674583.663,2014
g7_brio_cubo_m2_20260917_144829.mp4,2026-09-17T14:49:43.699813,1789674583.700,2015
g7_brio_cubo_m2_20260917_144829.mp4,2026-09-17T14:49:43.734525,1789674583.735,2016
g7_brio_cubo_m2_20260917_144829.mp4,2026-09-17T14:49:43.770365,1789674583.770,2017
g7_brio_cubo_m2_20260917_144829.mp4,2026-09-17T14:49:43.806621,1789674583.807,2018
g7_brio_cubo_m2_20260917_144829.mp4,2026-09-17T14:49:43.843170,1789674583.843,2019
g7_brio_cubo_m2_20260917_144829.mp4,2026-09-17T14:49:43.883662,1789674583.884,2020
g7_brio_cubo_m2_20260917_144829.mp4,2026-09-17T14:49:43.919735,1789674583.920,2021
g7_brio_cubo_m2_20260917_144829.mp4,2026-09-17T14:49:43.956497,1789674583.957,2022
g7_brio_cubo_m2_20260917_144829.mp4,2026-09-17T14:49:43.989408,1789674583.989,2023
g7_brio_cubo_m2_20260917_144829.mp4,2026-09-17T14:49:44.029774,1789674584.030,2024
g7_brio_cubo_m2_20260917_144829.mp4,2026-09-17T14:49:44.059675,1789674584.060,2025
g7_brio_cubo_m2_20260917_144829.mp4,2026-09-17T14:49:44.095802,1789674584.096,2026
g7_brio_cubo_m2_20260917_144829.mp4,2026-09-17T14:49:44.127203,1789674584.127,2027
g7_brio_cubo_m2_20260917_144829.mp4,2026-09-17T14:49:44.162043,1789674584.162,2028
g7_brio_cubo_m2_20260917_144829.mp4,2026-09-17T14:49:44.198102,1789674584.198,2029
g7_brio_cubo_m2_20260917_144829.mp4,2026-09-17T14:49:44.234039,1789674584.234,2030
g7_brio_cubo_m2_20260917_144829.mp4,2026-09-17T14:49:44.270141,1789674584.270,2031
g7_brio_cubo_m2_20260917_144829.mp4,2026-09-17T14:49:44.312789,1789674584.313,2032
g7_brio_cubo_m2_20260917_144829.mp4,2026-09-17T14:49:44.344569,1789674584.345,2033
g7_brio_cubo_m2_20260917_144829.mp4,2026-09-17T14:49:44.378193,1789674584.378,2034
g7_brio_cubo_m2_20260917_144829.mp4,2026-09-17T14:49:44.422247,1789674584.422,2035
g7_brio_cubo_m2_20260917_144829.mp4,2026-09-17T14:49:44.454292,1789674584.454,2036
g7_brio_cubo_m2_20260917_144829.mp4,2026-09-17T14:49:44.492197,1789674584.492,2037
g7_brio_cubo_m2_20260917_144829.mp4,2026-09-17T14:49:44.521951,1789674584.522,2038
g7_brio_cubo_m2_20260917_144829.mp4,2026-09-17T14:49:44.559586,1789674584.560,2039
g7_brio_cubo_m2_20260917_144829.mp4,2026-09-17T14:49:44.593037,1789674584.593,2040
g7_brio_cubo_m2_20260917_144829.mp4,2026-09-17T14:49:44.631600,1789674584.632,2041
g7_brio_cubo_m2_20260917_144829.mp4,2026-09-17T14:49:44.662052,1789674584.662,2042
g7_brio_cubo_m2_20260917_144829.mp4,2026-09-17T14:49:44.701624,1789674584.702,2043
g7_brio_cubo_m2_20260917_144829.mp4,2026-09-17T14:49:44.739972,1789674584.740,2044
g7_brio_cubo_m2_20260917_144829.mp4,2026-09-17T14:49:44.774212,1789674584.774,2045
g7_brio_cubo_m2_20260917_144829.mp4,2026-09-17T14:49:44.810889,1789674584.811,2046
g7_brio_cubo_m2_20260917_144829.mp4,2026-09-17T14:49:44.846179,1789674584.846,2047
g7_brio_cubo_m2_20260917_144829.mp4,2026-09-17T14:49:44.878354,1789674584.878,2048
g7_brio_cubo_m2_20260917_144829.mp4,2026-09-17T14:49:44.921980,1789674584.922,2049
g7_brio_cubo_m2_20260917_144829.mp4,2026-09-17T14:49:44.947965,1789674584.948,2050
g7_brio_cubo_m2_20260917_144829.mp4,2026-09-17T14:49:44.985539,1789674584.986,2051
g7_brio_cubo_m2_20260917_144829.mp4,2026-09-17T14:49:45.025570,1789674585.026,2052
g7_brio_cubo_m2_20260917_144829.mp4,2026-09-17T14:49:45.056824,1789674585.057,2053
g7_brio_cubo_m2_20260917_144829.mp4,2026-09-17T14:49:45.095514,1789674585.096,2054
g7_brio_cubo_m2_20260917_144829.mp4,2026-09-17T14:49:45.127257,1789674585.127,2055
g7_brio_cubo_m2_20260917_144829.mp4,2026-09-17T14:49:45.162571,1789674585.163,2056
g7_brio_cubo_m2_20260917_144829.mp4,2026-09-17T14:49:45.198171,1789674585.198,2057
g7_brio_cubo_m2_20260917_144829.mp4,2026-09-17T14:49:45.234200,1789674585.234,2058
g7_brio_cubo_m2_20260917_144829.mp4,2026-09-17T14:49:45.271140,1789674585.271,2059
g7_brio_cubo_m2_20260917_144829.mp4,2026-09-17T14:49:45.302356,1789674585.302,2060
g7_brio_cubo_m2_20260917_144829.mp4,2026-09-17T14:49:45.338469,1789674585.338,2061
g7_brio_cubo_m2_20260917_144829.mp4,2026-09-17T14:49:45.378879,1789674585.379,2062
g7_brio_cubo_m2_20260917_144829.mp4,2026-09-17T14:49:45.416222,1789674585.416,2063
g7_brio_cubo_m2_20260917_144829.mp4,2026-09-17T14:49:45.449938,1789674585.450,2064
g7_brio_cubo_m2_20260917_144829.mp4,2026-09-17T14:49:45.481987,1789674585.482,2065
g7_brio_cubo_m2_20260917_144829.mp4,2026-09-17T14:49:45.523462,1789674585.523,2066
g7_brio_cubo_m2_20260917_144829.mp4,2026-09-17T14:49:45.554173,1789674585.554,2067
g7_brio_cubo_m2_20260917_144829.mp4,2026-09-17T14:49:45.592138,1789674585.592,2068
g7_brio_cubo_m2_20260917_144829.mp4,2026-09-17T14:49:45.629469,1789674585.629,2069
g7_brio_cubo_m2_20260917_144829.mp4,2026-09-17T14:49:45.662732,1789674585.663,2070
g7_brio_cubo_m2_20260917_144829.mp4,2026-09-17T14:49:45.698488,1789674585.698,2071
g7_brio_cubo_m2_20260917_144829.mp4,2026-09-17T14:49:45.730425,1789674585.730,2072
g7_brio_cubo_m2_20260917_144829.mp4,2026-09-17T14:49:45.765949,1789674585.766,2073
g7_brio_cubo_m2_20260917_144829.mp4,2026-09-17T14:49:45.802464,1789674585.802,2074
g7_brio_cubo_m2_20260917_144829.mp4,2026-09-17T14:49:45.838215,1789674585.838,2075
g7_brio_cubo_m2_20260917_144829.mp4,2026-09-17T14:49:45.875003,1789674585.875,2076
g7_brio_cubo_m2_20260917_144829.mp4,2026-09-17T14:49:45.910643,1789674585.911,2077
g7_brio_cubo_m2_20260917_144829.mp4,2026-09-17T14:49:45.951483,1789674585.952,2078
g7_brio_cubo_m2_20260917_144829.mp4,2026-09-17T14:49:45.990050,1789674585.990,2079
g7_brio_cubo_m2_20260917_144829.mp4,2026-09-17T14:49:46.023029,1789674586.023,2080
g7_brio_cubo_m2_20260917_144829.mp4,2026-09-17T14:49:46.055529,1789674586.056,2081
g7_brio_cubo_m2_20260917_144829.mp4,2026-09-17T14:49:46.094833,1789674586.095,2082
g7_brio_cubo_m2_20260917_144829.mp4,2026-09-17T14:49:46.123169,1789674586.123,2083
g7_brio_cubo_m2_20260917_144829.mp4,2026-09-17T14:49:46.159718,1789674586.160,2084
g7_brio_cubo_m2_20260917_144829.mp4,2026-09-17T14:49:46.194634,1789674586.195,2085
g7_brio_cubo_m2_20260917_144829.mp4,2026-09-17T14:49:46.231280,1789674586.231,2086
g7_brio_cubo_m2_20260917_144829.mp4,2026-09-17T14:49:46.266220,1789674586.266,2087
g7_brio_cubo_m2_20260917_144829.mp4,2026-09-17T14:49:46.302047,1789674586.302,2088
g7_brio_cubo_m2_20260917_144829.mp4,2026-09-17T14:49:46.338035,1789674586.338,2089
g7_brio_cubo_m2_20260917_144829.mp4,2026-09-17T14:49:46.374417,1789674586.374,2090
g7_brio_cubo_m2_20260917_144829.mp4,2026-09-17T14:49:46.411348,1789674586.411,2091
g7_brio_cubo_m2_20260917_144829.mp4,2026-09-17T14:49:46.442121,1789674586.442,2092
g7_brio_cubo_m2_20260917_144829.mp4,2026-09-17T14:49:46.481180,1789674586.481,2093
g7_brio_cubo_m2_20260917_144829.mp4,2026-09-17T14:49:46.516586,1789674586.517,2094
g7_brio_cubo_m2_20260917_144829.mp4,2026-09-17T14:49:46.555452,1789674586.555,2095
g7_brio_cubo_m2_20260917_144829.mp4,2026-09-17T14:49:46.590634,1789674586.591,2096
g7_brio_cubo_m2_20260917_144829.mp4,2026-09-17T14:49:46.625813,1789674586.626,2097
g7_brio_cubo_m2_20260917_144829.mp4,2026-09-17T14:49:46.659927,1789674586.660,2098
g7_brio_cubo_m2_20260917_144829.mp4,2026-09-17T14:49:46.697087,1789674586.697,2099
g7_brio_cubo_m2_20260917_144829.mp4,2026-09-17T14:49:46.730252,1789674586.730,2100
g7_brio_cubo_m2_20260917_144829.mp4,2026-09-17T14:49:46.766596,1789674586.767,2101
g7_brio_cubo_m2_20260917_144829.mp4,2026-09-17T14:49:46.798046,1789674586.798,2102
g7_brio_cubo_m2_20260917_144829.mp4,2026-09-17T14:49:46.838174,1789674586.838,2103
g7_brio_cubo_m2_20260917_144829.mp4,2026-09-17T14:49:46.869957,1789674586.870,2104
g7_brio_cubo_m2_20260917_144829.mp4,2026-09-17T14:49:46.905974,1789674586.906,2105
g7_brio_cubo_m2_20260917_144829.mp4,2026-09-17T14:49:46.942349,1789674586.942,2106
g7_brio_cubo_m2_20260917_144829.mp4,2026-09-17T14:49:46.979554,1789674586.980,2107
g7_brio_cubo_m2_20260917_144829.mp4,2026-09-17T14:49:47.020921,1789674587.021,2108
g7_brio_cubo_m2_20260917_144829.mp4,2026-09-17T14:49:47.055570,1789674587.056,2109
g7_brio_cubo_m2_20260917_144829.mp4,2026-09-17T14:49:47.092414,1789674587.092,2110
g7_brio_cubo_m2_20260917_144829.mp4,2026-09-17T14:49:47.125698,1789674587.126,2111
g7_brio_cubo_m2_20260917_144829.mp4,2026-09-17T14:49:47.159833,1789674587.160,2112
g7_brio_cubo_m2_20260917_144829.mp4,2026-09-17T14:49:47.194181,1789674587.194,2113
g7_brio_cubo_m2_20260917_144829.mp4,2026-09-17T14:49:47.225926,1789674587.226,2114
g7_brio_cubo_m2_20260917_144829.mp4,2026-09-17T14:49:47.264264,1789674587.264,2115
g7_brio_cubo_m2_20260917_144829.mp4,2026-09-17T14:49:47.302006,1789674587.302,2116
g7_brio_cubo_m2_20260917_144829.mp4,2026-09-17T14:49:47.334397,1789674587.334,2117
g7_brio_cubo_m2_20260917_144829.mp4,2026-09-17T14:49:47.374654,1789674587.375,2118
g7_brio_cubo_m2_20260917_144829.mp4,2026-09-17T14:49:47.411246,1789674587.411,2119
g7_brio_cubo_m2_20260917_144829.mp4,2026-09-17T14:49:47.443087,1789674587.443,2120
g7_brio_cubo_m2_20260917_144829.mp4,2026-09-17T14:49:47.485418,1789674587.485,2121
g7_brio_cubo_m2_20260917_144829.mp4,2026-09-17T14:49:47.520015,1789674587.520,2122
g7_brio_cubo_m2_20260917_144829.mp4,2026-09-17T14:49:47.555801,1789674587.556,2123
g7_brio_cubo_m2_20260917_144829.mp4,2026-09-17T14:49:47.589838,1789674587.590,2124
g7_brio_cubo_m2_20260917_144829.mp4,2026-09-17T14:49:47.623662,1789674587.624,2125
g7_brio_cubo_m2_20260917_144829.mp4,2026-09-17T14:49:47.659847,1789674587.660,2126
g7_brio_cubo_m2_20260917_144829.mp4,2026-09-17T14:49:47.695528,1789674587.696,2127
g7_brio_cubo_m2_20260917_144829.mp4,2026-09-17T14:49:47.728781,1789674587.729,2128
g7_brio_cubo_m2_20260917_144829.mp4,2026-09-17T14:49:47.764729,1789674587.765,2129
g7_brio_cubo_m2_20260917_144829.mp4,2026-09-17T14:49:47.798008,1789674587.798,2130
g7_brio_cubo_m2_20260917_144829.mp4,2026-09-17T14:49:47.834556,1789674587.835,2131
g7_brio_cubo_m2_20260917_144829.mp4,2026-09-17T14:49:47.870549,1789674587.871,2132
g7_brio_cubo_m2_20260917_144829.mp4,2026-09-17T14:49:47.907958,1789674587.908,2133
g7_brio_cubo_m2_20260917_144829.mp4,2026-09-17T14:49:47.942888,1789674587.943,2134
g7_brio_cubo_m2_20260917_144829.mp4,2026-09-17T14:49:47.977446,1789674587.977,2135
g7_brio_cubo_m2_20260917_144829.mp4,2026-09-17T14:49:48.022077,1789674588.022,2136
g7_brio_cubo_m2_20260917_144829.mp4,2026-09-17T14:49:48.048310,1789674588.048,2137
g7_brio_cubo_m2_20260917_144829.mp4,2026-09-17T14:49:48.087936,1789674588.088,2138
g7_brio_cubo_m2_20260917_144829.mp4,2026-09-17T14:49:48.122697,1789674588.123,2139
g7_brio_cubo_m2_20260917_144829.mp4,2026-09-17T14:49:48.160025,1789674588.160,2140
g7_brio_cubo_m2_20260917_144829.mp4,2026-09-17T14:49:48.191269,1789674588.191,2141
g7_brio_cubo_m2_20260917_144829.mp4,2026-09-17T14:49:48.231575,1789674588.232,2142
g7_brio_cubo_m2_20260917_144829.mp4,2026-09-17T14:49:48.262339,1789674588.262,2143
g7_brio_cubo_m2_20260917_144829.mp4,2026-09-17T14:49:48.301122,1789674588.301,2144
g7_brio_cubo_m2_20260917_144829.mp4,2026-09-17T14:49:48.333951,1789674588.334,2145
g7_brio_cubo_m2_20260917_144829.mp4,2026-09-17T14:49:48.370107,1789674588.370,2146
g7_brio_cubo_m2_20260917_144829.mp4,2026-09-17T14:49:48.403538,1789674588.404,2147
g7_brio_cubo_m2_20260917_144829.mp4,2026-09-17T14:49:48.448255,1789674588.448,2148
g7_brio_cubo_m2_20260917_144829.mp4,2026-09-17T14:49:48.475320,1789674588.475,2149
g7_brio_cubo_m2_20260917_144829.mp4,2026-09-17T14:49:48.512779,1789674588.513,2150
g7_brio_cubo_m2_20260917_144829.mp4,2026-09-17T14:49:48.551207,1789674588.551,2151
g7_brio_cubo_m2_20260917_144829.mp4,2026-09-17T14:49:48.587154,1789674588.587,2152
g7_brio_cubo_m2_20260917_144829.mp4,2026-09-17T14:49:48.623364,1789674588.623,2153
g7_brio_cubo_m2_20260917_144829.mp4,2026-09-17T14:49:48.659491,1789674588.659,2154
g7_brio_cubo_m2_20260917_144829.mp4,2026-09-17T14:49:48.694619,1789674588.695,2155
g7_brio_cubo_m2_20260917_144829.mp4,2026-09-17T14:49:48.728234,1789674588.728,2156
g7_brio_cubo_m2_20260917_144829.mp4,2026-09-17T14:49:48.764680,1789674588.765,2157
g7_brio_cubo_m2_20260917_144829.mp4,2026-09-17T14:49:48.797912,1789674588.798,2158
g7_brio_cubo_m2_20260917_144829.mp4,2026-09-17T14:49:48.831014,1789674588.831,2159
g7_brio_cubo_m2_20260917_144829.mp4,2026-09-17T14:49:48.865956,1789674588.866,2160
g7_brio_cubo_m2_20260917_144829.mp4,2026-09-17T14:49:48.902071,1789674588.902,2161
g7_brio_cubo_m2_20260917_144829.mp4,2026-09-17T14:49:48.938412,1789674588.938,2162
g7_brio_cubo_m2_20260917_144829.mp4,2026-09-17T14:49:48.979618,1789674588.980,2163
g7_brio_cubo_m2_20260917_144829.mp4,2026-09-17T14:49:49.016133,1789674589.016,2164
g7_brio_cubo_m2_20260917_144829.mp4,2026-09-17T14:49:49.047010,1789674589.047,2165
g7_brio_cubo_m2_20260917_144829.mp4,2026-09-17T14:49:49.085527,1789674589.086,2166
g7_brio_cubo_m2_20260917_144829.mp4,2026-09-17T14:49:49.120815,1789674589.121,2167
g7_brio_cubo_m2_20260917_144829.mp4,2026-09-17T14:49:49.159197,1789674589.159,2168
g7_brio_cubo_m2_20260917_144829.mp4,2026-09-17T14:49:49.190848,1789674589.191,2169
g7_brio_cubo_m2_20260917_144829.mp4,2026-09-17T14:49:49.227699,1789674589.228,2170
g7_brio_cubo_m2_20260917_144829.mp4,2026-09-17T14:49:49.259122,1789674589.259,2171
g7_brio_cubo_m2_20260917_144829.mp4,2026-09-17T14:49:49.297346,1789674589.297,2172
g7_brio_cubo_m2_20260917_144829.mp4,2026-09-17T14:49:49.330086,1789674589.330,2173
g7_brio_cubo_m2_20260917_144829.mp4,2026-09-17T14:49:49.366065,1789674589.366,2174
g7_brio_cubo_m2_20260917_144829.mp4,2026-09-17T14:49:49.403262,1789674589.403,2175
g7_brio_cubo_m2_20260917_144829.mp4,2026-09-17T14:49:49.440133,1789674589.440,2176
g7_brio_cubo_m2_20260917_144829.mp4,2026-09-17T14:49:49.479881,1789674589.480,2177
g7_brio_cubo_m2_20260917_144829.mp4,2026-09-17T14:49:49.512806,1789674589.513,2178
g7_brio_cubo_m2_20260917_144829.mp4,2026-09-17T14:49:49.553221,1789674589.553,2179
g7_brio_cubo_m2_20260917_144829.mp4,2026-09-17T14:49:49.582705,1789674589.583,2180
g7_brio_cubo_m2_20260917_144829.mp4,2026-09-17T14:49:49.623238,1789674589.623,2181
g7_brio_cubo_m2_20260917_144829.mp4,2026-09-17T14:49:49.650180,1789674589.650,2182
g7_brio_cubo_m2_20260917_144829.mp4,2026-09-17T14:49:49.686171,1789674589.686,2183
g7_brio_cubo_m2_20260917_144829.mp4,2026-09-17T14:49:49.729713,1789674589.730,2184
g7_brio_cubo_m2_20260917_144829.mp4,2026-09-17T14:49:49.758165,1789674589.758,2185
g7_brio_cubo_m2_20260917_144829.mp4,2026-09-17T14:49:49.795015,1789674589.795,2186
g7_brio_cubo_m2_20260917_144829.mp4,2026-09-17T14:49:49.830210,1789674589.830,2187
g7_brio_cubo_m2_20260917_144829.mp4,2026-09-17T14:49:49.866217,1789674589.866,2188
g7_brio_cubo_m2_20260917_144829.mp4,2026-09-17T14:49:49.901992,1789674589.902,2189
g7_brio_cubo_m2_20260917_144829.mp4,2026-09-17T14:49:49.937927,1789674589.938,2190
g7_brio_cubo_m2_20260917_144829.mp4,2026-09-17T14:49:49.969931,1789674589.970,2191
g7_brio_cubo_m2_20260917_144829.mp4,2026-09-17T14:49:50.006493,1789674590.007,2192
g7_brio_cubo_m2_20260917_144829.mp4,2026-09-17T14:49:50.042676,1789674590.043,2193
g7_brio_cubo_m2_20260917_144829.mp4,2026-09-17T14:49:50.084405,1789674590.084,2194
g7_brio_cubo_m2_20260917_144829.mp4,2026-09-17T14:49:50.119561,1789674590.120,2195
g7_brio_cubo_m2_20260917_144829.mp4,2026-09-17T14:49:50.155813,1789674590.156,2196
g7_brio_cubo_m2_20260917_144829.mp4,2026-09-17T14:49:50.190700,1789674590.191,2197
g7_brio_cubo_m2_20260917_144829.mp4,2026-09-17T14:49:50.227514,1789674590.228,2198
g7_brio_cubo_m2_20260917_144829.mp4,2026-09-17T14:49:50.259961,1789674590.260,2199
g7_brio_cubo_m2_20260917_144829.mp4,2026-09-17T14:49:50.300050,1789674590.300,2200
g7_brio_cubo_m2_20260917_144829.mp4,2026-09-17T14:49:50.327472,1789674590.327,2201
g7_brio_cubo_m2_20260917_144829.mp4,2026-09-17T14:49:50.367045,1789674590.367,2202
g7_brio_cubo_m2_20260917_144829.mp4,2026-09-17T14:49:50.398195,1789674590.398,2203
g7_brio_cubo_m2_20260917_144829.mp4,2026-09-17T14:49:50.435122,1789674590.435,2204
g7_brio_cubo_m2_20260917_144829.mp4,2026-09-17T14:49:50.472370,1789674590.472,2205
g7_brio_cubo_m2_20260917_144829.mp4,2026-09-17T14:49:50.510048,1789674590.510,2206
g7_brio_cubo_m2_20260917_144829.mp4,2026-09-17T14:49:50.547111,1789674590.547,2207
g7_brio_cubo_m2_20260917_144829.mp4,2026-09-17T14:49:50.584186,1789674590.584,2208
g7_brio_cubo_m2_20260917_144829.mp4,2026-09-17T14:49:50.618351,1789674590.618,2209
g7_brio_cubo_m2_20260917_144829.mp4,2026-09-17T14:49:50.655717,1789674590.656,2210
g7_brio_cubo_m2_20260917_144829.mp4,2026-09-17T14:49:50.692016,1789674590.692,2211
g7_brio_cubo_m2_20260917_144829.mp4,2026-09-17T14:49:50.721868,1789674590.722,2212
g7_brio_cubo_m2_20260917_144829.mp4,2026-09-17T14:49:50.760006,1789674590.760,2213
g7_brio_cubo_m2_20260917_144829.mp4,2026-09-17T14:49:50.791861,1789674590.792,2214
g7_brio_cubo_m2_20260917_144829.mp4,2026-09-17T14:49:50.826267,1789674590.826,2215
g7_brio_cubo_m2_20260917_144829.mp4,2026-09-17T14:49:50.862430,1789674590.862,2216
g7_brio_cubo_m2_20260917_144829.mp4,2026-09-17T14:49:50.898214,1789674590.898,2217
g7_brio_cubo_m2_20260917_144829.mp4,2026-09-17T14:49:50.933983,1789674590.934,2218
g7_brio_cubo_m2_20260917_144829.mp4,2026-09-17T14:49:50.970440,1789674590.970,2219
g7_brio_cubo_m2_20260917_144829.mp4,2026-09-17T14:49:51.011943,1789674591.012,2220
g7_brio_cubo_m2_20260917_144829.mp4,2026-09-17T14:49:51.047428,1789674591.047,2221
g7_brio_cubo_m2_20260917_144829.mp4,2026-09-17T14:49:51.078468,1789674591.078,2222
g7_brio_cubo_m2_20260917_144829.mp4,2026-09-17T14:49:51.116032,1789674591.116,2223
g7_brio_cubo_m2_20260917_144829.mp4,2026-09-17T14:49:51.152625,1789674591.153,2224
g7_brio_cubo_m2_20260917_144829.mp4,2026-09-17T14:49:51.189188,1789674591.189,2225
g7_brio_cubo_m2_20260917_144829.mp4,2026-09-17T14:49:51.225315,1789674591.225,2226
g7_brio_cubo_m2_20260917_144829.mp4,2026-09-17T14:49:51.257550,1789674591.258,2227
g7_brio_cubo_m2_20260917_144829.mp4,2026-09-17T14:49:51.295425,1789674591.295,2228
g7_brio_cubo_m2_20260917_144829.mp4,2026-09-17T14:49:51.327487,1789674591.327,2229
g7_brio_cubo_m2_20260917_144829.mp4,2026-09-17T14:49:51.362223,1789674591.362,2230
g7_brio_cubo_m2_20260917_144829.mp4,2026-09-17T14:49:51.398243,1789674591.398,2231
g7_brio_cubo_m2_20260917_144829.mp4,2026-09-17T14:49:51.434973,1789674591.435,2232
g7_brio_cubo_m2_20260917_144829.mp4,2026-09-17T14:49:51.466452,1789674591.466,2233
g7_brio_cubo_m2_20260917_144829.mp4,2026-09-17T14:49:51.502285,1789674591.502,2234
g7_brio_cubo_m2_20260917_144829.mp4,2026-09-17T14:49:51.537913,1789674591.538,2235
g7_brio_cubo_m2_20260917_144829.mp4,2026-09-17T14:49:51.574413,1789674591.574,2236
g7_brio_cubo_m2_20260917_144829.mp4,2026-09-17T14:49:51.613966,1789674591.614,2237
g7_brio_cubo_m2_20260917_144829.mp4,2026-09-17T14:49:51.655037,1789674591.655,2238
g7_brio_cubo_m2_20260917_144829.mp4,2026-09-17T14:49:51.688828,1789674591.689,2239
g7_brio_cubo_m2_20260917_144829.mp4,2026-09-17T14:49:51.725553,1789674591.726,2240
g7_brio_cubo_m2_20260917_144829.mp4,2026-09-17T14:49:51.757564,1789674591.758,2241
g7_brio_cubo_m2_20260917_144829.mp4,2026-09-17T14:49:51.793954,1789674591.794,2242
g7_brio_cubo_m2_20260917_144829.mp4,2026-09-17T14:49:51.829598,1789674591.830,2243
g7_brio_cubo_m2_20260917_144829.mp4,2026-09-17T14:49:51.862091,1789674591.862,2244
g7_brio_cubo_m2_20260917_144829.mp4,2026-09-17T14:49:51.897092,1789674591.897,2245
g7_brio_cubo_m2_20260917_144829.mp4,2026-09-17T14:49:51.930205,1789674591.930,2246
g7_brio_cubo_m2_20260917_144829.mp4,2026-09-17T14:49:51.966265,1789674591.966,2247
g7_brio_cubo_m2_20260917_144829.mp4,2026-09-17T14:49:52.002158,1789674592.002,2248
g7_brio_cubo_m2_20260917_144829.mp4,2026-09-17T14:49:52.040168,1789674592.040,2249
g7_brio_cubo_m2_20260917_144829.mp4,2026-09-17T14:49:52.080506,1789674592.081,2250
g7_brio_cubo_m2_20260917_144829.mp4,2026-09-17T14:49:52.112705,1789674592.113,2251
g7_brio_cubo_m2_20260917_144829.mp4,2026-09-17T14:49:52.152647,1789674592.153,2252
g7_brio_cubo_m2_20260917_144829.mp4,2026-09-17T14:49:52.187726,1789674592.188,2253
g7_brio_cubo_m2_20260917_144829.mp4,2026-09-17T14:49:52.224176,1789674592.224,2254
g7_brio_cubo_m2_20260917_144829.mp4,2026-09-17T14:49:52.257967,1789674592.258,2255
g7_brio_cubo_m2_20260917_144829.mp4,2026-09-17T14:49:52.293833,1789674592.294,2256
g7_brio_cubo_m2_20260917_144829.mp4,2026-09-17T14:49:52.325014,1789674592.325,2257
g7_brio_cubo_m2_20260917_144829.mp4,2026-09-17T14:49:52.359876,1789674592.360,2258
g7_brio_cubo_m2_20260917_144829.mp4,2026-09-17T14:49:52.394057,1789674592.394,2259
g7_brio_cubo_m2_20260917_144829.mp4,2026-09-17T14:49:52.430102,1789674592.430,2260
g7_brio_cubo_m2_20260917_144829.mp4,2026-09-17T14:49:52.465888,1789674592.466,2261
g7_brio_cubo_m2_20260917_144829.mp4,2026-09-17T14:49:52.501987,1789674592.502,2262
g7_brio_cubo_m2_20260917_144829.mp4,2026-09-17T14:49:52.538507,1789674592.539,2263
g7_brio_cubo_m2_20260917_144829.mp4,2026-09-17T14:49:52.576358,1789674592.576,2264
g7_brio_cubo_m2_20260917_144829.mp4,2026-09-17T14:49:52.613959,1789674592.614,2265
g7_brio_cubo_m2_20260917_144829.mp4,2026-09-17T14:49:52.651975,1789674592.652,2266
g7_brio_cubo_m2_20260917_144829.mp4,2026-09-17T14:49:52.679888,1789674592.680,2267
g7_brio_cubo_m2_20260917_144829.mp4,2026-09-17T14:49:52.725920,1789674592.726,2268
g7_brio_cubo_m2_20260917_144829.mp4,2026-09-17T14:49:52.752673,1789674592.753,2269
g7_brio_cubo_m2_20260917_144829.mp4,2026-09-17T14:49:52.791298,1789674592.791,2270
g7_brio_cubo_m2_20260917_144829.mp4,2026-09-17T14:49:52.827735,1789674592.828,2271
g7_brio_cubo_m2_20260917_144829.mp4,2026-09-17T14:49:52.860160,1789674592.860,2272
g7_brio_cubo_m2_20260917_144829.mp4,2026-09-17T14:49:52.898783,1789674592.899,2273
g7_brio_cubo_m2_20260917_144829.mp4,2026-09-17T14:49:52.930183,1789674592.930,2274
g7_brio_cubo_m2_20260917_144829.mp4,2026-09-17T14:49:52.965960,1789674592.966,2275
g7_brio_cubo_m2_20260917_144829.mp4,2026-09-17T14:49:53.001988,1789674593.002,2276
g7_brio_cubo_m2_20260917_144829.mp4,2026-09-17T14:49:53.037972,1789674593.038,2277
g7_brio_cubo_m2_20260917_144829.mp4,2026-09-17T14:49:53.074225,1789674593.074,2278
g7_brio_cubo_m2_20260917_144829.mp4,2026-09-17T14:49:53.105827,1789674593.106,2279
g7_brio_cubo_m2_20260917_144829.mp4,2026-09-17T14:49:53.146965,1789674593.147,2280
g7_brio_cubo_m2_20260917_144829.mp4,2026-09-17T14:49:53.180339,1789674593.180,2281
g7_brio_cubo_m2_20260917_144829.mp4,2026-09-17T14:49:53.217943,1789674593.218,2282
g7_brio_cubo_m2_20260917_144829.mp4,2026-09-17T14:49:53.255870,1789674593.256,2283
g7_brio_cubo_m2_20260917_144829.mp4,2026-09-17T14:49:53.291709,1789674593.292,2284
g7_brio_cubo_m2_20260917_144829.mp4,2026-09-17T14:49:53.326596,1789674593.327,2285
g7_brio_cubo_m2_20260917_144829.mp4,2026-09-17T14:49:53.360752,1789674593.361,2286
g7_brio_cubo_m2_20260917_144829.mp4,2026-09-17T14:49:53.401485,1789674593.401,2287
g7_brio_cubo_m2_20260917_144829.mp4,2026-09-17T14:49:53.434801,1789674593.435,2288
g7_brio_cubo_m2_20260917_144829.mp4,2026-09-17T14:49:53.466291,1789674593.466,2289
g7_brio_cubo_m2_20260917_144829.mp4,2026-09-17T14:49:53.501999,1789674593.502,2290
g7_brio_cubo_m2_20260917_144829.mp4,2026-09-17T14:49:53.533993,1789674593.534,2291
g7_brio_cubo_m2_20260917_144829.mp4,2026-09-17T14:49:53.569916,1789674593.570,2292
g7_brio_cubo_m2_20260917_144829.mp4,2026-09-17T14:49:53.606125,1789674593.606,2293
g7_brio_cubo_m2_20260917_144829.mp4,2026-09-17T14:49:53.641937,1789674593.642,2294
g7_brio_cubo_m2_20260917_144829.mp4,2026-09-17T14:49:53.682937,1789674593.683,2295
g7_brio_cubo_m2_20260917_144829.mp4,2026-09-17T14:49:53.719947,1789674593.720,2296
g7_brio_cubo_m2_20260917_144829.mp4,2026-09-17T14:49:53.751082,1789674593.751,2297
g7_brio_cubo_m2_20260917_144829.mp4,2026-09-17T14:49:53.786928,1789674593.787,2298
g7_brio_cubo_m2_20260917_144829.mp4,2026-09-17T14:49:53.830540,1789674593.831,2299
g7_brio_cubo_m2_20260917_144829.mp4,2026-09-17T14:49:53.858794,1789674593.859,2300
g7_brio_cubo_m2_20260917_144829.mp4,2026-09-17T14:49:53.899569,1789674593.900,2301
g7_brio_cubo_m2_20260917_144829.mp4,2026-09-17T14:49:53.928029,1789674593.928,2302
g7_brio_cubo_m2_20260917_144829.mp4,2026-09-17T14:49:53.962445,1789674593.962,2303
g7_brio_cubo_m2_20260917_144829.mp4,2026-09-17T14:49:53.999127,1789674593.999,2304
g7_brio_cubo_m2_20260917_144829.mp4,2026-09-17T14:49:54.034268,1789674594.034,2305
g7_brio_cubo_m2_20260917_144829.mp4,2026-09-17T14:49:54.072014,1789674594.072,2306
g7_brio_cubo_m2_20260917_144829.mp4,2026-09-17T14:49:54.109315,1789674594.109,2307
g7_brio_cubo_m2_20260917_144829.mp4,2026-09-17T14:49:54.146795,1789674594.147,2308
g7_brio_cubo_m2_20260917_144829.mp4,2026-09-17T14:49:54.183459,1789674594.183,2309
g7_brio_cubo_m2_20260917_144829.mp4,2026-09-17T14:49:54.219590,1789674594.220,2310
g7_brio_cubo_m2_20260917_144829.mp4,2026-09-17T14:49:54.249962,1789674594.250,2311
g7_brio_cubo_m2_20260917_144829.mp4,2026-09-17T14:49:54.286014,1789674594.286,2312
g7_brio_cubo_m2_20260917_144829.mp4,2026-09-17T14:49:54.322981,1789674594.323,2313
g7_brio_cubo_m2_20260917_144829.mp4,2026-09-17T14:49:54.354919,1789674594.355,2314
g7_brio_cubo_m2_20260917_144829.mp4,2026-09-17T14:49:54.396442,1789674594.396,2315
g7_brio_cubo_m2_20260917_144829.mp4,2026-09-17T14:49:54.426632,1789674594.427,2316
g7_brio_cubo_m2_20260917_144829.mp4,2026-09-17T14:49:54.462685,1789674594.463,2317
g7_brio_cubo_m2_20260917_144829.mp4,2026-09-17T14:49:54.498856,1789674594.499,2318
g7_brio_cubo_m2_20260917_144829.mp4,2026-09-17T14:49:54.534214,1789674594.534,2319
g7_brio_cubo_m2_20260917_144829.mp4,2026-09-17T14:49:54.570434,1789674594.570,2320
g7_brio_cubo_m2_20260917_144829.mp4,2026-09-17T14:49:54.607475,1789674594.607,2321
g7_brio_cubo_m2_20260917_144829.mp4,2026-09-17T14:49:54.642805,1789674594.643,2322
g7_brio_cubo_m2_20260917_144829.mp4,2026-09-17T14:49:54.679230,1789674594.679,2323
g7_brio_cubo_m2_20260917_144829.mp4,2026-09-17T14:49:54.711709,1789674594.712,2324
g7_brio_cubo_m2_20260917_144829.mp4,2026-09-17T14:49:54.752565,1789674594.753,2325
g7_brio_cubo_m2_20260917_144829.mp4,2026-09-17T14:49:54.786959,1789674594.787,2326
g7_brio_cubo_m2_20260917_144829.mp4,2026-09-17T14:49:54.823918,1789674594.824,2327
g7_brio_cubo_m2_20260917_144829.mp4,2026-09-17T14:49:54.858608,1789674594.859,2328
g7_brio_cubo_m2_20260917_144829.mp4,2026-09-17T14:49:54.894684,1789674594.895,2329
g7_brio_cubo_m2_20260917_144829.mp4,2026-09-17T14:49:54.926311,1789674594.926,2330
g7_brio_cubo_m2_20260917_144829.mp4,2026-09-17T14:49:54.962152,1789674594.962,2331
g7_brio_cubo_m2_20260917_144829.mp4,2026-09-17T14:49:54.998278,1789674594.998,2332
g7_brio_cubo_m2_20260917_144829.mp4,2026-09-17T14:49:55.033906,1789674595.034,2333
g7_brio_cubo_m2_20260917_144829.mp4,2026-09-17T14:49:55.071285,1789674595.071,2334
g7_brio_cubo_m2_20260917_144829.mp4,2026-09-17T14:49:55.108653,1789674595.109,2335
g7_brio_cubo_m2_20260917_144829.mp4,2026-09-17T14:49:55.141471,1789674595.141,2336
g7_brio_cubo_m2_20260917_144829.mp4,2026-09-17T14:49:55.179646,1789674595.180,2337
g7_brio_cubo_m2_20260917_144829.mp4,2026-09-17T14:49:55.215231,1789674595.215,2338
g7_brio_cubo_m2_20260917_144829.mp4,2026-09-17T14:49:55.252208,1789674595.252,2339
g7_brio_cubo_m2_20260917_144829.mp4,2026-09-17T14:49:55.287501,1789674595.288,2340
g7_brio_cubo_m2_20260917_144829.mp4,2026-09-17T14:49:55.322678,1789674595.323,2341
g7_brio_cubo_m2_20260917_144829.mp4,2026-09-17T14:49:55.357580,1789674595.358,2342
g7_brio_cubo_m2_20260917_144829.mp4,2026-09-17T14:49:55.394843,1789674595.395,2343
g7_brio_cubo_m2_20260917_144829.mp4,2026-09-17T14:49:55.427019,1789674595.427,2344
g7_brio_cubo_m2_20260917_144829.mp4,2026-09-17T14:49:55.462349,1789674595.462,2345
g7_brio_cubo_m2_20260917_144829.mp4,2026-09-17T14:49:55.498189,1789674595.498,2346
g7_brio_cubo_m2_20260917_144829.mp4,2026-09-17T14:49:55.530482,1789674595.530,2347
g7_brio_cubo_m2_20260917_144829.mp4,2026-09-17T14:49:55.566439,1789674595.566,2348
g7_brio_cubo_m2_20260917_144829.mp4,2026-09-17T14:49:55.603258,1789674595.603,2349
g7_brio_cubo_m2_20260917_144829.mp4,2026-09-17T14:49:55.640821,1789674595.641,2350
g7_brio_cubo_m2_20260917_144829.mp4,2026-09-17T14:49:55.679576,1789674595.680,2351
g7_brio_cubo_m2_20260917_144829.mp4,2026-09-17T14:49:55.714682,1789674595.715,2352
g7_brio_cubo_m2_20260917_144829.mp4,2026-09-17T14:49:55.750274,1789674595.750,2353
g7_brio_cubo_m2_20260917_144829.mp4,2026-09-17T14:49:55.787866,1789674595.788,2354
g7_brio_cubo_m2_20260917_144829.mp4,2026-09-17T14:49:55.823195,1789674595.823,2355
g7_brio_cubo_m2_20260917_144829.mp4,2026-09-17T14:49:55.858407,1789674595.858,2356
g7_brio_cubo_m2_20260917_144829.mp4,2026-09-17T14:49:55.889941,1789674595.890,2357
g7_brio_cubo_m2_20260917_144829.mp4,2026-09-17T14:49:55.927971,1789674595.928,2358
g7_brio_cubo_m2_20260917_144829.mp4,2026-09-17T14:49:55.959714,1789674595.960,2359
g7_brio_cubo_m2_20260917_144829.mp4,2026-09-17T14:49:55.995510,1789674595.996,2360
g7_brio_cubo_m2_20260917_144829.mp4,2026-09-17T14:49:56.030209,1789674596.030,2361
g7_brio_cubo_m2_20260917_144829.mp4,2026-09-17T14:49:56.066205,1789674596.066,2362
g7_brio_cubo_m2_20260917_144829.mp4,2026-09-17T14:49:56.102146,1789674596.102,2363
g7_brio_cubo_m2_20260917_144829.mp4,2026-09-17T14:49:56.139605,1789674596.140,2364
g7_brio_cubo_m2_20260917_144829.mp4,2026-09-17T14:49:56.178604,1789674596.179,2365
g7_brio_cubo_m2_20260917_144829.mp4,2026-09-17T14:49:56.214891,1789674596.215,2366
g7_brio_cubo_m2_20260917_144829.mp4,2026-09-17T14:49:56.251444,1789674596.251,2367
g7_brio_cubo_m2_20260917_144829.mp4,2026-09-17T14:49:56.280765,1789674596.281,2368
g7_brio_cubo_m2_20260917_144829.mp4,2026-09-17T14:49:56.320639,1789674596.321,2369
g7_brio_cubo_m2_20260917_144829.mp4,2026-09-17T14:49:56.354954,1789674596.355,2370
g7_brio_cubo_m2_20260917_144829.mp4,2026-09-17T14:49:56.391901,1789674596.392,2371
g7_brio_cubo_m2_20260917_144829.mp4,2026-09-17T14:49:56.427402,1789674596.427,2372
g7_brio_cubo_m2_20260917_144829.mp4,2026-09-17T14:49:56.461668,1789674596.462,2373
g7_brio_cubo_m2_20260917_144829.mp4,2026-09-17T14:49:56.498936,1789674596.499,2374
g7_brio_cubo_m2_20260917_144829.mp4,2026-09-17T14:49:56.531986,1789674596.532,2375
g7_brio_cubo_m2_20260917_144829.mp4,2026-09-17T14:49:56.566243,1789674596.566,2376
g7_brio_cubo_m2_20260917_144829.mp4,2026-09-17T14:49:56.601894,1789674596.602,2377
g7_brio_cubo_m2_20260917_144829.mp4,2026-09-17T14:49:56.638017,1789674596.638,2378
g7_brio_cubo_m2_20260917_144829.mp4,2026-09-17T14:49:56.674540,1789674596.675,2379
g7_brio_cubo_m2_20260917_144829.mp4,2026-09-17T14:49:56.706369,1789674596.706,2380
g7_brio_cubo_m2_20260917_144829.mp4,2026-09-17T14:49:56.741932,1789674596.742,2381
g7_brio_cubo_m2_20260917_144829.mp4,2026-09-17T14:49:56.782503,1789674596.783,2382
g7_brio_cubo_m2_20260917_144829.mp4,2026-09-17T14:49:56.819631,1789674596.820,2383
g7_brio_cubo_m2_20260917_144829.mp4,2026-09-17T14:49:56.855798,1789674596.856,2384
g7_brio_cubo_m2_20260917_144829.mp4,2026-09-17T14:49:56.891036,1789674596.891,2385
g7_brio_cubo_m2_20260917_144829.mp4,2026-09-17T14:49:56.928180,1789674596.928,2386
g7_brio_cubo_m2_20260917_144829.mp4,2026-09-17T14:49:56.962145,1789674596.962,2387
g7_brio_cubo_m2_20260917_144829.mp4,2026-09-17T14:49:56.998280,1789674596.998,2388
g7_brio_cubo_m2_20260917_144829.mp4,2026-09-17T14:49:57.029827,1789674597.030,2389
g7_brio_cubo_m2_20260917_144829.mp4,2026-09-17T14:49:57.062451,1789674597.062,2390
g7_brio_cubo_m2_20260917_144829.mp4,2026-09-17T14:49:57.099211,1789674597.099,2391
g7_brio_cubo_m2_20260917_144829.mp4,2026-09-17T14:49:57.133940,1789674597.134,2392
g7_brio_cubo_m2_20260917_144829.mp4,2026-09-17T14:49:57.171841,1789674597.172,2393
g7_brio_cubo_m2_20260917_144829.mp4,2026-09-17T14:49:57.209205,1789674597.209,2394
g7_brio_cubo_m2_20260917_144829.mp4,2026-09-17T14:49:57.245045,1789674597.245,2395
g7_brio_cubo_m2_20260917_144829.mp4,2026-09-17T14:49:57.282398,1789674597.282,2396
g7_brio_cubo_m2_20260917_144829.mp4,2026-09-17T14:49:57.320711,1789674597.321,2397
g7_brio_cubo_m2_20260917_144829.mp4,2026-09-17T14:49:57.355229,1789674597.355,2398
g7_brio_cubo_m2_20260917_144829.mp4,2026-09-17T14:49:57.391719,1789674597.392,2399
g7_brio_cubo_m2_20260917_144829.mp4,2026-09-17T14:49:57.425972,1789674597.426,2400
g7_brio_cubo_m2_20260917_144829.mp4,2026-09-17T14:49:57.456977,1789674597.457,2401
g7_brio_cubo_m2_20260917_144829.mp4,2026-09-17T14:49:57.493469,1789674597.493,2402
g7_brio_cubo_m2_20260917_144829.mp4,2026-09-17T14:49:57.528783,1789674597.529,2403
g7_brio_cubo_m2_20260917_144829.mp4,2026-09-17T14:49:57.562477,1789674597.562,2404
g7_brio_cubo_m2_20260917_144829.mp4,2026-09-17T14:49:57.599192,1789674597.599,2405
g7_brio_cubo_m2_20260917_144829.mp4,2026-09-17T14:49:57.633949,1789674597.634,2406
g7_brio_cubo_m2_20260917_144829.mp4,2026-09-17T14:49:57.672035,1789674597.672,2407
g7_brio_cubo_m2_20260917_144829.mp4,2026-09-17T14:49:57.705994,1789674597.706,2408
g7_brio_cubo_m2_20260917_144829.mp4,2026-09-17T14:49:57.745999,1789674597.746,2409
g7_brio_cubo_m2_20260917_144829.mp4,2026-09-17T14:49:57.783804,1789674597.784,2410
g7_brio_cubo_m2_20260917_144829.mp4,2026-09-17T14:49:57.810867,1789674597.811,2411
g7_brio_cubo_m2_20260917_144829.mp4,2026-09-17T14:49:57.851934,1789674597.852,2412
g7_brio_cubo_m2_20260917_144829.mp4,2026-09-17T14:49:57.884682,1789674597.885,2413
g7_brio_cubo_m2_20260917_144829.mp4,2026-09-17T14:49:57.923665,1789674597.924,2414
g7_brio_cubo_m2_20260917_144829.mp4,2026-09-17T14:49:57.959060,1789674597.959,2415
g7_brio_cubo_m2_20260917_144829.mp4,2026-09-17T14:49:57.995912,1789674597.996,2416
g7_brio_cubo_m2_20260917_144829.mp4,2026-09-17T14:49:58.028405,1789674598.028,2417
g7_brio_cubo_m2_20260917_144829.mp4,2026-09-17T14:49:58.062882,1789674598.063,2418
g7_brio_cubo_m2_20260917_144829.mp4,2026-09-17T14:49:58.100265,1789674598.100,2419
g7_brio_cubo_m2_20260917_144829.mp4,2026-09-17T14:49:58.136892,1789674598.137,2420
g7_brio_cubo_m2_20260917_144829.mp4,2026-09-17T14:49:58.169945,1789674598.170,2421
g7_brio_cubo_m2_20260917_144829.mp4,2026-09-17T14:49:58.201944,1789674598.202,2422
g7_brio_cubo_m2_20260917_144829.mp4,2026-09-17T14:49:58.238143,1789674598.238,2423
g7_brio_cubo_m2_20260917_144829.mp4,2026-09-17T14:49:58.274504,1789674598.275,2424
g7_brio_cubo_m2_20260917_144829.mp4,2026-09-17T14:49:58.310464,1789674598.310,2425
g7_brio_cubo_m2_20260917_144829.mp4,2026-09-17T14:49:58.351535,1789674598.352,2426
g7_brio_cubo_m2_20260917_144829.mp4,2026-09-17T14:49:58.387194,1789674598.387,2427
g7_brio_cubo_m2_20260917_144829.mp4,2026-09-17T14:49:58.422515,1789674598.423,2428
g7_brio_cubo_m2_20260917_144829.mp4,2026-09-17T14:49:58.457398,1789674598.457,2429
g7_brio_cubo_m2_20260917_144829.mp4,2026-09-17T14:49:58.494211,1789674598.494,2430
g7_brio_cubo_m2_20260917_144829.mp4,2026-09-17T14:49:58.527712,1789674598.528,2431
g7_brio_cubo_m2_20260917_144829.mp4,2026-09-17T14:49:58.559052,1789674598.559,2432
g7_brio_cubo_m2_20260917_144829.mp4,2026-09-17T14:49:58.599326,1789674598.599,2433
g7_brio_cubo_m2_20260917_144829.mp4,2026-09-17T14:49:58.630260,1789674598.630,2434
g7_brio_cubo_m2_20260917_144829.mp4,2026-09-17T14:49:58.666688,1789674598.667,2435
g7_brio_cubo_m2_20260917_144829.mp4,2026-09-17T14:49:58.702208,1789674598.702,2436
g7_brio_cubo_m2_20260917_144829.mp4,2026-09-17T14:49:58.739035,1789674598.739,2437
g7_brio_cubo_m2_20260917_144829.mp4,2026-09-17T14:49:58.778871,1789674598.779,2438
g7_brio_cubo_m2_20260917_144829.mp4,2026-09-17T14:49:58.814765,1789674598.815,2439
g7_brio_cubo_m2_20260917_144829.mp4,2026-09-17T14:49:58.854663,1789674598.855,2440
g7_brio_cubo_m2_20260917_144829.mp4,2026-09-17T14:49:58.887580,1789674598.888,2441
g7_brio_cubo_m2_20260917_144829.mp4,2026-09-17T14:49:58.924884,1789674598.925,2442
g7_brio_cubo_m2_20260917_144829.mp4,2026-09-17T14:49:58.956539,1789674598.957,2443
g7_brio_cubo_m2_20260917_144829.mp4,2026-09-17T14:49:58.993391,1789674598.993,2444
g7_brio_cubo_m2_20260917_144829.mp4,2026-09-17T14:49:59.023828,1789674599.024,2445
g7_brio_cubo_m2_20260917_144829.mp4,2026-09-17T14:49:59.058370,1789674599.058,2446
g7_brio_cubo_m2_20260917_144829.mp4,2026-09-17T14:49:59.095562,1789674599.096,2447
g7_brio_cubo_m2_20260917_144829.mp4,2026-09-17T14:49:59.130199,1789674599.130,2448
g7_brio_cubo_m2_20260917_144829.mp4,2026-09-17T14:49:59.166030,1789674599.166,2449
g7_brio_cubo_m2_20260917_144829.mp4,2026-09-17T14:49:59.202049,1789674599.202,2450
g7_brio_cubo_m2_20260917_144829.mp4,2026-09-17T14:49:59.237851,1789674599.238,2451
g7_brio_cubo_m2_20260917_144829.mp4,2026-09-17T14:49:59.274563,1789674599.275,2452
g7_brio_cubo_m2_20260917_144829.mp4,2026-09-17T14:49:59.305839,1789674599.306,2453
g7_brio_cubo_m2_20260917_144829.mp4,2026-09-17T14:49:59.347064,1789674599.347,2454
g7_brio_cubo_m2_20260917_144829.mp4,2026-09-17T14:49:59.382790,1789674599.383,2455
g7_brio_cubo_m2_20260917_144829.mp4,2026-09-17T14:49:59.419640,1789674599.420,2456
g7_brio_cubo_m2_20260917_144829.mp4,2026-09-17T14:49:59.456142,1789674599.456,2457
g7_brio_cubo_m2_20260917_144829.mp4,2026-09-17T14:49:59.491561,1789674599.492,2458
g7_brio_cubo_m2_20260917_144829.mp4,2026-09-17T14:49:59.527400,1789674599.527,2459
g7_brio_cubo_m2_20260917_144829.mp4,2026-09-17T14:49:59.561422,1789674599.561,2460
g7_brio_cubo_m2_20260917_144829.mp4,2026-09-17T14:49:59.596609,1789674599.597,2461
g7_brio_cubo_m2_20260917_144829.mp4,2026-09-17T14:49:59.630486,1789674599.630,2462
g7_brio_cubo_m2_20260917_144829.mp4,2026-09-17T14:49:59.666309,1789674599.666,2463
g7_brio_cubo_m2_20260917_144829.mp4,2026-09-17T14:49:59.702031,1789674599.702,2464
g7_brio_cubo_m2_20260917_144829.mp4,2026-09-17T14:49:59.733903,1789674599.734,2465
g7_brio_cubo_m2_20260917_144829.mp4,2026-09-17T14:49:59.769903,1789674599.770,2466
g7_brio_cubo_m2_20260917_144829.mp4,2026-09-17T14:49:59.805971,1789674599.806,2467
g7_brio_cubo_m2_20260917_144829.mp4,2026-09-17T14:49:59.842392,1789674599.842,2468
g7_brio_cubo_m2_20260917_144829.mp4,2026-09-17T14:49:59.884802,1789674599.885,2469
g7_brio_cubo_m2_20260917_144829.mp4,2026-09-17T14:49:59.919605,1789674599.920,2470
g7_brio_cubo_m2_20260917_144829.mp4,2026-09-17T14:49:59.956201,1789674599.956,2471
g7_brio_cubo_m2_20260917_144829.mp4,2026-09-17T14:49:59.991572,1789674599.992,2472
g7_brio_cubo_m2_20260917_144829.mp4,2026-09-17T14:50:00.023817,1789674600.024,2473
g7_brio_cubo_m2_20260917_144829.mp4,2026-09-17T14:50:00.058041,1789674600.058,2474
g7_brio_cubo_m2_20260917_144829.mp4,2026-09-17T14:50:00.099290,1789674600.099,2475
g7_brio_cubo_m2_20260917_144829.mp4,2026-09-17T14:50:00.127818,1789674600.128,2476
g7_brio_cubo_m2_20260917_144829.mp4,2026-09-17T14:50:00.162976,1789674600.163,2477
g7_brio_cubo_m2_20260917_144829.mp4,2026-09-17T14:50:00.199211,1789674600.199,2478
g7_brio_cubo_m2_20260917_144829.mp4,2026-09-17T14:50:00.234355,1789674600.234,2479
g7_brio_cubo_m2_20260917_144829.mp4,2026-09-17T14:50:00.277532,1789674600.278,2480
g7_brio_cubo_m2_20260917_144829.mp4,2026-09-17T14:50:00.310288,1789674600.310,2481
g7_brio_cubo_m2_20260917_144829.mp4,2026-09-17T14:50:00.347394,1789674600.347,2482
g7_brio_cubo_m2_20260917_144829.mp4,2026-09-17T14:50:00.384581,1789674600.385,2483
g7_brio_cubo_m2_20260917_144829.mp4,2026-09-17T14:50:00.418877,1789674600.419,2484
g7_brio_cubo_m2_20260917_144829.mp4,2026-09-17T14:50:00.449125,1789674600.449,2485
g7_brio_cubo_m2_20260917_144829.mp4,2026-09-17T14:50:00.488143,1789674600.488,2486
g7_brio_cubo_m2_20260917_144829.mp4,2026-09-17T14:50:00.523869,1789674600.524,2487
g7_brio_cubo_m2_20260917_144829.mp4,2026-09-17T14:50:00.556997,1789674600.557,2488
g7_brio_cubo_m2_20260917_144829.mp4,2026-09-17T14:50:00.595424,1789674600.595,2489
g7_brio_cubo_m2_20260917_144829.mp4,2026-09-17T14:50:00.626628,1789674600.627,2490
g7_brio_cubo_m2_20260917_144829.mp4,2026-09-17T14:50:00.662503,1789674600.663,2491
g7_brio_cubo_m2_20260917_144829.mp4,2026-09-17T14:50:00.698806,1789674600.699,2492
g7_brio_cubo_m2_20260917_144829.mp4,2026-09-17T14:50:00.734076,1789674600.734,2493
g7_brio_cubo_m2_20260917_144829.mp4,2026-09-17T14:50:00.770549,1789674600.771,2494
g7_brio_cubo_m2_20260917_144829.mp4,2026-09-17T14:50:00.802235,1789674600.802,2495
g7_brio_cubo_m2_20260917_144829.mp4,2026-09-17T14:50:00.847374,1789674600.847,2496
g7_brio_cubo_m2_20260917_144829.mp4,2026-09-17T14:50:00.876546,1789674600.877,2497
g7_brio_cubo_m2_20260917_144829.mp4,2026-09-17T14:50:00.914812,1789674600.915,2498
g7_brio_cubo_m2_20260917_144829.mp4,2026-09-17T14:50:00.950842,1789674600.951,2499
g7_brio_cubo_m2_20260917_144829.mp4,2026-09-17T14:50:00.987676,1789674600.988,2500
g7_brio_cubo_m2_20260917_144829.mp4,2026-09-17T14:50:01.024002,1789674601.024,2501
g7_brio_cubo_m2_20260917_144829.mp4,2026-09-17T14:50:01.058033,1789674601.058,2502
g7_brio_cubo_m2_20260917_144829.mp4,2026-09-17T14:50:01.094212,1789674601.094,2503
g7_brio_cubo_m2_20260917_144829.mp4,2026-09-17T14:50:01.125422,1789674601.125,2504
g7_brio_cubo_m2_20260917_144829.mp4,2026-09-17T14:50:01.162106,1789674601.162,2505
g7_brio_cubo_m2_20260917_144829.mp4,2026-09-17T14:50:01.196931,1789674601.197,2506
g7_brio_cubo_m2_20260917_144829.mp4,2026-09-17T14:50:01.230128,1789674601.230,2507
g7_brio_cubo_m2_20260917_144829.mp4,2026-09-17T14:50:01.266229,1789674601.266,2508
g7_brio_cubo_m2_20260917_144829.mp4,2026-09-17T14:50:01.301979,1789674601.302,2509
g7_brio_cubo_m2_20260917_144829.mp4,2026-09-17T14:50:01.337876,1789674601.338,2510
g7_brio_cubo_m2_20260917_144829.mp4,2026-09-17T14:50:01.376320,1789674601.376,2511
g7_brio_cubo_m2_20260917_144829.mp4,2026-09-17T14:50:01.414063,1789674601.414,2512
g7_brio_cubo_m2_20260917_144829.mp4,2026-09-17T14:50:01.452010,1789674601.452,2513
g7_brio_cubo_m2_20260917_144829.mp4,2026-09-17T14:50:01.487328,1789674601.487,2514
g7_brio_cubo_m2_20260917_144829.mp4,2026-09-17T14:50:01.518004,1789674601.518,2515
g7_brio_cubo_m2_20260917_144829.mp4,2026-09-17T14:50:01.556546,1789674601.557,2516
g7_brio_cubo_m2_20260917_144829.mp4,2026-09-17T14:50:01.591495,1789674601.592,2517
g7_brio_cubo_m2_20260917_144829.mp4,2026-09-17T14:50:01.627939,1789674601.628,2518
g7_brio_cubo_m2_20260917_144829.mp4,2026-09-17T14:50:01.658456,1789674601.658,2519
g7_brio_cubo_m2_20260917_144829.mp4,2026-09-17T14:50:01.697417,1789674601.697,2520
g7_brio_cubo_m2_20260917_144829.mp4,2026-09-17T14:50:01.729991,1789674601.730,2521
g7_brio_cubo_m2_20260917_144829.mp4,2026-09-17T14:50:01.766032,1789674601.766,2522
g7_brio_cubo_m2_20260917_144829.mp4,2026-09-17T14:50:01.802139,1789674601.802,2523
g7_brio_cubo_m2_20260917_144829.mp4,2026-09-17T14:50:01.838265,1789674601.838,2524
g7_brio_cubo_m2_20260917_144829.mp4,2026-09-17T14:50:01.870514,1789674601.871,2525
g7_brio_cubo_m2_20260917_144829.mp4,2026-09-17T14:50:01.909373,1789674601.909,2526
g7_brio_cubo_m2_20260917_144829.mp4,2026-09-17T14:50:01.942421,1789674601.942,2527
g7_brio_cubo_m2_20260917_144829.mp4,2026-09-17T14:50:01.981553,1789674601.982,2528
g7_brio_cubo_m2_20260917_144829.mp4,2026-09-17T14:50:02.018406,1789674602.018,2529
g7_brio_cubo_m2_20260917_144829.mp4,2026-09-17T14:50:02.056212,1789674602.056,2530
g7_brio_cubo_m2_20260917_144829.mp4,2026-09-17T14:50:02.092640,1789674602.093,2531
g7_brio_cubo_m2_20260917_144829.mp4,2026-09-17T14:50:02.125645,1789674602.126,2532
g7_brio_cubo_m2_20260917_144829.mp4,2026-09-17T14:50:02.158819,1789674602.159,2533
g7_brio_cubo_m2_20260917_144829.mp4,2026-09-17T14:50:02.196138,1789674602.196,2534
g7_brio_cubo_m2_20260917_144829.mp4,2026-09-17T14:50:02.230111,1789674602.230,2535
g7_brio_cubo_m2_20260917_144829.mp4,2026-09-17T14:50:02.262377,1789674602.262,2536
g7_brio_cubo_m2_20260917_144829.mp4,2026-09-17T14:50:02.298150,1789674602.298,2537
g7_brio_cubo_m2_20260917_144829.mp4,2026-09-17T14:50:02.334047,1789674602.334,2538
g7_brio_cubo_m2_20260917_144829.mp4,2026-09-17T14:50:02.370276,1789674602.370,2539
g7_brio_cubo_m2_20260917_144829.mp4,2026-09-17T14:50:02.407857,1789674602.408,2540
g7_brio_cubo_m2_20260917_144829.mp4,2026-09-17T14:50:02.446932,1789674602.447,2541
g7_brio_cubo_m2_20260917_144829.mp4,2026-09-17T14:50:02.482603,1789674602.483,2542
g7_brio_cubo_m2_20260917_144829.mp4,2026-09-17T14:50:02.520437,1789674602.520,2543
g7_brio_cubo_m2_20260917_144829.mp4,2026-09-17T14:50:02.552755,1789674602.553,2544
g7_brio_cubo_m2_20260917_144829.mp4,2026-09-17T14:50:02.587049,1789674602.587,2545
g7_brio_cubo_m2_20260917_144829.mp4,2026-09-17T14:50:02.620160,1789674602.620,2546
g7_brio_cubo_m2_20260917_144829.mp4,2026-09-17T14:50:02.658261,1789674602.658,2547
g7_brio_cubo_m2_20260917_144829.mp4,2026-09-17T14:50:02.695873,1789674602.696,2548
g7_brio_cubo_m2_20260917_144829.mp4,2026-09-17T14:50:02.727841,1789674602.728,2549
g7_brio_cubo_m2_20260917_144829.mp4,2026-09-17T14:50:02.764384,1789674602.764,2550
g7_brio_cubo_m2_20260917_144829.mp4,2026-09-17T14:50:02.798633,1789674602.799,2551
g7_brio_cubo_m2_20260917_144829.mp4,2026-09-17T14:50:02.834232,1789674602.834,2552
g7_brio_cubo_m2_20260917_144829.mp4,2026-09-17T14:50:02.871391,1789674602.871,2553
g7_brio_cubo_m2_20260917_144829.mp4,2026-09-17T14:50:02.908831,1789674602.909,2554
g7_brio_cubo_m2_20260917_144829.mp4,2026-09-17T14:50:02.940271,1789674602.940,2555
g7_brio_cubo_m2_20260917_144829.mp4,2026-09-17T14:50:02.978610,1789674602.979,2556
g7_brio_cubo_m2_20260917_144829.mp4,2026-09-17T14:50:03.015242,1789674603.015,2557
g7_brio_cubo_m2_20260917_144829.mp4,2026-09-17T14:50:03.052008,1789674603.052,2558
g7_brio_cubo_m2_20260917_144829.mp4,2026-09-17T14:50:03.088476,1789674603.088,2559
g7_brio_cubo_m2_20260917_144829.mp4,2026-09-17T14:50:03.121021,1789674603.121,2560
g7_brio_cubo_m2_20260917_144829.mp4,2026-09-17T14:50:03.157869,1789674603.158,2561
g7_brio_cubo_m2_20260917_144829.mp4,2026-09-17T14:50:03.190942,1789674603.191,2562
g7_brio_cubo_m2_20260917_144829.mp4,2026-09-17T14:50:03.229870,1789674603.230,2563
g7_brio_cubo_m2_20260917_144829.mp4,2026-09-17T14:50:03.259100,1789674603.259,2564
g7_brio_cubo_m2_20260917_144829.mp4,2026-09-17T14:50:03.297299,1789674603.297,2565
g7_brio_cubo_m2_20260917_144829.mp4,2026-09-17T14:50:03.330171,1789674603.330,2566
g7_brio_cubo_m2_20260917_144829.mp4,2026-09-17T14:50:03.366258,1789674603.366,2567
g7_brio_cubo_m2_20260917_144829.mp4,2026-09-17T14:50:03.402784,1789674603.403,2568
g7_brio_cubo_m2_20260917_144829.mp4,2026-09-17T14:50:03.441508,1789674603.442,2569
g7_brio_cubo_m2_20260917_144829.mp4,2026-09-17T14:50:03.479426,1789674603.479,2570
g7_brio_cubo_m2_20260917_144829.mp4,2026-09-17T14:50:03.516555,1789674603.517,2571
g7_brio_cubo_m2_20260917_144829.mp4,2026-09-17T14:50:03.554672,1789674603.555,2572
g7_brio_cubo_m2_20260917_144829.mp4,2026-09-17T14:50:03.581547,1789674603.582,2573
g7_brio_cubo_m2_20260917_144829.mp4,2026-09-17T14:50:03.622205,1789674603.622,2574
g7_brio_cubo_m2_20260917_144829.mp4,2026-09-17T14:50:03.655015,1789674603.655,2575
g7_brio_cubo_m2_20260917_144829.mp4,2026-09-17T14:50:03.693799,1789674603.694,2576
g7_brio_cubo_m2_20260917_144829.mp4,2026-09-17T14:50:03.724875,1789674603.725,2577
g7_brio_cubo_m2_20260917_144829.mp4,2026-09-17T14:50:03.759051,1789674603.759,2578
g7_brio_cubo_m2_20260917_144829.mp4,2026-09-17T14:50:03.794105,1789674603.794,2579
g7_brio_cubo_m2_20260917_144829.mp4,2026-09-17T14:50:03.831119,1789674603.831,2580
g7_brio_cubo_m2_20260917_144829.mp4,2026-09-17T14:50:03.866048,1789674603.866,2581
g7_brio_cubo_m2_20260917_144829.mp4,2026-09-17T14:50:03.902127,1789674603.902,2582
g7_brio_cubo_m2_20260917_144829.mp4,2026-09-17T14:50:03.934245,1789674603.934,2583
g7_brio_cubo_m2_20260917_144829.mp4,2026-09-17T14:50:03.970667,1789674603.971,2584
g7_brio_cubo_m2_20260917_144829.mp4,2026-09-17T14:50:04.006506,1789674604.007,2585
g7_brio_cubo_m2_20260917_144829.mp4,2026-09-17T14:50:04.043001,1789674604.043,2586
g7_brio_cubo_m2_20260917_144829.mp4,2026-09-17T14:50:04.084250,1789674604.084,2587
g7_brio_cubo_m2_20260917_144829.mp4,2026-09-17T14:50:04.120016,1789674604.120,2588
g7_brio_cubo_m2_20260917_144829.mp4,2026-09-17T14:50:04.150350,1789674604.150,2589
g7_brio_cubo_m2_20260917_144829.mp4,2026-09-17T14:50:04.186335,1789674604.186,2590
g7_brio_cubo_m2_20260917_144829.mp4,2026-09-17T14:50:04.222156,1789674604.222,2591
g7_brio_cubo_m2_20260917_144829.mp4,2026-09-17T14:50:04.254087,1789674604.254,2592
g7_brio_cubo_m2_20260917_144829.mp4,2026-09-17T14:50:04.294325,1789674604.294,2593
g7_brio_cubo_m2_20260917_144829.mp4,2026-09-17T14:50:04.330368,1789674604.330,2594
g7_brio_cubo_m2_20260917_144829.mp4,2026-09-17T14:50:04.365542,1789674604.366,2595
g7_brio_cubo_m2_20260917_144829.mp4,2026-09-17T14:50:04.398283,1789674604.398,2596
g7_brio_cubo_m2_20260917_144829.mp4,2026-09-17T14:50:04.437016,1789674604.437,2597
g7_brio_cubo_m2_20260917_144829.mp4,2026-09-17T14:50:04.472560,1789674604.473,2598
g7_brio_cubo_m2_20260917_144829.mp4,2026-09-17T14:50:04.508515,1789674604.509,2599
g7_brio_cubo_m2_20260917_144829.mp4,2026-09-17T14:50:04.545565,1789674604.546,2600
g7_brio_cubo_m2_20260917_144829.mp4,2026-09-17T14:50:04.586728,1789674604.587,2601
g7_brio_cubo_m2_20260917_144829.mp4,2026-09-17T14:50:04.619197,1789674604.619,2602
g7_brio_cubo_m2_20260917_144829.mp4,2026-09-17T14:50:04.650261,1789674604.650,2603
g7_brio_cubo_m2_20260917_144829.mp4,2026-09-17T14:50:04.690528,1789674604.691,2604
g7_brio_cubo_m2_20260917_144829.mp4,2026-09-17T14:50:04.722727,1789674604.723,2605
g7_brio_cubo_m2_20260917_144829.mp4,2026-09-17T14:50:04.758656,1789674604.759,2606
g7_brio_cubo_m2_20260917_144829.mp4,2026-09-17T14:50:04.795340,1789674604.795,2607
g7_brio_cubo_m2_20260917_144829.mp4,2026-09-17T14:50:04.827359,1789674604.827,2608
g7_brio_cubo_m2_20260917_144829.mp4,2026-09-17T14:50:04.862718,1789674604.863,2609
g7_brio_cubo_m2_20260917_144829.mp4,2026-09-17T14:50:04.898224,1789674604.898,2610
g7_brio_cubo_m2_20260917_144829.mp4,2026-09-17T14:50:04.934219,1789674604.934,2611
g7_brio_cubo_m2_20260917_144829.mp4,2026-09-17T14:50:04.971017,1789674604.971,2612
g7_brio_cubo_m2_20260917_144829.mp4,2026-09-17T14:50:05.002718,1789674605.003,2613
g7_brio_cubo_m2_20260917_144829.mp4,2026-09-17T14:50:05.040889,1789674605.041,2614
g7_brio_cubo_m2_20260917_144829.mp4,2026-09-17T14:50:05.080622,1789674605.081,2615
g7_brio_cubo_m2_20260917_144829.mp4,2026-09-17T14:50:05.114007,1789674605.114,2616
g7_brio_cubo_m2_20260917_144829.mp4,2026-09-17T14:50:05.153426,1789674605.153,2617
g7_brio_cubo_m2_20260917_144829.mp4,2026-09-17T14:50:05.186446,1789674605.186,2618
g7_brio_cubo_m2_20260917_144829.mp4,2026-09-17T14:50:05.223711,1789674605.224,2619
g7_brio_cubo_m2_20260917_144829.mp4,2026-09-17T14:50:05.257330,1789674605.257,2620
g7_brio_cubo_m2_20260917_144829.mp4,2026-09-17T14:50:05.293947,1789674605.294,2621
g7_brio_cubo_m2_20260917_144829.mp4,2026-09-17T14:50:05.327696,1789674605.328,2622
g7_brio_cubo_m2_20260917_144829.mp4,2026-09-17T14:50:05.362080,1789674605.362,2623
g7_brio_cubo_m2_20260917_144829.mp4,2026-09-17T14:50:05.397971,1789674605.398,2624
g7_brio_cubo_m2_20260917_144829.mp4,2026-09-17T14:50:05.429998,1789674605.430,2625
g7_brio_cubo_m2_20260917_144829.mp4,2026-09-17T14:50:05.466015,1789674605.466,2626
g7_brio_cubo_m2_20260917_144829.mp4,2026-09-17T14:50:05.502068,1789674605.502,2627
g7_brio_cubo_m2_20260917_144829.mp4,2026-09-17T14:50:05.539158,1789674605.539,2628
g7_brio_cubo_m2_20260917_144829.mp4,2026-09-17T14:50:05.578539,1789674605.579,2629
g7_brio_cubo_m2_20260917_144829.mp4,2026-09-17T14:50:05.615701,1789674605.616,2630
g7_brio_cubo_m2_20260917_144829.mp4,2026-09-17T14:50:05.651511,1789674605.652,2631
g7_brio_cubo_m2_20260917_144829.mp4,2026-09-17T14:50:05.687967,1789674605.688,2632
g7_brio_cubo_m2_20260917_144829.mp4,2026-09-17T14:50:05.724417,1789674605.724,2633
g7_brio_cubo_m2_20260917_144829.mp4,2026-09-17T14:50:05.756877,1789674605.757,2634
g7_brio_cubo_m2_20260917_144829.mp4,2026-09-17T14:50:05.791720,1789674605.792,2635
g7_brio_cubo_m2_20260917_144829.mp4,2026-09-17T14:50:05.825586,1789674605.826,2636
g7_brio_cubo_m2_20260917_144829.mp4,2026-09-17T14:50:05.859908,1789674605.860,2637
g7_brio_cubo_m2_20260917_144829.mp4,2026-09-17T14:50:05.897107,1789674605.897,2638
g7_brio_cubo_m2_20260917_144829.mp4,2026-09-17T14:50:05.930143,1789674605.930,2639
g7_brio_cubo_m2_20260917_144829.mp4,2026-09-17T14:50:05.966141,1789674605.966,2640
g7_brio_cubo_m2_20260917_144829.mp4,2026-09-17T14:50:06.004397,1789674606.004,2641
g7_brio_cubo_m2_20260917_144829.mp4,2026-09-17T14:50:06.041243,1789674606.041,2642
g7_brio_cubo_m2_20260917_144829.mp4,2026-09-17T14:50:06.076419,1789674606.076,2643
g7_brio_cubo_m2_20260917_144829.mp4,2026-09-17T14:50:06.111147,1789674606.111,2644
g7_brio_cubo_m2_20260917_144829.mp4,2026-09-17T14:50:06.146077,1789674606.146,2645
g7_brio_cubo_m2_20260917_144829.mp4,2026-09-17T14:50:06.178083,1789674606.178,2646
g7_brio_cubo_m2_20260917_144829.mp4,2026-09-17T14:50:06.213960,1789674606.214,2647
g7_brio_cubo_m2_20260917_144829.mp4,2026-09-17T14:50:06.250019,1789674606.250,2648
g7_brio_cubo_m2_20260917_144829.mp4,2026-09-17T14:50:06.286097,1789674606.286,2649
g7_brio_cubo_m2_20260917_144829.mp4,2026-09-17T14:50:06.323210,1789674606.323,2650
g7_brio_cubo_m2_20260917_144829.mp4,2026-09-17T14:50:06.359116,1789674606.359,2651
g7_brio_cubo_m2_20260917_144829.mp4,2026-09-17T14:50:06.396411,1789674606.396,2652
g7_brio_cubo_m2_20260917_144829.mp4,2026-09-17T14:50:06.432846,1789674606.433,2653
g7_brio_cubo_m2_20260917_144829.mp4,2026-09-17T14:50:06.466036,1789674606.466,2654
g7_brio_cubo_m2_20260917_144829.mp4,2026-09-17T14:50:06.499326,1789674606.499,2655
g7_brio_cubo_m2_20260917_144829.mp4,2026-09-17T14:50:06.537900,1789674606.538,2656
g7_brio_cubo_m2_20260917_144829.mp4,2026-09-17T14:50:06.569961,1789674606.570,2657
g7_brio_cubo_m2_20260917_144829.mp4,2026-09-17T14:50:06.606192,1789674606.606,2658
g7_brio_cubo_m2_20260917_144829.mp4,2026-09-17T14:50:06.642684,1789674606.643,2659
g7_brio_cubo_m2_20260917_144829.mp4,2026-09-17T14:50:06.678678,1789674606.679,2660
g7_brio_cubo_m2_20260917_144829.mp4,2026-09-17T14:50:06.715308,1789674606.715,2661
g7_brio_cubo_m2_20260917_144829.mp4,2026-09-17T14:50:06.754878,1789674606.755,2662
g7_brio_cubo_m2_20260917_144829.mp4,2026-09-17T14:50:06.789817,1789674606.790,2663
g7_brio_cubo_m2_20260917_144829.mp4,2026-09-17T14:50:06.827371,1789674606.827,2664
g7_brio_cubo_m2_20260917_144829.mp4,2026-09-17T14:50:06.859216,1789674606.859,2665
g7_brio_cubo_m2_20260917_144829.mp4,2026-09-17T14:50:06.895788,1789674606.896,2666
g7_brio_cubo_m2_20260917_144829.mp4,2026-09-17T14:50:06.926836,1789674606.927,2667
g7_brio_cubo_m2_20260917_144829.mp4,2026-09-17T14:50:06.962488,1789674606.963,2668
g7_brio_cubo_m2_20260917_144829.mp4,2026-09-17T14:50:06.998038,1789674606.998,2669
g7_brio_cubo_m2_20260917_144829.mp4,2026-09-17T14:50:07.034123,1789674607.034,2670
g7_brio_cubo_m2_20260917_144829.mp4,2026-09-17T14:50:07.071464,1789674607.071,2671
g7_brio_cubo_m2_20260917_144829.mp4,2026-09-17T14:50:07.108591,1789674607.109,2672
g7_brio_cubo_m2_20260917_144829.mp4,2026-09-17T14:50:07.149115,1789674607.149,2673
g7_brio_cubo_m2_20260917_144829.mp4,2026-09-17T14:50:07.183961,1789674607.184,2674
g7_brio_cubo_m2_20260917_144829.mp4,2026-09-17T14:50:07.220393,1789674607.220,2675
g7_brio_cubo_m2_20260917_144829.mp4,2026-09-17T14:50:07.246161,1789674607.246,2676
g7_brio_cubo_m2_20260917_144829.mp4,2026-09-17T14:50:07.287223,1789674607.287,2677
g7_brio_cubo_m2_20260917_144829.mp4,2026-09-17T14:50:07.321719,1789674607.322,2678
g7_brio_cubo_m2_20260917_144829.mp4,2026-09-17T14:50:07.359119,1789674607.359,2679
g7_brio_cubo_m2_20260917_144829.mp4,2026-09-17T14:50:07.391871,1789674607.392,2680
g7_brio_cubo_m2_20260917_144829.mp4,2026-09-17T14:50:07.430296,1789674607.430,2681
g7_brio_cubo_m2_20260917_144829.mp4,2026-09-17T14:50:07.462309,1789674607.462,2682
g7_brio_cubo_m2_20260917_144829.mp4,2026-09-17T14:50:07.500255,1789674607.500,2683
g7_brio_cubo_m2_20260917_144829.mp4,2026-09-17T14:50:07.533986,1789674607.534,2684
g7_brio_cubo_m2_20260917_144829.mp4,2026-09-17T14:50:07.572987,1789674607.573,2685
g7_brio_cubo_m2_20260917_144829.mp4,2026-09-17T14:50:07.609901,1789674607.610,2686
g7_brio_cubo_m2_20260917_144829.mp4,2026-09-17T14:50:07.641410,1789674607.641,2687
g7_brio_cubo_m2_20260917_144829.mp4,2026-09-17T14:50:07.679365,1789674607.679,2688
g7_brio_cubo_m2_20260917_144829.mp4,2026-09-17T14:50:07.713990,1789674607.714,2689
g7_brio_cubo_m2_20260917_144829.mp4,2026-09-17T14:50:07.751460,1789674607.751,2690
g7_brio_cubo_m2_20260917_144829.mp4,2026-09-17T14:50:07.787456,1789674607.787,2691
g7_brio_cubo_m2_20260917_144829.mp4,2026-09-17T14:50:07.823126,1789674607.823,2692
g7_brio_cubo_m2_20260917_144829.mp4,2026-09-17T14:50:07.855857,1789674607.856,2693
g7_brio_cubo_m2_20260917_144829.mp4,2026-09-17T14:50:07.895157,1789674607.895,2694
g7_brio_cubo_m2_20260917_144829.mp4,2026-09-17T14:50:07.928393,1789674607.928,2695
g7_brio_cubo_m2_20260917_144829.mp4,2026-09-17T14:50:07.964308,1789674607.964,2696
g7_brio_cubo_m2_20260917_144829.mp4,2026-09-17T14:50:07.994007,1789674607.994,2697
g7_brio_cubo_m2_20260917_144829.mp4,2026-09-17T14:50:08.032557,1789674608.033,2698
g7_brio_cubo_m2_20260917_144829.mp4,2026-09-17T14:50:08.066342,1789674608.066,2699
g7_brio_cubo_m2_20260917_144829.mp4,2026-09-17T14:50:08.101988,1789674608.102,2700
g7_brio_cubo_m2_20260917_144829.mp4,2026-09-17T14:50:08.139292,1789674608.139,2701
g7_brio_cubo_m2_20260917_144829.mp4,2026-09-17T14:50:08.177669,1789674608.178,2702
g7_brio_cubo_m2_20260917_144829.mp4,2026-09-17T14:50:08.216493,1789674608.217,2703
g7_brio_cubo_m2_20260917_144829.mp4,2026-09-17T14:50:08.252693,1789674608.253,2704
g7_brio_cubo_m2_20260917_144829.mp4,2026-09-17T14:50:08.288198,1789674608.288,2705
g7_brio_cubo_m2_20260917_144829.mp4,2026-09-17T14:50:08.318384,1789674608.318,2706
g7_brio_cubo_m2_20260917_144829.mp4,2026-09-17T14:50:08.357403,1789674608.357,2707
g7_brio_cubo_m2_20260917_144829.mp4,2026-09-17T14:50:08.390819,1789674608.391,2708
g7_brio_cubo_m2_20260917_144829.mp4,2026-09-17T14:50:08.430801,1789674608.431,2709
g7_brio_cubo_m2_20260917_144829.mp4,2026-09-17T14:50:08.458990,1789674608.459,2710
g7_brio_cubo_m2_20260917_144829.mp4,2026-09-17T14:50:08.494932,1789674608.495,2711
g7_brio_cubo_m2_20260917_144829.mp4,2026-09-17T14:50:08.531708,1789674608.532,2712
g7_brio_cubo_m2_20260917_144829.mp4,2026-09-17T14:50:08.566076,1789674608.566,2713
g7_brio_cubo_m2_20260917_144829.mp4,2026-09-17T14:50:08.604728,1789674608.605,2714
g7_brio_cubo_m2_20260917_144829.mp4,2026-09-17T14:50:08.635710,1789674608.636,2715
g7_brio_cubo_m2_20260917_144829.mp4,2026-09-17T14:50:08.673189,1789674608.673,2716
g7_brio_cubo_m2_20260917_144829.mp4,2026-09-17T14:50:08.710133,1789674608.710,2717
g7_brio_cubo_m2_20260917_144829.mp4,2026-09-17T14:50:08.747066,1789674608.747,2718
g7_brio_cubo_m2_20260917_144829.mp4,2026-09-17T14:50:08.783449,1789674608.783,2719
g7_brio_cubo_m2_20260917_144829.mp4,2026-09-17T14:50:08.819045,1789674608.819,2720
g7_brio_cubo_m2_20260917_144829.mp4,2026-09-17T14:50:08.850617,1789674608.851,2721
g7_brio_cubo_m2_20260917_144829.mp4,2026-09-17T14:50:08.891211,1789674608.891,2722
g7_brio_cubo_m2_20260917_144829.mp4,2026-09-17T14:50:08.926115,1789674608.926,2723
g7_brio_cubo_m2_20260917_144829.mp4,2026-09-17T14:50:08.957180,1789674608.957,2724
g7_brio_cubo_m2_20260917_144829.mp4,2026-09-17T14:50:08.994638,1789674608.995,2725
g7_brio_cubo_m2_20260917_144829.mp4,2026-09-17T14:50:09.026300,1789674609.026,2726
g7_brio_cubo_m2_20260917_144829.mp4,2026-09-17T14:50:09.063883,1789674609.064,2727
g7_brio_cubo_m2_20260917_144829.mp4,2026-09-17T14:50:09.098467,1789674609.098,2728
g7_brio_cubo_m2_20260917_144829.mp4,2026-09-17T14:50:09.138666,1789674609.139,2729
g7_brio_cubo_m2_20260917_144829.mp4,2026-09-17T14:50:09.174217,1789674609.174,2730
g7_brio_cubo_m2_20260917_144829.mp4,2026-09-17T14:50:09.212657,1789674609.213,2731
g7_brio_cubo_m2_20260917_144829.mp4,2026-09-17T14:50:09.246911,1789674609.247,2732
g7_brio_cubo_m2_20260917_144829.mp4,2026-09-17T14:50:09.284340,1789674609.284,2733
g7_brio_cubo_m2_20260917_144829.mp4,2026-09-17T14:50:09.319624,1789674609.320,2734
g7_brio_cubo_m2_20260917_144829.mp4,2026-09-17T14:50:09.349761,1789674609.350,2735
g7_brio_cubo_m2_20260917_144829.mp4,2026-09-17T14:50:09.386744,1789674609.387,2736
g7_brio_cubo_m2_20260917_144829.mp4,2026-09-17T14:50:09.422863,1789674609.423,2737
g7_brio_cubo_m2_20260917_144829.mp4,2026-09-17T14:50:09.458487,1789674609.458,2738
g7_brio_cubo_m2_20260917_144829.mp4,2026-09-17T14:50:09.496029,1789674609.496,2739
g7_brio_cubo_m2_20260917_144829.mp4,2026-09-17T14:50:09.527079,1789674609.527,2740
g7_brio_cubo_m2_20260917_144829.mp4,2026-09-17T14:50:09.562957,1789674609.563,2741
g7_brio_cubo_m2_20260917_144829.mp4,2026-09-17T14:50:09.598306,1789674609.598,2742
g7_brio_cubo_m2_20260917_144829.mp4,2026-09-17T14:50:09.635244,1789674609.635,2743
g7_brio_cubo_m2_20260917_144829.mp4,2026-09-17T14:50:09.673965,1789674609.674,2744
g7_brio_cubo_m2_20260917_144829.mp4,2026-09-17T14:50:09.704630,1789674609.705,2745
g7_brio_cubo_m2_20260917_144829.mp4,2026-09-17T14:50:09.739671,1789674609.740,2746
g7_brio_cubo_m2_20260917_144829.mp4,2026-09-17T14:50:09.779005,1789674609.779,2747
g7_brio_cubo_m2_20260917_144829.mp4,2026-09-17T14:50:09.816266,1789674609.816,2748
g7_brio_cubo_m2_20260917_144829.mp4,2026-09-17T14:50:09.851685,1789674609.852,2749
g7_brio_cubo_m2_20260917_144829.mp4,2026-09-17T14:50:09.888028,1789674609.888,2750
g7_brio_cubo_m2_20260917_144829.mp4,2026-09-17T14:50:09.924570,1789674609.925,2751
g7_brio_cubo_m2_20260917_144829.mp4,2026-09-17T14:50:09.957400,1789674609.957,2752
g7_brio_cubo_m2_20260917_144829.mp4,2026-09-17T14:50:09.991832,1789674609.992,2753
g7_brio_cubo_m2_20260917_144829.mp4,2026-09-17T14:50:10.028940,1789674610.029,2754
g7_brio_cubo_m2_20260917_144829.mp4,2026-09-17T14:50:10.062059,1789674610.062,2755
g7_brio_cubo_m2_20260917_144829.mp4,2026-09-17T14:50:10.097219,1789674610.097,2756
g7_brio_cubo_m2_20260917_144829.mp4,2026-09-17T14:50:10.130118,1789674610.130,2757
g7_brio_cubo_m2_20260917_144829.mp4,2026-09-17T14:50:10.166278,1789674610.166,2758
g7_brio_cubo_m2_20260917_144829.mp4,2026-09-17T14:50:10.202748,1789674610.203,2759
g7_brio_cubo_m2_20260917_144829.mp4,2026-09-17T14:50:10.241383,1789674610.241,2760
g7_brio_cubo_m2_20260917_144829.mp4,2026-09-17T14:50:10.279514,1789674610.280,2761
g7_brio_cubo_m2_20260917_144829.mp4,2026-09-17T14:50:10.316556,1789674610.317,2762
g7_brio_cubo_m2_20260917_144829.mp4,2026-09-17T14:50:10.350996,1789674610.351,2763
g7_brio_cubo_m2_20260917_144829.mp4,2026-09-17T14:50:10.386886,1789674610.387,2764
g7_brio_cubo_m2_20260917_144829.mp4,2026-09-17T14:50:10.423767,1789674610.424,2765
g7_brio_cubo_m2_20260917_144829.mp4,2026-09-17T14:50:10.455595,1789674610.456,2766
g7_brio_cubo_m2_20260917_144829.mp4,2026-09-17T14:50:10.494295,1789674610.494,2767
g7_brio_cubo_m2_20260917_144829.mp4,2026-09-17T14:50:10.526110,1789674610.526,2768
g7_brio_cubo_m2_20260917_144829.mp4,2026-09-17T14:50:10.560281,1789674610.560,2769
g7_brio_cubo_m2_20260917_144829.mp4,2026-09-17T14:50:10.596374,1789674610.596,2770
g7_brio_cubo_m2_20260917_144829.mp4,2026-09-17T14:50:10.630664,1789674610.631,2771
g7_brio_cubo_m2_20260917_144829.mp4,2026-09-17T14:50:10.666129,1789674610.666,2772
g7_brio_cubo_m2_20260917_144829.mp4,2026-09-17T14:50:10.702032,1789674610.702,2773
g7_brio_cubo_m2_20260917_144829.mp4,2026-09-17T14:50:10.738181,1789674610.738,2774
g7_brio_cubo_m2_20260917_144829.mp4,2026-09-17T14:50:10.774355,1789674610.774,2775
g7_brio_cubo_m2_20260917_144829.mp4,2026-09-17T14:50:10.813977,1789674610.814,2776
g7_brio_cubo_m2_20260917_144829.mp4,2026-09-17T14:50:10.843935,1789674610.844,2777
g7_brio_cubo_m2_20260917_144829.mp4,2026-09-17T14:50:10.886231,1789674610.886,2778
g7_brio_cubo_m2_20260917_144829.mp4,2026-09-17T14:50:10.919431,1789674610.919,2779
g7_brio_cubo_m2_20260917_144829.mp4,2026-09-17T14:50:10.954740,1789674610.955,2780
g7_brio_cubo_m2_20260917_144829.mp4,2026-09-17T14:50:10.990637,1789674610.991,2781
g7_brio_cubo_m2_20260917_144829.mp4,2026-09-17T14:50:11.027976,1789674611.028,2782
g7_brio_cubo_m2_20260917_144829.mp4,2026-09-17T14:50:11.060083,1789674611.060,2783
g7_brio_cubo_m2_20260917_144829.mp4,2026-09-17T14:50:11.098777,1789674611.099,2784
g7_brio_cubo_m2_20260917_144829.mp4,2026-09-17T14:50:11.132397,1789674611.132,2785
g7_brio_cubo_m2_20260917_144829.mp4,2026-09-17T14:50:11.163039,1789674611.163,2786
g7_brio_cubo_m2_20260917_144829.mp4,2026-09-17T14:50:11.197914,1789674611.198,2787
g7_brio_cubo_m2_20260917_144829.mp4,2026-09-17T14:50:11.234105,1789674611.234,2788
g7_brio_cubo_m2_20260917_144829.mp4,2026-09-17T14:50:11.272496,1789674611.273,2789
g7_brio_cubo_m2_20260917_144829.mp4,2026-09-17T14:50:11.309918,1789674611.310,2790
g7_brio_cubo_m2_20260917_144829.mp4,2026-09-17T14:50:11.342708,1789674611.343,2791
g7_brio_cubo_m2_20260917_144829.mp4,2026-09-17T14:50:11.378244,1789674611.378,2792
g7_brio_cubo_m2_20260917_144829.mp4,2026-09-17T14:50:11.417139,1789674611.417,2793
g7_brio_cubo_m2_20260917_144829.mp4,2026-09-17T14:50:11.458178,1789674611.458,2794
g7_brio_cubo_m2_20260917_144829.mp4,2026-09-17T14:50:11.486254,1789674611.486,2795
g7_brio_cubo_m2_20260917_144829.mp4,2026-09-17T14:50:11.521710,1789674611.522,2796
g7_brio_cubo_m2_20260917_144829.mp4,2026-09-17T14:50:11.559991,1789674611.560,2797
g7_brio_cubo_m2_20260917_144829.mp4,2026-09-17T14:50:11.595058,1789674611.595,2798
g7_brio_cubo_m2_20260917_144829.mp4,2026-09-17T14:50:11.629863,1789674611.630,2799
g7_brio_cubo_m2_20260917_144829.mp4,2026-09-17T14:50:11.662445,1789674611.662,2800
g7_brio_cubo_m2_20260917_144829.mp4,2026-09-17T14:50:11.704161,1789674611.704,2801
g7_brio_cubo_m2_20260917_144829.mp4,2026-09-17T14:50:11.734024,1789674611.734,2802
g7_brio_cubo_m2_20260917_144829.mp4,2026-09-17T14:50:11.770883,1789674611.771,2803
