t_s,force_g,pos_act,current_mA
0.000928,-7,1348,0
0.003093,-7,,
0.012717,-7,,
0.013215,-7,,
0.013861,-7,,
0.014445,-7,,
0.015076,-7,,
0.015754,-7,,
0.016620,-7,1348,0
0.018435,-7,,
0.024476,-7,,
0.025067,-7,,
0.025699,-7,,
0.026494,-7,,
0.027381,-7,,
0.028010,-7,,
0.028972,-7,1348,0
0.031844,-7,,
0.032449,-7,,
0.033122,-7,,
0.034070,-7,,
0.043865,-7,,
0.044742,-7,,
0.045467,-7,,
0.046307,-7,1352,64
0.048480,-5,,
0.049111,-5,,
0.055112,-5,,
0.056055,-5,,
0.056988,-5,,
0.057609,-5,,
0.058237,-5,,
0.058946,-5,1352,64
0.061720,-5,,
0.062668,-5,,
0.063720,-5,,
0.064613,-5,,
0.065583,-5,,
0.075053,-5,,
0.075942,-5,,
0.076584,-5,1352,64
0.078397,-5,,
0.079041,-5,,
0.080009,-1,,
0.085905,-1,,
0.086854,-1,,
0.087508,-1,,
0.088453,-1,,
0.089085,-1,1356,53
0.091278,-1,,
0.091973,-1,,
0.092528,-1,,
0.093381,-1,,
0.094348,-1,,
0.095287,-1,,
0.095884,-1,,
0.105812,-1,1356,119
0.107975,2,,
0.108955,2,,
0.109597,2,,
0.110535,2,,
0.111177,2,,
0.117357,2,,
0.118269,2,,
0.118876,2,1356,119
0.121400,2,,
0.122062,2,,
0.123027,2,,
0.123986,2,,
0.125150,2,,
0.126130,2,,
0.127071,2,,
0.136888,2,1356,119
0.139350,6,,
0.140456,6,,
0.141410,6,,
0.142514,6,,
0.148071,6,,
0.149088,6,,
0.150065,6,,
0.151033,6,1359,70
0.153971,6,,
0.154921,6,,
0.155898,6,,
0.156865,6,,
0.157821,6,,
0.167828,6,,
0.168729,11,,
0.169681,11,1361,56
0.172577,11,,
0.173525,11,,
0.179156,11,,
0.180132,11,,
0.181264,11,,
0.182212,11,,
0.183140,11,,
0.183738,11,1361,56
0.185885,11,,
0.186534,11,,
0.187154,11,,
0.188109,11,,
0.188724,11,,
0.189317,11,,
0.198961,11,,
0.199582,15,1364,87
0.201413,15,,
0.202047,15,,
0.203005,15,,
0.203961,15,,
0.210225,15,,
0.211188,15,,
0.212143,15,,
0.212759,15,1364,87
0.214614,15,,
0.215231,15,,
0.215857,15,,
0.216817,15,,
0.217409,15,,
0.218016,15,,
0.219014,15,,
0.219646,15,1367,62
0.230590,14,,
0.231547,14,,
0.232472,14,,
0.233109,14,,
0.234051,14,,
0.234664,14,,
0.235309,14,,
0.241112,14,1367,62
0.243630,14,,
0.244217,14,,
0.244857,14,,
0.245500,14,,
0.246155,14,,
0.246752,14,,
0.247351,14,,
0.248279,14,1367,62
0.250146,14,,
0.250892,19,,
0.260834,19,,
0.261736,19,,
0.262693,19,,
0.263291,19,,
0.263925,19,,
0.264853,19,1369,62
0.271964,19,,
0.272576,19,,
0.273212,19,,
0.273819,19,,
0.274435,19,,
0.275088,19,,
0.276009,19,,
0.276660,19,1369,62
0.278543,19,,
0.279162,19,,
0.279775,19,,
0.280712,19,,
0.281323,19,,
0.281958,19,,
0.291746,19,,
0.292699,19,1371,83
0.294947,19,,
0.295567,19,,
0.296183,19,,
0.297122,19,,
0.303179,19,,
0.304169,19,,
0.305106,19,,
0.306251,19,1371,83
0.309297,19,,
0.309906,19,,
0.310832,19,,
0.311454,20,,
0.312088,20,,
0.312676,20,,
0.313288,20,,
0.322901,20,1373,58
0.325415,20,,
0.326389,20,,
0.327313,20,,
0.328267,20,,
0.334012,20,,
0.334933,20,,
0.335573,20,,
0.336236,20,1373,58
0.338077,20,,
0.339038,20,,
0.339689,20,,
0.340656,20,,
0.341288,22,,
0.341899,22,,
0.342521,22,,
0.343470,22,1375,93
0.354960,22,,
0.355878,22,,
0.356835,22,,
0.357797,22,,
0.358791,22,,
0.364961,22,,
0.365842,22,,
0.366755,22,1375,93
0.368922,22,,
0.369565,22,,
0.370483,22,,
0.371158,22,,
0.371739,22,,
0.372351,22,,
0.373013,22,,
0.373977,22,1377,60
0.384971,22,,
0.385864,22,,
0.386780,22,,
0.387387,22,,
0.388008,22,,
0.388984,22,,
0.389966,22,,
0.396168,22,1377,60
0.397970,22,,
0.398581,22,,
0.399197,22,,
0.399852,22,,
0.400420,22,,
0.401079,28,,
0.402051,28,,
0.402674,28,1378,104
0.404556,28,,
0.405502,28,,
0.406295,28,,
0.415826,28,,
0.416735,28,,
0.417662,28,,
0.418240,28,,
0.419224,28,1378,104
0.426885,28,,
0.427574,28,,
0.428549,28,,
0.429468,28,,
0.430347,28,,
0.430981,28,,
0.431945,25,,
0.432566,25,1380,100
0.434769,25,,
0.435348,25,,
0.436036,25,,
0.436613,25,,
0.437246,25,,
0.446990,25,,
0.447860,25,,
0.448781,25,1380,100
0.450632,25,,
0.451248,25,,
0.451853,25,,
0.457864,25,,
0.458477,25,,
0.459458,25,,
0.460386,25,,
0.461334,28,1384,95
0.464751,28,,
0.465816,28,,
0.466871,28,,
0.467780,28,,
0.477851,28,,
0.478729,28,,
0.479844,28,,
0.480776,28,1384,95
0.482904,28,,
0.489147,28,,
0.489736,28,,
0.490695,28,,
0.491309,28,,
0.491949,28,,
0.492578,28,,
0.493505,28,1386,64
0.495718,28,,
0.496674,28,,
0.497284,28,,
0.497907,28,,
0.498855,28,,
0.499463,28,,
0.509123,28,,
0.510049,28,1386,64
0.512938,28,,
0.513879,28,,
0.519906,28,,
0.520802,28,,
0.521418,28,,
0.522040,28,,
0.522675,28,,
0.523271,28,1386,64
0.525511,28,,
0.526187,28,,
0.527107,28,,
0.527706,28,,
0.528326,28,,
0.528947,28,,
0.529533,28,,
0.530466,28,1386,64
0.541514,28,,
0.542441,28,,
0.543066,28,,
0.543695,28,,
0.544304,28,,
0.544955,28,,
0.550892,28,,
0.551492,28,1390,70
0.553393,29,,
0.554379,29,,
0.554953,29,,
0.555571,29,,
0.556234,29,,
0.557164,29,,
0.557756,29,,
0.558361,29,1390,70
0.560210,29,,
0.560810,29,,
0.561424,29,,
0.571158,29,,
0.572064,29,,
0.573037,29,,
0.574025,29,,
0.575026,29,1390,70
0.582558,29,,
0.583439,33,,
0.584358,33,,
0.584983,33,,
0.585916,33,,
0.586505,33,,
0.587115,33,,
0.587709,33,1392,60
0.589906,33,,
0.590518,33,,
0.591085,33,,
0.591807,33,,
0.592378,33,,
0.602350,33,,
0.603279,33,,
0.604227,33,1392,60
0.606364,33,,
0.606984,33,,
0.612990,33,,
0.613855,33,,
0.614467,33,,
0.615078,33,,
0.616027,33,,
0.616639,33,1392,60
0.618777,33,,
0.619394,33,,
0.620013,33,,
0.620630,33,,
0.621248,33,,
0.621838,33,,
0.622808,33,,
0.623407,33,1392,60
0.634547,33,,
0.635157,33,,
0.635749,33,,
0.636355,33,,
0.636996,33,,
0.637606,33,,
0.638226,33,,
0.643942,33,1398,133
0.646064,36,,
0.646719,36,,
0.647315,36,,
0.647943,36,,
0.648573,36,,
0.649150,36,,
0.649772,36,,
0.650375,36,1398,133
0.652213,36,,
0.652806,36,,
0.653437,36,,
0.654069,36,,
0.663818,36,,
0.664705,36,,
0.665299,36,,
0.665938,36,1398,133
0.667759,36,,
0.668353,36,,
0.668979,35,,
0.675140,35,,
0.675721,35,,
0.676326,35,,
0.676952,35,,
0.677575,35,1400,94
0.679426,35,,
0.680048,35,,
0.680679,35,,
0.681635,35,,
0.682618,35,,
0.683241,35,,
0.683863,35,,
0.684480,35,1400,94
0.695345,35,,
0.695967,35,,
0.696566,35,,
0.697184,35,,
0.697795,35,,
0.698400,35,,
0.699020,35,,
0.699643,35,1401,36
0.706975,39,,
0.707595,39,,
0.708243,39,,
0.708825,39,,
0.709441,39,,
0.710255,39,,
0.711169,39,,
0.711737,39,1401,36
0.713587,39,,
0.714242,39,,
0.714825,39,,
0.715468,39,,
0.716117,39,,
0.725770,39,,
0.726341,39,,
0.727321,39,1401,36
0.729242,37,,
0.729842,37,,
0.730797,37,,
0.736865,37,,
0.737475,37,,
0.738095,37,,
0.739079,37,,
0.740033,37,1405,153
0.742269,37,,
0.742881,37,,
0.743479,37,,
0.744095,37,,
0.745051,37,,
0.745670,37,,
0.746293,37,,
0.746926,37,1405,153
0.758411,37,,
0.758997,37,,
0.759627,37,,
0.760242,37,,
0.761231,37,,
0.761851,37,,
0.768200,37,,
0.768821,37,1410,99
0.770703,37,,
0.771360,37,,
0.772322,37,,
0.773276,37,,
0.774251,37,,
0.775246,37,,
0.776193,37,,
0.776811,37,1410,99
0.787911,37,,
0.788803,37,,
0.789406,39,,
0.790363,39,,
0.791009,39,,
0.791601,39,,
0.792232,39,,
0.793189,39,1411,107
0.800381,39,,
0.800990,39,,
0.801620,39,,
0.802223,39,,
0.802851,39,,
0.803447,39,,
0.804071,39,,
0.804717,39,1411,107
0.806594,39,,
0.807195,39,,
0.807823,39,,
0.808448,39,,
0.809414,39,,
0.818873,39,,
0.819774,39,,
0.820731,39,1413,148
0.822957,39,,
0.823893,39,,
0.830064,39,,
0.831001,39,,
0.831923,39,,
0.832886,39,,
0.833521,39,,
0.834156,39,1413,148
0.836008,39,,
0.836625,39,,
0.837173,39,,
0.837827,39,,
0.838789,39,,
0.839421,39,,
0.840040,39,,
0.849837,39,1413,148
0.851971,39,,
0.852602,39,,
0.853237,39,,
0.853846,39,,
0.855090,39,,
0.861404,39,,
0.862552,39,,
0.863642,39,1413,148
0.867193,39,,
0.868418,39,,
0.869360,39,,
0.870312,39,,
0.871251,39,,
0.880889,39,,
0.881800,42,,
0.882762,42,1417,123
0.884967,42,,
0.885555,42,,
0.886167,42,,
0.891976,42,,
0.892565,42,,
0.893198,42,,
0.893912,42,,
0.894780,42,1417,123
0.897277,42,,
0.897920,42,,
0.898551,42,,
0.899497,42,,
0.900307,42,,
0.901419,42,,
0.902346,41,,
0.912017,41,1419,128
0.914902,41,,
0.916013,41,,
0.916961,41,,
0.922908,41,,
0.923530,41,,
0.924466,41,,
0.925545,41,,
0.926410,41,1419,128
0.928633,41,,
0.929307,41,,
0.930349,41,,
0.931274,41,,
0.931851,41,,
0.932837,43,,
0.942786,43,,
0.943744,43,1421,95
0.945923,43,,
0.946556,43,,
0.947185,43,,
0.947818,43,,
0.948420,43,,
0.954536,43,,
0.955182,43,,
0.955768,43,1421,95
0.957646,43,,
0.958280,43,,
0.959251,43,,
0.960232,43,,
0.961209,43,,
0.962168,43,,
0.962765,43,,
0.963730,43,1423,138
0.975041,44,,
0.975833,44,,
0.976753,44,,
0.977713,44,,
0.978330,44,,
0.979283,44,,
0.984891,44,,
0.985521,44,1423,138
0.987758,44,,
0.988725,44,,
0.989698,44,,
0.990652,44,,
0.991302,44,,
0.992259,44,,
0.993246,44,,
0.994185,44,1426,97
1.005915,43,,
1.006872,43,,
1.007510,43,,
1.008120,43,,
1.009080,43,,
1.010049,43,,
1.016010,43,,
1.017039,43,1426,97
1.019220,43,,
1.019825,43,,
1.020430,43,,
1.021377,43,,
1.022037,43,,
1.022649,43,,
1.023582,43,,
1.024545,43,1427,105
1.036164,46,,
1.037236,46,,
1.038260,46,,
1.039254,46,,
1.040219,46,,
1.041348,46,,
1.047306,46,,
1.048185,46,1427,105
1.050435,46,,
1.051088,46,,
1.052049,46,,
1.053012,46,,
1.053656,46,,
1.054635,46,,
1.055590,44,,
1.056210,44,1428,98
1.067058,44,,
1.067687,44,,
1.068647,44,,
1.069251,44,,
1.069889,44,,
1.070853,44,,
1.071832,44,,
1.078106,44,1428,98
1.080191,44,,
1.080791,44,,
1.081747,44,,
1.082327,44,,
1.082969,44,,
1.083597,44,,
1.084491,44,,
1.085152,44,1431,90
1.087296,46,,
1.087921,46,,
1.097904,46,,
1.098791,46,,
1.099403,46,,
1.100023,46,,
1.100646,46,,
1.101290,46,1431,90
1.103220,46,,
1.109043,46,,
1.110021,46,,
1.110950,46,,
1.111575,46,,
1.112522,46,,
1.113160,46,,
1.114013,46,1433,92
1.116553,44,,
1.117166,44,,
1.118082,44,,
1.118751,44,,
1.119673,44,,
1.129143,44,,
1.130020,44,,
1.130657,44,1433,92
1.132821,44,,
1.133442,44,,
1.134070,44,,
1.140240,44,,
1.141215,44,,
1.141790,44,,
1.142411,44,,
1.143343,44,1433,92
1.145257,47,,
1.145895,47,,
1.146505,47,,
1.147467,47,,
1.148397,47,,
1.149003,47,,
1.149653,47,,
1.150624,47,1436,84
1.161529,47,,
1.162167,47,,
1.162773,47,,
1.163404,47,,
1.164031,47,,
1.164663,47,,
1.165273,47,,
1.171146,47,1436,84
1.173364,47,,
1.173959,47,,
1.174957,48,,
1.175918,48,,
1.176523,48,,
1.177206,48,,
1.177799,48,,
1.178735,48,1440,119
1.180653,48,,
1.181259,48,,
1.191130,48,,
1.192167,48,,
1.193121,48,,
1.194095,48,,
1.195021,48,,
1.195618,48,1440,119
1.202987,48,,
1.203630,48,,
1.204249,48,,
1.204889,48,,
1.205478,47,,
1.206193,47,,
1.207102,47,,
1.207709,47,1443,76
1.209479,47,,
1.210190,47,,
1.210750,47,,
1.211720,47,,
1.212714,47,,
1.222168,47,,
1.222991,47,,
1.223615,47,1443,76
1.225781,47,,
1.226340,47,,
1.227071,47,,
1.233169,47,,
1.233737,47,,
1.234330,47,,
1.234963,47,,
1.235571,49,1445,65
1.237404,49,,
1.238033,49,,
1.238639,49,,
1.239229,49,,
1.239851,49,,
1.240433,49,,
1.241042,49,,
1.241673,49,1445,65
1.252754,49,,
1.253626,49,,
1.254230,49,,
1.254859,49,,
1.255496,49,,
1.256072,49,,
1.256695,49,,
1.257305,49,1445,65
1.264834,48,,
1.265405,48,,
1.266024,48,,
1.266639,48,,
1.267262,48,,
1.267835,48,,
1.268454,48,,
1.269133,48,1447,90
1.271242,48,,
1.271877,48,,
1.272488,48,,
1.273116,48,,
1.274056,48,,
1.283862,48,,
1.284888,48,,
1.285747,48,1447,90
1.287952,48,,
1.288548,48,,
1.289219,48,,
1.295052,48,,
1.295995,50,,
1.296899,50,,
1.298057,50,,
1.299049,50,1449,71
1.301557,50,,
1.302503,50,,
1.303144,50,,
1.304088,50,,
1.304699,50,,
1.305285,50,,
1.315051,50,,
1.315886,50,1449,71
1.317701,50,,
1.318279,50,,
1.318914,50,,
1.319527,50,,
1.320141,50,,
1.326413,50,,
1.326955,50,,
1.327788,50,1452,99
1.329578,50,,
1.330174,50,,
1.330780,50,,
1.331388,50,,
1.332001,50,,
1.332645,50,,
1.333234,50,,
1.333835,50,1452,99
1.335708,50,,
1.336316,50,,
1.345883,50,,
1.346462,50,,
1.347081,50,,
1.347699,50,,
1.348306,50,,
1.348898,50,1452,99
1.350770,50,,
1.351374,48,,
1.357231,48,,
1.358199,48,,
1.358788,48,,
1.359761,48,,
1.360759,48,,
1.361346,48,1454,59
1.363544,48,,
1.364176,48,,
1.365150,48,,
1.366092,48,,
1.367059,48,,
1.376818,48,,
1.377811,48,,
1.378740,48,1454,59
1.381166,48,,
1.382126,48,,
1.387919,48,,
1.388520,48,,
1.389177,48,,
1.389782,48,,
1.390397,48,,
1.391363,48,1456,43
1.393910,48,,
1.394542,48,,
1.395467,48,,
1.396116,48,,
1.396739,48,,
1.397344,48,,
1.397999,48,,
1.407880,48,1456,43
1.409847,48,,
1.410776,48,,
1.411395,51,,
1.412036,51,,
1.412663,51,,
1.413253,51,,
1.419370,51,,
1.420286,51,1458,93
1.422885,51,,
1.423567,51,,
1.424515,51,,
1.425459,51,,
1.426135,51,,
1.427108,51,,
1.428072,51,,
1.429038,51,1458,93
1.439962,51,,
1.440913,51,,
1.441553,51,,
1.442508,51,,
1.443114,50,,
1.444074,50,,
1.449927,50,,
1.450530,50,1459,75
1.452742,50,,
1.453371,50,,
1.454003,50,,
1.454619,50,,
1.455254,50,,
1.455874,50,,
1.456497,50,,
1.457250,50,1459,75
1.459140,50,,
1.459772,50,,
1.460356,50,,
1.470042,50,,
1.470641,50,,
1.471582,50,,
1.472637,50,,
1.473568,50,1459,75
1.480958,50,,
1.481903,50,,
1.482861,50,,
1.483497,50,,
1.484161,50,,
1.484760,50,,
1.485380,50,,
1.486010,50,1459,75
1.487909,50,,
1.488871,50,,
1.489842,50,,
1.490819,50,,
1.491419,50,,
1.501155,50,,
1.502032,50,,
1.502639,50,1462,38
1.504934,51,,
1.505536,51,,
1.506160,51,,
1.512356,51,,
1.513237,51,,
1.513868,51,,
1.514814,51,,
1.515404,51,1462,38
1.517285,51,,
1.517917,51,,
1.518552,51,,
1.519227,51,,
1.519803,51,,
1.520436,51,,
1.521093,51,,
1.522066,51,1462,38
1.533402,51,,
1.533982,51,,
1.534907,51,,
1.535520,51,,
1.536158,51,,
1.537136,51,,
1.542921,51,,
1.543576,51,1462,38
1.545771,51,,
1.546377,51,,
1.546991,51,,
1.547960,51,,
1.548580,51,,
1.549183,51,,
1.549805,51,,
1.550383,51,1462,38
1.552619,51,,
1.553264,51,,
1.563044,51,,
1.563891,54,,
1.564555,54,,
1.565472,54,,
1.566088,54,,
1.567089,54,1468,64
1.574884,54,,
1.575474,54,,
1.576107,54,,
1.576715,54,,
1.577324,54,,
1.577970,54,,
1.578605,54,,
1.579513,54,1468,64
1.581328,54,,
1.581951,54,,
1.582601,54,,
1.583220,54,,
1.583852,54,,
1.584458,54,,
1.594158,54,,
1.595119,54,1469,87
1.597292,54,,
1.597930,54,,
1.598549,54,,
1.599498,54,,
1.605498,54,,
1.606491,54,,
1.607131,54,,
1.608028,54,1469,87
1.610209,54,,
1.610857,54,,
1.611458,54,,
1.612370,54,,
1.613038,54,,
1.613648,54,,
1.614595,54,,
1.615200,55,1473,129
1.626081,55,,
1.626745,55,,
1.627365,55,,
1.627960,55,,
1.628900,55,,
1.629537,55,,
1.630172,55,,
1.635970,55,1473,129
1.638196,55,,
1.639178,55,,
1.639815,55,,
1.640428,55,,
1.641397,55,,
1.642053,55,,
1.642691,55,,
1.643326,55,1473,129
1.645227,55,,
1.645825,55,,
1.646772,55,,
1.656163,55,,
1.657089,55,,
1.657696,55,,
1.658312,55,,
1.658936,55,1476,93
1.660829,55,,
1.661439,55,,
1.667264,55,,
1.667881,55,,
1.668495,55,,
1.669201,55,,
1.670317,55,,
1.671230,55,1476,93
1.673614,55,,
1.674529,55,,
1.675129,56,,
1.676041,56,,
1.676655,56,,
1.677251,56,,
1.686937,56,,
1.687573,56,1479,141
1.689430,56,,
1.690068,56,,
1.690688,56,,
1.691325,56,,
1.691956,56,,
1.698255,56,,
1.698867,56,,
1.699495,56,1479,141
1.701298,56,,
1.701975,56,,
1.702603,56,,
1.703245,56,,
1.704195,56,,
1.704803,56,,
1.705399,56,,
1.706036,56,1481,161
1.707860,56,,
1.717873,56,,
1.718782,56,,
1.719393,56,,
1.720022,56,,
1.720643,56,,
1.721259,56,,
1.721889,56,1481,161
1.728913,56,,
1.729472,56,,
1.730079,56,,
1.730688,56,,
1.731305,56,,
1.731931,56,,
1.732537,56,,
1.733447,56,1481,161
1.735317,56,,
1.735972,56,,
1.736914,56,,
1.737585,56,,
1.738525,56,,
1.739168,56,,
1.748822,56,,
1.749445,56,1484,41
1.751280,56,,
1.751922,56,,
1.752880,56,,
1.753506,56,,
1.754141,56,,
1.759957,56,,
1.760925,56,,
1.761532,56,1484,41
1.763724,56,,
1.764353,56,,
1.764927,56,,
1.765869,65,,
1.766483,65,,
1.767095,65,,
1.768064,65,,
1.768700,65,1484,139
1.779893,65,,
1.780739,65,,
1.781327,65,,
1.781954,65,,
1.782571,65,,
1.783193,65,,
1.783787,65,,
1.784367,65,1484,139
1.791741,65,,
1.792353,65,,
1.793013,65,,
1.793607,65,,
1.794210,65,,
1.794861,65,,
1.795499,77,,
1.796445,77,1488,104
1.798626,77,,
1.799253,77,,
1.799860,77,,
1.800441,77,,
1.801041,77,,
1.810797,77,,
1.811396,77,,
1.812039,77,1488,104
1.813846,77,,
1.814451,77,,
1.815112,77,,
1.816029,77,,
1.821901,77,,
1.822544,77,,
1.823523,77,,
1.824502,77,1488,123
1.826994,89,,
1.827610,89,,
1.828255,89,,
1.828858,89,,
1.829471,89,,
1.830077,89,,
1.830689,89,,
1.831318,89,1490,123
1.842832,89,,
1.843767,89,,
1.844381,89,,
1.845006,89,,
1.845635,89,,
1.846578,89,,
1.847227,89,,
1.853012,89,1490,123
1.855402,104,,
1.856114,104,,
1.856998,104,,
1.857593,104,,
1.858194,104,,
1.858830,104,,
1.859423,104,,
1.860055,104,1492,166
1.861898,104,,
1.862499,104,,
1.863134,104,,
1.872801,104,,
1.873388,104,,
1.874013,104,,
1.874631,104,,
1.875229,104,1492,166
1.877078,104,,
1.877813,104,,
1.878659,104,,
1.884633,104,,
1.885481,104,,
1.886394,104,,
1.887035,104,,
1.887681,117,1495,82
1.889524,117,,
1.890147,117,,
1.890992,117,,
1.891952,117,,
1.892807,117,,
1.893388,117,,
1.894002,117,,
1.903812,117,1495,82
1.905636,117,,
1.906272,117,,
1.906873,117,,
1.907468,117,,
1.908112,117,,
1.908707,117,,
1.909290,117,,
1.915106,117,1495,82
1.916916,117,,
1.917525,105,,
1.918167,105,,
1.919120,105,,
1.919721,105,,
1.920303,105,,
1.920954,105,,
1.921577,105,1492,-1
1.924077,105,,
1.924705,105,,
1.925299,105,,
1.935040,105,,
1.935863,105,,
1.936467,105,,
1.937091,105,,
1.937717,105,1492,-1
1.939550,105,,
1.940169,105,,
1.945914,105,,
1.946851,105,,
1.947414,97,,
1.948077,97,,
1.948671,97,,
1.949249,97,1490,105
1.951146,97,,
1.951705,97,,
1.952326,97,,
1.952935,97,,
1.953588,97,,
1.954198,97,,
1.954803,97,,
1.955372,97,1490,105
1.966793,97,,
1.967344,97,,
1.967995,97,,
1.968571,97,,
1.969196,97,,
1.969812,97,,
1.970392,97,,
1.971034,97,1490,105
1.978383,98,,
1.979029,98,,
1.979683,98,,
1.980225,98,,
1.980888,98,,
1.981516,98,,
1.982113,98,,
1.982757,98,1494,-24
1.984701,98,,
1.985584,98,,
1.986190,98,,
1.986805,98,,
1.987410,98,,
1.996999,98,,
1.997580,98,,
1.998193,98,1494,-24
2.000030,98,,
2.000661,98,,
2.001276,98,,
2.001879,98,,
2.007919,98,,
2.008538,93,,
2.009151,93,,
2.009764,93,1489,114
2.011650,93,,
2.012584,93,,
2.013193,93,,
2.013796,93,,
2.014393,93,,
2.015017,93,,
2.015655,93,,
2.016221,93,1489,114
2.018078,93,,
2.028060,93,,
2.029290,93,,
2.030244,93,,
2.031183,93,,
2.031790,93,,
2.032405,93,,
2.033039,104,1494,0
2.040573,104,,
2.041187,104,,
2.041839,104,,
2.042808,104,,
2.043377,104,,
2.044018,104,,
2.044656,104,,
2.045290,104,1494,0
2.047478,104,,
2.048093,104,,
2.048720,104,,
2.049326,104,,
2.058983,104,,
2.059937,104,,
2.060856,104,,
2.061476,104,1494,0
2.064201,104,,
2.070246,104,,
2.071215,104,,
2.072165,104,,
2.072786,104,,
2.073423,104,,
2.074329,104,,
2.075267,104,1494,0
2.077433,104,,
2.078064,104,,
2.079048,104,,
2.080151,104,,
2.089860,104,,
2.090792,104,,
2.091778,104,,
2.092746,104,1494,0
2.094644,104,,
2.095230,104,,
2.101143,104,,
2.102016,104,,
2.102641,104,,
2.103576,104,,
2.104260,104,,
2.104836,104,1494,0
2.106724,104,,
2.107347,104,,
2.107979,104,,
2.108630,104,,
2.109590,104,,
2.110235,104,,
2.111207,104,,
2.120782,104,1494,0
2.122716,104,,
2.123304,104,,
2.123906,104,,
2.124568,104,,
2.125511,104,,
2.126157,104,,
2.131988,104,,
2.132601,104,1494,0
2.134484,104,,
2.135353,104,,
2.136267,104,,
2.137227,104,,
2.138173,104,,
2.138767,104,,
2.139399,104,,
2.139975,104,1494,0
2.141824,104,,
2.142864,104,,
2.152272,104,,
2.153171,104,,
2.153772,104,,
2.154368,104,,
2.155000,104,,
2.155661,104,1494,0
2.163280,104,,
2.164142,104,,
2.164778,104,,
2.165360,104,,
2.166024,104,,
2.166621,104,,
2.167572,104,,
2.168181,104,1494,0
2.170011,104,,
2.170676,104,,
2.171286,104,,
2.171943,104,,
2.172574,104,,
2.173247,104,,
2.182822,104,,
2.183436,104,1494,0
2.185250,103,,
2.185897,103,,
2.186518,103,,
2.187152,103,,
2.187772,103,,
2.188370,103,,
2.194229,103,,
2.195208,103,1494,0
2.197767,103,,
2.198727,103,,
2.199682,103,,
2.200258,103,,
2.200932,103,,
2.201551,103,,
2.202528,103,,
2.203158,103,1494,0
2.214091,103,,
2.215001,103,,
2.215615,103,,
2.216224,103,,
2.216835,103,,
2.217793,103,,
2.218419,103,,
2.219043,103,1494,0
2.226835,103,,
2.227454,103,,
2.228095,103,,
2.228708,103,,
2.229310,103,,
2.230152,103,,
2.230933,103,,
2.231844,103,1494,0
2.233709,103,,
2.234675,103,,
2.235274,103,,
2.245002,103,,
2.245920,103,,
2.246488,103,,
2.247411,103,,
2.248051,103,1494,0
2.250634,103,,
2.256497,103,,
2.257117,103,,
2.257698,103,,
2.258356,103,,
2.258950,103,,
2.259595,103,,
2.260405,103,1494,0
2.262889,103,,
2.263495,103,,
2.264449,103,,
2.265002,103,,
2.265612,103,,
2.266260,103,,
2.275855,104,,
2.276789,104,1494,0
2.279048,104,,
2.279674,104,,
2.280302,104,,
2.280861,104,,
2.281515,104,,
2.287231,104,,
2.287840,104,,
2.288447,104,1494,0
2.290351,104,,
2.291004,104,,
2.291629,104,,
2.292227,104,,
2.292890,104,,
2.293469,104,,
2.294121,104,,
2.295052,104,1494,0
2.296932,104,,
2.306835,104,,
2.307466,104,,
2.308045,104,,
2.309035,104,,
2.309686,104,,
2.310653,104,,
2.311603,104,1494,0
2.318949,104,,
2.319608,104,,
2.320259,104,,
2.321237,104,,
2.322204,104,,
2.322821,104,,
2.323438,104,,
2.324083,104,1494,0
2.326240,104,,
2.326878,104,,
2.327491,104,,
2.328139,103,,
2.337912,103,,
2.338851,103,,
2.339496,103,,
2.340436,103,1494,0
2.343003,103,,
2.349191,103,,
2.349806,103,,
2.350772,103,,
2.351364,103,,
2.352024,103,,
2.352665,103,,
2.353657,103,1494,0
2.355856,103,,
2.356501,103,,
2.357137,103,,
2.357764,103,,
2.358372,103,,
2.359354,104,,
2.368953,104,,
2.369838,104,1494,0
2.372702,104,,
2.373306,104,,
2.373909,104,,
2.380063,104,,
2.380946,104,,
2.381556,104,,
2.382171,104,,
2.382785,104,1494,0
2.384667,104,,
2.385645,104,,
2.386256,104,,
2.386875,104,,
2.387540,104,,
2.388482,103,,
2.389359,103,,
2.390390,103,1494,0
2.401777,103,,
2.402468,103,,
2.403374,103,,
2.404017,103,,
2.404643,103,,
2.405245,103,,
2.411164,103,,
2.412184,103,1494,0
2.414590,103,,
2.415201,103,,
2.415816,103,,
2.416386,103,,
2.417009,103,,
2.417666,103,,
2.418237,103,,
2.418889,103,1494,0
2.421133,103,,
2.430950,103,,
2.431834,103,,
2.432406,103,,
2.433336,103,,
2.433974,103,,
2.434572,103,,
2.435220,103,1494,0
2.442990,103,,
2.443676,103,,
2.444660,103,,
2.445686,103,,
2.446557,103,,
2.447222,103,,
2.447783,103,,
2.448360,103,1494,0
2.450250,103,,
2.450878,103,,
2.451530,103,,
2.452180,103,,
2.462089,103,,
2.463406,103,,
2.464467,103,,
2.465438,103,1494,0
2.473315,103,,
2.474305,103,,
2.475252,103,,
2.476023,103,,
2.476975,103,,
2.477911,103,,
2.478539,103,,
2.479409,103,1494,0
2.481882,103,,
2.482818,103,,
2.483436,103,,
2.493156,103,,
2.494065,103,,
2.494673,103,,
2.495621,103,,
2.496569,103,1494,0
2.504089,103,,
2.505019,103,,
2.505671,103,,
2.506285,103,,
2.506880,103,,
2.507501,103,,
2.508161,103,,
2.509078,103,1494,0
2.511351,103,,
2.512253,103,,
2.512890,103,,
2.513448,103,,
2.514130,103,,
2.523750,103,,
2.524375,103,,
2.524990,103,1494,0
2.526871,103,,
2.527485,103,,
2.528080,103,,
2.528737,103,,
2.529348,103,,
2.535375,103,,
2.535961,103,,
2.536556,103,1494,0
2.538366,103,,
2.539052,103,,
2.539652,103,,
2.540197,103,,
2.540804,103,,
2.541443,103,,
2.542102,103,,
2.542736,103,1494,0
2.544560,103,,
2.545171,103,,
2.554896,103,,
2.555752,103,,
2.556334,103,,
2.556961,103,,
2.557559,103,,
2.558204,103,1494,0
2.559996,103,,
2.565952,103,,
2.566530,103,,
2.567185,103,,
2.567771,103,,
2.568392,103,,
2.569054,103,,
2.569670,103,1494,0
2.571495,102,,
2.572115,102,,
2.572841,102,,
2.573692,102,,
2.574665,102,,
2.575586,102,,
2.576201,102,,
2.585842,102,1494,0
2.587893,102,,
2.588508,102,,
2.589151,102,,
2.589763,102,,
2.590339,102,,
2.590953,102,,
2.597011,102,,
2.597716,102,1494,0
2.599666,102,,
2.600596,102,,
2.601198,102,,
2.601829,102,,
2.602382,102,,
2.603042,102,,
2.603657,102,,
2.604229,102,1494,0
2.606447,102,,
2.607056,102,,
2.616771,102,,
2.617387,102,,
2.618004,102,,
2.618621,102,,
2.619201,102,,
2.619860,102,1494,0
2.621754,102,,
2.622330,102,,
2.628338,102,,
2.628944,102,,
2.629578,102,,
2.630234,102,,
2.630840,102,,
2.631429,102,1494,0
2.633238,102,,
2.633899,102,,
2.634511,102,,
2.635132,102,,
2.635734,102,,
2.636359,102,,
2.636962,102,,
2.637568,102,1494,0
2.648373,102,,
2.649007,102,,
2.649968,102,,
2.650596,102,,
2.651549,102,,
2.652193,102,,
2.652817,102,,
2.653440,102,1494,0
2.660368,102,,
2.661011,102,,
2.661623,102,,
2.662213,102,,
2.663206,103,,
2.664143,103,,
2.664734,103,,
2.665311,103,1494,0
2.667183,103,,
2.667815,103,,
2.668387,103,,
2.669050,103,,
2.678901,103,,
2.679813,103,,
2.680433,103,,
2.681036,103,1494,0
2.682903,103,,
2.683516,103,,
2.684136,103,,
2.690023,103,,
2.690959,103,,
2.691926,103,,
2.692577,103,,
2.693162,103,1494,0
2.695023,103,,
2.695670,103,,
2.696611,103,,
2.697223,103,,
2.698189,103,,
2.698798,103,,
2.699394,103,,
2.700012,103,1494,0
2.711932,103,,
2.712861,103,,
2.713456,103,,
2.714092,103,,
2.714682,103,,
2.715310,103,,
2.721309,103,,
2.721887,103,1494,0
2.724094,103,,
2.724763,103,,
2.725402,103,,
2.725996,103,,
2.726937,103,,
2.727599,103,,
2.728528,103,,
2.729166,103,1494,0
2.731644,103,,
2.741014,103,,
2.741617,103,,
2.742247,103,,
2.742832,103,,
2.743552,103,,
2.744465,103,,
2.745446,103,1494,0
2.752637,103,,
2.753587,103,,
2.754585,103,,
2.755214,103,,
2.755842,103,,
2.756461,103,,
2.757111,103,,
2.757722,103,1494,0
2.759586,103,,
2.760214,103,,
2.761139,103,,
2.761771,103,,
2.762346,103,,
2.772075,103,,
2.773047,103,,
2.773999,103,1494,0
2.776213,103,,
2.777161,103,,
2.782969,103,,
2.783864,103,,
2.784822,103,,
2.785406,103,,
2.786071,103,,
2.786702,103,1494,0
2.789269,103,,
2.789926,103,,
2.790886,103,,
2.791507,103,,
2.792107,103,,
2.792740,103,,
2.793326,103,,
2.803118,103,1494,0
2.805598,103,,
2.806507,103,,
2.807172,103,,
2.807761,103,,
2.808376,103,,
2.814607,103,,
2.815463,103,,
2.816084,103,1494,0
2.818232,103,,
2.818862,103,,
2.819823,103,,
2.820565,103,,
2.821417,103,,
2.822024,103,,
2.822642,103,,
2.823229,103,1494,0
2.834458,103,,
2.835369,103,,
2.835975,103,,
2.836949,103,,
2.837932,103,,
2.838870,103,,
2.839830,103,,
2.845455,103,1494,0
2.848210,103,,
2.848873,103,,
2.849776,103,,
2.850384,103,,
2.850973,103,,
2.851570,103,,
2.852155,103,,
2.852805,103,1494,0
2.854662,103,,
2.855230,103,,
2.864953,103,,
2.865804,103,,
2.866389,103,,
2.867170,103,,
2.868024,103,,
2.868955,103,1494,0
2.875997,103,,
2.876661,103,,
2.877266,103,,
2.877906,103,,
2.878534,103,,
2.879579,103,,
2.880423,103,,
2.881040,103,1494,0
2.883234,103,,
2.884178,103,,
2.884798,103,,
2.885399,103,,
2.886047,103,,
2.895814,103,,
2.896594,103,,
2.897484,103,1494,0
2.899626,103,,
2.900570,103,,
2.901197,103,,
2.907277,103,,
2.908244,103,,
2.909186,103,,
2.910172,103,,
2.911135,103,1494,0
2.912975,103,,
2.913600,103,,
2.914222,103,,
2.915207,103,,
2.916143,103,,
2.916765,103,,
2.917444,103,,
2.926969,103,1494,0
2.928803,103,,
2.929747,103,,
2.930374,103,,
2.931001,103,,
2.931613,103,,
2.932217,103,,
2.938069,103,,
2.938676,103,1494,0
2.941798,103,,
2.942767,103,,
2.943698,103,,
2.944273,103,,
2.944932,103,,
2.945552,103,,
2.946336,103,,
2.947214,103,1494,0
2.958864,103,,
2.959793,103,,
2.960411,103,,
2.961061,103,,
2.961705,103,,
2.962304,103,,
2.962983,103,,
2.968993,103,1494,0
2.971161,103,,
2.971771,103,,
2.972370,103,,
2.972980,103,,
2.973761,103,,
2.974610,103,,
2.975546,103,,
2.976178,103,1494,0
2.978059,103,,
2.978697,103,,
2.979673,103,,
2.988983,103,,
2.989583,103,,
2.990203,103,,
2.990820,103,,
2.991441,103,1494,0
2.993645,102,,
2.994253,102,,
3.000307,102,,
3.000877,102,,
3.001480,102,,
3.002405,102,,
3.003024,102,,
3.003639,102,1494,0
3.005813,102,,
3.006384,102,,
3.007027,102,,
3.007619,102,,
3.008221,102,,
3.008899,102,,
3.009859,102,,
3.010796,102,1494,0
3.021700,102,,
3.022310,102,,
3.022919,102,,
3.023536,102,,
3.024148,102,,
3.024781,102,,
3.025491,102,,
3.031268,102,1494,0
3.033339,102,,
3.033931,102,,
3.034597,102,,
3.035209,102,,
3.035792,102,,
3.036422,102,,
3.037347,102,,
3.037974,102,1494,0
3.039830,102,,
3.040436,102,,
3.041095,102,,
3.050913,102,,
3.051876,102,,
3.052451,103,,
3.053087,103,,
3.053727,103,1494,0
3.055943,103,,
3.061966,103,,
3.062890,103,,
3.063504,103,,
3.064129,103,,
3.064746,103,,
3.065314,103,,
3.065948,103,1494,0
3.067865,103,,
3.068476,103,,
3.069143,103,,
3.070113,103,,
3.070739,103,,
3.071339,103,,
3.071985,103,,
3.082084,102,1494,0
3.084887,102,,
3.085487,102,,
3.086112,102,,
3.087226,102,,
3.093333,102,,
3.093918,102,,
3.094876,102,,
3.095473,102,1494,0
3.097661,102,,
3.098272,102,,
3.098892,102,,
3.099524,102,,
3.100147,102,,
3.100763,102,,
3.101716,102,,
3.102338,102,1494,0
3.113811,102,,
3.114439,102,,
3.115033,102,,
3.116007,102,,
3.116616,102,,
3.117270,102,,
3.117889,102,,
3.118531,102,1494,0
3.125903,102,,
3.126544,102,,
3.127192,102,,
3.128160,102,,
3.129136,102,,
3.130094,102,,
3.130710,102,,
3.131305,102,1494,0
3.133554,102,,
3.134517,102,,
3.144018,102,,
3.144904,102,,
3.145503,102,,
3.146115,102,,
3.146719,102,,
3.147497,102,1494,0
3.155007,102,,
3.155920,102,,
3.156545,102,,
3.157144,102,,
3.157740,102,,
3.158683,102,,
3.159275,102,,
3.159889,102,1494,0
3.161762,102,,
3.162320,102,,
3.162952,102,,
3.163565,102,,
3.164188,102,,
3.164787,102,,
3.165406,102,,
3.175182,102,1494,0
3.177156,102,,
3.177774,102,,
3.178346,102,,
3.178988,102,,
3.179600,102,,
3.180457,102,,
3.186490,102,,
3.187411,102,1494,0
3.190231,102,,
3.190781,102,,
3.191714,102,,
3.192295,102,,
3.192938,102,,
3.193883,102,,
3.194484,102,,
3.195094,102,1494,0
3.205990,103,,
3.206650,103,,
3.207333,103,,
3.207896,103,,
3.208507,103,,
3.209128,103,,
3.209727,103,,
3.210360,103,1494,0
3.217462,103,,
3.218123,103,,
3.218737,103,,
3.219343,103,,
3.219978,103,,
3.220574,103,,
3.221181,103,,
3.221815,103,1494,0
3.223628,103,,
3.224235,103,,
3.224848,103,,
3.225536,103,,
3.226150,103,,
3.226783,103,,
3.227341,103,,
3.237023,103,1494,0
3.239454,103,,
3.240135,103,,
3.240697,103,,
3.241302,103,,
3.241947,103,,
3.242574,103,,
3.248395,103,,
3.249236,103,1494,0
3.251124,103,,
3.251730,103,,
3.252287,103,,
3.252929,103,,
3.253545,103,,
3.254153,103,,
3.254764,103,,
3.255345,103,1494,0
3.257153,103,,
3.257773,103,,
3.258383,103,,
3.268035,103,,
3.268917,103,,
3.269554,103,,
3.270492,103,,
3.271094,103,1494,0
3.273550,103,,
3.279346,103,,
3.280276,103,,
3.280904,103,,
3.281520,103,,
3.282139,103,,
3.282764,103,,
3.283364,103,1494,0
3.285585,103,,
3.286236,103,,
3.286836,103,,
3.287450,103,,
3.288078,103,,
3.289018,103,,
3.298876,103,,
3.299506,103,1494,0
3.301693,103,,
3.302267,103,,
3.302917,103,,
3.303541,103,,
3.304184,103,,
3.310081,103,,
3.310693,103,,
3.311675,103,1494,0
3.314613,103,,
3.315266,103,,
3.316230,103,,
3.316822,103,,
3.317811,103,,
3.318450,103,,
3.319407,102,,
3.320046,102,1494,0
3.331467,102,,
3.332120,102,,
3.332708,102,,
3.333343,102,,
3.333958,102,,
3.334931,102,,
3.335572,102,,
3.341577,102,1494,0
3.344491,102,,
3.345122,102,,
3.345718,102,,
3.346687,102,,
3.347971,102,,
3.349222,102,,
3.350450,102,,
3.351664,102,1494,0
3.363528,102,,
3.364722,102,,
3.365946,102,,
3.372720,102,,
3.373728,102,,
3.374960,102,,
3.376191,102,,
3.377390,102,1494,0
3.380764,102,,
3.381721,102,,
3.382665,102,,
3.392188,102,,
3.393084,102,,
3.394219,102,,
3.395232,102,,
3.396226,102,1494,0
3.404253,102,,
3.405247,102,,
3.406231,102,,
3.407215,102,,
3.408193,102,,
3.409142,102,,
3.410120,102,,
3.411084,102,1494,0
3.422954,102,,
3.423894,102,,
3.424875,102,,
3.425481,102,,
3.426440,102,,
3.427044,102,,
3.427660,102,,
3.428615,102,1494,0
3.436115,102,,
3.436731,102,,
3.437678,102,,
3.438291,102,,
3.438905,102,,
3.439551,102,,
3.440201,102,,
3.440824,102,1494,0
3.442730,102,,
3.443350,102,,
3.443975,102,,
3.453887,102,,
3.454833,102,,
3.455471,102,,
3.456078,102,,
3.457029,102,1494,0
3.459643,102,,
3.465409,102,,
3.466361,102,,
3.466957,102,,
3.467596,102,,
3.468213,102,,
3.469209,102,,
3.470180,102,1494,0
3.472674,102,,
3.473769,102,,
3.474795,102,,
3.475779,102,,
3.485244,102,,
3.486203,102,,
3.487182,102,,
3.488160,102,1494,0
3.490001,102,,
3.496053,102,,
3.496968,102,,
3.497602,102,,
3.498237,102,,
3.499212,102,,
3.500179,102,,
3.500808,102,1494,0
3.502725,102,,
3.503339,102,,
3.503970,102,,
3.504913,102,,
3.505892,102,,
3.515881,102,,
3.516470,102,,
3.517066,102,1494,0
3.519624,102,,
3.520579,102,,
3.521527,102,,
3.527031,102,,
3.527654,102,,
3.528266,102,,
3.528903,102,,
3.529546,102,1494,0
3.531796,102,,
3.532766,102,,
3.533615,102,,
3.534572,102,,
3.535501,102,,
3.536173,102,,
3.536760,102,,
3.537714,102,1494,0
3.549046,102,,
3.549994,102,,
3.550585,102,,
3.551182,102,,
3.551803,102,,
3.552425,102,,
3.558654,102,,
3.559567,102,1494,0
3.561767,102,,
3.562420,102,,
3.562999,102,,
3.563706,102,,
3.564286,102,,
3.565238,102,,
3.565865,102,,
3.566504,102,1494,0
3.568421,102,,
3.578011,102,,
3.578981,102,,
3.579621,102,,
3.580255,102,,
3.580906,102,,
3.581869,102,,
3.582856,102,1494,0
3.589960,102,,
3.590614,102,,
3.591225,102,,
3.591856,102,,
3.592486,102,,
3.593568,102,,
3.594466,102,,
3.595425,102,1494,0
3.597662,102,,
3.598271,102,,
3.599277,102,,
3.608850,102,,
3.609436,102,,
3.610079,102,,
3.610662,102,,
3.611271,102,1494,0
3.614031,102,,
3.620090,102,,
3.621023,102,,
3.621999,102,,
3.622961,102,,
3.623540,102,,
3.624196,102,,
3.624948,102,1494,0
3.627536,102,,
3.628471,102,,
3.629131,102,,
3.629912,102,,
3.640054,102,,
3.640979,102,,
3.641800,102,,
3.642698,102,1494,0
3.645560,102,,
3.651339,102,,
3.652240,102,,
3.653247,102,,
3.653859,102,,
3.654529,102,,
3.655467,102,,
3.656140,102,1494,0
3.657979,102,,
3.658637,102,,
3.659731,102,,
3.660599,102,,
3.661244,102,,
3.670871,102,,
3.671472,102,,
3.672091,102,1494,0
3.674774,102,,
3.675417,102,,
3.676038,102,,
3.681960,102,,
3.682925,102,,
3.683895,102,,
3.684860,102,,
3.685489,102,1494,0
3.687721,102,,
3.688688,102,,
3.689300,102,,
3.689960,102,,
3.690615,102,,
3.691221,102,,
3.692171,102,,
3.701947,102,1494,0
3.704633,102,,
3.705232,102,,
3.706167,102,,
3.706784,102,,
3.707394,102,,
3.713260,101,,
3.714144,101,,
3.715076,101,1494,0
3.716928,101,,
3.717882,101,,
3.718494,101,,
3.719130,101,,
3.719719,101,,
3.720698,101,,
3.721260,101,,
3.721933,101,1494,0
3.733932,101,,
3.734527,101,,
3.735141,101,,
3.735784,101,,
3.736733,101,,
3.737341,101,,
3.738002,101,,
3.744211,101,1494,0
3.746134,101,,
3.747076,101,,
3.748037,101,,
3.748647,101,,
3.749607,101,,
3.750583,101,,
3.751221,101,,
3.752194,101,1494,0
3.754046,101,,
3.764008,101,,
3.764926,101,,
3.765506,101,,
3.766123,101,,
3.767069,101,,
3.767678,101,,
3.768260,101,1494,0
3.776003,101,,
3.776588,101,,
3.777539,101,,
3.778453,101,,
3.779391,101,,
3.780005,101,,
3.780947,101,,
3.781560,101,1494,0
3.783748,101,,
3.784325,101,,
3.784957,101,,
3.794788,101,,
3.795413,101,,
3.796017,101,,
3.796638,101,,
3.797198,101,1494,0
3.799074,101,,
3.799656,101,,
3.800330,101,,
3.806124,101,,
3.807019,101,,
3.807583,101,,
3.808199,101,,
3.808860,101,1494,0
3.811005,101,,
3.811617,101,,
3.812216,101,,
3.812847,101,,
3.813435,101,,
3.814063,101,,
3.814681,101,,
3.815265,101,1494,0
3.826133,101,,
3.827027,101,,
3.827814,101,,
3.828867,102,,
3.829821,102,,
3.830700,102,,
3.831660,102,,
3.837309,102,1494,0
3.839227,102,,
3.839814,102,,
3.840390,102,,
3.841046,102,,
3.841681,102,,
3.842241,102,,
3.843027,102,,
3.843933,102,1494,0
3.846392,102,,
3.846997,102,,
3.857042,102,,
3.857925,102,,
3.858836,102,,
3.859559,102,,
3.860387,102,,
3.861012,102,1494,0
3.868285,102,,
3.868870,102,,
3.869507,102,,
3.870136,102,,
3.870728,102,,
3.871345,102,,
3.871959,102,,
3.872523,102,1494,0
3.874549,102,,
3.875103,102,,
3.875804,102,,
3.876342,102,,
3.876997,102,,
3.877634,102,,
3.878232,102,,
3.887902,102,1494,0
3.889764,102,,
3.890306,102,,
3.890968,102,,
3.891590,102,,
3.892224,102,,
3.892787,102,,
3.893431,102,,
3.899047,102,1494,0
3.900875,102,,
3.901537,102,,
3.902127,102,,
3.902747,102,,
3.903307,102,,
3.903916,102,,
3.904568,102,,
3.905201,102,1494,0
3.906989,102,,
3.907624,102,,
3.908224,102,,
3.908873,102,,
3.909491,102,,
3.919077,102,,
3.919694,102,,
3.920640,102,1494,0
3.922473,102,,
3.923093,102,,
3.923701,102,,
3.924310,102,,
3.930414,102,,
3.931357,102,,
3.931953,102,,
3.932929,102,1494,0
3.934779,102,,
3.935402,102,,
3.936038,102,,
3.936662,102,,
3.937287,102,,
3.937935,102,,
3.938922,102,,
3.939561,102,1494,0
3.950446,102,,
3.951071,102,,
3.951704,102,,
3.952318,102,,
3.952921,102,,
3.953578,102,,
3.954195,102,,
3.955159,102,1494,0
3.962235,102,,
3.962873,102,,
3.963600,102,,
3.964452,102,,
3.965092,102,,
3.965720,102,,
3.966710,102,,
3.967688,102,1494,0
3.969926,102,,
3.970933,102,,
3.980921,102,,
3.981845,102,,
3.982468,102,,
3.983087,102,,
3.984154,102,,
3.985007,102,1494,0
3.992139,102,,
3.993036,102,,
3.993964,102,,
3.994938,102,,
3.995561,102,,
3.996199,102,,
3.996821,102,,
3.997426,102,1494,0
3.999753,102,,
4.000676,102,,
4.001266,102,,
4.001889,102,,
4.002519,102,,
4.012217,102,,
4.012800,102,,
4.013424,102,1494,0
4.016046,102,,
4.016958,102,,
4.023260,102,,
4.024188,102,,
4.024782,102,,
4.025708,102,,
4.026330,102,,
4.026944,102,1494,0
4.029704,102,,
4.030621,102,,
4.031503,102,,
4.032100,102,,
4.032743,102,,
4.033315,102,,
4.042978,101,,
4.043944,101,1494,0
4.046484,101,,
4.047087,101,,
4.047721,101,,
4.048661,101,,
4.054177,101,,
4.055146,101,,
4.056115,101,,
4.057047,101,1494,0
4.059586,101,,
4.060539,101,,
4.061165,101,,
4.061769,101,,
4.062746,101,,
4.063378,101,,
4.064310,101,,
4.073845,101,1494,0
4.075668,101,,
4.076301,101,,
4.076935,101,,
4.077594,101,,
4.078202,101,,
4.079164,101,,
4.085030,101,,
4.085661,101,1494,0
4.088192,101,,
4.089157,101,,
4.090117,101,,
4.090767,101,,
4.091650,101,,
4.092858,101,,
4.094051,101,,
4.095262,102,1494,0
4.107582,102,,
4.108710,102,,
4.109843,102,,
4.111019,102,,
4.116868,102,,
4.118047,102,,
4.119018,102,,
4.120264,102,1494,0
4.123893,102,,
4.125076,102,,
4.126270,102,,
4.136179,102,,
4.137366,102,,
4.138454,102,,
4.139542,102,,
4.140675,102,1494,0
4.148348,102,,
4.149356,102,,
4.150379,102,,
4.151378,102,,
4.152407,102,,
4.153426,102,,
4.154534,102,,
4.155627,102,1494,0
4.167287,102,,
4.168319,102,,
4.169249,102,,
4.170444,102,,
4.171418,102,,
4.172344,102,,
4.178288,102,,
4.179401,102,1494,0
4.181926,102,,
4.182512,102,,
4.183453,102,,
4.184112,102,,
4.184868,102,,
4.185786,102,,
4.186755,102,,
4.187338,102,1494,0
4.198872,102,,
4.199470,102,,
4.200410,102,,
4.201015,102,,
4.201651,102,,
4.202268,102,,
4.202914,102,,
4.203543,102,1494,0
4.211144,102,,
4.211781,102,,
4.212745,102,,
4.213348,102,,
4.213962,102,,
4.214618,102,,
4.215604,102,,
4.216554,102,1494,0
4.218470,102,,
4.219088,102,,
4.229060,102,,
4.229848,102,,
4.230517,102,,
4.231151,102,,
4.231778,102,,
4.232359,102,1494,0
4.234329,102,,
4.240359,102,,
4.241318,102,,
4.242254,102,,
4.242872,102,,
4.243492,102,,
4.244104,102,,
4.245055,102,1494,0
4.247350,102,,
4.248275,102,,
4.249259,102,,
4.250240,102,,
4.260023,102,,
4.260935,102,,
4.261886,102,,
4.262882,102,1494,0
4.265085,102,,
4.271064,102,,
4.271985,102,,
4.273166,102,,
4.274134,102,,
4.275054,102,,
4.275966,102,,
4.276597,102,1494,0
4.278907,102,,
4.279535,102,,
4.280467,102,,
4.281115,102,,
4.291027,102,,
4.291955,102,,
4.292921,102,,
4.293526,102,1494,0
4.295336,102,,
4.296284,102,,
4.302261,102,,
4.302890,102,,
4.303525,102,,
4.304161,102,,
4.304766,102,,
4.305886,102,1494,0
4.309185,102,,
4.310243,102,,
4.311274,102,,
4.312396,102,,
4.321933,102,,
4.322841,102,,
4.323382,102,,
4.324013,102,1494,0
4.325868,102,,
4.326547,102,,
4.327421,102,,
4.333011,102,,
4.333632,102,,
4.334253,102,,
4.334905,102,,
4.335529,102,1494,0
4.338068,102,,
4.338705,102,,
4.339656,102,,
4.340633,102,,
4.341243,102,,
4.341836,102,,
4.342461,102,,
4.343411,102,1494,0
4.354514,102,,
4.355467,102,,
4.356063,102,,
4.356694,102,,
4.357310,102,,
4.357938,102,,
4.358916,102,,
4.364724,102,1494,0
4.368530,102,,
4.369771,102,,
4.371046,102,,
4.372343,102,,
4.373543,102,,
4.374759,102,,
4.384419,102,,
4.385606,102,1494,0
4.389298,102,,
4.395578,102,,
4.396779,102,,
4.397955,102,,
4.398876,102,,
4.399744,102,,
4.400953,102,,
4.402187,102,1494,0
4.405820,102,,
4.415148,102,,
4.415984,102,,
4.416593,102,,
4.417192,102,,
4.417805,102,,
4.418403,102,,
4.419028,102,1494,0
4.426065,102,,
4.426903,101,,
4.427526,101,,
4.428136,101,,
4.428758,101,,
4.429324,101,,
4.429957,101,,
4.430897,101,1494,0
4.432707,101,,
4.433318,101,,
4.433920,101,,
4.434571,101,,
4.435200,101,,
4.435780,101,,
4.436413,101,,
4.446158,101,1494,0
4.448201,101,,
4.448821,101,,
4.449408,101,,
4.450036,101,,
4.450652,101,,
4.451219,101,,
4.456957,101,,
4.457746,102,1494,0
4.459624,102,,
4.460251,102,,
4.460897,102,,
4.461455,102,,
4.462086,102,,
4.462707,102,,
4.463266,102,,
4.463905,102,1494,0
4.465752,102,,
4.466358,102,,
4.466965,102,,
4.476955,102,,
4.477870,102,,
4.478839,102,,
4.479685,102,,
4.480288,102,1494,0
4.482450,102,,
4.488460,102,,
4.489067,102,,
4.489690,102,,
4.490606,102,,
4.491367,102,,
4.492219,102,,
4.493209,102,1494,0
4.495606,102,,
4.496229,102,,
4.496809,102,,
4.497465,102,,
4.498062,102,,
4.507862,102,,
4.508385,102,,
4.509025,102,1494,0
4.510863,102,,
4.511427,102,,
4.512113,102,,
4.512720,102,,
4.513269,102,,
4.519043,102,,
4.519631,101,,
4.520182,101,1494,0
4.522119,101,,
4.522714,101,,
4.523286,101,,
4.523963,101,,
4.524569,101,,
4.525182,101,,
4.525783,101,,
4.526397,101,1494,0
4.528225,101,,
4.528878,101,,
4.529493,101,,
4.539042,101,,
4.539663,101,,
4.540241,101,,
4.540891,101,,
4.541495,101,1494,0
4.543335,101,,
4.543975,101,,
4.544623,101,,
4.550408,102,,
4.551332,102,,
4.551984,102,,
4.552949,102,,
4.553916,102,1494,0
4.556135,102,,
4.557045,102,,
4.557698,102,,
4.558305,102,,
4.558963,102,,
4.559578,102,,
4.560208,102,,
4.569974,102,1494,0
4.572520,102,,
4.573145,102,,
4.573776,102,,
4.574361,102,,
4.575336,102,,
4.581402,102,,
4.582313,102,,
4.582950,102,1494,0
4.585543,102,,
4.586468,102,,
4.587132,102,,
4.587741,102,,
4.588699,102,,
4.589281,102,,
4.589931,102,,
4.590552,102,1494,0
4.601870,102,,
4.602859,102,,
4.603846,102,,
4.604827,102,,
4.605448,102,,
4.606125,102,,
4.612129,102,,
4.613028,102,1494,0
4.615291,102,,
4.615944,102,,
4.616571,102,,
4.617190,102,,
4.617810,102,,
4.618763,102,,
4.619363,102,,
4.619991,102,1494,0
4.622251,102,,
4.632114,102,,
4.633013,102,,
4.633948,102,,
4.634878,102,,
4.635524,102,,
4.636143,102,,
4.637140,101,1494,0
4.645196,101,,
4.646174,101,,
4.647115,101,,
4.647717,101,,
4.648869,101,,
4.649827,101,,
4.650769,101,,
4.651738,101,1494,0
4.663183,101,,
4.664140,101,,
4.665052,101,,
4.666017,101,,
4.666983,101,,
4.667581,101,,
4.668288,101,,
4.674572,101,1494,0
4.677056,101,,
4.678006,101,,
4.678620,101,,
4.679573,101,,
4.680163,101,,
4.680806,101,,
4.681753,101,,
4.682332,101,1494,0
4.684236,101,,
4.693925,101,,
4.694832,101,,
4.695757,101,,
4.696516,102,,
4.697387,102,,
4.697965,102,,
4.698886,102,1494,0
4.705930,102,,
4.706542,102,,
4.707520,102,,
4.708119,102,,
4.708994,102,,
4.709666,102,,
4.710255,102,,
4.710903,102,1494,0
4.712943,102,,
4.713997,102,,
4.714884,102,,
4.715831,102,,
4.725194,102,,
4.725785,102,,
4.726376,102,,
4.727015,102,1494,0
4.728876,102,,
4.729840,102,,
4.730443,102,,
4.736248,102,,
4.736852,102,,
4.737817,102,,
4.738764,102,,
4.739360,102,1494,0
4.741622,102,,
4.742245,102,,
4.742901,102,,
4.743486,102,,
4.744128,102,,
4.744756,102,,
4.745346,102,,
4.745981,102,1494,0
4.756882,102,,
4.757505,102,,
4.758141,102,,
4.759073,102,,
4.759663,102,,
4.760252,102,,
4.760910,102,,
4.761917,102,1494,0
4.768846,102,,
4.769436,102,,
4.770074,102,,
4.771043,102,,
4.771691,102,,
4.772388,102,,
4.773275,102,,
4.773901,102,1494,0
4.775741,102,,
4.776669,102,,
4.777240,102,,
4.787060,102,,
4.787953,102,,
4.788920,102,,
4.789515,102,,
4.790150,102,1494,0
4.792651,102,,
4.798132,102,,
4.799093,102,,
4.799721,102,,
4.800316,102,,
4.800938,102,,
4.801541,102,,
4.802188,102,1494,0
4.804060,102,,
4.804721,102,,
4.805663,102,,
4.806275,102,,
4.807189,102,,
4.807789,102,,
4.808357,102,,
4.818129,102,1494,0
4.820996,102,,
4.821636,102,,
4.822250,102,,
4.822879,102,,
4.823516,102,,
4.829285,102,,
4.829903,102,,
4.830505,102,1494,0
4.832688,102,,
4.833632,102,,
4.834267,102,,
4.834912,102,,
4.835541,102,,
4.836506,102,,
4.837402,102,,
4.838432,102,1494,0
4.849896,102,,
4.850845,102,,
4.851460,102,,
4.852078,102,,
4.853039,102,,
4.853688,102,,
4.854336,102,,
4.860350,102,1494,0
4.862573,102,,
4.863545,102,,
4.864184,102,,
4.865144,102,,
4.865750,102,,
4.866326,102,,
4.867273,102,,
4.867939,102,1494,0
4.870205,102,,
4.879962,102,,
4.880866,102,,
4.881834,102,,
4.882404,102,,
4.883042,102,,
4.883656,102,,
4.884240,102,1494,0
4.891325,102,,
4.891897,102,,
4.892848,102,,
4.893992,102,,
4.895222,102,,
4.896404,102,,
4.897353,102,,
4.898230,102,1494,0
4.900407,102,,
4.900991,101,,
4.910904,101,,
4.911504,101,,
4.912136,101,,
4.913077,101,,
4.913697,101,,
4.914275,101,1494,0
4.916187,101,,
4.922078,101,,
4.923026,101,,
4.923986,101,,
4.924982,101,,
4.925932,101,,
4.926547,101,,
4.927178,101,1494,0
4.929025,101,,
4.929663,101,,
4.930242,101,,
4.930887,101,,
4.931842,101,,
4.932479,101,,
4.942066,101,,
4.942999,101,1494,0
4.945225,101,,
4.945839,101,,
4.946443,101,,
4.947073,101,,
4.953349,101,,
4.954331,101,,
4.955294,101,,
4.955960,101,1494,0
4.958191,101,,
4.958810,101,,
4.959397,101,,
4.960045,101,,
4.961012,100,,
4.961633,100,,
4.962250,100,,
4.962883,100,1494,0
4.974094,100,,
4.975020,100,,
4.975657,100,,
4.976378,100,,
4.977342,100,,
4.977972,100,,
4.978598,100,,
4.984373,100,1494,0
4.986260,100,,
4.986938,100,,
4.987884,100,,
4.988528,100,,
4.989176,100,,
4.989769,100,,
4.990358,100,,
4.991298,100,1494,0
4.993472,101,,
4.994136,101,,
5.004095,101,,
5.005006,101,,
5.005630,101,,
5.006278,101,,
5.006899,101,,
5.007675,101,1494,0
5.009517,101,,
5.015245,101,,
5.015918,101,,
5.016933,101,,
5.017857,101,,
5.018469,101,,
5.019348,101,,
5.019997,101,1494,0
5.021864,101,,
5.022486,101,,
5.023130,101,,
5.023741,101,,
5.024330,101,,
5.024967,101,,
5.034854,101,,
5.035458,101,1494,0
5.037974,101,,
5.038897,101,,
5.039532,101,,
5.040444,101,,
5.046399,101,,
5.046985,101,,
5.047607,101,,
5.048204,101,1494,0
5.050396,101,,
5.051013,101,,
5.051609,101,,
5.052222,101,,
5.052845,101,,
5.053461,101,,
5.054038,101,,
5.054673,102,1494,0
5.056510,102,,
5.066261,102,,
5.067081,102,,
5.067691,102,,
5.068289,102,,
5.068923,102,,
5.069523,102,,
5.070157,102,1494,0
5.077056,102,,
5.077705,102,,
5.078264,102,,
5.078910,102,,
5.079551,102,,
5.080181,102,,
5.080757,102,,
5.081370,102,1494,0
5.083219,102,,
5.083871,102,,
5.084498,102,,
5.085141,102,,
5.085786,102,,
5.086491,102,,
5.087315,102,,
5.096930,102,1494,0
5.098689,102,,
5.099298,102,,
5.099899,102,,
5.100532,102,,
5.101150,102,,
5.101751,102,,
5.102359,102,,
5.108224,102,1494,0
5.110104,102,,
5.110878,102,,
5.111843,102,,
5.112762,102,,
5.113708,102,,
5.114636,102,,
5.115579,102,,
5.116465,102,1494,0
5.127895,102,,
5.128411,102,,
5.129034,102,,
5.129668,102,,
5.130255,102,,
5.130909,102,,
5.131504,102,,
5.132138,102,1494,0
5.139271,102,,
5.139903,102,,
5.140490,102,,
5.141109,102,,
5.141758,102,,
5.142334,102,,
5.142972,102,,
5.143590,102,1494,0
5.145479,101,,
5.146109,101,,
5.146706,101,,
5.147317,101,,
5.147938,101,,
5.148568,101,,
5.149165,101,,
5.158941,101,1494,0
5.160795,101,,
5.161385,101,,
5.162006,101,,
5.162970,101,,
5.163597,101,,
5.164228,101,,
5.170150,101,,
5.171068,101,1494,0
5.173305,101,,
5.174283,101,,
5.174897,102,,
5.175526,102,,
5.176152,102,,
5.176772,102,,
5.177779,102,,
5.178697,102,1494,0
5.180595,102,,
5.190262,102,,
5.191200,102,,
5.191838,102,,
5.192446,102,,
5.193057,102,,
5.193698,102,,
5.194331,102,1494,0
5.201364,102,,
5.201941,102,,
5.202570,102,,
5.203545,102,,
5.204510,101,,
5.205161,101,,
5.205744,101,,
5.206375,101,1494,0
5.208595,101,,
5.209232,101,,
5.209825,101,,
5.210447,101,,
5.211389,101,,
5.220907,101,,
5.221519,101,,
5.222145,101,1494,0
5.224013,101,,
5.224645,101,,
5.225270,101,,
5.225902,101,,
5.226548,101,,
5.232529,101,,
5.233172,101,,
5.233784,101,1494,0
5.236016,101,,
5.237005,101,,
5.237991,101,,
5.238969,101,,
5.239614,101,,
5.240241,101,,
5.240837,101,,
5.241775,101,1494,0
5.252904,101,,
5.253516,101,,
5.254161,101,,
5.254770,101,,
5.255357,101,,
5.255974,101,,
5.256603,101,,
5.257233,101,1494,0
5.265066,101,,
5.266053,101,,
5.266941,101,,
5.267879,101,,
5.268520,101,,
5.269169,101,,
5.269750,101,,
5.270368,101,1494,0
5.272972,101,,
5.273619,101,,
5.283291,101,,
5.284158,101,,
5.284793,101,,
5.285418,101,,
5.286034,101,,
5.286683,101,1494,0
5.294034,101,,
5.294667,101,,
5.295689,101,,
5.296591,101,,
5.297237,101,,
5.297804,101,,
5.298418,101,,
5.299044,101,1494,0
5.300969,101,,
5.301627,101,,
5.302612,101,,
5.303258,101,,
5.303868,101,,
5.304480,101,,
5.314254,101,,
5.315152,101,1494,0
5.317030,101,,
5.317684,101,,
5.318296,101,,
5.319291,101,,
5.325289,101,,
5.325992,101,,
5.326901,101,,
5.327481,101,1494,0
5.329700,101,,
5.330262,101,,
5.330916,101,,
5.331524,101,,
5.332156,101,,
5.332788,101,,
5.333353,101,,
5.334013,101,1494,0
5.345224,101,,
5.345830,101,,
5.346758,101,,
5.347363,101,,
5.348002,101,,
5.348644,101,,
5.349226,101,,
5.349868,101,1494,0
5.356924,101,,
5.357867,101,,
5.358504,101,,
5.359471,101,,
5.360129,101,,
5.360734,101,,
5.361333,101,,
5.362197,101,1494,0
5.364356,101,,
5.364967,101,,
5.365595,101,,
5.366248,101,,
5.376040,101,,
5.376676,101,,
5.377668,101,,
5.378613,101,1494,0
5.381256,101,,
5.387046,101,,
5.387635,101,,
5.388252,101,,
5.388917,101,,
5.389870,101,,
5.390798,101,,
5.391387,101,1494,0
5.393233,101,,
5.393884,101,,
5.394805,101,,
5.395395,101,,
5.396000,101,,
5.396649,101,,
5.397222,101,,
5.406929,101,1494,0
5.409897,101,,
5.410851,101,,
5.411432,101,,
5.412077,101,,
5.418346,101,,
5.418983,101,,
5.419614,101,,
5.420312,101,1494,0
5.422810,101,,
5.423830,101,,
5.424397,101,,
5.425046,101,,
5.426095,101,,
5.427006,101,,
5.427954,101,,
5.428908,101,1494,0
5.440193,101,,
5.441155,101,,
5.441764,101,,
5.442754,101,,
5.443668,101,,
5.449265,101,,
5.450151,101,,
5.451082,101,1494,0
5.453284,101,,
5.454252,101,,
5.454891,101,,
5.455519,101,,
5.456163,101,,
5.457290,101,,
5.458270,101,,
5.459360,101,1494,0
5.470507,101,,
5.471148,101,,
5.471773,101,,
5.472722,101,,
5.473881,101,,
5.474790,101,,
5.480425,101,,
5.481291,101,1494,0
5.483123,101,,
5.483733,101,,
5.484320,101,,
5.484946,101,,
5.485576,101,,
5.486217,101,,
5.487173,101,,
5.487811,101,1494,0
5.490036,101,,
5.500203,101,,
5.501131,101,,
5.502069,101,,
5.502684,101,,
5.503620,101,,
5.504268,101,,
5.504891,101,1494,0
5.512639,101,,
5.513590,101,,
5.514472,101,,
5.515135,101,,
5.515701,101,,
5.516264,101,,
5.516911,101,,
5.517549,101,1494,0
5.519722,101,,
5.520700,101,,
5.521666,101,,
5.531153,101,,
5.532015,101,,
5.532632,101,,
5.533530,101,,
5.534177,101,1494,0
5.536303,101,,
5.542078,101,,
5.543043,101,,
5.543635,101,,
5.544219,101,,
5.544861,101,,
5.545494,101,,
5.546130,101,1494,0
5.548251,101,,
5.548894,101,,
5.549857,101,,
5.550453,101,,
5.551137,101,,
5.552063,101,,
5.561980,101,,
5.562871,101,1494,0
5.565056,101,,
5.565666,101,,
5.566257,101,,
5.566872,101,,
5.567488,101,,
5.573511,101,,
5.574519,101,,
5.575443,101,1494,0
5.577668,101,,
5.578931,101,,
5.580033,101,,
5.581153,101,,
5.582239,101,,
5.583354,101,,
5.593203,101,,
5.594370,102,1494,0
5.597425,102,,
5.598037,102,,
5.604330,102,,
5.605491,102,,
5.606606,102,,
5.607671,102,,
5.608596,102,,
5.609509,102,1494,0
5.611318,102,,
5.612093,102,,
5.613000,102,,
5.613941,102,,
5.614525,102,,
5.624161,101,,
5.624770,101,,
5.625791,101,1494,0
5.627911,101,,
5.628517,101,,
5.629499,101,,
5.635145,101,,
5.635748,101,,
5.636381,101,,
5.637011,101,,
5.637651,101,1494,0
5.639536,101,,
5.640220,101,,
5.641148,101,,
5.642197,101,,
5.643135,101,,
5.643727,101,,
5.644317,101,,
5.645294,101,1494,0
5.656037,101,,
5.656720,101,,
5.657419,101,,
5.658289,101,,
5.659280,101,,
5.660229,101,,
5.666069,101,,
5.667000,101,1494,0
5.668864,101,,
5.669831,101,,
5.670397,101,,
5.671032,101,,
5.671651,101,,
5.672232,101,,
5.672894,101,,
5.673518,101,1494,0
5.675306,101,,
5.675950,101,,
5.676601,101,,
5.686238,101,,
5.687093,101,,
5.687685,101,,
5.688267,101,,
5.688927,101,1494,0
5.690729,101,,
5.691328,101,,
5.697299,101,,
5.697960,101,,
5.698567,101,,
5.699177,101,,
5.699793,101,,
5.700342,101,1494,0
5.702522,101,,
5.703148,101,,
5.703733,101,,
5.704354,101,,
5.704970,101,,
5.705590,101,,
5.706226,101,,
5.707175,102,1494,0
5.718592,102,,
5.719403,102,,
5.720032,102,,
5.720644,102,,
5.721572,102,,
5.722192,102,,
5.728127,102,,
5.729049,102,1494,0
5.730909,102,,
5.731521,102,,
5.732146,102,,
5.733081,102,,
5.733698,102,,
5.734272,102,,
5.734880,102,,
5.735549,102,1494,0
5.737315,101,,
5.737958,101,,
5.738540,101,,
5.748287,101,,
5.749129,101,,
5.749734,101,,
5.750292,101,,
5.750942,101,1494,0
5.752793,101,,
5.753365,101,,
5.759171,101,,
5.760039,101,,
5.760689,101,,
5.761413,101,,
5.762275,101,,
5.763219,101,1494,0
5.765005,101,,
5.765644,101,,
5.766238,101,,
5.766866,101,,
5.767500,101,,
5.768081,101,,
5.768705,101,,
5.769326,101,1494,0
5.780177,101,,
5.780786,101,,
5.781356,101,,
5.782004,101,,
5.782613,101,,
5.783177,101,,
5.783888,101,,
5.784483,101,1494,0
5.791731,101,,
5.792404,101,,
5.793277,101,,
5.793902,101,,
5.794508,101,,
5.795122,101,,
5.795740,101,,
5.796339,101,1494,0
5.798194,101,,
5.798832,101,,
5.799466,101,,
5.800033,101,,
5.800697,101,,
5.810250,101,,
5.811202,101,,
5.811802,101,1494,0
5.813668,101,,
5.814276,101,,
5.814899,101,,
5.815537,101,,
5.821256,101,,
5.822256,101,,
5.823422,101,,
5.824380,101,1494,0
5.827306,101,,
5.827960,101,,
5.828927,102,,
5.829556,102,,
5.830190,102,,
5.830807,102,,
5.831755,102,,
5.841157,102,1494,0
5.843642,102,,
5.844612,102,,
5.845245,102,,
5.845846,102,,
5.846482,102,,
5.852299,102,,
5.852894,102,,
5.853544,102,1494,0
5.855361,102,,
5.855989,102,,
5.856600,102,,
5.857189,102,,
5.857830,102,,
5.858424,102,,
5.859053,101,,
5.859668,101,1494,0
5.861515,101,,
5.862132,101,,
5.871964,101,,
5.872852,101,,
5.873482,101,,
5.874067,101,,
5.875015,101,,
5.875622,101,1494,0
5.877476,101,,
5.883481,101,,
5.884452,101,,
5.885086,101,,
5.885693,101,,
5.886289,101,,
5.887263,101,,
5.887930,101,1494,0
5.890224,101,,
5.891182,101,,
5.892036,101,,
5.893088,101,,
5.902912,101,,
5.903824,101,,
5.904443,101,,
5.905057,101,1494,0
5.906988,101,,
5.907607,101,,
5.908244,101,,
5.914006,101,,
5.914643,101,,
5.915234,101,,
5.915845,101,,
5.916501,101,1494,0
5.918657,101,,
5.919246,101,,
5.919869,101,,
5.920483,101,,
5.921114,101,,
5.921744,101,,
5.922371,101,,
5.922971,101,1494,0
5.933921,101,,
5.934514,101,,
5.935141,101,,
5.935792,101,,
5.936409,101,,
5.937041,101,,
5.937691,101,,
5.938681,101,1494,0
5.945726,101,,
5.946330,101,,
5.946964,101,,
5.947569,101,,
5.948201,101,,
5.948805,100,,
5.949399,100,,
5.950002,100,1494,0
5.951869,100,,
5.952493,100,,
5.953119,100,,
5.953731,100,,
5.954358,100,,
5.955330,100,,
5.964915,100,,
5.965513,100,1494,0
5.967671,100,,
5.968278,100,,
5.968898,100,,
5.969513,100,,
5.970180,100,,
5.976434,100,,
5.977018,100,,
5.977667,100,1494,0
5.979881,101,,
5.980504,101,,
5.981138,101,,
5.981717,101,,
5.982676,101,,
5.983300,101,,
5.983929,101,,
5.984550,101,1494,0
5.996030,101,,
5.996621,101,,
5.997240,101,,
5.997865,101,,
5.998807,101,,
5.999437,101,,
6.000056,101,,
6.000682,101,1494,0
6.007704,101,,
6.008304,101,,
6.009292,101,,
6.009941,101,,
6.010893,101,,
6.011534,101,,
6.012147,101,,
6.012763,101,1494,0
6.015297,101,,
6.015910,101,,
6.016537,101,,
6.017150,101,,
6.026929,101,,
6.027830,101,,
6.028396,101,,
6.029049,101,1494,0
6.030957,101,,
6.031535,101,,
6.032221,101,,
6.038127,101,,
6.038726,101,,
6.039313,101,,
6.039952,101,,
6.040589,101,1494,0
6.042778,101,,
6.043722,101,,
6.044708,101,,
6.045262,101,,
6.045914,101,,
6.046906,101,,
6.047427,101,,
6.048069,101,1494,0
6.059689,101,,
6.060643,101,,
6.061258,101,,
6.062063,101,,
6.063012,101,,
6.063617,101,,
6.069783,101,,
6.070676,101,1494,0
6.073445,101,,
6.074068,101,,
6.074663,101,,
6.075634,101,,
6.076605,101,,
6.077241,101,,
6.077874,101,,
6.078491,101,1494,0
6.089961,101,,
6.090826,101,,
6.091400,101,,
6.092004,101,,
6.092665,101,,
6.093234,101,,
6.093888,101,,
6.094505,101,1494,0
6.101729,101,,
6.102361,101,,
6.102943,101,,
6.103582,101,,
6.104154,101,,
6.104773,101,,
6.105414,101,,
6.106030,101,1494,0
6.107860,101,,
6.108452,101,,
6.109072,101,,
6.109689,101,,
6.110288,101,,
6.119854,101,,
6.120496,101,,
6.121083,101,1494,0
6.122954,101,,
6.123608,101,,
6.124219,101,,
6.124822,101,,
6.125468,101,,
6.131205,101,,
6.131782,101,,
6.132377,101,1494,0
6.134226,101,,
6.135199,101,,
6.135928,101,,
6.136781,101,,
6.137733,101,,
6.138312,101,,
6.138966,101,,
6.139882,101,1494,0
6.151078,101,,
6.151974,101,,
6.152936,101,,
6.153566,101,,
6.154171,101,,
6.155095,101,,
6.155744,101,,
6.156379,101,1494,0
6.163927,101,,
6.164524,101,,
6.165150,101,,
6.166082,101,,
6.167037,101,,
6.168002,101,,
6.168614,101,,
6.169594,101,1494,0
6.171465,101,,
6.172128,101,,
6.182043,101,,
6.182958,101,,
6.183908,101,,
6.184569,101,,
6.185160,100,,
6.185795,100,1494,0
6.193130,100,,
6.193738,100,,
6.194317,100,,
6.195177,100,,
6.196070,100,,
6.196942,100,,
6.197570,100,,
6.198184,100,1494,0
6.200014,100,,
6.200645,100,,
6.201222,100,,
6.201851,100,,
6.202455,100,,
6.203061,100,,
6.213030,100,,
6.213866,100,1494,0
6.215707,100,,
6.216310,100,,
6.217254,101,,
6.217921,101,,
6.218905,101,,
6.224465,101,,
6.225347,101,,
6.226113,101,1494,0
6.229641,101,,
6.230761,101,,
6.231827,101,,
6.232893,101,,
6.233978,101,,
6.244262,101,,
6.245478,100,,
6.246572,100,1494,0
6.249670,100,,
6.255459,100,,
6.256349,100,,
6.257280,100,,
6.257912,100,,
6.258530,100,,
6.259505,100,,
6.260660,100,1494,0
6.263156,100,,
6.263736,100,,
6.264697,100,,
6.265267,100,,
6.274965,100,,
6.275915,100,,
6.276537,100,,
6.277455,100,1494,0
6.279682,100,,
6.280257,100,,
6.286140,100,,
6.287092,100,,
6.288052,100,,
6.288687,100,,
6.289296,100,,
6.289948,100,1494,0
6.292178,100,,
6.293130,100,,
6.294067,100,,
6.294695,100,,
6.295621,100,,
6.296259,100,,
6.306022,101,,
6.306871,101,1494,0
6.309020,101,,
6.309636,101,,
6.310237,101,,
6.310881,101,,
6.311520,101,,
6.317216,101,,
6.317810,101,,
6.318398,101,1494,0
6.320272,101,,
6.320871,101,,
6.321517,101,,
6.322136,101,,
6.322763,101,,
6.323311,101,,
6.323975,101,,
6.324586,101,1494,0
6.326412,101,,
6.327017,101,,
6.327661,101,,
6.337228,101,,
6.338064,100,,
6.338694,100,,
6.339241,100,,
6.339914,100,1494,0
6.341738,100,,
6.342348,100,,
6.348322,100,,
6.348906,100,,
6.349529,100,,
6.350137,100,,
6.350747,100,,
6.351318,100,1494,0
6.353196,100,,
6.353843,100,,
6.354463,100,,
6.355165,100,,
6.356032,100,,
6.356633,100,,
6.357201,100,,
6.357875,100,1494,0
6.369013,100,,
6.369709,100,,
6.370587,100,,
6.371521,100,,
6.372121,100,,
6.373014,100,,
6.379144,100,,
6.379985,100,1494,0
6.381836,100,,
6.382408,100,,
6.383046,100,,
6.383645,100,,
6.384224,100,,
6.384830,100,,
6.385438,100,,
6.386077,100,1494,0
6.387947,100,,
6.388604,100,,
6.389161,100,,
6.398957,100,,
6.399554,100,,
6.400176,100,,
6.400769,100,,
6.401377,100,1494,0
6.403259,100,,
6.403869,100,,
6.404519,100,,
6.410272,100,,
6.410882,100,,
6.411489,100,,
6.412107,100,,
6.412719,100,1494,0
6.414560,100,,
6.415182,100,,
6.415795,100,,
6.416396,100,,
6.417037,100,,
6.418002,100,,
6.418575,100,,
6.419215,100,1494,0
6.430328,100,,
6.431247,100,,
6.432167,100,,
6.433071,100,,
6.433695,100,,
6.434290,100,,
6.434917,100,,
6.435557,100,1494,0
6.443545,100,,
6.444499,100,,
6.445123,100,,
6.445763,100,,
6.446387,100,,
6.446998,100,,
6.447947,100,,
6.448558,100,1494,0
6.450404,101,,
6.451024,101,,
6.451679,101,,
6.461265,101,,
6.461884,101,,
6.462517,101,,
6.463118,101,,
6.464044,101,1494,0
6.465908,101,,
6.466524,101,,
6.472411,101,,
6.473302,101,,
6.474283,101,,
6.474933,101,,
6.475575,101,,
6.476197,101,1494,0
6.478406,101,,
6.479341,100,,
6.479971,100,,
6.480606,100,,
6.481239,100,,
6.481859,100,,
6.482492,100,,
6.492154,100,1494,0
6.494645,100,,
6.495263,100,,
6.495897,100,,
6.496511,100,,
6.497102,100,,
6.503140,100,,
6.504079,100,,
6.504731,100,1494,0
6.506643,100,,
6.507264,100,,
6.507888,100,,
6.508836,100,,
6.509458,100,,
6.510049,100,,
6.510683,100,,
6.511664,100,1494,0
6.513522,100,,
6.523244,100,,
6.524227,100,,
6.525162,100,,
6.526270,100,,
6.527189,100,,
6.528125,100,,
6.534365,100,1494,0
6.536246,100,,
6.537434,100,,
6.538381,100,,
6.539341,101,,
6.540291,101,,
6.540913,101,,
6.541552,101,,
6.542172,101,1494,0
6.544393,101,,
6.554028,101,,
6.554613,101,,
6.555256,101,,
6.555835,101,,
6.556465,101,,
6.557072,101,,
6.557726,101,1494,0
6.565110,101,,
6.565692,101,,
6.566303,101,,
6.566947,101,,
6.567559,101,,
6.568195,101,,
6.568834,100,,
6.569450,100,1494,0
6.571707,100,,
6.572664,100,,
6.573303,100,,
6.573931,100,,
6.574559,100,,
6.575191,100,,
6.584976,100,,
6.585572,100,1494,0
6.587402,100,,
6.588041,100,,
6.588983,100,,
6.589959,100,,
6.590922,100,,
6.596439,100,,
6.597054,100,,
6.598003,100,1494,0
6.600203,100,,
6.601167,100,,
6.602110,100,,
6.602728,100,,
6.603693,100,,
6.604321,100,,
6.605310,100,,
6.606290,100,1494,0
6.617291,100,,
6.617918,100,,
6.618553,100,,
6.619190,100,,
6.619795,100,,
6.620414,100,,
6.621399,100,,
6.627362,100,1494,0
6.629259,101,,
6.630263,101,,
6.631204,101,,
6.631833,101,,
6.632458,101,,
6.633084,101,,
6.634027,101,,
6.635025,101,1494,0
6.637266,101,,
6.647068,101,,
6.648027,101,,
6.648638,101,,
6.649247,101,,
6.650231,101,,
6.651182,101,,
6.652134,101,1494,0
6.660271,101,,
6.660860,101,,
6.661824,101,,
6.662811,101,,
6.663414,101,,
6.664118,101,,
6.665052,101,,
6.665677,101,1494,0
6.667554,101,,
6.668217,101,,
6.678141,101,,
6.679069,101,,
6.680036,101,,
6.680669,101,,
6.681246,101,,
6.682263,101,1494,0
6.689692,101,,
6.690277,101,,
6.690933,101,,
6.691910,101,,
6.692862,101,,
6.693486,101,,
6.694129,101,,
6.695077,101,1494,0
6.697685,101,,
6.698292,101,,
6.698881,101,,
6.699476,101,,
6.709130,101,,
6.710036,101,,
6.710959,101,,
6.711953,101,1494,0
6.714871,101,,
6.720734,100,,
6.721736,100,,
6.722737,100,,
6.723704,100,,
6.724661,100,,
6.725629,100,,
6.726562,100,1494,0
6.729074,100,,
6.730046,100,,
6.740131,100,,
6.741020,100,,
6.741967,100,,
6.742564,100,,
6.743198,100,,
6.744146,100,1494,0
6.751261,101,,
6.752186,101,,
6.752781,101,,
6.753735,101,,
6.754708,101,,
6.755319,101,,
6.756273,101,,
6.757268,101,1494,0
6.759796,101,,
6.760774,101,,
6.761389,101,,
6.771087,101,,
6.772056,101,,
6.773208,101,,
6.774150,101,,
6.775122,101,1494,0
6.783053,101,,
6.783680,101,,
6.784284,101,,
6.784957,101,,
6.785594,101,,
6.786541,101,,
6.787176,101,,
6.787765,101,1494,0
6.790539,101,,
6.791454,101,,
6.792437,101,,
6.802149,101,,
6.803061,101,,
6.803698,101,,
6.804278,101,,
6.804935,101,1494,0
6.807182,101,,
6.813561,101,,
6.814450,101,,
6.815067,101,,
6.815697,101,,
6.816605,101,,
6.817243,101,,
6.817903,101,1494,0
6.820613,101,,
6.821827,101,,
6.823010,101,,
6.833339,101,,
6.834530,101,,
6.835720,101,,
6.836984,101,,
6.838292,100,1494,0
6.846641,100,,
6.847814,100,,
6.848991,100,,
6.850201,100,,
6.851160,100,,
6.851775,100,,
6.852723,100,,
6.853694,100,1494,0
6.864946,100,,
6.865887,100,,
6.866537,100,,
6.867491,101,,
6.868119,101,,
6.868694,101,,
6.869369,101,,
6.875149,101,1494,0
6.877331,101,,
6.877962,101,,
6.878565,101,,
6.879222,101,,
6.879857,101,,
6.880486,101,,
6.881130,101,,
6.881700,101,1494,0
6.883583,101,,
6.884181,101,,
6.884830,101,,
6.885427,101,,
6.895134,101,,
6.896093,101,,
6.896706,101,,
6.897654,101,1494,0
6.899829,101,,
6.900444,101,,
6.906550,101,,
6.907181,101,,
6.907773,101,,
6.908720,101,,
6.909679,101,,
6.910258,101,1494,0
6.912905,101,,
6.913499,101,,
6.914134,101,,
6.915273,101,,
6.916224,101,,
6.926026,101,,
6.926900,101,,
6.927501,101,1494,0
6.929642,101,,
6.930273,101,,
6.930909,101,,
6.931533,101,,
6.937267,101,,
6.937917,101,,
6.938869,101,,
6.939557,101,1494,0
6.941651,101,,
6.942285,101,,
6.942859,101,,
6.943467,101,,
6.944063,101,,
6.944708,101,,
6.945292,101,,
6.945926,101,1494,0
6.957090,101,,
6.957965,101,,
6.959003,101,,
6.959878,101,,
6.960457,101,,
6.961072,101,,
6.961686,101,,
6.962293,101,1494,0
6.969632,101,,
6.970247,101,,
6.970876,101,,
6.971518,101,,
6.972391,101,,
6.973022,101,,
6.973627,101,,
6.974291,101,1494,0
6.976123,101,,
6.976722,101,,
6.977393,101,,
6.978299,101,,
6.987987,101,,
6.988596,101,,
6.989218,102,,
6.989830,102,1494,0
6.991671,102,,
6.992304,102,,
6.992908,102,,
6.993519,102,,
6.999567,102,,
7.000114,102,,
7.000762,102,,
7.001323,102,1494,0
7.003560,102,,
7.004521,102,,
7.005376,102,,
7.006019,102,,
7.006633,102,,
7.007213,102,,
7.007831,102,,
7.008558,102,1494,0
7.019854,102,,
7.020437,102,,
7.021070,101,,
7.021658,101,,
7.022363,101,,
7.022996,101,,
7.023737,101,,
7.024292,101,1494,0
7.031590,101,,
7.032165,101,,
7.032809,101,,
7.033369,101,,
7.033977,101,,
7.034586,101,,
7.035198,101,,
7.035852,101,1494,0
7.037639,101,,
7.038257,101,,
7.038946,101,,
7.039562,101,,
7.040157,101,,
7.050048,101,,
7.050926,101,,
7.051838,101,1494,0
7.053706,101,,
7.054273,101,,
7.054924,101,,
7.055549,101,,
7.061397,101,,
7.062234,101,,
7.062881,101,,
7.063828,101,1494,0
7.066006,101,,
7.066627,101,,
7.067207,101,,
7.067842,101,,
7.068761,101,,
7.069336,101,,
7.070004,101,,
7.070637,101,1494,0
7.081897,101,,
7.082547,101,,
7.083405,101,,
7.084054,101,,
7.084970,101,,
7.085638,101,,
7.086222,101,,
7.092480,101,1494,0
7.094822,101,,
7.095457,101,,
7.096051,101,,
7.096676,101,,
7.097237,101,,
7.097899,101,,
7.098462,101,,
7.099120,101,1494,0
7.101244,101,,
7.101910,101,,
7.102859,101,,
7.112254,101,,
7.113105,101,,
7.113743,101,,
7.114326,101,,
7.114960,101,1494,0
7.116823,101,,
7.117427,101,,
7.123157,101,,
7.123777,101,,
7.124408,101,,
7.125029,101,,
7.125672,101,,
7.126238,101,1494,0
7.128168,101,,
7.128829,101,,
7.129422,101,,
7.130294,101,,
7.130911,101,,
7.131611,101,,
7.132431,101,,
7.133049,101,1494,0
7.143816,101,,
7.144409,101,,
7.145040,101,,
7.145705,101,,
7.146259,101,,
7.146944,101,,
7.147542,101,,
7.148170,101,1494,0
7.155331,101,,
7.155965,101,,
7.156599,101,,
7.157200,101,,
7.157884,101,,
7.158520,101,,
7.159115,101,,
7.159731,101,1494,0
7.161582,101,,
7.162178,101,,
7.162840,101,,
7.163488,101,,
7.164108,101,,
7.164738,101,,
7.174203,101,,
7.174809,101,1494,0
7.176690,101,,
7.177292,101,,
7.177917,101,,
7.178554,101,,
7.179164,101,,
7.185305,101,,
7.185907,101,,
7.186522,101,1494,0
7.188440,101,,
7.188985,101,,
7.189678,101,,
7.190255,101,,
7.190924,101,,
7.191538,101,,
7.192149,101,,
7.192784,101,1494,0
7.194675,101,,
7.195176,101,,
7.205037,101,,
7.205627,101,,
7.206208,101,,
7.206802,101,,
7.207473,101,,
7.208073,101,1494,0
7.210250,101,,
7.216164,101,,
7.216772,101,,
7.217390,101,,
7.217985,101,,
7.218601,101,,
7.219260,101,,
7.219859,101,1494,0
7.221695,101,,
7.222320,101,,
7.222954,101,,
7.223528,101,,
7.224203,101,,
7.224833,101,,
7.225588,101,,
7.226492,101,1494,0
7.237461,101,,
7.237997,101,,
7.238686,101,,
7.239275,101,,
7.239931,101,,
7.240504,101,,
7.241155,101,,
7.246995,101,1494,0
7.248915,101,,
7.249474,101,,
7.250121,101,,
7.250753,101,,
7.251312,101,,
7.251982,101,,
7.252571,101,,
7.253184,100,1494,0
7.255104,100,,
7.255723,100,,
7.256284,100,,
7.256976,100,,
7.257605,100,,
7.267116,100,,
7.267725,100,,
7.268309,100,1494,0
7.270219,100,,
7.270815,100,,
7.271510,100,,
7.272120,100,,
7.278379,100,,
7.279208,100,,
7.279888,100,,
7.280455,100,1494,0
7.282282,100,,
7.282845,101,,
7.283455,101,,
7.284099,101,,
7.284736,101,,
7.285311,101,,
7.285982,101,,
7.286601,101,1494,0
7.288447,101,,
7.298035,101,,
7.298658,101,,
7.299231,101,,
7.299886,101,,
7.300492,101,,
7.301111,101,,
7.301703,101,1494,0
7.303532,101,,
7.309389,101,,
7.310247,101,,
7.310888,101,,
7.311480,101,,
7.312128,101,,
7.313030,101,,
7.313667,101,1494,0
7.315436,101,,
7.316079,101,,
7.316853,101,,
7.317788,101,,
7.318629,101,,
7.319550,101,,
7.329185,101,,
7.330103,101,1494,0
7.332251,101,,
7.332882,101,,
7.333543,101,,
7.334167,101,,
7.340309,101,,
7.341370,101,,
7.342342,101,,
7.343223,100,1494,0
7.345456,100,,
7.346387,100,,
7.347014,100,,
7.347627,100,,
7.348237,100,,
7.349225,100,,
7.349837,100,,
7.350476,100,1494,0
7.362230,100,,
7.363313,100,,
7.364216,100,,
7.364807,100,,
7.365777,100,,
7.371489,100,,
7.372151,100,,
7.372915,100,1494,0
7.375506,100,,
7.376393,100,,
7.377348,100,,
7.377984,100,,
7.378622,100,,
7.379238,100,,
7.379834,100,,
7.380776,100,1494,0
7.392145,100,,
7.393088,100,,
7.394061,100,,
7.394996,100,,
7.395607,100,,
7.396256,100,,
7.402225,100,,
7.403252,101,1494,0
7.406067,101,,
7.407018,101,,
7.407648,101,,
7.408697,101,,
7.409587,101,,
7.410504,101,,
7.411137,101,,
7.411741,101,1494,0
7.423037,101,,
7.424003,101,,
7.424630,101,,
7.425534,101,,
7.426690,101,,
7.427925,101,,
7.433369,101,,
7.434501,101,1494,0
7.437933,101,,
7.439124,101,,
7.440280,101,,
7.441194,101,,
7.442491,101,,
7.443628,101,,
7.453367,101,,
7.454547,101,1494,0
7.457655,101,,
7.458563,101,,
7.464394,101,,
7.464996,101,,
7.465809,101,,
7.466732,101,,
7.467287,101,,
7.467930,101,1494,0
7.470162,101,,
7.470754,101,,
7.471397,101,,
7.472036,101,,
7.472652,101,,
7.473245,101,,
7.473880,101,,
7.474844,101,1494,0
7.485775,101,,
7.486355,101,,
7.487325,101,,
7.487986,101,,
7.488617,101,,
7.489220,101,,
7.495331,101,,
7.496291,101,1494,0
7.498493,101,,
7.499438,101,,
7.500091,101,,
7.501057,101,,
7.502031,101,,
7.502981,101,,
7.503616,101,,
7.504226,101,1494,0
7.516068,101,,
7.517026,101,,
7.517622,101,,
7.518266,101,,
7.519231,101,,
7.520188,101,,
7.526383,101,,
7.527342,101,1494,0
7.529546,101,,
7.530487,101,,
7.531447,101,,
7.532427,101,,
7.533364,101,,
7.534336,101,,
7.534974,101,,
7.535606,101,1494,0
7.547170,101,,
7.547779,101,,
7.548370,101,,
7.549327,100,,
7.549973,100,,
7.550609,100,,
7.551250,100,,
7.557585,100,1494,0
7.560134,100,,
7.561087,100,,
7.562063,100,,
7.562986,100,,
7.563619,100,,
7.564580,100,,
7.565202,100,,
7.565820,100,1494,0
7.567627,100,,
7.577278,100,,
7.578131,100,,
7.579079,100,,
7.579698,100,,
7.580282,100,,
7.580952,101,,
7.581522,101,1494,0
7.589127,101,,
7.590055,101,,
7.591006,101,,
7.591941,101,,
7.592542,101,,
7.593160,101,,
7.594109,101,,
7.594870,101,1494,0
7.597980,101,,
7.598917,101,,
7.608298,101,,
7.609261,101,,
7.610177,101,,
7.611104,101,,
7.611729,101,,
7.612718,101,1494,0
7.620148,101,,
7.621066,101,,
7.621699,101,,
7.622289,101,,
7.622908,101,,
7.623512,101,,
7.624460,101,,
7.625381,101,1494,0
7.627913,101,,
7.628862,101,,
7.629792,101,,
7.639201,101,,
7.640244,101,,
7.641160,100,,
7.642121,100,,
7.643073,100,1494,0
7.650728,100,,
7.651266,100,,
7.651932,100,,
7.652862,100,,
7.653770,100,,
7.654324,100,,
7.655000,100,,
7.655601,100,1494,0
7.657381,100,,
7.658019,100,,
7.658636,100,,
7.659229,100,,
7.659878,100,,
7.660532,100,,
7.670072,100,,
7.671010,101,1494,0
7.672866,101,,
7.673446,101,,
7.674090,101,,
7.674710,101,,
7.675332,101,,
7.681150,101,,
7.681750,101,,
7.682668,101,1494,0
7.684550,101,,
7.685169,101,,
7.685777,101,,
7.686731,101,,
7.687304,101,,
7.687960,101,,
7.688570,101,,
7.689200,101,1494,0
7.691034,101,,
7.691638,101,,
7.701342,101,,
7.702218,101,,
7.703164,101,,
7.703740,101,,
7.704355,101,,
7.705321,101,1494,0
7.713268,101,,
7.714232,101,,
7.715163,101,,
7.716116,101,,
7.716757,101,,
7.717336,101,,
7.717972,101,,
7.718593,101,1494,0
7.720411,101,,
7.721056,101,,
7.721701,101,,
7.722326,101,,
7.732383,100,,
7.733433,100,,
7.734358,100,,
7.735307,100,1494,0
7.737502,100,,
7.743408,100,,
7.744018,100,,
7.744958,100,,
7.745600,100,,
7.746212,100,,
7.746822,100,,
7.747787,100,1494,0
7.750711,100,,
7.751659,100,,
7.752267,100,,
7.752922,100,,
7.753889,100,,
7.763311,100,,
7.764229,100,,
7.765153,100,1494,0
7.767377,100,,
7.768546,100,,
7.774312,100,,
7.775323,100,,
7.776374,100,,
7.777512,100,,
7.778520,100,,
7.779430,100,1494,0
7.782001,100,,
7.782949,100,,
7.783915,100,,
7.784885,100,,
7.794374,100,,
7.795271,100,,
7.796232,100,,
7.796844,100,1494,0
7.799362,100,,
7.805210,100,,
7.805810,100,,
7.806744,100,,
7.807735,100,,
7.808716,100,,
7.809672,100,,
7.810635,100,1494,0
7.813167,100,,
7.813782,100,,
7.814369,100,,
7.815370,100,,
7.825072,100,,
7.826041,100,,
7.826651,100,,
7.827614,100,1494,0
7.829819,100,,
7.830816,100,,
7.836620,100,,
7.837512,100,,
7.838432,100,,
7.839089,100,,
7.840031,100,,
7.840633,100,1494,0
7.842784,100,,
7.843368,100,,
7.844009,100,,
7.844621,100,,
7.845205,100,,
7.845836,100,,
7.846405,100,,
7.856137,100,1494,0
7.858293,100,,
7.858913,100,,
7.859575,100,,
7.860187,100,,
7.861102,100,,
7.867376,100,,
7.868444,100,,
7.869368,100,1494,0
7.872150,100,,
7.873075,100,,
7.873679,100,,
7.874636,100,,
7.875222,100,,
7.875855,100,,
7.876450,100,,
7.877436,100,1494,0
7.888677,100,,
7.889255,100,,
7.889903,100,,
7.890847,100,,
7.891435,100,,
7.892071,100,,
7.893041,100,,
7.898611,100,1494,0
7.901143,100,,
7.902083,100,,
7.903079,100,,
7.904041,100,,
7.905034,100,,
7.905656,100,,
7.906235,100,,
7.907218,100,1494,0
7.919028,100,,
7.919637,100,,
7.920228,100,,
7.921225,100,,
7.921846,100,,
7.922458,100,,
7.923118,100,,
7.929433,100,1494,0
7.931262,100,,
7.932132,100,,
7.933128,100,,
7.934061,100,,
7.935016,100,,
7.935645,100,,
7.936609,100,,
7.937561,100,1494,0
7.939781,101,,
7.949163,101,,
7.950122,101,,
7.951063,101,,
7.952026,101,,
7.953004,101,,
7.953645,101,,
7.954283,101,1494,0
7.961779,101,,
7.962729,101,,
7.963716,101,,
7.964700,101,,
7.965332,101,,
7.965973,101,,
7.966604,101,,
7.967247,101,1494,0
7.969433,100,,
7.970401,100,,
7.979975,100,,
7.980599,100,,
7.981228,100,,
7.981855,100,,
7.982475,100,,
7.983127,100,1494,0
7.985673,100,,
7.991427,100,,
7.992381,100,,
7.993453,100,,
7.994345,100,,
7.995262,100,,
7.996234,100,,
7.997206,100,1494,0
7.999067,100,,
8.000030,100,,
8.000825,100,,
8.001749,100,,
8.011261,100,,
8.012167,100,,
8.013194,100,,
8.014257,100,1494,0
8.016378,100,,
8.022589,100,,
8.023497,100,,
8.024449,100,,
8.025113,100,,
8.026050,100,,
8.026687,100,,
8.027321,100,1494,0
8.029227,100,,
8.030182,100,,
8.031141,100,,
8.031759,100,,
8.032629,100,,
8.042163,100,,
8.043066,100,,
8.044024,100,1494,0
8.045901,100,,
8.046543,100,,
8.047129,100,,
8.053182,100,,
8.054146,100,,
8.055115,100,,
8.056069,100,,
8.057000,100,1494,0
8.058922,100,,
8.059880,100,,
8.060855,100,,
8.061441,100,,
8.062085,100,,
8.063050,100,,
8.063674,100,,
8.073351,100,1494,0
8.075907,100,,
8.076893,100,,
8.077864,100,,
8.078490,100,,
8.084370,100,,
8.085246,100,,
8.085881,100,,
8.086440,100,1494,0
8.088770,100,,
8.089717,100,,
8.090330,100,,
8.090941,100,,
8.091591,100,,
8.092535,100,,
8.093150,100,,
8.093761,100,1494,0
8.105028,100,,
8.106003,100,,
8.106965,100,,
8.107928,100,,
8.108889,100,,
8.109862,100,,
8.115647,100,,
8.116585,100,1494,0
8.118462,100,,
8.119411,100,,
8.120040,100,,
8.120642,100,,
8.121617,100,,
8.122578,100,,
8.123542,100,,
8.124169,100,1494,0
8.136060,100,,
8.137010,100,,
8.137985,100,,
8.138858,100,,
8.140081,100,,
8.146592,100,,
8.147859,100,,
8.149152,100,1494,0
8.152803,100,,
8.154049,100,,
8.155319,100,,
8.156589,100,,
8.166344,100,,
8.167357,100,,
8.168310,100,,
8.169282,100,1494,0
8.177330,100,,
8.178298,100,,
8.179375,100,,
8.180318,100,,
8.180936,100,,
8.181885,100,,
8.182866,100,,
8.183819,100,1494,0
8.186005,100,,
8.186688,100,,
8.187615,100,,
8.197281,100,,
8.198389,100,,
8.199395,100,,
8.200353,100,,
8.201292,100,1494,0
8.209145,100,,
8.209742,100,,
8.210694,100,,
8.211326,100,,
8.211965,100,,
8.212606,100,,
8.213215,100,,
8.213835,100,1494,0
8.216036,100,,
8.216647,100,,
8.217248,100,,
8.218210,100,,
8.228115,100,,
8.229014,100,,
8.229635,100,,
8.230242,100,1494,0
8.232087,100,,
8.232707,100,,
8.233668,100,,
8.239215,100,,
8.240121,100,,
8.241072,100,,
8.241689,100,,
8.242299,100,1494,0
8.244085,100,,
8.244690,100,,
8.245266,100,,
8.245923,100,,
8.246503,100,,
8.247144,100,,
8.247769,100,,
8.248341,100,1494,0
8.259155,100,,
8.260065,100,,
8.260696,100,,
8.261289,100,,
8.261928,100,,
8.262523,100,,
8.263159,100,,
8.263768,100,1494,0
8.271019,100,,
8.271642,100,,
8.272259,100,,
8.272858,100,,
8.273452,100,,
8.274088,100,,
8.274770,100,,
8.275687,100,1494,0
8.277842,100,,
8.278788,100,,
8.279390,100,,
8.280083,100,,
8.280986,100,,
8.290388,100,,
8.290969,100,,
8.291558,100,1494,0
8.293367,100,,
8.294011,100,,
8.294626,100,,
8.295218,100,,
8.301464,100,,
8.302011,100,,
8.302655,100,,
8.303264,100,1494,0
8.305068,100,,
8.305705,100,,
8.306300,100,,
8.306909,100,,
8.307547,100,,
8.308218,100,,
8.308829,100,,
8.309433,100,1494,0
8.311330,100,,
8.320993,100,,
8.321623,100,,
8.322236,100,,
8.322857,100,,
8.323482,100,,
8.324090,100,,
8.325052,100,1494,0
8.332276,100,,
8.333150,100,,
8.334078,100,,
8.334712,100,,
8.335297,100,,
8.335930,100,,
8.336548,100,,
8.337149,100,1494,0
8.338991,100,,
8.339620,100,,
8.340243,100,,
8.340865,100,,
8.341457,100,,
8.342085,100,,
8.342725,100,,
8.352390,100,1494,0
8.354581,100,,
8.355524,100,,
8.356487,100,,
8.357425,100,,
8.363203,100,,
8.364172,100,,
8.364752,100,,
8.365722,100,1494,0
8.367948,100,,
8.368545,100,,
8.369491,100,,
8.370089,100,,
8.370705,100,,
8.371335,100,,
8.371967,100,,
8.372579,100,1494,0
8.384048,100,,
8.384960,100,,
8.385886,100,,
8.386489,100,,
8.387405,100,,
8.388006,100,,
8.388644,100,,
8.394719,100,1494,0
8.396790,100,,
8.397423,100,,
8.398022,100,,
8.398631,100,,
8.399231,100,,
8.399831,100,,
8.400461,100,,
8.401050,100,1494,0
8.402856,100,,
8.403471,100,,
8.404074,100,,
8.404826,100,,
8.414573,100,,
8.415603,100,,
8.416354,100,,
8.417119,100,1494,0
8.419558,100,,
8.425133,100,,
8.425727,100,,
8.426348,100,,
8.426977,100,,
8.427605,100,,
8.428225,100,,
8.428857,100,1494,0
8.431078,100,,
8.431736,100,,
8.432707,100,,
8.433335,100,,
8.433962,100,,
8.434593,100,,
8.435219,100,,
8.444959,100,1494,0
8.446805,100,,
8.447782,100,,
8.448722,100,,
8.449356,100,,
8.449995,100,,
8.450601,100,,
8.456427,100,,
8.457416,100,1494,0
8.459635,100,,
8.460272,100,,
8.460881,100,,
8.461503,100,,
8.462139,100,,
8.463114,100,,
8.463731,100,,
8.464358,100,1494,0
8.466279,100,,
8.476064,100,,
8.476930,100,,
8.477900,100,,
8.478857,100,,
8.479465,100,,
8.480111,100,,
8.480712,100,1494,0
8.488055,100,,
8.488669,100,,
8.489653,100,,
8.490284,100,,
8.490923,100,,
8.491548,100,,
8.492185,100,,
8.493148,100,1494,0
8.496052,100,,
8.496709,100,,
8.497629,100,,
8.507033,100,,
8.507785,100,,
8.508757,100,,
8.509696,100,,
8.510666,100,1494,0
8.512853,100,,
8.518349,100,,
8.519303,100,,
8.520268,100,,
8.520920,100,,
8.521534,100,,
8.522481,100,,
8.523106,100,1494,0
8.525785,100,,
8.526699,100,,
8.527324,100,,
8.527935,100,,
8.528564,100,,
8.538254,100,,
8.539185,100,,
8.539852,100,1494,0
8.542301,100,,
8.543263,100,,
8.549164,100,,
8.550122,100,,
8.550718,100,,
8.551333,100,,
8.551982,100,,
8.552600,100,1494,0
8.555168,100,,
8.556129,100,,
8.557215,100,,
8.558210,100,,
8.559078,100,,
8.559702,100,,
8.569321,100,,
8.569910,100,1494,0
8.573082,100,,
8.574050,100,,
8.580434,100,,
8.581364,100,,
8.581990,100,,
8.582626,100,,
8.583606,100,,
8.584571,100,1494,0
8.587169,100,,
8.588149,100,,
8.589121,100,,
8.589721,100,,
8.590328,100,,
8.600067,100,,
8.601022,100,,
8.601641,100,1494,0
8.603876,100,,
8.604855,100,,
8.605433,100,,
8.611207,100,,
8.611804,100,,
8.612413,100,,
8.613044,100,,
8.613983,100,1494,0
8.615845,100,,
8.616432,100,,
8.617059,100,,
8.618020,100,,
8.619000,100,,
8.619628,100,,
8.620271,100,,
8.620901,100,1494,0
8.631744,100,,
8.632363,100,,
8.633326,100,,
8.633991,100,,
8.634961,100,,
8.635601,100,,
8.636252,100,,
8.642287,100,1494,0
8.644489,100,,
8.645074,100,,
8.645693,100,,
8.646292,100,,
8.646933,100,,
8.647560,100,,
8.648200,100,,
8.649173,100,1494,0
8.651424,100,,
8.652065,100,,
8.661993,100,,
8.662586,100,,
8.663217,100,,
8.663827,100,,
8.664435,100,,
8.665376,100,1494,0
8.667284,100,,
8.673469,100,,
8.674365,100,,
8.675007,100,,
8.675626,100,,
8.676267,100,,
8.676912,100,,
8.677878,100,1494,0
8.680054,100,,
8.681023,100,,
8.681646,100,,
8.682286,100,,
8.682936,100,,
8.683550,100,,
8.693251,100,,
8.694172,100,1494,0
8.696378,100,,
8.696998,100,,
8.697664,100,,
8.698625,100,,
8.704420,100,,
8.705400,100,,
8.706286,100,,
8.706990,100,1494,0
8.709880,100,,
8.710799,100,,
8.711380,100,,
8.712332,100,,
8.712980,100,,
8.713929,100,,
8.714537,100,,
8.724351,100,1494,0
8.726851,100,,
8.727464,100,,
8.728082,100,,
8.728712,100,,
8.729349,100,,
8.735239,100,,
8.736213,100,,
8.737203,100,1494,0
8.739837,100,,
8.740785,100,,
8.741660,100,,
8.742576,100,,
8.743698,100,,
8.744833,100,,
8.745909,100,,
8.755389,100,1494,0
8.758691,100,,
8.759842,100,,
8.760925,100,,
8.766800,100,,
8.767753,100,,
8.768698,100,,
8.769325,100,,
8.769942,100,1494,0
8.771854,100,,
8.772841,100,,
8.773488,100,,
8.774442,100,,
8.775089,100,,
8.776263,100,,
8.786172,100,,
8.787077,100,1494,0
8.789437,100,,
8.790536,100,,
8.791472,100,,
8.797302,100,,
8.798230,100,,
8.799212,100,,
8.800316,100,,
8.801254,100,1494,0
8.803796,100,,
8.804760,100,,
8.805330,100,,
8.805973,100,,
8.806596,100,,
8.807566,100,,
8.817188,100,,
8.818114,100,1494,0
8.820221,100,,
8.820855,100,,
8.821607,100,,
8.822514,100,,
8.828306,100,,
8.828911,100,,
8.829533,100,,
8.830160,100,1494,0
8.832022,100,,
8.832642,100,,
8.833611,100,,
8.834252,100,,
8.834887,100,,
8.835494,100,,
8.836117,100,,
8.837073,100,1494,0
8.848143,100,,
8.848984,100,,
8.849583,100,,
8.850226,100,,
8.851132,100,,
8.851742,100,,
8.852306,100,,
8.852958,100,1494,0
8.860438,100,,
8.861085,100,,
8.861667,100,,
8.862270,100,,
8.862939,100,,
8.863884,100,,
8.864509,100,,
8.865118,100,1494,0
8.867240,100,,
8.867916,100,,
8.868508,100,,
8.869121,100,,
8.869734,100,,
8.879379,100,,
8.879946,100,,
8.880859,100,1494,0
8.883024,100,,
8.883659,100,,
8.884231,100,,
8.890332,100,,
8.891234,100,,
8.892126,100,,
8.892735,100,,
8.893317,100,1494,0
8.895513,100,,
8.896116,100,,
8.897048,100,,
8.897681,100,,
8.898396,100,,
8.899224,100,,
8.899837,100,,
8.900418,100,1494,0
8.911701,100,,
8.912584,100,,
8.913290,100,,
8.914194,100,,
8.914754,100,,
8.915737,100,,
8.921247,100,,
8.922152,100,1494,0
8.924288,100,,
8.924949,100,,
8.925889,100,,
8.926455,100,,
8.927409,100,,
8.928066,100,,
8.928657,100,,
8.929625,100,1494,0
8.941175,100,,
8.941865,100,,
8.942436,100,,
8.943013,100,,
8.943633,100,,
8.944782,100,,
8.945655,100,,
8.946313,100,1494,0
8.953994,100,,
8.954889,100,,
8.955930,100,,
8.956823,100,,
8.957703,100,,
8.958278,100,,
8.958909,100,,
8.959527,100,1494,0
8.962014,100,,
8.962626,100,,
8.972332,100,,
8.972936,100,,
8.973852,100,,
8.974704,100,,
8.975308,100,,
8.975915,100,1494,0
8.983330,100,,
8.984047,100,,
8.984656,100,,
8.985304,100,,
8.985932,100,,
8.986555,100,,
8.987171,100,,
8.987795,100,1494,0
8.989966,100,,
8.990577,100,,
8.991172,100,,
8.991856,100,,
8.992752,100,,
8.993317,100,,
9.003145,100,,
9.004017,100,1494,0
9.006004,100,,
9.006880,100,,
9.007827,100,,
9.008442,100,,
9.014227,100,,
9.014854,100,,
9.015467,100,,
9.016116,100,1494,0
9.018680,100,,
9.019281,100,,
9.019900,100,,
9.020515,100,,
9.021499,100,,
9.022161,100,,
9.023129,100,,
9.023713,100,1494,0
9.035071,100,,
9.036047,100,,
9.036673,100,,
9.037335,100,,
9.038280,100,,
9.038896,100,,
9.039863,100,,
9.045593,100,1494,0
9.047846,100,,
9.048802,100,,
9.049445,100,,
9.050077,100,,
9.051049,100,,
9.051671,100,,
9.052298,100,,
9.053223,100,1494,0
9.055107,100,,
9.055740,100,,
9.065296,100,,
9.065901,100,,
9.066509,100,,
9.067129,100,,
9.067733,100,,
9.068347,100,1494,0
9.070246,100,,
9.076252,100,,
9.076857,100,,
9.077484,100,,
9.078122,100,,
9.079356,100,,
9.080252,100,,
9.080890,100,1494,0
9.083036,100,,
9.083660,100,,
9.084229,100,,
9.084868,100,,
9.085461,100,,
9.086100,100,,
9.086725,100,,
9.096458,100,1494,0
9.098958,100,,
9.099772,100,,
9.100370,100,,
9.100981,100,,
9.101631,100,,
9.107403,100,,
9.107960,100,,
9.108599,100,1494,0
9.110381,100,,
9.111026,100,,
9.111608,100,,
9.112220,100,,
9.112824,100,,
9.113430,100,,
9.114033,100,,
9.114681,100,1494,0
9.116507,100,,
9.117071,100,,
9.117680,100,,
9.127284,100,,
9.127827,100,,
9.128477,100,,
9.129083,100,,
9.129701,100,1494,0
9.131542,100,,
9.132169,100,,
9.138349,100,,
9.138964,100,,
9.139579,100,,
9.140171,100,,
9.140795,100,,
9.141367,100,1494,0
9.143217,100,,
9.143879,100,,
9.144438,100,,
9.145059,100,,
9.145669,100,,
9.146287,100,,
9.146901,100,,
9.147497,100,1494,0
9.158245,100,,
9.158860,100,,
9.159418,100,,
9.160030,100,,
9.160676,100,,
9.161291,100,,
9.161910,100,,
9.162480,100,1494,0
9.169388,100,,
9.170035,100,,
9.170612,100,,
9.171214,100,,
9.171863,100,,
9.172428,100,,
9.173043,100,,
9.173650,100,1494,0
9.175506,100,,
9.176086,100,,
9.176697,100,,
9.177295,100,,
9.177944,100,,
9.178515,100,,
9.179137,100,,
9.188932,100,1494,0
9.190960,100,,
9.191582,100,,
9.192259,100,,
9.193212,100,,
9.193811,100,,
9.194376,100,,
9.200150,100,,
9.200727,100,1494,0
9.202646,100,,
9.203188,100,,
9.203867,100,,
9.204491,100,,
9.205109,100,,
9.205744,100,,
9.206293,100,,
9.206901,100,1494,0
9.208750,100,,
9.209347,100,,
9.209963,100,,
9.210648,100,,
9.220225,100,,
9.221172,100,,
9.221805,100,,
9.222405,100,1494,0
9.224223,100,,
9.224835,100,,
9.225434,100,,
9.231541,100,,
9.232139,100,,
9.233111,100,,
9.233720,100,,
9.234303,100,1494,0
9.236229,100,,
9.236838,100,,
9.237501,100,,
9.238448,100,,
9.239092,100,,
9.240035,100,,
9.240718,100,,
9.241638,100,1494,0
9.252628,100,,
9.253251,100,,
9.253882,100,,
9.254842,100,,
9.255413,100,,
9.256067,100,,
9.257042,100,,
9.262548,100,1494,0
9.264712,100,,
9.265699,100,,
9.266678,100,,
9.267622,100,,
9.268226,100,,
9.269121,100,,
9.270046,100,,
9.271006,100,1494,0
9.282225,100,,
9.283078,100,,
9.284037,100,,
9.284627,100,,
9.285223,100,,
9.285868,100,,
9.286838,100,,
9.287459,100,1494,0
9.295149,100,,
9.296052,100,,
9.296679,100,,
9.297355,100,,
9.298224,100,,
9.298840,100,,
9.299436,100,,
9.300058,100,1494,0
9.301910,100,,
9.302529,100,,
9.303470,100,,
9.313135,100,,
9.314022,100,,
9.314612,100,,
9.315210,100,,
9.315829,100,1494,0
9.317708,100,,
9.318315,100,,
9.324533,100,,
9.325432,100,,
9.326055,100,,
9.326694,100,,
9.327315,100,,
9.327940,100,1494,0
9.329808,100,,
9.330421,100,,
9.331042,100,,
9.332022,100,,
9.333150,100,,
9.334031,100,,
9.334654,100,,
9.344367,100,1494,0
9.346428,100,,
9.347101,100,,
9.347695,100,,
9.348279,100,,
9.348899,100,,
9.349508,100,,
9.355288,100,,
9.355943,100,1494,0
9.358137,100,,
9.359126,100,,
9.360079,100,,
9.361023,100,,
9.361652,100,,
9.362255,100,,
9.363191,100,,
9.363779,100,1494,0
9.365631,100,,
9.375345,100,,
9.376270,100,,
9.376860,100,,
9.378112,100,,
9.379050,100,,
9.379612,100,,
9.380211,100,1494,0
9.387482,100,,
9.388109,100,,
9.389061,100,,
9.389683,100,,
9.390657,100,,
9.391269,100,,
9.391917,100,,
9.392539,100,1494,0
9.395104,100,,
9.395720,100,,
9.396346,100,,
9.406115,100,,
9.407133,100,,
9.408306,100,,
9.409198,100,,
9.410138,100,1494,0
9.417788,100,,
9.418398,100,,
9.419057,100,,
9.419662,100,,
9.420311,100,,
9.420970,100,,
9.421935,100,,
9.422568,100,1494,0
9.424368,100,,
9.425235,100,,
9.425813,100,,
9.426556,100,,
9.427449,100,,
9.437633,100,,
9.438531,100,,
9.439447,100,1494,0
9.441689,100,,
9.442315,100,,
9.448284,100,,
9.449639,100,,
9.450981,100,,
9.452328,100,,
9.453602,100,,
9.454878,101,1494,0
9.458268,101,,
9.468237,101,,
9.469094,101,,
9.469730,101,,
9.470681,101,,
9.471300,101,,
9.471890,101,,
9.472537,101,1494,0
9.480163,101,,
9.480759,101,,
9.481731,101,,
9.482696,101,,
9.483288,101,,
9.483956,101,,
9.484666,101,,
9.485521,101,1494,0
9.487361,101,,
9.487974,101,,
9.488930,101,,
9.489560,101,,
9.499241,101,,
9.500041,101,,
9.500680,101,,
9.501464,101,1494,0
9.503515,101,,
9.504131,101,,
9.510346,101,,
9.510967,101,,
9.511763,101,,
9.512404,101,,
9.513183,101,,
9.514347,101,1494,0
9.516327,100,,
9.516979,100,,
9.517588,100,,
9.518185,100,,
9.518769,100,,
9.519369,100,,
9.520015,100,,
9.520702,100,1494,0
9.531932,100,,
9.532533,100,,
9.533137,100,,
9.533713,100,,
9.534363,100,,
9.534927,100,,
9.535547,100,,
9.541294,100,1494,0
9.543445,100,,
9.544072,100,,
9.544680,100,,
9.545247,100,,
9.545898,100,,
9.546493,100,,
9.547133,100,,
9.547740,100,1494,0
9.549615,100,,
9.550211,100,,
9.550837,100,,
9.551438,100,,
9.561127,100,,
9.562012,100,,
9.562956,100,,
9.563573,100,1494,0
9.566188,100,,
9.572230,100,,
9.573178,100,,
9.574156,100,,
9.575170,101,,
9.575991,101,,
9.576604,101,,
9.577210,101,1494,0
9.579090,101,,
9.579689,101,,
9.580291,101,,
9.580893,101,,
9.581539,101,,
9.582145,101,,
9.582753,101,,
9.592431,101,1494,0
9.594530,101,,
9.595155,101,,
9.595755,101,,
9.596474,101,,
9.597309,101,,
9.603518,101,,
9.604204,101,,
9.605129,100,1494,0
9.606925,100,,
9.607519,100,,
9.608149,100,,
9.608756,100,,
9.609393,100,,
9.610010,100,,
9.610686,100,,
9.611575,100,1494,0
9.613377,100,,
9.623038,100,,
9.623664,100,,
9.624279,100,,
9.624888,100,,
9.625484,100,,
9.626116,100,,
9.626719,100,1494,0
9.628559,100,,
9.634273,100,,
9.634908,100,,
9.635485,100,,
9.636127,100,,
9.636707,100,,
9.637305,100,,
9.637950,100,1494,0
9.639770,100,,
9.640377,100,,
9.641052,100,,
9.641679,100,,
9.642263,100,,
9.642931,100,,
9.643533,100,,
9.644095,100,1494,0
9.654894,100,,
9.655477,100,,
9.656070,100,,
9.656700,100,,
9.657318,100,,
9.657939,100,,
9.658538,100,,
9.659147,100,1494,0
9.666369,100,,
9.666990,100,,
9.667621,100,,
9.668203,100,,
9.668845,100,,
9.669803,100,,
9.670407,100,,
9.671056,100,1494,0
9.672863,100,,
9.673490,100,,
9.674094,100,,
9.674703,100,,
9.675333,100,,
9.685191,100,,
9.686135,100,,
9.687079,100,1494,0
9.689642,100,,
9.690246,100,,
9.696665,100,,
9.697569,100,,
9.698185,100,,
9.698818,100,,
9.699772,100,,
9.700730,100,1494,0
9.702603,100,,
9.703222,100,,
9.703807,100,,
9.704693,100,,
9.705696,100,,
9.706623,100,,
9.716280,100,,
9.717214,100,1494,0
9.719749,100,,
9.720708,100,,
9.721655,100,,
9.727282,100,,
9.728235,100,,
9.728857,100,,
9.729829,100,,
9.730791,100,1494,0
9.732646,100,,
9.733254,100,,
9.733828,100,,
9.734450,100,,
9.735135,100,,
9.736066,100,,
9.736726,100,,
9.737708,100,1494,0
9.748715,100,,
9.749672,100,,
9.750637,100,,
9.751286,100,,
9.751897,100,,
9.752538,101,,
9.758313,101,,
9.759261,101,1494,0
9.761480,101,,
9.762166,101,,
9.762755,101,,
9.763706,101,,
9.764308,101,,
9.764945,101,,
9.765554,101,,
9.766192,101,1494,0
9.768067,101,,
9.768689,101,,
9.778322,101,,
9.779238,101,,
9.779898,101,,
9.780882,100,,
9.781834,100,,
9.782448,100,1494,0
9.789997,100,,
9.791274,100,,
9.792497,100,,
9.793732,100,,
9.794858,100,,
9.795835,100,,
9.796786,100,,
9.797726,100,1494,0
9.809210,100,,
9.810157,100,,
9.811060,100,,
9.811678,100,,
9.812310,100,,
9.813254,100,,
9.813887,100,,
9.814532,100,1494,0
9.821531,100,,
9.822168,100,,
9.823092,100,,
9.823753,100,,
9.824418,100,,
9.825321,100,,
9.825969,100,,
9.826942,100,1494,0
9.829188,100,,
9.830139,100,,
9.830773,100,,
9.840360,100,,
9.841310,100,,
9.841966,100,,
9.842587,100,,
9.843212,100,1494,0
9.845077,100,,
9.845726,100,,
9.851437,100,,
9.852067,100,,
9.852728,100,,
9.853323,100,,
9.853977,100,,
9.854587,100,1494,0
9.856789,100,,
9.857732,100,,
9.858686,100,,
9.859322,100,,
9.859941,100,,
9.860584,100,,
9.861234,100,,
9.871381,100,1494,0
9.874254,100,,
9.875231,100,,
9.876208,100,,
9.882570,100,,
9.883457,100,,
9.884071,100,,
9.884704,100,,
9.885340,100,1494,0
9.887234,100,,
9.887853,100,,
9.888803,100,,
9.889898,100,,
9.890816,100,,
9.891385,100,,
9.892298,100,,
9.902084,100,1494,0
9.904286,100,,
9.905244,100,,
9.905893,100,,
9.906555,100,,
9.907493,100,,
9.913299,100,,
9.913920,100,,
9.914856,100,1494,0
9.917090,100,,
9.917748,100,,
9.918357,100,,
9.919022,100,,
9.919966,100,,
9.920554,100,,
9.921213,100,,
9.922171,100,1494,0
9.933385,100,,
9.934029,100,,
9.934664,100,,
9.935272,100,,
9.935890,100,,
9.936532,100,,
9.937476,100,,
9.938161,100,1494,0
9.945822,100,,
9.946436,100,,
9.947067,100,,
9.947728,100,,
9.948706,100,,
9.949690,100,,
9.950682,100,,
9.951630,100,1494,0
9.953521,100,,
9.954462,100,,
9.964128,100,,
9.965007,100,,
9.965963,100,,
9.966572,100,,
9.967244,100,,
9.967801,100,1494,0
9.969730,100,,
9.975739,100,,
9.976667,100,,
9.977600,100,,
9.978184,100,,
9.978838,100,,
9.979415,100,,
9.980083,100,1494,0
9.981926,100,,
9.982542,100,,
9.983444,100,,
9.984140,100,,
9.985063,100,,
9.985718,100,,
9.995351,100,,
9.996213,100,1494,0
9.998086,100,,
9.999028,100,,
9.999655,100,,
10.000238,100,,
10.006334,100,,
10.006955,100,,
10.007583,100,,
10.008228,100,1494,0
10.010756,100,,
10.011342,100,,
10.011981,100,,
10.012892,100,,
10.013468,100,,
10.014092,100,,
10.014747,100,,
10.015316,100,1494,0
10.026388,100,,
10.027251,100,,
10.027847,100,,
10.028469,100,,
10.029120,100,,
10.029718,100,,
10.030296,100,,
10.030958,100,1494,0
10.038369,100,,
10.039041,100,,
10.039969,100,,
10.040572,100,,
10.041175,100,,
10.041805,100,,
10.042389,100,,
10.043035,100,1494,0
10.044886,100,,
10.045480,100,,
10.046121,100,,
10.046733,100,,
10.047331,100,,
10.057045,100,,
10.057657,100,,
10.058295,100,1494,0
10.060152,100,,
10.061054,100,,
10.061710,100,,
10.062611,100,,
10.068606,100,,
10.069579,100,,
10.070505,100,,
10.071168,100,1494,0
10.073052,100,,
10.073684,100,,
10.074285,100,,
10.075250,100,,
10.075825,100,,
10.076417,100,,
10.077058,100,,
10.077691,100,1494,0
10.089191,100,,
10.090285,100,,
10.091228,100,,
10.092211,100,,
10.093239,100,,
10.099269,100,,
10.100236,100,,
10.101208,100,1494,0
10.103736,100,,
10.104353,100,,
10.105287,100,,
10.105937,100,,
10.106542,100,,
10.107503,101,,
10.108457,101,,
10.109074,101,1494,0
10.120335,101,,
10.120948,101,,
10.121930,101,,
10.122917,101,,
10.123554,101,,
10.124141,101,,
10.124750,101,,
10.130696,101,1494,0
10.133203,101,,
10.133809,101,,
10.134419,101,,
10.135363,101,,
10.136325,101,,
10.136956,101,,
10.137562,101,,
10.138182,101,1494,0
10.150094,100,,
10.150620,100,,
10.151225,100,,
10.151874,100,,
10.152487,100,,
10.153241,100,,
10.154228,100,,
10.155144,100,1494,0
10.162881,100,,
10.163817,100,,
10.164789,100,,
10.165750,100,,
10.166700,100,,
10.167648,100,,
10.168569,100,,
10.169479,100,1494,0
10.171989,100,,
10.181389,100,,
10.182262,100,,
10.182918,100,,
10.183487,100,,
10.184161,100,,
10.184748,100,,
10.185448,100,1494,0
10.193231,100,,
10.194134,100,,
10.194706,100,,
10.195353,100,,
10.196240,100,,
10.196856,100,,
10.197494,100,,
10.198231,100,1494,0
10.200219,100,,
10.200825,100,,
10.201432,100,,
10.202161,100,,
10.202702,100,,
10.212344,100,,
10.212904,100,,
10.213561,100,1494,0
10.215325,100,,
10.215937,100,,
10.216552,100,,
10.217171,100,,
10.223233,100,,
10.224161,100,,
10.224871,100,,
10.225852,100,1494,0
10.227982,100,,
10.228591,100,,
10.229171,100,,
10.229824,100,,
10.230414,100,,
10.231029,100,,
10.231644,100,,
10.232216,100,1494,0
10.243086,100,,
10.243700,100,,
10.244302,100,,
10.244927,100,,
10.245507,100,,
10.246127,100,,
10.246783,100,,
10.247397,100,1494,0
10.254642,100,,
10.255203,100,,
10.255859,100,,
10.256465,100,,
10.257078,100,,
10.257695,100,,
10.258267,100,,
10.258920,100,1494,0
10.260773,100,,
10.261371,100,,
10.261993,100,,
10.262615,100,,
10.263220,100,,
10.263844,100,,
10.264457,100,,
10.274173,100,1494,0
10.276722,100,,
10.277325,100,,
10.277965,100,,
10.278556,100,,
10.279229,100,,
10.285258,100,,
10.286242,100,,
10.286867,100,1494,0
10.288702,100,,
10.289678,100,,
10.290598,100,,
10.291256,100,,
10.292211,100,,
10.293204,100,,
10.293820,100,,
10.294428,100,1494,0
10.305400,100,,
10.306342,100,,
10.307292,100,,
10.308255,100,,
10.309237,100,,
10.310201,100,,
10.316242,100,,
10.316892,100,1494,0
10.318796,100,,
10.319422,100,,
10.320043,100,,
10.320693,100,,
10.321647,100,,
10.322592,100,,
10.323236,100,,
10.324188,100,1494,0
10.326747,100,,
10.336388,100,,
10.337034,100,,
10.338004,100,,
10.338981,100,,
10.339930,100,,
10.340597,100,,
10.341533,100,1494,0
10.348699,100,,
10.349268,100,,
10.349911,100,,
10.350511,100,,
10.351178,100,,
10.351802,100,,
10.352417,100,,
10.353062,100,1494,0
10.354940,100,,
10.355892,100,,
10.356556,100,,
10.357501,100,,
10.367166,100,,
10.367985,100,,
10.368938,100,,
10.369909,100,1494,0
10.372151,100,,
10.373090,100,,
10.378633,100,,
10.379574,100,,
10.380480,100,,
10.381127,100,,
10.381735,100,,
10.382419,100,1494,0
10.384564,100,,
10.385243,100,,
10.385823,100,,
10.386443,100,,
10.387109,100,,
10.388162,100,,
10.398204,100,,
10.399081,100,1494,0
10.400989,100,,
10.401965,100,,
10.402581,100,,
10.403155,100,,
10.409378,100,,
10.410460,100,,
10.411416,100,,
10.412310,100,1494,0
10.414913,100,,
10.415872,100,,
10.416463,100,,
10.417417,100,,
10.418056,100,,
10.419066,100,,
10.419667,100,,
10.429432,100,1494,0
10.431946,100,,
10.432560,100,,
10.433185,100,,
10.433823,100,,
10.434427,100,,
10.440492,100,,
10.441458,100,,
10.442046,100,1494,0
10.444637,100,,
10.445253,100,,
10.445846,100,,
10.446446,100,,
10.447122,100,,
10.448090,100,,
10.449082,100,,
10.449727,100,1494,0
10.461176,100,,
10.462121,100,,
10.463076,100,,
10.463690,100,,
10.464637,100,,
10.465221,100,,
10.471231,100,,
10.471892,100,1494,0
10.473779,100,,
10.474612,100,,
10.475595,100,,
10.476549,100,,
10.477511,100,,
10.478648,100,,
10.479600,100,,
10.480212,100,1494,0
10.492229,100,,
10.493300,100,,
10.494248,100,,
10.495190,100,,
10.496150,100,,
10.496770,100,,
10.502539,100,,
10.503185,100,1494,0
10.505452,100,,
10.506119,100,,
10.506704,100,,
10.507351,100,,
10.508032,100,,
10.508662,100,,
10.509363,100,,
10.510275,100,1494,0
10.512570,100,,
10.522183,100,,
10.523177,100,,
10.524169,100,,
10.525173,100,,
10.526162,100,,
10.527139,100,,
10.533524,100,1494,0
10.536064,100,,
10.537021,100,,
10.537632,100,,
10.538243,100,,
10.539187,100,,
10.539817,100,,
10.540435,100,,
10.541415,100,1494,0
10.544044,100,,
10.553365,100,,
10.554292,100,,
10.554911,100,,
10.555541,100,,
10.556181,100,,
10.557105,100,,
10.557707,100,1494,0
10.565266,100,,
10.565878,100,,
10.566803,100,,
10.567438,100,,
10.568095,100,,
10.568907,100,,
10.569899,100,,
10.570850,100,1494,0
10.573741,100,,
10.574629,100,,
10.584482,100,,
10.585764,100,,
10.587087,100,,
10.588463,100,,
10.589471,100,,
10.595352,100,1494,0
10.597867,100,,
10.598836,100,,
10.599438,100,,
10.600373,100,,
10.600998,100,,
10.601639,100,,
10.602246,100,,
10.603224,100,1494,0
10.615214,100,,
10.616140,100,,
10.616736,100,,
10.617700,100,,
10.618632,100,,
10.619256,100,,
10.619892,100,,
10.620952,100,1494,0
10.628220,100,,
10.628845,100,,
10.629807,100,,
10.630765,100,,
10.631372,100,,
10.632301,100,,
10.632945,100,,
10.633543,100,1494,0
10.636321,100,,
10.646301,100,,
10.647213,100,,
10.648171,100,,
10.648793,100,,
10.649753,100,,
10.650716,100,,
10.651320,100,1494,0
10.659609,100,,
10.660567,100,,
10.661530,100,,
10.662495,100,,
10.663448,100,,
10.664388,100,,
10.665053,100,,
10.666011,100,1494,0
10.677300,100,,
10.678253,100,,
10.678865,100,,
10.679822,100,,
10.680785,100,,
10.681740,100,,
10.682336,100,,
10.688270,100,1494,0
10.690381,100,,
10.691486,100,,
10.692448,100,,
10.693442,100,,
10.694379,100,,
10.694990,100,,
10.695589,100,,
10.696585,100,1494,0
10.708179,100,,
10.709093,100,,
10.709695,100,,
10.710279,100,,
10.711545,100,,
10.712643,100,,
10.713816,100,,
10.719524,100,1494,0
10.721618,100,,
10.722530,100,,
10.723216,100,,
10.724380,100,,
10.725307,100,,
10.725906,100,,
10.726890,100,,
10.727846,100,1494,0
10.739312,100,,
10.740300,100,,
10.740943,100,,
10.741881,100,,
10.742841,100,,
10.743797,100,,
10.744395,100,,
10.750376,100,1494,0
10.752454,100,,
10.753066,100,,
10.753673,100,,
10.754237,100,,
10.754862,100,,
10.755534,100,,
10.756135,100,,
10.756751,100,1494,0
10.758594,100,,
10.759334,100,,
10.760240,100,,
10.770101,100,,
10.770670,100,,
10.771334,100,,
10.771921,100,,
10.772542,100,1494,0
10.774466,100,,
10.775350,100,,
10.781297,100,,
10.782215,100,,
10.782822,100,,
10.783396,100,,
10.784052,100,,
10.784671,100,1494,0
10.786502,100,,
10.787138,100,,
10.787723,100,,
10.788292,100,,
10.788940,100,,
10.789526,100,,
10.790214,100,,
10.790788,100,1494,0
10.801720,100,,
10.802675,100,,
10.803228,100,,
10.803906,100,,
10.804472,100,,
10.805051,100,,
10.805838,100,,
10.806726,100,1494,0
10.813622,100,,
10.814223,100,,
10.814894,100,,
10.815491,100,,
10.816148,100,,
10.816747,100,,
10.817357,100,,
10.817991,100,1494,0
10.819863,100,,
10.820438,100,,
10.821055,100,,
10.821721,100,,
10.822287,100,,
10.832139,100,,
10.832704,100,,
10.833289,100,1494,0
10.835150,100,,
10.835777,100,,
10.836348,100,,
10.837054,100,,
10.837676,100,,
10.843437,100,,
10.844316,100,,
10.844965,100,1494,0
10.846780,100,,
10.847362,100,,
10.847967,100,,
10.848617,100,,
10.849192,100,,
10.849819,100,,
10.850417,100,,
10.851052,100,1494,0
10.852957,100,,
10.853510,100,,
10.863280,100,,
10.864122,100,,
10.864725,100,,
10.865331,100,,
10.865947,100,,
10.866543,100,1494,0
10.868718,100,,
10.874605,100,,
10.875440,100,,
10.876106,100,,
10.876706,100,,
10.877270,100,,
10.877923,100,,
10.878848,100,1494,0
10.880732,100,,
10.881686,100,,
10.882272,100,,
10.882889,100,,
10.883526,100,,
10.884516,100,,
10.894234,100,,
10.895153,100,1494,0
10.897267,100,,
10.897891,100,,
10.898453,100,,
10.899118,100,,
10.899745,100,,
10.905761,100,,
10.906684,100,,
10.907315,100,1494,0
10.909236,100,,
10.910179,100,,
10.911128,100,,
10.911755,100,,
10.912327,100,,
10.912983,100,,
10.913945,100,,
10.914580,100,1494,0
10.925741,100,,
10.926698,100,,
10.927671,100,,
10.928613,100,,
10.929219,100,,
10.929855,100,,
10.930437,100,,
10.936322,100,1494,0
10.938155,100,,
10.939216,100,,
10.940178,100,,
10.941069,100,,
10.942010,100,,
10.942938,100,,
10.943890,100,,
10.944876,100,1494,0
10.946697,100,,
10.956403,100,,
10.957316,100,,
10.957994,100,,
10.958927,100,,
10.959578,100,,
10.960515,100,,
10.961470,100,1494,0
10.969185,100,,
10.969772,100,,
10.970384,100,,
10.971353,100,,
10.972014,100,,
10.972986,100,,
10.973641,100,,
10.974581,100,1494,0
10.977181,100,,
10.987169,100,,
10.988110,100,,
10.988737,100,,
10.989673,100,,
10.990628,100,,
10.991592,100,,
10.992536,100,1494,0
11.000149,100,,
11.000752,100,,
11.001738,100,,
11.002722,100,,
11.003339,100,,
11.003994,100,,
11.004604,100,,
11.005244,100,1494,0
11.007135,100,,
11.008125,100,,
11.009066,100,,
11.018601,100,,
11.019506,100,,
11.020132,100,,
11.020718,100,,
11.021293,100,1494,0
11.023177,100,,
11.023784,100,,
11.029504,100,,
11.030122,100,,
11.031082,100,,
11.031703,100,,
11.032289,100,,
11.032945,100,1494,0
11.035535,100,,
11.036159,100,,
11.036808,100,,
11.037438,100,,
11.038114,100,,
11.039012,100,,
11.039676,100,,
11.049454,100,1494,0
11.051944,100,,
11.052909,100,,
11.053872,100,,
11.054848,100,,
11.060605,100,,
11.061615,100,,
11.062469,100,,
11.063115,100,1494,0
11.065672,100,,
11.066218,100,,
11.067231,100,,
11.068210,100,,
11.069220,100,,
11.070185,100,,
11.070803,100,,
11.080446,100,1494,0
11.082952,100,,
11.083582,100,,
11.084163,100,,
11.084999,100,,
11.085928,100,,
11.091741,100,,
11.092340,100,,
11.093293,100,1494,0
11.095534,100,,
11.096446,100,,
11.097078,100,,
11.097714,100,,
11.098332,100,,
11.098961,100,,
11.099620,100,,
11.100236,100,1494,0
11.111270,100,,
11.112184,100,,
11.112781,100,,
11.113402,100,,
11.114309,100,,
11.114972,100,,
11.115952,100,,
11.116593,100,1494,0
11.123938,100,,
11.124933,100,,
11.125947,100,,
11.126884,100,,
11.127471,100,,
11.128116,100,,
11.128749,100,,
11.129685,100,1494,0
11.131847,100,,
11.132444,100,,
11.142229,100,,
11.143184,100,,
11.144143,100,,
11.145123,100,,
11.145740,100,,
11.146346,100,1494,0
11.153423,100,,
11.154022,100,,
11.154622,100,,
11.155274,100,,
11.155901,100,,
11.156542,100,,
11.157183,100,,
11.157793,100,1494,0
11.159980,100,,
11.160606,100,,
11.161220,100,,
11.161865,100,,
11.162427,100,,
11.163083,100,,
11.163692,100,,
11.173308,100,1494,0
11.175586,100,,
11.176249,100,,
11.177205,100,,
11.178151,100,,
11.178785,100,,
11.185054,100,,
11.186023,100,,
11.186634,100,1494,0
11.188811,100,,
11.189440,100,,
11.190365,100,,
11.190989,100,,
11.191597,100,,
11.192198,100,,
11.192833,100,,
11.193436,100,1494,0
11.204426,100,,
11.205353,100,,
11.206017,100,,
11.206993,100,,
11.207594,100,,
11.208264,100,,
11.209217,100,,
11.215251,100,1494,0
11.217135,100,,
11.217768,100,,
11.218741,100,,
11.219375,100,,
11.220006,100,,
11.220640,100,,
11.221249,100,,
11.221879,100,1494,0
11.224139,100,,
11.225140,100,,
11.225733,100,,
11.235556,100,,
11.236474,100,,
11.237412,100,,
11.238081,100,,
11.239418,100,1494,0
11.247596,100,,
11.248660,100,,
11.249818,100,,
11.250972,100,,
11.252213,100,,
11.253425,100,,
11.254653,100,,
11.255923,100,1494,0
11.267654,100,,
11.268899,100,,
11.270190,100,,
11.271425,100,,
11.277819,100,,
11.278922,100,,
11.279831,100,,
11.280416,100,1494,0
11.282623,100,,
11.283246,100,,
11.283878,100,,
11.284505,100,,
11.285178,100,,
11.285751,100,,
11.286363,100,,
11.286985,100,1494,0
11.297877,100,,
11.298486,100,,
11.299121,100,,
11.299734,100,,
11.300343,100,,
11.300992,100,,
11.301943,100,,
11.302594,100,1494,0
11.309958,100,,
11.310925,100,,
11.311542,100,,
11.312458,100,,
11.313092,100,,
11.313731,100,,
11.314652,100,,
11.315253,100,1494,0
11.317484,100,,
11.318139,100,,
11.318794,100,,
11.328546,100,,
11.329435,100,,
11.330346,100,,
11.330973,100,,
11.331574,100,1494,0
11.333821,100,,
11.339546,100,,
11.340199,100,,
11.340837,100,,
11.341430,100,,
11.342055,100,,
11.343090,100,,
11.344345,100,1494,0
11.348017,100,,
11.349075,100,,
11.350011,100,,
11.359450,100,,
11.360395,100,,
11.361031,100,,
11.361992,100,,
11.362986,100,1494,0
11.370627,100,,
11.371204,100,,
11.371843,100,,
11.372460,100,,
11.373135,100,,
11.374067,100,,
11.374659,100,,
11.375265,100,1494,0
11.377189,100,,
11.377824,100,,
11.378797,100,,
11.379413,100,,
11.380032,100,,
11.380610,100,,
11.390251,100,,
11.391174,100,1494,0
11.392973,100,,
11.393603,100,,
11.394213,100,,
11.394823,100,,
11.395409,100,,
11.401220,100,,
11.401866,100,,
11.402474,100,1494,0
11.404265,100,,
11.404892,100,,
11.405515,100,,
11.406127,100,,
11.406872,100,,
11.407744,100,,
11.408313,100,,
11.408962,100,1494,0
11.410809,100,,
11.411768,100,,
11.421119,100,,
11.421675,100,,
11.422283,100,,
11.422897,100,,
11.423563,100,,
11.424131,100,1494,0
11.426015,100,,
11.426611,100,,
11.432382,100,,
11.433003,100,,
11.433601,100,,
11.434212,100,,
11.435215,100,,
11.435821,100,1494,0
11.438308,100,,
11.438958,100,,
11.439895,100,,
11.440492,100,,
11.441457,100,,
11.442082,100,,
11.442694,100,,
11.452302,100,1494,0
11.455365,100,,
11.456367,100,,
11.457220,100,,
11.457966,100,,
11.463898,100,,
11.464772,100,,
11.465700,100,,
11.466269,100,1494,0
11.468143,100,,
11.468753,100,,
11.469325,100,,
11.469940,100,,
11.470595,100,,
11.471227,100,,
11.471827,100,,
11.472447,100,1494,0
11.483314,100,,
11.483919,100,,
11.484542,100,,
11.485163,100,,
11.485710,100,,
11.486370,100,,
11.486991,100,,
11.487592,100,1494,0
11.494828,100,,
11.495379,100,,
11.496041,100,,
11.496642,100,,
11.497208,100,,
11.497853,100,,
11.498463,100,,
11.499079,100,1494,0
11.500944,100,,
11.501530,100,,
11.502173,100,,
11.502813,100,,
11.503432,100,,
11.504007,100,,
11.504649,100,,
11.514239,100,1494,0
11.516315,100,,
11.516965,100,,
11.517590,100,,
11.518148,100,,
11.518757,100,,
11.519356,100,,
11.525321,100,,
11.526212,100,1494,0
11.528076,100,,
11.528703,100,,
11.529264,100,,
11.529881,100,,
11.530503,100,,
11.531199,100,,
11.531757,100,,
11.532382,100,1494,0
11.534233,100,,
11.534848,100,,
11.535485,100,,
11.545388,100,,
11.546327,100,,
11.547261,100,,
11.547920,100,,
11.548899,100,1494,0
11.556618,100,,
11.557236,100,,
11.558373,100,,
11.559444,100,,
11.560562,100,,
11.561527,100,,
11.562483,100,,
11.563081,100,1494,0
11.565584,100,,
11.566193,100,,
11.576185,100,,
11.577114,100,,
11.577706,100,,
11.578350,100,,
11.578930,100,,
11.579560,100,1494,0
11.581434,100,,
11.587320,100,,
11.588286,100,,
11.589262,100,,
11.590250,100,,
11.591259,100,,
11.592222,100,,
11.592818,100,1494,0
11.594984,100,,
11.595899,100,,
11.596543,100,,
11.597144,100,,
11.598108,100,,
11.607440,100,,
11.608086,100,,
11.608681,100,1494,0
11.610924,100,,
11.611554,100,,
11.612166,100,,
11.612790,100,,
11.618607,100,,
11.619228,100,,
11.619858,100,,
11.620486,100,1494,0
11.622759,100,,
11.623422,100,,
11.624362,100,,
11.624954,100,,
11.625941,100,,
11.626913,100,,
11.627569,100,,
11.628520,100,1494,0
11.639408,100,,
11.640052,100,,
11.640671,100,,
11.641284,100,,
11.641912,100,,
11.642554,100,,
11.643509,100,,
11.649502,100,1494,0
11.651730,100,,
11.652347,100,,
11.652980,100,,
11.653608,100,,
11.654440,100,,
11.655468,100,,
11.656381,100,,
11.657003,100,1494,0
11.660208,100,,
11.669388,100,,
11.670292,100,,
11.670870,100,,
11.671510,100,,
11.672438,100,,
11.673076,100,,
11.673684,100,1494,0
11.681269,100,,
11.681923,100,,
11.682888,100,,
11.683559,100,,
11.684228,100,,
11.685177,100,,
11.685802,100,,
11.686374,100,1494,0
11.688978,100,,
11.689553,100,,
11.690232,100,,
11.700235,100,,
11.701161,100,,
11.701707,100,,
11.702327,100,,
11.702988,100,1494,0
11.704876,100,,
11.705543,100,,
11.711427,100,,
11.712558,100,,
11.713485,100,,
11.714393,100,,
11.715031,100,,
11.715979,100,1494,0
11.718227,100,,
11.719199,100,,
11.720126,100,,
11.720776,100,,
11.721387,100,,
11.731292,100,,
11.732248,100,,
11.733181,100,1494,0
11.735412,100,,
11.736398,100,,
11.742796,100,,
11.743766,100,,
11.744693,100,,
11.745662,100,,
11.746605,100,,
11.747233,100,1494,0
11.749396,100,,
11.750051,100,,
11.750659,100,,
11.751267,100,,
11.751907,100,,
11.752501,100,,
11.762275,100,,
11.763161,100,1494,0
11.765114,100,,
11.766057,100,,
11.767022,100,,
11.767981,100,,
11.773478,100,,
11.774069,100,,
11.774698,100,,
11.775285,100,1494,0
11.777197,100,,
11.777831,100,,
11.778414,100,,
11.779065,100,,
11.780039,100,,
11.780659,100,,
11.781243,100,,
11.781882,100,1494,0
11.793297,100,,
11.794212,100,,
11.794812,100,,
11.795398,100,,
11.796036,100,,
11.796643,100,,
11.797226,100,,
11.797877,100,1494,0
11.804926,100,,
11.805921,100,,
11.806823,99,,
11.807439,99,,
11.808361,99,,
11.808978,99,,
11.809611,99,,
11.810203,99,1494,0
11.812071,99,,
11.812679,99,,
11.813249,99,,
11.814022,99,,
11.814875,99,,
11.824616,99,,
11.825865,99,,
11.827121,99,1494,0
11.835718,99,,
11.836634,99,,
11.837265,100,,
11.838233,100,,
11.839199,100,,
11.840164,100,,
11.840768,100,,
11.841373,100,1494,0
11.843777,100,,
11.844718,100,,
11.845625,100,,
11.855199,100,,
11.856139,100,,
11.856751,100,,
11.857695,100,,
11.858639,100,1494,0
11.861002,100,,
11.866495,100,,
11.867360,100,,
11.867981,100,,
11.868921,100,,
11.869545,100,,
11.870173,100,,
11.870737,100,1494,0
11.873012,100,,
11.873623,100,,
11.874238,100,,
11.875201,100,,
11.875837,100,,
11.876428,100,,
11.886285,100,,
11.887240,100,1494,0
11.889445,100,,
11.890106,100,,
11.890691,100,,
11.891647,100,,
11.897271,99,,
11.897844,99,,
11.898447,99,,
11.899054,99,1494,0
11.900911,99,,
11.901581,99,,
11.902229,99,,
11.903228,99,,
11.904203,99,,
11.905129,99,,
11.905775,99,,
11.906372,99,1494,0
11.917304,99,,
11.918272,99,,
11.919224,99,,
11.920225,99,,
11.921207,99,,
11.922167,99,,
11.922741,99,,
11.928952,100,1494,0
11.930767,100,,
11.931755,100,,
11.932325,100,,
11.932964,100,,
11.933595,100,,
11.934514,100,,
11.935174,100,,
11.935806,100,1494,0
11.937701,100,,
11.938307,100,,
11.948249,100,,
11.949163,100,,
11.950152,100,,
11.951138,100,,
11.951769,100,,
11.952389,100,1494,0
11.959455,100,,
11.960353,100,,
11.961312,100,,
11.961921,100,,
11.962578,100,,
11.963157,100,,
11.963791,100,,
11.964744,100,1494,0
11.966599,100,,
11.967216,100,,
11.967822,100,,
11.968398,100,,
11.969037,100,,
11.969697,100,,
11.979321,100,,
11.980261,100,1494,0
11.982538,100,,
11.983518,100,,
11.984158,100,,
11.985119,100,,
11.990653,100,,
11.991236,100,,
11.991871,100,,
11.992497,100,1494,0
11.994702,100,,
11.995295,100,,
11.995938,100,,
11.996902,100,,
11.997546,100,,
11.998189,100,,
11.998780,100,,
11.999766,100,1494,0
12.011231,100,,
12.012182,100,,
12.012768,100,,
12.013390,100,,
12.014011,100,,
12.014677,100,,
12.015625,100,,
12.021545,100,1494,0
12.023631,100,,
12.024275,100,,
12.025219,100,,
12.025863,100,,
12.026455,100,,
12.027320,100,,
12.028268,100,,
12.029180,100,1494,0
12.030915,100,,
12.031569,100,,
12.041287,100,,
12.042169,100,,
12.042751,100,,
12.043325,100,,
12.043973,100,,
12.044579,100,1494,0
12.046363,100,,
12.052284,100,,
12.053211,100,,
12.053812,100,,
12.054435,100,,
12.055053,100,,
12.055990,100,,
12.056602,100,1494,0
12.058404,100,,
12.059038,100,,
12.059971,100,,
12.060584,100,,
12.061175,100,,
12.061817,100,,
12.062397,100,,
12.072264,100,1494,0
12.074316,100,,
12.074909,100,,
12.075551,100,,
12.076295,100,,
12.077187,100,,
12.078114,100,,
12.083586,100,,
12.084205,100,1494,0
12.086044,100,,
12.086621,100,,
12.087204,100,,
12.087847,100,,
12.088430,100,,
12.089049,100,,
12.089693,100,,
12.090299,100,1494,0
12.092492,100,,
12.093121,100,,
12.093736,100,,
12.103436,100,,
12.104261,100,,
12.104882,100,,
12.105980,100,,
12.106803,100,1494,0
12.108794,100,,
12.114891,100,,
12.115460,100,,
12.116067,100,,
12.116691,100,,
12.117279,100,,
12.117906,100,,
12.118516,100,1494,0
12.120353,100,,
12.120976,100,,
12.121698,100,,
12.122297,100,,
12.123209,100,,
12.123911,100,,
12.124808,100,,
12.134267,100,1494,0
12.136766,100,,
12.137602,100,,
12.138523,100,,
12.139132,100,,
12.140091,100,,
12.145688,100,,
12.146552,100,,
12.147486,100,1494,0
12.149311,100,,
12.149947,100,,
12.150557,100,,
12.151161,100,,
12.151778,100,,
12.152385,100,,
12.152986,100,,
12.153602,100,1494,0
12.155437,100,,
12.165262,100,,
12.166134,100,,
12.166719,100,,
12.167419,100,,
12.168241,100,,
12.169227,100,,
12.169814,100,1494,0
12.176914,100,,
12.177525,100,,
12.178139,100,,
12.178752,100,,
12.179319,100,,
12.179969,100,,
12.180540,100,,
12.181195,100,1494,0
12.182995,100,,
12.183681,100,,
12.184224,100,,
12.184879,100,,
12.185510,100,,
12.186141,100,,
12.186755,100,,
12.196568,100,1494,0
12.198985,99,,
12.200031,99,,
12.200904,99,,
12.201516,99,,
12.207657,99,,
12.208527,99,,
12.209172,99,,
12.209811,99,1494,0
12.212038,99,,
12.212665,99,,
12.213619,99,,
12.214213,99,,
12.214850,99,,
12.215434,99,,
12.216056,99,,
12.216719,99,1494,0
12.228161,99,,
12.228769,99,,
12.229726,99,,
12.230317,99,,
12.231269,100,,
12.231895,100,,
12.232488,100,,
12.238280,100,1494,0
12.240815,100,,
12.241442,100,,
12.242081,100,,
12.242691,100,,
12.243311,100,,
12.243970,100,,
12.245162,100,,
12.246092,100,1494,0
12.248220,100,,
12.258222,100,,
12.259138,100,,
12.259739,100,,
12.260690,100,,
12.261305,100,,
12.261951,100,,
12.262697,100,1494,0
12.270011,100,,
12.271193,100,,
12.272173,100,,
12.273137,100,,
12.274115,100,,
12.275035,100,,
12.275708,100,,
12.276702,100,1494,0
12.279252,100,,
12.279847,100,,
12.289498,100,,
12.290665,99,,
12.291658,99,,
12.292609,99,,
12.293756,99,,
12.294727,99,1494,0
12.302249,99,,
12.303200,99,,
12.303809,99,,
12.304593,99,,
12.305456,99,,
12.306110,99,,
12.306665,99,,
12.307347,99,1494,0
12.309457,99,,
12.310396,99,,
12.320133,99,,
12.320688,100,,
12.321236,100,,
12.321892,100,,
12.322528,100,,
12.323156,100,1494,0
12.325082,100,,
12.326019,100,,
12.331618,100,,
12.332482,100,,
12.333078,100,,
12.333690,100,,
12.334294,100,,
12.334931,100,1494,0
12.336801,100,,
12.337418,100,,
12.338038,100,,
12.338655,100,,
12.339279,100,,
12.339935,100,,
12.340809,100,,
12.341757,100,1494,0
12.353214,100,,
12.353822,100,,
12.354428,100,,
12.355376,100,,
12.356007,100,,
12.356647,100,,
12.362433,100,,
12.363347,100,1494,0
12.365269,100,,
12.365908,100,,
12.366523,100,,
12.367196,100,,
12.368153,100,,
12.368777,100,,
12.369416,100,,
12.370053,100,1494,0
12.372234,100,,
12.382240,100,,
12.383482,100,,
12.384674,100,,
12.385646,100,,
12.386558,100,,
12.387217,100,,
12.387843,100,1494,0
12.395158,100,,
12.395766,100,,
12.396660,100,,
12.397363,100,,
12.397960,100,,
12.398666,100,,
12.399591,100,,
12.400519,100,1494,0
12.402383,100,,
12.403021,100,,
12.403648,100,,
12.413463,100,,
12.414363,100,,
12.414946,100,,
12.415583,100,,
12.416242,100,1494,0
12.418828,100,,
12.424403,100,,
12.425018,100,,
12.425988,100,,
12.426933,100,,
12.427871,100,,
12.428485,100,,
12.429386,100,1494,0
12.432257,100,,
12.432829,100,,
12.433808,100,,
12.434800,100,,
12.444407,100,,
12.445404,100,,
12.446296,100,,
12.446909,100,1494,0
12.449785,100,,
12.455365,100,,
12.456330,100,,
12.456994,100,,
12.458157,100,,
12.459093,100,,
12.460033,100,,
12.460674,100,1494,0
12.462702,100,,
12.463677,100,,
12.464595,100,,
12.465223,100,,
12.465843,100,,
12.475675,100,,
12.476647,100,,
12.477569,100,1494,0
12.479791,100,,
12.480381,100,,
12.486640,100,,
12.487591,100,,
12.488558,100,,
12.489219,100,,
12.489849,100,,
12.490476,100,1494,0
12.492348,100,,
12.493303,100,,
12.493932,100,,
12.494893,100,,
12.495862,100,,
12.496834,100,,
12.506233,100,,
12.507156,100,1494,0
12.509307,100,,
12.509948,100,,
12.510946,100,,
12.511896,100,,
12.517425,100,,
12.518366,100,,
12.519046,100,,
12.519620,100,1494,0
12.521524,100,,
12.522474,100,,
12.523145,100,,
12.524102,100,,
12.524687,100,,
12.525667,100,,
12.526276,100,,
12.527247,100,1494,0
12.538306,100,,
12.539293,100,,
12.539940,100,,
12.540577,100,,
12.541221,100,,
12.541834,100,,
12.542460,100,,
12.548333,100,1494,0
12.550526,100,,
12.551167,100,,
12.552107,100,,
12.553066,100,,
12.553689,100,,
12.554313,100,,
12.554928,100,,
12.555907,100,1494,0
12.558728,100,,
12.568386,100,,
12.569302,100,,
12.569964,100,,
12.570596,100,,
12.571239,100,,
12.572222,100,,
12.573210,100,1494,0
12.581126,100,,
12.582035,100,,
12.582668,100,,
12.583575,100,,
12.584485,100,,
12.585422,100,,
12.586338,100,,
12.586976,100,1494,0
12.588899,100,,
12.589536,100,,
12.599267,100,,
12.600143,100,,
12.600734,100,,
12.601299,100,,
12.601964,100,,
12.602579,100,1494,0
12.605119,100,,
12.610746,100,,
12.611648,100,,
12.612231,100,,
12.613226,99,,
12.614212,99,,
12.615189,99,,
12.615827,99,1494,0
12.618014,99,,
12.618638,99,,
12.619286,99,,
12.620265,99,,
12.630413,99,,
12.631301,99,,
12.631894,99,,
12.632547,99,1494,0
12.634358,99,,
12.634989,99,,
12.635622,99,,
12.641518,99,,
12.642436,99,,
12.643364,100,,
12.644232,100,,
12.645212,100,1494,0
12.648056,100,,
12.649034,100,,
12.649998,100,,
12.650613,100,,
12.651772,100,,
12.661377,100,,
12.662322,100,,
12.663280,100,1494,0
12.665214,100,,
12.666189,100,,
12.667163,100,,
12.672929,100,,
12.673920,100,,
12.674847,100,,
12.676161,100,,
12.677327,100,1494,0
12.680848,100,,
12.681927,100,,
12.683001,100,,
12.692371,100,,
12.693244,100,,
12.693888,100,,
12.694500,100,,
12.695421,100,1494,0
12.697249,100,,
12.697882,100,,
12.703578,100,,
12.704183,100,,
12.704885,100,,
12.705756,100,,
12.706353,100,,
12.706972,100,1494,0
12.708825,100,,
12.709454,100,,
12.710069,100,,
12.711028,100,,
12.711628,100,,
12.712428,100,,
12.713282,100,,
12.723148,100,1494,0
12.725262,100,,
12.725917,100,,
12.726530,100,,
12.727138,100,,
12.727748,100,,
12.728308,100,,
12.734364,100,,
12.735222,100,1494,0
12.737048,100,,
12.737700,100,,
12.738273,100,,
12.738932,100,,
12.739530,100,,
12.740159,100,,
12.740785,100,,
12.741365,100,1494,0
12.743383,100,,
12.744240,100,,
12.754312,100,,
12.755175,100,,
12.755781,100,,
12.756362,100,,
12.757014,100,,
12.757591,100,1494,0
12.759441,100,,
12.765650,100,,
12.766499,100,,
12.767112,100,,
12.767722,100,,
12.768318,100,,
12.768941,100,,
12.769557,100,1494,0
12.771395,100,,
12.772010,100,,
12.772618,100,,
12.773228,100,,
12.773859,100,,
12.774457,100,,
12.775059,100,,
12.775708,100,1494,0
12.786814,100,,
12.787400,100,,
12.788022,100,,
12.788631,100,,
12.789228,100,,
12.789841,100,,
12.790456,100,,
12.796268,100,1494,0
12.798459,100,,
12.799092,100,,
12.800025,100,,
12.800762,100,,
12.801567,100,,
12.802200,100,,
12.802830,100,,
12.803431,100,1494,0
12.805268,100,,
12.806171,100,,
12.806858,100,,
12.816385,100,,
12.817001,100,,
12.817931,100,,
12.818511,100,,
12.819159,100,1494,0
12.820944,100,,
12.821544,100,,
12.827231,100,,
12.827893,100,,
12.828478,100,,
12.829154,100,,
12.829788,100,,
12.830335,100,1494,0
12.832262,100,,
12.833210,100,,
12.833844,100,,
12.834462,100,,
12.835089,100,,
12.835702,100,,
12.836264,100,,
12.836931,100,1494,0
12.848072,100,,
12.848699,100,,
12.849285,100,,
12.849931,100,,
12.850543,100,,
12.851209,100,,
12.851822,100,,
12.852423,100,1494,0
12.860328,100,,
12.861209,100,,
12.861801,100,,
12.862482,100,,
12.863332,100,,
12.863952,100,,
12.864557,100,,
12.865219,100,1494,0
12.867023,100,,
12.867621,100,,
12.868388,100,,
12.878454,100,,
12.879468,100,,
12.880432,100,,
12.881286,100,,
12.881939,100,1494,0
12.883799,100,,
12.889688,100,,
12.890610,100,,
12.891564,100,,
12.892517,100,,
12.893175,100,,
12.893783,100,,
12.894744,100,1494,0
12.896584,100,,
12.897253,100,,
12.897832,100,,
12.898447,100,,
12.899080,100,,
12.899717,100,,
12.909412,100,,
12.910347,100,1494,0
12.912945,100,,
12.913572,100,,
12.914387,100,,
12.920405,100,,
12.921318,100,,
12.921938,100,,
12.922535,100,,
12.923179,100,1494,0
12.926144,100,,
12.927104,100,,
12.928042,100,,
12.928977,100,,
12.929634,100,,
12.930233,100,,
12.930881,100,,
12.940468,100,1494,0
12.942666,100,,
12.943249,100,,
12.943904,100,,
12.944849,100,,
12.945429,100,,
12.951633,100,,
12.952449,100,,
12.953388,100,1494,0
12.955585,100,,
12.956539,100,,
12.957493,100,,
12.958458,100,,
12.959401,100,,
12.960149,100,,
12.961133,100,,
12.962025,100,1494,0
12.973024,100,,
12.974025,100,,
12.974958,100,,
12.975697,100,,
12.976726,100,,
12.982394,100,,
12.983041,100,,
12.983983,100,1494,0
12.986178,100,,
12.986781,100,,
12.987712,100,,
12.988703,100,,
12.989660,100,,
12.990616,100,,
12.991237,100,,
12.991874,100,1494,0
13.003196,99,,
13.003773,99,,
13.004371,99,,
13.005328,99,,
13.005989,99,,
13.006938,99,,
13.007611,99,,
13.013389,99,1494,0
13.015254,99,,
13.015885,99,,
13.016538,99,,
13.017768,99,,
13.018748,99,,
13.019700,99,,
13.020663,99,,
13.021250,99,1494,0
13.023455,99,,
13.033205,99,,
13.033796,99,,
13.034387,99,,
13.035042,99,,
13.036040,99,,
13.036977,99,,
13.037636,99,1494,0
13.045225,99,,
13.046229,99,,
13.047152,99,,
13.048106,99,,
13.048705,99,,
13.049272,99,,
13.049923,99,,
13.050858,99,1494,0
13.052706,99,,
13.053680,99,,
13.054634,99,,
13.064309,99,,
13.065188,99,,
13.065786,99,,
13.066397,99,,
13.067059,99,1494,0
13.068947,99,,
13.069602,99,,
13.075370,99,,
13.075969,99,,
13.076944,99,,
13.077523,99,,
13.078184,99,,
13.078783,99,1494,0
13.081028,99,,
13.081652,99,,
13.082252,99,,
13.082905,99,,
13.083884,99,,
13.084501,99,,
13.085166,99,,
13.085785,99,1494,0
13.097024,99,,
13.097966,99,,
13.098908,99,,
13.099519,99,,
13.100161,99,,
13.100768,99,,
13.106619,99,,
13.107550,99,1494,0
13.109661,99,,
13.110300,99,,
13.110964,99,,
13.111885,99,,
13.112530,99,,
13.113160,99,,
13.114110,99,,
13.115082,99,1494,0
13.126283,99,,
13.127148,99,,
13.128104,99,,
13.128773,99,,
13.129690,99,,
13.130305,99,,
13.131251,99,,
13.131910,99,1494,0
13.139191,99,,
13.139805,99,,
13.140773,99,,
13.141707,99,,
13.142333,99,,
13.142975,99,,
13.143627,99,,
13.144613,99,1494,0
13.146508,99,,
13.147178,100,,
13.147760,100,,
13.157403,100,,
13.158000,100,,
13.158627,100,,
13.159585,100,,
13.160223,100,1494,0
13.162072,100,,
13.163032,100,,
13.168558,100,,
13.169187,100,,
13.169843,100,,
13.170426,100,,
13.171111,100,,
13.172045,100,1494,0
13.174284,100,,
13.174947,100,,
13.175551,100,,
13.176152,100,,
13.176793,100,,
13.177755,100,,
13.178348,100,,
13.188273,100,1494,0
13.190428,100,,
13.191082,100,,
13.192029,100,,
13.192638,100,,
13.193252,100,,
13.193905,100,,
13.199645,100,,
13.200222,100,1494,0
13.202119,100,,
13.202729,100,,
13.203690,100,,
13.204308,100,,
13.204937,100,,
13.205609,100,,
13.206259,100,,
13.207199,100,1494,0
13.209069,100,,
13.210036,100,,
13.219379,100,,
13.220035,100,,
13.220633,100,,
13.221615,100,,
13.222597,100,,
13.223263,100,1494,0
13.230939,100,,
13.231833,100,,
13.232421,100,,
13.233075,100,,
13.234041,100,,
13.234981,100,,
13.235604,100,,
13.236235,100,1494,0
13.238458,100,,
13.239136,99,,
13.240090,99,,
13.241065,99,,
13.250563,99,,
13.251452,99,,
13.252122,99,,
13.253059,99,1494,0
13.255294,99,,
13.261362,99,,
13.262240,99,,
13.262896,99,,
13.263466,99,,
13.264283,99,,
13.265436,99,,
13.266369,99,1494,0
13.268863,99,,
13.269811,99,,
13.270402,99,,
13.271027,99,,
13.271676,99,,
13.281497,99,,
13.282422,99,,
13.283028,99,1494,0
13.285631,99,,
13.286572,99,,
13.292424,99,,
13.293367,99,,
13.294000,99,,
13.294620,99,,
13.295239,99,,
13.295871,99,1494,0
13.298053,99,,
13.298685,99,,
13.299620,99,,
13.300209,99,,
13.300854,99,,
13.301828,99,,
13.302424,99,,
13.312327,99,1494,0
13.314954,99,,
13.315561,99,,
13.316480,99,,
13.317151,99,,
13.318118,99,,
13.323908,99,,
13.324838,99,,
13.325417,99,1494,0
13.327674,99,,
13.328574,99,,
13.329220,99,,
13.330005,99,,
13.330904,99,,
13.331679,99,,
13.332517,99,,
13.333228,99,1494,0
13.345015,99,,
13.345607,99,,
13.346205,99,,
13.346841,99,,
13.347416,99,,
13.348054,99,,
13.348665,99,,
13.354364,99,1494,0
13.356193,99,,
13.356861,99,,
13.357395,99,,
13.358003,99,,
13.358656,99,,
13.359234,99,,
13.359893,99,,
13.360660,99,1494,0
13.363467,99,,
13.364110,99,,
13.364683,99,,
13.374409,99,,
13.375354,99,,
13.376344,99,,
13.377230,99,,
13.377819,99,1494,0
13.379654,99,,
13.385381,99,,
13.386435,99,,
13.387220,99,,
13.387870,99,,
13.388469,99,,
13.389090,99,,
13.389692,99,1494,0
13.391549,99,,
13.392154,99,,
13.392750,99,,
13.393323,99,,
13.393978,99,,
13.394582,99,,
13.395203,99,,
13.395796,99,1494,0
13.406799,99,,
13.407404,99,,
13.408027,99,,
13.408680,99,,
13.409230,99,,
13.409894,99,,
13.410565,99,,
13.416565,99,1494,0
13.418721,99,,
13.419294,99,,
13.419918,99,,
13.420538,99,,
13.421156,99,,
13.421759,99,,
13.422716,99,,
13.423445,99,1494,0
13.425896,99,,
13.426799,99,,
13.436338,99,,
13.437187,99,,
13.438126,99,,
13.438733,99,,
13.439316,99,,
13.439964,99,1494,0
13.442141,99,,
13.447662,99,,
13.448201,99,,
13.448830,99,,
13.449404,99,,
13.450075,99,,
13.450678,99,,
13.451260,99,1494,0
13.453226,99,,
13.453796,99,,
13.454379,99,,
13.454988,99,,
13.455630,99,,
13.456217,99,,
13.456900,99,,
13.457537,99,1494,0
13.468651,99,,
13.469257,99,,
13.469906,99,,
13.470486,99,,
13.471139,99,,
13.471753,99,,
13.472326,99,,
13.478311,99,1494,0
13.480183,99,,
13.480727,99,,
13.481524,99,,
13.482065,99,,
13.482659,99,,
13.483254,99,,
13.483880,99,,
13.484501,99,1494,0
13.486299,99,,
13.486941,99,,
13.487554,99,,
13.488165,99,,
13.488784,99,,
13.498522,99,,
13.499180,99,,
13.500139,99,1494,0
13.502326,99,,
13.502978,99,,
13.503964,99,,
13.509746,99,,
13.510677,99,,
13.511606,99,,
13.512231,99,,
13.512858,99,1494,0
13.515044,99,,
13.515683,99,,
13.516303,99,,
13.516941,99,,
13.517550,99,,
13.518207,99,,
13.518795,99,,
13.519456,99,1494,0
13.531149,99,,
13.532083,99,,
13.532715,99,,
13.533340,99,,
13.534266,99,,
13.534895,99,,
13.540662,99,,
13.541261,99,1494,0
13.543495,99,,
13.544486,99,,
13.545089,99,,
13.545700,99,,
13.546310,99,,
13.547284,99,,
13.547920,99,,
13.548599,99,1494,0
13.560235,99,,
13.561188,99,,
13.561810,99,,
13.562400,99,,
13.563044,99,,
13.563961,99,,
13.564602,99,,
13.565253,99,1494,0
13.572298,99,,
13.572927,99,,
13.573553,99,,
13.574195,99,,
13.574808,99,,
13.575796,99,,
13.576781,99,,
13.577383,99,1494,0
13.579252,99,,
13.579888,99,,
13.580487,99,,
13.581123,99,,
13.581740,99,,
13.591373,99,,
13.592358,99,,
13.592980,99,1494,0
13.595795,99,,
13.596721,99,,
13.602685,99,,
13.603631,99,,
13.604224,99,,
13.604836,99,,
13.605825,99,,
13.606799,99,1494,0
13.609065,99,,
13.610024,99,,
13.611033,99,,
13.611946,99,,
13.612563,99,,
13.622202,99,,
13.622843,99,,
13.623465,99,1494,0
13.625360,99,,
13.625998,99,,
13.626642,99,,
13.627585,99,,
13.633339,99,,
13.633943,99,,
13.634548,99,,
13.635535,99,1494,0
13.637381,99,,
13.638036,99,,
13.638663,99,,
13.639293,99,,
13.639928,99,,
13.640573,99,,
13.641541,99,,
13.642179,99,1494,0
13.653280,99,,
13.654217,99,,
13.654853,99,,
13.655835,99,,
13.656789,99,,
13.657379,99,,
13.657989,99,,
13.658643,99,1494,0
13.665732,99,,
13.666675,99,,
13.667251,99,,
13.667916,99,,
13.668543,99,,
13.669149,99,,
13.669760,99,,
13.670361,99,1494,0
13.672269,99,,
13.672911,99,,
13.673521,99,,
13.674131,99,,
13.674772,99,,
13.684469,99,,
13.685054,100,,
13.686034,100,1494,0
13.688255,100,,
13.688916,100,,
13.689542,100,,
13.695594,100,,
13.696166,100,,
13.696741,100,,
13.697370,100,,
13.698033,100,1494,0
13.699903,100,,
13.700492,100,,
13.701134,100,,
13.701750,100,,
13.702335,100,,
13.702957,100,,
13.703895,100,,
13.704527,100,1494,0
13.716341,100,,
13.717226,100,,
13.718168,100,,
13.719085,100,,
13.720047,100,,
13.720668,100,,
13.726557,100,,
13.727430,100,1494,0
13.729652,100,,
13.730224,100,,
13.730954,100,,
13.731861,100,,
13.732502,100,,
13.733421,100,,
13.734085,100,,
13.735026,100,1494,0
13.746336,100,,
13.747234,100,,
13.747791,100,,
13.748399,100,,
13.749353,100,,
13.749999,100,,
13.750632,100,,
13.751263,100,1494,0
13.758294,100,,
13.759252,100,,
13.759852,100,,
13.760477,100,,
13.761134,100,,
13.762044,100,,
13.762660,100,,
13.763305,100,1494,0
13.765781,100,,
13.766705,100,,
13.767660,100,,
13.777231,99,,
13.778175,99,,
13.778764,99,,
13.779736,99,,
13.780707,99,1494,0
13.782560,99,,
13.788846,99,,
13.790317,99,,
13.791570,99,,
13.792828,99,,
13.793835,99,,
13.794742,99,,
13.795333,99,1494,0
13.797238,99,,
13.797863,99,,
13.798970,100,,
13.808443,100,,
13.809376,100,,
13.809993,100,,
13.810617,100,,
13.811576,100,1494,0
13.813785,100,,
13.819677,100,,
13.820595,100,,
13.821238,100,,
13.822197,100,,
13.823529,100,,
13.824804,100,,
13.826173,100,1494,0
13.830175,99,,
13.839593,99,,
13.840860,99,,
13.842279,99,,
13.843449,99,,
13.844665,99,,
13.850761,99,,
13.852000,99,1494,0
13.855628,99,,
13.856664,99,,
13.857542,99,,
13.858178,99,,
13.858775,99,,
13.859375,100,,
13.860308,100,,
13.870244,100,1494,0
13.872410,100,,
13.873049,100,,
13.873695,100,,
13.874311,100,,
13.874953,100,,
13.875930,100,,
13.881636,100,,
13.882591,100,1494,0
13.884862,100,,
13.885502,100,,
13.886186,100,,
13.887094,100,,
13.887724,100,,
13.888320,100,,
13.889292,100,,
13.889935,100,1494,0
13.891856,100,,
13.901679,100,,
13.902657,100,,
13.903594,100,,
13.904250,100,,
13.905219,100,,
13.905834,100,,
13.906826,100,1494,0
13.914052,100,,
13.914682,100,,
13.915317,100,,
13.915959,100,,
13.916601,100,,
13.917235,100,,
13.917837,100,,
13.918455,100,1494,0
13.920684,99,,
13.921303,99,,
13.921927,99,,
13.922540,99,,
13.932399,99,,
13.933445,99,,
13.934309,99,,
13.935261,99,1494,0
13.937223,99,,
13.938202,99,,
13.943798,99,,
13.944709,99,,
13.945673,99,,
13.946632,99,,
13.947253,99,,
13.947888,99,1494,0
13.950113,99,,
13.951104,99,,
13.952067,99,,
13.952665,99,,
13.953604,99,,
13.963325,99,,
13.964616,99,,
13.965956,99,1494,0
13.974868,99,,
13.976069,99,,
13.977297,99,,
13.978493,99,,
13.979580,99,,
13.980623,99,,
13.981504,99,,
13.982394,99,1494,0
13.994343,99,,
13.995225,99,,
13.995786,99,,
13.996479,99,,
13.997343,99,,
13.997965,99,,
13.998579,99,,
13.999212,99,1494,0
14.006228,99,,
14.006803,99,,
14.007381,99,,
14.008128,99,,
14.008993,99,,
14.009929,99,,
14.010508,99,,
14.011149,99,1494,0
14.013038,99,,
14.013716,99,,
14.014774,99,,
14.015775,99,,
14.025262,99,,
14.025859,99,,
14.026787,99,,
14.027421,99,1494,0
14.029576,99,,
14.030195,99,,
14.030795,99,,
14.036638,99,,
14.037606,99,,
14.038205,99,,
14.039094,100,,
14.039699,100,1494,0
14.041918,100,,
14.042530,100,,
14.043158,100,,
14.043753,100,,
14.044342,100,,
14.044978,100,,
14.045721,100,,
14.046579,100,1494,0
14.057791,100,,
14.058336,100,,
14.059094,100,,
14.060094,100,,
14.061055,100,,
14.061614,100,,
14.067761,100,,
14.068615,100,1494,0
14.070409,99,,
14.071063,99,,
14.071628,99,,
14.072238,99,,
14.072898,99,,
14.073480,99,,
14.074116,99,,
14.074717,99,1494,0
14.076540,99,,
14.077179,99,,
14.077758,99,,
14.087442,99,,
14.088296,99,,
14.088978,99,,
14.089543,99,,
14.090154,99,1494,0
14.092004,99,,
14.092785,99,,
14.098382,99,,
14.099311,99,,
14.099928,99,,
14.100544,99,,
14.101154,99,,
14.101773,99,1494,0
14.103610,99,,
14.104198,99,,
14.104808,99,,
14.105447,99,,
14.106060,99,,
14.106695,99,,
14.107277,99,,
14.107955,99,1494,0
14.118896,99,,
14.119464,99,,
14.120112,99,,
14.120733,99,,
14.121293,99,,
14.121953,99,,
14.122531,99,,
14.123185,99,1494,0
14.130150,99,,
14.130739,99,,
14.131374,99,,
14.132041,99,,
14.133065,99,,
14.133969,99,,
14.134629,99,,
14.135237,99,1494,0
14.137150,99,,
14.138119,99,,
14.139062,99,,
14.140021,99,,
14.149405,99,,
14.150396,99,,
14.151291,99,,
14.151924,99,1494,0
14.153863,99,,
14.154819,99,,
14.160623,99,,
14.161222,99,,
14.161866,99,,
14.162446,99,,
14.163086,99,,
14.163688,99,1494,0
14.165853,99,,
14.166489,99,,
14.167134,99,,
14.168050,99,,
14.168677,99,,
14.169644,99,,
14.170619,99,,
14.180257,99,1494,0
14.184005,99,,
14.185308,99,,
14.191685,99,,
14.192929,99,,
14.194146,99,,
14.195328,99,,
14.196516,99,,
14.197688,99,1494,0
14.200980,99,,
14.202034,99,,
14.211358,99,,
14.212251,99,,
14.212896,99,,
14.213519,99,,
14.214166,99,,
14.215092,99,1494,0
14.222368,100,,
14.222988,100,,
14.223609,100,,
14.224216,100,,
14.224858,100,,
14.225787,100,,
14.226429,100,,
14.227376,100,1494,0
14.229235,100,,
14.229874,100,,
14.230485,100,,
14.231432,100,,
14.232111,100,,
14.233054,100,,
14.242463,100,,
14.243411,100,1494,0
14.245619,99,,
14.246238,99,,
14.246858,99,,
14.247800,99,,
14.253683,99,,
14.254310,99,,
14.254932,99,,
14.255578,99,1494,0
14.257429,99,,
14.258074,99,,
14.258741,99,,
14.259677,99,,
14.260624,99,,
14.261234,99,,
14.261885,99,,
14.262445,99,1494,0
14.273404,99,,
14.274322,99,,
14.274972,99,,
14.275941,99,,
14.276904,99,,
14.277851,99,,
14.278429,99,,
14.284370,99,1494,0
14.286973,99,,
14.287614,99,,
14.288270,99,,
14.289232,99,,
14.290422,99,,
14.291403,99,,
14.292345,99,,
14.292945,99,1494,0
14.294800,99,,
14.304496,99,,
14.305411,99,,
14.306052,99,,
14.307031,99,,
14.307675,99,,
14.308296,99,,
14.308921,99,1494,0
14.315966,99,,
14.316580,99,,
14.317226,99,,
14.317819,99,,
14.318440,99,,
14.319377,99,,
14.320027,99,,
14.320655,99,1494,0
14.322924,99,,
14.323885,99,,
14.324847,99,,
14.325471,99,,
14.335296,99,,
14.336211,99,,
14.336852,100,,
14.337445,100,1494,0
14.339678,100,,
14.340644,100,,
14.346699,100,,
14.347636,100,,
14.348595,100,,
14.349268,100,,
14.349878,100,,
14.350491,100,1494,0
14.352355,100,,
14.353002,100,,
14.353622,100,,
14.354254,100,,
14.354900,100,,
14.355842,100,,
14.356478,100,,
14.366193,100,1494,0
14.368089,100,,
14.368713,100,,
14.369703,100,,
14.370646,100,,
14.371269,100,,
14.371904,100,,
14.377776,100,,
14.378692,100,1494,0
14.380582,100,,
14.381237,100,,
14.382152,100,,
14.382753,100,,
14.383384,100,,
14.384332,100,,
14.385304,100,,
14.385951,100,1494,0
14.397259,99,,
14.397891,99,,
14.398498,99,,
14.399128,99,,
14.400108,99,,
14.401033,99,,
14.401663,99,,
14.402261,99,1494,0
14.409717,99,,
14.410328,99,,
14.411261,99,,
14.411872,99,,
14.412494,99,,
14.413408,99,,
14.414058,99,,
14.414658,99,1494,0
14.416551,99,,
14.417196,99,,
14.417831,99,,
14.418426,99,,
14.428327,100,,
14.429236,100,,
14.429876,100,,
14.430478,100,1494,0
14.433240,100,,
14.434245,100,,
14.439982,100,,
14.440608,100,,
14.441571,100,,
14.442158,100,,
14.442772,100,,
14.443725,100,1494,0
14.446645,100,,
14.447272,100,,
14.447887,100,,
14.448490,100,,
14.449435,100,,
14.459514,100,,
14.460478,100,,
14.461403,100,1494,0
14.463293,100,,
14.463930,100,,
14.464538,100,,
14.470525,100,,
14.471423,100,,
14.472036,100,,
14.472669,100,,
14.473615,100,1494,0
14.476359,100,,
14.477305,100,,
14.477908,100,,
14.478530,100,,
14.479448,100,,
14.480111,100,,
14.481069,100,,
14.490587,100,1494,0
14.493115,100,,
14.493757,100,,
14.494364,100,,
14.495295,100,,
14.495936,100,,
14.501848,100,,
14.502747,100,,
14.503690,100,1494,0
14.505611,100,,
14.506836,100,,
14.507982,100,,
14.509083,100,,
14.510313,100,,
14.511483,100,,
14.521504,100,,
14.522616,100,1494,0
14.525486,100,,
14.526338,100,,
14.532744,100,,
14.533635,100,,
14.534538,100,,
14.535180,100,,
14.535762,100,,
14.536396,100,1494,0
14.538293,100,,
14.539262,100,,
14.540196,100,,
14.541317,100,,
14.542577,100,,
14.552256,100,,
14.553204,100,,
14.554134,100,1494,0
14.556002,100,,
14.557028,100,,
14.557915,100,,
14.563695,100,,
14.564626,100,,
14.565580,100,,
14.566236,100,,
14.567457,100,1494,0
14.570005,100,,
14.570932,100,,
14.571549,100,,
14.572217,100,,
14.573182,100,,
14.574129,100,,
14.583602,100,,
14.584484,100,1494,0
14.586331,100,,
14.587284,100,,
14.587905,100,,
14.588528,100,,
14.594579,100,,
14.595434,100,,
14.596068,100,,
14.596732,100,1494,0
14.598606,100,,
14.599566,100,,
14.600457,100,,
14.601394,100,,
14.602072,100,,
14.602698,100,,
14.603289,100,,
14.603939,100,1494,0
14.615301,100,,
14.616285,100,,
14.616838,100,,
14.617452,100,,
14.618117,100,,
14.618716,100,,
14.619502,100,,
14.625633,100,1494,0
14.627753,100,,
14.628344,100,,
14.628982,100,,
14.629581,100,,
14.630304,100,,
14.631144,100,,
14.631728,100,,
14.632317,100,1494,0
14.634206,100,,
14.634790,100,,
14.635364,100,,
14.645377,100,,
14.646271,100,,
14.646863,100,,
14.647815,100,,
14.648767,100,1494,0
14.651255,100,,
14.656683,100,,
14.657248,100,,
14.657888,100,,
14.658521,100,,
14.659119,100,,
14.659735,100,,
14.660314,100,1494,0
14.662185,100,,
14.662837,100,,
14.663457,100,,
14.664078,100,,
14.664656,100,,
14.665243,100,,
14.665850,100,,
14.666499,100,1494,0
14.677976,100,,
14.678589,100,,
14.679299,100,,
14.680292,100,,
14.681248,100,,
14.682226,100,,
14.687616,100,,
14.688197,100,1494,0
14.690031,100,,
14.690646,100,,
14.691267,100,,
14.691811,100,,
14.692467,100,,
14.693074,100,,
14.693682,100,,
14.694250,100,1494,0
14.696147,100,,
14.696688,100,,
14.697296,100,,
14.698054,100,,
14.707463,100,,
14.708010,100,,
14.708603,100,,
14.709219,100,1494,0
14.711079,100,,
14.711742,100,,
14.712681,100,,
14.718606,100,,
14.719192,100,,
14.719808,100,,
14.720415,100,,
14.721048,100,1494,0
14.722886,100,,
14.723481,100,,
14.724088,100,,
14.724716,100,,
14.725340,100,,
14.725916,100,,
14.726522,100,,
14.727203,100,1494,0
14.738368,100,,
14.739262,100,,
14.740026,100,,
14.740898,100,,
14.741846,100,,
14.742443,100,,
14.743065,100,,
14.743686,100,1494,0
14.750697,100,,
14.751644,100,,
14.752291,100,,
14.752922,100,,
14.753559,99,,
14.754219,99,,
14.755176,99,,
14.755776,99,1494,0
14.758024,99,,
14.758995,99,,
14.759611,99,,
14.769274,99,,
14.769842,99,,
14.770463,99,,
14.771131,99,,
14.772057,99,1494,0
14.773977,99,,
14.774616,99,,
14.780334,99,,
14.780966,99,,
14.781595,99,,
14.782252,99,,
14.782855,99,,
14.783846,99,1494,0
14.786089,99,,
14.786728,99,,
14.787355,99,,
14.788001,99,,
14.788647,99,,
14.789251,99,,
14.789893,99,,
14.790845,99,1494,0
14.801599,99,,
14.802228,99,,
14.802841,99,,
14.803453,99,,
14.804094,99,,
14.805041,99,,
14.805686,99,,
14.811680,99,1494,0
14.813868,99,,
14.814510,99,,
14.815173,99,,
14.816109,99,,
14.816701,99,,
14.817630,99,,
14.818240,99,,
14.818873,99,1494,0
14.820710,99,,
14.821346,99,,
14.831290,99,,
14.831879,99,,
14.832856,99,,
14.833795,99,,
14.834796,99,,
14.835741,99,1494,0
14.843111,100,,
14.844066,100,,
14.845017,100,,
14.845658,100,,
14.846289,100,,
14.846924,100,,
14.847538,100,,
14.848183,100,1494,0
14.850366,100,,
14.851001,100,,
14.851619,100,,
14.852255,100,,
14.852876,100,,
14.862627,100,,
14.863571,100,,
14.864230,100,1494,0
14.866416,100,,
14.867385,100,,
14.873396,99,,
14.874355,99,,
14.874972,99,,
14.875942,99,,
14.876924,99,,
14.877859,99,1494,0
14.879745,99,,
14.880361,99,,
14.881350,99,,
14.881995,99,,
14.882624,99,,
14.883229,99,,
14.884212,99,,
14.893922,99,1494,0
14.897653,99,,
14.898914,99,,
14.905137,99,,
14.906555,99,,
14.907718,99,,
14.908703,99,,
14.909634,99,,
14.910245,99,1494,0
14.912135,99,,
14.913282,99,,
14.914353,99,,
14.924410,99,,
14.925331,99,,
14.926447,99,,
14.927397,99,,
14.928330,99,1494,0
14.935889,99,,
14.936830,99,,
14.937408,99,,
14.938040,99,,
14.938696,99,,
14.939702,99,,
14.940652,99,,
14.941274,99,1494,0
14.943806,99,,
14.944397,99,,
14.945032,99,,
14.946006,99,,
14.955374,99,,
14.956319,99,,
14.957301,99,,
14.957938,99,1494,0
14.959838,99,,
14.960654,99,,
14.966447,99,,
14.967340,99,,
14.967964,99,,
14.968568,99,,
14.969563,99,,
14.970549,99,1494,0
14.972385,99,,
14.973461,99,,
14.974350,99,,
14.974981,99,,
14.975603,99,,
14.976497,99,,
14.986358,99,,
14.987245,99,1494,0
14.989143,99,,
14.989917,99,,
14.990849,99,,
14.991778,99,,
14.997708,99,,
14.998645,99,,
14.999617,99,,
15.000245,99,1494,0
15.002171,99,,
15.003145,99,,
15.004123,99,,
15.005055,99,,
15.006039,99,,
15.007021,99,,
15.007975,99,,
15.017427,99,1494,0
15.019592,99,,
15.020199,99,,
15.021137,100,,
15.021759,100,,
15.022358,100,,
15.028416,100,,
15.029000,100,,
15.029968,100,1494,0
15.032213,100,,
15.032809,100,,
15.033436,100,,
15.034080,100,,
15.034662,100,,
15.035288,100,,
15.035915,100,,
15.036568,100,1494,0
15.048319,100,,
15.049262,100,,
15.050133,100,,
15.051109,100,,
15.052015,100,,
15.052661,100,,
15.053571,100,,
15.059625,100,1494,0
15.062145,100,,
15.063111,100,,
15.063728,100,,
15.064322,100,,
15.064982,100,,
15.065817,100,,
15.066783,100,,
15.067724,100,1494,0
15.069931,100,,
15.079329,100,,
15.080262,100,,
15.081023,99,,
15.081877,99,,
15.082518,99,,
15.083134,99,,
15.084084,99,1494,0
15.091850,99,,
15.092785,99,,
15.093750,99,,
15.094332,99,,
15.095276,99,,
15.095936,99,,
15.096558,99,,
15.097227,99,1494,0
15.099413,99,,
15.100083,99,,
15.101046,99,,
15.110610,99,,
15.111561,99,,
15.112487,99,,
15.113136,99,,
15.114051,99,1494,0
15.121504,99,,
15.122456,99,,
15.123403,99,,
15.124359,99,,
15.124989,99,,
15.125975,99,,
15.126937,99,,
15.127908,99,1494,0
15.130362,99,,
15.130983,99,,
15.131608,99,,
15.141262,99,,
15.141889,99,,
15.142460,99,,
15.143104,100,,
15.144060,100,1494,0
15.146287,100,,
15.146946,100,,
15.152764,100,,
15.153714,100,,
15.154667,100,,
15.155290,100,,
15.155899,100,,
15.156542,100,1494,0
15.158439,100,,
15.159380,100,,
15.160314,100,,
15.160964,100,,
15.161585,100,,
15.162468,100,,
15.172305,100,,
15.173404,100,1494,0
15.176259,100,,
15.177242,100,,
15.177865,100,,
15.184007,100,,
15.184909,100,,
15.185878,100,,
15.186855,100,,
15.187478,100,1494,0
15.189454,100,,
15.190357,100,,
15.191295,100,,
15.191955,100,,
15.192517,100,,
15.193453,100,,
15.203249,100,,
15.204129,100,1494,0
15.206260,100,,
15.206913,100,,
15.207517,100,,
15.208127,100,,
15.208748,100,,
15.214602,100,,
15.215526,100,,
15.216104,100,1494,0
15.217997,100,,
15.218613,100,,
15.219216,100,,
15.219870,100,,
15.220466,100,,
15.221137,100,,
15.222082,100,,
15.223040,100,1494,0
15.224941,99,,
15.234739,99,,
15.235605,99,,
15.236241,99,,
15.236822,99,,
15.237425,99,,
15.238063,99,,
15.239013,99,1494,0
15.246352,99,,
15.246967,99,,
15.247588,99,,
15.248225,99,,
15.248806,99,,
15.249401,99,,
15.250043,99,,
15.250993,99,1494,0
15.252853,99,,
15.253806,99,,
15.254397,99,,
15.255023,99,,
15.255621,99,,
15.265435,99,,
15.266315,99,,
15.267246,99,1494,0
15.269109,99,,
15.269705,99,,
15.270302,99,,
15.270918,99,,
15.276971,99,,
15.277648,99,,
15.278503,99,,
15.279172,99,1494,0
15.280985,99,,
15.281630,99,,
15.282232,99,,
15.282850,99,,
15.283455,99,,
15.284092,99,,
15.284733,99,,
15.285327,99,1494,0
15.296374,99,,
15.297197,99,,
15.297803,99,,
15.298369,99,,
15.299039,99,,
15.299638,99,,
15.300223,99,,
15.300833,99,1494,0
15.307989,99,,
15.308627,99,,
15.309218,99,,
15.309826,99,,
15.310432,99,,
15.311069,99,,
15.311694,99,,
15.312262,99,1494,0
15.314485,99,,
15.315158,99,,
15.316061,99,,
15.316647,99,,
15.317224,99,,
15.317874,99,,
15.327433,99,,
15.327998,99,1494,0
15.329864,99,,
15.330521,99,,
15.331154,99,,
15.331748,99,,
15.332329,99,,
15.332924,99,,
15.338677,99,,
15.339613,99,1494,0
15.341409,99,,
15.342015,99,,
15.342624,99,,
15.343294,99,,
15.343902,99,,
15.344525,99,,
15.345138,99,,
15.345707,99,1494,0
15.347604,99,,
15.348184,99,,
15.348831,99,,
15.358425,99,,
15.359324,99,,
15.359952,99,,
15.360560,99,,
15.361196,99,1494,0
15.363394,99,,
15.369729,99,,
15.370688,99,,
15.371656,99,,
15.372246,99,,
15.372869,99,,
15.373831,99,,
15.374813,99,1494,0
15.376647,99,,
15.377275,99,,
15.377914,99,,
15.378556,99,,
15.379205,99,,
15.380048,99,,
15.389455,99,,
15.390380,99,1494,0
15.392925,99,,
15.393922,99,,
15.394835,99,,
15.400517,99,,
15.401171,99,,
15.402157,99,,
15.403123,99,,
15.403698,99,1494,0
15.405597,99,,
15.406240,99,,
15.406885,99,,
15.407829,99,,
15.408400,99,,
15.409404,99,,
15.410365,99,,
15.411005,99,1494,0
15.421864,99,,
15.422491,99,,
15.423134,99,,
15.423734,99,,
15.424368,99,,
15.425033,99,,
15.425676,99,,
15.431424,99,1494,0
15.433990,99,,
15.434647,99,,
15.435250,99,,
15.435890,99,,
15.436821,99,,
15.437470,99,,
15.438053,99,,
15.438675,99,1494,0
15.440855,99,,
15.441802,99,,
15.451291,99,,
15.451879,99,,
15.452542,99,,
15.453467,99,,
15.454124,99,,
15.454766,99,1494,0
15.456665,99,,
15.462744,99,,
15.463955,99,,
15.464957,99,,
15.465896,99,,
15.466853,99,,
15.467796,99,,
15.468408,99,1494,0
15.470637,99,,
15.471255,99,,
15.472205,99,,
15.473351,99,,
15.482536,99,,
15.483400,99,,
15.484045,99,,
15.484985,99,1494,0
15.486852,99,,
15.487426,99,,
15.493479,99,,
15.494354,99,,
15.495380,99,,
15.496337,99,,
15.497276,99,,
15.497900,99,1494,0
15.500135,99,,
15.500738,99,,
15.501675,99,,
15.502317,99,,
15.502953,99,,
15.503584,99,,
15.513316,99,,
15.513918,99,1494,0
15.515761,99,,
15.516379,99,,
15.517317,99,,
15.517949,99,,
15.518612,99,,
15.524445,99,,
15.525057,99,,
15.526002,99,1494,0
15.528198,99,,
15.529129,99,,
15.529732,99,,
15.530345,99,,
15.531304,99,,
15.531938,99,,
15.532592,99,,
15.533233,99,1494,0
15.544400,99,,
15.545016,99,,
15.545640,99,,
15.546254,99,,
15.546882,99,,
15.547499,99,,
15.548151,99,,
15.548774,99,1494,0
15.556286,99,,
15.556908,99,,
15.557504,99,,
15.558671,99,,
15.559640,99,,
15.560624,99,,
15.561563,99,,
15.562225,99,1494,0
15.565108,99,,
15.565705,99,,
15.575600,99,,
15.576494,99,,
15.577507,99,,
15.578379,99,,
15.579010,99,,
15.579603,99,1494,0
15.586579,99,,
15.587204,99,,
15.588160,99,,
15.589126,99,,
15.589946,99,,
15.590903,99,,
15.591845,99,,
15.592773,99,1494,0
15.595201,99,,
15.596148,99,,
15.596757,99,,
15.606491,99,,
15.607442,99,,
15.608418,99,,
15.609068,99,,
15.609868,99,1494,0
15.617588,99,,
15.618518,99,,
15.619438,99,,
15.620283,99,,
15.621224,99,,
15.622189,99,,
15.622808,99,,
15.623753,99,1494,0
15.625590,99,,
15.626795,99,,
15.627792,99,,
15.637343,99,,
15.638299,99,,
15.639270,99,,
15.639916,99,,
15.640875,99,1494,0
15.642744,99,,
15.648810,99,,
15.649414,99,,
15.650015,99,,
15.650659,99,,
15.651600,99,,
15.652249,99,,
15.653201,99,1494,0
15.655080,99,,
15.656034,99,,
15.656695,99,,
15.657302,99,,
15.657931,99,,
15.658550,99,,
15.668720,99,,
15.670005,99,1494,0
15.673802,99,,
15.679640,99,,
15.680633,99,,
15.681505,99,,
15.682126,99,,
15.682755,99,,
15.683713,99,,
15.684343,99,1494,0
15.686616,99,,
15.687231,99,,
15.687877,99,,
15.688829,99,,
15.689405,99,,
15.699512,99,,
15.700436,99,,
15.701400,99,1494,0
15.703612,99,,
15.704228,99,,
15.705192,99,,
15.710747,99,,
15.711835,99,,
15.712766,99,,
15.713687,99,,
15.714296,99,1494,0
15.716203,99,,
15.717132,99,,
15.717728,99,,
15.718307,99,,
15.718993,99,,
15.719564,99,,
15.720173,99,,
15.721131,99,1494,0
15.732241,99,,
15.733372,99,,
15.734293,99,,
15.735233,99,,
15.735877,99,,
15.741875,99,,
15.742487,99,,
15.743417,99,1494,0
15.745662,99,,
15.746266,99,,
15.746895,99,,
15.747542,99,,
15.748166,99,,
15.748798,99,,
15.749736,99,,
15.750354,99,1494,0
15.761509,99,,
15.762464,99,,
15.763408,99,,
15.764378,99,,
15.764998,99,,
15.765615,99,,
15.766589,99,,
15.772441,99,1494,0
15.774971,99,,
15.775583,99,,
15.776513,99,,
15.777128,99,,
15.777738,99,,
15.778340,99,,
15.779007,99,,
15.779612,99,1494,0
15.781506,99,,
15.782188,99,,
15.783149,99,,
15.792485,99,,
15.793415,99,,
15.794069,99,,
15.795030,99,,
15.795617,99,1494,0
15.797492,99,,
15.803433,99,,
15.804078,99,,
15.804685,99,,
15.805658,99,,
15.806634,99,,
15.807247,99,,
15.807904,99,1494,0
15.810122,99,,
15.811115,99,,
15.812093,99,,
15.813048,99,,
15.813667,99,,
15.823277,99,,
15.823853,99,,
15.824455,99,1494,0
15.827068,99,,
15.828030,99,,
15.828647,99,,
15.834698,99,,
15.835312,99,,
15.835963,99,,
15.836622,99,,
15.837572,99,1494,0
15.840387,99,,
15.841356,99,,
15.842294,99,,
15.842941,99,,
15.843521,99,,
15.844155,99,,
15.845115,99,,
15.854476,99,1494,0
15.856603,100,,
15.857561,100,,
15.858161,100,,
15.858856,100,,
15.859722,100,,
15.865385,100,,
15.865990,100,,
15.866629,100,1494,0
15.868421,100,,
15.869054,100,,
15.870000,100,,
15.870627,100,,
15.871196,100,,
15.871838,100,,
15.872410,100,,
15.873062,100,1494,0
15.875197,100,,
15.875858,100,,
15.885453,100,,
15.886278,100,,
15.886893,100,,
15.887543,99,,
15.888154,99,,
15.889108,99,1494,0
15.890976,99,,
15.896653,99,,
15.897517,99,,
15.898155,99,,
15.899170,99,,
15.899712,99,,
15.900644,99,,
15.901295,99,1494,0
15.903055,99,,
15.903713,99,,
15.904668,99,,
15.905241,99,,
15.905929,99,,
15.906528,99,,
15.916345,99,,
15.917242,99,1494,0
15.919206,99,,
15.920089,99,,
15.920978,99,,
15.921584,99,,
15.927689,99,,
15.928563,99,,
15.929199,99,,
15.929963,99,1494,0
15.932752,99,,
15.933698,99,,
15.934255,99,,
15.935237,99,,
15.935849,99,,
15.936853,99,,
15.937724,99,,
15.947213,99,1494,0
15.949052,99,,
15.949641,99,,
15.950248,99,,
15.950884,99,,
15.951516,99,,
15.952147,99,,
15.952730,99,,
15.958610,99,1494,0
15.961025,99,,
15.961637,99,,
15.962215,99,,
15.962878,99,,
15.963449,99,,
15.964105,99,,
15.964688,99,,
15.965254,99,1494,0
15.967123,99,,
15.967728,99,,
15.968299,99,,
15.968948,99,,
15.978415,99,,
15.979326,99,,
15.979982,99,,
15.980591,99,1494,0
15.982422,99,,
15.983329,99,,
15.983974,99,,
15.989599,99,,
15.990182,99,,
15.990798,99,,
15.991572,99,,
15.992409,99,1494,0
15.994224,99,,
15.994855,99,,
15.995442,99,,
15.996053,99,,
15.996691,99,,
15.997293,99,,
15.997917,99,,
15.998540,99,1494,0
16.009459,99,,
16.010108,99,,
16.010714,99,,
16.011340,99,,
16.011971,99,,
16.012601,99,,
16.013235,99,,
16.013879,99,1494,0
16.021845,99,,
16.022845,99,,
16.023714,99,,
16.024656,99,,
16.025277,99,,
16.025895,99,,
16.026510,99,,
16.027152,99,1494,0
16.029709,99,,
16.030349,99,,
16.030985,99,,
16.040622,99,,
16.041239,99,,
16.041833,99,,
16.042465,99,,
16.043414,99,1494,0
16.045292,99,,
16.045930,99,,
16.051766,99,,
16.052354,99,,
16.052995,99,,
16.053624,99,,
16.054579,99,,
16.055539,99,1494,0
16.057739,99,,
16.058358,99,,
16.059337,99,,
16.060333,99,,
16.061271,99,,
16.061901,99,,
16.071697,99,,
16.072561,99,1494,0
16.074406,99,,
16.075381,99,,
16.075993,99,,
16.076636,99,,
16.082545,99,,
16.083222,99,,
16.083825,99,,
16.084439,99,1494,0
16.087348,99,,
16.088009,99,,
16.088961,99,,
16.089925,99,,
16.090898,99,,
16.091856,99,,
16.092454,99,,
16.102381,99,1494,0
16.104581,99,,
16.105251,99,,
16.106468,99,,
16.107431,99,,
16.113688,99,,
16.114284,99,,
16.115060,99,,
16.115940,99,1494,0
16.117785,99,,
16.118419,99,,
16.119408,99,,
16.120361,99,,
16.120989,99,,
16.121639,99,,
16.122288,99,,
16.122949,99,1494,0
16.134476,99,,
16.135125,99,,
16.136041,99,,
16.137009,99,,
16.137644,99,,
16.138266,99,,
16.138875,99,,
16.144746,99,1494,0
16.146617,99,,
16.147359,99,,
16.148241,99,,
16.148838,99,,
16.149787,99,,
16.150417,99,,
16.151042,100,,
16.151672,100,1494,0
16.153508,100,,
16.154168,100,,
16.155137,100,,
16.164539,100,,
16.165479,100,,
16.166412,100,,
16.167066,100,,
16.168031,100,1494,0
16.175504,100,,
16.176445,100,,
16.177059,100,,
16.177656,100,,
16.178262,100,,
16.178901,100,,
16.179485,100,,
16.180152,100,1494,0
16.182286,100,,
16.182934,100,,
16.183541,100,,
16.184458,100,,
16.185130,100,,
16.185704,100,,
16.195510,100,,
16.196399,100,1494,0
16.198610,100,,
16.199239,100,,
16.199818,100,,
16.200652,100,,
16.206759,100,,
16.207707,100,,
16.208318,100,,
16.208933,100,1494,0
16.211197,99,,
16.211812,99,,
16.212418,99,,
16.213030,99,,
16.214032,99,,
16.214952,99,,
16.215563,99,,
16.216469,99,1494,0
16.229045,99,,
16.230195,99,,
16.231317,99,,
16.237712,99,,
16.238995,99,,
16.240241,99,,
16.241461,99,,
16.242624,99,1494,0
16.246080,99,,
16.247071,99,,
16.247953,99,,
16.257454,99,,
16.258066,99,,
16.258999,99,,
16.259604,99,,
16.260240,99,1494,0
16.263119,99,,
16.268650,99,,
16.269594,99,,
16.270249,99,,
16.270823,99,,
16.271792,99,,
16.272754,99,,
16.273591,99,1494,0
16.276070,99,,
16.277034,99,,
16.277695,99,,
16.278263,99,,
16.278899,99,,
16.288604,99,,
16.289520,99,,
16.290495,99,1494,0
16.293069,99,,
16.293696,99,,
16.299761,99,,
16.300326,99,,
16.300972,99,,
16.301598,99,,
16.302601,99,,
16.303563,99,1494,0
16.305418,99,,
16.306051,99,,
16.306707,99,,
16.307656,99,,
16.308303,99,,
16.308885,99,,
16.309846,99,,
16.319530,99,1494,0
16.321695,99,,
16.322653,99,,
16.323594,99,,
16.324263,99,,
16.325219,99,,
16.330705,99,,
16.331323,99,,
16.331977,99,1494,0
16.334583,99,,
16.335513,99,,
16.336171,99,,
16.336756,99,,
16.337701,99,,
16.338348,99,,
16.338974,99,,
16.339591,99,1494,0
16.350568,99,,
16.351482,99,,
16.352157,99,,
16.353089,99,,
16.353716,99,,
16.354352,99,,
16.355325,99,,
16.355973,99,1494,0
16.362918,99,,
16.363874,99,,
16.364838,99,,
16.365442,99,,
16.366087,99,,
16.367060,99,,
16.368011,99,,
16.368658,99,1494,0
16.370859,99,,
16.371497,99,,
16.381363,99,,
16.382325,99,,
16.383297,99,,
16.383940,99,,
16.384904,99,,
16.385528,99,1494,0
16.393025,99,,
16.393941,99,,
16.394519,99,,
16.395180,99,,
16.396151,99,,
16.397130,99,,
16.397704,99,,
16.398339,99,1494,0
16.400929,99,,
16.401538,99,,
16.402186,99,,
16.402789,99,,
16.412551,99,,
16.413457,99,,
16.414122,99,,
16.415069,99,1494,0
16.416926,99,,
16.417905,99,,
16.423419,99,,
16.424013,99,,
16.424621,99,,
16.425590,99,,
16.426716,99,,
16.428066,99,1494,0
16.432089,99,,
16.433342,99,,
16.443440,99,,
16.444379,99,,
16.445313,99,,
16.445976,99,,
16.446913,99,,
16.447603,99,1494,0
16.454608,99,,
16.455246,99,,
16.456371,99,,
16.457318,99,,
16.457906,99,,
16.458537,99,,
16.459631,99,,
16.460573,99,1494,0
16.463442,99,,
16.464394,99,,
16.465065,99,,
16.474748,99,,
16.475642,99,,
16.476609,99,,
16.477220,99,,
16.478220,99,1494,0
16.485656,99,,
16.486262,99,,
16.486888,99,,
16.487873,99,,
16.488871,99,,
16.489819,99,,
16.490452,99,,
16.491426,99,1494,0
16.494024,99,,
16.494631,99,,
16.495272,99,,
16.496274,99,,
16.505545,99,,
16.506567,99,,
16.507400,99,,
16.508035,99,1494,0
16.510292,99,,
16.510884,99,,
16.516669,99,,
16.517582,99,,
16.518217,99,,
16.518800,99,,
16.519406,99,,
16.520015,99,1494,0
16.521877,99,,
16.522501,99,,
16.523080,99,,
16.523712,99,,
16.524291,99,,
16.524943,99,,
16.525545,99,,
16.526152,99,1494,0
16.537312,99,,
16.537990,99,,
16.538865,99,,
16.539490,99,,
16.540141,99,,
16.541259,99,,
16.542128,99,,
16.547831,99,1494,0
16.550226,99,,
16.550883,99,,
16.551808,99,,
16.552404,99,,
16.553339,99,,
16.553982,99,,
16.554592,99,,
16.555220,99,1494,0
16.557766,99,,
16.567409,99,,
16.568254,99,,
16.569267,99,,
16.570174,99,,
16.570769,99,,
16.571363,100,,
16.571989,100,1494,0
16.579565,100,,
16.580188,100,,
16.581131,100,,
16.581743,100,,
16.582310,100,,
16.582951,100,,
16.583552,100,,
16.584160,100,1494,0
16.586004,100,,
16.586621,100,,
16.587225,100,,
16.587849,100,,
16.588559,100,,
16.598261,100,,
16.598786,100,,
16.599430,99,1494,0
16.601276,99,,
16.601935,99,,
16.602535,99,,
16.603227,99,,
16.603822,99,,
16.609564,99,,
16.610204,99,,
16.611105,99,1494,0
16.613230,99,,
16.613879,99,,
16.614482,99,,
16.615118,99,,
16.615732,99,,
16.616313,99,,
16.616960,99,,
16.617568,99,1494,0
16.619735,99,,
16.629396,99,,
16.629902,99,,
16.630561,99,,
16.631190,99,,
16.631783,99,,
16.632338,99,,
16.632999,99,1494,0
16.634792,99,,
16.640506,99,,
16.641108,99,,
16.641697,99,,
16.642258,99,,
16.642924,99,,
16.643521,99,,
16.644180,99,1494,0
16.646002,99,,
16.646609,99,,
16.647217,99,,
16.647879,99,,
16.648459,99,,
16.649081,99,,
16.649698,99,,
16.650253,99,1494,0
16.661403,100,,
16.662298,100,,
16.662953,100,,
16.663546,100,,
16.664524,100,,
16.665431,100,,
16.671884,100,,
16.673054,100,1494,0
16.675636,100,,
16.676237,100,,
16.677183,100,,
16.678158,100,,
16.679128,100,,
16.679764,100,,
16.680402,100,,
16.681024,100,1494,0
16.691951,99,,
16.692909,99,,
16.693749,99,,
16.694712,99,,
16.695659,99,,
16.696625,99,,
16.702433,99,,
16.703414,99,1494,0
16.706370,99,,
16.707452,99,,
16.708473,99,,
16.709600,99,,
16.710623,99,,
16.711573,99,,
16.712590,99,,
16.722431,99,1494,0
16.725213,99,,
16.726442,99,,
16.727606,99,,
16.733484,99,,
16.734084,99,,
16.734707,99,,
16.735652,99,,
16.736623,99,1494,0
16.739229,99,,
16.740193,99,,
16.741161,99,,
16.742136,99,,
16.743088,99,,
16.744032,99,,
16.753472,99,,
16.754411,99,1494,0
16.756615,99,,
16.757572,99,,
16.758205,99,,
16.758806,99,,
16.764944,99,,
16.765525,99,,
16.766174,99,,
16.767142,99,1494,0
16.770038,99,,
16.770997,99,,
16.771616,99,,
16.772251,99,,
16.772866,99,,
16.773878,99,,
16.774822,99,,
16.784309,99,1494,0
16.786175,99,,
16.786789,99,,
16.787776,99,,
16.788770,99,,
16.789384,99,,
16.795423,99,,
16.796028,99,,
16.796654,99,1494,0
16.798550,99,,
16.799201,99,,
16.799804,99,,
16.800422,99,,
16.801379,99,,
16.802018,99,,
16.802648,99,,
16.803263,99,1494,0
16.805176,100,,
16.806145,100,,
16.815488,100,,
16.816381,100,,
16.817350,100,,
16.817957,100,,
16.818583,100,,
16.819169,100,1494,0
16.820993,100,,
16.826871,100,,
16.827701,100,,
16.828311,100,,
16.829248,100,,
16.829865,100,,
16.830485,100,,
16.831146,100,1494,0
16.833049,100,,
16.833695,100,,
16.834279,100,,
16.834899,100,,
16.835867,100,,
16.836493,100,,
16.846382,100,,
16.847311,100,1494,0
16.849713,100,,
16.850325,100,,
16.851248,100,,
16.851894,100,,
16.857979,100,,
16.858589,100,,
16.859618,100,,
16.860500,100,1494,0
16.862745,100,,
16.863706,100,,
16.864353,100,,
16.864984,100,,
16.865622,100,,
16.866257,100,,
16.866913,100,,
16.867490,99,1494,0
16.878516,99,,
16.879160,99,,
16.880093,99,,
16.881077,99,,
16.881725,99,,
16.882338,99,,
16.882989,99,,
16.888811,99,1494,0
16.890678,99,,
16.891653,99,,
16.892615,99,,
16.893554,99,,
16.894173,99,,
16.894799,99,,
16.895739,99,,
16.896353,99,1494,0
16.898530,99,,
16.908566,99,,
16.909516,99,,
16.910448,99,,
16.911078,99,,
16.911704,99,,
16.912639,99,,
16.913248,99,1494,0
16.920685,99,,
16.921636,99,,
16.922264,99,,
16.922911,99,,
16.923781,99,,
16.924712,99,,
16.925677,99,,
16.926295,99,1494,0
16.928811,99,,
16.929407,99,,
16.939377,99,,
16.940303,99,,
16.940950,99,,
16.941606,99,,
16.942244,99,,
16.942832,99,1494,0
16.944709,99,,
16.950960,99,,
16.951923,99,,
16.952887,99,,
16.953843,99,,
16.954429,99,,
16.955407,99,,
16.956365,99,1494,0
16.958261,99,,
16.959229,99,,
16.960223,99,,
16.961142,99,,
16.970546,99,,
16.971477,99,,
16.972177,99,,
16.973093,99,1494,0
16.975647,99,,
16.981486,99,,
16.982092,99,,
16.982703,99,,
16.983323,99,,
16.983961,99,,
16.984592,99,,
16.985588,99,1494,0
16.987803,100,,
16.988409,100,,
16.989068,100,,
16.989990,100,,
16.990627,100,,
16.991232,100,,
16.992197,100,,
17.001520,100,1494,0
17.004035,100,,
17.004672,100,,
17.005290,100,,
17.005930,100,,
17.006585,100,,
17.012502,100,,
17.013165,100,,
17.013730,100,1494,0
17.015924,100,,
17.016514,100,,
17.017181,100,,
17.018190,100,,
17.019116,100,,
17.020039,100,,
17.020672,100,,
17.021606,100,1494,0
17.032560,100,,
17.033461,100,,
17.034139,100,,
17.035091,100,,
17.036032,100,,
17.036675,100,,
17.037281,100,,
17.037916,100,1494,0
17.045497,100,,
17.046133,100,,
17.046781,100,,
17.047378,99,,
17.047978,99,,
17.048579,99,,
17.049233,99,,
17.049852,99,1494,0
17.051732,99,,
17.052329,99,,
17.052987,99,,
17.053974,99,,
17.063337,99,,
17.063948,99,,
17.064526,99,,
17.065204,99,1494,0
17.067116,99,,
17.068056,99,,
17.068708,99,,
17.074475,99,,
17.075358,99,,
17.075996,99,,
17.076606,99,,
17.077222,99,1494,0
17.079352,99,,
17.080004,99,,
17.080631,99,,
17.081595,99,,
17.082231,99,,
17.082877,99,,
17.083496,99,,
17.084194,99,1494,0
17.095499,99,,
17.096444,99,,
17.097129,99,,
17.098070,99,,
17.099059,99,,
17.099662,99,,
17.105462,99,,
17.106129,99,1494,0
17.108640,99,,
17.109241,99,,
17.109859,99,,
17.110441,99,,
17.111412,99,,
17.112038,99,,
17.112670,99,,
17.113249,99,1494,0
17.115078,99,,
17.115728,99,,
17.125330,99,,
17.125952,99,,
17.126563,99,,
17.127484,99,,
17.128139,99,,
17.129086,99,1494,0
17.136732,99,,
17.137692,99,,
17.138669,99,,
17.139270,99,,
17.139888,99,,
17.140538,99,,
17.141491,99,,
17.142112,99,1494,0
17.143952,99,,
17.144594,99,,
17.145219,99,,
17.145814,99,,
17.146405,99,,
17.147089,99,,
17.156732,99,,
17.157609,99,1494,0
17.159427,99,,
17.160052,99,,
17.160662,99,,
17.161620,99,,
17.167444,99,,
17.168029,99,,
17.168642,99,,
17.169233,99,1494,0
17.171123,99,,
17.171723,99,,
17.172314,99,,
17.172962,99,,
17.173559,99,,
17.174358,99,,
17.175373,99,,
17.176364,99,1494,0
17.187602,99,,
17.188399,99,,
17.189009,99,,
17.189621,99,,
17.190241,99,,
17.190970,99,,
17.192014,99,,
17.192905,99,1494,0
17.200325,99,,
17.200966,99,,
17.201565,99,,
17.202183,99,,
17.203103,99,,
17.203739,99,,
17.204295,99,,
17.204980,99,1494,0
17.206787,99,,
17.207386,99,,
17.208047,99,,
17.208612,99,,
17.218320,99,,
17.218917,99,,
17.219577,99,,
17.220168,99,1494,0
17.222292,99,,
17.222932,99,,
17.223528,99,,
17.229698,99,,
17.230597,99,,
17.231211,99,,
17.231797,99,,
17.232365,99,1494,0
17.234236,99,,
17.234862,99,,
17.235430,99,,
17.236094,99,,
17.236707,99,,
17.237453,99,,
17.238340,99,,
17.239218,99,1494,0
17.250075,99,,
17.250692,99,,
17.251586,99,,
17.252218,99,,
17.252805,99,,
17.253540,99,,
17.254377,99,,
17.255019,99,1494,0
17.262270,99,,
17.262912,99,,
17.263484,99,,
17.264146,99,,
17.264747,99,,
17.265321,99,,
17.265980,99,,
17.266598,99,1494,0
17.268450,99,,
17.269347,99,,
17.270013,99,,
17.270600,99,,
17.280326,99,,
17.281449,99,,
17.282365,99,,
17.283319,99,1494,0
17.285481,99,,
17.291527,99,,
17.292463,99,,
17.293076,99,,
17.294015,99,,
17.294997,99,,
17.295625,99,,
17.296255,99,1494,0
17.298171,99,,
17.298772,99,,
17.299407,99,,
17.300048,99,,
17.300673,99,,
17.301297,99,,
17.301911,99,,
17.311511,99,1494,0
17.313751,99,,
17.314368,99,,
17.314977,99,,
17.315988,99,,
17.316942,99,,
17.322809,99,,
17.323433,99,,
17.324389,99,1494,0
17.326988,99,,
17.327589,99,,
17.328535,99,,
17.329161,99,,
17.329766,99,,
17.330398,99,,
17.331019,99,,
17.331655,99,1494,0
17.342598,99,,
17.343507,99,,
17.344152,99,,
17.344789,99,,
17.345386,99,,
17.346342,99,,
17.346982,99,,
17.347594,99,1494,0
17.354755,99,,
17.355380,99,,
17.356020,99,,
17.356646,99,,
17.357277,99,,
17.357908,99,,
17.358524,99,,
17.359182,99,1494,0
17.361379,99,,
17.362022,99,,
17.362653,99,,
17.363271,99,,
17.363898,99,,
17.373622,99,,
17.374541,99,,
17.375491,99,1494,0
17.377681,99,,
17.378302,99,,
17.378949,99,,
17.384772,99,,
17.385401,99,,
17.386029,99,,
17.386654,99,,
17.387288,99,1494,0
17.389201,99,,
17.390131,99,,
17.391122,99,,
17.391744,99,,
17.392359,99,,
17.393326,99,,
17.393969,99,,
17.394902,99,1494,0
17.406290,99,,
17.407227,99,,
17.408212,99,,
17.409179,99,,
17.410119,99,,
17.415850,99,,
17.416432,99,,
17.417364,99,1494,0
17.419287,99,,
17.420257,99,,
17.421244,99,,
17.422234,99,,
17.423301,99,,
17.424193,99,,
17.425156,99,,
17.425754,99,1494,0
17.436997,99,,
17.437989,99,,
17.438929,99,,
17.439537,99,,
17.440484,99,,
17.446566,99,,
17.447507,99,,
17.448188,99,1494,0
17.450704,99,,
17.451682,99,,
17.452677,99,,
17.453306,99,,
17.454264,99,,
17.455244,99,,
17.455883,99,,
17.456490,99,1494,0
17.467621,99,,
17.468252,99,,
17.468885,99,,
17.469893,99,,
17.470840,99,,
17.471437,99,,
17.477483,99,,
17.478083,99,1494,0
17.480512,99,,
17.481588,99,,
17.482490,99,,
17.483118,99,,
17.484046,99,,
17.484682,99,,
17.485669,99,,
17.486319,99,1494,0
17.497716,99,,
17.498681,99,,
17.499614,99,,
17.500267,99,,
17.501221,99,,
17.502198,99,,
17.503161,99,,
17.509162,99,1494,0
17.511281,99,,
17.511923,99,,
17.512676,99,,
17.513564,99,,
17.514529,99,,
17.515435,99,,
17.516115,99,,
17.516725,99,1494,0
17.518945,99,,
17.528538,99,,
17.529396,99,,
17.530025,99,,
17.530681,99,,
17.531260,99,,
17.532246,99,,
17.533240,99,1494,0
17.540566,99,,
17.541197,99,,
17.541805,99,,
17.542762,99,,
17.543398,99,,
17.544019,99,,
17.544643,99,,
17.545607,99,1494,0
17.547816,99,,
17.548409,99,,
17.549009,99,,
17.549652,99,,
17.559587,99,,
17.560519,99,,
17.561433,99,,
17.562057,99,1494,0
17.564300,99,,
17.564931,99,,
17.570699,99,,
17.571688,99,,
17.572762,99,,
17.573653,99,,
17.574858,99,,
17.576017,99,1494,0
17.578166,99,,
17.579112,99,,
17.579761,99,,
17.580736,99,,
17.590377,99,,
17.591318,99,,
17.592267,99,,
17.593204,99,1494,0
17.595376,99,,
17.596014,99,,
17.602118,99,,
17.602698,99,,
17.603329,99,,
17.603956,99,,
17.604581,99,,
17.605215,99,1494,0
17.607931,99,,
17.608876,99,,
17.609491,99,,
17.610429,99,,
17.611385,99,,
17.611990,99,,
17.621711,99,,
17.622649,99,1494,0
17.625394,99,,
17.626321,99,,
17.627274,99,,
17.632899,99,,
17.633496,99,,
17.634435,99,,
17.635408,99,,
17.636055,99,1494,0
17.638975,99,,
17.639586,99,,
17.640528,99,,
17.641503,99,,
17.642114,99,,
17.642699,99,,
17.652400,99,,
17.653305,99,1494,0
17.655242,99,,
17.656179,99,,
17.656787,99,,
17.657421,99,,
17.663541,99,,
17.664152,99,,
17.665125,99,,
17.666092,99,1494,0
17.668571,99,,
17.669529,99,,
17.670540,99,,
17.671492,99,,
17.672127,99,,
17.672722,99,,
17.673720,99,,
17.683412,99,1494,0
17.685591,99,,
17.686532,99,,
17.687218,99,,
17.687795,99,,
17.688430,99,,
17.694786,99,,
17.695744,99,,
17.696679,99,1494,0
17.698954,99,,
17.699915,99,,
17.700549,99,,
17.701180,99,,
17.702117,99,,
17.703108,99,,
17.703740,99,,
17.704355,99,1494,0
17.715590,99,,
17.716534,99,,
17.717157,99,,
17.717853,99,,
17.718390,99,,
17.719325,99,,
17.719932,99,,
17.725745,99,1494,0
17.727667,99,,
17.728636,99,,
17.729277,99,,
17.729897,99,,
17.730527,99,,
17.731180,99,,
17.732157,99,,
17.733125,99,1494,0
17.735333,99,,
17.736309,99,,
17.745617,99,,
17.746234,99,,
17.746829,99,,
17.747789,99,,
17.748426,99,,
17.749057,99,1494,0
17.750915,99,,
17.756800,99,,
17.757446,99,,
17.758419,99,,
17.759393,99,,
17.760037,99,,
17.760615,99,,
17.761573,99,1494,0
17.763475,99,,
17.764121,99,,
17.764782,99,,
17.765359,99,,
17.765994,99,,
17.766614,99,,
17.776480,99,,
17.777309,99,1494,0
17.779159,99,,
17.779771,99,,
17.780375,99,,
17.780974,99,,
17.781598,99,,
17.787677,99,,
17.788304,99,,
17.789000,99,1494,0
17.791469,99,,
17.792004,99,,
17.792650,99,,
17.793270,99,,
17.793866,99,,
17.794470,99,,
17.795095,99,,
17.795706,99,1494,0
17.797984,99,,
17.807355,99,,
17.807969,99,,
17.808551,99,,
17.809173,99,,
17.809779,99,,
17.810373,99,,
17.811000,99,1494,0
17.812832,99,,
17.818522,99,,
17.819143,99,,
17.819791,99,,
17.820738,99,,
17.821298,99,,
17.821953,99,,
17.822688,99,1494,0
17.825371,99,,
17.825996,99,,
17.826612,99,,
17.827203,99,,
17.827822,99,,
17.828409,99,,
17.829072,99,,
17.838559,99,1494,0
17.840338,99,,
17.840952,99,,
17.841595,99,,
17.842180,99,,
17.842816,99,,
17.843559,99,,
17.849515,99,,
17.850336,99,1494,0
17.852177,99,,
17.852796,99,,
17.853369,99,,
17.854024,99,,
17.854571,99,,
17.855185,99,,
17.855831,99,,
17.856420,99,1494,0
17.858310,99,,
17.858897,99,,
17.859489,99,,
17.869273,99,,
17.869859,99,,
17.870510,99,,
17.871071,99,,
17.871733,99,1494,0
17.873564,99,,
17.874135,99,,
17.874796,99,,
17.880809,99,,
17.881384,99,,
17.881976,99,,
17.882610,99,,
17.883189,99,1494,0
17.885122,99,,
17.886063,99,,
17.886685,99,,
17.887252,99,,
17.887998,99,,
17.888515,99,,
17.889145,99,,
17.889731,99,1494,0
17.900756,99,,
17.901654,99,,
17.902260,99,,
17.902885,99,,
17.903485,99,,
17.904152,99,,
17.904749,99,,
17.905373,99,1494,0
17.912745,99,,
17.913718,99,,
17.914358,99,,
17.914986,99,,
17.915611,99,,
17.916217,99,,
17.916821,99,,
17.917446,99,1494,0
17.919707,99,,
17.920349,99,,
17.920986,99,,
17.921628,99,,
17.931629,99,,
17.932557,99,,
17.933496,99,,
17.934167,99,1494,0
17.936375,99,,
17.937025,99,,
17.942934,99,,
17.943842,99,,
17.944754,99,,
17.945390,99,,
17.946003,99,,
17.946637,99,1494,0
17.948831,99,,
17.949437,99,,
17.950387,99,,
17.951029,99,,
17.951647,99,,
17.952272,99,,
17.952893,99,,
17.962851,99,1494,0
17.965025,99,,
17.965991,99,,
17.966914,99,,
17.967558,99,,
17.973969,99,,
17.974989,99,,
17.976115,99,,
17.977055,99,1494,0
17.979256,99,,
17.979868,99,,
17.980462,99,,
17.981074,99,,
17.981712,99,,
17.982303,99,,
17.982913,99,,
17.983528,99,1494,0
17.995321,99,,
17.995942,99,,
17.996547,99,,
17.997488,99,,
17.998173,99,,
17.999132,99,,
18.004616,99,,
18.005267,99,1494,0
18.007941,99,,
18.008558,99,,
18.009716,99,,
18.010673,99,,
18.011573,99,,
18.012206,99,,
18.012795,99,,
18.013446,99,1494,0
18.024331,99,,
18.025299,99,,
18.026161,99,,
18.027090,99,,
18.027718,99,,
18.028333,99,,
18.028945,99,,
18.029595,99,1494,0
18.037197,99,,
18.037797,99,,
18.038962,99,,
18.039970,99,,
18.040925,99,,
18.041885,99,,
18.042847,99,,
18.043811,99,1494,0
18.055392,99,,
18.056332,99,,
18.057294,99,,
18.057931,99,,
18.058531,99,,
18.059180,99,,
18.060125,99,,
18.061093,99,1494,0
18.068120,99,,
18.068698,99,,
18.069695,99,,
18.070642,99,,
18.071244,99,,
18.072527,99,,
18.073631,99,,
18.074549,99,1494,0
18.077039,99,,
18.086807,99,,
18.087708,99,,
18.088802,99,,
18.089833,99,,
18.090779,99,,
18.091388,99,,
18.092234,99,1494,0
18.099411,99,,
18.100508,99,,
18.101407,99,,
18.102379,99,,
18.103359,99,,
18.104003,99,,
18.104670,99,,
18.105595,99,1494,0
18.108275,99,,
18.117740,99,,
18.118612,99,,
18.119247,99,,
18.119851,99,,
18.120466,99,,
18.121418,99,,
18.122084,99,1494,0
18.129187,99,,
18.130158,99,,
18.131125,99,,
18.131717,99,,
18.132517,99,,
18.133435,99,,
18.134063,99,,
18.135021,99,1494,0
18.137244,99,,
18.138196,99,,
18.138789,99,,
18.148469,99,,
18.149378,99,,
18.150329,99,,
18.151317,99,,
18.151960,99,1494,0
18.159927,99,,
18.160882,99,,
18.161843,99,,
18.162458,99,,
18.163413,99,,
18.164059,99,,
18.165032,99,,
18.165976,99,1494,0
18.168193,99,,
18.168800,99,,
18.169397,99,,
18.170036,99,,
18.179763,99,,
18.180725,99,,
18.181600,99,,
18.182555,99,1494,0
18.184382,99,,
18.190520,99,,
18.191458,99,,
18.192093,99,,
18.192712,99,,
18.193303,99,,
18.193962,99,,
18.194570,99,1494,0
18.197257,99,,
18.197858,99,,
18.198448,99,,
18.199086,99,,
18.199710,99,,
18.200669,99,,
18.210350,99,,
18.210969,99,1494,0
18.213127,99,,
18.214082,99,,
18.214687,99,,
18.215314,99,,
18.216239,99,,
18.221767,99,,
18.222398,99,,
18.223052,99,1494,0
18.225817,99,,
18.226796,99,,
18.227751,99,,
18.228716,99,,
18.229676,99,,
18.230628,99,,
18.231253,99,,
18.231895,99,1494,0
18.243461,99,,
18.244128,99,,
18.245024,99,,
18.245621,99,,
18.246236,99,,
18.246878,99,,
18.252986,99,,
18.253568,99,1494,0
18.255654,99,,
18.256615,99,,
18.257355,99,,
18.258256,99,,
18.259229,99,,
18.260181,99,,
18.260788,99,,
18.261480,99,1494,0
18.272715,99,,
18.273632,99,,
18.274593,99,,
18.275222,99,,
18.275823,99,,
18.276404,99,,
18.277358,99,,
18.278029,99,1494,0
18.285324,99,,
18.285974,99,,
18.286613,99,,
18.287549,99,,
18.288522,99,,
18.289523,99,,
18.290448,99,,
18.291092,99,1494,0
18.293615,99,,
18.303345,99,,
18.304278,99,,
18.304891,99,,
18.305542,99,,
18.306476,99,,
18.307147,99,,
18.307753,99,1494,0
18.314798,99,,
18.315735,99,,
18.316343,99,,
18.316950,99,,
18.317595,99,,
18.318431,99,,
18.319407,99,,
18.320007,99,1494,0
18.322670,99,,
18.323610,99,,
18.324552,99,,
18.334407,99,,
18.335331,99,,
18.335977,99,,
18.336598,99,,
18.337534,99,1494,0
18.339779,99,,
18.345914,99,,
18.346817,99,,
18.347773,99,,
18.348605,99,,
18.349553,99,,
18.350472,99,,
18.351123,99,1494,0
18.353010,99,,
18.353615,99,,
18.354261,99,,
18.354868,99,,
18.355862,99,,
18.365491,99,,
18.366423,99,,
18.367039,99,1494,0
18.369237,99,,
18.369829,99,,
18.370758,99,,
18.376560,99,,
18.377447,99,,
18.378084,99,,
18.378672,99,,
18.379337,99,1494,0
18.381537,99,,
18.382500,99,,
18.383156,99,,
18.384095,99,,
18.384691,99,,
18.385340,99,,
18.386286,99,,
18.386917,99,1494,0
18.398069,99,,
18.398672,99,,
18.399286,99,,
18.400037,99,,
18.400882,99,,
18.401455,99,,
18.402104,99,,
18.407850,99,1494,0
18.409915,99,,
18.410502,99,,
18.411132,99,,
18.411739,99,,
18.412316,99,,
18.412933,99,,
18.413576,99,,
18.414559,99,1494,0
18.417012,99,,
18.417612,99,,
18.427454,99,,
18.428310,99,,
18.428959,99,,
18.429557,99,,
18.430185,99,,
18.430772,99,1494,0
18.432624,99,,
18.438770,99,,
18.439433,99,,
18.440007,99,,
18.440608,99,,
18.441270,99,,
18.441853,99,,
18.442420,99,1494,0
18.444279,99,,
18.444911,99,,
18.445501,99,,
18.446146,99,,
18.446873,99,,
18.447756,99,,
18.448343,99,,
18.449274,99,1494,0
18.460179,99,,
18.460794,99,,
18.461727,99,,
18.462322,99,,
18.462935,99,,
18.463589,99,,
18.469559,99,,
18.470494,99,1494,0
18.472581,99,,
18.473194,99,,
18.473809,99,,
18.474393,99,,
18.475043,99,,
18.475983,99,,
18.476606,99,,
18.477198,99,1494,0
18.479051,99,,
18.479669,99,,
18.489290,99,,
18.489903,99,,
18.490512,99,,
18.491227,99,,
18.492141,99,,
18.493083,99,1494,0
18.500571,99,,
18.501461,99,,
18.502118,99,,
18.502701,99,,
18.503638,99,,
18.504565,99,,
18.505414,99,,
18.506275,99,1494,0
18.508467,99,,
18.509068,99,,
18.509679,99,,
18.510283,99,,
18.510889,99,,
18.520498,99,,
18.521093,99,,
18.521714,99,1494,0
18.523562,99,,
18.524123,99,,
18.524785,99,,
18.525358,99,,
18.526025,99,,
18.531975,99,,
18.532567,99,,
18.533205,99,1494,0
18.535020,99,,
18.535644,99,,
18.536243,99,,
18.536839,99,,
18.537455,99,,
18.538111,99,,
18.538707,99,,
18.539677,99,1494,0
18.541509,99,,
18.551428,99,,
18.552046,99,,
18.552682,99,,
18.553322,99,,
18.553921,99,,
18.554544,99,,
18.555212,99,1494,0
18.562705,99,,
18.563318,99,,
18.563928,99,,
18.564564,99,,
18.565204,99,,
18.566144,99,,
18.567130,99,,
18.567779,99,1494,0
18.569632,99,,
18.570260,99,,
18.570896,99,,
18.571863,99,,
18.572512,99,,
18.582336,99,,
18.582910,99,,
18.583568,99,1494,0
18.586148,99,,
18.586782,99,,
18.587403,99,,
18.588050,99,,
18.594015,99,,
18.594894,99,,
18.595863,99,,
18.596835,99,1494,0
18.598738,99,,
18.599382,99,,
18.600023,99,,
18.600596,99,,
18.601556,99,,
18.602236,99,,
18.603197,99,,
18.603775,99,1494,0
18.615034,99,,
18.615995,99,,
18.616591,99,,
18.617252,99,,
18.618217,99,,
18.618863,99,,
18.624958,99,,
18.625899,99,1494,0
18.627779,99,,
18.628443,99,,
18.629058,99,,
18.629683,99,,
18.630618,99,,
18.631255,99,,
18.631889,99,,
18.632535,99,1494,0
18.634415,99,,
18.635064,99,,
18.644716,99,,
18.645615,99,,
18.646236,99,,
18.646866,99,,
18.647494,99,,
18.648424,99,1494,0
18.655580,99,,
18.656550,99,,
18.657163,99,,
18.657757,99,,
18.658394,99,,
18.659019,99,,
18.660000,99,,
18.660587,99,1494,0
18.662447,99,,
18.663093,99,,
18.664065,99,,
18.664675,99,,
18.665294,99,,
18.665916,99,,
18.675599,99,,
18.676205,99,1494,0
18.678049,99,,
18.678636,99,,
18.679252,99,,
18.679856,99,,
18.680502,99,,
18.686525,99,,
18.687164,99,,
18.687788,99,1494,0
18.690046,99,,
18.690637,99,,
18.691610,99,,
18.692240,99,,
18.692857,99,,
18.693476,99,,
18.694100,99,,
18.694703,99,1494,0
18.696544,99,,
18.706807,99,,
18.707870,99,,
18.708793,99,,
18.709740,99,,
18.710363,99,,
18.710983,99,,
18.711601,99,1494,0
18.719792,99,,
18.720742,99,,
18.721342,99,,
18.721989,99,,
18.722572,99,,
18.723558,99,,
18.724207,99,,
18.725186,99,1494,0
18.727360,99,,
18.728014,99,,
18.737683,99,,
18.738624,99,,
18.739615,99,,
18.740555,99,,
18.741190,99,,
18.742141,99,1494,0
18.749227,99,,
18.750201,99,,
18.751152,99,,
18.751779,99,,
18.752406,99,,
18.753037,99,,
18.753685,99,,
18.754297,99,1494,0
18.756561,99,,
18.757520,99,,
18.758135,99,,
18.758738,99,,
18.768489,99,,
18.769079,99,,
18.769694,99,,
18.770550,99,1494,0
18.773452,99,,
18.774072,99,,
18.779835,99,,
18.780454,99,,
18.781408,99,,
18.782041,99,,
18.783023,99,,
18.783657,99,1494,0
18.785542,99,,
18.786492,99,,
18.787467,99,,
18.788079,99,,
18.788723,99,,
18.789823,99,,
18.799514,99,,
18.800398,99,1494,0
18.802643,99,,
18.803569,99,,
18.804580,99,,
18.810808,99,,
18.811380,99,,
18.812040,99,,
18.812662,99,,
18.813618,99,1494,0
18.815478,99,,
18.816115,99,,
18.817074,99,,
18.817700,99,,
18.818326,99,,
18.818975,99,,
18.819603,99,,
18.820533,99,1494,0
18.832055,99,,
18.833009,99,,
18.833601,99,,
18.834246,99,,
18.834888,99,,
18.835494,99,,
18.841606,99,,
18.842530,99,1494,0
18.845087,99,,
18.846332,99,,
18.847294,99,,
18.848254,99,,
18.849200,99,,
18.849818,99,,
18.850418,99,,
18.851389,99,1494,0
18.862739,99,,
18.863322,99,,
18.863933,99,,
18.864561,99,,
18.865544,99,,
18.866513,99,,
18.872521,99,,
18.873143,99,1494,0
18.875007,99,,
18.876090,99,,
18.876929,99,,
18.877508,99,,
18.878168,99,,
18.879147,99,,
18.879709,99,,
18.880789,99,1494,0
18.883344,99,,
18.892701,99,,
18.893605,99,,
18.894557,99,,
18.895343,99,,
18.896257,99,,
18.897190,99,,
18.897816,99,1494,0
18.905079,99,,
18.906060,99,,
18.907033,99,,
18.907615,99,,
18.908248,99,,
18.908884,99,,
18.909823,99,,
18.910446,99,1494,0
18.913081,99,,
18.913932,99,,
18.923386,99,,
18.924245,99,,
18.925019,99,,
18.925890,99,,
18.926831,99,,
18.927425,99,1494,0
18.934528,99,,
18.935162,99,,
18.936124,99,,
18.937055,99,,
18.937697,99,,
18.938343,99,,
18.938966,99,,
18.939925,99,1494,0
18.942457,99,,
18.943428,99,,
18.944057,99,,
18.945032,99,,
18.954456,99,,
18.955440,99,,
18.956268,99,,
18.956887,99,1494,0
18.959142,99,,
18.960075,99,,
18.965587,99,,
18.966358,99,,
18.967290,99,,
18.968231,99,,
18.968836,99,,
18.969854,99,1494,0
18.972432,99,,
18.973351,99,,
18.974304,99,,
18.974947,99,,
18.975555,99,,
18.985626,99,,
18.986560,99,,
18.987514,99,1494,0
18.990231,99,,
18.991290,99,,
18.997021,99,,
18.997947,99,,
18.998607,99,,
18.999543,99,,
19.000490,99,,
19.001462,99,1494,0
19.004012,99,,
19.004624,99,,
19.005374,99,,
19.006261,99,,
19.006872,99,,
19.016736,99,,
19.017677,99,,
19.018643,99,1494,0
19.021206,99,,
19.022311,99,,
19.027667,99,,
19.028499,99,,
19.029121,99,,
19.029729,99,,
19.030330,99,,
19.030968,99,1494,0
19.032790,99,,
19.033463,99,,
19.034077,99,,
19.034708,99,,
19.035295,99,,
19.036244,99,,
19.036855,99,,
19.037457,99,1494,0
19.049226,99,,
19.049828,99,,
19.050758,99,,
19.051365,99,,
19.051959,99,,
19.052581,99,,
19.058780,99,,
19.059612,99,1494,0
19.062086,99,,
19.062712,99,,
19.063332,99,,
19.064284,99,,
19.064861,99,,
19.065477,99,,
19.066064,99,,
19.066679,99,1494,0
19.068512,99,,
19.078568,99,,
19.079113,99,,
19.079694,99,,
19.080336,99,,
19.080944,99,,
19.081547,99,,
19.082169,99,1494,0
19.083988,99,,
19.090121,99,,
19.090640,99,,
19.091228,99,,
19.091862,99,,
19.092503,99,,
19.093430,99,,
19.094042,99,1494,0
19.095920,99,,
19.096542,99,,
19.097168,99,,
19.097784,99,,
19.098385,99,,
19.098998,99,,
19.099638,99,,
19.109465,99,1494,0
19.111543,99,,
19.112175,99,,
19.112744,99,,
19.113364,99,,
19.113998,99,,
19.114611,99,,
19.120532,99,,
19.121478,99,1494,0
19.123295,99,,
19.123889,99,,
19.124518,99,,
19.125449,99,,
19.126062,99,,
19.126637,99,,
19.127240,99,,
19.128194,99,1494,0
19.130335,99,,
19.130981,99,,
19.140700,99,,
19.141629,99,,
19.142548,99,,
19.143479,99,,
19.144066,99,,
19.144980,99,1494,0
19.152413,99,,
19.153007,99,,
19.153609,99,,
19.154321,99,,
19.154905,99,,
19.155509,99,,
19.156136,99,,
19.156704,99,1494,0
19.158577,99,,
19.159213,99,,
19.159832,99,,
19.160421,99,,
19.161057,99,,
19.161660,99,,
19.171323,99,,
19.171926,99,1494,0
19.173799,99,,
19.174428,99,,
19.175066,99,,
19.175668,99,,
19.176295,99,,
19.176908,99,,
19.183016,99,,
19.183594,99,1494,0
19.185510,99,,
19.186184,99,,
19.187131,99,,
19.187717,99,,
19.188375,99,,
19.188951,99,,
19.189559,99,,
19.190191,99,1494,0
19.192073,99,,
19.193064,99,,
19.202455,99,,
19.203118,99,,
19.204069,99,,
19.204706,99,,
19.205657,99,,
19.206600,99,1494,0
19.213634,99,,
19.214569,99,,
19.215211,99,,
19.216143,99,,
19.216748,99,,
19.217368,99,,
19.217973,99,,
19.218589,99,1494,0
19.220405,99,,
19.221034,99,,
19.221631,99,,
19.222255,99,,
19.223204,99,,
19.223807,99,,
19.233356,99,,
19.234025,99,1494,0
19.235861,99,,
19.236488,99,,
19.237122,99,,
19.237749,99,,
19.238328,99,,
19.239007,99,,
19.244684,99,,
19.245273,99,1494,0
19.247111,99,,
19.247732,99,,
19.248310,99,,
19.248959,99,,
19.249563,99,,
19.250145,99,,
19.250807,99,,
19.251447,99,1494,0
19.253280,99,,
19.253883,99,,
19.254493,99,,
19.255127,99,,
19.264572,99,,
19.265239,99,,
19.265865,99,,
19.266463,99,1494,0
19.268298,99,,
19.268906,99,,
19.269549,99,,
19.275639,99,,
19.276279,99,,
19.276863,99,,
19.277470,99,,
19.278138,99,1494,0
19.280015,99,,
19.280656,99,,
19.281278,99,,
19.281904,99,,
19.282504,99,,
19.283127,99,,
19.283705,99,,
19.284387,99,1494,0
19.295297,99,,
19.295853,99,,
19.296472,99,,
19.297141,99,,
19.297775,99,,
19.298409,99,,
19.299043,99,,
19.299680,99,1494,0
19.306673,99,,
19.307537,99,,
19.308198,99,,
19.308763,99,,
19.309411,99,,
19.310018,99,,
19.310692,99,,
19.311595,99,1494,0
19.313434,99,,
19.314069,99,,
19.314674,99,,
19.315262,99,,
19.315867,99,,
19.316530,99,,
19.326324,99,,
19.326916,99,1494,0
19.328747,99,,
19.329346,99,,
19.329981,99,,
19.330619,99,,
19.331206,99,,
19.331833,99,,
19.337603,99,,
19.338517,99,1494,0
19.340352,99,,
19.341326,99,,
19.341895,99,,
19.342501,99,,
19.343131,99,,
19.343741,99,,
19.344362,99,,
19.344973,99,1494,0
19.347565,99,,
19.357422,99,,
19.358045,99,,
19.358717,99,,
19.359272,99,,
19.359907,99,,
19.360877,99,,
19.361520,99,1494,0
19.368930,99,,
19.369865,99,,
19.370821,99,,
19.371476,99,,
19.372455,99,,
19.373416,99,,
19.374028,99,,
19.374644,99,1494,0
19.377195,98,,
19.378138,98,,
19.379145,98,,
19.388532,98,,
19.389470,98,,
19.390134,98,,
19.390724,98,,
19.391704,98,1494,0
19.393837,98,,
19.399671,98,,
19.400598,98,,
19.401256,98,,
19.402228,98,,
19.403185,98,,
19.404150,98,,
19.405088,98,1494,0
19.406927,98,,
19.407928,98,,
19.408918,98,,
19.409835,98,,
19.419478,98,,
19.420376,98,,
19.421014,98,,
19.421652,98,1494,0
19.423847,98,,
19.424455,98,,
19.425436,98,,
19.431025,98,,
19.431929,98,,
19.432920,98,,
19.433914,98,,
19.434558,98,1494,0
19.437186,98,,
19.438130,98,,
19.438786,98,,
19.439426,99,,
19.440020,99,,
19.440623,99,,
19.450491,99,,
19.451376,99,1494,0
19.453269,99,,
19.454240,99,,
19.455195,99,,
19.456156,99,,
19.462015,99,,
19.462905,99,,
19.463856,99,,
19.464480,99,1494,0
19.466665,99,,
19.467269,99,,
19.468260,99,,
19.468864,99,,
19.469862,99,,
19.470801,99,,
19.471448,99,,
19.472047,99,1494,0
19.483594,99,,
19.484222,99,,
19.484857,99,,
19.485477,99,,
19.486120,99,,
19.487073,99,,
19.492649,99,,
19.493568,99,1494,0
19.496128,99,,
19.497084,99,,
19.497716,99,,
19.498337,99,,
19.498958,99,,
19.499887,98,,
19.500555,98,,
19.501207,98,1494,0
19.503025,98,,
19.512755,98,,
19.513641,98,,
19.514259,98,,
19.514897,98,,
19.515882,98,,
19.516828,98,,
19.517822,98,1494,0
19.525194,98,,
19.526124,98,,
19.526718,98,,
19.527652,98,,
19.528372,98,,
19.529315,99,,
19.530257,99,,
19.530881,99,1494,0
19.533439,99,,
19.534093,99,,
19.543783,99,,
19.544691,99,,
19.545630,99,,
19.546605,99,,
19.547613,99,,
19.548505,99,1494,0
19.556108,99,,
19.557068,99,,
19.558036,99,,
19.559002,99,,
19.559933,99,,
19.560572,99,,
19.561512,99,,
19.562178,99,1494,0
19.564357,99,,
19.565001,99,,
19.574663,99,,
19.575574,99,,
19.576220,99,,
19.576859,99,,
19.577478,99,,
19.578133,99,1494,0
19.579989,99,,
19.585788,99,,
19.586728,99,,
19.587344,99,,
19.587981,99,,
19.588895,99,,
19.589545,99,,
19.590191,99,1494,0
19.592085,99,,
19.592688,99,,
19.593668,99,,
19.594608,99,,
19.595296,99,,
19.595874,99,,
19.605569,99,,
19.606221,99,1494,0
19.608436,99,,
19.609350,99,,
19.609999,99,,
19.610943,99,,
19.616609,99,,
19.617584,99,,
19.618184,99,,
19.618802,99,1494,0
19.621688,99,,
19.622334,99,,
19.622944,99,,
19.623925,99,,
19.624884,99,,
19.625496,99,,
19.626121,99,,
19.626741,99,1494,0
19.637650,99,,
19.638293,99,,
19.638929,99,,
19.639565,99,,
19.640505,99,,
19.641174,99,,
19.642115,99,,
19.647908,99,1494,0
19.650132,99,,
19.651085,99,,
19.652026,99,,
19.652633,99,,
19.653606,99,,
19.654269,99,,
19.655230,99,,
19.655820,99,1494,0
19.658058,99,,
19.667432,99,,
19.668017,99,,
19.668618,99,,
19.669242,99,,
19.669883,99,,
19.670523,99,,
19.671142,99,1494,0
19.672945,99,,
19.678626,99,,
19.679564,99,,
19.680202,99,,
19.680722,99,,
19.681340,99,,
19.681943,99,,
19.682584,99,1494,0
19.684458,99,,
19.685157,99,,
19.686086,99,,
19.687035,99,,
19.687637,99,,
19.688274,99,,
19.688861,99,,
19.698555,99,1494,0
19.700712,99,,
19.701318,99,,
19.701925,99,,
19.702521,99,,
19.703158,99,,
19.703766,99,,
19.709515,99,,
19.710110,99,1494,0
19.711962,99,,
19.712579,99,,
19.713195,99,,
19.713882,99,,
19.714814,99,,
19.715401,99,,
19.716338,99,,
19.716962,99,1494,0
19.718757,99,,
19.719355,99,,
19.719986,99,,
19.729552,99,,
19.730108,99,,
19.730751,99,,
19.731373,99,,
19.732020,99,1494,0
19.733822,99,,
19.734477,99,,
19.740753,99,,
19.741705,99,,
19.742291,99,,
19.742934,99,,
19.743532,99,,
19.744466,99,1494,0
19.746313,99,,
19.747240,99,,
19.747844,99,,
19.748466,99,,
19.749102,99,,
19.749730,99,,
19.750304,99,,
19.750934,99,1494,0
19.762205,99,,
19.763164,99,,
19.763756,99,,
19.764327,99,,
19.764980,99,,
19.765928,99,,
19.771634,99,,
19.772522,99,1494,0
19.775089,99,,
19.775671,99,,
19.776269,99,,
19.777218,99,,
19.777864,99,,
19.778459,99,,
19.779412,99,,
19.780058,99,1494,0
19.781901,99,,
19.791488,99,,
19.792114,99,,
19.792721,99,,
19.793293,99,,
19.793898,99,,
19.794537,99,,
19.795202,99,1494,0
19.802506,99,,
19.803455,99,,
19.804020,99,,
19.804711,99,,
19.805312,99,,
19.805916,99,,
19.806522,99,,
19.807137,99,1494,0
19.808945,99,,
19.809591,99,,
19.810173,99,,
19.810815,99,,
19.811430,99,,
19.812010,99,,
19.812638,99,,
19.822449,99,1494,0
19.824588,99,,
19.825537,99,,
19.826151,99,,
19.826760,99,,
19.827746,99,,
19.833844,99,,
19.834798,99,,
19.835750,99,1494,0
19.837952,99,,
19.838569,99,,
19.839448,99,,
19.840075,99,,
19.840667,99,,
19.841234,99,,
19.841906,99,,
19.842522,99,1494,0
19.853431,99,,
19.854037,99,,
19.854680,99,,
19.855622,99,,
19.856246,99,,
19.856849,99,,
19.857800,99,,
19.858416,99,1494,0
19.865812,99,,
19.866777,99,,
19.867367,99,,
19.867994,99,,
19.868642,99,,
19.869250,99,,
19.869823,99,,
19.870444,99,1494,0
19.872295,99,,
19.872939,99,,
19.873908,99,,
19.874876,99,,
19.884444,99,,
19.885086,99,,
19.885700,99,,
19.886871,99,1494,0
19.889465,99,,
19.890125,99,,
19.895897,99,,
19.896857,99,,
19.897813,99,,
19.898809,99,,
19.899388,99,,
19.900034,99,1494,0
19.901874,99,,
19.902466,99,,
19.903401,99,,
19.904369,99,,
19.904984,99,,
19.905585,99,,
19.915530,99,,
19.916445,99,1494,0
19.918334,99,,
19.919287,99,,
19.919931,99,,
19.920920,99,,
19.926884,99,,
19.927790,99,,
19.928388,99,,
19.929354,99,1494,0
19.931570,99,,
19.932229,99,,
19.933194,99,,
19.934148,99,,
19.934743,99,,
19.935670,99,,
19.936842,99,,
19.946569,99,1494,0
19.949512,99,,
19.950182,99,,
19.951140,99,,
19.951737,99,,
19.957638,99,,
19.958522,99,,
19.959510,99,,
19.960458,99,1494,0
19.962358,99,,
19.962985,99,,
19.963633,99,,
19.964241,99,,
19.965209,99,,
19.966131,99,,
19.966778,99,,
19.967410,99,1494,0
19.978667,99,,
19.979245,99,,
19.979900,99,,
19.980865,99,,
19.981804,99,,
19.982413,99,,
19.983050,99,,
19.988946,99,1494,0
19.991114,99,,
19.991712,99,,
19.992294,99,,
19.992951,99,,
19.993571,99,,
19.994504,99,,
19.995184,99,,
19.996132,99,1494,0
19.998335,99,,
19.998990,99,,
20.008714,99,,
