t_s,force_g,pos_act,current_mA
0.005748,23,509,-103
0.007648,23,,
0.008312,23,,
0.009310,23,,
0.010301,23,,
0.010906,23,,
0.011837,23,,
0.012476,23,,
0.013105,23,509,-103
0.014999,23,,
0.015649,23,,
0.025395,23,,
0.026332,23,,
0.026950,23,,
0.027556,23,,
0.028521,23,,
0.029170,23,509,-103
0.031065,23,,
0.036859,23,,
0.037459,23,,
0.038092,23,,
0.038705,23,,
0.039359,23,,
0.039985,23,,
0.040579,23,508,0
0.042455,23,,
0.043113,23,,
0.043742,23,,
0.044386,23,,
0.045386,23,,
0.046344,23,,
0.047303,23,,
0.056686,23,508,0
0.058892,23,,
0.059517,23,,
0.060475,23,,
0.061137,23,,
0.062134,23,,
0.067602,23,,
0.068208,23,,
0.069178,23,508,0
0.071391,23,,
0.072015,23,,
0.072609,23,,
0.073257,23,,
0.073861,23,,
0.074492,23,,
0.075124,23,,
0.075750,23,508,0
0.078329,23,,
0.087791,23,,
0.088716,23,,
0.089349,23,,
0.089954,23,,
0.090557,23,,
0.091198,23,,
0.091807,23,509,48
0.099341,33,,
0.099943,33,,
0.100533,33,,
0.101169,33,,
0.102104,33,,
0.102725,33,,
0.103363,33,,
0.103982,33,509,48
0.105877,33,,
0.106500,33,,
0.107127,33,,
0.107755,33,,
0.108724,33,,
0.118312,33,,
0.118908,33,,
0.119519,33,509,48
0.121755,33,,
0.122410,33,,
0.122995,33,,
0.123607,45,,
0.129788,45,,
0.130747,45,,
0.131371,45,,
0.132271,45,513,53
0.134108,45,,
0.135063,45,,
0.135657,45,,
0.136311,45,,
0.136925,45,,
0.137521,45,,
0.138147,45,,
0.139135,45,513,53
0.150082,45,,
0.150992,45,,
0.151602,45,,
0.152257,47,,
0.152839,47,,
0.153460,47,,
0.154454,47,,
0.155128,47,516,30
0.162439,47,,
0.163022,47,,
0.163645,47,,
0.164292,47,,
0.164893,47,,
0.165530,47,,
0.166504,47,,
0.167450,47,516,30
0.169307,47,,
0.169932,47,,
0.170876,47,,
0.180595,47,,
0.181531,47,,
0.182538,47,,
0.183427,47,,
0.184357,48,518,47
0.191853,48,,
0.192765,48,,
0.193434,48,,
0.194002,48,,
0.194637,48,,
0.195291,48,,
0.195888,48,,
0.196517,48,518,47
0.198542,48,,
0.199463,48,,
0.200510,48,,
0.201488,48,,
0.211472,48,,
0.212073,48,,
0.213118,49,,
0.213984,49,521,56
0.215862,49,,
0.216451,49,,
0.222491,49,,
0.223087,49,,
0.223712,49,,
0.224384,49,,
0.224996,49,,
0.225596,49,521,56
0.227511,49,,
0.228499,49,,
0.229475,49,,
0.230468,49,,
0.231045,49,,
0.231717,49,,
0.232330,49,,
0.233275,49,521,56
0.243876,49,,
0.244481,49,,
0.245127,49,,
0.245731,49,,
0.246743,49,,
0.247703,49,,
0.253611,49,,
0.254265,49,522,50
0.257124,49,,
0.257735,49,,
0.258352,49,,
0.259307,49,,
0.260254,49,,
0.260873,49,,
0.261475,49,,
0.262459,49,522,50
0.273447,49,,
0.274023,50,,
0.274605,50,,
0.275258,50,,
0.275860,50,,
0.276487,50,,
0.277100,50,,
0.277712,50,524,55
0.284965,50,,
0.285503,50,,
0.286364,50,,
0.287220,50,,
0.288110,50,,
0.288742,50,,
0.289363,50,,
0.289974,50,524,55
0.291793,50,,
0.292432,50,,
0.293035,50,,
0.293609,50,,
0.294390,50,,
0.295254,50,,
0.304643,50,,
0.305244,50,525,27
0.307078,50,,
0.308007,50,,
0.308614,50,,
0.309237,50,,
0.309877,50,,
0.315655,50,,
0.316398,50,,
0.317286,50,525,27
0.320145,50,,
0.320752,50,,
0.321665,50,,
0.322304,50,,
0.323012,50,,
0.323893,50,,
0.324815,50,,
0.325430,50,526,40
0.336694,50,,
0.337310,50,,
0.337918,50,,
0.338484,50,,
0.339144,50,,
0.339716,50,,
0.340344,50,,
0.341003,50,526,40
0.347851,50,,
0.348465,50,,
0.349074,50,,
0.349744,50,,
0.350345,50,,
0.350989,50,,
0.351617,50,,
0.352208,50,526,40
0.354065,50,,
0.354673,50,,
0.355298,50,,
0.355921,50,,
0.356501,50,,
0.357143,50,,
0.366677,50,,
0.367273,50,528,61
0.369120,50,,
0.369747,50,,
0.370346,50,,
0.370965,50,,
0.371535,50,,
0.377748,50,,
0.378394,50,,
0.378944,50,528,61
0.380879,50,,
0.381501,50,,
0.382122,50,,
0.382717,50,,
0.383381,50,,
0.383983,50,,
0.384565,50,,
0.385194,50,528,61
0.387400,51,,
0.388040,51,,
0.397770,51,,
0.398614,51,,
0.399235,51,,
0.399852,51,,
0.400454,51,,
0.401087,51,530,61
0.408513,51,,
0.409138,51,,
0.409761,51,,
0.410713,51,,
0.411367,51,,
0.412333,51,,
0.413269,51,,
0.414133,51,530,61
0.416241,51,,
0.416886,51,,
0.417455,51,,
0.418096,51,,
0.419057,51,,
0.428472,51,,
0.429061,51,,
0.429655,51,533,49
0.431566,51,,
0.432182,51,,
0.432806,51,,
0.433446,51,,
0.434045,51,,
0.439843,51,,
0.440448,51,,
0.441085,51,533,49
0.443373,51,,
0.444345,51,,
0.444940,51,,
0.445524,51,,
0.446516,51,,
0.447161,51,,
0.448132,51,,
0.448766,51,537,55
0.459749,51,,
0.460372,51,,
0.460945,51,,
0.461570,51,,
0.462232,51,,
0.462832,51,,
0.463453,51,,
0.464105,51,537,55
0.471443,51,,
0.472058,51,,
0.473034,51,,
0.473629,51,,
0.474298,51,,
0.474916,51,,
0.475522,51,,
0.476148,51,539,56
0.478777,51,,
0.479722,51,,
0.480349,51,,
0.481287,51,,
0.490698,51,,
0.491275,51,,
0.491905,51,,
0.492505,51,539,56
0.494446,51,,
0.495381,51,,
0.496352,51,,
0.501815,51,,
0.502777,51,,
0.503416,51,,
0.504401,51,,
0.505027,51,539,56
0.506915,51,,
0.507513,51,,
0.508517,51,,
0.509489,51,,
0.510484,51,,
0.511112,51,,
0.511721,51,,
0.521466,51,541,26
0.524069,51,,
0.524682,51,,
0.525314,51,,
0.525979,51,,
0.526571,51,,
0.532577,51,,
0.533173,51,,
0.533797,51,541,26
0.535592,51,,
0.536250,51,,
0.537219,51,,
0.537845,51,,
0.538429,51,,
0.539082,51,,
0.539679,51,,
0.540319,51,544,52
0.542568,51,,
0.543196,51,,
0.552807,51,,
0.553692,51,,
0.554332,51,,
0.554960,51,,
0.555574,51,,
0.556439,51,544,52
0.564157,51,,
0.564775,51,,
0.565429,51,,
0.566020,51,,
0.566635,51,,
0.567584,51,,
0.568201,51,,
0.568824,51,546,38
0.570692,51,,
0.571345,51,,
0.572309,51,,
0.573290,51,,
0.574249,51,,
0.583605,51,,
0.584246,51,,
0.584849,51,546,38
0.586799,51,,
0.587631,51,,
0.588537,51,,
0.594581,51,,
0.595201,51,,
0.595832,51,,
0.596463,51,,
0.597107,51,546,41
0.599658,51,,
0.600330,51,,
0.600907,51,,
0.601481,51,,
0.602135,51,,
0.602756,51,,
0.603405,51,,
0.604009,51,550,41
0.615502,51,,
0.616465,51,,
0.617388,51,,
0.617994,51,,
0.618580,51,,
0.619234,51,,
0.620195,51,,
0.625717,51,550,41
0.628297,51,,
0.628933,52,,
0.629523,52,,
0.630488,52,,
0.631101,52,,
0.631759,52,,
0.632699,52,,
0.633316,52,552,62
0.635522,52,,
0.636143,52,,
0.645748,52,,
0.646673,52,,
0.647259,52,,
0.647881,52,,
0.648523,52,,
0.649149,52,552,62
0.651004,52,,
0.657070,52,,
0.657684,52,,
0.658298,52,,
0.659286,52,,
0.660271,52,,
0.660910,52,,
0.661871,52,554,30
0.664124,52,,
0.664755,52,,
0.665390,52,,
0.666020,52,,
0.666601,52,,
0.676484,52,,
0.677473,52,,
0.678461,52,554,30
0.680383,52,,
0.680964,52,,
0.681569,52,,
0.687592,52,,
0.688250,52,,
0.689218,52,,
0.690210,52,,
0.690847,52,555,49
0.692764,52,,
0.693414,52,,
0.694022,52,,
0.694650,52,,
0.695242,52,,
0.695858,52,,
0.696475,52,,
0.697457,52,555,49
0.708720,52,,
0.709352,52,,
0.709946,52,,
0.710925,52,,
0.711910,52,,
0.712559,52,,
0.718662,52,,
0.719221,52,558,41
0.721443,52,,
0.722070,52,,
0.722695,52,,
0.723329,52,,
0.723964,52,,
0.724844,52,,
0.725788,52,,
0.726714,52,558,41
0.728544,52,,
0.738548,52,,
0.739449,52,,
0.740053,52,,
0.741048,52,,
0.742020,52,,
0.742644,52,,
0.743233,52,558,41
0.750536,51,,
0.751176,51,,
0.751777,51,,
0.752394,51,,
0.753007,51,,
0.753964,51,,
0.754565,51,,
0.755194,51,560,62
0.757077,51,,
0.757704,51,,
0.758358,51,,
0.759311,51,,
0.760257,51,,
0.769638,51,,
0.770557,51,,
0.771529,51,560,62
0.773453,51,,
0.774091,51,,
0.774720,51,,
0.780593,51,,
0.781195,51,,
0.781815,51,,
0.782450,51,,
0.783044,51,563,47
0.784886,51,,
0.785491,51,,
0.786103,51,,
0.787063,51,,
0.787694,51,,
0.788635,51,,
0.789287,51,,
0.789912,51,563,47
0.800946,51,,
0.801858,51,,
0.802803,51,,
0.803484,51,,
0.804423,51,,
0.805019,51,,
0.805645,51,,
0.811688,51,565,47
0.814284,51,,
0.815235,51,,
0.816211,51,,
0.817157,51,,
0.817809,51,,
0.818401,51,,
0.818993,51,,
0.819579,51,565,47
0.821436,51,,
0.822029,51,,
0.831755,51,,
0.832609,51,,
0.833251,51,,
0.833881,51,,
0.834477,51,,
0.835103,51,567,69
0.836983,51,,
0.843057,51,,
0.843678,51,,
0.844345,51,,
0.845287,51,,
0.845950,51,,
0.846537,51,,
0.847150,51,567,69
0.849351,51,,
0.850305,51,,
0.850915,51,,
0.851510,51,,
0.852120,51,,
0.852751,51,,
0.862514,51,,
0.863149,51,567,69
0.865009,51,,
0.865614,51,,
0.866554,51,,
0.867172,51,,
0.867786,51,,
0.873652,51,,
0.874532,51,,
0.875154,51,569,69
0.876996,51,,
0.877577,51,,
0.878237,51,,
0.878846,51,,
0.879441,51,,
0.880055,51,,
0.880651,51,,
0.881272,51,569,69
0.883433,51,,
0.884075,51,,
0.893675,51,,
0.894287,51,,
0.895221,51,,
0.895849,51,,
0.896428,51,,
0.897054,51,569,69
0.898896,51,,
0.904605,51,,
0.905211,51,,
0.905830,51,,
0.906433,51,,
0.907057,51,,
0.907647,51,,
0.908303,51,569,69
0.910167,51,,
0.911093,51,,
0.911752,51,,
0.912338,51,,
0.912966,51,,
0.913578,51,,
0.914201,51,,
0.914808,51,569,69
0.925621,51,,
0.926244,51,,
0.926862,52,,
0.927459,52,,
0.928063,52,,
0.928691,52,,
0.929283,52,,
0.929917,52,572,70
0.937246,52,,
0.937856,52,,
0.938481,52,,
0.939102,52,,
0.939686,52,,
0.940317,52,,
0.940917,52,,
0.941521,52,572,70
0.943379,52,,
0.943963,52,,
0.944584,52,,
0.945200,52,,
0.945831,52,,
0.955540,52,,
0.956111,52,,
0.956730,52,574,45
0.958525,52,,
0.959176,52,,
0.959794,52,,
0.960419,52,,
0.961035,52,,
0.966710,52,,
0.967362,52,,
0.967980,52,574,45
0.969852,52,,
0.970440,52,,
0.971034,52,,
0.971670,52,,
0.972403,52,,
0.973256,52,,
0.973867,52,,
0.974462,52,574,45
0.976638,52,,
0.986546,52,,
0.987163,52,,
0.988100,52,,
0.988701,52,,
0.989335,52,,
0.990326,52,,
0.991215,52,576,73
0.998311,52,,
0.999275,52,,
0.999892,52,,
1.000464,52,,
1.001124,52,,
1.001693,52,,
1.002313,52,,
1.002952,52,576,73
1.004799,52,,
1.005439,52,,
1.006367,52,,
1.006967,52,,
1.007531,52,,
1.008143,52,,
1.017814,52,,
1.018789,1505,578,124
1.020615,1505,,
1.021245,1505,,
1.021856,1505,,
1.022479,1505,,
1.023096,1505,,
1.029128,1505,,
1.030130,1505,,
1.031073,1505,578,124
1.032921,1505,,
1.033517,1505,,
1.034159,1505,,
1.034770,1505,,
1.035422,1505,,
1.036009,1505,,
1.036975,1505,,
1.037957,1505,578,124
1.048855,1505,,
1.049775,52,,
1.050711,52,,
1.051344,52,,
1.051948,52,,
1.052549,52,,
1.053200,52,,
1.053809,52,581,80
1.061360,52,,
1.061964,52,,
1.062942,52,,
1.063898,52,,
1.064522,52,,
1.065162,52,,
1.065779,52,,
1.066406,52,581,80
1.068950,52,,
1.069546,52,,
1.070202,47,,
1.079838,47,,
1.080768,47,,
1.081740,47,,
1.082837,47,,
1.083871,47,582,-33
1.092156,47,,
1.093444,47,,
1.094436,47,,
1.095373,47,,
1.096306,47,,
1.096922,47,,
1.097862,47,,
1.098450,47,582,-33
1.100647,43,,
1.110498,43,,
1.111110,43,,
1.111739,43,,
1.112349,43,,
1.112957,43,,
1.113901,43,,
1.114513,43,582,-71
1.121912,43,,
1.122523,43,,
1.123139,43,,
1.123752,43,,
1.124399,43,,
1.125400,43,,
1.126363,43,,
1.126990,43,582,-71
1.129204,43,,
1.130169,43,,
1.130776,32,,
1.131457,32,,
1.132066,32,,
1.141697,32,,
1.142622,32,,
1.143246,32,580,-89
1.145101,32,,
1.145723,32,,
1.146377,32,,
1.146988,32,,
1.152803,32,,
1.153414,32,,
1.154024,32,,
1.154991,32,580,-89
1.156907,32,,
1.157551,32,,
1.158177,32,,
1.158827,32,,
1.159429,32,,
1.160386,31,,
1.161006,31,,
1.161622,31,578,0
1.172509,31,,
1.173487,31,,
1.174136,31,,
1.174763,31,,
1.175412,31,,
1.176359,31,,
1.177000,31,,
1.177615,31,578,0
1.185132,31,,
1.186040,31,,
1.186615,31,,
1.187570,31,,
1.188203,31,,
1.188807,31,,
1.189408,31,,
1.190043,31,578,0
1.192297,31,,
1.193246,31,,
1.193884,31,,
1.203652,31,,
1.204243,31,,
1.204845,31,,
1.205475,31,,
1.206075,31,578,0
1.208521,31,,
1.209105,31,,
1.215160,31,,
1.215757,31,,
1.216685,31,,
1.217298,31,,
1.217940,31,,
1.218875,31,578,0
1.220702,31,,
1.221368,31,,
1.222318,31,,
1.222952,31,,
1.223580,31,,
1.224217,31,,
1.224839,31,,
1.234605,31,578,0
1.236467,31,,
1.237438,31,,
1.238420,31,,
1.239378,31,,
1.240348,31,,
1.245866,31,,
1.246464,31,,
1.247738,31,578,0
1.251092,31,,
1.252185,31,,
1.253316,31,,
1.254530,31,,
1.255775,31,,
1.265980,31,,
1.267090,31,,
1.268159,31,577,0
1.271555,31,,
1.277082,31,,
1.278346,31,,
1.279626,31,,
1.280751,32,,
1.281852,32,,
1.282962,32,,
1.284030,32,577,0
1.287173,32,,
1.296772,32,,
1.297645,32,,
1.298571,32,,
1.299238,32,,
1.299873,32,,
1.300481,32,,
1.301146,32,577,0
1.309001,32,,
1.309960,31,,
1.310595,31,,
1.311257,31,,
1.311860,31,,
1.312515,31,,
1.313109,31,,
1.313740,31,577,0
1.315571,31,,
1.316178,31,,
1.316811,31,,
1.317416,31,,
1.318392,31,,
1.327696,31,,
1.328338,31,,
1.328972,31,577,0
1.330845,31,,
1.331485,31,,
1.332458,31,,
1.333050,31,,
1.338816,31,,
1.339467,31,,
1.340085,31,,
1.340717,31,577,0
1.343276,31,,
1.343910,31,,
1.344901,31,,
1.345863,31,,
1.346510,31,,
1.347134,31,,
1.347756,31,,
1.348623,31,577,0
1.360197,31,,
1.360792,31,,
1.361422,31,,
1.362044,31,,
1.363027,31,,
1.363988,31,,
1.369725,31,,
1.370675,31,577,0
1.372581,31,,
1.373243,31,,
1.374234,31,,
1.374849,31,,
1.375485,31,,
1.376119,31,,
1.376735,31,,
1.377394,31,577,0
1.379927,31,,
1.389613,31,,
1.390536,31,,
1.391172,31,,
1.391804,31,,
1.392743,31,,
1.393408,31,,
1.394360,31,577,0
1.401628,31,,
1.402608,31,,
1.403236,31,,
1.403869,31,,
1.404515,31,,
1.405131,31,,
1.405755,31,,
1.406414,31,577,0
1.408635,31,,
1.409264,31,,
1.410227,31,,
1.411510,31,,
1.420826,31,,
1.421947,31,,
1.422915,31,,
1.423830,31,577,0
1.425765,31,,
1.431766,32,,
1.432704,32,,
1.433575,32,,
1.434207,32,,
1.434829,32,,
1.435436,32,,
1.436418,32,577,0
1.438267,32,,
1.438888,32,,
1.439530,32,,
1.440464,32,,
1.441443,32,,
1.442419,32,,
1.451703,32,,
1.452652,32,577,0
1.454546,32,,
1.455219,32,,
1.455836,32,,
1.456443,32,,
1.457082,32,,
1.462891,32,,
1.463482,32,,
1.464111,32,577,0
1.466274,32,,
1.466937,32,,
1.467509,32,,
1.468133,32,,
1.468769,32,,
1.469524,32,,
1.470390,32,,
1.470970,32,577,0
1.472868,32,,
1.482639,32,,
1.483271,32,,
1.483853,32,,
1.484436,32,,
1.485086,32,,
1.485702,32,,
1.486309,32,577,0
1.494021,32,,
1.495015,32,,
1.495974,32,,
1.496579,32,,
1.497699,32,,
1.498605,32,,
1.499201,32,,
1.499795,32,577,0
1.501969,32,,
1.502589,32,,
1.503205,32,,
1.503841,32,,
1.513794,32,,
1.514694,32,,
1.515605,32,,
1.516215,32,577,0
1.518375,32,,
1.519180,32,,
1.524796,32,,
1.525719,32,,
1.526335,32,,
1.526953,32,,
1.527551,32,,
1.528177,32,577,0
1.530030,32,,
1.530623,32,,
1.531248,32,,
1.531851,32,,
1.532472,32,,
1.533088,32,,
1.533694,32,,
1.534297,32,577,0
1.545722,32,,
1.546620,32,,
1.547468,32,,
1.548082,32,,
1.548656,32,,
1.549306,32,,
1.549926,32,,
1.555645,32,577,0
1.557469,32,,
1.558137,32,,
1.558700,32,,
1.559481,32,,
1.560393,32,,
1.561338,32,,
1.561935,32,,
1.562861,32,577,0
1.564572,32,,
1.565234,32,,
1.565846,32,,
1.575524,32,,
1.576143,32,,
1.576757,32,,
1.577362,32,,
1.577974,32,577,0
1.580193,32,,
1.581131,32,,
1.587056,32,,
1.587982,32,,
1.588964,32,,
1.589874,32,,
1.590804,32,,
1.591739,32,577,0
1.594270,32,,
1.594875,32,,
1.595519,32,,
1.596419,32,,
1.596964,32,,
1.606596,32,,
1.607178,32,,
1.607791,32,577,0
1.609666,32,,
1.610288,32,,
1.610908,32,,
1.611595,32,,
1.612467,32,,
1.618087,32,,
1.618710,32,,
1.619338,32,577,0
1.621170,32,,
1.621765,32,,
1.622375,32,,
1.622989,32,,
1.623595,32,,
1.624226,32,,
1.624806,32,,
1.625432,32,577,0
1.627287,32,,
1.627882,32,,
1.637641,32,,
1.638544,31,,
1.639190,31,,
1.639807,31,,
1.640783,31,,
1.641454,31,577,0
1.648832,31,,
1.649456,31,,
1.650450,31,,
1.651391,31,,
1.652368,31,,
1.653328,31,,
1.653968,31,,
1.654594,31,577,0
1.657269,31,,
1.658568,31,,
1.659748,31,,
1.669158,31,,
1.670239,32,,
1.671349,32,,
1.672559,32,,
1.673776,32,577,0
1.682939,32,,
1.684016,32,,
1.685108,32,,
1.686244,32,,
1.687400,32,,
1.688622,32,,
1.689735,32,,
1.699899,32,577,0
1.703203,32,,
1.704404,32,,
1.705627,32,,
1.711119,32,,
1.712284,32,,
1.713359,32,,
1.714245,32,,
1.715194,32,577,0
1.717388,32,,
1.718330,32,,
1.718975,32,,
1.719539,32,,
1.720482,32,,
1.721080,32,,
1.730837,32,,
1.731661,32,577,0
1.733568,32,,
1.734218,32,,
1.734849,32,,
1.735458,32,,
1.736063,32,,
1.741989,32,,
1.742923,32,,
1.743557,32,577,0
1.745468,32,,
1.746454,32,,
1.747404,32,,
1.748354,32,,
1.749297,32,,
1.750247,32,,
1.750910,32,,
1.751493,32,577,0
1.762475,32,,
1.763421,32,,
1.764404,32,,
1.765365,32,,
1.766296,32,,
1.766923,32,,
1.773085,32,,
1.773716,32,577,0
1.775612,32,,
1.776581,32,,
1.777243,32,,
1.777875,32,,
1.778513,32,,
1.779133,32,,
1.779755,32,,
1.780407,32,577,0
1.782888,32,,
1.792643,32,,
1.793272,31,,
1.793909,31,,
1.794843,31,,
1.795412,31,,
1.796049,31,,
1.796624,31,577,0
1.803916,31,,
1.804543,31,,
1.805543,31,,
1.806469,31,,
1.807104,31,,
1.807719,31,,
1.808372,31,,
1.809344,31,577,0
1.811581,31,,
1.812201,31,,
1.812842,31,,
1.813433,31,,
1.814066,31,,
1.823746,31,,
1.824397,31,,
1.825372,31,577,0
1.827569,31,,
1.828213,31,,
1.828830,31,,
1.834754,31,,
1.835394,31,,
1.836023,31,,
1.836631,31,,
1.837293,31,577,0
1.839169,31,,
1.839772,31,,
1.840770,31,,
1.841417,31,,
1.842376,31,,
1.842994,31,,
1.843592,31,,
1.844214,32,577,0
1.855649,32,,
1.856298,32,,
1.857241,32,,
1.857867,32,,
1.858469,32,,
1.859119,32,,
1.859747,32,,
1.866088,32,577,0
1.868523,32,,
1.869135,32,,
1.869795,32,,
1.870749,32,,
1.871389,32,,
1.872336,32,,
1.872958,32,,
1.873832,32,577,0
1.876031,32,,
1.885688,32,,
1.886587,32,,
1.887207,32,,
1.887822,32,,
1.888452,32,,
1.889087,32,,
1.889696,32,577,0
1.896784,32,,
1.897372,32,,
1.897967,32,,
1.898585,32,,
1.899212,32,,
1.899812,32,,
1.900468,32,,
1.901090,32,577,0
1.903312,32,,
1.903917,32,,
1.904526,32,,
1.905485,32,,
1.906430,32,,
1.907388,32,,
1.916740,32,,
1.917642,32,577,0
1.919857,32,,
1.920501,32,,
1.921464,32,,
1.922441,32,,
1.927943,32,,
1.928559,32,,
1.929504,32,,
1.930113,32,577,0
1.932902,32,,
1.934058,32,,
1.935103,32,,
1.936240,32,,
1.937369,32,,
1.938438,32,,
1.947949,32,,
1.948845,32,577,0
1.951027,32,,
1.951629,32,,
1.952224,32,,
1.952843,32,,
1.959104,32,,
1.959745,32,,
1.960380,32,,
1.961345,32,577,0
1.963542,32,,
1.964162,32,,
1.964788,31,,
1.965423,31,,
1.966378,31,,
1.966976,31,,
1.967588,31,,
1.968227,31,577,0
1.979400,31,,
1.980006,31,,
1.980618,31,,
1.981246,31,,
1.981867,31,,
1.982485,31,,
1.983455,31,,
1.984071,31,577,0
1.991437,31,,
1.992421,31,,
1.993343,31,,
1.993936,31,,
1.994873,32,,
1.995483,32,,
1.996100,32,,
1.996700,32,577,0
1.998561,32,,
1.999176,32,,
1.999801,32,,
2.009731,32,,
2.010698,32,,
2.011363,32,,
2.012330,32,,
2.013449,32,577,0
2.020816,32,,
2.021449,32,,
2.022046,32,,
2.023018,32,,
2.023643,32,,
2.024293,31,,
2.025237,31,,
2.025869,31,577,0
2.028486,31,,
2.029088,31,,
2.029997,31,,
2.030650,31,,
2.031261,31,,
2.040888,31,,
2.041530,31,,
2.042168,31,577,0
2.044415,31,,
2.045013,31,,
2.045607,31,,
2.046256,31,,
2.052276,31,,
2.052904,31,,
2.053859,31,,
2.054470,31,577,0
2.056358,31,,
2.057320,31,,
2.057954,31,,
2.058561,31,,
2.059180,31,,
2.059811,31,,
2.060833,31,,
2.061451,31,577,0
2.072394,31,,
2.073369,31,,
2.074329,31,,
2.074907,31,,
2.075520,31,,
2.076165,31,,
2.077137,31,,
2.082846,31,577,0
2.085003,31,,
2.085582,31,,
2.086184,31,,
2.086797,31,,
2.087433,31,,
2.088070,31,,
2.089040,31,,
2.089642,31,577,0
2.091537,31,,
2.092196,31,,
2.092814,31,,
2.102634,31,,
2.103231,31,,
2.103848,31,,
2.104485,31,,
2.105067,31,577,0
2.107329,31,,
2.108294,31,,
2.113837,31,,
2.114438,31,,
2.115368,31,,
2.116279,31,,
2.116911,31,,
2.117842,31,577,0
2.119686,31,,
2.120632,31,,
2.121562,31,,
2.122233,31,,
2.122848,31,,
2.123478,31,,
2.124108,31,,
2.133884,31,577,0
2.136286,31,,
2.136899,31,,
2.137470,31,,
2.138137,31,,
2.139097,31,,
2.145060,31,,
2.145607,31,,
2.146204,31,577,0
2.148037,31,,
2.148683,31,,
2.149307,31,,
2.149928,31,,
2.150538,31,,
2.151133,31,,
2.151780,31,,
2.152766,31,577,0
2.154502,31,,
2.155147,31,,
2.164679,31,,
2.165278,31,,
2.165884,31,,
2.166498,31,,
2.167137,31,,
2.167765,31,577,0
2.169962,31,,
2.175824,31,,
2.176680,31,,
2.177326,31,,
2.177926,31,,
2.178494,31,,
2.179101,31,,
2.179709,31,577,0
2.181536,31,,
2.182177,31,,
2.182761,31,,
2.183444,31,,
2.184036,31,,
2.184601,31,,
2.185297,31,,
2.185896,31,577,0
2.197286,31,,
2.197893,31,,
2.198501,31,,
2.199496,31,,
2.200486,31,,
2.201384,31,,
2.206988,31,,
2.207922,31,577,0
2.210077,31,,
2.210648,31,,
2.211589,31,,
2.212319,31,,
2.213140,31,,
2.213783,31,,
2.214415,31,,
2.215013,31,577,0
2.216815,31,,
2.217623,31,,
2.227091,31,,
2.227952,31,,
2.228905,31,,
2.229819,31,,
2.230716,31,,
2.231299,31,577,0
2.239096,31,,
2.239706,31,,
2.240313,31,,
2.240940,31,,
2.241539,31,,
2.242162,31,,
2.242770,31,,
2.243408,31,577,0
2.245237,31,,
2.245850,31,,
2.246804,31,,
2.247416,31,,
2.248018,31,,
2.257802,31,,
2.258391,31,,
2.259610,31,577,0
2.262740,31,,
2.263576,31,,
2.269187,31,,
2.269774,31,,
2.270744,31,,
2.271680,31,,
2.272318,31,,
2.273219,31,577,0
2.276905,31,,
2.278148,31,,
2.279413,31,,
2.288882,31,,
2.289811,31,,
2.290770,31,,
2.291433,31,,
2.292019,31,577,0
2.294210,31,,
2.299963,31,,
2.300523,31,,
2.301184,31,,
2.301774,31,,
2.302449,31,,
2.303033,31,,
2.303615,31,577,0
2.305496,31,,
2.306146,31,,
2.306785,31,,
2.307428,31,,
2.308038,31,,
2.308986,31,,
2.309654,31,,
2.310615,31,577,0
2.321560,31,,
2.322205,31,,
2.322823,31,,
2.323437,31,,
2.324071,31,,
2.325024,31,,
2.331159,31,,
2.332089,31,577,0
2.334622,31,,
2.335241,31,,
2.335821,31,,
2.336446,31,,
2.337070,31,,
2.337699,31,,
2.338331,31,,
2.339244,31,577,0
2.341144,31,,
2.350781,31,,
2.351388,31,,
2.351989,31,,
2.352604,31,,
2.353217,31,,
2.353818,31,,
2.354445,32,577,0
2.356365,32,,
2.362068,32,,
2.362704,32,,
2.363333,32,,
2.363925,32,,
2.364522,32,,
2.365151,32,,
2.365781,32,577,0
2.367936,32,,
2.368543,32,,
2.369158,32,,
2.369790,32,,
2.370412,32,,
2.371025,32,,
2.371626,32,,
2.372567,32,577,0
2.383155,31,,
2.383804,31,,
2.384416,31,,
2.385030,31,,
2.385626,31,,
2.386580,31,,
2.387862,31,,
2.393279,31,577,0
2.395763,31,,
2.396379,31,,
2.396969,31,,
2.397595,31,,
2.398239,31,,
2.399219,31,,
2.399873,31,,
2.400845,31,577,0
2.402730,31,,
2.403365,31,,
2.413006,31,,
2.413647,31,,
2.414284,31,,
2.414866,32,,
2.415511,32,,
2.416112,32,577,0
2.417966,32,,
2.424221,32,,
2.424847,32,,
2.425458,32,,
2.426089,32,,
2.426714,32,,
2.427370,32,,
2.427967,32,577,0
2.430201,32,,
2.430824,32,,
2.431472,32,,
2.432070,32,,
2.432701,32,,
2.433625,32,,
2.434245,32,,
2.443875,31,577,0
2.445753,31,,
2.446398,31,,
2.446980,31,,
2.447594,31,,
2.448223,31,,
2.448845,31,,
2.454825,31,,
2.455449,31,577,0
2.457377,31,,
2.458331,31,,
2.458939,31,,
2.459582,31,,
2.460200,31,,
2.461187,31,,
2.462506,31,,
2.463737,31,577,0
2.476310,31,,
2.477604,31,,
2.478840,31,,
2.480080,31,,
2.486183,31,,
2.487413,31,,
2.488729,31,,
2.489660,31,577,0
2.491841,31,,
2.492779,31,,
2.493434,31,,
2.494423,31,,
2.495301,31,,
2.496259,32,,
2.505763,32,,
2.506409,32,577,0
2.509006,32,,
2.509631,32,,
2.510257,32,,
2.510893,32,,
2.517127,32,,
2.517749,32,,
2.518353,32,,
2.518949,32,577,0
2.520876,32,,
2.521477,32,,
2.522109,32,,
2.522758,32,,
2.523409,32,,
2.524039,32,,
2.524677,32,,
2.525280,32,577,0
2.527499,32,,
2.537151,32,,
2.538085,32,,
2.538723,32,,
2.539668,32,,
2.540330,32,,
2.540950,32,,
2.541533,32,577,0
2.549084,32,,
2.549702,32,,
2.550630,32,,
2.551204,32,,
2.551819,32,,
2.552432,32,,
2.553054,32,,
2.553700,32,577,0
2.555568,32,,
2.556201,32,,
2.557193,32,,
2.558162,32,,
2.567715,32,,
2.568382,32,,
2.568958,32,,
2.569593,32,577,0
2.571476,32,,
2.572104,32,,
2.572730,32,,
2.573374,32,,
2.579180,32,,
2.579844,32,,
2.580473,32,,
2.581095,32,577,0
2.582979,32,,
2.583586,32,,
2.584193,32,,
2.584815,32,,
2.585432,32,,
2.586040,32,,
2.587014,32,,
2.587630,32,577,0
2.598758,32,,
2.599684,32,,
2.600338,32,,
2.600940,32,,
2.601878,32,,
2.602501,32,,
2.603124,32,,
2.603776,32,577,0
2.611018,32,,
2.611659,32,,
2.612345,32,,
2.613272,32,,
2.613905,32,,
2.614521,32,,
2.615493,32,,
2.616109,32,577,0
2.617959,32,,
2.618904,32,,
2.619544,32,,
2.620174,32,,
2.629824,32,,
2.630473,32,,
2.631413,32,,
2.632008,32,577,0
2.633869,32,,
2.634485,32,,
2.635465,32,,
2.640944,32,,
2.641529,32,,
2.642149,32,,
2.643132,32,,
2.644121,32,577,0
2.646022,32,,
2.646663,32,,
2.647265,32,,
2.647884,32,,
2.648843,32,,
2.649450,32,,
2.650054,32,,
2.650691,32,577,0
2.661634,32,,
2.662245,32,,
2.662883,32,,
2.663514,32,,
2.664125,32,,
2.664729,32,,
2.665355,32,,
2.665945,32,577,0
2.673479,32,,
2.674448,32,,
2.675089,32,,
2.675738,32,,
2.676702,32,,
2.677313,32,,
2.677957,32,,
2.678581,32,577,0
2.681153,32,,
2.681774,32,,
2.682430,32,,
2.692119,32,,
2.692747,32,,
2.693359,32,,
2.693967,32,,
2.694597,32,577,0
2.696486,32,,
2.697415,32,,
2.703169,32,,
2.703815,32,,
2.704442,32,,
2.705408,32,,
2.706025,32,,
2.706686,32,577,0
2.708590,31,,
2.709182,31,,
2.709808,31,,
2.710435,31,,
2.711427,31,,
2.712401,31,,
2.713023,31,,
2.722971,31,577,0
2.725526,31,,
2.726822,31,,
2.727994,31,,
2.734122,31,,
2.735232,31,,
2.736388,31,,
2.737603,31,,
2.738793,32,577,0
2.742436,32,,
2.743595,32,,
2.744705,32,,
2.753973,32,,
2.754807,32,,
2.755435,32,,
2.756427,32,,
2.756962,32,577,0
2.758836,32,,
2.759429,32,,
2.765269,32,,
2.766141,32,,
2.766718,32,,
2.767361,32,,
2.767965,32,,
2.768705,32,577,0
2.771112,32,,
2.771722,32,,
2.772340,32,,
2.772916,32,,
2.773541,32,,
2.774158,32,,
2.774806,32,,
2.775400,32,577,0
2.786171,32,,
2.786791,32,,
2.787409,32,,
2.788014,32,,
2.788618,32,,
2.789254,32,,
2.789850,32,,
2.796222,32,577,0
2.798312,31,,
2.799264,31,,
2.799879,31,,
2.800480,31,,
2.801105,31,,
2.801698,31,,
2.802315,31,,
2.802898,31,577,0
2.804785,31,,
2.805403,31,,
2.806010,31,,
2.815850,31,,
2.816430,31,,
2.817026,31,,
2.817604,31,,
2.818233,31,577,0
2.820088,31,,
2.820725,31,,
2.821359,31,,
2.827084,31,,
2.827665,31,,
2.828262,31,,
2.828885,32,,
2.829453,32,577,0
2.831325,32,,
2.831938,32,,
2.832890,32,,
2.833509,32,,
2.834141,32,,
2.834754,32,,
2.835401,32,,
2.835984,32,577,0
2.846914,32,,
2.847776,32,,
2.848714,32,,
2.849366,32,,
2.850271,32,,
2.850922,32,,
2.851478,32,,
2.852125,32,577,0
2.859491,32,,
2.860211,32,,
2.861175,32,,
2.862006,32,,
2.863138,32,,
2.864000,32,,
2.864537,32,,
2.865149,32,577,0
2.867056,32,,
2.867637,32,,
2.868283,32,,
2.877872,32,,
2.878475,32,,
2.879441,32,,
2.880045,32,,
2.880649,32,577,0
2.882457,32,,
2.883110,32,,
2.889190,31,,
2.889827,31,,
2.890458,31,,
2.891099,31,,
2.892032,31,,
2.892642,31,577,0
2.894871,31,,
2.895456,31,,
2.896086,31,,
2.897024,31,,
2.897651,31,,
2.898247,31,,
2.898874,31,,
2.899448,31,577,0
2.910441,31,,
2.911034,31,,
2.911632,31,,
2.912256,31,,
2.912943,31,,
2.913905,31,,
2.919971,31,,
2.920566,31,577,0
2.922462,31,,
2.923094,31,,
2.923694,31,,
2.924352,31,,
2.924938,31,,
2.925565,31,,
2.926225,31,,
2.926871,31,577,0
2.929619,31,,
2.930559,31,,
2.940077,31,,
2.941025,31,,
2.941628,31,,
2.942555,31,,
2.943173,31,,
2.943814,31,577,0
2.950987,31,,
2.951563,31,,
2.952222,31,,
2.952834,31,,
2.953439,31,,
2.954052,31,,
2.954713,31,,
2.955366,31,577,0
2.957552,31,,
2.958183,31,,
2.958812,31,,
2.959465,31,,
2.960451,31,,
2.961064,31,,
2.970983,31,,
2.971864,31,577,0
2.973723,31,,
2.974543,31,,
2.975577,31,,
2.976497,32,,
2.982369,32,,
2.983277,32,,
2.984198,32,,
2.984840,32,577,0
2.987041,32,,
2.987995,32,,
2.988976,32,,
2.989913,32,,
2.990520,32,,
2.991106,32,,
2.991770,32,,
2.992364,32,577,0
3.003700,32,,
3.004346,32,,
3.004960,32,,
3.005563,32,,
3.006211,32,,
3.007177,32,,
3.013203,32,,
3.014139,32,577,0
3.015961,32,,
3.016942,32,,
3.017553,32,,
3.018187,32,,
3.018797,32,,
3.019449,32,,
3.020070,32,,
3.020688,32,577,0
3.022581,32,,
3.023207,32,,
3.032850,32,,
3.033430,32,,
3.034050,32,,
3.034660,32,,
3.035278,32,,
3.035894,32,577,0
3.037811,32,,
3.038440,32,,
3.044253,32,,
3.044919,32,,
3.045889,32,,
3.046851,32,,
3.047484,32,,
3.048092,32,577,0
3.050273,32,,
3.050897,32,,
3.051495,32,,
3.052104,32,,
3.052728,32,,
3.053375,32,,
3.054312,32,,
3.063802,32,577,0
3.065982,32,,
3.066568,31,,
3.067186,31,,
3.067796,31,,
3.068447,31,,
3.069029,31,,
3.075246,31,,
3.076199,31,577,0
3.078085,31,,
3.078741,31,,
3.079692,31,,
3.080357,31,,
3.080925,31,,
3.081536,31,,
3.082162,31,,
3.082783,31,577,0
3.084602,31,,
3.085246,31,,
3.095100,31,,
3.096209,31,,
3.097283,31,,
3.098375,32,,
3.099440,32,,
3.100486,32,577,0
3.108818,32,,
3.110003,32,,
3.111217,32,,
3.112499,32,,
3.113721,32,,
3.114838,32,,
3.115941,32,,
3.117015,32,577,0
3.128967,32,,
3.129958,32,,
3.131162,32,,
3.137229,32,,
3.138425,32,,
3.139640,32,,
3.140861,32,,
3.142076,32,577,0
3.145785,32,,
3.147026,32,,
3.156896,32,,
3.157820,32,,
3.158452,32,,
3.159068,32,,
3.159688,32,,
3.160302,32,577,0
3.168336,32,,
3.168980,32,,
3.169915,32,,
3.170520,32,,
3.171163,32,,
3.172123,32,,
3.172763,32,,
3.173386,32,577,0
3.175299,32,,
3.175941,32,,
3.176575,32,,
3.177199,32,,
3.177839,32,,
3.178464,32,,
3.188081,32,,
3.188688,31,577,0
3.190929,31,,
3.191563,31,,
3.192194,31,,
3.192842,31,,
3.193466,31,,
3.199234,31,,
3.200189,31,,
3.200819,31,577,0
3.202658,31,,
3.203293,31,,
3.203945,31,,
3.204559,31,,
3.205170,31,,
3.205860,31,,
3.206506,31,,
3.207126,31,577,0
3.209024,31,,
3.218986,31,,
3.219568,31,,
3.220192,31,,
3.220838,31,,
3.221457,31,,
3.222082,31,,
3.222754,31,577,0
3.230094,31,,
3.230694,31,,
3.231313,31,,
3.231914,31,,
3.232546,31,,
3.233163,31,,
3.234091,31,,
3.234971,31,577,0
3.238403,31,,
3.239633,31,,
3.240859,31,,
3.250166,31,,
3.251054,31,,
3.252216,31,,
3.253347,31,,
3.254497,31,577,0
3.262854,31,,
3.264010,31,,
3.264927,31,,
3.265852,31,,
3.266428,31,,
3.267028,31,,
3.267666,31,,
3.268294,31,577,0
3.270144,31,,
3.271087,31,,
3.280966,31,,
3.281573,31,,
3.282211,31,,
3.282836,31,,
3.283778,31,,
3.284415,31,577,0
3.292110,31,,
3.292723,31,,
3.293379,31,,
3.294008,31,,
3.294626,31,,
3.295339,31,,
3.296304,31,,
3.296934,31,577,0
3.299132,31,,
3.300082,31,,
3.300683,31,,
3.301299,31,,
3.301931,32,,
3.311859,32,,
3.312592,32,,
3.313680,32,577,0
3.316470,32,,
3.317088,32,,
3.323065,32,,
3.324037,32,,
3.324678,32,,
3.325333,32,,
3.326303,32,,
3.326920,32,577,0
3.329113,32,,
3.329757,32,,
3.330382,32,,
3.330991,32,,
3.331611,32,,
3.332230,32,,
3.332836,31,,
3.333451,31,577,0
3.344362,31,,
3.345343,31,,
3.346328,31,,
3.346933,31,,
3.347569,31,,
3.348173,31,,
3.354376,31,,
3.355005,31,577,0
3.356904,31,,
3.357522,31,,
3.358146,31,,
3.359130,31,,
3.360076,31,,
3.360708,31,,
3.361379,31,,
3.361967,31,577,0
3.364189,31,,
3.373943,31,,
3.374829,31,,
3.375771,31,,
3.376359,31,,
3.376992,31,,
3.377611,31,,
3.378232,31,577,0
3.385123,31,,
3.385705,31,,
3.386331,31,,
3.386954,31,,
3.387552,31,,
3.388199,31,,
3.388817,31,,
3.389435,31,577,0
3.391416,31,,
3.392347,31,,
3.393283,31,,
3.394366,31,,
3.395231,31,,
3.404914,31,,
3.405543,31,,
3.406158,31,577,0
3.407995,31,,
3.408564,31,,
3.409216,31,,
3.409832,31,,
3.410430,31,,
3.416317,31,,
3.417181,31,,
3.417777,31,577,0
3.419604,31,,
3.420217,31,,
3.420830,31,,
3.421429,31,,
3.422043,31,,
3.422981,31,,
3.423565,31,,
3.424216,31,577,0
3.426013,31,,
3.435998,31,,
3.436987,31,,
3.437871,31,,
3.438483,31,,
3.439441,31,,
3.440390,31,,
3.441355,31,577,0
3.448507,31,,
3.449121,31,,
3.449737,31,,
3.450481,31,,
3.451306,31,,
3.451888,31,,
3.452491,31,,
3.453096,32,577,0
3.454993,32,,
3.455602,32,,
3.456221,32,,
3.456842,32,,
3.457553,32,,
3.467047,32,,
3.467626,32,,
3.468229,32,577,0
3.470087,32,,
3.470692,32,,
3.471278,32,,
3.471887,32,,
3.472504,32,,
3.478288,32,,
3.478905,32,,
3.479472,32,577,0
3.481385,32,,
3.481982,32,,
3.482549,32,,
3.483197,31,,
3.483813,31,,
3.484419,31,,
3.485031,31,,
3.485617,31,577,0
3.487457,31,,
3.488112,31,,
3.497987,31,,
3.498862,31,,
3.499422,31,,
3.500072,31,,
3.500657,31,,
3.501316,31,577,0
3.503142,31,,
3.509155,31,,
3.509741,31,,
3.510389,31,,
3.511346,31,,
3.512300,31,,
3.512906,31,,
3.513515,31,577,0
3.515608,31,,
3.516515,31,,
3.517413,31,,
3.518006,31,,
3.518953,31,,
3.519566,31,,
3.529239,31,,
3.530245,31,577,0
3.532403,31,,
3.533026,31,,
3.533973,31,,
3.534576,31,,
3.540587,31,,
3.541252,31,,
3.541879,31,,
3.542491,31,577,0
3.544399,31,,
3.545351,31,,
3.545974,31,,
3.546572,31,,
3.547527,31,,
3.548465,31,,
3.549100,31,,
3.549723,31,577,0
3.560601,31,,
3.561263,31,,
3.562236,31,,
3.562869,31,,
3.563515,31,,
3.564093,31,,
3.564755,31,,
3.565651,31,577,0
3.572406,31,,
3.573366,31,,
3.574000,31,,
3.574639,31,,
3.575267,31,,
3.575907,31,,
3.576545,31,,
3.577188,31,577,0
3.579053,31,,
3.579666,31,,
3.580316,31,,
3.580926,31,,
3.581898,31,,
3.591236,31,,
3.591848,31,,
3.592482,31,577,0
3.594758,31,,
3.595627,31,,
3.596569,31,,
3.602129,31,,
3.603058,31,,
3.603670,31,,
3.604307,31,,
3.604962,32,577,0
3.606882,32,,
3.607484,32,,
3.608130,32,,
3.609106,32,,
3.609721,32,,
3.610419,32,,
3.611492,32,,
3.612488,32,577,0
3.623888,32,,
3.624841,32,,
3.625413,32,,
3.626013,32,,
3.626981,32,,
3.627609,32,,
3.633579,32,,
3.634253,32,577,0
3.636079,31,,
3.636704,31,,
3.637626,31,,
3.638295,31,,
3.638930,31,,
3.639496,31,,
3.640134,31,,
3.640727,31,577,0
3.643308,31,,
3.653008,31,,
3.653586,31,,
3.654188,31,,
3.655153,31,,
3.655784,31,,
3.656772,31,,
3.657389,31,577,0
3.664446,31,,
3.665053,31,,
3.665626,31,,
3.666231,31,,
3.666886,31,,
3.667498,31,,
3.668098,31,,
3.669066,31,577,0
3.671280,31,,
3.671924,31,,
3.672916,31,,
3.673518,31,,
3.674176,31,,
3.683880,31,,
3.684459,31,,
3.685105,31,577,0
3.687299,31,,
3.687954,31,,
3.688540,31,,
3.689195,31,,
3.695091,31,,
3.695711,31,,
3.696348,31,,
3.697333,31,577,0
3.699498,31,,
3.700098,31,,
3.700746,31,,
3.701371,31,,
3.702340,31,,
3.702945,31,,
3.703524,31,,
3.704165,31,577,0
3.715137,31,,
3.715973,31,,
3.716566,31,,
3.717183,31,,
3.717820,31,,
3.718399,31,,
3.719004,31,,
3.719628,31,577,0
3.727498,31,,
3.728466,31,,
3.729430,31,,
3.730023,31,,
3.730722,31,,
3.731585,31,,
3.732195,31,,
3.732793,31,577,0
3.734624,31,,
3.735384,31,,
3.736356,31,,
3.746059,31,,
3.747003,31,,
3.747621,31,,
3.748248,31,,
3.748872,31,577,0
3.750697,31,,
3.751659,31,,
3.757286,31,,
3.758179,31,,
3.758792,31,,
3.759737,31,,
3.760692,31,,
3.761353,31,577,0
3.763537,31,,
3.764237,31,,
3.765105,31,,
3.765712,31,,
3.766329,31,,
3.766975,31,,
3.767929,31,,
3.777288,31,577,0
3.779172,31,,
3.779808,31,,
3.780429,31,,
3.781421,31,,
3.782331,31,,
3.788128,32,,
3.788765,32,,
3.789406,32,577,0
3.791611,32,,
3.792242,32,,
3.792871,32,,
3.793508,32,,
3.794132,32,,
3.794781,32,,
3.795765,32,,
3.796727,32,577,0
3.808050,32,,
3.808686,32,,
3.809318,32,,
3.809990,32,,
3.810634,32,,
3.811532,32,,
3.812524,31,,
3.813441,31,577,0
3.820584,31,,
3.821218,31,,
3.821820,31,,
3.822570,31,,
3.823441,31,,
3.824081,31,,
3.824707,31,,
3.825373,31,577,0
3.827510,31,,
3.828139,31,,
3.829138,31,,
3.838960,31,,
3.839567,31,,
3.840188,31,,
3.840814,31,,
3.841428,31,577,0
3.843695,31,,
3.844677,32,,
3.850146,32,,
3.851089,32,,
3.851683,32,,
3.852621,32,,
3.853230,32,,
3.853880,32,577,0
3.855775,32,,
3.856421,32,,
3.857033,32,,
3.857647,32,,
3.858268,32,,
3.858928,32,,
3.859913,32,,
3.860885,32,577,0
3.871863,32,,
3.872841,32,,
3.873449,32,,
3.874124,32,,
3.874699,32,,
3.875653,32,,
3.881148,32,,
3.881766,32,577,0
3.883940,32,,
3.884525,32,,
3.885138,32,,
3.885758,32,,
3.886407,32,,
3.887034,32,,
3.887638,32,,
3.888280,32,577,0
3.890168,32,,
3.891122,32,,
3.900971,32,,
3.901550,32,,
3.902199,32,,
3.903125,32,,
3.903752,32,,
3.904403,32,577,0
3.906282,32,,
3.912547,32,,
3.913432,32,,
3.914395,32,,
3.915000,32,,
3.915979,32,,
3.916925,32,,
3.917498,32,577,0
3.919402,32,,
3.920004,32,,
3.920593,32,,
3.921247,32,,
3.921882,32,,
3.922837,32,,
3.932237,32,,
3.932819,32,577,0
3.934991,31,,
3.935563,31,,
3.936205,31,,
3.936808,31,,
3.937447,31,,
3.943272,31,,
3.944205,31,,
3.944828,31,577,0
3.946666,31,,
3.947308,31,,
3.947925,31,,
3.948893,31,,
3.949827,31,,
3.950430,31,,
3.951072,31,,
3.952023,31,577,0
3.963254,31,,
3.964208,31,,
3.964788,31,,
3.965724,31,,
3.966348,31,,
3.966944,31,,
3.967549,31,,
3.968162,31,577,0
3.975720,31,,
3.976359,31,,
3.976978,31,,
3.977917,31,,
3.978904,31,,
3.979864,31,,
3.980831,31,,
3.981441,31,577,0
3.983291,31,,
3.983911,31,,
3.984494,31,,
3.994203,31,,
3.995123,31,,
3.996081,31,,
3.996700,31,,
3.997310,31,577,0
3.999815,31,,
4.005625,31,,
4.006237,31,,
4.006860,31,,
4.007453,31,,
4.008101,31,,
4.008735,31,,
4.009347,31,577,0
4.011222,31,,
4.012125,31,,
4.012737,31,,
4.013679,31,,
4.014296,31,,
4.014922,31,,
4.015860,31,,
4.025230,31,577,0
4.027331,31,,
4.027936,31,,
4.028535,31,,
4.029146,31,,
4.029764,31,,
4.030699,31,,
4.036275,31,,
4.036876,31,577,0
4.038872,31,,
4.039792,31,,
4.040727,31,,
4.041662,31,,
4.042653,31,,
4.043548,31,,
4.044486,31,,
4.045427,31,577,0
4.056951,32,,
4.057875,32,,
4.058478,32,,
4.059052,32,,
4.059668,32,,
4.060604,32,,
4.061214,32,,
4.067354,32,577,0
4.069768,32,,
4.070377,32,,
4.070989,32,,
4.071686,32,,
4.072541,32,,
4.073153,32,,
4.073764,32,,
4.074365,32,577,0
4.076205,32,,
4.076813,32,,
4.077437,32,,
4.087169,31,,
4.088101,31,,
4.088943,31,,
4.089876,31,,
4.090436,31,577,0
4.092355,31,,
4.098389,31,,
4.099036,31,,
4.099650,31,,
4.100277,31,,
4.100885,31,,
4.101479,31,,
4.102108,31,577,0
4.103965,31,,
4.104522,31,,
4.105198,31,,
4.105764,31,,
4.106400,31,,
4.107037,31,,
4.107598,31,,
4.108261,31,577,0
4.119924,31,,
4.120873,31,,
4.121456,31,,
4.122077,31,,
4.122692,31,,
4.123345,31,,
4.129410,31,,
4.130386,31,577,0
4.132526,31,,
4.133084,31,,
4.133733,31,,
4.134369,31,,
4.134979,31,,
4.135552,31,,
4.136164,31,,
4.136813,31,577,0
4.138722,31,,
4.139375,31,,
4.149055,31,,
4.149622,31,,
4.150274,31,,
4.150925,31,,
4.151494,31,,
4.152096,31,577,0
4.154044,31,,
4.154653,31,,
4.160435,31,,
4.161389,31,,
4.161975,31,,
4.162572,31,,
4.163217,31,,
4.163853,31,577,0
4.166019,31,,
4.166612,31,,
4.167246,31,,
4.167866,31,,
4.168436,31,,
4.169052,31,,
4.169670,31,,
4.170293,31,577,0
4.181681,31,,
4.182289,31,,
4.182935,31,,
4.183496,31,,
4.184143,31,,
4.185091,31,,
4.185752,31,,
4.191741,31,577,0
4.193940,31,,
4.194873,31,,
4.195511,31,,
4.196136,31,,
4.196723,31,,
4.197666,31,,
4.198279,31,,
4.198925,31,577,0
4.200757,31,,
4.201401,31,,
4.211089,31,,
4.212057,31,,
4.212997,31,,
4.213577,31,,
4.214229,31,,
4.215196,31,577,0
4.222191,31,,
4.222833,31,,
4.223772,31,,
4.224739,31,,
4.225390,31,,
4.225982,31,,
4.226594,31,,
4.227558,31,577,0
4.229478,31,,
4.230111,31,,
4.230740,31,,
4.231374,31,,
4.231976,31,,
4.232936,31,,
4.242383,31,,
4.242952,31,577,0
4.245195,31,,
4.246159,31,,
4.247122,31,,
4.247768,31,,
4.253483,31,,
4.254115,31,,
4.254748,31,,
4.255690,31,577,0
4.257606,31,,
4.258232,31,,
4.258887,32,,
4.259509,32,,
4.260127,32,,
4.261116,32,,
4.262111,32,,
4.263067,32,577,0
4.273951,32,,
4.274569,32,,
4.275217,32,,
4.275815,32,,
4.276458,32,,
4.277092,32,,
4.277723,32,,
4.278341,32,577,0
4.286386,32,,
4.287362,32,,
4.287954,32,,
4.288553,32,,
4.289188,32,,
4.290180,32,,
4.291150,32,,
4.291790,32,577,0
4.294045,32,,
4.294662,32,,
4.304393,32,,
4.305367,32,,
4.306344,32,,
4.306978,32,,
4.307580,32,,
4.308221,32,577,0
4.315276,32,,
4.315890,32,,
4.316846,32,,
4.317452,32,,
4.318084,32,,
4.318714,32,,
4.319351,31,,
4.319964,31,577,0
4.321858,31,,
4.322495,31,,
4.323121,31,,
4.323763,31,,
4.324400,31,,
4.325005,31,,
4.325614,31,,
4.335222,31,577,0
4.337080,31,,
4.337670,31,,
4.338331,31,,
4.338955,31,,
4.339546,31,,
4.340191,31,,
4.346242,31,,
4.346871,31,577,0
4.349086,32,,
4.349695,32,,
4.350339,32,,
4.350934,32,,
4.351882,32,,
4.352481,32,,
4.353133,32,,
4.353750,32,577,0
4.355955,32,,
4.356940,32,,
4.366456,32,,
4.367350,32,,
4.368316,32,,
4.368867,32,,
4.369800,32,,
4.370446,32,577,0
4.377746,32,,
4.378365,32,,
4.378981,31,,
4.379603,31,,
4.380218,31,,
4.381210,31,,
4.381836,31,,
4.382429,31,577,0
4.384635,31,,
4.385278,31,,
4.386225,31,,
4.386875,31,,
4.387792,31,,
4.397184,31,,
4.397799,31,,
4.398449,31,577,0
4.400265,31,,
4.400884,31,,
4.401488,31,,
4.402117,31,,
4.402733,31,,
4.408549,31,,
4.409151,31,,
4.409779,31,577,0
4.412374,31,,
4.413267,31,,
4.413886,31,,
4.414458,31,,
4.415107,31,,
4.415722,31,,
4.416355,31,,
4.417274,31,577,0
4.428723,31,,
4.429349,31,,
4.429948,31,,
4.430557,31,,
4.431219,31,,
4.432196,31,,
4.433174,31,,
4.433792,31,577,0
4.440832,32,,
4.441471,32,,
4.442087,32,,
4.442719,32,,
4.443334,32,,
4.443945,32,,
4.444546,32,,
4.445186,32,577,0
4.447109,32,,
4.447734,32,,
4.448707,32,,
4.449644,32,,
4.459202,32,,
4.459843,32,,
4.460457,32,,
4.461110,32,577,0
4.463330,32,,
4.463961,32,,
4.464550,32,,
4.470579,31,,
4.471230,31,,
4.471865,31,,
4.472484,31,,
4.473143,31,577,0
4.475387,31,,
4.476029,31,,
4.476992,31,,
4.477591,31,,
4.478227,31,,
4.478855,31,,
4.479483,31,,
4.480115,31,577,0
4.491397,31,,
4.492313,31,,
4.492990,31,,
4.493590,31,,
4.494221,31,,
4.495138,31,,
4.495776,31,,
4.501514,31,577,0
4.503680,31,,
4.504292,31,,
4.504922,31,,
4.505518,31,,
4.506132,31,,
4.506797,31,,
4.507455,31,,
4.508413,31,577,0
4.511004,31,,
4.511628,31,,
4.521346,31,,
4.522266,31,,
4.522901,31,,
4.523868,31,,
4.524815,31,,
4.525470,31,577,0
4.532661,31,,
4.533565,31,,
4.534461,31,,
4.535124,31,,
4.536077,31,,
4.536727,31,,
4.537352,31,,
4.537961,31,577,0
4.539826,31,,
4.540455,31,,
4.541091,31,,
4.541697,31,,
4.542348,31,,
4.552268,31,,
4.553196,31,,
4.554143,31,577,0
4.556025,31,,
4.556622,31,,
4.557272,31,,
4.563765,31,,
4.564734,31,,
4.565602,31,,
4.566536,31,,
4.567145,31,577,0
4.569313,31,,
4.569932,31,,
4.570537,31,,
4.571163,31,,
4.571784,31,,
4.572419,31,,
4.573414,31,,
4.583076,31,577,0
4.584894,31,,
4.585522,31,,
4.586148,31,,
4.586777,31,,
4.587398,31,,
4.588036,31,,
4.588675,32,,
4.594503,32,577,0
4.596742,32,,
4.597374,32,,
4.597976,32,,
4.598594,32,,
4.599204,32,,
4.599839,32,,
4.600777,32,,
4.601456,32,577,0
4.603686,32,,
4.604294,32,,
4.614224,32,,
4.614807,32,,
4.615768,32,,
4.616394,32,,
4.617023,31,,
4.617633,31,577,0
4.625455,31,,
4.626448,31,,
4.627436,31,,
4.628474,31,,
4.629461,31,,
4.630439,31,,
4.631425,31,,
4.632431,31,577,0
4.635258,31,,
4.645108,31,,
4.645628,31,,
4.646283,31,,
4.646900,31,,
4.647464,31,,
4.648155,31,,
4.648769,31,577,0
4.650575,31,,
4.656632,31,,
4.657238,31,,
4.657866,31,,
4.658434,31,,
4.659084,31,,
4.659694,31,,
4.660301,31,577,0
4.662153,31,,
4.662756,31,,
4.663374,31,,
4.663997,31,,
4.664523,31,,
4.665178,31,,
4.665850,31,,
4.666405,31,577,0
4.677344,31,,
4.678298,31,,
4.679263,31,,
4.680196,31,,
4.680816,31,,
4.681416,31,,
4.687238,31,,
4.687843,31,577,0
4.689679,31,,
4.690318,31,,
4.690929,31,,
4.691509,31,,
4.692199,31,,
4.692792,31,,
4.693404,31,,
4.693990,31,577,0
4.695841,31,,
4.696422,31,,
4.697056,31,,
4.697672,31,,
4.707366,31,,
4.707925,31,,
4.708498,31,,
4.709149,31,577,0
4.711090,32,,
4.711650,32,,
4.712261,32,,
4.718272,32,,
4.719159,32,,
4.719765,32,,
4.720363,32,,
4.720955,32,577,0
4.722844,32,,
4.723437,32,,
4.724074,32,,
4.724723,32,,
4.725359,32,,
4.726303,32,,
4.726907,32,,
4.727500,32,577,0
4.738356,32,,
4.739259,32,,
4.739868,32,,
4.740472,32,,
4.741074,32,,
4.741683,32,,
4.742307,32,,
4.743267,32,577,0
4.751113,32,,
4.752081,32,,
4.752683,32,,
4.753318,32,,
4.753957,32,,
4.754580,32,,
4.755199,32,,
4.755861,32,577,0
4.757754,32,,
4.758385,32,,
4.759342,32,,
4.769210,32,,
4.770141,32,,
4.770781,32,,
4.771406,32,,
4.772038,32,577,0
4.774282,32,,
4.780353,32,,
4.781745,32,,
4.782806,32,,
4.783769,32,,
4.784616,32,,
4.785263,32,,
4.786204,32,577,0
4.788478,32,,
4.789111,32,,
4.789714,32,,
4.790383,32,,
4.800191,32,,
4.800816,32,,
4.801742,32,,
4.802391,32,577,0
4.804277,32,,
4.804902,32,,
4.805538,32,,
4.811407,32,,
4.812395,32,,
4.813284,32,,
4.814219,32,,
4.814828,32,577,0
4.816652,32,,
4.817281,32,,
4.817897,32,,
4.818847,32,,
4.819489,32,,
4.820135,32,,
4.820790,32,,
4.821401,32,577,0
4.833556,31,,
4.834655,31,,
4.835792,31,,
4.836992,31,,
4.842878,31,,
4.844107,31,,
4.845352,31,,
4.846299,31,577,0
4.848466,31,,
4.849420,31,,
4.850023,31,,
4.850577,31,,
4.851198,31,,
4.851843,31,,
4.852475,31,,
4.862235,31,577,0
4.864132,31,,
4.865080,31,,
4.865712,31,,
4.866336,31,,
4.867250,31,,
4.867885,31,,
4.873607,31,,
4.874605,31,577,0
4.877799,31,,
4.878794,31,,
4.879769,31,,
4.880723,31,,
4.881704,31,,
4.882529,31,,
4.883176,31,,
4.883787,31,577,0
4.894654,31,,
4.895636,31,,
4.896608,31,,
4.897226,31,,
4.897845,31,,
4.898443,31,,
4.904277,31,,
4.905269,31,577,0
4.907196,31,,
4.907829,31,,
4.908446,31,,
4.909774,31,,
4.910976,31,,
4.912110,31,,
4.913027,31,,
4.913970,31,577,0
4.925286,31,,
4.925887,31,,
4.926476,31,,
4.927124,31,,
4.927737,31,,
4.928392,31,,
4.929328,31,,
4.935495,31,577,0
4.937430,31,,
4.938390,31,,
4.939351,31,,
4.939979,31,,
4.940608,31,,
4.941213,31,,
4.941839,31,,
4.942464,31,577,0
4.944714,31,,
4.945365,31,,
4.955266,31,,
4.955899,31,,
4.956508,31,,
4.957162,31,,
4.957808,31,,
4.958754,31,577,0
4.960660,31,,
4.966371,31,,
4.967309,31,,
4.967935,31,,
4.968516,31,,
4.969127,31,,
4.969780,31,,
4.970419,31,577,0
4.972220,31,,
4.973198,32,,
4.973849,32,,
4.974494,32,,
4.975122,32,,
4.975752,32,,
4.976390,32,,
4.986287,32,577,0
4.988171,32,,
4.988805,32,,
4.989429,32,,
4.990062,32,,
4.990674,32,,
4.991635,32,,
4.997267,32,,
4.997884,32,577,0
4.999733,32,,
5.000358,32,,
5.000917,32,,
5.001544,32,,
5.002196,32,,
5.003148,31,,
5.003788,31,,
5.004403,31,577,0
5.006282,31,,
5.007245,31,,
5.017174,31,,
5.017735,31,,
5.018712,31,,
5.019628,31,,
5.020293,31,,
5.021260,31,577,0
5.028619,31,,
5.029577,31,,
5.030232,31,,
5.031195,31,,
5.031833,31,,
5.032436,31,,
5.033391,31,,
5.034024,31,577,0
5.036222,31,,
5.036845,31,,
5.037464,31,,
5.038070,31,,
5.038671,31,,
5.048396,31,,
5.049034,31,,
5.049606,31,577,0
5.051455,31,,
5.052121,31,,
5.052718,31,,
5.053336,31,,
5.059398,31,,
5.059997,31,,
5.060615,31,,
5.061266,31,577,0
5.063483,32,,
5.064102,32,,
5.064721,32,,
5.065336,32,,
5.065965,32,,
5.066913,32,,
5.067482,32,,
5.068097,32,577,0
5.079184,32,,
5.080117,32,,
5.080748,32,,
5.081372,32,,
5.081988,32,,
5.082583,32,,
5.083221,32,,
5.083845,32,577,0
5.090942,32,,
5.091526,32,,
5.092174,32,,
5.092788,32,,
5.093442,32,,
5.094411,32,,
5.095043,32,,
5.095654,32,577,0
5.097900,32,,
5.098491,32,,
5.099098,32,,
5.099760,32,,
5.100648,32,,
5.110218,32,,
5.111194,32,,
5.112195,32,577,0
5.114639,32,,
5.115289,32,,
5.121592,32,,
5.122186,32,,
5.122804,32,,
5.123777,31,,
5.124426,31,,
5.125001,31,577,0
5.127232,31,,
5.127862,31,,
5.128452,31,,
5.129101,31,,
5.129737,31,,
5.130372,31,,
5.130995,31,,
5.131595,31,577,0
5.142795,31,,
5.143452,31,,
5.144059,31,,
5.144978,31,,
5.145614,31,,
5.146273,31,,
5.146899,31,,
5.152647,31,577,0
5.154489,31,,
5.155155,31,,
5.156131,31,,
5.157087,31,,
5.157735,31,,
5.158375,31,,
5.159297,31,,
5.159935,31,577,0
5.161785,31,,
5.162447,31,,
5.172186,31,,
5.172801,31,,
5.173767,31,,
5.174409,31,,
5.175045,31,,
5.175651,31,577,0
5.177601,31,,
5.183354,32,,
5.183965,32,,
5.184544,32,,
5.185191,32,,
5.185796,32,,
5.186413,32,,
5.187417,32,577,0
5.189605,32,,
5.190257,32,,
5.190882,32,,
5.191495,32,,
5.192106,32,,
5.192753,32,,
5.193393,32,,
5.203224,32,577,0
5.205416,32,,
5.206051,32,,
5.207036,32,,
5.207635,32,,
5.208264,32,,
5.208891,32,,
5.215003,32,,
5.215901,32,577,0
5.218095,32,,
5.218672,32,,
5.219346,32,,
5.219967,32,,
5.220578,32,,
5.221199,32,,
5.221847,32,,
5.222463,32,577,0
5.224975,32,,
5.234422,32,,
5.235449,32,,
5.236415,32,,
5.237440,32,,
5.238423,32,,
5.239417,32,,
5.245425,31,577,0
5.248408,31,,
5.249334,31,,
5.250298,31,,
5.251217,31,,
5.252166,31,,
5.253104,31,,
5.254063,31,,
5.255031,31,577,0
5.266425,31,,
5.267419,31,,
5.268269,31,,
5.268835,31,,
5.269420,31,,
5.270056,31,,
5.270678,31,,
5.276491,31,577,0
5.278619,31,,
5.279229,31,,
5.279856,31,,
5.280486,31,,
5.281104,31,,
5.281728,31,,
5.282342,31,,
5.282940,31,577,0
5.284812,31,,
5.285420,31,,
5.286017,31,,
5.286590,31,,
5.296282,31,,
5.297143,31,,
5.297768,31,,
5.298359,31,577,0
5.300190,31,,
5.300828,31,,
5.301422,31,,
5.307657,31,,
5.308189,31,,
5.308803,31,,
5.309400,31,,
5.310038,31,577,0
5.311901,31,,
5.312834,31,,
5.313445,31,,
5.314054,31,,
5.314660,31,,
5.315285,31,,
5.315898,31,,
5.316499,31,577,0
5.327374,31,,
5.327926,31,,
5.328545,31,,
5.329158,31,,
5.329795,31,,
5.330398,31,,
5.331006,31,,
5.331612,31,577,0
5.338608,31,,
5.339199,31,,
5.339834,31,,
5.340426,31,,
5.341077,31,,
5.341651,31,,
5.342272,31,,
5.342888,31,577,0
5.344702,31,,
5.345312,31,,
5.345967,31,,
5.346560,31,,
5.347211,31,,
5.347794,31,,
5.348402,31,,
5.358289,31,577,0
5.360187,31,,
5.360810,31,,
5.361774,32,,
5.362429,32,,
5.363073,32,,
5.363672,32,,
5.369415,32,,
5.370028,32,577,0
5.371954,32,,
5.372584,32,,
5.373221,32,,
5.373854,32,,
5.374471,32,,
5.375126,32,,
5.376092,32,,
5.376731,32,577,0
5.378639,32,,
5.379283,32,,
5.379916,32,,
5.389498,32,,
5.390127,32,,
5.390774,32,,
5.391414,32,,
5.392005,32,577,0
5.394254,31,,
5.394892,31,,
5.400844,31,,
5.401438,31,,
5.402075,31,,
5.402672,31,,
5.403329,31,,
5.403922,31,577,0
5.405789,31,,
5.406415,31,,
5.407073,31,,
5.407699,31,,
5.408356,31,,
5.409307,31,,
5.409935,31,,
5.410897,31,577,0
5.422937,31,,
5.424165,31,,
5.425437,31,,
5.431680,31,,
5.432781,31,,
5.433851,31,,
5.434906,31,,
5.435928,31,577,0
5.439295,31,,
5.440296,31,,
5.441201,31,,
5.442200,31,,
5.451775,31,,
5.452827,31,,
5.453944,31,,
5.455164,31,577,0
5.463651,31,,
5.464556,31,,
5.465189,31,,
5.466131,31,,
5.467077,31,,
5.467654,31,,
5.468263,31,,
5.468866,31,577,0
5.470766,31,,
5.471393,31,,
5.471983,31,,
5.472645,31,,
5.482267,31,,
5.482862,31,,
5.483452,31,,
5.484113,31,577,0
5.486272,31,,
5.486910,31,,
5.487513,31,,
5.493648,31,,
5.494263,31,,
5.494898,31,,
5.495491,31,,
5.496135,31,577,0
5.498334,31,,
5.498950,31,,
5.499509,31,,
5.500133,31,,
5.500742,31,,
5.501398,31,,
5.502010,31,,
5.502626,31,577,0
5.513931,31,,
5.514499,31,,
5.515155,31,,
5.515763,31,,
5.516384,31,,
5.516986,31,,
5.517921,31,,
5.518527,31,577,0
5.526084,31,,
5.527008,31,,
5.527538,31,,
5.528174,31,,
5.528925,31,,
5.529785,31,,
5.530394,31,,
5.530964,31,577,0
5.532863,31,,
5.533441,31,,
5.534093,31,,
5.535050,31,,
5.544422,31,,
5.545023,31,,
5.545939,31,,
5.546569,31,577,0
5.548442,31,,
5.549391,31,,
5.555464,31,,
5.556446,31,,
5.557421,31,,
5.558411,31,,
5.559400,31,,
5.560566,31,577,0
5.564254,31,,
5.565370,31,,
5.575345,32,,
5.576309,32,,
5.577262,32,,
5.578518,32,,
5.579735,32,,
5.580967,32,577,0
5.588526,32,,
5.589168,32,,
5.590148,32,,
5.591118,32,,
5.591765,32,,
5.592408,32,,
5.593003,32,,
5.593637,32,577,0
5.595857,32,,
5.596469,32,,
5.606373,32,,
5.607337,32,,
5.608304,32,,
5.608936,32,,
5.609530,32,,
5.610175,32,577,0
5.617447,32,,
5.618091,32,,
5.618705,32,,
5.619319,32,,
5.619964,32,,
5.620772,32,,
5.621593,32,,
5.622487,32,577,0
5.624482,32,,
5.625379,32,,
5.626340,32,,
5.626960,32,,
5.627548,31,,
5.637371,31,,
5.638305,31,,
5.638911,31,577,0
5.640817,31,,
5.641469,31,,
5.642424,31,,
5.648540,31,,
5.649441,31,,
5.650032,31,,
5.650660,31,,
5.651628,31,577,0
5.653908,31,,
5.654536,31,,
5.655190,31,,
5.655794,31,,
5.656444,31,,
5.657038,32,,
5.658021,32,,
5.659025,32,577,0
5.669886,32,,
5.670859,32,,
5.671483,32,,
5.672461,32,,
5.673454,32,,
5.679686,32,,
5.680885,32,,
5.681824,32,577,0
5.684282,32,,
5.684900,32,,
5.685512,32,,
5.686173,32,,
5.686773,32,,
5.687422,31,,
5.688075,31,,
5.689029,31,577,0
5.700287,31,,
5.700933,31,,
5.701529,31,,
5.702153,31,,
5.702791,31,,
5.703413,31,,
5.704058,31,,
5.704665,31,577,0
5.711744,31,,
5.712367,31,,
5.712998,31,,
5.714307,31,,
5.715517,31,,
5.716685,31,,
5.717618,31,,
5.718512,31,577,0
5.720402,31,,
5.730432,31,,
5.731319,31,,
5.732263,31,,
5.732878,31,,
5.733480,31,,
5.734127,31,,
5.734782,31,577,0
5.742462,31,,
5.743413,31,,
5.744033,31,,
5.744687,31,,
5.746013,31,,
5.747207,31,,
5.748427,31,,
5.749663,31,577,0
5.761561,31,,
5.762549,31,,
5.763147,31,,
5.764102,31,,
5.765048,31,,
5.766010,31,,
5.766599,31,,
5.772768,31,577,0
5.774650,31,,
5.775603,31,,
5.776263,31,,
5.777238,31,,
5.777841,31,,
5.778503,31,,
5.779091,31,,
5.780067,31,577,0
5.782583,31,,
5.792411,31,,
5.793393,31,,
5.794380,31,,
5.795378,31,,
5.796332,31,,
5.796957,31,,
5.797536,31,577,0
5.804761,31,,
5.805400,31,,
5.806019,31,,
5.806623,31,,
5.807283,31,,
5.808248,31,,
5.808883,31,,
5.809501,31,577,0
5.811391,31,,
5.811998,31,,
5.812583,31,,
5.813237,31,,
5.813865,31,,
5.823649,31,,
5.824676,31,,
5.825564,31,577,0
5.827823,31,,
5.829063,31,,
5.834538,31,,
5.835495,31,,
5.836461,31,,
5.837076,31,,
5.837718,31,,
5.838398,31,577,0
5.840575,31,,
5.841206,31,,
5.841846,31,,
5.842436,31,,
5.843664,31,,
5.844625,31,,
5.854253,31,,
5.854924,31,577,0
5.856744,31,,
5.857366,31,,
5.857964,31,,
5.858539,31,,
5.859194,31,,
5.859791,31,,
5.865936,31,,
5.866781,31,577,0
5.868616,31,,
5.869235,31,,
5.869843,31,,
5.870441,31,,
5.871420,31,,
5.872024,31,,
5.872650,31,,
5.873253,31,577,0
5.875661,31,,
5.885529,31,,
5.886612,31,,
5.887651,31,,
5.888668,31,,
5.889616,31,,
5.890664,31,,
5.896610,31,577,0
5.899346,31,,
5.900279,31,,
5.900887,31,,
5.901453,31,,
5.902114,31,,
5.902735,31,,
5.903360,31,,
5.903960,31,577,0
5.905810,31,,
5.906451,31,,
5.916312,31,,
5.916893,31,,
5.917537,31,,
5.918160,31,,
5.918749,31,,
5.919659,31,577,0
5.921483,31,,
5.927442,31,,
5.928036,31,,
5.928653,31,,
5.929274,31,,
5.929891,31,,
5.930478,31,,
5.931108,31,577,0
5.932939,31,,
5.933516,31,,
5.934158,31,,
5.934758,31,,
5.935424,31,,
5.936021,31,,
5.936641,31,,
5.937366,31,577,0
5.948633,31,,
5.949563,31,,
5.950192,31,,
5.951137,31,,
5.952078,31,,
5.952666,31,,
5.958753,31,,
5.959749,31,577,0
5.961814,31,,
5.962424,31,,
5.963043,31,,
5.963620,31,,
5.964266,31,,
5.964885,31,,
5.965461,31,,
5.966117,31,577,0
5.968076,31,,
5.968940,31,,
5.978344,31,,
5.978955,31,,
5.979563,31,,
5.980176,31,,
5.980806,31,,
5.981442,31,577,0
5.983600,32,,
5.989543,32,,
5.990180,32,,
5.990784,32,,
5.991478,32,,
5.992430,32,,
5.993064,32,,
5.993680,32,577,0
5.995532,32,,
5.996159,32,,
5.997136,32,,
5.998062,32,,
5.998674,32,,
5.999294,32,,
6.000225,32,,
6.009610,32,577,0
6.012541,32,,
6.013479,32,,
6.014202,32,,
6.015085,32,,
6.020611,32,,
6.021238,32,,
6.021905,32,,
6.022861,32,577,0
6.024762,32,,
6.025715,32,,
6.026686,32,,
6.027635,32,,
6.028293,32,,
6.029228,32,,
6.029863,32,,
6.030441,32,577,0
6.041287,32,,
6.042227,32,,
6.043226,32,,
6.043826,32,,
6.044446,32,,
6.045083,32,,
6.045711,32,,
6.051751,32,577,0
6.053954,32,,
6.054599,32,,
6.055228,32,,
6.055861,32,,
6.056462,32,,
6.057089,32,,
6.057710,32,,
6.058370,32,577,0
6.060588,32,,
6.061242,32,,
6.061889,32,,
6.071447,32,,
6.072006,32,,
6.072651,32,,
6.073272,32,,
6.073889,32,577,0
6.075736,32,,
6.076356,32,,
6.076965,32,,
6.082697,32,,
6.083335,32,,
6.083909,32,,
6.084502,32,,
6.085161,32,577,0
6.087028,32,,
6.087596,32,,
6.088260,32,,
6.088856,32,,
6.089455,32,,
6.090121,32,,
6.090687,32,,
6.091315,32,577,0
6.102374,32,,
6.102907,32,,
6.103532,32,,
6.104189,32,,
6.104797,32,,
6.105401,32,,
6.106047,32,,
6.106612,32,577,0
6.113606,32,,
6.114206,32,,
6.114809,32,,
6.115384,32,,
6.116050,32,,
6.116621,32,,
6.117230,32,,
6.117912,32,577,0
6.119708,32,,
6.120343,32,,
6.120997,32,,
6.121550,32,,
6.122218,32,,
6.122842,32,,
6.123404,32,,
6.124086,32,577,0
6.134759,32,,
6.135388,31,,
6.136008,31,,
6.136588,31,,
6.137238,31,,
6.137898,31,,
6.138505,31,,
6.144807,31,577,0
6.146605,31,,
6.147270,31,,
6.147870,31,,
6.148503,31,,
6.149143,31,,
6.149779,31,,
6.150424,31,,
6.151043,31,577,0
6.152810,31,,
6.153421,31,,
6.154114,31,,
6.154706,31,,
6.164413,31,,
6.165034,31,,
6.165606,31,,
6.166210,31,577,0
6.168103,31,,
6.168716,31,,
6.169345,31,,
6.170287,31,,
6.175806,31,,
6.176434,31,,
6.177068,31,,
6.178044,31,577,0
6.180319,31,,
6.181276,31,,
6.181889,31,,
6.182810,31,,
6.183435,31,,
6.184041,31,,
6.185001,31,,
6.185562,31,577,0
6.198172,32,,
6.199374,32,,
6.200435,32,,
6.206869,32,,
6.207813,32,,
6.209058,32,,
6.210257,32,,
6.211427,32,577,0
6.214584,32,,
6.215639,32,,
6.216660,31,,
6.226783,31,,
6.227995,31,,
6.229239,31,,
6.230481,31,,
6.231601,31,577,0
6.240249,31,,
6.241221,31,,
6.242170,31,,
6.243157,31,,
6.243766,31,,
6.244385,31,,
6.245318,31,,
6.245927,31,577,0
6.248120,31,,
6.257731,31,,
6.258355,31,,
6.258955,31,,
6.259544,31,,
6.260169,31,,
6.260817,31,,
6.261762,31,577,0
6.268807,31,,
6.269714,31,,
6.270335,31,,
6.271283,31,,
6.271898,31,,
6.272508,31,,
6.273130,31,,
6.273757,31,577,0
6.275968,31,,
6.276599,31,,
6.277246,31,,
6.278213,31,,
6.279177,31,,
6.288593,31,,
6.289521,31,,
6.290145,31,577,0
6.292426,31,,
6.293383,31,,
6.294019,31,,
6.299716,31,,
6.300335,31,,
6.300941,31,,
6.301558,31,,
6.302198,31,577,0
6.304117,31,,
6.304763,31,,
6.305404,31,,
6.306028,31,,
6.306654,31,,
6.307308,31,,
6.307936,31,,
6.308869,31,577,0
6.320342,31,,
6.321280,31,,
6.321909,31,,
6.322509,31,,
6.323142,31,,
6.323766,31,,
6.324423,31,,
6.325024,31,577,0
6.332288,31,,
6.333244,31,,
6.333845,31,,
6.334472,31,,
6.335119,31,,
6.335741,31,,
6.337006,31,,
6.338194,31,577,0
6.350711,31,,
6.351797,31,,
6.352931,31,,
6.354075,31,,
6.355269,31,,
6.356523,31,,
6.362025,31,,
6.363016,31,577,0
6.366446,31,,
6.367536,31,,
6.368621,31,,
6.369755,31,,
6.370873,31,,
6.372064,31,,
6.381744,31,,
6.382846,31,577,0
6.386050,31,,
6.387174,31,,
6.392892,31,,
6.394135,31,,
6.395384,31,,
6.396568,31,,
6.397674,31,,
6.398733,31,577,0
6.401799,32,,
6.402827,32,,
6.412516,32,,
6.413454,32,,
6.414057,32,,
6.414660,32,,
6.415307,32,,
6.416258,32,577,0
6.423919,32,,
6.424888,32,,
6.425511,32,,
6.426135,32,,
6.426785,32,,
6.427732,32,,
6.428360,32,,
6.429316,31,577,0
6.431861,31,,
6.432447,31,,
6.433088,31,,
6.433652,31,,
6.443545,31,,
6.444146,31,,
6.444772,31,,
6.445411,31,577,0
6.447273,31,,
6.448228,31,,
6.449153,31,,
6.454690,31,,
6.455312,31,,
6.455932,31,,
6.456567,31,,
6.457211,31,577,0
6.459463,31,,
6.460102,31,,
6.460734,31,,
6.461388,31,,
6.461970,31,,
6.462606,31,,
6.463580,31,,
6.464196,31,577,0
6.475180,31,,
6.476149,31,,
6.477109,31,,
6.477698,31,,
6.478333,31,,
6.478950,31,,
6.479931,31,,
6.485583,31,577,0
6.487702,31,,
6.488317,31,,
6.488936,31,,
6.489896,31,,
6.490596,31,,
6.491463,31,,
6.492091,31,,
6.492703,31,577,0
6.494464,31,,
6.495162,31,,
6.495778,31,,
6.505462,31,,
6.506072,31,,
6.506654,31,,
6.507256,31,,
6.507885,31,577,0
6.509760,31,,
6.510361,31,,
6.510977,31,,
6.517038,31,,
6.517548,31,,
6.518197,31,,
6.518954,31,,
6.519882,31,577,0
6.522343,31,,
6.522958,31,,
6.523515,31,,
6.524170,31,,
6.524777,31,,
6.525551,31,,
6.526375,31,,
6.526996,31,577,0
6.537838,31,,
6.538420,31,,
6.539076,31,,
6.539659,31,,
6.540308,31,,
6.540905,31,,
6.541557,31,,
6.547512,31,577,0
6.549386,31,,
6.549998,31,,
6.550550,31,,
6.551223,31,,
6.551820,31,,
6.552398,31,,
6.553053,31,,
6.553617,31,577,0
6.555487,31,,
6.556121,31,,
6.556741,31,,
6.557368,31,,
6.557968,31,,
6.567514,31,,
6.568127,31,,
6.568707,31,577,0
6.570560,31,,
6.571226,31,,
6.571982,31,,
6.572951,31,,
6.578534,31,,
6.579449,31,,
6.580093,31,,
6.580678,31,577,0
6.582518,31,,
6.583162,31,,
6.583741,31,,
6.584393,31,,
6.584962,31,,
6.585589,31,,
6.586230,31,,
6.586856,31,577,0
6.588677,31,,
6.598420,31,,
6.599341,31,,
6.600292,31,,
6.600922,31,,
6.601496,31,,
6.602138,31,,
6.602742,31,577,0
6.610345,31,,
6.611251,31,,
6.611845,31,,
6.612443,31,,
6.613095,31,,
6.614024,31,,
6.614594,31,,
6.615246,31,577,0
6.617084,31,,
6.617673,31,,
6.618305,31,,
6.618943,31,,
6.619545,31,,
6.629498,31,,
6.630463,31,,
6.631439,31,577,0
6.633550,31,,
6.634207,31,,
6.634799,31,,
6.640604,31,,
6.641235,31,,
6.641878,31,,
6.642477,31,,
6.643144,31,577,0
6.645426,31,,
6.646005,31,,
6.646608,31,,
6.647277,31,,
6.647881,31,,
6.648475,31,,
6.649121,31,,
6.649727,31,577,0
6.660651,31,,
6.661260,31,,
6.662211,31,,
6.663140,31,,
6.663786,31,,
6.664422,31,,
6.665038,31,,
6.665992,31,577,0
6.672824,31,,
6.673463,31,,
6.674119,31,,
6.674760,31,,
6.675520,31,,
6.676590,31,,
6.677509,31,,
6.678470,31,577,0
6.680926,31,,
6.681542,31,,
6.682196,31,,
6.691788,31,,
6.692725,31,,
6.693380,31,,
6.694340,31,,
6.695288,31,577,0
6.697176,31,,
6.703219,31,,
6.703811,31,,
6.704444,31,,
6.705055,31,,
6.706031,31,,
6.706641,31,,
6.707636,31,577,0
6.709545,31,,
6.710172,31,,
6.711009,31,,
6.711939,31,,
6.712904,31,,
6.722546,31,,
6.723167,31,,
6.723788,31,577,0
6.726378,31,,
6.727319,31,,
6.728295,31,,
6.733738,31,,
6.734349,31,,
6.735292,31,,
6.735926,31,,
6.736553,31,577,0
6.739212,31,,
6.740164,31,,
6.740775,31,,
6.741496,31,,
6.742387,31,,
6.742979,31,,
6.743616,31,,
6.753511,31,577,0
6.755405,31,,
6.756363,31,,
6.757318,31,,
6.757967,31,,
6.758601,31,,
6.759240,31,,
6.764967,31,,
6.765561,31,577,0
6.767737,31,,
6.768364,31,,
6.768964,31,,
6.769575,31,,
6.770194,31,,
6.770828,31,,
6.771493,31,,
6.772072,31,577,0
6.773986,31,,
6.774612,31,,
6.784393,31,,
6.785022,31,,
6.785610,31,,
6.786257,31,,
6.786905,31,,
6.787520,31,577,0
6.789416,31,,
6.790032,31,,
6.796135,31,,
6.797060,31,,
6.798023,31,,
6.798633,31,,
6.799572,31,,
6.800202,31,577,0
6.802041,31,,
6.802646,31,,
6.803296,31,,
6.803901,31,,
6.804523,31,,
6.805128,31,,
6.805761,31,,
6.815747,31,577,0
6.818242,31,,
6.819212,31,,
6.819841,31,,
6.820472,31,,
6.821107,31,,
6.826887,31,,
6.827805,32,,
6.828780,32,577,0
6.831932,32,,
6.833005,32,,
6.834100,32,,
6.835191,32,,
6.836375,32,,
6.837582,32,,
6.846976,32,,
6.848077,32,577,0
6.850470,32,,
6.851095,32,,
6.851721,31,,
6.857659,31,,
6.858307,31,,
6.859271,31,,
6.860259,31,,
6.861223,31,577,0
6.863104,31,,
6.864031,31,,
6.864648,31,,
6.865295,31,,
6.866275,31,,
6.867198,31,,
6.867810,31,,
6.877496,31,577,0
6.879372,31,,
6.880326,31,,
6.880947,31,,
6.881523,31,,
6.882148,31,,
6.882766,32,,
6.888869,32,,
6.889482,32,577,0
6.891402,32,,
6.892014,32,,
6.892632,32,,
6.893271,32,,
6.893921,32,,
6.894868,32,,
6.895796,32,,
6.896450,32,577,0
6.899318,32,,
6.908918,32,,
6.909885,32,,
6.910831,31,,
6.912159,31,,
6.913409,31,,
6.914562,31,,
6.919919,31,577,0
6.922125,31,,
6.922744,31,,
6.923500,31,,
6.924574,31,,
6.925492,31,,
6.926072,31,,
6.926717,31,,
6.927658,31,577,0
6.929905,31,,
6.939696,31,,
6.940612,31,,
6.941576,31,,
6.942818,31,,
6.944023,31,,
6.945210,31,,
6.950943,31,577,0
6.954530,31,,
6.955766,31,,
6.956968,31,,
6.958218,31,,
6.959505,31,,
6.960793,31,,
6.970711,31,,
6.971842,31,577,0
6.974382,31,,
6.975357,31,,
6.976284,31,,
6.982041,31,,
6.982615,31,,
6.983222,31,,
6.983879,31,,
6.984470,31,577,0
6.986345,31,,
6.986946,31,,
6.987934,31,,
6.988913,31,,
6.989525,31,,
6.990206,31,,
6.991145,31,,
6.991778,31,577,0
7.003124,32,,
7.004029,32,,
7.004636,32,,
7.005303,32,,
7.006270,32,,
7.007257,32,,
7.012893,32,,
7.013791,32,577,0
7.015982,32,,
7.016562,32,,
7.017169,32,,
7.017820,32,,
7.018440,32,,
7.019410,32,,
7.020037,32,,
7.020648,32,577,0
7.022592,32,,
7.023225,32,,
7.032814,31,,
7.033440,31,,
7.034376,31,,
7.034985,31,,
7.035566,31,,
7.036215,31,577,0
7.038076,31,,
7.043819,31,,
7.044442,31,,
7.045070,31,,
7.045660,31,,
7.046301,31,,
7.046944,31,,
7.047545,31,577,0
7.049423,31,,
7.050038,31,,
7.050612,31,,
7.051208,31,,
7.051870,31,,
7.052476,31,,
7.053070,31,,
7.053683,31,577,0
7.064676,32,,
7.065294,32,,
7.065946,32,,
7.066525,32,,
7.067128,32,,
7.067734,32,,
7.068377,32,,
7.069014,32,577,0
7.077068,32,,
7.077708,32,,
7.078681,32,,
7.079318,32,,
7.079957,32,,
7.080568,32,,
7.081176,32,,
7.081804,32,577,0
7.083938,32,,
7.084567,32,,
7.085182,32,,
7.095000,31,,
7.095942,31,,
7.096519,31,,
7.097138,31,,
7.097754,31,577,0
7.099592,31,,
7.100219,31,,
7.105985,31,,
7.106565,31,,
7.107187,31,,
7.107805,31,,
7.108407,31,,
7.109001,31,577,0
7.110852,31,,
7.111461,31,,
7.112074,31,,
7.112678,31,,
7.113306,31,,
7.113916,31,,
7.114527,31,,
7.115146,31,577,0
7.126140,31,,
7.126753,31,,
7.127541,31,,
7.128522,31,,
7.129488,31,,
7.130474,31,,
7.131436,31,,
7.137124,31,577,0
7.139966,31,,
7.140891,31,,
7.141851,31,,
7.142775,31,,
7.143738,31,,
7.144734,31,,
7.145673,31,,
7.146578,31,577,0
7.158103,31,,
7.159022,31,,
7.159600,31,,
7.160538,31,,
7.161187,31,,
7.162246,31,,
7.167925,31,,
7.168435,31,577,0
7.170317,31,,
7.171075,31,,
7.172017,31,,
7.172914,31,,
7.173829,31,,
7.174712,31,,
7.175375,31,,
7.176303,31,577,0
7.187563,31,,
7.188206,31,,
7.188826,31,,
7.189439,31,,
7.190029,31,,
7.190594,31,,
7.191268,31,,
7.191833,31,577,0
7.198816,31,,
7.199450,31,,
7.200001,31,,
7.200602,31,,
7.201237,31,,
7.201872,31,,
7.202429,31,,
7.203098,31,577,0
7.204948,31,,
7.205522,31,,
7.206148,31,,
7.206790,31,,
7.207414,31,,
7.208028,31,,
7.208594,31,,
7.209274,31,577,0
7.220407,31,,
7.221369,31,,
7.221983,31,,
7.222578,31,,
7.223220,31,,
7.223808,31,,
7.229761,31,,
7.230689,31,577,0
7.232859,31,,
7.233469,31,,
7.234093,31,,
7.234696,31,,
7.235309,31,,
7.235937,31,,
7.236534,31,,
7.237486,31,577,0
7.239379,31,,
7.240361,31,,
7.249659,31,,
7.250609,31,,
7.251227,31,,
7.251835,31,,
7.252482,31,,
7.253102,31,577,0
7.254997,31,,
7.261088,31,,
7.261676,31,,
7.262292,31,,
7.263258,31,,
7.263860,31,,
7.264499,31,,
7.265119,31,577,0
7.267285,31,,
7.267930,31,,
7.268832,31,,
7.269447,31,,
7.270061,31,,
7.270682,31,,
7.280598,31,,
7.281624,31,577,0
7.283737,31,,
7.284567,31,,
7.285654,31,,
7.286694,31,,
7.292403,31,,
7.293402,31,,
7.294377,31,,
7.295319,31,577,0
7.297204,31,,
7.297787,31,,
7.298435,31,,
7.299382,31,,
7.299992,31,,
7.300565,31,,
7.301222,31,,
7.301811,31,577,0
7.312823,31,,
7.313440,31,,
7.314056,31,,
7.314634,31,,
7.315281,31,,
7.315846,31,,
7.316461,31,,
7.317109,31,577,0
7.324485,31,,
7.325468,31,,
7.326424,31,,
7.327375,31,,
7.328340,31,,
7.329275,31,,
7.329896,31,,
7.330493,31,577,0
7.332360,31,,
7.333018,31,,
7.342673,31,,
7.343313,31,,
7.343926,31,,
7.344535,31,,
7.345182,31,,
7.345810,31,577,0
7.348021,31,,
7.353989,31,,
7.354593,31,,
7.355246,31,,
7.356212,31,,
7.356862,31,,
7.357463,31,,
7.358096,31,577,0
7.360339,31,,
7.361261,31,,
7.361922,31,,
7.362824,31,,
7.363460,31,,
7.364423,31,,
7.373770,31,,
7.374401,31,577,0
7.376606,31,,
7.377231,31,,
7.377858,31,,
7.378487,31,,
7.379133,31,,
7.384939,31,,
7.385528,31,,
7.386151,31,577,0
7.388055,31,,
7.388697,31,,
7.389350,31,,
7.389978,30,,
7.390598,30,,
7.391242,30,,
7.391882,30,,
7.392509,30,577,0
7.394354,30,,
7.394965,30,,
7.404706,30,,
7.405358,30,,
7.406350,30,,
7.407300,30,,
7.407953,30,,
7.408546,30,577,0
7.415728,30,,
7.416336,30,,
7.416913,30,,
7.417530,30,,
7.418167,30,,
7.418794,30,,
7.419422,31,,
7.420045,31,577,0
7.422305,31,,
7.423253,31,,
7.423913,31,,
7.424509,31,,
7.425153,31,,
7.425787,31,,
7.435656,31,,
7.436279,31,577,0
7.438125,31,,
7.438742,31,,
7.439373,31,,
7.440351,31,,
7.441346,31,,
7.447091,31,,
7.447655,31,,
7.448586,31,577,0
7.450443,31,,
7.451434,31,,
7.452043,31,,
7.452674,31,,
7.453314,31,,
7.453939,31,,
7.454537,31,,
7.455191,31,577,0
7.457062,31,,
7.466795,31,,
7.467429,31,,
7.468018,31,,
7.468637,31,,
7.469247,31,,
7.469856,31,,
7.470430,31,577,0
7.477771,31,,
7.478429,31,,
7.479060,31,,
7.479990,31,,
7.480928,31,,
7.481538,31,,
7.482494,31,,
7.483101,31,577,0
7.485248,31,,
7.485881,31,,
7.486505,31,,
7.487137,31,,
7.487743,31,,
7.497636,31,,
7.498269,31,,
7.499224,31,577,0
7.501076,31,,
7.501663,31,,
7.502312,31,,
7.503269,31,,
7.508806,31,,
7.509446,31,,
7.510400,31,,
7.511338,32,577,0
7.513209,32,,
7.514136,32,,
7.514766,32,,
7.515682,32,,
7.516287,32,,
7.516926,32,,
7.517536,32,,
7.518192,32,577,0
7.529616,32,,
7.530516,32,,
7.531149,32,,
7.531770,32,,
7.532406,32,,
7.533007,32,,
7.533977,32,,
7.540061,32,577,0
7.542309,31,,
7.543268,31,,
7.543898,31,,
7.544493,31,,
7.545098,31,,
7.545766,31,,
7.546413,31,,
7.547369,31,577,0
7.549510,31,,
7.550122,31,,
7.559780,31,,
7.560733,31,,
7.561415,31,,
7.561981,31,,
7.562594,31,,
7.563206,31,577,0
7.570888,31,,
7.571815,31,,
7.572447,31,,
7.573414,31,,
7.574354,31,,
7.575010,31,,
7.575975,31,,
7.576946,31,577,0
7.578801,31,,
7.579451,31,,
7.580412,31,,
7.581358,31,,
7.590704,31,,
7.591353,31,,
7.591952,31,,
7.592579,31,577,0
7.594799,31,,
7.595421,31,,
7.596364,31,,
7.601835,31,,
7.602433,31,,
7.603054,31,,
7.603713,31,,
7.604355,31,577,0
7.606559,31,,
7.607189,31,,
7.607814,31,,
7.608475,31,,
7.609446,31,,
7.610086,31,,
7.611053,31,,
7.611702,31,577,0
7.623219,31,,
7.624164,31,,
7.625116,31,,
7.625737,31,,
7.626399,31,,
7.626983,31,,
7.633055,31,,
7.633672,31,577,0
7.635535,31,,
7.636164,31,,
7.636770,31,,
7.637763,31,,
7.638402,31,,
7.639011,31,,
7.639657,31,,
7.640272,31,577,0
7.642120,31,,
7.642726,31,,
7.652669,31,,
7.653592,31,,
7.654232,31,,
7.654866,31,,
7.655804,31,,
7.656453,31,577,0
7.664023,31,,
7.664924,31,,
7.665814,31,,
7.666435,31,,
7.667400,31,,
7.668017,31,,
7.668613,31,,
7.669236,31,577,0
7.671425,31,,
7.672052,31,,
7.672684,31,,
7.673317,31,,
7.673966,31,,
7.683867,31,,
7.684724,31,,
7.685661,31,577,0
7.687548,31,,
7.688165,31,,
7.688794,31,,
7.694887,31,,
7.695988,31,,
7.697073,31,,
7.698102,31,,
7.698994,31,577,0
7.701123,31,,
7.701747,31,,
7.702347,31,,
7.702970,31,,
7.703572,31,,
7.704194,31,,
7.704809,31,,
7.714875,31,577,0
7.717290,31,,
7.718042,31,,
7.718955,31,,
7.719723,31,,
7.726192,31,,
7.727131,31,,
7.728072,31,,
7.729016,31,577,0
7.731063,31,,
7.731643,31,,
7.732292,31,,
7.732917,31,,
7.733475,31,,
7.734151,31,,
7.734733,31,,
7.735363,31,577,0
7.746510,31,,
7.747147,31,,
7.747742,31,,
7.748368,31,,
7.748937,31,,
7.749550,31,,
7.750191,31,,
7.750810,31,577,0
7.758023,31,,
7.758601,31,,
7.759200,31,,
7.759849,31,,
7.760430,31,,
7.761090,31,,
7.761658,31,,
7.762335,31,577,0
7.764427,31,,
7.765085,31,,
7.765696,31,,
7.766434,31,,
7.767370,31,,
7.776671,31,,
7.777313,31,,
7.777905,30,577,0
7.779747,30,,
7.780376,30,,
7.780978,30,,
7.781588,30,,
7.782205,30,,
7.787968,30,,
7.788848,30,,
7.789430,30,577,0
7.791293,30,,
7.791889,30,,
7.792454,30,,
7.793117,30,,
7.793667,30,,
7.794337,30,,
7.794935,30,,
7.795516,30,577,0
7.797398,30,,
7.798029,30,,
7.807691,30,,
7.808247,30,,
7.808821,30,,
7.809440,31,,
7.810063,31,,
7.810662,31,577,0
7.812971,31,,
7.819174,31,,
7.820100,31,,
7.820999,31,,
7.821615,31,,
7.822240,31,,
7.823186,31,,
7.824105,31,577,0
7.826260,31,,
7.826873,31,,
7.827453,31,,
7.828084,31,,
7.828747,31,,
7.838731,30,,
7.839665,30,,
7.840541,30,577,0
7.842389,30,,
7.843314,30,,
7.843898,30,,
7.849997,30,,
7.850902,30,,
7.851846,30,,
7.852813,30,,
7.853476,30,577,0
7.855710,30,,
7.856340,30,,
7.856934,30,,
7.857897,30,,
7.858532,30,,
7.859177,30,,
7.859797,30,,
7.869819,30,577,0
7.872297,30,,
7.872931,30,,
7.873882,30,,
7.874833,30,,
7.881085,30,,
7.882095,30,,
7.883108,30,,
7.884094,30,577,0
7.886895,30,,
7.887476,30,,
7.888131,30,,
7.888761,30,,
7.889393,30,,
7.890132,30,,
7.891016,31,,
7.900648,31,577,0
7.902457,31,,
7.903138,31,,
7.903735,31,,
7.904377,31,,
7.904995,31,,
7.905583,31,,
7.906228,31,,
7.912271,31,577,0
7.914447,31,,
7.915063,31,,
7.915671,31,,
7.916271,31,,
7.916905,31,,
7.917527,31,,
7.918103,31,,
7.918779,31,577,0
7.920973,31,,
7.921612,31,,
7.922218,31,,
7.931927,31,,
7.932822,31,,
7.933754,31,,
7.934377,31,,
7.934971,31,577,0
7.936840,31,,
7.942859,31,,
7.943465,31,,
7.944072,31,,
7.944882,31,,
7.945792,31,,
7.946714,31,,
7.947339,31,577,0
7.949529,31,,
7.950142,31,,
7.950743,31,,
7.951382,31,,
7.952006,30,,
7.952620,30,,
7.953256,30,,
7.962977,30,577,0
7.965070,30,,
7.965675,30,,
7.966618,30,,
7.967247,30,,
7.967863,30,,
7.973875,30,,
7.974479,30,,
7.975435,30,577,0
7.978889,30,,
7.980117,30,,
7.981252,30,,
7.982409,30,,
7.983506,30,,
7.984588,30,,
7.994164,30,,
7.995451,30,577,0
7.998866,30,,
8.005411,30,,
8.006651,30,,
8.007886,30,,
8.009112,30,,
8.010375,30,,
8.011629,31,,
8.012782,31,577,0
8.025125,31,,
8.026418,31,,
8.027736,31,,
8.028874,31,,
8.030094,31,,
8.036087,31,,
8.037249,31,,
8.038500,31,577,0
8.042162,30,,
8.043413,30,,
8.044550,30,,
8.045765,30,,
8.055954,30,,
8.057188,30,,
8.058469,30,,
8.059728,30,577,0
8.068142,30,,
8.069185,30,,
8.070295,30,,
8.071487,31,,
8.072638,31,,
8.073820,31,,
8.075016,31,,
8.075966,31,577,0
8.087987,31,,
8.089123,31,,
8.090361,31,,
8.091571,31,,
8.092808,31,,
8.098440,31,,
8.099536,31,,
8.100401,31,577,0
8.103206,31,,
8.104267,31,,
8.105428,31,,
8.106626,31,,
8.107758,31,,
8.117868,31,,
8.119105,31,,
8.120080,31,577,0
8.122586,31,,
8.123230,31,,
8.129068,31,,
8.129659,31,,
8.130640,31,,
8.131598,31,,
8.132162,31,,
8.132797,31,577,0
8.134986,31,,
8.135557,31,,
8.136211,31,,
8.136836,31,,
8.137824,31,,
8.138466,31,,
8.139099,31,,
8.148751,31,577,0
8.150915,31,,
8.151530,31,,
8.152124,31,,
8.152765,31,,
8.153692,31,,
8.154339,31,,
8.160139,31,,
8.160751,31,577,0
8.162939,31,,
8.163548,31,,
8.164163,31,,
8.164794,31,,
8.165754,31,,
8.166676,31,,
8.167299,31,,
8.167921,31,577,0
8.169786,31,,
8.179773,31,,
8.180730,31,,
8.181382,31,,
8.181977,31,,
8.182554,31,,
8.183208,31,,
8.183831,31,577,0
8.191125,31,,
8.191736,31,,
8.192376,31,,
8.192973,31,,
8.193971,31,,
8.194926,31,,
8.195890,31,,
8.196880,31,577,0
8.198713,31,,
8.199656,31,,
8.200276,31,,
8.200888,31,,
8.210889,31,,
8.211798,31,,
8.212443,31,,
8.213410,31,577,0
8.215589,31,,
8.216222,31,,
8.222049,31,,
8.222944,31,,
8.223568,31,,
8.224536,31,,
8.225509,31,,
8.226138,31,577,0
8.228057,31,,
8.229042,31,,
8.229964,31,,
8.230589,31,,
8.231227,31,,
8.231856,31,,
8.241832,31,,
8.242678,31,577,0
8.244485,31,,
8.245100,31,,
8.245720,31,,
8.246659,31,,
8.247291,31,,
8.253084,31,,
8.254058,31,,
8.254694,31,577,0
8.256926,31,,
8.257556,31,,
8.258175,31,,
8.258808,31,,
8.259624,31,,
8.260615,31,,
8.261550,31,,
8.262139,31,577,0
8.273062,31,,
8.273962,31,,
8.274575,31,,
8.275183,31,,
8.275811,31,,
8.276430,31,,
8.277066,31,,
8.277634,31,577,0
8.284987,31,,
8.285948,31,,
8.286506,31,,
8.287151,31,,
8.287792,31,,
8.288426,31,,
8.289417,31,,
8.290397,31,577,0
8.292926,31,,
8.293515,31,,
8.294470,31,,
8.303824,31,,
8.304406,31,,
8.305012,31,,
8.305641,31,,
8.306241,31,577,0
8.308127,31,,
8.309111,30,,
8.315121,30,,
8.316085,30,,
8.317019,30,,
8.317973,30,,
8.318948,30,,
8.319916,30,577,0
8.322512,30,,
8.323493,30,,
8.324137,30,,
8.324722,30,,
8.325358,30,,
8.335066,30,,
8.335933,30,,
8.336539,30,577,0
8.338463,30,,
8.339087,30,,
8.339750,30,,
8.340378,30,,
8.346411,30,,
8.347482,30,,
8.348547,30,,
8.349591,30,577,0
8.352537,30,,
8.353479,30,,
8.354371,30,,
8.354945,30,,
8.355566,30,,
8.356201,30,,
8.365838,30,,
8.366705,30,577,0
8.368847,30,,
8.369448,30,,
8.370250,31,,
8.371212,31,,
8.377284,31,,
8.378264,31,,
8.379230,31,,
8.380214,31,577,0
8.382563,31,,
8.383199,31,,
8.383780,31,,
8.384416,31,,
8.385024,31,,
8.385606,31,,
8.386238,31,,
8.386958,31,577,0
8.398236,31,,
8.398866,31,,
8.399436,31,,
8.400087,31,,
8.400753,31,,
8.401527,31,,
8.402229,31,,
8.408002,31,577,0
8.409765,31,,
8.410420,31,,
8.411045,31,,
8.411711,31,,
8.412607,31,,
8.413237,31,,
8.413837,31,,
8.414445,31,577,0
8.416299,31,,
8.417047,31,,
8.417971,31,,
8.427827,31,,
8.428447,31,,
8.429369,31,,
8.430348,31,,
8.430934,31,577,0
8.433416,31,,
8.439038,31,,
8.439947,31,,
8.440563,31,,
8.441179,31,,
8.441808,31,,
8.442427,31,,
8.443011,31,577,0
8.444877,31,,
8.445468,31,,
8.446098,31,,
8.446697,31,,
8.447331,31,,
8.447935,31,,
8.448538,31,,
8.449159,31,577,0
8.459929,31,,
8.460552,31,,
8.461161,31,,
8.461762,31,,
8.462389,31,,
8.462984,31,,
8.463598,31,,
8.464219,31,577,0
8.471832,31,,
8.472792,31,,
8.473772,31,,
8.474394,31,,
8.474979,31,,
8.475954,31,,
8.476614,31,,
8.477589,31,577,0
8.479861,31,,
8.480487,31,,
8.490121,31,,
8.491085,31,,
8.491698,31,,
8.492677,31,,
8.493633,31,,
8.494272,31,577,0
8.501960,31,,
8.503066,31,,
8.504202,31,,
8.505452,31,,
8.506468,31,,
8.507403,31,,
8.508363,31,,
8.509316,31,577,0
8.511150,31,,
8.520840,31,,
8.521461,31,,
8.522127,31,,
8.523071,31,,
8.523691,31,,
8.524345,31,,
8.525294,31,577,0
8.532554,31,,
8.533163,31,,
8.533799,31,,
8.534750,31,,
8.535376,31,,
8.535957,31,,
8.536585,31,,
8.537204,31,577,0
8.539143,31,,
8.539758,31,,
8.540448,31,,
8.541367,31,,
8.541998,31,,
8.551791,31,,
8.552701,31,,
8.553345,31,577,0
8.555237,31,,
8.555876,31,,
8.556510,31,,
8.557128,31,,
8.563198,31,,
8.563950,31,,
8.564806,31,,
8.565594,31,577,0
8.568698,31,,
8.569841,31,,
8.571039,30,,
8.572249,30,,
8.573187,30,,
8.582781,30,,
8.583719,30,,
8.584350,30,577,0
8.586219,30,,
8.586848,30,,
8.587450,30,,
8.588113,30,,
8.593909,30,,
8.594530,30,,
8.595116,30,,
8.595759,30,577,0
8.597598,30,,
8.598227,30,,
8.598814,30,,
8.599466,30,,
8.600074,30,,
8.600673,30,,
8.601270,30,,
8.601927,31,577,0
8.604162,31,,
8.613853,31,,
8.614660,31,,
8.615295,31,,
8.615911,31,,
8.616486,31,,
8.617137,31,,
8.617737,31,577,0
8.624931,31,,
8.625513,31,,
8.626170,31,,
8.626798,31,,
8.627464,31,,
8.628425,31,,
8.629368,31,,
8.630451,31,577,0
8.632885,31,,
8.633504,31,,
8.634109,31,,
8.634725,31,,
8.635449,31,,
8.645021,31,,
8.645931,31,,
8.646564,31,577,0
8.648434,31,,
8.649040,31,,
8.649626,31,,
8.650277,31,,
8.656230,31,,
8.656823,31,,
8.657785,31,,
8.658570,31,577,0
8.661558,31,,
8.662537,31,,
8.663539,31,,
8.664562,31,,
8.665564,31,,
8.666578,31,,
8.676186,31,,
8.677406,31,577,0
8.680808,31,,
8.681840,31,,
8.687629,31,,
8.688833,31,,
8.690041,31,,
8.691281,31,,
8.692571,31,,
8.693754,31,577,0
8.697305,31,,
8.707231,31,,
8.708515,31,,
8.709778,31,,
8.710946,31,,
8.712114,31,,
8.718136,31,,
8.719284,31,577,0
8.722885,31,,
8.724111,30,,
8.725364,30,,
8.726549,30,,
8.727523,30,,
8.728469,30,,
8.737944,30,,
8.738864,30,577,0
8.741764,30,,
8.742363,30,,
8.742959,30,,
8.749245,30,,
8.749855,30,,
8.750469,30,,
8.751099,30,,
8.751711,30,577,0
8.753905,31,,
8.754559,31,,
8.755548,31,,
8.756175,31,,
8.756828,31,,
8.757472,31,,
8.758434,31,,
8.759093,31,577,0
8.770153,31,,
8.770785,31,,
8.771420,31,,
8.772039,31,,
8.772674,31,,
8.773302,31,,
8.773930,31,,
8.779973,31,577,0
8.781852,31,,
8.782798,31,,
8.783421,31,,
8.783995,31,,
8.784626,31,,
8.785564,31,,
8.786208,31,,
8.786867,31,577,0
8.788756,31,,
8.789738,31,,
8.790575,31,,
8.800153,31,,
8.801221,31,,
8.802280,31,,
8.803417,31,,
8.804593,31,577,0
8.812608,31,,
8.813581,31,,
8.814482,31,,
8.815097,31,,
8.816033,31,,
8.816653,31,,
8.817273,31,,
8.817885,31,577,0
8.819771,31,,
8.820371,31,,
8.820985,31,,
8.830856,31,,
8.831756,31,,
8.832688,31,,
8.833319,31,,
8.833927,31,577,0
8.835788,31,,
8.836388,31,,
8.842449,31,,
8.843027,31,,
8.844023,31,,
8.844993,31,,
8.845634,31,,
8.846250,31,577,0
8.848454,31,,
8.849073,31,,
8.850029,31,,
8.850636,31,,
8.851271,31,,
8.851886,31,,
8.852492,31,,
8.862191,31,577,0
8.864502,31,,
8.865720,31,,
8.866782,31,,
8.867845,31,,
8.873589,31,,
8.874847,31,,
8.875933,31,,
8.877071,31,577,0
8.880486,31,,
8.881570,31,,
8.882634,31,,
8.883575,31,,
8.893229,31,,
8.894442,31,,
8.895711,31,,
8.896890,31,577,0
8.905561,31,,
8.906777,31,,
8.908047,31,,
8.909318,31,,
8.910574,31,,
8.911859,31,,
8.912955,31,,
8.914050,31,577,0
8.926710,31,,
8.927938,31,,
8.929196,31,,
8.935454,31,,
8.936542,31,,
8.937753,31,,
8.938971,31,,
8.940175,31,577,0
8.943784,31,,
8.944987,31,,
8.955018,31,,
8.955943,31,,
8.956517,31,,
8.957140,31,,
8.957774,31,,
8.958751,31,577,0
8.966249,31,,
8.967221,31,,
8.968202,31,,
8.969188,31,,
8.970165,31,,
8.971153,31,,
8.972171,31,,
8.973009,31,577,0
8.974831,31,,
8.975729,31,,
8.976350,31,,
8.986105,31,,
8.986952,31,,
8.987905,31,,
8.988511,31,,
8.989129,31,577,0
8.991279,31,,
8.997078,31,,
8.997675,31,,
8.998273,31,,
8.998901,31,,
8.999504,31,,
9.000131,31,,
9.000732,31,577,0
9.003250,31,,
9.003849,31,,
9.004450,31,,
9.005077,31,,
9.005749,31,,
9.006654,31,,
9.007248,31,,
9.016923,31,577,0
9.018740,31,,
9.019454,31,,
9.020261,31,,
9.020863,31,,
9.021461,31,,
9.022083,31,,
9.028246,31,,
9.029120,31,577,0
9.030950,31,,
9.031561,31,,
9.032182,31,,
9.032824,31,,
9.033418,31,,
9.034013,31,,
9.034599,31,,
9.035265,31,577,0
9.037082,31,,
9.037733,31,,
9.038342,31,,
9.047937,31,,
9.048499,31,,
9.049130,31,,
9.049726,31,,
9.050313,31,577,0
9.052191,31,,
9.052820,31,,
9.053421,31,,
9.059220,31,,
9.059781,31,,
9.060424,31,,
9.061019,31,,
9.061621,31,577,0
9.063462,31,,
9.064084,31,,
9.064703,31,,
9.065317,31,,
9.065945,31,,
9.066544,31,,
9.067177,31,,
9.067801,31,577,0
9.078889,31,,
9.079468,31,,
9.080068,31,,
9.080693,31,,
9.081335,31,,
9.082281,31,,
9.082909,31,,
9.083537,31,577,0
9.090619,31,,
9.091240,31,,
9.092177,31,,
9.093135,31,,
9.093794,31,,
9.094743,31,,
9.095714,31,,
9.096652,31,577,0
9.099193,31,,
9.100125,31,,
9.110277,31,,
9.111429,31,,
9.112470,31,,
9.113624,31,,
9.114771,31,,
9.115919,31,577,0
9.124438,31,,
9.125784,31,,
9.127199,31,,
9.128827,31,,
9.130036,31,,
9.131140,31,,
9.140992,31,,
9.142238,31,577,0
9.145502,31,,
9.146096,31,,
9.152039,31,,
9.152617,31,,
9.153243,31,,
9.153887,31,,
9.154503,31,,
9.155110,31,577,0
9.157018,31,,
9.157989,31,,
9.158634,31,,
9.159601,31,,
9.160213,31,,
9.160854,31,,
9.161469,31,,
9.162542,31,577,0
9.173546,31,,
9.174504,31,,
9.175135,31,,
9.175803,31,,
9.176447,31,,
9.177395,31,,
9.183090,31,,
9.184041,31,577,0
9.186268,31,,
9.186879,31,,
9.187516,31,,
9.188152,31,,
9.188777,31,,
9.189447,31,,
9.190042,31,,
9.190661,31,577,0
9.193833,31,,
9.203252,31,,
9.204533,31,,
9.205764,31,,
9.207030,31,,
9.208272,31,,
9.214612,31,,
9.215695,31,577,0
9.218881,31,,
9.220033,31,,
9.221215,31,,
9.221983,31,,
9.222894,31,,
9.223819,31,,
9.224798,31,,
9.234367,31,577,0
9.237772,31,,
9.238962,31,,
9.240181,31,,
9.245744,31,,
9.246810,31,,
9.247730,31,,
9.248312,31,,
9.249257,31,577,0
9.251074,31,,
9.251691,31,,
9.252308,31,,
9.252937,31,,
9.253548,31,,
9.254517,31,,
9.255150,31,,
9.265014,31,577,0
9.266798,31,,
9.267410,31,,
9.268025,31,,
9.268643,31,,
9.269290,31,,
9.269900,31,,
9.270525,31,,
9.276530,31,577,0
9.280083,31,,
9.281206,31,,
9.282343,31,,
9.283375,31,,
9.284451,31,,
9.285566,31,,
9.286472,31,,
9.296306,31,577,0
9.299703,31,,
9.300766,31,,
9.301827,31,,
9.307820,31,,
9.309034,31,,
9.310086,31,,
9.310968,31,,
9.311926,31,577,0
9.313775,31,,
9.314388,31,,
9.315016,31,,
9.315593,31,,
9.316555,31,,
9.317176,31,,
9.326925,31,,
9.327886,31,577,0
9.331375,31,,
9.332492,31,,
9.338472,31,,
9.339740,31,,
9.340943,31,,
9.342204,31,,
9.343449,31,,
9.344686,31,577,0
9.348223,31,,
9.358259,31,,
9.359546,31,,
9.360757,31,,
9.361942,31,,
9.363157,31,,
9.369439,31,,
9.370658,31,577,0
9.374127,31,,
9.375390,31,,
9.376374,31,,
9.377310,31,,
9.378265,31,,
9.379233,31,,
9.388963,31,,
9.389600,31,577,0
9.391832,31,,
9.392462,31,,
9.393067,31,,
9.393701,31,,
9.394319,31,,
9.400484,31,,
9.401474,31,,
9.402380,31,577,0
9.404570,31,,
9.405188,31,,
9.405820,31,,
9.406463,31,,
9.407453,31,,
9.408090,31,,
9.408719,31,,
9.409443,31,577,0
9.421042,31,,
9.421613,31,,
9.422260,31,,
9.422910,31,,
9.423516,31,,
9.424135,31,,
9.424798,31,,
9.425770,31,577,0
9.432787,31,,
9.433700,31,,
9.434357,31,,
9.435293,31,,
9.435929,31,,
9.436523,31,,
9.437176,31,,
9.438120,31,577,0
9.440401,31,,
9.441348,31,,
9.450990,31,,
9.451922,31,,
9.452537,31,,
9.453140,31,,
9.453774,31,,
9.454439,31,577,0
9.456847,31,,
9.462430,31,,
9.463337,31,,
9.463937,31,,
9.464889,31,,
9.465834,31,,
9.466448,31,,
9.467058,31,577,0
9.468923,31,,
9.469567,31,,
9.470197,31,,
9.470834,31,,
9.471440,31,,
9.472077,31,,
9.472718,31,,
9.482283,31,577,0
9.484786,31,,
9.485412,31,,
9.486033,31,,
9.486666,31,,
9.487302,31,,
9.493428,31,,
9.494023,31,,
9.494647,31,577,0
9.496877,31,,
9.497787,31,,
9.498738,31,,
9.499353,31,,
9.499980,31,,
9.500932,31,,
9.501521,31,,
9.502167,31,577,0
9.513090,31,,
9.513680,31,,
9.514582,31,,
9.515207,31,,
9.515806,31,,
9.516421,31,,
9.517068,31,,
9.517677,31,577,0
9.524792,31,,
9.525481,31,,
9.526414,31,,
9.527026,31,,
9.527654,31,,
9.528599,31,,
9.529221,31,,
9.529858,31,577,0
9.532049,31,,
9.532650,31,,
9.533267,31,,
9.533911,31,,
9.534486,31,,
9.544146,31,,
9.544785,31,,
9.545408,31,577,0
9.547244,31,,
9.548189,31,,
9.548817,31,,
9.549420,31,,
9.555171,31,,
9.556151,31,,
9.556769,31,,
9.557415,31,577,0
9.559643,31,,
9.560275,31,,
9.560912,31,,
9.561535,31,,
9.562162,31,,
9.562799,31,,
9.563396,31,,
9.564005,31,577,0
9.574927,31,,
9.575535,31,,
9.576146,31,,
9.576739,31,,
9.577376,31,,
9.577982,31,,
9.578589,31,,
9.579216,31,577,0
9.586474,31,,
9.587016,31,,
9.587665,31,,
9.588281,31,,
9.588895,31,,
9.589502,31,,
9.590108,31,,
9.590733,31,577,0
9.592554,31,,
9.593181,31,,
9.593799,31,,
9.594393,31,,
9.595027,31,,
9.595793,31,,
9.596668,31,,
9.606072,31,577,0
9.608816,31,,
9.609427,31,,
9.610001,31,,
9.610741,31,,
9.611596,31,,
9.617176,31,,
9.618055,31,,
9.618633,31,577,0
9.620471,31,,
9.621124,31,,
9.621697,31,,
9.622330,31,,
9.622960,31,,
9.623537,31,,
9.624176,31,,
9.624828,31,577,0
9.626651,31,,
9.627260,31,,
9.637033,31,,
9.637903,31,,
9.638466,31,,
9.639111,31,,
9.639718,31,,
9.640524,31,577,0
9.648127,31,,
9.648735,31,,
9.649305,31,,
9.649955,31,,
9.650509,31,,
9.651182,31,,
9.651816,31,,
9.652487,31,577,0
9.654981,31,,
9.655876,31,,
9.656755,31,,
9.657362,31,,
9.658012,31,,
9.658582,31,,
9.668248,31,,
9.668857,31,577,0
9.670693,31,,
9.671307,31,,
9.671923,31,,
9.672484,31,,
9.673144,31,,
9.679313,31,,
9.679936,31,,
9.680499,31,577,0
9.682365,31,,
9.682978,31,,
9.683555,31,,
9.684158,31,,
9.684871,31,,
9.685418,31,,
9.686047,31,,
9.686640,31,577,0
9.688477,31,,
9.689115,31,,
9.689725,31,,
9.699310,31,,
9.700233,31,,
9.700882,31,,
9.701867,31,,
9.702494,31,577,0
9.704438,31,,
9.710260,31,,
9.711176,31,,
9.711793,31,,
9.712754,31,,
9.713383,31,,
9.713978,31,,
9.714612,31,577,0
9.716475,31,,
9.717070,31,,
9.717673,31,,
9.718276,31,,
9.718930,31,,
9.719888,31,,
9.720858,31,,
9.730243,31,577,0
9.732746,31,,
9.733371,31,,
9.733982,31,,
9.734913,31,,
9.735542,31,,
9.741375,31,,
9.742257,31,,
9.743191,31,577,0
9.745096,31,,
9.746037,31,,
9.746671,31,,
9.747283,31,,
9.747907,31,,
9.748493,31,,
9.749120,31,,
9.749716,31,577,0
9.751567,31,,
9.761214,31,,
9.761855,31,,
9.762794,31,,
9.763738,31,,
9.764369,31,,
9.764955,31,,
9.765582,31,577,0
9.773074,31,,
9.773703,31,,
9.774534,31,,
9.775572,31,,
9.776484,31,,
9.777450,31,,
9.778153,31,,
9.779060,31,577,0
9.780906,31,,
9.781525,31,,
9.782166,31,,
9.791982,31,,
9.792959,31,,
9.793596,31,,
9.794205,31,,
9.794843,31,577,0
9.798049,31,,
9.803640,31,,
9.804757,31,,
9.805950,31,,
9.807164,31,,
9.808429,31,,
9.809661,31,,
9.810826,31,577,0
9.813687,31,,
9.823395,31,,
9.824646,31,,
9.825861,31,,
9.827109,31,,
9.828358,31,,
9.834141,31,,
9.835053,31,577,0
9.837246,31,,
9.837870,31,,
9.838523,31,,
9.839480,31,,
9.840134,31,,
9.840761,31,,
9.841424,31,,
9.842432,31,577,0
9.844564,31,,
9.854252,31,,
9.854883,31,,
9.855504,31,,
9.856133,31,,
9.856782,31,,
9.857392,31,,
9.858331,31,577,0
9.865591,31,,
9.866209,31,,
9.866804,31,,
9.867445,31,,
9.868407,31,,
9.869025,31,,
9.869617,31,,
9.870257,31,577,0
9.872136,31,,
9.872772,31,,
9.873430,31,,
9.874052,31,,
9.874685,31,,
9.875361,31,,
9.885059,31,,
9.885978,31,577,0
9.887830,31,,
9.888459,31,,
9.889089,31,,
9.890072,31,,
9.890718,31,,
9.896447,31,,
9.897353,31,,
9.897958,31,577,0
9.900492,31,,
9.901147,31,,
9.901763,31,,
9.902400,31,,
9.903028,31,,
9.903652,31,,
9.904295,31,,
9.904939,31,577,0
9.916142,31,,
9.916716,31,,
9.917606,31,,
9.918219,31,,
9.918868,31,,
9.919813,31,,
9.920407,31,,
9.921388,31,577,0
9.928452,31,,
9.929045,31,,
9.929982,31,,
9.930605,31,,
9.931217,31,,
9.931837,31,,
9.932441,31,,
9.933062,31,577,0
9.935226,31,,
9.936193,31,,
9.936828,31,,
9.937452,31,,
9.947115,31,,
9.948034,31,,
9.948986,31,,
9.949691,31,577,0
9.951764,31,,
9.952443,31,,
9.958487,31,,
9.959097,31,,
9.959732,31,,
9.960356,31,,
9.961294,31,,
9.962251,31,577,0
9.964428,31,,
9.965384,31,,
9.966003,31,,
9.966566,31,,
9.967196,31,,
9.967853,31,,
9.968452,31,,
9.978070,31,577,0
9.980249,31,,
9.980884,31,,
9.981507,31,,
9.982130,31,,
9.982709,31,,
9.983382,31,,
9.989275,31,,
9.989878,31,577,0
9.991778,31,,
9.992408,31,,
9.993026,31,,
9.993664,31,,
9.994622,31,,
9.995259,31,,
9.995890,31,,
9.996495,31,577,0
9.998358,31,,
9.999021,31,,
9.999932,31,,
10.009311,31,,
10.010252,31,,
10.010871,31,,
10.011470,31,,
10.012076,31,577,0
10.013988,31,,
10.014532,31,,
10.020385,31,,
10.021345,31,,
10.021990,31,,
10.022955,31,,
10.023925,31,,
10.024561,31,577,0
10.026752,31,,
10.027391,31,,
10.028013,31,,
10.028639,31,,
10.029286,31,,
10.029905,31,,
10.030494,31,,
10.040185,30,577,0
10.042070,30,,
10.042676,30,,
10.043312,30,,
10.044188,30,,
10.045178,30,,
10.051502,30,,
10.052453,30,,
10.053110,30,577,0
10.055368,30,,
10.055982,30,,
10.056931,30,,
10.057923,30,,
10.058879,30,,
10.059517,30,,
10.060168,30,,
10.060781,30,577,0
10.072403,30,,
10.073331,30,,
10.073942,30,,
10.074541,30,,
10.075160,30,,
10.075812,30,,
10.076451,30,,
10.082249,30,577,0
10.084424,30,,
10.085391,30,,
10.086009,30,,
10.086587,30,,
10.087201,30,,
10.087879,30,,
10.088862,30,,
10.089807,30,577,0
10.091727,30,,
10.092392,30,,
10.102107,30,,
10.102685,30,,
10.103309,30,,
10.103885,30,,
10.104540,30,,
10.105135,30,577,0
10.107072,30,,
10.107684,30,,
10.113429,30,,
10.114030,30,,
10.114955,30,,
10.115526,30,,
10.116161,30,,
10.116755,30,577,0
10.118633,30,,
10.119280,30,,
10.119895,30,,
10.120518,30,,
10.121123,30,,
10.121760,30,,
10.122453,31,,
10.123386,31,577,0
10.135003,31,,
10.135951,31,,
10.136538,31,,
10.137156,31,,
10.137823,31,,
10.138447,31,,
10.144462,31,,
10.145116,31,577,0
10.146987,31,,
10.147567,31,,
10.148206,31,,
10.148797,31,,
10.149420,31,,
10.150067,31,,
10.150998,31,,
10.151583,31,577,0
10.153411,31,,
10.154064,31,,
10.154620,31,,
10.164298,31,,
10.164849,31,,
10.165457,31,,
10.166123,31,,
10.166739,31,577,0
10.168545,31,,
10.169217,31,,
10.175163,31,,
10.175766,31,,
10.176400,31,,
10.177051,31,,
10.177723,31,,
10.178327,31,577,0
10.180139,31,,
10.180741,31,,
10.181417,31,,
10.182021,31,,
10.182666,31,,
10.183293,31,,
10.183922,31,,
10.184477,31,577,0
10.195443,31,,
10.196058,31,,
10.196646,31,,
10.197292,31,,
10.197907,31,,
10.198485,31,,
10.199141,31,,
10.199768,31,577,0
10.206857,31,,
10.207461,31,,
10.208444,31,,
10.209100,31,,
10.209696,31,,
10.210330,31,,
10.211015,31,,
10.211890,31,577,0
10.214711,31,,
10.215309,31,,
10.216004,31,,
10.216894,31,,
10.226265,31,,
10.226859,31,,
10.227500,31,,
10.228152,31,577,0
10.230288,31,,
10.230899,31,,
10.231454,31,,
10.237524,31,,
10.238158,31,,
10.238767,31,,
10.239396,31,,
10.240014,31,577,0
10.241834,31,,
10.242427,31,,
10.243050,31,,
10.243609,31,,
10.244284,31,,
10.244947,31,,
10.245813,31,,
10.246440,31,577,0
10.257456,31,,
10.258306,31,,
10.258908,31,,
10.259505,31,,
10.260137,31,,
10.260724,31,,
10.261345,31,,
10.261953,31,577,0
10.268920,31,,
10.269528,31,,
10.270157,31,,
10.270794,31,,
10.271402,31,,
10.272353,31,,
10.272951,31,,
10.273547,31,577,0
10.275443,31,,
10.276163,31,,
10.277028,31,,
10.277619,31,,
10.278226,31,,
10.288146,31,,
10.289044,31,,
10.290012,31,577,0
10.291843,31,,
10.292506,31,,
10.293444,31,,
10.299335,31,,
10.300233,31,,
10.301178,31,,
10.301792,31,,
10.302513,31,577,0
10.304906,31,,
10.305843,31,,
10.306424,31,,
10.307066,31,,
10.307657,31,,
10.308296,31,,
10.308888,31,,
10.309816,31,577,0
10.321289,31,,
10.322240,31,,
10.322855,31,,
10.323469,31,,
10.324426,31,,
10.330631,31,,
10.331481,31,,
10.332453,31,577,0
10.335005,32,,
10.336071,32,,
10.336988,32,,
10.337969,32,,
10.338931,32,,
10.339818,32,,
10.340796,32,,
10.350176,32,577,0
10.352296,32,,
10.352940,32,,
10.353552,32,,
10.354522,32,,
10.355163,32,,
10.355804,32,,
10.361554,32,,
10.362176,32,577,0
10.364894,31,,
10.366028,31,,
10.367192,31,,
10.368371,31,,
10.369385,31,,
10.370278,31,,
10.370877,31,,
10.371805,31,577,0
10.382352,31,,
10.383340,31,,
10.383943,31,,
10.384533,31,,
10.385182,31,,
10.385799,31,,
10.386743,31,,
10.392290,31,577,0
10.394178,32,,
10.394773,32,,
10.395417,32,,
10.396390,32,,
10.397013,32,,
10.397608,32,,
10.398225,32,,
10.398871,32,577,0
10.401040,32,,
10.401649,32,,
10.402259,32,,
10.412208,32,,
10.413181,32,,
10.413796,32,,
10.414427,32,,
10.415020,32,577,0
10.417186,32,,
10.423519,32,,
10.424126,31,,
10.425085,31,,
10.426044,31,,
10.426666,31,,
10.427314,31,,
10.428282,31,577,0
10.430481,31,,
10.431083,31,,
10.431732,31,,
10.432649,31,,
10.433282,31,,
10.443158,31,,
10.443794,31,,
10.444456,31,577,0
10.446298,31,,
10.447272,31,,
10.447880,31,,
10.448480,31,,
10.454289,31,,
10.454941,31,,
10.455555,31,,
10.456186,31,577,0
10.458104,31,,
10.458720,31,,
10.459377,31,,
10.459993,31,,
10.460587,31,,
10.461240,31,,
10.461865,31,,
10.462469,31,577,0
10.464652,31,,
10.474260,31,,
10.474876,31,,
10.475493,31,,
10.476116,31,,
10.477120,31,,
10.478088,31,,
10.478718,31,577,0
10.486469,31,,
10.487396,31,,
10.488340,31,,
10.489289,31,,
10.490259,31,,
10.491239,31,,
10.492224,31,,
10.493198,31,577,0
10.505361,31,,
10.506307,31,,
10.507270,31,,
10.508219,31,,
10.508835,31,,
10.509477,31,,
10.510089,32,,
10.510755,32,577,0
10.518364,32,,
10.518962,32,,
10.519929,32,,
10.520533,32,,
10.521165,32,,
10.521850,32,,
10.522776,32,,
10.523412,32,577,0
10.525344,32,,
10.526283,32,,
10.536300,32,,
10.537259,32,,
10.538180,32,,
10.538794,32,,
10.539453,32,,
10.540095,32,577,0
10.547458,32,,
10.548383,32,,
10.549266,32,,
10.550220,32,,
10.550846,32,,
10.551442,32,,
10.552094,32,,
10.552656,32,577,0
10.554882,32,,
10.555879,32,,
10.556496,32,,
10.557147,32,,
10.557770,32,,
10.567501,32,,
10.568401,32,,
10.569303,32,577,0
10.571194,32,,
10.571831,32,,
10.572794,32,,
10.578525,32,,
10.579736,32,,
10.580725,32,,
10.581609,32,,
10.582561,32,577,0
10.584424,32,,
10.585017,32,,
10.585972,32,,
10.586560,32,,
10.587218,32,,
10.587832,32,,
10.588810,32,,
10.598245,32,577,0
10.600308,32,,
10.600942,32,,
10.601521,32,,
10.602495,32,,
10.603140,32,,
10.604113,32,,
10.609864,32,,
10.610903,32,577,0
10.613924,32,,
10.614843,32,,
10.615745,32,,
10.616408,32,,
10.617362,32,,
10.617949,32,,
10.618934,32,,
10.619906,32,577,0
10.631426,32,,
10.632010,31,,
10.632956,31,,
10.633905,31,,
10.634491,31,,
10.640334,31,,
10.641283,31,,
10.641913,31,577,0
10.643782,31,,
10.644511,31,,
10.645518,31,,
10.646494,31,,
10.647365,31,,
10.647952,31,,
10.648548,31,,
10.649215,31,577,0
10.660276,31,,
10.661027,31,,
10.662044,31,,
10.663149,31,,
10.664109,31,,
10.665029,31,,
10.665602,31,,
10.671436,31,577,0
10.673278,31,,
10.673918,31,,
10.674549,31,,
10.675188,31,,
10.675819,31,,
10.676451,31,,
10.677127,31,,
10.678222,31,577,0
10.681177,31,,
10.681786,31,,
10.691451,31,,
10.692047,31,,
10.693019,31,,
10.693987,31,,
10.694754,31,,
10.695785,31,577,0
10.703156,31,,
10.704293,31,,
10.705235,31,,
10.706157,31,,
10.706809,31,,
10.707403,31,,
10.708020,31,,
10.708984,31,577,0
10.711562,31,,
10.712795,31,,
10.722690,31,,
10.723668,31,,
10.724618,31,,
10.725615,31,,
10.726554,31,,
10.727195,31,577,0
10.734252,31,,
10.734899,31,,
10.735839,31,,
10.736442,31,,
10.737067,31,,
10.737719,31,,
10.738372,31,,
10.739341,31,577,0
10.741248,31,,
10.741887,31,,
10.742464,31,,
10.743108,31,,
10.743731,31,,
10.753546,31,,
10.754458,31,,
10.755394,31,577,0
10.757577,31,,
10.758216,31,,
10.758836,31,,
10.764707,31,,
10.765540,31,,
10.766181,31,,
10.766768,31,,
10.767428,31,577,0
10.769222,31,,
10.769854,31,,
10.770443,31,,
10.771097,31,,
10.771730,31,,
10.772375,31,,
10.772989,31,,
10.773589,31,577,0
10.784523,31,,
10.785409,31,,
10.786348,31,,
10.786971,31,,
10.787562,31,,
10.788202,31,,
10.788840,31,,
10.789440,31,577,0
10.797889,31,,
10.798822,31,,
10.799429,31,,
10.800015,31,,
10.800998,31,,
10.801949,31,,
10.802534,31,,
10.803168,31,577,0
10.805319,31,,
10.815349,31,,
10.816217,31,,
10.817154,31,,
10.817751,31,,
10.818349,31,,
10.818975,31,,
10.819930,31,577,0
10.826977,31,,
10.827943,31,,
10.828531,31,,
10.829162,31,,
10.829788,31,,
10.830391,31,,
10.831018,31,,
10.831613,31,577,0
10.833427,31,,
10.834059,31,,
10.834667,31,,
10.835283,31,,
10.835912,31,,
10.836494,31,,
10.846260,31,,
10.847157,31,577,0
10.848971,32,,
10.849531,32,,
10.850192,32,,
10.850791,32,,
10.851413,32,,
10.857389,32,,
10.857948,32,,
10.858539,32,577,0
10.860427,32,,
10.861043,32,,
10.861619,32,,
10.862268,32,,
10.863022,32,,
10.863957,32,,
10.864869,32,,
10.865472,32,577,0
10.867963,32,,
10.877255,31,,
10.877838,31,,
10.878439,31,,
10.879098,31,,
10.879642,31,,
10.880311,31,,
10.880902,31,577,0
10.882717,31,,
10.888797,31,,
10.889409,31,,
10.890037,31,,
10.890596,31,,
10.891245,31,,
10.892209,31,,
10.892777,31,577,0
10.895425,31,,
10.896302,31,,
10.897257,31,,
10.897871,31,,
10.898464,31,,
10.908343,31,,
10.909205,31,,
10.909973,31,577,0
10.912050,31,,
10.912659,31,,
10.913276,31,,
10.913891,31,,
10.919710,31,,
10.920344,31,,
10.920952,31,,
10.921518,31,577,0
10.923420,31,,
10.924020,31,,
10.924582,31,,
10.925203,31,,
10.925848,31,,
10.926432,31,,
10.927080,31,,
10.927624,31,577,0
10.929465,31,,
10.939232,31,,
10.939835,31,,
10.940413,31,,
10.941072,31,,
10.941691,31,,
10.942311,31,,
10.942993,31,577,0
10.950438,31,,
10.951365,31,,
10.952307,31,,
10.952903,31,,
10.953537,31,,
10.954458,31,,
10.955108,31,,
10.955745,31,577,0
10.957659,31,,
10.958290,31,,
10.958917,31,,
10.959522,31,,
10.960484,31,,
10.970235,32,,
10.971177,32,,
10.971774,32,577,0
10.973689,32,,
10.974330,32,,
10.974930,32,,
10.975555,32,,
10.981680,32,,
10.982568,32,,
10.983175,32,,
10.983798,32,577,0
10.986730,32,,
10.987879,32,,
10.989102,32,,
10.990352,32,,
10.991599,31,,
11.001504,31,,
11.002676,31,,
11.003860,31,577,0
11.012398,31,,
11.013559,31,,
11.014743,31,,
11.015879,31,,
11.017091,31,,
11.018300,31,,
11.019579,31,,
11.020769,31,577,0
11.032453,31,,
11.033534,31,,
11.034588,31,,
11.035689,31,,
11.036813,31,,
11.037959,31,,
11.043742,31,,
11.044948,31,577,0
11.048420,31,,
11.049488,31,,
11.050504,31,,
11.051345,31,,
11.052173,31,,
11.053237,31,,
11.054136,31,,
11.063851,31,577,0
11.066989,31,,
11.067915,31,,
11.068790,31,,
11.074643,31,,
11.075585,31,,
11.076232,31,,
11.076864,31,,
11.077478,31,577,0
11.079719,31,,
11.080351,31,,
11.080969,31,,
11.081551,31,,
11.082179,31,,
11.082769,31,,
11.083384,31,,
11.084336,31,577,0
11.095224,31,,
11.096169,31,,
11.096763,31,,
11.097394,31,,
11.098343,31,,
11.098963,31,,
11.099559,31,,
11.105467,31,577,0
11.107311,31,,
11.108647,31,,
11.109879,31,,
11.110980,31,,
11.111917,32,,
11.112846,32,,
11.113453,32,,
11.114082,32,577,0
11.125408,32,,
11.126310,32,,
11.126953,32,,
11.127713,32,,
11.128634,32,,
11.129570,32,,
11.130201,32,,
11.131120,32,577,0
11.137906,32,,
11.138516,32,,
11.139131,32,,
11.139770,32,,
11.140755,32,,
11.142024,31,,
11.143272,31,,
11.144535,31,577,0
11.156607,31,,
11.157847,31,,
11.159092,31,,
11.160347,31,,
11.161595,31,,
11.167781,31,,
11.168719,31,,
11.169311,31,577,0
11.171524,31,,
11.172168,31,,
11.172802,31,,
11.173435,31,,
11.174051,31,,
11.174670,31,,
11.175287,31,,
11.175943,31,577,0
11.177794,31,,
11.187503,31,,
11.188466,31,,
11.189097,31,,
11.189742,31,,
11.190392,31,,
11.191021,31,,
11.191632,31,577,0
11.198704,31,,
11.199284,31,,
11.200239,31,,
11.200805,31,,
11.201434,31,,
11.202060,32,,
11.202659,32,,
11.203315,32,577,0
11.205215,32,,
11.205835,32,,
11.206453,32,,
11.207109,32,,
11.208102,32,,
11.208715,32,,
11.218503,32,,
11.219425,32,577,0
11.221277,32,,
11.221930,32,,
11.222550,32,,
11.223211,32,,
11.223855,32,,
11.229603,32,,
11.230559,32,,
11.231212,32,577,0
11.233428,31,,
11.233988,31,,
11.234590,31,,
11.235243,31,,
11.236207,31,,
11.236856,31,,
11.237461,31,,
11.238092,31,577,0
11.239975,31,,
11.249636,31,,
11.250474,31,,
11.251134,31,,
11.252045,31,,
11.252629,31,,
11.253286,31,,
11.254227,31,577,0
11.262075,31,,
11.263010,31,,
11.263576,31,,
11.264228,31,,
11.264844,31,,
11.265428,31,,
11.266406,31,,
11.267031,31,577,0
11.268881,31,,
11.269478,31,,
11.270126,31,,
11.270734,31,,
11.280356,31,,
11.280995,31,,
11.281609,31,,
11.282237,31,577,0
11.284053,31,,
11.284696,31,,
11.285354,31,,
11.285956,31,,
11.291743,31,,
11.292374,31,,
11.292978,31,,
11.293607,31,577,0
11.296181,31,,
11.297138,31,,
11.298094,31,,
11.298691,31,,
11.299315,31,,
11.300259,31,,
11.300886,31,,
11.301478,31,577,0
11.313880,31,,
11.315056,31,,
11.316227,31,,
11.317423,31,,
11.323097,31,,
11.324491,31,,
11.325851,31,,
11.326899,31,577,0
11.330694,31,,
11.331711,31,,
11.332686,31,,
11.342643,31,,
11.343966,31,,
11.345280,31,,
11.346590,31,,
11.347771,31,577,0
11.356648,31,,
11.357953,31,,
11.359287,31,,
11.360654,31,,
11.361996,31,,
11.363395,31,,
11.373405,31,,
11.374336,31,577,0
11.376511,31,,
11.377144,31,,
11.377778,31,,
11.378442,31,,
11.384473,31,,
11.385076,31,,
11.385677,31,,
11.386317,31,577,0
11.388180,31,,
11.388838,31,,
11.389458,31,,
11.390108,31,,
11.391093,31,,
11.392066,31,,
11.393063,31,,
11.394014,31,577,0
11.405299,31,,
11.405894,31,,
11.406910,31,,
11.407851,31,,
11.408806,31,,
11.409725,31,,
11.415528,31,,
11.416443,31,577,0
11.418250,31,,
11.418892,31,,
11.419531,31,,
11.420203,31,,
11.420874,31,,
11.421472,31,,
11.422115,31,,
11.422732,31,577,0
11.424958,31,,
11.425579,31,,
11.435340,31,,
11.436228,31,,
11.436857,31,,
11.437437,31,,
11.438037,31,,
11.438646,31,577,0
11.440497,31,,
11.446704,31,,
11.447593,31,,
11.448247,31,,
11.448853,31,,
11.449433,31,,
11.450045,31,,
11.450703,31,577,0
11.452500,31,,
11.453119,31,,
11.453736,31,,
11.454412,31,,
11.455013,31,,
11.455584,31,,
11.456219,31,,
11.456848,31,577,0
11.468024,31,,
11.468963,31,,
11.469553,31,,
11.470192,31,,
11.470805,31,,
11.471436,31,,
11.472048,31,,
11.477768,31,577,0
11.479701,31,,
11.480560,31,,
11.481193,31,,
11.481779,31,,
11.482367,31,,
11.483365,31,,
11.484281,31,,
11.485275,31,577,0
11.487973,31,,
11.497310,31,,
11.498222,31,,
11.499164,31,,
11.499786,31,,
11.500426,31,,
11.501344,31,,
11.501981,31,577,0
11.509467,31,,
11.510502,31,,
11.511355,31,,
11.511952,31,,
11.512515,31,,
11.513166,31,,
11.513786,31,,
11.514690,31,577,0
11.516516,31,,
11.517171,31,,
11.517787,31,,
11.518402,31,,
11.528335,31,,
11.529197,31,,
11.529806,31,,
11.530408,31,577,0
11.532221,31,,
11.532830,31,,
11.533434,31,,
11.534097,31,,
11.540011,31,,
11.540574,31,,
11.541229,31,,
11.541818,31,577,0
11.543727,31,,
11.544253,31,,
11.544884,31,,
11.545508,31,,
11.546139,31,,
11.546769,31,,
11.547445,31,,
11.548367,31,577,0
11.559388,31,,
11.559967,31,,
11.560596,31,,
11.561213,31,,
11.561837,31,,
11.562433,31,,
11.563070,31,,
11.563687,31,577,0
11.571497,31,,
11.572445,31,,
11.573389,31,,
11.573971,31,,
11.574554,31,,
11.575211,31,,
11.575847,31,,
11.576779,31,577,0
11.579416,31,,
11.580421,31,,
11.580962,31,,
11.590636,31,,
11.591586,31,,
11.592518,31,,
11.593176,31,,
11.594204,31,577,0
11.601659,31,,
11.602264,31,,
11.602911,31,,
11.603514,31,,
11.604139,31,,
11.604739,31,,
11.605385,31,,
11.606015,31,577,0
11.607913,31,,
11.609031,31,,
11.609944,31,,
11.610901,31,,
11.611856,31,,
11.621423,31,,
11.622306,31,,
11.623296,31,577,0
11.625556,31,,
11.626513,31,,
11.632771,31,,
11.633335,31,,
11.634268,31,,
11.634884,31,,
11.635507,31,,
11.636163,31,577,0
11.638401,31,,
11.639023,31,,
11.639637,31,,
11.640252,31,,
11.640856,31,,
11.641477,31,,
11.642082,31,,
11.643031,31,577,0
11.654065,31,,
11.654665,31,,
11.655297,31,,
11.655928,31,,
11.656883,31,,
11.657526,31,,
11.663586,31,,
11.664496,31,577,0
11.666385,31,,
11.667014,31,,
11.667635,31,,
11.668268,31,,
11.668863,31,,
11.669495,31,,
11.670465,31,,
11.671099,31,577,0
11.673524,31,,
11.683319,31,,
11.683922,31,,
11.684890,31,,
11.685499,31,,
11.686451,31,,
11.687104,31,,
11.687737,31,577,0
11.694802,31,,
11.695755,31,,
11.696364,31,,
11.697002,31,,
11.697579,31,,
11.698195,31,,
11.698834,31,,
11.699464,31,577,0
11.701288,31,,
11.702243,31,,
11.702897,31,,
11.703495,31,,
11.704161,31,,
11.704792,31,,
11.714502,31,,
11.715303,31,577,0
11.717144,31,,
11.717765,31,,
11.718401,31,,
11.719024,31,,
11.719620,31,,
11.725820,31,,
11.726769,31,,
11.727913,31,577,0
11.730414,31,,
11.731318,31,,
11.731921,31,,
11.732538,31,,
11.733165,31,,
11.733781,31,,
11.734423,31,,
11.735035,31,577,0
11.746316,30,,
11.746977,30,,
11.747866,30,,
11.748487,30,,
11.749104,30,,
11.749690,30,,
11.750289,30,,
11.751224,30,577,0
11.758349,30,,
11.758933,30,,
11.759576,30,,
11.760528,30,,
11.761169,30,,
11.762148,30,,
11.762768,30,,
11.763405,30,577,0
11.765568,30,,
11.766192,31,,
11.766808,31,,
11.776565,31,,
11.777852,31,,
11.779005,31,,
11.779964,31,,
11.780900,31,577,0
11.788115,31,,
11.788789,31,,
11.789436,31,,
11.790033,31,,
11.790659,31,,
11.791307,31,,
11.792262,31,,
11.792898,31,577,0
11.794769,31,,
11.795386,31,,
11.796332,31,,
11.796945,31,,
11.797519,31,,
11.807456,31,,
11.808446,31,,
11.809010,31,577,0
11.810861,31,,
11.811464,31,,
11.812105,31,,
11.813056,31,,
11.818843,31,,
11.819424,31,,
11.820061,31,,
11.821049,31,577,0
11.823287,31,,
11.823935,31,,
11.824540,31,,
11.825150,31,,
11.825776,31,,
11.826449,31,,
11.827420,31,,
11.828388,31,577,0
11.839247,31,,
11.839879,31,,
11.840485,31,,
11.841121,31,,
11.841789,31,,
11.842758,31,,
11.843713,31,,
11.849540,31,577,0
11.851428,31,,
11.852026,31,,
11.852629,31,,
11.853256,31,,
11.854228,31,,
11.854848,31,,
11.855602,31,,
11.856448,32,577,0
11.858357,32,,
11.859314,32,,
11.859946,32,,
11.869586,32,,
11.870230,32,,
11.870854,32,,
11.871452,32,,
11.872118,32,577,0
11.873992,32,,
11.874979,32,,
11.880616,32,,
11.881176,32,,
11.881796,32,,
11.882441,32,,
11.883029,32,,
11.883594,32,577,0
11.885468,32,,
11.886111,31,,
11.886719,31,,
11.887371,31,,
11.887986,31,,
11.888946,31,,
11.889569,31,,
11.890249,31,577,0
11.901221,31,,
11.901858,31,,
11.902455,31,,
11.903457,31,,
11.904457,31,,
11.905400,31,,
11.906381,31,,
11.912129,31,577,0
11.914291,31,,
11.915083,31,,
11.915951,31,,
11.916556,31,,
11.917185,31,,
11.917792,31,,
11.918737,31,,
11.919391,31,577,0
11.921583,31,,
11.931551,31,,
11.932407,31,,
11.933328,31,,
11.933922,31,,
11.934557,31,,
11.935166,31,,
11.936093,31,577,0
11.943186,31,,
11.944144,31,,
11.944769,31,,
11.945695,31,,
11.946350,31,,
11.947061,31,,
11.947926,31,,
11.948842,31,577,0
11.951802,31,,
11.953029,31,,
11.962646,31,,
11.963698,31,,
11.964768,31,,
11.965815,31,,
11.966862,31,,
11.967885,31,577,0
11.976247,31,,
11.977502,31,,
11.978744,31,,
11.979920,31,,
11.980905,31,,
11.981789,31,,
11.982405,31,,
11.983328,31,577,0
11.994562,31,,
11.995204,31,,
11.995834,31,,
11.996747,31,,
11.997857,31,,
11.998900,31,,
12.004973,31,,
12.005876,31,577,0
12.008390,31,,
12.009345,31,,
12.010289,31,,
12.011297,31,,
12.012238,31,,
12.013192,31,,
12.014192,31,,
12.015160,31,577,0
12.026863,31,,
12.028122,31,,
12.029409,31,,
12.035817,31,,
12.037051,31,,
12.038257,31,,
12.039601,31,,
12.040569,31,577,0
12.043094,31,,
12.043692,31,,
12.044808,31,,
12.045700,31,,
12.055429,31,,
12.056048,31,,
12.056652,31,,
12.057254,31,577,0
12.059095,31,,
12.059703,31,,
12.060315,31,,
12.060913,31,,
12.066684,31,,
12.067273,31,,
12.067902,30,,
12.068507,30,577,0
12.070374,30,,
12.070979,30,,
12.071573,30,,
12.072557,30,,
12.073182,30,,
12.073749,30,,
12.074386,30,,
12.075007,30,577,0
12.076976,30,,
12.086492,30,,
12.087135,30,,
12.087719,30,,
12.088343,30,,
12.088929,30,,
12.089505,30,,
12.090157,30,577,0
12.092409,30,,
12.098067,30,,
12.098645,30,,
12.099296,30,,
12.099942,30,,
12.100538,30,,
12.101162,30,,
12.101784,30,577,0
12.103592,30,,
12.104541,30,,
12.105158,30,,
12.105782,30,,
12.106423,30,,
12.107013,30,,
12.107677,30,,
12.117363,30,577,0
12.119167,30,,
12.119834,30,,
12.120433,30,,
12.121032,30,,
12.121644,30,,
12.122291,30,,
12.122868,30,,
12.128624,30,577,0
12.130413,31,,
12.131045,31,,
12.131613,31,,
12.132368,31,,
12.133247,31,,
12.133831,31,,
12.134432,31,,
12.135053,31,577,0
12.136867,31,,
12.137481,31,,
12.138104,31,,
12.138721,31,,
12.148484,31,,
12.149057,31,,
12.149649,31,,
12.150289,31,577,0
12.152124,31,,
12.152743,31,,
12.153362,31,,
12.153957,31,,
12.159667,31,,
12.160365,31,,
12.161258,31,,
12.161820,31,577,0
12.163678,31,,
12.164310,31,,
12.164929,31,,
12.165485,31,,
12.166147,31,,
12.166724,31,,
12.167326,31,,
12.167974,31,577,0
12.169814,31,,
12.179413,31,,
12.180012,31,,
12.180581,31,,
12.181251,31,,
12.181875,31,,
12.182457,31,,
12.183116,31,577,0
12.184952,31,,
12.191012,31,,
12.191608,31,,
12.192563,31,,
12.193209,31,,
12.194196,31,,
12.194839,31,,
12.195783,31,577,0
12.197645,31,,
12.198246,31,,
12.199180,31,,
12.199807,31,,
12.200449,31,,
12.201374,31,,
12.210761,31,,
12.211350,31,577,0
12.213507,31,,
12.214112,31,,
12.214773,31,,
12.215398,31,,
12.216013,31,,
12.221768,31,,
12.222414,31,,
12.223010,31,577,0
12.224862,31,,
12.225497,31,,
12.226490,31,,
12.227127,31,,
12.227764,31,,
12.228704,31,,
12.229411,31,,
12.230298,31,577,0
12.241444,31,,
12.242394,31,,
12.243329,31,,
12.243984,31,,
12.244605,31,,
12.245234,31,,
12.245883,31,,
12.246496,31,577,0
12.253483,31,,
12.254453,31,,
12.255091,31,,
12.255692,31,,
12.256334,31,,
12.256989,31,,
12.257607,31,,
12.258237,31,577,0
12.260824,31,,
12.261462,31,,
12.262453,31,,
12.263094,31,,
12.272699,31,,
12.273343,31,,
12.273954,31,,
12.274565,31,577,0
12.276485,31,,
12.277452,31,,
12.278427,31,,
12.284199,31,,
12.284749,31,,
12.285360,31,,
12.285986,31,,
12.286941,31,577,0
12.288810,31,,
12.289742,31,,
12.290393,31,,
12.291356,31,,
12.292319,31,,
12.293307,31,,
12.294597,31,,
12.303716,31,577,0
12.305902,31,,
12.306838,31,,
12.307494,31,,
12.308620,31,,
12.314610,31,,
12.315507,31,,
12.316442,31,,
12.317073,31,577,0
12.318913,31,,
12.319884,31,,
12.320511,31,,
12.321164,31,,
12.321784,31,,
12.322872,31,,
12.324024,31,,
12.325271,31,577,0
12.336981,31,,
12.337965,31,,
12.338911,31,,
12.339491,31,,
12.340132,31,,
12.345938,31,,
12.346518,31,,
12.347186,31,577,0
12.348978,31,,
12.349631,31,,
12.350270,31,,
12.350914,31,,
12.351497,31,,
12.352106,31,,
12.352707,31,,
12.353538,31,577,0
12.365659,31,,
12.366766,31,,
12.367903,31,,
12.369077,31,,
12.370265,31,,
12.371510,31,,
12.377110,31,,
12.378001,31,577,0
12.380561,31,,
12.381164,31,,
12.381794,31,,
12.382391,31,,
12.382997,31,,
12.383628,31,,
12.384256,31,,
12.384882,31,577,0
12.386785,31,,
12.396570,31,,
12.397210,31,,
12.397834,31,,
12.398437,31,,
12.399047,31,,
12.399653,31,,
12.400300,31,577,0
12.402125,31,,
12.407883,31,,
12.408533,31,,
12.409534,31,,
12.410493,31,,
12.411096,31,,
12.411709,31,,
12.412347,31,577,0
12.414216,31,,
12.415176,31,,
12.416145,31,,
12.416759,31,,
12.417369,31,,
12.417968,31,,
12.427667,31,,
12.428287,31,577,0
12.430801,31,,
12.431458,31,,
12.432373,31,,
12.432981,31,,
12.438760,31,,
12.439399,31,,
12.440019,31,,
12.440668,31,577,0
12.443266,31,,
12.444258,31,,
12.445238,31,,
12.446206,31,,
12.446816,31,,
12.447448,31,,
12.448085,31,,
12.449032,31,577,0
12.459726,31,,
12.460693,31,,
12.461351,31,,
12.462299,31,,
12.463237,31,,
12.464197,31,,
12.469983,31,,
12.470603,31,577,0
12.472508,31,,
12.473142,31,,
12.474154,31,,
12.475098,31,,
12.476057,31,,
12.476699,31,,
12.477357,31,,
12.478316,31,577,0
12.480215,31,,
12.489889,31,,
12.490813,31,,
12.491454,31,,
12.492085,31,,
12.493044,31,,
12.494007,31,,
12.494645,31,577,0
12.502752,31,,
12.503912,31,,
12.505119,31,,
12.506375,31,,
12.507618,31,,
12.508771,31,,
12.509939,31,,
12.511106,31,577,0
12.523233,31,,
12.524500,31,,
12.525747,31,,
12.531845,31,,
12.532954,31,,
12.533919,31,,
12.534793,31,,
12.535456,31,577,0
12.537279,31,,
12.537913,31,,
12.538893,31,,
12.539540,31,,
12.540520,31,,
12.541171,31,,
12.542133,31,,
12.551535,31,577,0
12.554414,31,,
12.555047,31,,
12.555671,31,,
12.556632,31,,
12.562841,31,,
12.563465,31,,
12.564426,31,,
12.565036,31,577,0
12.566925,31,,
12.567534,31,,
12.568185,31,,
12.568791,31,,
12.569425,31,,
12.570080,31,,
12.570678,31,,
12.571343,31,577,0
12.582614,31,,
12.583190,31,,
12.583797,31,,
12.584441,31,,
12.585071,31,,
12.585654,31,,
12.586312,31,,
12.587274,31,577,0
12.594466,31,,
12.595417,31,,
12.596341,31,,
12.596980,31,,
12.597576,31,,
12.598177,31,,
12.598827,31,,
12.599754,31,577,0
12.601594,31,,
12.602247,31,,
12.602893,31,,
12.603851,31,,
12.613562,31,,
12.614150,31,,
12.614777,31,,
12.615398,31,577,0
12.617253,31,,
12.617865,31,,
12.618838,31,,
12.624642,31,,
12.625281,31,,
12.625898,31,,
12.626638,31,,
12.627466,31,577,0
12.629638,31,,
12.630249,31,,
12.630852,31,,
12.631467,31,,
12.632186,31,,
12.633089,31,,
12.634010,31,,
12.634597,31,577,0
12.646485,31,,
12.647083,31,,
12.647708,31,,
12.648669,31,,
12.649283,31,,
12.649890,31,,
12.656021,31,,
12.656995,31,577,0
12.659579,31,,
12.660582,31,,
12.661618,31,,
12.662597,31,,
12.663486,31,,
12.664398,31,,
12.665000,31,,
12.665935,31,577,0
12.677111,31,,
12.677757,31,,
12.678393,31,,
12.679013,31,,
12.679759,31,,
12.680614,31,,
12.686615,31,,
12.687229,31,577,0
12.689058,31,,
12.689673,31,,
12.690300,31,,
12.690917,31,,
12.691518,31,,
12.692130,31,,
12.692828,31,,
12.693675,31,577,0
12.695565,31,,
12.696189,31,,
12.696822,31,,
12.706600,31,,
12.707447,31,,
12.708094,31,,
12.708687,31,,
12.709329,31,577,0
12.711159,31,,
12.711776,31,,
12.717708,31,,
12.718305,31,,
12.718965,31,,
12.719551,31,,
12.720172,31,,
12.720798,31,577,0
12.722595,31,,
12.723211,31,,
12.723885,31,,
12.724557,31,,
12.725410,31,,
12.726061,31,,
12.726645,31,,
12.727277,31,577,0
12.738128,31,,
12.738701,31,,
12.739320,31,,
12.739942,31,,
12.740581,31,,
12.741140,31,,
12.741790,31,,
12.742422,31,577,0
12.749626,31,,
12.750216,31,,
12.750851,31,,
12.751897,31,,
12.752661,31,,
12.753296,31,,
12.753908,31,,
12.754475,31,577,0
12.756411,31,,
12.756971,31,,
12.757580,31,,
12.758188,31,,
12.758771,31,,
12.768576,31,,
12.769151,31,,
12.769766,31,577,0
12.771923,31,,
12.772525,31,,
12.773280,31,,
12.774189,31,,
12.779842,31,,
12.780686,31,,
12.781348,31,,
12.782279,31,577,0
12.784806,31,,
12.785803,31,,
12.786632,31,,
12.787256,31,,
12.787882,31,,
12.788455,31,,
12.789107,31,,
12.789704,31,577,0
12.801749,31,,
12.802683,31,,
12.803316,31,,
12.804280,31,,
12.804905,31,,
12.810835,31,,
12.811993,31,,
12.813014,31,577,0
12.815660,31,,
12.816219,31,,
12.816844,31,,
12.817421,31,,
12.818160,31,,
12.819123,31,,
12.820093,31,,
12.820706,31,577,0
12.832754,31,,
12.833709,31,,
12.834644,31,,
12.835289,31,,
12.835892,31,,
12.842035,31,,
12.842960,31,,
12.843946,31,577,0
12.845794,31,,
12.846752,31,,
12.847365,31,,
12.847969,31,,
12.848913,31,,
12.849548,31,,
12.850151,31,,
12.850757,31,577,0
12.861892,31,,
12.862809,31,,
12.863765,31,,
12.864370,31,,
12.865502,31,,
12.866602,31,,
12.867512,31,,
12.873131,31,577,0
12.875254,31,,
12.876078,31,,
12.877018,31,,
12.877986,31,,
12.878928,31,,
12.879531,31,,
12.880494,31,,
12.881302,31,577,0
12.892635,31,,
12.893236,31,,
12.893853,31,,
12.894809,31,,
12.895884,31,,
12.896836,31,,
12.897459,31,,
12.898041,31,577,0
12.905137,31,,
12.905755,31,,
12.906720,31,,
12.907668,31,,
12.908314,31,,
12.908933,31,,
12.909882,31,,
12.910831,31,577,0
12.913354,31,,
12.914338,31,,
12.924001,31,,
12.924983,31,,
12.925915,31,,
12.927003,31,,
12.927951,31,,
12.928910,31,577,0
12.936197,31,,
12.937179,31,,
12.937795,31,,
12.938423,30,,
12.939035,30,,
12.939630,30,,
12.940655,30,,
12.941546,30,577,0
12.943991,30,,
12.945148,30,,
12.954739,30,,
12.955703,30,,
12.956772,30,,
12.957682,30,,
12.958542,30,,
12.959589,30,577,0
12.967794,30,,
12.968738,31,,
12.969377,31,,
12.969976,31,,
12.970591,31,,
12.971552,31,,
12.972519,31,,
12.973421,31,577,0
12.976301,31,,
12.985667,31,,
12.986511,31,,
12.987459,31,,
12.988104,31,,
12.988686,31,,
12.989346,31,,
12.989940,31,577,0
12.997726,31,,
12.998377,31,,
12.999310,31,,
12.999928,31,,
13.000510,31,,
13.001116,31,,
13.001746,31,,
13.002393,31,577,0
13.004242,31,,
13.004828,31,,
13.005420,31,,
13.006075,31,,
13.006646,31,,
13.007294,31,,
13.017125,31,,
13.018102,31,577,0
13.019952,31,,
13.020928,31,,
13.021529,31,,
13.022171,31,,
13.028308,31,,
13.029198,31,,
13.029814,31,,
13.030436,31,577,0
13.032583,31,,
13.033234,31,,
13.033831,31,,
13.034430,31,,
13.035063,31,,
13.036020,31,,
13.036609,31,,
13.037243,31,577,0
13.048596,31,,
13.049176,31,,
13.050168,31,,
13.050767,31,,
13.051446,31,,
13.052019,31,,
13.052624,31,,
13.053253,31,577,0
13.061109,31,,
13.061717,31,,
13.062692,31,,
13.063829,31,,
13.064739,31,,
13.065641,31,,
13.066286,31,,
13.067245,31,577,0
13.069132,31,,
13.078869,31,,
13.079793,31,,
13.080391,31,,
13.081382,31,,
13.082343,31,,
13.082853,31,,
13.083454,31,577,0
13.090839,31,,
13.091819,31,,
13.093101,31,,
13.094175,31,,
13.095096,31,,
13.096042,31,,
13.097040,31,,
13.097972,31,577,0
13.099839,31,,
13.109906,31,,
13.111164,31,,
13.112339,31,,
13.113335,31,,
13.114272,31,,
13.115241,31,,
13.121038,31,577,0
13.123915,31,,
13.124843,31,,
13.125817,31,,
13.126444,31,,
13.127065,31,,
13.127698,31,,
13.128313,31,,
13.129283,31,577,0
13.140784,31,,
13.141675,31,,
13.142288,31,,
13.143234,31,,
13.143861,31,,
13.144483,31,,
13.145107,31,,
13.146049,31,577,0
13.154169,31,,
13.155161,31,,
13.156109,31,,
13.157075,31,,
13.158011,31,,
13.158634,31,,
13.159337,31,,
13.160470,31,577,0
13.172139,31,,
13.173120,31,,
13.174090,31,,
13.175086,31,,
13.176134,31,,
13.177211,31,,
13.182883,31,,
13.183798,31,577,0
13.186363,31,,
13.187280,31,,
13.188216,31,,
13.188863,31,,
13.189481,31,,
13.190145,31,,
13.190791,31,,
13.191424,31,577,0
13.202838,31,,
13.203778,31,,
13.204725,31,,
13.205384,31,,
13.206139,31,,
13.207110,31,,
13.208068,31,,
13.214236,31,577,0
13.216763,31,,
13.217710,31,,
13.218668,31,,
13.219626,31,,
13.220579,31,,
13.221206,31,,
13.221809,31,,
13.222754,31,577,0
13.233984,31,,
13.234938,31,,
13.235883,31,,
13.236487,31,,
13.237443,31,,
13.238425,31,,
13.239014,31,,
13.245186,31,577,0
13.247968,31,,
13.248560,31,,
13.249509,31,,
13.250487,31,,
13.251500,31,,
13.252467,31,,
13.253433,31,,
13.254034,31,577,0
13.266008,31,,
13.266911,31,,
13.267510,31,,
13.268484,31,,
13.269447,31,,
13.270047,31,,
13.275933,31,,
13.277107,31,577,0
13.279647,31,,
13.280268,31,,
13.280916,31,,
13.281850,31,,
13.282447,31,,
13.283074,31,,
13.283682,31,,
13.284296,31,577,0
13.295654,31,,
13.296241,31,,
13.296828,31,,
13.297458,31,,
13.298082,31,,
13.298662,31,,
13.299299,31,,
13.299917,31,577,0
13.307313,31,,
13.308207,31,,
13.308793,31,,
13.309679,31,,
13.310319,31,,
13.310925,31,,
13.311508,31,,
13.312161,31,577,0
13.314371,31,,
13.314967,31,,
13.315907,31,,
13.316652,31,,
13.317472,31,,
13.326978,31,,
13.327836,31,,
13.328750,31,577,0
13.330553,31,,
13.331184,31,,
13.331771,31,,
13.332445,31,,
13.338193,31,,
13.338805,31,,
13.339735,31,,
13.340368,31,577,0
13.342187,31,,
13.342792,31,,
13.343421,31,,
13.344369,31,,
13.345037,31,,
13.345566,31,,
13.346174,31,,
13.346793,31,577,0
13.357756,31,,
13.358631,31,,
13.359245,31,,
13.359849,31,,
13.360434,31,,
13.361088,31,,
13.361716,31,,
13.362653,31,577,0
13.369890,31,,
13.370496,31,,
13.371117,31,,
13.371750,31,,
13.372340,31,,
13.372949,31,,
13.373542,31,,
13.374172,31,577,0
13.376025,31,,
13.376765,31,,
13.377689,31,,
13.378592,31,,
13.379465,31,,
13.388954,31,,
13.389865,31,,
13.390485,31,577,0
13.392389,31,,
13.393030,31,,
13.393950,31,,
13.400156,31,,
13.400747,31,,
13.401695,31,,
13.402630,31,,
13.403242,31,577,0
13.405806,31,,
13.406381,31,,
13.407348,31,,
13.408273,31,,
13.409147,31,,
13.409767,31,,
13.419798,31,,
13.420644,31,577,0
13.422476,31,,
13.423092,31,,
13.423695,31,,
13.424420,31,,
13.425236,31,,
13.430853,31,,
13.431737,31,,
13.432390,31,577,0
13.434163,31,,
13.434828,31,,
13.435451,31,,
13.436061,31,,
13.436957,31,,
13.437581,31,,
13.438238,31,,
13.438852,31,577,0
13.441022,31,,
13.450868,31,,
13.451862,31,,
13.453006,31,,
13.453988,31,,
13.454935,31,,
13.455878,31,,
13.461955,31,577,0
13.464863,31,,
13.465659,31,,
13.466612,31,,
13.467630,31,,
13.468545,31,,
13.469570,31,,
13.470488,31,,
13.471088,31,577,0
13.482237,31,,
13.483217,31,,
13.484164,31,,
13.485302,31,,
13.486391,31,,
13.487587,31,,
13.493227,31,,
13.494172,31,577,0
13.497083,31,,
13.498044,31,,
13.498991,31,,
13.499940,31,,
13.501143,31,,
13.502225,31,,
13.503275,31,,
13.512996,31,577,0
13.516132,31,,
13.517213,31,,
13.518228,31,,
13.524068,31,,
13.525046,31,,
13.525981,31,,
13.526693,31,,
13.527298,31,577,0
13.529831,31,,
13.530917,31,,
13.531984,31,,
13.532985,31,,
13.534019,31,,
13.543926,31,,
13.545025,31,,
13.545950,31,577,0
13.548686,31,,
13.549627,31,,
13.555245,31,,
13.556174,31,,
13.557264,31,,
13.558464,31,,
13.559525,31,,
13.560481,31,577,0
13.563412,31,,
13.564374,31,,
13.565315,31,,
13.574911,31,,
13.576017,31,,
13.577041,31,,
13.578067,31,,
13.579044,31,577,0
13.587481,31,,
13.588544,31,,
13.589476,31,,
13.590408,31,,
13.591150,31,,
13.592020,31,,
13.592930,31,,
13.593525,31,577,0
13.595812,31,,
13.605830,31,,
13.606773,31,,
13.607372,31,,
13.608305,31,,
13.609282,31,,
13.610245,31,,
13.610882,31,577,0
13.618891,31,,
13.619474,31,,
13.620448,31,,
13.621049,31,,
13.621641,31,,
13.622246,31,,
13.622864,31,,
13.623473,31,577,0
13.625362,31,,
13.626244,31,,
13.626860,31,,
13.636965,31,,
13.637894,31,,
13.638510,31,,
13.639132,31,,
13.640083,31,577,0
13.642550,31,,
13.648036,31,,
13.649043,31,,
13.649923,31,,
13.650509,31,,
13.651489,31,,
13.652148,31,,
13.653084,31,577,0
13.655022,31,,
13.655622,31,,
13.656555,31,,
13.657190,31,,
13.658062,31,,
13.668069,31,,
13.669099,31,,
13.670067,31,577,0
13.672984,31,,
13.679435,31,,
13.680618,31,,
13.681681,31,,
13.682622,31,,
13.683601,31,,
13.684530,31,,
13.685569,31,577,0
13.687689,31,,
13.688333,31,,
13.688941,31,,
13.698912,31,,
13.699924,31,,
13.700880,31,,
13.701818,31,,
13.702473,31,577,0
13.709997,31,,
13.711085,31,,
13.712036,31,,
13.712975,31,,
13.713603,31,,
13.714218,31,,
13.715189,31,,
13.716112,31,577,0
13.717926,31,,
13.718547,31,,
13.719157,31,,
13.719854,31,,
13.720348,31,,
13.730111,31,,
13.730948,31,,
13.731505,31,577,0
13.733429,31,,
13.734371,31,,
13.734933,31,,
13.740934,31,,
13.741880,31,,
13.742816,31,,
13.743781,31,,
13.744456,31,577,0
13.746636,31,,
13.747302,31,,
13.748229,31,,
13.748858,31,,
13.749445,31,,
13.750101,31,,
13.750712,31,,
13.751347,31,577,0
13.762129,31,,
13.763102,31,,
13.764046,31,,
13.764673,31,,
13.765275,31,,
13.766220,31,,
13.772129,31,,
13.772731,31,577,0
13.776197,31,,
13.777313,31,,
13.778592,31,,
13.779809,31,,
13.781072,31,,
13.782306,31,,
13.791980,31,,
13.793225,31,577,0
13.796766,31,,
13.797637,31,,
13.803213,31,,
13.803807,31,,
13.804751,31,,
13.805411,31,,
13.806378,31,,
13.807409,31,577,0
13.810273,31,,
13.810858,31,,
13.811807,31,,
13.812436,31,,
13.813057,31,,
13.822818,31,,
13.823722,31,,
13.824434,31,577,0
13.826803,31,,
13.827411,31,,
13.828019,31,,
13.833962,31,,
13.834576,31,,
13.835196,31,,
13.835833,31,,
13.836546,31,577,0
13.838791,31,,
13.839441,31,,
13.840390,31,,
13.840974,31,,
13.841604,31,,
13.842222,31,,
13.843162,31,,
13.844148,31,577,0
13.854967,31,,
13.855919,31,,
13.856552,31,,
13.857185,31,,
13.857858,31,,
13.858460,31,,
13.859088,31,,
13.865169,31,577,0
13.867735,31,,
13.868686,31,,
13.869621,31,,
13.870284,31,,
13.871237,31,,
13.871886,31,,
13.872897,31,,
13.873818,31,577,0
13.885125,31,,
13.885933,31,,
13.886552,31,,
13.887144,31,,
13.887822,31,,
13.888755,31,,
13.889357,31,,
13.889986,31,577,0
13.897519,31,,
13.898131,31,,
13.899061,31,,
13.899648,31,,
13.900252,31,,
13.900885,31,,
13.901465,31,,
13.902083,31,577,0
13.903990,31,,
13.904552,31,,
13.905208,31,,
13.905816,31,,
13.915783,31,,
13.916360,31,,
13.917306,31,,
13.917931,31,577,0
13.919787,31,,
13.920735,31,,
13.921390,31,,
13.927114,31,,
13.928061,31,,
13.928979,31,,
13.929840,31,,
13.930446,31,577,0
13.932293,31,,
13.932926,31,,
13.933619,31,,
13.934524,31,,
13.935082,31,,
13.936021,31,,
13.936636,31,,
13.937243,31,577,0
13.948459,31,,
13.949043,31,,
13.949624,31,,
13.950240,31,,
13.950869,30,,
13.951475,30,,
13.952106,30,,
13.958249,30,577,0
13.961031,30,,
13.961545,30,,
13.962194,30,,
13.963114,30,,
13.963748,30,,
13.964389,30,,
13.965359,30,,
13.966284,30,577,0
13.968396,30,,
13.978064,30,,
13.978946,30,,
13.979479,30,,
13.980131,30,,
13.980753,30,,
13.981356,30,,
13.981957,30,577,0
13.988920,30,,
13.989850,30,,
13.990812,30,,
13.991458,30,,
13.992354,30,,
13.992969,30,,
13.993952,30,,
13.994847,30,577,0
13.996635,30,,
13.997301,30,,
13.997899,30,,
13.998510,30,,
13.999143,30,,
14.008805,30,,
14.009686,30,,
14.010290,30,577,0
14.012135,31,,
14.012743,31,,
14.013367,31,,
14.013980,31,,
14.019985,31,,
14.020585,31,,
14.021201,31,,
14.021836,31,577,0
14.023705,31,,
14.024578,31,,
14.025204,31,,
14.025803,31,,
14.026421,31,,
14.027029,31,,
14.027647,31,,
14.028308,31,577,0
14.039746,31,,
14.040334,31,,
14.040930,31,,
14.041522,31,,
14.042140,31,,
14.042765,31,,
14.043387,31,,
14.043983,31,577,0
14.051267,31,,
14.051895,31,,
14.052502,31,,
14.053154,31,,
14.054112,31,,
14.054767,31,,
14.055395,31,,
14.056051,31,577,0
14.057918,31,,
14.058524,31,,
14.059176,31,,
14.060144,31,,
14.060768,31,,
14.061419,31,,
14.071020,31,,
14.071592,31,577,0
14.073822,31,,
14.074453,31,,
14.075098,31,,
14.075712,31,,
14.076506,31,,
14.082365,31,,
14.083412,31,,
14.084445,31,577,0
14.087655,31,,
14.088805,31,,
14.089994,31,,
14.091200,31,,
14.092159,31,,
14.102136,31,,
14.103267,31,,
14.104488,31,577,0
14.113155,31,,
14.114191,31,,
14.115212,31,,
14.116200,31,,
14.117175,31,,
14.118157,31,,
14.119176,31,,
14.120151,31,577,0
14.122962,30,,
14.132965,30,,
14.133856,30,,
14.134466,30,,
14.135421,30,,
14.136012,30,,
14.137023,30,,
14.137993,30,577,0
14.145664,30,,
14.146340,30,,
14.146928,30,,
14.147497,30,,
14.148162,30,,
14.148781,30,,
14.149383,30,,
14.149988,30,577,0
14.151851,30,,
14.152470,30,,
14.153091,30,,
14.153718,30,,
14.154372,30,,
14.164125,30,,
14.164985,30,,
14.165937,30,577,0
14.168130,30,,
14.168736,30,,
14.169414,30,,
14.175202,30,,
14.176071,30,,
14.177041,30,,
14.177852,30,,
14.178787,30,577,0
14.180985,30,,
14.181945,30,,
14.182566,31,,
14.183217,31,,
14.183847,31,,
14.184477,31,,
14.185086,31,,
14.194897,31,577,0
14.197669,31,,
14.198287,31,,
14.198938,31,,
14.199522,31,,
14.200138,31,,
14.205974,31,,
14.206938,31,,
14.207893,31,577,0
14.209744,31,,
14.210810,31,,
14.211392,31,,
14.212025,31,,
14.213017,30,,
14.213926,30,,
14.214535,30,,
14.215495,30,577,0
14.226844,30,,
14.227421,30,,
14.228096,30,,
14.228677,30,,
14.229318,30,,
14.229933,30,,
14.230499,30,,
14.231160,30,577,0
14.238444,30,,
14.239084,30,,
14.239679,30,,
14.240358,30,,
14.240941,30,,
14.241911,30,,
14.243234,30,,
14.244382,30,577,0
14.247227,30,,
14.256826,30,,
14.257747,30,,
14.258752,30,,
14.259657,30,,
14.260621,30,,
14.261234,30,,
14.261858,30,577,0
14.269219,30,,
14.269868,30,,
14.270497,30,,
14.271145,30,,
14.271724,30,,
14.272367,30,,
14.273354,30,,
14.274341,30,577,0
14.277405,30,,
14.278440,30,,
14.287912,30,,
14.288790,30,,
14.289428,30,,
14.290052,30,,
14.290990,30,,
14.291578,30,577,0
14.293417,30,,
14.299184,30,,
14.299831,30,,
14.300435,30,,
14.301377,30,,
14.302313,30,,
14.302941,30,,
14.303578,30,577,0
14.305820,30,,
14.306802,30,,
14.307775,30,,
14.308723,30,,
14.309649,30,,
14.319016,30,,
14.319943,30,,
14.320578,30,577,0
14.322819,30,,
14.323433,30,,
14.324143,30,,
14.330359,30,,
14.331206,30,,
14.331798,30,,
14.332398,30,,
14.333000,30,577,0
14.334843,30,,
14.335444,30,,
14.336049,30,,
14.336679,30,,
14.337296,30,,
14.337907,30,,
14.338519,30,,
14.339153,30,577,0
14.350271,30,,
14.351195,30,,
14.351784,30,,
14.352420,30,,
14.353410,30,,
14.354383,30,,
14.354959,30,,
14.361034,30,577,0
14.363141,30,,
14.363737,30,,
14.364374,30,,
14.364966,30,,
14.365586,30,,
14.366190,30,,
14.366810,30,,
14.367406,30,577,0
14.369259,30,,
14.369872,30,,
14.370482,30,,
14.371087,30,,
14.380862,30,,
14.381726,30,,
14.382382,30,,
14.382946,30,577,0
14.384785,30,,
14.385429,30,,
14.386022,30,,
14.392052,30,,
14.392606,30,,
14.393244,30,,
14.393824,30,,
14.394455,30,577,0
14.396249,30,,
14.396921,30,,
14.397529,30,,
14.398085,30,,
14.398765,30,,
14.399392,30,,
14.400009,30,,
14.400591,30,577,0
14.402480,30,,
14.412102,30,,
14.413032,30,,
14.413627,30,,
14.414261,30,,
14.414881,30,,
14.415479,30,,
14.416082,30,577,0
14.423368,30,,
14.423971,30,,
14.424966,30,,
14.425883,30,,
14.426830,30,,
14.427949,30,,
14.429025,30,,
14.429985,30,577,0
14.432488,30,,
14.433451,30,,
14.442998,30,,
14.443960,30,,
14.444911,30,,
14.445845,30,,
14.446475,30,,
14.447096,30,577,0
14.454170,30,,
14.454839,30,,
14.455983,30,,
14.456980,30,,
14.457870,30,,
14.458891,30,,
14.459826,30,,
14.460769,30,577,0
14.462968,30,,
14.463923,30,,
14.473885,30,,
14.474816,30,,
14.475449,30,,
14.476064,30,,
14.477019,30,,
14.477660,30,577,0
14.479738,30,,
14.485517,30,,
14.486572,30,,
14.487496,30,,
14.488091,30,,
14.488685,30,,
14.489340,30,,
14.489918,30,577,0
14.491796,30,,
14.492749,30,,
14.493722,30,,
14.494641,30,,
14.495586,30,,
14.505011,30,,
14.505934,30,,
14.506581,30,577,0
14.509110,30,,
14.509711,30,,
14.510361,31,,
14.516422,31,,
14.516996,31,,
14.517953,31,,
14.518913,31,,
14.519520,31,577,0
14.521458,31,,
14.522614,31,,
14.523552,31,,
14.524508,31,,
14.525452,31,,
14.526099,31,,
14.535995,31,,
14.536907,31,577,0
14.538810,31,,
14.539795,31,,
14.540757,31,,
14.541669,31,,
14.547223,31,,
14.548136,31,,
14.549112,31,,
14.549648,31,577,0
14.551468,31,,
14.552122,31,,
14.553071,31,,
14.553649,31,,
14.554288,31,,
14.554915,31,,
14.555496,31,,
14.556104,31,577,0
14.567042,31,,
14.567598,31,,
14.568242,31,,
14.568865,31,,
14.569436,31,,
14.570075,31,,
14.570685,31,,
14.571307,31,577,0
14.578466,30,,
14.579336,30,,
14.579938,30,,
14.580527,30,,
14.581133,30,,
14.581772,30,,
14.582398,30,,
14.583000,30,577,0
14.584853,30,,
14.585787,30,,
14.586409,30,,
14.587024,30,,
14.587586,30,,
14.588232,30,,
14.598024,30,,
14.598845,30,577,0
14.600904,30,,
14.601873,30,,
14.602672,30,,
14.603317,30,,
14.609397,30,,
14.610351,30,,
14.610960,30,,
14.611860,30,577,0
14.613730,30,,
14.614332,30,,
14.614944,30,,
14.615902,30,,
14.616462,30,,
14.617119,30,,
14.617673,30,,
14.618463,30,577,0
14.629981,30,,
14.630943,30,,
14.631890,30,,
14.632449,30,,
14.633104,31,,
14.633724,31,,
14.634447,31,,
14.640084,31,577,0
14.642267,31,,
14.643183,31,,
14.643744,31,,
14.644688,31,,
14.645423,31,,
14.646280,31,,
14.646969,31,,
14.647852,31,577,0
14.650384,31,,
14.659994,31,,
14.660845,31,,
14.661463,31,,
14.662054,31,,
14.663003,31,,
14.663619,31,,
14.664230,31,577,0
14.671217,31,,
14.671829,31,,
14.672445,31,,
14.673072,31,,
14.673754,31,,
14.674609,31,,
14.675203,31,,
14.675811,31,577,0
14.678054,31,,
14.678643,31,,
14.679282,31,,
14.679900,31,,
14.680508,31,,
14.681123,31,,
14.691007,31,,
14.691921,31,577,0
14.694124,31,,
14.695067,31,,
14.695636,31,,
14.696274,31,,
14.702617,31,,
14.703563,31,,
14.704502,31,,
14.705134,31,577,0
14.707456,31,,
14.708411,31,,
14.709034,31,,
14.709621,31,,
14.710258,31,,
14.711199,31,,
14.711821,31,,
14.712443,31,577,0
14.724024,31,,
14.725016,31,,
14.725839,31,,
14.726861,31,,
14.727749,31,,
14.733366,31,,
14.734272,31,,
14.734877,31,577,0
14.736786,31,,
14.737728,31,,
14.738703,31,,
14.739363,31,,
14.740298,31,,
14.740945,31,,
14.741902,31,,
14.742528,31,577,0
14.753462,31,,
14.754401,30,,
14.755015,30,,
14.755612,30,,
14.756249,30,,
14.757217,30,,
14.757854,30,,
14.758508,30,577,0
14.765825,30,,
14.766477,30,,
14.767086,30,,
14.767727,30,,
14.768596,30,,
14.769869,30,,
14.771117,30,,
14.772384,30,577,0
14.784110,30,,
14.785072,30,,
14.786020,30,,
14.787012,30,,
14.787630,30,,
14.788278,30,,
14.789260,30,,
14.795425,30,577,0
14.797450,30,,
14.798091,30,,
14.798683,30,,
14.799300,30,,
14.799954,30,,
14.800588,30,,
14.801190,30,,
14.801825,30,577,0
14.803734,30,,
14.804709,30,,
14.805352,30,,
14.815050,30,,
14.815908,30,,
14.816843,30,,
14.817462,30,,
14.818087,30,577,0
14.826139,30,,
14.827293,30,,
14.828550,30,,
14.829608,30,,
14.830685,30,,
14.831769,30,,
14.832873,30,,
14.834084,30,577,0
14.846108,30,,
14.847025,30,,
14.847594,30,,
14.848518,30,,
14.849145,30,,
14.850072,30,,
14.850696,30,,
14.851335,30,577,0
14.858585,30,,
14.859755,30,,
14.860732,30,,
14.861600,30,,
14.862534,30,,
14.863415,30,,
14.864281,30,,
14.865404,30,577,0
14.877222,31,,
14.878295,31,,
14.879194,31,,
14.879801,31,,
14.880384,31,,
14.880994,31,,
14.881582,31,,
14.882228,31,577,0
14.889967,31,,
14.890560,31,,
14.891221,31,,
14.892149,31,,
14.892789,31,,
14.893438,31,,
14.894064,31,,
14.895013,31,577,0
14.897738,31,,
14.898350,31,,
14.908047,31,,
14.909159,31,,
14.910047,31,,
14.910628,31,,
14.911265,31,,
14.911894,31,577,0
14.919062,31,,
14.919690,31,,
14.920304,31,,
14.921259,31,,
14.921899,31,,
14.922866,31,,
14.923496,31,,
14.924083,31,577,0
14.927100,31,,
14.928033,31,,
14.928611,31,,
14.929557,31,,
14.938966,31,,
14.939917,31,,
14.940902,31,,
14.941675,31,577,0
14.944228,31,,
14.950133,31,,
14.950722,31,,
14.951658,31,,
14.952318,31,,
14.953281,31,,
14.953933,31,,
14.954541,31,577,0
14.956927,31,,
14.957873,31,,
14.958481,31,,
14.959450,31,,
14.960411,31,,
14.970057,31,,
14.970671,31,,
14.971296,31,577,0
14.973164,31,,
14.973809,31,,
14.974467,31,,
14.975413,31,,
14.981430,31,,
14.982335,31,,
14.982938,31,,
14.983556,31,577,0
14.985394,31,,
14.986016,31,,
14.986613,31,,
14.987226,31,,
14.987858,31,,
14.988809,31,,
14.989444,31,,
14.990056,31,577,0
15.001266,31,,
15.001879,31,,
15.002501,31,,
15.003132,31,,
15.003750,31,,
15.004397,31,,
15.005011,31,,
15.005632,31,577,0
15.012727,31,,
15.013680,31,,
15.014649,31,,
15.015258,31,,
15.015896,31,,
15.016500,30,,
15.017452,30,,
15.018117,30,577,0
15.020350,30,,
15.021351,30,,
15.022290,30,,
15.032109,30,,
15.033036,30,,
15.033663,30,,
15.034615,30,,
15.035255,30,577,0
15.037162,30,,
15.043055,30,,
15.043677,30,,
15.044299,30,,
15.045238,30,,
15.045866,30,,
15.046467,30,,
15.047439,31,577,0
15.049303,31,,
15.049919,31,,
15.050527,31,,
15.051158,31,,
15.051775,31,,
15.052417,31,,
15.053048,31,,
15.053666,31,577,0
15.064465,31,,
15.065095,31,,
15.065718,31,,
15.066338,31,,
15.067276,31,,
15.067929,31,,
15.068921,31,,
15.074677,31,577,0
15.076571,31,,
15.077204,31,,
15.078160,31,,
15.079119,30,,
15.079754,30,,
15.080395,30,,
15.081002,30,,
15.081607,30,577,0
15.083454,30,,
15.084407,30,,
15.094100,30,,
15.095032,30,,
15.095667,30,,
15.096621,30,,
15.097240,30,,
15.097866,30,577,0
15.105104,30,,
15.105733,30,,
15.106375,30,,
15.107002,30,,
15.107626,30,,
15.108234,30,,
15.109228,30,,
15.109858,30,577,0
15.112096,30,,
15.113063,30,,
15.113688,30,,
15.114296,30,,
15.115213,30,,
15.125070,30,,
15.125995,30,,
15.126640,30,577,0
15.128841,30,,
15.129452,30,,
15.130068,30,,
15.136115,30,,
15.136749,30,,
15.137379,30,,
15.138000,30,,
15.138618,30,577,0
15.140488,30,,
15.141117,30,,
15.141736,30,,
15.142374,30,,
15.142977,30,,
15.143575,30,,
15.144511,30,,
15.145123,30,577,0
15.156001,30,,
15.157053,30,,
15.157924,30,,
15.158525,30,,
15.159513,30,,
15.160492,30,,
15.161156,30,,
15.167386,30,577,0
15.169545,31,,
15.170194,31,,
15.170823,31,,
15.171474,31,,
15.172114,31,,
15.172746,31,,
15.173395,31,,
15.174341,31,577,0
15.176191,31,,
15.177145,31,,
15.186948,31,,
15.187509,31,,
15.188142,31,,
15.188737,31,,
15.189358,31,,
15.189996,31,577,0
15.191827,31,,
15.192441,31,,
15.198175,31,,
15.198773,31,,
15.199400,31,,
15.199999,31,,
15.200611,31,,
15.201191,31,577,0
15.203069,31,,
15.203684,31,,
15.204276,31,,
15.204900,31,,
15.205497,31,,
15.206299,31,,
15.207417,31,,
15.208505,31,577,0
15.220339,31,,
15.221377,31,,
15.222229,31,,
15.223207,31,,
15.229205,30,,
15.229755,30,,
15.230677,30,,
15.231279,30,577,0
15.233141,30,,
15.233764,30,,
15.234379,30,,
15.234970,30,,
15.235579,30,,
15.236190,30,,
15.236817,30,,
15.237404,30,577,0
15.239299,30,,
15.249097,30,,
15.249941,30,,
15.250544,30,,
15.251140,30,,
15.251756,30,,
15.252383,30,,
15.252999,30,577,0
15.260434,31,,
15.261467,31,,
15.262512,31,,
15.263589,31,,
15.264689,31,,
15.265733,31,,
15.266754,31,,
15.267749,31,577,0
15.270701,31,,
15.280174,31,,
15.281168,31,,
15.282122,31,,
15.283129,31,,
15.284086,31,,
15.285016,31,,
15.285974,31,577,0
15.292955,31,,
15.293913,31,,
15.294863,31,,
15.295432,31,,
15.296066,31,,
15.296690,31,,
15.297303,31,,
15.297926,31,577,0
15.299758,31,,
15.300367,31,,
15.300977,31,,
15.301547,31,,
15.311209,31,,
15.311831,31,,
15.312452,31,,
15.313419,31,577,0
15.315215,31,,
15.315838,31,,
15.316431,31,,
15.322274,31,,
15.323230,31,,
15.323842,31,,
15.324478,31,,
15.325120,31,577,0
15.327005,31,,
15.327969,31,,
15.328906,31,,
15.329919,31,,
15.330857,31,,
15.331423,31,,
15.332075,31,,
15.342000,31,577,0
15.344554,31,,
15.345512,31,,
15.346145,31,,
15.346752,31,,
15.347391,31,,
15.353472,31,,
15.354419,31,,
15.355018,31,577,0
15.356902,31,,
15.357523,31,,
15.358138,31,,
15.358769,31,,
15.359415,31,,
15.360042,31,,
15.360643,31,,
15.361272,31,577,0
15.363474,31,,
15.373220,31,,
15.373865,31,,
15.374482,31,,
15.375118,31,,
15.375729,31,,
15.376361,31,,
15.377335,30,577,0
15.384381,30,,
15.385289,30,,
15.385916,30,,
15.386526,30,,
15.387150,30,,
15.387793,30,,
15.388456,30,,
15.389399,30,577,0
15.392633,30,,
15.393862,30,,
15.395044,30,,
15.404570,31,,
15.405891,31,,
15.407240,31,,
15.408644,31,,
15.409852,31,577,0
15.417564,31,,
15.418737,31,,
15.419903,31,,
15.421185,31,,
15.422197,31,,
15.423486,31,,
15.424783,31,,
15.426027,31,577,0
15.437843,30,,
15.439062,30,,
15.440300,30,,
15.446836,30,,
15.447914,30,,
15.448974,30,,
15.450024,30,,
15.451098,30,577,0
15.454691,30,,
15.455883,30,,
15.457139,30,,
15.466431,30,,
15.467568,30,,
15.468784,30,,
15.469986,30,,
15.471217,30,577,0
15.479906,30,,
15.481012,30,,
15.482091,30,,
15.483158,30,,
15.484227,30,,
15.485372,30,,
15.486489,30,,
15.487649,30,577,0
15.498939,30,,
15.500093,30,,
15.501161,30,,
15.502277,30,,
15.508628,30,,
15.509877,30,,
15.511106,30,,
15.512269,30,577,0
15.515075,30,,
15.516103,30,,
15.517121,30,,
15.518173,30,,
15.528264,30,,
15.529181,30,,
15.529809,30,,
15.530713,30,577,0
15.532893,30,,
15.533513,30,,
15.539603,30,,
15.540581,30,,
15.541533,30,,
15.542204,30,,
15.543132,30,,
15.543760,30,577,0
15.545620,30,,
15.546254,30,,
15.546861,30,,
15.547460,30,,
15.548060,30,,
15.548702,30,,
15.549277,30,,
15.559055,31,577,0
15.560952,31,,
15.561571,31,,
15.562187,31,,
15.563149,31,,
15.563750,31,,
15.564369,31,,
15.570261,31,,
15.570898,31,577,0
15.573117,31,,
15.573733,31,,
15.574365,31,,
15.575309,31,,
15.575985,31,,
15.576943,31,,
15.577573,31,,
15.578193,31,577,0
15.580082,31,,
15.580710,31,,
15.590368,31,,
15.591007,31,,
15.591973,31,,
15.592613,31,,
15.593234,31,,
15.593864,31,577,0
15.595724,31,,
15.601589,31,,
15.602512,31,,
15.603116,31,,
15.603743,31,,
15.604378,31,,
15.605331,31,,
15.605975,31,577,0
15.607900,31,,
15.608534,31,,
15.609137,31,,
15.609788,31,,
15.610721,31,,
15.611349,31,,
15.621158,31,,
15.621805,31,577,0
15.623648,31,,
15.624291,31,,
15.625253,31,,
15.626219,31,,
15.632420,31,,
15.632998,31,,
15.633963,31,,
15.634573,31,577,0
15.636461,31,,
15.637089,31,,
15.637719,31,,
15.638359,31,,
15.639329,31,,
15.639956,31,,
15.640935,30,,
15.641557,30,577,0
15.653028,30,,
15.653650,30,,
15.654245,30,,
15.654872,30,,
15.655504,30,,
15.656133,30,,
15.656789,30,,
15.657716,30,577,0
15.664413,30,,
15.665050,30,,
15.665644,30,,
15.666258,30,,
15.666886,30,,
15.667848,30,,
15.668842,30,,
15.669482,30,577,0
15.671362,31,,
15.672025,31,,
15.672652,31,,
15.673283,31,,
15.683004,31,,
15.683595,31,,
15.684219,31,,
15.685164,31,577,0
15.687464,31,,
15.688092,31,,
15.688719,31,,
15.694570,31,,
15.695484,31,,
15.696110,31,,
15.696728,31,,
15.697363,31,577,0
15.699549,31,,
15.700186,31,,
15.700805,31,,
15.701469,31,,
15.702410,31,,
15.703349,31,,
15.703961,31,,
15.704578,31,577,0
15.715898,31,,
15.716833,31,,
15.717479,31,,
15.718116,31,,
15.719084,31,,
15.719717,31,,
15.726138,31,,
15.727270,31,577,0
15.730131,31,,
15.731115,31,,
15.731714,31,,
15.732306,31,,
15.732913,31,,
15.733508,31,,
15.734146,31,,
15.735100,31,577,0
15.746011,31,,
15.746616,31,,
15.747223,31,,
15.747852,31,,
15.748822,31,,
15.749460,31,,
15.750403,31,,
15.756307,31,577,0
15.758171,31,,
15.759159,31,,
15.760124,31,,
15.761111,31,,
15.761733,31,,
15.762357,31,,
15.762980,31,,
15.763586,31,577,0
15.765453,31,,
15.766094,31,,
15.767025,31,,
15.776441,31,,
15.777416,31,,
15.778361,31,,
15.778984,31,,
15.779959,31,577,0
15.787313,31,,
15.787960,31,,
15.788581,31,,
15.789205,31,,
15.789848,31,,
15.790453,31,,
15.791416,31,,
15.792017,31,577,0
15.794229,31,,
15.794849,31,,
15.795530,31,,
15.796449,31,,
15.797027,31,,
15.797984,31,,
15.807296,31,,
15.807916,31,577,0
15.809760,31,,
15.810362,31,,
15.810980,31,,
15.811602,31,,
15.812210,31,,
15.818469,31,,
15.819088,31,,
15.819680,31,577,0
15.821531,31,,
15.822135,31,,
15.822755,31,,
15.823406,31,,
15.824012,31,,
15.824578,31,,
15.825239,31,,
15.825877,31,577,0
15.827753,31,,
15.828668,31,,
15.838022,31,,
15.838585,31,,
15.839231,31,,
15.839848,31,,
15.840453,31,,
15.841063,31,577,0
15.842913,31,,
15.843519,31,,
15.849412,31,,
15.850263,31,,
15.851221,31,,
15.851836,31,,
15.852434,31,,
15.853045,31,577,0
15.855248,31,,
15.855864,31,,
15.856464,31,,
15.857098,31,,
15.857686,31,,
15.858310,31,,
15.858936,31,,
15.859535,31,577,0
15.870773,31,,
15.871550,31,,
15.872487,31,,
15.873481,31,,
15.874428,31,,
15.880369,31,,
15.881251,31,,
15.882188,31,577,0
15.884330,31,,
15.884931,31,,
15.885907,31,,
15.886896,31,,
15.887470,31,,
15.888105,31,,
15.889061,31,,
15.890041,31,577,0
15.901337,31,,
15.902274,31,,
15.902892,31,,
15.903489,31,,
15.904110,31,,
15.905067,31,,
15.905630,31,,
15.911745,31,577,0
15.913864,31,,
15.914454,31,,
15.915074,31,,
15.915672,31,,
15.916273,31,,
15.916903,31,,
15.917492,31,,
15.918089,31,577,0
15.919974,31,,
15.920567,31,,
15.921198,31,,
15.931031,31,,
15.931610,31,,
15.932261,31,,
15.932845,31,,
15.933483,31,577,0
15.935294,31,,
15.935936,31,,
15.936535,31,,
15.942373,31,,
15.943330,31,,
15.943950,31,,
15.944576,31,,
15.945540,31,577,0
15.947394,31,,
15.948359,31,,
15.948963,31,,
15.949582,31,,
15.950225,31,,
15.950846,31,,
15.951480,31,,
15.952124,31,577,0
15.962971,31,,
15.963602,31,,
15.964230,31,,
15.965180,31,,
15.965790,31,,
15.966433,31,,
15.967030,31,,
15.967659,31,577,0
15.974713,31,,
15.975316,31,,
15.975921,31,,
15.976564,31,,
15.977190,31,,
15.977829,31,,
15.978441,31,,
15.979066,31,577,0
15.980937,31,,
15.981515,31,,
15.982130,31,,
15.983013,31,,
15.984171,31,,
15.993683,31,,
15.994875,31,,
15.996042,31,577,0
16.004887,31,,
16.006084,31,,
16.007319,31,,
16.008611,31,,
16.009779,31,,
16.011008,31,,
16.012186,31,,
16.013318,31,577,0
16.025983,31,,
16.027252,31,,
16.028477,31,,
16.029635,31,,
16.035491,31,,
16.036623,31,,
16.037810,31,,
16.039001,31,577,0
16.042454,31,,
16.043366,31,,
16.044644,31,,
16.045676,31,,
16.055476,31,,
16.056730,31,,
16.057986,31,,
16.059223,31,577,0
16.067740,31,,
16.068892,31,,
16.070098,31,,
16.071283,31,,
16.072548,31,,
16.073760,31,,
16.075012,31,,
16.076251,31,577,0
16.088850,31,,
16.090077,31,,
16.091311,31,,
16.097842,31,,
16.099045,31,,
16.100093,31,,
16.101292,31,,
16.102581,31,577,0
16.106252,31,,
16.107571,31,,
16.117463,31,,
16.118590,31,,
16.119498,31,,
16.120776,31,,
16.121958,31,,
16.123196,31,577,0
16.130951,31,,
16.132043,31,,
16.132904,31,,
16.133843,31,,
16.134784,31,,
16.135453,31,,
16.136372,31,,
16.137003,31,577,0
16.138902,31,,
16.148482,31,,
16.149053,31,,
16.149689,31,,
16.150305,31,,
16.151267,31,,
16.151884,31,,
16.152493,31,577,0
16.159405,31,,
16.160053,31,,
16.160621,31,,
16.161259,31,,
16.161925,31,,
16.162564,31,,
16.163520,31,,
16.164121,31,577,0
16.165942,31,,
16.166535,31,,
16.167208,31,,
16.167825,31,,
16.168404,31,,
16.169043,31,,
16.169609,31,,
16.179242,31,577,0
16.181065,31,,
16.181684,31,,
16.182325,31,,
16.183297,31,,
16.183902,31,,
16.184530,31,,
16.190567,31,,
16.191178,31,577,0
16.192985,31,,
16.193591,31,,
16.194200,31,,
16.194919,31,,
16.195832,31,,
16.196436,31,,
16.197046,31,,
16.197659,31,577,0
16.199458,31,,
16.200115,31,,
16.200740,31,,
16.210225,31,,
16.210857,31,,
16.211435,31,,
16.212098,31,,
16.212699,31,577,0
16.214572,31,,
16.215204,31,,
16.215801,31,,
16.221525,31,,
16.222151,31,,
16.222759,31,,
16.223392,31,,
16.223970,31,577,0
16.225823,31,,
16.226400,31,,
16.227047,31,,
16.227596,31,,
16.228263,31,,
16.228824,31,,
16.229422,31,,
16.230099,31,577,0
16.241025,30,,
16.241655,30,,
16.242296,30,,
16.242917,30,,
16.243526,30,,
16.244173,30,,
16.245087,30,,
16.245718,30,577,0
16.252919,30,,
16.253518,30,,
16.254150,30,,
16.254778,30,,
16.255753,30,,
16.256424,30,,
16.257367,30,,
16.257982,30,577,0
16.260207,30,,
16.261170,30,,
16.261791,30,,
16.262409,30,,
16.272557,30,,
16.273738,30,,
16.274891,30,,
16.276109,30,577,0
16.284507,30,,
16.285144,30,,
16.285757,30,,
16.286419,30,,
16.286996,30,,
16.287962,30,,
16.288921,30,,
16.289550,30,577,0
16.291650,31,,
16.292299,31,,
16.293214,31,,
16.293821,31,,
16.303458,31,,
16.304095,31,,
16.304694,31,,
16.305652,31,577,0
16.307522,31,,
16.308170,31,,
16.308783,31,,
16.314537,31,,
16.315433,31,,
16.316063,31,,
16.316692,31,,
16.317307,31,577,0
16.319219,31,,
16.320173,31,,
16.320804,31,,
16.321461,31,,
16.322085,31,,
16.322710,31,,
16.323358,31,,
16.323964,31,577,0
16.334940,31,,
16.335549,31,,
16.336175,31,,
16.336826,31,,
16.337453,31,,
16.338404,31,,
16.339346,31,,
16.345378,31,577,0
16.347505,31,,
16.348149,31,,
16.348739,31,,
16.349669,31,,
16.350288,31,,
16.350925,31,,
16.351541,31,,
16.352184,31,577,0
16.354078,31,,
16.355037,31,,
16.355997,31,,
16.365437,31,,
16.366354,31,,
16.366971,31,,
16.367581,31,,
16.368220,31,577,0
16.370118,31,,
16.371101,31,,
16.376854,31,,
16.377834,31,,
16.378721,31,,
16.379634,31,,
16.380740,31,,
16.381811,31,577,0
16.384966,31,,
16.386122,31,,
16.387294,31,,
16.396789,31,,
16.397994,31,,
16.399250,31,,
16.400535,31,,
16.401789,31,577,0
16.410274,31,,
16.411587,31,,
16.412806,31,,
16.413961,31,,
16.415078,31,,
16.416202,31,,
16.417352,31,,
16.427536,31,577,0
16.430963,31,,
16.432050,31,,
16.433070,31,,
16.438718,31,,
16.439726,31,,
16.440731,31,,
16.441742,31,,
16.442752,31,577,0
16.445686,31,,
16.446594,31,,
16.447207,31,,
16.447831,31,,
16.448780,31,,
16.458378,31,,
16.459264,31,,
16.459862,31,577,0
16.461697,31,,
16.462338,31,,
16.462925,31,,
16.463473,31,,
16.469634,31,,
16.470231,31,,
16.470849,31,,
16.471451,31,577,0
16.473303,31,,
16.474008,31,,
16.474875,31,,
16.475855,31,,
16.476817,31,,
16.477419,31,,
16.477995,31,,
16.478601,31,577,0
16.489581,31,,
16.490484,31,,
16.491108,31,,
16.491724,31,,
16.492337,31,,
16.493305,31,,
16.494198,31,,
16.494901,31,577,0
16.501842,31,,
16.502572,31,,
16.503472,32,,
16.504421,32,,
16.505455,32,,
16.506296,32,,
16.507247,32,,
16.508176,32,577,0
16.510345,32,,
16.510992,32,,
16.520578,32,,
16.521180,32,,
16.521854,32,,
16.522716,32,,
16.523342,32,,
16.523948,32,577,0
16.525794,32,,
16.531562,32,,
16.532157,32,,
16.532766,31,,
16.533420,31,,
16.534002,31,,
16.534613,31,,
16.535261,31,577,0
16.537194,31,,
16.538082,31,,
16.538639,31,,
16.539313,31,,
16.540286,31,,
16.541261,31,,
16.541866,31,,
16.551492,31,577,0
16.553992,31,,
16.554936,31,,
16.555504,31,,
16.556167,31,,
16.557138,31,,
16.562892,31,,
16.563836,31,,
16.564753,31,577,0
16.567297,31,,
16.568257,31,,
16.569203,31,,
16.570140,31,,
16.571119,31,,
16.572099,31,,
16.573051,31,,
16.582501,31,577,0
16.586009,31,,
16.587243,31,,
16.593674,31,,
16.594889,31,,
16.595932,31,,
16.596829,31,,
16.597744,31,,
16.598410,31,577,0
16.601318,31,,
16.601962,31,,
16.602593,31,,
16.603234,31,,
16.603869,31,,
16.613496,31,,
16.614121,31,,
16.614737,31,577,0
16.616934,31,,
16.617558,31,,
16.618193,31,,
16.618805,31,,
16.624605,31,,
16.625231,31,,
16.625847,31,,
16.626480,31,577,0
16.629077,31,,
16.630031,31,,
16.630972,31,,
16.631579,31,,
16.632207,31,,
16.633149,31,,
16.633774,31,,
16.634414,31,577,0
16.645418,31,,
16.646036,31,,
16.646667,31,,
16.647289,31,,
16.647903,31,,
16.648522,31,,
16.649158,31,,
16.649784,31,577,0
16.657069,31,,
16.658023,31,,
16.658963,31,,
16.659606,31,,
16.660232,31,,
16.660858,31,,
16.661483,31,,
16.662122,31,577,0
16.663990,31,,
16.664589,31,,
16.665478,31,,
16.675578,31,,
16.676805,31,,
16.678019,31,,
16.679198,31,,
16.680319,31,577,0
16.689120,31,,
16.690363,31,,
16.691616,31,,
16.692852,31,,
16.694090,31,,
16.695351,31,,
16.696378,31,,
16.706621,31,577,0
16.710096,31,,
16.711022,31,,
16.711619,31,,
16.717510,31,,
16.718427,31,,
16.719357,31,,
16.720286,31,,
16.721589,31,577,0
16.725212,31,,
16.726497,31,,
16.727643,31,,
16.737380,31,,
16.738251,31,,
16.739206,31,,
16.739833,31,,
16.740482,31,577,0
16.743037,30,,
16.748828,30,,
16.749746,30,,
16.750370,30,,
16.751316,30,,
16.752278,30,,
16.753236,30,,
16.753855,30,577,0
16.755746,30,,
16.756533,30,,
16.757605,30,,
16.758515,30,,
16.768513,30,,
16.769432,30,,
16.770374,30,,
16.770997,30,577,0
16.772871,30,,
16.773813,31,,
16.779565,31,,
16.780545,31,,
16.781431,31,,
16.782050,31,,
16.782613,31,,
16.783269,31,577,0
16.785439,31,,
16.786033,31,,
16.786662,31,,
16.787313,31,,
16.787926,31,,
16.788522,31,,
16.789185,31,,
16.790138,31,577,0
16.801060,31,,
16.801655,31,,
16.802305,31,,
16.802929,31,,
16.803526,31,,
16.804156,31,,
16.804789,30,,
16.810651,30,577,0
16.812822,30,,
16.813447,30,,
16.814021,30,,
16.814656,30,,
16.815247,30,,
16.816208,30,,
16.816825,30,,
16.817430,30,577,0
16.819294,30,,
16.819930,30,,
16.820514,30,,
16.830354,30,,
16.830961,30,,
16.831903,30,,
16.832501,30,,
16.833178,31,577,0
16.835355,31,,
16.835954,31,,
16.841999,31,,
16.842626,31,,
16.843241,31,,
16.843899,31,,
16.844482,31,,
16.845138,31,577,0
16.847022,31,,
16.847599,31,,
16.848228,31,,
16.848843,31,,
16.849451,31,,
16.850069,31,,
16.850651,31,,
16.851344,31,577,0
16.862604,31,,
16.863239,31,,
16.863857,31,,
16.864447,31,,
16.865088,31,,
16.866009,31,,
16.866591,31,,
16.872547,31,577,0
16.875035,31,,
16.875631,31,,
16.876289,31,,
16.877259,31,,
16.877832,31,,
16.878455,31,,
16.879101,31,,
16.880061,31,577,0
16.881963,31,,
16.882535,31,,
16.892448,31,,
16.893368,31,,
16.894301,31,,
16.895280,31,,
16.896063,31,,
16.896990,31,577,0
16.904105,31,,
16.904741,31,,
16.905666,31,,
16.906616,31,,
16.907265,31,,
16.908260,31,,
16.909229,31,,
16.909847,31,577,0
16.912071,31,,
16.913008,31,,
16.913616,31,,
16.923304,31,,
16.923935,31,,
16.924534,31,,
16.925167,31,,
16.925799,31,577,0
16.928053,31,,
16.929028,31,,
16.934818,31,,
16.935456,31,,
16.936075,31,,
16.936732,31,,
16.937364,31,,
16.937984,31,577,0
16.939877,31,,
16.940835,31,,
16.941814,31,,
16.942452,31,,
16.943094,31,,
16.943713,31,,
16.944340,31,,
16.944970,31,577,0
16.956214,31,,
16.956862,31,,
16.957812,31,,
16.958447,31,,
16.959451,31,,
16.965461,31,,
16.966073,31,,
16.966668,31,577,0
16.968562,31,,
16.969203,31,,
16.970169,31,,
16.970817,31,,
16.971472,31,,
16.972116,31,,
16.973053,31,,
16.973678,31,577,0
16.975559,31,,
16.985381,31,,
16.985971,31,,
16.986586,31,,
16.987236,31,,
16.987858,31,,
16.988496,31,,
16.989130,31,577,0
16.996546,31,,
16.997170,31,,
16.998120,31,,
16.998879,31,,
16.999749,31,,
17.000874,31,,
17.001984,31,,
17.003150,31,577,0
17.006836,31,,
17.016639,31,,
17.017809,31,,
17.018997,31,,
17.020295,31,,
17.021658,31,,
17.028172,31,,
17.029238,31,577,0
17.031674,31,,
17.032302,31,,
17.032910,31,,
17.033885,31,,
17.034519,31,,
17.035146,31,,
17.035779,31,,
17.036419,31,577,0
17.047299,31,,
17.047949,31,,
17.048538,31,,
17.049177,31,,
17.049779,31,,
17.050455,31,,
17.051358,31,,
17.051961,31,577,0
17.059519,31,,
17.060804,31,,
17.061964,31,,
17.063083,31,,
17.064137,31,,
17.065164,31,,
17.066188,31,,
17.067209,31,577,0
17.078526,31,,
17.079391,31,,
17.079953,31,,
17.080549,31,,
17.081174,31,,
17.081789,31,,
17.082413,31,,
17.083354,31,577,0
17.090627,31,,
17.091242,31,,
17.091857,31,,
17.092468,31,,
17.093099,31,,
17.093679,31,,
17.094306,31,,
17.094926,31,577,0
17.096760,31,,
17.097391,31,,
17.098103,31,,
17.098957,31,,
17.099911,31,,
17.109472,31,,
17.110021,31,,
17.110971,31,577,0
17.113141,31,,
17.114081,31,,
17.114726,31,,
17.120687,31,,
17.121258,31,,
17.121898,31,,
17.122627,31,,
17.123459,31,577,0
17.125301,31,,
17.125910,31,,
17.126529,31,,
17.127145,31,,
17.127764,31,,
17.128486,31,,
17.129304,31,,
17.129947,31,577,0
17.141339,31,,
17.141922,31,,
17.142518,31,,
17.143147,31,,
17.143752,31,,
17.144367,31,,
17.144977,31,,
17.145572,31,577,0
17.153047,31,,
17.153657,31,,
17.154303,31,,
17.154916,31,,
17.155536,31,,
17.156162,31,,
17.156773,31,,
17.157403,31,577,0
17.159551,31,,
17.160467,31,,
17.161097,31,,
17.161724,31,,
17.171415,31,,
17.172295,31,,
17.172905,31,,
17.173499,31,577,0
17.175377,31,,
17.175973,31,,
17.176593,31,,
17.182491,31,,
17.183412,31,,
17.184032,31,,
17.184665,31,,
17.185271,31,577,0
17.187116,31,,
17.187727,31,,
17.188338,31,,
17.189031,31,,
17.189884,31,,
17.190485,31,,
17.191088,31,,
17.191709,31,577,0
17.202803,31,,
17.203696,31,,
17.204314,31,,
17.204942,31,,
17.205897,31,,
17.206535,31,,
17.207497,31,,
17.213745,31,577,0
17.215904,31,,
17.216532,31,,
17.217135,31,,
17.217782,31,,
17.218421,31,,
17.219378,31,,
17.220317,31,,
17.220960,31,577,0
17.222846,31,,
17.223463,31,,
17.233358,31,,
17.233897,31,,
17.234514,31,,
17.235178,31,,
17.235825,31,,
17.236768,31,577,0
17.238949,31,,
17.244731,31,,
17.245609,31,,
17.246224,31,,
17.246834,31,,
17.247434,31,,
17.248111,31,,
17.249039,31,577,0
17.250869,31,,
17.251476,31,,
17.252107,31,,
17.252708,31,,
17.253328,31,,
17.253936,31,,
17.254778,31,,
17.264627,31,577,0
17.268067,31,,
17.269257,31,,
17.270559,31,,
17.275865,31,,
17.276884,31,,
17.277917,31,,
17.278980,31,,
17.279825,31,577,0
17.282018,31,,
17.282607,31,,
17.283218,31,,
17.283854,31,,
17.284476,31,,
17.285101,31,,
17.285722,31,,
17.295478,31,577,0
17.297551,31,,
17.298190,31,,
17.299160,31,,
17.299786,31,,
17.300634,31,,
17.307129,31,,
17.308400,31,,
17.309615,31,577,0
17.312783,31,,
17.313794,31,,
17.314767,31,,
17.315772,31,,
17.316812,31,,
17.326747,31,,
17.327974,31,,
17.329151,31,577,0
17.332543,31,,
17.338221,31,,
17.339519,30,,
17.340768,30,,
17.341991,30,,
17.343238,30,,
17.344528,30,,
17.345745,30,577,0
17.357736,30,,
17.358966,30,,
17.359921,30,,
17.360523,30,,
17.361493,30,,
17.362123,30,,
17.362750,30,,
17.368580,30,577,0
17.371197,30,,
17.371831,30,,
17.372476,30,,
17.373469,30,,
17.374431,30,,
17.375398,30,,
17.376005,30,,
17.376620,30,577,0
17.378495,30,,
17.388413,30,,
17.389362,30,,
17.390334,30,,
17.391285,30,,
17.391917,30,,
17.392526,30,,
17.393166,30,577,0
17.400447,31,,
17.401433,31,,
17.402331,31,,
17.403004,31,,
17.403997,31,,
17.404955,31,,
17.405559,31,,
17.406190,31,577,0
17.408084,31,,
17.408715,31,,
17.409354,31,,
17.410304,31,,
17.419632,31,,
17.420254,31,,
17.420891,31,,
17.421513,31,577,0
17.423747,31,,
17.424365,31,,
17.425000,31,,
17.430742,31,,
17.431647,31,,
17.432265,31,,
17.433211,31,,
17.434181,31,577,0
17.436690,31,,
17.437648,31,,
17.438274,31,,
17.438854,31,,
17.439482,31,,
17.440122,31,,
17.441077,31,,
17.450438,31,577,0
17.452929,31,,
17.453554,31,,
17.454183,31,,
17.454795,31,,
17.455464,31,,
17.461527,31,,
17.462160,31,,
17.462766,31,577,0
17.464986,31,,
17.465949,31,,
17.466576,31,,
17.467211,31,,
17.468177,31,,
17.469156,31,,
17.470140,31,,
17.471094,31,577,0
17.482304,31,,
17.483248,31,,
17.483856,31,,
17.484479,31,,
17.485468,31,,
17.486424,31,,
17.487067,30,,
17.493081,30,577,0
17.495282,30,,
17.495858,30,,
17.496473,30,,
17.497455,30,,
17.498022,30,,
17.498622,30,,
17.499263,30,,
17.500208,30,577,0
17.502049,30,,
17.502674,30,,
17.512472,30,,
17.513427,30,,
17.514046,30,,
17.514631,30,,
17.515239,30,,
17.515888,30,577,0
17.517766,31,,
17.523585,31,,
17.524229,31,,
17.524852,31,,
17.525804,31,,
17.526457,31,,
17.527438,31,,
17.528036,31,577,0
17.530239,31,,
17.531164,31,,
17.531779,31,,
17.532557,31,,
17.533517,31,,
17.543552,31,,
17.544430,31,,
17.545407,31,577,0
17.547562,31,,
17.548194,31,,
17.548816,30,,
17.554610,30,,
17.555582,30,,
17.556226,30,,
17.557182,30,,
17.558408,30,577,0
17.561666,30,,
17.562710,30,,
17.563675,30,,
17.564688,30,,
17.574787,30,,
17.576008,30,,
17.577261,30,,
17.578486,30,577,0
17.587174,30,,
17.588371,30,,
17.589584,30,,
17.590787,30,,
17.591992,30,,
17.593131,30,,
17.594371,30,,
17.595412,30,577,0
17.606848,30,,
17.607437,30,,
17.608377,30,,
17.609338,30,,
17.609944,30,,
17.610550,30,,
17.611353,30,,
17.616955,30,577,0
17.619030,30,,
17.619643,30,,
17.620261,30,,
17.620863,30,,
17.621475,30,,
17.622140,30,,
17.623033,30,,
17.623653,30,577,0
17.625805,30,,
17.626426,30,,
17.627396,30,,
17.636777,30,,
17.637675,30,,
17.638317,30,,
17.639421,30,,
17.640362,30,577,0
17.647755,30,,
17.648672,30,,
17.649298,30,,
17.650257,30,,
17.650892,30,,
17.651511,30,,
17.652156,30,,
17.652886,30,577,0
17.655012,30,,
17.655988,30,,
17.656930,30,,
17.657551,30,,
17.667454,30,,
17.668022,30,,
17.668630,30,,
17.669289,30,577,0
17.671451,30,,
17.672444,30,,
17.673444,30,,
17.679403,30,,
17.680295,30,,
17.681219,30,,
17.681839,30,,
17.682447,30,577,0
17.684982,30,,
17.685545,30,,
17.686201,30,,
17.686813,30,,
17.687436,30,,
17.688059,30,,
17.688660,30,,
17.698499,30,577,0
17.700560,30,,
17.701159,30,,
17.701801,30,,
17.702401,30,,
17.703005,30,,
17.703619,30,,
17.709605,30,,
17.710182,30,577,0
17.712411,30,,
17.713010,30,,
17.713615,30,,
17.714225,30,,
17.714835,30,,
17.715413,30,,
17.716054,30,,
17.716649,30,577,0
17.718475,30,,
17.719144,30,,
17.719742,30,,
17.729473,30,,
17.730350,30,,
17.730970,30,,
17.731567,30,,
17.732184,30,577,0
17.734034,30,,
17.734611,30,,
17.735278,30,,
17.741019,30,,
17.741904,30,,
17.742528,30,,
17.743104,30,,
17.743699,30,577,0
17.745608,30,,
17.746205,30,,
17.746817,30,,
17.747401,30,,
17.748021,30,,
17.748642,30,,
17.749250,30,,
17.749858,30,577,0
17.760781,30,,
17.761684,30,,
17.762315,30,,
17.762933,30,,
17.763528,30,,
17.764151,30,,
17.764740,30,,
17.765377,30,577,0
17.772617,30,,
17.773231,30,,
17.773845,30,,
17.774453,30,,
17.775076,30,,
17.775680,30,,
17.776299,30,,
17.776916,30,577,0
17.778741,30,,
17.779502,30,,
17.780391,30,,
17.781316,30,,
17.782268,30,,
17.791570,30,,
17.792170,30,,
17.792793,30,577,0
17.794894,30,,
17.795570,30,,
17.796126,30,,
17.796732,30,,
17.802706,30,,
17.803339,30,,
17.803941,30,,
17.804543,30,577,0
17.806410,30,,
17.807011,30,,
17.807619,30,,
17.808248,30,,
17.808877,30,,
17.809461,30,,
17.810090,30,,
17.810697,30,577,0
17.812565,30,,
17.822463,30,,
17.823062,30,,
17.824000,30,,
17.824632,30,,
17.825600,30,,
17.826245,30,,
17.827211,30,577,0
17.834601,30,,
17.835226,30,,
17.835871,30,,
17.836495,30,,
17.837129,30,,
17.837750,30,,
17.838409,30,,
17.838993,30,577,0
17.841239,30,,
17.841876,30,,
17.842508,30,,
17.843159,30,,
17.843733,30,,
17.853571,30,,
17.854216,30,,
17.854828,30,577,0
17.856699,30,,
17.857330,30,,
17.857942,30,,
17.858546,30,,
17.864907,30,,
17.865492,30,,
17.866091,30,,
17.866712,30,577,0
17.868604,30,,
17.869243,30,,
17.869879,30,,
17.870500,30,,
17.871140,30,,
17.871773,30,,
17.872403,30,,
17.873019,30,577,0
17.884527,30,,
17.885404,30,,
17.886009,30,,
17.886615,30,,
17.887231,30,,
17.887837,30,,
17.888453,30,,
17.889438,30,577,0
17.896501,30,,
17.897101,30,,
17.897943,30,,
17.898893,30,,
17.899815,30,,
17.900717,30,,
17.901670,30,,
17.902349,30,577,0
17.905191,30,,
17.906166,30,,
17.915538,30,,
17.916632,30,,
17.917601,30,,
17.918533,30,,
17.919486,30,,
17.920129,30,577,0
17.927626,30,,
17.928234,30,,
17.928962,30,,
17.929811,30,,
17.930440,30,,
17.931061,30,,
17.931983,30,,
17.932563,30,577,0
17.934726,30,,
17.935373,30,,
17.935981,30,,
17.936615,30,,
17.937251,30,,
17.946936,30,,
17.947852,30,,
17.948426,30,577,0
17.950608,30,,
17.951230,30,,
17.951867,30,,
17.957865,30,,
17.958497,30,,
17.959106,30,,
17.959775,30,,
17.960713,30,577,0
17.962937,30,,
17.963579,30,,
17.964178,30,,
17.964782,30,,
17.965423,30,,
17.966024,30,,
17.966673,30,,
17.967297,30,577,0
17.978241,30,,
17.979190,30,,
17.979803,30,,
17.980427,30,,
17.981032,30,,
17.981985,30,,
17.982623,30,,
17.983257,30,577,0
17.990238,30,,
17.991185,30,,
17.991813,30,,
17.992463,30,,
17.993080,30,,
17.993699,30,,
17.994360,30,,
17.994939,30,577,0
17.997169,30,,
17.997786,30,,
17.998398,30,,
17.999357,30,,
18.008769,30,,
18.009406,30,,
18.010020,30,,
18.010637,30,577,0
18.012513,30,,
18.013473,30,,
18.014080,30,,
18.019842,30,,
18.020501,30,,
18.021131,30,,
18.022127,30,,
18.023402,30,577,0
18.026973,30,,
18.028229,30,,
18.029457,30,,
18.030542,30,,
18.040139,30,,
18.041555,30,,
18.042508,30,,
18.043433,30,577,0
18.050890,30,,
18.051874,30,,
18.052512,30,,
18.053446,30,,
18.054092,30,,
18.054724,30,,
18.055384,30,,
18.056000,30,577,0
18.057905,30,,
18.058516,30,,
18.059475,30,,
18.060110,30,,
18.060727,30,,
18.070679,30,,
18.071578,30,,
18.072211,30,577,0
18.074073,30,,
18.074692,30,,
18.075659,30,,
18.081607,30,,
18.082225,30,,
18.083160,30,,
18.083753,30,,
18.084370,30,577,0
18.086244,30,,
18.086917,30,,
18.087535,30,,
18.088154,30,,
18.088795,30,,
18.089437,30,,
18.090447,30,,
18.091412,30,577,0
18.102288,30,,
18.102922,30,,
18.103530,30,,
18.104136,30,,
18.104770,30,,
18.105730,30,,
18.106372,30,,
18.106997,30,577,0
18.114313,30,,
18.115280,30,,
18.115899,30,,
18.116515,30,,
18.117141,30,,
18.118126,30,,
18.119095,30,,
18.119723,30,577,0
18.121629,30,,
18.122237,30,,
18.122864,30,,
18.132583,30,,
18.133205,30,,
18.133789,30,,
18.134441,30,,
18.135066,30,577,0
18.137312,30,,
18.137959,30,,
18.143940,30,,
18.144538,30,,
18.145475,30,,
18.146071,30,,
18.146696,30,,
18.147305,30,577,0
18.149200,30,,
18.150174,30,,
18.151155,30,,
18.151792,30,,
18.152404,30,,
18.153007,30,,
18.153625,30,,
18.163524,30,577,0
18.165435,30,,
18.166399,30,,
18.167267,30,,
18.167896,30,,
18.168824,30,,
18.174702,30,,
18.175317,30,,
18.176307,30,577,0
18.179348,30,,
18.180257,30,,
18.180809,30,,
18.181428,30,,
18.182062,30,,
18.182673,30,,
18.183634,30,,
18.184565,30,577,0
18.195872,30,,
18.196837,30,,
18.197754,30,,
18.198393,30,,
18.199029,30,,
18.199613,30,,
18.200249,30,,
18.205987,30,577,0
18.208203,30,,
18.209175,30,,
18.210165,30,,
18.211108,30,,
18.211696,30,,
18.212334,30,,
18.213295,30,,
18.214223,30,577,0
18.216073,30,,
18.225733,30,,
18.226409,30,,
18.227345,30,,
18.227945,30,,
18.228566,30,,
18.229508,30,,
18.230697,30,577,0
18.239751,30,,
18.240985,30,,
18.242219,30,,
18.243504,30,,
18.244483,30,,
18.245398,30,,
18.246365,30,,
18.246968,30,577,0
18.259316,30,,
18.260614,30,,
18.261829,30,,
18.268027,30,,
18.269231,30,,
18.270456,30,,
18.271415,30,,
18.272669,30,577,0
18.276267,30,,
18.277539,30,,
18.287832,30,,
18.289032,30,,
18.290244,30,,
18.291518,30,,
18.292794,30,,
18.298783,30,577,0
18.300859,30,,
18.301443,30,,
18.302045,30,,
18.302652,30,,
18.303298,30,,
18.303924,30,,
18.304488,30,,
18.305140,30,577,0
18.307334,30,,
18.307938,30,,
18.308600,30,,
18.309154,30,,
18.318824,30,,
18.319766,30,,
18.320405,30,,
18.320995,30,577,0
18.322849,30,,
18.323453,30,,
18.324217,30,,
18.330122,30,,
18.331148,30,,
18.332112,30,,
18.333089,30,,
18.334051,30,577,0
18.336894,30,,
18.337716,30,,
18.338375,30,,
18.339315,30,,
18.339928,30,,
18.349626,30,,
18.350232,30,,
18.350868,30,577,0
18.353034,30,,
18.353646,30,,
18.354304,30,,
18.355234,30,,
18.360729,30,,
18.361349,30,,
18.362329,30,,
18.363251,30,577,0
18.365417,30,,
18.366379,30,,
18.367415,30,,
18.368270,30,,
18.369185,30,,
18.369762,30,,
18.370434,30,,
18.371349,30,577,0
18.381952,30,,
18.382617,30,,
18.383505,30,,
18.384160,30,,
18.385097,30,,
18.386026,30,,
18.391750,30,,
18.392463,30,577,0
18.394511,30,,
18.395113,30,,
18.395852,30,,
18.396702,30,,
18.397349,30,,
18.397948,30,,
18.398528,30,,
18.399166,30,577,0
18.401024,30,,
18.401578,30,,
18.402241,30,,
18.411732,30,,
18.412377,30,,
18.413335,30,,
18.413954,30,,
18.414528,30,577,0
18.416391,30,,
18.417027,30,,
18.423137,30,,
18.423744,30,,
18.424338,30,,
18.425441,30,,
18.426259,30,,
18.426852,30,577,0
18.428724,30,,
18.429366,30,,
18.429966,30,,
18.430531,30,,
18.431176,30,,
18.431805,30,,
18.432440,30,,
18.433042,30,577,0
18.443986,30,,
18.444912,30,,
18.445533,30,,
18.446178,30,,
18.446819,30,,
18.447784,30,,
18.453728,30,,
18.454398,30,577,0
18.456277,30,,
18.457227,30,,
18.457844,30,,
18.458479,30,,
18.459130,30,,
18.460095,30,,
18.460720,30,,
18.461367,30,577,0
18.463208,30,,
18.464180,30,,
18.473638,30,,
18.474269,30,,
18.474923,30,,
18.475519,30,,
18.476171,30,,
18.476806,30,577,0
18.479022,30,,
18.484817,30,,
18.485814,30,,
18.486754,30,,
18.487453,30,,
18.488019,30,,
18.488653,30,,
18.489648,30,577,0
18.491880,30,,
18.492486,30,,
18.493098,30,,
18.493732,30,,
18.494391,30,,
18.495338,30,,
18.504812,30,,
18.505701,30,577,0
18.507591,30,,
18.508227,30,,
18.509242,30,,
18.509830,30,,
18.516011,30,,
18.516925,30,,
18.517490,30,,
18.518459,30,577,0
18.520398,30,,
18.521358,30,,
18.521961,30,,
18.522919,30,,
18.523511,30,,
18.524169,30,,
18.524808,30,,
18.525430,30,577,0
18.536288,30,,
18.536936,30,,
18.537896,30,,
18.538506,30,,
18.539161,30,,
18.539802,30,,
18.540432,30,,
18.541045,30,577,0
18.548084,30,,
18.548718,30,,
18.549631,30,,
18.550259,30,,
18.550884,30,,
18.551866,30,,
18.552454,30,,
18.553108,30,577,0
18.555001,30,,
18.555967,30,,
18.556904,30,,
18.566645,30,,
18.567277,30,,
18.567882,30,,
18.568457,30,,
18.569101,30,577,0
18.571299,30,,
18.571918,30,,
18.577762,30,,
18.578393,30,,
18.579367,30,,
18.579957,30,,
18.580556,30,,
18.581200,30,577,0
18.582998,30,,
18.583627,30,,
18.584242,30,,
18.584841,30,,
18.585453,30,,
18.586071,30,,
18.586733,30,,
18.587676,30,577,0
18.598933,30,,
18.599492,30,,
18.600144,30,,
18.600769,30,,
18.601388,30,,
18.602001,30,,
18.602567,30,,
18.603182,30,577,0
18.610791,30,,
18.611449,30,,
18.612036,30,,
18.612713,30,,
18.613582,30,,
18.614221,30,,
18.614832,30,,
18.615440,30,577,0
18.618009,30,,
18.618619,30,,
18.619281,31,,
18.628896,31,,
18.629839,31,,
18.630464,31,,
18.631066,31,,
18.631706,31,577,0
18.633607,31,,
18.634261,31,,
18.640108,31,,
18.641064,31,,
18.641983,31,,
18.642860,31,,
18.643476,31,,
18.644111,31,577,0
18.645963,31,,
18.646888,31,,
18.647474,31,,
18.648115,31,,
18.648749,31,,
18.649677,30,,
18.650357,30,,
18.659955,30,577,0
18.661752,30,,
18.662414,30,,
18.663350,30,,
18.663942,30,,
18.664528,30,,
18.665157,30,,
18.670870,30,,
18.671484,30,577,0
18.673412,30,,
18.674345,30,,
18.675296,30,,
18.675961,30,,
18.676556,30,,
18.677212,30,,
18.677828,30,,
18.678482,30,577,0
18.680305,30,,
18.680935,30,,
18.690732,30,,
18.691699,30,,
18.692368,30,,
18.693305,30,,
18.693915,30,,
18.694507,30,577,0
18.702137,30,,
18.702993,30,,
18.703584,30,,
18.704215,30,,
18.704839,30,,
18.705821,30,,
18.706457,30,,
18.707106,30,577,0
18.709682,30,,
18.710356,30,,
18.710945,30,,
18.711556,30,,
18.712554,30,,
18.721892,30,,
18.722846,30,,
18.723477,30,577,0
18.725402,30,,
18.726365,30,,
18.727738,30,,
18.733123,30,,
18.734263,30,,
18.735440,30,,
18.736592,30,,
18.737612,30,577,0
18.741188,30,,
18.742462,30,,
18.743622,30,,
18.753052,30,,
18.753994,30,,
18.754579,30,,
18.755222,30,,
18.755840,30,577,0
18.757730,30,,
18.763951,30,,
18.764869,30,,
18.765759,30,,
18.766428,30,,
18.767362,30,,
18.767980,30,,
18.768589,30,577,0
18.770470,30,,
18.771097,30,,
18.772104,30,,
18.773086,30,,
18.773716,30,,
18.783604,30,,
18.784206,30,,
18.785232,30,577,0
18.787417,30,,
18.788397,30,,
18.789382,30,,
18.795333,30,,
18.796264,30,,
18.796833,30,,
18.797796,30,,
18.798428,30,577,0
18.800556,30,,
18.801171,30,,
18.801791,30,,
18.802412,30,,
18.803042,30,,
18.803655,30,,
18.804602,30,,
18.805239,30,577,0
18.816134,30,,
18.816763,30,,
18.817412,30,,
18.818339,30,,
18.818987,30,,
18.819590,30,,
18.820244,30,,
18.825989,30,577,0
18.828191,30,,
18.828833,30,,
18.829475,30,,
18.830017,30,,
18.830629,30,,
18.831247,30,,
18.831844,30,,
18.832447,30,577,0
18.834664,30,,
18.835603,30,,
18.836233,30,,
18.845948,30,,
18.846563,30,,
18.847188,30,,
18.847806,30,,
18.848463,30,577,0
18.850274,30,,
18.850896,30,,
18.856877,30,,
18.857495,30,,
18.858472,30,,
18.859453,30,,
18.860109,30,,
18.861054,30,577,0
18.862897,30,,
18.863521,30,,
18.864146,30,,
18.865088,30,,
18.865716,30,,
18.866634,30,,
18.867272,30,,
18.876914,30,577,0
18.879089,30,,
18.879710,30,,
18.880631,30,,
18.881250,30,,
18.881852,30,,
18.888056,30,,
18.888708,30,,
18.889362,30,577,0
18.891217,30,,
18.892189,30,,
18.893165,30,,
18.893810,30,,
18.894433,30,,
18.895048,30,,
18.895671,30,,
18.896306,30,577,0
18.898149,30,,
18.907811,30,,
18.908764,30,,
18.909755,30,,
18.910383,30,,
18.910989,30,,
18.911616,30,,
18.912232,30,577,0
18.919447,30,,
18.920034,30,,
18.920670,30,,
18.921330,30,,
18.922297,30,,
18.923258,30,,
18.924233,30,,
18.925183,30,577,0
18.927382,30,,
18.927986,30,,
18.928605,30,,
18.929229,30,,
18.938939,30,,
18.939810,30,,
18.940435,30,,
18.941020,30,577,0
18.943203,30,,
18.943808,30,,
18.944421,30,,
18.950138,30,,
18.950738,30,,
18.951369,30,,
18.951976,30,,
18.952583,30,577,0
18.954794,30,,
18.955735,30,,
18.956367,30,,
18.956955,30,,
18.957535,30,,
18.958192,30,,
18.958807,30,,
18.959393,30,577,0
18.970240,30,,
18.971176,30,,
18.971803,30,,
18.972368,30,,
18.973001,30,,
18.973590,30,,
18.974202,30,,
18.974891,30,577,0
18.982728,30,,
18.983317,30,,
18.983894,30,,
18.984498,30,,
18.985139,30,,
18.985742,30,,
18.986361,30,,
18.986965,30,577,0
18.988805,30,,
18.989418,30,,
18.990026,30,,
18.990603,30,,
18.991220,30,,
19.000928,30,,
19.001777,30,,
19.002421,30,577,0
19.004912,30,,
19.005488,30,,
19.006117,30,,
19.011835,30,,
19.012433,30,,
19.013057,30,,
19.013639,30,,
19.014314,30,577,0
19.016164,30,,
19.016767,30,,
19.017434,30,,
19.018001,30,,
19.018612,30,,
19.019185,30,,
19.019847,30,,
19.020420,30,577,0
19.022472,30,,
19.031984,30,,
19.032503,30,,
19.033184,30,,
19.034076,30,,
19.034763,30,,
19.035353,30,,
19.035947,30,577,0
19.042970,30,,
19.043965,30,,
19.044843,30,,
19.045429,30,,
19.046045,30,,
19.046639,30,,
19.047259,30,,
19.047891,30,577,0
19.049771,30,,
19.050338,30,,
19.050972,30,,
19.051546,30,,
19.052166,30,,
19.052803,30,,
19.062748,30,,
19.063333,30,577,0
19.065179,30,,
19.065773,30,,
19.066419,30,,
19.067370,30,,
19.067981,30,,
19.074167,30,,
19.074800,30,,
19.075753,30,577,0
19.077594,30,,
19.078228,30,,
19.078829,30,,
19.079461,30,,
19.080429,30,,
19.081046,30,,
19.081627,30,,
19.082262,30,577,0
19.093777,30,,
19.094706,30,,
19.095345,30,,
19.095948,30,,
19.096565,30,,
19.097168,30,,
19.097807,30,,
19.098444,30,577,0
19.105579,30,,
19.106217,30,,
19.106858,30,,
19.107485,30,,
19.108471,30,,
19.109435,30,,
19.110065,30,,
19.110687,30,577,0
19.112585,30,,
19.113203,30,,
19.113821,30,,
19.114787,30,,
19.115401,30,,
19.125060,30,,
19.125673,31,,
19.126336,31,577,0
19.128529,31,,
19.129158,31,,
19.130113,31,,
19.136200,31,,
19.137430,31,,
19.138664,31,,
19.139901,31,,
19.141143,31,577,0
19.144630,31,,
19.145711,31,,
19.155999,31,,
19.157263,31,,
19.158552,31,,
19.159782,31,,
19.161018,31,,
19.167416,31,577,0
19.170829,31,,
19.172048,31,,
19.173292,31,,
19.174600,31,,
19.175802,31,,
19.177037,31,,
19.187171,31,,
19.188420,31,577,0
19.191981,31,,
19.198112,31,,
19.199177,31,,
19.200224,31,,
19.201078,31,,
19.201643,31,,
19.202287,31,,
19.202913,31,577,0
19.205079,31,,
19.206022,31,,
19.206656,31,,
19.207298,31,,
19.207929,31,,
19.217788,31,,
19.218403,31,,
19.219009,31,577,0
19.221259,31,,
19.221895,31,,
19.222518,31,,
19.223156,31,,
19.228974,31,,
19.229606,31,,
19.230259,31,,
19.230830,31,577,0
19.232688,31,,
19.233273,31,,
19.233921,31,,
19.234869,31,,
19.235468,31,,
19.236085,31,,
19.236723,31,,
19.237347,31,577,0
19.248779,31,,
19.249402,31,,
19.249946,31,,
19.250564,31,,
19.251217,31,,
19.251847,31,,
19.252432,31,,
19.253059,31,577,0
19.260759,31,,
19.261725,31,,
19.262334,31,,
19.262933,31,,
19.263541,31,,
19.264146,31,,
19.264809,31,,
19.265433,31,577,0
19.267944,31,,
19.268533,31,,
19.269164,31,,
19.269832,31,,
19.279762,31,,
19.280389,31,,
19.280978,31,,
19.281593,31,577,0
19.283789,31,,
19.284415,31,,
19.285034,31,,
19.290937,31,,
19.291586,31,,
19.292169,31,,
19.292803,31,,
19.293479,31,577,0
19.295331,31,,
19.296342,31,,
19.297299,31,,
19.298188,31,,
19.299158,31,,
19.299757,31,,
19.300380,31,,
19.300985,31,577,0
19.312449,31,,
19.313063,31,,
19.313654,31,,
19.314281,31,,
19.314904,31,,
19.315845,31,,
19.316480,31,,
19.322217,31,577,0
19.324113,31,,
19.324716,31,,
19.325375,31,,
19.326304,31,,
19.326959,31,,
19.327569,31,,
19.328225,31,,
19.328814,31,577,0
19.330934,31,,
19.331541,31,,
19.332199,31,,
19.341831,31,,
19.342760,31,,
19.343738,31,,
19.344341,31,,
19.344977,31,577,0
19.347168,31,,
19.353135,31,,
19.354078,31,,
19.354738,31,,
19.355686,31,,
19.356335,31,,
19.356993,31,,
19.357580,31,577,0
19.359797,30,,
19.360467,30,,
19.361404,30,,
19.362024,30,,
19.362609,30,,
19.363562,30,,
19.373068,30,,
19.373684,30,577,0
19.375544,30,,
19.376176,30,,
19.376832,30,,
19.377783,30,,
19.383843,30,,
19.384468,30,,
19.385087,30,,
19.385709,30,577,0
19.388125,30,,
19.389163,30,,
19.390178,30,,
19.391185,30,,
19.392159,30,,
19.393119,30,,
19.393984,30,,
19.403869,30,577,0
19.406019,30,,
19.406587,30,,
19.407204,30,,
19.407834,30,,
19.408455,30,,
19.409111,30,,
19.414888,30,,
19.415468,30,577,0
19.417363,30,,
19.417984,30,,
19.418550,30,,
19.419217,31,,
19.420184,31,,
19.420847,31,,
19.421814,31,,
19.422452,31,577,0
19.424692,31,,
19.425689,31,,
19.435100,31,,
19.435733,31,,
19.436713,31,,
19.437697,31,,
19.438357,31,,
19.438946,31,577,0
19.446140,31,,
19.446752,31,,
19.447370,31,,
19.448306,31,,
19.448928,31,,
19.449507,31,,
19.450151,31,,
19.450778,31,577,0
19.452638,31,,
19.453258,31,,
19.453905,31,,
19.454511,31,,
19.455156,31,,
19.455795,31,,
19.456429,31,,
19.466054,31,577,0
19.467949,31,,
19.468585,31,,
19.469223,31,,
19.469852,31,,
19.470458,31,,
19.471123,31,,
19.477005,31,,
19.477600,31,577,0
19.479841,30,,
19.480432,30,,
19.481050,30,,
19.481661,30,,
19.482288,30,,
19.482915,30,,
19.483513,30,,
19.484136,30,577,0
19.486390,30,,
19.487002,30,,
19.496862,30,,
19.497750,30,,
19.498358,30,,
19.499269,30,,
19.499861,30,,
19.500461,30,577,0
19.502307,30,,
19.508117,30,,
19.508736,30,,
19.509362,30,,
19.510348,31,,
19.511306,31,,
19.511941,31,,
19.512529,31,577,0
19.514411,31,,
19.515015,31,,
19.515592,31,,
19.516249,31,,
19.516880,31,,
19.517457,31,,
19.518092,31,,
19.527773,31,577,0
19.530306,31,,
19.530921,31,,
19.531863,31,,
19.532459,31,,
19.533088,31,,
19.539297,31,,
19.539909,31,,
19.540526,31,577,0
19.542741,31,,
19.543405,31,,
19.544372,31,,
19.545008,31,,
19.545612,31,,
19.546258,31,,
19.546887,31,,
19.547472,31,577,0
19.558970,31,,
19.559881,31,,
19.560829,31,,
19.561440,31,,
19.562033,31,,
19.562987,31,,
19.563575,31,,
19.564221,31,577,0
19.571207,30,,
19.571833,30,,
19.572434,30,,
19.573045,30,,
19.573681,30,,
19.574288,30,,
19.574901,30,,
19.575878,30,577,0
19.577689,30,,
19.578314,30,,
19.579409,30,,
19.580453,30,,
19.589979,30,,
19.590967,30,,
19.591933,30,,
19.592807,30,577,0
19.594969,30,,
19.601079,30,,
19.602033,30,,
19.602957,30,,
19.603824,30,,
19.604415,30,,
19.605016,30,,
19.605573,30,577,0
19.607545,30,,
19.608426,30,,
19.609010,30,,
19.609632,30,,
19.610233,30,,
19.610856,30,,
19.611509,30,,
19.621231,30,577,0
19.623317,30,,
19.624384,30,,
19.625261,31,,
19.625931,31,,
19.626439,31,,
19.632489,31,,
19.633124,31,,
19.633738,31,577,0
19.635895,31,,
19.636477,31,,
19.637107,31,,
19.637756,31,,
19.638373,31,,
19.638989,31,,
19.639597,31,,
19.640204,31,577,0
19.642041,31,,
19.651884,31,,
19.652735,31,,
19.653630,31,,
19.654270,31,,
19.654890,31,,
19.655855,31,,
19.656433,31,577,0
19.663922,31,,
19.664850,31,,
19.665434,31,,
19.666050,31,,
19.666834,31,,
19.667712,31,,
19.668672,31,,
19.669572,31,577,0
19.671732,31,,
19.672366,31,,
19.672981,31,,
19.682940,31,,
19.683510,31,,
19.684150,31,,
19.684771,31,,
19.685388,31,577,0
19.687890,31,,
19.688499,31,,
19.694151,31,,
19.694818,31,,
19.695500,31,,
19.696374,31,,
19.696987,31,,
19.697569,31,577,0
19.699457,31,,
19.700061,31,,
19.700659,31,,
19.701311,31,,
19.702291,31,,
19.703287,31,,
19.704251,31,,
19.713845,31,577,0
19.715641,31,,
19.716287,31,,
19.716900,31,,
19.717503,31,,
19.718114,31,,
19.718729,31,,
19.719429,31,,
19.725451,31,577,0
19.728894,31,,
19.729911,31,,
19.730787,31,,
19.731403,31,,
19.732116,31,,
19.732986,31,,
19.733909,31,,
19.734512,31,577,0
19.745523,31,,
19.746496,31,,
19.747397,31,,
19.748328,31,,
19.748951,31,,
19.749555,31,,
19.750542,31,,
19.756030,31,577,0
19.758228,31,,
19.758844,31,,
19.760136,31,,
19.761407,31,,
19.762553,31,,
19.763672,31,,
19.764768,31,,
19.765803,31,577,0
19.777685,31,,
19.778888,31,,
19.779990,31,,
19.781057,31,,
19.787386,31,,
19.788808,31,,
19.790055,31,,
19.791271,31,577,0
19.794967,31,,
19.796083,31,,
19.797100,31,,
19.806970,31,,
19.807911,31,,
19.808513,31,,
19.809122,31,,
19.810081,31,577,0
19.812282,31,,
19.818287,31,,
19.818936,31,,
19.819549,31,,
19.820166,31,,
19.820794,31,,
19.821435,31,,
19.822065,31,577,0
19.824264,31,,
19.824913,31,,
19.825857,31,,
19.826470,31,,
19.827120,31,,
19.828081,31,,
19.837931,31,,
19.838873,31,577,0
19.841120,31,,
19.842078,31,,
19.842722,31,,
19.843367,31,,
19.849134,31,,
19.849757,31,,
19.850409,31,,
19.851362,31,577,0
19.853270,31,,
19.853906,31,,
19.854530,31,,
19.855144,31,,
19.855804,31,,
19.856690,31,,
19.857666,31,,
19.858618,31,577,0
19.869596,31,,
19.870238,31,,
19.870866,31,,
19.871479,31,,
19.872098,31,,
19.872728,31,,
19.873383,31,,
19.874328,31,577,0
19.881647,31,,
19.882255,31,,
19.882873,31,,
19.883446,31,,
19.884059,31,,
19.884688,31,,
19.885300,31,,
19.886228,31,577,0
19.888092,31,,
19.888731,31,,
19.889376,31,,
19.890346,31,,
19.899737,31,,
19.900439,31,,
19.901383,31,,
19.902287,31,577,0
19.904122,31,,
19.904741,31,,
19.905349,31,,
19.911524,31,,
19.912485,31,,
19.913373,31,,
19.913956,31,,
19.914565,31,577,0
19.916411,31,,
19.917035,31,,
19.917990,31,,
19.918617,31,,
19.919264,31,,
19.919899,31,,
19.920534,31,,
19.921157,31,577,0
19.932126,31,,
19.932736,31,,
19.933373,31,,
19.934375,31,,
19.935031,31,,
19.935975,31,,
19.936611,31,,
19.942704,31,577,0
19.946218,31,,
19.947393,31,,
19.948461,31,,
19.949561,31,,
19.950718,31,,
19.951805,31,,
19.952993,31,,
19.962248,31,577,0
19.964397,31,,
19.964954,31,,
19.965912,31,,
19.966866,31,,
19.967845,31,,
19.973410,31,,
19.974353,31,,
19.974968,31,577,0
19.976895,31,,
19.977873,31,,
19.978500,31,,
19.979116,31,,
19.979735,31,,
19.980655,31,,
19.981294,31,,
19.981917,31,577,0
19.993008,31,,
19.993618,31,,
19.994202,31,,
19.995177,31,,
19.995794,31,,
19.996419,31,,
19.997333,31,,
19.997954,31,577,0
20.005867,31,,
