t_s,force_g,pos_act,current_mA
0.000972,7,1297,0
0.003582,7,,
0.004560,7,,
0.005560,7,,
0.006558,7,,
0.007599,7,,
0.008596,7,,
0.018217,7,,
0.019253,7,1297,0
0.022182,7,,
0.023151,7,,
0.029071,7,,
0.030105,7,,
0.031099,7,,
0.032413,7,,
0.033479,7,,
0.034422,7,1297,0
0.036954,7,,
0.037585,7,,
0.038192,7,,
0.038836,7,,
0.048717,7,,
0.049679,7,,
0.050635,7,,
0.051292,7,1297,0
0.053479,7,,
0.054135,10,,
0.060252,10,,
0.061148,10,,
0.061802,10,,
0.062453,10,,
0.063056,10,,
0.063669,10,1297,72
0.065945,10,,
0.066909,10,,
0.067503,10,,
0.068101,10,,
0.068776,10,,
0.069732,10,,
0.070375,10,,
0.080012,10,1297,72
0.081929,10,,
0.082911,10,,
0.083527,10,,
0.084127,10,,
0.084803,17,,
0.090797,17,,
0.091437,17,,
0.092052,17,1302,-23
0.095229,17,,
0.096306,17,,
0.097391,17,,
0.098451,17,,
0.099511,17,,
0.100563,17,,
0.101582,17,,
0.111127,17,1302,-23
0.114140,17,,
0.115122,17,,
0.116134,21,,
0.122059,21,,
0.123050,21,,
0.124000,21,,
0.125056,21,,
0.126119,21,1303,80
0.129042,21,,
0.130010,21,,
0.131010,21,,
0.131988,21,,
0.141743,21,,
0.142668,21,,
0.143642,21,,
0.144660,27,1306,79
0.147129,27,,
0.153284,27,,
0.154210,27,,
0.155178,27,,
0.155783,27,,
0.156753,27,,
0.157760,27,,
0.158724,27,1306,79
0.160985,27,,
0.161918,27,,
0.162886,27,,
0.172678,27,,
0.173755,27,,
0.174675,27,,
0.175652,27,,
0.176597,27,1308,60
0.183827,33,,
0.184753,33,,
0.185666,33,,
0.186323,33,,
0.187317,33,,
0.188249,33,,
0.188926,33,,
0.189851,33,1308,60
0.192027,33,,
0.192637,33,,
0.193250,33,,
0.193855,33,,
0.203914,33,,
0.204836,39,,
0.205792,39,,
0.206428,39,1311,113
0.209048,39,,
0.214921,39,,
0.215842,39,,
0.216440,39,,
0.217433,39,,
0.218395,39,,
0.219335,39,,
0.220333,39,1311,113
0.223200,39,,
0.224174,39,,
0.225107,39,,
0.234757,39,,
0.235636,39,,
0.236563,39,,
0.237133,47,,
0.238081,47,1313,46
0.240305,47,,
0.246027,47,,
0.246650,47,,
0.247604,47,,
0.248315,47,,
0.249241,47,,
0.250191,47,,
0.251172,47,1313,46
0.253729,47,,
0.254678,47,,
0.255287,47,,
0.255925,47,,
0.265849,47,,
0.266885,47,,
0.267749,47,,
0.268415,47,1313,46
0.270265,47,,
0.271025,47,,
0.276936,47,,
0.277990,47,,
0.278891,47,,
0.279439,47,,
0.280042,47,,
0.280625,47,1313,46
0.282511,47,,
0.283108,47,,
0.283763,47,,
0.284361,47,,
0.285027,47,,
0.285649,47,,
0.286287,47,,
0.286958,47,1313,47
0.298278,54,,
0.298835,54,,
0.299500,54,,
0.300088,54,,
0.300784,54,,
0.301380,54,,
0.301995,54,,
0.307812,54,1318,47
0.310025,54,,
0.310690,54,,
0.311636,54,,
0.312706,54,,
0.313741,54,,
0.314722,54,,
0.315723,54,,
0.316719,54,1318,62
0.329099,55,,
0.330149,55,,
0.331150,55,,
0.332093,55,,
0.333081,55,,
0.339215,55,,
0.340075,55,,
0.341066,55,1318,62
0.344008,55,,
0.344977,55,,
0.346168,55,,
0.347171,55,,
0.347781,55,,
0.348362,55,,
0.348994,59,,
0.358881,59,1320,73
0.361060,59,,
0.361668,59,,
0.362321,59,,
0.363272,59,,
0.363941,59,,
0.369865,59,,
0.370811,59,,
0.371789,59,1320,73
0.374474,59,,
0.375372,59,,
0.376348,59,,
0.377329,59,,
0.378559,59,,
0.379590,60,,
0.380559,60,,
0.390093,60,1325,82
0.393425,60,,
0.394533,60,,
0.395593,60,,
0.401224,60,,
0.402323,60,,
0.403437,60,,
0.404524,60,,
0.405604,60,1325,82
0.408857,59,,
0.410092,59,,
0.411192,59,,
0.420877,59,,
0.422047,59,,
0.423029,59,,
0.423994,59,,
0.424999,59,1331,20
0.432790,59,,
0.433705,59,,
0.434337,59,,
0.434978,59,,
0.436007,59,,
0.437145,59,,
0.438125,59,,
0.439075,52,1330,94
0.442278,52,,
0.451928,52,,
0.452951,52,,
0.453903,52,,
0.454955,52,,
0.455972,52,,
0.456980,52,,
0.462957,52,1330,94
0.466340,52,,
0.467387,52,,
0.468389,52,,
0.469423,62,,
0.470478,62,,
0.471563,62,,
0.472594,62,,
0.473662,62,1333,43
0.485189,62,,
0.486297,62,,
0.487409,62,,
0.488552,62,,
0.494207,62,,
0.495245,62,,
0.496288,62,,
0.497345,62,1333,56
0.500545,63,,
0.501586,63,,
0.502608,63,,
0.503578,63,,
0.504577,63,,
0.514008,63,,
0.514990,63,,
0.515961,63,1334,56
0.518908,63,,
0.525130,63,,
0.526035,63,,
0.527006,63,,
0.527605,63,,
0.528236,63,,
0.529293,63,,
0.530210,63,1338,102
0.532740,63,,
0.533710,63,,
0.534673,63,,
0.535269,63,,
0.545192,63,,
0.546100,63,,
0.546751,63,,
0.547734,63,1338,102
0.549975,63,,
0.555757,63,,
0.556751,63,,
0.557348,63,,
0.558219,63,,
0.559196,64,,
0.560180,64,,
0.561120,64,1339,58
0.563713,64,,
0.564674,64,,
0.565260,64,,
0.565927,64,,
0.575838,64,,
0.576819,64,,
0.577794,64,,
0.578740,64,1339,58
0.580937,64,,
0.586996,64,,
0.588116,64,,
0.589195,65,,
0.590278,65,,
0.591292,65,,
0.592340,65,,
0.593433,65,1340,90
0.596309,65,,
0.597265,65,,
0.606879,65,,
0.607972,65,,
0.609048,65,,
0.610162,65,,
0.611136,65,,
0.612116,65,1340,90
0.620384,65,,
0.621487,65,,
0.622496,65,,
0.623595,65,,
0.624550,65,,
0.625532,65,,
0.626492,65,,
0.627442,65,1340,90
0.639032,65,,
0.640007,65,,
0.640988,65,,
0.641910,65,,
0.642899,65,,
0.648833,65,,
0.649754,66,,
0.650749,66,1343,60
0.652964,66,,
0.653942,66,,
0.654913,66,,
0.655522,66,,
0.656457,66,,
0.657103,66,,
0.657726,66,,
0.658377,66,1343,60
0.669294,66,,
0.669892,66,,
0.670499,66,,
0.671125,66,,
0.671775,66,,
0.672402,66,,
0.673013,66,,
0.673668,66,1343,60
0.680796,67,,
0.681770,67,,
0.682464,67,,
0.683416,67,,
0.684413,67,,
0.685406,67,,
0.686380,67,,
0.687350,67,1345,107
0.690316,67,,
0.699799,67,,
0.700754,67,,
0.701738,67,,
0.702721,67,,
0.703691,67,,
0.704668,67,,
0.711068,67,1352,68
0.714392,66,,
0.715415,66,,
0.716369,66,,
0.717354,66,,
0.718368,66,,
0.719319,66,,
0.720297,66,,
0.721269,66,1352,68
0.732749,66,,
0.733747,66,,
0.734732,66,,
0.735717,66,,
0.741989,66,,
0.743063,67,,
0.744192,67,,
0.745275,67,1354,28
0.748206,67,,
0.749108,67,,
0.749731,67,,
0.750392,67,,
0.751320,67,,
0.752302,67,,
0.761818,67,,
0.762747,67,1354,28
0.764976,67,,
0.765960,67,,
0.767136,68,,
0.772968,68,,
0.773973,68,,
0.774889,68,,
0.775500,68,,
0.776311,68,1355,83
0.779153,68,,
0.780095,68,,
0.780720,68,,
0.781336,68,,
0.781980,68,,
0.782618,68,,
0.783222,68,,
0.792989,68,1355,83
0.795139,68,,
0.795789,68,,
0.796429,68,,
0.797033,68,,
0.797688,68,,
0.798299,68,,
0.804332,68,,
0.804931,68,1357,65
0.807086,68,,
0.807696,68,,
0.808347,68,,
0.808939,68,,
0.809592,68,,
0.810198,68,,
0.810814,68,,
0.811469,68,1357,65
0.813285,68,,
0.813920,68,,
0.823836,68,,
0.824717,68,,
0.825393,68,,
0.826479,68,,
0.827397,68,,
0.828389,68,1357,105
0.835843,69,,
0.836440,69,,
0.837156,69,,
0.838105,69,,
0.839022,69,,
0.839663,69,,
0.840291,69,,
0.840942,69,1357,105
0.842826,69,,
0.843752,69,,
0.844716,69,,
0.845346,69,,
0.854988,69,,
0.855956,69,,
0.857089,69,,
0.858013,69,1357,56
0.865855,69,,
0.866438,69,,
0.867068,69,,
0.867717,69,,
0.868682,69,,
0.869318,69,,
0.869984,69,,
0.870925,69,1360,56
0.872797,69,,
0.873437,69,,
0.874398,69,,
0.875337,69,,
0.876024,69,,
0.885761,69,,
0.886759,69,,
0.887721,69,1364,93
0.889900,70,,
0.890936,70,,
0.897090,70,,
0.898004,70,,
0.898983,70,,
0.899612,70,,
0.900244,70,,
0.900857,70,1364,93
0.902703,70,,
0.903335,70,,
0.903967,70,,
0.904554,70,,
0.905198,70,,
0.905889,70,,
0.906490,70,,
0.907066,70,1364,93
0.918266,70,,
0.919035,70,,
0.919878,70,,
0.920517,70,,
0.921110,70,,
0.921792,70,,
0.927814,70,,
0.928432,70,1368,0
0.930284,70,,
0.930895,70,,
0.931556,70,,
0.932118,70,,
0.932747,70,,
0.933358,70,,
0.933971,70,,
0.934664,70,1368,0
0.936555,70,,
0.937129,70,,
0.937785,70,,
0.947656,70,,
0.948553,70,,
0.949148,70,,
0.949769,70,,
0.950374,70,1368,74
0.952220,70,,
0.952833,70,,
0.958788,70,,
0.959725,70,,
0.960333,70,,
0.960964,70,,
0.961586,70,,
0.962176,70,1368,74
0.964102,70,,
0.964756,70,,
0.965362,70,,
0.965988,70,,
0.966647,70,,
0.967283,70,,
0.967927,70,,
0.968563,70,1368,74
0.979817,70,,
0.980432,70,,
0.981023,71,,
0.981682,71,,
0.982672,71,,
0.983665,71,,
0.984629,71,,
0.990377,71,1371,114
0.992929,71,,
0.993939,71,,
0.994902,71,,
0.995845,71,,
0.996801,71,,
0.997764,71,,
0.998733,71,,
0.999693,71,1371,114
1.011454,71,,
1.012437,71,,
1.013025,71,,
1.013681,71,,
1.014288,71,,
1.015251,71,,
1.020856,71,,
1.021799,71,1373,62
1.024760,71,,
1.025424,71,,
1.026354,71,,
1.027362,71,,
1.028321,71,,
1.029272,71,,
1.030223,71,,
1.030847,71,1373,62
1.042664,71,,
1.043648,72,,
1.044615,72,,
1.045548,72,,
1.046549,72,,
1.052292,72,,
1.053425,72,,
1.054512,72,1373,105
1.057828,72,,
1.059040,72,,
1.060252,72,,
1.061393,72,,
1.062394,72,,
1.071798,72,,
1.072455,72,,
1.073431,72,1376,68
1.076398,72,,
1.077388,72,,
1.083270,72,,
1.084384,72,,
1.085353,72,,
1.086318,72,,
1.087290,72,,
1.088310,72,1376,68
1.091205,72,,
1.092186,72,,
1.093167,72,,
1.102762,72,,
1.103673,73,,
1.104282,73,,
1.105158,73,,
1.106190,73,1381,80
1.114183,73,,
1.115298,73,,
1.116470,73,,
1.117523,73,,
1.118501,73,,
1.119486,73,,
1.120466,73,,
1.121432,73,1381,80
1.124312,73,,
1.133798,73,,
1.134804,73,,
1.135792,73,,
1.136773,73,,
1.137751,73,,
1.138738,73,,
1.144929,73,1382,97
1.147152,73,,
1.148110,73,,
1.148775,73,,
1.149748,73,,
1.150760,73,,
1.151726,73,,
1.152726,73,,
1.153722,73,1382,60
1.165392,75,,
1.166598,75,,
1.167752,75,,
1.168898,75,,
1.169834,75,,
1.176080,75,,
1.177000,75,,
1.177976,75,1385,60
1.179851,75,,
1.180840,75,,
1.181813,75,,
1.182479,75,,
1.183440,75,,
1.184117,75,,
1.185066,75,,
1.186273,75,1387,100
1.197734,75,,
1.198372,75,,
1.198997,75,,
1.199601,75,,
1.200202,75,,
1.200866,75,,
1.206886,75,,
1.207433,75,1387,100
1.209345,75,,
1.209972,75,,
1.210602,75,,
1.211197,75,,
1.211821,75,,
1.212479,75,,
1.213458,75,,
1.214451,75,1388,55
1.216347,77,,
1.216963,77,,
1.226847,77,,
1.227943,77,,
1.228941,77,,
1.229926,77,,
1.230885,77,,
1.231850,77,1388,55
1.240438,77,,
1.241399,77,,
1.242405,77,,
1.243468,77,,
1.244648,77,,
1.245788,77,,
1.246855,77,,
1.247941,77,1389,77
1.260247,77,,
1.261215,77,,
1.262171,77,,
1.263131,77,,
1.269205,77,,
1.270179,77,,
1.271145,77,,
1.272128,77,1389,77
1.275111,78,,
1.276119,78,,
1.277283,78,,
1.278330,78,,
1.279235,78,,
1.288732,78,,
1.289662,78,,
1.290267,78,1392,101
1.292569,78,,
1.293541,78,,
1.294538,78,,
1.300098,78,,
1.301050,78,,
1.301697,78,,
1.302674,78,,
1.303262,78,1392,101
1.305508,78,,
1.306475,78,,
1.307101,78,,
1.307768,78,,
1.308406,78,,
1.309002,78,,
1.309670,78,,
1.310293,78,1394,62
1.321909,78,,
1.322488,78,,
1.323098,78,,
1.323730,78,,
1.324384,78,,
1.324993,78,,
1.330993,78,,
1.331923,78,1394,62
1.334081,78,,
1.334741,79,,
1.335709,79,,
1.336356,79,,
1.336953,79,,
1.337616,79,,
1.338231,79,,
1.338891,79,1397,100
1.340723,79,,
1.341377,79,,
1.351062,79,,
1.351931,79,,
1.352833,79,,
1.353461,79,,
1.354048,79,,
1.354660,79,1397,100
1.362262,79,,
1.363211,79,,
1.363879,79,,
1.364494,79,,
1.365112,79,,
1.365739,79,,
1.366286,79,,
1.366949,79,1400,52
1.368799,79,,
1.369434,79,,
1.370029,79,,
1.370672,79,,
1.371294,79,,
1.371920,79,,
1.381712,79,,
1.382275,79,1400,52
1.384180,79,,
1.384831,79,,
1.385462,79,,
1.386098,79,,
1.386733,79,,
1.392756,79,,
1.393375,79,,
1.393956,79,1400,85
1.395824,79,,
1.396436,79,,
1.397024,79,,
1.397680,79,,
1.398275,79,,
1.398889,79,,
1.399497,79,,
1.400079,79,1403,85
1.401946,79,,
1.402561,79,,
1.403161,79,,
1.412835,79,,
1.413430,79,,
1.414002,79,,
1.414655,79,,
1.415284,79,1403,85
1.417086,79,,
1.417739,79,,
1.418332,79,,
1.424027,79,,
1.424684,79,,
1.425312,79,,
1.426231,79,,
1.426872,79,1403,85
1.429027,79,,
1.429685,79,,
1.430302,79,,
1.430931,79,,
1.431911,79,,
1.432557,79,,
1.433158,79,,
1.433821,79,1403,85
1.445282,79,,
1.445919,79,,
1.446543,79,,
1.447153,79,,
1.447807,79,,
1.448767,79,,
1.455137,79,,
1.456124,79,1407,51
1.458622,79,,
1.459311,79,,
1.460269,79,,
1.461155,79,,
1.461787,79,,
1.462421,79,,
1.463044,79,,
1.463703,79,1407,51
1.474720,79,,
1.475678,79,,
1.476655,79,,
1.477275,79,,
1.477948,79,,
1.478575,79,,
1.479176,79,,
1.479813,79,1407,51
1.487372,79,,
1.488352,79,,
1.489100,79,,
1.490008,79,,
1.491001,79,,
1.491645,79,,
1.492581,79,,
1.493574,79,1407,51
1.495754,79,,
1.505735,79,,
1.506629,79,,
1.507243,79,,
1.507894,79,,
1.508466,79,,
1.509166,79,,
1.509782,79,1410,88
1.517462,87,,
1.518016,87,,
1.518658,87,,
1.519263,87,,
1.519884,87,,
1.520851,87,,
1.521449,87,,
1.522118,87,1410,88
1.523925,87,,
1.524533,87,,
1.525134,87,,
1.525737,87,,
1.526368,87,,
1.526981,87,,
1.536780,87,,
1.537688,87,1410,88
1.540299,87,,
1.541229,87,,
1.541958,110,,
1.548093,110,,
1.548981,110,,
1.549935,110,,
1.550836,110,,
1.551453,110,1412,84
1.553602,110,,
1.554206,110,,
1.555155,110,,
1.555751,110,,
1.556703,110,,
1.557307,110,,
1.557928,110,,
1.567877,110,1412,84
1.569807,110,,
1.570450,110,,
1.571433,135,,
1.572051,135,,
1.572686,135,,
1.573306,135,,
1.579186,135,,
1.580082,135,1415,128
1.583016,135,,
1.584003,135,,
1.585252,135,,
1.586324,135,,
1.587237,135,,
1.587895,135,,
1.588501,135,,
1.589343,135,1415,128
1.601020,135,,
1.602012,135,,
1.603208,119,,
1.604197,119,,
1.609813,119,,
1.610441,119,,
1.611394,119,,
1.612368,119,1415,-45
1.614273,119,,
1.614875,119,,
1.615532,119,,
1.616131,119,,
1.616766,119,,
1.617430,119,,
1.618033,119,,
1.618672,119,1415,-45
1.629706,119,,
1.630663,119,,
1.631308,119,,
1.631962,119,,
1.632540,119,,
1.633153,119,,
1.633779,119,,
1.634444,119,1415,-45
1.641781,119,,
1.642413,119,,
1.643011,119,,
1.643650,119,,
1.644281,119,,
1.644946,119,,
1.645551,119,,
1.646161,119,1415,-45
1.648063,119,,
1.648683,119,,
1.649303,119,,
1.649979,119,,
1.650551,119,,
1.651206,119,,
1.660879,119,,
1.661466,119,1415,0
1.663338,83,,
1.663981,83,,
1.664983,83,,
1.666014,83,,
1.671908,83,,
1.672828,83,,
1.673453,83,,
1.674383,83,1411,0
1.676277,83,,
1.677614,83,,
1.678709,83,,
1.679697,83,,
1.680684,83,,
1.681667,83,,
1.682636,83,,
1.692272,83,1411,0
1.695625,83,,
1.696627,83,,
1.697646,83,,
1.703317,83,,
1.704420,83,,
1.705509,83,,
1.706513,83,,
1.707692,83,1411,0
1.711422,83,,
1.712514,83,,
1.713518,83,,
1.723045,83,,
1.724145,83,,
1.725307,83,,
1.726504,83,,
1.727616,83,1411,0
1.735591,83,,
1.736691,83,,
1.737801,83,,
1.738904,83,,
1.739898,83,,
1.740879,83,,
1.741800,83,,
1.742438,83,1411,0
1.744312,83,,
1.754075,83,,
1.755186,83,,
1.756238,83,,
1.757226,83,,
1.758143,83,,
1.759172,83,,
1.764918,83,1411,0
1.767754,83,,
1.768895,83,,
1.770077,83,,
1.771260,83,,
1.772415,83,,
1.773521,83,,
1.774688,83,,
1.784742,83,1411,0
1.787227,83,,
1.787890,83,,
1.788520,83,,
1.789124,83,,
1.789762,83,,
1.795918,83,,
1.796847,83,,
1.798167,83,1411,0
1.801938,83,,
1.803202,83,,
1.804412,83,,
1.805632,83,,
1.806824,83,,
1.816215,83,,
1.817474,83,,
1.818732,83,1411,0
1.827338,83,,
1.828509,83,,
1.829740,83,,
1.831007,83,,
1.832218,83,,
1.833364,83,,
1.834359,83,,
1.835297,83,1411,0
1.846746,83,,
1.847880,83,,
1.849219,83,,
1.850226,83,,
1.851166,83,,
1.852123,83,,
1.858020,83,,
1.859000,83,1411,0
1.861920,83,,
1.862905,83,,
1.863874,83,,
1.864848,83,,
1.865492,83,,
1.866431,83,,
1.867405,83,,
1.868430,83,1411,0
1.879799,83,,
1.880768,83,,
1.881743,83,,
1.882701,83,,
1.888848,83,,
1.889810,83,,
1.890896,83,,
1.892001,83,1411,0
1.895306,83,,
1.896414,83,,
1.897492,83,,
1.898444,83,,
1.899363,83,,
1.909089,83,,
1.910071,83,,
1.911072,83,1411,0
1.913622,83,,
1.914572,83,,
1.920398,83,,
1.921059,83,,
1.922025,83,,
1.923013,83,,
1.924152,83,,
1.925182,83,1411,0
1.927713,83,,
1.928647,82,,
1.929281,82,,
1.929920,82,,
1.939612,82,,
1.940548,82,,
1.941181,82,,
1.941834,82,1411,0
1.944425,82,,
1.945465,82,,
1.951025,82,,
1.952018,82,,
1.953002,82,,
1.954153,82,,
1.955132,82,,
1.955729,82,1411,0
1.957991,82,,
1.958956,83,,
1.959546,83,,
1.960331,83,,
1.961266,83,,
1.970704,83,,
1.971669,83,,
1.972638,83,1411,0
1.975621,83,,
1.976606,83,,
1.982289,83,,
1.983260,83,,
1.984234,83,,
1.985173,83,,
1.986175,83,,
1.987169,83,1411,0
1.989723,83,,
1.990731,83,,
1.991703,83,,
2.001876,83,,
2.002912,83,,
2.003874,83,,
2.005211,83,,
2.006301,83,1411,0
2.014389,83,,
2.015609,83,,
2.016902,83,,
2.018083,83,,
2.019022,83,,
2.019949,83,,
2.020561,83,,
2.021168,83,1411,0
2.023327,83,,
2.032997,83,,
2.034077,83,,
2.035007,83,,
2.035983,83,,
2.036551,83,,
2.037181,83,,
2.037844,83,1411,0
2.045016,83,,
2.045653,83,,
2.046293,83,,
2.046895,83,,
2.047570,83,,
2.048150,83,,
2.048795,83,,
2.049468,83,1411,0
2.051723,83,,
2.052347,83,,
2.052983,83,,
2.053594,83,,
2.054182,83,,
2.063938,83,,
2.064813,83,,
2.065477,83,1411,0
2.067386,83,,
2.067993,83,,
2.068641,83,,
2.069261,83,,
2.074995,83,,
2.075696,83,,
2.076468,83,,
2.077506,83,1411,0
2.080398,83,,
2.081375,83,,
2.082352,83,,
2.083324,83,,
2.084287,83,,
2.085263,83,,
2.094754,83,,
2.095721,83,1411,0
2.098673,83,,
2.099636,83,,
2.100627,83,,
2.106521,83,,
2.107494,83,,
2.108482,83,,
2.109468,83,,
2.110536,83,1411,0
2.113523,83,,
2.114477,83,,
2.115453,83,,
2.116349,83,,
2.126078,83,,
2.127171,83,,
2.128226,83,,
2.129138,83,1411,0
2.136805,83,,
2.137766,83,,
2.138435,83,,
2.139352,83,,
2.140018,83,,
2.140998,83,,
2.141961,83,,
2.143050,83,1411,0
2.146029,83,,
2.146659,83,,
2.147266,83,,
2.157033,83,,
2.157924,83,,
2.158508,83,,
2.159404,83,,
2.160451,83,1411,0
2.168025,83,,
2.168946,83,,
2.169936,83,,
2.170876,83,,
2.171498,83,,
2.172080,83,,
2.173066,83,,
2.174030,83,1411,0
2.175969,83,,
2.176875,83,,
2.177803,83,,
2.187771,83,,
2.188653,83,,
2.189644,83,,
2.190627,83,,
2.191585,83,1411,0
2.199273,83,,
2.200194,83,,
2.200810,83,,
2.201510,83,,
2.202401,83,,
2.203017,83,,
2.203614,83,,
2.204245,83,1411,0
2.206076,83,,
2.206750,83,,
2.207336,83,,
2.207971,83,,
2.208594,83,,
2.209555,83,,
2.218985,83,,
2.219919,83,1411,0
2.222098,83,,
2.222707,83,,
2.223374,83,,
2.223936,83,,
2.229845,83,,
2.230709,83,,
2.231398,83,,
2.232009,83,1411,0
2.234908,83,,
2.235503,83,,
2.236566,83,,
2.237530,83,,
2.238522,83,,
2.239465,83,,
2.240470,83,,
2.250219,83,1411,0
2.253609,83,,
2.254645,83,,
2.261193,83,,
2.262279,83,,
2.263257,83,,
2.264221,83,,
2.265193,83,,
2.266158,83,1411,0
2.268687,83,,
2.269641,83,,
2.270239,83,,
2.271185,83,,
2.280799,83,,
2.281741,83,,
2.282738,83,,
2.283735,83,1411,0
2.292202,83,,
2.293240,83,,
2.294288,83,,
2.295239,83,,
2.296167,83,,
2.296828,83,,
2.297423,83,,
2.298398,83,1411,0
2.300970,83,,
2.301968,83,,
2.311797,83,,
2.312682,83,,
2.313337,83,,
2.314275,83,,
2.315155,83,,
2.316158,83,1411,0
2.323607,83,,
2.324574,83,,
2.325235,83,,
2.326214,83,,
2.327226,83,,
2.328204,83,,
2.329181,83,,
2.330136,83,1411,0
2.333013,83,,
2.342659,83,,
2.343596,83,,
2.344163,83,,
2.344849,83,,
2.345470,83,,
2.346073,83,,
2.346713,83,1411,0
2.353786,83,,
2.354421,83,,
2.355031,83,,
2.355629,83,,
2.356504,83,,
2.357489,83,,
2.358459,83,,
2.359558,83,1411,0
2.362512,83,,
2.363137,83,,
2.363793,83,,
2.373899,83,,
2.374893,83,,
2.376104,83,,
2.377085,83,,
2.378041,83,1411,0
2.385320,83,,
2.385991,83,,
2.386586,83,,
2.387613,83,,
2.388253,83,,
2.388934,83,,
2.390127,83,,
2.391204,83,1411,0
2.393883,83,,
2.394870,83,,
2.404784,83,,
2.405699,83,,
2.406302,83,,
2.406962,83,,
2.407562,83,,
2.408177,83,1411,0
2.410480,82,,
2.415989,82,,
2.416935,82,,
2.417904,82,,
2.418544,82,,
2.419146,82,,
2.419772,82,,
2.420713,82,1411,0
2.423326,82,,
2.424384,82,,
2.425310,82,,
2.426379,82,,
2.435709,82,,
2.436765,82,,
2.437815,82,,
2.438840,82,1411,0
2.447024,82,,
2.448065,82,,
2.449161,82,,
2.450224,82,,
2.451350,82,,
2.452464,82,,
2.453415,82,,
2.454033,82,1411,0
2.457004,82,,
2.466719,82,,
2.467984,82,,
2.469230,82,,
2.470481,82,,
2.471681,82,,
2.478285,82,,
2.479352,82,1411,0
2.482812,82,,
2.483999,82,,
2.485094,82,,
2.486247,82,,
2.487275,82,,
2.488123,82,,
2.497803,82,,
2.498770,83,1411,0
2.500990,83,,
2.501998,83,,
2.502943,83,,
2.509000,83,,
2.509974,83,,
2.510929,83,,
2.511542,83,,
2.512502,83,1411,0
2.514700,83,,
2.515289,83,,
2.515946,83,,
2.516561,83,,
2.517173,83,,
2.517812,83,,
2.518796,83,,
2.528768,83,1411,0
2.532113,83,,
2.533163,83,,
2.534196,83,,
2.539953,83,,
2.541045,83,,
2.542153,83,,
2.543245,83,,
2.544300,83,1411,0
2.547317,83,,
2.548443,83,,
2.549724,83,,
2.560081,82,,
2.561208,82,,
2.562098,82,,
2.563046,82,,
2.563714,82,1411,0
2.570998,82,,
2.571651,82,,
2.572251,82,,
2.573135,82,,
2.574014,82,,
2.574652,82,,
2.575262,82,,
2.575946,82,1411,0
2.578127,82,,
2.578776,82,,
2.579419,82,,
2.580064,82,,
2.581032,82,,
2.590685,83,,
2.591642,83,,
2.592272,83,1411,0
2.594440,83,,
2.595498,83,,
2.596495,83,,
2.602024,83,,
2.602689,83,,
2.603602,83,,
2.604576,83,,
2.605203,83,1411,0
2.607061,83,,
2.607713,83,,
2.608822,83,,
2.610037,83,,
2.611211,83,,
2.612281,83,,
2.621908,83,,
2.623117,83,1411,0
2.626572,83,,
2.627743,83,,
2.633238,83,,
2.634399,83,,
2.635555,83,,
2.636739,83,,
2.637896,83,,
2.639099,83,1411,0
2.642331,82,,
2.643456,82,,
2.652974,82,,
2.654180,82,,
2.655315,82,,
2.656421,82,,
2.657552,82,,
2.658582,82,1411,0
2.666536,82,,
2.667678,82,,
2.668684,82,,
2.669663,82,,
2.670637,82,,
2.671605,82,,
2.672575,82,,
2.673564,82,1411,0
2.685178,83,,
2.686352,83,,
2.687519,83,,
2.688544,83,,
2.689513,83,,
2.695092,83,,
2.696200,83,,
2.697310,83,1411,0
2.700578,83,,
2.701596,83,,
2.702560,83,,
2.703488,83,,
2.704472,83,,
2.705431,83,,
2.714890,83,,
2.715999,83,1411,0
2.719192,83,,
2.720158,83,,
2.725843,83,,
2.726948,83,,
2.728080,83,,
2.729051,83,,
2.729681,83,,
2.730257,83,1411,0
2.732138,83,,
2.733112,83,,
2.733777,83,,
2.734740,83,,
2.735369,83,,
2.735985,83,,
2.745738,83,,
2.746817,83,1411,0
2.749751,83,,
2.750711,83,,
2.757219,83,,
2.758209,83,,
2.759237,83,,
2.760219,83,,
2.761144,83,,
2.762083,83,1411,0
2.764277,83,,
2.764926,83,,
2.765548,83,,
2.766184,83,,
2.766836,83,,
2.776579,83,,
2.777099,83,,
2.777749,83,1411,0
2.779641,83,,
2.780229,83,,
2.781157,83,,
2.781784,83,,
2.788012,83,,
2.788971,83,,
2.789981,83,,
2.790912,83,1411,0
2.794000,83,,
2.794943,83,,
2.795526,83,,
2.796232,83,,
2.797193,83,,
2.798136,83,,
2.807739,83,,
2.808682,83,1411,0
2.811583,83,,
2.812535,83,,
2.813501,83,,
2.819055,83,,
2.819981,83,,
2.820969,83,,
2.821949,83,,
2.822886,83,1411,0
2.824813,83,,
2.825413,83,,
2.826029,83,,
2.827026,83,,
2.828051,83,,
2.828965,83,,
2.838675,83,,
2.839573,83,1411,0
2.842049,83,,
2.843007,83,,
2.843612,83,,
2.844217,83,,
2.850457,83,,
2.851363,83,,
2.852308,83,,
2.853293,83,1411,0
2.855707,83,,
2.856637,83,,
2.857248,83,,
2.858291,83,,
2.859244,83,,
2.860190,83,,
2.869725,83,,
2.870637,83,1411,0
2.872547,83,,
2.873486,83,,
2.874128,83,,
2.874771,83,,
2.881050,83,,
2.882091,83,,
2.883063,83,,
2.884009,83,1411,0
2.887034,83,,
2.888052,83,,
2.889017,83,,
2.889996,83,,
2.890954,83,,
2.900660,83,,
2.901588,83,,
2.902541,83,1411,0
2.905053,83,,
2.905682,83,,
2.911903,83,,
2.912809,83,,
2.913801,83,,
2.914797,83,,
2.915769,83,,
2.916776,82,1411,0
2.919347,82,,
2.920337,82,,
2.921319,82,,
2.922301,82,,
2.931849,82,,
2.932906,82,,
2.933904,82,,
2.934928,82,1411,0
2.943150,82,,
2.944113,82,,
2.945084,82,,
2.946114,82,,
2.947069,82,,
2.948052,82,,
2.949057,82,,
2.950069,82,1411,0
2.953063,82,,
2.962729,82,,
2.963700,82,,
2.964714,82,,
2.965718,82,,
2.966697,82,,
2.967709,82,,
2.973849,82,1411,0
2.976938,83,,
2.977973,83,,
2.978966,83,,
2.979967,83,,
2.980979,83,,
2.982207,83,,
2.983357,83,,
2.984305,83,1411,0
2.995686,83,,
2.996648,83,,
2.997602,83,,
2.998236,83,,
2.999211,83,,
3.004745,83,,
3.005729,83,,
3.006715,83,1411,0
3.008616,83,,
3.009227,83,,
3.010252,83,,
3.011460,83,,
3.012561,83,,
3.013610,83,,
3.014635,83,,
3.024897,83,1411,0
3.028259,83,,
3.029345,83,,
3.030435,83,,
3.036311,83,,
3.037471,83,,
3.038573,83,,
3.039647,83,,
3.040745,83,1411,0
3.044027,83,,
3.044989,83,,
3.045979,83,,
3.055684,83,,
3.056308,83,,
3.056959,83,,
3.057556,83,,
3.058166,83,1411,0
3.060420,83,,
3.061378,83,,
3.066963,82,,
3.067925,82,,
3.068903,82,,
3.069503,82,,
3.070101,82,,
3.070758,82,1411,0
3.073353,82,,
3.073956,82,,
3.074590,82,,
3.075188,82,,
3.075844,82,,
3.076748,82,,
3.087006,82,,
3.088251,82,1411,0
3.091763,82,,
3.098084,83,,
3.099332,83,,
3.100583,83,,
3.101778,83,,
3.102810,83,,
3.103740,83,,
3.104365,83,1411,0
3.106911,83,,
3.107526,83,,
3.108491,83,,
3.117987,83,,
3.118941,83,,
3.120198,83,,
3.121470,83,,
3.122671,83,1411,0
3.131204,83,,
3.132164,83,,
3.133148,83,,
3.134075,83,,
3.135128,83,,
3.136128,83,,
3.137134,83,,
3.138150,83,1411,0
3.150321,83,,
3.151350,83,,
3.152472,83,,
3.153463,83,,
3.154418,82,,
3.160210,82,,
3.161202,82,,
3.162111,82,1411,0
3.164329,82,,
3.165002,82,,
3.165971,82,,
3.166587,82,,
3.167538,82,,
3.168190,82,,
3.168830,82,,
3.169454,82,1411,0
3.180735,82,,
3.181667,82,,
3.182658,83,,
3.183275,83,,
3.184279,83,,
3.185255,83,,
3.190836,83,,
3.191421,83,1411,0
3.194104,83,,
3.194764,83,,
3.195409,83,,
3.196362,83,,
3.197363,83,,
3.198344,83,,
3.199032,83,,
3.199976,83,1411,0
3.211847,83,,
3.212830,83,,
3.213809,83,,
3.214938,83,,
3.215931,83,,
3.222060,83,,
3.223001,83,,
3.223548,83,1411,0
3.225470,83,,
3.226262,83,,
3.227130,83,,
3.227774,83,,
3.228401,83,,
3.229006,83,,
3.229645,83,,
3.230264,83,1411,0
3.232476,83,,
3.241875,83,,
3.242794,83,,
3.243431,83,,
3.244021,83,,
3.244690,83,,
3.245338,83,,
3.245945,83,1411,0
3.253451,83,,
3.254522,83,,
3.255523,83,,
3.256544,83,,
3.257566,83,,
3.258582,83,,
3.259633,83,,
3.260639,83,1411,0
3.263175,83,,
3.272957,83,,
3.274142,83,,
3.275365,83,,
3.276447,83,,
3.277465,83,,
3.278460,83,,
3.284266,83,1411,0
3.286801,83,,
3.287406,83,,
3.288042,83,,
3.288689,83,,
3.289833,83,,
3.290850,83,,
3.291854,83,,
3.292901,83,1411,0
3.305075,83,,
3.306034,83,,
3.306978,83,,
3.307588,83,,
3.308243,83,,
3.308895,83,,
3.315027,83,,
3.315654,83,1411,0
3.317558,83,,
3.318146,83,,
3.319059,83,,
3.320177,83,,
3.321031,83,,
3.322262,83,,
3.323457,83,,
3.324587,83,1411,0
3.336237,82,,
3.337396,82,,
3.338460,82,,
3.339496,82,,
3.340517,82,,
3.346186,82,,
3.347182,82,,
3.348139,82,1411,0
3.350755,82,,
3.351726,82,,
3.352712,82,,
3.353678,82,,
3.354648,82,,
3.355635,82,,
3.356550,82,,
3.366079,82,1411,0
3.369034,82,,
3.370005,82,,
3.370972,82,,
3.376911,82,,
3.377809,82,,
3.378798,82,,
3.379770,82,,
3.380755,82,1411,0
3.383717,82,,
3.384696,82,,
3.385698,82,,
3.386676,83,,
3.396739,83,,
3.397675,83,,
3.398641,83,,
3.399255,83,1411,0
3.401884,83,,
3.408118,83,,
3.409222,83,,
3.410318,83,,
3.411255,83,,
3.412188,83,,
3.412838,83,,
3.413459,83,1411,0
3.415734,83,,
3.416672,83,,
3.417631,83,,
3.427695,83,,
3.428607,83,,
3.429195,83,,
3.429823,83,,
3.430811,83,1411,0
3.432992,83,,
3.438876,83,,
3.439492,83,,
3.440542,83,,
3.441599,83,,
3.442640,83,,
3.443633,83,,
3.444568,83,1411,0
3.447098,83,,
3.447733,83,,
3.448676,83,,
3.449308,83,,
3.459103,83,,
3.460029,83,,
3.460638,83,,
3.461584,83,1411,0
3.464147,83,,
3.470083,83,,
3.471012,83,,
3.471619,83,,
3.472675,83,,
3.473626,83,,
3.474615,83,,
3.475549,83,1411,0
3.478092,83,,
3.479015,83,,
3.479678,83,,
3.489684,83,,
3.490616,83,,
3.491292,83,,
3.491936,83,,
3.492856,83,1411,0
3.495128,83,,
3.501149,83,,
3.502005,83,,
3.502646,83,,
3.503659,83,,
3.504620,83,,
3.505246,83,,
3.505921,83,1411,0
3.508111,83,,
3.509055,83,,
3.509652,83,,
3.510285,83,,
3.511210,83,,
3.520617,83,,
3.521528,83,,
3.522143,83,1411,0
3.525036,83,,
3.526017,83,,
3.531845,83,,
3.532799,83,,
3.533776,83,,
3.534724,83,,
3.535325,83,,
3.535962,83,1411,0
3.538193,83,,
3.538852,83,,
3.539470,83,,
3.540085,83,,
3.540717,83,,
3.541368,83,,
3.541984,83,,
3.551710,83,1411,0
3.553856,83,,
3.554500,83,,
3.555103,83,,
3.555758,83,,
3.556366,83,,
3.557026,83,,
3.562847,83,,
3.563811,83,1411,0
3.565716,83,,
3.566344,83,,
3.566972,82,,
3.567596,82,,
3.568213,82,,
3.569223,82,,
3.570104,82,,
3.571046,82,1411,0
3.573514,82,,
3.583191,82,,
3.584100,82,,
3.584955,82,,
3.585956,82,,
3.586567,82,,
3.587143,82,,
3.587802,82,1411,0
3.595646,82,,
3.596280,82,,
3.597221,82,,
3.597908,82,,
3.598526,82,,
3.599136,82,,
3.599770,82,,
3.600447,82,1411,0
3.602381,82,,
3.602988,82,,
3.603620,82,,
3.604224,82,,
3.613940,82,,
3.614883,82,,
3.615478,82,,
3.616111,82,1411,0
3.618052,82,,
3.618690,82,,
3.624749,82,,
3.625690,82,,
3.626522,83,,
3.627483,83,,
3.628440,83,,
3.629417,83,1411,0
3.632328,83,,
3.633607,83,,
3.634851,83,,
3.644756,83,,
3.645856,83,,
3.646967,83,,
3.648102,83,,
3.649296,83,1411,0
3.656420,83,,
3.656993,83,,
3.657661,83,,
3.658286,83,,
3.659251,83,,
3.659919,83,,
3.660885,83,,
3.661532,83,1411,0
3.663396,83,,
3.663994,83,,
3.664641,83,,
3.665305,83,,
3.666233,83,,
3.676017,83,,
3.677018,83,,
3.677993,83,1411,0
3.680177,83,,
3.681135,83,,
3.687025,83,,
3.687979,83,,
3.688947,83,,
3.690028,83,,
3.690924,83,,
3.691923,83,1411,0
3.693798,83,,
3.694399,83,,
3.695026,83,,
3.695704,83,,
3.696327,83,,
3.696978,83,,
3.706683,83,,
3.707265,83,1411,0
3.709123,83,,
3.709789,83,,
3.710417,83,,
3.711002,83,,
3.711655,83,,
3.717754,83,,
3.718719,83,,
3.719333,83,1411,0
3.721584,83,,
3.722563,83,,
3.723166,83,,
3.723830,83,,
3.724477,83,,
3.725067,83,,
3.725710,83,,
3.726688,83,1411,0
3.737734,83,,
3.738685,83,,
3.739646,83,,
3.740283,83,,
3.740957,83,,
3.741912,83,,
3.742543,83,,
3.743500,83,1411,0
3.750617,83,,
3.751233,83,,
3.751914,83,,
3.752990,83,,
3.754202,83,,
3.755325,83,,
3.756397,83,,
3.757438,83,1411,0
3.768783,83,,
3.769716,83,,
3.770665,83,,
3.771669,83,,
3.772634,83,,
3.773632,83,,
3.774740,83,,
3.780498,83,1411,0
3.782973,83,,
3.783649,83,,
3.784604,83,,
3.785262,83,,
3.785882,83,,
3.786512,83,,
3.787147,83,,
3.787756,83,1411,0
3.789691,83,,
3.799696,83,,
3.800627,83,,
3.801262,83,,
3.801923,83,,
3.802539,83,,
3.803121,83,,
3.803795,83,1411,0
3.810872,83,,
3.811488,83,,
3.812128,83,,
3.812744,83,,
3.813349,83,,
3.814000,83,,
3.815018,83,,
3.815983,83,1411,0
3.817891,83,,
3.818480,83,,
3.819111,83,,
3.819739,83,,
3.820745,83,,
3.831150,83,,
3.832406,83,,
3.833525,83,1411,0
3.836605,82,,
3.842220,82,,
3.843211,82,,
3.844147,82,,
3.845144,82,,
3.846102,82,,
3.847048,82,,
3.847660,82,1411,0
3.849840,82,,
3.850781,82,,
3.851397,82,,
3.852033,82,,
3.862021,82,,
3.863033,82,,
3.864011,82,,
3.864979,82,1411,0
3.873040,82,,
3.873981,82,,
3.874613,82,,
3.875233,82,,
3.875878,82,,
3.877113,82,,
3.878127,82,,
3.879029,82,1411,0
3.881246,82,,
3.882233,82,,
3.882916,82,,
3.892710,82,,
3.893600,82,,
3.894565,82,,
3.895553,82,,
3.896524,82,1411,0
3.903922,82,,
3.904825,82,,
3.905788,82,,
3.906750,82,,
3.907379,82,,
3.908035,82,,
3.909001,82,,
3.909951,82,1411,0
3.912491,82,,
3.913112,82,,
3.913742,82,,
3.923642,82,,
3.924567,82,,
3.925180,82,,
3.925832,82,,
3.926460,82,1411,0
3.928340,82,,
3.929324,82,,
3.934873,82,,
3.936108,82,,
3.937062,82,,
3.938055,82,,
3.938995,82,,
3.939983,82,1411,0
3.941876,82,,
3.942833,82,,
3.943878,82,,
3.945073,82,,
3.954744,82,,
3.955694,82,,
3.956713,82,,
3.957668,82,1411,0
3.960582,82,,
3.966412,82,,
3.967380,82,,
3.968373,82,,
3.969348,82,,
3.970372,82,,
3.971322,82,,
3.972293,82,1411,0
3.975258,82,,
3.976196,82,,
3.985739,82,,
3.986759,82,,
3.987769,82,,
3.988774,82,,
3.989967,82,,
3.991193,82,1411,0
3.998812,82,,
3.999544,82,,
4.000577,82,,
4.001635,82,,
4.002710,82,,
4.003759,82,,
4.004726,82,,
4.005760,82,1411,0
4.017706,82,,
4.018686,82,,
4.019654,82,,
4.020635,82,,
4.021611,82,,
4.027899,82,,
4.028839,82,,
4.029793,82,1411,0
4.031662,82,,
4.032651,82,,
4.033272,82,,
4.033943,82,,
4.034528,82,,
4.035145,82,,
4.035795,82,,
4.036408,82,1411,0
4.047812,82,,
4.048793,82,,
4.049782,82,,
4.050451,82,,
4.051376,82,,
4.052368,82,,
4.053364,82,,
4.059162,82,1411,0
4.062016,82,,
4.062626,82,,
4.063255,82,,
4.063971,82,,
4.065118,82,,
4.066023,82,,
4.066651,82,,
4.067235,82,1411,0
4.069150,82,,
4.078940,82,,
4.079953,82,,
4.080932,82,,
4.081906,82,,
4.082894,82,,
4.083880,82,,
4.089843,82,1411,0
4.092009,82,,
4.092638,82,,
4.093287,82,,
4.093928,82,,
4.094671,82,,
4.095584,82,,
4.096161,82,,
4.096830,82,1411,0
4.098741,82,,
4.099309,82,,
4.099932,82,,
4.109765,83,,
4.110658,83,,
4.111617,83,,
4.112205,83,,
4.113184,83,1411,0
4.120865,83,,
4.121772,83,,
4.122720,83,,
4.123353,83,,
4.123958,83,,
4.124702,83,,
4.125630,83,,
4.126548,83,1411,0
4.129109,83,,
4.129824,83,,
4.130737,83,,
4.140714,83,,
4.141664,83,,
4.142622,83,,
4.143628,83,,
4.144531,83,1411,0
4.152220,83,,
4.152886,83,,
4.153821,83,,
4.154805,83,,
4.155733,83,,
4.156756,83,,
4.157747,83,,
4.158689,83,1411,0
4.161225,83,,
4.162145,83,,
4.171668,83,,
4.172586,83,,
4.173203,83,,
4.174127,83,,
4.174792,83,,
4.175422,83,1411,0
4.182730,83,,
4.183664,83,,
4.184332,83,,
4.185290,83,,
4.186275,83,,
4.186877,83,,
4.187509,83,,
4.188447,83,1411,0
4.190357,83,,
4.190978,83,,
4.191575,83,,
4.192200,83,,
4.192855,83,,
4.202543,83,,
4.203138,83,,
4.203761,83,1411,0
4.205708,83,,
4.206634,83,,
4.207309,83,,
4.208234,83,,
4.213887,83,,
4.214779,83,,
4.215754,83,,
4.216689,83,1411,0
4.219008,83,,
4.219572,83,,
4.220141,83,,
4.220812,83,,
4.221448,83,,
4.222038,83,,
4.222715,83,,
4.223369,83,1411,0
4.234325,83,,
4.234986,83,,
4.235568,83,,
4.236520,83,,
4.237495,83,,
4.238155,83,,
4.239079,83,,
4.245133,83,1411,0
4.247298,83,,
4.247943,83,,
4.248950,83,,
4.249910,83,,
4.250878,83,,
4.251490,83,,
4.252113,83,,
4.252763,83,1411,0
4.255015,83,,
4.264798,83,,
4.265926,83,,
4.266939,83,,
4.267929,83,,
4.268891,83,,
4.269511,83,,
4.270307,83,1411,0
4.278466,83,,
4.279537,83,,
4.280512,83,,
4.281455,83,,
4.282460,83,,
4.283395,83,,
4.284036,83,,
4.285210,83,1411,0
4.296817,83,,
4.297774,83,,
4.298395,83,,
4.299343,83,,
4.300289,83,,
4.300954,83,,
4.306908,83,,
4.307946,83,1411,0
4.310857,83,,
4.311936,83,,
4.312838,83,,
4.313831,83,,
4.314456,83,,
4.315028,83,,
4.315693,83,,
4.316658,83,1411,0
4.328320,83,,
4.328942,83,,
4.329557,83,,
4.330148,83,,
4.330771,83,,
4.331455,83,,
4.332447,83,,
4.338217,83,1411,0
4.340670,83,,
4.341679,83,,
4.342620,83,,
4.343578,83,,
4.344556,83,,
4.345157,83,,
4.345811,83,,
4.346741,82,1411,0
4.357877,82,,
4.358771,82,,
4.359374,82,,
4.360024,82,,
4.360628,82,,
4.361247,82,,
4.361887,82,,
4.362517,82,1411,0
4.369582,82,,
4.370523,82,,
4.371193,82,,
4.372146,82,,
4.372931,82,,
4.374179,82,,
4.375450,82,,
4.376516,83,1411,0
4.379386,83,,
4.388768,83,,
4.389608,83,,
4.390563,83,,
4.391504,83,,
4.392535,83,,
4.393493,83,,
4.394473,83,1411,0
4.402091,83,,
4.403104,83,,
4.404058,83,,
4.405045,83,,
4.406252,82,,
4.407177,82,,
4.408279,82,,
4.409412,82,1411,0
4.421104,82,,
4.422176,82,,
4.423170,82,,
4.424110,82,,
4.425084,82,,
4.431099,82,,
4.432103,82,,
4.433364,82,1411,0
4.436378,82,,
4.437425,82,,
4.438397,82,,
4.439373,82,,
4.440330,82,,
4.441295,82,,
4.450806,82,,
4.451811,82,1411,0
4.454713,82,,
4.455677,82,,
4.461924,82,,
4.462890,82,,
4.463847,82,,
4.464518,82,,
4.465454,82,,
4.466440,82,1411,0
4.469408,82,,
4.470390,82,,
4.471348,82,,
4.472353,82,,
4.481669,82,,
4.482623,82,,
4.483586,82,,
4.484553,82,1411,0
4.487520,82,,
4.493070,82,,
4.494010,82,,
4.494631,82,,
4.495614,82,,
4.496605,82,,
4.497584,82,,
4.498578,82,1411,0
4.501533,82,,
4.502529,82,,
4.503509,82,,
4.512907,82,,
4.513853,82,,
4.514935,82,,
4.515911,82,,
4.516946,82,1411,0
4.525335,82,,
4.526459,82,,
4.527513,82,,
4.528510,82,,
4.529434,82,,
4.530649,82,,
4.531806,82,,
4.532900,82,1410,0
4.544669,82,,
4.545665,82,,
4.546275,82,,
4.547239,82,,
4.548228,82,,
4.549205,82,,
4.554836,82,,
4.555786,82,1411,0
4.558354,82,,
4.559333,82,,
4.560268,82,,
4.561237,82,,
4.562203,82,,
4.562853,82,,
4.563840,82,,
4.564480,82,1411,0
4.575797,82,,
4.576396,82,,
4.577016,82,,
4.577656,82,,
4.578622,82,,
4.579592,82,,
4.580555,82,,
4.586042,82,1411,0
4.588215,82,,
4.588867,82,,
4.589507,82,,
4.590117,82,,
4.590763,82,,
4.591358,82,,
4.591975,82,,
4.592630,82,1411,0
4.595237,82,,
4.595915,82,,
4.605779,82,,
4.606713,82,,
4.607361,82,,
4.608342,82,,
4.609294,82,,
4.609897,82,1411,0
4.618020,82,,
4.618999,82,,
4.619970,82,,
4.620967,82,,
4.621944,82,,
4.622927,82,,
4.623913,82,,
4.624925,82,1411,0
4.636767,82,,
4.637755,82,,
4.638707,82,,
4.639684,82,,
4.640669,82,,
4.641659,82,,
4.647958,82,,
4.649189,82,1411,0
4.652176,82,,
4.652808,82,,
4.653438,82,,
4.654018,82,,
4.654989,82,,
4.655648,82,,
4.656647,82,,
4.657226,82,1411,0
4.668912,82,,
4.669819,82,,
4.670724,82,,
4.671362,82,,
4.672009,82,,
4.672985,82,,
4.678862,82,,
4.679851,82,1411,0
4.681974,82,,
4.682631,82,,
4.683236,82,,
4.683932,82,,
4.685185,82,,
4.686290,82,,
4.687321,82,,
4.688296,82,1411,0
4.699745,82,,
4.700721,82,,
4.701705,82,,
4.702674,82,,
4.703639,82,,
4.704650,82,,
4.710455,82,,
4.711463,82,1411,0
4.714582,82,,
4.715683,82,,
4.716662,82,,
4.717643,82,,
4.718616,82,,
4.719579,82,,
4.720547,82,,
4.730054,82,1411,0
4.732212,82,,
4.732872,82,,
4.733496,82,,
4.734110,82,,
4.734768,82,,
4.740800,82,,
4.741423,82,,
4.742020,82,1411,0
4.743989,82,,
4.744960,82,,
4.745865,82,,
4.746507,82,,
4.747083,82,,
4.747744,82,,
4.748393,82,,
4.749047,82,1411,0
4.760667,82,,
4.761590,82,,
4.762164,82,,
4.762777,82,,
4.763732,82,,
4.764686,82,,
4.765286,82,,
4.766163,82,1411,0
4.773295,82,,
4.773927,82,,
4.774945,82,,
4.775892,82,,
4.776475,82,,
4.777102,82,,
4.777732,82,,
4.778710,82,1411,0
4.781019,82,,
4.781600,82,,
4.782184,82,,
4.792038,82,,
4.793102,82,,
4.793995,82,,
4.794599,82,,
4.795253,82,1411,0
4.802909,82,,
4.803509,82,,
4.804091,82,,
4.804724,82,,
4.805353,82,,
4.805957,82,,
4.806626,82,,
4.807259,82,1411,0
4.809447,82,,
4.810068,82,,
4.810706,82,,
4.811339,82,,
4.812009,82,,
4.812949,82,,
4.822521,82,,
4.823076,82,1411,0
4.824959,82,,
4.825560,82,,
4.826177,82,,
4.826799,82,,
4.827417,82,,
4.828021,82,,
4.833827,82,,
4.834387,82,1411,0
4.836642,82,,
4.837286,82,,
4.837927,82,,
4.838517,82,,
4.839200,82,,
4.839790,82,,
4.840425,82,,
4.841049,82,1411,0
4.843326,82,,
4.844267,82,,
4.853751,82,,
4.854756,82,,
4.855695,82,,
4.856659,82,,
4.857271,82,,
4.857945,82,1411,0
4.865768,82,,
4.866754,82,,
4.867742,82,,
4.868729,82,,
4.869703,82,,
4.870695,82,,
4.871650,82,,
4.872281,82,1411,0
4.874972,82,,
4.884887,82,,
4.886125,82,,
4.887086,82,,
4.888021,82,,
4.889014,82,,
4.890002,82,,
4.896089,82,1411,0
4.897991,82,,
4.898625,82,,
4.899204,82,,
4.899877,82,,
4.900472,82,,
4.901106,82,,
4.901744,82,,
4.902372,82,1411,0
4.904279,82,,
4.904935,82,,
4.905789,82,,
4.915848,82,,
4.917011,82,,
4.918119,82,,
4.919223,82,,
4.920285,82,1411,0
4.927971,82,,
4.928909,82,,
4.929506,82,,
4.930111,82,,
4.930755,82,,
4.931384,82,,
4.931988,82,,
4.932645,82,1411,0
4.934521,82,,
4.935123,82,,
4.935763,82,,
4.936372,82,,
4.937028,82,,
4.946851,82,,
4.947836,82,,
4.948817,82,1411,0
4.951754,82,,
4.957881,82,,
4.958821,82,,
4.959447,82,,
4.960071,82,,
4.961059,82,,
4.962045,82,,
4.962689,82,1411,0
4.964943,82,,
4.965897,82,,
4.967181,82,,
4.968143,82,,
4.977736,82,,
4.978645,82,,
4.979572,82,,
4.980192,82,1411,0
4.982066,82,,
4.982744,82,,
4.989262,82,,
4.990318,82,,
4.991386,82,,
4.992479,82,,
4.993517,82,,
4.994544,82,1411,0
4.997634,82,,
4.998726,82,,
5.008849,82,,
5.009980,82,,
5.011068,82,,
5.012120,82,,
5.013148,82,,
5.014163,82,1411,0
5.022114,82,,
5.023043,82,,
5.023992,82,,
5.024639,82,,
5.025260,82,,
5.025915,82,,
5.026515,82,,
5.027147,82,1411,0
5.029049,82,,
5.029691,82,,
5.030313,82,,
5.039986,82,,
5.040570,82,,
5.041184,82,,
5.041832,82,,
5.042795,82,1411,0
5.044718,82,,
5.050724,82,,
5.051260,82,,
5.051980,82,,
5.052891,82,,
5.053545,82,,
5.054157,82,,
5.055152,82,1411,0
5.058585,82,,
5.059658,82,,
5.060629,82,,
5.061606,82,,
5.071231,82,,
5.072292,82,,
5.073264,82,,
5.074233,82,1411,0
5.082129,82,,
5.083064,82,,
5.084079,82,,
5.085051,82,,
5.086263,82,,
5.087212,82,,
5.088139,82,,
5.088779,82,1411,0
5.091065,82,,
5.091741,82,,
5.101752,82,,
5.102689,82,,
5.103625,82,,
5.104240,82,,
5.104894,82,,
5.105787,82,1411,0
5.113916,82,,
5.114979,82,,
5.116055,82,,
5.117096,82,,
5.118146,82,,
5.119132,82,,
5.120136,82,,
5.121140,82,1411,0
5.132875,82,,
5.133949,82,,
5.135121,82,,
5.135992,82,,
5.136958,82,,
5.137603,82,,
5.138753,82,,
5.144263,82,1411,0
5.147192,82,,
5.148152,82,,
5.149116,82,,
5.150100,82,,
5.151067,82,,
5.152067,82,,
5.153074,82,,
5.154140,82,1411,0
5.165268,82,,
5.165938,82,,
5.167224,82,,
5.168337,82,,
5.169288,82,,
5.175204,82,,
5.176260,82,,
5.177286,82,1411,0
5.179812,82,,
5.180463,82,,
5.181391,82,,
5.182359,82,,
5.183345,82,,
5.184340,82,,
5.185003,82,,
5.195277,82,1411,0
5.197850,82,,
5.198833,82,,
5.199439,82,,
5.200025,82,,
5.206052,82,,
5.206985,82,,
5.207961,82,,
5.209103,82,1411,0
5.212219,82,,
5.213314,82,,
5.214498,82,,
5.215693,82,,
5.225835,82,,
5.226897,82,,
5.227992,82,,
5.229138,82,1411,0
5.236768,82,,
5.237767,82,,
5.238704,82,,
5.239352,82,,
5.240322,82,,
5.240986,82,,
5.241610,82,,
5.242216,82,1411,0
5.244445,82,,
5.245404,82,,
5.246300,82,,
5.247349,82,,
5.256794,82,,
5.257700,82,,
5.258716,82,,
5.259689,82,1411,0
5.268219,82,,
5.269195,82,,
5.270211,82,,
5.271154,82,,
5.272185,82,,
5.273135,82,,
5.273790,82,,
5.274728,82,1410,0
5.277665,82,,
5.287691,82,,
5.288627,82,,
5.289239,82,,
5.289893,82,,
5.290853,82,,
5.291846,82,,
5.293081,82,1410,0
5.300660,82,,
5.301269,82,,
5.301854,82,,
5.302879,82,,
5.303855,82,,
5.304845,82,,
5.305967,82,,
5.306943,82,1410,0
5.318776,82,,
5.319718,82,,
5.320328,82,,
5.321296,82,,
5.322257,82,,
5.322879,82,,
5.323487,82,,
5.324458,82,1410,0
5.332309,82,,
5.333350,82,,
5.334413,82,,
5.335511,82,,
5.336630,82,,
5.337726,82,,
5.338684,82,,
5.339788,82,1410,0
5.351714,82,,
5.352650,82,,
5.353601,82,,
5.354579,82,,
5.355563,82,,
5.361355,82,,
5.362278,82,,
5.362924,82,1410,0
5.364813,82,,
5.365416,82,,
5.366035,82,,
5.367014,82,,
5.367651,82,,
5.368653,82,,
5.369278,82,,
5.369934,82,1410,0
5.380968,82,,
5.381966,82,,
5.382531,82,,
5.383113,82,,
5.383799,82,,
5.384422,82,,
5.385001,82,,
5.385675,82,1410,0
5.392701,82,,
5.393290,82,,
5.393961,82,,
5.394588,82,,
5.395174,82,,
5.395848,82,,
5.396463,82,,
5.397032,82,1410,0
5.398940,82,,
5.399572,82,,
5.400339,82,,
5.401258,82,,
5.402233,82,,
5.411707,82,,
5.412614,82,,
5.413207,82,1410,0
5.415092,82,,
5.415741,82,,
5.416370,82,,
5.417003,82,,
5.422880,82,,
5.423898,82,,
5.424852,82,,
5.425875,82,1410,0
5.428725,82,,
5.429321,82,,
5.429940,82,,
5.430887,82,,
5.431526,82,,
5.432494,82,,
5.433124,82,,
5.442906,82,1410,0
5.445391,82,,
5.446050,82,,
5.447027,82,,
5.447996,82,,
5.454017,82,,
5.454977,82,,
5.455596,82,,
5.456252,82,1410,0
5.458953,82,,
5.460071,82,,
5.461082,82,,
5.462024,82,,
5.462991,82,,
5.463596,82,,
5.464188,82,,
5.473852,82,1410,0
5.475658,82,,
5.476253,82,,
5.476918,82,,
5.477496,82,,
5.478113,82,,
5.478730,82,,
5.484690,82,,
5.485277,82,1410,0
5.487098,82,,
5.487750,82,,
5.488363,82,,
5.488954,82,,
5.489611,82,,
5.490247,82,,
5.490825,82,,
5.491452,82,1410,0
5.493257,82,,
5.493909,82,,
5.494524,82,,
5.495114,82,,
5.504734,82,,
5.505288,82,,
5.505902,82,,
5.506534,82,1410,0
5.508390,82,,
5.508957,82,,
5.509606,82,,
5.510214,82,,
5.515963,82,,
5.516605,82,,
5.517181,82,,
5.517796,82,1410,0
5.519651,82,,
5.520258,82,,
5.520877,82,,
5.521447,82,,
5.522067,82,,
5.522705,82,,
5.523311,82,,
5.523972,82,1410,0
5.526108,82,,
5.535822,82,,
5.536737,82,,
5.537354,82,,
5.537976,82,,
5.538568,82,,
5.539182,82,,
5.539798,82,1410,0
5.546994,82,,
5.547602,82,,
5.548239,82,,
5.549007,82,,
5.549809,82,,
5.550476,82,,
5.551369,82,,
5.551996,82,1410,0
5.553865,82,,
5.554475,82,,
5.555080,82,,
5.555713,82,,
5.556678,82,,
5.557281,82,,
5.566874,82,,
5.567494,82,1410,0
5.569379,82,,
5.569943,82,,
5.570611,82,,
5.571177,82,,
5.571804,82,,
5.577763,82,,
5.578361,82,,
5.578995,82,1410,0
5.581257,82,,
5.582231,82,,
5.582849,82,,
5.583481,82,,
5.584116,82,,
5.585099,82,,
5.586036,82,,
5.586647,82,1410,0
5.597842,82,,
5.598889,82,,
5.599883,82,,
5.600842,82,,
5.601825,82,,
5.602904,82,,
5.608894,82,,
5.610114,82,1410,0
5.612228,82,,
5.612865,82,,
5.613515,82,,
5.614503,82,,
5.615114,82,,
5.615782,82,,
5.616607,82,,
5.617607,82,1410,0
5.629090,82,,
5.630097,82,,
5.631013,82,,
5.631994,82,,
5.632623,82,,
5.633398,82,,
5.634410,82,,
5.640310,82,1410,0
5.643229,82,,
5.644209,82,,
5.645286,82,,
5.646282,82,,
5.647224,82,,
5.648203,82,,
5.649190,82,,
5.650181,82,1410,0
5.661849,82,,
5.662492,82,,
5.663120,82,,
5.663764,82,,
5.664722,82,,
5.670849,82,,
5.671808,82,,
5.672794,82,1410,0
5.675392,82,,
5.676335,82,,
5.677285,82,,
5.677954,82,,
5.678923,82,,
5.679901,82,,
5.680894,82,,
5.690750,82,1410,0
5.693263,82,,
5.693906,82,,
5.694545,82,,
5.695511,82,,
5.696500,82,,
5.701997,82,,
5.702952,82,,
5.703558,82,1410,0
5.706044,82,,
5.707019,82,,
5.707641,82,,
5.708306,82,,
5.708925,82,,
5.709512,82,,
5.710148,82,,
5.710812,82,1410,0
5.721922,82,,
5.722933,82,,
5.723902,82,,
5.724875,82,,
5.725842,82,,
5.727206,82,,
5.733218,82,,
5.734323,82,1410,0
5.737478,82,,
5.738614,82,,
5.739798,82,,
5.740992,82,,
5.742166,82,,
5.743294,82,,
5.752829,82,,
5.754131,82,1410,0
5.757550,82,,
5.763805,82,,
5.764787,82,,
5.765907,82,,
5.766863,82,,
5.767481,82,,
5.768079,82,,
5.768706,82,1410,0
5.770626,82,,
5.771574,82,,
5.772464,82,,
5.773536,82,,
5.774583,82,,
5.783962,82,,
5.784872,82,,
5.785453,82,1410,0
5.788031,82,,
5.789120,82,,
5.794846,82,,
5.795734,82,,
5.796377,82,,
5.796987,82,,
5.797629,82,,
5.798629,82,1410,0
5.800540,82,,
5.801134,82,,
5.801782,82,,
5.802715,82,,
5.803689,82,,
5.804685,82,,
5.814823,82,,
5.815820,82,1410,0
5.818783,82,,
5.819769,82,,
5.826319,82,,
5.827385,82,,
5.828317,82,,
5.829256,82,,
5.830228,82,,
5.831203,82,1410,0
5.834813,82,,
5.836043,82,,
5.846010,82,,
5.847258,82,,
5.848388,82,,
5.849454,82,,
5.850563,82,,
5.856969,82,1410,0
5.860139,82,,
5.861109,82,,
5.862103,82,,
5.863074,82,,
5.864035,82,,
5.865016,82,,
5.865986,82,,
5.866970,82,1410,0
5.878674,82,,
5.879650,82,,
5.880634,82,,
5.881607,82,,
5.887848,82,,
5.888922,82,,
5.889925,82,,
5.890897,82,1410,0
5.893482,82,,
5.894113,82,,
5.894763,82,,
5.895409,82,,
5.896367,82,,
5.897359,82,,
5.898333,82,,
5.907783,82,1410,0
5.910311,82,,
5.910964,82,,
5.911588,82,,
5.912204,82,,
5.913172,82,,
5.919076,82,,
5.920021,82,,
5.921016,82,1410,0
5.923955,82,,
5.924952,82,,
5.925935,82,,
5.926893,82,,
5.927855,82,,
5.928811,82,,
5.938742,82,,
5.939685,82,1410,0
5.942612,82,,
5.943210,82,,
5.943868,82,,
5.949847,82,,
5.950764,82,,
5.951740,82,,
5.952694,82,,
5.953294,82,1410,0
5.956058,82,,
5.957044,82,,
5.957686,82,,
5.958642,83,,
5.959591,83,,
5.960549,83,,
5.970121,83,,
5.971074,83,1410,0
5.973597,83,,
5.974548,83,,
5.975140,83,,
5.980975,83,,
5.981547,83,,
5.982151,83,,
5.982801,83,,
5.983407,83,1410,0
5.985622,83,,
5.986284,83,,
5.987270,83,,
5.987932,82,,
5.988884,82,,
5.989486,82,,
5.990123,82,,
5.991090,82,1410,0
6.002242,82,,
6.002894,82,,
6.003510,82,,
6.004114,82,,
6.004761,82,,
6.005383,82,,
6.006022,82,,
6.012111,82,1410,0
6.014372,82,,
6.015265,82,,
6.015883,82,,
6.016505,82,,
6.017240,82,,
6.018152,82,,
6.019096,82,,
6.019747,82,1410,0
6.021665,82,,
6.031936,82,,
6.032970,82,,
6.033993,82,,
6.034986,82,,
6.036078,82,,
6.036957,82,,
6.042729,82,1410,0
6.044879,82,,
6.045462,82,,
6.046100,82,,
6.046940,82,,
6.047933,82,,
6.048819,82,,
6.049804,82,,
6.050769,83,1410,0
6.052900,83,,
6.062658,83,,
6.063561,83,,
6.064543,83,,
6.065140,83,,
6.065754,83,,
6.066736,83,,
6.067692,83,1410,0
6.075340,83,,
6.076408,83,,
6.077333,83,,
6.077937,83,,
6.078838,83,,
6.079479,83,,
6.080408,83,,
6.081364,83,1410,0
6.083930,83,,
6.093743,83,,
6.094655,83,,
6.095621,83,,
6.096625,83,,
6.097220,83,,
6.097895,83,,
6.098841,83,1410,0
6.106870,83,,
6.108024,83,,
6.109322,83,,
6.110655,83,,
6.111914,83,,
6.112856,82,,
6.113785,82,,
6.114796,82,1410,0
6.126558,82,,
6.127176,82,,
6.127783,82,,
6.128743,82,,
6.129393,82,,
6.130317,82,,
6.135923,82,,
6.136821,82,1410,0
6.138706,82,,
6.139333,82,,
6.140005,82,,
6.140582,82,,
6.141188,82,,
6.141841,82,,
6.142839,82,,
6.143827,82,1410,0
6.146016,82,,
6.155804,82,,
6.156741,82,,
6.157718,82,,
6.158720,82,,
6.159669,82,,
6.160633,82,,
6.161240,82,1410,0
6.169011,82,,
6.170011,82,,
6.171017,82,,
6.171964,82,,
6.172597,82,,
6.173555,82,,
6.174547,82,,
6.175539,82,1410,0
6.186986,82,,
6.187965,82,,
6.188947,82,,
6.189927,82,,
6.190913,82,,
6.191898,82,,
6.198186,82,,
6.199158,82,1410,0
6.201442,82,,
6.202419,82,,
6.203071,82,,
6.204008,82,,
6.204998,82,,
6.206049,82,,
6.207435,82,,
6.208687,82,1410,0
6.220212,82,,
6.221415,82,,
6.222425,82,,
6.223360,82,,
6.228940,82,,
6.229815,82,,
6.230456,82,,
6.231419,82,1410,0
6.233298,82,,
6.233931,82,,
6.234543,82,,
6.235529,82,,
6.236127,82,,
6.236803,82,,
6.237424,82,,
6.238049,82,1410,0
6.249551,82,,
6.250165,82,,
6.250813,82,,
6.251439,82,,
6.252053,82,,
6.252695,82,,
6.253325,82,,
6.253960,82,1410,0
6.260924,82,,
6.261541,82,,
6.262158,82,,
6.262779,82,,
6.263403,82,,
6.264006,82,,
6.264611,82,,
6.265229,82,1410,0
6.267082,82,,
6.267690,82,,
6.268348,82,,
6.268984,82,,
6.269600,82,,
6.270164,82,,
6.279884,82,,
6.280829,82,1410,0
6.282988,82,,
6.283679,82,,
6.284249,82,,
6.284966,82,,
6.291042,82,,
6.291973,82,,
6.292558,82,,
6.293196,82,1410,0
6.295086,82,,
6.295748,82,,
6.296719,82,,
6.297357,82,,
6.298320,82,,
6.298957,82,,
6.299625,82,,
6.300587,82,1410,0
6.311891,82,,
6.312501,82,,
6.313461,82,,
6.314447,82,,
6.315051,82,,
6.315681,82,,
6.322115,82,,
6.323319,82,1410,0
6.326794,82,,
6.327920,82,,
6.328968,82,,
6.329994,82,,
6.330989,82,,
6.331989,82,,
6.341926,82,,
6.343093,82,1410,0
6.346238,82,,
6.347305,82,,
6.352978,82,,
6.354166,82,,
6.355291,82,,
6.356451,82,,
6.357592,82,,
6.358765,82,1410,0
6.361868,82,,
6.362774,82,,
6.372844,82,,
6.373935,82,,
6.374993,82,,
6.375975,82,,
6.376964,82,,
6.377943,82,1410,0
6.386031,82,,
6.387017,82,,
6.387992,82,,
6.389168,82,,
6.390196,82,,
6.391131,82,,
6.392091,82,,
6.392750,82,1410,0
6.403959,82,,
6.405184,82,,
6.406254,82,,
6.407249,82,,
6.408251,82,,
6.409255,82,,
6.414814,83,,
6.415810,83,1410,0
6.418790,83,,
6.419892,83,,
6.420906,83,,
6.421845,83,,
6.422836,83,,
6.423792,83,,
6.424451,83,,
6.425060,83,1410,0
6.436012,83,,
6.436948,83,,
6.437552,83,,
6.438194,83,,
6.438816,83,,
6.439447,83,,
6.440061,83,,
6.445937,82,1410,0
6.448448,82,,
6.449505,82,,
6.450518,82,,
6.451507,82,,
6.452473,82,,
6.453443,82,,
6.454400,82,,
6.455393,82,1410,0
6.466795,82,,
6.467405,82,,
6.468059,82,,
6.468699,82,,
6.469678,82,,
6.470675,82,,
6.476942,82,,
6.477499,82,1410,0
6.479365,82,,
6.479933,82,,
6.480590,82,,
6.481164,82,,
6.481815,82,,
6.482429,82,,
6.483033,82,,
6.483623,82,1410,0
6.485506,82,,
6.486083,82,,
6.486723,82,,
6.496469,82,,
6.497056,82,,
6.497698,82,,
6.498324,82,,
6.498902,82,1410,0
6.500851,82,,
6.501477,82,,
6.502036,82,,
6.507846,82,,
6.508728,82,,
6.509388,82,,
6.509963,82,,
6.510626,82,1410,0
6.512452,82,,
6.513076,82,,
6.513703,82,,
6.514676,82,,
6.515285,82,,
6.515893,82,,
6.516526,82,,
6.517300,82,1410,0
6.528165,82,,
6.528803,82,,
6.529437,82,,
6.530018,82,,
6.530652,83,,
6.531285,83,,
6.531864,83,,
6.532486,83,1410,0
6.539449,83,,
6.540056,83,,
6.540717,83,,
6.541288,83,,
6.541908,83,,
6.542517,83,,
6.543102,83,,
6.543760,83,1410,0
6.545631,83,,
6.546252,83,,
6.546881,83,,
6.547476,83,,
6.548066,83,,
6.548683,83,,
6.558549,83,,
6.559110,83,1410,0
6.560945,83,,
6.561575,83,,
6.562167,83,,
6.562778,82,,
6.563441,82,,
6.564010,82,,
6.570007,82,,
6.570677,82,1410,0
6.572467,82,,
6.573078,82,,
6.573727,82,,
6.574686,82,,
6.575290,82,,
6.575881,82,,
6.576526,82,,
6.577110,82,1410,0
6.579339,82,,
6.579977,82,,
6.589654,82,,
6.590630,82,,
6.591560,82,,
6.592530,82,,
6.593514,82,,
6.594179,82,1410,0
6.601800,82,,
6.602812,82,,
6.603750,82,,
6.604713,82,,
6.605343,82,,
6.605938,82,,
6.606592,82,,
6.607592,82,1410,0
6.610457,82,,
6.611447,82,,
6.620982,82,,
6.622036,82,,
6.623018,82,,
6.624002,82,,
6.625137,82,,
6.626216,82,1410,0
6.634198,82,,
6.635274,82,,
6.636374,82,,
6.637397,82,,
6.638458,82,,
6.639511,82,,
6.640584,82,,
6.641671,82,1410,0
6.654112,82,,
6.655238,82,,
6.656383,82,,
6.657554,82,,
6.663299,82,,
6.664316,82,,
6.665271,82,,
6.666254,82,1410,0
6.668842,82,,
6.669834,82,,
6.670790,82,,
6.671820,82,,
6.672802,82,,
6.682690,82,,
6.683638,82,,
6.684586,82,1410,0
6.687203,82,,
6.688191,82,,
6.693822,82,,
6.694788,82,,
6.695793,82,,
6.696768,82,,
6.697713,82,,
6.698676,82,1410,0
6.701652,82,,
6.702659,82,,
6.703676,82,,
6.713740,82,,
6.714708,82,,
6.715655,82,,
6.716257,82,,
6.717221,82,1410,0
6.724848,82,,
6.725754,82,,
6.726356,82,,
6.727299,82,,
6.728271,82,,
6.728897,82,,
6.729525,82,,
6.730143,82,1410,0
6.732012,82,,
6.732712,82,,
6.733619,82,,
6.734232,82,,
6.734889,82,,
6.744696,82,,
6.745586,82,,
6.746200,82,1410,0
6.748097,82,,
6.748737,82,,
6.749359,82,,
6.750008,82,,
6.756086,82,,
6.756683,82,,
6.757627,82,,
6.758584,82,1410,0
6.760438,82,,
6.761045,82,,
6.761670,82,,
6.762368,82,,
6.763331,82,,
6.764291,82,,
6.764974,82,,
6.765855,82,1410,0
6.777241,82,,
6.777852,82,,
6.778511,82,,
6.779486,82,,
6.780467,82,,
6.781093,82,,
6.786942,82,,
6.787851,82,1410,0
6.790443,82,,
6.791023,82,,
6.791662,82,,
6.792295,82,,
6.793239,82,,
6.794192,82,,
6.794821,82,,
6.795459,82,1410,0
6.806624,82,,
6.807202,82,,
6.807896,82,,
6.808526,82,,
6.809078,82,,
6.809753,82,,
6.810378,82,,
6.810981,82,1410,0
6.817931,82,,
6.818550,82,,
6.819137,82,,
6.819777,82,,
6.820767,82,,
6.821386,82,,
6.822038,82,,
6.822663,82,1410,0
6.824565,82,,
6.825520,82,,
6.826533,82,,
6.827498,82,,
6.828481,82,,
6.837996,82,,
6.839026,82,,
6.839974,82,1410,0
6.843046,82,,
6.849221,82,,
6.850238,82,,
6.851222,82,,
6.852347,82,,
6.853312,82,,
6.854315,82,,
6.855337,82,1410,0
6.858240,82,,
6.859211,82,,
6.868738,82,,
6.869752,82,,
6.870696,82,,
6.871688,82,,
6.872650,82,,
6.873640,82,1410,0
6.881079,82,,
6.882059,82,,
6.883045,82,,
6.884038,82,,
6.885065,82,,
6.886038,82,,
6.886997,82,,
6.887977,82,1410,0
6.899725,82,,
6.900758,82,,
6.901711,82,,
6.902685,82,,
6.903320,82,,
6.904263,82,,
6.905225,82,,
6.910809,82,1410,0
6.913780,82,,
6.914755,82,,
6.915750,82,,
6.916785,82,,
6.917732,82,,
6.918682,82,,
6.919351,82,,
6.920264,82,1410,0
6.931639,82,,
6.932621,82,,
6.933614,82,,
6.934596,82,,
6.935576,82,,
6.936540,82,,
6.942426,82,,
6.943352,82,1410,0
6.945896,82,,
6.946899,82,,
6.947836,82,,
6.948492,82,,
6.949106,82,,
6.949787,82,,
6.950380,82,,
6.951355,82,1410,0
6.962647,82,,
6.963302,82,,
6.964217,82,,
6.965260,82,,
6.966195,82,,
6.966798,82,,
6.972753,82,,
6.973374,82,1410,0
6.975591,82,,
6.976557,82,,
6.977193,82,,
6.977816,82,,
6.978803,82,,
6.979475,82,,
6.980453,82,,
6.981419,82,1410,0
6.992836,82,,
6.993762,82,,
6.994380,82,,
6.995354,82,,
6.996018,82,,
6.997216,82,,
6.998187,82,,
7.003933,82,1410,0
7.007084,82,,
7.008056,82,,
7.009048,82,,
7.010043,82,,
7.011018,82,,
7.012001,82,,
7.013021,82,,
7.014029,82,1410,0
7.025640,82,,
7.026587,82,,
7.027581,82,,
7.028697,82,,
7.035173,82,,
7.036159,82,,
7.037160,82,,
7.038131,82,1410,0
7.041300,82,,
7.042348,82,,
7.043467,82,,
7.044573,82,,
7.054731,82,,
7.055651,82,,
7.056589,82,,
7.057186,82,1410,0
7.059072,82,,
7.059710,82,,
7.065882,82,,
7.066828,82,,
7.067649,82,,
7.068689,82,,
7.069647,82,,
7.070591,82,1410,0
7.072472,82,,
7.073448,82,,
7.074667,82,,
7.075665,82,,
7.085725,82,,
7.086667,82,,
7.087669,82,,
7.088662,82,1410,0
7.091663,82,,
7.097164,82,,
7.098177,82,,
7.099178,82,,
7.100183,82,,
7.101197,82,,
7.102236,82,,
7.103243,82,1410,0
7.106214,82,,
7.107205,82,,
7.116715,82,,
7.117658,82,,
7.118719,82,,
7.119768,82,,
7.120805,82,,
7.121881,82,1410,0
7.130261,82,,
7.131258,82,,
7.132264,82,,
7.133246,82,,
7.134237,82,,
7.135228,82,,
7.136218,82,,
7.137219,82,1410,0
7.148626,82,,
7.149640,82,,
7.150562,82,,
7.151145,82,,
7.151764,82,,
7.152393,82,,
7.153013,82,,
7.158915,82,1410,0
7.161429,82,,
7.162387,82,,
7.163362,82,,
7.164348,82,,
7.165298,82,,
7.166300,82,,
7.167266,82,,
7.168217,82,1410,0
7.179642,82,,
7.180595,82,,
7.181203,82,,
7.181886,82,,
7.182476,82,,
7.183085,82,,
7.183722,82,,
7.189892,82,1410,0
7.192961,82,,
7.193969,82,,
7.195021,82,,
7.196088,82,,
7.197013,82,,
7.197634,82,,
7.198594,82,,
7.199551,82,1410,0
7.211376,82,,
7.212313,82,,
7.212984,82,,
7.213972,82,,
7.214983,82,,
7.221033,82,,
7.221998,82,,
7.222966,82,1410,0
7.225239,82,,
7.225851,82,,
7.226822,82,,
7.227459,82,,
7.228080,82,,
7.229075,82,,
7.229973,82,,
7.230632,82,1410,0
7.242708,82,,
7.243644,82,,
7.244203,82,,
7.244820,82,,
7.245464,82,,
7.246089,82,,
7.252021,82,,
7.252933,82,1410,0
7.255124,82,,
7.256089,82,,
7.256740,82,,
7.257368,82,,
7.258028,82,,
7.258983,82,,
7.260133,82,,
7.261254,82,1410,0
7.272456,82,,
7.273431,82,,
7.274385,82,,
7.274985,82,,
7.275631,82,,
7.276234,82,,
7.277208,82,,
7.282837,82,1410,0
7.285773,82,,
7.286730,82,,
7.287348,82,,
7.288008,82,,
7.288654,82,,
7.289610,82,,
7.290589,82,,
7.291572,82,1410,0
7.302882,82,,
7.303818,82,,
7.304853,82,,
7.305485,82,,
7.306077,82,,
7.307013,82,,
7.307667,82,,
7.308248,82,1410,0
7.315912,82,,
7.316525,82,,
7.317163,82,,
7.317793,82,,
7.318749,82,,
7.319379,82,,
7.319935,82,,
7.320596,82,1410,0
7.322748,82,,
7.323380,82,,
7.323994,82,,
7.333689,82,,
7.334618,82,,
7.335261,82,,
7.335935,82,,
7.336899,82,1410,0
7.339065,82,,
7.344698,82,,
7.345403,82,,
7.346369,82,,
7.346982,82,,
7.347639,82,,
7.348255,82,,
7.348918,82,1410,0
7.350837,82,,
7.351889,82,,
7.352811,82,,
7.353414,82,,
7.354004,82,,
7.354820,82,,
7.364683,82,,
7.365580,82,1410,0
7.367421,82,,
7.368049,82,,
7.368694,82,,
7.369327,82,,
7.370287,82,,
7.375876,82,,
7.376784,82,,
7.377718,82,1410,0
7.379942,82,,
7.380850,82,,
7.381844,82,,
7.382846,82,,
7.383905,82,,
7.385005,82,,
7.386084,82,,
7.395760,82,1410,0
7.398723,82,,
7.399334,82,,
7.399933,82,,
7.400576,82,,
7.401177,82,,
7.407300,82,,
7.407906,82,,
7.408523,82,1410,0
7.411153,82,,
7.412123,82,,
7.413060,82,,
7.414006,82,,
7.414637,82,,
7.415287,82,,
7.415925,82,,
7.416546,82,1410,0
7.427759,82,,
7.428364,82,,
7.428959,82,,
7.429618,82,,
7.430602,82,,
7.431618,82,,
7.437784,82,,
7.438691,82,1410,0
7.440939,82,,
7.441875,82,,
7.442480,82,,
7.443457,82,,
7.444426,82,,
7.445003,82,,
7.445653,82,,
7.446275,82,1410,0
7.448142,82,,
7.457985,82,,
7.458878,82,,
7.459478,82,,
7.460096,82,,
7.460753,82,,
7.461741,82,,
7.462739,82,1410,0
7.470473,82,,
7.471544,82,,
7.472587,82,,
7.473548,82,,
7.474529,82,,
7.475481,82,,
7.476094,82,,
7.477030,82,1410,0
7.488660,82,,
7.489612,82,,
7.490608,83,,
7.491592,83,,
7.492573,83,,
7.493488,83,,
7.494456,83,,
7.500196,83,1410,0
7.503113,83,,
7.504152,83,,
7.505217,83,,
7.506228,83,,
7.507262,83,,
7.508253,83,,
7.509237,83,,
7.510244,83,1410,0
7.522169,82,,
7.523308,82,,
7.524488,82,,
7.525605,82,,
7.531150,82,,
7.532276,82,,
7.533341,82,,
7.534349,82,1410,0
7.537388,82,,
7.538373,82,,
7.539334,82,,
7.540357,82,,
7.541339,82,,
7.550762,82,,
7.551722,82,,
7.552716,82,1410,0
7.555680,82,,
7.561807,82,,
7.562774,82,,
7.563437,82,,
7.564385,82,,
7.565372,82,,
7.566348,82,,
7.567320,82,1410,0
7.570217,82,,
7.571196,82,,
7.572168,82,,
7.581748,83,,
7.582759,83,,
7.583725,83,,
7.584729,83,,
7.585693,83,1410,0
7.593398,83,,
7.594362,83,,
7.595370,83,,
7.596343,83,,
7.597357,83,,
7.598363,83,,
7.599348,83,,
7.600334,83,1410,0
7.602941,83,,
7.612747,82,,
7.613700,82,,
7.614671,82,,
7.615663,82,,
7.616614,82,,
7.617607,82,,
7.618595,82,1410,0
7.626270,82,,
7.627282,82,,
7.628285,82,,
7.629306,82,,
7.630364,82,,
7.631316,82,,
7.632339,82,,
7.633323,82,1410,0
7.644645,82,,
7.645288,82,,
7.646241,82,,
7.647215,82,,
7.648193,82,,
7.649179,82,,
7.654750,82,,
7.655729,82,1410,0
7.658648,82,,
7.659627,82,,
7.660579,82,,
7.661574,82,,
7.662555,82,,
7.663530,82,,
7.664500,82,,
7.665505,82,1410,0
7.676794,82,,
7.677771,82,,
7.678410,82,,
7.679097,82,,
7.680047,82,,
7.686009,82,,
7.686998,82,,
7.687959,82,1410,0
7.691134,82,,
7.692093,82,,
7.693077,82,,
7.694058,82,,
7.695033,82,,
7.696036,82,,
7.705652,82,,
7.706621,82,1410,0
7.709591,82,,
7.710567,82,,
7.711548,82,,
7.717236,82,,
7.718632,82,,
7.719882,82,,
7.720946,82,,
7.721981,82,1410,0
7.724883,82,,
7.725487,82,,
7.726172,82,,
7.727119,82,,
7.736748,82,,
7.737843,82,,
7.738954,82,,
7.740099,82,1410,0
7.748070,82,,
7.749060,82,,
7.750125,82,,
7.751132,82,,
7.752134,82,,
7.753173,82,,
7.754232,82,,
7.755355,82,1410,0
7.758380,82,,
7.768027,82,,
7.769275,82,,
7.770412,82,,
7.771480,82,,
7.772470,82,,
7.773465,82,,
7.779299,82,1410,0
7.782340,82,,
7.783454,82,,
7.784556,82,,
7.785658,82,,
7.786719,82,,
7.787809,82,,
7.788943,82,,
7.798974,82,1410,0
7.802175,82,,
7.803190,82,,
7.804182,82,,
7.810021,82,,
7.811101,82,,
7.812056,82,,
7.813189,82,,
7.814287,82,1410,0
7.817568,82,,
7.818766,82,,
7.819956,82,,
7.829997,82,,
7.831293,82,,
7.832595,82,,
7.833755,82,,
7.834897,82,1410,0
7.842886,82,,
7.843881,82,,
7.845035,82,,
7.846281,82,,
7.847458,82,,
7.848686,82,,
7.849888,82,,
7.851071,82,1410,0
7.862655,82,,
7.863619,82,,
7.864582,82,,
7.865695,82,,
7.872129,82,,
7.873081,82,,
7.873732,82,,
7.874690,82,1410,0
7.877614,82,,
7.878589,82,,
7.879190,82,,
7.879843,82,,
7.880818,82,,
7.881803,82,,
7.891764,82,,
7.892688,82,1410,0
7.895276,82,,
7.896246,82,,
7.897001,82,,
7.902855,82,,
7.903783,82,,
7.904571,82,,
7.905539,82,,
7.906498,82,1410,0
7.909031,82,,
7.909679,82,,
7.910325,82,,
7.910925,82,,
7.911551,82,,
7.912173,82,,
7.913149,82,,
7.922694,82,1410,0
7.925848,82,,
7.926912,82,,
7.927943,82,,
7.933922,82,,
7.935111,82,,
7.936298,82,,
7.937417,82,,
7.938526,82,1410,0
7.941882,82,,
7.943011,82,,
7.944066,82,,
7.953839,82,,
7.954966,82,,
7.955975,82,,
7.957077,82,,
7.958238,82,1410,0
7.966068,83,,
7.967066,83,,
7.968375,83,,
7.969663,83,,
7.970842,83,,
7.972094,83,,
7.973252,83,,
7.974408,83,1410,0
7.986223,83,,
7.987327,83,,
7.988466,83,,
7.989563,83,,
7.990627,83,,
7.995996,83,,
7.996932,83,,
7.997548,83,1410,0
8.000105,83,,
8.000699,83,,
8.001638,83,,
8.002235,83,,
8.002842,83,,
8.003463,83,,
8.004435,83,,
8.005358,83,1410,0
8.016737,83,,
8.017700,83,,
8.018317,83,,
8.019257,83,,
8.020223,82,,
8.020840,82,,
8.026797,82,,
8.027842,82,1410,0
8.030411,82,,
8.031326,82,,
8.032277,82,,
8.032929,82,,
8.033833,82,,
8.034446,82,,
8.035069,82,,
8.035700,82,1410,0
8.047576,82,,
8.048149,82,,
8.048799,82,,
8.049419,82,,
8.050036,82,,
8.051035,82,,
8.052039,82,,
8.057973,82,1410,0
8.059849,82,,
8.060856,82,,
8.062019,82,,
8.063057,82,,
8.064089,82,,
8.065133,82,,
8.066154,82,,
8.067229,82,1410,0
8.078785,82,,
8.079790,82,,
8.080818,82,,
8.081904,82,,
8.082961,82,,
8.088763,82,,
8.089654,82,,
8.090246,82,1410,0
8.092501,82,,
8.093459,82,,
8.094114,82,,
8.094741,82,,
8.095720,82,,
8.096665,82,,
8.097263,82,,
8.097962,82,1410,0
8.109513,82,,
8.110082,82,,
8.110749,82,,
8.111379,82,,
8.111956,82,,
8.112585,82,,
8.113249,82,,
8.114119,82,1410,0
8.121396,82,,
8.122323,82,,
8.122978,82,,
8.123594,82,,
8.124212,82,,
8.125176,82,,
8.126269,82,,
8.127229,82,1410,0
8.129415,82,,
8.130015,82,,
8.139794,82,,
8.140758,82,,
8.141681,82,,
8.142614,82,,
8.143240,82,,
8.143877,82,1410,0
8.152529,82,,
8.153683,82,,
8.154895,82,,
8.156105,82,,
8.157292,82,,
8.158413,82,,
8.159351,82,,
8.160311,82,1410,0
8.171711,82,,
8.172630,82,,
8.173219,82,,
8.173892,82,,
8.174843,82,,
8.175844,82,,
8.182001,82,,
8.183012,82,1410,0
8.185204,82,,
8.185808,82,,
8.186399,82,,
8.186999,82,,
8.187660,82,,
8.188335,82,,
8.189345,82,,
8.190311,82,1410,0
8.201671,82,,
8.202602,82,,
8.203211,82,,
8.203889,82,,
8.204922,82,,
8.206025,82,,
8.207076,82,,
8.212969,82,1410,0
8.216096,82,,
8.217067,82,,
8.218050,82,,
8.219060,82,,
8.220049,82,,
8.221107,82,,
8.222167,82,,
8.223364,82,1410,0
8.234245,82,,
8.234856,82,,
8.235540,82,,
8.236072,82,,
8.236739,82,,
8.237368,82,,
8.237955,82,,
8.244001,82,1410,0
8.246591,82,,
8.247206,82,,
8.247850,82,,
8.248451,82,,
8.249055,82,,
8.249702,82,,
8.250565,82,,
8.251594,82,1410,0
8.254611,82,,
8.264111,82,,
8.265227,82,,
8.266347,82,,
8.267468,82,,
8.268536,82,,
8.269633,82,,
8.275261,82,1410,0
8.277636,82,,
8.278576,82,,
8.279557,82,,
8.280539,82,,
8.281513,82,,
8.282495,82,,
8.283503,82,,
8.284557,82,1410,0
8.296918,82,,
8.297869,82,,
8.298817,82,,
8.299795,82,,
8.305975,82,,
8.307043,82,,
8.308200,82,,
8.309380,82,1410,0
8.312839,82,,
8.314058,82,,
8.315424,82,,
8.316717,82,,
8.326178,82,,
8.327371,82,,
8.328500,82,,
8.329668,82,1410,0
8.337962,82,,
8.338922,82,,
8.339538,82,,
8.340171,82,,
8.340796,82,,
8.341417,82,,
8.342026,82,,
8.342995,82,1410,0
8.345235,82,,
8.345888,82,,
8.346529,82,,
8.347137,82,,
8.356833,82,,
8.357768,82,,
8.358399,82,,
8.359015,82,1410,0
8.361255,82,,
8.361887,82,,
8.367838,82,,
8.368424,82,,
8.369032,82,,
8.369675,82,,
8.370296,82,,
8.370932,82,1410,0
8.373519,82,,
8.374507,82,,
8.375136,82,,
8.375749,82,,
8.376384,82,,
8.377353,82,,
8.378290,82,,
8.387672,82,1410,0
8.390284,82,,
8.390951,82,,
8.391932,82,,
8.392567,82,,
8.393180,82,,
8.398998,82,,
8.399972,82,,
8.400963,82,1410,0
8.403575,82,,
8.404536,82,,
8.405163,82,,
8.405759,82,,
8.406745,82,,
8.407397,82,,
8.407987,82,,
8.408649,82,1410,0
8.419438,82,,
8.420052,82,,
8.420747,82,,
8.421675,82,,
8.422323,82,,
8.422956,82,,
8.423555,82,,
8.424176,82,1410,0
8.432297,82,,
8.432941,82,,
8.433548,82,,
8.434179,82,,
8.435203,82,,
8.436171,82,,
8.437117,82,,
8.437729,82,1410,0
8.449836,82,,
8.450764,82,,
8.451386,82,,
8.451993,82,,
8.452668,82,,
8.453631,82,,
8.454610,82,,
8.455211,82,1410,0
8.462275,82,,
8.462952,82,,
8.463872,82,,
8.464528,82,,
8.465116,82,,
8.465783,82,,
8.466413,82,,
8.467010,82,1410,0
8.468947,82,,
8.469559,82,,
8.470201,82,,
8.471165,82,,
8.480516,82,,
8.481134,82,,
8.481758,82,,
8.482391,82,1410,0
8.484652,82,,
8.485259,82,,
8.485929,82,,
8.491825,82,,
8.492500,82,,
8.493109,82,,
8.493730,82,,
8.494324,82,1410,0
8.496250,82,,
8.496900,82,,
8.497515,82,,
8.498110,82,,
8.498778,82,,
8.499434,82,,
8.500038,82,,
8.500631,82,1410,0
8.511633,82,,
8.512239,82,,
8.513215,82,,
8.513889,82,,
8.514491,82,,
8.515099,82,,
8.515728,82,,
8.516364,82,1410,0
8.524705,82,,
8.525854,82,,
8.526965,82,,
8.527979,82,,
8.528980,82,,
8.530008,82,,
8.531047,82,,
8.532135,82,1410,0
8.544012,82,,
8.544996,82,,
8.545919,82,,
8.546558,82,,
8.547508,82,,
8.548151,82,,
8.553942,82,,
8.554890,82,1410,0
8.556820,82,,
8.557477,82,,
8.558431,82,,
8.559010,82,,
8.559682,82,,
8.560305,82,,
8.561249,82,,
8.561928,82,1410,0
8.564146,82,,
8.574140,82,,
8.575259,82,,
8.576249,82,,
8.577212,82,,
8.578173,82,,
8.579166,82,,
8.584845,82,1410,0
8.587800,82,,
8.588784,82,,
8.589767,82,,
8.590755,82,,
8.591738,82,,
8.592677,82,,
8.593669,82,,
8.594654,82,1410,0
8.606790,82,,
8.607822,82,,
8.608801,82,,
8.609754,82,,
8.616045,82,,
8.616998,82,,
8.618020,82,,
8.618940,82,1410,0
8.621916,82,,
8.622874,82,,
8.623845,82,,
8.624846,82,,
8.625818,82,,
8.635788,82,,
8.636790,82,,
8.637796,82,1410,0
8.640829,82,,
8.646798,82,,
8.647742,82,,
8.648727,82,,
8.649359,82,,
8.650174,82,,
8.651127,82,,
8.651728,82,1410,0
8.654660,82,,
8.655814,82,,
8.657118,82,,
8.666483,82,,
8.667038,82,,
8.667689,82,,
8.668298,82,,
8.668866,82,1410,0
8.670764,82,,
8.671336,82,,
8.672125,82,,
8.677807,82,,
8.678713,82,,
8.679694,82,,
8.680671,82,,
8.681625,82,1410,0
8.684562,82,,
8.685420,82,,
8.686108,82,,
8.686758,82,,
8.687644,82,,
8.697691,82,,
8.698599,82,,
8.699581,82,1410,0
8.701801,82,,
8.702407,82,,
8.703351,82,,
8.709157,82,,
8.710069,82,,
8.711129,82,,
8.712058,82,,
8.713057,82,1410,0
8.716143,82,,
8.717129,82,,
8.718152,82,,
8.719166,82,,
8.728660,82,,
8.729582,82,,
8.730396,82,,
8.730961,82,1410,0
8.732789,82,,
8.733539,82,,
8.734435,82,,
8.740044,82,,
8.741094,82,,
8.742005,82,,
8.743014,82,,
8.744100,82,1410,0
8.746602,82,,
8.747514,82,,
8.748120,82,,
8.748769,82,,
8.749360,82,,
8.750126,82,,
8.759581,82,,
8.760518,82,1410,0
8.762389,82,,
8.762982,82,,
8.763622,82,,
8.764258,82,,
8.764879,82,,
8.770657,82,,
8.771237,82,,
8.771854,82,1410,0
8.773691,82,,
8.774311,82,,
8.774905,82,,
8.775594,82,,
8.776541,82,,
8.777523,82,,
8.778515,82,,
8.779114,82,1410,0
8.781370,82,,
8.790985,82,,
8.792016,82,,
8.792959,82,,
8.793949,82,,
8.794911,82,,
8.796107,82,,
8.801997,82,1410,0
8.803832,82,,
8.804819,82,,
8.805804,82,,
8.806446,82,,
8.807033,82,,
8.807659,82,,
8.808635,82,,
8.809263,82,1410,0
8.811531,82,,
8.812513,82,,
8.821956,82,,
8.822901,82,,
8.823896,82,,
8.824845,82,,
8.825474,82,,
8.826069,82,1410,0
8.833681,82,,
8.834628,82,,
8.835289,82,,
8.835926,82,,
8.836908,82,,
8.837879,82,,
8.838474,82,,
8.839085,82,1410,0
8.840989,82,,
8.841939,82,,
8.843003,82,,
8.852818,82,,
8.853959,82,,
8.855189,82,,
8.856362,82,,
8.857501,82,1410,0
8.865354,82,,
8.866515,82,,
8.867668,82,,
8.868854,82,,
8.870053,82,,
8.871215,82,,
8.872405,82,,
8.873555,82,1410,0
8.885189,82,,
8.886334,82,,
8.887497,82,,
8.888676,82,,
8.895222,82,,
8.896387,82,,
8.897553,82,,
8.898574,82,1410,0
8.902062,82,,
8.903239,82,,
8.904413,82,,
8.905574,82,,
8.914995,82,,
8.916167,82,,
8.917345,82,,
8.918495,82,1410,0
8.927226,82,,
8.928148,82,,
8.929093,82,,
8.929727,82,,
8.930378,82,,
8.931326,82,,
8.931946,82,,
8.932537,82,1410,0
8.935368,82,,
8.936302,82,,
8.945828,82,,
8.946769,82,,
8.947856,82,,
8.948840,82,,
8.949813,82,,
8.950477,82,1410,0
8.958201,82,,
8.959137,82,,
8.959790,82,,
8.960607,82,,
8.961548,82,,
8.962500,82,,
8.963489,82,,
8.964482,82,1410,0
8.967055,82,,
8.976728,82,,
8.977645,82,,
8.978616,82,,
8.979608,82,,
8.980582,82,,
8.981207,82,,
8.981932,82,1410,0
8.990147,82,,
8.991101,82,,
8.992095,82,,
8.993052,82,,
8.994028,82,,
8.995056,82,,
8.996001,82,,
8.996657,82,1410,0
9.008832,82,,
9.009804,82,,
9.010800,82,,
9.011775,82,,
9.012425,82,,
9.013404,82,,
9.018986,82,,
9.019972,82,1410,0
9.022908,82,,
9.023893,82,,
9.024891,82,,
9.026181,82,,
9.027162,82,,
9.028111,82,,
9.029071,82,,
9.038719,82,1410,0
9.042324,82,,
9.043469,82,,
9.044538,82,,
9.050219,82,,
9.051291,82,,
9.052388,82,,
9.053399,82,,
9.054530,82,1410,0
9.058019,82,,
9.059112,82,,
9.060045,82,,
9.069722,82,,
9.070776,82,,
9.071835,82,,
9.072881,82,,
9.073974,82,1410,0
9.082116,82,,
9.083130,82,,
9.084115,82,,
9.085079,82,,
9.086040,82,,
9.087217,82,,
9.088142,82,,
9.089073,82,1410,0
9.090984,82,,
9.100640,82,,
9.101273,82,,
9.102271,82,,
9.102918,82,,
9.103528,82,,
9.104155,82,,
9.105122,82,1410,0
9.112466,82,,
9.113416,82,,
9.114405,82,,
9.115365,82,,
9.116279,82,,
9.117344,82,,
9.118315,82,,
9.119271,82,1411,0
9.122192,82,,
9.131845,82,,
9.133041,82,,
9.134044,82,,
9.134957,82,,
9.135911,82,,
9.136906,82,,
9.142737,82,1411,0
9.144985,82,,
9.145985,82,,
9.146944,82,,
9.147541,82,,
9.148167,82,,
9.148820,82,,
9.149770,82,,
9.150736,82,1411,0
9.162822,82,,
9.163945,82,,
9.164999,82,,
9.166130,82,,
9.167042,82,,
9.168007,82,,
9.174165,82,,
9.175075,82,1411,0
9.176992,82,,
9.177614,82,,
9.178572,82,,
9.179200,82,,
9.179877,82,,
9.180854,82,,
9.181840,82,,
9.182450,82,1410,0
9.193747,82,,
9.194703,82,,
9.195680,82,,
9.196657,82,,
9.197649,82,,
9.198645,82,,
9.204838,82,,
9.205895,82,1410,0
9.208975,82,,
9.209891,82,,
9.210879,82,,
9.211843,82,,
9.212792,82,,
9.213401,82,,
9.214125,82,,
9.215076,82,1410,0
9.226814,82,,
9.227713,82,,
9.228362,82,,
9.228952,82,,
9.229599,82,,
9.230260,82,,
9.236107,82,,
9.236986,82,1410,0
9.238896,82,,
9.240112,82,,
9.241145,82,,
9.242067,82,,
9.243019,82,,
9.243645,82,,
9.244605,82,,
9.245587,82,1410,0
9.257714,82,,
9.258689,82,,
9.259671,82,,
9.260653,82,,
9.266972,82,,
9.267938,82,,
9.268880,82,,
9.269519,82,1410,0
9.272065,82,,
9.272695,82,,
9.273644,82,,
9.274646,82,,
9.275647,82,,
9.276608,82,,
9.277207,82,,
9.287032,82,1410,0
9.289921,82,,
9.290865,82,,
9.291509,82,,
9.292475,82,,
9.297977,82,,
9.298598,82,,
9.299212,82,,
9.299947,82,1410,0
9.302831,82,,
9.303827,82,,
9.304849,82,,
9.305803,82,,
9.306801,82,,
9.307784,82,,
9.317667,82,,
9.318617,82,1410,0
9.321573,82,,
9.322559,82,,
9.328704,82,,
9.329666,82,,
9.330647,82,,
9.331658,82,,
9.332641,82,,
9.333550,82,1410,0
9.335770,82,,
9.336662,82,,
9.337258,82,,
9.338009,82,,
9.338979,82,,
9.348556,82,,
9.349518,82,,
9.350439,82,1410,0
9.352347,82,,
9.352953,82,,
9.353601,82,,
9.354226,82,,
9.360352,82,,
9.361253,82,,
9.361911,82,,
9.362496,82,1410,0
9.364769,82,,
9.365734,82,,
9.366354,82,,
9.367293,82,,
9.368258,82,,
9.368905,82,,
9.369543,82,,
9.370503,82,1410,0
9.381934,82,,
9.382911,82,,
9.383505,82,,
9.384137,82,,
9.385070,82,,
9.390887,82,,
9.391890,82,,
9.392962,82,1410,0
9.395943,82,,
9.396867,82,,
9.397827,82,,
9.398454,82,,
9.399051,82,,
9.399697,82,,
9.400671,82,,
9.410633,82,1410,0
9.413013,82,,
9.413629,82,,
9.414280,82,,
9.414913,82,,
9.415501,82,,
9.416115,82,,
9.422056,82,,
9.423051,82,1410,0
9.426027,82,,
9.426956,82,,
9.427579,82,,
9.428177,82,,
9.428849,82,,
9.429483,82,,
9.430065,82,,
9.430751,82,1410,0
9.441949,82,,
9.442950,82,,
9.443890,82,,
9.444870,82,,
9.445825,82,,
9.446774,82,,
9.452938,82,,
9.453523,82,1410,0
9.455431,82,,
9.456400,82,,
9.457369,82,,
9.457967,82,,
9.458959,82,,
9.459977,82,,
9.461199,82,,
9.462255,82,1410,0
9.473905,82,,
9.474947,82,,
9.475916,82,,
9.476871,82,,
9.477848,82,,
9.483758,82,,
9.484887,82,,
9.486023,82,1410,0
9.489329,82,,
9.490293,82,,
9.491337,82,,
9.492302,82,,
9.493263,82,,
9.494234,82,,
9.503675,82,,
9.504620,82,1410,0
9.506944,82,,
9.507885,82,,
9.508855,82,,
9.514625,82,,
9.515181,82,,
9.515892,82,,
9.516522,82,,
9.517518,82,1410,0
9.519711,82,,
9.520661,82,,
9.521325,82,,
9.521957,82,,
9.522566,82,,
9.523169,82,,
9.523765,82,,
9.524388,82,1410,0
9.535800,82,,
9.536405,82,,
9.537365,82,,
9.538341,82,,
9.539325,82,,
9.540299,82,,
9.546145,82,,
9.547095,82,1410,0
9.549342,82,,
9.550346,82,,
9.551317,82,,
9.552308,82,,
9.552928,82,,
9.553559,82,,
9.554176,82,,
9.554791,82,1410,0
9.565837,82,,
9.566789,82,,
9.567430,82,,
9.568370,82,,
9.569364,82,,
9.570337,82,,
9.571299,82,,
9.576796,82,1410,0
9.579247,82,,
9.580286,82,,
9.581298,82,,
9.582370,82,,
9.583418,82,,
9.584475,82,,
9.585574,82,,
9.586478,82,1410,0
9.597777,82,,
9.598406,82,,
9.599685,82,,
9.600769,82,,
9.601766,82,,
9.607825,82,,
9.608889,82,,
9.609883,82,1410,0
9.612720,82,,
9.613366,82,,
9.613957,82,,
9.614645,82,,
9.615259,82,,
9.615902,82,,
9.616645,82,,
9.617597,82,1410,0
9.629001,82,,
9.629966,82,,
9.631411,82,,
9.632671,82,,
9.639254,82,,
9.640441,82,,
9.641654,82,,
9.642938,82,1410,0
9.646410,82,,
9.647612,82,,
9.648843,82,,
9.658952,82,,
9.660176,82,,
9.661251,82,,
9.662360,82,,
9.663485,82,1410,0
9.671315,82,,
9.672231,82,,
9.672877,82,,
9.673492,82,,
9.674300,82,,
9.675301,82,,
9.676269,82,,
9.677243,82,1410,0
9.679841,82,,
9.689769,82,,
9.690785,82,,
9.691755,82,,
9.692702,82,,
9.693691,82,,
9.694685,82,,
9.700841,82,1410,0
9.703795,82,,
9.704797,82,,
9.705791,82,,
9.706824,82,,
9.707802,82,,
9.708762,82,,
9.709769,82,,
9.710725,82,1410,0
9.722903,82,,
9.723885,82,,
9.724876,82,,
9.725881,82,,
9.732206,82,,
9.733235,82,,
9.734249,82,,
9.735310,82,1410,0
9.738290,82,,
9.739279,82,,
9.740283,82,,
9.741306,82,,
9.742318,82,,
9.751720,82,,
9.752685,82,,
9.753667,82,1410,0
9.756611,82,,
9.762812,82,,
9.763837,82,,
9.764833,82,,
9.765842,82,,
9.767041,82,,
9.768089,82,,
9.769091,82,1410,0
9.772708,82,,
9.782754,82,,
9.783738,82,,
9.784686,82,,
9.785309,82,,
9.786067,82,,
9.787140,82,,
9.788057,82,1410,0
9.795011,82,,
9.795654,82,,
9.796251,82,,
9.796876,82,,
9.797489,82,,
9.798114,82,,
9.799103,82,,
9.800075,82,1410,0
9.802002,82,,
9.802979,82,,
9.803594,82,,
9.804576,82,,
9.814005,82,,
9.814915,82,,
9.815544,82,,
9.816129,82,1410,0
9.818050,82,,
9.818731,82,,
9.825079,82,,
9.826008,82,,
9.826572,82,,
9.827173,82,,
9.827833,82,,
9.828818,82,1410,0
9.830747,82,,
9.831705,82,,
9.832377,82,,
9.833266,82,,
9.833936,82,,
9.834544,82,,
9.835149,82,,
9.844990,82,1410,0
9.847073,82,,
9.847690,82,,
9.848473,82,,
9.849395,82,,
9.850148,82,,
9.856073,82,,
9.857049,82,,
9.857981,82,1410,0
9.860205,82,,
9.861185,82,,
9.862149,82,,
9.863124,82,,
9.864123,82,,
9.864777,82,,
9.865427,82,,
9.866355,82,1410,0
9.877851,82,,
9.878504,82,,
9.879475,82,,
9.880458,82,,
9.881430,82,,
9.887285,82,,
9.888301,82,,
9.889265,82,1410,0
9.892345,82,,
9.893352,82,,
9.894300,82,,
9.895318,82,,
9.896262,82,,
9.896995,82,,
9.906546,82,,
9.907535,82,1410,0
9.909752,82,,
9.910330,82,,
9.911221,82,,
9.912332,82,,
9.918340,82,,
9.919537,82,,
9.920652,82,,
9.921801,82,1410,0
9.925448,82,,
9.926456,82,,
9.927429,82,,
9.928327,82,,
9.937960,82,,
9.939145,82,,
9.940323,82,,
9.941425,82,1410,0
9.949043,82,,
9.950125,82,,
9.951167,82,,
9.952279,82,,
9.953385,82,,
9.954406,82,,
9.955286,82,,
9.956438,82,1410,0
9.959370,82,,
9.968891,82,,
9.970065,82,,
9.971070,82,,
9.972038,82,,
9.973117,82,,
9.974022,82,,
9.979710,82,1410,0
9.981540,82,,
9.982366,82,,
9.983426,82,,
9.984486,82,,
9.985495,82,,
9.986563,82,,
9.987562,82,,
9.988360,82,1410,0
9.999644,82,,
10.000617,82,,
10.001570,82,,
10.002150,82,,
10.002792,82,,
10.003395,82,,
10.004060,82,,
10.005083,82,1410,0
10.013041,82,,
10.014091,82,,
10.015033,82,,
10.016030,82,,
10.016990,82,,
10.018001,82,,
10.018968,82,,
10.019959,82,1410,0
10.031543,82,,
10.032139,82,,
10.032766,82,,
10.033435,82,,
10.034353,82,,
10.035316,82,,
10.036284,82,,
10.042113,82,1410,0
10.045015,82,,
10.045646,82,,
10.046656,82,,
10.047643,82,,
10.048807,82,,
10.050162,82,,
10.051271,82,,
10.052319,82,1410,0
10.063369,82,,
10.063975,82,,
10.064938,82,,
10.065566,82,,
10.066216,82,,
10.066895,82,,
10.072754,82,,
10.073665,82,1410,0
10.075911,82,,
10.076654,82,,
10.077657,82,,
10.078624,82,,
10.079618,82,,
10.080571,82,,
10.081532,82,,
10.082499,82,1410,0
10.094211,82,,
10.095387,82,,
10.096516,82,,
10.097666,82,,
10.104098,82,,
10.105087,82,,
10.106078,82,,
10.107025,82,1410,0
10.109467,82,,
10.110095,82,,
10.110732,82,,
10.111696,82,,
10.112335,82,,
10.112974,82,,
10.113563,82,,
10.114172,82,1410,0
10.125543,82,,
10.126153,82,,
10.126803,83,,
10.127436,83,,
10.128407,83,,
10.129041,83,,
10.134844,83,,
10.135808,83,1410,0
10.137691,83,,
10.138773,83,,
10.139756,83,,
10.140751,83,,
10.141720,83,,
10.142707,83,,
10.143666,83,,
10.144640,83,1410,0
10.156616,83,,
10.157558,83,,
10.158544,82,,
10.159522,82,,
10.160523,82,,
10.166166,82,,
10.167132,82,,
10.168060,82,1410,0
10.170648,82,,
10.171600,82,,
10.172585,82,,
10.173543,82,,
10.174159,82,,
10.175124,82,,
10.176084,82,,
10.186023,82,1410,0
10.189609,82,,
10.190584,82,,
10.191537,82,,
10.197290,82,,
10.198031,82,,
10.199037,82,,
10.200143,82,,
10.201232,82,1410,0
10.204414,82,,
10.205554,82,,
10.206674,82,,
10.216739,82,,
10.217766,82,,
10.218790,82,,
10.219895,82,,
10.220988,82,1410,0
10.228388,82,,
10.229122,82,,
10.230058,82,,
10.231276,82,,
10.232471,82,,
10.233666,82,,
10.234887,82,,
10.236025,82,1410,0
10.247848,82,,
10.249110,82,,
10.250303,82,,
10.251365,82,,
10.252380,82,,
10.253393,82,,
10.258967,82,,
10.260205,82,1410,0
10.263684,82,,
10.264948,82,,
10.266243,82,,
10.267506,82,,
10.268746,82,,
10.278689,82,,
10.279665,82,,
10.280574,82,1410,0
10.283711,82,,
10.290255,82,,
10.291350,82,,
10.292354,82,,
10.293367,82,,
10.294368,82,,
10.295360,82,,
10.296316,82,1410,0
10.299303,82,,
10.300338,82,,
10.310214,82,,
10.311638,82,,
10.312940,82,,
10.314189,82,,
10.315353,82,,
10.320978,82,1410,0
10.324180,82,,
10.324784,82,,
10.325405,82,,
10.326354,82,,
10.326999,82,,
10.327614,82,,
10.328217,82,,
10.328881,82,1410,0
10.331445,82,,
10.341033,82,,
10.341983,82,,
10.342967,82,,
10.343584,82,,
10.344179,82,,
10.344817,82,,
10.345454,82,1410,0
10.352958,82,,
10.353532,82,,
10.354137,82,,
10.354809,82,,
10.355443,82,,
10.356415,82,,
10.357386,82,,
10.358380,82,1410,0
10.360624,82,,
10.361248,82,,
10.361915,82,,
10.371741,82,,
10.372650,82,,
10.373598,82,,
10.374285,82,,
10.375217,82,1410,0
10.377095,82,,
10.383386,82,,
10.384360,82,,
10.385336,82,,
10.386319,82,,
10.387290,82,,
10.388268,82,,
10.389243,82,1410,0
10.392284,82,,
10.393356,82,,
10.402882,82,,
10.404041,82,,
10.405150,82,,
10.406291,82,,
10.407395,82,,
10.408485,82,1410,0
10.415892,82,,
10.416805,82,,
10.417767,82,,
10.418701,82,,
10.419642,82,,
10.420609,82,,
10.421265,82,,
10.421949,82,1410,0
10.433768,82,,
10.434768,82,,
10.435376,82,,
10.436005,82,,
10.437257,82,,
10.438409,82,,
10.439543,82,,
10.445164,82,1410,0
10.448476,82,,
10.449606,82,,
10.450691,82,,
10.451762,82,,
10.452852,82,,
10.454022,82,,
10.455142,82,,
10.464909,82,1410,0
10.468514,82,,
10.469648,82,,
10.476210,82,,
10.477263,82,,
10.478327,82,,
10.479396,82,,
10.480454,82,,
10.481562,82,1410,0
10.484795,82,,
10.485884,82,,
10.495785,82,,
10.496816,82,,
10.497887,82,,
10.498946,82,,
10.500022,82,,
10.501085,82,1410,0
10.508980,82,,
10.510042,82,,
10.510944,82,,
10.511532,82,,
10.512151,82,,
10.512807,82,,
10.513698,82,,
10.514790,82,1410,0
10.526743,82,,
10.527812,82,,
10.528776,82,,
10.529721,82,,
10.530353,82,,
10.531379,82,,
10.532335,82,,
10.538105,82,1410,0
10.541274,82,,
10.542329,82,,
10.543322,82,,
10.544291,82,,
10.545264,82,,
10.546228,82,,
10.547206,82,,
10.548184,82,1410,0
10.559579,82,,
10.560558,82,,
10.561196,82,,
10.562194,82,,
10.563158,82,,
10.569114,82,,
10.570054,82,,
10.570722,82,1410,0
10.573659,82,,
10.574623,82,,
10.575619,82,,
10.576596,82,,
10.577563,82,,
10.578551,82,,
10.588658,82,,
10.589615,82,1410,0
10.592964,82,,
10.594063,82,,
10.599893,82,,
10.600973,82,,
10.602101,82,,
10.603243,82,,
10.604350,82,,
10.605427,82,1410,0
10.608361,82,,
10.609327,82,,
10.610314,82,,
10.619834,82,,
10.620839,82,,
10.621765,82,,
10.622746,82,,
10.623742,82,1410,0
10.631734,82,,
10.632706,82,,
10.633677,82,,
10.634624,82,,
10.635287,82,,
10.636401,82,,
10.637495,82,,
10.638609,82,1410,0
10.650666,82,,
10.651599,82,,
10.652197,82,,
10.653149,82,,
10.653894,82,,
10.654833,82,,
10.655726,82,,
10.662120,82,1410,0
10.665063,82,,
10.666014,82,,
10.666989,82,,
10.667971,82,,
10.668978,82,,
10.669988,82,,
10.671111,82,,
10.672167,82,1411,0
10.683694,82,,
10.684655,82,,
10.685698,82,,
10.686724,82,,
10.692809,82,,
10.693682,82,,
10.694603,82,,
10.695273,82,1411,0
10.697153,82,,
10.697812,82,,
10.698427,82,,
10.699029,82,,
10.699676,82,,
10.700682,82,,
10.701632,82,,
10.702269,82,1411,0
10.713188,82,,
10.714141,82,,
10.715115,82,,
10.716102,82,,
10.717017,82,,
10.717612,82,,
10.723756,82,,
10.724655,82,1411,0
10.726883,82,,
10.727511,82,,
10.728485,82,,
10.729111,82,,
10.729762,82,,
10.730378,82,,
10.730984,82,,
10.731633,82,1411,0
10.743681,82,,
10.744580,82,,
10.745176,82,,
10.745815,82,,
10.746443,82,,
10.747056,82,,
10.747697,82,,
10.748661,82,1411,0
10.756527,82,,
10.757146,82,,
10.757771,82,,
10.758746,82,,
10.759381,82,,
10.760359,82,,
10.760995,82,,
10.761638,82,1411,0
10.763510,82,,
10.764488,82,,
10.765092,82,,
10.774853,82,,
10.775900,82,,
10.776761,82,,
10.777688,82,,
10.778304,82,1411,0
10.785713,82,,
10.786621,82,,
10.787294,82,,
10.788219,82,,
10.788877,82,,
10.789498,82,,
10.790093,82,,
10.790739,82,1410,0
10.793006,82,,
10.794027,82,,
10.794963,82,,
10.795586,82,,
10.796197,82,,
10.806396,82,,
10.807595,82,,
10.808841,82,1410,0
10.816978,82,,
10.818135,82,,
10.819209,82,,
10.820230,82,,
10.821256,82,,
10.822293,82,,
10.823372,82,,
10.824316,82,1410,0
10.827151,82,,
10.836924,82,,
10.838052,82,,
10.839089,82,,
10.840105,82,,
10.841069,82,,
10.842146,82,,
10.848137,82,1410,0
10.851501,82,,
10.852625,82,,
10.853788,82,,
10.854933,82,,
10.855933,82,,
10.856882,82,,
10.857470,82,,
10.858427,82,1410,0
10.869454,82,,
10.870429,82,,
10.871013,82,,
10.871655,82,,
10.872647,82,,
10.878732,82,,
10.879298,82,,
10.879939,82,1410,0
10.882490,82,,
10.883135,82,,
10.883777,82,,
10.884757,82,,
10.885379,82,,
10.885963,82,,
10.886793,82,,
10.887675,82,1410,0
10.898843,82,,
10.899427,82,,
10.900027,82,,
10.900657,82,,
10.901278,82,,
10.901892,82,,
10.902526,82,,
10.903132,82,1410,0
10.910267,82,,
10.910938,82,,
10.911883,82,,
10.912490,82,,
10.913105,82,,
10.913749,82,,
10.914363,82,,
10.915046,82,1410,0
10.917124,82,,
10.917825,82,,
10.918460,82,,
10.919032,82,,
10.919710,82,,
10.929575,82,,
10.930564,82,,
10.931176,82,1410,0
10.933504,82,,
10.934507,82,,
10.935430,82,,
10.941306,82,,
10.942456,82,,
10.943507,82,,
10.944459,82,,
10.945362,82,1410,0
10.948151,82,,
10.949098,82,,
10.949829,82,,
10.950786,82,,
10.960690,82,,
10.961788,82,,
10.962845,82,,
10.963897,82,1410,0
10.972077,82,,
10.973083,82,,
10.973992,82,,
10.974941,82,,
10.975587,82,,
10.976166,82,,
10.976831,82,,
10.977472,82,1410,0
10.979372,82,,
10.979999,82,,
10.980627,82,,
10.981234,82,,
10.981919,82,,
10.991619,82,,
10.992542,82,,
10.993419,82,1410,0
10.996166,82,,
10.997082,82,,
11.002794,82,,
11.003840,82,,
11.004802,82,,
11.005800,82,,
11.006800,82,,
11.007841,82,1410,0
11.010780,82,,
11.011764,82,,
11.012769,82,,
11.022721,82,,
11.023748,82,,
11.024352,82,,
11.025293,82,,
11.026254,82,1410,0
11.028168,82,,
11.034348,82,,
11.035262,82,,
11.035913,82,,
11.036875,82,,
11.037815,82,,
11.038469,82,,
11.039433,82,1410,0
11.041994,82,,
11.042621,82,,
11.043256,82,,
11.043911,82,,
11.053907,82,,
11.055027,82,,
11.056056,82,,
11.057417,82,1410,0
11.066212,82,,
11.067411,82,,
11.068604,82,,
11.069855,82,,
11.071158,82,,
11.072445,82,,
11.073737,82,,
11.074803,82,1410,0
11.086332,82,,
11.086958,82,,
11.087579,82,,
11.088546,82,,
11.089536,82,,
11.090530,82,,
11.095998,82,,
11.096977,82,1410,0
11.099495,82,,
11.100513,82,,
11.101484,82,,
11.102463,82,,
11.103438,82,,
11.104405,82,,
11.105372,82,,
11.106382,82,1410,0
11.117910,82,,
11.118881,82,,
11.119823,82,,
11.120828,82,,
11.127100,82,,
11.128357,82,,
11.129473,82,,
11.130517,82,1410,0
11.133617,82,,
11.134567,82,,
11.135543,82,,
11.136526,82,,
11.137517,82,,
11.146991,82,,
11.147945,82,,
11.148919,82,1410,0
11.151457,82,,
11.152097,82,,
11.158110,82,,
11.159052,82,,
11.160042,82,,
11.161018,82,,
11.162409,82,,
11.163627,82,1410,0
11.167130,82,,
11.168220,82,,
11.177746,82,,
11.178886,82,,
11.180038,82,,
11.181171,82,,
11.182224,82,,
11.183256,82,1410,0
11.191167,82,,
11.191774,82,,
11.192708,82,,
11.193684,82,,
11.194661,82,,
11.195257,82,,
11.195916,82,,
11.196882,82,1410,0
11.208811,82,,
11.209941,82,,
11.211098,82,,
11.212286,82,,
11.213497,82,,
11.214816,82,,
11.220564,82,,
11.221675,82,1410,0
11.225345,82,,
11.226272,82,,
11.227254,82,,
11.228181,82,,
11.228825,82,,
11.229552,82,,
11.230542,82,,
11.240106,82,1410,0
11.242642,82,,
11.243618,82,,
11.244570,82,,
11.245192,82,,
11.251036,82,,
11.251669,82,,
11.252279,82,,
11.252943,82,1410,0
11.255913,82,,
11.256851,82,,
11.257443,82,,
11.258070,82,,
11.259057,82,,
11.260053,82,,
11.260675,82,,
11.270553,82,1410,0
11.272392,82,,
11.273366,82,,
11.273979,82,,
11.274616,82,,
11.275266,82,,
11.275937,82,,
11.281708,82,,
11.282316,82,1410,0
11.284621,82,,
11.285850,82,,
11.287304,82,,
11.288516,82,,
11.289736,82,,
11.291048,82,,
11.292365,82,,
11.301849,82,1410,0
11.305439,82,,
11.306825,82,,
11.313009,82,,
11.313904,82,,
11.314844,82,,
11.315503,82,,
11.316373,82,,
11.317426,82,1410,0
11.320264,82,,
11.320938,82,,
11.321735,82,,
11.322426,82,,
11.322999,82,,
11.332795,82,,
11.334119,82,,
11.335252,82,1410,0
11.338201,82,,
11.343748,82,,
11.344669,82,,
11.345291,82,,
11.345897,82,,
11.346590,82,,
11.347557,82,,
11.348654,82,1410,0
11.351590,82,,
11.352565,82,,
11.353202,82,,
11.353825,82,,
11.363529,82,,
11.364452,82,,
11.365443,82,,
11.366413,82,1410,0
11.368867,82,,
11.374614,82,,
11.375182,82,,
11.375902,82,,
11.376751,82,,
11.377381,82,,
11.377981,82,,
11.378582,82,1410,0
11.380459,82,,
11.381036,82,,
11.381725,82,,
11.382640,82,,
11.383237,82,,
11.383891,82,,
11.384490,82,,
11.385091,82,1410,0
11.396393,82,,
11.396971,82,,
11.397757,82,,
11.398790,82,,
11.399979,82,,
11.406158,82,,
11.407124,82,,
11.408062,82,1410,0
11.410601,82,,
11.411590,82,,
11.412589,82,,
11.413576,82,,
11.414552,82,,
11.415159,82,,
11.416185,82,,
11.425683,82,1410,0
11.427838,82,,
11.428814,82,,
11.429462,82,,
11.430071,82,,
11.430721,82,,
11.436924,82,,
11.438013,82,,
11.439038,82,1410,0
11.442046,82,,
11.442963,82,,
11.443952,82,,
11.445004,82,,
11.445866,82,,
11.446646,82,,
11.456588,82,,
11.457478,82,1410,0
11.459681,82,,
11.460319,82,,
11.461053,82,,
11.461941,82,,
11.467720,82,,
11.468331,82,,
11.469313,82,,
11.470119,82,1410,0
11.473175,82,,
11.474140,82,,
11.474805,82,,
11.475770,82,,
11.476776,82,,
11.477736,82,,
11.487656,82,,
11.488653,82,1410,0
11.491592,82,,
11.492567,82,,
11.499002,82,,
11.499970,82,,
11.500923,82,,
11.501914,82,,
11.502885,82,,
11.503520,82,1410,0
11.506461,82,,
11.507495,82,,
11.508510,82,,
11.509453,82,,
11.518878,82,,
11.519850,82,,
11.520832,82,,
11.521817,82,1410,0
11.529763,82,,
11.530699,82,,
11.531676,82,,
11.532647,82,,
11.533611,82,,
11.534205,82,,
11.535145,82,,
11.535781,82,1410,0
11.537723,82,,
11.538357,82,,
11.538977,82,,
11.539590,82,,
11.540555,82,,
11.549958,82,,
11.550937,82,,
11.551918,82,1410,0
11.554109,82,,
11.555071,82,,
11.560754,82,,
11.561732,82,,
11.562738,82,,
11.563722,82,,
11.564723,82,,
11.565718,82,1410,0
11.567943,82,,
11.568906,82,,
11.569884,82,,
11.570876,82,,
11.580612,82,,
11.581632,82,,
11.582661,82,,
11.583651,82,1410,0
11.591998,82,,
11.593112,82,,
11.594088,82,,
11.595016,82,,
11.595987,82,,
11.596650,82,,
11.597247,82,,
11.597902,82,1410,0
11.600235,82,,
11.601224,82,,
11.602208,82,,
11.611582,82,,
11.612529,82,,
11.613513,82,,
11.614502,82,,
11.615505,82,1410,0
11.623020,82,,
11.624022,82,,
11.624968,82,,
11.625960,82,,
11.627061,82,,
11.628034,82,,
11.628648,82,,
11.629219,82,1410,0
11.631125,82,,
11.631799,82,,
11.632886,82,,
11.642721,82,,
11.643675,82,,
11.644641,82,,
11.645257,82,,
11.645894,82,1410,0
11.653832,82,,
11.654757,82,,
11.655710,82,,
11.656331,82,,
11.656971,82,,
11.657574,82,,
11.658187,82,,
11.658850,82,1410,0
11.661064,82,,
11.661699,82,,
11.662340,82,,
11.662989,82,,
11.663580,82,,
11.673724,82,,
11.674705,82,,
11.675688,82,1410,0
11.678647,82,,
11.685091,82,,
11.686015,82,,
11.687043,82,,
11.688301,82,,
11.689552,82,,
11.690687,82,,
11.691791,82,1410,0
11.694977,82,,
11.704626,82,,
11.705586,82,,
11.706599,82,,
11.707532,82,,
11.708155,82,,
11.709105,82,,
11.709759,82,1410,0
11.717220,82,,
11.718277,82,,
11.719274,82,,
11.720302,82,,
11.721323,82,,
11.722314,82,,
11.723363,82,,
11.724373,82,1410,0
11.735887,82,,
11.736943,82,,
11.737970,82,,
11.738966,82,,
11.739999,82,,
11.741026,82,,
11.746757,82,,
11.747687,82,1410,0
11.750635,82,,
11.751603,82,,
11.752563,82,,
11.753603,82,,
11.754566,82,,
11.755572,82,,
11.756520,82,,
11.757529,82,1410,0
11.768917,82,,
11.770041,82,,
11.771133,82,,
11.772170,82,,
11.778064,82,,
11.778949,82,,
11.779957,82,,
11.780922,82,1410,0
11.782743,82,,
11.783371,82,,
11.784004,82,,
11.784637,82,,
11.785712,82,,
11.786706,82,,
11.787707,82,,
11.797699,82,1410,0
11.800644,82,,
11.801624,82,,
11.802604,82,,
11.808777,82,,
11.809879,82,,
11.810896,82,,
11.811820,82,,
11.812815,82,1410,0
11.815464,82,,
11.816431,82,,
11.817349,82,,
11.818016,82,,
11.818608,82,,
11.828623,82,,
11.829554,82,,
11.830500,82,1410,0
11.833450,82,,
11.834405,82,,
11.840111,82,,
11.841031,82,,
11.842027,82,,
11.843006,82,,
11.844118,82,,
11.845034,82,1410,0
11.847560,82,,
11.848186,82,,
11.849192,82,,
11.850184,82,,
11.859777,82,,
11.860827,82,,
11.861963,82,,
11.862977,82,1410,0
11.864808,82,,
11.870958,82,,
11.871560,82,,
11.872154,82,,
11.872830,82,,
11.873796,82,,
11.874449,82,,
11.875400,82,1410,0
11.877617,82,,
11.878266,82,,
11.878946,82,,
11.879880,82,,
11.880514,82,,
11.881116,82,,
11.891254,82,,
11.892341,82,1410,0
11.894929,82,,
11.895546,82,,
11.896164,82,,
11.902129,82,,
11.903407,82,,
11.904657,82,,
11.905956,82,,
11.907265,82,1410,0
11.911053,82,,
11.912311,82,,
11.921937,82,,
11.923246,82,,
11.924547,82,,
11.925856,82,,
11.927182,82,,
11.933012,82,1410,0
11.936620,82,,
11.937899,82,,
11.939088,82,,
11.940148,82,,
11.941152,82,,
11.942134,82,,
11.943151,82,,
11.952658,82,1410,0
11.955676,82,,
11.956651,82,,
11.957628,82,,
11.964142,82,,
11.965091,82,,
11.965740,82,,
11.966364,82,,
11.967327,82,1410,0
11.969954,82,,
11.970795,82,,
11.971403,82,,
11.972020,82,,
11.972645,82,,
11.973417,82,,
11.974390,82,,
11.983776,82,1410,0
11.985982,82,,
11.986940,82,,
11.987914,82,,
11.988943,82,,
11.994748,82,,
11.995663,82,,
11.996630,82,,
11.997606,82,1410,0
11.999805,82,,
12.000759,82,,
12.001390,82,,
12.001955,82,,
12.002578,82,,
12.003575,82,,
12.004532,82,,
12.005153,82,1410,0
12.016329,82,,
12.016926,82,,
12.017529,82,,
12.018105,82,,
12.018752,82,,
12.019367,82,,
12.019938,82,,
12.025792,82,1410,0
12.027623,82,,
12.028234,82,,
12.028855,82,,
12.029476,82,,
12.030055,82,,
12.030691,82,,
12.031316,82,,
12.031918,82,1410,0
12.033802,82,,
12.034561,82,,
12.035395,82,,
12.036009,82,,
12.045764,82,,
12.046656,82,,
12.047851,82,,
12.049046,82,1410,0
12.057376,82,,
12.058311,82,,
12.059244,82,,
12.060168,82,,
12.061082,82,,
12.062017,82,,
12.062951,82,,
12.063557,82,1410,0
12.065780,82,,
12.066337,82,,
12.067242,82,,
12.076702,82,,
12.077329,82,,
12.078321,82,,
12.078929,82,,
12.079552,82,1410,0
12.081543,82,,
12.087738,82,,
12.088632,82,,
12.089210,82,,
12.089816,82,,
12.090447,82,,
12.091076,82,,
12.091695,82,1410,0
12.093576,82,,
12.094534,82,,
12.095158,82,,
12.095811,82,,
12.096428,82,,
12.097064,82,,
12.097710,82,,
12.107685,82,1410,0
12.109739,82,,
12.110386,82,,
12.111319,82,,
12.112233,82,,
12.112889,82,,
12.118648,82,,
12.119238,82,,
12.119988,82,1410,0
12.123207,82,,
12.124137,82,,
12.125086,82,,
12.126011,82,,
12.126671,82,,
12.127262,82,,
12.127933,82,,
12.128894,82,1410,0
12.139852,82,,
12.140510,82,,
12.141080,82,,
12.141721,82,,
12.142351,82,,
12.142993,82,,
12.143631,82,,
12.149974,82,1410,0
12.152144,82,,
12.153154,82,,
12.154088,82,,
12.154758,82,,
12.155349,82,,
12.155967,82,,
12.156936,82,,
12.157895,82,1410,0
12.159723,82,,
12.169650,82,,
12.170196,82,,
12.170818,82,,
12.171482,82,,
12.172080,82,,
12.172732,82,,
12.173346,82,1410,0
12.180847,82,,
12.181996,82,,
12.182962,82,,
12.183934,82,,
12.184551,82,,
12.185188,82,,
12.185799,82,,
12.186766,82,1410,0
12.189313,82,,
12.190242,82,,
12.190890,82,,
12.200633,82,,
12.201534,82,,
12.202138,82,,
12.202781,82,,
12.203384,82,1410,0
12.206324,82,,
12.211891,82,,
12.212854,82,,
12.213901,82,,
12.214884,82,,
12.216118,82,,
12.217060,82,,
12.218101,82,1410,0
12.220998,82,,
12.222013,82,,
12.231756,82,,
12.232667,82,,
12.233630,82,,
12.234601,82,,
12.235226,82,,
12.235900,82,1410,0
12.243921,82,,
12.244524,82,,
12.245108,82,,
12.245765,82,,
12.246764,82,,
12.247731,82,,
12.248404,82,,
12.249523,82,1410,0
12.251748,82,,
12.252742,82,,
12.262790,82,,
12.263786,82,,
12.264719,82,,
12.265677,82,,
12.266307,82,,
12.267254,82,1410,0
12.274737,82,,
12.275363,82,,
12.276048,82,,
12.277010,82,,
12.277948,82,,
12.278884,82,,
12.279499,82,,
12.280125,82,1410,0
12.282387,82,,
12.283246,82,,
12.284470,82,,
12.293772,82,,
12.294751,82,,
12.295715,82,,
12.296595,82,,
12.297179,82,1410,0
12.304815,82,,
12.305929,82,,
12.306998,82,,
12.308009,82,,
12.309049,82,,
12.310148,82,,
12.311242,82,,
12.312271,82,1410,0
12.315206,82,,
12.324652,82,,
12.325574,82,,
12.326552,82,,
12.327168,82,,
12.327819,82,,
12.328781,82,,
12.329761,82,1410,0
12.337992,82,,
12.338976,82,,
12.340205,82,,
12.341280,82,,
12.342191,82,,
12.342836,82,,
12.343818,82,,
12.344461,82,1410,0
12.355774,82,,
12.356906,82,,
12.357969,82,,
12.359064,82,,
12.360144,82,,
12.361209,82,,
12.366830,82,,
12.368257,82,1410,0
12.371895,82,,
12.373121,82,,
12.374318,82,,
12.375443,82,,
12.376611,82,,
12.386793,82,,
12.388049,82,,
12.389299,82,1410,0
12.398055,82,,
12.399202,82,,
12.400327,82,,
12.401486,82,,
12.402489,82,,
12.403654,82,,
12.404793,82,,
12.405949,82,1410,0
12.417831,82,,
12.419066,82,,
12.420037,82,,
12.420999,82,,
12.421965,82,,
12.422578,82,,
12.423185,82,,
12.429204,82,1410,0
12.431101,82,,
12.431950,82,,
12.432996,82,,
12.433920,82,,
12.434855,82,,
12.435448,82,,
12.436252,82,,
12.437260,82,1410,0
12.448744,82,,
12.449835,82,,
12.450935,82,,
12.451951,82,,
12.453000,82,,
12.454215,82,,
12.459714,82,,
12.460328,82,1410,0
12.462593,82,,
12.463546,82,,
12.464207,82,,
12.465170,82,,
12.466384,82,,
12.467450,82,,
12.468485,82,,
12.469512,82,1410,0
12.481203,82,,
12.482133,82,,
12.483058,82,,
12.483831,82,,
12.484800,82,,
12.490723,82,,
12.491704,82,,
12.492666,82,1410,0
12.495611,82,,
12.496602,82,,
12.497566,82,,
12.498564,82,,
12.499547,82,,
12.500489,82,,
12.501472,82,,
12.510930,82,1410,0
12.513470,82,,
12.514118,82,,
12.515062,82,,
12.516028,82,,
12.521981,82,,
12.523038,82,,
12.524017,82,,
12.524958,82,1410,0
12.527586,82,,
12.528546,82,,
12.529176,82,,
12.529805,82,,
12.530452,82,,
12.531266,82,,
12.532220,82,,
12.541725,82,1410,0
12.543901,82,,
12.544480,82,,
12.545109,82,,
12.545743,82,,
12.546368,82,,
12.546974,82,,
12.552879,82,,
12.553814,82,1410,0
12.556757,82,,
12.557710,82,,
12.558331,82,,
12.559185,82,,
12.560245,82,,
12.560837,82,,
12.561447,82,,
12.562047,82,1410,0
12.573643,82,,
12.574202,82,,
12.574841,82,,
12.575504,82,,
12.576083,82,,
12.576743,82,,
12.577355,82,,
12.578003,82,1410,0
12.585038,82,,
12.585695,82,,
12.586577,82,,
12.587742,82,,
12.588969,82,,
12.590179,82,,
12.591290,82,,
12.592330,82,1410,0
12.603927,82,,
12.605014,82,,
12.606255,82,,
12.607464,82,,
12.608533,82,,
12.614929,82,,
12.615992,82,,
12.616983,82,1410,0
12.619950,82,,
12.620864,82,,
12.621844,82,,
12.622800,82,,
12.623750,82,,
12.624705,82,,
12.634651,82,,
12.635549,82,1410,0
12.637433,82,,
12.638008,82,,
12.638683,82,,
12.639283,82,,
12.639949,82,,
12.645777,82,,
12.646725,82,,
12.647345,82,1410,0
12.649265,82,,
12.650094,82,,
12.651022,82,,
12.651647,82,,
12.652614,82,,
12.653635,82,,
12.654508,82,,
12.655116,82,1410,0
12.666609,82,,
12.667555,82,,
12.668508,82,,
12.669115,82,,
12.669814,82,,
12.670717,82,,
12.676681,82,,
12.677608,82,1410,0
12.680554,82,,
12.681481,82,,
12.682474,82,,
12.683367,82,,
12.684428,82,,
12.685348,82,,
12.686406,82,,
12.687346,82,1410,0
12.697968,82,,
12.698585,82,,
12.699242,82,,
12.699843,82,,
12.700478,82,,
12.701082,82,,
12.701730,82,,
12.707926,82,1410,0
12.710525,82,,
12.711163,82,,
12.712089,82,,
12.712757,82,,
12.713804,82,,
12.714726,82,,
12.715711,82,,
12.716670,82,1410,0
12.727623,82,,
12.728524,82,,
12.729140,82,,
12.729795,82,,
12.730451,82,,
12.731419,82,,
12.732409,82,,
12.733341,82,1410,0
12.740457,82,,
12.741423,82,,
12.742039,82,,
12.742686,82,,
12.743291,82,,
12.743961,82,,
12.744597,82,,
12.745216,82,1410,0
12.747077,82,,
12.747711,82,,
12.748812,82,,
12.758600,82,,
12.759511,82,,
12.760108,82,,
12.760686,82,,
12.761317,82,1410,0
12.764200,82,,
12.769735,82,,
12.770705,82,,
12.771676,82,,
12.772657,82,,
12.773642,82,,
12.774620,82,,
12.775602,82,1410,0
12.778566,82,,
12.779547,82,,
12.780512,82,,
12.790170,82,,
12.791169,82,,
12.791827,82,,
12.792779,82,,
12.793412,82,1410,0
12.801299,82,,
12.802241,82,,
12.803239,82,,
12.804258,82,,
12.805238,82,,
12.806200,82,,
12.807150,82,,
12.808097,82,1410,0
12.810356,82,,
12.811518,82,,
12.821072,82,,
12.822323,82,,
12.823474,82,,
12.824577,82,,
12.825686,82,,
12.831920,82,1410,0
12.835058,82,,
12.836012,82,,
12.836991,82,,
12.837956,82,,
12.838949,82,,
12.839926,82,,
12.840528,82,,
12.841122,82,1410,0
12.852990,82,,
12.853833,82,,
12.854486,82,,
12.855329,82,,
12.856405,82,,
12.857406,82,,
12.862966,82,,
12.863898,82,1410,0
12.866856,82,,
12.867459,82,,
12.868040,82,,
12.868694,82,,
12.869785,82,,
12.870895,82,,
12.871871,82,,
12.872805,82,1410,0
12.884524,82,,
12.885484,82,,
12.886502,82,,
12.887072,82,,
12.887737,82,,
12.893907,82,,
12.894476,82,,
12.895086,82,1410,0
12.896987,82,,
12.897681,82,,
12.898638,82,,
12.899257,82,,
12.899912,82,,
12.900511,82,,
12.901102,82,,
12.901798,82,1410,0
12.903724,82,,
12.913559,82,,
12.914516,82,,
12.915472,82,,
12.916467,82,,
12.917634,82,,
12.918675,82,,
12.925056,82,1410,0
12.928144,82,,
12.929115,82,,
12.930076,82,,
12.931061,82,,
12.932078,82,,
12.933127,82,,
12.934298,82,,
12.935384,82,1410,0
12.947114,82,,
12.948062,82,,
12.949034,82,,
12.949716,82,,
12.955909,82,,
12.956943,82,,
12.957896,82,,
12.958852,82,1410,0
12.961854,82,,
12.962884,82,,
12.963911,82,,
12.964953,82,,
12.966131,82,,
12.975779,82,,
12.976907,82,,
12.977979,82,1410,0
12.981068,82,,
12.987088,82,,
12.988044,82,,
12.989054,82,,
12.990007,82,,
12.990993,82,,
12.991967,82,,
12.992953,82,1410,0
12.995898,82,,
12.996855,82,,
13.006649,82,,
13.007576,82,,
13.008170,82,,
13.009148,82,,
13.010103,82,,
13.010746,82,1410,0
13.018748,82,,
13.019716,82,,
13.020675,82,,
13.021305,82,,
13.021969,82,,
13.022926,82,,
13.023897,82,,
13.024880,82,1410,0
13.028555,82,,
13.037975,82,,
13.039193,82,,
13.040329,82,,
13.041598,82,,
13.042905,82,,
13.049002,82,,
13.050088,82,1410,0
13.053125,82,,
13.054099,82,,
13.055061,82,,
13.056072,82,,
13.057067,82,,
13.058098,82,,
13.059177,82,,
13.068747,82,1410,0
13.072114,82,,
13.073189,82,,
13.074251,82,,
13.080069,82,,
13.081061,82,,
13.081964,82,,
13.082903,82,,
13.083622,82,1410,0
13.086519,82,,
13.087536,82,,
13.088509,82,,
13.089409,82,,
13.090371,82,,
13.099987,82,,
13.101078,82,,
13.102129,82,1410,0
13.105343,82,,
13.110884,82,,
13.112024,82,,
13.113176,82,,
13.114302,82,,
13.115386,82,,
13.116441,82,,
13.117487,82,1410,0
13.120783,82,,
13.130820,82,,
13.131981,82,,
13.133085,82,,
13.134185,82,,
13.135269,82,,
13.136377,82,,
13.141968,82,1410,0
13.145227,82,,
13.146337,82,,
13.147440,82,,
13.148538,82,,
13.149653,82,,
13.150809,82,,
13.152002,82,,
13.161779,82,1410,0
13.164930,82,,
13.165851,82,,
13.166883,82,,
13.173071,82,,
13.174331,82,,
13.175318,82,,
13.175939,82,,
13.176509,82,1410,0
13.178454,82,,
13.179404,82,,
13.180327,82,,
13.181162,82,,
13.182153,82,,
13.183172,82,,
13.192672,82,,
13.193651,82,1410,0
13.196627,82,,
13.197594,82,,
13.203989,82,,
13.204976,82,,
13.205933,82,,
13.206876,82,,
13.207466,82,,
13.208089,82,1410,0
13.209997,82,,
13.210954,82,,
13.211593,82,,
13.212592,82,,
13.213205,82,,
13.213840,82,,
13.223759,82,,
13.224867,82,1410,0
13.227399,82,,
13.228008,82,,
13.228645,82,,
13.234744,82,,
13.235678,82,,
13.236302,82,,
13.236981,82,,
13.237943,82,1410,0
13.240140,82,,
13.240763,82,,
13.241427,82,,
13.242017,82,,
13.242701,82,,
13.243670,82,,
13.244631,82,,
13.254553,82,1410,0
13.256753,82,,
13.257407,82,,
13.257985,82,,
13.258666,82,,
13.259276,82,,
13.259900,82,,
13.266198,82,,
13.267143,82,1410,0
13.269307,82,,
13.270262,82,,
13.271139,82,,
13.272232,82,,
13.273250,82,,
13.274255,82,,
13.275221,82,,
13.276171,82,1410,0
13.287490,82,,
13.288121,82,,
13.289226,82,,
13.290191,82,,
13.290838,82,,
13.296749,82,,
13.297700,82,,
13.298725,82,1410,0
13.301570,82,,
13.302566,82,,
13.303503,82,,
13.304452,82,,
13.305409,82,,
13.306358,82,,
13.307294,82,,
13.316696,82,1410,0
13.318836,82,,
13.319831,82,,
13.320398,82,,
13.321010,82,,
13.321723,82,,
13.327847,82,,
13.328790,82,,
13.329759,82,1410,0
13.332678,82,,
13.333600,82,,
13.334241,82,,
13.334889,82,,
13.335939,82,,
13.336846,82,,
13.337460,82,,
13.338053,82,1410,0
13.348967,82,,
13.349659,82,,
13.350244,82,,
13.350874,82,,
13.351532,82,,
13.352093,82,,
13.352791,82,,
13.359055,82,1410,0
13.361116,82,,
13.361808,82,,
13.362415,82,,
13.363009,82,,
13.363656,82,,
13.364465,82,,
13.365358,82,,
13.365993,82,1410,0
13.368526,82,,
13.369188,82,,
13.378802,82,,
13.379386,82,,
13.380002,82,,
13.380650,82,,
13.381270,82,,
13.381919,82,1410,0
13.389691,82,,
13.390281,82,,
13.390891,82,,
13.391903,82,,
13.392787,82,,
13.393392,82,,
13.393990,82,,
13.394600,82,1410,0
13.396448,82,,
13.397060,82,,
13.397683,82,,
13.398326,82,,
13.399237,82,,
13.399853,82,,
13.409581,82,,
13.410488,82,1410,0
13.412756,82,,
13.413721,82,,
13.414725,82,,
13.420792,82,,
13.421757,82,,
13.422735,82,,
13.423712,82,,
13.424660,82,1410,0
13.426873,82,,
13.427813,82,,
13.428429,82,,
13.429038,82,,
13.429676,82,,
13.430668,82,,
13.440589,82,,
13.441554,82,1410,0
13.444490,82,,
13.445465,82,,
13.446490,82,,
13.452274,82,,
13.453271,82,,
13.454253,82,,
13.455266,82,,
13.456232,82,1410,0
13.459305,82,,
13.460242,82,,
13.460846,82,,
13.461454,82,,
13.462108,82,,
13.471909,82,,
13.472921,82,,
13.473890,82,1410,0
13.476776,82,,
13.482653,82,,
13.483615,82,,
13.484585,82,,
13.485241,82,,
13.485873,82,,
13.486828,82,,
13.487838,82,1410,0
13.490415,82,,
13.491380,82,,
13.491992,82,,
13.493018,82,,
13.502611,82,,
13.503572,82,,
13.504550,82,,
13.505526,82,1410,0
13.508424,82,,
13.513985,82,,
13.514984,82,,
13.516142,82,,
13.517186,82,,
13.518160,82,,
13.519335,82,,
13.520551,82,1410,0
13.524114,82,,
13.533715,82,,
13.534710,82,,
13.535696,82,,
13.536597,82,,
13.537249,82,,
13.537901,82,,
13.538514,82,1410,0
13.546374,82,,
13.547338,82,,
13.548327,82,,
13.549322,82,,
13.550279,82,,
13.551238,82,,
13.552214,82,,
13.552870,82,1410,0
13.564595,82,,
13.565573,82,,
13.566573,82,,
13.567574,82,,
13.568520,82,,
13.569478,82,,
13.570477,82,,
13.576023,82,1410,0
13.578620,82,,
13.579256,82,,
13.580249,82,,
13.581204,82,,
13.582177,82,,
13.583158,82,,
13.584141,82,,
13.585127,82,1410,0
13.596614,82,,
13.597581,82,,
13.598570,82,,
13.599568,82,,
13.600526,82,,
13.606705,82,,
13.607632,82,,
13.608234,82,1410,0
13.610480,82,,
13.611480,82,,
13.612455,82,,
13.613427,82,,
13.614385,82,,
13.615375,82,,
13.616372,82,,
13.617356,82,1410,0
13.628423,82,,
13.629395,82,,
13.630077,82,,
13.631024,82,,
13.632039,82,,
13.638080,82,,
13.639154,82,,
13.640226,82,1410,0
13.643273,82,,
13.644209,82,,
13.644847,82,,
13.646336,82,,
13.647607,82,,
13.657668,82,,
13.658615,82,,
13.659560,82,1410,0
13.662131,82,,
13.662770,82,,
13.668790,82,,
13.669766,82,,
13.670746,82,,
13.671730,82,,
13.672693,82,,
13.673664,82,1410,0
13.676600,82,,
13.677215,82,,
13.677857,82,,
13.678831,82,,
13.688576,82,,
13.689504,82,,
13.690104,82,,
13.691038,82,1410,0
13.693261,82,,
13.694246,82,,
13.699831,82,,
13.700945,82,,
13.702007,82,,
13.703146,82,,
13.704192,82,,
13.705187,82,1410,0
13.708205,82,,
13.709183,82,,
13.710178,82,,
13.719642,82,,
13.720614,82,,
13.721585,82,,
13.722603,82,,
13.723593,82,1410,0
13.731944,82,,
13.732918,82,,
13.733912,82,,
13.734913,82,,
13.735853,82,,
13.736846,82,,
13.737813,82,,
13.738758,82,1410,0
13.741300,82,,
13.750820,82,,
13.751723,82,,
13.752348,82,,
13.753027,82,,
13.753974,82,,
13.754976,82,,
13.755601,82,1410,0
13.763700,82,,
13.764360,82,,
13.765292,82,,
13.765954,82,,
13.767094,82,,
13.768198,82,,
13.769157,82,,
13.770076,82,1410,0
13.781740,82,,
13.782925,82,,
13.783923,82,,
13.784914,82,,
13.785855,82,,
13.786847,82,,
13.792664,82,,
13.793613,82,1410,0
13.796829,82,,
13.797780,82,,
13.798369,82,,
13.798983,82,,
13.799614,82,,
13.800234,82,,
13.800887,82,,
13.801503,82,1410,0
13.812558,82,,
13.813469,82,,
13.814041,82,,
13.814706,82,,
13.815679,82,,
13.816685,82,,
13.817638,82,,
13.823993,82,1410,0
13.826875,82,,
13.827424,82,,
13.828035,82,,
13.828690,82,,
13.829332,82,,
13.829949,82,,
13.830563,82,,
13.831150,82,1410,0
13.833623,82,,
13.843777,82,,
13.844915,82,,
13.845866,82,,
13.846512,82,,
13.847116,82,,
13.847739,82,,
13.848719,82,1410,0
13.857045,82,,
13.858001,82,,
13.858960,82,,
13.859919,82,,
13.860510,82,,
13.861437,82,,
13.862401,82,,
13.863033,82,1410,0
13.865262,82,,
13.874706,82,,
13.875631,82,,
13.876618,82,,
13.877594,82,,
13.878571,82,,
13.879545,82,,
13.880538,82,1410,0
13.887593,82,,
13.888521,82,,
13.889278,82,,
13.890245,82,,
13.891211,82,,
13.892158,82,,
13.893103,82,,
13.893725,82,1410,0
13.895617,82,,
13.905659,82,,
13.906579,82,,
13.907544,82,,
13.908535,82,,
13.909537,82,,
13.910522,82,,
13.916918,82,1410,0
13.919884,82,,
13.920850,82,,
13.921888,82,,
13.922875,82,,
13.923781,82,,
13.924741,82,,
13.925321,82,,
13.925969,82,1410,0
13.937499,82,,
13.938100,82,,
13.939087,82,,
13.940043,82,,
13.940631,82,,
13.941253,82,,
13.941883,82,,
13.947791,82,1410,0
13.950705,82,,
13.951678,82,,
13.952666,82,,
13.953606,82,,
13.954572,82,,
13.955228,82,,
13.956208,82,,
13.957109,82,1410,0
13.968478,82,,
13.969129,82,,
13.970089,82,,
13.971109,82,,
13.972164,82,,
13.973202,82,,
13.978782,82,,
13.979672,82,1410,0
13.981500,82,,
13.982128,82,,
13.982933,82,,
13.983854,82,,
13.984821,82,,
13.985409,82,,
13.986114,82,,
13.987020,82,1410,0
13.998597,82,,
13.999544,82,,
14.000468,82,,
14.001054,82,,
14.001700,82,,
14.002661,82,,
14.003348,82,,
14.004277,82,1410,0
14.012279,82,,
14.013313,82,,
14.014357,82,,
14.015442,82,,
14.016531,82,,
14.017636,82,,
14.018623,82,,
14.019703,82,1410,0
14.030691,82,,
14.031322,82,,
14.031959,82,,
14.032505,82,,
14.033116,82,,
14.033781,82,,
14.034374,82,,
14.034976,82,1410,0
14.042459,82,,
14.043045,82,,
14.043694,82,,
14.044628,82,,
14.045610,82,,
14.046595,82,,
14.047234,82,,
14.047893,82,1410,0
14.050904,82,,
14.060626,82,,
14.061585,82,,
14.062542,82,,
14.063532,82,,
14.064501,82,,
14.065159,82,,
14.066115,82,1410,0
14.073948,82,,
14.074943,82,,
14.075982,82,,
14.076955,82,,
14.077940,82,,
14.078885,82,,
14.080059,82,,
14.081026,82,1410,0
14.092099,82,,
14.092773,82,,
14.093390,82,,
14.094004,82,,
14.094644,82,,
14.095247,82,,
14.095918,82,,
14.096541,82,1410,0
14.104932,82,,
14.105909,82,,
14.106526,82,,
14.107125,82,,
14.107746,82,,
14.108730,82,,
14.109374,82,,
14.110329,82,1410,0
14.112267,82,,
14.112905,82,,
14.122628,82,,
14.123529,82,,
14.124489,82,,
14.125431,82,,
14.126057,82,,
14.126709,82,1410,0
14.133839,82,,
14.134918,82,,
14.136063,82,,
14.137147,82,,
14.138160,82,,
14.139254,82,,
14.140328,82,,
14.141393,82,1410,0
14.153813,82,,
14.155035,82,,
14.156016,82,,
14.156980,82,,
14.157974,82,,
14.158954,82,,
14.164730,82,,
14.165717,82,1410,0
14.168273,82,,
14.168911,82,,
14.169524,82,,
14.170458,82,,
14.171115,82,,
14.172089,82,,
14.172700,82,,
14.173307,82,1410,0
14.184530,82,,
14.185516,82,,
14.186504,82,,
14.187094,82,,
14.187728,82,,
14.188321,82,,
14.189242,82,,
14.190337,82,1410,0
14.198310,82,,
14.199403,82,,
14.200458,82,,
14.201486,82,,
14.202543,82,,
14.203597,82,,
14.204667,82,,
14.205758,82,1410,0
14.217856,82,,
14.218888,82,,
14.219967,82,,
14.220951,82,,
14.226659,82,,
14.227571,82,,
14.228225,82,,
14.228837,82,1410,0
14.230771,82,,
14.231388,82,,
14.232019,82,,
14.232659,82,,
14.233244,82,,
14.233934,82,,
14.234501,82,,
14.235137,82,1410,0
14.246693,82,,
14.247633,82,,
14.248602,82,,
14.249232,82,,
14.249869,82,,
14.250491,82,,
14.251086,82,,
14.251749,82,1410,0
14.259278,82,,
14.259880,82,,
14.260528,82,,
14.261134,82,,
14.261821,82,,
14.262789,82,,
14.263434,82,,
14.264040,82,1410,0
14.266312,82,,
14.266951,82,,
14.267631,82,,
14.277670,82,,
14.278596,82,,
14.279212,82,,
14.279894,82,,
14.280509,82,1410,0
14.289197,82,,
14.290172,82,,
14.291114,82,,
14.291736,82,,
14.292373,82,,
14.292992,82,,
14.293602,82,,
14.294571,82,1410,0
14.297158,82,,
14.298108,82,,
14.299176,82,,
14.308652,82,,
14.309554,82,,
14.310126,82,,
14.310789,82,,
14.311416,82,1410,0
14.313627,82,,
14.319650,82,,
14.320603,82,,
14.321228,82,,
14.322190,82,,
14.323343,82,,
14.324436,82,,
14.325537,82,1410,0
14.328982,82,,
14.330155,82,,
14.339819,82,,
14.340813,82,,
14.341452,82,,
14.342042,82,,
14.343029,82,,
14.344004,82,1410,0
14.351787,82,,
14.352769,82,,
14.353982,82,,
14.355025,82,,
14.356162,82,,
14.357228,82,,
14.358267,82,,
14.359264,82,1410,0
14.370741,82,,
14.371765,82,,
14.372918,82,,
14.373947,82,,
14.374902,82,,
14.375851,82,,
14.381971,82,,
14.382939,82,1410,0
14.385485,82,,
14.386558,82,,
14.387506,82,,
14.388649,82,,
14.389780,82,,
14.390872,82,,
14.391845,82,,
14.401654,82,1410,0
14.403523,82,,
14.404150,82,,
14.405110,82,,
14.406085,82,,
14.406726,82,,
14.412634,82,,
14.413617,82,,
14.414579,82,1410,0
14.417095,82,,
14.418037,82,,
14.419078,82,,
14.420081,82,,
14.421050,82,,
14.422094,82,,
14.423187,82,,
14.432711,82,1410,0
14.435659,82,,
14.436634,82,,
14.437628,82,,
14.443844,82,,
14.444820,82,,
14.445807,82,,
14.446789,82,,
14.447756,82,1410,0
14.450404,82,,
14.451364,82,,
14.452346,82,,
14.453375,82,,
14.454368,82,,
14.463737,82,,
14.464689,82,,
14.465670,82,1410,0
14.468653,82,,
14.475000,82,,
14.475963,82,,
14.476910,82,,
14.477888,82,,
14.478856,82,,
14.479509,82,,
14.480485,82,1410,0
14.483419,82,,
14.484084,82,,
14.485006,82,,
14.494707,82,,
14.495684,82,,
14.496694,82,,
14.497661,82,,
14.498649,82,1410,0
14.507143,82,,
14.508191,82,,
14.509189,82,,
14.510122,82,,
14.511106,82,,
14.512062,82,,
14.512703,82,,
14.513351,82,1410,0
14.516112,82,,
14.525688,82,,
14.526646,82,,
14.527645,82,,
14.528604,82,,
14.529589,82,,
14.530573,82,,
14.536847,82,1410,0
14.539796,82,,
14.540437,82,,
14.541017,82,,
14.541667,82,,
14.542626,82,,
14.543221,82,,
14.543892,82,,
14.544513,82,1410,0
14.546405,82,,
14.547023,82,,
14.556781,82,,
14.557721,82,,
14.558686,82,,
14.559661,82,,
14.560637,82,,
14.561270,82,1410,0
14.569080,82,,
14.570040,82,,
14.571022,82,,
14.571696,82,,
14.572910,82,,
14.573952,82,,
14.574936,82,,
14.575877,82,1410,0
14.587883,82,,
14.589088,82,,
14.590083,82,,
14.591078,82,,
14.592050,82,,
14.593024,82,,
14.598711,82,,
14.599674,82,1410,0
14.602552,82,,
14.603199,82,,
14.604205,82,,
14.605316,82,,
14.606391,82,,
14.607485,82,,
14.608458,82,,
14.609411,82,1410,0
14.621128,82,,
14.622170,82,,
14.623277,82,,
14.624369,82,,
14.629928,82,,
14.631017,82,,
14.631967,82,,
14.632913,82,1410,0
14.635061,82,,
14.635734,82,,
14.636373,82,,
14.637008,82,,
14.637618,82,,
14.638236,82,,
14.639083,82,,
14.639995,82,1410,0
14.650744,82,,
14.651330,82,,
14.652102,82,,
14.653221,82,,
14.654188,82,,
14.655166,82,,
14.661044,82,,
14.662065,82,1410,0
14.664528,82,,
14.665118,82,,
14.665801,82,,
14.666400,82,,
14.667002,82,,
14.667682,82,,
14.668654,82,,
14.669615,82,1410,0
14.680730,82,,
14.681301,82,,
14.681932,82,,
14.682603,82,,
14.683520,82,,
14.684116,82,,
14.684753,82,,
14.685351,82,1410,0
14.692718,82,,
14.693341,82,,
14.693943,82,,
14.694559,82,,
14.695181,82,,
14.695807,82,,
14.696454,82,,
14.697066,82,1410,0
14.698956,82,,
14.699839,82,,
14.700428,82,,
14.701035,82,,
14.701662,82,,
14.711735,82,,
14.712629,82,,
14.713275,82,1410,0
14.715848,82,,
14.716839,82,,
14.722851,82,,
14.723887,82,,
14.724483,82,,
14.725406,82,,
14.726006,82,,
14.726647,82,1410,0
14.728550,82,,
14.729145,82,,
14.729830,82,,
14.730407,82,,
14.731008,82,,
14.731625,82,,
14.732222,82,,
14.732963,82,1410,0
14.744551,82,,
14.745510,82,,
14.746488,82,,
14.747166,82,,
14.748084,82,,
14.754087,82,,
14.755112,82,,
14.756122,82,1410,0
14.759183,82,,
14.760115,82,,
14.760720,82,,
14.761332,82,,
14.761981,82,,
14.763034,82,,
14.763932,82,,
14.773759,82,1410,0
14.776748,82,,
14.777778,82,,
14.778812,82,,
14.784720,82,,
14.785307,82,,
14.785961,82,,
14.786774,82,,
14.787837,82,1410,0
14.791152,82,,
14.792238,82,,
14.793420,82,,
14.794654,82,,
14.804824,82,,
14.806110,82,,
14.807266,82,,
14.808332,82,1410,0
14.816341,82,,
14.817563,82,,
14.818776,82,,
14.819984,82,,
14.821224,82,,
14.822363,82,,
14.823510,82,,
14.824665,82,1410,0
14.836702,82,,
14.838064,82,,
14.839222,82,,
14.840313,82,,
14.841337,82,,
14.847242,82,,
14.848290,82,,
14.849253,82,1410,0
14.851929,82,,
14.852893,82,,
14.853829,82,,
14.854448,82,,
14.855099,82,,
14.855729,82,,
14.856694,82,,
14.866712,82,1410,0
14.869885,82,,
14.870984,82,,
14.872112,82,,
14.878036,82,,
14.879341,82,,
14.880360,82,,
14.881296,82,,
14.881979,82,1410,0
14.884498,82,,
14.885097,82,,
14.885916,82,,
14.886944,82,,
14.887941,82,,
14.897687,82,,
14.898700,82,,
14.899638,82,1410,0
14.902598,82,,
14.908844,82,,
14.909810,82,,
14.910809,82,,
14.911783,82,,
14.912770,82,,
14.913748,82,,
14.914711,82,1410,0
14.917435,82,,
14.918449,82,,
14.919390,82,,
14.929041,82,,
14.930250,82,,
14.931420,82,,
14.932502,82,,
14.933548,82,1410,0
14.942365,82,,
14.943371,82,,
14.944314,82,,
14.945303,82,,
14.946297,82,,
14.947270,82,,
14.948241,82,,
14.949286,82,1410,0
14.960740,82,,
14.961737,82,,
14.962713,82,,
14.963704,82,,
14.964673,82,,
14.970779,82,,
14.971935,82,,
14.973148,82,1410,0
14.976268,82,,
14.977259,82,,
14.978271,82,,
14.979248,82,,
14.980281,82,,
14.981255,82,,
14.990671,82,,
14.991600,82,1410,0
14.994216,82,,
14.995181,82,,
14.996160,82,,
15.001803,82,,
15.002813,82,,
15.003935,82,,
15.004970,82,,
15.006164,82,1410,0
15.009400,82,,
15.010440,82,,
15.011345,82,,
15.012344,82,,
15.022109,82,,
15.023388,82,,
15.024543,82,,
15.025670,82,1410,0
15.034110,82,,
15.035124,82,,
15.036160,82,,
15.037205,82,,
15.038352,82,,
15.039501,82,,
15.040795,82,,
15.041982,82,1410,0
15.053957,82,,
15.054917,82,,
15.055836,82,,
15.056877,82,,
15.058007,82,,
15.063700,82,,
15.064693,82,,
15.065659,82,1410,0
15.067848,82,,
15.068950,82,,
15.069997,82,,
15.071109,82,,
15.072152,82,,
15.073182,82,,
15.074168,82,,
15.083726,82,1410,0
15.087172,82,,
15.088379,82,,
15.089461,82,,
15.095198,82,,
15.096437,82,,
15.097826,82,,
15.099089,82,,
15.100160,82,1410,0
15.103450,82,,
15.104435,82,,
15.105355,82,,
15.114871,82,,
15.115845,82,,
15.116840,82,,
15.117783,82,,
15.118783,82,1410,0
15.126976,82,,
15.127962,82,,
15.128605,82,,
15.129545,82,,
15.130179,82,,
15.131177,82,,
15.132134,82,,
15.133089,82,1410,0
15.135668,82,,
15.145606,82,,
15.146560,82,,
15.147531,82,,
15.148516,82,,
15.149479,82,,
15.150472,82,,
15.151075,82,1410,0
15.158513,82,,
15.159140,82,,
15.159764,82,,
15.160745,82,,
15.161743,82,,
15.162719,82,,
15.163695,82,,
15.164686,82,1410,0
15.166893,82,,
15.176649,82,,
15.177588,82,,
15.178201,82,,
15.178845,82,,
15.179486,82,,
15.180090,82,,
15.180739,82,1410,0
15.188745,82,,
15.189636,82,,
15.190241,82,,
15.190914,82,,
15.191541,82,,
15.192513,82,,
15.193122,82,,
15.193761,82,1410,0
15.196356,82,,
15.197039,82,,
15.197998,82,,
15.207652,82,,
15.208577,82,,
15.209174,82,,
15.210130,82,,
15.210741,82,1410,0
15.213231,82,,
15.219102,82,,
15.220035,82,,
15.221032,82,,
15.222136,82,,
15.223202,82,,
15.224184,82,,
15.225193,82,1410,0
15.228288,82,,
15.229255,82,,
15.238774,82,,
15.239802,82,,
15.240769,82,,
15.241706,82,,
15.242680,82,,
15.243647,82,1410,0
15.251248,82,,
15.251987,82,,
15.252955,82,,
15.253875,82,,
15.254985,82,,
15.256097,82,,
15.257183,82,,
15.258183,82,1410,0
15.269647,82,,
15.270584,82,,
15.271646,82,,
15.272606,82,,
15.273536,82,,
15.274508,82,,
15.275115,82,,
15.280965,82,1410,0
15.283869,82,,
15.284821,82,,
15.285507,82,,
15.286422,82,,
15.287400,82,,
15.288438,82,,
15.289373,82,,
15.290275,82,1410,0
15.301594,82,,
15.302599,82,,
15.303536,82,,
15.304515,82,,
15.305548,82,,
15.311943,82,,
15.312851,82,,
15.313469,82,1410,0
15.315745,82,,
15.316353,82,,
15.316945,82,,
15.317541,82,,
15.318691,82,,
15.319598,82,,
15.320586,82,,
15.321665,82,1410,0
15.333412,82,,
15.334385,82,,
15.335443,82,,
15.336376,82,,
15.337338,82,,
15.342914,82,,
15.343831,82,,
15.344746,82,1410,0
15.346924,82,,
15.347530,82,,
15.348165,82,,
15.348825,82,,
15.349824,82,,
15.350715,82,,
15.351343,82,,
15.352001,82,1410,0
15.363436,82,,
15.364054,82,,
15.364696,82,,
15.365290,82,,
15.365941,82,,
15.366938,82,,
15.367883,82,,
15.373668,82,1410,0
15.375885,82,,
15.376516,82,,
15.377126,82,,
15.377782,82,,
15.378443,82,,
15.379370,82,,
15.380352,82,,
15.381023,82,1410,0
15.382895,82,,
15.383522,82,,
15.384117,82,,
15.393866,82,,
15.394492,82,,
15.395424,82,,
15.395976,82,,
15.396582,82,1410,0
15.398452,82,,
15.399065,82,,
15.405138,82,,
15.405765,82,,
15.406422,82,,
15.406986,82,,
15.407680,82,,
15.408253,82,1410,0
15.411082,82,,
15.412053,82,,
15.413032,82,,
15.414164,82,,
15.415115,82,,
15.424539,82,,
15.425370,82,,
15.425982,82,1410,0
15.428236,82,,
15.428930,82,,
15.429898,82,,
15.435743,82,,
15.436653,82,,
15.437643,82,,
15.438622,82,,
15.439587,82,1410,0
15.441442,82,,
15.442402,82,,
15.443371,82,,
15.444335,82,,
15.445069,82,,
15.445965,82,,
15.455810,82,,
15.456691,82,1410,0
15.458603,82,,
15.459220,82,,
15.459887,82,,
15.460532,82,,
15.461141,82,,
15.466963,82,,
15.468017,82,,
15.469069,82,1410,0
15.471967,82,,
15.472942,82,,
15.474026,82,,
15.474967,82,,
15.475882,82,,
15.476541,82,,
15.477141,82,,
15.486923,82,1410,0
15.489425,82,,
15.490053,82,,
15.490711,82,,
15.491338,82,,
15.491977,82,,
15.498239,82,,
15.499257,82,,
15.500201,82,1410,0
15.502775,82,,
15.503436,82,,
15.504383,82,,
15.505366,82,,
15.506314,82,,
15.507288,82,,
15.508250,82,,
15.517675,82,1410,0
15.520612,82,,
15.521594,82,,
15.522637,82,,
15.528764,82,,
15.529747,82,,
15.530750,82,,
15.531750,82,,
15.532954,82,1410,0
15.536619,82,,
15.537191,82,,
15.538019,82,,
15.539047,82,,
15.548648,82,,
15.549667,82,,
15.550650,82,,
15.551633,82,1410,0
15.559728,82,,
15.560616,82,,
15.561596,82,,
15.562596,82,,
15.563551,82,,
15.564527,82,,
15.565161,82,,
15.566187,82,1410,0
15.568395,82,,
15.569428,82,,
15.570441,82,,
15.579820,82,,
15.580760,82,,
15.581373,82,,
15.582326,82,,
15.583110,82,1410,0
15.590842,82,,
15.591447,82,,
15.592004,82,,
15.592666,82,,
15.593247,82,,
15.593898,82,,
15.594497,82,,
15.595127,82,1410,0
15.596944,82,,
15.597531,82,,
15.598208,82,,
15.598812,82,,
15.599427,82,,
15.600045,82,,
15.600634,82,,
15.610515,82,1410,0
15.612637,82,,
15.613243,82,,
15.613906,82,,
15.614533,82,,
15.615143,82,,
15.615752,82,,
15.621708,82,,
15.622298,82,1410,0
15.624096,82,,
15.624790,82,,
15.625410,82,,
15.626057,82,,
15.626656,82,,
15.627198,82,,
15.627875,82,,
15.628503,82,1410,0
15.630265,82,,
15.630946,82,,
15.631486,82,,
15.632099,82,,
15.641685,82,,
15.642639,82,,
15.643250,82,,
15.643860,82,1410,0
15.645703,82,,
15.646264,82,,
15.646933,82,,
15.652601,82,,
15.653259,82,,
15.653846,82,,
15.654465,82,,
15.655053,82,1410,0
15.656926,82,,
15.657563,82,,
15.658161,82,,
15.658823,82,,
15.659442,82,,
15.660033,82,,
15.660664,82,,
15.661268,82,1410,0
15.663104,82,,
15.672815,82,,
15.673674,82,,
15.674631,82,,
15.675280,82,,
15.675873,82,,
15.676875,82,,
15.677789,82,1410,0
15.685135,82,,
15.685780,82,,
15.686420,82,,
15.687014,82,,
15.687654,82,,
15.688269,82,,
15.688894,82,,
15.689446,82,1410,0
15.691354,82,,
15.691941,82,,
15.692562,82,,
15.693179,82,,
15.693843,82,,
15.703633,82,,
15.704544,82,,
15.705151,82,1410,0
15.707418,82,,
15.708413,82,,
15.709013,82,,
15.714809,82,,
15.715475,82,,
15.716440,82,,
15.717398,82,,
15.718614,82,1410,0
15.721610,82,,
15.722538,82,,
15.723514,82,,
15.724509,82,,
15.734607,82,,
15.735597,82,,
15.736603,82,,
15.737595,82,1410,0
15.740515,82,,
15.746077,82,,
15.747077,82,,
15.748063,82,,
15.749036,82,,
15.749997,82,,
15.750959,82,,
15.752102,82,1410,0
15.754310,82,,
15.755222,82,,
15.756234,82,,
15.765584,82,,
15.766182,82,,
15.766817,82,,
15.767485,82,,
15.768060,82,1410,0
15.769982,82,,
15.770630,82,,
15.776964,82,,
15.777936,82,,
15.778907,82,,
15.779893,82,,
15.780846,82,,
15.781499,82,1410,0
15.783342,82,,
15.783967,82,,
15.784620,82,,
15.785788,82,,
15.786791,82,,
15.796638,82,,
15.797703,82,,
15.798726,82,1410,0
15.801646,82,,
15.808004,82,,
15.809015,82,,
15.810001,82,,
15.811118,82,,
15.812158,82,,
15.813203,82,,
15.814287,82,1410,0
15.817598,82,,
15.827635,82,,
15.828774,82,,
15.829814,82,,
15.830826,82,,
15.831853,82,,
15.833135,82,,
15.838911,82,1410,0
15.841427,82,,
15.842019,82,,
15.842999,82,,
15.843628,82,,
15.844583,82,,
15.845713,82,,
15.846843,82,,
15.848028,82,1410,0
15.859698,82,,
15.860635,82,,
15.861600,82,,
15.862581,82,,
15.863559,82,,
15.870151,82,,
15.871193,82,,
15.872226,82,1410,0
15.875120,82,,
15.876101,82,,
15.876771,82,,
15.877732,82,,
15.878380,82,,
15.879328,82,,
15.880320,82,,
15.889854,82,1410,0
15.892411,82,,
15.893032,82,,
15.893665,82,,
15.894297,82,,
15.895096,82,,
15.901006,82,,
15.902183,82,,
15.903347,82,1410,0
15.906847,82,,
15.907949,82,,
15.909013,82,,
15.910035,82,,
15.911029,82,,
15.920806,82,,
15.921995,82,,
15.923009,82,1410,0
15.925125,82,,
15.925802,82,,
15.931635,82,,
15.932337,82,,
15.933150,82,,
15.933810,82,,
15.934436,82,,
15.935031,82,1410,0
15.936971,82,,
15.937617,82,,
15.938250,82,,
15.938884,82,,
15.939524,82,,
15.940123,82,,
15.940803,82,,
15.941442,82,1410,0
15.952728,82,,
15.953673,82,,
15.954688,82,,
15.955708,82,,
15.956738,82,,
15.963030,82,,
15.963982,82,,
15.964939,82,1410,0
15.967557,82,,
15.968538,82,,
15.969547,82,,
15.970494,82,,
15.971465,82,,
15.972065,82,,
15.973021,82,,
15.982663,82,1410,0
15.984843,82,,
15.985490,82,,
15.986427,82,,
15.987396,82,,
15.987954,82,,
15.993713,82,,
15.994310,82,,
15.994918,82,1410,0
15.996760,82,,
15.997400,82,,
15.997998,82,,
15.998663,82,,
15.999617,82,,
16.000254,82,,
16.000852,82,,
16.001489,82,1410,0
16.003327,82,,
16.003944,82,,
16.013656,82,,
16.014606,82,,
16.015575,82,,
16.016211,82,,
16.016874,82,,
16.017541,82,1410,0
16.025041,82,,
16.025965,82,,
16.026942,82,,
16.027921,82,,
16.028527,82,,
16.029486,82,,
16.030404,82,,
16.031016,82,1410,0
16.033197,82,,
16.033824,82,,
16.034447,82,,
16.035056,82,,
16.044742,82,,
16.045654,82,,
16.046297,82,,
16.046930,82,1410,0
16.049913,82,,
16.056046,82,,
16.057017,82,,
16.057994,82,,
16.058975,82,,
16.059967,82,,
16.060941,82,,
16.061922,82,1410,0
16.064823,82,,
16.065801,82,,
16.075695,82,,
16.076684,82,,
16.077650,82,,
16.078633,82,,
16.079625,82,,
16.080600,82,1410,0
16.088376,82,,
16.089300,82,,
16.090270,82,,
16.091259,82,,
16.092246,82,,
16.092930,82,,
16.093899,82,,
16.094851,82,1410,0
16.106673,82,,
16.107666,82,,
16.108640,82,,
16.109615,82,,
16.110594,82,,
16.111606,82,,
16.117797,82,,
16.119025,82,1410,0
16.122306,82,,
16.123730,82,,
16.125111,82,,
16.126335,82,,
16.127536,82,,
16.137928,82,,
16.139051,82,,
16.140095,82,1410,0
16.142598,82,,
16.148948,82,,
16.149911,82,,
16.150874,82,,
16.151487,82,,
16.152100,82,,
16.152740,82,,
16.153390,82,1410,0
16.156286,82,,
16.156980,82,,
16.157603,82,,
16.158183,82,,
16.158824,82,,
16.168575,82,,
16.169555,82,,
16.170516,82,1410,0
16.173142,82,,
16.174119,82,,
16.179631,82,,
16.180617,82,,
16.181578,82,,
16.182536,82,,
16.183495,82,,
16.184127,82,1410,0
16.186412,82,,
16.187375,82,,
16.188004,82,,
16.188649,82,,
16.189629,82,,
16.199514,82,,
16.200455,82,,
16.201073,82,1410,0
16.203659,82,,
16.204275,82,,
16.204937,82,,
16.210692,82,,
16.211321,82,,
16.211971,82,,
16.212949,82,,
16.213547,82,1410,0
16.217171,82,,
16.218284,82,,
16.219381,82,,
16.220536,82,,
16.230787,82,,
16.232021,82,,
16.233094,82,,
16.234242,82,1410,0
16.242548,82,,
16.243764,82,,
16.244955,82,,
16.245998,82,,
16.246948,82,,
16.247920,82,,
16.249229,82,,
16.250505,82,1410,0
16.262612,82,,
16.263648,82,,
16.264712,82,,
16.265819,82,,
16.266939,82,,
16.272814,82,,
16.273928,82,,
16.274981,82,1410,0
16.278161,82,,
16.279114,82,,
16.280091,82,,
16.281049,82,,
16.281944,82,,
16.283115,82,,
16.292674,82,,
16.293632,82,1410,0
16.296386,82,,
16.297386,82,,
16.298353,82,,
16.304009,82,,
16.305178,82,,
16.306085,82,,
16.306713,82,,
16.307324,82,1410,0
16.309180,82,,
16.309816,82,,
16.310460,82,,
16.311075,82,,
16.311735,82,,
16.312703,82,,
16.313671,82,,
16.323568,82,1410,0
16.325739,82,,
16.326719,82,,
16.327727,82,,
16.328732,82,,
16.334887,82,,
16.335830,82,,
16.336793,82,,
16.337463,82,1410,0
16.339654,82,,
16.340291,82,,
16.341283,82,,
16.342263,82,,
16.343039,82,,
16.343876,82,,
16.344525,82,,
16.345152,82,1410,0
16.356031,82,,
16.357187,82,,
16.358153,82,,
16.359162,82,,
16.360193,82,,
16.365946,82,,
16.367211,82,,
16.368450,82,1410,0
16.371259,82,,
16.372393,82,,
16.373335,82,,
16.374307,82,,
16.375290,82,,
16.376060,82,,
16.385722,82,,
16.386740,82,1410,0
16.389692,82,,
16.390664,82,,
16.396728,82,,
16.397697,82,,
16.398680,82,,
16.399624,82,,
16.400609,82,,
16.401577,82,1410,0
16.404553,82,,
16.405498,82,,
16.406125,82,,
16.407129,82,,
16.416813,82,,
16.418287,82,,
16.419527,82,,
16.420774,82,1410,0
16.429480,82,,
16.430700,82,,
16.431947,82,,
16.433196,82,,
16.434346,82,,
16.435468,82,,
16.436492,82,,
16.437456,82,1410,0
16.449152,82,,
16.450252,82,,
16.451257,82,,
16.452283,82,,
16.453301,82,,
16.458853,82,,
16.459894,82,,
16.460907,82,1410,0
16.464011,82,,
16.465100,82,,
16.466197,82,,
16.467284,82,,
16.468319,82,,
16.469336,82,,
16.478793,82,,
16.480009,82,1410,0
16.483557,82,,
16.490081,82,,
16.491148,82,,
16.492110,82,,
16.493089,82,,
16.494038,82,,
16.494707,82,,
16.495657,82,1410,0
16.498716,82,,
16.499913,82,,
16.509949,82,,
16.511142,82,,
16.512346,82,,
16.513598,82,,
16.514617,82,,
16.521045,82,1410,0
16.524018,82,,
16.524964,82,,
16.525921,82,,
16.526909,82,,
16.527916,82,,
16.528854,82,,
16.529800,82,,
16.530834,82,1410,0
16.541997,82,,
16.542574,82,,
16.543150,82,,
16.543798,82,,
16.544393,82,,
16.544984,82,,
16.545630,82,,
16.551612,82,1410,0
16.553486,82,,
16.554072,82,,
16.554673,82,,
16.555279,82,,
16.555896,82,,
16.556505,82,,
16.557117,82,,
16.557730,82,1410,0
16.559585,82,,
16.560187,82,,
16.560841,82,,
16.561452,82,,
16.562043,82,,
16.571767,82,,
16.572631,82,,
16.573242,82,1410,0
16.575133,82,,
16.575735,82,,
16.576321,82,,
16.576963,82,,
16.582663,82,,
16.583262,82,,
16.583874,82,,
16.584451,82,1410,0
16.586360,82,,
16.586951,82,,
16.587546,82,,
16.588154,82,,
16.588782,82,,
16.589418,82,,
16.589983,82,,
16.590629,82,1410,0
16.592489,82,,
16.593068,82,,
16.602669,82,,
16.603246,82,,
16.604159,82,,
16.604796,82,,
16.605386,82,,
16.606016,82,1410,0
16.607852,82,,
16.613842,82,,
16.614391,82,,
16.615026,82,,
16.615674,82,,
16.616308,82,,
16.616852,82,,
16.617832,82,1410,0
16.619694,82,,
16.620305,82,,
16.620899,82,,
16.621505,82,,
16.622126,82,,
16.622774,82,,
16.623732,82,,
16.633395,82,1410,0
16.635549,82,,
16.636144,82,,
16.636774,82,,
16.637384,82,,
16.638012,82,,
16.638656,82,,
16.644615,82,,
16.645191,82,1410,0
16.647035,82,,
16.647659,82,,
16.648281,82,,
16.648890,82,,
16.649499,82,,
16.650089,82,,
16.650721,82,,
16.651357,82,1410,0
16.653170,82,,
16.653786,82,,
16.654420,82,,
16.655006,82,,
16.664648,82,,
16.665235,82,,
16.665854,82,,
16.666510,82,1410,0
16.668288,82,,
16.668956,82,,
16.669547,82,,
16.675500,82,,
16.676122,82,,
16.676732,82,,
16.677361,82,,
16.677934,82,1410,0
16.679810,82,,
16.680409,82,,
16.681017,82,,
16.681670,82,,
16.682271,82,,
16.682894,82,,
16.683988,82,,
16.684802,82,1410,0
16.695899,82,,
16.696852,82,,
16.697776,82,,
16.698774,82,,
16.699740,82,,
16.700389,82,,
16.701277,82,,
16.707209,82,1410,0
16.710033,82,,
16.710956,82,,
16.711894,82,,
16.712899,82,,
16.713851,82,,
16.714757,82,,
16.715690,82,,
16.716160,82,1410,0
16.726992,82,,
16.727681,82,,
16.728468,82,,
16.729417,82,,
16.730035,82,,
16.730657,82,,
16.731661,82,,
16.737854,82,1410,0
16.741001,82,,
16.741980,82,,
16.743077,82,,
16.744175,82,,
16.745161,82,,
16.746140,82,,
16.747099,82,,
16.748065,82,1410,0
16.759201,82,,
16.759818,82,,
16.760817,82,,
16.761795,82,,
16.762965,82,,
16.768857,82,,
16.770075,82,,
16.771234,82,1410,0
16.774063,82,,
16.774961,82,,
16.775894,82,,
16.776498,82,,
16.777453,82,,
16.778400,82,,
16.779020,82,,
16.788712,82,1410,0
16.790921,82,,
16.791895,82,,
16.792529,82,,
16.793103,82,,
16.793960,82,,
16.800092,82,,
16.800988,82,,
16.801965,82,1410,0
16.804785,82,,
16.805735,82,,
16.806696,82,,
16.807691,82,,
16.808669,82,,
16.809705,82,,
16.819730,82,,
16.820741,82,1410,0
16.823674,82,,
16.824654,82,,
16.830708,82,,
16.831652,82,,
16.832639,82,,
16.833282,82,,
16.834335,82,,
16.835325,82,1410,0
16.838190,82,,
16.838824,82,,
16.839920,82,,
16.840829,82,,
16.850607,82,,
16.851664,82,,
16.852627,82,,
16.853244,82,1410,0
16.855768,82,,
16.861759,82,,
16.862709,82,,
16.863691,82,,
16.864323,82,,
16.865280,82,,
16.866229,82,,
16.866849,82,1410,0
16.869107,82,,
16.870042,82,,
16.871055,82,,
16.872028,82,,
16.881741,82,,
16.882719,82,,
16.883671,82,,
16.884309,82,1410,0
16.887271,82,,
16.893030,82,,
16.893993,82,,
16.894619,82,,
16.895240,82,,
16.895867,82,,
16.896833,82,,
16.897787,82,1410,0
16.900754,82,,
16.901716,82,,
16.902715,82,,
16.912609,82,,
16.913568,82,,
16.914568,82,,
16.915517,82,,
16.916504,82,1410,0
16.923984,82,,
16.924975,82,,
16.925994,82,,
16.927219,82,,
16.928301,82,,
16.929235,82,,
16.930187,82,,
16.931160,82,1410,0
16.933917,82,,
16.943606,82,,
16.944633,82,,
16.945625,82,,
16.946631,82,,
16.947635,82,,
16.948644,82,,
16.954690,82,1410,0
16.957644,82,,
16.958614,82,,
16.959605,82,,
16.960593,82,,
16.961580,82,,
16.962609,82,,
16.963629,82,,
16.964581,82,1410,0
16.977195,82,,
16.978313,82,,
16.979561,82,,
16.986040,82,,
16.987159,82,,
16.988292,82,,
16.989368,82,,
16.990459,82,1410,0
16.993605,82,,
16.994593,82,,
16.995633,82,,
17.005723,82,,
17.006738,82,,
17.007694,82,,
17.008651,82,,
17.009270,82,1410,0
17.017099,82,,
17.018255,82,,
17.019437,82,,
17.020653,82,,
17.021888,82,,
17.023149,82,,
17.024139,82,,
17.025077,82,1410,0
17.036642,82,,
17.037642,82,,
17.038629,82,,
17.039597,82,,
17.040575,82,,
17.041550,82,,
17.042539,82,,
17.048086,82,1410,0
17.051060,82,,
17.052071,82,,
17.053046,82,,
17.054057,82,,
17.055049,82,,
17.056032,82,,
17.057042,82,,
17.058037,82,1410,0
17.069223,82,,
17.070159,82,,
17.071234,82,,
17.072237,82,,
17.073234,82,,
17.079216,82,,
17.080313,82,,
17.081431,82,1410,0
17.084646,82,,
17.085717,82,,
17.086854,82,,
17.088133,82,,
17.089140,82,,
17.098744,82,,
17.099840,82,,
17.100949,82,1410,0
17.104168,82,,
17.109804,82,,
17.110836,82,,
17.111915,82,,
17.112760,82,,
17.113569,82,,
17.114481,82,,
17.115418,82,1410,0
17.117597,82,,
17.118594,82,,
17.119568,82,,
17.129599,82,,
17.130503,82,,
17.131112,82,,
17.131721,82,,
17.132692,82,1410,0
17.134574,82,,
17.140730,82,,
17.141678,82,,
17.142623,82,,
17.143198,82,,
17.143819,82,,
17.144458,82,,
17.145431,82,1410,0
17.147596,82,,
17.148593,82,,
17.149591,82,,
17.150536,82,,
17.151187,82,,
17.160800,82,,
17.161330,82,,
17.162283,82,1410,0
17.164235,82,,
17.164851,82,,
17.165641,82,,
17.172100,82,,
17.173101,82,,
17.174036,82,,
17.174661,82,,
17.175278,82,1410,0
17.177430,82,,
17.178043,82,,
17.178989,82,,
17.179613,82,,
17.180248,82,,
17.180867,82,,
17.181471,82,,
17.182110,82,1410,0
17.194045,82,,
17.195057,82,,
17.196058,82,,
17.197071,82,,
17.202832,82,,
17.203847,82,,
17.204914,82,,
17.206118,82,1410,0
17.209074,82,,
17.210106,82,,
17.211081,82,,
17.212233,82,,
17.213396,82,,
17.222706,82,,
17.223708,82,,
17.224678,82,1410,0
17.227483,82,,
17.228108,82,,
17.234143,82,,
17.235238,82,,
17.236239,82,,
17.237230,82,,
17.238236,82,,
17.239252,82,1410,0
17.242238,82,,
17.243178,82,,
17.244216,82,,
17.253618,82,,
17.254562,82,,
17.255166,82,,
17.255780,82,,
17.256406,82,1410,0
17.258564,82,,
17.264921,82,,
17.265815,82,,
17.266781,82,,
17.267398,82,,
17.268365,82,,
17.269279,82,,
17.269960,82,1410,0
17.272106,82,,
17.272816,82,,
17.273708,82,,
17.274340,82,,
17.274947,82,,
17.284645,82,,
17.285584,82,,
17.286604,82,1410,0
17.289459,82,,
17.290441,82,,
17.296079,82,,
17.297090,82,,
17.298387,82,,
17.299443,82,,
17.300383,82,,
17.301328,82,1410,0
17.303591,82,,
17.304209,82,,
17.305172,82,,
17.306164,82,,
17.315544,82,,
17.316503,82,,
17.317075,82,,
17.317722,82,1410,0
17.319650,82,,
17.320243,82,,
17.320914,82,,
17.326717,82,,
17.327689,82,,
17.328680,82,,
17.329666,82,,
17.330613,82,1410,0
17.332873,82,,
17.333898,82,,
17.334887,82,,
17.335852,82,,
17.336817,82,,
17.346709,82,,
17.347665,82,,
17.348628,82,1410,0
17.350842,82,,
17.351441,82,,
17.352050,82,,
17.358327,82,,
17.359310,82,,
17.360293,82,,
17.361274,82,,
17.362251,82,1410,0
17.364915,82,,
17.366093,82,,
17.367322,82,,
17.368250,82,,
17.377715,82,,
17.378652,82,,
17.379282,82,,
17.379902,82,1410,0
17.382174,82,,
17.382795,82,,
17.388607,82,,
17.389537,82,,
17.390136,82,,
17.390809,82,,
17.391454,82,,
17.392409,82,1410,0
17.394651,82,,
17.395640,82,,
17.396624,82,,
17.397242,82,,
17.397881,82,,
17.398539,82,,
17.399137,82,,
17.408836,82,1410,0
17.411004,82,,
17.411649,82,,
17.412253,82,,
17.412936,82,,
17.413892,82,,
17.419774,82,,
17.420704,82,,
17.421662,82,1410,0
17.423986,82,,
17.424971,82,,
17.425952,82,,
17.426580,82,,
17.427167,82,,
17.427849,82,,
17.428454,82,,
17.429051,82,1410,0
17.440123,82,,
17.440776,82,,
17.441411,82,,
17.442003,82,,
17.442681,82,,
17.443295,82,,
17.443951,82,,
17.444596,82,1410,0
17.452446,82,,
17.453072,82,,
17.453729,82,,
17.454353,82,,
17.454995,82,,
17.455590,82,,
17.456574,82,,
17.457532,82,1410,0
17.459420,82,,
17.460021,82,,
17.460675,82,,
17.470493,82,,
17.471443,82,,
17.472090,82,,
17.472749,82,,
17.473702,82,1410,0
17.475941,82,,
17.481929,82,,
17.483317,82,,
17.484485,82,,
17.485624,82,,
17.486786,82,,
17.487987,82,,
17.489207,82,1410,0
17.492275,82,,
17.501996,82,,
17.503050,82,,
17.503982,82,,
17.504901,82,,
17.505492,82,,
17.506338,82,,
17.507351,82,1410,0
17.515584,82,,
17.516780,82,,
17.517893,82,,
17.519010,82,,
17.520004,82,,
17.521115,82,,
17.522304,82,,
17.523407,82,1410,0
17.535220,82,,
17.536178,82,,
17.536841,82,,
17.537813,82,,
17.544171,82,,
17.545073,82,,
17.545733,82,,
17.546353,82,1410,0
17.548225,82,,
17.548834,82,,
17.549496,82,,
17.550447,82,,
17.551359,82,,
17.552548,82,,
17.553651,82,,
17.563762,82,1410,0
17.566734,82,,
17.567717,82,,
17.568681,82,,
17.574739,82,,
17.575691,82,,
17.576688,82,,
17.577666,82,,
17.578639,82,1410,0
17.581254,82,,
17.582247,82,,
17.583260,82,,
17.584213,82,,
17.585225,82,,
17.594771,82,,
17.595888,82,,
17.597195,82,1410,0
17.599779,82,,
17.605723,82,,
17.606711,82,,
17.607344,82,,
17.607948,82,,
17.608911,82,,
17.609895,82,,
17.610854,82,1410,0
17.613504,82,,
17.614550,82,,
17.615555,82,,
17.625632,82,,
17.626559,82,,
17.627532,82,,
17.628534,82,,
17.629536,82,1410,0
17.638066,82,,
17.638998,82,,
17.639655,82,,
17.640624,82,,
17.641237,82,,
17.641905,82,,
17.642509,82,,
17.643101,82,1410,0
17.644994,82,,
17.645668,82,,
17.646290,82,,
17.646918,82,,
17.656632,82,,
17.657553,82,,
17.658512,82,,
17.659135,82,1410,0
17.661045,82,,
17.661689,82,,
17.667681,82,,
17.668287,82,,
17.669132,82,,
17.670062,82,,
17.671105,82,,
17.672040,82,1410,0
17.675028,82,,
17.676134,82,,
17.677042,82,,
17.677706,82,,
17.687698,82,,
17.688745,82,,
17.689708,82,,
17.690706,82,1410,0
17.698797,82,,
17.699948,82,,
17.701050,82,,
17.702143,82,,
17.703167,82,,
17.704254,82,,
17.705321,82,,
17.706400,82,1410,0
17.709292,82,,
17.718774,82,,
17.719811,82,,
17.720831,82,,
17.721839,82,,
17.722836,82,,
17.723885,82,,
17.729968,82,1410,0
17.732132,82,,
17.732960,82,,
17.733942,82,,
17.734946,82,,
17.736083,82,,
17.737393,82,,
17.738537,82,,
17.739635,82,1410,0
17.752174,82,,
17.753386,82,,
17.754604,82,,
17.761070,82,,
17.762400,82,,
17.763599,82,,
17.764694,82,,
17.765786,82,1410,0
17.769030,82,,
17.770076,82,,
17.771166,82,,
17.780780,82,,
17.781957,82,,
17.783063,82,,
17.784083,82,,
17.785167,82,1410,0
17.792996,82,,
17.794170,82,,
17.795113,82,,
17.795739,82,,
17.796714,82,,
17.797930,82,,
17.798530,82,,
17.799147,82,1410,0
17.801026,82,,
17.801657,82,,
17.811660,82,,
17.812735,82,,
17.813923,82,,
17.814998,82,,
17.816142,82,,
17.817157,82,1410,0
17.825090,82,,
17.826049,82,,
17.827051,82,,
17.828086,82,,
17.829122,82,,
17.830058,82,,
17.831032,82,,
17.832133,82,1410,0
17.843839,82,,
17.844744,82,,
17.845352,82,,
17.845953,82,,
17.846710,82,,
17.847620,82,,
17.853643,82,,
17.854542,82,1410,0
17.857449,82,,
17.858429,82,,
17.859416,82,,
17.860388,82,,
17.861382,82,,
17.862315,82,,
17.863269,82,,
17.864224,82,1410,0
17.875635,82,,
17.876608,82,,
17.877220,82,,
17.877815,82,,
17.878813,82,,
17.884626,82,,
17.885306,82,,
17.885934,82,1410,0
17.888966,82,,
17.889934,82,,
17.890511,82,,
17.891429,82,,
17.892024,82,,
17.892651,82,,
17.893252,82,,
17.893900,82,1410,0
17.904740,82,,
17.905328,82,,
17.906226,82,,
17.906818,82,,
17.907468,82,,
17.908062,82,,
17.908684,82,,
17.909318,82,1410,0
17.916985,82,,
17.917629,82,,
17.918609,82,,
17.919549,82,,
17.920142,82,,
17.920763,82,,
17.921773,82,,
17.922672,82,1410,0
17.924925,82,,
17.925531,82,,
17.926136,82,,
17.936019,82,,
17.937118,82,,
17.938227,82,,
17.939306,82,,
17.940300,82,1410,0
17.947282,82,,
17.947915,82,,
17.948553,82,,
17.949139,82,,
17.949808,82,,
17.950444,82,,
17.951108,82,,
17.952032,82,1410,0
17.953939,82,,
17.955051,82,,
17.955953,82,,
17.956553,82,,
17.966490,82,,
17.967482,82,,
17.968440,82,,
17.969046,82,1410,0
17.971632,82,,
17.977604,82,,
17.978563,82,,
17.979178,82,,
17.979831,82,,
17.980499,82,,
17.981482,82,,
17.982464,82,1410,0
17.984985,82,,
17.985624,82,,
17.986253,82,,
17.987210,82,,
17.987874,82,,
17.997493,82,,
17.998436,82,,
17.999019,82,1410,0
18.001296,82,,
18.002250,82,,
18.002910,82,,
18.009027,82,,
18.009929,82,,
18.010543,82,,
18.011176,82,,
18.011815,82,1410,0
18.013714,82,,
18.014351,82,,
18.015304,82,,
18.016260,82,,
18.017201,82,,
18.018292,82,,
18.019289,82,,
18.028788,82,1410,0
18.031703,82,,
18.032749,82,,
18.033646,82,,
18.039797,82,,
18.040736,82,,
18.041370,82,,
18.042322,82,,
18.042980,82,1410,0
18.045925,82,,
18.046911,82,,
18.047897,82,,
18.048840,82,,
18.049816,82,,
18.059457,82,,
18.060535,82,,
18.061568,82,1410,0
18.064479,82,,
18.065446,82,,
18.070974,82,,
18.071916,82,,
18.072907,82,,
18.073856,82,,
18.074817,82,,
18.075428,82,1410,0
18.077693,82,,
18.078674,82,,
18.079669,82,,
18.080663,82,,
18.090509,82,,
18.091590,82,,
18.092497,82,,
18.093543,82,1410,0
18.096474,82,,
18.102205,82,,
18.103263,82,,
18.104202,82,,
18.105194,82,,
18.106168,82,,
18.107189,82,,
18.108179,82,1410,0
18.111221,82,,
18.112198,82,,
18.121599,82,,
18.122663,82,,
18.123639,82,,
18.124624,82,,
18.125494,82,,
18.126426,82,1410,0
18.133458,82,,
18.134382,82,,
18.135021,82,,
18.135676,82,,
18.136657,82,,
18.137260,82,,
18.137907,82,,
18.138875,82,1410,0
18.141816,82,,
18.142410,82,,
18.143017,82,,
18.152794,82,,
18.153726,82,,
18.154346,82,,
18.155000,82,,
18.155771,82,1410,0
18.163812,82,,
18.164819,82,,
18.165823,82,,
18.166763,82,,
18.167397,82,,
18.168065,82,,
18.169003,82,,
18.169993,82,1410,0
18.172910,82,,
18.173856,82,,
18.183640,82,,
18.184598,82,,
18.185581,82,,
18.186582,82,,
18.187566,82,,
18.188526,82,1410,0
18.196851,82,,
18.197825,82,,
18.198795,82,,
18.199767,82,,
18.200395,82,,
18.201046,82,,
18.201701,82,,
18.202645,82,1410,0
18.214649,82,,
18.215750,82,,
18.216881,82,,
18.218085,82,,
18.219221,82,,
18.220321,82,,
18.225819,82,,
18.226781,82,1410,0
18.229008,82,,
18.229986,82,,
18.230978,82,,
18.231937,82,,
18.232924,82,,
18.234076,82,,
18.235189,82,,
18.236300,82,1410,0
18.248161,82,,
18.249226,82,,
18.250263,82,,
18.251326,82,,
18.256944,82,,
18.257901,82,,
18.258801,82,,
18.259454,82,1410,0
18.261295,82,,
18.261964,82,,
18.262596,82,,
18.263180,82,,
18.263881,82,,
18.264485,82,,
18.265105,82,,
18.265764,82,1410,0
18.277380,82,,
18.277963,82,,
18.278634,82,,
18.279268,82,,
18.279913,82,,
18.280545,82,,
18.281517,82,,
18.287906,82,1410,0
18.289714,82,,
18.290393,82,,
18.291332,82,,
18.291999,82,,
18.292622,82,,
18.293259,82,,
18.293914,82,,
18.294526,82,1410,0
18.297787,82,,
18.307745,82,,
18.308765,82,,
18.309800,82,,
18.310881,82,,
18.311963,82,,
18.313079,82,,
18.318841,82,1410,0
18.322069,82,,
18.323074,82,,
18.324048,82,,
18.325041,82,,
18.326023,82,,
18.326944,82,,
18.327925,82,,
18.328526,82,1410,0
18.339974,82,,
18.340942,82,,
18.341933,82,,
18.342909,82,,
18.343901,82,,
18.349635,82,,
18.350230,82,,
18.351215,82,1410,0
18.353814,82,,
18.354777,82,,
18.355419,82,,
18.356024,82,,
18.357007,82,,
18.358315,82,,
18.359571,82,,
18.369633,82,1410,0
18.371827,82,,
18.372454,82,,
18.373032,82,,
18.373708,82,,
18.374324,82,,
18.375285,82,,
18.381041,82,,
18.381676,82,1410,0
18.384907,82,,
18.385998,82,,
18.387103,82,,
18.388147,82,,
18.389167,82,,
18.390139,82,,
18.391120,82,,
18.400693,82,1410,0
18.403894,82,,
18.404914,82,,
18.405924,82,,
18.411818,82,,
18.412987,82,,
18.414103,82,,
18.415186,82,,
18.416200,82,1410,0
18.419353,82,,
18.420369,82,,
18.421388,82,,
18.422429,82,,
18.432047,82,,
18.433066,82,,
18.433990,82,,
18.434972,82,1410,0
18.442809,82,,
18.444075,82,,
18.445042,82,,
18.445647,82,,
18.446607,82,,
18.447598,82,,
18.448723,82,,
18.449695,82,1410,0
18.452623,82,,
18.462522,82,,
18.463429,82,,
18.464375,82,,
18.465004,82,,
18.465585,82,,
18.466260,82,,
18.467195,82,1410,0
18.475018,82,,
18.475863,82,,
18.476852,82,,
18.477602,82,,
18.478591,82,,
18.479547,82,,
18.480482,82,,
18.481451,82,1410,0
18.484020,82,,
18.493626,82,,
18.494526,82,,
18.495498,82,,
18.496047,82,,
18.496689,82,,
18.497296,82,,
18.497919,82,1410,0
18.505163,82,,
18.505784,82,,
18.506390,82,,
18.506986,82,,
18.507609,82,,
18.508589,82,,
18.509182,82,,
18.509813,82,1410,0
18.511649,82,,
18.512246,82,,
18.512851,82,,
18.513487,82,,
18.514108,82,,
18.514725,82,,
18.524501,82,,
18.525415,82,1410,0
18.527328,82,,
18.527935,82,,
18.528865,82,,
18.529504,82,,
18.530094,82,,
18.536031,82,,
18.536960,82,,
18.537905,82,1410,0
18.539785,82,,
18.540442,82,,
18.541034,82,,
18.541683,82,,
18.542300,82,,
18.542945,82,,
18.543554,82,,
18.544188,82,1410,0
18.555511,82,,
18.556428,82,,
18.557395,82,,
18.558344,82,,
18.559066,82,,
18.559970,82,,
18.560539,82,,
18.566979,82,1410,0
18.569143,82,,
18.569782,82,,
18.570701,82,,
18.571311,82,,
18.571929,82,,
18.572553,82,,
18.573174,82,,
18.573788,82,1410,0
18.575611,82,,
18.576233,82,,
18.576907,82,,
18.586589,82,,
18.587575,82,,
18.588500,82,,
18.589471,82,,
18.590456,82,1410,0
18.597655,82,,
18.598262,82,,
18.598883,82,,
18.599515,82,,
18.600095,82,,
18.600741,82,,
18.601333,82,,
18.602026,82,1410,0
18.604216,82,,
18.605196,82,,
18.606202,82,,
18.607181,82,,
18.608187,82,,
18.617586,82,,
18.618553,82,,
18.619532,82,1410,0
18.622473,82,,
18.623421,82,,
18.629022,82,,
18.630008,82,,
18.630996,82,,
18.631962,82,,
18.632923,82,,
18.633548,82,1410,0
18.635436,82,,
18.636073,82,,
18.637031,82,,
18.638015,82,,
18.638956,82,,
18.648542,82,,
18.649534,82,,
18.650529,82,1410,0
18.653483,82,,
18.659883,82,,
18.660851,82,,
18.661831,82,,
18.662824,82,,
18.663796,82,,
18.664803,82,,
18.665776,82,1410,0
18.668726,82,,
18.669723,82,,
18.679631,82,,
18.680642,82,,
18.681640,82,,
18.682726,82,,
18.683804,82,,
18.684917,82,1410,0
18.692180,82,,
18.692800,82,,
18.693458,82,,
18.694060,82,,
18.694687,82,,
18.695318,82,,
18.695989,82,,
18.697294,82,1410,0
18.700677,82,,
18.710666,82,,
18.711667,82,,
18.712665,82,,
18.713698,82,,
18.714755,82,,
18.715821,82,,
18.721797,82,1410,0
18.725223,82,,
18.726177,82,,
18.727196,82,,
18.728214,82,,
18.729260,82,,
18.730480,82,,
18.731590,82,,
18.741668,82,1410,0
18.744540,82,,
18.745500,82,,
18.746486,82,,
18.747128,82,,
18.753396,82,,
18.754373,82,,
18.755331,82,,
18.756288,82,1410,0
18.759356,82,,
18.760258,82,,
18.760914,82,,
18.761513,82,,
18.762506,82,,
18.772501,82,,
18.773408,82,,
18.773991,82,1410,0
18.775929,82,,
18.776560,82,,
18.777156,82,,
18.777834,82,,
18.783711,82,,
18.784840,82,,
18.785998,82,,
18.787125,82,1410,0
18.790082,82,,
18.791142,82,,
18.792152,82,,
18.793086,82,,
18.794160,82,,
18.803761,82,,
18.804855,82,,
18.806084,82,1410,0
18.809124,82,,
18.814664,82,,
18.815680,82,,
18.816635,82,,
18.817273,82,,
18.818275,82,,
18.819211,82,,
18.820183,82,1410,0
18.822007,82,,
18.822998,82,,
18.824210,82,,
18.825085,82,,
18.834667,82,,
18.835577,82,,
18.836164,82,,
18.836821,82,1410,0
18.838675,82,,
18.839321,82,,
18.839970,82,,
18.845992,82,,
18.846966,82,,
18.847946,82,,
18.848919,82,,
18.849562,82,1410,0
18.852257,82,,
18.853282,82,,
18.854382,82,,
18.855387,82,,
18.856321,82,,
18.865800,82,,
18.866826,82,,
18.867926,82,1410,0
18.870997,82,,
18.876749,82,,
18.877735,82,,
18.878881,82,,
18.880441,82,,
18.881690,82,,
18.882911,82,,
18.884088,82,1410,0
18.887443,82,,
18.896924,82,,
18.897895,82,,
18.898840,82,,
18.899483,82,,
18.900069,82,,
18.901062,82,,
18.902100,82,1410,0
18.909793,82,,
18.910843,82,,
18.911968,82,,
18.913086,82,,
18.914177,82,,
18.915283,82,,
18.916365,82,,
18.917286,82,1410,0
18.928711,82,,
18.929706,82,,
18.930692,82,,
18.931687,82,,
18.932673,82,,
18.939071,82,,
18.940337,82,,
18.941572,82,1410,0
18.945322,82,,
18.946333,82,,
18.947309,82,,
18.948285,82,,
18.949282,82,,
18.958677,82,,
18.959639,82,,
18.960296,82,1410,0
18.963116,82,,
18.964029,82,,
18.969652,82,,
18.970619,82,,
18.971232,82,,
18.971814,82,,
18.972463,82,,
18.973445,82,1410,0
18.975704,82,,
18.976306,82,,
18.976961,82,,
18.977610,82,,
18.978189,82,,
18.978849,82,,
18.979472,82,,
18.980081,82,1410,0
18.991092,82,,
18.991748,82,,
18.992379,82,,
18.992997,82,,
18.993658,82,,
18.994279,82,,
18.995239,82,,
19.001140,82,1410,0
19.004634,82,,
19.005784,82,,
19.007015,82,,
19.008171,82,,
19.009247,82,,
19.010335,82,,
19.011361,82,,
19.020948,82,1410,0
19.024333,82,,
19.025433,82,,
19.032090,82,,
19.033323,82,,
19.034543,82,,
19.035693,82,,
19.036936,82,,
19.038188,82,1410,0
19.041177,82,,
19.041819,82,,
19.051741,82,,
19.052970,82,,
19.053996,82,,
19.055230,82,,
19.056413,82,,
19.057594,82,1410,0
19.065637,82,,
19.066810,82,,
19.067954,82,,
19.069039,82,,
19.070145,82,,
19.071246,82,,
19.072284,82,,
19.073323,82,1410,0
19.084261,82,,
19.085117,82,,
19.086051,82,,
19.087080,82,,
19.088088,82,,
19.093649,82,,
19.094620,82,,
19.095601,82,1410,0
19.097828,82,,
19.098802,82,,
19.099790,82,,
19.100791,82,,
19.101755,82,,
19.102755,82,,
19.103708,82,,
19.113568,82,1410,0
19.116509,82,,
19.117514,82,,
19.118407,82,,
19.118975,82,,
19.125021,82,,
19.125630,82,,
19.126231,82,,
19.126876,82,1410,0
19.128688,82,,
19.129298,82,,
19.129923,82,,
19.130550,82,,
19.131187,82,,
19.131811,82,,
19.132409,82,,
19.133013,82,1410,0
19.134906,82,,
19.144415,82,,
19.145007,82,,
19.145702,82,,
19.146341,82,,
19.147241,82,,
19.148178,82,,
19.148822,82,1410,0
19.155921,82,,
19.156515,82,,
19.157113,82,,
19.157758,82,,
19.158398,82,,
19.158995,82,,
19.159651,82,,
19.160241,82,1410,0
19.162470,82,,
19.163159,82,,
19.164074,82,,
19.164697,82,,
19.165349,82,,
19.166234,82,,
19.175660,82,,
19.176518,82,1410,0
19.178412,82,,
19.179008,82,,
19.179661,82,,
19.180622,82,,
19.186635,82,,
19.187584,82,,
19.188207,82,,
19.188830,82,1410,0
19.190723,82,,
19.191360,82,,
19.192050,82,,
19.192625,82,,
19.193533,82,,
19.194177,82,,
19.194801,82,,
19.195435,82,1410,0
19.206417,82,,
19.207370,82,,
19.207984,82,,
19.208632,82,,
19.209254,82,,
19.209893,82,,
19.210844,82,,
19.211465,82,1410,0
19.218707,82,,
19.219339,82,,
19.220273,82,,
19.220920,82,,
19.221551,82,,
19.222162,82,,
19.222807,82,,
19.223438,82,1410,0
19.225320,82,,
19.225953,82,,
19.226585,82,,
19.227202,82,,
19.227853,82,,
19.237543,82,,
19.238432,82,,
19.239412,82,1410,0
19.241644,82,,
19.242256,82,,
19.242889,82,,
19.248733,82,,
19.249724,82,,
19.250897,82,,
19.252021,82,,
19.253182,82,1410,0
19.256211,82,,
19.257175,82,,
19.258143,82,,
19.258766,82,,
19.268603,82,,
19.269542,82,,
19.270494,82,,
19.271088,82,1410,0
19.273693,82,,
19.279794,82,,
19.281140,82,,
19.282393,82,,
19.283581,82,,
19.284711,82,,
19.285807,82,,
19.286923,82,1410,0
19.289713,82,,
19.299623,82,,
19.300657,82,,
19.301629,82,,
19.302598,82,,
19.303587,82,,
19.304587,82,,
19.311246,82,1410,0
19.315073,82,,
19.316267,82,,
19.317378,82,,
19.318491,82,,
19.319704,82,,
19.320919,82,,
19.330642,82,,
19.331612,82,1410,0
19.333841,82,,
19.334927,82,,
19.335830,82,,
19.341839,82,,
19.342919,82,,
19.343872,82,,
19.344903,82,,
19.345891,82,1410,0
19.348969,82,,
19.350063,82,,
19.350995,82,,
19.351923,82,,
19.361857,82,,
19.363094,82,,
19.364240,82,,
19.365301,82,1410,0
19.373028,82,,
19.374029,82,,
19.374931,82,,
19.375576,82,,
19.376167,82,,
19.376818,82,,
19.377508,82,,
19.378085,82,1410,0
19.379987,82,,
19.380657,82,,
19.381640,82,,
19.382603,82,,
19.392629,82,,
19.393583,82,,
19.394561,82,,
19.395139,82,1410,0
19.397374,82,,
19.398000,82,,
19.404131,82,,
19.405016,82,,
19.405680,82,,
19.406659,82,,
19.407301,82,,
19.408228,82,1410,0
19.410520,82,,
19.411116,82,,
19.411780,82,,
19.412396,82,,
19.413365,82,,
19.414434,82,,
19.423830,82,,
19.424807,82,1410,0
19.427766,82,,
19.428723,82,,
19.434697,82,,
19.435638,82,,
19.436674,82,,
19.437623,82,,
19.438268,82,,
19.439228,82,1410,0
19.441489,82,,
19.442589,82,,
19.443621,82,,
19.444653,82,,
19.454666,82,,
19.455665,82,,
19.456672,82,,
19.457695,82,1410,0
19.465815,82,,
19.466854,82,,
19.467986,82,,
19.469097,82,,
19.470235,82,,
19.471349,82,,
19.472361,82,,
19.473279,82,1410,0
19.475461,82,,
19.476064,82,,
19.485849,82,,
19.486771,82,,
19.487439,82,,
19.488363,82,,
19.489293,82,,
19.490292,82,1410,0
19.498325,82,,
19.499282,82,,
19.500230,82,,
19.501219,82,,
19.502199,82,,
19.503183,82,,
19.504189,82,,
19.505145,82,1410,0
19.516657,82,,
19.517656,82,,
19.518646,82,,
19.519635,82,,
19.520635,82,,
19.521593,82,,
19.527741,82,,
19.528724,82,1410,0
19.531698,82,,
19.532849,82,,
19.534230,82,,
19.535475,82,,
19.536571,82,,
19.537680,82,,
19.547633,82,,
19.548631,82,1410,0
19.550852,82,,
19.551833,82,,
19.552842,82,,
19.558754,82,,
19.559676,82,,
19.560644,82,,
19.561628,82,,
19.562610,82,1410,0
19.565212,82,,
19.566188,82,,
19.567512,82,,
19.568639,82,,
19.578766,82,,
19.579959,82,,
19.581006,82,,
19.581935,82,1410,0
19.584119,82,,
19.590265,82,,
19.591185,82,,
19.591848,82,,
19.592481,82,,
19.593503,82,,
19.594437,82,,
19.595014,82,1410,0
19.596904,82,,
19.597576,82,,
19.598202,82,,
19.599152,82,,
19.599838,82,,
19.609714,82,,
19.610638,82,,
19.611238,82,1410,0
19.613116,82,,
19.613787,82,,
19.614740,82,,
19.620732,82,,
19.621744,82,,
19.622695,82,,
19.623688,82,,
19.624670,82,1410,0
19.627263,82,,
19.628215,82,,
19.629196,82,,
19.630169,82,,
19.631156,82,,
19.640630,82,,
19.641619,82,,
19.642598,82,1410,0
19.645567,82,,
19.651834,82,,
19.652857,82,,
19.653845,82,,
19.654778,82,,
19.655754,82,,
19.656357,82,,
19.657323,82,1410,0
19.660271,82,,
19.661256,82,,
19.662117,82,,
19.671624,82,,
19.672519,82,,
19.673463,82,,
19.674442,82,,
19.675055,82,1410,0
19.676955,82,,
19.683006,82,,
19.683957,82,,
19.684582,82,,
19.685166,82,,
19.685835,82,,
19.686461,82,,
19.687412,82,1410,0
19.689320,82,,
19.689959,82,,
19.690603,82,,
19.691164,82,,
19.691837,82,,
19.693230,82,,
19.702689,82,,
19.703689,82,1410,0
19.706666,82,,
19.707637,82,,
19.713690,82,,
19.714725,82,,
19.715679,82,,
19.716648,82,,
19.717264,82,,
19.717932,82,1410,0
19.720846,82,,
19.721840,82,,
19.722754,82,,
19.723701,82,,
19.733580,82,,
19.734444,82,,
19.735028,82,,
19.735639,82,1410,0
19.737795,82,,
19.738523,82,,
19.744543,82,,
19.745170,82,,
19.745826,82,,
19.746427,82,,
19.747051,82,,
19.747689,82,1410,0
19.749963,82,,
19.750519,82,,
19.751138,82,,
19.751785,82,,
19.752447,82,,
19.753513,82,,
19.754432,82,,
19.755408,82,1410,0
19.766376,82,,
19.767329,82,,
19.768313,82,,
19.769289,82,,
19.770276,82,,
19.776127,82,,
19.777035,82,,
19.778065,82,1410,0
19.780931,82,,
19.781888,82,,
19.782869,82,,
19.783842,82,,
19.784820,82,,
19.785805,82,,
19.795398,82,,
19.796321,82,1410,0
19.798492,82,,
19.799114,82,,
19.799717,82,,
19.800340,82,,
19.801021,82,,
19.806774,82,,
19.807364,82,,
19.807985,82,1410,0
19.810118,82,,
19.810730,82,,
19.811391,82,,
19.811954,82,,
19.812601,82,,
19.813173,82,,
19.813899,82,,
19.814762,82,1410,0
19.816969,82,,
19.826484,82,,
19.827348,82,,
19.827987,82,,
19.828620,82,,
19.829518,82,,
19.830179,82,,
19.830795,82,1410,0
19.837950,82,,
19.838908,82,,
19.839467,82,,
19.840051,82,,
19.840713,82,,
19.841303,82,,
19.841942,82,,
19.842606,82,1410,0
19.844476,82,,
19.845075,82,,
19.845726,82,,
19.846477,82,,
19.847401,82,,
19.848309,82,,
19.857966,82,,
19.858850,82,1410,0
19.860748,82,,
19.861363,82,,
19.861969,82,,
19.862943,82,,
19.868881,82,,
19.869832,82,,
19.870459,82,,
19.871046,82,1410,0
19.872938,82,,
19.873588,82,,
19.874185,82,,
19.874853,82,,
19.875486,82,,
19.876107,82,,
19.876777,82,,
19.877411,82,1410,0
19.888715,82,,
19.889288,82,,
19.889919,82,,
19.890555,82,,
19.891168,82,,
19.891808,82,,
19.892763,82,,
19.893820,82,1410,0
19.900855,82,,
19.901832,82,,
19.902805,82,,
19.903771,82,,
19.904749,82,,
19.905348,82,,
19.906146,82,,
19.907074,82,1410,0
19.909256,82,,
19.909912,82,,
19.919751,82,,
19.920370,82,,
19.921279,82,,
19.922243,82,,
19.922919,82,,
19.923524,82,1410,0
19.930672,82,,
19.931630,82,,
19.932577,82,,
19.933168,82,,
19.933801,82,,
19.935156,82,,
19.936310,82,,
19.937491,82,1410,0
19.940984,82,,
19.950773,82,,
19.951981,82,,
19.953145,82,,
19.954366,82,,
19.955560,82,,
19.961943,82,,
19.963062,82,1410,0
19.966256,82,,
19.967351,82,,
19.968378,82,,
19.969395,82,,
19.970391,82,,
19.971366,82,,
19.972320,82,,
19.981915,82,1410,0
19.985024,82,,
19.986038,82,,
19.987032,82,,
19.992683,82,,
19.993630,82,,
19.994621,82,,
19.995592,82,,
19.996725,82,1410,0
19.999707,82,,
20.000759,82,,
